prect-wetday-local_mean_-1d	prect-wetday-local_mean_-2to3d	prect-wetday-local_mean_-4to7d	prect-wetday-local_mean_-8to14d	prect-wetday-local_trend
0.022	0.031	0.261	0.373	-0.23450000000000001
0.111	0.228	0.329	0.333	-0.1595
0.075	0.251	0.203	0.11	-0.04000000000000001
0.031	0.046	0.266	0.135	-0.2275
0.167	0.162	0.196	0.222	-0.0315
0.119	0.125	0.042	0.195	0.07999999999999999
0.039	0.186	0.219	0.19	-0.1065
0.217	0.421	0.24	0.246	0.07900000000000001
0.097	0.207	0.298	0.267	-0.146
0.408	0.258	0.271	0.202	0.061999999999999944
0.158	0.342	0.236	0.177	0.014000000000000012
0.261	0.222	0.073	0.194	0.16849999999999998
0.186	0.429	0.349	0.113	-0.04149999999999998
0.203	0.251	0.426	0.346	-0.19899999999999998
0.078	0.231	0.444	0.321	-0.2895
0.514	0.315	0.224	0.246	0.19049999999999997
0.142	0.057	0.098	0.174	0.0014999999999999875
0.236	0.401	0.453	0.247	-0.1345
0.161	0.21	0.25	0.398	-0.0645
0.306	0.349	0.361	0.31	-0.033499999999999974
0.144	0.315	0.354	0.288	-0.1245
0.267	0.147	0.235	0.302	-0.02799999999999997
0.431	0.299	0.222	0.146	0.143
0.3	0.422	0.41	0.161	-0.04899999999999999
0.194	0.143	0.345	0.173	-0.1765
0.239	0.208	0.095	0.277	0.12849999999999998
0.047	0.338	0.383	0.159	-0.1905
0.003	0.076	0.357	0.334	-0.3175
0.103	0.05	0.163	0.306	-0.08650000000000001
0.272	0.342	0.332	0.111	-0.024999999999999967
0.064	0.058	0.156	0.23	-0.095
0.339	0.372	0.397	0.396	-0.04149999999999998
0.069	0.132	0.267	0.313	-0.1665
0.267	0.097	0.31	0.217	-0.128
0.014	0.293	0.399	0.227	-0.24550000000000002
0.042	0.092	0.222	0.324	-0.155
0.097	0.206	0.42	0.351	-0.26849999999999996
0.089	0.067	0.278	0.175	-0.2
0.075	0.15	0.084	0.19	0.028499999999999984
0.103	0.224	0.253	0.167	-0.0895
0.3	0.262	0.18	0.328	0.10100000000000003
0.353	0.358	0.488	0.309	-0.1325
0.389	0.339	0.29	0.153	0.07400000000000001
0.347	0.346	0.281	0.324	0.06549999999999995
0.147	0.283	0.44	0.233	-0.22500000000000003
0.0	0.161	0.229	0.219	-0.14850000000000002
0.067	0.229	0.17	0.274	-0.021999999999999992
0.094	0.228	0.425	0.284	-0.264
0.253	0.367	0.317	0.27	-0.007000000000000006
0.089	0.136	0.216	0.336	-0.1035
0.306	0.193	0.271	0.185	-0.02150000000000002
0.258	0.336	0.359	0.316	-0.061999999999999944
0.214	0.147	0.208	0.16	-0.027499999999999997
0.017	0.033	0.221	0.221	-0.196
0.181	0.196	0.261	0.312	-0.07250000000000001
0.192	0.3	0.331	0.372	-0.08500000000000002
0.194	0.261	0.126	0.087	0.1015
0.247	0.143	0.199	0.238	-0.0040000000000000036
0.069	0.078	0.422	0.222	-0.3485
0.183	0.146	0.285	0.318	-0.1205
0.011	0.189	0.223	0.193	-0.123
0.347	0.264	0.293	0.238	0.012500000000000011
0.125	0.179	0.158	0.245	-0.006000000000000005
0.192	0.24	0.291	0.12	-0.07499999999999998
0.083	0.174	0.258	0.228	-0.1295
0.181	0.032	0.39	0.399	-0.28350000000000003
0.072	0.172	0.256	0.151	-0.134
0.342	0.278	0.421	0.256	-0.11099999999999993
0.297	0.36	0.238	0.244	0.09050000000000002
0.169	0.262	0.224	0.214	-0.00849999999999998
0.014	0.14	0.26	0.289	-0.183
0.0	0.097	0.052	0.327	-0.003499999999999996
0.008	0.151	0.392	0.271	-0.3125
0.061	0.144	0.165	0.152	-0.06250000000000001
0.128	0.233	0.208	0.294	-0.027499999999999997
0.161	0.229	0.157	0.169	0.038000000000000006
0.053	0.05	0.103	0.191	-0.05149999999999999
0.0	0.053	0.151	0.215	-0.1245
0.15	0.211	0.154	0.245	0.026499999999999996
0.014	0.122	0.135	0.195	-0.067
0.167	0.124	0.3	0.329	-0.15449999999999997
0.222	0.282	0.214	0.175	0.038000000000000006
0.067	0.2	0.099	0.235	0.0345
0.203	0.197	0.221	0.249	-0.02099999999999999
0.281	0.393	0.178	0.298	0.15900000000000003
0.039	0.051	0.188	0.198	-0.14300000000000002
0.228	0.119	0.266	0.304	-0.09250000000000003
0.261	0.449	0.378	0.218	-0.02300000000000002
0.156	0.318	0.293	0.302	-0.055999999999999994
0.111	0.292	0.345	0.352	-0.1435
0.15	0.046	0.132	0.376	-0.034
0.253	0.108	0.269	0.315	-0.08850000000000002
0.342	0.118	0.244	0.227	-0.013999999999999985
0.375	0.189	0.184	0.137	0.09800000000000003
0.142	0.251	0.152	0.202	0.04450000000000001
0.189	0.153	0.149	0.158	0.021999999999999992
0.092	0.129	0.165	0.305	-0.05450000000000001
0.122	0.072	0.284	0.337	-0.18699999999999997
0.361	0.271	0.313	0.11	0.0030000000000000027
0.4	0.317	0.425	0.215	-0.06649999999999995
0.247	0.315	0.355	0.316	-0.07399999999999995
0.019	0.013	0.249	0.253	-0.23299999999999998
0.106	0.281	0.385	0.254	-0.1915
0.061	0.193	0.411	0.321	-0.284
0.058	0.332	0.185	0.372	0.010000000000000009
0.047	0.081	0.198	0.098	-0.134
0.247	0.292	0.217	0.147	0.05249999999999996
0.186	0.183	0.233	0.375	-0.048500000000000015
0.144	0.09	0.092	0.162	0.024999999999999994
0.006	0.043	0.032	0.068	-0.007500000000000003
0.103	0.169	0.024	0.27	0.11200000000000002
0.136	0.31	0.343	0.358	-0.12000000000000002
0.014	0.196	0.357	0.251	-0.252
0.05	0.264	0.174	0.373	-0.016999999999999987
0.086	0.006	0.092	0.178	-0.046
0.294	0.311	0.317	0.322	-0.014500000000000013
0.161	0.199	0.324	0.461	-0.14400000000000002
0.136	0.221	0.324	0.385	-0.14550000000000002
0.275	0.1	0.362	0.187	-0.1745
0.142	0.296	0.381	0.33	-0.16200000000000003
0.414	0.231	0.33	0.394	-0.007500000000000007
0.208	0.306	0.322	0.224	-0.065
0.189	0.289	0.345	0.297	-0.10599999999999998
0.139	0.167	0.397	0.317	-0.244
0.017	0.143	0.072	0.311	0.007999999999999993
0.0	0.154	0.062	0.197	0.015
0.242	0.118	0.25	0.062	-0.07
0.05	0.089	0.367	0.246	-0.2975
0.278	0.306	0.099	0.21	0.19300000000000003
0.189	0.242	0.269	0.265	-0.05350000000000002
0.289	0.285	0.294	0.231	-0.007000000000000006
0.094	0.282	0.256	0.24	-0.068
0.0	0.119	0.204	0.045	-0.1445
0.192	0.231	0.164	0.173	0.047500000000000014
0.058	0.107	0.331	0.357	-0.2485
0.264	0.317	0.245	0.19	0.045499999999999985
0.136	0.031	0.236	0.317	-0.15249999999999997
0.058	0.083	0.115	0.263	-0.0445
0.106	0.189	0.182	0.073	-0.0345
0.189	0.413	0.335	0.235	-0.03400000000000003
0.419	0.121	0.327	0.165	-0.056999999999999995
0.089	0.265	0.419	0.297	-0.242
0.225	0.317	0.469	0.165	-0.19799999999999995
0.194	0.393	0.322	0.319	-0.028500000000000025
0.142	0.096	0.141	0.269	-0.021999999999999992
0.197	0.135	0.19	0.204	-0.023999999999999994
0.011	0.11	0.259	0.397	-0.1985
0.092	0.121	0.278	0.352	-0.17150000000000004
0.131	0.203	0.187	0.186	-0.01999999999999999
0.283	0.335	0.459	0.308	-0.15000000000000002
0.003	0.046	0.082	0.248	-0.0575
0.314	0.358	0.166	0.303	0.16999999999999996
0.114	0.013	0.167	0.285	-0.10350000000000001
0.117	0.25	0.172	0.113	0.01150000000000001
0.136	0.039	0.122	0.318	-0.03449999999999999
0.217	0.181	0.223	0.217	-0.023999999999999994
0.308	0.24	0.292	0.233	-0.01799999999999996
0.089	0.182	0.137	0.41	-0.0015000000000000013
0.228	0.325	0.372	0.217	-0.09549999999999997
0.2	0.264	0.372	0.198	-0.13999999999999999
0.181	0.268	0.283	0.268	-0.05849999999999997
0.228	0.271	0.348	0.313	-0.09849999999999998
0.103	0.122	0.165	0.269	-0.05250000000000002
0.336	0.382	0.4	0.415	-0.041000000000000036
0.186	0.121	0.019	0.052	0.1345
0.172	0.136	0.264	0.283	-0.11000000000000001
0.225	0.265	0.364	0.283	-0.119
0.256	0.314	0.346	0.24	-0.06099999999999994
0.092	0.065	0.265	0.334	-0.1865
0.256	0.296	0.025	0.083	0.251
0.053	0.188	0.125	0.326	-0.004500000000000004
0.328	0.386	0.109	0.151	0.248
0.025	0.2	0.219	0.044	-0.1065
0.1	0.128	0.15	0.221	-0.03599999999999999
0.358	0.251	0.14	0.176	0.16449999999999998
0.175	0.238	0.26	0.145	-0.05350000000000002
0.164	0.218	0.226	0.344	-0.035
0.092	0.051	0.047	0.411	0.024499999999999994
0.119	0.397	0.292	0.192	-0.033999999999999975
0.05	0.053	0.294	0.163	-0.2425
0.097	0.099	0.341	0.121	-0.24300000000000002
0.103	0.211	0.231	0.138	-0.07400000000000001
0.044	0.206	0.115	0.217	0.009999999999999995
0.164	0.146	0.097	0.114	0.057999999999999996
0.106	0.151	0.213	0.243	-0.08449999999999999
0.186	0.194	0.312	0.296	-0.122
0.247	0.237	0.415	0.278	-0.173
0.267	0.211	0.276	0.167	-0.03700000000000003
0.022	0.157	0.226	0.18	-0.1365
0.178	0.281	0.409	0.312	-0.17949999999999997
0.131	0.217	0.244	0.146	-0.07
0.022	0.082	0.312	0.329	-0.26
0.114	0.178	0.21	0.36	-0.064
0.272	0.306	0.228	0.068	0.061000000000000026
0.075	0.158	0.258	0.159	-0.14150000000000001
0.472	0.203	0.337	0.273	0.0005000000000000004
0.214	0.396	0.406	0.234	-0.10100000000000003
0.281	0.2	0.376	0.341	-0.13549999999999998
0.106	0.336	0.262	0.379	-0.04100000000000001
0.306	0.262	0.346	0.315	-0.061999999999999944
0.05	0.092	0.272	0.202	-0.201
0.169	0.346	0.175	0.081	0.08250000000000002
0.086	0.182	0.387	0.315	-0.253
0.303	0.361	0.344	0.276	-0.01200000000000001
0.208	0.253	0.222	0.224	0.00849999999999998
0.228	0.328	0.325	0.295	-0.046999999999999986
0.244	0.182	0.097	0.228	0.11599999999999999
0.125	0.24	0.252	0.38	-0.0695
0.067	0.14	0.147	0.252	-0.04349999999999998
0.361	0.257	0.172	0.147	0.137
0.103	0.311	0.282	0.24	-0.07499999999999998
0.297	0.322	0.315	0.405	-0.005500000000000005
0.094	0.072	0.365	0.359	-0.28200000000000003
0.075	0.178	0.309	0.312	-0.1825
0.067	0.164	0.251	0.221	-0.1355
0.097	0.311	0.212	0.09	-0.00799999999999998
0.375	0.261	0.323	0.205	-0.0050000000000000044
0.197	0.258	0.408	0.238	-0.18049999999999997
0.2	0.39	0.347	0.245	-0.051999999999999935
0.206	0.264	0.261	0.183	-0.026000000000000023
0.125	0.24	0.281	0.404	-0.09850000000000003
0.208	0.351	0.305	0.219	-0.025500000000000023
0.225	0.283	0.376	0.375	-0.122
0.194	0.206	0.095	0.209	0.10500000000000001
0.117	0.157	0.261	0.415	-0.124
0.358	0.378	0.286	0.136	0.08200000000000002
0.192	0.204	0.444	0.462	-0.246
0.122	0.26	0.213	0.352	-0.021999999999999992
0.053	0.014	0.161	0.046	-0.1275
0.164	0.29	0.259	0.227	-0.03200000000000003
0.297	0.311	0.29	0.233	0.014000000000000012
0.144	0.114	0.285	0.224	-0.15599999999999997
0.0	0.032	0.015	0.319	0.0010000000000000009
0.136	0.276	0.048	0.029	0.15800000000000003
0.2	0.293	0.449	0.38	-0.2025
0.019	0.054	0.097	0.297	-0.060500000000000005
0.292	0.224	0.356	0.288	-0.09799999999999998
0.061	0.186	0.301	0.319	-0.1775
0.067	0.144	0.398	0.256	-0.29250000000000004
0.236	0.494	0.343	0.396	0.021999999999999964
0.108	0.164	0.119	0.155	0.017000000000000015
0.194	0.132	0.147	0.172	0.016000000000000014
0.267	0.249	0.317	0.295	-0.059
0.122	0.262	0.242	0.385	-0.04999999999999999
0.206	0.103	0.16	0.333	-0.005500000000000005
0.05	0.124	0.151	0.12	-0.064
0.225	0.231	0.4	0.186	-0.17200000000000001
0.156	0.301	0.469	0.373	-0.2405
0.431	0.389	0.406	0.375	0.0040000000000000036
0.094	0.257	0.256	0.259	-0.08050000000000002
0.147	0.278	0.292	0.317	-0.07949999999999996
0.0	0.14	0.13	0.225	-0.06
0.172	0.264	0.296	0.077	-0.07799999999999999
0.194	0.231	0.135	0.373	0.07750000000000001
0.217	0.267	0.182	0.137	0.06
0.219	0.211	0.085	0.281	0.13
0.033	0.05	0.366	0.327	-0.3245
0.089	0.115	0.149	0.13	-0.046999999999999986
0.161	0.206	0.166	0.333	0.017499999999999988
0.117	0.311	0.283	0.29	-0.06899999999999998
0.233	0.207	0.331	0.404	-0.11100000000000002
0.006	0.126	0.256	0.342	-0.19
0.125	0.254	0.385	0.295	-0.1955
0.131	0.197	0.294	0.302	-0.12999999999999998
0.353	0.386	0.303	0.37	0.0665
0.211	0.378	0.313	0.333	-0.018500000000000016
0.111	0.096	0.084	0.264	0.019500000000000003
0.189	0.199	0.197	0.283	-0.0030000000000000027
0.375	0.349	0.389	0.151	-0.027000000000000024
0.189	0.182	0.243	0.298	-0.057499999999999996
0.075	0.294	0.302	0.347	-0.1175
0.397	0.276	0.21	0.237	0.12650000000000003
0.125	0.139	0.251	0.214	-0.119
0.161	0.05	0.214	0.386	-0.10849999999999999
0.042	0.072	0.203	0.262	-0.14600000000000002
0.025	0.304	0.476	0.276	-0.3115
0.336	0.307	0.335	0.153	-0.013500000000000012
0.328	0.246	0.324	0.117	-0.03699999999999998
0.197	0.232	0.221	0.276	-0.006499999999999978
0.053	0.178	0.28	0.21	-0.16450000000000004
0.017	0.0	0.078	0.321	-0.0695
0.111	0.183	0.203	0.396	-0.05600000000000002
0.067	0.153	0.261	0.357	-0.15100000000000002
0.286	0.142	0.26	0.229	-0.04600000000000004
0.258	0.225	0.305	0.237	-0.0635
0.092	0.256	0.419	0.375	-0.245
0.228	0.156	0.287	0.271	-0.09499999999999997
0.064	0.136	0.324	0.278	-0.224
0.019	0.14	0.061	0.244	0.018500000000000003
0.172	0.293	0.076	0.078	0.15649999999999997
0.017	0.115	0.336	0.354	-0.27
0.114	0.124	0.071	0.33	0.048
0.139	0.161	0.187	0.312	-0.03699999999999998
0.028	0.208	0.367	0.229	-0.249
0.094	0.219	0.328	0.219	-0.1715
0.128	0.16	0.106	0.243	0.03800000000000002
0.231	0.178	0.387	0.327	-0.1825
0.222	0.258	0.265	0.227	-0.025000000000000022
0.208	0.175	0.249	0.292	-0.057499999999999996
0.031	0.085	0.172	0.321	-0.11399999999999999
0.128	0.213	0.244	0.16	-0.07350000000000001
0.081	0.311	0.274	0.238	-0.07800000000000001
0.064	0.168	0.11	0.227	0.006000000000000005
0.2	0.103	0.19	0.372	-0.038500000000000006
0.217	0.254	0.302	0.388	-0.0665
0.264	0.19	0.267	0.248	-0.04000000000000001
0.0	0.054	0.199	0.252	-0.17200000000000001
0.092	0.047	0.294	0.333	-0.22449999999999998
0.092	0.221	0.352	0.321	-0.19549999999999998
0.094	0.036	0.208	0.176	-0.143
0.042	0.044	0.103	0.046	-0.06
0.122	0.199	0.114	0.04	0.0465
0.275	0.312	0.372	0.215	-0.07850000000000001
0.103	0.175	0.372	0.387	-0.233
0.228	0.367	0.314	0.298	-0.016500000000000015
0.108	0.083	0.217	0.262	-0.1215
0.169	0.214	0.325	0.346	-0.1335
0.264	0.215	0.195	0.19	0.044499999999999984
0.017	0.018	0.067	0.263	-0.0495
0.219	0.24	0.125	0.389	0.10449999999999998
0.117	0.235	0.213	0.166	-0.037000000000000005
0.092	0.174	0.288	0.26	-0.15499999999999997
0.239	0.226	0.277	0.198	-0.04450000000000004
0.081	0.085	0.342	0.379	-0.259
0.125	0.328	0.103	0.117	0.12350000000000001
0.114	0.138	0.291	0.368	-0.16499999999999998
0.269	0.299	0.262	0.214	0.02200000000000002
0.064	0.276	0.295	0.279	-0.12499999999999997
0.119	0.275	0.283	0.283	-0.08599999999999997
0.153	0.135	0.144	0.215	2.7755575615628914e-17
0.044	0.178	0.29	0.202	-0.179
0.169	0.256	0.405	0.308	-0.1925
0.097	0.15	0.352	0.309	-0.22849999999999998
0.094	0.164	0.121	0.345	0.008000000000000007
0.161	0.174	0.197	0.255	-0.029500000000000026
0.178	0.192	0.276	0.311	-0.09100000000000003
0.225	0.385	0.122	0.266	0.183
0.064	0.201	0.266	0.284	-0.1335
0.056	0.228	0.313	0.352	-0.17099999999999999
0.111	0.111	0.211	0.225	-0.09999999999999999
0.228	0.436	0.356	0.2	-0.023999999999999966
0.231	0.181	0.219	0.228	-0.012999999999999984
0.078	0.181	0.183	0.358	-0.05349999999999999
0.072	0.16	0.131	0.115	-0.015000000000000013
0.044	0.167	0.277	0.11	-0.1715
0.35	0.332	0.316	0.21	0.024999999999999967
0.094	0.306	0.323	0.31	-0.123
0.192	0.206	0.145	0.223	0.05400000000000002
0.117	0.129	0.184	0.316	-0.061
0.136	0.096	0.201	0.165	-0.085
0.081	0.196	0.244	0.219	-0.10549999999999998
0.225	0.181	0.363	0.162	-0.15999999999999998
0.008	0.239	0.255	0.262	-0.1315
0.222	0.24	0.298	0.367	-0.067
0.203	0.181	0.147	0.33	0.04500000000000001
0.178	0.071	0.153	0.166	-0.028499999999999998
0.097	0.224	0.349	0.194	-0.18849999999999997
0.0	0.011	0.132	0.151	-0.1265
0.208	0.296	0.281	0.438	-0.029000000000000026
0.111	0.087	0.272	0.333	-0.17300000000000001
0.253	0.169	0.276	0.236	-0.065
0.3	0.186	0.199	0.301	0.043999999999999984
0.386	0.314	0.38	0.257	-0.030000000000000027
0.231	0.199	0.294	0.259	-0.07899999999999996
0.294	0.189	0.162	0.306	0.07949999999999999
0.106	0.126	0.223	0.328	-0.10700000000000001
0.331	0.456	0.356	0.36	0.03750000000000003
0.094	0.29	0.172	0.181	0.020000000000000018
0.292	0.412	0.259	0.108	0.09299999999999997
0.028	0.193	0.208	0.285	-0.09749999999999999
0.428	0.335	0.192	0.178	0.1895
0.372	0.357	0.472	0.377	-0.10749999999999998
0.139	0.235	0.171	0.222	0.015999999999999986
0.161	0.225	0.356	0.365	-0.16299999999999998
0.053	0.103	0.183	0.315	-0.105
0.194	0.347	0.141	0.171	0.12949999999999998
0.214	0.272	0.227	0.19	0.015999999999999986
0.1	0.072	0.331	0.224	-0.24500000000000002
0.319	0.318	0.303	0.396	0.015500000000000014
0.353	0.386	0.298	0.371	0.07150000000000001
0.236	0.069	0.364	0.205	-0.2115
0.275	0.282	0.444	0.313	-0.16550000000000004
0.094	0.189	0.345	0.256	-0.20349999999999996
0.219	0.386	0.329	0.388	-0.026500000000000024
0.114	0.183	0.1	0.327	0.04849999999999999
0.144	0.144	0.306	0.385	-0.162
0.219	0.185	0.078	0.196	0.12400000000000001
0.156	0.058	0.119	0.056	-0.011999999999999997
0.031	0.179	0.327	0.216	-0.22200000000000003
0.281	0.36	0.181	0.273	0.1395
0.147	0.315	0.167	0.327	0.06399999999999997
0.106	0.035	0.073	0.171	-0.0024999999999999883
0.108	0.181	0.302	0.254	-0.1575
0.036	0.118	0.335	0.26	-0.258
0.308	0.299	0.324	0.347	-0.020500000000000018
0.281	0.286	0.299	0.337	-0.015500000000000014
0.131	0.076	0.202	0.163	-0.0985
0.008	0.006	0.038	0.11	-0.031
0.128	0.075	0.132	0.115	-0.0305
0.117	0.249	0.334	0.351	-0.15100000000000002
0.214	0.175	0.065	0.325	0.1295
0.233	0.165	0.38	0.144	-0.181
0.178	0.186	0.278	0.265	-0.09600000000000003
0.219	0.143	0.144	0.247	0.037000000000000005
0.256	0.304	0.235	0.113	0.04500000000000004
0.022	0.05	0.175	0.306	-0.13899999999999998
0.236	0.397	0.422	0.3	-0.10549999999999998
0.169	0.286	0.119	0.109	0.10849999999999999
0.203	0.089	0.08	0.142	0.06600000000000002
0.181	0.231	0.213	0.313	-0.0069999999999999785
0.403	0.339	0.31	0.259	0.061
0.05	0.076	0.165	0.183	-0.10200000000000001
0.244	0.236	0.334	0.359	-0.09400000000000003
0.458	0.289	0.369	0.419	0.004500000000000004
0.136	0.331	0.363	0.183	-0.12949999999999998
0.111	0.111	0.058	0.102	0.053
0.111	0.311	0.294	0.081	-0.08299999999999999
0.133	0.06	0.183	0.232	-0.0865
0.153	0.229	0.413	0.395	-0.22199999999999998
0.322	0.36	0.286	0.29	0.05499999999999999
0.169	0.169	0.174	0.254	-0.004999999999999977
0.281	0.167	0.408	0.341	-0.18399999999999994
0.058	0.074	0.231	0.277	-0.165
0.2	0.351	0.292	0.225	-0.016500000000000015
0.183	0.064	0.124	0.139	-0.0005000000000000004
0.222	0.335	0.367	0.406	-0.08849999999999997
0.039	0.142	0.415	0.344	-0.3245
0.028	0.172	0.248	0.352	-0.14800000000000002
0.056	0.192	0.204	0.344	-0.07999999999999999
0.219	0.14	0.269	0.143	-0.08950000000000002
0.094	0.125	0.108	0.295	0.0015000000000000013
0.144	0.199	0.373	0.312	-0.2015
0.267	0.218	0.286	0.323	-0.04349999999999998
0.142	0.379	0.247	0.342	0.013500000000000012
0.2	0.176	0.146	0.091	0.04200000000000001
0.156	0.144	0.215	0.18	-0.065
0.017	0.043	0.108	0.168	-0.078
0.086	0.114	0.135	0.037	-0.035
0.133	0.286	0.32	0.253	-0.11050000000000001
0.253	0.185	0.121	0.172	0.098
0.003	0.081	0.252	0.154	-0.21
0.044	0.086	0.273	0.373	-0.20800000000000002
0.144	0.293	0.344	0.298	-0.1255
0.222	0.26	0.287	0.279	-0.045999999999999985
0.325	0.324	0.369	0.345	-0.044499999999999984
0.086	0.188	0.211	0.242	-0.07399999999999998
0.014	0.101	0.176	0.327	-0.1185
0.053	0.222	0.291	0.308	-0.15349999999999997
0.097	0.25	0.317	0.114	-0.14350000000000002
0.147	0.314	0.382	0.229	-0.15150000000000002
0.194	0.312	0.268	0.287	-0.015000000000000013
0.325	0.189	0.242	0.152	0.015000000000000013
0.158	0.315	0.301	0.31	-0.0645
0.164	0.319	0.233	0.188	0.00849999999999998
0.15	0.139	0.15	0.12	-0.005499999999999977
0.233	0.258	0.319	0.329	-0.07350000000000001
0.0	0.026	0.091	0.331	-0.078
0.067	0.271	0.085	0.06	0.084
0.028	0.044	0.283	0.224	-0.24699999999999997
0.303	0.351	0.081	0.141	0.24599999999999994
0.078	0.286	0.426	0.41	-0.244
0.103	0.182	0.328	0.265	-0.18550000000000003
0.128	0.147	0.434	0.21	-0.2965
0.178	0.246	0.225	0.355	-0.013000000000000012
0.325	0.208	0.159	0.258	0.10750000000000001
0.0	0.169	0.14	0.218	-0.05550000000000001
0.139	0.218	0.201	0.331	-0.02250000000000002
0.106	0.179	0.288	0.118	-0.1455
0.108	0.124	0.338	0.319	-0.22200000000000003
0.117	0.16	0.231	0.114	-0.0925
0.289	0.264	0.338	0.332	-0.061500000000000055
0.2	0.218	0.334	0.223	-0.125
0.275	0.257	0.284	0.36	-0.01799999999999996
0.089	0.221	0.282	0.258	-0.12699999999999997
0.011	0.196	0.292	0.119	-0.18849999999999997
0.194	0.201	0.384	0.324	-0.1865
0.056	0.074	0.183	0.32	-0.118
0.444	0.249	0.356	0.384	-0.009499999999999953
0.167	0.162	0.219	0.262	-0.05449999999999999
0.014	0.138	0.288	0.312	-0.21199999999999997
0.075	0.135	0.178	0.321	-0.07299999999999998
0.122	0.25	0.394	0.332	-0.20800000000000002
0.089	0.14	0.102	0.154	0.012500000000000011
0.042	0.119	0.444	0.21	-0.3635
0.094	0.156	0.24	0.244	-0.11499999999999999
0.008	0.015	0.028	0.096	-0.0165
0.008	0.165	0.393	0.422	-0.3065
0.467	0.403	0.268	0.2	0.16700000000000004
0.203	0.272	0.379	0.309	-0.1415
0.219	0.246	0.312	0.242	-0.07950000000000002
0.353	0.265	0.158	0.179	0.151
0.144	0.197	0.309	0.26	-0.1385
0.131	0.078	0.297	0.229	-0.19249999999999998
0.122	0.282	0.419	0.128	-0.217
0.208	0.204	0.217	0.17	-0.01100000000000001
0.144	0.013	0.061	0.197	0.0175
0.147	0.321	0.206	0.191	0.027999999999999997
0.097	0.089	0.079	0.159	0.013999999999999999
0.061	0.279	0.247	0.336	-0.07699999999999999
0.15	0.118	0.124	0.17	0.010000000000000009
0.194	0.211	0.173	0.347	0.029500000000000026
0.144	0.113	0.086	0.087	0.04250000000000001
0.303	0.283	0.217	0.081	0.07599999999999998
0.139	0.24	0.269	0.286	-0.07950000000000002
0.325	0.213	0.328	0.231	-0.059
0.117	0.225	0.294	0.29	-0.12299999999999997
0.164	0.271	0.267	0.251	-0.04949999999999999
0.072	0.206	0.249	0.299	-0.11000000000000001
0.219	0.254	0.274	0.235	-0.03750000000000003
0.019	0.064	0.172	0.229	-0.13049999999999998
0.042	0.089	0.262	0.169	-0.1965
0.136	0.174	0.124	0.157	0.031
0.253	0.281	0.338	0.066	-0.07100000000000001
0.072	0.232	0.303	0.188	-0.151
0.028	0.119	0.297	0.204	-0.22349999999999998
0.172	0.258	0.347	0.461	-0.13199999999999998
0.244	0.199	0.253	0.407	-0.0315
0.167	0.281	0.328	0.195	-0.10399999999999998
0.056	0.096	0.238	0.159	-0.16199999999999998
0.253	0.135	0.275	0.267	-0.08100000000000002
0.094	0.199	0.181	0.332	-0.034499999999999975
0.056	0.385	0.265	0.344	-0.04450000000000001
0.211	0.221	0.357	0.289	-0.141
0.372	0.296	0.404	0.169	-0.07000000000000006
0.133	0.017	0.035	0.081	0.04000000000000001
0.183	0.108	0.076	0.204	0.06949999999999999
0.111	0.25	0.093	0.094	0.0875
0.306	0.397	0.381	0.294	-0.02949999999999997
0.133	0.319	0.217	0.256	0.009000000000000008
0.178	0.247	0.124	0.199	0.0885
0.089	0.174	0.256	0.29	-0.1245
0.078	0.214	0.232	0.359	-0.08600000000000002
0.206	0.346	0.258	0.248	0.01799999999999996
0.064	0.128	0.347	0.348	-0.251
0.053	0.033	0.217	0.239	-0.174
0.033	0.075	0.317	0.23	-0.263
0.189	0.164	0.141	0.159	0.035500000000000004
0.236	0.26	0.419	0.418	-0.17099999999999999
0.075	0.228	0.166	0.202	-0.014500000000000013
0.244	0.235	0.363	0.325	-0.1235
0.158	0.19	0.144	0.385	0.03
0.392	0.407	0.388	0.362	0.011499999999999955
0.094	0.043	0.317	0.282	-0.2485
0.092	0.054	0.176	0.174	-0.103
0.036	0.233	0.273	0.304	-0.1385
0.083	0.115	0.173	0.073	-0.07399999999999998
0.061	0.188	0.418	0.428	-0.2935
0.186	0.167	0.208	0.208	-0.0315
0.317	0.368	0.285	0.246	0.05750000000000005
0.236	0.265	0.305	0.338	-0.05449999999999999
0.158	0.136	0.156	0.275	-0.00899999999999998
0.161	0.108	0.045	0.16	0.08950000000000001
0.092	0.213	0.376	0.222	-0.2235
0.089	0.213	0.306	0.255	-0.155
0.208	0.276	0.294	0.371	-0.05199999999999999
0.317	0.276	0.191	0.16	0.10549999999999998
0.025	0.058	0.326	0.371	-0.28450000000000003
0.031	0.178	0.283	0.281	-0.1785
0.211	0.386	0.333	0.321	-0.03450000000000003
0.422	0.251	0.345	0.252	-0.008499999999999952
0.131	0.197	0.388	0.264	-0.224
0.133	0.125	0.245	0.254	-0.11599999999999999
0.153	0.1	0.056	0.039	0.07050000000000001
0.036	0.278	0.324	0.297	-0.167
0.169	0.279	0.248	0.352	-0.023999999999999966
0.433	0.528	0.491	0.348	-0.010499999999999954
0.192	0.339	0.306	0.381	-0.04049999999999998
0.103	0.046	0.117	0.194	-0.04250000000000001
0.056	0.157	0.099	0.069	0.007499999999999993
0.136	0.207	0.319	0.137	-0.14750000000000002
0.194	0.344	0.137	0.222	0.132
0.339	0.168	0.115	0.196	0.1385
0.372	0.271	0.16	0.204	0.1615
0.269	0.224	0.231	0.294	0.015499999999999986
0.211	0.104	0.278	0.248	-0.12050000000000002
0.075	0.201	0.119	0.377	0.019000000000000017
0.136	0.108	0.139	0.079	-0.017000000000000015
0.069	0.164	0.182	0.207	-0.06549999999999999
0.261	0.237	0.191	0.132	0.057999999999999996
0.15	0.303	0.258	0.222	-0.03150000000000003
0.017	0.154	0.131	0.169	-0.04550000000000001
0.308	0.337	0.158	0.11	0.1645
0.197	0.286	0.354	0.287	-0.11249999999999999
0.128	0.261	0.308	0.319	-0.11349999999999999
0.383	0.242	0.258	0.179	0.05449999999999999
0.128	0.235	0.288	0.389	-0.10649999999999998
0.156	0.171	0.058	0.17	0.10550000000000001
0.125	0.065	0.217	0.365	-0.122
0.161	0.34	0.299	0.236	-0.04849999999999999
0.067	0.153	0.18	0.274	-0.06999999999999999
0.086	0.236	0.301	0.208	-0.14
0.339	0.321	0.37	0.359	-0.03999999999999998
0.292	0.315	0.186	0.312	0.1175
0.292	0.299	0.215	0.342	0.08049999999999999
0.15	0.199	0.135	0.11	0.03949999999999998
0.283	0.343	0.314	0.225	-0.0010000000000000009
0.142	0.239	0.246	0.196	-0.055499999999999994
0.147	0.222	0.226	0.183	-0.04150000000000001
0.089	0.215	0.242	0.19	-0.09
0.114	0.14	0.201	0.257	-0.07400000000000001
0.35	0.239	0.229	0.127	0.06549999999999997
0.094	0.14	0.324	0.275	-0.20700000000000002
0.25	0.272	0.293	0.319	-0.03199999999999997
0.306	0.279	0.414	0.344	-0.1215
0.131	0.21	0.376	0.239	-0.20550000000000002
0.053	0.051	0.213	0.211	-0.161
0.111	0.406	0.253	0.255	0.005500000000000005
0.128	0.1	0.259	0.193	-0.14500000000000002
0.103	0.222	0.174	0.137	-0.011499999999999982
0.186	0.201	0.384	0.427	-0.1905
0.294	0.363	0.258	0.219	0.07050000000000001
0.222	0.19	0.153	0.266	0.05300000000000002
0.089	0.228	0.245	0.348	-0.0865
0.303	0.214	0.345	0.234	-0.08649999999999997
0.325	0.178	0.331	0.394	-0.07950000000000002
0.278	0.185	0.388	0.216	-0.1565
0.306	0.251	0.242	0.33	0.03649999999999998
0.253	0.267	0.23	0.067	0.03
0.094	0.449	0.331	0.343	-0.0595
0.144	0.178	0.253	0.304	-0.09200000000000003
0.183	0.197	0.29	0.397	-0.09999999999999998
0.256	0.219	0.106	0.286	0.1315
0.375	0.375	0.256	0.234	0.119
0.142	0.228	0.179	0.156	0.006000000000000005
0.069	0.132	0.164	0.325	-0.0635
0.022	0.118	0.162	0.225	-0.09200000000000001
0.092	0.228	0.121	0.109	0.03900000000000001
0.067	0.147	0.363	0.435	-0.256
0.214	0.125	0.247	0.331	-0.07750000000000001
0.172	0.343	0.333	0.382	-0.07550000000000001
0.058	0.311	0.223	0.221	-0.038500000000000006
0.206	0.242	0.283	0.166	-0.059
0.253	0.342	0.419	0.336	-0.1215
0.156	0.24	0.315	0.311	-0.11699999999999999
0.286	0.072	0.256	0.211	-0.07700000000000001
0.047	0.053	0.038	0.133	0.012000000000000004
0.014	0.0	0.207	0.398	-0.19999999999999998
0.111	0.196	0.249	0.181	-0.0955
0.031	0.15	0.381	0.133	-0.2905
0.211	0.156	0.251	0.31	-0.0675
0.117	0.25	0.112	0.072	0.0715
0.003	0.021	0.228	0.308	-0.216
0.122	0.41	0.351	0.365	-0.08499999999999996
0.147	0.204	0.347	0.352	-0.17149999999999999
0.183	0.328	0.083	0.123	0.1725
0.278	0.189	0.284	0.262	-0.05049999999999996
0.114	0.221	0.314	0.3	-0.1465
0.217	0.351	0.299	0.196	-0.015000000000000013
0.0	0.097	0.359	0.297	-0.3105
0.097	0.222	0.215	0.121	-0.055499999999999994
0.014	0.0	0.103	0.144	-0.09599999999999999
0.019	0.083	0.14	0.162	-0.08900000000000001
0.092	0.217	0.347	0.331	-0.19249999999999998
0.114	0.211	0.256	0.235	-0.0935
0.031	0.176	0.263	0.102	-0.15950000000000003
0.053	0.081	0.163	0.361	-0.096
0.069	0.071	0.242	0.206	-0.172
0.294	0.249	0.222	0.287	0.04949999999999996
0.0	0.124	0.163	0.369	-0.101
0.172	0.3	0.358	0.317	-0.122
0.35	0.229	0.38	0.387	-0.09050000000000002
0.178	0.262	0.328	0.337	-0.10800000000000001
0.183	0.328	0.208	0.187	0.047500000000000014
0.05	0.056	0.294	0.154	-0.241
0.133	0.21	0.456	0.251	-0.28450000000000003
0.128	0.103	0.297	0.161	-0.1815
0.167	0.364	0.31	0.279	-0.044499999999999984
0.175	0.108	0.294	0.272	-0.1525
0.061	0.089	0.043	0.281	0.032
0.117	0.124	0.4	0.255	-0.2795
0.381	0.357	0.227	0.289	0.142
0.128	0.333	0.19	0.301	0.04050000000000001
0.083	0.119	0.359	0.392	-0.258
0.067	0.24	0.359	0.273	-0.2055
0.0	0.194	0.194	0.317	-0.097
0.211	0.314	0.287	0.14	-0.024499999999999966
0.158	0.176	0.281	0.288	-0.11400000000000005
0.047	0.036	0.142	0.289	-0.10049999999999999
0.072	0.117	0.153	0.079	-0.058499999999999996
0.239	0.326	0.301	0.169	-0.018500000000000016
0.2	0.219	0.251	0.392	-0.04149999999999998
0.031	0.154	0.193	0.369	-0.1005
0.197	0.193	0.247	0.225	-0.05199999999999999
0.008	0.025	0.056	0.21	-0.0395
0.094	0.264	0.303	0.346	-0.124
0.156	0.128	0.368	0.318	-0.22599999999999998
0.111	0.078	0.151	0.228	-0.056499999999999995
0.1	0.319	0.203	0.38	0.006500000000000006
0.047	0.161	0.241	0.319	-0.13699999999999998
0.044	0.347	0.303	0.321	-0.10750000000000001
0.017	0.125	0.264	0.331	-0.193
0.081	0.225	0.25	0.095	-0.097
0.322	0.283	0.148	0.182	0.1545
0.458	0.224	0.242	0.098	0.09900000000000003
0.089	0.054	0.242	0.273	-0.17049999999999998
0.133	0.256	0.2	0.261	-0.005500000000000005
0.05	0.114	0.163	0.205	-0.081
0.217	0.283	0.211	0.219	0.03900000000000001
0.094	0.258	0.112	0.237	0.06399999999999999
0.125	0.206	0.384	0.239	-0.21850000000000003
0.297	0.172	0.29	0.227	-0.055499999999999994
0.181	0.386	0.436	0.434	-0.15250000000000002
0.15	0.174	0.231	0.21	-0.06900000000000003
0.167	0.303	0.361	0.321	-0.126
0.042	0.174	0.293	0.247	-0.185
0.164	0.224	0.066	0.171	0.128
0.136	0.224	0.315	0.142	-0.135
0.106	0.207	0.26	0.219	-0.10350000000000001
0.275	0.299	0.353	0.315	-0.06599999999999995
0.092	0.225	0.111	0.224	0.0475
0.033	0.103	0.356	0.383	-0.288
0.231	0.381	0.333	0.403	-0.027000000000000024
0.394	0.328	0.117	0.25	0.244
0.231	0.154	0.183	0.197	0.009500000000000008
0.181	0.16	0.087	0.273	0.08349999999999999
0.05	0.21	0.202	0.36	-0.07200000000000001
0.036	0.197	0.055	0.242	0.061500000000000006
0.225	0.364	0.326	0.371	-0.03150000000000003
0.172	0.072	0.172	0.176	-0.04999999999999999
0.053	0.274	0.24	0.207	-0.07649999999999998
0.106	0.16	0.35	0.416	-0.21699999999999997
0.242	0.267	0.295	0.275	-0.04049999999999998
0.083	0.338	0.374	0.215	-0.16349999999999998
0.056	0.121	0.192	0.107	-0.10350000000000001
0.267	0.265	0.101	0.042	0.165
0.336	0.307	0.159	0.178	0.1625
0.25	0.131	0.25	0.326	-0.0595
0.303	0.122	0.283	0.287	-0.07049999999999998
0.081	0.246	0.411	0.254	-0.24749999999999997
0.139	0.206	0.158	0.323	0.014499999999999985
0.033	0.079	0.303	0.339	-0.247
0.208	0.175	0.313	0.296	-0.1215
0.128	0.239	0.208	0.29	-0.024499999999999994
0.108	0.185	0.385	0.317	-0.23850000000000002
0.206	0.294	0.308	0.279	-0.057999999999999996
0.247	0.233	0.124	0.285	0.11599999999999999
0.208	0.213	0.261	0.241	-0.05050000000000002
0.208	0.306	0.223	0.248	0.034
0.106	0.253	0.224	0.329	-0.04450000000000001
0.158	0.124	0.309	0.235	-0.16799999999999998
0.089	0.142	0.174	0.172	-0.058499999999999996
0.331	0.299	0.374	0.142	-0.059
0.0	0.151	0.29	0.227	-0.21449999999999997
0.167	0.171	0.357	0.373	-0.18799999999999997
0.056	0.094	0.291	0.359	-0.21599999999999997
0.181	0.401	0.337	0.229	-0.045999999999999985
0.072	0.182	0.242	0.353	-0.11499999999999999
0.083	0.294	0.199	0.181	-0.01050000000000001
0.283	0.376	0.351	0.382	-0.021499999999999964
0.275	0.329	0.326	0.123	-0.023999999999999966
0.372	0.24	0.352	0.216	-0.045999999999999985
0.186	0.253	0.208	0.252	0.01150000000000001
0.156	0.321	0.169	0.296	0.06949999999999998
0.031	0.088	0.274	0.371	-0.21450000000000002
0.289	0.406	0.263	0.431	0.08450000000000002
0.156	0.36	0.292	0.119	-0.033999999999999975
0.292	0.157	0.198	0.285	0.026499999999999968
0.206	0.383	0.319	0.158	-0.024500000000000022
0.197	0.272	0.355	0.181	-0.12049999999999997
0.15	0.108	0.265	0.337	-0.136
0.233	0.25	0.142	0.35	0.0995
0.003	0.092	0.244	0.291	-0.1965
0.15	0.15	0.218	0.255	-0.068
0.003	0.336	0.349	0.299	-0.17949999999999997
0.172	0.09	0.129	0.266	0.0020000000000000018
0.186	0.332	0.331	0.363	-0.07200000000000001
0.239	0.271	0.278	0.226	-0.02300000000000002
0.117	0.299	0.374	0.125	-0.166
0.1	0.086	0.062	0.173	0.031
0.0	0.104	0.237	0.221	-0.185
0.322	0.322	0.326	0.33	-0.0040000000000000036
0.114	0.182	0.064	0.296	0.08399999999999999
0.078	0.143	0.238	0.267	-0.1275
0.047	0.071	0.167	0.247	-0.10800000000000001
0.042	0.274	0.264	0.407	-0.10600000000000001
0.083	0.161	0.286	0.22	-0.16399999999999998
0.175	0.181	0.169	0.223	0.00899999999999998
0.117	0.196	0.179	0.291	-0.022499999999999992
0.0	0.042	0.227	0.266	-0.20600000000000002
0.203	0.119	0.214	0.301	-0.05299999999999999
0.0	0.015	0.044	0.16	-0.0365
0.117	0.185	0.35	0.229	-0.19899999999999998
0.211	0.279	0.21	0.29	0.035
0.069	0.147	0.242	0.165	-0.134
0.392	0.317	0.195	0.079	0.15950000000000003
0.253	0.253	0.378	0.173	-0.125
0.158	0.347	0.383	0.255	-0.1305
0.086	0.125	0.019	0.231	0.0865
0.103	0.257	0.099	0.106	0.08099999999999999
0.147	0.346	0.288	0.151	-0.04149999999999998
0.342	0.276	0.206	0.294	0.10300000000000006
0.006	0.087	0.324	0.292	-0.2775
0.328	0.292	0.288	0.287	0.02200000000000002
0.003	0.114	0.195	0.177	-0.1365
0.047	0.089	0.342	0.302	-0.274
0.447	0.308	0.236	0.381	0.14150000000000001
0.014	0.246	0.306	0.321	-0.176
0.167	0.206	0.186	0.279	0.0005000000000000004
0.172	0.365	0.367	0.315	-0.09850000000000003
0.089	0.032	0.222	0.417	-0.1615
0.231	0.203	0.421	0.278	-0.20399999999999996
0.228	0.301	0.414	0.214	-0.14949999999999997
0.039	0.04	0.267	0.255	-0.2275
0.05	0.119	0.082	0.219	0.0024999999999999883
0.036	0.188	0.117	0.107	-0.0050000000000000044
0.331	0.399	0.324	0.366	0.04099999999999998
0.169	0.15	0.351	0.325	-0.19149999999999998
0.294	0.372	0.22	0.279	0.11299999999999996
0.0	0.054	0.196	0.391	-0.169
0.264	0.312	0.353	0.257	-0.06499999999999995
0.103	0.143	0.045	0.213	0.078
0.261	0.107	0.31	0.227	-0.126
0.033	0.112	0.325	0.338	-0.2525
0.406	0.419	0.256	0.247	0.15649999999999997
0.114	0.142	0.338	0.311	-0.21000000000000002
0.175	0.192	0.211	0.258	-0.027499999999999997
0.267	0.256	0.215	0.189	0.046500000000000014
0.119	0.167	0.216	0.297	-0.07299999999999998
0.142	0.179	0.214	0.181	-0.05350000000000002
0.136	0.225	0.262	0.175	-0.08150000000000002
0.014	0.099	0.369	0.336	-0.3125
0.025	0.115	0.067	0.161	0.0030000000000000027
0.1	0.082	0.183	0.219	-0.092
0.308	0.315	0.35	0.231	-0.03849999999999998
0.114	0.058	0.009	0.194	0.07700000000000001
0.217	0.256	0.16	0.222	0.07649999999999998
0.139	0.265	0.422	0.392	-0.21999999999999997
0.217	0.342	0.281	0.222	-0.0015000000000000013
0.356	0.228	0.062	0.158	0.22999999999999998
0.197	0.208	0.135	0.235	0.0675
0.047	0.026	0.149	0.254	-0.11249999999999999
0.072	0.292	0.183	0.288	-0.0010000000000000009
0.253	0.244	0.297	0.338	-0.04849999999999999
0.153	0.162	0.079	0.115	0.0785
0.331	0.343	0.257	0.098	0.08000000000000002
0.186	0.197	0.314	0.229	-0.1225
0.031	0.14	0.103	0.196	-0.017499999999999988
0.222	0.196	0.316	0.307	-0.10699999999999998
0.319	0.213	0.25	0.096	0.016000000000000014
0.083	0.199	0.303	0.385	-0.16199999999999998
0.261	0.275	0.245	0.133	0.02300000000000002
0.333	0.224	0.293	0.296	-0.014499999999999957
0.103	0.09	0.119	0.117	-0.022499999999999992
0.106	0.11	0.197	0.336	-0.08900000000000001
0.247	0.365	0.359	0.302	-0.05299999999999999
0.044	0.194	0.224	0.17	-0.10500000000000001
0.228	0.11	0.174	0.288	-0.004999999999999977
0.156	0.275	0.327	0.36	-0.11149999999999999
0.211	0.161	0.207	0.331	-0.02099999999999999
0.125	0.089	0.203	0.237	-0.09600000000000002
0.231	0.21	0.28	0.108	-0.059500000000000025
0.125	0.168	0.36	0.244	-0.21349999999999997
0.406	0.312	0.163	0.137	0.19599999999999998
0.197	0.113	0.213	0.266	-0.057999999999999996
0.094	0.013	0.232	0.181	-0.17850000000000002
0.011	0.074	0.236	0.394	-0.1935
0.075	0.047	0.224	0.156	-0.163
0.139	0.254	0.322	0.322	-0.1255
0.228	0.283	0.37	0.293	-0.11449999999999999
0.039	0.087	0.273	0.164	-0.21000000000000002
0.158	0.225	0.178	0.171	0.013500000000000012
0.203	0.265	0.306	0.207	-0.07199999999999998
0.283	0.16	0.335	0.351	-0.11350000000000005
0.197	0.197	0.338	0.392	-0.14100000000000001
0.239	0.304	0.402	0.301	-0.13050000000000006
0.258	0.326	0.253	0.319	0.039000000000000035
0.033	0.201	0.313	0.301	-0.196
0.219	0.176	0.126	0.263	0.07150000000000001
0.022	0.118	0.39	0.317	-0.32
0.161	0.336	0.151	0.311	0.0975
0.125	0.092	0.249	0.271	-0.1405
0.0	0.001	0.119	0.31	-0.1185
0.0	0.112	0.023	0.108	0.033
0.319	0.358	0.408	0.359	-0.06949999999999995
0.069	0.16	0.143	0.39	-0.028499999999999984
0.139	0.193	0.435	0.325	-0.269
0.022	0.025	0.196	0.283	-0.17250000000000001
0.056	0.226	0.203	0.311	-0.062
0.069	0.188	0.25	0.315	-0.1215
0.069	0.007	0.202	0.308	-0.164
0.206	0.292	0.371	0.209	-0.122
0.033	0.164	0.278	0.185	-0.17950000000000002
0.236	0.226	0.395	0.328	-0.16400000000000003
0.039	0.174	0.037	0.255	0.0695
0.114	0.374	0.224	0.304	0.01999999999999999
0.083	0.219	0.311	0.247	-0.16
0.114	0.149	0.174	0.09	-0.04249999999999998
0.15	0.154	0.312	0.158	-0.16
0.089	0.206	0.346	0.219	-0.19849999999999998
0.183	0.217	0.096	0.3	0.10400000000000001
0.392	0.196	0.219	0.277	0.07500000000000004
0.072	0.081	0.283	0.33	-0.20649999999999996
0.083	0.05	0.203	0.278	-0.1365
0.286	0.387	0.344	0.323	-0.007499999999999951
0.411	0.336	0.262	0.273	0.11149999999999999
0.269	0.276	0.281	0.25	-0.008500000000000008
0.239	0.324	0.322	0.371	-0.040500000000000036
0.219	0.293	0.237	0.342	0.019000000000000017
0.128	0.143	0.118	0.203	0.017500000000000016
0.117	0.204	0.294	0.202	-0.13349999999999998
0.106	0.281	0.439	0.362	-0.2455
0.108	0.081	0.376	0.354	-0.2815
0.033	0.16	0.235	0.137	-0.13849999999999998
0.014	0.151	0.114	0.086	-0.0315
0.172	0.203	0.294	0.242	-0.10649999999999998
0.272	0.172	0.39	0.341	-0.168
0.117	0.267	0.188	0.167	0.0040000000000000036
0.108	0.181	0.265	0.339	-0.12050000000000002
0.142	0.237	0.203	0.196	-0.013500000000000012
0.072	0.171	0.166	0.176	-0.04450000000000001
0.264	0.275	0.299	0.189	-0.02949999999999997
0.119	0.106	0.292	0.35	-0.1795
0.225	0.189	0.325	0.348	-0.118
0.353	0.314	0.29	0.188	0.04350000000000004
0.081	0.279	0.272	0.307	-0.092
0.186	0.287	0.313	0.39	-0.07650000000000001
0.167	0.121	0.176	0.206	-0.03199999999999997
0.217	0.236	0.394	0.249	-0.16750000000000004
0.214	0.224	0.224	0.149	-0.0050000000000000044
0.175	0.253	0.266	0.089	-0.05200000000000002
0.064	0.081	0.366	0.219	-0.2935
0.294	0.311	0.378	0.138	-0.07550000000000001
0.061	0.236	0.179	0.335	-0.0305
0.222	0.289	0.203	0.339	0.05249999999999999
0.208	0.361	0.406	0.229	-0.12150000000000005
0.092	0.368	0.308	0.425	-0.07800000000000001
0.144	0.113	0.31	0.291	-0.1815
0.183	0.197	0.228	0.151	-0.038000000000000006
0.158	0.318	0.202	0.198	0.035999999999999976
0.153	0.25	0.351	0.239	-0.14949999999999997
0.331	0.249	0.133	0.224	0.15700000000000003
0.153	0.235	0.107	0.278	0.08700000000000001
0.0	0.035	0.29	0.125	-0.27249999999999996
0.325	0.225	0.443	0.267	-0.16799999999999998
0.383	0.349	0.422	0.337	-0.055999999999999994
0.067	0.168	0.188	0.283	-0.0705
0.283	0.243	0.225	0.331	0.038000000000000006
0.056	0.018	0.238	0.32	-0.20099999999999998
0.133	0.353	0.31	0.209	-0.067
0.069	0.206	0.208	0.309	-0.07049999999999998
0.044	0.064	0.237	0.06	-0.183
0.289	0.369	0.358	0.155	-0.029000000000000026
0.164	0.374	0.207	0.197	0.06200000000000003
0.125	0.189	0.135	0.244	0.021999999999999992
0.131	0.297	0.281	0.251	-0.06700000000000003
0.147	0.062	0.334	0.13	-0.22950000000000004
0.272	0.265	0.222	0.26	0.046500000000000014
0.178	0.124	0.203	0.269	-0.05200000000000002
0.161	0.132	0.043	0.302	0.10350000000000002
0.15	0.25	0.291	0.261	-0.09099999999999997
0.092	0.151	0.097	0.183	0.024499999999999994
0.083	0.119	0.221	0.177	-0.12
0.044	0.15	0.169	0.057	-0.07200000000000001
0.1	0.319	0.155	0.323	0.05450000000000002
0.147	0.182	0.299	0.235	-0.1345
0.025	0.007	0.165	0.354	-0.14900000000000002
0.053	0.092	0.349	0.285	-0.27649999999999997
0.022	0.04	0.129	0.13	-0.098
0.3	0.275	0.297	0.355	-0.009500000000000008
0.15	0.233	0.292	0.198	-0.10049999999999998
0.122	0.176	0.3	0.415	-0.151
0.292	0.344	0.167	0.1	0.15099999999999994
0.128	0.038	0.289	0.182	-0.20599999999999996
0.044	0.05	0.122	0.199	-0.075
0.097	0.265	0.177	0.213	0.0040000000000000036
0.136	0.264	0.234	0.427	-0.034
0.047	0.301	0.336	0.266	-0.16200000000000003
0.211	0.294	0.29	0.399	-0.03749999999999998
0.164	0.257	0.174	0.252	0.03650000000000003
0.197	0.136	0.21	0.26	-0.04349999999999998
0.206	0.133	0.278	0.366	-0.10850000000000004
0.064	0.136	0.156	0.331	-0.055999999999999994
0.275	0.114	0.29	0.256	-0.09549999999999997
0.128	0.3	0.313	0.298	-0.099
0.019	0.186	0.308	0.27	-0.20550000000000002
0.208	0.363	0.464	0.314	-0.17850000000000005
0.064	0.0	0.303	0.191	-0.271
0.175	0.169	0.269	0.234	-0.09700000000000003
0.186	0.183	0.316	0.293	-0.1315
0.339	0.29	0.194	0.276	0.1205
0.144	0.253	0.286	0.25	-0.08749999999999997
0.022	0.158	0.293	0.229	-0.20299999999999999
0.2	0.282	0.304	0.385	-0.063
0.008	0.232	0.212	0.234	-0.09199999999999998
0.261	0.107	0.16	0.269	0.023999999999999994
0.164	0.114	0.123	0.352	0.016000000000000014
0.144	0.197	0.317	0.275	-0.14650000000000002
0.036	0.039	0.065	0.164	-0.027500000000000004
0.094	0.292	0.356	0.364	-0.16299999999999998
0.144	0.192	0.117	0.231	0.050999999999999976
0.306	0.153	0.102	0.171	0.1275
0.167	0.317	0.21	0.153	0.032
0.228	0.132	0.164	0.352	0.015999999999999986
0.142	0.253	0.336	0.301	-0.1385
0.217	0.267	0.238	0.341	0.0040000000000000036
0.033	0.201	0.295	0.305	-0.178
0.167	0.143	0.124	0.231	0.031
0.347	0.281	0.168	0.087	0.146
0.1	0.265	0.317	0.335	-0.1345
0.078	0.036	0.182	0.314	-0.125
0.008	0.029	0.078	0.135	-0.0595
0.214	0.356	0.387	0.262	-0.10200000000000004
0.189	0.285	0.349	0.163	-0.11199999999999999
0.014	0.068	0.197	0.265	-0.156
0.286	0.394	0.32	0.418	0.019999999999999962
0.278	0.293	0.301	0.359	-0.015500000000000014
0.133	0.312	0.226	0.296	-0.003500000000000003
0.058	0.349	0.34	0.131	-0.13650000000000004
0.269	0.311	0.431	0.262	-0.14099999999999996
0.106	0.314	0.351	0.321	-0.141
0.261	0.264	0.356	0.295	-0.09349999999999997
0.194	0.222	0.161	0.246	0.047000000000000014
0.311	0.293	0.362	0.373	-0.06
0.228	0.278	0.335	0.269	-0.08200000000000002
0.206	0.329	0.326	0.256	-0.058499999999999996
0.081	0.394	0.236	0.134	0.001500000000000029
0.1	0.24	0.31	0.165	-0.14
0.172	0.19	0.16	0.169	0.02099999999999999
0.131	0.119	0.0	0.062	0.125
0.139	0.246	0.369	0.232	-0.1765
0.15	0.185	0.34	0.384	-0.17250000000000004
0.056	0.078	0.187	0.175	-0.12
0.25	0.319	0.37	0.333	-0.08550000000000002
0.206	0.196	0.221	0.224	-0.01999999999999999
0.053	0.117	0.231	0.211	-0.14600000000000002
0.053	0.203	0.284	0.246	-0.15599999999999997
0.431	0.303	0.267	0.264	0.09999999999999998
0.183	0.192	0.406	0.261	-0.21850000000000003
0.161	0.065	0.15	0.346	-0.03699999999999999
0.183	0.192	0.209	0.109	-0.02149999999999999
0.192	0.126	0.236	0.138	-0.07699999999999999
0.244	0.236	0.222	0.339	0.017999999999999988
0.183	0.253	0.178	0.238	0.04000000000000001
0.303	0.14	0.103	0.094	0.11850000000000001
0.158	0.189	0.224	0.331	-0.05050000000000002
0.161	0.229	0.115	0.127	0.08
0.069	0.26	0.423	0.327	-0.25849999999999995
0.1	0.242	0.106	0.39	0.06499999999999999
0.128	0.289	0.301	0.185	-0.0925
0.147	0.424	0.378	0.277	-0.09250000000000003
0.108	0.046	0.246	0.223	-0.16899999999999998
0.367	0.251	0.378	0.217	-0.069
0.119	0.085	0.213	0.263	-0.11099999999999999
0.017	0.224	0.328	0.258	-0.20750000000000002
0.261	0.165	0.206	0.097	0.007000000000000034
0.175	0.075	0.301	0.269	-0.176
0.072	0.272	0.142	0.312	0.030000000000000027
0.075	0.294	0.202	0.332	-0.017500000000000016
0.211	0.211	0.22	0.255	-0.009000000000000008
0.228	0.324	0.086	0.32	0.19000000000000003
0.019	0.258	0.269	0.361	-0.1305
0.011	0.192	0.271	0.253	-0.1695
0.219	0.41	0.31	0.396	0.004500000000000004
0.003	0.017	0.324	0.209	-0.314
0.053	0.028	0.169	0.233	-0.1285
0.164	0.161	0.203	0.243	-0.04050000000000001
0.056	0.147	0.228	0.289	-0.1265
0.253	0.335	0.174	0.013	0.12000000000000005
0.131	0.111	0.251	0.157	-0.13
0.272	0.26	0.247	0.182	0.019000000000000017
0.289	0.39	0.353	0.105	-0.013499999999999956
0.044	0.171	0.375	0.291	-0.26749999999999996
0.164	0.325	0.195	0.269	0.04949999999999999
0.111	0.072	0.247	0.119	-0.1555
0.072	0.133	0.215	0.221	-0.11249999999999999
0.119	0.236	0.275	0.237	-0.09750000000000003
0.286	0.154	0.412	0.291	-0.192
0.225	0.319	0.4	0.04	-0.128
0.308	0.254	0.318	0.176	-0.03699999999999998
0.156	0.167	0.188	0.32	-0.026499999999999996
0.253	0.271	0.284	0.061	-0.021999999999999964
0.339	0.238	0.385	0.418	-0.09650000000000003
0.011	0.086	0.237	0.307	-0.1885
0.178	0.099	0.018	0.09	0.12050000000000001
0.286	0.324	0.121	0.113	0.184
0.169	0.115	0.12	0.221	0.02200000000000002
0.103	0.146	0.076	0.267	0.0485
0.036	0.029	0.069	0.123	-0.036500000000000005
0.108	0.068	0.277	0.25	-0.18900000000000003
0.028	0.233	0.144	0.086	-0.013499999999999984
0.211	0.3	0.279	0.202	-0.02350000000000002
0.05	0.058	0.143	0.207	-0.08899999999999998
0.364	0.417	0.299	0.252	0.09149999999999997
0.186	0.297	0.292	0.354	-0.05049999999999999
0.078	0.228	0.267	0.316	-0.11400000000000002
0.056	0.218	0.194	0.169	-0.056999999999999995
0.05	0.135	0.25	0.234	-0.1575
0.139	0.39	0.144	0.312	0.12050000000000002
0.089	0.188	0.331	0.373	-0.1925
0.289	0.251	0.265	0.192	0.0050000000000000044
0.031	0.006	0.132	0.271	-0.1135
0.228	0.235	0.186	0.189	0.045499999999999985
0.003	0.232	0.201	0.24	-0.0835
0.103	0.251	0.262	0.211	-0.08500000000000002
0.053	0.046	0.027	0.164	0.022500000000000003
0.136	0.179	0.351	0.266	-0.19349999999999998
0.014	0.007	0.227	0.382	-0.2165
0.05	0.054	0.297	0.2	-0.245
0.081	0.329	0.442	0.406	-0.237
0.039	0.078	0.011	0.168	0.0475
0.086	0.199	0.141	0.172	0.001500000000000029
0.089	0.025	0.244	0.268	-0.187
0.056	0.162	0.187	0.19	-0.078
0.1	0.071	0.124	0.029	-0.038500000000000006
0.242	0.336	0.179	0.1	0.11000000000000004
0.108	0.304	0.355	0.25	-0.149
0.0	0.1	0.159	0.3	-0.109
0.011	0.047	0.272	0.327	-0.24300000000000002
0.058	0.032	0.128	0.283	-0.083
0.028	0.211	0.29	0.397	-0.17049999999999998
0.247	0.372	0.262	0.373	0.04749999999999999
0.125	0.392	0.285	0.287	-0.026499999999999968
0.008	0.082	0.068	0.293	-0.023000000000000007
0.008	0.071	0.18	0.206	-0.1405
0.167	0.154	0.207	0.238	-0.046499999999999986
0.131	0.003	0.366	0.31	-0.299
0.103	0.185	0.275	0.191	-0.13100000000000003
0.189	0.169	0.342	0.313	-0.16300000000000003
0.189	0.219	0.132	0.214	0.07200000000000001
0.344	0.214	0.211	0.307	0.06799999999999998
0.303	0.419	0.258	0.221	0.10299999999999998
0.136	0.293	0.192	0.375	0.022499999999999992
0.025	0.218	0.177	0.248	-0.055499999999999994
0.211	0.353	0.31	0.256	-0.028000000000000025
0.258	0.111	0.292	0.234	-0.10749999999999998
0.256	0.161	0.294	0.155	-0.08549999999999996
0.022	0.171	0.273	0.251	-0.17650000000000002
0.308	0.114	0.317	0.314	-0.10600000000000001
0.158	0.244	0.25	0.088	-0.04899999999999999
0.281	0.378	0.35	0.368	-0.020499999999999963
0.106	0.126	0.356	0.36	-0.24
0.197	0.237	0.202	0.16	0.014999999999999986
0.142	0.224	0.34	0.297	-0.15700000000000003
0.342	0.469	0.316	0.347	0.08949999999999997
0.033	0.046	0.19	0.358	-0.1505
0.272	0.194	0.363	0.25	-0.12999999999999998
0.217	0.104	0.174	0.247	-0.013499999999999984
0.086	0.029	0.14	0.213	-0.08250000000000002
0.322	0.275	0.198	0.278	0.10049999999999998
0.183	0.197	0.356	0.321	-0.16599999999999998
0.103	0.247	0.341	0.255	-0.16600000000000004
0.239	0.186	0.252	0.331	-0.03950000000000001
0.242	0.303	0.198	0.162	0.07449999999999996
0.106	0.299	0.231	0.416	-0.028500000000000025
0.158	0.143	0.228	0.161	-0.07750000000000001
0.033	0.125	0.213	0.387	-0.134
0.103	0.117	0.216	0.071	-0.106
0.225	0.161	0.281	0.148	-0.08800000000000002
0.0	0.039	0.128	0.303	-0.1085
0.133	0.164	0.319	0.358	-0.17049999999999998
0.253	0.186	0.16	0.383	0.0595
0.167	0.125	0.209	0.232	-0.06299999999999997
0.183	0.444	0.301	0.228	0.012500000000000011
0.15	0.231	0.073	0.285	0.11750000000000001
0.186	0.246	0.395	0.313	-0.17900000000000002
0.108	0.131	0.238	0.218	-0.1185
0.264	0.265	0.324	0.403	-0.0595
0.094	0.029	0.171	0.195	-0.10950000000000001
0.247	0.324	0.363	0.227	-0.07750000000000001
0.0	0.008	0.179	0.332	-0.175
0.178	0.267	0.322	0.251	-0.0995
0.214	0.235	0.142	0.314	0.08249999999999999
0.172	0.133	0.238	0.227	-0.08549999999999999
0.111	0.149	0.196	0.233	-0.066
0.064	0.056	0.298	0.221	-0.238
0.156	0.325	0.387	0.343	-0.14650000000000002
0.125	0.363	0.262	0.293	-0.018000000000000016
0.175	0.21	0.223	0.261	-0.0305
0.117	0.254	0.361	0.101	-0.1755
0.336	0.312	0.366	0.188	-0.04199999999999998
0.25	0.151	0.363	0.362	-0.16249999999999998
0.272	0.149	0.15	0.215	0.060500000000000026
0.161	0.258	0.251	0.2	-0.04149999999999998
0.253	0.203	0.345	0.113	-0.11699999999999997
0.189	0.167	0.089	0.199	0.089
0.356	0.276	0.41	0.239	-0.09399999999999997
0.311	0.286	0.322	0.329	-0.02350000000000002
0.039	0.135	0.219	0.199	-0.132
0.333	0.35	0.369	0.301	-0.02749999999999997
0.0	0.042	0.345	0.342	-0.32399999999999995
0.172	0.221	0.353	0.094	-0.15649999999999997
0.131	0.331	0.272	0.238	-0.04100000000000001
0.328	0.215	0.34	0.369	-0.0685
0.131	0.189	0.28	0.325	-0.12000000000000002
0.081	0.171	0.325	0.376	-0.199
0.158	0.144	0.392	0.273	-0.24100000000000002
0.178	0.267	0.398	0.387	-0.17550000000000002
0.283	0.374	0.344	0.26	-0.015499999999999958
0.181	0.294	0.389	0.225	-0.15150000000000002
0.347	0.144	0.276	0.175	-0.030500000000000027
0.022	0.115	0.255	0.332	-0.1865
0.042	0.0	0.058	0.29	-0.037000000000000005
0.156	0.119	0.407	0.19	-0.26949999999999996
0.081	0.094	0.147	0.147	-0.0595
0.192	0.332	0.289	0.271	-0.02699999999999997
0.042	0.175	0.206	0.171	-0.09749999999999999
0.025	0.176	0.258	0.167	-0.15750000000000003
0.028	0.278	0.338	0.327	-0.185
0.039	0.115	0.146	0.215	-0.06899999999999999
0.044	0.29	0.35	0.369	-0.183
0.119	0.343	0.278	0.237	-0.047000000000000014
0.194	0.307	0.13	0.215	0.1205
0.064	0.228	0.291	0.257	-0.14499999999999996
0.342	0.204	0.192	0.32	0.08100000000000002
0.261	0.274	0.153	0.045	0.11450000000000002
0.0	0.214	0.352	0.212	-0.245
0.297	0.258	0.288	0.283	-0.01050000000000001
0.189	0.222	0.351	0.376	-0.14549999999999996
0.056	0.301	0.297	0.34	-0.1185
0.019	0.167	0.181	0.283	-0.088
0.203	0.257	0.312	0.154	-0.08199999999999999
0.164	0.185	0.068	0.129	0.10649999999999998
0.15	0.287	0.301	0.302	-0.08250000000000002
0.125	0.096	0.365	0.335	-0.2545
0.289	0.235	0.326	0.191	-0.064
0.047	0.131	0.129	0.201	-0.04000000000000001
0.131	0.146	0.197	0.165	-0.058499999999999996
0.272	0.113	0.112	0.258	0.0805
0.111	0.185	0.427	0.22	-0.279
0.1	0.271	0.424	0.297	-0.2385
0.097	0.232	0.139	0.315	0.025499999999999995
0.15	0.188	0.243	0.366	-0.07400000000000001
0.197	0.342	0.322	0.273	-0.05249999999999999
0.203	0.422	0.256	0.182	0.056499999999999995
0.292	0.386	0.341	0.381	-0.0020000000000000573
0.317	0.408	0.272	0.31	0.09049999999999997
0.189	0.067	0.153	0.32	-0.024999999999999994
0.067	0.126	0.275	0.343	-0.17850000000000002
0.117	0.164	0.329	0.212	-0.1885
0.108	0.217	0.349	0.385	-0.18649999999999997
0.197	0.279	0.299	0.141	-0.06099999999999997
0.428	0.353	0.384	0.283	0.00649999999999995
0.192	0.235	0.21	0.177	0.003500000000000003
0.189	0.165	0.353	0.324	-0.176
0.064	0.019	0.212	0.216	-0.17049999999999998
0.144	0.267	0.199	0.279	0.006500000000000006
0.242	0.41	0.377	0.37	-0.051000000000000045
0.286	0.25	0.269	0.324	-0.0010000000000000009
0.153	0.303	0.299	0.319	-0.07100000000000001
0.069	0.211	0.335	0.279	-0.195
0.317	0.271	0.231	0.3	0.06300000000000003
0.108	0.318	0.289	0.334	-0.07599999999999998
0.214	0.371	0.265	0.132	0.02749999999999997
0.128	0.339	0.344	0.209	-0.11049999999999996
0.386	0.335	0.186	0.317	0.17450000000000004
0.078	0.103	0.294	0.373	-0.2035
0.094	0.208	0.315	0.222	-0.164
0.356	0.35	0.288	0.329	0.065
0.133	0.271	0.284	0.245	-0.08199999999999996
0.367	0.193	0.13	0.178	0.15000000000000002
0.4	0.335	0.411	0.335	-0.04349999999999993
0.139	0.243	0.347	0.241	-0.15599999999999997
0.133	0.051	0.303	0.167	-0.211
0.242	0.271	0.124	0.284	0.1325
0.128	0.3	0.365	0.271	-0.151
0.069	0.207	0.383	0.155	-0.245
0.175	0.289	0.258	0.096	-0.026000000000000023
0.103	0.256	0.287	0.356	-0.10749999999999998
0.344	0.233	0.05	0.294	0.2385
0.15	0.075	0.149	0.274	-0.036500000000000005
0.056	0.261	0.216	0.327	-0.057499999999999996
0.364	0.231	0.183	0.16	0.11449999999999999
0.15	0.329	0.333	0.165	-0.09350000000000003
0.125	0.11	0.255	0.296	-0.1375
0.142	0.226	0.373	0.139	-0.189
0.125	0.108	0.076	0.291	0.040499999999999994
0.283	0.217	0.142	0.176	0.10800000000000001
0.15	0.237	0.199	0.272	-0.005500000000000005
0.2	0.243	0.305	0.291	-0.08349999999999999
0.219	0.2	0.1	0.177	0.10950000000000001
0.144	0.293	0.167	0.15	0.05149999999999996
0.078	0.192	0.208	0.148	-0.07299999999999998
0.133	0.292	0.208	0.265	0.004500000000000004
0.147	0.094	0.095	0.232	0.025499999999999995
0.244	0.381	0.171	0.141	0.1415
0.136	0.15	0.057	0.191	0.08600000000000002
0.056	0.331	0.344	0.223	-0.15049999999999997
0.178	0.051	0.193	0.279	-0.07850000000000001
0.222	0.375	0.333	0.062	-0.03450000000000003
0.206	0.415	0.276	0.315	0.034499999999999975
0.103	0.129	0.165	0.347	-0.049000000000000016
0.175	0.086	0.174	0.358	-0.04349999999999998
0.047	0.358	0.216	0.232	-0.013500000000000012
0.178	0.096	0.244	0.306	-0.10699999999999998
0.133	0.094	0.35	0.232	-0.2365
0.197	0.272	0.177	0.367	0.05750000000000002
0.267	0.214	0.264	0.361	-0.02350000000000002
0.228	0.11	0.208	0.221	-0.03899999999999998
0.147	0.319	0.171	0.224	0.06199999999999997
0.283	0.221	0.176	0.156	0.07600000000000001
0.189	0.174	0.088	0.154	0.0935
0.036	0.007	0.225	0.249	-0.20350000000000001
0.0	0.021	0.026	0.157	-0.015499999999999998
0.244	0.232	0.292	0.254	-0.05399999999999999
0.144	0.351	0.335	0.288	-0.08750000000000002
0.017	0.007	0.232	0.307	-0.22
0.144	0.246	0.253	0.181	-0.057999999999999996
0.122	0.106	0.033	0.193	0.08099999999999999
0.119	0.204	0.326	0.219	-0.16450000000000004
0.208	0.281	0.232	0.197	0.012499999999999983
0.317	0.318	0.433	0.218	-0.11549999999999999
0.15	0.324	0.399	0.327	-0.16200000000000003
0.083	0.282	0.158	0.343	0.024499999999999994
0.383	0.274	0.157	0.169	0.1715
0.261	0.219	0.149	0.173	0.091
0.156	0.26	0.205	0.214	0.0030000000000000304
0.056	0.24	0.19	0.219	-0.04200000000000001
0.125	0.126	0.183	0.262	-0.057499999999999996
0.133	0.118	0.247	0.254	-0.1215
0.094	0.364	0.259	0.059	-0.030000000000000027
0.089	0.024	0.14	0.238	-0.08350000000000002
0.086	0.153	0.333	0.341	-0.21350000000000002
0.267	0.172	0.201	0.29	0.01849999999999999
0.042	0.038	0.16	0.122	-0.12
0.106	0.336	0.152	0.289	0.069
0.089	0.154	0.111	0.23	0.010499999999999995
0.006	0.064	0.213	0.112	-0.178
0.119	0.269	0.049	0.19	0.14500000000000002
0.1	0.215	0.154	0.122	0.003500000000000003
0.214	0.211	0.343	0.317	-0.13050000000000003
0.392	0.349	0.21	0.08	0.1605
0.258	0.326	0.353	0.292	-0.06099999999999994
0.136	0.157	0.171	0.286	-0.024499999999999994
0.031	0.018	0.135	0.069	-0.11050000000000001
0.281	0.335	0.19	0.242	0.11800000000000005
0.192	0.247	0.344	0.293	-0.12449999999999997
0.556	0.317	0.398	0.396	0.03849999999999998
0.186	0.181	0.103	0.327	0.0805
0.222	0.342	0.415	0.397	-0.13299999999999995
0.211	0.396	0.229	0.33	0.07449999999999998
0.056	0.283	0.221	0.165	-0.05150000000000002
0.108	0.171	0.322	0.162	-0.1825
0.231	0.275	0.1	0.144	0.153
0.108	0.047	0.095	0.12	-0.0175
0.169	0.204	0.283	0.165	-0.09649999999999997
0.125	0.165	0.249	0.22	-0.10399999999999998
0.1	0.287	0.397	0.296	-0.20350000000000001
0.322	0.385	0.331	0.213	0.02250000000000002
0.158	0.228	0.381	0.248	-0.188
0.169	0.178	0.26	0.158	-0.08650000000000002
0.1	0.15	0.385	0.316	-0.26
0.119	0.217	0.169	0.249	-0.0010000000000000286
0.239	0.293	0.278	0.323	-0.01200000000000001
0.056	0.158	0.282	0.356	-0.175
0.256	0.258	0.236	0.14	0.02100000000000002
0.172	0.215	0.192	0.259	0.0015000000000000013
0.078	0.126	0.427	0.279	-0.32499999999999996
0.106	0.114	0.265	0.313	-0.15500000000000003
0.117	0.193	0.29	0.28	-0.13499999999999998
0.225	0.142	0.174	0.256	0.009500000000000008
0.214	0.322	0.217	0.172	0.05100000000000002
0.275	0.25	0.35	0.157	-0.08749999999999997
0.022	0.032	0.2	0.228	-0.17300000000000001
0.0	0.029	0.099	0.335	-0.0845
0.142	0.208	0.399	0.205	-0.22400000000000003
0.197	0.222	0.263	0.338	-0.05349999999999999
0.194	0.107	0.136	0.228	0.014499999999999985
0.089	0.246	0.216	0.242	-0.048500000000000015
0.089	0.146	0.049	0.206	0.06849999999999999
0.192	0.326	0.279	0.152	-0.020000000000000018
0.167	0.143	0.351	0.329	-0.19599999999999998
0.003	0.168	0.169	0.097	-0.0835
0.314	0.299	0.261	0.294	0.045499999999999985
0.258	0.336	0.244	0.242	0.05300000000000005
0.328	0.254	0.143	0.222	0.14800000000000005
0.058	0.133	0.148	0.19	-0.05249999999999999
0.042	0.036	0.106	0.237	-0.067
0.081	0.101	0.351	0.338	-0.26
0.061	0.117	0.128	0.154	-0.03900000000000001
0.119	0.294	0.167	0.076	0.03949999999999998
0.211	0.331	0.354	0.372	-0.08299999999999996
0.081	0.072	0.168	0.274	-0.09150000000000001
0.15	0.247	0.206	0.283	-0.007499999999999979
0.106	0.158	0.199	0.262	-0.067
0.186	0.333	0.307	0.151	-0.04749999999999999
0.325	0.149	0.105	0.221	0.132
0.136	0.286	0.278	0.188	-0.06700000000000003
0.25	0.208	0.162	0.155	0.06699999999999998
0.222	0.401	0.094	0.284	0.2175
0.222	0.207	0.287	0.142	-0.07249999999999998
0.186	0.322	0.328	0.152	-0.07400000000000001
0.131	0.044	0.194	0.231	-0.10650000000000001
0.339	0.218	0.322	0.189	-0.04349999999999998
0.128	0.246	0.192	0.213	-0.0050000000000000044
0.075	0.043	0.112	0.197	-0.053000000000000005
0.075	0.085	0.206	0.234	-0.126
0.344	0.399	0.268	0.151	0.10349999999999998
0.172	0.365	0.403	0.294	-0.13450000000000006
0.261	0.201	0.231	0.165	0.0
0.042	0.079	0.154	0.138	-0.0935
0.272	0.233	0.246	0.261	0.006500000000000006
0.328	0.225	0.337	0.174	-0.0605
0.167	0.243	0.293	0.331	-0.08799999999999997
0.408	0.242	0.186	0.225	0.13899999999999996
0.097	0.142	0.126	0.184	-0.006500000000000006
0.289	0.374	0.247	0.349	0.08450000000000002
0.089	0.144	0.059	0.248	0.057499999999999996
0.394	0.394	0.366	0.174	0.028000000000000025
0.2	0.146	0.337	0.403	-0.16400000000000003
0.047	0.103	0.318	0.353	-0.243
0.083	0.042	0.26	0.172	-0.1975
0.019	0.194	0.415	0.251	-0.3085
0.108	0.076	0.311	0.054	-0.219
0.067	0.296	0.203	0.279	-0.02150000000000002
0.175	0.265	0.183	0.315	0.037000000000000005
0.061	0.199	0.271	0.307	-0.14100000000000001
0.111	0.165	0.365	0.349	-0.22699999999999998
0.478	0.349	0.125	0.1	0.2885
0.028	0.299	0.301	0.196	-0.13749999999999998
0.106	0.09	0.038	0.291	0.060000000000000005
0.242	0.369	0.212	0.396	0.0935
0.097	0.039	0.138	0.199	-0.07
0.283	0.181	0.157	0.139	0.07499999999999998
0.036	0.062	0.149	0.136	-0.09999999999999999
0.253	0.222	0.281	0.256	-0.04350000000000004
0.306	0.286	0.303	0.306	-0.007000000000000006
0.192	0.272	0.294	0.338	-0.06199999999999997
0.025	0.235	0.24	0.151	-0.10999999999999999
0.144	0.197	0.322	0.232	-0.15150000000000002
0.031	0.0	0.036	0.202	-0.020499999999999997
0.094	0.107	0.044	0.077	0.05650000000000001
0.378	0.372	0.283	0.242	0.09200000000000003
0.117	0.161	0.222	0.29	-0.08299999999999999
0.067	0.09	0.265	0.137	-0.1865
0.15	0.183	0.302	0.29	-0.1355
0.1	0.229	0.34	0.221	-0.17550000000000002
0.344	0.154	0.113	0.227	0.136
0.286	0.274	0.192	0.23	0.08800000000000002
0.125	0.111	0.265	0.175	-0.14700000000000002
0.097	0.057	0.149	0.306	-0.072
0.156	0.267	0.118	0.173	0.09350000000000003
0.15	0.057	0.035	0.062	0.06849999999999999
0.406	0.408	0.138	0.13	0.269
0.331	0.303	0.276	0.243	0.04099999999999998
0.164	0.363	0.341	0.365	-0.07750000000000001
0.081	0.147	0.391	0.198	-0.277
0.244	0.167	0.223	0.148	-0.017499999999999988
0.233	0.357	0.199	0.29	0.09599999999999997
0.214	0.165	0.389	0.415	-0.1995
0.05	0.028	0.076	0.315	-0.037
0.142	0.254	0.183	0.3	0.015000000000000013
0.156	0.043	0.308	0.347	-0.2085
0.158	0.218	0.191	0.168	-0.0030000000000000027
0.206	0.226	0.265	0.142	-0.049000000000000016
0.122	0.338	0.265	0.254	-0.035
0.428	0.232	0.263	0.286	0.067
0.325	0.293	0.206	0.344	0.10300000000000001
0.086	0.107	0.187	0.177	-0.0905
0.194	0.346	0.224	0.25	0.04600000000000001
0.269	0.197	0.285	0.252	-0.05199999999999996
0.211	0.082	0.133	0.283	0.013499999999999984
0.047	0.147	0.07	0.254	0.026999999999999996
0.222	0.232	0.103	0.332	0.12400000000000001
0.236	0.074	0.287	0.237	-0.13199999999999998
0.342	0.349	0.401	0.387	-0.055499999999999994
0.142	0.211	0.369	0.393	-0.1925
0.05	0.174	0.156	0.291	-0.04400000000000001
0.372	0.321	0.247	0.196	0.09950000000000003
0.297	0.139	0.055	0.066	0.163
0.322	0.308	0.432	0.308	-0.11699999999999999
0.292	0.286	0.412	0.444	-0.123
0.278	0.265	0.228	0.269	0.04350000000000001
0.269	0.342	0.326	0.254	-0.020500000000000018
0.064	0.246	0.26	0.314	-0.10500000000000001
0.231	0.233	0.208	0.153	0.02400000000000002
0.258	0.239	0.399	0.248	-0.15050000000000002
0.256	0.204	0.231	0.025	-0.0010000000000000286
0.058	0.282	0.411	0.115	-0.241
0.069	0.203	0.388	0.315	-0.252
0.219	0.257	0.342	0.231	-0.10400000000000004
0.139	0.267	0.249	0.202	-0.045999999999999985
0.175	0.122	0.158	0.342	-0.009500000000000008
0.156	0.211	0.087	0.257	0.0965
0.117	0.189	0.243	0.261	-0.09
0.044	0.222	0.412	0.428	-0.27899999999999997
0.322	0.269	0.287	0.304	0.008500000000000008
0.192	0.225	0.194	0.097	0.014500000000000013
0.275	0.397	0.374	0.272	-0.03799999999999998
0.181	0.204	0.276	0.366	-0.08350000000000002
0.278	0.203	0.294	0.243	-0.053499999999999964
0.133	0.065	0.16	0.21	-0.061
0.228	0.35	0.335	0.326	-0.04600000000000004
0.175	0.183	0.32	0.335	-0.14100000000000001
0.331	0.258	0.213	0.281	0.08149999999999999
0.186	0.329	0.288	0.315	-0.03049999999999997
0.283	0.296	0.166	0.123	0.12349999999999997
0.056	0.093	0.319	0.316	-0.2445
0.147	0.236	0.397	0.433	-0.20550000000000002
0.122	0.269	0.365	0.227	-0.16949999999999998
0.256	0.24	0.106	0.24	0.14200000000000002
0.172	0.108	0.084	0.306	0.05599999999999998
0.194	0.182	0.179	0.212	0.009000000000000008
0.147	0.154	0.228	0.292	-0.07750000000000001
0.181	0.172	0.181	0.119	-0.004500000000000004
0.0	0.254	0.366	0.213	-0.239
0.097	0.286	0.381	0.327	-0.1895
0.222	0.126	0.265	0.193	-0.09100000000000003
0.05	0.144	0.262	0.159	-0.165
0.042	0.101	0.262	0.175	-0.1905
0.103	0.26	0.226	0.089	-0.04450000000000001
0.178	0.067	0.062	0.203	0.0605
0.022	0.125	0.087	0.188	-0.013499999999999998
0.136	0.103	0.053	0.165	0.0665
0.072	0.161	0.248	0.106	-0.1315
0.114	0.225	0.308	0.111	-0.13849999999999998
0.058	0.081	0.099	0.388	-0.0295
0.194	0.167	0.108	0.164	0.0725
0.1	0.133	0.188	0.238	-0.0715
0.128	0.306	0.27	0.237	-0.05300000000000002
0.117	0.043	0.181	0.253	-0.10099999999999999
0.231	0.217	0.38	0.137	-0.156
0.067	0.099	0.233	0.233	-0.15000000000000002
0.375	0.356	0.269	0.229	0.09649999999999997
0.133	0.239	0.287	0.363	-0.10099999999999998
0.261	0.382	0.217	0.256	0.10450000000000001
0.144	0.14	0.033	0.223	0.10900000000000001
0.078	0.239	0.177	0.288	-0.01849999999999999
0.294	0.417	0.264	0.231	0.09149999999999997
0.208	0.161	0.183	0.272	0.0015000000000000013
0.025	0.046	0.095	0.314	-0.0595
0.058	0.239	0.304	0.203	-0.1555
0.153	0.312	0.308	0.365	-0.07550000000000001
0.108	0.156	0.173	0.206	-0.04099999999999998
0.45	0.328	0.336	0.14	0.05299999999999999
0.033	0.057	0.096	0.246	-0.051000000000000004
0.075	0.038	0.151	0.39	-0.0945
0.025	0.207	0.347	0.124	-0.23099999999999998
0.133	0.06	0.302	0.257	-0.2055
0.242	0.281	0.269	0.385	-0.007500000000000007
0.128	0.174	0.248	0.365	-0.097
0.286	0.146	0.233	0.349	-0.017000000000000043
0.219	0.278	0.161	0.327	0.0875
0.169	0.276	0.269	0.188	-0.046499999999999986
0.125	0.185	0.348	0.415	-0.19299999999999998
0.139	0.089	0.076	0.228	0.038000000000000006
0.244	0.158	0.303	0.234	-0.10199999999999998
0.225	0.29	0.222	0.425	0.035500000000000004
0.092	0.188	0.265	0.338	-0.125
0.139	0.182	0.115	0.232	0.0455
0.069	0.203	0.326	0.181	-0.19
0.108	0.183	0.224	0.245	-0.07850000000000001
0.161	0.185	0.121	0.278	0.05199999999999999
0.158	0.106	0.153	0.131	-0.02099999999999999
0.422	0.424	0.372	0.306	0.05099999999999999
0.0	0.057	0.242	0.393	-0.2135
0.047	0.028	0.294	0.246	-0.2565
0.314	0.179	0.236	0.112	0.01050000000000001
0.186	0.231	0.065	0.095	0.14350000000000002
0.108	0.285	0.376	0.238	-0.17950000000000002
0.422	0.182	0.247	0.156	0.05499999999999999
0.097	0.125	0.186	0.199	-0.075
0.422	0.41	0.199	0.244	0.21699999999999997
0.253	0.165	0.09	0.333	0.11900000000000002
0.267	0.385	0.227	0.335	0.099
0.147	0.069	0.091	0.16	0.017
0.342	0.386	0.301	0.231	0.063
0.178	0.169	0.314	0.331	-0.1405
0.186	0.2	0.248	0.09	-0.05499999999999999
0.219	0.146	0.237	0.268	-0.05449999999999999
0.15	0.04	0.206	0.231	-0.11099999999999999
0.364	0.326	0.353	0.243	-0.008000000000000007
0.283	0.406	0.327	0.244	0.017500000000000016
0.0	0.272	0.305	0.33	-0.16899999999999998
0.089	0.242	0.232	0.168	-0.06650000000000003
0.189	0.326	0.183	0.254	0.07450000000000001
0.3	0.351	0.357	0.411	-0.03149999999999997
0.064	0.057	0.317	0.165	-0.2565
0.047	0.204	0.252	0.253	-0.1265
0.125	0.138	0.204	0.166	-0.07249999999999998
0.167	0.183	0.401	0.241	-0.22600000000000003
0.0	0.319	0.243	0.344	-0.08349999999999999
0.186	0.182	0.108	0.046	0.076
0.156	0.142	0.197	0.17	-0.048000000000000015
0.128	0.176	0.269	0.296	-0.11700000000000002
0.422	0.365	0.445	0.3	-0.051500000000000046
0.267	0.16	0.351	0.345	-0.13749999999999996
0.056	0.169	0.205	0.35	-0.09249999999999999
0.128	0.164	0.19	0.317	-0.043999999999999984
0.192	0.272	0.344	0.375	-0.11199999999999996
0.122	0.081	0.194	0.312	-0.0925
0.164	0.215	0.413	0.256	-0.22349999999999998
0.267	0.239	0.251	0.236	0.0020000000000000018
0.122	0.16	0.074	0.081	0.06700000000000002
0.114	0.188	0.217	0.24	-0.066
0.244	0.2	0.41	0.249	-0.18799999999999997
0.014	0.075	0.165	0.297	-0.12050000000000001
0.061	0.215	0.236	0.08	-0.09799999999999998
0.208	0.168	0.365	0.367	-0.177
0.106	0.233	0.058	0.176	0.11150000000000002
0.236	0.414	0.215	0.131	0.10999999999999996
0.369	0.393	0.284	0.332	0.09700000000000003
0.131	0.231	0.254	0.396	-0.07300000000000001
0.056	0.038	0.306	0.252	-0.259
0.172	0.203	0.274	0.192	-0.08650000000000002
0.144	0.382	0.118	0.156	0.14500000000000002
0.25	0.276	0.249	0.283	0.014000000000000012
0.181	0.276	0.358	0.313	-0.12949999999999998
0.211	0.262	0.309	0.344	-0.07250000000000001
0.225	0.253	0.24	0.366	-0.0010000000000000009
0.311	0.296	0.159	0.216	0.1445
0.081	0.093	0.146	0.276	-0.059
0.103	0.104	0.248	0.333	-0.14450000000000002
0.169	0.475	0.203	0.264	0.119
0.203	0.229	0.229	0.185	-0.012999999999999984
0.231	0.336	0.056	0.2	0.22750000000000004
0.264	0.303	0.221	0.323	0.06249999999999997
0.167	0.276	0.382	0.273	-0.16049999999999998
0.181	0.243	0.189	0.362	0.022999999999999993
0.1	0.168	0.405	0.373	-0.271
0.228	0.306	0.426	0.246	-0.15899999999999997
0.083	0.15	0.222	0.332	-0.10550000000000001
0.019	0.207	0.126	0.277	-0.013000000000000012
0.122	0.039	0.089	0.085	-0.008499999999999994
0.189	0.1	0.345	0.349	-0.20049999999999996
0.125	0.143	0.178	0.217	-0.043999999999999984
0.122	0.035	0.369	0.3	-0.2905
0.225	0.188	0.26	0.229	-0.05349999999999999
0.036	0.065	0.053	0.346	-0.0024999999999999953
0.014	0.035	0.173	0.263	-0.1485
0.361	0.075	0.249	0.145	-0.031
0.214	0.246	0.311	0.201	-0.08100000000000002
0.331	0.301	0.231	0.249	0.08499999999999999
0.364	0.217	0.438	0.269	-0.14750000000000002
0.156	0.179	0.269	0.328	-0.10150000000000003
0.197	0.186	0.21	0.207	-0.01849999999999999
0.269	0.368	0.244	0.159	0.07450000000000001
0.042	0.232	0.219	0.287	-0.08199999999999999
0.175	0.336	0.272	0.25	-0.016500000000000015
0.328	0.325	0.372	0.339	-0.045499999999999985
0.353	0.336	0.328	0.215	0.016500000000000015
0.147	0.231	0.196	0.112	-0.007000000000000006
0.061	0.096	0.022	0.129	0.0565
0.169	0.149	0.128	0.249	0.031
0.083	0.167	0.342	0.146	-0.21700000000000003
0.044	0.122	0.1	0.287	-0.017000000000000015
0.142	0.339	0.365	0.279	-0.1245
0.15	0.251	0.185	0.182	0.015500000000000014
0.153	0.24	0.321	0.196	-0.1245
0.086	0.101	0.35	0.315	-0.25649999999999995
0.35	0.161	0.151	0.224	0.10450000000000001
0.353	0.326	0.407	0.398	-0.06749999999999995
0.053	0.11	0.216	0.36	-0.1345
0.047	0.181	0.219	0.164	-0.10500000000000001
0.167	0.196	0.219	0.316	-0.037500000000000006
0.219	0.167	0.291	0.343	-0.09799999999999998
0.011	0.051	0.154	0.107	-0.123
0.347	0.304	0.262	0.315	0.0635
0.139	0.203	0.165	0.215	0.006000000000000005
0.269	0.267	0.319	0.395	-0.05099999999999999
0.128	0.068	0.325	0.433	-0.227
0.094	0.25	0.194	0.278	-0.02200000000000002
0.069	0.208	0.104	0.321	0.03450000000000002
0.094	0.289	0.285	0.406	-0.09349999999999997
0.0	0.117	0.152	0.297	-0.0935
0.1	0.225	0.326	0.338	-0.1635
0.425	0.383	0.365	0.287	0.039000000000000035
0.306	0.272	0.191	0.246	0.09800000000000003
0.058	0.257	0.432	0.27	-0.27449999999999997
0.078	0.307	0.239	0.193	-0.046499999999999986
0.175	0.179	0.268	0.13	-0.09100000000000003
0.453	0.25	0.301	0.309	0.050500000000000045
0.114	0.157	0.35	0.308	-0.21449999999999997
0.425	0.21	0.436	0.161	-0.1185
0.003	0.014	0.069	0.124	-0.060500000000000005
0.197	0.282	0.24	0.275	-0.0005000000000000004
0.2	0.192	0.074	0.269	0.12200000000000001
0.119	0.117	0.21	0.294	-0.092
0.047	0.068	0.181	0.261	-0.1235
0.192	0.311	0.24	0.172	0.01150000000000001
0.125	0.135	0.167	0.325	-0.037000000000000005
0.078	0.047	0.124	0.335	-0.0615
0.342	0.243	0.117	0.201	0.1755
0.056	0.278	0.335	0.39	-0.168
0.017	0.099	0.222	0.256	-0.164
0.036	0.147	0.24	0.197	-0.1485
0.261	0.111	0.149	0.33	0.037000000000000005
0.178	0.235	0.121	0.094	0.08549999999999999
0.203	0.138	0.263	0.219	-0.0925
0.028	0.068	0.053	0.136	-0.0049999999999999975
0.244	0.31	0.225	0.192	0.05200000000000002
0.231	0.242	0.354	0.312	-0.1175
0.247	0.397	0.287	0.361	0.03500000000000003
0.169	0.161	0.245	0.328	-0.07999999999999999
0.383	0.243	0.197	0.313	0.11599999999999999
0.0	0.06	0.089	0.239	-0.059
0.303	0.321	0.245	0.084	0.067
0.208	0.225	0.283	0.217	-0.06649999999999998
0.203	0.151	0.128	0.18	0.04899999999999999
0.0	0.203	0.417	0.209	-0.3155
0.342	0.262	0.194	0.225	0.10800000000000004
0.142	0.286	0.422	0.171	-0.20800000000000002
0.094	0.067	0.088	0.173	-0.007499999999999993
0.228	0.29	0.266	0.4	-0.007000000000000006
0.219	0.272	0.206	0.327	0.03950000000000001
0.022	0.219	0.269	0.36	-0.14850000000000002
0.119	0.283	0.397	0.292	-0.19600000000000004
0.261	0.271	0.204	0.089	0.06200000000000003
0.236	0.308	0.383	0.198	-0.11099999999999999
0.008	0.0	0.019	0.325	-0.015
0.164	0.278	0.115	0.306	0.10600000000000002
0.0	0.017	0.048	0.11	-0.0395
0.153	0.024	0.205	0.376	-0.11649999999999999
0.206	0.372	0.326	0.184	-0.03700000000000003
0.369	0.349	0.335	0.139	0.023999999999999966
0.078	0.085	0.132	0.193	-0.0505
0.236	0.218	0.237	0.089	-0.010000000000000009
0.303	0.392	0.429	0.169	-0.08149999999999996
0.214	0.454	0.222	0.348	0.11200000000000002
0.167	0.111	0.201	0.299	-0.062
0.081	0.283	0.222	0.353	-0.04000000000000001
0.161	0.289	0.273	0.33	-0.04800000000000004
0.222	0.24	0.182	0.179	0.04899999999999999
0.111	0.261	0.471	0.394	-0.285
0.036	0.019	0.224	0.298	-0.1965
0.133	0.125	0.262	0.198	-0.133
0.128	0.221	0.305	0.347	-0.1305
0.056	0.069	0.167	0.251	-0.10450000000000001
0.114	0.118	0.336	0.281	-0.22000000000000003
0.128	0.294	0.269	0.252	-0.058000000000000024
0.114	0.207	0.199	0.317	-0.038500000000000006
0.361	0.412	0.353	0.219	0.033499999999999974
0.3	0.236	0.257	0.291	0.01100000000000001
0.325	0.346	0.372	0.36	-0.03649999999999998
0.286	0.229	0.216	0.318	0.04150000000000001
0.256	0.242	0.424	0.348	-0.175
0.211	0.094	0.362	0.215	-0.2095
0.156	0.253	0.349	0.129	-0.14449999999999996
0.206	0.233	0.184	0.194	0.035500000000000004
0.133	0.0	0.178	0.183	-0.11149999999999999
0.247	0.1	0.153	0.327	0.02049999999999999
0.039	0.254	0.231	0.196	-0.08450000000000002
0.233	0.21	0.319	0.287	-0.0975
0.333	0.353	0.232	0.202	0.11099999999999996
0.131	0.096	0.248	0.275	-0.1345
0.183	0.396	0.325	0.146	-0.03550000000000003
0.022	0.075	0.144	0.313	-0.09549999999999999
0.006	0.211	0.308	0.396	-0.1995
0.219	0.368	0.341	0.336	-0.04750000000000004
0.314	0.253	0.185	0.359	0.09849999999999998
0.189	0.186	0.417	0.368	-0.22949999999999998
0.047	0.254	0.337	0.298	-0.18650000000000003
0.381	0.178	0.214	0.273	0.06549999999999997
0.2	0.254	0.292	0.281	-0.06499999999999997
0.297	0.337	0.251	0.208	0.066
0.022	0.16	0.234	0.216	-0.14300000000000002
0.1	0.322	0.283	0.334	-0.07199999999999995
0.089	0.325	0.345	0.24	-0.13799999999999996
0.058	0.111	0.144	0.152	-0.05949999999999998
0.136	0.043	0.273	0.307	-0.18350000000000002
0.125	0.151	0.324	0.147	-0.186
0.214	0.186	0.223	0.349	-0.022999999999999993
0.089	0.151	0.149	0.16	-0.028999999999999998
0.236	0.1	0.225	0.2	-0.05700000000000002
0.064	0.169	0.228	0.128	-0.1115
0.117	0.125	0.181	0.178	-0.06
0.069	0.317	0.231	0.337	-0.038000000000000006
0.328	0.357	0.29	0.362	0.05250000000000005
0.189	0.286	0.151	0.346	0.0865
0.214	0.249	0.086	0.412	0.1455
0.164	0.347	0.357	0.275	-0.10149999999999998
0.183	0.288	0.356	0.391	-0.1205
0.108	0.242	0.196	0.364	-0.02100000000000002
0.064	0.157	0.242	0.18	-0.1315
0.094	0.158	0.271	0.337	-0.14500000000000002
0.111	0.2	0.258	0.14	-0.10250000000000001
0.267	0.271	0.377	0.311	-0.10799999999999998
0.097	0.133	0.128	0.158	-0.012999999999999998
0.175	0.1	0.139	0.253	-0.0015000000000000013
0.119	0.175	0.279	0.196	-0.13200000000000003
0.217	0.256	0.201	0.215	0.035499999999999976
0.242	0.256	0.324	0.241	-0.07500000000000001
0.183	0.192	0.213	0.432	-0.025499999999999995
0.097	0.14	0.297	0.334	-0.1785
0.025	0.064	0.233	0.205	-0.1885
0.144	0.065	0.106	0.114	-0.0015000000000000013
0.311	0.376	0.292	0.332	0.051500000000000046
0.281	0.314	0.27	0.256	0.02749999999999997
0.161	0.269	0.3	0.294	-0.08499999999999996
0.308	0.363	0.255	0.295	0.08050000000000002
0.103	0.299	0.365	0.352	-0.164
0.244	0.287	0.33	0.245	-0.06450000000000006
0.075	0.043	0.051	0.159	0.008
0.083	0.085	0.236	0.176	-0.15199999999999997
0.322	0.219	0.249	0.332	0.02150000000000002
0.167	0.3	0.33	0.255	-0.09650000000000003
0.114	0.213	0.221	0.185	-0.057499999999999996
0.089	0.221	0.234	0.332	-0.07900000000000001
0.097	0.144	0.201	0.248	-0.08050000000000002
0.389	0.344	0.138	0.235	0.22849999999999998
0.206	0.219	0.195	0.248	0.017499999999999988
0.314	0.446	0.299	0.126	0.08100000000000002
0.147	0.226	0.287	0.171	-0.10049999999999998
0.067	0.074	0.217	0.292	-0.1465
0.019	0.172	0.13	0.193	-0.03450000000000002
0.447	0.435	0.227	0.334	0.214
0.142	0.156	0.382	0.32	-0.233
0.044	0.207	0.172	0.29	-0.046499999999999986
0.289	0.14	0.135	0.338	0.07949999999999999
0.092	0.267	0.263	0.154	-0.08350000000000002
0.253	0.368	0.403	0.309	-0.09250000000000003
0.156	0.292	0.271	0.371	-0.04700000000000004
0.147	0.361	0.363	0.174	-0.10899999999999999
0.133	0.253	0.301	0.182	-0.10799999999999998
0.164	0.387	0.283	0.186	-0.007499999999999951
0.233	0.192	0.315	0.216	-0.10249999999999998
0.294	0.344	0.284	0.237	0.034999999999999976
0.086	0.143	0.271	0.298	-0.15650000000000003
0.272	0.281	0.285	0.263	-0.008499999999999952
0.053	0.162	0.322	0.262	-0.21450000000000002
0.192	0.157	0.144	0.317	0.0305
0.092	0.185	0.131	0.07	0.007500000000000007
0.061	0.103	0.354	0.178	-0.272
0.203	0.431	0.289	0.206	0.028000000000000025
0.178	0.236	0.315	0.394	-0.10800000000000001
0.356	0.317	0.16	0.249	0.17650000000000002
0.003	0.09	0.187	0.387	-0.1405
0.1	0.119	0.237	0.386	-0.1275
0.042	0.213	0.248	0.223	-0.1205
0.014	0.081	0.053	0.177	-0.005499999999999998
0.378	0.1	0.136	0.34	0.10299999999999998
0.4	0.296	0.14	0.152	0.20799999999999996
0.372	0.232	0.256	0.19	0.045999999999999985
0.0	0.038	0.102	0.266	-0.08299999999999999
0.122	0.278	0.312	0.344	-0.11199999999999999
0.053	0.081	0.12	0.341	-0.05299999999999999
0.392	0.351	0.411	0.209	-0.03949999999999998
0.05	0.139	0.334	0.268	-0.23950000000000002
0.1	0.307	0.35	0.242	-0.14649999999999996
0.106	0.331	0.224	0.052	-0.005500000000000005
0.144	0.139	0.444	0.378	-0.3025
0.269	0.349	0.343	0.331	-0.03400000000000003
0.133	0.175	0.367	0.364	-0.213
0.261	0.35	0.244	0.271	0.0615
0.0	0.079	0.296	0.223	-0.2565
0.328	0.242	0.322	0.308	-0.03699999999999998
0.153	0.193	0.253	0.3	-0.08000000000000002
0.236	0.228	0.391	0.236	-0.15900000000000003
0.206	0.16	0.244	0.291	-0.061
0.092	0.157	0.184	0.113	-0.0595
0.203	0.237	0.238	0.243	-0.017999999999999988
0.222	0.25	0.174	0.266	0.062
0.192	0.151	0.249	0.174	-0.07750000000000001
0.158	0.044	0.107	0.259	-0.0059999999999999915
0.083	0.071	0.179	0.279	-0.102
0.106	0.24	0.183	0.239	-0.010000000000000009
0.008	0.028	0.17	0.36	-0.15200000000000002
0.056	0.188	0.247	0.229	-0.125
0.169	0.264	0.309	0.225	-0.09249999999999997
0.194	0.271	0.227	0.377	0.005500000000000005
0.0	0.086	0.303	0.191	-0.26
0.225	0.171	0.302	0.054	-0.10399999999999998
0.272	0.269	0.236	0.308	0.03450000000000003
0.286	0.089	0.332	0.14	-0.14450000000000002
0.106	0.247	0.216	0.239	-0.03950000000000001
0.006	0.149	0.181	0.386	-0.1035
0.053	0.114	0.176	0.326	-0.09249999999999999
0.039	0.05	0.172	0.094	-0.1275
0.117	0.253	0.384	0.119	-0.199
0.028	0.01	0.124	0.27	-0.105
0.022	0.19	0.122	0.076	-0.016
0.014	0.025	0.104	0.122	-0.08449999999999999
0.447	0.293	0.205	0.272	0.165
0.306	0.161	0.199	0.243	0.034499999999999975
0.092	0.144	0.228	0.144	-0.11000000000000001
0.222	0.251	0.128	0.23	0.10849999999999999
0.358	0.318	0.262	0.229	0.07599999999999996
0.097	0.224	0.324	0.279	-0.1635
0.111	0.099	0.351	0.285	-0.24599999999999997
0.158	0.31	0.376	0.432	-0.14200000000000002
0.128	0.24	0.123	0.171	0.061
0.494	0.415	0.271	0.272	0.1835
0.256	0.107	0.078	0.094	0.1035
0.281	0.289	0.287	0.337	-0.0019999999999999463
0.192	0.399	0.445	0.288	-0.14950000000000002
0.061	0.164	0.377	0.269	-0.2645
0.153	0.304	0.315	0.23	-0.08650000000000002
0.05	0.311	0.09	0.177	0.0905
0.061	0.104	0.245	0.325	-0.1625
0.333	0.219	0.279	0.166	-0.0030000000000000027
0.086	0.243	0.181	0.275	-0.016500000000000015
0.0	0.238	0.122	0.226	-0.0030000000000000027
0.111	0.185	0.356	0.327	-0.208
0.106	0.064	0.214	0.2	-0.129
0.256	0.192	0.204	0.154	0.020000000000000018
0.139	0.161	0.277	0.218	-0.127
0.208	0.321	0.153	0.139	0.11150000000000002
0.367	0.385	0.278	0.209	0.09799999999999998
0.014	0.074	0.365	0.238	-0.321
0.064	0.139	0.408	0.336	-0.3065
0.394	0.333	0.36	0.375	0.0035000000000000586
0.119	0.261	0.265	0.277	-0.07500000000000001
0.264	0.125	0.09	0.294	0.10450000000000001
0.208	0.369	0.367	0.328	-0.07850000000000001
0.303	0.289	0.31	0.365	-0.014000000000000012
0.222	0.339	0.419	0.313	-0.13849999999999996
0.067	0.111	0.335	0.417	-0.24600000000000002
0.456	0.19	0.328	0.364	-0.0050000000000000044
0.217	0.289	0.169	0.212	0.08399999999999999
0.267	0.254	0.27	0.301	-0.009500000000000008
0.067	0.201	0.269	0.349	-0.135
0.119	0.167	0.325	0.191	-0.182
0.039	0.14	0.115	0.105	-0.025499999999999995
0.167	0.242	0.185	0.135	0.019500000000000017
0.056	0.146	0.276	0.048	-0.17500000000000004
0.186	0.133	0.29	0.346	-0.13049999999999998
0.153	0.233	0.247	0.262	-0.05399999999999999
0.197	0.225	0.438	0.312	-0.22699999999999998
0.258	0.317	0.319	0.315	-0.03150000000000003
0.033	0.308	0.317	0.349	-0.14650000000000002
0.011	0.006	0.231	0.387	-0.2225
0.283	0.411	0.292	0.227	0.05499999999999999
0.181	0.154	0.198	0.183	-0.030500000000000027
0.072	0.158	0.085	0.242	0.029999999999999985
0.025	0.064	0.228	0.097	-0.1835
0.028	0.032	0.234	0.276	-0.20400000000000001
0.011	0.11	0.114	0.147	-0.053500000000000006
0.056	0.157	0.23	0.367	-0.12350000000000001
0.322	0.382	0.285	0.11	0.067
0.328	0.34	0.286	0.287	0.04800000000000004
0.272	0.179	0.393	0.393	-0.1675
0.0	0.247	0.347	0.372	-0.22349999999999998
0.175	0.172	0.271	0.359	-0.09750000000000003
0.05	0.29	0.295	0.315	-0.125
0.192	0.251	0.298	0.333	-0.07649999999999998
0.133	0.221	0.078	0.091	0.09899999999999999
0.05	0.379	0.142	0.218	0.07250000000000001
0.075	0.25	0.302	0.302	-0.13949999999999999
0.169	0.253	0.15	0.223	0.061000000000000026
0.442	0.421	0.349	0.34	0.08250000000000002
0.072	0.114	0.34	0.291	-0.24700000000000003
0.247	0.286	0.353	0.312	-0.08650000000000002
0.017	0.058	0.122	0.075	-0.08449999999999999
0.183	0.21	0.175	0.208	0.02150000000000002
0.114	0.215	0.295	0.172	-0.13049999999999998
0.008	0.239	0.162	0.165	-0.038500000000000006
0.144	0.158	0.261	0.355	-0.11000000000000001
0.183	0.264	0.328	0.18	-0.10450000000000001
0.053	0.183	0.178	0.289	-0.06
0.333	0.238	0.334	0.232	-0.04850000000000004
0.25	0.389	0.374	0.369	-0.05449999999999999
0.111	0.213	0.348	0.28	-0.18599999999999997
0.15	0.41	0.302	0.387	-0.02200000000000002
0.061	0.088	0.214	0.37	-0.1395
0.292	0.118	0.356	0.307	-0.151
0.217	0.358	0.315	0.309	-0.027500000000000024
0.294	0.39	0.149	0.264	0.19299999999999998
0.178	0.157	0.248	0.36	-0.08050000000000002
0.0	0.01	0.324	0.375	-0.319
0.197	0.14	0.297	0.204	-0.12849999999999998
0.0	0.103	0.236	0.279	-0.1845
0.236	0.188	0.149	0.271	0.063
0.161	0.099	0.28	0.177	-0.15000000000000002
0.061	0.028	0.135	0.173	-0.09050000000000001
0.05	0.111	0.122	0.268	-0.041499999999999995
0.092	0.199	0.114	0.349	0.031500000000000014
0.158	0.168	0.286	0.256	-0.12299999999999997
0.161	0.147	0.191	0.113	-0.037000000000000005
0.239	0.392	0.329	0.107	-0.013500000000000012
0.081	0.167	0.322	0.285	-0.198
0.233	0.29	0.362	0.319	-0.10049999999999998
0.181	0.293	0.303	0.195	-0.066
0.183	0.269	0.244	0.278	-0.017999999999999988
0.017	0.031	0.165	0.394	-0.14100000000000001
0.172	0.249	0.266	0.235	-0.05550000000000002
0.2	0.288	0.206	0.292	0.038000000000000006
0.261	0.237	0.277	0.329	-0.028000000000000025
0.328	0.34	0.264	0.31	0.07
0.442	0.361	0.236	0.142	0.16549999999999998
0.039	0.164	0.035	0.195	0.0665
0.294	0.333	0.151	0.238	0.1625
0.153	0.183	0.176	0.191	-0.008000000000000007
0.225	0.349	0.345	0.146	-0.057999999999999996
0.136	0.21	0.296	0.279	-0.123
0.364	0.307	0.357	0.429	-0.021499999999999964
0.169	0.151	0.291	0.415	-0.13099999999999998
0.167	0.257	0.266	0.179	-0.05399999999999999
0.094	0.036	0.167	0.31	-0.10200000000000001
0.181	0.294	0.391	0.227	-0.15350000000000003
0.181	0.246	0.378	0.317	-0.1645
0.086	0.189	0.236	0.223	-0.09849999999999998
0.172	0.206	0.173	0.22	0.016000000000000014
0.194	0.278	0.299	0.428	-0.06299999999999997
0.258	0.231	0.395	0.363	-0.15050000000000002
0.125	0.247	0.176	0.126	0.010000000000000009
0.028	0.232	0.196	0.385	-0.066
0.033	0.158	0.199	0.098	-0.10350000000000001
0.161	0.071	0.323	0.125	-0.20700000000000002
0.047	0.208	0.1	0.221	0.027499999999999997
0.072	0.165	0.13	0.271	-0.01150000000000001
0.047	0.2	0.212	0.133	-0.0885
0.2	0.028	0.228	0.243	-0.114
0.133	0.14	0.263	0.412	-0.1265
0.386	0.374	0.316	0.144	0.064
0.25	0.35	0.301	0.245	-0.0010000000000000009
0.108	0.135	0.331	0.302	-0.20950000000000002
0.05	0.183	0.194	0.287	-0.07750000000000001
0.242	0.093	0.072	0.183	0.09549999999999999
0.108	0.09	0.057	0.237	0.042
0.156	0.113	0.256	0.149	-0.1215
0.142	0.15	0.138	0.316	0.00799999999999998
0.278	0.286	0.415	0.235	-0.13299999999999995
0.15	0.296	0.38	0.251	-0.15700000000000003
0.047	0.156	0.251	0.326	-0.1495
0.047	0.171	0.116	0.086	-0.006999999999999992
0.175	0.267	0.306	0.268	-0.08499999999999999
0.111	0.079	0.317	0.377	-0.222
0.189	0.301	0.073	0.24	0.172
0.142	0.225	0.201	0.228	-0.017500000000000016
0.183	0.172	0.212	0.3	-0.0345
0.039	0.047	0.16	0.338	-0.117
0.197	0.161	0.25	0.227	-0.07100000000000001
0.114	0.125	0.173	0.117	-0.05349999999999999
0.428	0.335	0.366	0.373	0.015500000000000014
0.294	0.292	0.21	0.302	0.08299999999999999
0.283	0.433	0.417	0.312	-0.059
0.192	0.336	0.418	0.347	-0.15399999999999997
0.072	0.275	0.249	0.21	-0.07549999999999998
0.044	0.169	0.253	0.223	-0.1465
0.136	0.25	0.35	0.206	-0.15699999999999997
0.194	0.211	0.455	0.334	-0.2525
0.006	0.093	0.259	0.29	-0.20950000000000002
0.114	0.122	0.344	0.364	-0.22599999999999998
0.125	0.361	0.413	0.187	-0.16999999999999998
0.033	0.138	0.16	0.172	-0.0745
0.05	0.088	0.245	0.252	-0.176
0.019	0.038	0.133	0.292	-0.10450000000000001
0.217	0.153	0.249	0.178	-0.064
0.022	0.064	0.233	0.33	-0.19
0.039	0.114	0.408	0.279	-0.33149999999999996
0.075	0.094	0.237	0.274	-0.1525
0.239	0.267	0.41	0.365	-0.15699999999999997
0.053	0.108	0.179	0.41	-0.09849999999999999
0.1	0.3	0.423	0.163	-0.22299999999999998
0.144	0.306	0.251	0.266	-0.026000000000000023
0.4	0.094	0.031	0.16	0.216
0.131	0.076	0.2	0.222	-0.0965
0.217	0.114	0.326	0.247	-0.1605
0.042	0.304	0.449	0.197	-0.276
0.114	0.121	0.26	0.17	-0.14250000000000002
0.203	0.193	0.336	0.153	-0.138
0.197	0.268	0.155	0.25	0.07750000000000001
0.394	0.315	0.25	0.254	0.10450000000000004
0.028	0.299	0.247	0.284	-0.08349999999999999
0.067	0.076	0.242	0.388	-0.17049999999999998
0.158	0.175	0.139	0.079	0.02749999999999997
0.286	0.249	0.397	0.372	-0.12950000000000006
0.019	0.128	0.169	0.25	-0.09550000000000002
0.164	0.21	0.199	0.102	-0.01200000000000001
0.092	0.283	0.24	0.085	-0.05249999999999999
0.081	0.236	0.393	0.244	-0.23450000000000001
0.033	0.256	0.332	0.288	-0.1875
0.097	0.158	0.156	0.322	-0.028499999999999998
0.139	0.14	0.237	0.325	-0.09749999999999998
0.025	0.11	0.139	0.346	-0.07150000000000001
0.283	0.346	0.306	0.418	0.008500000000000008
0.411	0.446	0.322	0.278	0.10649999999999998
0.275	0.415	0.362	0.365	-0.017000000000000015
0.031	0.285	0.323	0.217	-0.16500000000000004
0.239	0.265	0.255	0.365	-0.0030000000000000027
0.3	0.251	0.2	0.252	0.07549999999999996
0.294	0.156	0.199	0.295	0.025999999999999968
0.181	0.326	0.148	0.15	0.10550000000000001
0.103	0.433	0.295	0.205	-0.02699999999999997
0.372	0.474	0.322	0.358	0.10099999999999998
0.297	0.381	0.355	0.345	-0.016000000000000014
0.283	0.276	0.305	0.376	-0.025500000000000023
0.092	0.219	0.259	0.308	-0.10350000000000001
0.244	0.307	0.37	0.413	-0.09450000000000003
0.103	0.287	0.241	0.358	-0.04600000000000001
0.394	0.231	0.161	0.169	0.1515
0.064	0.201	0.257	0.216	-0.1245
0.156	0.294	0.353	0.223	-0.128
0.139	0.192	0.304	0.396	-0.13849999999999998
0.125	0.247	0.248	0.258	-0.062
0.119	0.201	0.278	0.2	-0.11800000000000002
0.1	0.146	0.352	0.169	-0.22899999999999998
0.192	0.097	0.168	0.137	-0.023499999999999993
0.044	0.056	0.158	0.154	-0.108
0.056	0.133	0.056	0.111	0.0385
0.225	0.268	0.33	0.36	-0.08350000000000002
0.192	0.038	0.097	0.196	0.018000000000000002
0.164	0.16	0.158	0.214	0.0040000000000000036
0.167	0.389	0.364	0.394	-0.08599999999999997
0.011	0.087	0.272	0.212	-0.22300000000000003
0.053	0.051	0.154	0.284	-0.10200000000000001
0.094	0.258	0.243	0.259	-0.067
0.053	0.062	0.091	0.154	-0.0335
0.028	0.108	0.114	0.455	-0.046
0.053	0.001	0.11	0.217	-0.083
0.111	0.185	0.165	0.152	-0.017000000000000015
0.042	0.256	0.296	0.426	-0.147
0.019	0.032	0.23	0.265	-0.20450000000000002
0.15	0.092	0.243	0.268	-0.122
0.067	0.229	0.37	0.226	-0.22199999999999998
0.158	0.463	0.263	0.382	0.04749999999999999
0.244	0.204	0.167	0.213	0.05699999999999997
0.15	0.114	0.428	0.34	-0.296
0.15	0.368	0.172	0.152	0.08700000000000002
0.1	0.069	0.232	0.144	-0.14750000000000002
0.183	0.247	0.174	0.248	0.04100000000000001
0.289	0.304	0.325	0.21	-0.028500000000000025
0.128	0.249	0.368	0.178	-0.1795
0.203	0.314	0.06	0.183	0.1985
0.069	0.11	0.182	0.192	-0.0925
0.069	0.121	0.149	0.366	-0.05399999999999999
0.031	0.232	0.278	0.288	-0.14650000000000002
0.447	0.246	0.281	0.319	0.0655
0.136	0.107	0.18	0.13	-0.058499999999999996
0.006	0.038	0.231	0.196	-0.20900000000000002
0.283	0.299	0.35	0.388	-0.059
0.075	0.211	0.36	0.321	-0.217
0.064	0.086	0.124	0.263	-0.049
0.039	0.361	0.249	0.333	-0.049000000000000016
0.214	0.242	0.154	0.323	0.07399999999999998
0.264	0.379	0.28	0.212	0.04149999999999998
0.189	0.315	0.135	0.306	0.11699999999999999
0.244	0.118	0.062	0.26	0.119
0.156	0.303	0.126	0.158	0.10349999999999998
0.319	0.328	0.144	0.165	0.17950000000000002
0.175	0.311	0.326	0.389	-0.08300000000000002
0.092	0.061	0.327	0.346	-0.2505
0.142	0.129	0.21	0.284	-0.07449999999999998
0.275	0.214	0.245	0.267	-0.0005000000000000004
0.111	0.185	0.222	0.177	-0.07400000000000001
0.067	0.065	0.163	0.21	-0.097
0.022	0.118	0.271	0.254	-0.201
0.244	0.312	0.217	0.126	0.061000000000000026
0.119	0.265	0.138	0.236	0.05399999999999999
0.114	0.225	0.316	0.195	-0.1465
0.022	0.05	0.08	0.022	-0.044
0.294	0.324	0.269	0.144	0.03999999999999998
0.089	0.104	0.265	0.393	-0.1685
0.236	0.236	0.322	0.305	-0.08600000000000002
0.297	0.397	0.378	0.308	-0.031000000000000028
0.019	0.053	0.063	0.201	-0.027000000000000003
0.339	0.197	0.169	0.267	0.099
0.128	0.106	0.23	0.353	-0.11300000000000002
0.167	0.217	0.297	0.27	-0.10499999999999998
0.167	0.16	0.197	0.209	-0.0335
0.178	0.357	0.456	0.405	-0.18850000000000006
0.014	0.106	0.193	0.307	-0.133
0.0	0.165	0.377	0.312	-0.2945
0.292	0.446	0.167	0.115	0.20199999999999999
0.031	0.182	0.257	0.429	-0.15050000000000002
0.025	0.119	0.244	0.379	-0.172
0.058	0.24	0.433	0.216	-0.28400000000000003
0.094	0.425	0.4	0.34	-0.1405
0.375	0.406	0.499	0.324	-0.10849999999999999
0.214	0.219	0.299	0.227	-0.08249999999999999
0.314	0.319	0.306	0.263	0.01050000000000001
0.028	0.132	0.295	0.263	-0.21499999999999997
0.328	0.286	0.204	0.233	0.10300000000000001
0.097	0.158	0.213	0.325	-0.08549999999999999
0.117	0.107	0.225	0.363	-0.113
0.192	0.336	0.274	0.261	-0.010000000000000009
0.119	0.188	0.315	0.364	-0.1615
0.411	0.236	0.318	0.19	0.005500000000000005
0.083	0.269	0.378	0.423	-0.20199999999999999
0.3	0.311	0.31	0.306	-0.004500000000000004
0.003	0.076	0.267	0.26	-0.2275
0.2	0.122	0.244	0.307	-0.08299999999999999
0.119	0.039	0.253	0.294	-0.174
0.317	0.339	0.229	0.09	0.099
0.272	0.319	0.188	0.293	0.10749999999999998
0.081	0.175	0.36	0.468	-0.23199999999999998
0.3	0.218	0.241	0.266	0.018000000000000016
0.169	0.194	0.362	0.178	-0.1805
0.25	0.303	0.281	0.281	-0.0045000000000000595
0.022	0.104	0.206	0.393	-0.143
0.433	0.45	0.281	0.328	0.16049999999999998
0.3	0.422	0.416	0.321	-0.05499999999999999
0.05	0.039	0.044	0.256	0.0005000000000000004
0.114	0.057	0.107	0.215	-0.02149999999999999
0.192	0.361	0.376	0.347	-0.09950000000000003
0.125	0.264	0.298	0.377	-0.10349999999999998
0.061	0.196	0.338	0.233	-0.20950000000000002
0.011	0.108	0.241	0.194	-0.1815
0.208	0.228	0.292	0.138	-0.07399999999999998
0.264	0.199	0.378	0.348	-0.1465
0.211	0.318	0.274	0.285	-0.009500000000000008
0.067	0.086	0.327	0.379	-0.2505
0.322	0.203	0.116	0.283	0.14650000000000002
0.072	0.225	0.233	0.263	-0.08450000000000002
0.042	0.047	0.306	0.246	-0.2615
0.094	0.174	0.172	0.219	-0.03799999999999998
0.194	0.314	0.228	0.245	0.025999999999999995
0.217	0.138	0.26	0.241	-0.08250000000000002
0.117	0.213	0.361	0.363	-0.19599999999999998
0.128	0.132	0.264	0.372	-0.134
0.236	0.064	0.009	0.315	0.141
0.053	0.11	0.063	0.105	0.018500000000000003
0.383	0.321	0.32	0.377	0.03199999999999997
0.139	0.385	0.244	0.259	0.018000000000000016
0.197	0.224	0.367	0.189	-0.15649999999999997
0.036	0.312	0.213	0.303	-0.03900000000000001
0.222	0.222	0.238	0.217	-0.015999999999999986
0.022	0.296	0.198	0.231	-0.03900000000000001
0.161	0.192	0.116	0.201	0.060499999999999984
0.172	0.226	0.324	0.309	-0.125
0.136	0.278	0.16	0.17	0.047000000000000014
0.133	0.222	0.355	0.39	-0.1775
0.1	0.114	0.139	0.196	-0.032
0.247	0.297	0.365	0.33	-0.09299999999999997
0.0	0.074	0.297	0.25	-0.26
0.069	0.129	0.25	0.183	-0.151
0.131	0.144	0.055	0.195	0.08250000000000002
0.228	0.333	0.24	0.307	0.040500000000000036
0.292	0.346	0.188	0.17	0.13099999999999995
0.222	0.162	0.122	0.266	0.07
0.086	0.274	0.153	0.343	0.026999999999999996
0.392	0.3	0.261	0.273	0.08499999999999996
0.122	0.283	0.276	0.191	-0.07350000000000004
0.069	0.328	0.315	0.168	-0.11649999999999999
0.108	0.154	0.324	0.337	-0.193
0.081	0.26	0.267	0.311	-0.0965
0.264	0.218	0.102	0.319	0.139
0.008	0.158	0.304	0.312	-0.22099999999999997
0.022	0.093	0.156	0.251	-0.0985
0.242	0.25	0.355	0.16	-0.10899999999999999
0.064	0.315	0.41	0.267	-0.22049999999999997
0.253	0.339	0.289	0.305	0.007000000000000062
0.083	0.244	0.438	0.304	-0.27449999999999997
0.197	0.237	0.283	0.223	-0.06599999999999998
0.089	0.161	0.083	0.166	0.041999999999999996
0.208	0.375	0.47	0.21	-0.1785
0.117	0.261	0.376	0.224	-0.187
0.275	0.132	0.129	0.148	0.07450000000000001
0.119	0.108	0.067	0.173	0.046499999999999986
0.058	0.017	0.01	0.309	0.027500000000000004
0.092	0.311	0.272	0.137	-0.07050000000000001
0.061	0.174	0.265	0.305	-0.14750000000000002
0.042	0.128	0.164	0.169	-0.079
0.239	0.396	0.186	0.356	0.1315
0.261	0.432	0.286	0.306	0.060500000000000054
0.036	0.014	0.099	0.357	-0.07400000000000001
0.161	0.125	0.149	0.217	-0.005999999999999978
0.053	0.176	0.296	0.325	-0.1815
0.042	0.1	0.258	0.15	-0.187
0.003	0.247	0.183	0.173	-0.057999999999999996
0.272	0.415	0.306	0.417	0.03750000000000003
0.0	0.14	0.447	0.393	-0.377
0.389	0.092	0.278	0.269	-0.03750000000000003
0.239	0.213	0.275	0.292	-0.049000000000000044
0.344	0.25	0.312	0.357	-0.015000000000000013
0.297	0.325	0.371	0.312	-0.06
0.114	0.103	0.314	0.258	-0.20550000000000002
0.192	0.2	0.233	0.158	-0.037000000000000005
0.108	0.175	0.308	0.242	-0.1665
0.253	0.206	0.447	0.296	-0.21750000000000003
0.0	0.004	0.057	0.063	-0.055
0.042	0.254	0.188	0.11	-0.04000000000000001
0.053	0.099	0.123	0.156	-0.047
0.097	0.022	0.21	0.344	-0.1505
0.197	0.383	0.194	0.138	0.09600000000000003
0.025	0.068	0.267	0.388	-0.22050000000000003
0.256	0.242	0.167	0.391	0.08199999999999999
0.256	0.236	0.177	0.163	0.069
0.058	0.103	0.126	0.192	-0.0455
0.186	0.349	0.33	0.448	-0.06250000000000006
0.231	0.346	0.286	0.346	0.0025000000000000022
0.147	0.256	0.269	0.295	-0.0675
0.161	0.357	0.339	0.134	-0.08000000000000002
0.197	0.183	0.322	0.335	-0.132
0.0	0.013	0.168	0.256	-0.1615
0.044	0.108	0.034	0.168	0.041999999999999996
0.106	0.056	0.156	0.329	-0.075
0.211	0.214	0.281	0.35	-0.06850000000000003
0.297	0.442	0.325	0.383	0.044499999999999984
0.064	0.093	0.194	0.298	-0.1155
0.042	0.133	0.287	0.36	-0.19949999999999996
0.233	0.1	0.333	0.32	-0.1665
0.094	0.29	0.377	0.273	-0.185
0.081	0.112	0.225	0.327	-0.1285
0.058	0.143	0.287	0.218	-0.1865
0.089	0.206	0.184	0.322	-0.036500000000000005
0.208	0.222	0.249	0.336	-0.034
0.278	0.258	0.213	0.295	0.05500000000000002
0.003	0.046	0.272	0.155	-0.24750000000000003
0.008	0.054	0.183	0.342	-0.152
0.239	0.225	0.138	0.079	0.09399999999999997
0.261	0.36	0.296	0.21	0.014500000000000013
0.097	0.179	0.231	0.28	-0.093
0.256	0.372	0.304	0.356	0.010000000000000009
0.0	0.108	0.204	0.377	-0.15
0.15	0.146	0.409	0.296	-0.261
0.075	0.204	0.262	0.277	-0.12250000000000003
0.106	0.056	0.109	0.149	-0.027999999999999997
0.203	0.307	0.065	0.087	0.19
0.031	0.044	0.069	0.138	-0.03150000000000001
0.325	0.301	0.315	0.308	-0.0020000000000000018
0.169	0.179	0.402	0.15	-0.22800000000000004
0.056	0.264	0.157	0.194	0.0030000000000000027
0.181	0.347	0.197	0.319	0.067
0.306	0.311	0.392	0.303	-0.08350000000000002
0.044	0.371	0.133	0.166	0.07449999999999998
0.031	0.036	0.322	0.228	-0.2885
0.186	0.128	0.324	0.334	-0.167
0.031	0.028	0.037	0.125	-0.0075
0.297	0.25	0.444	0.357	-0.17050000000000004
0.208	0.214	0.289	0.417	-0.07799999999999999
0.161	0.232	0.395	0.301	-0.1985
0.294	0.242	0.26	0.292	0.008000000000000007
0.297	0.304	0.342	0.286	-0.04150000000000004
0.067	0.115	0.226	0.257	-0.135
0.083	0.154	0.312	0.212	-0.1935
0.036	0.19	0.224	0.257	-0.111
0.344	0.288	0.318	0.345	-0.0020000000000000573
0.183	0.41	0.335	0.306	-0.038500000000000034
0.0	0.026	0.139	0.183	-0.126
0.328	0.333	0.219	0.07	0.11150000000000002
0.139	0.243	0.326	0.292	-0.135
0.189	0.349	0.178	0.365	0.09100000000000003
0.236	0.225	0.36	0.342	-0.1295
0.083	0.125	0.03	0.189	0.07400000000000001
0.206	0.356	0.344	0.184	-0.063
0.192	0.174	0.258	0.192	-0.07500000000000001
0.383	0.296	0.408	0.103	-0.06849999999999995
0.061	0.047	0.276	0.338	-0.22200000000000003
0.097	0.079	0.195	0.18	-0.10700000000000001
0.067	0.104	0.299	0.156	-0.2135
0.333	0.354	0.254	0.201	0.08950000000000002
0.394	0.301	0.299	0.214	0.04850000000000004
0.039	0.185	0.086	0.242	0.02600000000000001
0.064	0.069	0.35	0.265	-0.2835
0.208	0.344	0.251	0.247	0.024999999999999967
0.192	0.317	0.183	0.071	0.07150000000000001
0.194	0.244	0.32	0.35	-0.101
0.247	0.381	0.292	0.219	0.02200000000000002
0.139	0.207	0.16	0.311	0.012999999999999984
0.144	0.268	0.216	0.246	-0.009999999999999981
0.111	0.076	0.155	0.176	-0.0615
0.347	0.356	0.35	0.311	0.0015000000000000013
0.211	0.244	0.112	0.231	0.11549999999999998
0.011	0.022	0.095	0.173	-0.0785
0.392	0.385	0.356	0.281	0.03250000000000003
0.058	0.193	0.215	0.369	-0.0895
0.072	0.096	0.142	0.112	-0.057999999999999996
0.089	0.228	0.29	0.311	-0.13149999999999998
0.097	0.454	0.351	0.367	-0.07549999999999996
0.058	0.103	0.24	0.3	-0.15949999999999998
0.017	0.04	0.131	0.188	-0.10250000000000001
0.228	0.246	0.273	0.268	-0.03600000000000003
0.075	0.226	0.222	0.223	-0.07150000000000001
0.183	0.272	0.367	0.413	-0.13949999999999999
0.092	0.264	0.338	0.258	-0.16000000000000003
0.289	0.217	0.262	0.062	-0.009000000000000008
0.139	0.182	0.294	0.224	-0.13349999999999998
0.364	0.46	0.298	0.339	0.11400000000000005
0.192	0.251	0.258	0.241	-0.036500000000000005
0.122	0.16	0.089	0.25	0.05200000000000002
0.258	0.289	0.211	0.171	0.06249999999999997
0.228	0.233	0.296	0.227	-0.06549999999999997
0.219	0.331	0.228	0.2	0.047000000000000014
0.139	0.081	0.178	0.352	-0.06799999999999998
0.186	0.226	0.303	0.234	-0.09699999999999998
0.039	0.075	0.276	0.158	-0.21900000000000003
0.142	0.09	0.367	0.391	-0.251
0.214	0.236	0.194	0.112	0.030999999999999972
0.111	0.192	0.245	0.314	-0.0935
0.144	0.29	0.176	0.342	0.04099999999999998
0.169	0.156	0.24	0.252	-0.07749999999999999
0.156	0.265	0.29	0.294	-0.07949999999999996
0.303	0.21	0.342	0.28	-0.08550000000000002
0.308	0.31	0.399	0.348	-0.09000000000000002
0.139	0.324	0.014	0.127	0.2175
0.375	0.171	0.349	0.388	-0.07599999999999996
0.292	0.246	0.169	0.352	0.1
0.028	0.09	0.321	0.179	-0.262
0.183	0.103	0.174	0.165	-0.031
0.425	0.296	0.318	0.267	0.04249999999999998
0.358	0.371	0.324	0.338	0.04049999999999998
0.047	0.185	0.275	0.272	-0.15900000000000003
0.069	0.058	0.057	0.204	0.006499999999999999
0.128	0.274	0.403	0.329	-0.202
0.172	0.165	0.326	0.283	-0.15750000000000003
0.206	0.401	0.323	0.293	-0.019500000000000017
0.0	0.087	0.124	0.06	-0.0805
0.386	0.412	0.368	0.327	0.031000000000000028
0.192	0.375	0.355	0.329	-0.07150000000000001
0.072	0.061	0.149	0.24	-0.08249999999999999
0.081	0.068	0.297	0.271	-0.22249999999999998
0.25	0.101	0.106	0.224	0.06949999999999999
0.206	0.118	0.247	0.079	-0.08500000000000002
0.458	0.301	0.452	0.241	-0.07250000000000001
0.2	0.332	0.305	0.25	-0.03899999999999998
0.036	0.143	0.347	0.378	-0.25749999999999995
0.125	0.311	0.403	0.223	-0.18500000000000003
0.258	0.226	0.269	0.332	-0.027000000000000024
0.222	0.121	0.17	0.217	0.0014999999999999736
0.0	0.064	0.351	0.331	-0.31899999999999995
0.044	0.144	0.197	0.13	-0.10300000000000001
0.025	0.05	0.178	0.355	-0.14049999999999999
0.214	0.375	0.218	0.368	0.07649999999999998
0.403	0.231	0.195	0.198	0.122
0.272	0.296	0.483	0.369	-0.19899999999999995
0.089	0.422	0.294	0.173	-0.03849999999999998
0.142	0.328	0.345	0.325	-0.10999999999999999
0.061	0.124	0.283	0.327	-0.19049999999999997
0.05	0.203	0.237	0.062	-0.11049999999999999
0.194	0.183	0.219	0.131	-0.0305
0.067	0.1	0.179	0.395	-0.09549999999999999
0.183	0.207	0.333	0.368	-0.138
0.031	0.132	0.209	0.167	-0.1275
0.292	0.175	0.298	0.223	-0.0645
0.281	0.228	0.312	0.348	-0.057499999999999996
0.278	0.267	0.317	0.448	-0.044499999999999984
0.125	0.229	0.213	0.302	-0.036000000000000004
0.014	0.171	0.339	0.344	-0.2465
0.214	0.21	0.203	0.178	0.00899999999999998
0.2	0.249	0.186	0.136	0.038500000000000006
0.161	0.308	0.263	0.293	-0.028500000000000025
0.064	0.229	0.388	0.328	-0.2415
0.1	0.099	0.169	0.079	-0.0695
0.289	0.419	0.231	0.231	0.12299999999999997
0.075	0.167	0.245	0.223	-0.124
0.036	0.043	0.13	0.265	-0.09050000000000001
0.308	0.2	0.165	0.19	0.089
0.167	0.346	0.231	0.34	0.025499999999999995
0.139	0.11	0.182	0.254	-0.057499999999999996
0.011	0.019	0.174	0.212	-0.15899999999999997
0.083	0.249	0.206	0.148	-0.03999999999999998
0.222	0.253	0.082	0.185	0.15549999999999997
0.056	0.039	0.217	0.369	-0.16949999999999998
0.236	0.264	0.306	0.187	-0.055999999999999994
0.0	0.017	0.087	0.346	-0.07849999999999999
0.081	0.165	0.128	0.031	-0.0050000000000000044
0.1	0.196	0.325	0.309	-0.177
0.208	0.262	0.362	0.223	-0.127
0.097	0.019	0.218	0.317	-0.16
0.119	0.282	0.315	0.105	-0.11450000000000002
0.169	0.353	0.451	0.2	-0.19
0.203	0.24	0.247	0.311	-0.025499999999999995
0.092	0.167	0.292	0.326	-0.16249999999999998
0.158	0.392	0.338	0.331	-0.063
0.139	0.249	0.356	0.289	-0.16199999999999998
0.233	0.329	0.319	0.254	-0.03799999999999998
0.05	0.268	0.283	0.315	-0.12399999999999997
0.064	0.185	0.244	0.072	-0.1195
0.158	0.158	0.174	0.14	-0.015999999999999986
0.028	0.124	0.21	0.111	-0.134
0.108	0.185	0.242	0.357	-0.0955
0.1	0.337	0.181	0.21	0.03750000000000003
0.089	0.111	0.266	0.293	-0.166
0.292	0.253	0.298	0.294	-0.025500000000000023
0.264	0.211	0.208	0.361	0.0295
0.242	0.206	0.103	0.315	0.12099999999999998
0.078	0.099	0.28	0.367	-0.19150000000000003
0.042	0.387	0.485	0.363	-0.27049999999999996
0.067	0.129	0.309	0.38	-0.211
0.233	0.226	0.239	0.309	-0.00949999999999998
0.233	0.199	0.195	0.238	0.02100000000000002
0.075	0.079	0.382	0.191	-0.305
0.222	0.367	0.165	0.083	0.12949999999999998
0.019	0.225	0.394	0.307	-0.272
0.056	0.056	0.28	0.316	-0.22400000000000003
0.089	0.154	0.174	0.328	-0.05249999999999999
0.008	0.107	0.241	0.265	-0.1835
0.089	0.104	0.197	0.122	-0.1005
0.194	0.322	0.341	0.2	-0.08300000000000002
0.092	0.289	0.374	0.249	-0.1835
0.042	0.039	0.014	0.203	0.026500000000000003
0.319	0.311	0.153	0.26	0.162
0.272	0.219	0.309	0.192	-0.0635
0.094	0.236	0.228	0.145	-0.06300000000000003
0.178	0.146	0.081	0.097	0.08099999999999997
0.103	0.21	0.364	0.26	-0.2075
0.3	0.222	0.254	0.402	0.007000000000000006
0.158	0.25	0.322	0.411	-0.118
0.083	0.082	0.063	0.206	0.019500000000000003
0.108	0.136	0.228	0.345	-0.10600000000000001
0.042	0.168	0.179	0.337	-0.07399999999999998
0.228	0.349	0.305	0.21	-0.016500000000000015
0.031	0.132	0.199	0.261	-0.11750000000000001
0.047	0.085	0.301	0.144	-0.235
0.094	0.174	0.367	0.142	-0.23299999999999998
0.169	0.153	0.258	0.267	-0.097
0.114	0.231	0.235	0.187	-0.06249999999999997
0.086	0.135	0.113	0.325	-0.0025000000000000022
0.275	0.21	0.151	0.196	0.0915
0.114	0.331	0.103	0.125	0.11950000000000001
0.056	0.103	0.304	0.394	-0.22449999999999998
0.303	0.324	0.338	0.382	-0.024500000000000022
0.144	0.139	0.324	0.281	-0.1825
0.103	0.042	0.205	0.327	-0.1325
0.194	0.306	0.312	0.328	-0.062
0.256	0.088	0.31	0.269	-0.138
0.119	0.243	0.162	0.124	0.01899999999999999
0.208	0.194	0.376	0.343	-0.175
0.294	0.269	0.315	0.242	-0.03350000000000003
0.153	0.253	0.269	0.253	-0.066
0.031	0.097	0.132	0.165	-0.068
0.083	0.267	0.228	0.176	-0.05299999999999999
0.189	0.249	0.192	0.212	0.026999999999999996
0.0	0.038	0.176	0.304	-0.157
0.172	0.203	0.116	0.308	0.0715
0.042	0.233	0.246	0.158	-0.10849999999999999
0.089	0.117	0.1	0.274	0.0030000000000000027
0.2	0.328	0.175	0.122	0.08900000000000002
0.056	0.121	0.176	0.222	-0.0875
0.242	0.418	0.262	0.381	0.06799999999999995
0.178	0.264	0.392	0.331	-0.171
0.242	0.135	0.192	0.262	-0.003500000000000003
0.244	0.249	0.292	0.262	-0.045499999999999985
0.231	0.308	0.325	0.131	-0.055499999999999994
0.369	0.289	0.326	0.164	0.002999999999999947
0.144	0.254	0.219	0.288	-0.01999999999999999
0.153	0.432	0.407	0.303	-0.11449999999999999
0.269	0.322	0.334	0.208	-0.038500000000000034
0.167	0.132	0.376	0.188	-0.22649999999999998
0.133	0.29	0.324	0.291	-0.11250000000000002
0.317	0.235	0.259	0.153	0.017000000000000015
0.169	0.207	0.301	0.349	-0.11299999999999999
0.153	0.092	0.194	0.208	-0.07150000000000001
0.169	0.092	0.174	0.282	-0.04349999999999998
0.036	0.051	0.118	0.125	-0.0745
0.2	0.236	0.157	0.095	0.061
0.303	0.318	0.195	0.396	0.11549999999999999
0.147	0.122	0.275	0.13	-0.1405
0.211	0.262	0.46	0.331	-0.22350000000000003
0.206	0.262	0.226	0.146	0.00799999999999998
0.261	0.189	0.381	0.44	-0.156
0.286	0.31	0.321	0.294	-0.02300000000000002
0.161	0.264	0.224	0.33	-0.011499999999999982
0.075	0.324	0.215	0.188	-0.015499999999999986
0.206	0.317	0.34	0.363	-0.07850000000000001
0.156	0.438	0.274	0.36	0.022999999999999965
0.142	0.236	0.189	0.246	0.0
0.247	0.246	0.363	0.235	-0.11649999999999999
0.083	0.068	0.456	0.192	-0.3805
0.158	0.364	0.173	0.287	0.08800000000000002
0.214	0.307	0.22	0.179	0.04050000000000001
0.008	0.265	0.411	0.247	-0.27449999999999997
0.072	0.372	0.378	0.375	-0.156
0.05	0.04	0.048	0.333	-0.0030000000000000027
0.106	0.257	0.224	0.301	-0.04250000000000001
0.008	0.174	0.265	0.231	-0.17400000000000002
0.169	0.314	0.112	0.274	0.1295
0.05	0.176	0.251	0.15	-0.138
0.103	0.204	0.144	0.068	0.009500000000000008
0.136	0.169	0.306	0.286	-0.15349999999999997
0.114	0.218	0.338	0.268	-0.17200000000000001
0.086	0.143	0.287	0.401	-0.1725
0.111	0.101	0.275	0.282	-0.169
0.303	0.404	0.393	0.333	-0.03949999999999998
0.308	0.36	0.411	0.258	-0.07700000000000001
0.0	0.078	0.225	0.186	-0.186
0.122	0.272	0.138	0.151	0.059
0.125	0.176	0.229	0.194	-0.07850000000000001
0.239	0.174	0.199	0.376	0.007499999999999979
0.219	0.308	0.215	0.264	0.048500000000000015
0.175	0.192	0.235	0.247	-0.05149999999999999
0.378	0.343	0.294	0.301	0.06650000000000006
0.192	0.264	0.204	0.177	0.02400000000000002
0.131	0.207	0.212	0.272	-0.04300000000000001
0.414	0.449	0.219	0.308	0.2125
0.425	0.392	0.417	0.412	-0.008500000000000008
0.203	0.269	0.347	0.229	-0.11099999999999996
0.233	0.342	0.407	0.216	-0.11949999999999994
0.136	0.201	0.293	0.102	-0.12449999999999997
0.061	0.193	0.274	0.34	-0.14700000000000002
0.086	0.34	0.293	0.321	-0.07999999999999996
0.131	0.149	0.346	0.138	-0.20599999999999996
0.267	0.304	0.353	0.095	-0.0675
0.267	0.164	0.269	0.411	-0.05349999999999999
0.069	0.399	0.315	0.362	-0.08099999999999999
0.125	0.033	0.188	0.131	-0.109
0.0	0.096	0.173	0.25	-0.12499999999999999
0.042	0.272	0.118	0.249	0.03900000000000001
0.036	0.015	0.139	0.159	-0.11350000000000002
0.15	0.157	0.253	0.264	-0.0995
0.017	0.186	0.176	0.242	-0.07449999999999998
0.153	0.328	0.15	0.267	0.0905
0.175	0.108	0.287	0.358	-0.1455
0.178	0.033	0.237	0.35	-0.1315
0.203	0.312	0.448	0.206	-0.1905
0.003	0.157	0.125	0.254	-0.045
0.128	0.351	0.338	0.185	-0.09850000000000003
0.008	0.24	0.204	0.227	-0.07999999999999999
0.039	0.078	0.039	0.187	0.019499999999999997
0.3	0.39	0.314	0.36	0.030999999999999972
0.256	0.062	0.285	0.229	-0.12599999999999997
0.108	0.408	0.36	0.313	-0.10199999999999998
0.011	0.321	0.286	0.327	-0.11999999999999997
0.247	0.26	0.206	0.243	0.047500000000000014
0.169	0.128	0.356	0.355	-0.20749999999999996
0.0	0.04	0.187	0.436	-0.167
0.022	0.101	0.209	0.198	-0.1475
0.183	0.207	0.228	0.279	-0.033
0.169	0.272	0.326	0.358	-0.10549999999999998
0.017	0.093	0.265	0.257	-0.21000000000000002
0.214	0.181	0.108	0.098	0.08950000000000001
0.275	0.326	0.258	0.326	0.04249999999999998
0.108	0.125	0.128	0.064	-0.01150000000000001
0.039	0.053	0.072	0.233	-0.025999999999999995
0.136	0.139	0.138	0.062	-0.0005000000000000004
0.239	0.439	0.31	0.272	0.02899999999999997
0.058	0.149	0.321	0.249	-0.21750000000000003
0.228	0.246	0.091	0.173	0.146
0.231	0.135	0.084	0.092	0.09899999999999999
0.258	0.394	0.236	0.132	0.09000000000000002
0.358	0.306	0.163	0.207	0.16899999999999996
0.314	0.326	0.063	0.141	0.257
0.128	0.158	0.142	0.199	0.0010000000000000286
0.225	0.303	0.239	0.256	0.025000000000000022
0.231	0.403	0.312	0.25	0.0050000000000000044
0.022	0.214	0.291	0.282	-0.173
0.206	0.268	0.319	0.328	-0.08200000000000002
0.033	0.318	0.46	0.372	-0.28450000000000003
0.272	0.192	0.378	0.188	-0.146
0.133	0.286	0.225	0.292	-0.015500000000000014
0.0	0.185	0.278	0.234	-0.18550000000000003
0.081	0.133	0.233	0.238	-0.126
0.419	0.344	0.185	0.194	0.19649999999999995
0.081	0.088	0.354	0.343	-0.26949999999999996
0.203	0.249	0.413	0.248	-0.18699999999999997
0.181	0.299	0.308	0.27	-0.068
0.094	0.375	0.445	0.321	-0.21050000000000002
0.069	0.1	0.202	0.366	-0.11750000000000001
0.111	0.067	0.231	0.156	-0.14200000000000002
0.267	0.09	0.126	0.124	0.05249999999999999
0.153	0.165	0.293	0.377	-0.13399999999999998
0.239	0.289	0.348	0.219	-0.08399999999999996
0.164	0.232	0.24	0.167	-0.04199999999999998
0.0	0.033	0.116	0.257	-0.0995
0.297	0.157	0.187	0.244	0.03999999999999998
0.072	0.192	0.324	0.278	-0.192
0.336	0.236	0.367	0.39	-0.08099999999999996
0.022	0.181	0.279	0.274	-0.17750000000000005
0.058	0.147	0.349	0.168	-0.2465
0.178	0.16	0.255	0.121	-0.08600000000000002
0.056	0.185	0.228	0.211	-0.10750000000000001
0.169	0.215	0.1	0.25	0.092
0.239	0.353	0.233	0.333	0.06299999999999997
0.011	0.086	0.204	0.169	-0.1555
0.019	0.186	0.31	0.343	-0.20750000000000002
0.05	0.111	0.132	0.354	-0.051500000000000004
0.317	0.247	0.337	0.338	-0.05499999999999999
0.058	0.043	0.326	0.197	-0.2755
0.061	0.237	0.344	0.163	-0.19499999999999998
0.122	0.222	0.175	0.088	-0.0030000000000000027
0.042	0.262	0.305	0.287	-0.153
0.067	0.024	0.074	0.124	-0.028499999999999998
0.069	0.126	0.179	0.275	-0.08149999999999999
0.0	0.126	0.273	0.206	-0.21000000000000002
0.156	0.374	0.111	0.163	0.15400000000000003
0.081	0.321	0.382	0.312	-0.181
0.153	0.147	0.319	0.491	-0.169
0.05	0.09	0.131	0.23	-0.061
0.306	0.099	0.281	0.263	-0.07850000000000001
0.064	0.007	0.174	0.123	-0.13849999999999998
0.169	0.092	0.207	0.124	-0.07649999999999998
0.15	0.324	0.289	0.238	-0.05199999999999999
0.397	0.326	0.309	0.22	0.05250000000000005
0.058	0.113	0.104	0.203	-0.01849999999999999
0.181	0.208	0.203	0.248	-0.008500000000000008
0.086	0.315	0.363	0.161	-0.16249999999999998
0.222	0.206	0.294	0.278	-0.07999999999999999
0.139	0.285	0.172	0.4	0.04000000000000001
0.139	0.257	0.144	0.205	0.05400000000000002
0.15	0.232	0.233	0.157	-0.04200000000000001
0.339	0.414	0.438	0.323	-0.0615
0.189	0.278	0.276	0.416	-0.04250000000000001
0.283	0.4	0.215	0.171	0.12650000000000003
0.111	0.231	0.197	0.358	-0.025999999999999995
0.061	0.128	0.355	0.235	-0.26049999999999995
0.431	0.15	0.353	0.221	-0.0625
0.111	0.114	0.175	0.179	-0.062499999999999986
0.239	0.154	0.284	0.273	-0.08749999999999997
0.136	0.336	0.335	0.206	-0.099
0.119	0.146	0.174	0.414	-0.04149999999999998
0.033	0.107	0.262	0.249	-0.192
0.006	0.189	0.337	0.33	-0.23950000000000002
0.406	0.247	0.293	0.302	0.03350000000000003
0.033	0.253	0.4	0.328	-0.257
0.119	0.128	0.377	0.198	-0.2535
0.275	0.442	0.283	0.204	0.07550000000000007
0.053	0.237	0.047	0.207	0.09799999999999999
0.342	0.426	0.328	0.159	0.055999999999999994
0.131	0.054	0.152	0.231	-0.0595
0.261	0.16	0.197	0.119	0.013500000000000012
0.144	0.157	0.242	0.328	-0.0915
0.044	0.122	0.318	0.253	-0.23500000000000001
0.125	0.167	0.24	0.286	-0.09399999999999997
0.156	0.233	0.358	0.256	-0.16349999999999998
0.114	0.174	0.183	0.209	-0.03900000000000001
0.228	0.251	0.39	0.21	-0.15050000000000002
0.375	0.381	0.127	0.126	0.251
0.292	0.114	0.224	0.152	-0.02100000000000002
0.272	0.276	0.287	0.393	-0.012999999999999956
0.089	0.032	0.183	0.342	-0.1225
0.058	0.042	0.219	0.203	-0.16899999999999998
0.356	0.324	0.203	0.317	0.13699999999999996
0.367	0.354	0.146	0.149	0.2145
0.4	0.262	0.224	0.254	0.10700000000000001
0.081	0.207	0.343	0.248	-0.19900000000000004
0.189	0.356	0.357	0.16	-0.08450000000000002
0.211	0.204	0.293	0.331	-0.08549999999999999
0.061	0.197	0.267	0.379	-0.138
0.147	0.244	0.445	0.195	-0.2495
0.0	0.147	0.185	0.156	-0.1115
0.125	0.178	0.101	0.092	0.05049999999999999
0.219	0.358	0.313	0.196	-0.024500000000000022
0.206	0.317	0.389	0.294	-0.1275
0.136	0.114	0.335	0.201	-0.21000000000000002
0.044	0.046	0.176	0.222	-0.131
0.261	0.119	0.314	0.102	-0.124
0.108	0.289	0.173	0.155	0.025499999999999995
0.094	0.156	0.262	0.285	-0.137
0.019	0.158	0.138	0.288	-0.049500000000000016
0.092	0.363	0.374	0.319	-0.14650000000000002
0.197	0.196	0.344	0.411	-0.14749999999999996
0.097	0.106	0.089	0.112	0.012500000000000011
0.15	0.242	0.328	0.285	-0.132
0.014	0.211	0.407	0.429	-0.2945
0.317	0.317	0.338	0.37	-0.02100000000000002
0.0	0.079	0.208	0.283	-0.16849999999999998
0.092	0.181	0.228	0.282	-0.0915
0.186	0.085	0.188	0.167	-0.05249999999999999
0.169	0.203	0.374	0.413	-0.188
0.133	0.178	0.21	0.235	-0.05449999999999999
0.239	0.175	0.214	0.058	-0.007000000000000006
0.128	0.253	0.192	0.288	-0.0015000000000000013
0.003	0.024	0.29	0.197	-0.27649999999999997
0.128	0.207	0.299	0.129	-0.1315
0.092	0.257	0.019	0.194	0.1555
0.042	0.067	0.129	0.09	-0.0745
0.086	0.058	0.147	0.348	-0.075
0.247	0.325	0.4	0.323	-0.11399999999999999
0.114	0.099	0.078	0.296	0.02850000000000001
0.242	0.268	0.24	0.083	0.015000000000000013
0.322	0.219	0.291	0.194	-0.020499999999999963
0.25	0.172	0.261	0.175	-0.05000000000000002
0.075	0.107	0.143	0.064	-0.05199999999999999
0.289	0.308	0.447	0.224	-0.14850000000000002
0.228	0.347	0.233	0.289	0.054499999999999965
0.169	0.149	0.319	0.211	-0.16
0.231	0.4	0.34	0.411	-0.024500000000000022
0.069	0.174	0.272	0.256	-0.15050000000000002
0.153	0.257	0.333	0.255	-0.128
0.092	0.181	0.304	0.321	-0.16749999999999998
0.247	0.133	0.188	0.189	0.0020000000000000018
0.114	0.093	0.131	0.404	-0.027499999999999997
0.144	0.196	0.392	0.24	-0.22200000000000003
0.214	0.222	0.31	0.128	-0.092
0.039	0.124	0.217	0.272	-0.1355
0.0	0.078	0.115	0.29	-0.07600000000000001
0.169	0.186	0.372	0.382	-0.1945
0.147	0.176	0.206	0.282	-0.04450000000000001
0.103	0.115	0.11	0.311	-0.0010000000000000009
0.086	0.253	0.349	0.281	-0.1795
0.325	0.3	0.253	0.231	0.0595
0.192	0.103	0.052	0.11	0.0955
0.05	0.153	0.237	0.363	-0.13549999999999998
0.325	0.257	0.281	0.363	0.010000000000000009
0.033	0.014	0.215	0.148	-0.1915
0.172	0.156	0.351	0.388	-0.187
0.317	0.176	0.238	0.167	0.008500000000000008
0.094	0.149	0.344	0.331	-0.22249999999999998
0.217	0.154	0.181	0.397	0.004500000000000004
0.031	0.16	0.27	0.178	-0.17450000000000002
0.114	0.312	0.408	0.159	-0.19499999999999998
0.022	0.082	0.263	0.196	-0.21100000000000002
0.044	0.032	0.107	0.424	-0.069
0.069	0.076	0.133	0.119	-0.0605
0.028	0.126	0.189	0.137	-0.112
0.069	0.09	0.249	0.187	-0.16949999999999998
0.167	0.281	0.31	0.29	-0.08599999999999997
0.186	0.299	0.053	0.153	0.1895
0.178	0.265	0.316	0.245	-0.0945
0.078	0.25	0.367	0.385	-0.20299999999999999
0.097	0.108	0.101	0.321	0.0015000000000000013
0.031	0.207	0.283	0.211	-0.16399999999999998
0.161	0.239	0.19	0.125	0.010000000000000009
0.069	0.126	0.185	0.19	-0.0875
0.239	0.236	0.178	0.251	0.0595
0.192	0.297	0.385	0.274	-0.1405
0.136	0.254	0.268	0.277	-0.07300000000000001
0.333	0.188	0.301	0.169	-0.04049999999999998
0.211	0.319	0.337	0.241	-0.07200000000000001
0.075	0.225	0.151	0.27	-0.0010000000000000009
0.044	0.258	0.343	0.425	-0.19200000000000003
0.242	0.311	0.281	0.252	-0.0045000000000000595
0.014	0.047	0.203	0.384	-0.17250000000000001
0.128	0.172	0.305	0.471	-0.155
0.142	0.265	0.144	0.111	0.059500000000000025
0.158	0.094	0.104	0.181	0.022000000000000006
0.247	0.221	0.233	0.178	0.0009999999999999731
0.133	0.262	0.319	0.144	-0.1215
0.133	0.226	0.207	0.269	-0.027499999999999997
0.083	0.122	0.194	0.156	-0.0915
0.228	0.317	0.222	0.315	0.05050000000000002
0.078	0.107	0.285	0.128	-0.19249999999999998
0.239	0.197	0.255	0.105	-0.037000000000000005
0.281	0.357	0.219	0.31	0.1
0.061	0.135	0.308	0.292	-0.21
0.094	0.169	0.26	0.223	-0.1285
0.186	0.357	0.283	0.259	-0.01150000000000001
0.147	0.168	0.385	0.31	-0.2275
0.042	0.3	0.379	0.174	-0.20800000000000002
0.264	0.292	0.197	0.327	0.08100000000000002
0.097	0.133	0.146	0.365	-0.030999999999999986
0.172	0.283	0.244	0.283	-0.016500000000000015
0.167	0.242	0.135	0.254	0.0695
0.017	0.046	0.342	0.277	-0.3105
0.081	0.228	0.337	0.372	-0.18250000000000002
0.067	0.111	0.315	0.365	-0.226
0.381	0.29	0.297	0.29	0.038500000000000034
0.464	0.349	0.403	0.265	0.0034999999999999476
0.2	0.181	0.201	0.152	-0.01050000000000001
0.428	0.457	0.36	0.421	0.08250000000000002
0.222	0.222	0.144	0.27	0.07800000000000001
0.356	0.368	0.241	0.383	0.121
0.206	0.221	0.37	0.167	-0.1565
0.189	0.058	0.149	0.242	-0.025499999999999995
0.15	0.214	0.317	0.288	-0.135
0.181	0.192	0.208	0.384	-0.02149999999999999
0.244	0.161	0.317	0.281	-0.11449999999999999
0.175	0.128	0.137	0.264	0.014499999999999985
0.172	0.25	0.267	0.213	-0.05600000000000002
0.133	0.349	0.205	0.1	0.036000000000000004
0.217	0.169	0.183	0.245	0.010000000000000009
0.267	0.231	0.29	0.327	-0.04099999999999998
0.183	0.189	0.149	0.213	0.037000000000000005
0.139	0.165	0.151	0.29	0.0010000000000000286
0.15	0.092	0.206	0.226	-0.08499999999999999
0.047	0.026	0.197	0.277	-0.1605
0.033	0.225	0.153	0.148	-0.023999999999999994
0.039	0.001	0.113	0.24	-0.093
0.081	0.24	0.227	0.233	-0.0665
0.189	0.235	0.178	0.22	0.034
0.053	0.022	0.084	0.247	-0.04650000000000001
0.292	0.256	0.403	0.335	-0.129
0.278	0.374	0.328	0.292	-0.0020000000000000018
0.158	0.186	0.225	0.252	-0.05300000000000002
0.092	0.01	0.214	0.236	-0.163
0.064	0.174	0.078	0.208	0.040999999999999995
0.381	0.213	0.193	0.116	0.10399999999999998
0.267	0.233	0.272	0.152	-0.02200000000000002
0.094	0.178	0.198	0.172	-0.062
0.094	0.314	0.258	0.292	-0.05399999999999999
0.042	0.158	0.187	0.175	-0.087
0.372	0.075	0.176	0.392	0.047500000000000014
0.239	0.151	0.176	0.289	0.019000000000000017
0.133	0.11	0.041	0.187	0.08049999999999999
0.2	0.196	0.219	0.332	-0.02099999999999999
0.139	0.247	0.219	0.226	-0.025999999999999995
0.119	0.235	0.101	0.175	0.07599999999999998
0.175	0.265	0.255	0.133	-0.035
0.086	0.278	0.283	0.374	-0.10099999999999998
0.289	0.182	0.288	0.207	-0.05249999999999999
0.122	0.232	0.372	0.151	-0.195
0.078	0.282	0.172	0.32	0.008000000000000007
0.228	0.3	0.223	0.145	0.04100000000000001
0.222	0.322	0.245	0.278	0.027000000000000024
0.172	0.179	0.336	0.247	-0.16050000000000003
0.261	0.26	0.272	0.327	-0.01150000000000001
0.144	0.142	0.344	0.263	-0.20099999999999998
0.233	0.229	0.365	0.298	-0.13399999999999998
0.133	0.224	0.133	0.083	0.045499999999999985
0.203	0.383	0.376	0.187	-0.08299999999999996
0.069	0.147	0.316	0.132	-0.20800000000000002
0.114	0.164	0.396	0.351	-0.257
0.15	0.094	0.211	0.258	-0.089
0.283	0.265	0.283	0.318	-0.008999999999999952
0.356	0.392	0.267	0.219	0.10699999999999998
0.244	0.385	0.319	0.338	-0.004500000000000004
0.028	0.296	0.26	0.298	-0.098
0.131	0.025	0.241	0.317	-0.16299999999999998
0.328	0.226	0.092	0.141	0.18500000000000003
0.233	0.36	0.435	0.307	-0.1385
0.206	0.268	0.393	0.338	-0.15600000000000003
0.078	0.299	0.349	0.302	-0.16049999999999998
0.244	0.132	0.151	0.196	0.037000000000000005
0.403	0.301	0.269	0.069	0.08299999999999996
0.211	0.261	0.353	0.346	-0.11699999999999999
0.167	0.126	0.26	0.453	-0.11349999999999999
0.214	0.215	0.233	0.208	-0.018500000000000016
0.008	0.061	0.232	0.14	-0.1975
0.231	0.197	0.247	0.323	-0.032999999999999974
0.297	0.343	0.334	0.313	-0.014000000000000012
0.142	0.299	0.349	0.231	-0.1285
0.106	0.121	0.215	0.386	-0.1015
0.136	0.047	0.204	0.262	-0.11249999999999999
0.3	0.312	0.091	0.15	0.215
0.069	0.122	0.138	0.247	-0.04250000000000001
0.075	0.154	0.194	0.205	-0.07950000000000002
0.019	0.129	0.277	0.275	-0.203
0.0	0.135	0.192	0.281	-0.1245
0.25	0.307	0.286	0.055	-0.007500000000000007
0.128	0.101	0.202	0.284	-0.08750000000000001
0.175	0.129	0.47	0.366	-0.31799999999999995
0.247	0.403	0.203	0.124	0.122
0.056	0.193	0.375	0.3	-0.2505
0.158	0.136	0.368	0.179	-0.22099999999999997
0.444	0.369	0.345	0.185	0.0615
0.175	0.25	0.049	0.04	0.16349999999999998
0.047	0.132	0.197	0.187	-0.10750000000000001
0.286	0.381	0.22	0.361	0.11350000000000002
0.164	0.113	0.167	0.252	-0.028499999999999998
0.3	0.206	0.322	0.193	-0.069
0.267	0.222	0.315	0.183	-0.07050000000000001
0.258	0.171	0.39	0.159	-0.1755
0.244	0.406	0.401	0.231	-0.07600000000000001
0.219	0.154	0.201	0.276	-0.014500000000000013
0.053	0.043	0.215	0.276	-0.16699999999999998
0.103	0.19	0.136	0.141	0.010499999999999982
0.319	0.2	0.344	0.252	-0.08449999999999996
0.106	0.079	0.117	0.207	-0.024500000000000008
0.15	0.3	0.339	0.336	-0.11400000000000005
0.425	0.386	0.267	0.2	0.13849999999999996
0.089	0.14	0.267	0.264	-0.15250000000000002
0.228	0.331	0.05	0.267	0.22950000000000004
0.133	0.331	0.351	0.155	-0.11899999999999997
0.111	0.208	0.245	0.315	-0.08549999999999999
0.008	0.015	0.052	0.143	-0.040499999999999994
0.131	0.204	0.288	0.378	-0.1205
0.319	0.278	0.34	0.227	-0.04150000000000004
0.339	0.243	0.149	0.196	0.14200000000000004
0.208	0.246	0.178	0.256	0.04899999999999999
0.025	0.082	0.276	0.261	-0.22250000000000003
0.017	0.112	0.261	0.248	-0.1965
0.15	0.286	0.314	0.139	-0.09600000000000003
0.178	0.093	0.147	0.108	-0.011499999999999982
0.089	0.403	0.234	0.311	0.011999999999999983
0.217	0.1	0.128	0.369	0.0305
0.133	0.207	0.396	0.313	-0.22600000000000003
0.281	0.272	0.204	0.224	0.07250000000000004
0.344	0.14	0.14	0.099	0.10199999999999998
0.0	0.097	0.137	0.305	-0.08850000000000001
0.236	0.271	0.256	0.152	-0.0025000000000000022
0.178	0.247	0.116	0.327	0.09649999999999999
0.297	0.342	0.339	0.279	-0.019500000000000017
0.072	0.238	0.438	0.248	-0.28300000000000003
0.064	0.128	0.174	0.319	-0.07799999999999999
0.131	0.292	0.356	0.369	-0.1445
0.181	0.228	0.304	0.296	-0.09949999999999998
0.358	0.347	0.354	0.292	-0.0015000000000000013
0.0	0.11	0.282	0.333	-0.22699999999999998
0.219	0.183	0.133	0.106	0.068
0.05	0.057	0.094	0.259	-0.040499999999999994
0.372	0.279	0.226	0.325	0.0995
0.111	0.15	0.233	0.412	-0.10250000000000001
0.192	0.229	0.314	0.298	-0.10349999999999998
0.014	0.086	0.126	0.34	-0.07600000000000001
0.258	0.247	0.219	0.259	0.0335
0.178	0.297	0.193	0.398	0.044499999999999984
0.153	0.321	0.222	0.363	0.014999999999999986
0.15	0.146	0.141	0.387	0.007000000000000006
0.022	0.043	0.029	0.153	0.0034999999999999996
0.358	0.268	0.299	0.259	0.014000000000000012
0.181	0.254	0.303	0.273	-0.08549999999999999
0.089	0.196	0.385	0.313	-0.2425
0.178	0.207	0.236	0.354	-0.04349999999999998
0.367	0.228	0.129	0.268	0.16849999999999998
0.078	0.244	0.206	0.283	-0.044999999999999984
0.389	0.444	0.401	0.29	0.015499999999999958
0.353	0.315	0.334	0.087	-5.551115123125783e-17
0.239	0.239	0.26	0.36	-0.02100000000000002
0.211	0.219	0.181	0.306	0.034
0.097	0.139	0.254	0.343	-0.136
0.033	0.017	0.165	0.227	-0.14
0.25	0.143	0.292	0.262	-0.09549999999999997
0.092	0.328	0.152	0.221	0.058000000000000024
0.003	0.008	0.064	0.343	-0.0585
0.031	0.021	0.284	0.369	-0.25799999999999995
0.15	0.125	0.162	0.262	-0.024499999999999994
0.25	0.211	0.324	0.318	-0.09350000000000003
0.153	0.072	0.024	0.177	0.0885
0.114	0.262	0.128	0.049	0.06
0.183	0.356	0.39	0.372	-0.12050000000000005
0.25	0.246	0.299	0.394	-0.05099999999999999
0.297	0.36	0.422	0.337	-0.09349999999999997
0.172	0.049	0.065	0.263	0.045499999999999985
0.172	0.243	0.237	0.258	-0.0295
0.286	0.444	0.319	0.257	0.045999999999999985
0.317	0.085	0.255	0.187	-0.05399999999999999
0.097	0.265	0.297	0.308	-0.11599999999999999
0.136	0.311	0.367	0.303	-0.1435
0.136	0.185	0.294	0.181	-0.13349999999999998
0.103	0.319	0.172	0.221	0.03900000000000001
0.214	0.244	0.185	0.09	0.043999999999999984
0.111	0.267	0.261	0.357	-0.07200000000000001
0.167	0.383	0.376	0.335	-0.10099999999999998
0.247	0.219	0.342	0.216	-0.10900000000000004
0.217	0.312	0.317	0.348	-0.05249999999999999
0.131	0.097	0.219	0.424	-0.105
0.197	0.236	0.331	0.227	-0.11450000000000002
0.072	0.376	0.394	0.29	-0.17
0.247	0.319	0.365	0.278	-0.08199999999999996
0.314	0.381	0.255	0.256	0.09250000000000003
0.111	0.301	0.294	0.216	-0.088
0.0	0.088	0.191	0.402	-0.14700000000000002
0.297	0.24	0.269	0.284	-0.000500000000000056
0.067	0.331	0.305	0.231	-0.10599999999999998
0.114	0.175	0.251	0.254	-0.10650000000000001
0.003	0.017	0.262	0.212	-0.252
0.114	0.161	0.102	0.188	0.03550000000000002
0.231	0.086	0.108	0.197	0.0505
0.114	0.287	0.284	0.286	-0.08349999999999999
0.211	0.082	0.011	0.229	0.13549999999999998
0.186	0.326	0.235	0.063	0.02100000000000002
0.108	0.207	0.356	0.277	-0.19849999999999998
0.092	0.279	0.178	0.369	0.007500000000000007
0.117	0.081	0.049	0.104	0.05
0.208	0.203	0.294	0.203	-0.08849999999999997
0.286	0.118	0.172	0.183	0.03
0.197	0.407	0.15	0.152	0.152
0.192	0.097	0.092	0.112	0.05250000000000002
0.219	0.294	0.273	0.102	-0.016500000000000015
0.014	0.057	0.176	0.404	-0.14049999999999999
0.258	0.339	0.347	0.275	-0.04849999999999999
0.253	0.326	0.303	0.363	-0.013500000000000012
0.039	0.274	0.084	0.037	0.0725
0.281	0.126	0.199	0.301	0.004500000000000004
0.097	0.093	0.153	0.347	-0.057999999999999996
0.169	0.235	0.352	0.341	-0.14999999999999997
0.253	0.258	0.161	0.188	0.0945
0.281	0.324	0.463	0.302	-0.16050000000000003
0.169	0.119	0.087	0.236	0.05700000000000002
0.2	0.254	0.194	0.22	0.033
0.056	0.126	0.21	0.359	-0.119
0.197	0.106	0.162	0.198	-0.01050000000000001
0.214	0.162	0.119	0.109	0.069
0.053	0.169	0.324	0.364	-0.21300000000000002
0.161	0.2	0.29	0.265	-0.10949999999999999
0.158	0.286	0.281	0.177	-0.05900000000000005
0.047	0.194	0.353	0.392	-0.23249999999999998
0.042	0.226	0.335	0.266	-0.201
0.075	0.215	0.35	0.389	-0.205
0.247	0.222	0.285	0.183	-0.05049999999999999
0.056	0.165	0.048	0.302	0.0625
0.067	0.304	0.23	0.204	-0.04450000000000001
0.033	0.128	0.205	0.31	-0.12449999999999999
0.164	0.093	0.202	0.341	-0.07350000000000001
0.194	0.168	0.179	0.227	0.0020000000000000018
0.0	0.074	0.203	0.204	-0.166
0.086	0.14	0.303	0.401	-0.19
0.233	0.226	0.128	0.388	0.1015
0.072	0.067	0.371	0.271	-0.3015
0.056	0.057	0.08	0.179	-0.0235
0.003	0.325	0.262	0.293	-0.098
0.292	0.449	0.345	0.278	0.025500000000000023
0.025	0.101	0.158	0.213	-0.095
0.044	0.156	0.211	0.242	-0.11099999999999999
0.4	0.29	0.21	0.278	0.13499999999999998
0.147	0.129	0.236	0.335	-0.09799999999999998
0.353	0.243	0.173	0.193	0.125
0.031	0.11	0.267	0.283	-0.1965
0.042	0.26	0.242	0.328	-0.091
0.15	0.185	0.284	0.276	-0.11649999999999999
0.383	0.321	0.291	0.243	0.061
0.383	0.099	0.156	0.414	0.08499999999999999
0.228	0.171	0.183	0.152	0.016500000000000015
0.131	0.372	0.442	0.331	-0.1905
0.053	0.117	0.158	0.289	-0.073
0.164	0.253	0.156	0.077	0.05250000000000002
0.261	0.167	0.335	0.326	-0.121
0.192	0.228	0.389	0.167	-0.179
0.331	0.339	0.276	0.189	0.059
0.108	0.228	0.326	0.361	-0.158
0.136	0.162	0.138	0.117	0.01100000000000001
0.158	0.258	0.358	0.354	-0.14999999999999997
0.167	0.213	0.268	0.32	-0.07800000000000001
0.289	0.271	0.412	0.285	-0.13199999999999995
0.164	0.208	0.087	0.283	0.099
0.278	0.311	0.443	0.239	-0.14850000000000002
0.061	0.15	0.228	0.355	-0.12250000000000001
0.181	0.332	0.184	0.292	0.07250000000000001
0.072	0.222	0.256	0.214	-0.10900000000000001
0.206	0.183	0.137	0.175	0.057499999999999996
0.211	0.325	0.427	0.223	-0.15899999999999997
0.097	0.135	0.062	0.077	0.054000000000000006
0.286	0.499	0.395	0.395	-0.0025000000000000577
0.028	0.032	0.059	0.135	-0.028999999999999998
0.172	0.243	0.295	0.323	-0.0875
0.125	0.192	0.269	0.202	-0.11050000000000001
0.3	0.121	0.384	0.234	-0.17350000000000002
0.219	0.135	0.148	0.257	0.028999999999999998
0.328	0.129	0.26	0.167	-0.0315
0.086	0.256	0.262	0.23	-0.09100000000000003
0.278	0.258	0.226	0.271	0.04200000000000001
0.019	0.254	0.362	0.323	-0.22549999999999998
0.108	0.151	0.432	0.263	-0.3025
0.144	0.208	0.183	0.265	-0.007000000000000006
0.003	0.11	0.097	0.175	-0.0405
0.103	0.089	0.037	0.274	0.059000000000000004
0.253	0.329	0.352	0.346	-0.06099999999999994
0.356	0.297	0.283	0.356	0.04350000000000004
0.011	0.143	0.233	0.101	-0.15600000000000003
0.033	0.136	0.138	0.252	-0.053500000000000006
0.236	0.321	0.363	0.356	-0.08450000000000002
0.303	0.325	0.185	0.052	0.129
0.039	0.049	0.142	0.243	-0.09799999999999999
0.25	0.265	0.31	0.334	-0.05249999999999999
0.025	0.157	0.078	0.281	0.012999999999999998
0.217	0.231	0.206	0.295	0.018000000000000016
0.233	0.167	0.188	0.236	0.01200000000000001
0.181	0.285	0.347	0.284	-0.11399999999999999
0.3	0.242	0.203	0.191	0.068
0.058	0.126	0.178	0.218	-0.086
0.033	0.226	0.426	0.08	-0.2965
0.033	0.106	0.256	0.381	-0.1865
0.189	0.211	0.19	0.272	0.010000000000000009
0.178	0.072	0.231	0.337	-0.10600000000000001
0.4	0.186	0.18	0.16	0.11300000000000004
0.189	0.171	0.333	0.248	-0.15300000000000002
0.078	0.107	0.367	0.305	-0.27449999999999997
0.294	0.426	0.315	0.347	0.044999999999999984
0.231	0.226	0.376	0.201	-0.1475
0.108	0.156	0.425	0.283	-0.293
0.219	0.201	0.397	0.364	-0.187
0.111	0.147	0.181	0.164	-0.05199999999999999
0.056	0.315	0.203	0.259	-0.017500000000000016
0.361	0.271	0.34	0.185	-0.02400000000000002
0.133	0.16	0.142	0.295	0.004500000000000032
0.236	0.229	0.35	0.289	-0.1175
0.233	0.31	0.237	0.385	0.03450000000000003
0.244	0.126	0.388	0.24	-0.203
0.1	0.233	0.314	0.269	-0.1475
0.25	0.379	0.148	0.172	0.1665
0.214	0.381	0.395	0.077	-0.09750000000000003
0.05	0.136	0.132	0.175	-0.03900000000000001
0.15	0.349	0.269	0.294	-0.019500000000000017
0.194	0.171	0.124	0.367	0.058499999999999996
0.069	0.125	0.391	0.26	-0.29400000000000004
0.183	0.126	0.315	0.188	-0.1605
0.033	0.154	0.077	0.155	0.0165
0.139	0.358	0.266	0.358	-0.017500000000000016
0.003	0.043	0.26	0.315	-0.23700000000000002
0.056	0.236	0.299	0.293	-0.153
0.086	0.1	0.325	0.225	-0.232
0.261	0.093	0.092	0.12	0.08499999999999999
0.003	0.226	0.169	0.143	-0.05450000000000001
0.394	0.24	0.351	0.337	-0.033999999999999975
0.278	0.09	0.29	0.341	-0.10599999999999998
0.1	0.112	0.48	0.312	-0.374
0.056	0.092	0.256	0.336	-0.182
0.011	0.131	0.294	0.076	-0.22299999999999998
0.064	0.268	0.413	0.363	-0.24699999999999997
0.208	0.207	0.126	0.254	0.08149999999999999
0.25	0.278	0.451	0.293	-0.187
0.092	0.178	0.222	0.187	-0.087
0.039	0.226	0.245	0.324	-0.11249999999999999
0.244	0.311	0.099	0.11	0.17849999999999996
0.014	0.132	0.185	0.323	-0.11199999999999999
0.053	0.149	0.099	0.213	0.001999999999999988
0.286	0.262	0.404	0.391	-0.13
0.217	0.114	0.194	0.302	-0.028499999999999998
0.164	0.044	0.181	0.24	-0.07699999999999999
0.328	0.347	0.38	0.178	-0.04249999999999998
0.036	0.069	0.112	0.124	-0.0595
0.242	0.178	0.035	0.063	0.175
0.022	0.082	0.266	0.173	-0.21400000000000002
0.117	0.162	0.203	0.135	-0.0635
0.219	0.25	0.289	0.209	-0.05449999999999999
0.128	0.053	0.269	0.271	-0.17850000000000002
0.072	0.093	0.275	0.219	-0.19250000000000003
0.242	0.296	0.111	0.218	0.15800000000000003
0.039	0.117	0.084	0.222	-0.006000000000000005
0.106	0.086	0.089	0.175	0.007000000000000006
0.247	0.343	0.292	0.099	0.003000000000000058
0.114	0.142	0.252	0.179	-0.124
0.064	0.11	0.054	0.278	0.032999999999999995
0.1	0.125	0.087	0.243	0.02550000000000001
0.178	0.079	0.153	0.156	-0.024499999999999994
0.164	0.182	0.391	0.354	-0.21800000000000003
0.192	0.321	0.131	0.328	0.1255
0.253	0.203	0.296	0.285	-0.06799999999999998
0.203	0.282	0.199	0.235	0.04349999999999998
0.072	0.185	0.174	0.243	-0.045499999999999985
0.081	0.107	0.233	0.176	-0.139
0.072	0.093	0.194	0.155	-0.11150000000000002
0.0	0.231	0.241	0.179	-0.1255
0.083	0.188	0.413	0.349	-0.27749999999999997
0.367	0.407	0.292	0.144	0.09500000000000003
0.239	0.213	0.286	0.156	-0.06
0.331	0.268	0.364	0.39	-0.0645
0.275	0.393	0.362	0.323	-0.02799999999999997
0.239	0.113	0.172	0.242	0.0040000000000000036
0.431	0.318	0.385	0.252	-0.01050000000000001
0.136	0.1	0.198	0.288	-0.08
0.303	0.36	0.318	0.17	0.013500000000000012
0.167	0.272	0.191	0.258	0.028500000000000025
0.231	0.292	0.416	0.359	-0.15449999999999997
0.172	0.208	0.215	0.092	-0.024999999999999994
0.289	0.335	0.251	0.183	0.061
0.064	0.053	0.001	0.152	0.057499999999999996
0.258	0.092	0.192	0.269	-0.017000000000000015
0.164	0.161	0.152	0.115	0.01050000000000001
0.1	0.136	0.272	0.24	-0.15400000000000003
0.278	0.275	0.259	0.165	0.017500000000000016
0.361	0.428	0.278	0.294	0.11649999999999994
0.267	0.254	0.082	0.332	0.1785
0.117	0.101	0.25	0.316	-0.141
0.111	0.261	0.334	0.2	-0.14800000000000002
0.158	0.135	0.169	0.055	-0.022499999999999992
0.472	0.422	0.397	0.266	0.04999999999999993
0.164	0.374	0.299	0.218	-0.02999999999999997
0.008	0.117	0.31	0.121	-0.2475
0.239	0.289	0.153	0.212	0.11100000000000002
0.128	0.333	0.412	0.36	-0.18149999999999997
0.108	0.285	0.212	0.409	-0.015500000000000014
0.133	0.049	0.302	0.297	-0.211
0.128	0.299	0.374	0.435	-0.1605
0.128	0.188	0.399	0.301	-0.24100000000000002
0.239	0.279	0.26	0.261	-0.0010000000000000009
0.358	0.332	0.221	0.139	0.12399999999999997
0.242	0.267	0.339	0.296	-0.08450000000000002
0.0	0.017	0.034	0.173	-0.025500000000000002
0.044	0.076	0.251	0.358	-0.191
0.197	0.24	0.328	0.373	-0.10950000000000001
0.275	0.208	0.247	0.152	-0.005500000000000005
0.025	0.093	0.213	0.331	-0.154
0.175	0.235	0.216	0.282	-0.01100000000000001
0.089	0.193	0.154	0.222	-0.012999999999999984
0.158	0.179	0.406	0.376	-0.23750000000000004
0.0	0.071	0.149	0.303	-0.11349999999999999
0.264	0.224	0.451	0.294	-0.20700000000000002
0.047	0.104	0.094	0.26	-0.018500000000000003
0.078	0.197	0.226	0.41	-0.0885
0.214	0.356	0.242	0.112	0.04299999999999998
0.217	0.249	0.366	0.332	-0.133
0.144	0.368	0.215	0.062	0.04100000000000001
0.028	0.003	0.247	0.333	-0.23149999999999998
0.072	0.132	0.173	0.231	-0.07099999999999998
0.417	0.418	0.36	0.239	0.057499999999999996
0.125	0.226	0.179	0.238	-0.003500000000000003
0.05	0.178	0.312	0.336	-0.198
0.086	0.099	0.099	0.145	-0.006500000000000006
0.0	0.007	0.117	0.19	-0.1135
0.439	0.274	0.348	0.314	0.008500000000000063
0.156	0.189	0.121	0.117	0.05149999999999999
0.103	0.142	0.241	0.225	-0.1185
0.089	0.315	0.374	0.342	-0.172
0.264	0.268	0.311	0.281	-0.044999999999999984
0.189	0.131	0.181	0.118	-0.02099999999999999
0.006	0.135	0.237	0.076	-0.16649999999999998
0.058	0.215	0.21	0.223	-0.07349999999999998
0.036	0.111	0.28	0.253	-0.20650000000000002
0.047	0.082	0.126	0.125	-0.0615
0.047	0.043	0.128	0.295	-0.083
0.208	0.186	0.074	0.167	0.12300000000000001
0.078	0.215	0.165	0.314	-0.018500000000000016
0.242	0.146	0.234	0.306	-0.04000000000000001
0.131	0.103	0.132	0.185	-0.015000000000000013
0.047	0.126	0.253	0.208	-0.1665
0.172	0.268	0.222	0.112	-0.0020000000000000018
0.039	0.118	0.242	0.387	-0.16349999999999998
0.219	0.281	0.349	0.232	-0.09899999999999998
0.072	0.369	0.258	0.223	-0.037500000000000006
0.181	0.294	0.359	0.273	-0.1215
0.117	0.136	0.347	0.206	-0.22049999999999997
0.042	0.106	0.139	0.4	-0.06500000000000002
0.036	0.111	0.185	0.185	-0.1115
0.086	0.175	0.406	0.213	-0.2755
0.414	0.14	0.194	0.151	0.08300000000000002
0.094	0.171	0.31	0.346	-0.1775
0.261	0.251	0.314	0.283	-0.057999999999999996
0.311	0.185	0.259	0.31	-0.01100000000000001
0.036	0.107	0.152	0.219	-0.0805
0.061	0.126	0.22	0.21	-0.1265
0.108	0.221	0.226	0.296	-0.0615
0.169	0.172	0.259	0.171	-0.08850000000000002
0.058	0.126	0.272	0.332	-0.18000000000000002
0.133	0.262	0.335	0.31	-0.1375
0.1	0.311	0.152	0.383	0.05350000000000002
0.119	0.051	0.23	0.125	-0.14500000000000002
0.15	0.318	0.334	0.106	-0.10000000000000003
0.394	0.407	0.347	0.319	0.05349999999999999
0.394	0.344	0.13	0.059	0.239
0.175	0.176	0.157	0.152	0.01849999999999999
0.089	0.089	0.262	0.232	-0.17300000000000001
0.078	0.232	0.338	0.225	-0.18300000000000002
0.144	0.253	0.356	0.238	-0.15749999999999997
0.119	0.232	0.362	0.314	-0.1865
0.225	0.289	0.356	0.281	-0.09899999999999998
0.275	0.412	0.469	0.282	-0.12549999999999994
0.322	0.404	0.338	0.29	0.024999999999999967
0.178	0.114	0.485	0.367	-0.33899999999999997
0.194	0.324	0.292	0.217	-0.032999999999999974
0.131	0.178	0.278	0.241	-0.12350000000000003
0.169	0.182	0.339	0.338	-0.16350000000000003
0.083	0.289	0.428	0.45	-0.242
0.192	0.196	0.361	0.375	-0.16699999999999998
0.236	0.3	0.396	0.284	-0.128
0.097	0.146	0.242	0.391	-0.1205
0.056	0.067	0.149	0.341	-0.0875
0.008	0.021	0.203	0.373	-0.1885
0.172	0.203	0.08	0.25	0.1075
0.294	0.271	0.356	0.152	-0.07350000000000001
0.197	0.31	0.306	0.282	-0.05249999999999999
0.125	0.265	0.323	0.124	-0.128
0.006	0.0	0.134	0.254	-0.131
0.211	0.31	0.026	0.104	0.23450000000000001
0.167	0.206	0.182	0.253	0.004500000000000004
0.092	0.335	0.429	0.321	-0.21549999999999997
0.269	0.265	0.194	0.179	0.07300000000000001
0.028	0.057	0.239	0.246	-0.19649999999999998
0.356	0.449	0.376	0.338	0.026499999999999968
0.242	0.358	0.296	0.186	0.0040000000000000036
0.061	0.153	0.203	0.188	-0.09600000000000002
0.1	0.168	0.183	0.166	-0.04899999999999999
0.2	0.193	0.294	0.103	-0.09749999999999998
0.172	0.167	0.259	0.317	-0.08950000000000002
0.181	0.074	0.087	0.212	0.04050000000000001
0.042	0.0	0.081	0.203	-0.06
0.044	0.024	0.292	0.152	-0.258
0.322	0.424	0.445	0.394	-0.07200000000000001
0.264	0.408	0.227	0.215	0.10899999999999996
0.208	0.221	0.369	0.327	-0.1545
0.158	0.432	0.351	0.279	-0.055999999999999994
0.136	0.022	0.153	0.217	-0.074
0.131	0.113	0.273	0.075	-0.15100000000000002
0.203	0.192	0.245	0.275	-0.04749999999999999
0.256	0.331	0.387	0.338	-0.09350000000000003
0.025	0.036	0.187	0.307	-0.1565
0.158	0.206	0.298	0.341	-0.11599999999999999
0.083	0.267	0.301	0.175	-0.12599999999999997
0.156	0.15	0.269	0.384	-0.11600000000000002
0.175	0.258	0.187	0.219	0.0295
0.261	0.149	0.367	0.4	-0.16199999999999998
0.075	0.049	0.209	0.263	-0.147
0.025	0.0	0.108	0.287	-0.0955
0.386	0.344	0.335	0.305	0.02999999999999997
0.15	0.233	0.38	0.324	-0.1885
0.069	0.078	0.293	0.347	-0.21949999999999997
0.294	0.328	0.318	0.384	-0.007000000000000006
0.231	0.218	0.378	0.303	-0.1535
0.061	0.103	0.213	0.081	-0.131
0.258	0.221	0.268	0.164	-0.028500000000000025
0.139	0.336	0.251	0.106	-0.013499999999999984
0.186	0.25	0.213	0.272	0.0050000000000000044
0.061	0.013	0.06	0.199	-0.023
0.094	0.175	0.212	0.237	-0.07749999999999999
0.367	0.314	0.368	0.344	-0.02749999999999997
0.131	0.104	0.167	0.307	-0.049500000000000016
0.144	0.158	0.213	0.215	-0.062
0.197	0.136	0.198	0.26	-0.0315
0.117	0.374	0.348	0.195	-0.10249999999999998
0.05	0.071	0.165	0.27	-0.10450000000000001
0.358	0.408	0.317	0.262	0.066
0.419	0.431	0.383	0.283	0.04199999999999998
0.014	0.038	0.247	0.313	-0.221
0.342	0.172	0.288	0.327	-0.030999999999999972
0.083	0.082	0.159	0.366	-0.0765
0.108	0.162	0.122	0.112	0.013000000000000012
0.089	0.164	0.086	0.217	0.04050000000000001
0.083	0.101	0.144	0.331	-0.05199999999999999
0.117	0.064	0.115	0.19	-0.024500000000000008
0.247	0.168	0.105	0.248	0.10250000000000002
0.072	0.219	0.253	0.332	-0.10750000000000001
0.189	0.303	0.401	0.24	-0.15500000000000003
0.283	0.331	0.26	0.25	0.046999999999999986
0.047	0.119	0.271	0.274	-0.18800000000000003
0.086	0.243	0.25	0.238	-0.08550000000000002
0.044	0.057	0.097	0.16	-0.0465
0.206	0.207	0.166	0.084	0.04049999999999998
0.292	0.401	0.276	0.134	0.07050000000000001
0.078	0.258	0.291	0.154	-0.12299999999999997
0.058	0.21	0.27	0.29	-0.136
0.156	0.229	0.344	0.269	-0.15149999999999997
0.3	0.276	0.191	0.336	0.09700000000000003
0.15	0.292	0.278	0.307	-0.05700000000000005
0.256	0.157	0.438	0.267	-0.23149999999999998
0.203	0.221	0.322	0.262	-0.10999999999999999
0.094	0.135	0.222	0.264	-0.1075
0.056	0.179	0.273	0.288	-0.15550000000000003
0.297	0.386	0.308	0.367	0.03350000000000003
0.153	0.239	0.335	0.249	-0.139
0.308	0.386	0.294	0.217	0.05299999999999999
0.042	0.297	0.435	0.401	-0.2655
0.103	0.283	0.291	0.232	-0.098
0.044	0.126	0.291	0.077	-0.206
0.114	0.062	0.142	0.192	-0.05399999999999999
0.053	0.139	0.221	0.213	-0.125
0.258	0.233	0.283	0.221	-0.03749999999999998
0.319	0.29	0.403	0.298	-0.09850000000000003
0.242	0.175	0.252	0.315	-0.04350000000000001
0.0	0.044	0.167	0.318	-0.14500000000000002
0.164	0.268	0.336	0.271	-0.12
0.222	0.274	0.231	0.394	0.016999999999999987
0.439	0.483	0.324	0.104	0.13699999999999996
0.108	0.117	0.166	0.259	-0.053500000000000006
0.025	0.065	0.31	0.108	-0.265
0.014	0.175	0.16	0.15	-0.0655
0.208	0.192	0.31	0.184	-0.10999999999999999
0.072	0.146	0.212	0.262	-0.10300000000000001
0.114	0.125	0.326	0.288	-0.20650000000000002
0.008	0.001	0.064	0.325	-0.0595
0.103	0.246	0.163	0.343	0.011499999999999982
0.256	0.274	0.29	0.27	-0.024999999999999967
0.061	0.1	0.321	0.354	-0.2405
0.128	0.239	0.153	0.212	0.0305
0.097	0.167	0.054	0.262	0.07800000000000001
0.136	0.089	0.303	0.382	-0.1905
0.069	0.358	0.33	0.082	-0.11650000000000002
0.261	0.25	0.417	0.104	-0.16149999999999998
0.05	0.21	0.271	0.372	-0.14100000000000001
0.167	0.331	0.154	0.185	0.095
0.019	0.106	0.33	0.255	-0.2675
0.131	0.282	0.324	0.435	-0.11750000000000002
0.019	0.193	0.21	0.193	-0.104
0.283	0.278	0.303	0.369	-0.02250000000000002
0.242	0.363	0.334	0.288	-0.03150000000000003
0.183	0.274	0.291	0.283	-0.06249999999999997
0.011	0.15	0.246	0.281	-0.16549999999999998
0.078	0.208	0.175	0.292	-0.032
0.142	0.34	0.189	0.142	0.05199999999999999
0.036	0.144	0.321	0.404	-0.231
0.322	0.44	0.325	0.224	0.055999999999999994
0.036	0.232	0.267	0.22	-0.133
0.103	0.272	0.177	0.167	0.01050000000000001
0.369	0.39	0.496	0.317	-0.11649999999999999
0.292	0.242	0.257	0.246	0.010000000000000009
0.131	0.075	0.231	0.303	-0.128
0.147	0.128	0.326	0.362	-0.1885
0.264	0.374	0.312	0.291	0.007000000000000006
0.064	0.153	0.123	0.219	-0.014499999999999999
0.019	0.176	0.314	0.132	-0.21650000000000003
0.092	0.203	0.02	0.251	0.12750000000000003
0.206	0.285	0.283	0.272	-0.03749999999999998
0.086	0.383	0.274	0.257	-0.039500000000000035
0.275	0.269	0.011	0.25	0.261
0.125	0.26	0.298	0.143	-0.10549999999999998
0.094	0.024	0.042	0.079	0.016999999999999994
0.031	0.038	0.181	0.335	-0.1465
0.083	0.047	0.276	0.137	-0.21100000000000002
0.244	0.174	0.067	0.196	0.142
0.031	0.119	0.247	0.325	-0.172
0.281	0.278	0.424	0.237	-0.14449999999999996
0.333	0.24	0.294	0.378	-0.007500000000000007
0.122	0.142	0.131	0.389	0.0010000000000000009
0.147	0.112	0.178	0.137	-0.04849999999999999
0.356	0.328	0.348	0.35	-0.006000000000000005
0.256	0.264	0.354	0.313	-0.09399999999999997
0.2	0.172	0.22	0.152	-0.034
0.272	0.446	0.402	0.249	-0.04300000000000004
0.139	0.301	0.33	0.253	-0.11000000000000001
0.108	0.282	0.194	0.253	0.0009999999999999731
0.133	0.089	0.275	0.112	-0.16400000000000003
0.069	0.032	0.033	0.091	0.0175
0.067	0.172	0.265	0.409	-0.14550000000000002
0.222	0.244	0.252	0.104	-0.019000000000000017
0.072	0.099	0.012	0.236	0.0735
0.144	0.275	0.204	0.285	0.005500000000000033
0.014	0.046	0.099	0.338	-0.069
0.167	0.146	0.26	0.223	-0.10350000000000001
0.242	0.119	0.194	0.358	-0.013500000000000012
0.097	0.075	0.038	0.234	0.047999999999999994
0.008	0.106	0.26	0.417	-0.203
0.172	0.157	0.124	0.147	0.04049999999999998
0.014	0.028	0.206	0.283	-0.185
0.408	0.342	0.362	0.373	0.013000000000000012
0.011	0.061	0.211	0.347	-0.175
0.047	0.079	0.207	0.247	-0.144
0.231	0.115	0.27	0.402	-0.097
0.228	0.271	0.273	0.252	-0.02350000000000002
0.011	0.142	0.33	0.386	-0.2535
0.006	0.0	0.041	0.208	-0.038
0.239	0.106	0.334	0.327	-0.16150000000000003
0.397	0.299	0.112	0.09	0.236
0.117	0.179	0.174	0.224	-0.025999999999999995
0.133	0.378	0.383	0.335	-0.1275
0.2	0.161	0.071	0.221	0.1095
0.142	0.361	0.29	0.203	-0.03849999999999998
0.119	0.24	0.449	0.282	-0.2695
0.281	0.357	0.366	0.058	-0.046999999999999986
0.175	0.292	0.291	0.332	-0.057499999999999996
0.258	0.1	0.127	0.3	0.05199999999999999
0.006	0.107	0.172	0.156	-0.11549999999999999
0.058	0.042	0.284	0.338	-0.23399999999999999
0.189	0.144	0.135	0.201	0.03149999999999997
0.061	0.204	0.354	0.374	-0.22149999999999997
0.336	0.178	0.277	0.297	-0.020000000000000018
0.064	0.192	0.169	0.121	-0.04100000000000001
0.194	0.485	0.283	0.323	0.05650000000000005
0.161	0.174	0.183	0.316	-0.015500000000000014
0.161	0.036	0.299	0.187	-0.20049999999999998
0.072	0.158	0.349	0.487	-0.23399999999999999
0.144	0.314	0.267	0.236	-0.038000000000000034
0.286	0.287	0.472	0.242	-0.1855
0.192	0.256	0.348	0.306	-0.12399999999999997
0.1	0.287	0.297	0.168	-0.10349999999999998
0.036	0.104	0.258	0.309	-0.188
0.167	0.283	0.413	0.354	-0.188
0.122	0.315	0.367	0.247	-0.1485
0.128	0.067	0.135	0.373	-0.037500000000000006
0.169	0.112	0.259	0.323	-0.1185
0.356	0.168	0.374	0.372	-0.11199999999999999
0.15	0.108	0.272	0.417	-0.14300000000000002
0.2	0.169	0.255	0.218	-0.07050000000000001
0.047	0.1	0.299	0.321	-0.22549999999999998
0.131	0.144	0.29	0.335	-0.15249999999999997
0.428	0.311	0.269	0.234	0.10049999999999998
0.253	0.36	0.271	0.304	0.035499999999999976
0.094	0.125	0.328	0.323	-0.21850000000000003
0.139	0.126	0.271	0.399	-0.1385
0.081	0.044	0.209	0.208	-0.1465
0.15	0.328	0.329	0.24	-0.09000000000000002
0.061	0.153	0.245	0.306	-0.138
0.117	0.269	0.39	0.405	-0.197
0.039	0.028	0.066	0.336	-0.0325
0.094	0.165	0.215	0.332	-0.08549999999999999
0.233	0.215	0.127	0.107	0.097
0.169	0.194	0.405	0.243	-0.22350000000000003
0.197	0.29	0.391	0.288	-0.14750000000000002
0.172	0.256	0.42	0.092	-0.206
0.028	0.086	0.162	0.367	-0.10500000000000001
0.056	0.274	0.341	0.104	-0.17600000000000002
0.0	0.025	0.272	0.291	-0.2595
0.158	0.299	0.188	0.367	0.04049999999999998
0.122	0.181	0.16	0.134	-0.008500000000000008
0.394	0.328	0.44	0.241	-0.07900000000000001
0.089	0.214	0.363	0.174	-0.2115
0.125	0.106	0.176	0.206	-0.0605
0.108	0.308	0.166	0.319	0.04199999999999998
0.306	0.235	0.299	0.316	-0.028500000000000025
0.325	0.31	0.353	0.301	-0.035499999999999976
0.117	0.193	0.262	0.356	-0.10700000000000001
0.083	0.143	0.315	0.28	-0.202
0.081	0.032	0.198	0.233	-0.14150000000000001
0.278	0.393	0.346	0.34	-0.010499999999999954
0.047	0.05	0.195	0.23	-0.14650000000000002
0.35	0.358	0.316	0.271	0.03799999999999998
0.1	0.09	0.167	0.356	-0.07200000000000001
0.228	0.081	0.151	0.375	0.003500000000000003
0.206	0.243	0.261	0.384	-0.03650000000000003
0.0	0.01	0.188	0.206	-0.183
0.261	0.342	0.253	0.299	0.04849999999999999
0.347	0.314	0.286	0.252	0.04450000000000004
0.133	0.29	0.324	0.348	-0.11250000000000002
0.247	0.236	0.175	0.153	0.0665
0.119	0.168	0.135	0.16	0.008500000000000008
0.167	0.376	0.287	0.108	-0.015499999999999958
0.239	0.139	0.287	0.263	-0.09799999999999998
0.153	0.193	0.401	0.342	-0.22800000000000004
0.328	0.271	0.158	0.158	0.1415
0.333	0.326	0.283	0.139	0.04650000000000004
0.272	0.165	0.27	0.401	-0.05149999999999999
0.311	0.276	0.183	0.077	0.11049999999999999
0.122	0.328	0.251	0.251	-0.025999999999999995
0.017	0.258	0.224	0.321	-0.0865
0.072	0.078	0.073	0.267	0.0020000000000000018
0.092	0.138	0.088	0.284	0.02700000000000001
0.194	0.096	0.122	0.322	0.02300000000000002
0.075	0.162	0.301	0.191	-0.1825
0.017	0.106	0.229	0.103	-0.1675
0.158	0.088	0.125	0.332	-0.0020000000000000018
0.058	0.171	0.161	0.296	-0.0465
0.247	0.344	0.256	0.312	0.03949999999999998
0.086	0.133	0.06	0.21	0.0495
0.311	0.322	0.224	0.349	0.0925
0.453	0.297	0.33	0.275	0.044999999999999984
0.258	0.324	0.236	0.161	0.05500000000000005
0.3	0.324	0.386	0.235	-0.07400000000000001
0.172	0.293	0.306	0.243	-0.07350000000000001
0.0	0.14	0.372	0.282	-0.302
0.1	0.107	0.26	0.294	-0.1565
0.142	0.031	0.178	0.198	-0.0915
0.064	0.018	0.072	0.272	-0.030999999999999993
0.172	0.351	0.29	0.294	-0.028500000000000025
0.083	0.174	0.442	0.265	-0.3135
0.258	0.44	0.343	0.377	0.00599999999999995
0.003	0.017	0.166	0.292	-0.156
0.236	0.192	0.115	0.212	0.09899999999999999
0.306	0.417	0.403	0.314	-0.04150000000000004
0.269	0.174	0.307	0.25	-0.08549999999999999
0.072	0.207	0.276	0.152	-0.13650000000000004
0.014	0.119	0.24	0.383	-0.1735
0.158	0.276	0.282	0.279	-0.06499999999999995
0.086	0.197	0.289	0.192	-0.14749999999999996
0.331	0.24	0.424	0.262	-0.1385
0.319	0.4	0.297	0.322	0.06250000000000006
0.208	0.336	0.333	0.295	-0.061
0.231	0.208	0.288	0.296	-0.06849999999999998
0.258	0.339	0.151	0.277	0.1475
0.131	0.36	0.256	0.269	-0.01050000000000001
0.242	0.278	0.22	0.167	0.04000000000000001
0.164	0.381	0.326	0.215	-0.05349999999999999
0.119	0.21	0.207	0.318	-0.04250000000000001
0.297	0.232	0.215	0.196	0.049500000000000016
0.131	0.11	0.099	0.36	0.02149999999999999
0.158	0.343	0.208	0.224	0.04250000000000001
0.164	0.161	0.22	0.15	-0.057499999999999996
0.003	0.064	0.178	0.322	-0.1445
0.228	0.269	0.265	0.28	-0.016500000000000015
0.169	0.268	0.225	0.158	-0.006499999999999978
0.206	0.24	0.219	0.198	0.003999999999999976
0.083	0.121	0.229	0.169	-0.127
0.303	0.344	0.319	0.287	0.004500000000000004
0.131	0.332	0.227	0.315	0.004500000000000004
0.256	0.188	0.108	0.177	0.114
0.247	0.336	0.162	0.159	0.12949999999999998
0.392	0.375	0.213	0.255	0.1705
0.078	0.133	0.367	0.355	-0.26149999999999995
0.125	0.103	0.175	0.29	-0.061
0.211	0.126	0.369	0.259	-0.2005
0.142	0.379	0.311	0.31	-0.05049999999999999
0.147	0.092	0.135	0.188	-0.015500000000000014
0.111	0.108	0.148	0.118	-0.03849999999999999
0.128	0.226	0.272	0.241	-0.09500000000000003
0.139	0.194	0.292	0.297	-0.12549999999999997
0.1	0.135	0.192	0.308	-0.0745
0.142	0.287	0.312	0.306	-0.09750000000000003
0.167	0.151	0.196	0.247	-0.037000000000000005
0.036	0.235	0.342	0.231	-0.20650000000000004
0.139	0.118	0.285	0.218	-0.15649999999999997
0.097	0.14	0.215	0.267	-0.09649999999999999
0.111	0.154	0.219	0.151	-0.0865
0.242	0.172	0.226	0.361	-0.019000000000000017
0.147	0.324	0.36	0.306	-0.1245
0.269	0.213	0.381	0.19	-0.14
0.064	0.171	0.297	0.13	-0.1795
0.147	0.328	0.153	0.356	0.08449999999999999
0.081	0.215	0.287	0.288	-0.13899999999999998
0.042	0.225	0.115	0.389	0.018500000000000003
0.261	0.143	0.268	0.292	-0.066
0.225	0.368	0.361	0.301	-0.0645
0.083	0.196	0.233	0.322	-0.0935
0.181	0.251	0.222	0.201	-0.006000000000000005
0.219	0.392	0.389	0.198	-0.08350000000000002
0.128	0.122	0.202	0.365	-0.07700000000000001
0.106	0.307	0.307	0.184	-0.1005
0.078	0.179	0.15	0.265	-0.02149999999999999
0.169	0.211	0.169	0.162	0.02099999999999999
0.389	0.153	0.234	0.172	0.037000000000000005
0.189	0.225	0.287	0.216	-0.07999999999999996
0.183	0.367	0.217	0.324	0.058000000000000024
0.072	0.238	0.424	0.324	-0.269
0.206	0.478	0.407	0.175	-0.065
0.172	0.062	0.14	0.095	-0.02300000000000002
0.236	0.246	0.334	0.305	-0.09300000000000003
0.111	0.254	0.339	0.248	-0.15650000000000003
0.092	0.156	0.248	0.225	-0.124
0.05	0.122	0.388	0.24	-0.30200000000000005
0.386	0.518	0.403	0.334	0.04899999999999999
0.264	0.288	0.349	0.321	-0.07299999999999995
0.256	0.286	0.223	0.379	0.048000000000000015
0.169	0.171	0.349	0.402	-0.17899999999999996
0.186	0.128	0.119	0.323	0.038000000000000006
0.075	0.1	0.222	0.32	-0.1345
0.144	0.196	0.253	0.244	-0.08300000000000002
0.114	0.075	0.278	0.18	-0.18350000000000002
0.236	0.244	0.275	0.152	-0.03500000000000003
0.122	0.199	0.19	0.237	-0.0295
0.136	0.153	0.149	0.285	-0.004499999999999976
0.311	0.332	0.45	0.163	-0.1285
0.356	0.322	0.201	0.185	0.13799999999999996
0.119	0.138	0.317	0.314	-0.1885
0.133	0.378	0.153	0.221	0.10250000000000001
0.083	0.181	0.138	0.191	-0.006000000000000005
0.053	0.11	0.256	0.368	-0.1745
0.242	0.228	0.31	0.293	-0.07500000000000001
0.1	0.074	0.244	0.372	-0.157
0.011	0.05	0.192	0.094	-0.1615
0.175	0.239	0.353	0.339	-0.146
0.386	0.236	0.349	0.223	-0.03799999999999998
0.017	0.042	0.064	0.229	-0.0345
0.092	0.267	0.167	0.33	0.012499999999999983
0.247	0.231	0.317	0.321	-0.07800000000000001
0.206	0.343	0.353	0.164	-0.07849999999999996
0.161	0.2	0.271	0.218	-0.09050000000000002
0.061	0.282	0.441	0.36	-0.2695
0.228	0.176	0.245	0.265	-0.04299999999999998
0.297	0.336	0.319	0.23	-0.0025000000000000022
0.069	0.207	0.329	0.141	-0.191
0.1	0.251	0.143	0.339	0.0325
0.103	0.319	0.301	0.311	-0.09
0.072	0.101	0.163	0.212	-0.07650000000000001
0.406	0.347	0.333	0.198	0.04349999999999998
0.122	0.213	0.358	0.342	-0.1905
0.419	0.14	0.294	0.278	-0.014500000000000013
0.078	0.224	0.274	0.395	-0.12300000000000003
0.083	0.088	0.092	0.29	-0.006500000000000006
0.017	0.149	0.248	0.23	-0.165
0.133	0.312	0.424	0.21	-0.20149999999999998
0.189	0.182	0.236	0.329	-0.05049999999999999
0.256	0.226	0.191	0.175	0.04999999999999999
0.217	0.286	0.347	0.267	-0.09549999999999997
0.183	0.179	0.334	0.325	-0.15300000000000002
0.269	0.21	0.394	0.26	-0.15450000000000003
0.0	0.131	0.424	0.299	-0.3585
0.128	0.171	0.233	0.204	-0.08349999999999999
0.253	0.265	0.175	0.186	0.08400000000000002
0.047	0.2	0.272	0.234	-0.14850000000000002
0.061	0.093	0.136	0.304	-0.05900000000000001
0.022	0.064	0.138	0.242	-0.09500000000000001
0.092	0.21	0.128	0.312	0.022999999999999993
0.217	0.199	0.11	0.258	0.09800000000000002
0.058	0.124	0.208	0.325	-0.11699999999999999
0.036	0.311	0.285	0.156	-0.11149999999999999
0.044	0.053	0.192	0.295	-0.14350000000000002
0.169	0.197	0.137	0.062	0.045999999999999985
0.131	0.314	0.477	0.204	-0.25449999999999995
0.0	0.0	0.205	0.398	-0.205
0.158	0.214	0.169	0.01	0.016999999999999987
0.122	0.103	0.076	0.233	0.03649999999999999
0.117	0.336	0.198	0.327	0.028499999999999998
0.175	0.254	0.39	0.177	-0.17550000000000002
0.072	0.057	0.056	0.246	0.0085
0.172	0.103	0.264	0.176	-0.12650000000000003
0.128	0.229	0.297	0.271	-0.1185
0.2	0.174	0.247	0.319	-0.06
0.194	0.285	0.256	0.238	-0.016500000000000015
0.317	0.343	0.378	0.352	-0.04799999999999999
0.064	0.115	0.198	0.264	-0.10850000000000001
0.117	0.158	0.149	0.125	-0.011499999999999982
0.086	0.136	0.249	0.128	-0.138
0.081	0.272	0.308	0.216	-0.13149999999999998
0.392	0.136	0.278	0.097	-0.014000000000000012
0.1	0.019	0.095	0.229	-0.0355
0.208	0.268	0.269	0.287	-0.031000000000000028
0.436	0.279	0.298	0.129	0.05950000000000005
0.114	0.224	0.219	0.137	-0.04999999999999999
0.272	0.235	0.233	0.401	0.02049999999999999
0.375	0.3	0.119	0.044	0.21850000000000003
0.075	0.229	0.406	0.423	-0.254
0.311	0.211	0.262	0.334	-0.0010000000000000009
0.208	0.304	0.278	0.118	-0.02200000000000002
0.05	0.244	0.206	0.251	-0.059
0.108	0.203	0.268	0.303	-0.11250000000000002
0.378	0.274	0.244	0.198	0.08200000000000002
0.367	0.229	0.265	0.314	0.032999999999999974
0.211	0.322	0.292	0.362	-0.025499999999999967
0.217	0.24	0.285	0.233	-0.056499999999999995
0.1	0.04	0.132	0.249	-0.062
0.206	0.417	0.321	0.298	-0.009500000000000008
0.156	0.283	0.365	0.258	-0.14550000000000002
0.031	0.072	0.352	0.275	-0.3005
0.117	0.21	0.395	0.39	-0.2315
0.231	0.247	0.191	0.289	0.04799999999999999
0.222	0.107	0.296	0.264	-0.13149999999999998
0.111	0.293	0.387	0.376	-0.18500000000000003
0.114	0.09	0.178	0.298	-0.07599999999999998
0.186	0.397	0.29	0.158	0.0015000000000000013
0.0	0.119	0.166	0.262	-0.10650000000000001
0.322	0.182	0.257	0.262	-0.0050000000000000044
0.075	0.174	0.358	0.248	-0.23349999999999999
0.292	0.19	0.197	0.265	0.043999999999999984
0.078	0.061	0.237	0.269	-0.16749999999999998
0.064	0.24	0.339	0.266	-0.18700000000000003
0.392	0.347	0.246	0.262	0.1235
0.181	0.336	0.353	0.241	-0.09449999999999997
0.131	0.314	0.34	0.328	-0.11750000000000002
0.128	0.321	0.292	0.273	-0.06749999999999998
0.236	0.178	0.233	0.303	-0.026000000000000023
0.139	0.156	0.28	0.363	-0.1325
0.358	0.328	0.273	0.148	0.06999999999999995
0.056	0.133	0.229	0.34	-0.1345
0.069	0.312	0.306	0.335	-0.11549999999999999
0.239	0.358	0.34	0.358	-0.04150000000000004
0.153	0.239	0.283	0.034	-0.08699999999999997
0.147	0.178	0.219	0.363	-0.05650000000000002
0.161	0.269	0.239	0.214	-0.023999999999999966
0.169	0.136	0.291	0.348	-0.13849999999999996
0.153	0.171	0.316	0.171	-0.154
0.358	0.189	0.204	0.256	0.06949999999999998
0.128	0.219	0.299	0.262	-0.1255
0.206	0.157	0.237	0.349	-0.055499999999999994
0.094	0.226	0.433	0.271	-0.273
0.275	0.311	0.353	0.343	-0.05999999999999994
0.061	0.172	0.156	0.224	-0.03950000000000001
0.217	0.114	0.429	0.417	-0.26349999999999996
0.281	0.292	0.262	0.185	0.024499999999999966
0.219	0.443	0.387	0.459	-0.055999999999999994
0.164	0.231	0.337	0.243	-0.1395
0.228	0.221	0.137	0.133	0.0875
0.161	0.175	0.249	0.267	-0.08100000000000002
0.156	0.219	0.247	0.338	-0.0595
0.167	0.108	0.204	0.261	-0.06649999999999998
0.422	0.29	0.225	0.202	0.13099999999999998
0.194	0.271	0.284	0.404	-0.05149999999999996
0.328	0.272	0.397	0.312	-0.09699999999999998
0.389	0.339	0.299	0.159	0.065
0.133	0.154	0.356	0.176	-0.21249999999999997
0.35	0.296	0.273	0.234	0.04999999999999993
0.086	0.236	0.308	0.327	-0.14700000000000002
0.458	0.264	0.344	0.379	0.017000000000000015
0.086	0.143	0.142	0.325	-0.027499999999999997
0.175	0.193	0.172	0.283	0.01200000000000001
0.289	0.151	0.271	0.205	-0.051000000000000045
0.2	0.147	0.235	0.266	-0.0615
0.144	0.065	0.064	0.201	0.040499999999999994
0.294	0.217	0.111	0.179	0.14450000000000002
0.314	0.347	0.292	0.218	0.038500000000000034
0.15	0.19	0.297	0.327	-0.127
0.108	0.172	0.225	0.339	-0.08500000000000002
0.053	0.236	0.19	0.304	-0.04550000000000001
0.244	0.213	0.344	0.342	-0.11549999999999999
0.261	0.131	0.284	0.334	-0.08799999999999997
0.092	0.203	0.402	0.24	-0.2545
0.083	0.128	0.227	0.198	-0.1215
0.275	0.225	0.172	0.115	0.07800000000000001
0.172	0.21	0.212	0.12	-0.02099999999999999
0.372	0.271	0.352	0.183	-0.03049999999999997
0.125	0.244	0.293	0.325	-0.10849999999999999
0.389	0.474	0.336	0.208	0.09549999999999997
0.264	0.275	0.281	0.362	-0.01150000000000001
0.178	0.168	0.283	0.294	-0.10999999999999999
0.142	0.161	0.158	0.235	-0.006500000000000006
0.408	0.453	0.394	0.442	0.03649999999999998
0.253	0.086	0.206	0.247	-0.036500000000000005
0.114	0.311	0.272	0.182	-0.059500000000000025
0.058	0.169	0.081	0.093	0.0325
0.231	0.172	0.217	0.19	-0.015499999999999986
0.114	0.057	0.269	0.257	-0.1835
0.406	0.078	0.194	0.181	0.048000000000000015
0.022	0.29	0.197	0.274	-0.04100000000000001
0.006	0.017	0.049	0.163	-0.037500000000000006
0.344	0.289	0.17	0.155	0.1465
0.031	0.164	0.201	0.246	-0.10350000000000001
0.311	0.329	0.283	0.358	0.03700000000000003
0.228	0.206	0.25	0.353	-0.033
0.161	0.156	0.269	0.353	-0.11050000000000001
0.175	0.151	0.207	0.327	-0.04400000000000001
0.011	0.092	0.283	0.316	-0.23149999999999998
0.131	0.236	0.392	0.103	-0.20850000000000002
0.242	0.322	0.385	0.351	-0.10299999999999998
0.103	0.094	0.213	0.263	-0.11449999999999999
0.128	0.061	0.138	0.11	-0.04350000000000001
0.342	0.371	0.422	0.158	-0.06549999999999995
0.206	0.368	0.276	0.383	0.010999999999999954
0.089	0.04	0.273	0.335	-0.20850000000000002
0.261	0.153	0.044	0.088	0.16300000000000003
0.125	0.14	0.299	0.216	-0.16649999999999998
0.214	0.183	0.217	0.204	-0.01849999999999999
0.35	0.4	0.412	0.092	-0.03699999999999998
0.006	0.058	0.316	0.373	-0.28400000000000003
0.122	0.161	0.389	0.242	-0.2475
0.283	0.378	0.296	0.351	0.03450000000000003
0.128	0.233	0.279	0.163	-0.09850000000000003
0.317	0.335	0.409	0.279	-0.08299999999999996
0.089	0.214	0.197	0.354	-0.04550000000000001
0.072	0.317	0.232	0.2	-0.037500000000000006
0.342	0.1	0.14	0.251	0.08100000000000002
0.153	0.208	0.324	0.25	-0.14350000000000002
0.061	0.106	0.26	0.063	-0.17650000000000002
0.058	0.083	0.138	0.168	-0.0675
0.361	0.261	0.365	0.296	-0.05399999999999999
0.172	0.333	0.438	0.407	-0.1855
0.136	0.387	0.39	0.353	-0.1285
0.014	0.229	0.287	0.274	-0.16549999999999998
0.117	0.082	0.188	0.171	-0.0885
0.197	0.165	0.26	0.369	-0.07900000000000001
0.358	0.164	0.345	0.31	-0.08399999999999996
0.2	0.194	0.401	0.41	-0.20400000000000001
0.128	0.065	0.173	0.347	-0.07649999999999998
0.014	0.089	0.232	0.096	-0.18050000000000002
0.033	0.093	0.206	0.069	-0.143
0.078	0.122	0.113	0.263	-0.012999999999999998
0.286	0.372	0.311	0.14	0.01799999999999996
0.139	0.214	0.096	0.179	0.08049999999999999
0.375	0.262	0.25	0.338	0.0685
0.256	0.404	0.326	0.402	0.0040000000000000036
0.183	0.022	0.024	0.162	0.07849999999999999
0.017	0.036	0.089	0.301	-0.0625
0.089	0.179	0.019	0.142	0.115
0.069	0.236	0.278	0.316	-0.12550000000000003
0.019	0.172	0.211	0.123	-0.1155
0.047	0.219	0.239	0.275	-0.10599999999999998
0.317	0.289	0.294	0.323	0.009000000000000008
0.175	0.129	0.233	0.322	-0.08100000000000002
0.158	0.057	0.254	0.242	-0.14650000000000002
0.036	0.064	0.11	0.191	-0.06
0.069	0.018	0.019	0.153	0.024500000000000004
0.047	0.106	0.088	0.34	-0.011499999999999996
0.064	0.287	0.285	0.207	-0.10949999999999999
0.181	0.219	0.363	0.218	-0.16299999999999998
0.097	0.156	0.156	0.231	-0.0295
0.158	0.114	0.34	0.238	-0.20400000000000001
0.053	0.078	0.093	0.245	-0.027499999999999997
0.161	0.293	0.166	0.083	0.06099999999999997
0.0	0.124	0.393	0.167	-0.331
0.011	0.06	0.019	0.229	0.016499999999999997
0.056	0.169	0.337	0.189	-0.22450000000000003
0.386	0.264	0.231	0.118	0.094
0.242	0.347	0.347	0.284	-0.05249999999999999
0.061	0.083	0.172	0.204	-0.09999999999999998
0.042	0.338	0.191	0.262	-0.0010000000000000009
0.186	0.078	0.352	0.19	-0.21999999999999997
0.111	0.256	0.258	0.308	-0.07450000000000001
0.189	0.174	0.344	0.326	-0.16249999999999998
0.067	0.215	0.441	0.29	-0.3
0.044	0.335	0.196	0.348	-0.006500000000000006
0.069	0.179	0.108	0.198	0.016
0.219	0.136	0.24	0.191	-0.0625
0.197	0.333	0.228	0.256	0.037000000000000005
0.233	0.16	0.177	0.183	0.019500000000000017
0.322	0.175	0.292	0.308	-0.04349999999999998
0.119	0.119	0.269	0.36	-0.15000000000000002
0.344	0.226	0.277	0.176	0.007999999999999952
0.225	0.297	0.364	0.337	-0.10299999999999998
0.236	0.186	0.182	0.238	0.028999999999999998
0.256	0.16	0.119	0.152	0.08900000000000002
0.089	0.132	0.301	0.279	-0.1905
0.042	0.136	0.18	0.309	-0.09099999999999998
0.011	0.071	0.31	0.231	-0.269
0.014	0.396	0.238	0.337	-0.032999999999999974
0.322	0.286	0.286	0.172	0.018000000000000016
0.017	0.151	0.297	0.173	-0.213
0.092	0.262	0.344	0.333	-0.16699999999999998
0.228	0.347	0.226	0.363	0.06149999999999997
0.086	0.25	0.197	0.054	-0.029000000000000026
0.383	0.231	0.288	0.417	0.019000000000000017
0.042	0.149	0.306	0.369	-0.2105
0.219	0.19	0.244	0.258	-0.03949999999999998
0.022	0.104	0.176	0.208	-0.11299999999999999
0.5	0.261	0.29	0.128	0.09050000000000002
0.147	0.129	0.298	0.325	-0.15999999999999998
0.297	0.292	0.314	0.254	-0.019500000000000017
0.061	0.018	0.151	0.297	-0.11149999999999999
0.164	0.249	0.167	0.222	0.03950000000000001
0.178	0.383	0.395	0.323	-0.11450000000000005
0.117	0.147	0.283	0.337	-0.15099999999999997
0.1	0.288	0.338	0.327	-0.14400000000000002
0.3	0.307	0.227	0.319	0.07649999999999998
0.186	0.203	0.375	0.381	-0.1805
0.353	0.358	0.257	0.272	0.09849999999999998
0.2	0.258	0.197	0.135	0.032
0.281	0.132	0.31	0.288	-0.10349999999999998
0.117	0.243	0.368	0.325	-0.188
0.119	0.203	0.241	0.348	-0.07999999999999999
0.017	0.026	0.052	0.265	-0.0305
0.083	0.294	0.184	0.138	0.004500000000000004
0.133	0.035	0.199	0.259	-0.115
0.328	0.351	0.354	0.218	-0.014499999999999957
0.161	0.09	0.155	0.297	-0.0295
0.25	0.11	0.053	0.26	0.127
0.036	0.154	0.203	0.197	-0.10800000000000001
0.172	0.124	0.217	0.369	-0.069
0.194	0.226	0.311	0.405	-0.10099999999999998
0.158	0.162	0.158	0.374	0.0020000000000000018
0.05	0.129	0.165	0.3	-0.07550000000000001
0.283	0.278	0.145	0.227	0.13549999999999998
0.125	0.115	0.141	0.139	-0.02099999999999999
0.269	0.34	0.235	0.338	0.0695
0.239	0.324	0.369	0.379	-0.08750000000000002
0.044	0.065	0.168	0.212	-0.11350000000000002
0.131	0.106	0.213	0.27	-0.0945
0.114	0.072	0.183	0.158	-0.09
0.114	0.076	0.167	0.203	-0.07200000000000001
0.392	0.238	0.129	0.058	0.186
0.228	0.242	0.347	0.3	-0.11199999999999999
0.108	0.124	0.017	0.187	0.09899999999999999
0.014	0.049	0.222	0.173	-0.1905
0.386	0.314	0.382	0.359	-0.03200000000000003
0.331	0.363	0.297	0.337	0.04999999999999999
0.192	0.135	0.253	0.402	-0.0895
0.231	0.268	0.333	0.151	-0.08350000000000002
0.264	0.156	0.278	0.362	-0.068
0.1	0.078	0.089	0.096	0.0
0.211	0.336	0.187	0.196	0.08650000000000002
0.264	0.276	0.246	0.312	0.02400000000000002
0.344	0.464	0.204	0.307	0.20000000000000004
0.375	0.161	0.206	0.21	0.06200000000000003
0.325	0.321	0.319	0.181	0.0040000000000000036
0.036	0.132	0.339	0.313	-0.255
0.169	0.243	0.255	0.306	-0.04899999999999999
0.106	0.206	0.349	0.368	-0.19299999999999998
0.3	0.217	0.145	0.109	0.11350000000000002
0.117	0.211	0.254	0.315	-0.09
0.064	0.264	0.347	0.293	-0.18299999999999997
0.003	0.217	0.358	0.345	-0.248
0.197	0.201	0.239	0.135	-0.03999999999999998
0.25	0.196	0.169	0.19	0.05399999999999999
0.164	0.158	0.249	0.083	-0.088
0.397	0.365	0.447	0.351	-0.066
0.192	0.25	0.249	0.17	-0.027999999999999997
0.297	0.25	0.358	0.396	-0.08450000000000002
0.133	0.132	0.141	0.04	-0.00849999999999998
0.228	0.089	0.14	0.298	0.01849999999999999
0.208	0.231	0.19	0.178	0.0295
0.178	0.347	0.243	0.088	0.019499999999999962
0.058	0.143	0.25	0.106	-0.14950000000000002
0.364	0.308	0.342	0.273	-0.006000000000000061
0.239	0.264	0.299	0.328	-0.04749999999999999
0.044	0.274	0.397	0.227	-0.23800000000000002
0.222	0.356	0.323	0.345	-0.03400000000000003
0.264	0.2	0.2	0.214	0.032
0.303	0.315	0.201	0.152	0.10799999999999998
0.033	0.15	0.22	0.204	-0.1285
0.267	0.326	0.285	0.288	0.01150000000000001
0.042	0.108	0.203	0.255	-0.128
0.281	0.29	0.212	0.326	0.07349999999999998
0.128	0.244	0.237	0.244	-0.05099999999999999
0.069	0.124	0.294	0.323	-0.19749999999999998
0.231	0.247	0.255	0.261	-0.016000000000000014
0.278	0.413	0.316	0.114	0.029500000000000026
0.342	0.383	0.303	0.158	0.05950000000000005
0.328	0.201	0.264	0.286	0.0005000000000000004
0.111	0.279	0.156	0.188	0.03900000000000001
0.175	0.247	0.173	0.376	0.038000000000000006
0.208	0.101	0.006	0.26	0.1485
0.122	0.188	0.292	0.308	-0.13699999999999998
0.156	0.118	0.188	0.262	-0.05099999999999999
0.125	0.357	0.247	0.3	-0.006000000000000005
0.056	0.34	0.299	0.409	-0.10099999999999998
0.081	0.172	0.058	0.332	0.0685
0.064	0.165	0.178	0.407	-0.06349999999999999
0.114	0.26	0.242	0.264	-0.05499999999999999
0.083	0.076	0.117	0.247	-0.037500000000000006
0.328	0.406	0.224	0.428	0.143
0.197	0.419	0.189	0.159	0.119
0.0	0.033	0.202	0.256	-0.1855
0.197	0.171	0.279	0.206	-0.09500000000000003
0.211	0.278	0.355	0.192	-0.11049999999999999
0.294	0.193	0.303	0.254	-0.0595
0.306	0.215	0.354	0.397	-0.09349999999999997
0.142	0.321	0.26	0.354	-0.028500000000000025
0.042	0.072	0.087	0.242	-0.03
0.189	0.207	0.27	0.363	-0.07200000000000001
0.0	0.103	0.303	0.277	-0.2515
0.0	0.089	0.232	0.285	-0.1875
0.236	0.265	0.214	0.061	0.036500000000000005
0.081	0.226	0.349	0.198	-0.19549999999999998
0.0	0.024	0.169	0.242	-0.157
0.053	0.129	0.061	0.31	0.03
0.097	0.183	0.276	0.396	-0.136
0.1	0.242	0.398	0.421	-0.22700000000000004
0.078	0.099	0.285	0.316	-0.19649999999999998
0.05	0.036	0.146	0.287	-0.103
0.136	0.256	0.142	0.134	0.05400000000000002
0.097	0.172	0.184	0.216	-0.04949999999999999
0.192	0.19	0.358	0.2	-0.16699999999999998
0.069	0.269	0.359	0.361	-0.18999999999999997
0.25	0.231	0.072	0.131	0.16849999999999998
0.217	0.158	0.085	0.188	0.1025
0.117	0.21	0.413	0.24	-0.24949999999999997
0.256	0.229	0.318	0.104	-0.07550000000000001
0.325	0.297	0.356	0.233	-0.044999999999999984
0.183	0.19	0.202	0.229	-0.015500000000000014
0.369	0.41	0.368	0.356	0.021499999999999964
0.008	0.007	0.165	0.292	-0.1575
0.003	0.019	0.146	0.231	-0.13499999999999998
0.117	0.094	0.281	0.232	-0.17550000000000002
0.028	0.106	0.281	0.322	-0.21400000000000002
0.217	0.16	0.218	0.193	-0.0295
0.183	0.347	0.367	0.337	-0.10199999999999998
0.078	0.189	0.287	0.323	-0.15349999999999997
0.044	0.111	0.299	0.313	-0.22149999999999997
0.242	0.158	0.253	0.31	-0.05299999999999999
0.219	0.121	0.322	0.275	-0.15200000000000002
0.314	0.306	0.262	0.227	0.04799999999999999
0.3	0.375	0.274	0.239	0.0635
0.114	0.272	0.27	0.177	-0.07700000000000001
0.106	0.343	0.283	0.301	-0.05849999999999997
0.275	0.294	0.347	0.353	-0.0625
0.131	0.133	0.21	0.184	-0.07799999999999999
0.0	0.007	0.115	0.18	-0.1115
0.214	0.272	0.324	0.203	-0.08100000000000002
0.364	0.272	0.253	0.25	0.065
0.311	0.317	0.299	0.369	0.015000000000000013
0.047	0.119	0.133	0.076	-0.05000000000000002
0.331	0.21	0.122	0.294	0.14850000000000002
0.392	0.307	0.317	0.097	0.03250000000000003
0.067	0.131	0.231	0.274	-0.132
0.106	0.119	0.152	0.347	-0.03950000000000001
0.072	0.326	0.465	0.309	-0.266
0.092	0.304	0.195	0.286	0.0030000000000000027
0.119	0.11	0.351	0.331	-0.2365
0.178	0.231	0.078	0.263	0.1265
0.15	0.303	0.197	0.477	0.02949999999999997
0.378	0.185	0.306	0.306	-0.024500000000000022
0.169	0.147	0.187	0.303	-0.028999999999999998
0.247	0.292	0.197	0.162	0.07249999999999995
0.028	0.169	0.172	0.22	-0.07349999999999998
0.003	0.033	0.124	0.265	-0.106
0.222	0.086	0.18	0.4	-0.025999999999999995
0.0	0.215	0.337	0.227	-0.22950000000000004
0.142	0.161	0.312	0.196	-0.1605
0.306	0.378	0.422	0.244	-0.08000000000000002
0.294	0.11	0.181	0.28	0.02099999999999999
0.014	0.097	0.222	0.246	-0.1665
0.167	0.333	0.133	0.364	0.11699999999999999
0.067	0.142	0.355	0.289	-0.2505
0.136	0.107	0.306	0.285	-0.1845
0.25	0.211	0.125	0.26	0.10549999999999998
0.175	0.35	0.31	0.096	-0.04750000000000004
0.206	0.147	0.253	0.271	-0.07650000000000001
0.281	0.365	0.401	0.379	-0.07800000000000001
0.122	0.207	0.34	0.324	-0.17550000000000004
0.056	0.142	0.179	0.295	-0.08
0.225	0.308	0.286	0.311	-0.019499999999999962
0.117	0.165	0.138	0.177	0.0030000000000000027
0.331	0.24	0.336	0.29	-0.050500000000000045
0.039	0.204	0.238	0.01	-0.11649999999999999
0.197	0.153	0.263	0.368	-0.08800000000000002
0.144	0.124	0.092	0.338	0.04200000000000001
0.206	0.314	0.185	0.101	0.07500000000000001
0.0	0.035	0.176	0.099	-0.15849999999999997
0.183	0.26	0.33	0.372	-0.10850000000000001
0.397	0.378	0.288	0.285	0.09950000000000003
0.014	0.164	0.156	0.34	-0.06699999999999999
0.267	0.254	0.169	0.203	0.0915
0.256	0.246	0.189	0.253	0.062
0.289	0.312	0.36	0.28	-0.0595
0.3	0.065	0.065	0.159	0.1175
0.247	0.421	0.348	0.26	-0.014000000000000012
0.342	0.312	0.342	0.323	-0.015000000000000013
0.236	0.335	0.029	0.099	0.25649999999999995
0.0	0.007	0.123	0.339	-0.1195
0.311	0.333	0.336	0.246	-0.014000000000000012
0.072	0.088	0.164	0.351	-0.08400000000000002
0.289	0.354	0.184	0.306	0.1375
0.053	0.087	0.0	0.284	0.06999999999999999
0.269	0.225	0.333	0.219	-0.08600000000000002
0.022	0.099	0.108	0.087	-0.0475
0.411	0.265	0.169	0.313	0.16899999999999996
0.197	0.203	0.364	0.319	-0.16399999999999998
0.264	0.185	0.155	0.134	0.0695
0.308	0.314	0.299	0.227	0.01200000000000001
0.158	0.279	0.128	0.275	0.09050000000000002
0.058	0.158	0.209	0.24	-0.10099999999999999
0.169	0.178	0.274	0.275	-0.10050000000000003
0.192	0.389	0.14	0.186	0.15049999999999997
0.05	0.14	0.175	0.292	-0.07999999999999999
0.331	0.329	0.192	0.144	0.138
0.156	0.147	0.121	0.196	0.0305
0.058	0.136	0.2	0.131	-0.10300000000000001
0.042	0.415	0.324	0.335	-0.09550000000000003
0.036	0.262	0.238	0.123	-0.089
0.158	0.075	0.167	0.206	-0.05050000000000002
0.078	0.114	0.221	0.357	-0.125
0.006	0.085	0.171	0.296	-0.1255
0.169	0.262	0.296	0.28	-0.08049999999999996
0.378	0.364	0.319	0.199	0.05199999999999999
0.008	0.158	0.266	0.318	-0.183
0.111	0.153	0.073	0.175	0.05900000000000001
0.056	0.099	0.245	0.187	-0.16749999999999998
0.336	0.192	0.291	0.379	-0.02699999999999997
0.147	0.133	0.269	0.313	-0.129
0.331	0.36	0.365	0.355	-0.019499999999999962
0.258	0.167	0.411	0.332	-0.19849999999999995
0.097	0.071	0.214	0.152	-0.13
0.097	0.157	0.323	0.142	-0.196
0.136	0.2	0.25	0.298	-0.08199999999999999
0.161	0.219	0.423	0.267	-0.23299999999999998
0.047	0.412	0.307	0.328	-0.07750000000000001
0.089	0.193	0.268	0.3	-0.127
0.053	0.211	0.455	0.248	-0.323
0.014	0.043	0.188	0.29	-0.1595
0.144	0.326	0.29	0.349	-0.05499999999999999
0.197	0.092	0.158	0.244	-0.013499999999999984
0.358	0.397	0.425	0.303	-0.04749999999999999
0.186	0.185	0.371	0.367	-0.1855
0.172	0.15	0.103	0.148	0.05799999999999998
0.35	0.35	0.394	0.17	-0.04400000000000004
0.283	0.406	0.355	0.375	-0.010499999999999954
0.189	0.064	0.267	0.321	-0.1405
0.15	0.257	0.308	0.327	-0.10449999999999998
0.331	0.279	0.238	0.094	0.06700000000000006
0.025	0.268	0.24	0.253	-0.09349999999999997
0.125	0.339	0.236	0.302	-0.003999999999999976
0.081	0.261	0.275	0.338	-0.10400000000000001
0.056	0.006	0.069	0.25	-0.038000000000000006
0.047	0.135	0.185	0.183	-0.094
0.083	0.199	0.38	0.332	-0.239
0.089	0.183	0.326	0.374	-0.19
0.469	0.225	0.428	0.371	-0.08100000000000002
0.228	0.281	0.309	0.223	-0.05449999999999999
0.111	0.325	0.32	0.325	-0.10200000000000001
0.028	0.069	0.324	0.389	-0.2755
0.481	0.24	0.194	0.163	0.16649999999999998
0.289	0.357	0.27	0.274	0.052999999999999936
0.317	0.314	0.378	0.323	-0.0625
0.017	0.188	0.27	0.384	-0.1675
0.15	0.236	0.141	0.27	0.05200000000000002
0.231	0.272	0.449	0.293	-0.1975
0.017	0.035	0.36	0.349	-0.33399999999999996
0.294	0.282	0.181	0.088	0.10699999999999998
0.061	0.268	0.233	0.276	-0.0685
0.0	0.118	0.212	0.272	-0.153
0.172	0.179	0.219	0.133	-0.04350000000000001
0.119	0.257	0.344	0.333	-0.15599999999999997
0.383	0.271	0.393	0.274	-0.066
0.183	0.182	0.147	0.29	0.035500000000000004
0.094	0.15	0.233	0.255	-0.11100000000000002
0.142	0.164	0.254	0.256	-0.101
0.033	0.322	0.184	0.294	-0.006500000000000006
0.061	0.181	0.354	0.262	-0.23299999999999998
0.0	0.121	0.277	0.206	-0.21650000000000003
0.042	0.269	0.056	0.218	0.0995
0.122	0.276	0.368	0.184	-0.16899999999999998
0.072	0.201	0.137	0.265	-0.0005000000000000004
0.189	0.365	0.329	0.201	-0.05199999999999999
0.178	0.321	0.297	0.319	-0.04749999999999999
0.039	0.087	0.276	0.241	-0.21300000000000002
0.006	0.004	0.103	0.237	-0.09799999999999999
0.206	0.438	0.231	0.341	0.091
0.322	0.218	0.162	0.101	0.10800000000000001
0.2	0.274	0.419	0.187	-0.18199999999999997
0.144	0.287	0.253	0.22	-0.03750000000000003
0.036	0.188	0.336	0.272	-0.22400000000000003
0.122	0.161	0.28	0.292	-0.1385
0.269	0.317	0.331	0.36	-0.03799999999999998
0.053	0.006	0.112	0.156	-0.0825
0.078	0.326	0.24	0.313	-0.03799999999999998
0.164	0.219	0.156	0.186	0.035500000000000004
0.064	0.125	0.158	0.34	-0.0635
0.072	0.204	0.25	0.196	-0.11200000000000002
0.131	0.257	0.106	0.212	0.08800000000000001
0.356	0.356	0.105	0.318	0.251
0.186	0.133	0.193	0.217	-0.0335
0.142	0.117	0.264	0.167	-0.1345
0.053	0.125	0.097	0.225	-0.008000000000000007
0.289	0.154	0.265	0.279	-0.04350000000000004
0.094	0.231	0.329	0.247	-0.1665
0.072	0.197	0.345	0.127	-0.21049999999999996
0.431	0.314	0.256	0.292	0.11649999999999999
0.042	0.201	0.183	0.299	-0.061499999999999985
0.119	0.41	0.18	0.308	0.08449999999999996
0.125	0.197	0.081	0.079	0.08
0.111	0.124	0.306	0.199	-0.1885
0.061	0.165	0.224	0.2	-0.111
0.053	0.133	0.087	0.315	0.006000000000000005
0.086	0.19	0.36	0.445	-0.22199999999999998
0.067	0.161	0.291	0.343	-0.177
0.078	0.114	0.169	0.225	-0.07300000000000001
0.006	0.025	0.212	0.299	-0.1965
0.361	0.374	0.035	0.176	0.3325
0.192	0.288	0.308	0.311	-0.068
0.294	0.332	0.226	0.133	0.087
0.161	0.106	0.38	0.287	-0.2465
0.075	0.179	0.182	0.093	-0.05499999999999999
0.081	0.237	0.261	0.258	-0.10200000000000001
0.075	0.201	0.319	0.218	-0.181
0.078	0.062	0.249	0.233	-0.179
0.192	0.189	0.354	0.286	-0.16349999999999998
0.147	0.092	0.332	0.331	-0.21250000000000002
0.236	0.293	0.218	0.129	0.04649999999999996
0.153	0.363	0.326	0.344	-0.068
0.183	0.303	0.347	0.404	-0.10399999999999998
0.144	0.21	0.306	0.363	-0.129
0.153	0.307	0.206	0.085	0.023999999999999994
0.119	0.308	0.145	0.098	0.0685
0.067	0.136	0.199	0.156	-0.0975
0.153	0.151	0.254	0.371	-0.10200000000000001
0.078	0.253	0.358	0.139	-0.19249999999999998
0.014	0.226	0.185	0.294	-0.06499999999999999
0.219	0.268	0.166	0.134	0.07749999999999999
0.194	0.097	0.221	0.262	-0.07549999999999998
0.078	0.065	0.376	0.207	-0.3045
0.136	0.279	0.294	0.213	-0.08649999999999997
0.083	0.094	0.244	0.432	-0.1555
0.317	0.213	0.315	0.256	-0.04999999999999999
0.019	0.174	0.335	0.196	-0.23850000000000005
0.128	0.165	0.233	0.109	-0.0865
0.256	0.363	0.376	0.228	-0.0665
0.208	0.287	0.401	0.395	-0.15350000000000003
0.156	0.281	0.225	0.161	-0.006499999999999978
0.181	0.211	0.212	0.388	-0.015999999999999986
0.181	0.093	0.211	0.307	-0.07399999999999998
0.233	0.31	0.396	0.258	-0.1245
0.2	0.158	0.208	0.243	-0.028999999999999998
0.158	0.367	0.14	0.162	0.1225
0.178	0.143	0.332	0.262	-0.17150000000000004
0.097	0.218	0.42	0.297	-0.26249999999999996
0.147	0.161	0.064	0.344	0.09
0.253	0.125	0.438	0.428	-0.249
0.458	0.144	0.367	0.131	-0.066
0.35	0.196	0.351	0.381	-0.07799999999999996
0.083	0.104	0.202	0.35	-0.10850000000000001
0.117	0.358	0.372	0.358	-0.1345
0.325	0.293	0.215	0.293	0.094
0.242	0.126	0.233	0.346	-0.049000000000000016
0.167	0.16	0.155	0.113	0.008500000000000008
0.094	0.333	0.32	0.26	-0.10649999999999998
0.064	0.314	0.221	0.323	-0.032
0.306	0.306	0.234	0.04	0.07199999999999998
0.169	0.261	0.173	0.121	0.04200000000000004
0.114	0.232	0.356	0.31	-0.18299999999999997
0.136	0.153	0.293	0.295	-0.14849999999999997
0.058	0.233	0.29	0.279	-0.14449999999999996
0.214	0.276	0.236	0.175	0.009000000000000008
0.097	0.033	0.326	0.324	-0.261
0.108	0.232	0.207	0.241	-0.03699999999999998
0.35	0.454	0.256	0.286	0.14600000000000002
0.15	0.293	0.288	0.34	-0.0665
0.428	0.174	0.341	0.416	-0.040000000000000036
0.064	0.121	0.16	0.087	-0.0675
0.103	0.272	0.211	0.355	-0.023499999999999993
0.106	0.175	0.357	0.375	-0.2165
0.439	0.243	0.292	0.363	0.04899999999999999
0.003	0.168	0.147	0.402	-0.061499999999999985
0.244	0.25	0.241	0.331	0.006000000000000005
0.242	0.335	0.135	0.036	0.15349999999999997
0.144	0.176	0.265	0.148	-0.10500000000000004
0.114	0.126	0.201	0.389	-0.08100000000000002
0.1	0.239	0.163	0.158	0.006499999999999978
0.044	0.167	0.048	0.163	0.05750000000000001
0.1	0.243	0.147	0.081	0.024499999999999994
0.133	0.211	0.206	0.302	-0.034
0.458	0.363	0.322	0.256	0.08849999999999997
0.014	0.207	0.307	0.143	-0.1965
0.0	0.235	0.225	0.369	-0.10750000000000001
0.244	0.107	0.271	0.291	-0.09550000000000003
0.311	0.171	0.167	0.35	0.07399999999999998
0.022	0.272	0.203	0.211	-0.055999999999999994
0.053	0.115	0.009	0.15	0.07500000000000001
0.178	0.225	0.31	0.168	-0.10849999999999999
0.122	0.011	0.315	0.205	-0.2485
0.156	0.301	0.289	0.159	-0.0605
0.008	0.146	0.171	0.329	-0.09400000000000001
0.297	0.297	0.347	0.239	-0.04999999999999999
0.1	0.103	0.2	0.325	-0.0985
0.192	0.122	0.228	0.251	-0.07100000000000001
0.147	0.196	0.258	0.318	-0.08650000000000002
0.144	0.21	0.071	0.406	0.106
0.033	0.208	0.31	0.416	-0.1895
0.192	0.293	0.296	0.315	-0.05349999999999999
0.25	0.262	0.389	0.142	-0.133
0.144	0.407	0.349	0.291	-0.07350000000000001
0.208	0.303	0.337	0.183	-0.08150000000000002
0.106	0.181	0.349	0.373	-0.2055
0.117	0.129	0.382	0.28	-0.259
0.181	0.118	0.11	0.325	0.03949999999999999
0.267	0.162	0.292	0.345	-0.07749999999999996
0.406	0.397	0.339	0.321	0.0625
0.028	0.108	0.134	0.281	-0.066
0.047	0.129	0.301	0.385	-0.213
0.028	0.056	0.2	0.15	-0.158
0.344	0.381	0.278	0.26	0.08449999999999996
0.092	0.267	0.306	0.303	-0.1265
0.086	0.092	0.212	0.231	-0.123
0.167	0.276	0.183	0.051	0.038500000000000034
0.119	0.135	0.274	0.117	-0.14700000000000002
0.275	0.257	0.223	0.248	0.04300000000000001
0.092	0.142	0.14	0.189	-0.02300000000000002
0.042	0.347	0.347	0.358	-0.1525
0.089	0.132	0.066	0.304	0.0445
0.214	0.325	0.243	0.219	0.026500000000000024
0.031	0.089	0.299	0.19	-0.239
0.2	0.075	0.105	0.339	0.032500000000000015
0.067	0.126	0.457	0.203	-0.36050000000000004
0.253	0.297	0.376	0.288	-0.10099999999999998
0.358	0.186	0.14	0.095	0.132
0.114	0.111	0.292	0.256	-0.1795
0.011	0.036	0.195	0.117	-0.1715
0.092	0.031	0.03	0.156	0.0315
0.103	0.06	0.058	0.36	0.023499999999999986
0.114	0.09	0.326	0.21	-0.224
0.131	0.254	0.226	0.25	-0.0335
0.172	0.16	0.171	0.123	-0.005000000000000032
0.467	0.442	0.226	0.32	0.2285
0.117	0.317	0.438	0.277	-0.221
0.306	0.289	0.199	0.165	0.09849999999999998
0.222	0.218	0.356	0.34	-0.13599999999999998
0.014	0.004	0.067	0.243	-0.058
0.228	0.304	0.313	0.42	-0.046999999999999986
0.1	0.097	0.249	0.231	-0.1505
0.053	0.246	0.456	0.369	-0.3065
0.236	0.211	0.251	0.2	-0.027500000000000024
0.069	0.108	0.194	0.149	-0.10550000000000001
0.025	0.029	0.132	0.209	-0.10500000000000001
0.272	0.249	0.355	0.349	-0.09449999999999997
0.328	0.299	0.232	0.246	0.08149999999999999
0.261	0.317	0.265	0.087	0.02400000000000002
0.042	0.158	0.106	0.302	-0.0059999999999999915
0.006	0.21	0.328	0.152	-0.22000000000000003
0.322	0.394	0.376	0.158	-0.018000000000000016
0.086	0.217	0.423	0.256	-0.27149999999999996
0.108	0.258	0.101	0.329	0.08199999999999999
0.197	0.172	0.019	0.131	0.1655
0.081	0.181	0.403	0.253	-0.272
0.394	0.417	0.27	0.321	0.13549999999999995
0.097	0.262	0.288	0.257	-0.10849999999999999
0.097	0.342	0.416	0.356	-0.19649999999999995
0.067	0.081	0.213	0.224	-0.13899999999999998
0.169	0.289	0.433	0.281	-0.20400000000000001
0.294	0.176	0.303	0.248	-0.068
0.033	0.026	0.276	0.363	-0.24650000000000002
0.147	0.175	0.355	0.363	-0.194
0.069	0.106	0.161	0.298	-0.07350000000000001
0.178	0.067	0.109	0.209	0.013499999999999998
0.431	0.328	0.366	0.29	0.013500000000000012
0.25	0.1	0.063	0.129	0.11199999999999999
0.258	0.144	0.134	0.181	0.067
0.247	0.253	0.392	0.293	-0.14200000000000002
0.239	0.325	0.117	0.052	0.16500000000000004
0.344	0.428	0.422	0.323	-0.035999999999999976
0.303	0.242	0.385	0.247	-0.11250000000000004
0.111	0.144	0.197	0.294	-0.0695
0.211	0.338	0.201	0.257	0.07350000000000001
0.094	0.1	0.199	0.302	-0.10200000000000001
0.086	0.238	0.332	0.221	-0.17000000000000004
0.192	0.157	0.143	0.106	0.0315
0.186	0.304	0.292	0.164	-0.046999999999999986
0.064	0.208	0.24	0.231	-0.10399999999999998
0.133	0.151	0.303	0.225	-0.16099999999999998
0.153	0.129	0.117	0.4	0.024000000000000007
0.133	0.172	0.333	0.264	-0.18050000000000002
0.092	0.086	0.309	0.294	-0.22
0.072	0.182	0.135	0.209	-0.008000000000000007
0.183	0.144	0.138	0.253	0.025499999999999967
0.139	0.165	0.269	0.183	-0.11699999999999999
0.083	0.182	0.172	0.114	-0.03949999999999998
0.047	0.042	0.097	0.131	-0.052500000000000005
0.108	0.158	0.181	0.243	-0.04799999999999999
0.053	0.192	0.274	0.124	-0.15150000000000002
0.231	0.276	0.191	0.229	0.0625
0.047	0.243	0.09	0.172	0.05499999999999999
0.275	0.279	0.258	0.122	0.019000000000000017
0.122	0.065	0.246	0.239	-0.1525
0.169	0.424	0.331	0.216	-0.03450000000000003
0.097	0.142	0.212	0.392	-0.0925
0.097	0.24	0.29	0.192	-0.1215
0.256	0.307	0.128	0.13	0.15349999999999997
0.189	0.088	0.287	0.19	-0.14849999999999997
0.039	0.112	0.236	0.261	-0.16049999999999998
0.25	0.122	0.31	0.166	-0.124
0.092	0.278	0.428	0.226	-0.243
0.264	0.208	0.199	0.237	0.03699999999999998
0.133	0.289	0.298	0.301	-0.087
0.044	0.168	0.149	0.329	-0.04299999999999998
0.106	0.144	0.471	0.296	-0.346
0.072	0.279	0.426	0.322	-0.25049999999999994
0.164	0.171	0.198	0.438	-0.0305
0.175	0.2	0.142	0.199	0.04550000000000001
0.186	0.14	0.083	0.062	0.08
0.214	0.265	0.348	0.323	-0.10849999999999999
0.136	0.158	0.319	0.299	-0.172
0.164	0.176	0.247	0.211	-0.07700000000000001
0.133	0.331	0.315	0.176	-0.08299999999999999
0.064	0.172	0.175	0.192	-0.056999999999999995
0.078	0.025	0.138	0.192	-0.08650000000000001
0.089	0.149	0.183	0.15	-0.064
0.097	0.282	0.188	0.211	0.0015000000000000013
0.128	0.2	0.229	0.277	-0.065
0.35	0.208	0.217	0.216	0.06199999999999997
0.153	0.189	0.128	0.072	0.04299999999999998
0.194	0.299	0.062	0.149	0.1845
0.217	0.171	0.239	0.273	-0.044999999999999984
0.122	0.239	0.227	0.105	-0.046500000000000014
0.272	0.363	0.339	0.224	-0.02150000000000002
0.439	0.311	0.259	0.283	0.11599999999999999
0.186	0.164	0.215	0.096	-0.04000000000000001
0.206	0.237	0.295	0.344	-0.07350000000000001
0.244	0.267	0.222	0.249	0.0335
0.064	0.115	0.219	0.161	-0.1295
0.108	0.165	0.385	0.382	-0.2485
0.083	0.199	0.177	0.326	-0.035999999999999976
0.003	0.035	0.122	0.204	-0.103
0.069	0.221	0.187	0.162	-0.04199999999999998
0.033	0.096	0.249	0.327	-0.1845
0.264	0.218	0.222	0.125	0.01899999999999999
0.064	0.185	0.154	0.108	-0.0295
0.106	0.239	0.328	0.29	-0.15550000000000003
0.35	0.243	0.347	0.183	-0.05049999999999999
0.133	0.239	0.186	0.263	0.0
0.094	0.21	0.395	0.36	-0.24300000000000002
0.019	0.151	0.424	0.296	-0.33899999999999997
0.067	0.172	0.418	0.146	-0.2985
0.1	0.274	0.315	0.259	-0.128
0.078	0.232	0.392	0.433	-0.23700000000000002
0.047	0.072	0.395	0.345	-0.3355
0.108	0.086	0.103	0.255	-0.0059999999999999915
0.186	0.062	0.328	0.368	-0.20400000000000001
0.089	0.171	0.296	0.229	-0.16599999999999998
0.203	0.379	0.348	0.258	-0.05699999999999994
0.183	0.282	0.287	0.327	-0.05449999999999999
0.167	0.129	0.274	0.323	-0.126
0.419	0.244	0.452	0.292	-0.1205
0.0	0.071	0.143	0.197	-0.10749999999999998
0.239	0.2	0.24	0.27	-0.02049999999999999
0.106	0.356	0.215	0.205	0.015999999999999986
0.214	0.244	0.347	0.148	-0.118
0.197	0.171	0.29	0.313	-0.10599999999999998
0.311	0.258	0.19	0.179	0.09449999999999997
0.092	0.092	0.26	0.282	-0.168
0.061	0.125	0.298	0.078	-0.205
0.156	0.237	0.113	0.307	0.0835
0.092	0.083	0.191	0.166	-0.10350000000000001
0.178	0.117	0.214	0.25	-0.0665
0.033	0.232	0.342	0.29	-0.20950000000000002
0.05	0.1	0.157	0.233	-0.08199999999999999
0.0	0.122	0.224	0.294	-0.163
0.242	0.351	0.169	0.367	0.12749999999999997
0.172	0.232	0.322	0.379	-0.12
0.117	0.272	0.244	0.169	-0.04949999999999999
0.325	0.25	0.067	0.245	0.22049999999999997
0.322	0.274	0.119	0.219	0.17900000000000005
0.219	0.233	0.232	0.156	-0.006000000000000005
0.114	0.315	0.271	0.41	-0.05650000000000002
0.022	0.076	0.208	0.293	-0.15899999999999997
0.419	0.26	0.474	0.4	-0.13449999999999995
0.353	0.31	0.206	0.396	0.12550000000000003
0.128	0.15	0.291	0.137	-0.15199999999999997
0.064	0.119	0.283	0.251	-0.19149999999999998
0.472	0.356	0.491	0.402	-0.07700000000000001
0.028	0.224	0.235	0.155	-0.10899999999999999
0.272	0.3	0.296	0.305	-0.009999999999999953
0.164	0.257	0.37	0.233	-0.15949999999999998
0.128	0.324	0.142	0.207	0.08400000000000002
0.056	0.342	0.205	0.192	-0.005999999999999978
0.147	0.243	0.198	0.221	-0.0030000000000000027
0.144	0.208	0.397	0.367	-0.22100000000000003
0.131	0.183	0.223	0.254	-0.066
0.064	0.308	0.119	0.18	0.067
0.097	0.182	0.232	0.137	-0.0925
0.117	0.165	0.368	0.392	-0.22699999999999998
0.022	0.294	0.383	0.069	-0.225
0.258	0.392	0.363	0.288	-0.03799999999999998
0.394	0.196	0.345	0.198	-0.04999999999999993
0.378	0.224	0.155	0.372	0.146
0.156	0.378	0.306	0.183	-0.03899999999999998
0.175	0.264	0.194	0.303	0.025499999999999995
0.144	0.225	0.335	0.353	-0.15050000000000002
0.086	0.069	0.268	0.219	-0.1905
0.375	0.297	0.244	0.222	0.09199999999999997
0.369	0.371	0.306	0.275	0.064
0.133	0.231	0.329	0.194	-0.14700000000000002
0.056	0.154	0.185	0.375	-0.08
0.019	0.217	0.221	0.291	-0.10300000000000001
0.2	0.257	0.272	0.313	-0.04350000000000001
0.064	0.099	0.34	0.347	-0.2585
0.058	0.093	0.156	0.232	-0.0805
0.25	0.035	0.064	0.152	0.07850000000000001
0.189	0.208	0.252	0.221	-0.05349999999999999
0.114	0.15	0.285	0.139	-0.15299999999999997
0.167	0.243	0.274	0.223	-0.069
0.453	0.449	0.433	0.219	0.018000000000000016
0.014	0.075	0.292	0.35	-0.2475
0.217	0.207	0.231	0.159	-0.019000000000000017
0.258	0.372	0.203	0.288	0.11199999999999999
0.031	0.157	0.375	0.286	-0.281
0.247	0.347	0.233	0.185	0.06399999999999997
0.156	0.199	0.233	0.222	-0.05550000000000002
0.128	0.076	0.349	0.298	-0.24699999999999997
0.242	0.149	0.185	0.207	0.01050000000000001
0.281	0.325	0.247	0.311	0.05600000000000005
0.286	0.219	0.329	0.208	-0.07650000000000001
0.303	0.249	0.444	0.418	-0.16799999999999998
0.194	0.396	0.342	0.355	-0.046999999999999986
0.133	0.111	0.216	0.201	-0.094
0.267	0.278	0.151	0.174	0.12150000000000002
0.031	0.017	0.138	0.146	-0.11400000000000002
0.289	0.333	0.396	0.298	-0.08500000000000002
0.214	0.226	0.368	0.254	-0.148
0.108	0.072	0.158	0.354	-0.068
0.103	0.097	0.353	0.365	-0.253
0.339	0.401	0.342	0.262	0.02799999999999997
0.003	0.067	0.156	0.107	-0.121
0.114	0.428	0.356	0.377	-0.08499999999999996
0.039	0.064	0.274	0.285	-0.22250000000000003
0.486	0.1	0.274	0.052	0.01899999999999996
0.139	0.181	0.18	0.168	-0.01999999999999999
0.133	0.419	0.306	0.251	-0.02999999999999997
0.108	0.214	0.344	0.195	-0.18299999999999997
0.25	0.236	0.329	0.46	-0.08600000000000002
0.131	0.129	0.113	0.262	0.017
0.325	0.356	0.32	0.221	0.020500000000000018
0.233	0.403	0.321	0.28	-0.0030000000000000027
0.172	0.257	0.292	0.204	-0.07749999999999999
0.133	0.161	0.185	0.261	-0.03799999999999998
0.175	0.278	0.319	0.142	-0.0925
0.033	0.162	0.192	0.125	-0.0945
0.1	0.09	0.036	0.225	0.059000000000000004
0.281	0.332	0.233	0.264	0.07349999999999998
0.236	0.328	0.303	0.312	-0.020999999999999963
0.072	0.174	0.16	0.296	-0.037000000000000005
0.006	0.218	0.099	0.259	0.012999999999999998
0.139	0.16	0.269	0.337	-0.1195
0.281	0.154	0.281	0.248	-0.0635
0.192	0.171	0.394	0.165	-0.21250000000000002
0.15	0.124	0.215	0.314	-0.07799999999999999
0.275	0.408	0.244	0.312	0.09750000000000003
0.169	0.094	0.213	0.191	-0.08149999999999999
0.114	0.038	0.078	0.127	-0.0020000000000000018
0.172	0.282	0.399	0.256	-0.17200000000000004
0.186	0.271	0.376	0.325	-0.1475
0.053	0.074	0.135	0.199	-0.07150000000000001
0.0	0.001	0.066	0.237	-0.0655
0.081	0.272	0.296	0.321	-0.11949999999999997
0.089	0.247	0.355	0.229	-0.187
0.111	0.215	0.171	0.103	-0.008000000000000007
0.342	0.389	0.408	0.252	-0.04249999999999993
0.258	0.357	0.237	0.118	0.07050000000000001
0.186	0.138	0.194	0.286	-0.032
0.05	0.054	0.256	0.371	-0.20400000000000001
0.014	0.121	0.281	0.275	-0.21350000000000002
0.283	0.236	0.219	0.174	0.04049999999999995
0.158	0.233	0.283	0.262	-0.08749999999999997
0.228	0.165	0.285	0.242	-0.08849999999999997
0.214	0.239	0.303	0.381	-0.07650000000000001
0.142	0.247	0.194	0.244	0.0005000000000000004
0.169	0.071	0.253	0.205	-0.133
0.322	0.267	0.263	0.242	0.03149999999999997
0.006	0.001	0.126	0.254	-0.1225
0.367	0.342	0.356	0.241	-0.0014999999999999458
0.175	0.271	0.15	0.128	0.07300000000000001
0.233	0.379	0.378	0.452	-0.07200000000000001
0.45	0.418	0.376	0.315	0.057999999999999996
0.05	0.076	0.303	0.294	-0.24
0.231	0.221	0.319	0.295	-0.093
0.061	0.101	0.372	0.28	-0.291
0.194	0.236	0.181	0.241	0.034
0.078	0.083	0.151	0.206	-0.0705
0.211	0.243	0.419	0.247	-0.192
0.128	0.139	0.199	0.358	-0.0655
0.15	0.285	0.233	0.398	-0.015500000000000042
0.333	0.306	0.395	0.4	-0.07550000000000001
0.128	0.036	0.081	0.231	0.0010000000000000009
0.197	0.197	0.287	0.363	-0.08999999999999997
0.258	0.142	0.21	0.366	-0.009999999999999981
0.1	0.164	0.276	0.383	-0.14400000000000002
0.006	0.054	0.274	0.309	-0.24400000000000002
0.167	0.314	0.287	0.406	-0.046499999999999986
0.269	0.383	0.367	0.346	-0.04099999999999998
0.161	0.269	0.272	0.207	-0.056999999999999995
0.1	0.114	0.152	0.104	-0.044999999999999984
0.128	0.162	0.365	0.312	-0.21999999999999997
0.15	0.089	0.235	0.242	-0.11549999999999999
0.081	0.215	0.299	0.314	-0.151
0.106	0.058	0.299	0.305	-0.21699999999999997
0.164	0.411	0.222	0.3	0.06549999999999997
0.056	0.265	0.406	0.338	-0.24550000000000002
0.133	0.094	0.125	0.412	-0.011499999999999996
0.164	0.183	0.185	0.262	-0.01150000000000001
0.361	0.264	0.157	0.292	0.1555
0.239	0.217	0.218	0.233	0.009999999999999981
0.0	0.035	0.226	0.112	-0.20850000000000002
0.178	0.076	0.231	0.351	-0.10400000000000001
0.244	0.35	0.288	0.215	0.009000000000000008
0.05	0.283	0.211	0.206	-0.04450000000000001
0.4	0.424	0.37	0.243	0.04200000000000004
0.044	0.017	0.112	0.273	-0.0815
0.094	0.186	0.213	0.126	-0.07299999999999998
0.006	0.182	0.203	0.188	-0.10900000000000001
0.278	0.311	0.351	0.232	-0.056499999999999995
0.225	0.34	0.355	0.227	-0.07249999999999995
0.253	0.443	0.353	0.266	-0.0050000000000000044
0.094	0.181	0.077	0.242	0.06050000000000001
0.347	0.349	0.231	0.239	0.11699999999999997
0.05	0.142	0.289	0.202	-0.19299999999999998
0.394	0.368	0.198	0.385	0.183
0.094	0.092	0.162	0.217	-0.069
0.492	0.356	0.412	0.352	0.01200000000000001
0.264	0.214	0.326	0.291	-0.08700000000000002
0.108	0.176	0.263	0.257	-0.12100000000000002
0.106	0.236	0.301	0.319	-0.13
0.183	0.296	0.348	0.416	-0.10849999999999999
0.058	0.101	0.294	0.338	-0.21449999999999997
0.242	0.221	0.294	0.127	-0.0625
0.036	0.015	0.076	0.254	-0.0505
0.092	0.118	0.319	0.393	-0.21400000000000002
0.128	0.199	0.402	0.273	-0.23850000000000002
0.061	0.135	0.374	0.181	-0.276
0.242	0.165	0.306	0.365	-0.10249999999999998
0.236	0.154	0.185	0.202	0.010000000000000009
0.297	0.139	0.183	0.211	0.035
0.164	0.058	0.069	0.185	0.041999999999999996
0.072	0.176	0.174	0.08	-0.04999999999999999
0.169	0.136	0.377	0.393	-0.22449999999999998
0.217	0.282	0.285	0.365	-0.035499999999999976
0.017	0.168	0.324	0.352	-0.2315
0.092	0.231	0.308	0.31	-0.1465
0.128	0.2	0.192	0.154	-0.027999999999999997
0.25	0.138	0.112	0.244	0.082
0.219	0.296	0.349	0.318	-0.09149999999999997
0.161	0.117	0.149	0.121	-0.009999999999999981
0.086	0.264	0.369	0.415	-0.194
0.064	0.193	0.139	0.213	-0.01050000000000001
0.094	0.25	0.142	0.13	0.03
0.231	0.232	0.16	0.252	0.07150000000000001
0.397	0.39	0.296	0.195	0.09750000000000003
0.167	0.412	0.392	0.367	-0.10250000000000004
0.075	0.215	0.155	0.235	-0.010000000000000009
0.125	0.308	0.279	0.287	-0.06250000000000003
0.289	0.161	0.144	0.298	0.08099999999999999
0.058	0.071	0.028	0.193	0.036500000000000005
0.083	0.121	0.183	0.196	-0.08099999999999999
0.186	0.276	0.206	0.224	0.025000000000000022
0.119	0.392	0.359	0.343	-0.10349999999999998
0.0	0.106	0.185	0.331	-0.132
0.128	0.308	0.325	0.094	-0.10700000000000001
0.153	0.228	0.206	0.215	-0.015499999999999986
0.378	0.406	0.308	0.147	0.08400000000000002
0.161	0.194	0.153	0.144	0.024499999999999994
0.183	0.197	0.315	0.28	-0.125
0.133	0.239	0.38	0.166	-0.194
0.15	0.131	0.312	0.282	-0.17149999999999999
0.403	0.199	0.191	0.182	0.11000000000000004
0.267	0.247	0.128	0.319	0.129
0.231	0.396	0.267	0.277	0.046499999999999986
0.183	0.224	0.065	0.031	0.1385
0.117	0.047	0.228	0.093	-0.14600000000000002
0.353	0.442	0.383	0.216	0.014499999999999957
0.094	0.197	0.285	0.222	-0.13949999999999996
0.381	0.376	0.322	0.248	0.056499999999999995
0.053	0.3	0.388	0.4	-0.21150000000000002
0.272	0.219	0.267	0.311	-0.02150000000000002
0.056	0.106	0.192	0.281	-0.111
0.028	0.211	0.245	0.155	-0.1255
0.044	0.233	0.208	0.19	-0.06949999999999998
0.006	0.043	0.163	0.141	-0.1385
0.033	0.079	0.319	0.269	-0.263
0.194	0.182	0.263	0.284	-0.07500000000000001
0.211	0.15	0.129	0.25	0.05149999999999999
0.058	0.376	0.307	0.212	-0.09
0.253	0.329	0.335	0.154	-0.043999999999999984
0.283	0.29	0.349	0.17	-0.0625
0.161	0.204	0.381	0.308	-0.1985
0.183	0.178	0.092	0.178	0.0885
0.028	0.128	0.303	0.393	-0.22499999999999998
0.228	0.231	0.093	0.208	0.1365
0.081	0.136	0.285	0.24	-0.17649999999999996
0.281	0.339	0.326	0.192	-0.01599999999999996
0.097	0.306	0.474	0.239	-0.27249999999999996
0.017	0.147	0.062	0.118	0.01999999999999999
0.322	0.31	0.317	0.254	-0.0010000000000000009
0.147	0.153	0.298	0.408	-0.148
0.142	0.221	0.354	0.192	-0.1725
0.003	0.115	0.342	0.301	-0.28300000000000003
0.0	0.039	0.305	0.368	-0.2855
0.028	0.069	0.261	0.304	-0.21250000000000002
0.219	0.168	0.266	0.268	-0.07250000000000001
0.272	0.272	0.293	0.168	-0.020999999999999963
0.214	0.375	0.394	0.32	-0.09950000000000003
0.092	0.239	0.172	0.363	-0.006500000000000006
0.375	0.344	0.244	0.107	0.11549999999999999
0.086	0.071	0.197	0.261	-0.11850000000000002
0.186	0.281	0.353	0.286	-0.11949999999999997
0.358	0.336	0.235	0.232	0.11199999999999999
0.181	0.16	0.344	0.263	-0.1735
0.183	0.3	0.183	0.144	0.058499999999999996
0.108	0.114	0.067	0.274	0.044
0.267	0.446	0.308	0.192	0.04850000000000004
0.194	0.079	0.206	0.27	-0.06949999999999998
0.147	0.256	0.43	0.239	-0.22849999999999998
0.208	0.115	0.215	0.317	-0.05349999999999999
0.058	0.056	0.077	0.268	-0.019999999999999997
0.083	0.301	0.156	0.208	0.036000000000000004
0.383	0.165	0.232	0.29	0.04200000000000001
0.122	0.181	0.294	0.173	-0.1425
0.092	0.124	0.018	0.187	0.09
0.122	0.208	0.225	0.047	-0.060000000000000026
0.097	0.067	0.293	0.292	-0.21099999999999997
0.067	0.099	0.255	0.199	-0.172
0.006	0.178	0.176	0.19	-0.08399999999999999
0.103	0.24	0.194	0.385	-0.02250000000000002
0.314	0.208	0.092	0.164	0.169
0.136	0.208	0.312	0.212	-0.14
0.281	0.381	0.365	0.215	-0.033999999999999975
0.072	0.293	0.195	0.223	-0.012500000000000011
0.214	0.029	0.067	0.082	0.05449999999999999
0.275	0.154	0.2	0.317	0.014500000000000013
0.258	0.29	0.302	0.117	-0.02799999999999997
0.275	0.258	0.312	0.333	-0.045499999999999985
0.119	0.069	0.158	0.248	-0.064
0.089	0.201	0.292	0.209	-0.14699999999999996
0.092	0.271	0.404	0.349	-0.22250000000000003
0.178	0.286	0.415	0.316	-0.183
0.181	0.306	0.232	0.28	0.011499999999999982
0.175	0.165	0.144	0.247	0.025999999999999995
0.081	0.199	0.33	0.238	-0.19
0.022	0.114	0.282	0.367	-0.21399999999999997
0.061	0.3	0.369	0.315	-0.1885
0.297	0.439	0.195	0.337	0.173
0.175	0.26	0.312	0.308	-0.0945
0.131	0.275	0.265	0.277	-0.062
0.014	0.043	0.151	0.364	-0.1225
0.061	0.076	0.253	0.256	-0.1845
0.272	0.172	0.181	0.396	0.04100000000000001
0.053	0.167	0.366	0.255	-0.256
0.183	0.19	0.406	0.234	-0.21950000000000003
0.053	0.071	0.207	0.141	-0.145
0.064	0.133	0.249	0.306	-0.1505
0.161	0.232	0.356	0.33	-0.15949999999999998
0.294	0.436	0.256	0.352	0.10899999999999999
0.381	0.261	0.316	0.29	0.0050000000000000044
0.133	0.299	0.281	0.196	-0.06500000000000003
0.208	0.381	0.369	0.149	-0.07450000000000001
0.092	0.096	0.374	0.339	-0.28
0.022	0.149	0.158	0.252	-0.07250000000000001
0.242	0.325	0.367	0.265	-0.08350000000000002
0.017	0.038	0.106	0.086	-0.0785
0.061	0.274	0.255	0.269	-0.0875
0.086	0.196	0.309	0.212	-0.16799999999999998
0.192	0.249	0.249	0.283	-0.028499999999999998
0.147	0.138	0.264	0.366	-0.1215
0.0	0.065	0.29	0.264	-0.25749999999999995
0.061	0.157	0.247	0.208	-0.138
0.142	0.285	0.403	0.377	-0.18950000000000006
0.192	0.354	0.358	0.313	-0.08499999999999996
0.158	0.351	0.182	0.317	0.07250000000000001
0.15	0.321	0.305	0.314	-0.0695
0.183	0.136	0.257	0.309	-0.0975
0.083	0.088	0.151	0.185	-0.0655
0.325	0.465	0.276	0.35	0.119
0.136	0.286	0.369	0.185	-0.158
0.047	0.268	0.253	0.192	-0.0955
0.175	0.079	0.236	0.161	-0.10899999999999999
0.078	0.128	0.413	0.392	-0.30999999999999994
0.333	0.3	0.335	0.256	-0.018500000000000016
0.375	0.382	0.319	0.314	0.0595
0.089	0.081	0.141	0.307	-0.055999999999999994
0.328	0.215	0.246	0.301	0.025500000000000023
0.278	0.21	0.49	0.231	-0.246
0.136	0.229	0.312	0.34	-0.1295
0.3	0.386	0.351	0.292	-0.008000000000000007
0.056	0.067	0.079	0.169	-0.0175
0.008	0.056	0.164	0.255	-0.132
0.247	0.374	0.233	0.098	0.07749999999999999
0.319	0.104	0.336	0.136	-0.12450000000000003
0.175	0.164	0.261	0.355	-0.09150000000000003
0.25	0.165	0.224	0.202	-0.016499999999999987
0.181	0.085	0.183	0.36	-0.04999999999999999
0.194	0.221	0.265	0.302	-0.057499999999999996
0.419	0.275	0.315	0.276	0.03199999999999997
0.2	0.078	0.242	0.319	-0.10299999999999998
0.133	0.132	0.218	0.171	-0.08549999999999999
0.294	0.214	0.401	0.179	-0.14700000000000002
0.083	0.381	0.353	0.398	-0.12099999999999997
0.214	0.078	0.183	0.264	-0.037000000000000005
0.047	0.086	0.265	0.234	-0.1985
0.0	0.136	0.157	0.106	-0.089
0.25	0.344	0.285	0.365	0.01200000000000001
0.111	0.218	0.206	0.288	-0.04149999999999998
0.156	0.221	0.374	0.3	-0.1855
0.319	0.233	0.306	0.292	-0.02999999999999997
0.217	0.181	0.291	0.381	-0.09199999999999997
0.128	0.236	0.393	0.292	-0.21100000000000002
0.267	0.213	0.308	0.304	-0.068
0.256	0.29	0.479	0.317	-0.20599999999999996
0.303	0.219	0.344	0.278	-0.08299999999999996
0.136	0.287	0.249	0.302	-0.037500000000000006
0.144	0.3	0.269	0.205	-0.04700000000000004
0.256	0.349	0.263	0.338	0.03949999999999998
0.156	0.136	0.278	0.237	-0.132
0.308	0.238	0.342	0.271	-0.069
0.108	0.196	0.144	0.317	0.008000000000000007
0.031	0.214	0.169	0.203	-0.046500000000000014
0.394	0.36	0.45	0.351	-0.07300000000000001
0.194	0.268	0.283	0.373	-0.05199999999999996
0.136	0.135	0.121	0.139	0.014500000000000013
0.386	0.297	0.327	0.377	0.014500000000000013
0.039	0.172	0.226	0.148	-0.12050000000000001
0.281	0.278	0.26	0.223	0.019500000000000017
0.192	0.324	0.39	0.157	-0.132
0.164	0.264	0.281	0.16	-0.067
0.033	0.108	0.083	0.271	-0.012499999999999997
0.183	0.11	0.099	0.134	0.04749999999999999
0.083	0.078	0.099	0.262	-0.018500000000000003
0.086	0.414	0.358	0.198	-0.10799999999999998
0.233	0.267	0.288	0.292	-0.03799999999999998
0.183	0.188	0.117	0.257	0.06849999999999999
0.306	0.349	0.247	0.146	0.08050000000000002
0.294	0.244	0.382	0.343	-0.11299999999999999
0.158	0.185	0.262	0.345	-0.09050000000000002
0.064	0.375	0.27	0.299	-0.05050000000000002
0.203	0.151	0.172	0.267	0.0050000000000000044
0.242	0.322	0.364	0.362	-0.08199999999999996
0.364	0.139	0.231	0.345	0.02049999999999999
0.017	0.011	0.233	0.172	-0.219
0.067	0.143	0.326	0.323	-0.22100000000000003
0.231	0.314	0.426	0.229	-0.15349999999999997
0.278	0.368	0.335	0.243	-0.01200000000000001
0.278	0.206	0.282	0.336	-0.03999999999999998
0.1	0.267	0.354	0.313	-0.17049999999999998
0.258	0.278	0.133	0.165	0.135
0.153	0.332	0.338	0.269	-0.09550000000000003
0.136	0.174	0.258	0.285	-0.10300000000000001
0.108	0.092	0.207	0.193	-0.10699999999999998
0.225	0.318	0.233	0.238	0.038500000000000006
0.183	0.197	0.088	0.122	0.10200000000000001
0.161	0.235	0.203	0.211	-0.0050000000000000044
0.003	0.018	0.046	0.286	-0.035500000000000004
0.136	0.235	0.297	0.301	-0.11149999999999999
0.2	0.339	0.393	0.275	-0.1235
0.122	0.128	0.194	0.083	-0.069
0.014	0.024	0.185	0.146	-0.166
0.008	0.247	0.456	0.193	-0.3285
0.264	0.197	0.417	0.305	-0.18649999999999997
0.058	0.188	0.31	0.385	-0.187
0.108	0.124	0.292	0.333	-0.176
0.061	0.225	0.193	0.265	-0.04999999999999999
0.311	0.389	0.383	0.381	-0.03300000000000003
0.497	0.206	0.22	0.367	0.13149999999999998
0.125	0.132	0.321	0.269	-0.1925
0.267	0.192	0.363	0.438	-0.13349999999999998
0.014	0.11	0.245	0.341	-0.183
0.036	0.271	0.24	0.285	-0.0865
0.014	0.043	0.175	0.224	-0.1465
0.119	0.104	0.175	0.156	-0.0635
0.058	0.24	0.295	0.323	-0.146
0.214	0.312	0.393	0.325	-0.13
0.192	0.288	0.272	0.336	-0.03200000000000003
0.356	0.328	0.172	0.302	0.16999999999999998
0.186	0.258	0.16	0.377	0.062
0.228	0.203	0.372	0.165	-0.15649999999999997
0.042	0.319	0.374	0.303	-0.1935
0.256	0.385	0.218	0.144	0.10250000000000001
0.478	0.426	0.218	0.264	0.23399999999999996
0.136	0.193	0.077	0.314	0.08750000000000001
0.256	0.381	0.333	0.217	-0.014500000000000013
0.217	0.207	0.228	0.389	-0.016000000000000014
0.364	0.268	0.165	0.186	0.151
0.308	0.143	0.247	0.306	-0.02150000000000002
0.047	0.268	0.287	0.141	-0.12949999999999998
0.139	0.231	0.237	0.197	-0.05199999999999999
0.236	0.194	0.327	0.141	-0.11200000000000002
0.189	0.119	0.299	0.36	-0.145
0.175	0.244	0.241	0.35	-0.0315
0.119	0.043	0.143	0.305	-0.062
0.242	0.34	0.289	0.325	0.0020000000000000573
0.061	0.215	0.378	0.272	-0.24
0.206	0.236	0.442	0.263	-0.22100000000000003
0.272	0.085	0.208	0.124	-0.02949999999999997
0.194	0.196	0.26	0.241	-0.065
0.136	0.213	0.1	0.232	0.07449999999999998
0.158	0.119	0.168	0.277	-0.0295
0.242	0.239	0.249	0.166	-0.008500000000000008
0.144	0.207	0.147	0.225	0.028499999999999998
0.233	0.243	0.303	0.101	-0.065
0.219	0.226	0.179	0.21	0.04350000000000001
0.183	0.181	0.153	0.163	0.028999999999999998
0.053	0.111	0.2	0.191	-0.11800000000000001
0.169	0.318	0.206	0.234	0.037500000000000006
0.058	0.082	0.158	0.185	-0.088
0.261	0.218	0.38	0.306	-0.1405
0.161	0.143	0.107	0.182	0.045
0.056	0.325	0.132	0.114	0.058499999999999996
0.261	0.417	0.335	0.254	0.003999999999999948
0.111	0.088	0.296	0.424	-0.19649999999999998
0.169	0.419	0.335	0.157	-0.041000000000000036
0.05	0.049	0.127	0.183	-0.0775
0.194	0.242	0.379	0.203	-0.161
0.056	0.094	0.217	0.163	-0.14200000000000002
0.006	0.129	0.395	0.354	-0.3275
0.056	0.144	0.394	0.331	-0.29400000000000004
0.275	0.193	0.318	0.18	-0.08399999999999999
0.075	0.282	0.351	0.271	-0.1725
0.217	0.268	0.416	0.17	-0.1735
0.144	0.339	0.292	0.122	-0.05049999999999999
0.217	0.196	0.303	0.342	-0.09649999999999997
0.342	0.358	0.167	0.364	0.18299999999999997
0.006	0.014	0.1	0.315	-0.09000000000000001
0.153	0.29	0.128	0.019	0.09349999999999997
0.158	0.135	0.164	0.223	-0.017499999999999988
0.053	0.057	0.047	0.216	0.008
0.047	0.132	0.28	0.141	-0.19050000000000003
0.169	0.261	0.449	0.294	-0.23399999999999999
0.117	0.239	0.319	0.351	-0.14100000000000001
0.183	0.178	0.348	0.347	-0.16749999999999998
0.172	0.092	0.257	0.26	-0.125
0.167	0.226	0.33	0.046	-0.1335
0.164	0.325	0.231	0.137	0.013499999999999984
0.408	0.372	0.439	0.324	-0.04899999999999999
0.25	0.326	0.355	0.258	-0.06699999999999995
0.128	0.308	0.366	0.328	-0.148
0.344	0.392	0.316	0.336	0.05199999999999999
0.053	0.206	0.128	0.286	0.0015000000000000013
0.069	0.279	0.166	0.019	0.008000000000000007
0.053	0.126	0.131	0.281	-0.04150000000000001
0.192	0.268	0.41	0.373	-0.17999999999999997
0.058	0.244	0.372	0.351	-0.221
0.014	0.033	0.202	0.321	-0.17850000000000002
0.114	0.207	0.18	0.235	-0.01949999999999999
0.264	0.254	0.335	0.408	-0.07600000000000001
0.144	0.143	0.119	0.253	0.024499999999999994
0.172	0.129	0.244	0.295	-0.0935
0.078	0.167	0.178	0.383	-0.055499999999999994
0.311	0.285	0.217	0.216	0.08099999999999999
0.047	0.01	0.104	0.167	-0.0755
0.158	0.265	0.481	0.46	-0.26949999999999996
0.3	0.351	0.339	0.221	-0.013500000000000012
0.061	0.311	0.273	0.364	-0.08700000000000002
0.039	0.031	0.085	0.258	-0.05
0.017	0.054	0.201	0.173	-0.1655
0.097	0.171	0.11	0.313	0.024000000000000007
0.056	0.09	0.372	0.312	-0.299
0.189	0.201	0.167	0.181	0.027999999999999997
0.344	0.363	0.341	0.421	0.012499999999999956
0.233	0.222	0.349	0.198	-0.12149999999999997
0.039	0.243	0.277	0.252	-0.13600000000000004
0.142	0.251	0.308	0.111	-0.11149999999999999
0.342	0.275	0.22	0.388	0.0885
0.136	0.146	0.367	0.237	-0.22599999999999998
0.125	0.269	0.307	0.311	-0.10999999999999999
0.214	0.214	0.391	0.262	-0.17700000000000002
0.044	0.254	0.455	0.11	-0.30600000000000005
0.356	0.479	0.231	0.324	0.18649999999999997
0.111	0.243	0.252	0.166	-0.07500000000000001
0.114	0.21	0.277	0.226	-0.11500000000000002
0.167	0.185	0.373	0.272	-0.197
0.231	0.285	0.364	0.258	-0.10599999999999998
0.092	0.183	0.285	0.349	-0.14749999999999996
0.117	0.335	0.335	0.196	-0.10900000000000001
0.05	0.204	0.282	0.241	-0.15499999999999997
0.114	0.112	0.072	0.332	0.04100000000000001
0.3	0.365	0.288	0.367	0.04450000000000004
0.047	0.133	0.27	0.291	-0.18000000000000002
0.106	0.299	0.312	0.28	-0.10950000000000001
0.167	0.225	0.355	0.324	-0.15899999999999997
0.383	0.236	0.315	0.263	-0.005500000000000005
0.275	0.188	0.305	0.252	-0.07349999999999998
0.314	0.258	0.238	0.24	0.04800000000000004
0.206	0.297	0.456	0.4	-0.20450000000000002
0.017	0.019	0.162	0.249	-0.14400000000000002
0.15	0.154	0.296	0.231	-0.144
0.258	0.271	0.147	0.045	0.11750000000000002
0.258	0.357	0.18	0.155	0.1275
0.183	0.192	0.369	0.354	-0.1815
0.408	0.083	0.354	0.328	-0.10849999999999999
0.217	0.236	0.033	0.256	0.19349999999999998
0.175	0.042	0.133	0.095	-0.024500000000000008
0.303	0.135	0.233	0.108	-0.014000000000000012
0.1	0.221	0.149	0.344	0.01150000000000001
0.186	0.267	0.41	0.359	-0.18349999999999997
0.111	0.053	0.112	0.181	-0.03
0.203	0.247	0.263	0.142	-0.038000000000000006
0.208	0.185	0.166	0.16	0.0305
0.247	0.299	0.367	0.138	-0.09399999999999997
0.139	0.393	0.33	0.31	-0.064
0.047	0.1	0.226	0.352	-0.1525
0.131	0.243	0.264	0.334	-0.07700000000000001
0.0	0.025	0.076	0.095	-0.0635
0.153	0.219	0.382	0.382	-0.196
0.308	0.3	0.149	0.09	0.155
0.108	0.24	0.361	0.222	-0.187
0.267	0.186	0.365	0.209	-0.13849999999999998
0.139	0.237	0.354	0.22	-0.16599999999999998
0.422	0.274	0.121	0.248	0.22699999999999998
0.231	0.247	0.128	0.301	0.11099999999999999
0.278	0.365	0.291	0.338	0.030500000000000027
0.25	0.261	0.294	0.323	-0.03849999999999998
0.108	0.19	0.141	0.186	0.008000000000000007
0.208	0.386	0.194	0.19	0.10299999999999998
0.042	0.174	0.317	0.377	-0.20900000000000002
0.192	0.379	0.171	0.114	0.11449999999999996
0.061	0.154	0.195	0.262	-0.08750000000000001
0.142	0.347	0.322	0.252	-0.07750000000000001
0.014	0.29	0.15	0.163	0.0020000000000000018
0.014	0.119	0.242	0.333	-0.1755
0.2	0.269	0.194	0.289	0.04050000000000001
0.194	0.162	0.347	0.337	-0.16899999999999998
0.106	0.296	0.264	0.241	-0.06300000000000003
0.35	0.254	0.226	0.383	0.07599999999999998
0.15	0.126	0.285	0.29	-0.14699999999999996
0.133	0.188	0.35	0.308	-0.18949999999999997
0.072	0.221	0.299	0.116	-0.1525
0.1	0.197	0.378	0.258	-0.22949999999999998
0.169	0.129	0.103	0.213	0.04600000000000003
0.281	0.278	0.249	0.183	0.030500000000000027
0.086	0.251	0.255	0.233	-0.08650000000000002
0.278	0.389	0.468	0.343	-0.1345
0.131	0.092	0.06	0.339	0.051500000000000004
0.122	0.175	0.41	0.325	-0.26149999999999995
0.261	0.256	0.408	0.159	-0.14949999999999997
0.019	0.061	0.185	0.306	-0.145
0.042	0.256	0.28	0.412	-0.13100000000000003
0.197	0.179	0.111	0.227	0.077
0.147	0.218	0.044	0.268	0.1385
0.206	0.285	0.163	0.268	0.08249999999999999
0.367	0.374	0.383	0.276	-0.012500000000000011
0.083	0.271	0.167	0.22	0.010000000000000009
0.194	0.118	0.184	0.278	-0.027999999999999997
0.275	0.293	0.166	0.325	0.11800000000000002
0.031	0.056	0.18	0.201	-0.1365
0.083	0.328	0.178	0.029	0.027500000000000024
0.483	0.396	0.384	0.38	0.055499999999999994
0.133	0.142	0.213	0.26	-0.07549999999999998
0.25	0.125	0.39	0.421	-0.2025
0.106	0.185	0.328	0.296	-0.18250000000000002
0.125	0.213	0.167	0.308	0.001999999999999974
0.15	0.164	0.119	0.122	0.038000000000000006
0.047	0.156	0.313	0.265	-0.2115
0.056	0.135	0.34	0.162	-0.24450000000000002
0.1	0.193	0.268	0.114	-0.1215
0.128	0.064	0.19	0.163	-0.094
0.286	0.449	0.112	0.183	0.2555
0.094	0.21	0.237	0.266	-0.08499999999999999
0.125	0.097	0.235	0.306	-0.12399999999999999
0.278	0.383	0.237	0.207	0.09350000000000003
0.058	0.142	0.188	0.234	-0.08800000000000001
0.147	0.157	0.256	0.308	-0.10400000000000001
0.125	0.294	0.356	0.389	-0.1465
0.242	0.175	0.38	0.295	-0.1715
0.086	0.249	0.264	0.246	-0.09650000000000003
0.044	0.104	0.094	0.142	-0.020000000000000004
0.369	0.296	0.265	0.351	0.0675
0.078	0.249	0.248	0.211	-0.08449999999999999
0.411	0.244	0.258	0.077	0.0695
0.161	0.225	0.325	0.437	-0.132
0.011	0.097	0.401	0.251	-0.34700000000000003
0.322	0.364	0.261	0.315	0.08199999999999996
0.461	0.303	0.12	0.088	0.262
0.264	0.367	0.401	0.124	-0.08550000000000002
0.122	0.254	0.333	0.416	-0.14500000000000002
0.353	0.312	0.297	0.258	0.03550000000000003
0.211	0.25	0.242	0.306	-0.01150000000000001
0.167	0.274	0.246	0.28	-0.025499999999999967
0.167	0.363	0.279	0.282	-0.014000000000000012
0.15	0.213	0.314	0.242	-0.1325
0.161	0.297	0.341	0.251	-0.11200000000000004
0.039	0.018	0.306	0.334	-0.27749999999999997
0.308	0.424	0.413	0.227	-0.046999999999999986
0.136	0.293	0.273	0.4	-0.058500000000000024
0.131	0.251	0.282	0.273	-0.09099999999999997
0.011	0.156	0.281	0.285	-0.1975
0.031	0.122	0.181	0.235	-0.1045
0.069	0.282	0.357	0.307	-0.1815
0.272	0.404	0.369	0.282	-0.030999999999999972
0.428	0.356	0.183	0.182	0.20900000000000002
0.019	0.121	0.275	0.25	-0.20500000000000002
0.217	0.135	0.219	0.179	-0.04300000000000001
0.039	0.101	0.275	0.18	-0.20500000000000002
0.283	0.117	0.176	0.21	0.023999999999999994
0.406	0.228	0.295	0.208	0.02200000000000002
0.044	0.082	0.278	0.334	-0.21500000000000002
0.133	0.194	0.272	0.216	-0.10850000000000001
0.292	0.357	0.381	0.358	-0.056499999999999995
0.3	0.188	0.244	0.189	0.0
0.236	0.324	0.305	0.21	-0.024999999999999967
0.236	0.194	0.376	0.307	-0.161
0.411	0.292	0.303	0.34	0.04849999999999999
0.008	0.092	0.182	0.269	-0.132
0.258	0.382	0.278	0.42	0.04199999999999998
0.019	0.124	0.167	0.206	-0.09550000000000002
0.158	0.112	0.326	0.278	-0.191
0.286	0.307	0.176	0.23	0.1205
0.119	0.262	0.231	0.276	-0.04050000000000001
0.261	0.269	0.235	0.155	0.030000000000000027
0.128	0.179	0.34	0.363	-0.18650000000000003
0.167	0.25	0.402	0.216	-0.1935
0.131	0.211	0.393	0.372	-0.22200000000000003
0.014	0.151	0.222	0.32	-0.1395
0.081	0.26	0.286	0.287	-0.11549999999999996
0.314	0.417	0.3	0.27	0.0655
0.128	0.286	0.31	0.373	-0.10300000000000001
0.083	0.281	0.194	0.191	-0.011999999999999983
0.031	0.342	0.387	0.208	-0.2005
0.081	0.265	0.163	0.201	0.010000000000000009
0.214	0.139	0.087	0.223	0.0895
0.222	0.144	0.158	0.277	0.024999999999999994
0.3	0.349	0.317	0.276	0.007500000000000007
0.089	0.176	0.234	0.39	-0.1015
0.089	0.228	0.264	0.195	-0.10550000000000001
0.231	0.146	0.302	0.384	-0.11349999999999999
0.078	0.11	0.233	0.264	-0.139
0.208	0.344	0.272	0.393	0.003999999999999948
0.089	0.193	0.324	0.351	-0.183
0.111	0.112	0.087	0.112	0.024500000000000008
0.003	0.015	0.22	0.291	-0.211
0.278	0.247	0.283	0.269	-0.020499999999999963
0.244	0.203	0.262	0.275	-0.038500000000000006
0.058	0.106	0.247	0.295	-0.16499999999999998
0.1	0.247	0.365	0.306	-0.1915
0.175	0.093	0.183	0.103	-0.04899999999999999
0.097	0.083	0.116	0.316	-0.02600000000000001
0.217	0.351	0.089	0.235	0.19499999999999998
0.153	0.049	0.066	0.114	0.035
0.044	0.167	0.243	0.388	-0.13749999999999998
0.261	0.057	0.264	0.246	-0.10500000000000001
0.064	0.069	0.351	0.218	-0.2845
0.161	0.232	0.168	0.14	0.028499999999999998
0.239	0.256	0.165	0.185	0.08249999999999999
0.072	0.043	0.264	0.299	-0.20650000000000002
0.122	0.262	0.334	0.299	-0.14200000000000002
0.089	0.125	0.024	0.252	0.08299999999999999
0.103	0.161	0.267	0.331	-0.135
0.078	0.138	0.116	0.328	-0.007999999999999993
0.233	0.222	0.291	0.255	-0.06349999999999997
0.042	0.147	0.348	0.301	-0.25349999999999995
0.047	0.085	0.193	0.309	-0.127
0.05	0.122	0.296	0.365	-0.21
0.139	0.185	0.288	0.373	-0.12599999999999997
0.111	0.139	0.167	0.274	-0.04200000000000001
0.067	0.211	0.274	0.285	-0.135
0.119	0.122	0.179	0.06	-0.058499999999999996
0.208	0.144	0.386	0.277	-0.21000000000000002
0.239	0.267	0.34	0.33	-0.08700000000000002
0.233	0.228	0.37	0.367	-0.13949999999999999
0.256	0.236	0.244	0.301	0.0020000000000000018
0.064	0.108	0.197	0.098	-0.11100000000000002
0.128	0.078	0.099	0.14	0.0040000000000000036
0.239	0.39	0.324	0.094	-0.009500000000000008
0.169	0.197	0.177	0.179	0.006000000000000005
0.128	0.114	0.324	0.298	-0.203
0.128	0.082	0.056	0.299	0.04900000000000001
0.361	0.279	0.376	0.225	-0.055999999999999994
0.233	0.4	0.376	0.342	-0.0595
0.15	0.214	0.356	0.3	-0.174
0.281	0.239	0.367	0.285	-0.10699999999999998
0.172	0.197	0.269	0.379	-0.08450000000000002
0.394	0.394	0.328	0.145	0.066
0.111	0.026	0.298	0.208	-0.22949999999999998
0.0	0.251	0.488	0.219	-0.3625
0.05	0.067	0.213	0.067	-0.1545
0.281	0.249	0.203	0.287	0.062
0.175	0.062	0.034	0.163	0.08449999999999999
0.008	0.118	0.287	0.306	-0.22399999999999998
0.181	0.146	0.302	0.29	-0.1385
0.025	0.208	0.378	0.335	-0.2615
0.367	0.192	0.109	0.223	0.17049999999999998
0.272	0.433	0.377	0.285	-0.024499999999999966
0.272	0.315	0.288	0.367	0.005500000000000005
0.383	0.322	0.282	0.186	0.07050000000000006
0.011	0.143	0.31	0.293	-0.23299999999999998
0.172	0.168	0.301	0.368	-0.131
0.069	0.058	0.068	0.227	-0.004500000000000004
0.139	0.324	0.267	0.186	-0.035500000000000004
0.294	0.135	0.272	0.165	-0.05750000000000002
0.064	0.182	0.311	0.21	-0.188
0.214	0.408	0.223	0.219	0.088
0.067	0.161	0.179	0.283	-0.06499999999999999
0.136	0.085	0.188	0.273	-0.07749999999999999
0.236	0.24	0.308	0.267	-0.07
0.067	0.218	0.315	0.289	-0.1725
0.056	0.369	0.355	0.396	-0.1425
0.153	0.087	0.109	0.134	0.010999999999999996
0.122	0.088	0.075	0.218	0.03
0.147	0.34	0.254	0.191	-0.01050000000000001
0.219	0.236	0.302	0.313	-0.07450000000000001
0.0	0.086	0.289	0.284	-0.246
0.197	0.079	0.163	0.359	-0.024999999999999994
0.089	0.214	0.311	0.375	-0.1595
0.072	0.192	0.194	0.179	-0.062
0.094	0.033	0.253	0.077	-0.1895
0.147	0.264	0.24	0.223	-0.034499999999999975
0.178	0.176	0.208	0.396	-0.031
0.044	0.306	0.39	0.374	-0.21500000000000002
0.064	0.214	0.299	0.121	-0.15999999999999998
0.139	0.357	0.143	0.153	0.10500000000000001
0.297	0.164	0.28	0.351	-0.049500000000000044
0.156	0.337	0.21	0.357	0.036500000000000005
0.103	0.022	0.134	0.221	-0.07150000000000001
0.217	0.1	0.247	0.348	-0.0885
0.228	0.114	0.284	0.296	-0.11299999999999996
0.242	0.271	0.446	0.269	-0.1895
0.333	0.242	0.192	0.235	0.09549999999999997
0.228	0.25	0.213	0.276	0.025999999999999995
0.439	0.256	0.326	0.327	0.02150000000000002
0.128	0.16	0.179	0.265	-0.034999999999999976
0.072	0.243	0.177	0.254	-0.01949999999999999
0.267	0.253	0.291	0.228	-0.030999999999999972
0.031	0.078	0.34	0.385	-0.28550000000000003
0.075	0.188	0.303	0.355	-0.17149999999999999
0.092	0.181	0.244	0.375	-0.10749999999999998
0.078	0.178	0.189	0.09	-0.061
0.017	0.143	0.215	0.318	-0.135
0.061	0.292	0.331	0.346	-0.15450000000000003
0.069	0.047	0.05	0.255	0.008
0.119	0.221	0.31	0.408	-0.14
0.164	0.275	0.152	0.153	0.06750000000000003
0.336	0.356	0.262	0.198	0.08399999999999996
0.192	0.247	0.328	0.308	-0.10850000000000001
0.272	0.203	0.276	0.303	-0.038500000000000006
0.106	0.11	0.173	0.243	-0.06499999999999999
0.167	0.331	0.208	0.302	0.04100000000000001
0.186	0.079	0.302	0.236	-0.16949999999999998
0.075	0.3	0.148	0.225	0.03950000000000001
0.022	0.011	0.088	0.16	-0.0715
0.05	0.26	0.256	0.383	-0.101
0.219	0.31	0.333	0.355	-0.0685
0.203	0.319	0.28	0.221	-0.019000000000000017
0.125	0.103	0.127	0.272	-0.013000000000000012
0.156	0.2	0.328	0.363	-0.15000000000000002
0.175	0.193	0.286	0.32	-0.10199999999999998
0.356	0.396	0.238	0.319	0.138
0.539	0.293	0.356	0.339	0.06000000000000005
0.006	0.135	0.159	0.228	-0.0885
0.05	0.121	0.276	0.29	-0.19050000000000003
0.092	0.315	0.221	0.339	-0.017499999999999988
0.072	0.186	0.335	0.387	-0.20600000000000002
0.219	0.146	0.406	0.332	-0.22350000000000003
0.133	0.108	0.116	0.129	0.00449999999999999
0.069	0.172	0.178	0.05	-0.057499999999999996
0.189	0.293	0.316	0.125	-0.07500000000000001
0.325	0.382	0.218	0.291	0.13550000000000004
0.158	0.285	0.244	0.098	-0.02250000000000002
0.142	0.101	0.215	0.209	-0.0935
0.078	0.089	0.08	0.19	0.0034999999999999892
0.144	0.219	0.415	0.274	-0.23349999999999999
0.239	0.211	0.303	0.306	-0.07800000000000001
0.033	0.136	0.091	0.287	-0.006499999999999992
0.125	0.121	0.122	0.192	0.0010000000000000009
0.103	0.06	0.115	0.296	-0.033500000000000016
0.233	0.224	0.328	0.253	-0.0995
0.039	0.044	0.248	0.14	-0.20650000000000002
0.183	0.264	0.252	0.346	-0.028499999999999998
0.406	0.389	0.165	0.086	0.2325
0.106	0.274	0.263	0.345	-0.07300000000000001
0.289	0.253	0.089	0.222	0.18200000000000002
0.131	0.258	0.292	0.367	-0.09749999999999998
0.175	0.222	0.212	0.165	-0.013499999999999984
0.072	0.279	0.363	0.287	-0.18749999999999997
0.078	0.332	0.426	0.389	-0.22099999999999997
0.117	0.186	0.192	0.324	-0.04050000000000001
0.072	0.106	0.117	0.185	-0.02800000000000001
0.103	0.196	0.133	0.247	0.016499999999999987
0.303	0.335	0.131	0.212	0.188
0.236	0.311	0.402	0.258	-0.12850000000000006
0.1	0.224	0.084	0.391	0.078
0.181	0.189	0.356	0.319	-0.17099999999999999
0.186	0.31	0.14	0.301	0.10799999999999998
0.119	0.213	0.217	0.222	-0.05100000000000002
0.044	0.039	0.158	0.219	-0.1165
0.267	0.211	0.121	0.112	0.118
0.239	0.296	0.233	0.169	0.03449999999999995
0.194	0.197	0.44	0.207	-0.2445
0.192	0.386	0.258	0.231	0.031000000000000028
0.119	0.236	0.251	0.265	-0.07350000000000001
0.0	0.026	0.143	0.239	-0.12999999999999998
0.025	0.304	0.266	0.413	-0.1015
0.011	0.094	0.038	0.362	0.014499999999999999
0.083	0.325	0.122	0.281	0.08200000000000002
0.103	0.283	0.408	0.273	-0.215
0.064	0.11	0.335	0.404	-0.24800000000000003
0.181	0.267	0.335	0.347	-0.11100000000000002
0.056	0.239	0.372	0.239	-0.2245
0.25	0.112	0.292	0.225	-0.11099999999999999
0.186	0.101	0.269	0.207	-0.1255
0.242	0.411	0.366	0.369	-0.03949999999999998
0.136	0.083	0.165	0.258	-0.055499999999999994
0.114	0.199	0.206	0.137	-0.04949999999999999
0.164	0.339	0.255	0.186	-0.003500000000000003
0.078	0.108	0.291	0.276	-0.19799999999999998
0.178	0.243	0.174	0.176	0.036500000000000005
0.25	0.431	0.44	0.226	-0.09949999999999998
0.044	0.342	0.413	0.191	-0.21999999999999997
0.381	0.25	0.304	0.351	0.01150000000000001
0.211	0.231	0.263	0.295	-0.04200000000000001
0.192	0.268	0.273	0.2	-0.04300000000000001
0.447	0.346	0.249	0.26	0.14749999999999996
0.189	0.268	0.318	0.357	-0.0895
0.111	0.076	0.208	0.15	-0.11449999999999999
0.053	0.026	0.09	0.145	-0.050499999999999996
0.128	0.249	0.288	0.397	-0.09949999999999998
0.142	0.083	0.197	0.285	-0.08450000000000002
0.139	0.089	0.315	0.251	-0.201
0.053	0.05	0.069	0.195	-0.0175
0.128	0.246	0.353	0.358	-0.16599999999999998
0.153	0.142	0.265	0.341	-0.11750000000000002
0.242	0.179	0.229	0.413	-0.018500000000000016
0.003	0.287	0.21	0.176	-0.065
0.081	0.043	0.16	0.179	-0.098
0.014	0.061	0.239	0.308	-0.20149999999999998
0.106	0.361	0.307	0.292	-0.07350000000000001
0.367	0.287	0.362	0.394	-0.03500000000000003
0.158	0.208	0.417	0.3	-0.23399999999999999
0.189	0.236	0.41	0.099	-0.19749999999999998
0.139	0.29	0.305	0.388	-0.0905
0.192	0.242	0.438	0.34	-0.221
0.092	0.114	0.135	0.33	-0.032
0.103	0.232	0.3	0.336	-0.13249999999999998
0.044	0.154	0.307	0.242	-0.208
0.117	0.308	0.326	0.25	-0.11350000000000002
0.094	0.367	0.277	0.319	-0.04650000000000004
0.008	0.047	0.224	0.31	-0.1965
0.133	0.193	0.317	0.294	-0.154
0.031	0.244	0.356	0.238	-0.21849999999999997
0.225	0.372	0.291	0.198	0.007500000000000007
0.353	0.208	0.302	0.315	-0.02150000000000002
0.136	0.232	0.233	0.335	-0.049000000000000016
0.111	0.297	0.088	0.119	0.11599999999999999
0.119	0.101	0.237	0.187	-0.127
0.05	0.087	0.308	0.29	-0.2395
0.053	0.135	0.125	0.208	-0.031
0.128	0.058	0.224	0.242	-0.131
0.047	0.01	0.133	0.194	-0.10450000000000001
0.139	0.231	0.326	0.344	-0.14100000000000001
0.167	0.358	0.35	0.39	-0.08749999999999997
0.031	0.069	0.249	0.344	-0.199
0.203	0.156	0.268	0.256	-0.08850000000000002
0.008	0.079	0.103	0.221	-0.0595
0.178	0.318	0.305	0.282	-0.056999999999999995
0.028	0.019	0.072	0.09	-0.048499999999999995
0.211	0.132	0.167	0.092	0.004499999999999976
0.028	0.204	0.287	0.227	-0.17099999999999999
0.186	0.229	0.148	0.319	0.059500000000000025
0.083	0.208	0.397	0.339	-0.25150000000000006
0.314	0.197	0.23	0.221	0.025499999999999995
0.114	0.193	0.234	0.271	-0.08050000000000002
0.092	0.161	0.227	0.223	-0.1005
0.267	0.274	0.345	0.274	-0.07449999999999996
0.094	0.203	0.272	0.121	-0.1235
0.106	0.143	0.274	0.381	-0.14950000000000002
0.108	0.072	0.194	0.352	-0.10400000000000001
0.408	0.224	0.24	0.312	0.07600000000000001
0.267	0.237	0.258	0.025	-0.006000000000000005
0.119	0.14	0.298	0.362	-0.16849999999999998
0.044	0.3	0.328	0.333	-0.15600000000000003
0.058	0.058	0.312	0.277	-0.254
0.239	0.164	0.167	0.074	0.0345
0.228	0.211	0.211	0.19	0.008500000000000008
0.008	0.278	0.091	0.353	0.05200000000000002
0.122	0.275	0.415	0.297	-0.21649999999999997
0.119	0.247	0.36	0.378	-0.177
0.028	0.132	0.204	0.265	-0.12399999999999999
0.261	0.306	0.213	0.214	0.07049999999999998
0.122	0.188	0.333	0.265	-0.17800000000000002
0.125	0.292	0.375	0.342	-0.1665
0.167	0.054	0.233	0.275	-0.12250000000000001
0.314	0.379	0.34	0.318	0.006500000000000006
0.325	0.29	0.273	0.167	0.034499999999999975
0.164	0.206	0.191	0.321	-0.006000000000000005
0.0	0.039	0.227	0.259	-0.20750000000000002
0.081	0.039	0.278	0.302	-0.21800000000000003
0.056	0.153	0.114	0.098	-0.009500000000000008
0.167	0.158	0.242	0.4	-0.07949999999999999
0.033	0.138	0.239	0.167	-0.15349999999999997
0.236	0.274	0.292	0.221	-0.03699999999999998
0.369	0.26	0.283	0.282	0.03150000000000003
0.103	0.251	0.277	0.303	-0.10000000000000003
0.189	0.125	0.201	0.312	-0.04400000000000001
0.042	0.358	0.099	0.256	0.10099999999999998
0.15	0.139	0.194	0.051	-0.04949999999999999
0.069	0.182	0.384	0.257	-0.2585
0.231	0.306	0.298	0.17	-0.02949999999999997
0.217	0.299	0.517	0.41	-0.259
0.081	0.319	0.272	0.265	-0.07200000000000001
0.167	0.175	0.174	0.31	-0.0030000000000000027
0.214	0.231	0.329	0.448	-0.10650000000000001
0.2	0.31	0.407	0.272	-0.15199999999999997
0.028	0.075	0.212	0.318	-0.1605
0.125	0.046	0.122	0.304	-0.036500000000000005
0.258	0.288	0.195	0.399	0.07800000000000001
0.044	0.197	0.216	0.278	-0.0955
0.017	0.081	0.258	0.3	-0.20900000000000002
0.317	0.369	0.288	0.143	0.05499999999999999
0.078	0.208	0.226	0.133	-0.08300000000000002
0.372	0.396	0.435	0.326	-0.05099999999999999
0.283	0.208	0.326	0.415	-0.08050000000000002
0.208	0.422	0.375	0.33	-0.06
0.156	0.243	0.215	0.317	-0.015499999999999986
0.031	0.118	0.206	0.337	-0.1315
0.0	0.181	0.25	0.42	-0.1595
0.142	0.242	0.233	0.247	-0.04100000000000001
0.308	0.256	0.228	0.161	0.05400000000000002
0.122	0.176	0.222	0.398	-0.07300000000000001
0.231	0.317	0.21	0.283	0.06400000000000003
0.269	0.326	0.191	0.199	0.10649999999999998
0.267	0.425	0.412	0.342	-0.066
0.356	0.344	0.281	0.256	0.06899999999999995
0.197	0.169	0.408	0.325	-0.22499999999999998
0.169	0.243	0.304	0.325	-0.09799999999999998
0.042	0.004	0.274	0.231	-0.251
0.261	0.426	0.407	0.185	-0.06349999999999995
0.139	0.242	0.186	0.326	0.004500000000000004
0.033	0.046	0.331	0.158	-0.29150000000000004
0.356	0.364	0.305	0.385	0.05499999999999999
0.358	0.285	0.246	0.26	0.07550000000000001
0.342	0.417	0.181	0.265	0.1985
0.142	0.117	0.159	0.29	-0.0295
0.15	0.372	0.31	0.264	-0.04899999999999999
0.131	0.126	0.2	0.113	-0.07150000000000001
0.0	0.079	0.215	0.179	-0.1755
0.222	0.344	0.39	0.344	-0.10700000000000004
0.122	0.179	0.302	0.4	-0.1515
0.064	0.164	0.229	0.402	-0.115
0.242	0.328	0.344	0.241	-0.05899999999999994
0.058	0.285	0.237	0.278	-0.0655
0.331	0.258	0.382	0.315	-0.08750000000000002
0.092	0.176	0.308	0.102	-0.174
0.083	0.136	0.181	0.203	-0.07149999999999998
0.175	0.219	0.169	0.338	0.027999999999999997
0.328	0.34	0.19	0.225	0.14400000000000002
0.347	0.038	0.154	0.135	0.03849999999999998
0.103	0.2	0.27	0.269	-0.11850000000000002
0.2	0.293	0.387	0.265	-0.1405
0.275	0.206	0.306	0.351	-0.0655
0.075	0.097	0.162	0.221	-0.07600000000000001
0.0	0.049	0.091	0.263	-0.0665
0.133	0.142	0.21	0.259	-0.07249999999999998
0.092	0.204	0.28	0.259	-0.13200000000000003
0.092	0.149	0.267	0.298	-0.14650000000000002
0.075	0.05	0.22	0.188	-0.1575
0.094	0.136	0.272	0.226	-0.15700000000000003
0.014	0.076	0.309	0.21	-0.264
0.086	0.024	0.04	0.288	0.014999999999999993
0.033	0.057	0.207	0.286	-0.16199999999999998
0.231	0.392	0.355	0.307	-0.04349999999999998
0.231	0.401	0.342	0.231	-0.026000000000000023
0.006	0.062	0.119	0.162	-0.08499999999999999
0.122	0.069	0.015	0.087	0.0805
0.386	0.104	0.174	0.172	0.07100000000000001
0.283	0.225	0.253	0.071	0.0010000000000000009
0.069	0.022	0.16	0.22	-0.1145
0.128	0.124	0.151	0.111	-0.024999999999999994
0.169	0.3	0.206	0.141	0.028499999999999998
0.064	0.029	0.249	0.29	-0.2025
0.253	0.243	0.276	0.314	-0.028000000000000025
0.1	0.278	0.178	0.269	0.01100000000000001
0.231	0.351	0.389	0.21	-0.09800000000000003
0.161	0.168	0.394	0.246	-0.2295
0.1	0.217	0.244	0.262	-0.08549999999999999
0.25	0.071	0.216	0.206	-0.055499999999999994
0.122	0.065	0.358	0.162	-0.26449999999999996
0.175	0.162	0.229	0.278	-0.060500000000000026
0.028	0.038	0.166	0.187	-0.133
0.211	0.143	0.46	0.32	-0.28300000000000003
0.25	0.246	0.294	0.346	-0.045999999999999985
0.222	0.214	0.297	0.259	-0.07899999999999999
0.236	0.293	0.417	0.368	-0.15250000000000002
0.094	0.196	0.315	0.233	-0.16999999999999998
0.169	0.211	0.152	0.048	0.038000000000000006
0.175	0.069	0.122	0.188	0.0
0.25	0.181	0.308	0.329	-0.0925
0.175	0.067	0.158	0.298	-0.037000000000000005
0.042	0.082	0.133	0.209	-0.07100000000000001
0.058	0.333	0.36	0.287	-0.16449999999999998
0.0	0.015	0.229	0.318	-0.2215
0.111	0.31	0.333	0.346	-0.12250000000000003
0.086	0.275	0.386	0.233	-0.20550000000000002
0.3	0.2	0.425	0.378	-0.175
0.131	0.363	0.342	0.273	-0.09500000000000003
0.039	0.354	0.208	0.18	-0.01150000000000001
0.142	0.076	0.118	0.224	-0.009000000000000008
0.117	0.251	0.295	0.163	-0.11099999999999999
0.072	0.182	0.306	0.384	-0.179
0.25	0.265	0.189	0.299	0.0685
0.089	0.185	0.226	0.193	-0.089
0.042	0.139	0.332	0.296	-0.2415
0.153	0.232	0.272	0.304	-0.07950000000000002
0.297	0.181	0.095	0.15	0.144
0.111	0.346	0.295	0.213	-0.0665
0.233	0.44	0.216	0.209	0.12050000000000002
0.233	0.192	0.274	0.432	-0.0615
0.178	0.265	0.36	0.377	-0.13849999999999998
0.292	0.271	0.21	0.22	0.07149999999999998
0.136	0.226	0.298	0.263	-0.11699999999999999
0.239	0.243	0.231	0.179	0.009999999999999981
0.122	0.181	0.258	0.272	-0.10650000000000001
0.35	0.167	0.138	0.216	0.1205
0.036	0.1	0.237	0.302	-0.16899999999999998
0.456	0.194	0.261	0.264	0.064
0.061	0.154	0.391	0.276	-0.28350000000000003
0.075	0.004	0.024	0.28	0.0155
0.0	0.035	0.222	0.285	-0.20450000000000002
0.064	0.093	0.261	0.36	-0.1825
0.164	0.249	0.199	0.179	0.007500000000000007
0.164	0.183	0.16	0.362	0.013499999999999984
0.186	0.225	0.299	0.342	-0.09349999999999997
0.242	0.239	0.205	0.288	0.035500000000000004
0.0	0.015	0.195	0.392	-0.1875
0.208	0.186	0.284	0.266	-0.08699999999999997
0.228	0.426	0.231	0.074	0.096
0.356	0.213	0.171	0.304	0.11349999999999996
0.072	0.153	0.188	0.236	-0.07550000000000001
0.008	0.0	0.127	0.18	-0.123
0.114	0.226	0.417	0.298	-0.24699999999999997
0.206	0.378	0.413	0.307	-0.121
0.325	0.429	0.299	0.472	0.07800000000000001
0.214	0.101	0.172	0.29	-0.014499999999999985
0.242	0.174	0.209	0.16	-0.0010000000000000009
0.097	0.2	0.403	0.219	-0.2545
0.325	0.211	0.178	0.267	0.09000000000000002
0.375	0.4	0.349	0.35	0.038500000000000034
0.189	0.239	0.37	0.135	-0.156
0.158	0.183	0.278	0.288	-0.10750000000000004
0.064	0.203	0.278	0.105	-0.14450000000000002
0.331	0.26	0.163	0.284	0.13249999999999998
0.147	0.218	0.363	0.369	-0.1805
0.211	0.225	0.408	0.274	-0.18999999999999997
0.15	0.068	0.092	0.209	0.017
0.014	0.244	0.214	0.088	-0.08499999999999999
0.125	0.015	0.078	0.127	-0.007999999999999993
0.233	0.196	0.183	0.155	0.03150000000000003
0.128	0.382	0.191	0.188	0.064
0.008	0.154	0.114	0.231	-0.033
0.225	0.125	0.204	0.135	-0.028999999999999998
0.008	0.043	0.217	0.313	-0.1915
0.039	0.057	0.202	0.292	-0.15400000000000003
0.086	0.181	0.433	0.356	-0.2995
0.161	0.068	0.264	0.282	-0.14950000000000002
0.239	0.108	0.341	0.375	-0.16750000000000004
0.211	0.365	0.326	0.215	-0.038000000000000034
0.161	0.101	0.332	0.343	-0.201
0.05	0.158	0.256	0.267	-0.152
0.011	0.092	0.294	0.212	-0.2425
0.125	0.068	0.347	0.089	-0.25049999999999994
0.025	0.107	0.278	0.21	-0.21200000000000002
0.131	0.229	0.044	0.222	0.136
0.217	0.165	0.428	0.202	-0.237
0.075	0.321	0.368	0.313	-0.16999999999999998
0.322	0.333	0.368	0.199	-0.04049999999999998
0.133	0.197	0.316	0.317	-0.151
0.067	0.072	0.146	0.29	-0.07649999999999998
0.097	0.158	0.319	0.205	-0.1915
0.206	0.242	0.072	0.062	0.15199999999999997
0.156	0.24	0.319	0.209	-0.121
0.053	0.231	0.188	0.113	-0.045999999999999985
0.144	0.158	0.238	0.253	-0.087
0.194	0.351	0.347	0.244	-0.07450000000000001
0.214	0.149	0.233	0.222	-0.05150000000000002
0.111	0.078	0.178	0.196	-0.08349999999999999
0.361	0.16	0.152	0.151	0.10850000000000001
0.1	0.16	0.235	0.392	-0.10499999999999998
0.292	0.344	0.277	0.341	0.040999999999999925
0.128	0.172	0.073	0.116	0.077
0.128	0.186	0.42	0.364	-0.263
0.044	0.208	0.325	0.318	-0.199
0.219	0.222	0.353	0.169	-0.13249999999999998
0.181	0.117	0.167	0.255	-0.018000000000000016
0.058	0.312	0.28	0.203	-0.09500000000000003
0.169	0.09	0.317	0.344	-0.1875
0.067	0.146	0.271	0.191	-0.16450000000000004
0.117	0.239	0.226	0.297	-0.048000000000000015
0.192	0.306	0.388	0.258	-0.139
0.275	0.261	0.279	0.349	-0.01100000000000001
0.222	0.347	0.286	0.294	-0.0015000000000000013
0.306	0.171	0.332	0.18	-0.09350000000000003
0.022	0.136	0.27	0.287	-0.191
0.144	0.276	0.399	0.203	-0.189
0.05	0.254	0.123	0.327	0.028999999999999998
0.197	0.279	0.27	0.165	-0.032
0.15	0.396	0.295	0.154	-0.021999999999999964
0.172	0.204	0.385	0.41	-0.197
0.089	0.164	0.022	0.084	0.10450000000000001
0.025	0.021	0.189	0.297	-0.166
0.033	0.028	0.223	0.271	-0.1925
0.175	0.408	0.279	0.107	0.012499999999999956
0.153	0.128	0.189	0.283	-0.04849999999999999
0.15	0.043	0.035	0.26	0.0615
0.014	0.129	0.203	0.192	-0.1315
0.125	0.147	0.172	0.134	-0.035999999999999976
0.161	0.307	0.321	0.319	-0.08700000000000002
0.106	0.179	0.188	0.263	-0.04550000000000001
0.219	0.153	0.066	0.17	0.12
0.061	0.124	0.167	0.251	-0.07450000000000001
0.025	0.213	0.235	0.285	-0.11599999999999999
0.186	0.167	0.365	0.313	-0.1885
0.225	0.229	0.365	0.299	-0.13799999999999998
0.203	0.156	0.09	0.25	0.0895
0.003	0.226	0.151	0.227	-0.03649999999999999
0.133	0.386	0.399	0.344	-0.1395
0.022	0.069	0.167	0.263	-0.12150000000000001
0.006	0.038	0.117	0.105	-0.095
0.214	0.189	0.383	0.352	-0.1815
0.169	0.229	0.274	0.267	-0.07500000000000001
0.186	0.185	0.3	0.196	-0.11449999999999999
0.164	0.09	0.218	0.19	-0.091
0.131	0.344	0.338	0.324	-0.10050000000000003
0.183	0.296	0.156	0.171	0.08349999999999999
0.089	0.146	0.231	0.201	-0.11350000000000002
0.197	0.179	0.312	0.399	-0.124
0.133	0.207	0.042	0.167	0.12799999999999997
0.161	0.251	0.29	0.304	-0.08399999999999996
0.1	0.21	0.233	0.215	-0.07800000000000001
0.197	0.29	0.13	0.354	0.11349999999999999
0.078	0.271	0.23	0.416	-0.055499999999999994
0.089	0.189	0.378	0.219	-0.239
0.192	0.125	0.053	0.303	0.10550000000000001
0.219	0.275	0.155	0.127	0.092
0.047	0.031	0.131	0.077	-0.092
0.144	0.246	0.241	0.296	-0.045999999999999985
0.0	0.114	0.154	0.233	-0.097
0.092	0.107	0.376	0.399	-0.27649999999999997
0.097	0.129	0.172	0.327	-0.05899999999999998
0.25	0.2	0.221	0.312	0.0040000000000000036
0.164	0.065	0.142	0.237	-0.027499999999999983
0.108	0.299	0.315	0.41	-0.11150000000000002
0.1	0.126	0.076	0.085	0.037000000000000005
0.136	0.094	0.242	0.133	-0.127
0.006	0.097	0.233	0.344	-0.1815
0.206	0.147	0.074	0.307	0.1025
0.108	0.3	0.231	0.314	-0.027000000000000024
0.014	0.071	0.208	0.142	-0.16549999999999998
0.225	0.218	0.27	0.332	-0.048500000000000015
0.211	0.25	0.071	0.16	0.15949999999999998
0.056	0.143	0.08	0.08	0.01949999999999999
0.306	0.361	0.321	0.205	0.012500000000000011
0.025	0.213	0.286	0.411	-0.16699999999999998
0.378	0.194	0.04	0.11	0.24600000000000002
0.303	0.222	0.294	0.301	-0.03149999999999997
0.261	0.326	0.257	0.275	0.03649999999999998
0.086	0.181	0.29	0.263	-0.15649999999999997
0.061	0.174	0.22	0.202	-0.10250000000000001
0.197	0.214	0.117	0.222	0.08850000000000001
0.419	0.314	0.224	0.37	0.1425
0.108	0.225	0.307	0.373	-0.14049999999999999
0.008	0.001	0.036	0.265	-0.0315
0.008	0.058	0.175	0.352	-0.142
0.272	0.238	0.292	0.119	-0.03699999999999998
0.086	0.168	0.373	0.36	-0.246
0.289	0.111	0.321	0.299	-0.12100000000000002
0.275	0.406	0.251	0.232	0.08950000000000002
0.047	0.208	0.207	0.127	-0.07949999999999999
0.181	0.346	0.285	0.152	-0.02150000000000002
0.136	0.282	0.347	0.226	-0.13799999999999998
0.278	0.226	0.305	0.06	-0.05299999999999999
0.292	0.225	0.372	0.222	-0.11349999999999999
0.075	0.188	0.244	0.356	-0.11249999999999999
0.394	0.325	0.388	0.177	-0.02849999999999997
0.15	0.303	0.292	0.315	-0.0655
0.303	0.287	0.133	0.112	0.16199999999999998
0.242	0.333	0.274	0.354	0.013499999999999956
0.061	0.167	0.317	0.358	-0.203
0.083	0.146	0.376	0.313	-0.2615
0.122	0.257	0.338	0.258	-0.14850000000000002
0.553	0.242	0.253	0.277	0.14450000000000002
0.044	0.083	0.144	0.079	-0.08049999999999999
0.228	0.367	0.25	0.401	0.04749999999999999
0.381	0.297	0.309	0.21	0.02999999999999997
0.194	0.262	0.333	0.237	-0.10500000000000001
0.078	0.165	0.269	0.309	-0.14750000000000002
0.178	0.14	0.096	0.186	0.063
0.236	0.16	0.219	0.101	-0.02099999999999999
0.069	0.068	0.222	0.39	-0.1535
0.25	0.325	0.168	0.064	0.11949999999999997
0.153	0.169	0.219	0.242	-0.057999999999999996
0.017	0.104	0.074	0.147	-0.013499999999999998
0.231	0.322	0.149	0.083	0.12750000000000003
0.194	0.129	0.222	0.338	-0.0605
0.0	0.014	0.246	0.368	-0.239
0.108	0.174	0.06	0.192	0.08099999999999999
0.192	0.056	0.283	0.365	-0.15899999999999997
0.006	0.0	0.206	0.185	-0.20299999999999999
0.181	0.119	0.34	0.019	-0.19000000000000003
0.25	0.222	0.212	0.303	0.023999999999999994
0.008	0.054	0.292	0.218	-0.261
0.197	0.142	0.115	0.204	0.05449999999999998
0.081	0.114	0.251	0.362	-0.1535
0.228	0.343	0.235	0.313	0.050500000000000045
0.231	0.197	0.172	0.215	0.04200000000000004
0.183	0.049	0.237	0.245	-0.121
0.011	0.029	0.147	0.25	-0.127
0.244	0.328	0.392	0.237	-0.10599999999999998
0.067	0.185	0.212	0.215	-0.086
0.022	0.064	0.399	0.337	-0.35600000000000004
0.092	0.178	0.344	0.03	-0.20899999999999996
0.208	0.182	0.281	0.336	-0.08600000000000002
0.194	0.254	0.264	0.198	-0.04000000000000001
0.272	0.333	0.299	0.165	0.003500000000000003
0.103	0.118	0.331	0.366	-0.22050000000000003
0.086	0.264	0.358	0.453	-0.183
0.275	0.347	0.201	0.237	0.10999999999999999
0.061	0.221	0.425	0.417	-0.284
0.0	0.114	0.296	0.321	-0.239
0.417	0.26	0.219	0.239	0.11950000000000002
0.222	0.107	0.17	0.133	-0.005500000000000005
0.103	0.408	0.304	0.328	-0.04849999999999999
0.367	0.237	0.163	0.24	0.13899999999999998
0.436	0.314	0.263	0.138	0.11199999999999999
0.103	0.151	0.166	0.266	-0.03900000000000001
0.136	0.236	0.381	0.274	-0.195
0.136	0.343	0.228	0.39	0.01150000000000001
0.086	0.208	0.091	0.232	0.055999999999999994
0.208	0.294	0.268	0.23	-0.017000000000000015
0.092	0.083	0.299	0.198	-0.2115
0.289	0.168	0.349	0.396	-0.1205
0.117	0.207	0.241	0.156	-0.07899999999999999
0.275	0.289	0.463	0.365	-0.181
0.439	0.349	0.332	0.276	0.062
0.194	0.308	0.288	0.179	-0.03699999999999998
0.192	0.197	0.273	0.257	-0.07850000000000001
0.306	0.268	0.292	0.235	-0.004999999999999949
0.097	0.149	0.19	0.298	-0.067
0.197	0.293	0.069	0.233	0.176
0.125	0.106	0.16	0.306	-0.04450000000000001
0.061	0.16	0.223	0.161	-0.1125
0.022	0.11	0.085	0.188	-0.019000000000000003
0.158	0.306	0.367	0.194	-0.135
0.142	0.068	0.156	0.213	-0.051000000000000004
0.172	0.274	0.413	0.251	-0.18999999999999997
0.194	0.311	0.435	0.441	-0.1825
0.461	0.301	0.135	0.239	0.246
0.219	0.189	0.322	0.243	-0.118
0.056	0.076	0.047	0.146	0.019000000000000003
0.042	0.14	0.125	0.056	-0.03399999999999999
0.156	0.34	0.367	0.219	-0.119
0.422	0.393	0.472	0.332	-0.0645
0.111	0.119	0.183	0.283	-0.068
0.083	0.078	0.255	0.28	-0.1745
0.114	0.114	0.248	0.296	-0.134
0.0	0.193	0.243	0.296	-0.1465
0.144	0.087	0.06	0.124	0.055499999999999994
0.094	0.126	0.212	0.415	-0.102
0.372	0.472	0.426	0.173	-0.0040000000000000036
0.086	0.158	0.232	0.304	-0.11000000000000001
0.228	0.358	0.34	0.376	-0.04700000000000004
0.006	0.042	0.231	0.313	-0.20700000000000002
0.033	0.083	0.147	0.24	-0.089
0.094	0.086	0.031	0.127	0.059
0.058	0.171	0.347	0.192	-0.23249999999999998
0.033	0.107	0.106	0.185	-0.03599999999999999
0.156	0.356	0.367	0.349	-0.11099999999999999
0.017	0.056	0.295	0.225	-0.25849999999999995
0.206	0.347	0.344	0.216	-0.0675
0.1	0.064	0.266	0.316	-0.184
0.197	0.387	0.353	0.112	-0.06099999999999994
0.225	0.275	0.389	0.304	-0.139
0.114	0.143	0.146	0.233	-0.017499999999999988
0.036	0.253	0.311	0.342	-0.1665
0.369	0.39	0.376	0.316	0.003500000000000003
0.131	0.425	0.319	0.335	-0.04099999999999998
0.258	0.353	0.306	0.277	-0.0005000000000000004
0.169	0.101	0.19	0.416	-0.05499999999999999
0.139	0.192	0.203	0.213	-0.037500000000000006
0.175	0.144	0.091	0.058	0.06849999999999998
0.122	0.206	0.242	0.264	-0.07800000000000001
0.147	0.097	0.146	0.307	-0.023999999999999994
0.3	0.208	0.184	0.374	0.07
0.194	0.24	0.256	0.336	-0.03900000000000001
0.189	0.264	0.369	0.282	-0.1425
0.2	0.108	0.121	0.104	0.033
0.039	0.039	0.26	0.125	-0.221
0.289	0.206	0.397	0.401	-0.14950000000000002
0.0	0.164	0.376	0.247	-0.294
0.2	0.179	0.314	0.201	-0.1245
0.0	0.036	0.163	0.36	-0.14500000000000002
0.025	0.236	0.298	0.304	-0.16749999999999998
0.303	0.244	0.12	0.286	0.15349999999999997
0.033	0.058	0.058	0.187	-0.012500000000000004
0.106	0.211	0.055	0.206	0.10350000000000001
0.022	0.182	0.287	0.258	-0.185
0.169	0.286	0.216	0.148	0.011499999999999982
0.239	0.106	0.393	0.178	-0.22050000000000003
0.189	0.335	0.31	0.343	-0.04799999999999999
0.231	0.261	0.226	0.217	0.01999999999999999
0.219	0.201	0.164	0.161	0.04600000000000001
0.186	0.271	0.315	0.296	-0.0865
0.217	0.171	0.278	0.148	-0.08400000000000002
0.403	0.307	0.038	0.173	0.317
0.067	0.126	0.148	0.228	-0.05149999999999999
0.056	0.013	0.207	0.306	-0.1725
0.206	0.256	0.331	0.365	-0.10000000000000003
0.369	0.286	0.189	0.176	0.1385
0.056	0.139	0.274	0.283	-0.17650000000000002
0.136	0.247	0.26	0.271	-0.0685
0.181	0.374	0.344	0.328	-0.0665
0.322	0.206	0.312	0.306	-0.04799999999999999
0.214	0.293	0.219	0.203	0.0345
0.183	0.132	0.203	0.24	-0.04550000000000001
0.275	0.183	0.191	0.234	0.038000000000000006
0.314	0.331	0.189	0.231	0.1335
0.111	0.34	0.301	0.237	-0.07549999999999998
0.286	0.208	0.437	0.25	-0.19
0.247	0.21	0.183	0.178	0.045499999999999985
0.111	0.083	0.178	0.244	-0.08099999999999999
0.258	0.358	0.269	0.358	0.03899999999999998
0.081	0.19	0.338	0.151	-0.2025
0.181	0.099	0.313	0.366	-0.173
0.114	0.061	0.087	0.225	0.0005000000000000004
0.081	0.256	0.103	0.105	0.06550000000000002
0.2	0.256	0.258	0.178	-0.03
0.081	0.157	0.26	0.218	-0.14100000000000001
0.075	0.157	0.203	0.12	-0.08700000000000002
0.253	0.331	0.183	0.275	0.10900000000000004
0.047	0.036	0.349	0.337	-0.3075
0.258	0.114	0.117	0.169	0.06899999999999999
0.122	0.126	0.163	0.323	-0.03900000000000001
0.372	0.421	0.168	0.242	0.22849999999999995
0.172	0.107	0.096	0.194	0.04349999999999998
0.025	0.114	0.131	0.236	-0.0615
0.247	0.247	0.117	0.15	0.13
0.0	0.057	0.199	0.142	-0.1705
0.497	0.396	0.357	0.231	0.08950000000000002
0.061	0.042	0.259	0.228	-0.20750000000000002
0.442	0.292	0.38	0.217	-0.013000000000000012
0.058	0.151	0.295	0.177	-0.1905
0.417	0.271	0.265	0.363	0.07899999999999996
0.139	0.215	0.276	0.291	-0.09900000000000003
0.467	0.265	0.232	0.125	0.13399999999999998
0.014	0.135	0.312	0.356	-0.2375
0.067	0.036	0.165	0.061	-0.1135
0.183	0.1	0.251	0.229	-0.10949999999999999
0.094	0.256	0.385	0.349	-0.21000000000000002
0.233	0.306	0.338	0.163	-0.0685
0.294	0.349	0.299	0.339	0.02250000000000002
0.378	0.357	0.284	0.046	0.08350000000000002
0.217	0.343	0.36	0.231	-0.07999999999999996
0.203	0.296	0.292	0.235	-0.04249999999999998
0.061	0.056	0.126	0.238	-0.0675
0.175	0.218	0.349	0.284	-0.15249999999999997
0.028	0.144	0.192	0.284	-0.10600000000000001
0.083	0.304	0.217	0.162	-0.023499999999999993
0.028	0.06	0.121	0.244	-0.077
0.206	0.164	0.131	0.096	0.05399999999999999
0.153	0.239	0.202	0.371	-0.006000000000000005
0.211	0.178	0.269	0.22	-0.07450000000000001
0.358	0.224	0.34	0.22	-0.049000000000000044
0.319	0.396	0.253	0.259	0.10450000000000004
0.267	0.188	0.15	0.288	0.07750000000000001
0.353	0.257	0.41	0.339	-0.10499999999999998
0.094	0.078	0.069	0.23	0.016999999999999987
0.222	0.331	0.436	0.252	-0.15949999999999998
0.064	0.188	0.147	0.375	-0.02099999999999999
0.0	0.038	0.128	0.302	-0.109
0.35	0.214	0.315	0.39	-0.03300000000000003
0.0	0.189	0.283	0.212	-0.18849999999999997
0.25	0.349	0.314	0.349	-0.014500000000000013
0.253	0.167	0.202	0.331	0.008000000000000007
0.133	0.139	0.216	0.351	-0.07999999999999999
0.367	0.511	0.274	0.319	0.16499999999999998
0.264	0.383	0.181	0.117	0.14250000000000002
0.139	0.404	0.222	0.36	0.049500000000000016
0.136	0.061	0.342	0.351	-0.24350000000000002
0.289	0.363	0.249	0.176	0.07699999999999996
0.481	0.303	0.332	0.244	0.06
0.183	0.34	0.291	0.28	-0.02949999999999997
0.069	0.203	0.281	0.236	-0.14500000000000002
0.25	0.204	0.061	0.17	0.16599999999999998
0.219	0.236	0.297	0.221	-0.0695
0.014	0.096	0.103	0.181	-0.047999999999999994
0.144	0.339	0.27	0.273	-0.028500000000000025
0.033	0.257	0.286	0.238	-0.14099999999999996
0.158	0.36	0.262	0.354	-0.0030000000000000027
0.139	0.199	0.26	0.319	-0.091
0.181	0.225	0.376	0.24	-0.173
0.142	0.164	0.263	0.173	-0.11000000000000001
0.144	0.146	0.108	0.221	0.03699999999999999
0.389	0.336	0.219	0.246	0.14350000000000004
0.464	0.301	0.259	0.299	0.1235
0.231	0.253	0.026	0.268	0.216
0.0	0.124	0.152	0.324	-0.09
0.256	0.262	0.133	0.156	0.126
0.014	0.067	0.224	0.277	-0.1835
0.294	0.249	0.159	0.079	0.11249999999999996
0.194	0.213	0.142	0.155	0.06150000000000003
0.311	0.185	0.099	0.052	0.149
0.114	0.265	0.189	0.116	0.0005000000000000004
0.092	0.338	0.137	0.158	0.07800000000000001
0.089	0.179	0.351	0.337	-0.21699999999999997
0.281	0.454	0.199	0.339	0.16850000000000004
0.117	0.133	0.151	0.099	-0.025999999999999995
0.083	0.144	0.176	0.35	-0.0625
0.006	0.071	0.21	0.298	-0.17149999999999999
0.431	0.128	0.381	0.218	-0.10150000000000003
0.056	0.097	0.228	0.28	-0.15150000000000002
0.092	0.333	0.203	0.092	0.009500000000000008
0.306	0.326	0.144	0.276	0.17200000000000001
0.025	0.047	0.173	0.242	-0.13699999999999998
0.0	0.074	0.188	0.221	-0.151
0.006	0.112	0.151	0.13	-0.092
0.164	0.239	0.32	0.287	-0.1185
0.15	0.268	0.303	0.317	-0.09399999999999997
0.067	0.242	0.29	0.342	-0.13549999999999998
0.042	0.121	0.263	0.128	-0.1815
0.158	0.239	0.31	0.331	-0.11149999999999999
0.175	0.336	0.251	0.435	0.004500000000000004
0.15	0.258	0.411	0.471	-0.20699999999999996
0.117	0.074	0.081	0.127	0.014499999999999999
0.103	0.265	0.203	0.066	-0.019000000000000017
0.056	0.178	0.274	0.161	-0.15700000000000003
0.108	0.235	0.143	0.167	0.028499999999999998
0.169	0.156	0.417	0.288	-0.25449999999999995
0.283	0.231	0.43	0.318	-0.173
0.081	0.276	0.329	0.373	-0.1505
0.178	0.142	0.182	0.319	-0.02200000000000002
0.228	0.237	0.32	0.297	-0.08750000000000002
0.083	0.143	0.182	0.234	-0.069
0.097	0.204	0.257	0.375	-0.10650000000000001
0.0	0.0	0.138	0.153	-0.138
0.003	0.075	0.174	0.215	-0.13499999999999998
0.097	0.238	0.281	0.391	-0.11350000000000005
0.239	0.243	0.259	0.153	-0.018000000000000016
0.028	0.131	0.3	0.416	-0.22049999999999997
0.083	0.281	0.281	0.377	-0.099
0.044	0.15	0.174	0.211	-0.07699999999999999
0.128	0.178	0.143	0.111	0.010000000000000009
0.289	0.335	0.372	0.194	-0.06
0.192	0.168	0.239	0.35	-0.059
0.058	0.372	0.188	0.3	0.026999999999999996
0.264	0.292	0.262	0.172	0.016000000000000014
0.244	0.39	0.181	0.18	0.136
0.156	0.167	0.162	0.291	-0.0005000000000000004
0.292	0.243	0.353	0.329	-0.08550000000000002
0.269	0.126	0.242	0.279	-0.044499999999999984
0.217	0.214	0.188	0.019	0.027499999999999997
0.086	0.153	0.319	0.319	-0.1995
0.194	0.356	0.363	0.371	-0.08799999999999997
0.356	0.269	0.256	0.356	0.056499999999999995
0.033	0.042	0.27	0.274	-0.2325
0.019	0.064	0.202	0.337	-0.1605
0.2	0.218	0.119	0.129	0.09000000000000002
0.086	0.033	0.127	0.265	-0.0675
0.319	0.326	0.352	0.207	-0.02949999999999997
0.183	0.114	0.263	0.224	-0.11450000000000002
0.056	0.262	0.415	0.287	-0.256
0.475	0.344	0.258	0.142	0.15149999999999997
0.103	0.167	0.307	0.242	-0.172
0.25	0.226	0.271	0.276	-0.03300000000000003
0.344	0.343	0.344	0.379	-0.0004999999999999449
0.247	0.185	0.065	0.31	0.151
0.289	0.285	0.167	0.233	0.11999999999999997
0.1	0.062	0.338	0.323	-0.257
0.192	0.258	0.354	0.231	-0.12899999999999998
0.028	0.046	0.227	0.411	-0.19
0.253	0.283	0.23	0.235	0.038000000000000006
0.036	0.065	0.06	0.099	-0.009499999999999995
0.139	0.164	0.214	0.405	-0.06249999999999997
0.175	0.375	0.37	0.15	-0.09499999999999997
0.156	0.194	0.17	0.073	0.004999999999999977
0.125	0.281	0.299	0.304	-0.09599999999999997
0.267	0.247	0.256	0.449	0.0010000000000000009
0.025	0.097	0.2	0.334	-0.139
0.431	0.256	0.16	0.02	0.18350000000000002
0.25	0.321	0.136	0.11	0.14949999999999997
0.225	0.2	0.386	0.285	-0.1735
0.297	0.269	0.189	0.328	0.09400000000000003
0.114	0.396	0.296	0.39	-0.04099999999999998
0.186	0.314	0.253	0.4	-0.0030000000000000027
0.019	0.217	0.316	0.329	-0.198
0.058	0.189	0.12	0.179	0.003500000000000003
0.139	0.042	0.097	0.39	-0.006499999999999992
0.128	0.096	0.146	0.268	-0.03399999999999999
0.05	0.062	0.232	0.388	-0.17600000000000002
0.267	0.249	0.426	0.436	-0.16799999999999998
0.333	0.332	0.278	0.336	0.05449999999999999
0.258	0.099	0.062	0.112	0.11649999999999999
0.167	0.206	0.253	0.255	-0.0665
0.261	0.319	0.247	0.181	0.04300000000000004
0.308	0.165	0.351	0.239	-0.11449999999999999
0.119	0.179	0.258	0.126	-0.10900000000000001
0.022	0.175	0.287	0.152	-0.1885
0.242	0.237	0.263	0.202	-0.02350000000000002
0.25	0.317	0.358	0.196	-0.07450000000000001
0.181	0.211	0.237	0.403	-0.04099999999999998
0.081	0.09	0.399	0.356	-0.3135
0.097	0.103	0.272	0.137	-0.17200000000000001
0.039	0.057	0.233	0.256	-0.185
0.094	0.197	0.138	0.284	0.007500000000000007
0.064	0.138	0.423	0.221	-0.32199999999999995
0.294	0.271	0.101	0.087	0.18149999999999997
0.153	0.068	0.191	0.407	-0.0805
0.147	0.193	0.269	0.283	-0.09900000000000003
0.397	0.224	0.309	0.298	0.0015000000000000013
0.175	0.192	0.092	0.186	0.0915
0.169	0.364	0.288	0.222	-0.021499999999999964
0.144	0.246	0.328	0.239	-0.133
0.133	0.16	0.281	0.176	-0.1345
0.231	0.201	0.287	0.268	-0.07099999999999995
0.206	0.122	0.183	0.3	-0.019000000000000017
0.222	0.197	0.224	0.22	-0.014499999999999985
0.144	0.04	0.164	0.312	-0.07200000000000001
0.161	0.121	0.063	0.182	0.07800000000000001
0.258	0.363	0.077	0.081	0.23349999999999999
0.103	0.217	0.29	0.35	-0.12999999999999998
0.122	0.339	0.227	0.242	0.003500000000000003
0.208	0.15	0.128	0.137	0.05099999999999999
0.361	0.201	0.438	0.223	-0.15699999999999997
0.047	0.162	0.208	0.235	-0.10349999999999998
0.011	0.047	0.313	0.354	-0.28400000000000003
0.256	0.246	0.408	0.338	-0.15699999999999997
0.019	0.079	0.274	0.286	-0.22500000000000003
0.122	0.303	0.11	0.161	0.1025
0.189	0.276	0.404	0.367	-0.1715
0.142	0.325	0.233	0.325	0.0004999999999999727
0.172	0.213	0.289	0.394	-0.09649999999999997
0.442	0.428	0.231	0.342	0.204
0.042	0.099	0.228	0.275	-0.1575
0.256	0.304	0.237	0.228	0.04300000000000004
0.1	0.221	0.226	0.288	-0.0655
0.306	0.332	0.286	0.283	0.03300000000000003
0.292	0.256	0.325	0.286	-0.05099999999999999
0.111	0.186	0.236	0.298	-0.0875
0.083	0.093	0.199	0.302	-0.11100000000000002
0.089	0.122	0.203	0.287	-0.09750000000000002
0.064	0.26	0.126	0.154	0.036000000000000004
0.011	0.14	0.256	0.154	-0.1805
0.408	0.281	0.246	0.319	0.09850000000000003
0.208	0.169	0.353	0.325	-0.16449999999999998
0.1	0.268	0.183	0.389	0.0010000000000000009
0.158	0.054	0.389	0.342	-0.28300000000000003
0.378	0.26	0.255	0.323	0.064
0.303	0.328	0.239	0.268	0.07650000000000001
0.042	0.232	0.262	0.216	-0.125
0.153	0.465	0.127	0.223	0.182
0.161	0.097	0.289	0.289	-0.15999999999999998
0.328	0.147	0.204	0.172	0.0335
0.256	0.404	0.368	0.383	-0.03799999999999998
0.217	0.249	0.419	0.313	-0.186
0.044	0.094	0.038	0.258	0.031000000000000007
0.175	0.288	0.094	0.332	0.13749999999999998
0.308	0.426	0.325	0.347	0.04199999999999998
0.194	0.232	0.217	0.254	-0.003999999999999976
0.142	0.237	0.342	0.138	-0.15250000000000002
0.3	0.183	0.142	0.201	0.0995
0.208	0.251	0.424	0.293	-0.1945
0.236	0.11	0.094	0.359	0.07899999999999999
0.194	0.319	0.252	0.342	0.004500000000000004
0.119	0.151	0.294	0.135	-0.15899999999999997
0.094	0.247	0.162	0.267	0.00849999999999998
0.144	0.289	0.237	0.252	-0.020500000000000018
0.253	0.164	0.127	0.221	0.08150000000000002
0.217	0.254	0.298	0.337	-0.0625
0.328	0.228	0.23	0.327	0.048000000000000015
0.161	0.225	0.19	0.219	0.0030000000000000027
0.331	0.286	0.228	0.248	0.08049999999999999
0.128	0.124	0.329	0.273	-0.203
0.228	0.246	0.233	0.093	0.003999999999999976
0.211	0.226	0.276	0.259	-0.05750000000000002
0.425	0.472	0.261	0.242	0.1875
0.261	0.394	0.45	0.29	-0.1225
0.094	0.128	0.296	0.28	-0.185
0.461	0.382	0.262	0.123	0.15949999999999998
0.1	0.072	0.339	0.377	-0.253
0.269	0.217	0.182	0.175	0.061
0.169	0.276	0.162	0.209	0.060500000000000026
0.25	0.289	0.215	0.036	0.054499999999999965
0.158	0.414	0.39	0.26	-0.10400000000000004
0.119	0.147	0.272	0.369	-0.139
0.264	0.11	0.262	0.131	-0.07500000000000001
0.136	0.185	0.331	0.224	-0.1705
0.325	0.34	0.338	0.227	-0.005500000000000005
0.025	0.346	0.261	0.19	-0.07550000000000001
0.119	0.218	0.201	0.159	-0.03250000000000003
0.15	0.122	0.183	0.314	-0.046999999999999986
0.256	0.296	0.194	0.287	0.08200000000000002
0.269	0.146	0.267	0.175	-0.0595
0.219	0.257	0.299	0.211	-0.061
0.064	0.246	0.276	0.258	-0.12100000000000002
0.1	0.342	0.092	0.149	0.12900000000000003
0.464	0.331	0.344	0.41	0.05350000000000005
0.131	0.236	0.338	0.417	-0.15450000000000003
0.072	0.19	0.29	0.148	-0.15899999999999997
0.147	0.292	0.244	0.147	-0.024500000000000022
0.061	0.036	0.097	0.256	-0.0485
0.175	0.35	0.394	0.338	-0.13150000000000006
0.15	0.289	0.293	0.219	-0.07350000000000001
0.336	0.312	0.181	0.201	0.14300000000000002
0.194	0.185	0.242	0.36	-0.05249999999999999
0.15	0.233	0.235	0.314	-0.04349999999999998
0.131	0.339	0.263	0.267	-0.027999999999999997
0.378	0.247	0.272	0.28	0.04049999999999998
0.089	0.151	0.163	0.192	-0.04300000000000001
0.014	0.142	0.242	0.274	-0.16399999999999998
0.142	0.078	0.133	0.309	-0.02300000000000002
0.022	0.146	0.292	0.317	-0.208
0.303	0.367	0.356	0.377	-0.02100000000000002
0.286	0.188	0.16	0.268	0.07699999999999999
0.203	0.204	0.338	0.204	-0.1345
0.239	0.339	0.314	0.227	-0.024999999999999967
0.111	0.081	0.21	0.301	-0.11399999999999999
0.253	0.192	0.089	0.091	0.1335
0.35	0.254	0.313	0.28	-0.01100000000000001
0.097	0.201	0.395	0.385	-0.246
0.156	0.189	0.292	0.235	-0.1195
0.219	0.324	0.272	0.291	-0.0005000000000000004
0.117	0.185	0.17	0.157	-0.019000000000000017
0.003	0.165	0.194	0.36	-0.11
0.056	0.076	0.236	0.156	-0.16999999999999998
0.356	0.3	0.213	0.081	0.11499999999999996
0.078	0.074	0.219	0.244	-0.14300000000000002
0.261	0.353	0.367	0.286	-0.06
0.258	0.222	0.384	0.347	-0.14400000000000002
0.153	0.347	0.259	0.167	-0.009000000000000008
0.106	0.249	0.144	0.188	0.0335
0.136	0.162	0.343	0.266	-0.194
0.05	0.181	0.084	0.205	0.031499999999999986
0.253	0.264	0.312	0.336	-0.05349999999999999
0.172	0.304	0.408	0.391	-0.16999999999999998
0.133	0.179	0.239	0.304	-0.08299999999999999
0.3	0.061	0.099	0.188	0.08149999999999999
0.114	0.286	0.299	0.405	-0.099
0.361	0.354	0.288	0.175	0.0695
0.075	0.122	0.233	0.154	-0.1345
0.086	0.296	0.38	0.261	-0.189
0.194	0.071	0.022	0.092	0.11050000000000001
0.081	0.258	0.428	0.432	-0.25849999999999995
0.153	0.204	0.358	0.315	-0.1795
0.133	0.15	0.265	0.334	-0.1235
0.244	0.251	0.258	0.208	-0.01050000000000001
0.25	0.362	0.407	0.239	-0.10099999999999998
0.078	0.039	0.105	0.264	-0.0465
0.278	0.314	0.203	0.196	0.09300000000000003
0.269	0.179	0.258	0.115	-0.034
0.167	0.138	0.204	0.154	-0.05149999999999996
0.003	0.082	0.206	0.323	-0.16349999999999998
0.106	0.185	0.114	0.03	0.031499999999999986
0.044	0.05	0.281	0.178	-0.23400000000000004
0.139	0.242	0.263	0.278	-0.07250000000000001
0.186	0.199	0.301	0.239	-0.10849999999999999
0.175	0.15	0.204	0.307	-0.04150000000000001
0.056	0.333	0.287	0.212	-0.09249999999999997
0.433	0.376	0.394	0.23	0.010499999999999954
0.225	0.325	0.326	0.397	-0.05099999999999999
0.172	0.125	0.274	0.269	-0.12550000000000003
0.039	0.107	0.426	0.418	-0.353
0.2	0.324	0.374	0.29	-0.11199999999999999
0.267	0.242	0.288	0.33	-0.033499999999999974
0.181	0.363	0.34	0.436	-0.068
0.133	0.15	0.338	0.37	-0.1965
0.3	0.256	0.134	0.293	0.14400000000000002
0.039	0.165	0.185	0.22	-0.08299999999999999
0.083	0.275	0.338	0.332	-0.159
0.086	0.232	0.356	0.335	-0.19699999999999998
0.183	0.253	0.173	0.279	0.04500000000000001
0.175	0.115	0.068	0.167	0.07699999999999999
0.147	0.118	0.233	0.202	-0.1005
0.039	0.204	0.178	0.208	-0.056499999999999995
0.089	0.139	0.182	0.321	-0.06799999999999999
0.306	0.329	0.331	0.222	-0.013500000000000012
0.144	0.215	0.225	0.197	-0.04550000000000001
0.033	0.189	0.317	0.381	-0.20600000000000002
0.017	0.004	0.135	0.357	-0.12450000000000001
0.011	0.162	0.207	0.333	-0.12049999999999998
0.125	0.182	0.263	0.362	-0.10950000000000001
0.314	0.429	0.218	0.168	0.1535
0.0	0.06	0.147	0.423	-0.11699999999999999
0.186	0.144	0.224	0.15	-0.059000000000000025
0.072	0.083	0.175	0.123	-0.09749999999999999
0.214	0.342	0.358	0.348	-0.07999999999999996
0.311	0.311	0.199	0.336	0.11199999999999999
0.203	0.397	0.338	0.262	-0.03799999999999998
0.319	0.168	0.236	0.151	0.007500000000000007
0.006	0.051	0.137	0.221	-0.10850000000000001
0.267	0.151	0.373	0.324	-0.16399999999999998
0.031	0.246	0.252	0.193	-0.11349999999999999
0.011	0.107	0.302	0.403	-0.243
0.192	0.131	0.242	0.335	-0.08049999999999999
0.089	0.172	0.229	0.23	-0.0985
0.208	0.332	0.288	0.204	-0.01799999999999996
0.006	0.124	0.365	0.377	-0.3
0.228	0.215	0.44	0.014	-0.2185
0.178	0.254	0.086	0.064	0.13
0.0	0.033	0.197	0.245	-0.1805
0.142	0.179	0.044	0.113	0.11649999999999998
0.272	0.207	0.29	0.363	-0.05049999999999999
0.128	0.035	0.158	0.296	-0.0765
0.169	0.203	0.368	0.365	-0.182
0.128	0.36	0.26	0.232	-0.016000000000000014
0.242	0.183	0.456	0.249	-0.24350000000000002
0.128	0.239	0.156	0.071	0.027499999999999997
0.072	0.208	0.233	0.147	-0.09300000000000003
0.172	0.243	0.06	0.146	0.1475
0.244	0.206	0.26	0.392	-0.03500000000000003
0.139	0.133	0.194	0.344	-0.057999999999999996
0.0	0.133	0.176	0.136	-0.10949999999999999
0.267	0.082	0.219	0.128	-0.044499999999999984
0.206	0.2	0.319	0.427	-0.11599999999999999
0.25	0.319	0.16	0.183	0.12449999999999997
0.0	0.088	0.217	0.289	-0.173
0.094	0.078	0.063	0.131	0.022999999999999993
0.392	0.232	0.15	0.071	0.162
0.175	0.324	0.332	0.078	-0.08250000000000002
0.297	0.182	0.094	0.223	0.1455
0.322	0.144	0.366	0.164	-0.133
0.281	0.211	0.156	0.259	0.09
0.375	0.349	0.394	0.269	-0.03200000000000003
0.0	0.168	0.24	0.34	-0.15599999999999997
0.169	0.078	0.215	0.285	-0.0915
0.011	0.115	0.192	0.215	-0.129
0.222	0.213	0.172	0.179	0.04550000000000001
0.161	0.242	0.306	0.349	-0.10449999999999998
0.031	0.251	0.397	0.404	-0.256
0.064	0.061	0.256	0.255	-0.1935
0.278	0.386	0.278	0.368	0.05399999999999999
0.178	0.246	0.172	0.413	0.04000000000000001
0.033	0.254	0.133	0.29	0.01050000000000001
0.064	0.061	0.256	0.38	-0.1935
0.175	0.337	0.37	0.215	-0.11399999999999999
0.172	0.153	0.255	0.429	-0.09250000000000003
0.419	0.165	0.364	0.303	-0.07200000000000001
0.072	0.138	0.185	0.338	-0.07999999999999999
0.111	0.328	0.428	0.237	-0.2085
0.147	0.199	0.328	0.291	-0.15500000000000003
0.039	0.103	0.255	0.16	-0.184
0.206	0.332	0.377	0.369	-0.10799999999999998
0.014	0.093	0.313	0.209	-0.2595
0.256	0.096	0.149	0.073	0.026999999999999996
0.072	0.147	0.135	0.18	-0.025500000000000023
0.097	0.394	0.277	0.306	-0.03150000000000003
0.272	0.29	0.181	0.431	0.10000000000000003
0.103	0.175	0.286	0.223	-0.147
0.264	0.239	0.36	0.24	-0.10849999999999999
0.056	0.228	0.21	0.131	-0.06799999999999998
0.175	0.261	0.31	0.277	-0.092
0.056	0.132	0.178	0.186	-0.08399999999999999
0.125	0.319	0.173	0.15	0.049000000000000016
0.333	0.306	0.399	0.174	-0.07950000000000002
0.356	0.308	0.344	0.298	-0.01200000000000001
0.153	0.185	0.248	0.216	-0.07900000000000001
0.114	0.036	0.172	0.252	-0.09699999999999999
0.097	0.108	0.403	0.137	-0.3005
0.317	0.229	0.301	0.389	-0.02799999999999997
0.233	0.112	0.153	0.308	0.019500000000000017
0.089	0.196	0.142	0.327	0.0005000000000000282
0.0	0.11	0.224	0.144	-0.169
0.025	0.049	0.194	0.198	-0.157
0.197	0.21	0.335	0.27	-0.1315
0.119	0.161	0.305	0.302	-0.16499999999999998
0.053	0.272	0.314	0.2	-0.1515
0.178	0.074	0.19	0.154	-0.064
0.028	0.047	0.183	0.247	-0.1455
0.139	0.146	0.244	0.235	-0.10149999999999998
0.139	0.092	0.399	0.284	-0.28350000000000003
0.25	0.229	0.176	0.304	0.0635
0.147	0.299	0.312	0.231	-0.08900000000000002
0.039	0.132	0.359	0.359	-0.27349999999999997
0.0	0.079	0.126	0.308	-0.0865
0.258	0.276	0.374	0.229	-0.10699999999999998
0.094	0.144	0.235	0.044	-0.11599999999999999
0.442	0.379	0.103	0.035	0.3075
0.264	0.254	0.215	0.256	0.04400000000000001
0.15	0.411	0.254	0.207	0.026499999999999968
0.103	0.185	0.364	0.384	-0.22
0.253	0.283	0.151	0.31	0.11700000000000002
0.158	0.271	0.349	0.146	-0.13449999999999995
0.172	0.196	0.045	0.136	0.139
0.192	0.29	0.43	0.229	-0.189
0.072	0.253	0.172	0.31	-0.00949999999999998
0.181	0.147	0.183	0.163	-0.019000000000000017
0.144	0.371	0.4	0.262	-0.14250000000000002
0.231	0.293	0.269	0.237	-0.007000000000000006
0.183	0.225	0.237	0.186	-0.032999999999999974
0.169	0.21	0.117	0.214	0.0725
0.231	0.304	0.208	0.16	0.059500000000000025
0.044	0.319	0.278	0.227	-0.09650000000000003
0.106	0.24	0.24	0.237	-0.067
0.094	0.082	0.154	0.307	-0.066
0.072	0.221	0.361	0.363	-0.2145
0.1	0.172	0.11	0.125	0.02600000000000001
0.153	0.113	0.283	0.314	-0.14999999999999997
0.397	0.271	0.208	0.179	0.12600000000000003
0.292	0.351	0.4	0.232	-0.07850000000000001
0.125	0.213	0.257	0.244	-0.08800000000000002
0.386	0.369	0.417	0.338	-0.03949999999999998
0.028	0.088	0.339	0.259	-0.281
0.081	0.136	0.266	0.293	-0.1575
0.158	0.25	0.29	0.293	-0.08599999999999997
0.211	0.335	0.214	0.191	0.059000000000000025
0.131	0.09	0.12	0.189	-0.009499999999999995
0.122	0.301	0.334	0.223	-0.12250000000000003
0.072	0.278	0.395	0.26	-0.22
0.2	0.213	0.313	0.317	-0.10649999999999998
0.156	0.096	0.089	0.301	0.037000000000000005
0.15	0.264	0.238	0.103	-0.030999999999999972
0.072	0.375	0.19	0.34	0.0335
0.231	0.074	0.307	0.25	-0.1545
0.164	0.038	0.219	0.252	-0.118
0.214	0.206	0.237	0.169	-0.026999999999999996
0.303	0.211	0.355	0.109	-0.09799999999999998
0.206	0.247	0.049	0.259	0.1775
0.056	0.156	0.254	0.322	-0.14800000000000002
0.106	0.346	0.4	0.402	-0.17400000000000004
0.086	0.119	0.123	0.206	-0.020500000000000004
0.142	0.178	0.156	0.179	0.003999999999999976
0.153	0.217	0.272	0.351	-0.08700000000000002
0.142	0.087	0.081	0.15	0.03349999999999999
0.022	0.107	0.109	0.347	-0.0445
0.281	0.285	0.257	0.095	0.026000000000000023
0.097	0.15	0.328	0.383	-0.20450000000000002
0.339	0.415	0.336	0.287	0.04099999999999998
0.267	0.364	0.346	0.43	-0.03049999999999997
0.247	0.24	0.26	0.323	-0.016500000000000015
0.031	0.025	0.081	0.235	-0.053000000000000005
0.036	0.058	0.133	0.371	-0.08600000000000001
0.025	0.058	0.238	0.224	-0.19649999999999998
0.217	0.343	0.355	0.298	-0.07499999999999996
0.117	0.213	0.133	0.327	0.032
0.264	0.29	0.124	0.167	0.15300000000000002
0.228	0.367	0.314	0.371	-0.016500000000000015
0.106	0.118	0.318	0.32	-0.20600000000000002
0.244	0.278	0.237	0.306	0.02400000000000002
0.281	0.333	0.32	0.278	-0.012999999999999956
0.036	0.029	0.163	0.228	-0.1305
0.367	0.258	0.312	0.211	0.0005000000000000004
0.122	0.074	0.112	0.197	-0.013999999999999999
0.1	0.142	0.264	0.107	-0.14300000000000002
0.211	0.11	0.053	0.29	0.10750000000000001
0.361	0.339	0.308	0.139	0.04199999999999998
0.069	0.128	0.263	0.232	-0.1645
0.389	0.407	0.442	0.312	-0.043999999999999984
0.281	0.247	0.137	0.14	0.127
0.094	0.344	0.133	0.169	0.08599999999999997
0.139	0.286	0.237	0.365	-0.024499999999999994
0.014	0.057	0.185	0.294	-0.1495
0.047	0.057	0.304	0.273	-0.252
0.228	0.147	0.328	0.3	-0.1405
0.117	0.219	0.204	0.2	-0.035999999999999976
0.106	0.04	0.201	0.294	-0.128
0.239	0.162	0.124	0.173	0.07650000000000001
0.142	0.221	0.238	0.265	-0.056499999999999995
0.181	0.199	0.311	0.227	-0.121
0.4	0.193	0.333	0.173	-0.03650000000000003
0.153	0.129	0.115	0.25	0.02600000000000001
0.139	0.062	0.228	0.31	-0.1275
0.108	0.086	0.092	0.334	0.0050000000000000044
0.158	0.257	0.235	0.356	-0.02749999999999997
0.203	0.167	0.241	0.335	-0.055999999999999994
0.217	0.2	0.322	0.328	-0.11349999999999999
0.103	0.281	0.326	0.204	-0.134
0.208	0.321	0.401	0.326	-0.1365
0.303	0.353	0.162	0.242	0.16599999999999995
0.253	0.376	0.401	0.35	-0.08650000000000002
0.119	0.376	0.224	0.254	0.023499999999999993
0.008	0.078	0.265	0.24	-0.22200000000000003
0.072	0.139	0.057	0.204	0.04850000000000001
0.014	0.015	0.081	0.212	-0.0665
0.194	0.283	0.291	0.181	-0.05249999999999999
0.158	0.049	0.147	0.234	-0.04349999999999998
0.281	0.128	0.137	0.163	0.0675
0.314	0.228	0.219	0.237	0.05200000000000002
0.197	0.315	0.37	0.344	-0.11399999999999999
0.219	0.265	0.383	0.338	-0.14100000000000001
0.033	0.214	0.315	0.269	-0.1915
0.0	0.011	0.057	0.366	-0.051500000000000004
0.1	0.097	0.132	0.22	-0.0335
0.147	0.164	0.213	0.263	-0.057499999999999996
0.192	0.264	0.324	0.386	-0.096
0.125	0.246	0.29	0.327	-0.10449999999999998
0.014	0.082	0.269	0.309	-0.22100000000000003
0.044	0.26	0.31	0.371	-0.158
0.117	0.186	0.298	0.237	-0.1465
0.142	0.121	0.121	0.24	0.01050000000000001
0.106	0.122	0.206	0.112	-0.092
0.153	0.087	0.256	0.16	-0.136
0.256	0.118	0.289	0.344	-0.10199999999999998
0.028	0.125	0.083	0.398	-0.006500000000000006
0.147	0.196	0.179	0.149	-0.007500000000000007
0.189	0.185	0.157	0.259	0.03
0.097	0.161	0.259	0.156	-0.13
0.225	0.206	0.299	0.237	-0.08349999999999999
0.0	0.081	0.415	0.342	-0.3745
0.081	0.085	0.14	0.252	-0.05700000000000001
0.106	0.157	0.067	0.115	0.0645
0.006	0.006	0.165	0.205	-0.159
0.081	0.169	0.289	0.346	-0.16399999999999998
0.042	0.158	0.104	0.187	-0.00399999999999999
0.175	0.214	0.115	0.232	0.0795
0.039	0.072	0.226	0.23	-0.1705
0.103	0.324	0.085	0.192	0.1285
0.325	0.158	0.306	0.345	-0.0645
0.044	0.047	0.068	0.13	-0.022500000000000006
0.083	0.097	0.184	0.302	-0.094
0.047	0.133	0.308	0.397	-0.218
0.028	0.261	0.344	0.31	-0.19949999999999996
0.069	0.114	0.244	0.222	-0.1525
0.247	0.271	0.248	0.252	0.01100000000000001
0.0	0.14	0.33	0.168	-0.26
0.275	0.45	0.301	0.246	0.061500000000000055
0.044	0.169	0.265	0.294	-0.1585
0.231	0.26	0.423	0.295	-0.1775
0.161	0.031	0.204	0.323	-0.10799999999999998
0.139	0.201	0.276	0.188	-0.10600000000000001
0.072	0.376	0.325	0.156	-0.101
0.408	0.329	0.175	0.125	0.1935
0.331	0.172	0.372	0.267	-0.1205
0.297	0.347	0.253	0.372	0.06899999999999995
0.214	0.24	0.376	0.379	-0.14900000000000002
0.006	0.146	0.267	0.195	-0.191
0.161	0.174	0.113	0.158	0.05449999999999998
0.136	0.119	0.194	0.319	-0.0665
0.375	0.157	0.21	0.195	0.05600000000000002
0.131	0.287	0.162	0.289	0.046999999999999986
0.372	0.201	0.085	0.16	0.20149999999999996
0.244	0.242	0.322	0.312	-0.07900000000000001
0.069	0.342	0.384	0.257	-0.1785
0.144	0.219	0.127	0.273	0.05449999999999999
0.036	0.036	0.215	0.189	-0.179
0.261	0.246	0.228	0.249	0.025499999999999995
0.375	0.181	0.128	0.148	0.15000000000000002
0.186	0.064	0.297	0.373	-0.172
0.058	0.208	0.387	0.349	-0.254
0.075	0.328	0.162	0.096	0.03950000000000001
0.175	0.312	0.152	0.171	0.0915
0.064	0.171	0.206	0.344	-0.08849999999999998
0.219	0.3	0.256	0.481	0.003500000000000003
0.153	0.314	0.254	0.33	-0.020500000000000018
0.253	0.099	0.108	0.291	0.06799999999999999
0.286	0.383	0.208	0.354	0.12650000000000003
0.072	0.104	0.16	0.015	-0.07200000000000001
0.067	0.333	0.172	0.125	0.028000000000000025
0.186	0.229	0.251	0.309	-0.04349999999999998
0.175	0.201	0.336	0.354	-0.14800000000000002
0.233	0.262	0.271	0.142	-0.02350000000000002
0.303	0.343	0.259	0.363	0.064
0.161	0.093	0.124	0.313	0.0030000000000000027
0.119	0.317	0.168	0.362	0.04999999999999999
0.269	0.287	0.346	0.348	-0.06799999999999995
0.211	0.371	0.253	0.225	0.03799999999999998
0.117	0.158	0.196	0.055	-0.058499999999999996
0.214	0.326	0.15	0.314	0.12000000000000002
0.269	0.194	0.102	0.197	0.1295
0.253	0.156	0.301	0.283	-0.09649999999999997
0.142	0.244	0.354	0.273	-0.16099999999999998
0.003	0.067	0.238	0.24	-0.20299999999999999
0.269	0.281	0.022	0.119	0.253
0.164	0.133	0.056	0.146	0.09250000000000003
0.078	0.129	0.175	0.354	-0.07149999999999998
0.161	0.2	0.294	0.304	-0.11349999999999999
0.236	0.264	0.172	0.201	0.07800000000000001
0.064	0.133	0.29	0.211	-0.19149999999999998
0.297	0.328	0.149	0.241	0.1635
0.097	0.276	0.33	0.221	-0.14350000000000002
0.214	0.293	0.258	0.403	-0.004500000000000004
0.092	0.029	0.135	0.261	-0.07450000000000001
0.408	0.311	0.117	0.132	0.2425
0.181	0.15	0.244	0.277	-0.07850000000000001
0.006	0.112	0.217	0.181	-0.158
0.233	0.354	0.394	0.206	-0.10050000000000003
0.225	0.361	0.321	0.268	-0.028000000000000025
0.161	0.171	0.197	0.346	-0.031
0.392	0.343	0.277	0.242	0.09050000000000002
0.194	0.274	0.308	0.369	-0.07399999999999998
0.339	0.342	0.143	0.245	0.19750000000000004
0.114	0.178	0.219	0.299	-0.07300000000000001
0.317	0.353	0.162	0.32	0.17299999999999996
0.2	0.326	0.235	0.245	0.028000000000000025
0.069	0.039	0.237	0.193	-0.183
0.092	0.129	0.319	0.345	-0.20850000000000002
0.111	0.11	0.237	0.153	-0.1265
0.083	0.139	0.267	0.164	-0.156
0.275	0.158	0.367	0.209	-0.15049999999999997
0.133	0.176	0.232	0.362	-0.07750000000000001
0.214	0.093	0.158	0.253	-0.004500000000000004
0.169	0.311	0.232	0.321	0.00799999999999998
0.217	0.208	0.238	0.322	-0.025499999999999995
0.117	0.176	0.115	0.152	0.031499999999999986
0.131	0.132	0.357	0.387	-0.22549999999999998
0.203	0.282	0.465	0.316	-0.22250000000000003
0.169	0.086	0.206	0.277	-0.07849999999999999
0.175	0.16	0.325	0.281	-0.15750000000000003
0.142	0.297	0.035	0.256	0.18449999999999997
0.189	0.247	0.335	0.252	-0.11700000000000002
0.247	0.183	0.431	0.333	-0.216
0.267	0.211	0.272	0.307	-0.03300000000000003
0.233	0.128	0.217	0.242	-0.036500000000000005
0.342	0.349	0.301	0.329	0.04450000000000004
0.019	0.092	0.211	0.067	-0.1555
0.164	0.296	0.168	0.216	0.06199999999999997
0.125	0.194	0.298	0.237	-0.13849999999999998
0.197	0.169	0.247	0.244	-0.064
0.303	0.219	0.339	0.304	-0.07800000000000001
0.069	0.057	0.189	0.322	-0.126
0.064	0.268	0.256	0.244	-0.09
0.275	0.287	0.085	0.266	0.196
0.122	0.243	0.267	0.192	-0.08450000000000002
0.003	0.046	0.271	0.205	-0.24650000000000002
0.036	0.221	0.438	0.24	-0.3095
0.058	0.044	0.17	0.07	-0.11900000000000001
0.081	0.079	0.072	0.281	0.008000000000000007
0.0	0.067	0.062	0.123	-0.028499999999999998
0.194	0.117	0.127	0.2	0.028499999999999998
0.092	0.168	0.228	0.265	-0.098
0.339	0.319	0.239	0.177	0.09000000000000002
0.072	0.122	0.262	0.276	-0.165
0.028	0.135	0.214	0.233	-0.1325
0.006	0.229	0.324	0.212	-0.20650000000000002
0.069	0.072	0.362	0.348	-0.2915
0.0	0.008	0.019	0.113	-0.015
0.025	0.046	0.184	0.184	-0.1485
0.167	0.26	0.289	0.334	-0.07549999999999996
0.081	0.206	0.291	0.227	-0.1475
0.008	0.088	0.294	0.453	-0.246
0.253	0.39	0.333	0.235	-0.01150000000000001
0.064	0.106	0.249	0.367	-0.164
0.008	0.039	0.274	0.272	-0.2505
0.008	0.283	0.253	0.301	-0.10750000000000001
0.314	0.172	0.281	0.398	-0.038000000000000034
0.164	0.304	0.102	0.201	0.132
0.042	0.256	0.163	0.137	-0.014000000000000012
0.053	0.074	0.204	0.185	-0.14049999999999999
0.064	0.204	0.122	0.176	0.01200000000000001
0.014	0.008	0.237	0.219	-0.22599999999999998
0.219	0.329	0.229	0.261	0.04500000000000001
0.211	0.401	0.335	0.353	-0.029000000000000026
0.117	0.35	0.283	0.279	-0.04949999999999999
0.069	0.312	0.328	0.369	-0.1375
0.228	0.247	0.174	0.073	0.0635
0.05	0.142	0.197	0.127	-0.101
0.058	0.376	0.226	0.259	-0.009000000000000008
0.042	0.194	0.19	0.235	-0.072
0.278	0.297	0.244	0.158	0.04349999999999998
0.211	0.29	0.39	0.368	-0.1395
0.069	0.229	0.224	0.187	-0.07499999999999998
0.186	0.267	0.158	0.21	0.0685
0.206	0.303	0.301	0.324	-0.046499999999999986
0.064	0.26	0.238	0.122	-0.07599999999999998
0.2	0.328	0.404	0.252	-0.14
0.203	0.289	0.384	0.323	-0.138
0.225	0.376	0.319	0.233	-0.018500000000000016
0.056	0.081	0.172	0.104	-0.10349999999999998
0.064	0.058	0.22	0.301	-0.159
0.039	0.132	0.051	0.081	0.03450000000000001
0.128	0.211	0.201	0.399	-0.03150000000000003
0.058	0.203	0.206	0.127	-0.07549999999999998
0.078	0.356	0.36	0.246	-0.143
0.069	0.188	0.029	0.142	0.0995
0.142	0.353	0.159	0.291	0.0885
0.15	0.225	0.204	0.348	-0.016499999999999987
0.0	0.065	0.253	0.351	-0.2205
0.078	0.007	0.177	0.33	-0.13449999999999998
0.139	0.378	0.344	0.42	-0.08549999999999996
0.089	0.243	0.221	0.324	-0.05500000000000002
0.331	0.197	0.291	0.405	-0.02699999999999997
0.211	0.278	0.297	0.187	-0.05249999999999999
0.081	0.132	0.311	0.235	-0.2045
0.219	0.257	0.342	0.2	-0.10400000000000004
0.203	0.283	0.352	0.316	-0.10899999999999999
0.319	0.346	0.215	0.324	0.11750000000000002
0.172	0.218	0.235	0.255	-0.03999999999999998
0.139	0.169	0.238	0.364	-0.08399999999999996
0.056	0.136	0.27	0.363	-0.17400000000000002
0.15	0.114	0.213	0.433	-0.08099999999999999
0.008	0.293	0.253	0.35	-0.10250000000000001
0.139	0.36	0.403	0.375	-0.15350000000000003
0.072	0.189	0.219	0.201	-0.0885
0.211	0.303	0.326	0.277	-0.069
0.081	0.114	0.151	0.271	-0.05349999999999999
0.056	0.15	0.127	0.31	-0.024000000000000007
0.339	0.233	0.294	0.204	-0.007999999999999952
0.114	0.178	0.235	0.234	-0.089
0.192	0.199	0.32	0.403	-0.1245
0.244	0.312	0.249	0.233	0.029000000000000026
0.086	0.243	0.268	0.373	-0.10350000000000004
0.167	0.279	0.328	0.148	-0.10499999999999998
0.128	0.014	0.082	0.156	-0.010999999999999996
0.097	0.197	0.292	0.359	-0.14499999999999996
0.142	0.196	0.369	0.15	-0.2
0.067	0.231	0.202	0.232	-0.05299999999999999
0.006	0.178	0.21	0.207	-0.118
0.125	0.194	0.123	0.221	0.036500000000000005
0.217	0.243	0.203	0.366	0.02699999999999997
0.178	0.267	0.29	0.24	-0.06749999999999998
0.186	0.413	0.231	0.211	0.06849999999999998
0.372	0.34	0.269	0.307	0.08699999999999997
0.058	0.094	0.107	0.06	-0.031
0.344	0.251	0.352	0.285	-0.05449999999999999
0.017	0.036	0.092	0.137	-0.0655
0.272	0.188	0.333	0.224	-0.10300000000000001
0.125	0.324	0.242	0.283	-0.017499999999999988
0.381	0.3	0.232	0.279	0.10850000000000001
0.125	0.186	0.124	0.252	0.0315
0.197	0.25	0.226	0.301	-0.0025000000000000022
0.111	0.058	0.216	0.31	-0.1315
0.042	0.285	0.376	0.226	-0.21250000000000002
0.064	0.064	0.049	0.302	0.015
0.194	0.347	0.361	0.319	-0.09050000000000002
0.108	0.281	0.249	0.312	-0.05449999999999999
0.289	0.268	0.34	0.366	-0.061500000000000055
0.25	0.243	0.332	0.31	-0.08550000000000002
0.242	0.108	0.385	0.255	-0.21000000000000002
0.328	0.147	0.381	0.412	-0.14350000000000002
0.167	0.14	0.273	0.206	-0.1195
0.272	0.422	0.211	0.267	0.13599999999999998
0.142	0.21	0.316	0.153	-0.14
0.303	0.339	0.306	0.254	0.015000000000000013
0.139	0.404	0.222	0.257	0.049500000000000016
0.364	0.304	0.365	0.269	-0.031000000000000028
0.344	0.164	0.376	0.317	-0.122
0.192	0.056	0.2	0.317	-0.07600000000000001
0.269	0.246	0.116	0.081	0.14150000000000001
0.094	0.081	0.2	0.388	-0.11250000000000002
0.156	0.136	0.256	0.363	-0.10999999999999999
0.292	0.179	0.201	0.304	0.034499999999999975
0.086	0.243	0.243	0.34	-0.07850000000000001
0.042	0.021	0.176	0.344	-0.1445
0.089	0.365	0.253	0.217	-0.026000000000000023
0.0	0.096	0.196	0.269	-0.14800000000000002
0.106	0.276	0.319	0.06	-0.128
0.172	0.208	0.174	0.281	0.016000000000000014
0.278	0.281	0.376	0.306	-0.09649999999999997
0.144	0.276	0.259	0.247	-0.04899999999999999
0.169	0.296	0.135	0.468	0.09749999999999998
0.217	0.383	0.121	0.326	0.179
0.164	0.231	0.167	0.206	0.0305
0.025	0.136	0.272	0.362	-0.1915
0.128	0.079	0.162	0.234	-0.058499999999999996
0.369	0.297	0.274	0.319	0.05899999999999994
0.028	0.108	0.207	0.372	-0.13899999999999998
0.036	0.179	0.206	0.213	-0.09849999999999999
0.086	0.032	0.178	0.19	-0.119
0.1	0.185	0.304	0.263	-0.16149999999999998
0.125	0.157	0.308	0.334	-0.16699999999999998
0.358	0.275	0.386	0.221	-0.0695
0.222	0.383	0.138	0.182	0.16449999999999998
0.269	0.215	0.262	0.344	-0.020000000000000018
0.181	0.008	0.345	0.287	-0.25049999999999994
0.297	0.342	0.261	0.347	0.058499999999999996
0.103	0.239	0.335	0.308	-0.16400000000000003
0.25	0.244	0.388	0.209	-0.14100000000000001
0.364	0.283	0.347	0.302	-0.023499999999999965
0.175	0.3	0.376	0.17	-0.1385
0.283	0.322	0.24	0.233	0.0625
0.142	0.224	0.159	0.306	0.023999999999999994
0.217	0.188	0.199	0.23	0.003500000000000003
0.178	0.171	0.274	0.352	-0.09950000000000003
0.044	0.25	0.226	0.244	-0.07900000000000001
0.067	0.164	0.288	0.384	-0.1725
0.242	0.287	0.294	0.29	-0.029500000000000026
0.05	0.235	0.293	0.342	-0.1505
0.172	0.192	0.34	0.297	-0.15800000000000003
0.356	0.271	0.376	0.275	-0.0625
0.094	0.115	0.236	0.355	-0.13149999999999998
0.258	0.337	0.137	0.23	0.16049999999999998
0.236	0.306	0.388	0.3	-0.11699999999999999
0.119	0.296	0.209	0.35	-0.0015000000000000013
0.153	0.172	0.426	0.353	-0.2635
0.117	0.161	0.184	0.231	-0.044999999999999984
0.089	0.075	0.108	0.308	-0.02600000000000001
0.133	0.215	0.151	0.096	0.022999999999999993
0.136	0.125	0.247	0.183	-0.11649999999999999
0.214	0.306	0.407	0.238	-0.14699999999999996
0.111	0.015	0.022	0.156	0.041
0.164	0.335	0.33	0.095	-0.08050000000000002
0.242	0.178	0.397	0.362	-0.18700000000000003
0.122	0.162	0.36	0.087	-0.21799999999999997
0.297	0.411	0.319	0.221	0.034999999999999976
0.353	0.308	0.318	0.246	0.012500000000000011
0.183	0.346	0.271	0.287	-0.006500000000000061
0.233	0.331	0.244	0.28	0.038000000000000034
0.089	0.311	0.359	0.225	-0.15899999999999997
0.303	0.254	0.215	0.26	0.06349999999999997
0.217	0.135	0.151	0.165	0.024999999999999994
0.078	0.233	0.195	0.337	-0.03950000000000001
0.064	0.097	0.167	0.316	-0.08650000000000001
0.044	0.121	0.15	0.107	-0.0675
0.114	0.238	0.252	0.106	-0.07600000000000001
0.072	0.101	0.347	0.221	-0.26049999999999995
0.058	0.244	0.222	0.283	-0.07100000000000001
0.058	0.129	0.31	0.261	-0.2165
0.047	0.061	0.192	0.263	-0.138
0.008	0.013	0.04	0.152	-0.029500000000000002
0.306	0.31	0.338	0.269	-0.030000000000000027
0.044	0.0	0.284	0.33	-0.26199999999999996
0.058	0.24	0.076	0.081	0.073
0.153	0.258	0.439	0.284	-0.23349999999999999
0.147	0.239	0.458	0.344	-0.265
0.194	0.311	0.404	0.179	-0.15150000000000002
0.158	0.281	0.201	0.348	0.018500000000000016
0.042	0.299	0.281	0.339	-0.11050000000000004
0.356	0.26	0.128	0.113	0.18
0.122	0.115	0.2	0.19	-0.08150000000000002
0.167	0.156	0.096	0.225	0.0655
0.158	0.199	0.43	0.182	-0.2515
0.239	0.315	0.355	0.397	-0.07799999999999996
0.228	0.244	0.358	0.387	-0.122
0.156	0.108	0.232	0.221	-0.1
0.044	0.074	0.222	0.312	-0.163
0.006	0.064	0.161	0.148	-0.126
0.108	0.115	0.335	0.167	-0.22350000000000003
0.203	0.369	0.183	0.406	0.10300000000000004
0.208	0.117	0.063	0.064	0.0995
0.303	0.239	0.245	0.331	0.026000000000000023
0.047	0.088	0.15	0.292	-0.08249999999999999
0.181	0.276	0.264	0.233	-0.035500000000000004
0.056	0.146	0.297	0.306	-0.196
0.025	0.308	0.415	0.235	-0.24849999999999997
0.247	0.262	0.352	0.241	-0.09749999999999998
0.161	0.181	0.271	0.166	-0.10000000000000003
0.217	0.246	0.262	0.245	-0.030500000000000027
0.133	0.147	0.262	0.104	-0.122
0.053	0.129	0.224	0.092	-0.133
0.186	0.342	0.067	0.177	0.197
0.194	0.34	0.397	0.356	-0.13
0.044	0.279	0.319	0.233	-0.1575
0.058	0.211	0.229	0.264	-0.0945
0.133	0.122	0.257	0.21	-0.1295
0.292	0.206	0.265	0.168	-0.016000000000000014
0.233	0.271	0.197	0.293	0.05499999999999999
0.186	0.11	0.094	0.273	0.05399999999999999
0.111	0.239	0.358	0.23	-0.183
0.131	0.031	0.143	0.081	-0.061999999999999986
0.206	0.461	0.392	0.369	-0.058499999999999996
0.089	0.051	0.206	0.308	-0.136
0.114	0.347	0.226	0.247	0.004499999999999976
0.094	0.067	0.236	0.247	-0.15549999999999997
0.169	0.322	0.303	0.25	-0.057499999999999996
0.011	0.031	0.179	0.287	-0.158
0.219	0.115	0.257	0.263	-0.09
0.35	0.374	0.131	0.148	0.23099999999999998
0.4	0.299	0.309	0.328	0.040500000000000036
0.194	0.229	0.323	0.319	-0.11149999999999999
0.05	0.078	0.326	0.216	-0.262
0.431	0.331	0.333	0.129	0.04799999999999999
0.069	0.224	0.203	0.239	-0.056499999999999995
0.072	0.231	0.122	0.213	0.0295
0.081	0.41	0.304	0.182	-0.058499999999999996
0.008	0.178	0.319	0.369	-0.226
0.267	0.219	0.216	0.163	0.026999999999999996
0.233	0.086	0.303	0.115	-0.1435
0.367	0.308	0.38	0.317	-0.04249999999999998
0.106	0.289	0.276	0.326	-0.07850000000000004
0.2	0.326	0.26	0.387	0.0030000000000000027
0.186	0.293	0.309	0.396	-0.0695
0.242	0.278	0.365	0.259	-0.10499999999999998
0.356	0.29	0.097	0.299	0.22599999999999995
0.092	0.086	0.311	0.217	-0.222
0.244	0.274	0.213	0.299	0.04600000000000001
0.094	0.164	0.436	0.309	-0.307
0.183	0.335	0.159	0.301	0.1
0.308	0.383	0.103	0.11	0.24250000000000005
0.089	0.139	0.316	0.328	-0.202
0.011	0.006	0.113	0.141	-0.10450000000000001
0.325	0.261	0.174	0.215	0.11900000000000005
0.0	0.235	0.172	0.368	-0.05449999999999999
0.053	0.104	0.254	0.263	-0.1755
0.475	0.439	0.402	0.319	0.05499999999999994
0.264	0.412	0.442	0.315	-0.10400000000000004
0.061	0.133	0.131	0.421	-0.034
0.125	0.162	0.321	0.151	-0.1775
0.331	0.181	0.292	0.355	-0.035999999999999976
0.297	0.335	0.167	0.129	0.149
0.053	0.094	0.227	0.31	-0.15350000000000003
0.175	0.301	0.282	0.269	-0.043999999999999984
0.006	0.164	0.256	0.31	-0.17099999999999999
0.167	0.418	0.361	0.288	-0.0685
0.078	0.271	0.319	0.345	-0.1445
0.322	0.387	0.328	0.375	0.026500000000000024
0.208	0.269	0.406	0.237	-0.16750000000000004
0.231	0.346	0.369	0.313	-0.08050000000000002
0.061	0.079	0.14	0.192	-0.07
0.397	0.347	0.331	0.236	0.04099999999999998
0.147	0.214	0.411	0.172	-0.23049999999999998
0.131	0.322	0.396	0.208	-0.1695
0.269	0.262	0.31	0.326	-0.044499999999999984
0.103	0.224	0.429	0.325	-0.26549999999999996
0.233	0.297	0.399	0.264	-0.134
0.319	0.261	0.215	0.426	0.07500000000000004
0.283	0.254	0.06	0.18	0.20849999999999996
0.258	0.326	0.298	0.332	-0.00599999999999995
0.256	0.354	0.345	0.352	-0.03999999999999998
0.183	0.3	0.194	0.201	0.04749999999999999
0.044	0.269	0.335	0.147	-0.17850000000000002
0.158	0.358	0.242	0.291	0.016000000000000014
0.219	0.21	0.295	0.406	-0.08049999999999999
0.175	0.189	0.229	0.329	-0.047000000000000014
0.178	0.261	0.176	0.309	0.04350000000000001
0.125	0.04	0.069	0.15	0.013499999999999998
0.106	0.058	0.376	0.102	-0.294
0.214	0.149	0.308	0.367	-0.1265
0.003	0.086	0.234	0.119	-0.1895
0.117	0.158	0.326	0.195	-0.1885
0.144	0.207	0.142	0.219	0.0335
0.014	0.126	0.308	0.295	-0.238
0.0	0.0	0.062	0.175	-0.062
0.178	0.036	0.14	0.303	-0.033000000000000015
0.083	0.088	0.36	0.206	-0.27449999999999997
0.131	0.267	0.289	0.227	-0.08999999999999997
0.011	0.028	0.139	0.215	-0.11950000000000001
0.339	0.262	0.195	0.253	0.10549999999999998
0.217	0.085	0.267	0.35	-0.11600000000000002
0.206	0.424	0.313	0.2	0.0020000000000000018
0.111	0.222	0.158	0.088	0.008500000000000008
0.05	0.067	0.161	0.24	-0.10250000000000001
0.092	0.233	0.113	0.235	0.0495
0.069	0.086	0.127	0.335	-0.0495
0.075	0.197	0.232	0.204	-0.096
0.328	0.44	0.343	0.358	0.04099999999999998
0.047	0.01	0.126	0.275	-0.0975
0.339	0.318	0.277	0.142	0.05149999999999999
0.206	0.224	0.282	0.391	-0.06699999999999998
0.392	0.226	0.342	0.299	-0.03300000000000003
0.353	0.299	0.289	0.312	0.03699999999999998
0.042	0.275	0.203	0.181	-0.04450000000000001
0.05	0.05	0.025	0.214	0.025
0.0	0.132	0.067	0.359	-0.0010000000000000009
0.267	0.256	0.286	0.087	-0.024499999999999966
0.069	0.125	0.275	0.376	-0.17800000000000002
0.167	0.168	0.243	0.275	-0.07549999999999998
0.075	0.175	0.239	0.109	-0.11399999999999999
0.108	0.251	0.311	0.2	-0.1315
0.194	0.242	0.394	0.219	-0.17600000000000002
0.103	0.025	0.15	0.257	-0.086
0.064	0.114	0.244	0.233	-0.155
0.15	0.286	0.126	0.21	0.09199999999999997
0.0	0.143	0.267	0.2	-0.1955
0.122	0.162	0.21	0.14	-0.06799999999999998
0.033	0.197	0.106	0.218	0.009000000000000008
0.083	0.185	0.345	0.393	-0.21099999999999997
0.367	0.254	0.422	0.283	-0.11149999999999999
0.25	0.281	0.369	0.186	-0.10349999999999998
0.042	0.226	0.386	0.254	-0.252
0.128	0.131	0.217	0.075	-0.0875
0.236	0.243	0.179	0.263	0.0605
0.05	0.237	0.038	0.156	0.10549999999999998
0.172	0.368	0.343	0.361	-0.07300000000000001
0.244	0.276	0.332	0.251	-0.07200000000000001
0.272	0.317	0.265	0.239	0.02949999999999997
0.319	0.35	0.313	0.267	0.02150000000000002
0.175	0.236	0.353	0.368	-0.1475
0.386	0.474	0.244	0.175	0.186
0.239	0.213	0.315	0.293	-0.08900000000000002
0.158	0.312	0.283	0.403	-0.04799999999999999
0.361	0.289	0.074	0.047	0.25099999999999995
0.108	0.289	0.227	0.165	-0.028500000000000025
0.183	0.379	0.39	0.221	-0.10899999999999999
0.264	0.297	0.309	0.279	-0.028500000000000025
0.206	0.217	0.289	0.274	-0.07749999999999999
0.072	0.122	0.259	0.236	-0.162
0.253	0.117	0.22	0.35	-0.035
0.136	0.139	0.29	0.26	-0.15249999999999997
0.0	0.161	0.368	0.339	-0.2875
0.064	0.074	0.292	0.294	-0.22299999999999998
0.331	0.301	0.322	0.281	-0.006000000000000005
0.136	0.126	0.185	0.283	-0.05399999999999999
0.178	0.094	0.204	0.184	-0.06799999999999998
0.225	0.253	0.192	0.175	0.046999999999999986
0.139	0.201	0.126	0.128	0.04400000000000001
0.106	0.207	0.291	0.326	-0.13449999999999998
0.339	0.106	0.344	0.338	-0.12149999999999997
0.294	0.281	0.295	0.19	-0.007500000000000007
0.103	0.311	0.283	0.402	-0.07599999999999998
0.333	0.182	0.274	0.338	-0.016500000000000015
0.333	0.349	0.255	0.287	0.08599999999999997
0.356	0.272	0.206	0.155	0.10800000000000001
0.156	0.211	0.303	0.158	-0.1195
0.039	0.121	0.172	0.289	-0.09199999999999998
0.242	0.086	0.326	0.361	-0.16200000000000003
0.178	0.242	0.274	0.341	-0.06400000000000003
0.056	0.186	0.206	0.138	-0.08499999999999999
0.164	0.176	0.272	0.168	-0.10200000000000004
0.153	0.151	0.109	0.324	0.043
0.156	0.208	0.162	0.158	0.01999999999999999
0.258	0.308	0.299	0.24	-0.01599999999999996
0.056	0.194	0.29	0.281	-0.16499999999999998
0.089	0.267	0.282	0.364	-0.10399999999999998
0.092	0.179	0.293	0.296	-0.15749999999999997
0.131	0.304	0.323	0.317	-0.10550000000000001
0.261	0.185	0.237	0.264	-0.013999999999999985
0.106	0.34	0.386	0.375	-0.163
0.156	0.331	0.276	0.218	-0.03250000000000003
0.261	0.186	0.304	0.156	-0.08049999999999999
0.45	0.268	0.224	0.154	0.13499999999999998
0.003	0.293	0.251	0.26	-0.10300000000000001
0.472	0.239	0.257	0.137	0.09849999999999998
0.383	0.307	0.217	0.2	0.12799999999999997
0.011	0.076	0.149	0.26	-0.1055
0.339	0.25	0.255	0.172	0.03949999999999998
0.064	0.1	0.172	0.18	-0.08999999999999998
0.083	0.281	0.296	0.276	-0.11399999999999996
0.131	0.128	0.135	0.09	-0.005500000000000005
0.092	0.149	0.166	0.142	-0.04550000000000001
0.164	0.162	0.038	0.369	0.125
0.186	0.176	0.278	0.091	-0.09700000000000003
0.003	0.157	0.36	0.158	-0.27999999999999997
0.019	0.0	0.044	0.342	-0.034499999999999996
0.031	0.049	0.123	0.028	-0.08299999999999999
0.236	0.224	0.143	0.346	0.087
0.242	0.308	0.325	0.198	-0.04999999999999999
0.308	0.364	0.145	0.236	0.19099999999999998
0.236	0.224	0.19	0.327	0.03999999999999998
0.097	0.294	0.253	0.257	-0.057499999999999996
0.075	0.14	0.358	0.306	-0.25049999999999994
0.136	0.315	0.442	0.335	-0.2165
0.158	0.117	0.054	0.175	0.08350000000000002
0.172	0.207	0.244	0.338	-0.05449999999999999
0.344	0.068	0.344	0.402	-0.13799999999999998
0.006	0.047	0.115	0.265	-0.08850000000000001
0.025	0.025	0.222	0.237	-0.197
0.025	0.312	0.443	0.369	-0.27449999999999997
0.225	0.286	0.453	0.378	-0.1975
0.017	0.171	0.106	0.327	-0.011999999999999997
0.075	0.178	0.301	0.315	-0.1745
0.047	0.194	0.337	0.291	-0.21650000000000003
0.1	0.243	0.167	0.305	0.004499999999999976
0.019	0.088	0.167	0.125	-0.11350000000000002
0.267	0.251	0.25	0.083	0.009000000000000008
0.331	0.108	0.283	0.225	-0.06349999999999997
0.097	0.254	0.147	0.255	0.028499999999999998
0.022	0.09	0.233	0.267	-0.17700000000000002
0.156	0.144	0.345	0.244	-0.19499999999999998
0.211	0.34	0.132	0.132	0.14350000000000002
0.114	0.312	0.278	0.296	-0.06500000000000003
0.283	0.278	0.395	0.286	-0.11450000000000005
0.178	0.319	0.18	0.243	0.0685
0.033	0.247	0.315	0.293	-0.175
0.081	0.101	0.29	0.329	-0.19899999999999998
0.044	0.182	0.242	0.273	-0.129
0.1	0.068	0.12	0.269	-0.03599999999999999
0.208	0.258	0.19	0.085	0.04299999999999998
0.186	0.225	0.197	0.26	0.008500000000000008
0.083	0.242	0.337	0.388	-0.17450000000000002
0.103	0.2	0.201	0.314	-0.049500000000000016
0.133	0.393	0.126	0.199	0.137
0.356	0.211	0.31	0.287	-0.026500000000000024
0.028	0.097	0.324	0.321	-0.2615
0.333	0.026	0.187	0.21	-0.007499999999999979
0.033	0.128	0.241	0.253	-0.16049999999999998
0.044	0.228	0.237	0.262	-0.10099999999999998
0.125	0.24	0.285	0.271	-0.10249999999999998
0.117	0.229	0.308	0.312	-0.13499999999999998
0.217	0.321	0.431	0.113	-0.16199999999999998
0.081	0.151	0.099	0.095	0.016999999999999987
0.144	0.279	0.138	0.111	0.07350000000000001
0.133	0.124	0.309	0.236	-0.1805
0.097	0.14	0.242	0.334	-0.12349999999999998
0.053	0.276	0.361	0.337	-0.19649999999999998
0.167	0.118	0.058	0.333	0.08450000000000002
0.497	0.393	0.431	0.354	0.014000000000000012
0.067	0.089	0.061	0.257	0.017
0.311	0.231	0.292	0.329	-0.020999999999999963
0.081	0.058	0.138	0.357	-0.0685
0.289	0.299	0.287	0.34	0.007000000000000006
0.253	0.246	0.15	0.299	0.0995
0.036	0.211	0.117	0.212	0.006499999999999992
0.094	0.088	0.185	0.157	-0.094
0.208	0.119	0.124	0.298	0.03949999999999998
0.069	0.194	0.433	0.215	-0.3015
0.231	0.24	0.204	0.305	0.0315
0.297	0.225	0.302	0.296	-0.04099999999999998
0.092	0.239	0.223	0.181	-0.05750000000000002
0.181	0.292	0.326	0.159	-0.08950000000000002
0.2	0.244	0.287	0.281	-0.06499999999999997
0.158	0.186	0.365	0.274	-0.193
0.072	0.221	0.32	0.151	-0.17350000000000002
0.158	0.199	0.297	0.172	-0.1185
0.172	0.181	0.219	0.378	-0.04250000000000001
0.025	0.057	0.066	0.011	-0.025
0.344	0.126	0.051	0.089	0.184
0.175	0.222	0.284	0.209	-0.08549999999999996
0.217	0.186	0.108	0.177	0.09350000000000001
0.158	0.079	0.183	0.147	-0.0645
0.131	0.09	0.226	0.112	-0.1155
0.2	0.293	0.17	0.167	0.07649999999999998
0.117	0.101	0.083	0.211	0.02600000000000001
0.075	0.151	0.176	0.056	-0.063
0.319	0.24	0.33	0.206	-0.050500000000000045
0.103	0.082	0.223	0.265	-0.1305
0.389	0.268	0.31	0.271	0.018500000000000016
0.342	0.296	0.175	0.196	0.14400000000000002
0.122	0.222	0.358	0.263	-0.186
0.411	0.262	0.144	0.12	0.19250000000000003
0.308	0.283	0.208	0.348	0.0875
0.253	0.224	0.403	0.314	-0.16450000000000004
0.283	0.115	0.134	0.321	0.06499999999999997
0.15	0.264	0.238	0.116	-0.030999999999999972
0.0	0.003	0.223	0.337	-0.2215
0.042	0.026	0.033	0.171	0.0010000000000000009
0.231	0.203	0.275	0.404	-0.057999999999999996
0.117	0.282	0.374	0.294	-0.17450000000000002
0.164	0.367	0.364	0.258	-0.09849999999999998
0.147	0.092	0.208	0.364	-0.0885
0.133	0.107	0.276	0.336	-0.15600000000000003
0.269	0.203	0.347	0.265	-0.11099999999999996
0.214	0.219	0.385	0.154	-0.1685
0.314	0.197	0.357	0.292	-0.10149999999999998
0.256	0.247	0.169	0.238	0.08249999999999999
0.25	0.324	0.066	0.269	0.22100000000000003
0.003	0.078	0.106	0.346	-0.0655
0.053	0.086	0.228	0.121	-0.15850000000000003
0.2	0.229	0.336	0.302	-0.1215
0.128	0.207	0.251	0.286	-0.08350000000000002
0.033	0.124	0.078	0.18	0.0005000000000000004
0.208	0.204	0.209	0.044	-0.0030000000000000027
0.15	0.278	0.287	0.106	-0.07299999999999995
0.128	0.264	0.298	0.352	-0.10199999999999998
0.206	0.232	0.403	0.401	-0.18400000000000002
0.208	0.376	0.323	0.37	-0.031000000000000028
0.194	0.254	0.354	0.352	-0.12999999999999998
0.089	0.111	0.251	0.228	-0.151
0.181	0.242	0.332	0.355	-0.12050000000000002
0.15	0.242	0.185	0.257	0.01100000000000001
0.242	0.385	0.12	0.112	0.1935
0.067	0.293	0.124	0.326	0.055999999999999994
0.092	0.218	0.259	0.156	-0.10400000000000001
0.056	0.056	0.271	0.313	-0.21500000000000002
0.058	0.169	0.256	0.067	-0.14250000000000002
0.133	0.449	0.324	0.311	-0.032999999999999974
0.181	0.31	0.3	0.153	-0.05449999999999999
0.233	0.286	0.426	0.371	-0.16649999999999998
0.297	0.333	0.106	0.041	0.20900000000000002
0.078	0.206	0.376	0.331	-0.234
0.164	0.281	0.457	0.132	-0.2345
0.022	0.106	0.324	0.231	-0.26
0.014	0.125	0.22	0.321	-0.1505
0.183	0.268	0.19	0.198	0.035500000000000004
0.125	0.122	0.322	0.222	-0.1985
0.456	0.132	0.339	0.214	-0.044999999999999984
0.225	0.142	0.197	0.232	-0.013500000000000012
0.222	0.09	0.307	0.306	-0.151
0.264	0.181	0.272	0.4	-0.049500000000000016
0.2	0.267	0.334	0.169	-0.1005
0.203	0.314	0.146	0.262	0.11250000000000002
0.008	0.065	0.065	0.227	-0.028499999999999998
0.142	0.086	0.276	0.242	-0.16200000000000003
0.125	0.258	0.358	0.201	-0.16649999999999998
0.069	0.164	0.164	0.207	-0.0475
0.203	0.154	0.075	0.087	0.1035
0.244	0.21	0.267	0.163	-0.040000000000000036
0.122	0.308	0.298	0.29	-0.08299999999999999
0.033	0.371	0.262	0.195	-0.06
0.108	0.25	0.394	0.385	-0.21500000000000002
0.247	0.149	0.197	0.366	0.0010000000000000009
0.164	0.293	0.362	0.227	-0.1335
0.072	0.289	0.292	0.371	-0.11149999999999999
0.244	0.088	0.241	0.22	-0.07500000000000001
0.303	0.365	0.176	0.316	0.15799999999999997
0.172	0.168	0.208	0.25	-0.038000000000000006
0.158	0.231	0.324	0.325	-0.1295
0.031	0.117	0.265	0.341	-0.191
0.164	0.282	0.301	0.24	-0.07800000000000001
0.097	0.117	0.202	0.214	-0.095
0.139	0.262	0.036	0.175	0.1645
0.097	0.085	0.188	0.23	-0.097
0.275	0.271	0.378	0.309	-0.10499999999999998
0.175	0.181	0.324	0.221	-0.14600000000000002
0.022	0.133	0.159	0.233	-0.0815
0.164	0.299	0.278	0.24	-0.04650000000000004
0.114	0.301	0.352	0.286	-0.1445
0.078	0.267	0.234	0.317	-0.0615
0.158	0.131	0.128	0.201	0.016500000000000015
0.3	0.289	0.317	0.206	-0.02250000000000002
0.172	0.328	0.459	0.374	-0.20900000000000002
0.481	0.146	0.345	0.144	-0.03149999999999997
0.178	0.147	0.15	0.256	0.012499999999999983
0.242	0.39	0.352	0.408	-0.035999999999999976
0.353	0.312	0.237	0.308	0.09550000000000003
0.328	0.314	0.251	0.287	0.07
0.336	0.342	0.315	0.136	0.02400000000000002
0.231	0.285	0.156	0.157	0.10200000000000001
0.342	0.208	0.231	0.139	0.04400000000000001
0.156	0.153	0.183	0.143	-0.028499999999999998
0.283	0.211	0.245	0.17	0.0020000000000000018
0.214	0.297	0.216	0.241	0.03950000000000001
0.164	0.236	0.371	0.383	-0.17099999999999999
0.006	0.138	0.184	0.292	-0.11199999999999999
0.308	0.14	0.218	0.266	0.006000000000000005
0.139	0.154	0.222	0.202	-0.07549999999999998
0.15	0.237	0.378	0.184	-0.1845
0.217	0.218	0.236	0.153	-0.01849999999999999
0.361	0.188	0.135	0.229	0.13949999999999996
0.222	0.254	0.304	0.328	-0.066
0.494	0.394	0.319	0.242	0.125
0.169	0.167	0.188	0.346	-0.01999999999999999
0.1	0.201	0.267	0.258	-0.11649999999999999
0.028	0.021	0.303	0.324	-0.27849999999999997
0.086	0.11	0.041	0.203	0.057
0.044	0.169	0.474	0.353	-0.36749999999999994
0.139	0.232	0.117	0.302	0.06849999999999999
0.353	0.324	0.294	0.146	0.04450000000000004
0.231	0.144	0.177	0.116	0.01050000000000001
0.236	0.292	0.151	0.169	0.11300000000000002
0.072	0.165	0.304	0.26	-0.1855
0.328	0.258	0.208	0.26	0.08500000000000005
0.092	0.114	0.293	0.244	-0.18999999999999997
0.203	0.218	0.275	0.25	-0.0645
0.172	0.249	0.237	0.223	-0.026499999999999996
0.161	0.065	0.199	0.281	-0.08600000000000001
0.142	0.04	0.171	0.112	-0.08000000000000002
0.325	0.224	0.274	0.131	0.0005000000000000004
0.333	0.342	0.284	0.316	0.05350000000000005
0.214	0.201	0.241	0.172	-0.033499999999999974
0.125	0.312	0.283	0.355	-0.06449999999999997
0.092	0.192	0.148	0.135	-0.005999999999999978
0.314	0.351	0.302	0.339	0.030500000000000027
0.083	0.349	0.399	0.315	-0.18300000000000002
0.206	0.203	0.29	0.307	-0.08549999999999996
0.261	0.367	0.3	0.184	0.014000000000000012
0.244	0.09	0.124	0.131	0.04299999999999998
0.072	0.203	0.315	0.216	-0.1775
0.533	0.304	0.269	0.194	0.14949999999999997
0.111	0.096	0.044	0.306	0.05950000000000001
0.147	0.281	0.387	0.343	-0.173
0.289	0.278	0.288	0.402	-0.004500000000000004
0.031	0.039	0.051	0.191	-0.015999999999999993
0.108	0.278	0.197	0.304	-0.0040000000000000036
0.233	0.135	0.068	0.146	0.11599999999999999
0.131	0.235	0.167	0.125	0.015999999999999986
0.0	0.097	0.165	0.212	-0.1165
0.264	0.214	0.397	0.384	-0.15800000000000003
0.058	0.143	0.242	0.311	-0.14150000000000001
0.322	0.317	0.237	0.365	0.08250000000000002
0.325	0.368	0.367	0.269	-0.020499999999999963
0.106	0.108	0.285	0.34	-0.178
0.011	0.129	0.373	0.209	-0.303
0.353	0.397	0.374	0.383	0.0010000000000000009
0.0	0.031	0.181	0.319	-0.16549999999999998
0.3	0.208	0.198	0.206	0.055999999999999994
0.1	0.219	0.194	0.211	-0.0345
0.275	0.229	0.347	0.348	-0.09499999999999997
0.131	0.083	0.226	0.231	-0.119
0.028	0.017	0.19	0.199	-0.1675
0.186	0.3	0.221	0.156	0.021999999999999992
0.214	0.262	0.202	0.217	0.035999999999999976
0.378	0.229	0.274	0.108	0.02949999999999997
0.203	0.229	0.253	0.163	-0.03699999999999998
0.244	0.26	0.36	0.311	-0.10799999999999998
0.056	0.081	0.199	0.367	-0.1305
0.292	0.332	0.233	0.144	0.07899999999999999
0.003	0.011	0.235	0.158	-0.22799999999999998
0.186	0.258	0.153	0.123	0.069
0.336	0.236	0.358	0.194	-0.07199999999999995
0.361	0.219	0.328	0.301	-0.038000000000000034
0.183	0.296	0.152	0.094	0.0875
0.089	0.281	0.262	0.169	-0.07700000000000001
0.2	0.118	0.305	0.244	-0.146
0.133	0.272	0.312	0.173	-0.10949999999999999
0.072	0.385	0.192	0.228	0.036500000000000005
0.206	0.15	0.167	0.237	0.010999999999999982
0.189	0.268	0.159	0.275	0.0695
0.194	0.326	0.315	0.283	-0.05499999999999999
0.311	0.307	0.26	0.3	0.04899999999999999
0.247	0.306	0.308	0.249	-0.03150000000000003
0.131	0.297	0.287	0.268	-0.07299999999999998
0.311	0.236	0.239	0.281	0.034499999999999975
0.122	0.042	0.113	0.29	-0.031
0.272	0.285	0.247	0.175	0.03149999999999997
0.183	0.219	0.48	0.322	-0.27899999999999997
0.133	0.231	0.383	0.2	-0.201
0.114	0.25	0.386	0.37	-0.20400000000000001
0.231	0.067	0.375	0.327	-0.22599999999999998
0.022	0.114	0.236	0.254	-0.16799999999999998
0.069	0.265	0.319	0.251	-0.152
0.358	0.157	0.24	0.32	0.017500000000000016
0.181	0.211	0.341	0.353	-0.14500000000000002
0.394	0.275	0.213	0.177	0.12150000000000002
0.214	0.299	0.39	0.277	-0.1335
0.242	0.283	0.265	0.347	-0.0025000000000000577
0.064	0.172	0.125	0.182	-0.007000000000000006
0.019	0.267	0.33	0.264	-0.187
0.331	0.257	0.306	0.266	-0.011999999999999955
0.15	0.119	0.306	0.421	-0.17149999999999999
0.117	0.168	0.374	0.304	-0.23149999999999998
0.072	0.014	0.167	0.252	-0.12400000000000001
0.161	0.229	0.289	0.11	-0.09399999999999997
0.142	0.247	0.117	0.087	0.0775
0.253	0.242	0.099	0.161	0.1485
0.028	0.008	0.146	0.273	-0.128
0.0	0.022	0.192	0.342	-0.181
0.175	0.199	0.043	0.116	0.14400000000000002
0.061	0.163	0.334	0.411	-0.22200000000000003
0.169	0.224	0.332	0.246	-0.1355
0.217	0.108	0.281	0.369	-0.11850000000000002
0.036	0.14	0.252	0.237	-0.16399999999999998
0.194	0.293	0.336	0.048	-0.09250000000000003
0.036	0.092	0.281	0.345	-0.21700000000000003
0.139	0.112	0.256	0.21	-0.1305
0.219	0.217	0.028	0.128	0.19
0.233	0.324	0.347	0.387	-0.06849999999999995
0.169	0.269	0.188	0.054	0.031000000000000028
0.192	0.068	0.16	0.335	-0.03
0.142	0.061	0.24	0.322	-0.1385
0.133	0.332	0.122	0.137	0.11050000000000001
0.047	0.043	0.129	0.338	-0.084
0.017	0.044	0.031	0.255	-0.0005000000000000004
0.375	0.242	0.267	0.257	0.04149999999999998
0.117	0.228	0.323	0.334	-0.1505
0.142	0.314	0.231	0.163	-0.0030000000000000304
0.333	0.36	0.264	0.163	0.08250000000000002
0.258	0.249	0.378	0.373	-0.1245
0.217	0.403	0.407	0.334	-0.09699999999999998
0.203	0.251	0.246	0.139	-0.01899999999999999
0.033	0.404	0.324	0.209	-0.10549999999999998
0.281	0.311	0.272	0.285	0.02400000000000002
0.039	0.069	0.117	0.15	-0.063
0.303	0.392	0.374	0.242	-0.026499999999999968
0.031	0.133	0.301	0.169	-0.21899999999999997
0.147	0.196	0.169	0.337	0.0024999999999999745
0.147	0.151	0.183	0.098	-0.034
0.264	0.317	0.285	0.335	0.005500000000000005
0.253	0.094	0.245	0.289	-0.07150000000000001
0.011	0.022	0.362	0.296	-0.3455
0.081	0.035	0.088	0.235	-0.029999999999999992
0.139	0.351	0.262	0.35	-0.017000000000000015
0.017	0.104	0.172	0.143	-0.11149999999999999
0.136	0.219	0.213	0.133	-0.035500000000000004
0.136	0.294	0.341	0.38	-0.12600000000000003
0.106	0.189	0.376	0.335	-0.2285
0.069	0.019	0.109	0.182	-0.065
0.092	0.154	0.275	0.261	-0.15200000000000002
0.056	0.189	0.178	0.086	-0.055499999999999994
0.267	0.281	0.271	0.335	0.0030000000000000027
0.197	0.239	0.272	0.165	-0.05400000000000002
0.011	0.028	0.124	0.292	-0.1045
0.208	0.165	0.124	0.247	0.0625
0.144	0.222	0.227	0.165	-0.04400000000000001
0.342	0.318	0.348	0.178	-0.01799999999999996
0.211	0.282	0.315	0.283	-0.0685
0.267	0.189	0.401	0.273	-0.17300000000000001
0.214	0.312	0.321	0.252	-0.057999999999999996
0.158	0.182	0.178	0.316	-0.008000000000000007
0.128	0.053	0.159	0.36	-0.0685
0.286	0.336	0.324	0.268	-0.013000000000000012
0.133	0.24	0.396	0.424	-0.20950000000000002
0.233	0.092	0.148	0.283	0.014500000000000013
0.108	0.128	0.284	0.273	-0.16599999999999998
0.233	0.324	0.273	0.204	0.005500000000000005
0.206	0.294	0.243	0.273	0.007000000000000006
0.108	0.2	0.178	0.268	-0.023999999999999994
0.222	0.139	0.197	0.199	-0.016500000000000015
0.3	0.349	0.352	0.144	-0.02749999999999997
0.056	0.196	0.131	0.066	-0.0050000000000000044
0.136	0.068	0.05	0.246	0.052000000000000005
0.056	0.117	0.275	0.258	-0.1885
0.289	0.308	0.291	0.265	0.007500000000000007
0.272	0.261	0.36	0.372	-0.09349999999999997
0.189	0.179	0.14	0.109	0.043999999999999984
0.172	0.228	0.172	0.156	0.028000000000000025
0.178	0.351	0.351	0.273	-0.08650000000000002
0.111	0.215	0.36	0.204	-0.19699999999999998
0.278	0.325	0.278	0.16	0.023499999999999965
0.039	0.128	0.335	0.246	-0.2515
0.189	0.346	0.275	0.295	-0.007500000000000062
0.353	0.262	0.245	0.249	0.0625
0.1	0.317	0.234	0.431	-0.025499999999999995
0.331	0.406	0.376	0.281	-0.007499999999999951
0.019	0.164	0.067	0.092	0.024499999999999994
0.303	0.156	0.31	0.297	-0.08050000000000002
0.169	0.119	0.346	0.285	-0.20199999999999996
0.225	0.396	0.431	0.298	-0.1205
0.111	0.111	0.204	0.275	-0.09299999999999999
0.264	0.299	0.118	0.119	0.16349999999999998
0.114	0.221	0.311	0.217	-0.1435
0.106	0.106	0.266	0.278	-0.16000000000000003
0.139	0.188	0.398	0.294	-0.23450000000000001
0.036	0.111	0.193	0.321	-0.11950000000000001
0.194	0.204	0.335	0.154	-0.136
0.267	0.319	0.29	0.235	0.003000000000000058
0.094	0.058	0.217	0.067	-0.14100000000000001
0.222	0.364	0.261	0.126	0.03199999999999997
0.369	0.478	0.16	0.058	0.26349999999999996
0.214	0.101	0.219	0.324	-0.0615
0.231	0.303	0.146	0.292	0.12100000000000002
0.417	0.104	0.051	0.117	0.20950000000000002
0.075	0.156	0.157	0.322	-0.04150000000000001
0.231	0.256	0.267	0.152	-0.02350000000000002
0.047	0.133	0.235	0.388	-0.145
0.156	0.078	0.269	0.243	-0.15200000000000002
0.231	0.418	0.29	0.3	0.03450000000000003
0.033	0.038	0.137	0.15	-0.1015
0.142	0.147	0.143	0.185	0.0015000000000000013
0.119	0.121	0.151	0.282	-0.031
0.317	0.297	0.276	0.139	0.030999999999999972
0.269	0.201	0.176	0.288	0.059000000000000025
0.164	0.335	0.303	0.197	-0.05349999999999999
0.011	0.119	0.265	0.384	-0.2
0.036	0.075	0.217	0.271	-0.1615
0.169	0.239	0.276	0.31	-0.07200000000000001
0.225	0.299	0.442	0.371	-0.18
0.253	0.254	0.263	0.373	-0.009500000000000008
0.147	0.118	0.047	0.298	0.0855
0.011	0.25	0.129	0.082	0.0015000000000000013
0.047	0.075	0.156	0.263	-0.095
0.131	0.174	0.256	0.196	-0.10350000000000001
0.233	0.292	0.336	0.316	-0.07350000000000001
0.35	0.139	0.267	0.326	-0.02250000000000002
0.183	0.286	0.166	0.103	0.06849999999999998
0.239	0.176	0.287	0.263	-0.07949999999999999
0.031	0.211	0.142	0.267	-0.02099999999999999
0.092	0.025	0.162	0.302	-0.10350000000000001
0.478	0.319	0.305	0.262	0.09349999999999997
0.075	0.011	0.085	0.346	-0.04200000000000001
0.042	0.376	0.408	0.254	-0.19899999999999998
0.258	0.349	0.297	0.305	0.006500000000000006
0.003	0.046	0.19	0.268	-0.1655
0.364	0.279	0.201	0.295	0.1205
0.064	0.153	0.375	0.272	-0.2665
0.269	0.2	0.16	0.262	0.07450000000000001
0.064	0.046	0.108	0.363	-0.053
0.064	0.046	0.142	0.387	-0.087
0.044	0.083	0.034	0.163	0.0295
0.089	0.317	0.308	0.392	-0.10499999999999998
0.039	0.117	0.153	0.188	-0.075
0.131	0.106	0.18	0.355	-0.0615
0.364	0.308	0.17	0.07	0.16599999999999995
0.122	0.082	0.226	0.394	-0.124
0.064	0.186	0.251	0.32	-0.126
0.131	0.157	0.215	0.155	-0.07099999999999998
0.214	0.185	0.287	0.28	-0.08749999999999997
0.283	0.318	0.376	0.344	-0.07550000000000001
0.033	0.119	0.281	0.207	-0.20500000000000002
0.181	0.344	0.308	0.408	-0.04550000000000004
0.408	0.265	0.438	0.186	-0.10149999999999998
0.186	0.219	0.359	0.313	-0.15649999999999997
0.053	0.197	0.314	0.294	-0.189
0.147	0.129	0.199	0.246	-0.061
0.056	0.293	0.161	0.213	0.013499999999999984
0.089	0.225	0.12	0.221	0.037000000000000005
0.242	0.326	0.344	0.332	-0.05999999999999994
0.483	0.353	0.432	0.354	-0.014000000000000012
0.228	0.283	0.244	0.192	0.01150000000000001
0.181	0.064	0.316	0.232	-0.1935
0.183	0.231	0.212	0.404	-0.004999999999999977
0.197	0.246	0.379	0.32	-0.1575
0.269	0.304	0.324	0.344	-0.03750000000000003
0.228	0.215	0.363	0.097	-0.1415
0.236	0.186	0.24	0.276	-0.028999999999999998
0.064	0.092	0.271	0.467	-0.193
0.003	0.021	0.013	0.02	-0.0009999999999999992
0.069	0.028	0.001	0.017	0.0475
0.164	0.125	0.26	0.115	-0.11549999999999999
0.119	0.281	0.159	0.138	0.04100000000000001
0.269	0.282	0.329	0.249	-0.05350000000000005
0.264	0.319	0.185	0.361	0.10649999999999998
0.178	0.322	0.249	0.372	0.0010000000000000009
0.356	0.254	0.298	0.197	0.007000000000000006
0.281	0.164	0.314	0.344	-0.09149999999999997
0.092	0.349	0.436	0.342	-0.21550000000000002
0.144	0.339	0.138	0.133	0.10349999999999998
0.031	0.192	0.144	0.254	-0.03249999999999999
0.117	0.192	0.399	0.231	-0.24450000000000002
0.206	0.178	0.083	0.213	0.109
0.0	0.021	0.238	0.307	-0.22749999999999998
0.3	0.389	0.31	0.426	0.03450000000000003
0.214	0.157	0.218	0.281	-0.0325
0.028	0.207	0.277	0.271	-0.15950000000000003
0.206	0.41	0.226	0.147	0.08199999999999999
0.231	0.126	0.348	0.305	-0.16949999999999998
0.061	0.272	0.141	0.349	0.025500000000000023
0.111	0.321	0.228	0.274	-0.01200000000000001
0.181	0.339	0.262	0.162	-0.0020000000000000018
0.206	0.169	0.213	0.119	-0.025499999999999995
0.183	0.282	0.319	0.279	-0.08650000000000002
0.289	0.214	0.194	0.255	0.057499999999999996
0.036	0.033	0.124	0.243	-0.0895
0.069	0.15	0.36	0.369	-0.2505
0.1	0.19	0.32	0.388	-0.175
0.128	0.276	0.206	0.092	-0.003999999999999976
0.0	0.013	0.226	0.208	-0.2195
0.267	0.258	0.277	0.228	-0.014500000000000013
0.378	0.228	0.369	0.379	-0.066
0.206	0.315	0.382	0.434	-0.1215
0.081	0.249	0.342	0.283	-0.17700000000000002
0.3	0.289	0.183	0.225	0.11149999999999999
0.178	0.272	0.29	0.214	-0.06499999999999997
0.297	0.351	0.371	0.328	-0.04700000000000004
0.158	0.308	0.225	0.283	0.00799999999999998
0.2	0.24	0.295	0.271	-0.07499999999999998
0.222	0.213	0.303	0.218	-0.08549999999999999
0.389	0.231	0.305	0.307	0.0050000000000000044
0.275	0.26	0.071	0.115	0.1965
0.178	0.24	0.128	0.163	0.08099999999999999
0.189	0.194	0.119	0.244	0.07250000000000001
0.167	0.153	0.137	0.308	0.022999999999999993
0.292	0.317	0.351	0.316	-0.046499999999999986
0.086	0.264	0.27	0.356	-0.09500000000000003
0.261	0.264	0.275	0.18	-0.012500000000000011
0.289	0.297	0.391	0.352	-0.09800000000000003
0.092	0.122	0.192	0.205	-0.085
0.147	0.262	0.305	0.327	-0.10049999999999998
0.297	0.268	0.094	0.304	0.18849999999999997
0.125	0.164	0.292	0.393	-0.14749999999999996
0.092	0.179	0.258	0.313	-0.1225
0.214	0.104	0.205	0.327	-0.045999999999999985
0.097	0.065	0.254	0.084	-0.173
0.136	0.179	0.343	0.337	-0.18550000000000003
0.086	0.085	0.228	0.303	-0.14250000000000002
0.0	0.136	0.213	0.292	-0.145
0.322	0.226	0.111	0.285	0.16300000000000003
0.167	0.262	0.313	0.275	-0.09849999999999998
0.197	0.269	0.295	0.222	-0.06199999999999997
0.25	0.268	0.311	0.353	-0.05199999999999999
0.153	0.054	0.202	0.169	-0.09850000000000002
0.258	0.217	0.125	0.329	0.11249999999999999
0.103	0.131	0.174	0.148	-0.056999999999999995
0.217	0.085	0.218	0.306	-0.067
0.183	0.124	0.056	0.181	0.0975
0.081	0.181	0.324	0.327	-0.193
0.278	0.107	0.012	0.24	0.1805
0.264	0.394	0.338	0.197	-0.009000000000000008
0.15	0.144	0.319	0.162	-0.17200000000000001
0.197	0.311	0.287	0.183	-0.032999999999999974
0.036	0.032	0.3	0.33	-0.266
0.128	0.024	0.113	0.29	-0.037000000000000005
0.089	0.149	0.214	0.273	-0.095
0.519	0.165	0.274	0.398	0.068
0.058	0.11	0.42	0.238	-0.33599999999999997
0.472	0.325	0.1	0.193	0.2985
0.317	0.169	0.15	0.298	0.093
0.083	0.301	0.357	0.375	-0.16499999999999998
0.172	0.064	0.265	0.309	-0.14700000000000002
0.361	0.29	0.367	0.28	-0.04149999999999998
0.286	0.168	0.274	0.333	-0.04700000000000004
0.097	0.35	0.393	0.33	-0.16950000000000004
0.131	0.193	0.223	0.25	-0.061
0.186	0.157	0.185	0.296	-0.013500000000000012
0.125	0.336	0.142	0.102	0.08850000000000002
0.175	0.354	0.389	0.367	-0.12450000000000006
0.267	0.285	0.218	0.238	0.058000000000000024
0.222	0.261	0.229	0.446	0.012499999999999983
0.208	0.111	0.416	0.272	-0.25649999999999995
0.136	0.076	0.192	0.187	-0.086
0.25	0.335	0.296	0.259	-0.003500000000000003
0.0	0.0	0.011	0.245	-0.011
0.117	0.311	0.341	0.31	-0.12700000000000003
0.122	0.214	0.378	0.23	-0.21000000000000002
0.044	0.088	0.194	0.255	-0.128
0.214	0.172	0.212	0.179	-0.01899999999999999
0.192	0.357	0.306	0.148	-0.03150000000000003
0.178	0.192	0.451	0.201	-0.266
0.069	0.354	0.358	0.323	-0.1465
0.156	0.349	0.42	0.331	-0.16749999999999998
0.222	0.285	0.333	0.313	-0.07950000000000002
0.158	0.183	0.231	0.214	-0.060500000000000026
0.278	0.369	0.249	0.207	0.07450000000000001
0.008	0.021	0.385	0.31	-0.3705
0.142	0.306	0.254	0.427	-0.030000000000000027
0.144	0.229	0.273	0.362	-0.08650000000000002
0.058	0.061	0.228	0.266	-0.1685
0.236	0.229	0.333	0.133	-0.10050000000000003
0.153	0.247	0.266	0.212	-0.066
0.144	0.264	0.287	0.348	-0.08299999999999996
0.058	0.056	0.178	0.325	-0.121
0.222	0.271	0.185	0.072	0.0615
0.239	0.317	0.349	0.238	-0.07099999999999995
0.183	0.326	0.274	0.236	-0.019500000000000017
0.111	0.419	0.185	0.1	0.08000000000000002
0.208	0.289	0.353	0.317	-0.10449999999999998
0.0	0.097	0.283	0.333	-0.2345
0.181	0.339	0.231	0.055	0.028999999999999998
0.075	0.158	0.278	0.332	-0.16150000000000003
0.158	0.131	0.199	0.26	-0.05449999999999999
0.125	0.119	0.269	0.327	-0.14700000000000002
0.231	0.231	0.458	0.237	-0.227
0.164	0.157	0.212	0.343	-0.05149999999999999
0.236	0.175	0.19	0.306	0.015499999999999986
0.022	0.049	0.172	0.254	-0.13649999999999998
0.386	0.225	0.374	0.045	-0.0685
0.2	0.213	0.209	0.421	-0.0024999999999999745
0.233	0.236	0.342	0.182	-0.10750000000000004
0.153	0.35	0.278	0.103	-0.026500000000000024
0.378	0.385	0.311	0.382	0.07050000000000001
0.103	0.221	0.206	0.278	-0.043999999999999984
0.422	0.235	0.208	0.131	0.12050000000000002
0.064	0.051	0.201	0.297	-0.14350000000000002
0.05	0.243	0.271	0.19	-0.12450000000000003
0.033	0.033	0.181	0.278	-0.148
0.064	0.385	0.29	0.333	-0.06549999999999997
0.036	0.208	0.274	0.176	-0.15200000000000002
0.172	0.372	0.169	0.271	0.10300000000000001
0.056	0.104	0.192	0.286	-0.112
0.219	0.243	0.347	0.282	-0.11599999999999999
0.272	0.36	0.216	0.172	0.1
0.133	0.344	0.365	0.165	-0.1265
0.208	0.1	0.192	0.23	-0.038000000000000006
0.044	0.121	0.173	0.29	-0.0905
0.086	0.185	0.181	0.143	-0.045499999999999985
0.111	0.14	0.215	0.319	-0.0895
0.114	0.031	0.065	0.235	0.007500000000000007
0.131	0.122	0.297	0.279	-0.17049999999999998
0.133	0.276	0.298	0.284	-0.09349999999999997
0.122	0.142	0.093	0.26	0.03900000000000001
0.111	0.24	0.358	0.3	-0.1825
0.108	0.157	0.197	0.308	-0.0645
0.067	0.136	0.301	0.338	-0.19949999999999998
0.044	0.014	0.076	0.259	-0.047
0.003	0.029	0.085	0.186	-0.069
0.056	0.093	0.188	0.314	-0.1135
0.281	0.231	0.207	0.142	0.049000000000000016
0.011	0.042	0.101	0.156	-0.07450000000000001
0.206	0.328	0.337	0.333	-0.07
0.267	0.418	0.298	0.274	0.04450000000000004
0.358	0.279	0.213	0.225	0.10550000000000001
0.164	0.217	0.335	0.342	-0.14450000000000002
0.175	0.107	0.244	0.17	-0.10300000000000001
0.133	0.069	0.13	0.342	-0.028999999999999998
0.181	0.114	0.123	0.19	0.024499999999999994
0.094	0.207	0.21	0.352	-0.0595
0.083	0.214	0.319	0.23	-0.1705
0.311	0.312	0.301	0.214	0.01050000000000001
0.164	0.238	0.297	0.3	-0.09599999999999997
0.211	0.21	0.392	0.366	-0.18150000000000002
0.089	0.196	0.273	0.412	-0.1305
0.172	0.15	0.072	0.2	0.08899999999999998
0.225	0.237	0.238	0.333	-0.007000000000000006
0.094	0.262	0.229	0.169	-0.05100000000000002
0.325	0.363	0.281	0.338	0.06299999999999994
0.036	0.067	0.182	0.183	-0.1305
0.094	0.268	0.435	0.297	-0.254
0.075	0.156	0.215	0.337	-0.0995
0.253	0.208	0.257	0.146	-0.026500000000000024
0.036	0.044	0.193	0.242	-0.15300000000000002
0.181	0.156	0.043	0.108	0.1255
0.114	0.397	0.424	0.123	-0.16849999999999998
0.042	0.253	0.131	0.372	0.016499999999999987
0.125	0.136	0.285	0.194	-0.15449999999999997
0.294	0.356	0.339	0.27	-0.014000000000000068
0.103	0.115	0.233	0.287	-0.12400000000000001
0.069	0.09	0.319	0.323	-0.2395
0.083	0.265	0.158	0.261	0.016000000000000014
0.167	0.169	0.391	0.294	-0.223
0.136	0.479	0.424	0.308	-0.11649999999999999
0.181	0.194	0.095	0.419	0.0925
0.194	0.117	0.226	0.193	-0.07050000000000001
0.122	0.229	0.322	0.248	-0.14650000000000002
0.053	0.087	0.253	0.33	-0.183
0.233	0.156	0.289	0.302	-0.09449999999999997
0.211	0.213	0.21	0.227	0.0020000000000000018
0.006	0.033	0.029	0.225	-0.009500000000000001
0.339	0.287	0.251	0.325	0.062
0.131	0.268	0.34	0.209	-0.1405
0.014	0.151	0.405	0.237	-0.3225
0.383	0.239	0.257	0.007	0.05399999999999999
0.072	0.147	0.258	0.229	-0.14850000000000002
0.244	0.397	0.394	0.141	-0.07350000000000001
0.183	0.215	0.326	0.267	-0.127
0.044	0.147	0.285	0.407	-0.18949999999999997
0.342	0.192	0.243	0.315	0.02400000000000002
0.103	0.185	0.145	0.328	-0.0010000000000000009
0.222	0.2	0.302	0.289	-0.09099999999999997
0.133	0.174	0.388	0.314	-0.23450000000000001
0.056	0.035	0.224	0.436	-0.1785
0.067	0.09	0.258	0.11	-0.1795
0.467	0.442	0.173	0.207	0.28150000000000003
0.169	0.36	0.294	0.26	-0.02949999999999997
0.075	0.307	0.181	0.277	0.010000000000000009
0.008	0.147	0.24	0.207	-0.16249999999999998
0.033	0.075	0.15	0.33	-0.096
0.036	0.119	0.173	0.288	-0.09549999999999999
0.314	0.199	0.222	0.317	0.0345
0.278	0.249	0.196	0.319	0.0675
0.15	0.167	0.341	0.283	-0.18250000000000002
0.025	0.193	0.344	0.146	-0.235
0.444	0.339	0.206	0.154	0.18550000000000003
0.094	0.09	0.286	0.361	-0.19399999999999998
0.119	0.199	0.349	0.371	-0.18999999999999997
0.411	0.244	0.135	0.192	0.1925
0.269	0.178	0.176	0.328	0.047500000000000014
0.058	0.247	0.29	0.353	-0.13749999999999998
0.067	0.311	0.273	0.138	-0.08400000000000002
0.175	0.162	0.375	0.355	-0.20650000000000002
0.253	0.15	0.268	0.344	-0.0665
0.069	0.11	0.208	0.245	-0.1185
0.178	0.333	0.307	0.158	-0.05149999999999999
0.103	0.114	0.052	0.235	0.0565
0.111	0.338	0.39	0.16	-0.1655
0.142	0.335	0.281	0.41	-0.04250000000000004
0.028	0.092	0.153	0.137	-0.093
0.094	0.279	0.272	0.304	-0.08550000000000002
0.136	0.218	0.383	0.155	-0.20600000000000002
0.056	0.238	0.228	0.222	-0.08100000000000002
0.15	0.188	0.39	0.101	-0.22100000000000003
0.136	0.315	0.235	0.269	-0.00949999999999998
0.297	0.161	0.245	0.34	-0.016000000000000014
0.136	0.246	0.24	0.296	-0.04899999999999999
0.2	0.308	0.229	0.218	0.024999999999999994
0.033	0.018	0.162	0.2	-0.1365
0.147	0.401	0.377	0.371	-0.10299999999999998
0.067	0.406	0.216	0.292	0.020500000000000018
0.089	0.328	0.336	0.402	-0.1275
0.272	0.144	0.342	0.242	-0.134
0.247	0.278	0.125	0.072	0.1375
0.258	0.307	0.369	0.169	-0.08650000000000002
0.014	0.174	0.206	0.19	-0.11199999999999999
0.125	0.303	0.418	0.362	-0.204
0.267	0.275	0.261	0.242	0.010000000000000009
0.206	0.262	0.253	0.086	-0.019000000000000017
0.194	0.101	0.139	0.175	0.008500000000000008
0.078	0.026	0.128	0.267	-0.07600000000000001
0.061	0.036	0.147	0.227	-0.09849999999999999
0.089	0.247	0.303	0.343	-0.135
0.297	0.318	0.243	0.129	0.0645
0.139	0.389	0.325	0.273	-0.061
0.45	0.349	0.326	0.372	0.07349999999999995
0.0	0.0	0.135	0.223	-0.135
0.047	0.068	0.265	0.322	-0.20750000000000002
0.161	0.243	0.374	0.323	-0.172
0.0	0.015	0.069	0.248	-0.061500000000000006
0.2	0.158	0.051	0.242	0.128
0.044	0.181	0.372	0.248	-0.2595
0.033	0.006	0.074	0.203	-0.05449999999999999
0.069	0.122	0.298	0.221	-0.20249999999999999
0.242	0.311	0.349	0.236	-0.07250000000000001
0.183	0.192	0.27	0.14	-0.08250000000000002
0.086	0.242	0.267	0.279	-0.10300000000000004
0.253	0.165	0.06	0.118	0.14900000000000002
0.036	0.156	0.287	0.209	-0.19099999999999998
0.442	0.292	0.394	0.38	-0.027000000000000024
0.328	0.271	0.312	0.21	-0.012500000000000011
0.383	0.424	0.394	0.312	0.009499999999999953
0.136	0.242	0.058	0.285	0.131
0.358	0.238	0.278	0.248	0.019999999999999962
0.333	0.118	0.29	0.147	-0.06449999999999997
0.075	0.236	0.305	0.127	-0.1495
0.233	0.418	0.29	0.32	0.03550000000000003
0.019	0.103	0.2	0.285	-0.139
0.047	0.193	0.099	0.082	0.02099999999999999
0.203	0.268	0.299	0.148	-0.06349999999999997
0.169	0.264	0.327	0.255	-0.11049999999999999
0.042	0.247	0.211	0.228	-0.0665
0.364	0.49	0.258	0.286	0.16899999999999998
0.108	0.24	0.112	0.29	0.061999999999999986
0.011	0.143	0.252	0.317	-0.175
0.081	0.186	0.301	0.219	-0.16749999999999998
0.431	0.462	0.377	0.238	0.0695
0.003	0.183	0.44	0.391	-0.347
0.042	0.006	0.022	0.304	0.0020000000000000018
0.225	0.149	0.154	0.252	0.033
0.075	0.132	0.151	0.188	-0.04749999999999999
0.236	0.114	0.122	0.299	0.05299999999999999
0.033	0.156	0.225	0.213	-0.1305
0.325	0.303	0.191	0.355	0.123
0.011	0.028	0.093	0.188	-0.0735
0.272	0.231	0.318	0.359	-0.0665
0.025	0.172	0.077	0.225	0.02149999999999999
0.114	0.126	0.328	0.191	-0.20800000000000002
0.239	0.21	0.255	0.397	-0.030500000000000027
0.233	0.15	0.224	0.254	-0.0325
0.083	0.292	0.251	0.273	-0.0635
0.142	0.415	0.328	0.197	-0.049500000000000044
0.431	0.368	0.182	0.221	0.21749999999999997
0.344	0.188	0.381	0.281	-0.11499999999999999
0.144	0.157	0.197	0.261	-0.046500000000000014
0.0	0.047	0.189	0.299	-0.1655
0.092	0.326	0.401	0.384	-0.192
0.094	0.151	0.093	0.336	0.0295
0.169	0.214	0.148	0.161	0.04350000000000001
0.158	0.161	0.167	0.16	-0.007500000000000007
0.094	0.101	0.244	0.24	-0.1465
0.119	0.093	0.362	0.279	-0.256
0.403	0.3	0.37	0.299	-0.01849999999999996
0.222	0.375	0.377	0.421	-0.07850000000000001
0.081	0.215	0.246	0.327	-0.098
0.089	0.174	0.403	0.304	-0.2715
0.028	0.035	0.272	0.201	-0.24050000000000002
0.197	0.376	0.106	0.073	0.1805
0.008	0.237	0.097	0.42	0.025499999999999995
0.0	0.065	0.201	0.172	-0.1685
0.353	0.219	0.322	0.28	-0.03600000000000003
0.075	0.128	0.067	0.215	0.0345
0.222	0.14	0.092	0.327	0.089
0.192	0.193	0.222	0.35	-0.0295
0.164	0.286	0.089	0.312	0.13599999999999998
0.169	0.144	0.203	0.204	-0.046500000000000014
0.217	0.232	0.369	0.358	-0.1445
0.306	0.342	0.354	0.422	-0.02999999999999997
0.119	0.089	0.178	0.235	-0.074
0.081	0.036	0.309	0.325	-0.2505
0.081	0.153	0.203	0.175	-0.08600000000000002
0.292	0.358	0.333	0.22	-0.008000000000000063
0.411	0.269	0.275	0.185	0.06499999999999995
0.272	0.121	0.116	0.284	0.0805
0.067	0.057	0.172	0.27	-0.10999999999999999
0.153	0.144	0.348	0.362	-0.19949999999999998
0.097	0.138	0.147	0.274	-0.029499999999999985
0.303	0.442	0.172	0.348	0.2005
0.242	0.258	0.408	0.394	-0.15799999999999997
0.128	0.24	0.298	0.419	-0.11399999999999999
0.031	0.033	0.065	0.123	-0.033
0.114	0.121	0.317	0.323	-0.1995
0.214	0.294	0.308	0.071	-0.05399999999999999
0.225	0.225	0.22	0.279	0.0050000000000000044
0.214	0.383	0.346	0.267	-0.04749999999999999
0.078	0.304	0.372	0.373	-0.181
0.292	0.207	0.322	0.303	-0.07250000000000001
0.264	0.317	0.228	0.211	0.06249999999999997
0.128	0.318	0.376	0.262	-0.153
0.356	0.254	0.392	0.212	-0.08700000000000002
0.264	0.411	0.376	0.396	-0.03849999999999998
0.333	0.222	0.328	0.37	-0.05049999999999999
0.158	0.303	0.217	0.272	0.013499999999999984
0.083	0.208	0.331	0.363	-0.18550000000000003
0.239	0.15	0.165	0.304	0.0295
0.133	0.179	0.328	0.289	-0.17200000000000001
0.197	0.283	0.267	0.337	-0.027000000000000024
0.164	0.133	0.305	0.159	-0.15649999999999997
0.078	0.246	0.294	0.181	-0.13199999999999998
0.067	0.19	0.224	0.294	-0.0955
0.225	0.196	0.207	0.294	0.003500000000000031
0.0	0.036	0.173	0.273	-0.155
0.15	0.183	0.387	0.173	-0.22050000000000003
0.106	0.442	0.32	0.209	-0.045999999999999985
0.264	0.214	0.108	0.192	0.131
0.106	0.156	0.036	0.292	0.095
0.242	0.257	0.271	0.252	-0.02150000000000002
0.147	0.118	0.303	0.307	-0.17049999999999998
0.133	0.256	0.349	0.359	-0.15449999999999997
0.144	0.136	0.181	0.215	-0.04099999999999998
0.036	0.114	0.149	0.233	-0.074
0.183	0.1	0.265	0.188	-0.1235
0.144	0.064	0.235	0.34	-0.131
0.397	0.317	0.348	0.283	0.009000000000000008
0.15	0.249	0.29	0.328	-0.09049999999999997
0.231	0.162	0.216	0.273	-0.01949999999999999
0.089	0.279	0.171	0.201	0.012999999999999984
0.047	0.222	0.202	0.221	-0.0675
0.114	0.286	0.422	0.323	-0.222
0.153	0.188	0.172	0.235	-0.0015000000000000013
0.122	0.21	0.221	0.33	-0.05500000000000002
0.364	0.356	0.249	0.245	0.11099999999999999
0.153	0.343	0.149	0.23	0.099
0.117	0.368	0.24	0.177	0.0025000000000000022
0.028	0.024	0.077	0.165	-0.051
0.078	0.369	0.426	0.347	-0.20249999999999999
0.111	0.094	0.351	0.308	-0.24849999999999997
0.111	0.151	0.083	0.371	0.048
0.325	0.321	0.432	0.19	-0.10899999999999999
0.197	0.244	0.308	0.327	-0.0875
0.047	0.054	0.285	0.095	-0.2345
0.094	0.164	0.258	0.112	-0.129
0.244	0.276	0.298	0.202	-0.03799999999999998
0.028	0.286	0.294	0.29	-0.13699999999999998
0.283	0.206	0.425	0.277	-0.1805
0.378	0.253	0.187	0.279	0.1285
0.006	0.071	0.227	0.214	-0.1885
0.056	0.089	0.073	0.189	-0.0005000000000000004
0.283	0.308	0.253	0.356	0.04249999999999998
0.233	0.253	0.31	0.362	-0.067
0.294	0.274	0.31	0.275	-0.025999999999999968
0.089	0.107	0.214	0.298	-0.11599999999999999
0.258	0.124	0.136	0.181	0.05499999999999999
0.117	0.125	0.393	0.042	-0.272
0.125	0.138	0.422	0.225	-0.2905
0.047	0.219	0.269	0.167	-0.136
0.092	0.294	0.374	0.394	-0.181
0.239	0.332	0.348	0.376	-0.0625
0.067	0.192	0.363	0.331	-0.23349999999999999
0.119	0.268	0.281	0.208	-0.08750000000000002
0.003	0.043	0.231	0.273	-0.20800000000000002
0.169	0.374	0.301	0.386	-0.02949999999999997
0.172	0.178	0.299	0.232	-0.124
0.297	0.249	0.155	0.242	0.11800000000000002
0.325	0.325	0.408	0.349	-0.08299999999999996
0.089	0.222	0.392	0.308	-0.23650000000000002
0.186	0.36	0.297	0.201	-0.023999999999999966
0.136	0.351	0.365	0.3	-0.1215
0.181	0.218	0.209	0.059	-0.00949999999999998
0.033	0.272	0.062	0.196	0.09050000000000002
0.119	0.125	0.092	0.111	0.03
0.153	0.194	0.211	0.369	-0.037500000000000006
0.142	0.281	0.206	0.31	0.005500000000000033
0.306	0.233	0.28	0.272	-0.01050000000000001
0.406	0.35	0.35	0.16	0.028000000000000025
0.031	0.161	0.377	0.368	-0.281
0.017	0.018	0.159	0.174	-0.14150000000000001
0.069	0.211	0.015	0.225	0.125
0.433	0.281	0.224	0.139	0.13299999999999998
0.114	0.153	0.158	0.302	-0.024499999999999994
0.2	0.146	0.247	0.04	-0.07400000000000001
0.364	0.2	0.292	0.178	-0.009999999999999953
0.089	0.14	0.131	0.344	-0.0165
0.131	0.142	0.237	0.326	-0.10049999999999998
0.131	0.235	0.142	0.183	0.04100000000000001
0.114	0.282	0.211	0.167	-0.013000000000000012
0.247	0.236	0.262	0.253	-0.020500000000000018
0.178	0.257	0.278	0.318	-0.060500000000000026
0.167	0.222	0.438	0.269	-0.2435
0.103	0.094	0.133	0.378	-0.0345
0.183	0.281	0.433	0.176	-0.20099999999999998
0.367	0.124	0.298	0.338	-0.05249999999999999
0.183	0.374	0.386	0.313	-0.10750000000000004
0.211	0.218	0.256	0.217	-0.04150000000000001
0.247	0.182	0.378	0.263	-0.1635
0.25	0.2	0.104	0.063	0.12100000000000001
0.133	0.124	0.147	0.327	-0.01849999999999999
0.078	0.3	0.208	0.366	-0.01899999999999999
0.125	0.294	0.294	0.217	-0.08449999999999999
0.0	0.015	0.239	0.18	-0.23149999999999998
0.144	0.358	0.104	0.175	0.14700000000000002
0.169	0.257	0.048	0.17	0.16500000000000004
0.108	0.122	0.188	0.193	-0.07300000000000001
0.133	0.188	0.235	0.304	-0.07449999999999998
0.308	0.278	0.236	0.127	0.05700000000000005
0.194	0.124	0.153	0.075	0.006000000000000005
0.158	0.268	0.348	0.234	-0.13499999999999995
0.167	0.303	0.375	0.225	-0.14
0.158	0.247	0.114	0.213	0.08850000000000001
0.15	0.332	0.316	0.212	-0.07500000000000001
0.061	0.203	0.155	0.278	-0.022999999999999993
0.114	0.115	0.094	0.154	0.020500000000000004
0.064	0.042	0.054	0.121	-0.000999999999999994
0.028	0.051	0.106	0.315	-0.0665
0.114	0.119	0.11	0.259	0.006499999999999992
0.367	0.185	0.153	0.283	0.12300000000000003
0.386	0.406	0.456	0.244	-0.06
0.0	0.0	0.137	0.198	-0.137
0.056	0.025	0.052	0.256	-0.011499999999999996
0.308	0.256	0.227	0.301	0.05500000000000002
0.294	0.365	0.318	0.277	0.01150000000000001
0.069	0.296	0.351	0.394	-0.16849999999999998
0.131	0.154	0.116	0.364	0.02650000000000001
0.119	0.085	0.131	0.293	-0.028999999999999998
0.292	0.229	0.311	0.138	-0.05049999999999999
0.108	0.153	0.192	0.203	-0.0615
0.3	0.268	0.446	0.403	-0.16199999999999998
0.056	0.096	0.29	0.202	-0.21399999999999997
0.194	0.293	0.134	0.328	0.10949999999999999
0.072	0.196	0.279	0.417	-0.14500000000000002
0.047	0.35	0.325	0.323	-0.12650000000000003
0.328	0.339	0.369	0.348	-0.035499999999999976
0.117	0.262	0.372	0.354	-0.1825
0.228	0.329	0.269	0.252	0.009500000000000008
0.1	0.31	0.215	0.173	-0.009999999999999981
0.081	0.068	0.101	0.18	-0.026499999999999996
0.022	0.138	0.367	0.327	-0.287
0.294	0.174	0.281	0.291	-0.04700000000000004
0.169	0.246	0.269	0.306	-0.0615
0.133	0.249	0.328	0.185	-0.137
0.119	0.306	0.25	0.412	-0.037500000000000006
0.083	0.138	0.228	0.429	-0.1175
0.164	0.192	0.337	0.133	-0.15900000000000003
0.375	0.233	0.169	0.304	0.13499999999999998
0.111	0.218	0.203	0.233	-0.038500000000000006
0.039	0.033	0.294	0.306	-0.258
0.078	0.026	0.189	0.393	-0.137
0.108	0.311	0.303	0.126	-0.0935
0.094	0.122	0.155	0.346	-0.047
0.025	0.278	0.117	0.117	0.03450000000000002
0.292	0.312	0.161	0.226	0.141
0.075	0.218	0.363	0.229	-0.2165
0.208	0.135	0.208	0.227	-0.036500000000000005
0.217	0.242	0.378	0.347	-0.14850000000000002
0.161	0.256	0.213	0.297	-0.004499999999999976
0.078	0.222	0.195	0.176	-0.04500000000000001
0.258	0.282	0.383	0.212	-0.11299999999999999
0.156	0.122	0.292	0.134	-0.15299999999999997
0.342	0.365	0.158	0.25	0.19550000000000003
0.139	0.174	0.329	0.313	-0.17250000000000001
0.083	0.151	0.342	0.318	-0.22500000000000003
0.131	0.118	0.219	0.11	-0.0945
0.089	0.054	0.188	0.131	-0.1165
0.239	0.254	0.36	0.206	-0.11349999999999999
0.3	0.294	0.424	0.364	-0.127
0.386	0.329	0.328	0.218	0.029500000000000026
0.056	0.054	0.083	0.135	-0.028000000000000004
0.061	0.229	0.269	0.119	-0.124
0.192	0.389	0.336	0.275	-0.04550000000000004
0.022	0.043	0.134	0.356	-0.1015
0.1	0.106	0.297	0.307	-0.19399999999999998
0.033	0.119	0.395	0.359	-0.319
0.075	0.228	0.333	0.403	-0.18150000000000002
0.192	0.243	0.429	0.402	-0.2115
0.006	0.057	0.265	0.315	-0.2335
0.153	0.208	0.273	0.328	-0.09250000000000003
0.258	0.358	0.347	0.369	-0.03899999999999998
0.094	0.289	0.378	0.3	-0.1865
0.122	0.125	0.214	0.37	-0.0905
0.0	0.017	0.194	0.14	-0.1855
0.114	0.071	0.126	0.248	-0.0335
0.075	0.006	0.015	0.296	0.025500000000000002
0.15	0.237	0.252	0.313	-0.058499999999999996
0.231	0.237	0.26	0.198	-0.026000000000000023
0.206	0.294	0.299	0.294	-0.04899999999999999
0.131	0.304	0.186	0.392	0.0315
0.3	0.292	0.231	0.342	0.06499999999999997
0.053	0.086	0.242	0.236	-0.1725
0.044	0.167	0.258	0.144	-0.1525
0.081	0.179	0.312	0.192	-0.182
0.158	0.138	0.372	0.309	-0.22399999999999998
0.003	0.038	0.206	0.343	-0.1855
0.036	0.131	0.347	0.271	-0.26349999999999996
0.164	0.142	0.29	0.156	-0.13699999999999998
0.15	0.215	0.292	0.306	-0.10949999999999999
0.078	0.244	0.303	0.135	-0.142
0.283	0.174	0.265	0.273	-0.03650000000000003
0.05	0.122	0.367	0.362	-0.281
0.147	0.242	0.298	0.383	-0.10349999999999998
0.064	0.336	0.222	0.304	-0.021999999999999992
0.1	0.396	0.305	0.296	-0.056999999999999995
0.089	0.058	0.356	0.384	-0.2825
0.289	0.171	0.258	0.345	-0.028000000000000025
0.142	0.142	0.182	0.245	-0.04000000000000001
0.325	0.354	0.297	0.369	0.04250000000000004
0.233	0.226	0.233	0.137	-0.003500000000000003
0.083	0.14	0.354	0.384	-0.24249999999999997
0.356	0.274	0.238	0.379	0.07700000000000001
0.019	0.233	0.235	0.281	-0.10899999999999999
0.025	0.274	0.14	0.078	0.009500000000000008
0.072	0.428	0.26	0.318	-0.010000000000000009
0.328	0.213	0.185	0.165	0.08550000000000002
0.308	0.215	0.019	0.07	0.24250000000000002
0.164	0.271	0.301	0.298	-0.08349999999999996
0.067	0.068	0.222	0.277	-0.1545
0.214	0.165	0.19	0.231	-0.0005000000000000004
0.272	0.325	0.197	0.207	0.10149999999999998
0.058	0.064	0.256	0.211	-0.195
0.181	0.085	0.038	0.263	0.095
0.242	0.282	0.32	0.413	-0.057999999999999996
0.258	0.257	0.208	0.334	0.049500000000000016
0.0	0.247	0.233	0.402	-0.10950000000000001
0.172	0.242	0.085	0.276	0.12199999999999998
0.286	0.314	0.224	0.161	0.07599999999999998
0.189	0.213	0.223	0.192	-0.021999999999999992
0.228	0.375	0.361	0.401	-0.0595
0.133	0.108	0.352	0.255	-0.23149999999999998
0.35	0.219	0.369	0.258	-0.08450000000000002
0.272	0.335	0.358	0.335	-0.05449999999999999
0.158	0.199	0.14	0.089	0.03849999999999998
0.228	0.375	0.255	0.279	0.046499999999999986
0.1	0.256	0.331	0.23	-0.15300000000000002
0.253	0.322	0.242	0.384	0.045499999999999985
0.264	0.285	0.21	0.265	0.06449999999999997
0.172	0.151	0.158	0.168	0.0034999999999999754
0.042	0.033	0.135	0.186	-0.0975
0.078	0.168	0.314	0.145	-0.191
0.233	0.283	0.407	0.331	-0.14899999999999997
0.114	0.308	0.257	0.339	-0.04600000000000001
0.192	0.258	0.277	0.173	-0.05200000000000002
0.072	0.188	0.267	0.364	-0.137
0.011	0.157	0.183	0.288	-0.09899999999999999
0.156	0.231	0.308	0.147	-0.11449999999999999
0.108	0.112	0.235	0.297	-0.12499999999999999
0.011	0.036	0.258	0.241	-0.23450000000000001
0.092	0.26	0.303	0.429	-0.127
0.397	0.289	0.412	0.334	-0.069
0.267	0.232	0.16	0.209	0.0895
0.161	0.2	0.35	0.343	-0.16949999999999998
0.197	0.236	0.344	0.416	-0.12749999999999997
0.086	0.11	0.026	0.205	0.07200000000000001
0.128	0.25	0.136	0.094	0.05299999999999999
0.289	0.189	0.433	0.349	-0.194
0.264	0.376	0.213	0.154	0.10700000000000001
0.289	0.189	0.328	0.151	-0.08900000000000002
0.469	0.453	0.337	0.399	0.12399999999999994
0.353	0.45	0.421	0.376	-0.019500000000000017
0.256	0.418	0.377	0.285	-0.040000000000000036
0.078	0.239	0.135	0.232	0.023499999999999993
0.067	0.017	0.156	0.384	-0.11399999999999999
0.217	0.307	0.306	0.25	-0.043999999999999984
0.372	0.188	0.231	0.131	0.049000000000000016
0.197	0.34	0.336	0.31	-0.0675
0.136	0.199	0.317	0.065	-0.1495
0.35	0.251	0.251	0.15	0.04949999999999999
0.247	0.229	0.159	0.218	0.07899999999999999
0.264	0.188	0.117	0.146	0.109
0.15	0.225	0.331	0.34	-0.14350000000000002
0.258	0.287	0.183	0.282	0.08949999999999997
0.017	0.175	0.209	0.268	-0.11299999999999999
0.106	0.229	0.363	0.38	-0.19549999999999998
0.306	0.249	0.327	0.315	-0.049500000000000044
0.086	0.221	0.034	0.233	0.1195
0.181	0.389	0.15	0.196	0.13500000000000004
0.078	0.081	0.071	0.206	0.008500000000000008
0.189	0.033	0.065	0.173	0.046
0.039	0.114	0.041	0.049	0.0355
0.003	0.003	0.223	0.28	-0.22
0.094	0.081	0.421	0.148	-0.3335
0.083	0.131	0.092	0.117	0.015000000000000013
0.022	0.232	0.296	0.351	-0.16899999999999998
0.008	0.046	0.178	0.104	-0.151
0.064	0.043	0.044	0.183	0.009500000000000001
0.506	0.297	0.397	0.413	0.0044999999999999485
0.228	0.2	0.24	0.181	-0.025999999999999968
0.156	0.225	0.389	0.226	-0.1985
0.008	0.09	0.326	0.299	-0.277
0.211	0.311	0.382	0.388	-0.121
0.233	0.314	0.145	0.252	0.12850000000000003
0.347	0.336	0.321	0.233	0.020500000000000018
0.206	0.146	0.244	0.315	-0.068
0.139	0.208	0.107	0.333	0.06649999999999999
0.047	0.154	0.356	0.2	-0.25549999999999995
0.075	0.126	0.108	0.348	-0.007499999999999993
0.253	0.231	0.317	0.277	-0.07500000000000001
0.094	0.169	0.394	0.363	-0.2625
0.172	0.181	0.078	0.147	0.09849999999999999
0.139	0.278	0.092	0.228	0.11650000000000002
0.158	0.292	0.255	0.145	-0.030000000000000027
0.172	0.217	0.319	0.306	-0.1245
0.35	0.314	0.397	0.163	-0.06500000000000006
0.094	0.083	0.354	0.36	-0.26549999999999996
0.233	0.196	0.234	0.237	-0.01949999999999999
0.256	0.101	0.234	0.364	-0.05550000000000002
0.125	0.04	0.24	0.142	-0.15749999999999997
0.256	0.312	0.117	0.184	0.16700000000000004
0.086	0.135	0.348	0.195	-0.2375
0.311	0.178	0.122	0.214	0.1225
0.269	0.297	0.332	0.328	-0.04899999999999999
0.192	0.186	0.175	0.199	0.014000000000000012
0.117	0.376	0.358	0.216	-0.11149999999999999
0.097	0.406	0.327	0.179	-0.07550000000000001
0.0	0.261	0.312	0.27	-0.1815
0.125	0.097	0.263	0.378	-0.15200000000000002
0.161	0.197	0.344	0.388	-0.16499999999999998
0.344	0.36	0.321	0.235	0.030999999999999972
0.417	0.29	0.235	0.352	0.1185
0.358	0.233	0.371	0.266	-0.07550000000000001
0.136	0.243	0.179	0.364	0.01050000000000001
0.061	0.219	0.237	0.163	-0.09699999999999998
0.053	0.093	0.271	0.322	-0.198
0.136	0.369	0.395	0.266	-0.14250000000000002
0.111	0.218	0.403	0.253	-0.23850000000000002
0.261	0.287	0.425	0.444	-0.15099999999999997
0.275	0.31	0.421	0.288	-0.1285
0.117	0.062	0.091	0.282	-0.0015000000000000013
0.161	0.072	0.036	0.194	0.08049999999999999
0.119	0.249	0.217	0.229	-0.033
0.314	0.299	0.297	0.291	0.009500000000000008
0.033	0.236	0.303	0.24	-0.16849999999999998
0.186	0.246	0.383	0.335	-0.167
0.206	0.269	0.335	0.328	-0.09750000000000003
0.133	0.065	0.135	0.247	-0.036000000000000004
0.111	0.108	0.282	0.227	-0.1725
0.142	0.181	0.158	0.316	0.0034999999999999754
0.031	0.267	0.362	0.35	-0.21299999999999997
0.036	0.331	0.327	0.228	-0.14350000000000002
0.153	0.075	0.156	0.271	-0.04200000000000001
0.042	0.306	0.065	0.224	0.10899999999999999
0.106	0.126	0.45	0.192	-0.334
0.464	0.246	0.04	0.151	0.315
0.167	0.11	0.253	0.172	-0.11449999999999999
0.025	0.069	0.185	0.254	-0.138
0.15	0.368	0.285	0.069	-0.025999999999999968
0.003	0.006	0.263	0.457	-0.2585
0.064	0.062	0.247	0.233	-0.184
0.225	0.236	0.349	0.337	-0.1185
0.325	0.399	0.405	0.2	-0.04300000000000004
0.197	0.292	0.401	0.208	-0.15650000000000003
0.306	0.325	0.228	0.374	0.0875
0.189	0.124	0.188	0.236	-0.0315
0.369	0.158	0.413	0.226	-0.14949999999999997
0.081	0.169	0.171	0.127	-0.04600000000000001
0.189	0.058	0.14	0.327	-0.016500000000000015
0.186	0.14	0.26	0.35	-0.097
0.378	0.246	0.331	0.383	-0.019000000000000017
0.078	0.215	0.242	0.27	-0.0955
0.197	0.042	0.258	0.183	-0.1385
0.047	0.335	0.31	0.221	-0.119
0.233	0.272	0.416	0.237	-0.16349999999999998
0.161	0.294	0.44	0.405	-0.21250000000000002
0.131	0.39	0.365	0.311	-0.10449999999999998
0.0	0.022	0.078	0.203	-0.067
0.019	0.068	0.152	0.235	-0.10849999999999999
0.144	0.161	0.076	0.086	0.0765
0.017	0.104	0.258	0.312	-0.1975
0.039	0.043	0.184	0.151	-0.14300000000000002
0.022	0.051	0.217	0.071	-0.1805
0.217	0.185	0.235	0.253	-0.033999999999999975
0.125	0.24	0.266	0.226	-0.08350000000000002
0.008	0.118	0.224	0.283	-0.161
0.122	0.25	0.09	0.109	0.096
0.397	0.219	0.251	0.385	0.056999999999999995
0.019	0.033	0.156	0.119	-0.13
0.103	0.161	0.24	0.247	-0.10799999999999998
0.125	0.206	0.159	0.17	0.006499999999999978
0.103	0.338	0.229	0.298	-0.008500000000000008
0.086	0.268	0.203	0.214	-0.026000000000000023
0.133	0.3	0.296	0.314	-0.07949999999999999
0.044	0.11	0.359	0.215	-0.282
0.058	0.06	0.092	0.259	-0.033
0.069	0.065	0.143	0.219	-0.07599999999999998
0.133	0.206	0.209	0.239	-0.03950000000000001
0.117	0.149	0.113	0.217	0.020000000000000004
0.097	0.111	0.065	0.123	0.03900000000000001
0.156	0.05	0.25	0.177	-0.147
0.278	0.097	0.306	0.282	-0.1185
0.086	0.161	0.315	0.275	-0.1915
0.039	0.353	0.299	0.161	-0.10300000000000001
0.056	0.172	0.26	0.307	-0.14600000000000002
0.117	0.203	0.284	0.169	-0.12399999999999997
0.094	0.061	0.203	0.251	-0.1255
0.067	0.128	0.133	0.248	-0.035500000000000004
0.156	0.192	0.417	0.417	-0.243
0.181	0.228	0.292	0.344	-0.08749999999999997
0.142	0.21	0.318	0.158	-0.14200000000000002
0.025	0.178	0.343	0.269	-0.24150000000000005
0.164	0.208	0.028	0.09	0.158
0.092	0.089	0.206	0.217	-0.11549999999999999
0.294	0.347	0.325	0.309	-0.004500000000000004
0.189	0.265	0.257	0.238	-0.03
0.153	0.264	0.212	0.181	-0.0034999999999999754
0.069	0.082	0.256	0.162	-0.1805
0.0	0.099	0.404	0.29	-0.35450000000000004
0.214	0.094	0.23	0.233	-0.07600000000000001
0.406	0.214	0.19	0.129	0.12
0.058	0.133	0.314	0.347	-0.2185
0.1	0.097	0.353	0.407	-0.25449999999999995
0.422	0.303	0.344	0.307	0.018500000000000016
0.214	0.232	0.265	0.19	-0.04200000000000001
0.144	0.236	0.4	0.376	-0.21000000000000002
0.369	0.385	0.255	0.201	0.122
0.197	0.206	0.428	0.31	-0.22649999999999998
0.036	0.243	0.354	0.358	-0.2145
0.0	0.028	0.26	0.404	-0.246
0.108	0.174	0.411	0.338	-0.27
0.072	0.051	0.167	0.23	-0.10550000000000001
0.125	0.129	0.262	0.191	-0.135
0.014	0.158	0.078	0.194	0.008000000000000007
0.017	0.228	0.461	0.383	-0.3385
0.269	0.332	0.265	0.29	0.035499999999999976
0.003	0.003	0.117	0.205	-0.114
0.183	0.317	0.263	0.274	-0.013000000000000012
0.239	0.142	0.11	0.183	0.0805
0.442	0.381	0.451	0.258	-0.039500000000000035
0.231	0.213	0.218	0.458	0.0040000000000000036
0.153	0.167	0.14	0.293	0.01999999999999999
0.164	0.293	0.241	0.323	-0.012500000000000011
0.178	0.188	0.307	0.212	-0.124
0.081	0.057	0.1	0.237	-0.031
0.156	0.208	0.257	0.387	-0.07500000000000001
0.231	0.331	0.103	0.264	0.17800000000000005
0.225	0.312	0.298	0.219	-0.02949999999999997
0.058	0.207	0.31	0.321	-0.1775
0.136	0.178	0.387	0.281	-0.23
0.161	0.218	0.148	0.201	0.04150000000000001
0.414	0.117	0.224	0.333	0.04150000000000001
0.0	0.017	0.169	0.282	-0.1605
0.211	0.447	0.287	0.052	0.04200000000000004
0.192	0.156	0.175	0.272	-0.0010000000000000009
0.125	0.186	0.257	0.279	-0.1015
0.064	0.286	0.294	0.238	-0.119
0.0	0.114	0.128	0.092	-0.07100000000000001
0.086	0.279	0.336	0.148	-0.15350000000000003
0.286	0.389	0.206	0.24	0.13150000000000003
0.097	0.062	0.201	0.279	-0.12150000000000001
0.308	0.237	0.331	0.318	-0.05850000000000005
0.142	0.278	0.253	0.317	-0.04299999999999998
0.267	0.231	0.302	0.235	-0.05299999999999999
0.225	0.357	0.306	0.244	-0.015000000000000013
0.186	0.089	0.182	0.318	-0.044499999999999984
0.2	0.293	0.337	0.312	-0.09050000000000002
0.122	0.181	0.301	0.288	-0.1495
0.344	0.271	0.174	0.338	0.1335
0.244	0.203	0.347	0.161	-0.12349999999999997
0.194	0.181	0.215	0.28	-0.027499999999999997
0.117	0.222	0.161	0.136	0.008500000000000008
0.072	0.168	0.159	0.26	-0.03900000000000001
0.097	0.172	0.259	0.193	-0.1245
0.125	0.151	0.111	0.29	0.02700000000000001
0.189	0.179	0.315	0.352	-0.131
0.086	0.072	0.034	0.106	0.044999999999999984
0.136	0.25	0.291	0.258	-0.09799999999999998
0.161	0.179	0.276	0.227	-0.10600000000000004
0.269	0.324	0.137	0.156	0.15949999999999998
0.228	0.364	0.231	0.25	0.06499999999999997
0.122	0.246	0.329	0.21	-0.14500000000000002
0.092	0.076	0.215	0.086	-0.131
0.161	0.183	0.205	0.043	-0.033
0.183	0.208	0.285	0.144	-0.08949999999999997
0.197	0.167	0.215	0.367	-0.033
0.142	0.404	0.358	0.335	-0.08499999999999996
0.117	0.25	0.29	0.387	-0.10649999999999998
0.083	0.011	0.099	0.117	-0.052000000000000005
0.092	0.261	0.158	0.084	0.01849999999999999
0.028	0.118	0.312	0.213	-0.239
0.058	0.167	0.179	0.352	-0.06649999999999999
0.117	0.111	0.395	0.247	-0.281
0.056	0.253	0.21	0.27	-0.055499999999999994
0.086	0.158	0.301	0.281	-0.179
0.122	0.119	0.294	0.233	-0.1735
0.069	0.192	0.2	0.245	-0.0695
0.086	0.153	0.301	0.372	-0.1815
0.114	0.253	0.24	0.166	-0.056499999999999995
0.317	0.387	0.231	0.119	0.12099999999999997
0.169	0.318	0.338	0.402	-0.09450000000000003
0.281	0.133	0.097	0.144	0.11000000000000001
0.075	0.156	0.283	0.096	-0.16749999999999998
0.147	0.138	0.356	0.3	-0.21349999999999997
0.042	0.331	0.305	0.343	-0.1185
0.008	0.0	0.117	0.329	-0.113
0.178	0.25	0.293	0.343	-0.07899999999999999
0.258	0.368	0.331	0.321	-0.018000000000000016
0.133	0.219	0.217	0.365	-0.04100000000000001
0.133	0.179	0.29	0.397	-0.13399999999999998
0.192	0.304	0.341	0.199	-0.09300000000000003
0.142	0.125	0.285	0.23	-0.15149999999999997
0.156	0.126	0.219	0.165	-0.07799999999999999
0.208	0.39	0.342	0.152	-0.04300000000000004
0.117	0.024	0.038	0.444	0.03250000000000001
0.197	0.099	0.342	0.287	-0.194
0.031	0.233	0.353	0.409	-0.22099999999999997
0.231	0.293	0.24	0.063	0.02200000000000002
0.306	0.194	0.198	0.19	0.05199999999999999
0.014	0.081	0.253	0.333	-0.20550000000000002
0.294	0.229	0.321	0.397	-0.0595
0.172	0.314	0.417	0.325	-0.174
0.344	0.371	0.375	0.346	-0.017500000000000016
0.497	0.335	0.228	0.214	0.18800000000000003
0.092	0.008	0.235	0.372	-0.185
0.114	0.181	0.31	0.199	-0.1625
0.356	0.215	0.312	0.083	-0.026500000000000024
0.147	0.207	0.276	0.217	-0.09900000000000003
0.142	0.117	0.169	0.251	-0.03950000000000001
0.183	0.247	0.183	0.134	0.032
0.314	0.312	0.217	0.182	0.096
0.2	0.303	0.258	0.306	-0.006500000000000006
0.125	0.176	0.31	0.295	-0.1595
0.064	0.285	0.253	0.286	-0.07850000000000001
0.119	0.178	0.212	0.36	-0.0635
0.339	0.329	0.315	0.212	0.019000000000000017
0.106	0.114	0.127	0.25	-0.017
0.097	0.165	0.192	0.252	-0.061
0.281	0.247	0.113	0.234	0.15100000000000002
0.042	0.108	0.372	0.322	-0.297
0.133	0.214	0.302	0.252	-0.1285
0.414	0.397	0.361	0.324	0.044499999999999984
0.342	0.208	0.11	0.271	0.16500000000000004
0.017	0.338	0.306	0.209	-0.12849999999999998
0.056	0.278	0.379	0.262	-0.212
0.061	0.138	0.246	0.319	-0.1465
0.169	0.314	0.242	0.265	-0.0005000000000000004
0.067	0.147	0.136	0.271	-0.029000000000000012
0.017	0.022	0.201	0.109	-0.18150000000000002
0.158	0.271	0.469	0.312	-0.25449999999999995
0.058	0.24	0.335	0.41	-0.18600000000000003
0.178	0.326	0.165	0.235	0.087
0.05	0.167	0.22	0.213	-0.11149999999999999
0.169	0.153	0.356	0.379	-0.19499999999999998
0.289	0.19	0.344	0.199	-0.10449999999999998
0.267	0.154	0.165	0.292	0.04550000000000001
0.125	0.081	0.197	0.232	-0.094
0.181	0.144	0.13	0.413	0.03249999999999997
0.125	0.253	0.294	0.141	-0.10499999999999998
0.303	0.213	0.164	0.315	0.094
0.269	0.321	0.438	0.35	-0.14299999999999996
0.028	0.179	0.205	0.132	-0.10149999999999999
0.253	0.194	0.282	0.417	-0.05849999999999997
0.389	0.336	0.331	0.415	0.03150000000000003
0.117	0.043	0.119	0.267	-0.03899999999999999
0.303	0.181	0.094	0.258	0.148
0.211	0.299	0.413	0.29	-0.15799999999999997
0.069	0.011	0.222	0.129	-0.182
0.283	0.188	0.255	0.151	-0.019500000000000017
0.108	0.19	0.358	0.325	-0.209
0.236	0.196	0.243	0.318	-0.026999999999999996
0.028	0.136	0.315	0.384	-0.23299999999999998
0.139	0.369	0.323	0.185	-0.069
0.203	0.096	0.128	0.18	0.02150000000000002
0.192	0.242	0.363	0.396	-0.146
0.047	0.029	0.016	0.262	0.022
0.003	0.074	0.213	0.285	-0.1745
0.267	0.382	0.336	0.362	-0.01150000000000001
0.136	0.289	0.289	0.349	-0.07649999999999998
0.278	0.301	0.141	0.324	0.1485
0.028	0.0	0.104	0.306	-0.09
0.089	0.103	0.283	0.312	-0.18699999999999997
0.067	0.172	0.108	0.111	0.011499999999999996
0.078	0.038	0.034	0.143	0.023999999999999994
0.267	0.283	0.292	0.361	-0.01699999999999996
0.014	0.132	0.31	0.246	-0.237
0.239	0.269	0.385	0.318	-0.131
0.3	0.401	0.393	0.374	-0.04249999999999998
0.089	0.181	0.103	0.386	0.032000000000000015
0.222	0.204	0.227	0.104	-0.014000000000000012
0.0	0.008	0.09	0.088	-0.086
0.431	0.281	0.215	0.207	0.141
0.167	0.06	0.251	0.312	-0.1375
0.008	0.236	0.249	0.254	-0.127
0.144	0.217	0.251	0.321	-0.07050000000000001
0.094	0.025	0.273	0.241	-0.21350000000000002
0.214	0.258	0.135	0.057	0.10099999999999998
0.297	0.424	0.305	0.306	0.055499999999999994
0.361	0.268	0.272	0.338	0.04249999999999998
0.161	0.242	0.228	0.304	-0.026499999999999996
0.156	0.117	0.036	0.262	0.1005
0.139	0.422	0.31	0.337	-0.029500000000000026
0.339	0.483	0.242	0.229	0.16900000000000004
0.094	0.046	0.049	0.272	0.021000000000000005
0.133	0.307	0.442	0.225	-0.222
0.161	0.162	0.306	0.343	-0.1445
0.192	0.406	0.453	0.38	-0.15399999999999997
0.172	0.147	0.259	0.304	-0.09950000000000003
0.219	0.329	0.296	0.362	-0.021999999999999964
0.025	0.175	0.401	0.378	-0.30100000000000005
0.069	0.094	0.322	0.194	-0.2405
0.042	0.118	0.297	0.111	-0.21699999999999997
0.236	0.257	0.348	0.253	-0.10149999999999998
0.239	0.107	0.247	0.254	-0.07400000000000001
0.156	0.235	0.385	0.231	-0.1895
0.031	0.068	0.189	0.285	-0.1395
0.064	0.306	0.368	0.321	-0.183
0.206	0.228	0.269	0.297	-0.05200000000000002
0.361	0.353	0.222	0.206	0.13499999999999998
0.244	0.251	0.298	0.327	-0.05049999999999999
0.0	0.121	0.306	0.187	-0.2455
0.183	0.235	0.334	0.15	-0.12500000000000003
0.15	0.171	0.312	0.198	-0.1515
0.042	0.088	0.08	0.096	-0.015
0.039	0.111	0.272	0.211	-0.197
0.022	0.029	0.103	0.271	-0.07749999999999999
0.275	0.301	0.227	0.368	0.061000000000000026
0.008	0.16	0.194	0.32	-0.11
0.083	0.369	0.124	0.35	0.10200000000000001
0.0	0.006	0.124	0.269	-0.121
0.2	0.156	0.243	0.238	-0.065
0.128	0.299	0.374	0.261	-0.1605
0.172	0.118	0.369	0.329	-0.224
0.039	0.19	0.169	0.208	-0.05450000000000001
0.247	0.319	0.231	0.175	0.05200000000000002
0.003	0.25	0.328	0.339	-0.2015
0.367	0.288	0.442	0.264	-0.11449999999999999
0.086	0.443	0.299	0.263	-0.034499999999999975
0.056	0.243	0.271	0.375	-0.12150000000000002
0.025	0.079	0.059	0.275	-0.006999999999999992
0.156	0.36	0.265	0.263	-0.007000000000000006
0.356	0.267	0.402	0.234	-0.09050000000000002
0.231	0.14	0.291	0.379	-0.10549999999999998
0.083	0.269	0.353	0.28	-0.17699999999999996
0.35	0.199	0.354	0.337	-0.07950000000000002
0.289	0.312	0.106	0.392	0.1945
0.467	0.294	0.344	0.286	0.03650000000000003
0.05	0.2	0.306	0.393	-0.181
0.006	0.013	0.301	0.348	-0.2915
0.072	0.363	0.236	0.142	-0.01849999999999999
0.078	0.221	0.203	0.298	-0.05350000000000002
0.15	0.217	0.172	0.309	0.01150000000000001
0.131	0.256	0.263	0.368	-0.0695
0.058	0.221	0.333	0.347	-0.1935
0.219	0.3	0.221	0.29	0.038500000000000006
0.328	0.333	0.355	0.364	-0.024499999999999966
0.103	0.274	0.236	0.329	-0.04749999999999999
0.05	0.125	0.311	0.198	-0.2235
0.283	0.21	0.073	0.095	0.1735
0.119	0.418	0.29	0.291	-0.02150000000000002
0.058	0.015	0.185	0.381	-0.1485
0.208	0.242	0.311	0.286	-0.08600000000000002
0.014	0.028	0.281	0.242	-0.26
0.186	0.261	0.397	0.277	-0.17350000000000002
0.0	0.018	0.29	0.161	-0.28099999999999997
0.136	0.092	0.121	0.067	-0.006999999999999992
0.1	0.128	0.257	0.32	-0.14300000000000002
0.297	0.182	0.235	0.157	0.004500000000000004
0.128	0.167	0.319	0.34	-0.17149999999999999
0.172	0.208	0.184	0.337	0.006000000000000005
0.233	0.381	0.371	0.313	-0.064
0.061	0.117	0.27	0.363	-0.18100000000000002
0.289	0.349	0.114	0.217	0.20499999999999996
0.1	0.104	0.09	0.155	0.01200000000000001
0.203	0.314	0.267	0.383	-0.008500000000000008
0.119	0.258	0.396	0.267	-0.20750000000000002
0.286	0.211	0.115	0.285	0.1335
0.006	0.0	0.162	0.22	-0.159
0.0	0.014	0.278	0.242	-0.271
0.053	0.174	0.249	0.173	-0.1355
0.186	0.276	0.262	0.296	-0.031
0.236	0.192	0.222	0.312	-0.008000000000000007
0.111	0.131	0.247	0.267	-0.126
0.075	0.067	0.152	0.137	-0.08099999999999999
0.092	0.218	0.342	0.381	-0.18700000000000003
0.319	0.29	0.344	0.267	-0.03949999999999998
0.25	0.344	0.258	0.312	0.03899999999999998
0.136	0.203	0.354	0.281	-0.18449999999999997
0.267	0.265	0.203	0.296	0.063
0.139	0.199	0.176	0.342	-0.0069999999999999785
0.222	0.231	0.319	0.072	-0.0925
0.333	0.414	0.331	0.187	0.04249999999999998
0.064	0.251	0.276	0.316	-0.11850000000000002
0.003	0.15	0.121	0.125	-0.0445
0.106	0.062	0.404	0.296	-0.32000000000000006
0.261	0.283	0.324	0.312	-0.05199999999999999
0.119	0.186	0.36	0.302	-0.2075
0.15	0.406	0.324	0.367	-0.045999999999999985
0.142	0.192	0.184	0.248	-0.017000000000000015
0.142	0.158	0.217	0.214	-0.067
0.419	0.304	0.301	0.207	0.0605
0.089	0.169	0.302	0.366	-0.173
0.308	0.325	0.293	0.369	0.02350000000000002
0.125	0.206	0.24	0.319	-0.07450000000000001
0.269	0.296	0.183	0.293	0.09949999999999998
0.303	0.289	0.297	0.337	-0.0010000000000000009
0.158	0.1	0.18	0.19	-0.05099999999999999
0.014	0.081	0.248	0.28	-0.2005
0.114	0.236	0.286	0.123	-0.11099999999999999
0.375	0.326	0.358	0.237	-0.007499999999999951
0.156	0.115	0.341	0.232	-0.20550000000000002
0.0	0.201	0.151	0.213	-0.05049999999999999
0.406	0.358	0.258	0.341	0.124
0.039	0.158	0.296	0.199	-0.19749999999999998
0.078	0.065	0.163	0.174	-0.0915
0.069	0.046	0.083	0.123	-0.025500000000000002
0.203	0.147	0.332	0.287	-0.15700000000000003
0.378	0.262	0.166	0.114	0.154
0.372	0.421	0.385	0.391	0.011499999999999955
0.028	0.132	0.312	0.279	-0.23199999999999998
0.2	0.222	0.354	0.344	-0.14299999999999996
0.394	0.428	0.304	0.294	0.10700000000000004
0.328	0.226	0.403	0.4	-0.126
0.222	0.135	0.244	0.279	-0.0655
0.117	0.018	0.141	0.267	-0.07349999999999998
0.369	0.31	0.185	0.281	0.15450000000000003
0.192	0.286	0.315	0.204	-0.07600000000000001
0.089	0.171	0.155	0.278	-0.024999999999999994
0.269	0.357	0.297	0.323	0.016000000000000014
0.181	0.238	0.138	0.297	0.07149999999999998
0.061	0.206	0.285	0.293	-0.15149999999999997
0.006	0.064	0.262	0.426	-0.227
0.067	0.031	0.384	0.315	-0.335
0.031	0.139	0.224	0.283	-0.139
0.039	0.139	0.36	0.289	-0.27099999999999996
0.222	0.278	0.301	0.342	-0.05099999999999999
0.192	0.144	0.283	0.238	-0.11499999999999999
0.239	0.326	0.206	0.154	0.07649999999999998
0.211	0.226	0.117	0.377	0.10149999999999999
0.019	0.199	0.267	0.202	-0.15800000000000003
0.283	0.247	0.285	0.231	-0.019999999999999962
0.119	0.128	0.16	0.361	-0.036500000000000005
0.175	0.251	0.39	0.35	-0.17700000000000002
0.108	0.053	0.266	0.379	-0.1855
0.033	0.029	0.196	0.324	-0.165
0.164	0.264	0.229	0.386	-0.014999999999999986
0.003	0.261	0.257	0.249	-0.125
0.133	0.215	0.21	0.196	-0.036000000000000004
0.333	0.403	0.288	0.246	0.08000000000000002
0.317	0.251	0.162	0.158	0.12200000000000003
0.167	0.364	0.272	0.402	-0.006500000000000006
0.331	0.343	0.159	0.269	0.17800000000000002
0.156	0.214	0.209	0.294	-0.023999999999999994
0.078	0.144	0.222	0.326	-0.11100000000000002
0.256	0.303	0.413	0.183	-0.1335
0.281	0.342	0.261	0.145	0.05049999999999999
0.097	0.128	0.307	0.327	-0.1945
0.169	0.3	0.178	0.322	0.056499999999999995
0.183	0.197	0.288	0.212	-0.09799999999999998
0.292	0.207	0.291	0.345	-0.04149999999999998
0.225	0.162	0.247	0.212	-0.05349999999999999
0.158	0.087	0.254	0.259	-0.1315
0.197	0.322	0.251	0.14	0.008500000000000008
0.106	0.269	0.22	0.26	-0.0325
0.264	0.299	0.16	0.241	0.12149999999999997
0.175	0.213	0.153	0.263	0.04100000000000001
0.167	0.319	0.069	0.173	0.174
0.169	0.179	0.32	0.363	-0.14600000000000002
0.044	0.09	0.259	0.267	-0.192
0.167	0.201	0.334	0.247	-0.15000000000000002
0.25	0.261	0.228	0.306	0.027499999999999997
0.067	0.058	0.361	0.269	-0.2985
0.114	0.317	0.346	0.304	-0.13049999999999998
0.278	0.343	0.352	0.197	-0.04149999999999998
0.006	0.149	0.18	0.394	-0.1025
0.217	0.201	0.311	0.183	-0.10199999999999998
0.128	0.125	0.124	0.053	0.0025000000000000022
0.022	0.071	0.169	0.111	-0.12250000000000001
0.336	0.213	0.354	0.264	-0.07949999999999996
0.061	0.16	0.26	0.375	-0.14950000000000002
0.153	0.124	0.333	0.246	-0.1945
0.006	0.126	0.256	0.264	-0.19
0.147	0.258	0.241	0.269	-0.03849999999999998
0.4	0.222	0.423	0.16	-0.11199999999999999
0.078	0.135	0.097	0.326	0.009500000000000008
0.103	0.225	0.363	0.303	-0.19899999999999998
0.094	0.285	0.229	0.243	-0.03950000000000001
0.103	0.139	0.319	0.39	-0.198
0.183	0.435	0.131	0.173	0.178
0.111	0.294	0.097	0.22	0.10549999999999998
0.233	0.136	0.349	0.366	-0.16449999999999998
0.153	0.287	0.438	0.37	-0.21800000000000003
0.081	0.314	0.389	0.351	-0.1915
0.072	0.057	0.256	0.336	-0.1915
0.247	0.314	0.417	0.39	-0.1365
0.15	0.06	0.128	0.411	-0.023000000000000007
0.119	0.165	0.244	0.288	-0.10199999999999998
0.031	0.185	0.335	0.185	-0.22700000000000004
0.119	0.167	0.374	0.163	-0.23099999999999998
0.069	0.312	0.135	0.305	0.055499999999999994
0.142	0.215	0.198	0.245	-0.019500000000000017
0.072	0.258	0.203	0.275	-0.038000000000000006
0.342	0.206	0.164	0.18	0.11000000000000001
0.064	0.3	0.144	0.233	0.038000000000000006
0.289	0.215	0.242	0.277	0.010000000000000009
0.278	0.368	0.288	0.21	0.03500000000000003
0.358	0.45	0.336	0.149	0.068
0.097	0.286	0.412	0.153	-0.22049999999999997
0.15	0.247	0.356	0.327	-0.15749999999999997
0.05	0.14	0.126	0.237	-0.031
0.075	0.261	0.382	0.248	-0.214
0.356	0.15	0.343	0.413	-0.09000000000000002
0.0	0.04	0.206	0.347	-0.186
0.378	0.129	0.349	0.241	-0.09549999999999997
0.131	0.269	0.214	0.269	-0.013999999999999985
0.119	0.238	0.264	0.313	-0.08550000000000002
0.236	0.099	0.153	0.113	0.014499999999999985
0.103	0.258	0.16	0.321	0.02049999999999999
0.236	0.403	0.409	0.191	-0.08949999999999997
0.419	0.285	0.267	0.188	0.08499999999999996
0.253	0.215	0.278	0.387	-0.04400000000000004
0.156	0.139	0.345	0.317	-0.19749999999999995
0.039	0.194	0.276	0.212	-0.15950000000000003
0.058	0.117	0.316	0.213	-0.22849999999999998
0.194	0.204	0.351	0.102	-0.15199999999999997
0.292	0.231	0.433	0.34	-0.17149999999999999
0.039	0.208	0.365	0.342	-0.2415
0.128	0.312	0.392	0.198	-0.17200000000000001
0.153	0.092	0.048	0.331	0.0745
0.131	0.131	0.276	0.165	-0.14500000000000002
0.133	0.233	0.261	0.275	-0.07800000000000001
0.019	0.081	0.222	0.132	-0.172
0.158	0.353	0.318	0.386	-0.0625
0.281	0.136	0.201	0.19	0.007500000000000007
0.186	0.235	0.244	0.174	-0.0335
0.164	0.214	0.207	0.252	-0.017999999999999988
0.081	0.11	0.272	0.223	-0.17650000000000002
0.147	0.218	0.277	0.182	-0.09450000000000003
0.228	0.04	0.237	0.272	-0.10299999999999998
0.311	0.326	0.146	0.169	0.17250000000000001
0.164	0.117	0.14	0.162	0.0005000000000000004
0.208	0.089	0.408	0.312	-0.25949999999999995
0.122	0.242	0.248	0.25	-0.066
0.075	0.068	0.26	0.304	-0.1885
0.064	0.026	0.187	0.302	-0.14200000000000002
0.206	0.162	0.317	0.366	-0.133
0.0	0.01	0.122	0.284	-0.11699999999999999
0.125	0.239	0.262	0.221	-0.08000000000000002
0.211	0.176	0.2	0.338	-0.006500000000000006
0.269	0.147	0.076	0.292	0.132
0.033	0.186	0.178	0.339	-0.06849999999999999
0.094	0.088	0.172	0.187	-0.08099999999999999
0.089	0.072	0.251	0.194	-0.1705
0.217	0.174	0.227	0.225	-0.0315
0.217	0.215	0.188	0.331	0.027999999999999997
0.022	0.058	0.161	0.2	-0.121
0.367	0.336	0.444	0.454	-0.09249999999999997
0.072	0.221	0.375	0.134	-0.2285
0.142	0.306	0.325	0.22	-0.10100000000000003
0.194	0.283	0.311	0.181	-0.07250000000000001
0.422	0.399	0.203	0.27	0.20749999999999996
0.311	0.133	0.324	0.326	-0.10200000000000001
0.033	0.283	0.292	0.116	-0.134
0.15	0.258	0.299	0.338	-0.09499999999999997
0.206	0.236	0.08	0.256	0.14099999999999996
0.05	0.022	0.062	0.328	-0.025999999999999995
0.244	0.154	0.251	0.233	-0.05199999999999999
0.197	0.144	0.18	0.304	-0.009500000000000008
0.067	0.165	0.241	0.254	-0.12499999999999999
0.239	0.229	0.363	0.296	-0.129
0.0	0.036	0.106	0.327	-0.088
0.258	0.296	0.301	0.19	-0.023999999999999966
0.225	0.156	0.197	0.236	-0.006500000000000006
0.122	0.121	0.448	0.25	-0.3265
0.264	0.349	0.354	0.425	-0.04749999999999999
0.147	0.218	0.138	0.224	0.044499999999999984
0.178	0.086	0.097	0.131	0.035
0.228	0.235	0.33	0.156	-0.09850000000000003
0.25	0.321	0.401	0.282	-0.11550000000000005
0.089	0.033	0.04	0.121	0.020999999999999998
0.092	0.228	0.166	0.208	-0.006000000000000005
0.25	0.329	0.101	0.214	0.18849999999999997
0.078	0.222	0.293	0.263	-0.143
0.106	0.249	0.217	0.323	-0.03950000000000001
0.008	0.222	0.357	0.374	-0.242
0.208	0.374	0.27	0.37	0.020999999999999963
0.153	0.383	0.183	0.252	0.08500000000000002
0.1	0.093	0.231	0.311	-0.1345
0.117	0.204	0.283	0.324	-0.12249999999999997
0.236	0.182	0.319	0.28	-0.11000000000000001
0.131	0.308	0.241	0.223	-0.02149999999999999
0.339	0.251	0.137	0.237	0.15800000000000003
0.197	0.342	0.299	0.315	-0.02949999999999997
0.044	0.149	0.101	0.302	-0.004500000000000004
0.039	0.161	0.331	0.335	-0.231
0.114	0.231	0.273	0.292	-0.1005
0.147	0.124	0.299	0.201	-0.16349999999999998
0.131	0.286	0.274	0.241	-0.06550000000000003
0.289	0.204	0.324	0.232	-0.07750000000000001
0.206	0.144	0.318	0.174	-0.14300000000000002
0.281	0.164	0.299	0.256	-0.07649999999999996
0.281	0.365	0.312	0.206	0.01100000000000001
0.206	0.129	0.098	0.225	0.06949999999999998
0.108	0.096	0.178	0.313	-0.07599999999999998
0.019	0.038	0.076	0.342	-0.0475
0.081	0.21	0.134	0.389	0.011499999999999982
0.053	0.132	0.165	0.171	-0.07250000000000001
0.15	0.092	0.276	0.245	-0.15500000000000003
0.2	0.324	0.263	0.209	-0.0010000000000000009
0.058	0.275	0.278	0.369	-0.11150000000000002
0.311	0.261	0.264	0.307	0.02200000000000002
0.033	0.128	0.206	0.253	-0.1255
0.356	0.329	0.294	0.095	0.04850000000000004
0.142	0.099	0.047	0.238	0.0735
0.333	0.247	0.233	0.395	0.05700000000000002
0.161	0.376	0.272	0.263	-0.003500000000000003
0.181	0.283	0.247	0.321	-0.015000000000000013
0.019	0.219	0.262	0.356	-0.14300000000000002
0.078	0.146	0.262	0.275	-0.15000000000000002
0.325	0.406	0.438	0.163	-0.07249999999999995
0.094	0.117	0.112	0.267	-0.006499999999999992
0.261	0.314	0.274	0.272	0.013499999999999956
0.108	0.219	0.414	0.283	-0.25049999999999994
0.097	0.163	0.318	0.421	-0.188
0.35	0.219	0.251	0.317	0.033499999999999974
0.181	0.222	0.183	0.182	0.018500000000000016
0.314	0.433	0.392	0.231	-0.018500000000000016
0.044	0.254	0.285	0.258	-0.13599999999999998
0.081	0.112	0.081	0.046	0.0155
0.019	0.133	0.33	0.265	-0.254
0.219	0.051	0.156	0.16	-0.02099999999999999
0.125	0.092	0.178	0.305	-0.06949999999999999
0.011	0.078	0.115	0.24	-0.07050000000000001
0.05	0.242	0.316	0.289	-0.17
0.131	0.158	0.202	0.299	-0.057499999999999996
0.35	0.306	0.268	0.252	0.05999999999999994
0.375	0.322	0.315	0.187	0.03350000000000003
0.078	0.279	0.422	0.329	-0.24349999999999997
0.125	0.282	0.176	0.244	0.027499999999999997
0.164	0.138	0.219	0.288	-0.06799999999999998
0.025	0.217	0.327	0.442	-0.20600000000000002
0.172	0.421	0.309	0.221	-0.012500000000000011
0.194	0.131	0.208	0.201	-0.045499999999999985
0.089	0.01	0.242	0.316	-0.1925
0.067	0.078	0.115	0.187	-0.042499999999999996
0.075	0.11	0.324	0.321	-0.2315
0.128	0.087	0.299	0.327	-0.1915
0.136	0.185	0.24	0.169	-0.07949999999999999
0.078	0.128	0.102	0.226	0.0010000000000000148
0.231	0.121	0.23	0.207	-0.05400000000000002
0.047	0.129	0.301	0.411	-0.213
0.172	0.25	0.149	0.285	0.062
0.303	0.224	0.153	0.104	0.11050000000000001
0.081	0.083	0.236	0.192	-0.15399999999999997
0.228	0.194	0.406	0.219	-0.195
0.372	0.179	0.248	0.246	0.02749999999999997
0.164	0.108	0.267	0.318	-0.131
0.236	0.231	0.081	0.156	0.15249999999999997
0.247	0.244	0.278	0.262	-0.03250000000000003
0.103	0.218	0.323	0.356	-0.1625
0.131	0.196	0.21	0.134	-0.046499999999999986
0.211	0.25	0.258	0.171	-0.027500000000000024
0.0	0.301	0.269	0.294	-0.11850000000000002
0.097	0.158	0.162	0.17	-0.0345
0.111	0.197	0.255	0.306	-0.101
0.061	0.174	0.197	0.315	-0.07950000000000002
0.15	0.271	0.199	0.195	0.01150000000000001
0.003	0.19	0.209	0.213	-0.11249999999999999
0.239	0.247	0.394	0.208	-0.15100000000000002
0.011	0.171	0.41	0.298	-0.31899999999999995
0.128	0.154	0.258	0.365	-0.11699999999999999
0.281	0.172	0.231	0.229	-0.004500000000000004
0.217	0.357	0.299	0.202	-0.01200000000000001
0.269	0.154	0.234	0.319	-0.022499999999999992
0.122	0.175	0.272	0.363	-0.12350000000000003
0.019	0.144	0.208	0.207	-0.1265
0.2	0.299	0.194	0.234	0.055499999999999994
0.394	0.347	0.354	0.335	0.016500000000000015
0.05	0.033	0.145	0.169	-0.10349999999999998
0.231	0.344	0.282	0.248	0.005500000000000005
0.361	0.239	0.297	0.388	0.0030000000000000027
0.028	0.147	0.178	0.304	-0.0905
0.144	0.035	0.131	0.148	-0.04150000000000001
0.208	0.164	0.301	0.369	-0.11499999999999999
0.078	0.265	0.206	0.29	-0.034499999999999975
0.15	0.054	0.255	0.27	-0.15300000000000002
0.094	0.162	0.204	0.124	-0.07599999999999998
0.244	0.126	0.177	0.083	0.008000000000000007
0.233	0.119	0.334	0.313	-0.15800000000000003
0.072	0.204	0.15	0.294	-0.01200000000000001
0.103	0.176	0.227	0.164	-0.08750000000000002
0.028	0.2	0.333	0.17	-0.21900000000000003
0.178	0.351	0.345	0.315	-0.08050000000000002
0.228	0.268	0.276	0.232	-0.028000000000000025
0.286	0.264	0.267	0.255	0.008000000000000007
0.008	0.047	0.103	0.307	-0.0755
0.136	0.206	0.223	0.125	-0.05200000000000002
0.117	0.186	0.113	0.179	0.03849999999999999
0.0	0.157	0.274	0.24	-0.1955
0.158	0.085	0.188	0.309	-0.0665
0.022	0.247	0.242	0.335	-0.10749999999999998
0.019	0.068	0.029	0.167	0.014500000000000002
0.058	0.218	0.231	0.072	-0.093
0.083	0.075	0.198	0.293	-0.11900000000000001
0.244	0.299	0.178	0.155	0.09349999999999997
0.389	0.25	0.307	0.091	0.012500000000000011
0.183	0.221	0.249	0.337	-0.046999999999999986
0.211	0.203	0.345	0.246	-0.13799999999999996
0.114	0.368	0.268	0.134	-0.027000000000000024
0.122	0.219	0.346	0.169	-0.1755
0.089	0.099	0.19	0.152	-0.096
0.061	0.017	0.257	0.183	-0.218
0.267	0.265	0.24	0.307	0.026000000000000023
0.081	0.225	0.324	0.287	-0.171
0.044	0.074	0.075	0.265	-0.016
0.092	0.26	0.258	0.114	-0.08200000000000002
0.05	0.281	0.294	0.301	-0.12849999999999998
0.531	0.179	0.253	0.169	0.10199999999999998
0.089	0.174	0.287	0.335	-0.15549999999999997
0.139	0.256	0.137	0.28	0.0605
0.086	0.239	0.134	0.261	0.02849999999999997
0.122	0.074	0.101	0.244	-0.0030000000000000027
0.158	0.026	0.187	0.181	-0.095
0.089	0.207	0.185	0.277	-0.037000000000000005
0.036	0.046	0.013	0.102	0.027999999999999997
0.367	0.283	0.264	0.319	0.06099999999999994
0.381	0.176	0.073	0.131	0.20549999999999996
0.158	0.314	0.311	0.369	-0.07500000000000001
0.008	0.204	0.286	0.275	-0.18
0.133	0.106	0.055	0.176	0.0645
0.306	0.357	0.185	0.199	0.14650000000000002
0.025	0.308	0.29	0.322	-0.12349999999999997
0.039	0.017	0.217	0.164	-0.189
0.186	0.296	0.081	0.129	0.15999999999999998
0.211	0.385	0.244	0.157	0.05399999999999999
0.378	0.306	0.326	0.296	0.01599999999999996
0.261	0.361	0.219	0.313	0.092
0.156	0.296	0.387	0.274	-0.16100000000000003
0.069	0.178	0.222	0.259	-0.0985
0.233	0.031	0.245	0.317	-0.11299999999999999
0.103	0.274	0.374	0.388	-0.1855
0.322	0.299	0.294	0.273	0.016500000000000015
0.0	0.129	0.128	0.187	-0.0635
0.058	0.224	0.26	0.163	-0.119
0.153	0.296	0.285	0.173	-0.0605
0.222	0.226	0.319	0.436	-0.095
0.136	0.219	0.313	0.214	-0.1355
0.189	0.236	0.29	0.118	-0.07749999999999999
0.122	0.246	0.185	0.086	-0.0010000000000000009
0.103	0.028	0.091	0.145	-0.025499999999999995
0.008	0.229	0.201	0.313	-0.0825
