z500-local_-1d	z500-local_-2to3d	z500-local_-4to7d	z500-local_-8to14d	z500-local_trend
2.013	1.477	0.168	-0.403	1.5770000000000002
1.343	0.271	-0.619	-0.7	1.426
0.375	0.556	0.651	0.768	-0.1855
1.655	1.331	0.414	0.659	1.079
1.187	0.852	0.375	1.085	0.6445000000000001
1.36	1.279	1.51	0.612	-0.1904999999999999
1.495	0.995	0.687	0.335	0.558
0.153	-0.329	0.128	-0.077	-0.21600000000000003
1.303	0.416	0.057	-0.18	0.8024999999999999
0.725	0.4	-0.315	-0.153	0.8775
1.132	0.503	0.496	-0.322	0.3214999999999999
0.965	0.732	1.08	0.087	-0.23150000000000004
0.416	0.282	-0.393	0.128	0.742
1.137	-0.143	-0.664	-0.788	1.161
1.564	0.263	-1.187	0.347	2.1005000000000003
0.139	-0.491	0.65	-0.08	-0.8260000000000001
1.242	1.0	0.678	1.463	0.44299999999999995
1.306	0.481	-0.452	-0.749	1.3455
0.772	0.155	-1.137	-1.235	1.6005
0.767	-0.276	-0.871	-0.462	1.1165
0.844	0.557	-0.237	-0.306	0.9375
1.242	0.806	0.178	0.191	0.8460000000000001
0.627	0.094	-0.273	0.942	0.6335
0.54	-0.047	-0.595	0.309	0.8415
0.962	0.073	-0.551	0.265	1.0685
0.726	0.955	0.695	-0.153	0.14550000000000007
1.185	0.572	0.48	1.624	0.3985000000000001
1.837	1.294	-0.229	-0.153	1.7945000000000002
1.537	1.169	1.444	-0.304	-0.09099999999999997
0.889	0.743	0.674	0.456	0.14200000000000002
1.874	1.509	0.257	-0.094	1.4344999999999999
0.923	-0.221	-1.012	-0.622	1.363
1.199	0.509	-0.12	0.173	0.9740000000000001
0.48	0.69	-0.139	-0.26	0.724
0.875	0.086	-0.068	0.583	0.5485
1.544	1.574	0.612	-0.517	0.9470000000000002
0.839	0.234	-0.431	0.146	0.9675
1.341	0.632	0.273	0.429	0.7134999999999999
0.594	0.374	1.168	0.528	-0.6839999999999999
0.8	0.766	0.912	0.651	-0.129
0.58	0.934	1.051	-0.809	-0.29399999999999993
-0.14	-0.744	-0.841	-0.089	0.39899999999999997
0.594	-0.155	0.09	0.363	0.12949999999999998
0.301	-0.025	-0.368	-0.882	0.506
0.508	-0.21	-1.075	-0.339	1.224
1.627	1.175	0.814	-0.703	0.5870000000000001
0.889	0.814	0.603	0.149	0.24849999999999994
1.417	0.139	-0.638	0.128	1.416
-0.334	-0.463	-0.588	-0.068	0.18949999999999995
1.421	1.334	0.58	-0.477	0.7975
0.418	0.483	-0.487	0.525	0.9375
0.734	0.303	0.214	0.774	0.3045
1.757	0.918	0.456	0.652	0.8815
1.599	1.542	1.153	0.629	0.4175
1.378	0.179	-0.463	0.253	1.2415
0.754	0.107	-0.101	-1.149	0.5315
0.091	-0.022	1.023	1.453	-0.9884999999999999
0.88	0.534	0.177	-0.781	0.53
0.928	0.443	-0.757	-0.617	1.4425
0.298	0.122	-0.815	-0.767	1.025
1.292	0.726	-0.248	0.751	1.257
0.954	0.947	0.268	0.146	0.6824999999999999
0.491	0.245	1.123	0.783	-0.755
0.216	0.05	0.1	0.636	0.033
1.206	0.891	1.232	0.514	-0.1835
1.03	0.278	-0.6	-1.077	1.254
0.992	0.521	-0.053	0.864	0.8095
0.809	0.121	-0.069	0.535	0.534
0.831	0.243	0.832	0.56	-0.29500000000000004
0.659	-0.125	0.039	0.224	0.228
1.7	1.331	0.816	0.304	0.6994999999999999
1.612	1.317	0.158	-0.394	1.3065000000000002
1.636	0.701	-0.812	-0.776	1.9805
1.956	1.536	1.276	0.788	0.47
0.383	0.642	0.182	-0.199	0.33049999999999996
0.922	0.786	1.13	0.814	-0.2759999999999998
1.155	0.703	0.305	0.015	0.6240000000000001
1.835	1.594	0.814	-0.38	0.9005000000000002
1.307	0.912	0.089	0.293	1.0205
1.6	1.397	1.628	0.199	-0.12949999999999995
1.017	0.222	0.014	-0.281	0.6054999999999999
1.04	0.677	0.897	0.873	-0.03849999999999998
1.683	1.183	1.221	0.855	0.21199999999999997
0.397	-0.472	-0.531	-0.021	0.49350000000000005
0.956	0.394	-0.37	-0.9	1.045
1.811	1.658	0.603	-0.117	1.1315
1.254	1.035	0.22	-0.22	0.9244999999999999
0.553	-0.109	-0.443	0.736	0.665
0.62	-0.49	-0.533	-0.546	0.5980000000000001
0.664	-0.172	-0.898	-0.187	1.1440000000000001
1.578	1.672	0.314	-1.065	1.311
0.969	-0.125	-0.39	-0.459	0.812
0.842	0.237	0.303	0.355	0.2365
0.37	0.525	1.02	1.186	-0.5725
0.419	-0.329	0.218	-0.081	-0.17300000000000001
1.411	1.101	0.856	0.014	0.4
1.53	1.446	1.354	1.178	0.1339999999999999
0.956	0.77	0.702	-0.079	0.16100000000000003
0.823	0.151	-0.78	0.176	1.267
0.023	-0.656	-0.937	0.143	0.6205
0.755	0.202	-0.338	-0.565	0.8165
1.155	0.574	-0.021	0.376	0.8855000000000001
1.267	0.102	-0.076	-0.407	0.7605
1.239	0.616	0.074	-0.074	0.8535
1.334	0.523	0.042	-0.155	0.8865000000000001
1.036	0.699	0.746	0.543	0.12149999999999994
0.873	0.186	0.836	0.627	-0.3065
0.883	0.558	0.021	-0.497	0.6995
1.618	0.996	1.091	0.926	0.21599999999999997
1.338	1.119	0.735	0.631	0.49349999999999994
1.194	1.221	0.666	0.006	0.5415
1.721	0.842	0.519	-0.86	0.7625000000000001
1.675	0.863	0.003	0.792	1.2660000000000002
1.046	1.057	1.452	0.125	-0.4005000000000001
1.087	1.201	1.279	0.645	-0.1349999999999998
1.013	0.832	-0.177	-0.404	1.0995
0.71	-0.012	-0.629	-0.669	0.978
1.434	0.691	0.265	-0.732	0.7975
1.064	0.624	-0.106	0.237	0.9500000000000001
1.416	0.726	-0.569	-0.439	1.64
1.402	0.371	-1.108	-0.338	1.9945
0.824	0.298	-0.757	0.062	1.318
1.271	1.02	0.317	0.494	0.8285
1.019	0.336	-0.725	-0.3	1.4024999999999999
2.08	1.338	0.077	-0.54	1.6320000000000001
1.452	0.923	0.697	-0.216	0.49050000000000005
0.412	0.499	0.574	1.016	-0.11849999999999994
1.306	0.159	-1.383	0.311	2.1155
0.488	0.701	1.135	-0.373	-0.5405
0.631	0.566	0.11	0.392	0.48850000000000005
1.244	0.096	0.268	0.353	0.402
1.469	0.309	-0.283	0.403	1.172
1.581	1.218	0.567	0.556	0.8325
0.172	0.032	-0.089	0.234	0.191
1.12	1.032	-0.296	-0.753	1.372
0.627	-0.059	0.381	0.65	-0.09699999999999998
1.174	1.068	0.405	-0.816	0.716
0.778	0.688	0.921	0.435	-0.18800000000000006
0.519	-0.623	-0.644	1.417	0.5920000000000001
0.615	-0.148	-0.952	-0.083	1.1855
0.654	-0.131	-0.534	0.841	0.7955000000000001
0.689	0.381	0.711	-0.165	-0.17600000000000005
-0.533	-0.617	-0.478	0.613	-0.09699999999999998
0.35	-0.1	0.621	0.394	-0.496
1.172	1.168	1.0	0.556	0.16999999999999993
1.211	0.933	0.709	0.384	0.3630000000000001
1.681	1.389	-0.193	-0.335	1.7280000000000002
1.687	1.127	-0.1	-0.164	1.5070000000000001
1.285	0.938	1.165	0.841	-0.0535000000000001
0.839	-0.547	-1.066	-0.592	1.212
1.39	0.597	0.041	-0.79	0.9524999999999999
0.486	0.781	1.051	0.136	-0.4175
0.585	0.357	0.314	0.433	0.15699999999999997
1.336	0.525	0.828	0.275	0.10250000000000015
1.254	0.628	0.242	-0.671	0.6990000000000001
0.66	0.942	-0.025	-0.32	0.826
0.962	0.38	-0.099	0.642	0.77
1.865	1.815	0.95	-0.303	0.8899999999999999
0.026	-0.754	-0.353	0.714	-0.01100000000000001
0.668	-0.056	-0.578	-0.63	0.8839999999999999
0.92	0.33	0.073	-0.51	0.552
0.3	-0.525	-0.151	0.631	0.03849999999999998
1.882	1.182	0.45	0.069	1.082
0.098	-0.404	-0.854	-0.433	0.701
1.838	1.391	0.433	1.025	1.1815
0.481	0.515	-0.272	0.665	0.77
1.324	0.658	0.221	0.929	0.7700000000000001
0.282	0.15	0.237	0.665	-0.02100000000000002
0.516	0.193	-0.696	-1.285	1.0505
0.625	0.158	0.82	1.099	-0.42849999999999994
1.459	0.851	0.891	0.362	0.264
1.021	0.584	1.522	0.805	-0.7195
0.863	0.208	0.25	0.846	0.2855
1.057	0.832	0.837	0.153	0.10749999999999993
0.463	0.259	0.662	0.393	-0.30100000000000005
0.795	-0.018	-0.189	1.021	0.5775
1.168	0.735	0.086	0.105	0.8655
0.76	0.33	0.27	-1.163	0.275
0.183	-0.534	-0.497	0.079	0.3215
1.189	0.478	-0.305	-0.004	1.1385
1.77	1.045	-0.105	0.203	1.5125
1.617	1.037	0.619	0.452	0.708
1.151	0.778	1.405	0.889	-0.4405
1.152	1.537	1.282	1.457	0.0625
1.36	1.085	-0.268	-0.414	1.4905000000000002
0.646	0.052	-0.211	-0.455	0.56
0.854	0.469	0.227	0.32	0.4345
0.603	-0.103	0.194	0.345	0.055999999999999994
1.347	0.765	0.832	0.906	0.2240000000000001
0.785	0.295	-0.466	0.352	1.006
1.468	0.27	-1.281	-0.024	2.15
0.967	0.675	-0.156	-0.02	0.977
1.118	1.067	0.71	-0.647	0.38250000000000006
0.7	-0.388	-0.628	1.094	0.784
1.265	1.178	0.959	0.613	0.26249999999999984
1.092	-0.021	-0.504	0.362	1.0395
0.491	0.336	-0.482	0.564	0.8955
0.53	0.115	-0.444	-0.578	0.7665
1.059	-0.035	0.7	0.057	-0.18799999999999994
0.731	0.307	-0.406	-1.075	0.925
1.469	1.368	0.231	0.631	1.1875
0.956	0.528	1.387	1.68	-0.645
0.84	0.605	0.142	-0.754	0.5804999999999999
0.774	0.447	0.3	0.227	0.31050000000000005
0.669	0.141	-0.479	0.158	0.884
0.501	-0.253	-1.435	-1.164	1.5590000000000002
0.657	0.765	1.055	0.422	-0.34399999999999986
1.16	0.686	0.715	-0.809	0.20800000000000007
2.393	1.888	1.502	0.543	0.6384999999999998
0.944	0.12	-0.564	-0.579	1.096
0.927	0.209	0.861	0.136	-0.2929999999999999
0.539	-0.195	-0.381	-0.412	0.553
1.657	0.745	0.71	0.366	0.4910000000000001
1.261	1.053	0.248	0.052	0.909
1.477	0.992	-0.202	-0.184	1.4365
0.891	0.458	0.836	1.285	-0.16149999999999998
0.104	-0.645	0.364	0.923	-0.6345000000000001
1.117	0.41	0.241	0.212	0.5225
0.776	0.258	-0.034	0.356	0.551
0.609	0.282	0.211	-0.308	0.23450000000000001
1.796	1.554	0.787	0.194	0.888
0.926	-0.134	-1.019	0.374	1.415
1.322	0.662	-0.364	-0.725	1.3559999999999999
1.016	0.416	0.219	-0.222	0.497
1.432	0.954	-0.174	-0.94	1.367
-0.174	-0.332	0.039	0.654	-0.292
2.008	0.726	-1.13	-1.39	2.497
1.316	0.951	1.168	0.168	-0.034499999999999975
0.914	0.207	-0.505	0.872	1.0655000000000001
0.772	0.577	1.061	0.322	-0.38649999999999995
0.584	-0.057	-0.102	-0.002	0.36549999999999994
1.615	1.076	0.505	0.894	0.8404999999999999
1.859	1.48	1.07	-0.364	0.5994999999999999
1.699	1.604	1.984	1.06	-0.3325
1.005	-0.059	-1.004	-0.568	1.4769999999999999
1.487	1.23	1.033	0.293	0.3255000000000001
0.97	0.424	-0.942	-0.894	1.6389999999999998
1.003	0.708	0.482	0.34	0.37349999999999994
1.187	0.529	-0.236	0.933	1.094
-0.103	-0.613	-0.269	-0.549	-0.08899999999999997
1.624	1.006	1.608	0.854	-0.29300000000000015
1.071	1.048	1.289	1.117	-0.22950000000000004
1.358	0.442	0.706	-0.46	0.19400000000000006
0.69	0.534	-0.716	-0.804	1.3279999999999998
1.05	1.459	0.208	-0.045	1.0465000000000002
1.638	1.509	0.67	-0.568	0.9034999999999999
1.273	0.747	-0.628	-0.45	1.638
1.468	0.419	-0.988	-0.227	1.9315
0.435	-0.527	-0.685	0.73	0.639
0.851	0.39	0.33	-0.191	0.29050000000000004
1.794	0.837	0.093	-0.362	1.2225000000000001
1.576	1.26	0.549	-0.2	0.8690000000000001
-0.282	-0.566	0.721	1.794	-1.145
1.52	1.62	1.001	-1.173	0.5690000000000002
0.734	0.167	-0.227	-0.458	0.6775
0.75	0.972	1.193	-0.369	-0.3320000000000001
2.039	1.103	-0.303	-0.599	1.874
0.7	0.164	-0.414	0.508	0.846
1.379	1.247	-0.351	-0.42	1.6640000000000001
0.42	0.055	0.266	0.963	-0.028500000000000025
0.668	-0.014	-0.41	-0.229	0.737
1.199	0.835	0.327	-0.534	0.69
1.406	0.092	-0.888	0.221	1.637
1.776	1.145	0.304	-0.412	1.1565
0.532	0.421	-0.289	-0.478	0.7655000000000001
1.199	-0.022	-0.621	-0.485	1.2095
1.762	1.331	0.004	-0.682	1.5425
1.419	1.022	0.561	0.612	0.6594999999999999
-0.213	-0.722	-0.92	0.57	0.45250000000000007
1.378	1.298	0.643	-0.394	0.6950000000000001
1.191	-0.149	-0.027	-0.772	0.548
0.252	-0.347	-0.294	-0.195	0.2465
0.774	-0.031	-0.218	0.763	0.5895
1.689	1.446	-0.17	-0.925	1.7374999999999998
1.812	1.148	0.55	0.347	0.9299999999999999
1.189	-0.209	-0.259	0.306	0.7490000000000001
0.711	0.197	0.496	0.577	-0.04200000000000004
1.237	1.219	0.032	0.342	1.1960000000000002
0.772	-0.003	0.041	0.066	0.3435
1.272	0.644	0.093	1.13	0.865
1.186	1.573	1.455	-0.014	-0.07550000000000012
0.181	-0.127	0.03	-0.922	-0.0030000000000000027
1.505	1.261	0.549	-0.488	0.834
0.294	0.173	-0.017	-0.212	0.2505
0.594	0.286	0.687	0.095	-0.2470000000000001
1.592	0.253	-1.331	-1.075	2.2535
0.707	0.684	-0.264	-0.823	0.9595
1.551	1.478	0.561	-0.53	0.9534999999999999
1.533	0.881	1.249	0.835	-0.04200000000000026
0.716	0.461	1.243	1.184	-0.6545000000000001
0.935	0.82	-0.24	-0.461	1.1175
1.133	0.522	0.845	-0.294	-0.01749999999999996
0.821	0.813	0.103	0.233	0.714
0.915	0.101	-0.696	0.789	1.204
1.399	0.384	0.104	0.13	0.7875
2.05	1.143	0.905	0.149	0.6914999999999998
1.335	-0.064	-0.966	-1.113	1.6015
0.891	0.201	-0.399	1.008	0.9450000000000001
0.575	0.635	1.719	0.835	-1.114
1.977	1.279	0.345	-0.876	1.2830000000000001
1.145	-0.029	-1.486	0.386	2.044
1.457	0.743	0.538	0.402	0.562
1.064	0.96	1.197	1.145	-0.18500000000000005
1.564	1.102	0.476	-0.191	0.8570000000000002
0.446	-0.215	-0.868	-0.789	0.9835
1.502	1.28	0.603	0.009	0.788
1.008	0.616	0.771	-0.124	0.041000000000000036
1.848	1.738	0.573	-0.363	1.2200000000000002
1.331	0.708	-0.01	-0.992	1.0294999999999999
0.979	0.234	-0.631	0.09	1.2375
1.036	0.609	0.464	1.699	0.3585
0.097	-0.933	0.376	0.852	-0.794
0.467	0.125	0.011	0.546	0.28500000000000003
0.857	0.898	-0.154	-0.848	1.0314999999999999
0.703	0.001	-0.623	-0.96	0.975
0.949	0.388	1.195	0.897	-0.5265000000000001
0.714	0.619	0.17	-0.369	0.49649999999999994
1.13	1.187	0.523	-0.281	0.6355000000000001
1.174	1.042	0.471	0.558	0.6370000000000001
0.436	0.212	0.231	-0.656	0.093
0.805	0.079	0.263	-0.12	0.179
0.246	0.093	-0.037	-0.021	0.2065
0.439	0.04	-0.513	-0.234	0.7525
1.421	0.792	-0.79	-0.83	1.8965
0.868	0.638	0.97	0.885	-0.21699999999999997
1.758	1.217	-0.29	-0.972	1.7775
0.179	-0.029	-0.1	0.298	0.175
1.735	1.047	0.036	-0.101	1.355
1.641	0.93	0.227	0.45	1.0585
1.108	1.179	1.122	0.903	0.021499999999999853
1.489	1.102	0.632	0.515	0.6635000000000001
0.988	0.356	0.286	0.064	0.38599999999999995
1.372	0.778	0.186	0.082	0.8890000000000002
1.016	0.456	-0.816	-1.388	1.552
0.908	0.891	0.773	-0.082	0.12649999999999995
0.75	-0.161	-0.137	0.189	0.4315
0.161	-0.046	0.591	0.04	-0.5335
1.596	0.956	0.113	0.38	1.163
1.628	1.199	-0.034	-0.834	1.4475
1.026	1.343	1.287	-0.297	-0.10250000000000004
0.163	-0.087	0.168	0.854	-0.13
0.909	0.185	-0.184	0.511	0.7310000000000001
1.393	1.304	0.567	-0.099	0.7815000000000001
1.57	1.095	1.261	1.568	0.07150000000000012
1.359	0.84	1.286	1.263	-0.1865000000000001
0.887	0.349	-0.268	0.945	0.886
0.777	0.343	0.023	-0.07	0.537
0.673	0.664	0.605	-0.189	0.06350000000000011
1.31	0.238	0.961	-0.676	-0.18699999999999994
1.504	0.868	1.067	1.174	0.119
1.161	0.263	0.707	0.753	0.0050000000000000044
1.14	-0.118	-0.547	0.833	1.0579999999999998
1.111	0.369	1.06	0.148	-0.32000000000000006
0.648	-0.157	-0.505	-0.665	0.7505
1.006	0.986	0.956	0.041	0.040000000000000036
1.249	0.792	0.547	-0.014	0.47350000000000014
0.864	-0.167	-0.968	1.154	1.3165
1.331	1.459	1.049	0.703	0.3460000000000001
1.022	0.21	-0.621	-1.348	1.237
0.915	0.702	-0.362	-0.267	1.1705
1.011	0.801	-0.18	0.285	1.0859999999999999
1.111	0.946	0.541	0.094	0.48749999999999993
0.399	-0.266	-0.793	-0.532	0.8595
0.955	0.29	0.995	0.289	-0.37250000000000005
1.156	0.813	-0.357	-0.824	1.3415
1.57	1.013	0.6	-0.362	0.6915000000000001
0.777	0.378	-0.755	-0.245	1.3325
0.932	0.343	0.32	0.048	0.31750000000000006
0.688	-0.202	0.122	1.04	0.12099999999999997
1.276	1.457	0.5	-0.721	0.8665
0.705	0.644	1.169	0.884	-0.49450000000000005
0.641	0.113	-0.466	0.442	0.843
1.195	1.057	0.784	0.105	0.34199999999999986
1.115	-0.0	-0.216	-0.728	0.7735
1.285	0.999	0.311	-0.044	0.831
0.41	-0.333	-0.482	0.139	0.5205
1.06	0.415	0.529	-0.358	0.20850000000000002
1.485	0.713	1.504	0.976	-0.405
1.054	0.618	0.364	-0.932	0.4720000000000001
0.649	0.58	-0.197	-0.663	0.8115000000000001
1.614	0.401	-0.864	0.179	1.8715000000000002
0.307	-0.147	-1.008	0.185	1.088
1.654	0.408	-0.553	0.377	1.584
1.551	1.548	-0.02	-0.921	1.5695000000000001
1.5	1.184	0.688	-1.226	0.6540000000000001
1.045	0.54	-0.097	-0.473	0.8895
0.797	0.861	1.845	1.077	-1.016
1.216	0.227	-0.451	0.486	1.1725
1.506	0.451	0.036	0.439	0.9425
1.277	1.169	1.402	0.294	-0.17900000000000005
0.595	0.26	-0.409	0.339	0.8365
1.43	1.148	0.262	0.214	1.027
0.807	0.206	0.165	-0.14	0.3415
2.443	1.518	0.653	0.257	1.3275000000000001
0.37	-0.283	-0.578	-0.667	0.6214999999999999
0.117	0.121	-0.017	-0.145	0.136
1.303	1.186	1.014	0.601	0.23049999999999993
1.581	1.949	1.34	1.047	0.42500000000000004
1.422	0.938	-0.412	0.265	1.5919999999999999
0.46	-0.051	-0.503	0.3	0.7075
0.983	0.706	0.744	-0.73	0.10050000000000003
1.091	0.473	-0.392	-0.281	1.174
0.585	-0.027	-0.805	-0.539	1.084
1.325	0.187	-0.728	-0.628	1.484
0.545	0.269	0.173	0.945	0.23400000000000004
1.212	0.621	-0.335	-1.154	1.2515
0.573	-0.051	-0.236	-1.006	0.49699999999999994
1.17	0.729	1.24	0.841	-0.2905
0.489	-0.141	-0.77	0.457	0.944
1.015	0.729	0.352	-0.412	0.5199999999999999
0.409	-0.409	-0.599	0.252	0.599
0.863	0.514	1.274	1.834	-0.5855
0.878	0.737	0.336	-0.61	0.4715
0.257	-0.308	-1.024	-0.62	0.9985
0.379	-0.481	-0.633	0.373	0.5820000000000001
0.327	0.221	-0.463	-0.281	0.7370000000000001
1.293	0.068	-0.522	0.916	1.2025000000000001
1.365	1.367	1.249	-0.15	0.11699999999999999
1.377	0.144	-1.049	-1.118	1.8094999999999999
0.529	-0.195	-0.912	-0.634	1.079
0.827	0.628	0.587	0.902	0.14050000000000007
1.518	0.556	-0.672	-1.121	1.709
2.052	1.53	0.99	0.356	0.8009999999999999
0.456	-0.006	-0.54	0.761	0.765
0.776	0.71	1.274	1.008	-0.531
1.513	0.485	-0.338	-0.671	1.337
1.912	0.401	-0.632	-0.763	1.7885
1.595	1.412	0.068	-0.078	1.4354999999999998
1.388	0.989	0.466	-0.626	0.7224999999999999
1.295	0.451	-0.637	0.382	1.51
1.087	0.649	0.553	0.15	0.31499999999999995
0.773	0.354	-0.526	0.266	1.0895000000000001
1.051	0.127	-0.007	0.159	0.596
0.457	0.071	-1.057	-0.86	1.321
0.896	0.998	1.121	0.979	-0.17399999999999993
0.545	0.436	0.186	0.896	0.30450000000000005
0.927	0.97	0.405	-0.266	0.5435
1.613	1.156	0.164	0.982	1.2205000000000001
1.223	-0.133	0.027	-0.824	0.518
0.429	0.287	0.535	-0.028	-0.17700000000000005
1.608	1.135	1.047	0.366	0.32450000000000023
1.96	1.276	0.048	-0.204	1.5699999999999998
1.167	0.385	-0.339	-1.217	1.115
1.46	1.047	-0.115	-0.855	1.3684999999999998
0.403	-0.325	-0.97	-0.913	1.009
0.94	0.225	-0.627	-0.166	1.2095
1.026	0.666	0.601	0.117	0.2450000000000001
1.237	0.033	-0.306	-0.293	0.9410000000000001
0.55	-0.231	0.581	1.274	-0.42149999999999993
1.297	0.926	0.06	0.751	1.0514999999999999
0.88	0.171	0.19	0.927	0.33549999999999996
0.585	0.587	-0.369	-0.148	0.955
1.323	0.744	-0.442	-1.261	1.4755
0.346	-0.412	-0.615	0.039	0.582
1.543	0.95	-0.122	0.02	1.3685
0.341	0.409	0.3	-0.28	0.07500000000000001
1.906	1.901	0.958	0.346	0.9455
1.486	0.981	1.454	1.363	-0.22049999999999992
0.92	0.446	-0.326	-0.01	1.0090000000000001
-0.054	-0.219	0.756	0.422	-0.8925000000000001
1.265	0.692	0.165	-0.777	0.8134999999999999
1.171	0.132	-1.672	-0.336	2.3235
1.474	0.887	-0.431	-0.349	1.6115
1.41	1.019	0.393	-0.066	0.8214999999999999
0.464	0.623	0.525	0.409	0.01849999999999996
1.528	1.3	1.486	0.623	-0.07199999999999984
0.9	0.521	0.699	-0.026	0.011500000000000066
1.741	0.499	0.677	1.633	0.44300000000000006
1.945	1.308	-0.139	-0.432	1.7655
1.772	0.977	0.878	1.606	0.49650000000000005
1.038	0.592	0.054	-0.364	0.7609999999999999
0.707	0.575	-0.897	-0.619	1.538
0.792	0.203	-0.975	-0.671	1.4725000000000001
1.087	0.902	1.2	0.761	-0.20550000000000002
1.258	0.635	1.253	1.35	-0.3064999999999999
1.564	1.197	0.244	-0.035	1.1365
2.235	1.744	1.733	0.364	0.25649999999999995
0.903	-0.128	-0.5	-1.262	0.8875
1.623	1.097	1.093	0.737	0.2669999999999999
1.14	0.425	-0.256	-0.751	1.0385
1.617	1.318	0.005	-0.173	1.4625000000000001
1.021	0.048	-1.245	-0.415	1.7795
1.067	0.603	0.31	-0.591	0.5249999999999999
1.529	0.915	-0.743	0.912	1.9649999999999999
1.43	0.925	0.451	0.401	0.7264999999999999
1.871	2.167	2.036	1.615	-0.016999999999999904
1.054	-0.087	-0.348	-1.111	0.8315
0.876	-0.447	-0.275	1.074	0.48950000000000005
0.358	-0.756	-1.184	-0.628	0.9849999999999999
1.0	0.46	0.607	0.018	0.123
0.785	0.605	0.366	0.215	0.32900000000000007
0.442	-0.179	0.062	0.668	0.0695
1.247	1.077	-0.627	-0.404	1.789
1.337	0.182	-0.144	0.05	0.9035
0.577	0.745	1.222	1.433	-0.5609999999999999
1.605	1.02	1.069	0.162	0.24350000000000005
1.214	-0.025	0.872	-0.12	-0.27749999999999997
1.57	1.026	1.209	1.381	0.08899999999999997
1.615	1.391	1.18	-0.247	0.3230000000000002
0.971	0.757	0.528	-0.269	0.33599999999999997
0.593	0.492	0.327	-0.214	0.21549999999999997
1.143	0.667	0.351	0.82	0.554
0.438	-0.259	-0.189	0.985	0.27849999999999997
1.285	0.851	0.433	-0.259	0.635
0.054	-0.33	-0.972	-0.366	0.834
1.321	0.685	0.491	0.262	0.5120000000000001
1.298	0.276	0.246	0.731	0.541
1.115	0.144	0.288	0.339	0.34149999999999997
-0.059	-0.487	-0.13	0.561	-0.14300000000000002
0.818	0.712	1.253	0.618	-0.488
1.106	0.777	-0.176	-0.153	1.1175
0.762	0.524	1.075	1.345	-0.43199999999999994
1.015	0.363	0.38	0.829	0.30899999999999994
1.741	0.957	0.265	1.088	1.084
1.376	0.581	-0.578	-0.434	1.5564999999999998
0.959	-0.024	-0.558	-1.392	1.0255
0.945	0.917	0.621	-1.166	0.31000000000000005
0.404	-0.486	-0.193	0.876	0.15200000000000002
1.25	1.064	-0.187	0.512	1.344
0.909	0.521	-0.16	-0.406	0.8750000000000001
1.369	0.686	0.208	-0.148	0.8195000000000001
1.535	0.559	0.087	-0.643	0.96
1.415	0.942	-0.039	-1.096	1.2175
0.759	0.092	-0.834	0.074	1.2595
0.634	0.961	0.886	0.291	-0.08850000000000002
1.715	1.401	0.836	-0.11	0.7220000000000001
1.373	0.737	2.025	1.526	-0.97
1.227	0.927	-0.291	-0.036	1.3679999999999999
0.787	0.63	0.433	-0.481	0.2755
0.575	0.354	0.68	0.304	-0.21550000000000008
1.622	1.076	0.001	-0.271	1.3480000000000003
1.146	0.676	0.784	-0.232	0.127
0.228	-0.203	0.109	1.032	-0.0965
1.708	0.844	0.207	-1.166	1.069
1.404	1.086	0.893	0.832	0.3520000000000001
1.146	0.408	0.73	0.149	0.04699999999999993
1.081	0.783	0.576	0.645	0.356
0.87	0.24	-0.722	-0.627	1.277
1.636	1.38	0.43	-0.175	1.078
1.247	0.677	-0.534	0.153	1.496
1.777	1.181	1.028	-1.089	0.45100000000000007
0.066	0.199	-0.508	-0.673	0.6405000000000001
1.654	0.962	-0.725	-1.154	2.033
1.232	1.035	-0.469	-0.495	1.6025
1.135	0.727	0.385	-0.808	0.546
0.903	0.226	0.627	0.772	-0.0625
1.921	0.393	-0.635	-0.273	1.792
1.339	1.072	1.287	1.038	-0.0814999999999999
0.405	0.159	0.372	0.841	-0.08999999999999997
1.048	0.528	0.75	0.213	0.038000000000000034
1.114	0.76	1.0	0.558	-0.06299999999999994
0.933	0.997	0.684	-0.38	0.281
1.48	0.759	0.227	0.449	0.8925
1.212	1.075	1.382	0.733	-0.23849999999999993
0.204	0.319	0.093	0.169	0.1685
0.683	0.167	0.153	-0.131	0.272
1.86	1.112	0.416	-0.57	1.0700000000000003
1.826	1.13	0.344	-0.147	1.134
0.404	-0.342	-0.089	0.432	0.12
0.563	-0.015	0.419	0.621	-0.14500000000000002
1.332	0.809	-0.068	-0.163	1.1385
1.145	0.833	0.399	0.925	0.59
1.189	0.988	0.948	0.722	0.14050000000000007
1.477	0.604	0.03	-1.306	1.0105
0.883	0.712	0.04	-0.373	0.7575
-0.267	-0.807	-1.193	-0.073	0.656
0.652	0.134	0.513	-0.019	-0.12
1.451	1.729	1.461	1.484	0.129
-0.053	-0.075	-0.197	0.623	0.133
1.013	0.516	0.482	1.479	0.2825
0.921	0.571	0.312	0.008	0.434
0.956	1.053	0.693	0.339	0.3115
0.784	0.308	-0.141	-0.294	0.687
1.184	0.76	0.605	0.555	0.367
1.274	0.888	1.054	0.661	0.026999999999999913
1.079	1.02	1.445	-0.296	-0.39549999999999996
1.687	1.189	0.441	1.055	0.9970000000000001
0.924	0.712	0.097	0.181	0.7210000000000001
0.44	0.608	0.676	0.443	-0.15200000000000002
0.901	0.265	0.486	0.689	0.09699999999999998
1.5	0.71	1.067	0.948	0.038000000000000034
0.6	0.746	0.962	1.049	-0.2889999999999999
0.841	0.315	-0.712	-0.741	1.29
1.387	1.107	-0.254	-0.989	1.501
0.534	0.136	-0.119	0.29	0.454
1.13	0.578	0.12	0.609	0.7339999999999999
0.252	0.267	0.798	0.37	-0.5385
1.871	1.81	0.633	-1.131	1.2075
0.898	0.57	0.523	0.71	0.21099999999999997
1.733	1.333	1.177	0.038	0.35599999999999987
1.347	0.086	-0.728	0.508	1.4445000000000001
0.382	-0.032	-0.546	-0.734	0.7210000000000001
1.038	0.485	0.209	-0.4	0.5525000000000001
0.895	0.522	-0.327	-0.466	1.0355
1.085	0.603	0.501	0.318	0.34299999999999997
0.33	0.024	-0.066	-0.616	0.24300000000000002
1.726	0.944	-0.145	0.744	1.48
0.921	0.16	0.238	0.555	0.3025
0.824	0.637	0.086	0.957	0.6445
1.346	0.689	0.297	0.597	0.7205000000000001
1.241	0.003	-0.838	0.581	1.46
0.828	0.85	0.376	0.042	0.46299999999999997
0.72	0.517	0.499	-0.278	0.11950000000000005
1.096	-0.093	-1.409	-0.133	1.9105
1.578	0.524	0.389	0.904	0.6620000000000001
1.534	1.492	0.25	0.32	1.263
0.569	0.177	-0.395	-0.271	0.768
1.919	2.05	0.403	-0.239	1.5815
0.947	-0.011	-0.978	-0.69	1.446
1.17	0.154	-0.615	-0.358	1.277
0.432	-0.23	-0.116	1.04	0.217
1.033	0.448	-0.417	0.247	1.1575
1.543	0.859	0.91	-0.36	0.29100000000000004
1.678	0.222	-0.321	0.051	1.271
1.254	0.748	-0.334	-1.12	1.335
1.253	1.119	0.024	0.393	1.162
1.035	-0.358	-0.697	-0.112	1.0354999999999999
0.498	0.257	0.649	0.549	-0.2715
0.27	-0.407	-0.481	-0.764	0.4125
1.752	1.234	0.66	-0.058	0.8329999999999999
1.42	0.582	-0.021	-0.582	1.0219999999999998
1.601	1.202	1.379	-0.657	0.022499999999999964
1.273	0.075	-0.777	-0.06	1.451
1.244	0.732	1.103	0.839	-0.11499999999999999
1.274	0.956	-0.217	-0.027	1.332
0.665	0.638	0.893	0.243	-0.24150000000000005
1.465	1.184	1.463	0.843	-0.13850000000000007
1.223	0.731	0.313	-1.168	0.6640000000000001
0.827	0.722	0.597	-0.828	0.1775
0.539	-0.34	0.098	0.478	0.0015000000000000013
1.123	0.379	-0.217	0.211	0.968
0.667	0.487	0.465	0.964	0.11199999999999993
0.417	-0.283	-1.18	-0.347	1.2469999999999999
0.946	0.139	0.343	-0.047	0.19949999999999996
0.641	0.551	0.505	0.667	0.09100000000000008
1.682	1.546	0.859	-0.006	0.7549999999999999
1.636	1.185	0.167	-1.362	1.2434999999999998
1.382	0.456	0.083	0.642	0.836
1.403	0.385	0.256	0.904	0.638
1.755	1.329	-0.784	0.45	2.3259999999999996
0.373	-0.077	0.147	0.438	0.0010000000000000009
1.679	1.404	0.293	-0.846	1.2485000000000002
0.607	-0.634	-1.11	-0.188	1.0965
-0.061	-0.931	-1.173	-0.389	0.677
0.869	1.047	1.248	0.137	-0.29000000000000004
0.661	0.838	-0.729	-0.863	1.4785
1.176	0.14	-0.685	-0.401	1.343
0.306	0.122	-0.85	-0.406	1.064
1.474	1.288	-0.114	0.068	1.495
1.14	0.458	0.669	1.366	0.1299999999999999
0.84	1.474	1.881	1.16	-0.724
1.967	1.883	1.268	1.585	0.657
1.008	-0.033	-0.677	-0.642	1.1645
1.088	0.888	-0.195	-0.587	1.183
0.967	0.298	-0.702	-0.028	1.3344999999999998
1.609	0.995	0.41	-0.792	0.8920000000000001
1.106	0.379	-0.818	-0.014	1.5605
0.557	0.676	0.674	-0.308	-0.057499999999999996
1.926	1.842	1.119	-0.988	0.7649999999999999
0.732	0.223	-0.66	-0.923	1.1375
0.987	-0.133	-0.677	-0.279	1.104
0.644	-0.135	-0.449	0.114	0.7035
0.666	0.769	0.586	0.371	0.13150000000000006
1.27	1.244	0.279	0.174	0.9780000000000001
1.327	-0.152	-1.93	-0.632	2.5175
0.731	0.793	-0.162	0.382	0.924
0.33	0.426	0.887	-0.089	-0.509
1.245	0.914	0.144	0.531	0.9355000000000001
0.429	0.7	0.572	0.251	-0.007499999999999951
1.796	1.153	-0.157	-0.118	1.6315
0.466	0.478	0.447	-0.383	0.024999999999999967
0.514	0.01	0.662	0.07	-0.4
1.807	1.032	-0.627	-0.584	2.0465
0.57	-0.441	-0.383	0.438	0.4475
1.421	1.047	0.095	0.269	1.139
0.47	-0.471	0.397	1.076	-0.3975
0.974	0.92	0.669	0.159	0.278
1.724	1.563	1.106	0.425	0.5374999999999999
0.54	-0.078	-0.272	1.66	0.503
0.561	-0.12	0.569	0.693	-0.3484999999999999
0.61	0.279	1.073	-0.775	-0.6285
1.569	0.942	0.572	-0.344	0.6835000000000001
0.95	0.18	-0.948	-0.368	1.513
0.55	0.818	1.016	0.582	-0.3320000000000001
1.463	0.893	0.342	-0.588	0.8359999999999999
0.853	0.448	0.096	0.254	0.5545
1.245	0.983	-0.765	-0.618	1.879
1.758	1.094	0.314	-0.816	1.112
1.903	1.144	-0.149	-0.532	1.6724999999999999
1.217	0.493	-0.387	-0.164	1.242
1.575	1.084	-0.181	-0.991	1.5105
1.501	1.256	1.458	1.072	-0.07950000000000013
0.223	0.453	1.123	1.047	-0.7849999999999999
0.14	-0.193	-0.631	-0.588	0.6045
1.737	1.192	-0.304	-0.961	1.7685000000000002
1.045	0.924	-0.538	-0.587	1.5225
1.455	0.739	0.02	0.719	1.077
1.424	1.295	1.301	0.196	0.058499999999999996
1.015	1.129	1.051	0.662	0.02100000000000013
1.634	-0.004	-0.79	-0.308	1.605
1.006	0.586	-0.749	-0.713	1.545
0.6	0.199	0.208	-0.899	0.19149999999999998
1.415	0.741	-0.194	-0.033	1.272
1.184	-0.074	-0.082	0.621	0.6369999999999999
1.284	0.789	0.514	0.242	0.5225
1.009	0.979	1.076	1.06	-0.08200000000000007
1.214	0.121	-0.348	1.001	1.0154999999999998
0.841	0.774	-0.031	-0.22	0.8385
0.828	0.003	-0.568	-0.786	0.9834999999999999
0.952	0.694	0.141	0.45	0.6819999999999999
2.154	1.547	-0.152	-0.977	2.0025
0.741	0.431	0.075	-0.257	0.511
-0.156	-0.098	-0.027	-0.472	-0.1
1.064	0.482	-0.908	-1.025	1.681
0.94	0.948	1.045	0.406	-0.10099999999999998
1.538	0.951	0.834	0.381	0.4105
1.405	1.256	1.899	0.702	-0.5685
0.8	0.555	0.146	-0.797	0.5315
1.251	0.87	1.177	1.665	-0.11650000000000005
0.366	-0.002	0.517	1.019	-0.335
1.959	0.858	-0.431	-0.444	1.8395000000000001
1.091	0.634	0.308	-0.748	0.5545
0.345	-0.344	-1.219	0.398	1.2195
0.947	0.127	-0.689	0.843	1.226
0.363	0.317	-0.146	0.405	0.486
0.911	0.717	0.539	0.789	0.275
1.727	1.367	0.387	-0.987	1.1600000000000001
1.497	1.223	-0.151	-0.344	1.5110000000000001
0.96	-0.129	-0.363	-0.235	0.7785
0.695	0.639	0.724	-0.119	-0.05699999999999994
1.504	0.456	-0.571	-0.192	1.551
0.615	0.7	0.168	-0.097	0.48949999999999994
1.399	0.608	0.468	0.05	0.5355000000000001
1.585	0.644	-0.045	-0.124	1.1595
1.61	0.69	-0.402	-0.071	1.552
0.709	0.749	0.985	-0.148	-0.256
0.325	-0.165	-0.689	-1.13	0.7689999999999999
0.434	0.7	0.473	-0.669	0.09399999999999997
1.074	0.564	0.367	0.466	0.45199999999999996
0.397	0.038	0.386	-0.38	-0.1685
1.86	1.45	1.265	0.967	0.3900000000000001
-0.191	-1.23	-0.709	1.219	-0.0015000000000000568
1.162	0.207	0.907	1.424	-0.22250000000000003
1.082	0.099	-0.904	-0.685	1.4945
1.474	0.87	0.47	-0.269	0.702
0.822	0.223	-0.16	0.552	0.6825
1.88	0.796	-0.015	-0.636	1.353
1.055	0.736	-0.138	-0.121	1.0335
0.577	-0.363	0.021	-0.602	0.08599999999999998
0.346	-0.289	-1.147	0.411	1.1755
0.706	0.639	0.441	1.043	0.23149999999999998
0.794	0.378	0.825	0.724	-0.23899999999999988
1.484	1.066	0.45	0.083	0.825
1.66	1.495	0.474	-1.068	1.1035000000000001
0.798	0.079	0.084	-0.652	0.3545
0.954	0.186	-0.704	0.794	1.274
1.295	1.231	0.929	-0.263	0.33399999999999985
1.605	-0.05	0.029	0.365	0.7484999999999999
0.764	0.487	0.961	1.695	-0.3355
1.754	1.862	0.585	-0.557	1.223
1.257	0.291	0.37	-0.019	0.4039999999999999
1.836	1.188	0.567	-0.617	0.9450000000000001
0.951	0.758	-0.557	0.091	1.4115000000000002
0.96	0.291	-0.359	0.322	0.9844999999999999
1.317	0.928	0.233	-0.465	0.8895000000000001
1.188	-0.192	-0.685	-1.207	1.183
0.789	0.305	-0.23	0.348	0.777
0.743	-0.401	-0.235	0.524	0.40599999999999997
1.261	1.228	1.193	0.548	0.05149999999999988
1.493	0.892	0.335	-0.119	0.8575000000000002
0.701	0.044	-0.769	-0.611	1.1415
1.015	1.113	1.364	0.172	-0.30000000000000004
1.567	0.357	-0.707	1.067	1.669
0.966	0.692	0.295	-0.342	0.534
1.24	1.037	0.411	-0.847	0.7275
1.07	0.64	0.613	0.057	0.242
0.91	0.53	0.584	0.581	0.136
1.257	0.852	0.614	0.789	0.4405
1.493	0.698	-0.177	-0.324	1.2725
1.717	0.928	0.092	-0.24	1.2305
1.134	1.027	0.721	0.891	0.3594999999999998
0.929	0.054	0.529	0.249	-0.03749999999999998
0.406	0.037	0.464	0.834	-0.24250000000000002
1.466	0.928	1.027	1.029	0.17000000000000015
0.985	-0.177	-0.623	1.47	1.0270000000000001
0.327	-0.195	-0.414	-0.238	0.48
0.996	0.19	-0.155	0.23	0.748
0.878	1.14	0.954	-0.82	0.05499999999999994
0.695	0.101	0.234	0.032	0.16399999999999995
1.174	0.897	0.594	0.332	0.4414999999999999
0.638	0.667	0.84	0.652	-0.1874999999999999
1.325	0.87	-0.69	-0.629	1.7874999999999999
0.399	0.322	-0.049	-0.336	0.40950000000000003
0.925	0.68	1.259	0.652	-0.4564999999999999
2.386	2.09	0.651	-0.91	1.587
0.768	0.786	-0.324	-0.504	1.101
1.664	1.08	0.468	-0.916	0.9039999999999999
1.009	0.304	0.779	-0.042	-0.12250000000000005
1.113	0.298	-0.408	-0.632	1.1135
1.373	1.37	-0.015	-0.414	1.3865
1.174	0.05	-1.145	-0.81	1.7570000000000001
0.826	0.379	-0.888	0.098	1.4905
1.771	1.149	0.592	1.164	0.868
1.056	0.993	1.101	0.584	-0.07650000000000001
1.298	0.837	0.958	1.12	0.10949999999999993
1.478	0.591	-0.204	-1.074	1.2385
1.045	0.739	-0.834	1.126	1.726
0.788	0.604	0.063	0.29	0.633
1.366	1.344	0.061	-0.717	1.294
0.988	0.498	-0.406	-0.283	1.149
0.797	0.977	0.992	0.642	-0.10499999999999998
2.086	0.781	-1.019	-0.09	2.4524999999999997
1.05	0.611	-0.09	-0.869	0.9205
0.91	0.522	0.128	0.231	0.588
1.54	0.687	0.258	-0.84	0.8555000000000001
0.501	0.568	0.035	-0.245	0.49949999999999994
0.587	-0.878	-0.676	0.239	0.5305
1.435	1.399	1.165	-0.971	0.252
1.385	1.449	0.891	0.79	0.526
0.625	0.2	0.708	1.219	-0.2955
1.522	0.695	-0.709	-0.995	1.8175
1.327	0.955	1.453	0.539	-0.31200000000000006
1.866	1.104	0.178	0.745	1.3070000000000002
0.65	0.015	-0.487	0.137	0.8195
0.627	0.498	0.541	0.201	0.021499999999999964
0.425	-0.055	0.458	0.673	-0.273
1.574	-0.056	-0.203	-0.531	0.962
0.763	-0.038	-0.541	0.442	0.9035
0.057	-0.606	0.48	0.284	-0.7545
1.31	0.237	0.347	-0.213	0.4265000000000001
1.557	1.224	0.384	0.044	1.0065
0.89	0.381	-0.185	0.797	0.8205
1.037	0.544	-0.032	-0.233	0.8225
0.765	0.877	1.867	1.251	-1.046
0.08	0.607	0.677	1.54	-0.3335000000000001
1.44	1.012	0.174	0.277	1.052
1.202	0.837	0.55	0.401	0.4694999999999998
0.927	0.88	0.664	0.047	0.23949999999999994
0.72	-0.226	-0.639	-0.022	0.886
1.338	0.751	-0.084	-0.848	1.1285
0.847	0.33	-0.247	0.412	0.8355
-0.02	-0.524	-0.663	-0.206	0.391
0.868	0.728	0.83	1.487	-0.03199999999999992
1.252	0.716	0.511	0.421	0.473
0.686	-0.085	-0.364	0.403	0.6645000000000001
1.262	0.625	0.396	0.794	0.5475
1.199	1.396	0.848	0.411	0.4494999999999999
0.375	0.055	-0.443	-0.875	0.658
0.505	0.532	1.148	0.21	-0.6295
0.696	0.626	0.521	0.567	0.14
1.482	0.44	0.903	0.788	0.05799999999999994
1.329	0.835	-1.423	0.094	2.505
0.723	0.516	0.759	0.642	-0.13950000000000007
1.344	0.75	0.054	0.605	0.9930000000000001
1.776	1.932	1.169	0.142	0.685
2.115	1.607	1.359	-0.06	0.5020000000000002
1.084	1.034	0.516	0.666	0.5430000000000001
1.497	0.713	-0.628	-0.368	1.733
0.667	-0.012	-0.648	-0.153	0.9755
1.333	0.647	0.722	-0.019	0.268
1.437	0.28	-0.409	0.299	1.2675
1.108	0.195	0.048	0.396	0.6035
0.566	0.039	-0.541	0.139	0.8435
1.776	1.174	-0.028	-0.463	1.5030000000000001
1.005	0.025	-0.523	-0.015	1.0379999999999998
1.088	0.642	-0.968	-0.909	1.833
2.273	1.291	0.211	-0.933	1.571
0.871	0.996	0.377	0.653	0.5565
1.478	1.294	-0.124	-0.629	1.5100000000000002
1.437	1.063	1.679	0.183	-0.42900000000000005
1.607	0.573	-0.088	-0.409	1.178
1.822	1.473	1.436	0.762	0.21150000000000002
1.041	0.743	1.547	1.454	-0.655
1.161	0.365	-0.644	-0.495	1.407
0.723	0.576	0.51	-0.072	0.13949999999999996
1.307	0.0	-1.248	-0.653	1.9015
1.757	0.752	-0.121	-0.009	1.3755
1.337	0.545	-0.745	-0.971	1.686
1.338	0.625	0.411	-0.162	0.5705
1.684	1.496	0.457	-0.948	1.1329999999999998
-0.001	-0.703	-1.727	-0.276	1.375
1.042	-0.089	0.253	1.262	0.22350000000000003
0.894	0.589	-0.457	0.313	1.1985000000000001
1.017	1.31	1.024	0.5	0.13949999999999996
1.219	0.777	-0.17	-0.409	1.168
1.576	1.064	0.812	1.052	0.508
0.729	0.207	0.101	0.548	0.367
0.631	0.682	1.276	0.221	-0.6194999999999999
0.804	0.576	0.508	0.935	0.18199999999999994
0.701	0.896	0.646	-0.206	0.15249999999999997
0.817	0.691	0.198	-0.345	0.556
1.462	1.409	0.069	-0.057	1.3665
1.366	1.032	0.867	0.536	0.3320000000000001
0.958	0.687	0.2	-0.456	0.6225
0.558	0.551	0.24	-0.251	0.3145
0.959	0.494	0.473	0.773	0.25349999999999995
1.146	0.94	-0.704	-0.172	1.7469999999999999
0.934	0.968	1.013	-1.099	-0.06199999999999983
1.226	1.178	0.418	0.257	0.784
0.663	-0.04	0.169	0.981	0.1425
1.516	0.314	-0.477	-0.523	1.392
1.785	1.741	0.247	0.299	1.516
1.081	0.289	-0.148	0.652	0.833
0.404	-0.54	-0.119	0.939	0.05099999999999999
1.489	0.813	0.056	0.022	1.095
0.921	0.173	-0.634	-0.871	1.181
1.048	0.496	0.696	0.887	0.07600000000000007
0.873	0.411	0.007	-0.339	0.635
1.956	1.715	1.516	1.103	0.3195000000000001
1.036	0.785	0.54	1.026	0.37050000000000005
1.54	0.909	-0.248	-0.174	1.4725
1.624	1.461	0.163	-0.468	1.3795
0.689	0.599	0.23	0.232	0.4139999999999999
0.803	-0.026	-0.525	0.163	0.9135
1.71	0.375	0.406	0.492	0.6365
1.148	0.891	0.409	-0.875	0.6104999999999998
1.481	1.319	0.393	0.217	1.007
0.845	0.131	-0.576	-0.429	1.064
1.089	0.932	1.014	1.068	-0.0035000000000000586
1.31	0.367	-0.124	1.225	0.9625
1.554	0.322	-0.627	0.365	1.565
0.581	-0.234	-0.086	1.393	0.25949999999999995
0.431	0.482	1.082	0.021	-0.6255000000000001
0.39	0.32	-0.323	-0.664	0.6779999999999999
0.769	0.474	-0.061	0.573	0.6824999999999999
0.156	0.039	-0.301	-1.335	0.39849999999999997
1.406	0.639	0.732	0.136	0.2905
0.335	-0.215	0.006	0.604	0.05400000000000001
0.27	0.623	1.439	0.669	-0.9925
1.144	0.718	-0.344	-0.313	1.275
0.767	0.344	0.683	0.361	-0.12750000000000006
0.566	0.063	-0.06	-0.414	0.3745
1.737	1.124	-0.034	0.304	1.4645000000000001
1.114	0.149	-1.198	0.171	1.8295
0.562	0.439	0.017	-0.603	0.48350000000000004
1.565	0.593	0.02	-0.157	1.059
0.257	0.372	0.583	0.598	-0.26849999999999996
1.751	1.441	-0.046	-0.688	1.6420000000000001
0.703	0.334	-0.706	-0.064	1.2245
1.093	0.53	-0.29	-0.861	1.1015
1.873	1.171	0.783	0.407	0.739
0.549	-0.303	-0.35	-0.075	0.473
0.629	0.185	0.377	0.912	0.030000000000000027
0.058	0.555	0.64	-0.111	-0.33349999999999996
0.701	-0.416	-0.649	0.069	0.7915
1.458	1.135	-0.192	0.203	1.4885
1.046	0.477	0.383	-0.419	0.37850000000000006
0.784	0.579	1.304	1.128	-0.6225
1.489	1.36	1.463	0.069	-0.03849999999999998
1.402	0.667	0.866	-0.142	0.16849999999999998
1.838	1.105	1.046	0.362	0.4255
1.199	0.631	-0.026	-0.426	0.9410000000000001
1.522	1.469	1.091	0.071	0.4045000000000001
0.899	0.803	0.242	-0.433	0.609
0.932	0.929	0.356	0.762	0.5745000000000001
1.377	1.404	0.173	-0.677	1.2174999999999998
1.575	0.952	0.367	-0.321	0.8965000000000001
1.383	1.388	0.705	-0.441	0.6805
0.861	0.385	-0.5	-1.322	1.123
1.241	0.636	0.439	0.184	0.4995000000000001
1.457	1.142	0.262	-0.633	1.0375
0.006	-1.003	-0.035	-0.038	-0.4634999999999999
0.673	0.625	-0.476	-0.153	1.125
1.581	1.775	0.747	0.769	0.9309999999999999
1.872	0.944	0.633	0.374	0.7749999999999999
0.64	0.314	-0.088	-0.383	0.565
0.741	0.359	0.104	-0.475	0.44600000000000006
0.321	-0.301	0.176	-0.789	-0.16599999999999998
1.503	0.914	0.426	-0.207	0.7825
1.077	0.845	1.05	1.024	-0.08900000000000008
1.239	0.694	-1.096	-1.289	2.0625
0.882	0.26	-0.185	-0.917	0.756
1.604	0.401	0.511	-0.484	0.49149999999999994
1.331	0.98	0.192	-0.014	0.9635
0.627	0.309	-0.491	0.238	0.959
0.124	0.083	0.351	-0.045	-0.24749999999999997
1.326	1.356	-0.065	-0.546	1.4060000000000001
1.089	0.743	0.27	1.043	0.6459999999999999
0.661	0.544	-0.084	-0.114	0.6865
0.079	0.227	0.795	-0.715	-0.642
1.775	0.665	-0.633	-0.532	1.853
1.048	0.615	0.36	-0.33	0.47150000000000003
1.465	0.172	-0.556	-0.112	1.3745
0.741	0.296	1.019	-0.236	-0.5005
0.758	0.96	0.219	0.467	0.64
0.93	1.145	0.632	-0.738	0.4055000000000001
1.361	0.803	-0.809	-0.211	1.891
0.751	1.308	1.174	0.823	-0.14449999999999985
0.712	0.637	-0.389	-0.676	1.0635
1.075	1.635	1.791	0.889	-0.43599999999999994
0.682	0.803	1.189	1.022	-0.4465
0.182	-0.32	0.14	1.859	-0.20900000000000002
1.036	0.869	0.879	-0.506	0.07350000000000001
0.905	0.426	0.296	0.711	0.3695
0.615	0.666	0.28	-0.476	0.36050000000000004
1.892	1.054	0.008	-0.231	1.4649999999999999
0.953	1.211	1.605	0.576	-0.5229999999999999
1.238	0.216	0.1	0.273	0.627
1.22	0.847	0.086	-0.427	0.9475000000000001
1.181	1.031	-0.126	-0.246	1.2319999999999998
1.44	0.937	0.525	0.888	0.6634999999999999
0.52	-0.086	0.137	0.354	0.08000000000000002
0.402	-0.628	-1.194	0.641	1.081
1.592	1.549	0.439	-0.822	1.1315
0.68	0.286	0.31	-1.085	0.173
0.573	1.09	0.972	0.299	-0.14049999999999996
0.823	-0.161	0.279	-0.847	0.051999999999999935
0.938	-0.236	0.28	0.617	0.07099999999999995
0.595	-0.353	-0.785	0.188	0.906
1.011	0.579	-0.789	-1.442	1.584
0.834	0.212	-0.473	-0.021	0.996
1.357	1.17	0.832	-0.023	0.4315000000000001
0.772	0.412	-0.23	-0.438	0.822
0.316	0.081	-0.083	-0.374	0.28150000000000003
1.617	0.152	0.11	-0.568	0.7745
1.088	0.025	-0.899	-0.149	1.4555
0.844	-0.056	0.305	0.143	0.08899999999999997
-0.116	-0.213	1.101	1.034	-1.2655
0.385	0.767	1.301	1.37	-0.7249999999999999
1.193	0.556	0.25	0.352	0.6245
1.125	1.218	0.135	-0.357	1.0365
1.758	0.98	0.079	-0.087	1.29
0.443	-0.085	-0.196	0.17	0.375
0.914	0.737	0.588	0.447	0.23750000000000004
0.856	0.711	0.862	0.653	-0.07850000000000001
1.273	0.668	-0.689	-0.173	1.6595
0.24	0.032	0.495	0.143	-0.359
1.654	0.355	-0.998	0.76	2.0025
0.911	0.815	0.366	-0.671	0.497
0.891	0.301	-0.012	0.677	0.608
1.237	1.507	1.007	1.014	0.365
1.93	1.997	0.735	-0.095	1.2285
0.452	0.016	0.577	-0.145	-0.34299999999999997
0.771	0.144	0.346	1.103	0.11150000000000004
0.598	0.005	-1.302	-0.534	1.6035
0.984	0.536	0.42	1.09	0.34
1.301	-0.194	-1.024	-0.516	1.5775000000000001
1.671	1.485	1.212	-0.823	0.3660000000000001
0.721	0.488	-0.785	0.627	1.3895
0.845	0.475	-0.012	-0.225	0.6719999999999999
1.497	1.262	0.602	1.194	0.7775000000000002
0.85	-0.002	-0.655	0.27	1.079
0.379	0.106	-0.201	0.324	0.4435
1.406	0.598	0.219	-0.284	0.783
0.795	0.512	0.41	0.717	0.2435
0.914	0.303	-0.58	0.436	1.1885
1.359	1.083	1.131	-0.126	0.09000000000000008
1.768	1.13	0.544	-0.239	0.9049999999999998
0.991	1.059	0.821	0.516	0.20399999999999996
0.915	0.066	0.194	-0.272	0.29650000000000004
1.981	1.388	0.371	0.19	1.3135
1.186	0.162	-0.414	0.204	1.0879999999999999
0.832	0.308	-0.017	-0.114	0.587
1.788	1.397	1.141	0.382	0.4515
2.058	1.405	0.368	-0.432	1.3635000000000002
1.075	0.993	0.075	-0.244	0.9590000000000001
1.423	0.476	0.103	-0.538	0.8465
0.527	-0.122	0.239	0.536	-0.03649999999999998
0.891	0.929	0.583	0.343	0.32700000000000007
-0.154	0.211	1.017	0.933	-0.9884999999999999
0.011	0.084	-0.295	0.458	0.34249999999999997
0.647	-0.006	-0.42	0.069	0.7404999999999999
0.741	0.993	1.086	-0.149	-0.21900000000000008
1.319	1.305	0.102	1.109	1.2099999999999997
1.847	1.269	0.527	-0.334	1.0309999999999997
1.05	0.901	0.042	-0.797	0.9335
0.662	0.292	-0.998	-0.174	1.475
0.827	0.089	-0.608	0.092	1.0659999999999998
0.328	-0.102	0.197	0.195	-0.08399999999999999
1.12	1.209	0.492	-0.436	0.6725000000000001
0.52	-0.206	-0.296	1.194	0.453
0.861	0.387	0.041	-0.967	0.583
1.819	1.409	0.452	-0.671	1.162
1.096	1.086	0.531	0.056	0.5600000000000002
0.557	0.664	0.663	0.41	-0.05249999999999999
0.53	-0.05	0.136	0.421	0.10400000000000001
0.995	0.844	0.737	-0.113	0.1825
0.813	0.831	0.941	0.546	-0.119
1.177	0.775	0.691	0.443	0.28500000000000003
1.064	0.127	0.013	0.03	0.5825
0.155	-0.181	-0.693	0.11	0.6799999999999999
1.057	0.948	0.828	0.199	0.1745
-0.419	-1.056	-0.688	-0.063	-0.0495000000000001
1.088	0.755	0.285	-0.727	0.6365000000000001
1.385	1.044	0.796	-0.516	0.4185000000000001
1.223	0.313	0.42	0.507	0.34800000000000003
1.174	1.427	1.344	0.748	-0.043500000000000094
1.245	0.903	0.566	-0.785	0.5080000000000001
1.327	0.947	0.538	-0.693	0.599
1.465	-0.03	0.67	0.703	0.04749999999999999
1.008	0.873	0.259	0.549	0.6815
0.666	0.627	0.322	0.529	0.32450000000000007
1.213	0.644	1.178	0.755	-0.24949999999999983
0.898	0.314	-0.119	1.204	0.725
1.112	1.271	1.11	0.297	0.0814999999999999
1.149	0.355	0.153	0.578	0.599
1.146	0.571	-0.523	0.067	1.3815
1.835	1.238	0.812	1.008	0.7244999999999999
1.488	0.581	-0.41	-0.701	1.4445
1.083	1.145	0.861	0.231	0.2529999999999999
0.696	0.33	0.763	0.772	-0.25
0.97	1.417	0.497	-0.442	0.6965
1.309	0.461	0.28	0.482	0.605
1.224	1.097	0.233	0.274	0.9274999999999999
0.711	0.003	0.863	0.408	-0.506
0.833	0.741	0.939	0.593	-0.15200000000000002
1.595	0.881	0.834	-0.472	0.404
1.599	1.257	1.007	-0.477	0.42100000000000004
1.07	1.483	1.349	-0.44	-0.07250000000000001
1.224	0.857	0.566	-0.98	0.47450000000000003
0.977	0.173	-0.313	-0.832	0.8879999999999999
0.715	0.146	0.147	-0.23	0.2835
1.232	1.376	1.839	0.228	-0.5350000000000001
1.896	1.294	0.559	0.617	1.036
1.135	1.007	1.278	0.151	-0.20700000000000007
1.687	1.765	0.615	-0.265	1.111
0.815	0.261	-0.08	0.473	0.618
1.498	0.946	-0.004	-1.451	1.226
0.646	0.758	0.746	0.944	-0.04400000000000004
0.852	0.555	0.21	-0.611	0.49350000000000005
0.887	0.257	-0.193	-0.245	0.7650000000000001
0.968	0.385	0.434	-0.873	0.2425
1.712	1.245	1.353	0.213	0.12549999999999994
1.255	0.678	0.565	0.797	0.40149999999999997
1.312	-0.216	-1.424	-0.29	1.972
0.71	0.913	0.951	1.01	-0.13949999999999996
1.725	1.535	0.632	0.906	0.9979999999999999
1.332	1.136	-0.131	0.359	1.365
0.805	0.04	-0.627	0.88	1.0495
1.252	0.973	0.32	-0.586	0.7925
2.168	1.381	-0.468	-1.07	2.2425
0.58	0.208	0.293	0.105	0.10099999999999998
1.077	0.75	-0.368	0.481	1.2814999999999999
0.194	0.038	0.689	-0.171	-0.573
1.513	1.38	0.466	0.166	0.9804999999999999
1.151	0.681	0.464	0.423	0.452
0.788	0.271	-0.171	1.339	0.7005000000000001
2.105	1.829	1.34	-0.525	0.627
0.47	0.191	0.393	-0.493	-0.0625
1.219	-0.274	-0.737	-0.05	1.2095
0.958	-0.141	-0.29	1.018	0.6984999999999999
0.491	0.606	1.014	0.206	-0.4655
1.252	-0.201	-0.134	0.583	0.6595
1.243	0.551	0.553	-0.172	0.344
1.02	0.263	-0.615	0.035	1.2565
1.893	1.233	0.593	-0.582	0.9700000000000002
1.359	1.767	1.495	1.72	0.06799999999999984
1.289	0.95	0.609	0.258	0.5105
1.698	1.544	0.972	-0.768	0.649
1.294	0.691	-0.396	-1.095	1.3885
1.178	1.125	0.302	-0.962	0.8494999999999999
0.806	0.592	-0.293	0.243	0.992
0.539	-0.673	-1.112	-0.407	1.0450000000000002
2.0	1.044	0.301	-0.524	1.221
0.316	-0.165	-0.063	0.147	0.1385
1.961	1.174	0.57	0.146	0.9974999999999999
0.785	0.168	-0.774	-0.979	1.2505000000000002
1.019	1.063	0.646	0.088	0.3949999999999999
0.774	0.427	-0.014	0.317	0.6145
1.076	0.776	0.143	0.302	0.783
1.667	1.002	0.119	0.136	1.2155
0.965	0.198	0.37	-0.283	0.21150000000000002
1.703	1.336	0.498	0.635	1.0215
1.012	1.012	1.653	0.512	-0.641
1.903	1.532	0.052	-0.21	1.6655
1.171	0.459	0.253	0.256	0.562
1.133	1.107	1.213	1.037	-0.09299999999999997
0.887	0.22	-0.698	0.16	1.2515
0.442	-0.282	-0.374	0.481	0.454
0.573	-0.136	-1.051	0.645	1.2694999999999999
1.534	0.376	-0.007	-0.15	0.9620000000000001
0.515	0.731	0.313	-0.733	0.31
0.666	0.195	-0.202	0.06	0.6325000000000001
0.375	-0.13	-0.674	0.489	0.7965
1.084	0.847	0.561	0.657	0.40449999999999997
0.712	0.374	-0.197	-0.16	0.74
-0.223	-0.6	-1.461	-0.689	1.0495
1.381	0.68	-0.514	0.326	1.5445
0.744	-0.419	-0.345	0.824	0.5075
1.766	1.38	-0.061	-1.017	1.634
-0.21	-0.36	-1.153	1.095	0.8680000000000001
0.349	0.13	1.588	0.051	-1.3485
0.632	0.486	-0.381	-1.325	0.94
1.33	1.053	0.835	-0.269	0.35650000000000004
1.861	0.961	0.375	-1.296	1.036
1.51	1.202	-0.303	0.339	1.6589999999999998
0.915	-0.4	-1.132	-0.628	1.3895
-0.288	-1.082	-1.029	-0.384	0.34399999999999986
0.619	-0.015	-0.317	0.295	0.619
0.404	0.562	0.341	0.851	0.14200000000000002
1.499	0.823	0.494	-1.148	0.667
1.561	1.546	1.137	0.07	0.4165000000000001
0.991	0.679	-0.154	-0.016	0.989
1.116	0.5	0.501	0.065	0.30700000000000005
0.076	-0.345	0.004	0.196	-0.13849999999999998
1.19	0.79	0.485	0.542	0.505
1.66	1.158	0.315	0.613	1.0939999999999999
1.483	0.689	-0.112	-0.582	1.1980000000000002
1.313	1.115	0.445	-0.17	0.7689999999999999
1.173	0.516	-0.312	-1.12	1.1565
1.231	0.208	-0.228	-0.016	0.9475
0.603	0.253	0.65	0.187	-0.22200000000000003
0.973	0.275	-0.908	-0.086	1.532
1.147	0.567	-0.179	-0.016	1.036
1.013	0.691	0.106	0.301	0.7459999999999999
1.515	0.964	0.165	-0.04	1.0745
0.027	-0.66	-0.359	0.507	0.04249999999999998
1.194	0.46	-1.324	-1.034	2.151
0.955	0.179	0.308	-0.929	0.25899999999999995
1.503	1.042	0.856	0.765	0.4165
1.286	0.599	1.541	1.001	-0.5984999999999999
1.068	0.769	1.111	1.463	-0.1924999999999999
1.232	1.399	1.295	-0.243	0.020500000000000185
1.473	0.419	-0.991	-0.451	1.937
1.096	0.902	0.415	-0.29	0.5840000000000001
0.969	0.564	0.349	0.692	0.4175
1.533	0.682	0.9	1.202	0.2074999999999999
0.953	0.81	0.994	-0.067	-0.11250000000000004
1.107	0.347	-0.644	-0.143	1.371
1.642	1.504	0.791	0.302	0.7819999999999999
1.033	-0.084	0.301	0.266	0.1735
1.393	0.92	0.452	-0.28	0.7045000000000001
0.559	0.131	0.357	-0.628	-0.011999999999999955
1.046	0.588	0.288	0.233	0.5289999999999999
0.293	-0.532	-1.239	-0.664	1.1195000000000002
1.516	0.779	-0.062	0.055	1.2095
1.084	1.013	0.587	0.046	0.4615
1.263	0.682	0.017	-0.54	0.9554999999999999
1.815	1.478	0.332	0.81	1.3145
0.624	-0.255	-0.722	-0.558	0.9065
0.594	0.278	-0.147	-0.099	0.583
0.426	-0.459	-1.077	-0.959	1.0605
1.104	0.525	0.1	0.032	0.7145
0.878	0.124	-0.772	-0.184	1.2730000000000001
1.479	1.221	0.26	0.406	1.09
0.832	0.716	0.759	-0.007	0.015000000000000013
0.822	0.339	-0.223	-0.371	0.8035
0.497	-0.046	-0.556	-0.089	0.7815000000000001
1.13	0.76	0.617	-0.35	0.32799999999999996
0.659	0.587	1.315	0.731	-0.692
0.183	0.016	-0.245	-0.936	0.34450000000000003
0.694	-0.002	-0.032	-0.199	0.378
0.475	0.019	0.276	0.551	-0.029000000000000026
1.126	0.094	-1.373	0.406	1.983
1.373	1.234	0.833	0.313	0.47050000000000014
1.224	0.513	-0.661	0.281	1.5295
1.275	0.331	-1.086	0.218	1.889
0.677	0.468	0.378	-0.466	0.1945
0.518	0.112	0.253	0.596	0.062
0.54	0.296	0.662	-0.11	-0.244
0.649	-0.059	-0.081	-0.462	0.37600000000000006
0.92	-0.484	-0.501	0.155	0.7190000000000001
1.608	0.259	0.146	-0.183	0.7875
1.022	0.536	-0.018	0.175	0.797
0.616	-0.335	0.476	0.29	-0.3355
0.997	1.004	0.265	-0.142	0.7354999999999999
0.773	-0.176	-0.291	-0.087	0.5894999999999999
1.648	0.96	-0.639	-1.078	1.9429999999999998
1.198	1.258	1.758	-0.242	-0.53
0.906	0.663	-0.46	-0.373	1.2445
1.38	1.502	0.26	0.448	1.1809999999999998
0.224	0.334	1.048	1.115	-0.769
0.878	0.7	0.383	1.063	0.4059999999999999
1.042	1.015	1.184	0.456	-0.15549999999999997
1.085	0.533	-0.318	-0.453	1.127
0.933	0.415	0.546	-0.099	0.128
0.77	0.7	1.018	1.053	-0.28300000000000003
0.276	0.023	0.05	-0.137	0.09950000000000002
0.613	0.684	0.608	0.258	0.04050000000000009
0.943	0.738	0.918	1.26	-0.07750000000000001
0.789	0.575	-0.317	1.242	0.9989999999999999
1.087	0.831	0.111	0.244	0.848
1.547	1.213	0.546	-0.619	0.8339999999999999
1.0	1.194	1.25	-0.152	-0.15300000000000002
0.396	0.058	0.195	1.187	0.032
1.091	0.505	0.644	-0.037	0.15400000000000003
0.57	-0.405	-1.05	0.322	1.1325
0.651	0.108	-0.068	0.336	0.4475
0.564	0.071	0.592	0.856	-0.2745
0.527	-0.152	-0.64	-0.524	0.8275
1.278	1.027	0.639	-0.184	0.5134999999999998
1.054	0.703	0.292	-0.168	0.5865
0.952	0.162	0.268	-0.555	0.2889999999999999
1.2	1.115	0.656	-0.198	0.5015
0.25	0.074	-0.206	-0.238	0.368
0.707	0.435	0.3	-0.458	0.27099999999999996
0.302	0.204	0.134	-0.908	0.119
1.142	0.949	1.177	1.065	-0.13150000000000017
1.111	0.845	1.073	0.911	-0.09499999999999997
0.686	0.386	0.521	1.343	0.015000000000000013
1.277	1.35	1.266	0.649	0.047499999999999876
1.581	1.641	0.943	0.493	0.668
0.707	0.687	1.251	1.176	-0.5539999999999998
1.147	0.596	0.96	0.036	-0.08850000000000002
1.168	0.298	-0.319	-0.741	1.052
1.391	1.386	0.891	0.377	0.49750000000000005
1.603	1.229	0.056	0.348	1.3599999999999999
-0.239	-0.304	1.22	0.426	-1.4914999999999998
1.369	0.678	-0.458	1.219	1.4815
0.859	0.246	-0.073	0.354	0.6255
0.523	-0.439	-0.287	0.099	0.32899999999999996
-0.102	-0.736	-0.938	0.209	0.5189999999999999
1.527	1.049	0.463	-0.62	0.8249999999999997
0.923	-0.13	-0.189	-0.455	0.5855
1.126	0.52	-0.263	-0.27	1.0859999999999999
1.444	0.885	1.107	0.387	0.057499999999999885
0.78	0.306	0.354	0.98	0.18900000000000006
0.563	0.428	-0.085	-0.771	0.5804999999999999
1.513	1.65	0.476	-0.189	1.1055
0.462	0.038	0.804	0.681	-0.554
0.979	1.309	0.75	0.471	0.3939999999999999
1.06	0.629	-0.758	-0.286	1.6025
1.473	0.803	-0.305	0.195	1.443
1.272	1.458	1.316	0.463	0.04899999999999993
1.526	1.074	0.49	0.775	0.81
1.771	1.448	1.601	0.584	0.008499999999999952
1.048	0.856	0.185	0.616	0.7669999999999999
0.565	0.78	1.064	0.362	-0.39150000000000007
1.057	0.836	0.947	0.912	-0.000500000000000056
0.956	-0.004	-0.363	-0.494	0.839
0.57	0.667	1.446	1.774	-0.8274999999999999
0.891	0.392	0.344	0.679	0.2975
1.981	1.375	0.824	1.268	0.854
1.098	1.035	0.51	0.532	0.5565
0.293	-0.263	0.242	0.195	-0.227
1.764	0.929	0.406	-0.302	0.9405
0.251	-0.183	-0.329	-0.66	0.363
0.853	0.848	0.731	-0.261	0.11950000000000005
0.064	-0.633	-1.23	-0.3	0.9455
0.919	0.572	0.12	-0.117	0.6255000000000001
1.321	1.011	1.09	0.781	0.07599999999999985
1.472	0.165	-0.411	0.896	1.2295
0.601	0.035	0.253	0.909	0.065
0.992	0.937	0.771	0.63	0.1935
0.917	0.477	-0.092	-0.156	0.789
1.574	0.676	0.022	-0.611	1.103
0.946	-0.152	-0.955	-0.7	1.3519999999999999
0.803	0.673	0.253	0.064	0.485
0.735	0.48	0.256	0.783	0.3514999999999999
1.023	0.833	1.175	0.465	-0.2470000000000001
1.614	1.285	-0.137	0.144	1.5865
0.684	0.555	0.567	-0.184	0.0525000000000001
0.045	-0.064	0.061	-0.228	-0.07050000000000001
1.068	0.858	0.618	-0.354	0.3450000000000001
1.021	0.843	0.866	1.251	0.06599999999999995
1.545	0.472	0.304	-0.041	0.7044999999999999
1.478	0.299	-0.952	0.28	1.8405
0.997	0.948	-0.64	0.486	1.6124999999999998
1.358	0.486	0.133	0.539	0.789
1.189	1.138	0.324	-0.145	0.8394999999999999
0.846	0.548	1.235	0.68	-0.538
0.117	-0.15	-0.26	0.752	0.24350000000000002
2.14	1.704	0.195	0.37	1.727
2.025	1.501	0.72	0.069	1.043
1.432	0.635	-0.118	0.507	1.1515
1.052	0.481	1.406	0.149	-0.6395
1.2	0.869	1.648	0.956	-0.6134999999999999
1.456	0.829	0.984	-0.197	0.15850000000000009
1.574	1.199	1.745	1.007	-0.35850000000000004
1.334	0.611	0.282	0.036	0.6905000000000001
1.628	1.516	0.648	-0.692	0.924
1.544	1.016	1.418	1.035	-0.1379999999999999
0.654	0.07	-0.512	-0.927	0.874
0.428	0.262	-0.771	0.215	1.116
0.412	0.56	0.518	0.517	-0.03200000000000003
1.72	1.172	0.731	-0.056	0.715
1.658	1.246	0.305	-0.785	1.147
1.656	0.774	-0.686	-0.173	1.9009999999999998
1.915	1.209	0.554	0.214	1.008
0.907	0.722	1.344	1.359	-0.5295000000000001
1.581	1.241	0.199	-0.749	1.212
1.45	1.236	0.511	-0.754	0.832
0.96	0.436	0.895	0.676	-0.19700000000000006
1.243	0.591	0.688	-0.099	0.2290000000000001
0.593	0.083	0.786	1.066	-0.44800000000000006
0.157	0.224	0.091	0.089	0.0995
1.314	0.505	0.297	1.033	0.6125
1.151	1.001	0.928	0.774	0.14800000000000002
0.539	0.237	1.037	0.127	-0.6489999999999999
1.255	0.638	-0.742	-0.376	1.6885
0.991	0.076	-0.156	0.622	0.6895
1.338	1.192	1.353	0.453	-0.08799999999999986
0.776	-0.147	0.117	0.193	0.1975
0.726	0.116	0.172	0.609	0.249
1.461	1.744	1.921	0.38	-0.3185
1.579	1.571	1.29	0.027	0.2849999999999999
0.341	0.314	0.565	0.004	-0.23749999999999993
1.341	-0.061	0.167	-1.001	0.473
1.738	0.268	-0.609	0.252	1.612
0.848	0.282	0.765	1.207	-0.20000000000000007
0.412	0.789	0.121	-0.264	0.47950000000000004
0.873	-0.309	-0.753	-0.655	1.0350000000000001
0.913	0.4	0.047	-0.389	0.6095
0.562	-0.176	0.52	-0.177	-0.32699999999999996
0.936	0.86	0.987	1.161	-0.08899999999999997
0.819	0.356	-0.177	-1.037	0.7645
1.355	0.536	0.742	0.378	0.20350000000000001
0.721	0.454	0.117	0.587	0.47050000000000003
1.138	1.126	0.61	0.66	0.5219999999999999
1.053	0.325	-0.731	-0.061	1.42
1.283	0.643	0.181	1.001	0.782
0.497	-0.397	-0.942	-0.428	0.992
1.165	0.655	-0.124	0.168	1.034
1.471	1.311	1.453	0.035	-0.062000000000000055
1.681	0.654	-0.024	-0.759	1.1915
1.508	0.468	0.329	-0.993	0.659
0.884	-0.423	-0.996	-0.798	1.2265
0.055	0.232	0.744	0.857	-0.6005
0.657	-0.006	-0.767	-0.714	1.0925
1.404	1.355	1.265	-0.539	0.11450000000000005
1.103	0.847	0.289	-0.848	0.6859999999999999
1.427	1.048	0.559	0.54	0.6785
0.725	-0.02	0.196	-0.285	0.15649999999999997
1.403	1.007	0.375	0.35	0.8300000000000001
0.662	0.37	0.146	-0.65	0.37
0.603	-0.909	-0.663	1.059	0.51
0.659	0.178	-0.386	-1.291	0.8045
1.207	0.929	-0.107	-0.248	1.175
0.775	0.612	-0.055	0.565	0.7485
1.339	1.068	0.426	0.874	0.7775000000000001
0.683	0.853	1.293	0.649	-0.5249999999999999
0.571	0.131	-1.264	-0.398	1.615
1.243	0.828	0.231	-0.452	0.8045000000000001
1.638	0.767	0.203	0.937	0.9994999999999998
1.168	0.564	-0.588	0.228	1.4539999999999997
1.386	0.058	-0.471	0.487	1.193
0.343	0.866	1.288	0.247	-0.6835
0.5	0.332	-0.223	-0.985	0.639
1.276	0.967	0.717	1.125	0.40449999999999997
1.611	1.289	1.077	-0.322	0.373
1.015	0.581	1.376	0.991	-0.578
0.833	0.63	1.305	1.137	-0.5734999999999999
0.699	0.55	1.063	1.229	-0.4384999999999999
-0.158	-0.956	-0.67	-0.242	0.1130000000000001
0.773	0.473	0.649	0.401	-0.026000000000000023
1.152	-0.054	-1.62	0.206	2.169
1.571	0.414	0.069	0.436	0.9235
1.043	0.82	1.272	-0.539	-0.3405
0.769	0.616	0.574	-0.672	0.11850000000000005
1.125	1.226	0.955	-0.033	0.22050000000000003
0.967	0.656	0.552	0.301	0.25949999999999995
1.18	0.899	-0.49	-1.395	1.5294999999999999
0.034	-0.526	-0.169	1.684	-0.07699999999999999
1.243	1.061	1.73	1.552	-0.5779999999999998
0.519	-0.002	1.132	1.4	-0.8734999999999999
0.315	0.232	0.921	0.649	-0.6475
1.032	0.76	0.557	-0.079	0.33899999999999997
0.855	0.682	-0.125	-0.271	0.8935
1.101	0.992	0.117	-0.337	0.9295
0.694	0.717	-0.096	-0.902	0.8015
1.493	1.34	0.869	-0.071	0.5475000000000001
1.342	1.295	0.84	0.043	0.47850000000000004
1.607	1.016	0.633	-0.507	0.6785000000000001
1.465	1.037	0.204	0.688	1.047
0.883	0.27	-0.24	-0.924	0.8165
1.065	0.178	-0.661	-0.787	1.2825
2.094	1.468	1.267	-0.174	0.514
0.536	-0.685	-0.672	0.866	0.5975
0.757	1.143	1.108	0.633	-0.15800000000000014
1.372	0.526	-1.386	-0.779	2.335
0.716	-0.676	-1.324	-0.695	1.344
0.806	0.513	-0.105	-0.026	0.7645
0.463	-0.309	0.116	0.611	-0.03899999999999999
1.324	0.616	0.702	-0.464	0.268
0.774	0.3	-0.154	1.374	0.6910000000000001
-0.111	-0.885	-1.222	0.273	0.724
1.124	0.364	-0.284	0.716	1.028
0.487	-0.414	-0.513	1.589	0.5495
1.672	0.731	0.263	0.883	0.9385
1.584	0.362	-0.64	-0.607	1.613
1.038	0.573	0.359	0.614	0.4465
1.139	0.904	0.394	-0.245	0.6275000000000001
1.37	0.908	0.514	-0.469	0.625
1.29	0.556	0.003	-0.238	0.92
1.531	0.038	-1.307	-1.367	2.0915
0.7	0.57	-0.076	0.638	0.711
1.11	0.641	1.052	0.722	-0.1765
0.115	-0.198	0.309	0.993	-0.3505
1.278	1.026	0.722	0.136	0.43000000000000016
-0.074	-0.167	-0.529	0.093	0.40850000000000003
1.686	1.232	0.158	-0.54	1.3010000000000002
1.36	0.728	0.177	-0.078	0.867
1.28	0.424	-0.319	-1.212	1.171
0.62	1.129	1.423	-0.222	-0.5485
1.465	0.908	0.636	-0.032	0.5505000000000001
0.966	0.41	0.839	1.565	-0.15100000000000002
1.574	0.835	-0.788	0.19	1.9925
1.397	0.158	-0.693	-0.828	1.4705
1.134	0.894	0.322	0.471	0.692
0.619	0.498	1.169	0.081	-0.6105
1.285	0.913	0.704	0.155	0.395
0.281	-0.015	0.11	2.026	0.023000000000000007
1.05	0.769	-0.103	-0.526	1.0125
1.143	0.504	1.163	1.432	-0.3395
1.037	0.317	0.019	-0.023	0.6579999999999999
1.216	0.357	-0.264	-0.583	1.0505
1.161	1.358	1.134	1.238	0.12550000000000017
1.349	1.001	0.554	1.169	0.6209999999999998
1.538	1.081	0.803	0.942	0.5064999999999998
1.308	0.987	1.467	1.534	-0.3195000000000001
1.298	1.549	0.425	-0.417	0.9984999999999999
1.608	1.267	1.439	0.474	-0.0015000000000000568
1.238	1.117	1.365	0.549	-0.1875
1.136	0.481	-0.234	0.238	1.0425
0.682	-0.128	-0.147	0.843	0.42400000000000004
1.306	1.241	0.278	-1.234	0.9955
1.23	0.937	1.146	-0.086	-0.0625
1.391	1.3	0.446	-0.5	0.8995
1.034	0.48	0.179	-0.532	0.5780000000000001
1.494	1.097	1.186	0.769	0.10950000000000015
0.582	0.271	0.064	0.696	0.3625
1.701	0.981	0.312	0.884	1.029
0.533	-0.005	-0.766	0.508	1.03
0.718	0.648	-0.427	-0.321	1.11
0.141	-0.126	-0.105	-0.186	0.11249999999999999
1.318	1.063	0.953	0.423	0.23750000000000016
1.29	1.089	1.192	0.613	-0.0024999999999999467
0.02	-0.1	0.028	0.428	-0.068
1.214	1.305	1.614	0.192	-0.35450000000000004
1.129	0.869	0.358	-0.513	0.641
0.434	0.067	0.807	-0.144	-0.5565
0.648	0.435	-0.705	-0.712	1.2465
0.761	0.835	0.772	0.411	0.026000000000000023
0.007	-0.218	-0.191	1.794	0.0855
0.732	0.521	-0.129	-0.232	0.7555000000000001
1.347	1.144	0.274	-0.037	0.9714999999999998
1.776	0.748	0.624	0.959	0.638
1.493	1.033	-0.32	-0.51	1.583
1.446	0.941	-0.461	-0.941	1.6545
1.374	0.844	-0.314	-0.108	1.423
0.958	0.528	0.013	0.04	0.73
0.725	0.698	0.726	-0.394	-0.014499999999999957
0.46	-0.27	-0.524	0.111	0.619
1.308	0.029	-0.59	-0.655	1.2585
1.166	0.993	0.952	0.994	0.12749999999999995
1.165	0.965	-0.209	0.139	1.274
0.591	0.269	0.406	-0.861	0.023999999999999966
1.37	1.0	0.549	-0.631	0.636
0.732	0.797	1.118	0.961	-0.35350000000000015
1.473	0.924	-0.544	0.492	1.7425000000000002
0.926	0.342	-0.019	-0.597	0.653
1.09	1.281	1.091	0.49	0.09450000000000003
1.423	1.199	1.243	1.458	0.06799999999999984
-0.01	-0.238	-0.834	0.064	0.71
1.373	1.045	-0.25	-0.102	1.459
1.721	1.047	-0.84	0.81	2.2239999999999998
0.701	0.697	-0.047	0.377	0.746
1.559	1.225	1.101	0.689	0.2909999999999999
1.023	0.366	-0.014	-1.346	0.7084999999999999
0.93	0.211	-0.689	0.28	1.2595
1.705	1.488	0.731	-0.05	0.8655
0.207	-0.494	-0.925	-0.562	0.7815000000000001
1.446	1.186	0.669	-0.281	0.6469999999999998
0.69	0.076	0.458	-0.688	-0.07500000000000007
1.059	0.772	0.677	0.204	0.23849999999999993
-0.041	0.265	0.43	-0.476	-0.318
1.087	1.162	0.596	0.316	0.5284999999999999
0.263	-0.342	0.223	0.803	-0.2625
1.56	0.903	-0.82	-0.534	2.0515
0.468	0.97	0.591	0.485	0.128
0.779	0.281	-0.607	-0.323	1.137
0.527	0.315	0.398	-0.093	0.02300000000000002
1.392	0.381	-0.033	-0.172	0.9195
1.174	0.366	0.737	1.057	0.03300000000000003
1.035	0.749	1.305	0.655	-0.41300000000000003
0.474	0.108	-0.436	-1.386	0.727
0.98	0.606	-0.93	0.487	1.7229999999999999
1.226	0.59	-0.281	0.111	1.189
0.398	-0.393	-0.194	-0.149	0.1965
1.499	0.313	-1.362	0.668	2.2680000000000002
0.912	0.139	0.046	-0.198	0.4795000000000001
0.743	0.414	0.242	0.722	0.3365
0.952	0.872	0.748	0.503	0.16399999999999992
1.988	1.514	0.205	-0.163	1.5459999999999998
0.342	-0.079	-0.516	-0.483	0.6475
1.413	0.604	-0.859	-1.077	1.8675
0.871	0.292	-0.614	0.007	1.1955
0.947	0.072	-0.094	0.27	0.6034999999999999
1.223	0.514	-0.268	-0.025	1.1365
1.458	0.97	0.339	0.121	0.875
0.926	0.43	-0.93	0.16	1.608
0.443	-0.02	0.293	0.633	-0.08149999999999999
1.584	1.122	0.595	1.361	0.7580000000000002
1.009	0.79	0.456	0.944	0.44349999999999995
1.002	-0.078	0.163	-0.741	0.29900000000000004
0.859	0.903	0.896	0.327	-0.015000000000000013
1.003	0.888	1.167	0.864	-0.22150000000000003
1.138	0.418	-0.945	-0.815	1.7229999999999999
0.738	0.849	0.938	0.316	-0.14449999999999996
0.945	0.688	1.079	0.957	-0.26249999999999996
-0.239	-0.575	-0.554	0.103	0.14700000000000008
0.998	0.069	-0.36	-0.711	0.8935
1.497	1.336	0.514	0.356	0.9025000000000001
0.915	0.073	-0.373	-0.034	0.867
0.479	0.431	-0.238	-0.463	0.693
0.891	0.476	0.594	-0.496	0.08950000000000002
0.945	-0.112	0.017	0.302	0.39949999999999997
1.289	0.955	0.466	-1.01	0.6559999999999999
0.556	0.237	-0.237	-0.787	0.6335
0.558	0.908	1.344	0.313	-0.611
1.244	0.911	0.571	0.334	0.5065000000000002
1.365	1.524	0.57	-0.126	0.8745000000000002
0.326	0.068	-0.012	-0.039	0.20900000000000002
0.873	-0.16	-1.271	-0.247	1.6275
0.252	-0.261	0.347	-0.132	-0.3515
1.144	0.65	-0.714	-1.036	1.611
0.448	0.055	-0.407	-0.317	0.6585
1.047	1.078	0.745	-0.347	0.3175
1.636	0.287	-0.934	-0.352	1.8955
1.018	0.625	-0.193	-0.797	1.0145
1.876	1.405	0.733	0.194	0.9074999999999999
1.529	0.914	0.552	0.017	0.6695
0.363	0.06	-0.027	1.277	0.2385
0.76	0.141	-1.479	-0.15	1.9295
1.238	0.618	0.6	0.678	0.32799999999999996
1.368	0.289	-0.593	-0.094	1.4215
1.237	1.519	0.516	-0.208	0.8620000000000001
1.358	1.305	0.959	-0.561	0.37250000000000016
1.383	1.251	0.026	-0.412	1.291
0.771	0.287	-0.214	-0.354	0.743
1.129	0.958	0.814	-0.28	0.22949999999999993
0.957	0.559	0.124	2.017	0.634
0.506	0.467	-0.857	0.057	1.3435000000000001
0.738	0.686	0.23	0.016	0.482
0.817	0.655	0.53	0.561	0.20599999999999996
0.804	0.369	0.749	0.768	-0.16249999999999998
0.978	0.834	0.717	0.626	0.18899999999999995
-0.0	-1.292	-0.961	0.421	0.31499999999999995
0.895	0.355	0.139	-0.197	0.486
0.267	-0.167	-0.249	-0.899	0.299
1.464	1.107	0.785	1.228	0.5004999999999998
0.756	0.372	0.761	1.169	-0.19699999999999995
0.677	0.379	-0.02	-0.733	0.548
1.244	0.771	0.71	0.661	0.2975000000000001
0.668	0.767	0.295	-0.976	0.42250000000000004
0.347	-0.766	-1.397	-0.499	1.1875
0.689	0.026	0.391	0.199	-0.03350000000000003
0.677	0.318	0.869	0.529	-0.37149999999999994
2.078	0.717	-0.86	-0.565	2.2575
0.721	0.561	0.055	-0.618	0.586
0.372	-0.001	-0.525	-1.044	0.7105
1.152	1.238	0.283	-0.729	0.9119999999999999
1.843	1.365	1.254	1.189	0.3500000000000001
0.227	0.521	0.473	-0.853	-0.09899999999999998
1.145	0.787	-0.008	0.02	0.974
1.076	0.814	0.637	0.872	0.30800000000000005
0.864	0.793	-0.389	-0.503	1.2175
1.456	1.101	0.52	-0.478	0.7585
-0.185	-0.085	0.35	-0.382	-0.485
1.462	0.969	-0.135	-0.745	1.3505
1.069	0.6	-0.214	-0.53	1.0485
1.773	1.276	0.992	-0.538	0.5325
1.219	1.001	0.229	-1.753	0.8809999999999999
1.483	1.249	0.615	-0.182	0.7510000000000001
1.094	0.576	1.076	-0.833	-0.2410000000000001
-0.127	0.241	0.632	-0.353	-0.575
0.619	0.157	-0.862	-0.356	1.25
1.834	0.719	-0.665	-0.699	1.9415
1.867	1.143	-0.172	0.337	1.6769999999999998
1.361	0.527	0.038	0.25	0.9059999999999999
0.472	0.226	0.358	0.039	-0.009000000000000008
0.858	0.249	0.415	0.336	0.1385
0.161	-0.238	-0.133	0.861	0.09450000000000001
1.536	1.405	0.791	0.168	0.6794999999999999
0.721	0.016	-0.323	-0.244	0.6915
0.642	0.453	0.77	-0.456	-0.22250000000000003
1.063	0.907	-0.278	0.408	1.263
0.707	0.434	0.078	0.563	0.4925
0.778	0.042	-0.531	-0.632	0.9410000000000001
0.727	0.653	0.157	0.444	0.5329999999999999
0.996	0.869	-0.296	0.203	1.2285
0.43	-0.152	0.005	0.798	0.134
2.021	1.394	-0.077	-1.125	1.7845
1.803	2.082	0.173	0.902	1.7694999999999999
0.945	0.839	0.049	-0.351	0.8429999999999999
1.258	1.349	-0.115	-0.67	1.4185
1.018	0.78	1.069	0.617	-0.16999999999999993
1.398	0.766	-0.013	1.294	1.0949999999999998
1.38	1.308	1.082	0.544	0.2619999999999998
0.733	0.237	-0.397	0.518	0.882
0.934	0.511	-0.566	-0.35	1.2885
0.56	0.077	-0.694	-0.938	1.0125
0.886	0.88	1.034	-0.464	-0.15100000000000002
0.793	0.631	0.728	0.439	-0.016000000000000014
1.863	1.549	1.353	0.967	0.353
0.672	-0.011	0.701	1.018	-0.37049999999999994
1.361	0.4	0.105	0.494	0.7755000000000001
0.496	0.335	0.618	0.103	-0.2025
1.026	-0.075	-1.493	-0.623	1.9685000000000001
0.821	-0.091	0.345	-0.289	0.020000000000000018
0.751	-0.079	-0.511	-0.118	0.847
0.833	0.883	1.301	0.699	-0.44299999999999995
0.9	0.379	-0.1	0.339	0.7394999999999999
0.724	0.704	0.251	0.26	0.46299999999999997
1.779	0.776	0.199	-0.034	1.0784999999999998
0.97	-0.341	-0.836	1.0	1.1505
0.739	-0.09	0.968	1.2	-0.6435
1.149	0.621	0.041	-0.333	0.844
1.337	1.134	0.156	-0.839	1.0795000000000001
1.024	0.386	0.249	-0.84	0.45600000000000007
1.67	1.564	1.207	0.317	0.4099999999999999
1.388	1.577	-0.132	-1.217	1.6145
0.83	0.467	1.07	0.249	-0.4215000000000001
0.764	-0.154	-0.603	0.034	0.9079999999999999
1.153	0.998	0.88	0.455	0.1954999999999999
0.809	0.822	0.563	0.982	0.25250000000000006
1.339	-0.191	-0.693	0.114	1.267
1.077	0.676	1.079	0.584	-0.2024999999999999
0.347	0.045	-0.229	0.848	0.425
0.734	0.262	0.554	-0.6	-0.05600000000000005
1.292	1.177	0.712	-0.583	0.5225000000000002
0.223	-0.631	-0.6	0.402	0.39599999999999996
1.37	0.345	-0.778	-1.344	1.6355
0.951	0.894	-0.152	-0.473	1.0745
1.531	0.752	-0.288	0.758	1.4295
1.255	0.277	-0.501	0.262	1.267
1.395	1.02	0.385	0.732	0.8225
1.976	0.9	-0.852	0.984	2.29
0.923	0.344	-0.004	-0.33	0.6375
0.795	0.066	-0.631	-0.315	1.0615
0.248	-0.08	-0.257	0.506	0.34099999999999997
1.302	0.83	-0.867	-1.441	1.933
1.576	0.823	-0.351	-0.871	1.5505
0.699	-0.131	0.057	0.721	0.22699999999999998
1.471	0.287	-0.874	-0.612	1.7530000000000001
0.796	-0.066	-0.41	-0.272	0.7749999999999999
-0.029	-0.016	-0.047	0.941	0.0245
1.281	0.355	0.822	1.084	-0.0040000000000000036
1.66	1.1	-0.357	-0.387	1.7369999999999999
1.23	1.392	0.813	-0.303	0.498
1.434	1.278	0.539	0.528	0.8169999999999998
0.698	0.685	-0.215	-0.738	0.9065
0.342	0.579	0.649	0.975	-0.1885
1.776	1.316	-0.249	-0.119	1.795
0.615	-0.467	-0.461	0.72	0.535
1.322	1.33	0.5	0.361	0.8260000000000001
0.271	-0.468	-0.417	-1.047	0.3185
0.706	0.472	-0.371	-0.655	0.96
0.825	0.383	0.757	-0.724	-0.15300000000000002
1.036	0.136	-0.092	-0.107	0.678
1.767	0.418	-0.398	-0.443	1.4905
0.953	0.327	-0.283	-1.044	0.923
0.704	0.133	0.085	0.776	0.33349999999999996
0.727	0.491	0.514	0.741	0.09499999999999997
0.756	0.52	-0.048	0.694	0.686
0.437	-0.037	-0.417	0.789	0.617
1.326	0.445	0.014	0.848	0.8715
0.778	0.849	1.066	0.081	-0.25250000000000006
0.643	0.935	-0.661	0.395	1.4500000000000002
1.105	0.453	-1.066	-0.096	1.8450000000000002
0.897	0.562	0.043	-0.755	0.6865
0.905	0.693	0.587	0.391	0.21199999999999997
1.18	0.805	0.5	0.572	0.49249999999999994
1.132	0.445	0.788	1.62	0.0004999999999999449
0.861	0.614	-0.4	1.203	1.1375000000000002
0.719	-0.236	-0.327	-0.109	0.5685
0.643	0.134	-0.433	-0.333	0.8215
1.32	0.709	-0.359	-1.284	1.3735
0.415	0.049	0.705	-0.21	-0.473
0.621	0.141	-0.26	-0.5	0.641
0.558	-0.237	0.022	-0.392	0.13850000000000004
0.916	0.516	0.41	-0.302	0.306
0.771	-0.011	-0.324	0.394	0.704
1.13	0.683	-0.125	-0.953	1.0314999999999999
1.133	0.042	0.511	0.452	0.07650000000000001
0.437	0.245	-0.351	-0.738	0.692
1.497	1.38	0.629	0.092	0.8094999999999999
1.542	1.186	0.395	-0.501	0.9689999999999999
1.173	1.13	0.426	0.47	0.7255
0.801	0.397	0.747	0.1	-0.14800000000000002
1.314	0.878	0.094	-0.962	1.002
0.919	0.847	0.766	-1.134	0.11699999999999999
1.576	0.356	-0.656	-0.684	1.6219999999999999
1.962	1.468	0.126	0.304	1.589
1.289	0.914	0.785	-0.095	0.3164999999999999
0.4	-0.456	-0.15	-0.75	0.122
1.459	1.294	0.958	0.348	0.4185000000000001
0.721	0.782	1.312	0.832	-0.5605
0.763	0.728	1.005	1.157	-0.25949999999999984
0.814	0.731	0.311	0.425	0.46149999999999997
0.108	-0.395	-0.442	-0.437	0.2985
0.893	0.602	1.089	0.696	-0.3414999999999999
0.963	0.777	0.436	1.036	0.434
0.702	-0.116	-1.119	-0.533	1.412
0.719	0.21	0.49	-0.347	-0.025500000000000023
1.249	0.891	1.169	0.799	-0.09899999999999998
1.58	1.009	-0.178	-0.799	1.4725
1.744	1.501	1.166	0.883	0.45650000000000013
0.909	0.361	0.478	-0.187	0.15700000000000003
0.735	0.653	1.074	0.724	-0.3800000000000001
0.296	0.11	-0.12	0.459	0.32299999999999995
0.585	0.339	-0.04	0.759	0.502
1.67	1.12	1.073	-0.026	0.32200000000000006
1.544	0.888	1.449	0.933	-0.2330000000000001
0.329	0.648	0.156	0.167	0.3325
1.575	0.602	-0.456	0.576	1.5445
1.295	0.922	0.738	-0.265	0.37050000000000005
0.976	0.886	0.381	-0.104	0.55
1.246	1.344	0.956	0.372	0.33899999999999997
0.626	-0.372	-0.604	-0.047	0.731
1.239	1.067	1.318	-0.362	-0.16500000000000004
0.302	-0.835	-0.788	-0.507	0.5215000000000001
1.214	0.096	-0.32	-0.524	0.9750000000000001
0.884	0.387	0.275	0.328	0.36049999999999993
1.693	0.731	-0.143	-0.376	1.355
0.508	0.015	0.573	0.425	-0.31149999999999994
1.149	0.945	1.131	0.298	-0.08400000000000007
1.34	0.649	0.075	0.388	0.9195000000000001
1.889	1.004	0.245	0.237	1.2014999999999998
1.307	1.041	0.941	0.189	0.23299999999999998
1.761	1.294	1.277	2.027	0.25049999999999994
1.149	0.702	0.052	1.162	0.8734999999999999
0.965	0.312	0.72	0.575	-0.08150000000000002
0.814	0.285	-0.446	-0.351	0.9955
-0.042	-0.229	0.687	0.775	-0.8225
1.188	0.935	1.883	0.418	-0.8214999999999999
1.167	1.051	0.487	-0.504	0.622
0.972	0.442	0.245	-0.202	0.46199999999999997
1.611	1.475	1.402	1.097	0.14100000000000024
0.969	0.526	-0.239	-0.902	0.9865
0.238	0.442	0.571	0.515	-0.23099999999999998
0.329	-0.287	-0.468	0.269	0.48900000000000005
1.461	1.585	1.313	-0.303	0.2100000000000002
1.477	-0.02	-0.621	-0.597	1.3495
1.872	1.839	1.965	0.194	-0.10949999999999993
0.524	0.207	-0.559	-0.072	0.9245000000000001
1.207	0.079	-0.531	0.142	1.174
1.091	0.258	-0.272	-0.759	0.9465
0.761	-0.24	-0.517	0.261	0.7775000000000001
1.388	0.328	-0.708	-0.646	1.5659999999999998
0.205	-0.514	-0.858	-0.8	0.7035
1.433	0.531	0.17	-0.183	0.8119999999999999
-0.323	-0.385	-0.132	-0.425	-0.22199999999999998
1.135	0.143	-0.034	0.36	0.673
0.375	0.038	-0.123	0.195	0.3295
1.393	0.933	0.851	-0.006	0.31200000000000006
1.593	0.966	0.529	-0.818	0.7505000000000001
1.171	0.731	-0.186	0.03	1.137
1.502	0.121	-0.353	0.554	1.1644999999999999
1.126	0.194	-0.145	0.683	0.8049999999999999
0.616	1.096	1.316	0.818	-0.45999999999999996
0.593	0.503	-0.369	0.568	0.917
0.871	1.237	0.776	-0.854	0.278
1.56	1.548	0.311	-0.724	1.243
1.5	1.049	0.094	-0.338	1.1804999999999999
1.798	1.293	-0.168	-0.516	1.7135
1.516	0.831	0.005	-0.178	1.1685
1.348	0.337	-0.38	0.049	1.2225000000000001
1.464	0.742	0.528	-0.03	0.575
1.845	1.259	-0.123	-0.038	1.675
1.216	1.149	-0.062	0.99	1.2445000000000002
0.204	-0.287	-0.888	-1.11	0.8465
1.412	0.828	0.058	0.302	1.0619999999999998
1.096	0.555	0.897	0.02	-0.0714999999999999
1.298	1.139	0.872	-0.576	0.34650000000000014
0.82	0.611	0.379	-0.525	0.3365
1.391	1.159	1.131	0.812	0.1439999999999999
1.232	0.14	-1.214	0.743	1.9
1.004	0.69	0.392	0.387	0.45499999999999996
1.108	0.912	1.021	1.309	-0.010999999999999899
1.579	1.292	1.004	0.994	0.4315
0.236	0.326	0.756	0.941	-0.475
0.72	0.875	0.996	0.709	-0.1985
0.396	-0.014	-0.765	-0.609	0.956
0.263	-0.007	-0.028	0.471	0.156
0.757	0.493	-0.027	-0.29	0.652
1.418	1.16	0.827	-0.131	0.46199999999999997
2.272	1.121	-0.023	-0.623	1.7194999999999998
0.734	0.065	-1.116	-1.377	1.5155
0.966	0.873	1.598	0.766	-0.6785000000000001
0.443	0.017	0.064	-0.584	0.166
1.54	0.969	0.112	-0.137	1.1424999999999998
0.923	0.83	-0.228	-0.756	1.1045
0.675	-0.1	-0.722	-0.004	1.0095
1.815	0.422	-0.829	-0.453	1.9475
0.429	-0.288	0.053	0.491	0.01750000000000001
0.566	-0.347	0.493	-0.471	-0.3835
1.155	1.217	0.567	-0.532	0.619
0.651	0.124	-0.072	1.106	0.4595
0.495	-0.205	0.811	0.871	-0.666
1.061	0.495	1.031	0.672	-0.2529999999999999
1.525	0.391	-0.545	0.513	1.5030000000000001
0.911	0.877	0.866	0.734	0.028000000000000025
0.967	0.219	-0.052	0.852	0.645
0.998	0.147	-0.988	0.339	1.5605
0.665	0.803	0.753	0.121	-0.019000000000000017
0.203	0.086	0.862	0.755	-0.7175
1.121	0.147	-1.024	-0.648	1.658
1.599	0.796	-0.54	-0.134	1.7375
0.763	0.422	-0.192	-1.014	0.7845
1.296	0.7	-0.437	-0.448	1.435
0.844	0.803	-0.415	-0.118	1.2385
1.401	0.544	-0.466	0.583	1.4385000000000001
0.723	0.075	-0.409	-0.764	0.8079999999999999
0.286	-0.998	-1.085	0.288	0.729
1.311	0.902	-0.338	-0.866	1.4445000000000001
0.498	0.49	-0.509	-1.079	1.0030000000000001
0.836	-0.244	-0.08	-0.12	0.376
0.757	0.402	-0.089	0.121	0.6685
1.781	0.886	0.329	-0.7	1.0045
0.183	-0.578	-1.149	0.332	0.9515
2.018	1.482	1.473	1.488	0.2769999999999999
1.174	0.611	0.507	0.951	0.38549999999999995
0.278	-0.444	-0.451	1.016	0.368
0.99	-0.309	-1.389	-0.473	1.7295
1.198	0.856	1.169	-1.024	-0.14200000000000013
1.245	-0.253	-1.368	-0.201	1.864
1.144	0.344	-0.077	-0.77	0.821
1.328	1.302	-0.013	-0.718	1.3279999999999998
1.613	1.345	-0.09	-0.348	1.5690000000000002
0.757	0.197	-0.595	0.464	1.072
1.259	0.606	0.127	-0.791	0.8054999999999999
1.218	1.154	1.243	-0.104	-0.05700000000000016
1.16	1.162	0.616	1.028	0.545
1.128	1.001	-0.548	0.157	1.6124999999999998
2.003	1.847	1.22	0.134	0.7050000000000001
1.438	0.876	-0.007	0.089	1.164
-0.053	-0.784	0.132	0.86	-0.5505
0.166	-0.345	0.306	-0.383	-0.39549999999999996
0.876	0.257	-0.378	-0.859	0.9445
1.905	1.154	0.315	-0.767	1.2145000000000001
0.863	0.103	-0.257	-0.204	0.74
0.658	-0.229	-0.884	-0.547	1.0985
1.392	0.522	-0.428	-0.257	1.385
0.873	0.8	1.08	2.047	-0.24350000000000005
0.995	0.555	0.869	0.348	-0.09399999999999997
1.293	1.188	0.254	-0.066	0.9864999999999999
1.244	1.036	1.464	0.529	-0.32399999999999984
0.692	0.085	-0.423	-0.115	0.8114999999999999
1.926	1.205	-0.413	0.147	1.9785000000000001
0.544	0.125	-0.033	0.053	0.36750000000000005
0.992	0.319	-0.396	0.813	1.0514999999999999
0.122	0.355	0.769	1.421	-0.5305
1.489	0.718	0.459	0.49	0.6444999999999999
1.22	0.488	0.092	1.266	0.762
1.599	1.308	0.763	-0.64	0.6905
1.621	0.827	0.751	-0.679	0.473
1.161	0.994	1.498	0.897	-0.4204999999999999
0.624	0.207	0.307	-0.408	0.10849999999999999
1.197	0.575	-0.251	-0.479	1.137
1.34	0.278	-0.964	-0.642	1.7730000000000001
0.576	0.252	0.323	-0.177	0.09099999999999997
1.935	1.618	0.194	-1.062	1.5825
1.422	0.879	-0.292	-0.321	1.4425000000000001
0.678	-0.012	-0.056	-0.253	0.389
0.573	0.523	0.789	0.359	-0.241
1.124	0.661	0.303	-0.15	0.5895000000000001
1.823	1.749	-0.803	-0.846	2.589
1.552	0.76	-0.121	0.413	1.2770000000000001
1.659	0.845	-0.3	-0.164	1.552
0.685	0.634	0.487	0.503	0.1725
1.752	1.364	1.061	0.394	0.4970000000000001
1.011	1.43	0.017	-0.44	1.2035
0.221	0.125	0.906	0.627	-0.7330000000000001
0.945	0.814	0.835	-0.259	0.044499999999999984
1.129	0.525	-0.226	0.458	1.053
0.478	0.151	0.527	1.189	-0.21250000000000002
0.967	0.639	0.735	1.267	0.06799999999999995
1.354	0.756	-0.017	0.553	1.072
0.218	0.007	-0.616	-0.236	0.7285
0.518	-0.163	-0.358	-0.583	0.5355
0.578	0.228	0.74	-0.126	-0.337
1.088	0.72	0.248	-0.606	0.656
0.623	-0.148	0.096	-0.844	0.1415
0.447	0.181	0.072	0.202	0.242
0.911	0.427	-0.718	-0.645	1.387
0.459	0.202	0.019	-0.815	0.3115
0.22	0.426	0.399	1.18	-0.07600000000000001
1.001	0.785	1.253	0.667	-0.3599999999999999
0.757	0.354	-0.359	0.177	0.9145
1.556	0.87	-0.243	0.777	1.456
0.815	-0.286	-0.642	1.455	0.9065
0.908	0.782	0.355	-0.035	0.49
0.4	-0.07	-1.07	-0.702	1.235
1.412	0.908	-0.674	-1.315	1.834
0.611	0.613	-0.392	0.262	1.004
0.603	0.567	0.089	0.189	0.496
0.939	0.303	0.023	-0.544	0.598
1.087	0.057	-0.305	-0.461	0.877
1.468	1.007	1.109	1.153	0.12849999999999984
1.164	0.545	0.27	0.648	0.5845
1.128	0.235	-0.601	-0.0	1.2825
1.083	0.45	-0.96	-0.862	1.7265
0.553	-0.104	0.068	0.851	0.15650000000000003
1.441	0.48	0.459	-0.434	0.5015000000000001
1.429	0.596	0.744	0.555	0.26849999999999996
1.182	0.489	-0.391	0.365	1.2265
1.549	0.983	1.163	-0.214	0.10299999999999998
1.789	1.289	1.196	-0.759	0.34299999999999997
1.221	0.912	1.676	1.18	-0.6094999999999999
1.088	0.982	-0.154	0.113	1.189
1.601	1.411	0.136	0.042	1.37
-0.043	-0.884	-0.822	1.36	0.35849999999999993
0.546	-0.267	0.045	0.145	0.09450000000000001
1.337	0.873	-0.355	0.176	1.46
1.542	0.674	0.145	0.208	0.9630000000000001
1.049	0.984	0.766	1.352	0.25049999999999994
1.053	0.899	0.736	0.187	0.24
1.406	0.549	-0.906	0.965	1.8835000000000002
1.409	1.038	0.415	-0.456	0.8085
0.12	-0.012	0.311	0.265	-0.257
1.56	1.011	0.78	0.326	0.5054999999999998
1.08	0.444	-0.289	-0.868	1.051
1.143	1.105	0.723	0.624	0.40100000000000013
1.211	0.28	-0.812	-0.864	1.5575
1.124	1.066	0.428	0.477	0.6670000000000003
1.059	0.989	1.172	0.322	-0.1479999999999999
1.599	0.74	0.588	-0.193	0.5815
1.101	1.035	0.783	0.173	0.28500000000000003
0.902	0.211	-0.367	-0.542	0.9235
1.215	1.184	0.681	0.609	0.5185
1.289	0.146	-0.432	0.416	1.1495
0.311	0.171	-0.114	-1.14	0.355
0.731	0.023	0.339	-0.579	0.03799999999999998
0.78	0.289	0.397	0.28	0.13749999999999996
0.753	-0.567	-0.62	-0.673	0.7130000000000001
1.315	0.31	0.321	-0.849	0.4915
0.859	0.583	-0.435	0.009	1.156
0.645	0.823	-0.28	0.988	1.014
1.434	0.265	-0.738	-0.811	1.5875
1.492	0.787	0.046	0.15	1.0935
0.803	0.739	0.188	-0.776	0.583
1.303	0.138	-0.854	-0.103	1.5745
1.331	0.269	-1.163	-0.842	1.963
1.633	1.181	0.756	1.054	0.651
1.396	1.187	0.517	-0.549	0.7745000000000001
0.965	1.25	0.834	0.649	0.27349999999999997
1.979	2.031	0.434	-0.081	1.571
1.442	0.508	-1.229	-0.205	2.204
1.519	0.939	0.628	0.23	0.6009999999999999
0.43	-0.449	-0.579	-1.347	0.5694999999999999
1.308	1.354	0.613	-1.202	0.718
0.42	-0.427	-0.269	0.497	0.2655
0.9	0.352	0.646	0.276	-0.020000000000000018
0.352	0.327	1.153	0.544	-0.8135
0.85	0.61	0.764	-0.081	-0.03400000000000003
1.533	0.604	-0.108	-0.233	1.1765
1.006	-0.801	-1.456	0.325	1.5585
1.232	0.681	-0.346	0.166	1.3025
1.611	0.838	-0.156	0.416	1.3804999999999998
0.654	0.278	0.996	-0.759	-0.53
1.005	0.251	-0.637	-0.794	1.265
0.986	0.695	0.497	-0.411	0.3435
2.001	1.065	-0.343	-0.572	1.876
0.896	0.703	-0.184	0.78	0.9835
1.239	1.049	-0.33	-1.308	1.4740000000000002
1.425	1.052	0.565	0.525	0.6735000000000002
1.593	1.301	1.061	1.372	0.3860000000000001
1.336	0.833	1.215	1.613	-0.13050000000000006
1.206	0.346	0.089	1.109	0.687
1.772	0.696	-0.513	0.157	1.7469999999999999
0.944	0.749	0.745	-0.16	0.10150000000000003
1.397	0.581	0.543	-0.029	0.44599999999999995
1.233	1.189	0.678	-0.96	0.533
0.563	-0.54	-0.894	-0.271	0.9055
-0.005	-0.166	-0.294	-0.408	0.20849999999999996
0.995	0.644	0.184	-0.263	0.6355
0.905	0.106	-1.108	0.607	1.6135000000000002
0.347	-0.179	-0.938	-0.991	1.022
1.626	0.74	1.13	0.87	0.052999999999999936
1.457	0.906	-0.21	-0.44	1.3915
0.652	0.607	0.964	0.616	-0.3345
0.597	-0.13	0.778	0.779	-0.5445
-0.278	-0.23	-1.47	-0.478	1.216
0.047	-0.2	-0.402	-1.184	0.3255
0.501	0.499	-0.299	-0.221	0.7989999999999999
1.565	0.524	0.752	-0.059	0.2925
1.321	-0.093	-1.151	-0.774	1.7650000000000001
1.241	1.102	1.754	-0.909	-0.5825
-0.059	-0.215	-0.43	0.307	0.293
0.811	-0.034	-0.969	-0.303	1.3575
0.97	-0.358	0.264	0.237	0.04199999999999998
1.185	0.584	-0.193	-0.811	1.0775000000000001
1.085	0.616	-0.365	-0.21	1.2155
1.013	0.92	1.165	0.652	-0.19850000000000012
1.3	0.732	-0.705	0.827	1.721
1.015	0.068	0.825	0.848	-0.2835
1.68	1.442	1.106	0.617	0.45499999999999985
1.673	1.425	1.601	1.544	-0.052000000000000046
0.588	0.203	-0.101	-0.76	0.49649999999999994
0.726	0.352	0.637	0.575	-0.09800000000000009
1.092	1.174	1.193	0.697	-0.06000000000000005
0.723	-0.048	-0.484	-0.927	0.8214999999999999
1.457	1.094	0.976	0.536	0.2995000000000001
1.03	1.064	0.265	0.072	0.7820000000000001
1.577	0.837	0.326	0.075	0.8809999999999998
1.228	1.133	0.618	0.458	0.5624999999999999
1.416	1.064	0.593	-1.141	0.647
1.056	1.103	0.779	0.087	0.3004999999999999
1.158	1.006	0.997	0.19	0.08499999999999985
1.334	0.715	-0.373	-0.585	1.3975
1.548	1.625	0.708	-0.47	0.8785000000000001
1.85	1.659	0.217	-0.826	1.5375
0.541	0.033	-0.244	0.523	0.531
0.485	0.041	0.516	0.037	-0.253
0.852	1.052	1.016	-0.5	-0.06400000000000006
1.263	0.803	-0.513	-0.467	1.5459999999999998
0.125	-0.263	0.947	0.335	-1.016
1.273	1.129	0.871	0.226	0.33000000000000007
1.376	0.137	-0.448	-0.298	1.2045
0.489	-0.779	-0.859	-0.2	0.714
1.875	0.836	-0.287	0.281	1.6424999999999998
0.024	-0.241	0.101	1.046	-0.20950000000000002
1.765	1.04	0.938	0.637	0.4644999999999999
1.289	0.842	0.155	-0.332	0.9104999999999999
1.227	0.34	-0.184	0.434	0.9675
0.798	0.344	-0.11	0.122	0.6809999999999999
0.777	0.378	0.356	0.824	0.22150000000000003
1.454	0.983	0.126	-0.412	1.0924999999999998
0.861	0.216	-1.278	-1.396	1.8165
1.266	0.786	-0.258	0.194	1.284
1.275	0.859	0.716	0.511	0.351
1.532	0.655	-0.155	0.006	1.2485000000000002
0.771	0.377	1.175	-0.093	-0.601
1.373	0.706	0.75	0.988	0.28949999999999987
0.532	0.447	1.373	0.826	-0.8835
1.268	1.258	0.785	0.159	0.47799999999999987
1.535	0.899	0.253	0.077	0.9640000000000001
-0.298	0.144	0.328	-0.005	-0.405
1.133	0.475	0.355	-0.624	0.44900000000000007
1.125	0.205	-1.162	-1.652	1.827
1.355	1.147	0.689	0.987	0.5619999999999999
1.244	0.591	-0.69	0.22	1.6075
0.81	0.714	0.598	1.151	0.16400000000000003
1.057	0.68	1.539	0.955	-0.6704999999999999
1.422	0.796	-0.393	0.162	1.502
0.452	0.034	-0.55	1.059	0.793
1.45	1.056	1.209	0.265	0.04400000000000004
1.037	0.361	-0.242	-0.269	0.941
1.27	1.112	0.625	1.425	0.5660000000000001
0.92	0.176	-0.151	0.686	0.6990000000000001
1.339	0.543	0.296	-0.942	0.645
1.016	1.156	0.976	0.284	0.10999999999999988
0.701	0.22	0.035	0.684	0.4255
1.203	0.492	0.321	0.818	0.5265
0.973	0.96	0.828	0.218	0.13849999999999996
1.092	1.215	-0.01	0.057	1.1635000000000002
0.642	0.381	-0.196	-0.857	0.7075
0.983	0.341	-0.983	-0.299	1.645
0.43	-0.672	-1.259	-1.091	1.138
1.624	1.441	0.839	-0.345	0.6935000000000002
1.556	0.411	-0.453	-0.186	1.4365
0.486	0.208	0.748	0.624	-0.401
1.426	0.492	-0.86	-0.3	1.819
1.366	1.044	0.013	-0.704	1.1920000000000002
1.336	0.336	-0.532	0.124	1.368
2.602	1.096	0.001	-0.309	1.848
0.595	-0.436	-1.36	-0.978	1.4395
1.0	1.154	0.987	0.04	0.08999999999999997
0.562	-0.027	0.127	0.626	0.1405
1.09	0.072	-1.065	-0.371	1.646
0.818	0.165	0.53	0.089	-0.038500000000000034
1.459	1.608	0.882	-0.958	0.6515000000000001
1.189	1.062	0.018	-1.042	1.1075000000000002
0.596	0.284	0.595	0.985	-0.15500000000000003
2.133	1.255	0.623	-0.034	1.071
0.957	0.077	-0.63	-0.311	1.147
0.928	0.071	-0.843	-1.137	1.3425
0.263	0.204	-0.178	0.195	0.4115
1.462	0.966	0.023	1.32	1.191
1.376	0.489	0.016	-0.234	0.9164999999999999
1.411	1.363	-0.297	0.752	1.684
0.102	-0.453	0.401	1.254	-0.5765
0.143	0.275	0.829	0.256	-0.6199999999999999
1.627	0.805	-0.286	-0.981	1.502
0.207	-0.143	-0.39	-0.64	0.42200000000000004
0.647	-0.009	-0.175	0.836	0.494
0.924	0.421	0.473	-0.544	0.1995
0.958	0.792	-0.037	-0.669	0.912
0.238	-0.171	0.103	0.481	-0.0695
0.923	0.171	-0.86	-0.155	1.407
1.147	0.646	0.976	0.24	-0.0794999999999999
1.45	1.281	0.484	0.582	0.8815
0.358	-0.501	-0.755	-0.443	0.6835
0.795	0.038	-0.62	-0.992	1.0365
1.691	0.941	0.116	-0.648	1.2
2.206	0.526	0.489	0.142	0.8770000000000001
0.919	0.964	0.791	1.728	0.15049999999999997
1.147	0.147	0.208	0.615	0.43900000000000006
0.502	-0.012	-0.099	0.586	0.344
2.0	1.325	-0.534	-1.024	2.1965000000000003
0.193	0.566	0.8	-0.87	-0.4205000000000001
1.262	0.15	-0.788	-0.566	1.494
1.482	0.779	-0.085	0.263	1.2155
1.263	0.542	0.658	0.0	0.24449999999999994
0.218	0.06	0.801	-0.216	-0.662
0.158	0.405	-0.262	-0.243	0.5435000000000001
0.593	-0.162	-0.289	-0.984	0.5045
1.883	0.891	-0.375	-0.525	1.762
0.709	1.093	1.388	-0.69	-0.4869999999999999
1.289	0.925	1.039	1.1	0.06800000000000006
0.543	-0.689	-0.539	-0.515	0.4660000000000001
1.237	0.345	0.887	0.654	-0.09599999999999997
0.667	-0.056	-0.55	-0.101	0.8555
0.822	0.531	1.062	-0.1	-0.38550000000000006
0.878	-0.012	0.634	0.942	-0.201
1.199	0.582	0.727	1.147	0.1635000000000001
1.595	1.181	1.537	0.753	-0.14900000000000002
0.702	0.532	0.303	-0.994	0.314
0.611	0.465	0.349	0.896	0.18900000000000006
0.856	0.189	-0.7	0.032	1.2225
0.975	0.855	0.556	0.37	0.359
0.899	0.931	-0.473	-1.317	1.388
1.385	0.695	-0.55	0.105	1.59
1.389	0.949	0.848	1.106	0.32100000000000006
1.469	0.68	-0.131	0.659	1.2055
0.602	-0.333	-0.1	-0.596	0.2345
0.349	0.233	0.128	0.931	0.16299999999999998
0.796	0.717	0.968	-0.58	-0.21150000000000002
1.455	1.088	0.309	0.141	0.9625000000000001
-0.011	0.087	-0.429	-0.733	0.46699999999999997
1.403	1.043	0.1	-0.109	1.1229999999999998
0.87	-0.296	0.013	0.311	0.274
1.009	0.663	-0.204	-0.958	1.04
1.759	0.667	-0.265	-0.154	1.4780000000000002
1.175	1.653	1.558	-0.525	-0.1439999999999999
1.632	0.776	0.402	0.183	0.8019999999999999
1.641	1.001	0.085	-0.89	1.236
1.287	0.036	-1.362	0.275	2.0235000000000003
0.212	-0.619	-1.369	-0.81	1.1655
0.751	0.042	-0.008	-0.099	0.4045
1.036	0.236	-0.934	-0.604	1.57
0.653	0.264	0.569	0.616	-0.11049999999999993
1.381	1.166	0.024	-0.09	1.2494999999999998
0.492	-0.409	-1.104	0.306	1.1455000000000002
1.567	0.114	-0.107	0.086	0.9475
1.638	1.103	0.782	-0.21	0.5884999999999998
0.519	0.073	0.394	1.176	-0.09800000000000003
0.686	0.787	0.81	0.108	-0.07350000000000001
1.11	0.613	0.447	0.998	0.41450000000000004
1.591	0.482	-0.189	-0.387	1.2255
1.307	0.942	0.216	1.084	0.9084999999999999
0.417	0.071	0.055	-0.481	0.189
0.884	0.019	-0.516	-0.416	0.9675
1.45	1.242	1.046	-0.874	0.30000000000000004
0.988	0.952	0.577	0.214	0.393
1.264	0.802	0.291	0.218	0.742
0.983	-0.035	-0.538	0.313	1.012
0.928	0.452	1.415	1.125	-0.725
-0.271	-0.42	0.366	-0.287	-0.7115
1.75	0.649	-0.88	-0.624	2.0795
1.018	0.663	-0.683	-0.742	1.5235
0.963	1.093	1.061	-0.72	-0.03299999999999992
0.651	0.137	-1.077	-1.058	1.471
1.169	0.046	0.766	0.377	-0.15849999999999997
1.267	0.351	-0.052	-0.989	0.861
0.64	0.008	-0.943	-0.642	1.267
1.885	1.091	0.584	0.218	0.904
1.145	0.66	-0.474	-1.136	1.3765
1.182	1.17	1.043	0.659	0.133
0.822	-0.559	-0.123	0.949	0.25449999999999995
0.58	0.311	1.275	0.32	-0.8294999999999999
1.488	1.387	0.783	-0.066	0.6545
0.329	0.256	0.366	0.094	-0.07350000000000001
1.501	0.983	-0.373	-1.193	1.615
-0.017	0.008	0.427	-0.329	-0.4315
0.435	0.377	-0.262	-0.086	0.668
0.637	0.159	-0.117	-0.454	0.515
1.137	1.038	0.363	-0.532	0.7244999999999999
0.395	0.384	-0.015	-0.075	0.4045
0.88	0.706	0.669	0.034	0.12399999999999989
1.312	1.236	0.643	-0.106	0.631
1.71	0.544	-0.476	-0.432	1.603
1.501	1.283	0.799	0.741	0.5929999999999999
0.916	0.579	0.492	0.87	0.25550000000000006
1.819	1.628	0.874	-0.499	0.8495
0.33	0.206	-0.002	-0.081	0.27
0.262	-0.025	-0.782	-0.475	0.9005000000000001
1.73	0.776	0.736	0.181	0.5170000000000001
1.143	0.382	-0.76	-0.883	1.5225
1.328	0.618	0.142	-1.226	0.8310000000000001
0.898	0.31	-0.953	0.198	1.557
1.631	1.897	1.099	-0.486	0.665
0.861	0.454	-0.421	-0.306	1.0785
0.27	0.166	-0.177	-0.5	0.395
0.755	0.132	0.562	0.277	-0.11850000000000005
0.796	0.701	0.281	-0.469	0.4674999999999999
1.929	1.065	-0.29	-0.583	1.787
1.083	1.409	0.195	-0.136	1.051
0.849	-0.085	-0.176	0.272	0.558
0.731	0.201	-0.223	0.31	0.689
1.583	1.18	1.258	0.296	0.12349999999999994
1.186	1.058	-0.446	-0.638	1.5679999999999998
1.838	1.564	0.1	-0.668	1.601
1.196	-0.038	-0.713	-0.201	1.2919999999999998
1.158	0.59	0.109	0.448	0.7649999999999999
0.728	0.185	0.309	-0.226	0.14750000000000002
0.974	0.536	0.695	0.222	0.06000000000000005
1.252	0.908	1.474	1.352	-0.3939999999999999
0.458	0.525	0.457	-0.689	0.03450000000000003
1.007	0.454	-1.241	-0.146	1.9715
1.663	0.871	0.032	-0.866	1.2349999999999999
0.575	-0.167	0.01	0.45	0.19399999999999995
0.623	-0.226	-0.214	-0.156	0.4125
0.85	0.727	1.276	0.091	-0.48750000000000004
1.346	1.18	0.107	-1.023	1.156
1.469	1.056	0.33	-0.462	0.9325000000000001
1.212	1.139	0.873	0.701	0.3025
1.147	0.482	-0.562	0.134	1.3765
0.522	0.672	0.187	-1.118	0.41
1.172	-0.363	-0.918	-0.148	1.3225
1.123	0.422	0.178	0.374	0.5945
0.931	0.365	0.549	-0.192	0.09899999999999998
1.406	0.795	0.55	-0.273	0.5505
1.343	0.893	0.577	0.471	0.5409999999999999
1.215	0.446	-0.232	0.025	1.0625
0.944	0.01	0.178	-0.217	0.299
0.198	-0.47	-0.24	-1.042	0.10400000000000001
1.846	1.45	0.749	0.803	0.8990000000000001
0.758	0.272	-0.007	1.131	0.522
1.787	1.133	0.742	0.293	0.718
0.524	0.094	0.693	-0.117	-0.38399999999999995
1.379	0.608	-0.977	-0.448	1.9705
0.935	1.112	1.247	0.424	-0.22350000000000003
0.824	0.05	0.224	0.938	0.213
1.094	0.295	0.113	0.223	0.5815
0.016	-0.91	-0.588	0.498	0.14099999999999996
1.293	0.911	0.144	0.084	0.9579999999999999
1.486	0.784	0.961	0.527	0.17400000000000004
0.919	0.672	0.28	1.014	0.5155000000000001
0.891	0.752	0.405	-0.647	0.4165
-0.383	-0.297	0.04	0.997	-0.37999999999999995
0.875	0.695	1.125	1.26	-0.3400000000000001
1.071	0.581	-0.492	1.124	1.318
1.022	0.443	-0.081	0.848	0.8135
1.286	0.878	0.385	0.166	0.6970000000000001
1.168	0.533	-0.378	-0.146	1.2285
0.524	0.373	0.982	0.073	-0.5335
1.798	1.396	1.863	0.743	-0.266
0.881	0.187	0.126	-1.347	0.40800000000000003
0.901	0.593	0.586	0.659	0.16100000000000003
0.587	0.475	-0.249	0.38	0.7799999999999999
1.108	0.638	-0.195	-0.245	1.068
1.825	1.353	0.753	0.829	0.836
0.864	0.17	-0.902	-1.089	1.419
1.933	1.577	1.823	-0.343	-0.06800000000000006
1.711	1.517	0.848	0.877	0.7659999999999999
0.909	-0.382	-0.551	-0.722	0.8145
0.506	-0.163	-0.4	0.256	0.5715
2.087	1.497	0.231	-0.293	1.5610000000000002
1.726	1.927	0.75	0.277	1.0765
0.801	0.187	-0.519	-0.256	1.013
0.366	0.106	0.636	0.143	-0.4
0.446	-0.565	-0.24	0.06	0.18050000000000002
0.772	0.232	-0.488	-0.462	0.99
1.408	0.268	-0.359	1.304	1.197
1.16	1.218	0.555	0.289	0.634
0.518	-0.304	0.08	-0.587	0.02700000000000001
0.986	0.213	0.43	0.307	0.16950000000000004
1.098	1.152	1.25	0.39	-0.125
0.015	-0.981	0.3	0.366	-0.7829999999999999
1.254	1.094	0.653	0.022	0.5209999999999999
1.218	0.421	0.957	1.054	-0.13749999999999996
0.618	0.197	-0.162	-0.412	0.5695
1.056	0.3	-0.957	0.733	1.635
1.705	1.014	0.872	0.782	0.48750000000000016
0.673	0.224	-0.923	-1.282	1.3715000000000002
0.646	0.438	1.107	0.774	-0.565
1.226	0.398	0.307	-0.179	0.5050000000000001
1.126	0.793	0.673	-0.156	0.2865
1.191	1.249	0.788	-0.834	0.43200000000000016
0.613	0.157	-0.648	-0.414	1.033
1.11	-0.129	-1.194	-0.773	1.6844999999999999
1.126	1.1	-0.632	-0.994	1.745
0.809	0.161	0.665	0.405	-0.18
1.234	0.499	-0.737	-1.08	1.6035
1.065	0.51	0.002	-0.121	0.7855
1.773	0.924	-0.627	0.544	1.9755
0.959	0.582	0.713	0.02	0.057499999999999996
0.371	-0.115	-0.833	-0.638	0.961
0.496	0.299	0.77	-0.119	-0.37250000000000005
1.058	0.587	0.944	-0.134	-0.12149999999999994
2.026	1.801	1.029	0.632	0.8845000000000001
0.844	0.359	-0.379	-1.415	0.9804999999999999
1.602	1.009	0.191	-0.068	1.1144999999999998
1.204	0.541	0.249	-0.644	0.6235
0.987	0.872	0.957	-0.045	-0.02749999999999997
0.249	-0.111	0.082	0.025	-0.012999999999999998
0.859	0.402	0.036	-1.125	0.5945
0.832	0.501	0.467	-0.058	0.19949999999999996
1.615	0.855	-0.276	0.102	1.511
1.248	0.916	1.64	0.305	-0.5579999999999998
1.51	1.035	-0.575	-0.404	1.8475
0.781	0.362	-0.242	0.099	0.8135
0.965	0.4	0.419	0.44	0.2635
1.103	0.346	-0.462	-0.487	1.1864999999999999
0.669	-0.443	-0.965	0.045	1.078
1.565	1.509	0.681	-0.717	0.8559999999999999
1.009	0.642	0.087	-0.564	0.7384999999999999
1.368	0.492	-0.296	-0.037	1.226
1.781	1.44	0.888	1.053	0.7225
1.218	1.115	0.792	0.424	0.37450000000000006
0.627	0.508	0.563	-0.458	0.0045000000000000595
0.508	-0.158	-0.661	0.058	0.8360000000000001
1.056	-0.072	-0.615	-0.123	1.107
1.154	0.127	-0.012	0.706	0.6525
1.797	0.551	-1.343	0.087	2.517
1.386	1.446	-0.189	-0.594	1.605
0.849	0.032	0.667	0.94	-0.22650000000000003
0.326	-0.276	0.237	0.764	-0.212
1.265	1.515	-0.045	-1.391	1.4349999999999998
1.089	0.194	-0.651	-0.902	1.2925
1.616	1.019	0.859	0.81	0.4584999999999999
1.246	0.353	-1.345	0.109	2.1445
1.008	0.911	0.242	-0.656	0.7175
0.266	0.135	0.055	-1.204	0.14550000000000002
1.662	1.056	0.842	0.762	0.517
1.543	1.052	-0.06	-0.336	1.3575
-0.176	-0.25	0.145	0.258	-0.358
1.092	0.546	0.236	-0.285	0.5830000000000001
1.224	0.519	-0.433	-0.376	1.3045
1.916	1.305	-0.445	-0.379	2.0555
1.258	1.425	1.158	1.451	0.1835
0.274	-0.275	-0.336	1.077	0.3355
1.429	0.102	0.274	0.191	0.49150000000000005
0.908	0.791	0.585	-1.041	0.26450000000000007
0.04	-0.436	-0.13	0.671	-0.068
0.445	-0.05	0.465	-0.115	-0.2675
1.307	0.936	1.213	0.315	-0.09150000000000014
1.378	1.168	0.614	-0.561	0.6589999999999999
0.948	0.282	0.309	1.089	0.306
0.441	0.681	1.401	0.271	-0.84
1.695	1.309	0.202	0.066	1.3
0.456	-0.521	-0.319	0.974	0.2865
2.147	1.684	0.919	-0.666	0.9964999999999997
0.898	0.762	1.285	1.93	-0.45499999999999985
1.398	0.529	-0.267	-1.055	1.2305000000000001
1.109	0.307	-0.421	0.473	1.129
1.352	1.115	0.968	0.558	0.26550000000000007
1.09	-0.03	0.158	0.285	0.372
1.435	0.632	-0.39	-0.314	1.4235000000000002
1.677	1.41	0.033	-0.372	1.5105
1.634	1.315	-0.042	-1.109	1.5165
1.745	0.837	-0.172	-0.95	1.4629999999999999
1.652	0.659	-0.311	0.138	1.4665
0.087	-0.32	-1.072	0.612	0.9555
1.101	0.397	-0.173	-0.426	0.9219999999999999
2.142	1.711	1.358	1.222	0.5684999999999998
1.326	0.612	-0.046	0.718	1.0150000000000001
1.18	0.446	-0.27	1.425	1.083
1.092	0.431	0.32	-0.046	0.44150000000000006
1.37	0.826	1.175	0.656	-0.07699999999999996
0.955	0.636	0.144	0.606	0.6515
1.24	1.045	0.455	-0.538	0.6875
0.948	0.689	0.498	-0.54	0.3205
0.7	0.26	0.228	0.138	0.252
1.412	0.673	-0.026	0.3	1.0685
1.398	0.252	0.453	-0.773	0.37199999999999994
1.476	0.692	-0.4	-1.22	1.484
1.201	1.178	1.033	0.25	0.15650000000000008
1.546	0.948	1.071	0.93	0.17599999999999993
0.924	0.923	0.121	0.805	0.8025
0.53	0.473	1.28	1.346	-0.7785
0.471	-0.102	-0.84	-0.587	1.0245
1.502	1.335	-0.109	0.006	1.5274999999999999
1.015	0.708	0.61	-0.158	0.25149999999999995
0.75	0.288	-0.326	-0.551	0.845
1.355	1.27	0.53	0.053	0.7825
1.626	0.91	-0.677	-0.167	1.945
0.949	0.291	0.8	0.015	-0.18000000000000005
1.767	1.633	1.59	0.202	0.10999999999999988
1.003	0.972	0.657	0.04	0.3304999999999999
0.766	0.348	-1.192	0.488	1.7489999999999999
1.041	0.69	0.056	0.262	0.8094999999999999
1.449	1.261	1.72	-0.282	-0.365
1.794	0.854	0.635	0.83	0.6890000000000001
0.825	0.161	-0.521	-0.612	1.014
1.547	0.966	0.362	-0.376	0.8945
1.082	0.453	0.539	-0.275	0.22850000000000004
1.267	0.983	0.515	-0.38	0.61
1.349	0.809	0.814	0.167	0.265
0.155	0.071	-1.058	-0.146	1.171
0.882	0.32	0.154	0.002	0.44699999999999995
1.571	0.683	0.169	0.845	0.958
1.433	0.445	-0.565	0.284	1.504
0.691	0.43	1.038	-0.773	-0.47750000000000004
1.128	0.577	0.171	0.158	0.6814999999999999
1.784	1.127	1.24	-0.793	0.21550000000000002
0.592	0.179	0.839	1.135	-0.4535
0.682	0.915	0.779	0.788	0.019499999999999962
0.579	0.319	-0.439	-0.658	0.8879999999999999
0.645	0.672	-0.074	-0.6	0.7325
2.032	1.587	-0.128	-0.779	1.9375
1.608	0.684	-0.393	-0.761	1.5390000000000001
0.888	0.673	0.014	-0.26	0.7665
1.392	0.711	0.096	0.426	0.9554999999999999
1.318	0.5	-0.21	1.618	1.119
0.965	-0.094	-0.858	-0.132	1.2934999999999999
1.092	0.202	0.384	0.643	0.263
1.661	1.038	0.825	0.968	0.5245
1.708	1.437	0.139	-0.384	1.4335
0.747	0.487	0.386	0.55	0.23099999999999998
0.875	0.894	0.808	0.51	0.07650000000000001
1.487	1.011	0.381	-0.117	0.8680000000000001
0.682	0.685	-0.237	-0.703	0.9205
1.421	0.721	0.631	-0.143	0.43999999999999995
0.485	0.162	-0.24	0.061	0.5635
0.984	0.415	-0.049	-0.013	0.7485
1.09	1.081	0.519	-0.783	0.5665000000000001
0.461	-0.281	-0.558	0.017	0.648
1.172	0.173	-0.287	0.38	0.9595
1.47	1.066	-0.163	0.072	1.431
0.633	0.093	-1.102	-0.354	1.465
1.101	0.099	-1.243	-0.824	1.843
0.382	-0.359	-0.797	0.272	0.8085
1.86	1.243	0.591	0.223	0.9605000000000001
0.407	-0.609	-0.685	0.266	0.5840000000000001
1.199	-0.148	-0.679	0.431	1.2045000000000001
1.088	0.065	-0.862	1.047	1.4385
0.986	-0.047	-0.162	-0.46	0.6315
0.79	0.408	0.003	0.077	0.596
0.861	0.451	-0.484	-1.181	1.1400000000000001
0.956	0.337	-0.312	0.308	0.9584999999999999
0.764	0.96	0.731	-0.511	0.131
0.513	0.433	0.52	0.684	-0.04700000000000004
0.611	0.686	1.404	1.003	-0.7554999999999998
0.358	-0.347	-0.765	-0.704	0.7705
0.19	0.463	-0.234	0.741	0.5605
1.023	0.387	-0.658	-0.105	1.363
1.171	0.734	0.583	0.2	0.36950000000000005
1.831	1.062	0.351	-0.658	1.0955
1.349	0.458	-0.347	-0.073	1.2505
1.101	0.745	0.264	-0.751	0.659
0.988	-0.281	-0.251	-0.274	0.6045
0.737	0.026	-0.643	-1.215	1.0245
0.84	0.58	0.812	-0.686	-0.10200000000000009
1.48	1.025	0.394	-0.532	0.8584999999999999
0.6	-0.7	0.181	0.661	-0.23099999999999998
1.532	0.841	-0.221	1.041	1.4075000000000002
1.347	0.885	1.043	-0.121	0.07300000000000018
1.128	0.444	0.884	1.589	-0.09800000000000009
1.166	0.101	-1.082	-0.118	1.7155
1.449	0.016	-1.114	-0.325	1.8465000000000003
2.309	2.374	2.374	-0.425	-0.032500000000000195
0.999	0.841	0.312	-0.745	0.6079999999999999
1.682	0.982	-0.008	0.379	1.3399999999999999
1.238	1.207	1.284	0.466	-0.06149999999999989
1.385	0.723	-0.53	0.443	1.584
1.235	0.945	0.935	0.586	0.15500000000000003
1.576	0.899	0.373	-0.473	0.8645
0.776	0.687	0.886	-0.377	-0.15449999999999997
1.164	0.926	0.594	0.169	0.45099999999999996
1.526	1.192	0.36	-0.735	0.999
0.339	-0.423	-0.801	-0.114	0.7590000000000001
0.546	0.287	-1.053	0.217	1.4695
1.361	0.785	0.504	0.701	0.569
1.096	0.706	1.087	0.707	-0.18599999999999994
0.676	0.511	1.043	1.915	-0.4494999999999999
0.863	0.75	-0.049	-0.698	0.8555
0.653	0.069	0.327	0.769	0.033999999999999975
1.684	1.408	1.119	0.244	0.4269999999999998
1.067	0.155	-0.845	-0.722	1.456
0.576	0.189	0.372	0.362	0.010499999999999954
0.83	0.668	0.902	0.362	-0.15300000000000002
-0.005	-0.575	-0.109	0.292	-0.181
0.568	0.041	-0.436	-0.337	0.7404999999999999
0.837	0.453	0.205	0.59	0.44000000000000006
0.478	-0.365	-0.332	-0.233	0.3885
0.62	-0.329	-0.537	2.124	0.6825
1.048	0.534	0.313	-0.412	0.47800000000000004
1.378	0.523	0.085	-0.468	0.8654999999999999
1.679	1.047	0.313	0.058	1.05
0.337	0.159	1.042	2.069	-0.794
0.69	0.717	-0.044	-0.262	0.7475
1.395	0.066	-0.347	-0.646	1.0775000000000001
1.28	1.239	0.515	1.31	0.7445
1.899	1.134	0.151	0.163	1.3655
0.635	0.111	0.511	0.057	-0.138
1.6	1.503	0.581	0.817	0.9704999999999999
1.006	0.902	0.525	0.195	0.42899999999999994
1.623	1.27	1.309	0.626	0.13749999999999996
1.033	0.779	0.91	0.027	-0.004000000000000115
0.847	0.855	-0.005	-0.511	0.856
1.717	1.215	0.012	-0.96	1.4540000000000002
0.824	-0.75	-0.578	0.47	0.615
1.298	0.576	0.637	0.69	0.30000000000000004
0.514	-0.444	-0.093	0.587	0.128
1.447	1.0	0.422	0.266	0.8015000000000001
1.115	1.101	1.511	0.734	-0.4029999999999998
0.593	0.518	0.046	-0.043	0.5095
1.269	0.953	-0.001	-0.23	1.1119999999999999
0.747	-0.16	-0.73	-1.263	1.0234999999999999
2.008	1.13	0.749	-0.6	0.82
0.702	0.244	-0.045	0.141	0.518
0.698	0.376	-0.807	-1.058	1.3439999999999999
1.615	1.145	0.215	-0.861	1.1649999999999998
1.047	0.921	0.47	0.579	0.514
1.825	0.663	0.48	0.193	0.764
0.629	0.691	0.43	0.196	0.22999999999999993
1.414	0.948	0.551	0.15	0.63
0.717	0.633	0.304	0.941	0.37100000000000005
0.85	0.558	0.416	-0.916	0.288
0.452	0.146	0.43	0.673	-0.131
0.611	0.358	0.375	0.303	0.10949999999999999
0.87	0.601	0.725	0.404	0.010500000000000065
-0.134	-0.78	-0.336	-0.374	-0.121
1.566	1.48	1.219	0.46	0.30400000000000005
0.768	0.289	0.153	0.355	0.37549999999999994
0.62	0.371	0.405	0.516	0.09049999999999997
0.086	-1.187	-0.23	1.281	-0.3205
0.691	0.192	0.262	0.64	0.1795
0.955	0.356	0.21	0.799	0.4455
1.006	0.639	-0.557	0.315	1.3795000000000002
0.528	-0.059	-0.083	-1.434	0.3175
0.656	0.497	0.623	-0.512	-0.046499999999999986
1.531	0.986	1.148	-0.024	0.11050000000000004
1.007	0.252	-0.514	0.212	1.1435
1.392	0.25	-0.236	-0.483	1.057
1.01	0.501	-1.642	-0.423	2.3975
0.647	0.62	0.188	-0.311	0.44549999999999995
1.231	0.493	0.342	0.104	0.52
1.574	0.642	0.21	-0.281	0.8980000000000001
0.729	0.449	-0.287	-0.301	0.8759999999999999
1.587	0.954	-0.52	0.217	1.7905
1.012	-0.044	-0.718	0.201	1.202
1.061	0.579	0.333	-0.06	0.48699999999999993
0.692	-0.303	-0.578	-0.383	0.7725
0.957	0.899	0.293	-1.242	0.635
1.527	0.843	0.404	0.524	0.781
0.634	0.578	1.022	0.997	-0.41600000000000004
1.098	1.133	0.736	0.528	0.37949999999999995
0.543	0.057	-0.302	-1.089	0.6020000000000001
1.013	0.604	0.018	0.32	0.7905
1.347	1.171	0.161	-0.374	1.0979999999999999
1.307	0.864	0.354	0.339	0.7314999999999999
1.282	0.334	-0.38	-0.821	1.1880000000000002
1.063	0.289	-1.175	-0.646	1.851
1.337	0.708	0.265	-0.178	0.7575
1.002	0.156	-1.168	-0.084	1.7469999999999999
0.488	0.638	0.851	0.807	-0.28800000000000003
1.497	1.467	1.134	0.605	0.3480000000000003
0.318	0.303	0.248	0.476	0.0625
0.726	0.467	0.126	0.201	0.47050000000000003
1.569	1.109	0.998	-0.197	0.34099999999999997
1.288	0.895	0.42	-0.525	0.6715
0.811	-0.227	-0.018	-0.652	0.31000000000000005
0.68	0.153	-1.365	-1.075	1.7815
1.463	1.228	0.984	0.88	0.36149999999999993
1.137	-0.626	-0.752	1.082	1.0075
0.933	0.309	-0.007	0.466	0.628
1.568	0.626	0.617	0.392	0.48
0.734	0.416	0.251	0.07	0.32399999999999995
1.459	1.548	-0.042	-0.589	1.5455
1.659	0.615	-0.622	0.15	1.759
0.578	0.41	1.069	-0.143	-0.575
0.842	-0.231	-0.938	-0.324	1.2435
1.796	1.542	0.233	-0.692	1.436
1.045	0.88	0.566	0.52	0.39649999999999996
1.061	1.201	1.17	-0.314	-0.038999999999999924
1.387	0.773	-0.57	1.186	1.65
0.954	0.549	0.722	0.108	0.02950000000000008
0.561	-0.275	0.407	0.855	-0.26399999999999996
0.679	-0.152	-0.403	0.509	0.6665000000000001
1.185	1.062	1.168	0.308	-0.044499999999999984
1.316	1.155	1.198	0.08	0.03750000000000009
1.501	0.336	0.247	0.116	0.6715
1.236	1.266	-0.239	-0.768	1.4899999999999998
0.746	0.125	-0.408	-0.999	0.8434999999999999
1.641	0.924	1.018	0.348	0.26449999999999996
0.62	0.157	0.383	1.386	0.005500000000000005
0.376	-0.788	-0.745	-0.633	0.5389999999999999
0.954	0.988	1.246	-0.426	-0.275
0.367	-0.297	0.366	1.123	-0.33099999999999996
1.248	0.522	0.987	-0.668	-0.10199999999999998
0.93	0.06	-0.379	1.14	0.874
1.401	0.433	-0.445	0.188	1.362
1.784	1.178	1.055	1.186	0.42599999999999993
0.972	0.99	1.105	0.112	-0.124
0.241	-0.377	0.105	0.037	-0.173
2.293	2.188	0.295	-0.844	1.9455
1.752	1.374	1.068	0.405	0.4950000000000001
2.195	0.252	-0.838	0.186	2.0615
0.652	0.194	0.191	-0.015	0.23200000000000004
1.528	0.839	-0.001	-1.131	1.1844999999999999
0.925	0.186	-1.153	0.059	1.7085
0.561	-0.077	-0.611	0.642	0.853
1.002	0.562	1.141	-0.316	-0.359
0.288	-0.155	0.121	1.478	-0.05450000000000001
0.872	1.236	0.214	0.362	0.8400000000000001
0.662	0.722	0.778	1.066	-0.08600000000000008
1.528	0.714	0.535	-0.552	0.586
2.069	1.131	-0.045	0.496	1.645
0.757	0.053	-0.024	-0.082	0.42900000000000005
0.738	-0.139	-0.843	0.131	1.1425
1.021	0.461	-0.114	-0.157	0.855
0.302	0.052	-1.585	0.154	1.762
0.167	-0.293	0.316	0.286	-0.379
1.038	0.466	-0.423	1.008	1.175
0.792	0.314	-0.033	-0.275	0.5860000000000001
1.512	1.63	0.736	-1.725	0.835
1.678	1.011	-0.138	-0.425	1.4825
0.765	-0.035	-0.374	0.023	0.739
0.159	-0.504	0.843	0.854	-1.0154999999999998
0.698	0.328	0.902	-0.657	-0.389
1.126	0.196	-0.232	0.145	0.8929999999999999
1.211	0.123	0.106	1.101	0.561
0.971	0.714	0.421	-0.614	0.42150000000000004
0.956	0.836	1.044	0.197	-0.14800000000000013
0.886	0.202	-1.129	-0.756	1.673
1.424	1.228	0.267	0.217	1.0590000000000002
1.964	1.241	0.965	-0.228	0.6375000000000001
0.485	-0.429	0.13	0.249	-0.10200000000000001
0.589	0.083	-0.386	0.28	0.722
1.372	1.278	0.843	0.009	0.4820000000000002
1.137	1.149	0.999	0.925	0.14400000000000002
0.216	0.379	0.556	1.113	-0.25850000000000006
1.3	1.147	0.761	0.038	0.4625
1.768	1.339	0.659	0.421	0.8945000000000001
1.334	1.052	0.702	-0.524	0.4910000000000001
0.372	-0.344	-0.869	-0.123	0.883
1.135	0.972	-0.094	-1.431	1.1475000000000002
1.136	0.953	1.347	0.725	-0.3025
0.584	-0.159	-0.398	-0.601	0.6105
1.802	0.701	-0.417	-1.522	1.6685
1.298	0.593	0.102	-1.063	0.8435
0.637	0.729	0.296	0.134	0.38700000000000007
1.038	0.869	0.53	0.541	0.4235
1.14	0.593	0.201	0.178	0.6655
1.109	0.433	0.405	-0.328	0.366
1.488	1.104	0.688	0.581	0.6080000000000001
0.937	0.059	-0.765	-0.214	1.263
1.092	0.627	0.666	-0.494	0.1935
1.692	1.115	0.727	0.924	0.6765
0.298	-0.125	0.359	1.575	-0.27249999999999996
0.593	0.07	0.188	0.215	0.14350000000000002
0.572	0.359	0.398	0.502	0.06749999999999995
1.384	1.291	1.197	-0.451	0.14049999999999985
0.903	0.156	-0.907	-1.219	1.4365
1.538	1.103	1.336	0.789	-0.01550000000000007
1.356	0.955	1.112	1.254	0.04349999999999987
0.56	0.292	0.211	-0.243	0.21500000000000005
1.47	1.093	-0.066	0.025	1.3475
1.513	1.179	0.759	0.332	0.5870000000000001
0.513	-0.008	-0.931	-0.439	1.1835
0.45	0.642	0.201	-0.155	0.34500000000000003
1.108	0.689	0.263	0.156	0.6355000000000001
0.662	-0.589	-0.41	-1.146	0.4465
0.976	-0.09	-1.205	0.165	1.6480000000000001
0.748	0.124	0.237	-0.769	0.199
1.294	0.435	-0.39	-0.941	1.2545000000000002
1.125	1.083	1.036	-0.296	0.06800000000000006
1.367	1.272	0.258	-0.452	1.0615
1.03	0.637	0.424	1.094	0.40950000000000003
1.012	0.967	0.602	0.538	0.38750000000000007
0.856	0.877	0.822	-0.218	0.044500000000000095
0.996	0.432	0.172	-0.391	0.542
0.965	-0.17	-1.32	-0.221	1.7175
1.759	1.774	1.311	1.212	0.4555
1.122	0.874	0.634	-0.296	0.364
1.107	-0.179	0.211	0.552	0.253
0.822	0.086	-0.043	0.352	0.49699999999999994
0.91	0.745	0.864	1.114	-0.03649999999999998
2.12	1.566	1.095	-0.551	0.748
1.095	0.714	0.598	-0.142	0.3065
1.508	0.768	0.018	1.019	1.1199999999999999
1.391	0.831	0.238	-1.206	0.873
1.172	-0.29	-1.308	-0.624	1.749
1.547	0.837	-0.045	0.274	1.2369999999999999
1.022	0.46	-0.215	-0.629	0.956
1.877	1.517	0.998	0.155	0.6990000000000001
1.679	0.618	-0.624	0.887	1.7725
1.133	0.406	-0.394	-0.467	1.1635
1.726	1.45	0.454	-1.356	1.1340000000000001
1.71	1.595	1.763	0.608	-0.11050000000000004
1.489	1.219	0.949	0.683	0.40500000000000014
1.553	1.248	0.61	1.189	0.7905000000000001
0.941	0.343	-0.308	-0.912	0.95
1.238	0.736	1.374	0.713	-0.3870000000000001
0.723	0.398	0.55	0.306	0.010499999999999954
1.52	0.457	-0.446	0.009	1.4345
1.639	1.005	0.956	0.064	0.3660000000000001
1.146	0.507	-0.375	-0.071	1.2015
1.607	0.836	-0.43	0.558	1.6515
0.605	1.014	0.983	0.783	-0.1735
1.258	0.245	0.333	0.076	0.41850000000000004
0.053	-0.519	-0.44	-0.119	0.207
0.899	0.409	-0.177	0.007	0.831
1.347	0.9	-0.675	-0.09	1.7985
1.121	0.065	-0.919	-0.246	1.512
1.793	1.365	1.037	0.017	0.542
1.031	0.273	0.113	-0.445	0.5389999999999999
1.051	-0.02	-0.465	-0.395	0.9804999999999999
1.874	1.866	0.087	-0.444	1.7830000000000001
1.791	1.16	-0.01	-1.271	1.4854999999999998
1.695	0.263	0.675	0.848	0.30400000000000005
0.69	0.511	1.063	0.893	-0.4624999999999999
1.343	0.861	-0.049	-0.407	1.1509999999999998
1.231	0.02	0.349	0.894	0.2765000000000001
1.46	0.709	1.224	0.397	-0.13949999999999996
1.223	1.363	1.219	1.281	0.07400000000000007
1.268	0.878	-0.044	-0.867	1.117
1.59	0.109	-0.427	1.117	1.2765
0.374	0.644	0.643	0.404	-0.134
0.668	0.273	-0.127	-0.088	0.5975
1.199	0.275	0.245	0.009	0.4920000000000001
1.149	0.52	0.976	0.39	-0.14149999999999996
1.171	-0.488	-0.536	0.547	0.8775000000000001
0.959	0.716	0.267	-0.026	0.5704999999999999
0.735	-0.281	-1.021	0.185	1.2479999999999998
1.041	0.851	0.318	-0.865	0.6279999999999999
1.952	1.619	0.645	-1.192	1.1404999999999998
0.35	-0.327	0.795	0.344	-0.7835000000000001
1.386	1.265	1.147	-0.242	0.17849999999999988
1.669	1.376	0.051	-0.482	1.4715
1.651	0.757	0.389	-0.395	0.815
1.769	0.963	-1.009	-0.44	2.375
0.468	-0.139	-0.791	-0.514	0.9555
1.106	-0.068	-0.475	-0.293	0.994
1.288	1.082	-0.673	-0.538	1.858
-0.291	-0.563	-0.662	-0.22	0.2350000000000001
0.712	0.626	0.762	-0.314	-0.09299999999999997
1.204	0.958	-0.332	-1.099	1.413
0.663	0.363	-0.326	0.724	0.839
2.087	2.069	0.165	-0.603	1.9130000000000003
1.233	0.47	-0.497	-0.424	1.3485
1.338	1.135	1.073	-0.355	0.16349999999999998
0.776	0.535	-0.237	-0.098	0.8925
1.118	1.031	0.635	0.23	0.4395
0.981	-0.149	-0.399	0.398	0.815
0.681	0.065	0.72	1.316	-0.347
1.449	1.288	0.312	0.106	1.0565
0.647	0.513	-0.858	0.066	1.4380000000000002
1.304	1.271	0.869	0.106	0.4185000000000001
1.49	0.984	-0.322	0.356	1.5590000000000002
0.901	0.652	0.044	0.603	0.7324999999999999
1.976	1.364	-0.415	-1.048	2.085
1.055	0.821	0.469	0.376	0.469
1.306	1.404	-0.046	0.148	1.401
0.885	0.1	-0.172	-0.077	0.6645
0.754	0.567	0.836	0.332	-0.1755
0.704	0.365	0.491	0.078	0.04349999999999998
0.308	0.071	-0.746	-0.923	0.9355
0.175	-0.466	-0.718	-0.841	0.5725
1.333	0.836	0.166	-0.242	0.9185
1.392	1.31	0.413	0.522	0.938
1.575	1.279	1.496	1.219	-0.06899999999999995
0.748	0.382	0.05	-0.084	0.5149999999999999
0.631	0.372	0.434	1.192	0.06750000000000006
1.496	1.222	0.452	0.409	0.907
1.162	0.646	0.548	0.293	0.35599999999999987
1.148	0.554	0.578	0.558	0.273
1.01	0.662	-0.22	-1.674	1.056
0.185	0.234	-0.329	-0.813	0.5385
0.372	0.645	0.694	0.255	-0.1855
0.713	0.254	0.373	-0.463	0.11049999999999999
1.87	1.488	1.822	0.507	-0.14300000000000002
0.885	0.632	0.112	-0.207	0.6465
1.266	0.128	-0.285	0.516	0.982
0.957	0.072	0.381	-0.335	0.13349999999999995
0.35	0.351	-0.216	0.174	0.5665
1.048	0.473	0.79	1.088	-0.02950000000000008
1.067	0.328	0.391	-0.813	0.3065
0.926	0.145	-0.415	0.779	0.9504999999999999
0.434	0.007	-0.414	0.17	0.6345
0.624	-0.004	-0.615	0.276	0.925
1.422	1.191	0.443	-0.31	0.8634999999999999
1.063	0.787	1.102	0.964	-0.17700000000000005
0.742	-0.439	-0.779	-0.562	0.9305
0.735	1.148	1.089	1.369	-0.14749999999999996
-0.167	-1.293	-1.599	1.011	0.869
1.289	1.098	-0.18	0.683	1.3735
1.261	0.792	0.097	-1.289	0.9295
1.11	1.272	0.85	-0.61	0.3410000000000001
1.076	1.271	0.464	-1.034	0.7095
0.404	0.104	0.439	0.136	-0.185
1.093	1.244	0.975	0.347	0.1934999999999999
1.919	0.94	0.382	-0.427	1.0474999999999999
1.05	0.661	-0.629	-0.418	1.4845000000000002
0.296	0.29	0.496	0.841	-0.203
0.555	-0.226	-0.006	0.27	0.17050000000000004
0.36	-0.521	-0.851	-0.647	0.7705
0.882	0.72	-0.216	-0.696	1.017
0.821	0.434	0.049	0.915	0.5784999999999999
0.247	-0.345	-0.39	0.585	0.341
0.515	0.388	-0.459	-0.045	0.9105000000000001
0.954	1.375	1.024	1.022	0.14049999999999985
1.144	0.765	0.934	1.114	0.02049999999999985
0.689	0.445	-0.391	0.072	0.958
1.268	0.773	-0.879	-0.412	1.8995
-0.171	-0.608	-0.88	-0.071	0.4905
1.1	0.252	-0.126	0.458	0.802
1.06	0.748	0.041	-0.323	0.863
1.868	1.366	0.006	0.589	1.611
0.98	1.212	1.602	0.66	-0.506
1.376	1.017	0.517	0.113	0.6794999999999999
1.257	1.033	0.946	0.334	0.19900000000000007
1.894	1.19	0.234	0.093	1.3079999999999998
1.472	1.234	0.618	-0.173	0.735
0.771	0.003	0.928	1.95	-0.541
1.383	0.625	-0.75	-0.917	1.754
1.091	0.377	-0.847	-0.606	1.581
0.908	-0.075	0.347	1.178	0.06950000000000006
0.927	0.17	-0.539	-0.378	1.0875
0.855	1.069	0.257	0.26	0.705
-0.004	-0.19	-0.577	0.542	0.48
1.127	1.063	1.615	0.859	-0.52
1.519	1.223	0.311	0.583	1.06
0.617	0.525	0.314	-0.723	0.25699999999999995
1.317	1.786	1.506	0.647	0.045499999999999874
0.049	-0.25	-0.053	0.396	-0.04750000000000001
1.405	0.874	-0.555	-0.389	1.6945000000000001
0.912	-0.028	-1.052	0.954	1.494
0.706	0.212	0.242	1.326	0.21699999999999997
1.086	0.677	1.086	0.317	-0.20450000000000002
1.361	0.801	0.017	0.102	1.064
0.452	0.173	0.214	0.919	0.0985
0.377	-0.151	0.327	0.888	-0.21400000000000002
1.452	1.327	0.73	-0.019	0.6595
0.981	-0.373	-0.471	-0.797	0.7749999999999999
0.515	0.68	1.027	0.555	-0.4294999999999999
0.872	0.399	0.247	0.396	0.38849999999999996
0.445	0.251	1.323	-0.23	-0.975
0.661	-0.185	0.14	0.389	0.098
2.073	1.241	1.088	0.079	0.569
1.493	1.337	1.279	0.752	0.13600000000000012
0.496	0.029	-0.401	-0.288	0.6635
0.761	-0.418	-0.372	1.017	0.5435
0.38	0.045	0.937	0.736	-0.7245
0.292	-0.389	-0.227	0.592	0.1785
1.239	0.446	-0.31	-0.116	1.1525
1.435	0.843	0.117	-0.542	1.022
0.732	0.069	0.624	1.046	-0.22350000000000003
0.472	0.363	0.128	-0.028	0.2895
0.713	0.195	0.524	0.298	-0.07000000000000006
1.484	1.231	0.874	-0.681	0.48349999999999993
1.232	0.351	-0.57	-0.595	1.3615
0.764	0.654	0.443	0.905	0.26600000000000007
0.263	0.752	1.086	0.96	-0.5785
1.646	0.857	0.529	-0.297	0.7225
1.437	0.462	0.548	1.098	0.40149999999999997
0.307	0.347	0.814	-0.186	-0.487
1.066	0.068	-0.314	0.355	0.881
0.72	-0.046	-1.081	-0.667	1.418
1.434	1.008	-0.101	-0.28	1.322
1.918	0.535	0.009	-0.289	1.2175
1.433	0.975	0.767	0.346	0.43699999999999994
1.175	0.231	-1.024	-1.104	1.727
1.534	1.676	1.312	-1.121	0.2929999999999999
0.153	0.185	0.924	1.732	-0.7550000000000001
1.755	1.169	0.457	0.701	1.005
0.844	0.434	-0.317	-0.595	0.956
1.801	1.37	0.293	-0.737	1.2925000000000002
0.681	0.052	-0.431	-0.038	0.7975000000000001
1.774	1.505	0.418	-0.149	1.2215
0.502	0.372	0.765	-0.097	-0.328
0.629	0.68	-0.1	-0.604	0.7545000000000001
1.167	0.781	0.098	-0.496	0.876
1.079	0.844	0.26	-0.431	0.7015
1.317	0.941	0.572	-0.239	0.557
0.778	-0.107	-0.825	-0.019	1.1604999999999999
1.799	1.521	0.928	-0.514	0.7319999999999999
2.189	0.82	-0.115	-0.38	1.6195
2.065	0.975	0.483	0.316	1.037
1.023	0.247	-0.057	0.006	0.6920000000000001
1.511	0.868	0.054	-0.419	1.1355
0.486	-0.526	-0.666	-0.818	0.646
0.758	-0.031	-0.756	0.357	1.1195
0.303	0.393	-0.149	0.346	0.497
1.146	0.254	-0.594	-0.008	1.294
1.746	1.325	0.956	-0.42	0.5794999999999999
1.993	1.548	1.871	1.065	-0.10049999999999981
0.607	0.606	0.17	-0.047	0.4365
1.34	0.848	0.049	0.018	1.0450000000000002
1.362	1.262	0.803	0.374	0.509
1.561	1.317	0.489	0.465	0.9500000000000001
1.389	1.184	0.706	0.377	0.5805
0.678	0.273	-0.345	-0.146	0.8205
1.149	1.247	0.568	-0.143	0.63
1.406	1.152	1.208	0.536	0.07099999999999995
0.598	-0.59	-0.831	-0.393	0.835
0.243	-0.051	-0.228	-0.894	0.324
0.62	0.549	0.788	-0.146	-0.20350000000000001
1.285	1.196	0.761	0.267	0.4794999999999999
1.102	0.668	0.489	0.244	0.396
0.136	0.13	0.279	-0.082	-0.14600000000000002
1.106	0.572	-0.06	-0.185	0.899
1.172	-0.179	-0.73	-0.179	1.2265
1.131	0.818	0.005	-0.576	0.9694999999999999
1.308	0.837	-1.403	0.283	2.4755000000000003
1.118	0.239	0.903	0.589	-0.22449999999999992
0.712	0.082	0.906	0.798	-0.5090000000000001
0.827	0.282	0.561	-0.482	-0.006500000000000061
1.14	1.072	0.308	-0.144	0.7979999999999998
0.568	0.297	-0.296	-0.588	0.7284999999999999
0.859	0.05	-0.815	-0.512	1.2694999999999999
0.725	0.791	0.633	-0.858	0.125
0.413	0.389	0.085	0.479	0.316
0.693	-0.39	-0.559	0.183	0.7105
0.991	1.188	0.967	0.36	0.12249999999999994
0.112	-0.381	-0.143	0.093	0.00849999999999998
1.148	0.317	0.133	-0.185	0.5994999999999999
2.029	1.367	1.266	-0.047	0.43199999999999994
1.132	0.704	-0.726	0.131	1.644
0.965	0.367	-0.677	-0.459	1.343
1.339	0.928	-0.148	0.573	1.2814999999999999
1.862	0.924	-0.224	-0.131	1.617
1.06	0.773	1.118	0.723	-0.2015
0.728	0.65	1.311	0.695	-0.6219999999999999
0.459	-0.21	-0.516	-0.752	0.6405000000000001
0.823	0.983	1.338	0.413	-0.43500000000000005
0.469	-0.514	0.01	1.018	-0.03250000000000002
1.003	-0.076	0.329	-0.751	0.13449999999999995
1.089	1.056	0.69	-0.868	0.38250000000000006
0.92	1.003	1.182	0.166	-0.22049999999999992
1.123	0.721	0.799	0.034	0.12299999999999989
1.768	0.935	0.392	-0.224	0.9595000000000001
0.139	0.159	1.544	1.402	-1.395
0.894	0.395	-0.12	0.156	0.7645000000000001
1.148	0.883	1.146	0.087	-0.13050000000000006
1.71	1.252	0.467	-0.73	1.0139999999999998
0.62	0.378	-0.399	0.162	0.898
0.509	0.028	-0.159	-0.107	0.4275
0.645	-0.083	1.045	1.112	-0.7639999999999999
0.78	0.337	-0.82	-0.893	1.3784999999999998
1.274	1.079	0.851	-0.467	0.3254999999999999
1.542	0.585	-0.019	-0.62	1.0824999999999998
0.819	0.404	0.634	1.373	-0.022500000000000075
0.564	-0.807	-1.101	-0.969	0.9794999999999999
0.988	1.047	0.785	0.021	0.23250000000000004
1.663	0.645	0.238	-0.482	0.9159999999999999
1.481	1.458	0.338	-0.046	1.1315
0.924	0.872	0.972	1.438	-0.07399999999999995
0.791	0.517	-0.056	0.831	0.7100000000000001
0.909	0.449	-0.889	-0.975	1.568
1.159	0.688	0.995	0.449	-0.07150000000000001
0.589	0.347	-0.11	-0.806	0.578
1.995	1.097	0.189	-1.243	1.357
1.435	0.847	-0.31	-0.291	1.451
1.629	1.151	-0.161	-1.004	1.5510000000000002
0.852	0.694	0.938	0.972	-0.16500000000000004
1.405	1.282	1.34	0.537	0.0035000000000000586
1.019	-0.059	0.929	-0.231	-0.44900000000000007
1.558	0.783	0.05	-0.548	1.1205
1.454	1.035	-0.003	-0.121	1.2474999999999998
1.162	0.525	0.305	0.182	0.5385
1.227	0.991	0.395	0.892	0.714
0.943	0.42	0.347	-0.96	0.3345
1.364	0.963	-0.467	-0.318	1.6305
1.314	0.4	-1.157	-0.322	2.0140000000000002
0.896	0.498	0.385	-0.439	0.31200000000000006
1.844	1.235	0.743	-1.128	0.7965000000000001
0.209	-0.111	-0.352	-0.209	0.40099999999999997
1.175	0.823	-0.22	0.15	1.219
1.581	1.286	0.625	-0.243	0.8085
0.106	0.045	0.844	-0.479	-0.7685
1.653	1.71	1.953	0.536	-0.2715000000000001
1.079	0.932	1.253	1.841	-0.24749999999999983
1.441	1.407	0.869	-0.219	0.5549999999999999
1.277	0.747	0.491	-0.389	0.521
2.023	1.058	0.282	-0.606	1.2585000000000002
0.718	0.641	-0.897	-0.289	1.5765
1.061	0.965	0.355	-0.628	0.6579999999999999
0.762	0.713	0.621	0.982	0.11650000000000005
1.328	0.237	-0.002	0.411	0.7845
0.835	0.9	1.019	0.537	-0.15149999999999997
0.996	0.81	0.907	0.122	-0.0040000000000000036
1.063	0.287	-0.589	0.048	1.2639999999999998
1.408	0.381	-0.864	0.604	1.7585
0.614	0.05	-0.173	-0.853	0.505
1.538	0.885	0.245	0.055	0.9665
0.444	0.041	0.271	0.373	-0.028500000000000025
1.131	-0.03	-0.069	0.234	0.6194999999999999
0.759	-0.028	0.264	1.022	0.10149999999999998
0.539	-0.037	-0.707	-0.279	0.958
2.044	1.53	1.386	0.717	0.401
1.023	-0.957	-1.743	0.005	1.776
1.477	1.537	0.614	-0.308	0.8930000000000001
1.119	1.164	0.97	-0.436	0.17149999999999999
1.704	1.147	1.137	1.17	0.2885
1.103	0.83	0.878	1.506	0.08849999999999991
0.657	0.02	-0.064	0.687	0.4025
0.719	0.511	0.706	0.313	-0.09099999999999997
0.563	-0.096	0.232	-0.731	0.0014999999999999736
1.506	1.113	1.425	1.013	-0.11550000000000016
1.256	1.117	-0.622	0.289	1.8085
1.042	0.16	-0.766	0.84	1.367
0.857	0.078	-0.99	0.564	1.4575
0.922	1.022	1.033	0.983	-0.06099999999999994
1.083	0.257	-0.602	1.049	1.2719999999999998
1.06	0.235	-0.016	0.319	0.6635
1.015	0.556	-0.399	-0.293	1.1844999999999999
1.032	-0.937	-1.038	-0.99	1.0855000000000001
0.669	0.188	-0.372	0.266	0.8005
1.767	0.885	0.292	-0.438	1.034
1.338	1.501	1.953	0.941	-0.5335000000000001
1.155	0.898	0.599	-1.02	0.4275
0.228	0.064	-0.227	0.721	0.373
0.127	-0.184	-0.408	-0.561	0.37949999999999995
1.16	0.743	0.353	0.906	0.5985
1.801	1.309	1.29	0.585	0.2649999999999999
0.585	0.513	0.386	-0.28	0.16299999999999992
0.448	-0.231	0.541	1.176	-0.43250000000000005
1.097	1.375	1.102	0.223	0.1339999999999999
0.967	-0.381	-0.574	-0.577	0.867
1.48	1.188	0.513	-0.063	0.8210000000000001
1.303	1.154	0.082	-0.716	1.1464999999999999
0.948	0.896	0.806	0.742	0.11599999999999988
0.574	-0.109	-0.654	-0.036	0.8865000000000001
0.459	0.622	0.427	0.173	0.11349999999999999
0.791	0.33	0.219	0.992	0.3415
1.08	-0.588	-0.792	0.158	1.038
1.144	0.59	0.023	-0.365	0.844
0.433	-0.029	-0.088	-0.349	0.29
0.961	0.113	-1.179	-1.291	1.7160000000000002
0.353	0.094	0.236	0.874	-0.012500000000000011
1.707	1.245	0.842	0.201	0.634
1.565	0.848	-0.104	-0.242	1.3105
-0.19	-0.554	-0.642	-1.007	0.27
0.647	-0.139	-1.256	-0.344	1.51
2.155	0.93	-0.778	0.165	2.3205
0.777	0.287	-0.222	-0.113	0.754
1.269	0.796	0.926	1.05	0.10649999999999993
1.283	0.603	0.858	-0.138	0.08499999999999996
1.415	0.951	-0.231	1.145	1.4140000000000001
1.896	1.416	1.98	1.565	-0.32400000000000007
1.17	0.124	-0.251	0.313	0.898
0.673	0.262	0.179	-0.267	0.28850000000000003
1.217	0.435	-0.891	0.29	1.717
1.034	0.341	-0.101	0.617	0.7885
-0.04	-0.872	-0.534	-0.667	0.07800000000000001
-0.084	-0.743	-1.454	0.561	1.0405
0.717	0.539	0.688	2.403	-0.05999999999999994
0.501	-0.189	0.185	0.561	-0.028999999999999998
0.949	0.588	-0.066	-1.103	0.8345
0.858	-0.253	-1.208	0.346	1.5105
0.891	0.722	-0.08	0.46	0.8865
1.221	0.655	0.892	0.37	0.04600000000000004
0.824	0.483	0.394	-0.677	0.25949999999999995
2.047	1.539	0.187	0.565	1.606
1.588	1.29	0.203	-1.486	1.236
1.162	1.054	0.262	-0.007	0.8460000000000001
0.75	0.856	1.393	1.112	-0.5900000000000001
1.078	0.416	0.431	0.405	0.316
1.501	1.266	-0.093	-0.392	1.4765
1.268	0.826	-1.39	-1.052	2.437
1.75	0.603	-1.006	-0.573	2.1825
0.661	0.234	0.743	0.317	-0.2955
0.656	-0.059	-0.102	0.996	0.40049999999999997
1.794	0.605	-0.223	-0.256	1.4225
1.296	1.461	1.856	0.459	-0.47750000000000004
1.27	0.15	-0.436	0.055	1.146
1.441	0.716	0.534	1.64	0.5445
1.585	0.956	-0.364	-1.05	1.6345
0.728	0.577	0.238	0.609	0.4145
1.71	1.131	0.28	-0.245	1.1405
1.555	1.316	1.185	0.53	0.25049999999999994
0.243	0.091	-0.127	-0.86	0.294
0.904	0.588	0.57	0.243	0.17600000000000005
0.798	0.577	0.223	-0.344	0.4645
0.355	0.295	-0.297	0.066	0.6219999999999999
0.553	0.489	-0.079	0.401	0.6
1.047	1.392	1.872	1.056	-0.6525000000000001
1.657	1.029	0.255	0.051	1.088
0.936	1.034	0.321	1.162	0.6640000000000001
0.807	-0.013	0.089	0.343	0.30800000000000005
0.583	0.902	-0.417	0.153	1.1595
1.955	1.097	-0.153	-0.322	1.679
1.566	0.898	-0.056	-0.403	1.288
0.958	0.795	0.721	0.461	0.15550000000000008
1.139	1.162	0.995	1.038	0.15550000000000008
0.601	-0.124	0.674	1.048	-0.43550000000000005
0.948	0.416	0.088	0.142	0.594
0.749	-0.438	0.898	0.488	-0.7425
0.705	1.111	1.211	0.33	-0.30300000000000016
0.873	0.621	0.839	0.133	-0.09199999999999997
1.642	0.427	-0.834	-0.57	1.8685
1.142	0.959	0.328	-0.516	0.7224999999999999
0.611	-0.127	-0.707	-0.271	0.949
0.493	0.119	-0.356	-0.346	0.6619999999999999
1.569	1.002	-0.246	0.062	1.5314999999999999
1.487	1.116	0.369	0.464	0.9325000000000001
0.957	0.352	0.555	1.134	0.09949999999999992
1.561	0.324	0.113	0.551	0.8295
1.815	0.48	-0.611	-0.41	1.7585
-0.091	-1.25	-0.246	0.471	-0.4245
1.017	0.657	0.107	0.168	0.73
0.226	-0.229	0.118	-0.502	-0.1195
0.66	0.288	0.727	0.526	-0.253
1.69	1.26	0.851	0.037	0.6240000000000001
0.291	-0.868	-1.602	0.123	1.3135000000000001
1.634	1.621	0.555	-0.466	1.0724999999999998
0.464	0.121	0.065	0.42	0.22749999999999998
1.0	0.684	0.074	-0.849	0.7680000000000001
1.531	0.781	-0.16	-0.791	1.3159999999999998
0.835	0.473	0.993	0.598	-0.3390000000000001
0.669	0.327	-0.588	-0.416	1.0859999999999999
1.253	0.577	1.287	0.789	-0.372
0.597	1.064	1.203	-0.662	-0.37250000000000005
0.694	0.388	0.389	0.857	0.1519999999999999
1.586	1.001	0.367	1.141	0.9264999999999999
0.698	0.642	0.68	0.873	-0.01000000000000012
-0.057	-0.523	-0.521	-0.321	0.23099999999999998
0.3	0.219	1.409	0.125	-1.1495
1.358	0.926	0.628	0.499	0.5140000000000001
0.833	0.355	-0.669	0.435	1.263
0.512	0.434	0.713	1.028	-0.24
0.518	0.27	0.16	-0.187	0.234
0.652	0.082	0.415	-0.003	-0.04799999999999999
1.067	0.31	-0.734	0.28	1.4224999999999999
0.552	0.11	1.047	-0.178	-0.716
0.713	-0.629	-1.609	-0.171	1.651
1.641	1.125	0.669	-1.187	0.714
1.72	0.956	-0.257	0.211	1.5950000000000002
0.755	0.228	0.337	-0.512	0.15449999999999997
1.164	0.675	-0.109	-0.783	1.0285
1.667	0.237	-0.15	0.316	1.1019999999999999
0.482	0.051	0.892	-0.274	-0.6255
0.399	-0.182	-0.051	0.303	0.1595
0.534	0.635	0.64	0.282	-0.055499999999999994
1.567	1.23	0.673	-0.676	0.7254999999999998
1.066	1.118	0.056	-0.729	1.036
0.355	0.163	0.106	1.085	0.15300000000000002
1.529	1.022	1.223	0.131	0.05249999999999999
0.971	1.079	0.718	-0.675	0.30699999999999994
0.95	0.366	-0.003	0.878	0.6609999999999999
1.721	0.453	-0.656	-1.049	1.7429999999999999
1.57	1.54	0.976	0.07	0.5790000000000002
0.162	-0.484	-0.105	-0.017	-0.05599999999999998
1.077	0.846	1.217	0.339	-0.25550000000000006
0.65	0.197	0.265	-0.351	0.15849999999999997
0.22	-0.265	-0.192	1.196	0.16949999999999998
1.305	1.008	-0.057	0.085	1.2134999999999998
1.29	0.339	-0.449	0.017	1.2635
1.825	1.747	0.5	0.22	1.286
0.599	0.44	-0.383	0.344	0.9025
0.612	-0.272	-0.317	0.733	0.487
0.86	0.482	-0.12	-0.696	0.791
1.225	-0.054	0.224	-0.227	0.36150000000000004
1.56	1.318	1.123	0.887	0.31600000000000006
1.408	1.05	0.788	0.494	0.44100000000000006
0.357	-0.317	-0.943	-0.219	0.963
1.31	1.265	0.787	0.875	0.5005000000000001
1.595	0.777	0.075	-0.711	1.111
0.579	-0.194	-1.296	-1.149	1.4885
0.6	0.328	0.144	-0.46	0.31999999999999995
0.282	0.191	-0.461	0.112	0.6975
1.537	0.263	-0.139	1.085	1.039
0.613	0.329	-0.318	0.688	0.7889999999999999
1.489	0.708	0.119	-0.619	0.9795
1.398	1.724	1.785	0.538	-0.22399999999999998
1.299	1.091	0.221	-1.262	0.9739999999999999
0.378	0.351	0.647	0.25	-0.28250000000000003
1.186	0.235	0.581	0.189	0.12949999999999995
0.418	0.833	1.189	0.119	-0.5635000000000001
1.149	1.017	0.521	0.672	0.5619999999999999
0.851	0.634	0.981	-0.101	-0.23850000000000005
0.593	0.613	1.041	0.879	-0.43799999999999994
1.078	1.024	0.597	0.48	0.4540000000000002
1.702	0.164	-0.283	0.038	1.216
1.394	0.696	-0.226	0.162	1.271
0.888	0.076	-0.84	0.529	1.322
0.78	0.447	-0.109	-1.068	0.7225
1.561	1.181	0.892	-0.402	0.479
1.903	1.281	0.231	-0.035	1.361
0.735	0.009	-1.682	1.419	2.054
0.192	0.386	0.571	0.091	-0.2819999999999999
1.177	0.894	0.43	-1.084	0.6055000000000001
0.828	0.428	-0.104	-0.315	0.732
0.8	0.341	-0.332	-0.231	0.9025000000000001
1.699	1.665	0.807	0.636	0.8749999999999999
1.073	0.636	0.154	0.758	0.7005
0.322	0.137	0.032	-0.565	0.1975
0.745	0.43	-0.158	-0.047	0.7455
1.17	0.621	0.191	-0.033	0.7044999999999999
1.115	0.778	0.135	-0.401	0.8115
1.613	1.394	1.296	-0.534	0.2074999999999998
1.284	0.771	0.665	0.602	0.36250000000000004
0.9	-0.409	-0.725	1.224	0.9705
0.389	-0.136	-0.319	-0.509	0.4455
0.295	-0.512	0.25	0.775	-0.35850000000000004
0.46	-0.52	-1.075	0.702	1.045
1.583	0.779	-0.613	0.389	1.794
0.533	-0.014	-0.004	-0.306	0.2635
1.233	-0.197	-0.867	0.878	1.385
0.788	-0.144	-1.313	-0.366	1.635
0.918	0.308	-0.351	0.455	0.964
0.955	0.106	-0.081	0.331	0.6114999999999999
0.251	-0.394	-1.006	-0.176	0.9345
1.728	0.503	-0.979	-0.787	2.0945
1.118	0.853	0.971	-0.374	0.014500000000000068
1.32	1.241	1.283	0.856	-0.0024999999999999467
0.909	0.509	-0.379	-0.874	1.088
1.108	-0.039	-0.862	-0.742	1.3965
1.207	0.625	-0.127	-0.378	1.0430000000000001
1.448	-0.287	-0.61	0.075	1.1905000000000001
1.618	1.288	0.759	0.4	0.6940000000000001
1.697	1.473	0.788	-0.057	0.7969999999999999
1.608	1.562	0.63	0.167	0.955
0.263	0.085	0.322	-0.708	-0.148
0.878	0.316	-0.452	0.568	1.049
1.204	0.1	-0.33	-0.181	0.982
0.988	0.064	0.188	1.247	0.338
1.474	1.026	0.907	0.801	0.34299999999999997
1.01	0.74	1.363	0.928	-0.488
0.764	-0.131	0.819	0.716	-0.5025
1.4	-0.09	-1.063	-0.052	1.718
1.253	0.811	0.852	0.495	0.18000000000000005
1.254	0.274	0.536	0.676	0.22799999999999998
1.11	0.309	-0.482	-0.25	1.1915
0.846	0.596	-0.707	0.475	1.428
1.224	0.815	0.29	0.092	0.7294999999999998
2.222	1.216	1.127	1.01	0.5919999999999999
2.043	1.233	0.331	1.594	1.3070000000000002
0.986	0.318	-0.816	-0.549	1.468
1.113	1.116	0.892	0.633	0.22250000000000003
0.68	0.375	0.725	0.942	-0.1974999999999999
1.992	1.55	0.87	0.597	0.9009999999999999
-0.023	-0.382	-0.832	0.125	0.6295
-0.248	-0.759	-0.135	0.408	-0.36850000000000005
1.113	-0.133	-0.239	0.165	0.729
1.115	0.392	0.082	0.139	0.6715000000000001
1.012	0.861	-0.238	-0.635	1.1745
0.931	0.471	0.569	1.264	0.13200000000000012
1.461	0.748	0.673	0.505	0.4315
0.854	0.401	-0.296	0.055	0.9235
1.645	1.188	0.406	-0.149	1.0105
1.043	1.329	0.449	-0.628	0.7369999999999999
1.447	0.691	0.566	1.044	0.503
1.402	0.906	0.088	-1.444	1.0659999999999998
0.743	1.291	1.579	0.509	-0.562
0.73	0.41	-0.003	-0.794	0.573
1.322	0.897	0.394	-0.123	0.7155000000000001
1.258	1.858	1.326	-0.284	0.23199999999999998
0.792	0.16	-0.427	-1.141	0.903
1.547	1.091	0.792	-0.457	0.5269999999999999
1.756	1.27	-0.025	-0.289	1.5379999999999998
1.177	0.842	-0.488	-1.088	1.4975
1.291	0.886	-0.554	-0.86	1.6425
1.729	1.317	0.31	0.398	1.213
-0.108	-0.355	0.033	0.556	-0.26449999999999996
0.643	0.42	0.267	0.423	0.26449999999999996
0.678	0.447	-0.23	-0.044	0.7925
1.759	1.593	0.441	-0.833	1.2349999999999999
1.406	0.63	0.47	-0.869	0.548
0.349	0.381	-0.447	-0.694	0.812
1.271	0.583	0.542	-0.165	0.3849999999999999
1.661	1.21	-0.327	0.965	1.7625
1.066	0.635	-0.115	0.17	0.9655
1.561	0.41	-0.503	-0.419	1.4885
1.15	1.177	0.87	1.222	0.2935
0.774	0.426	-0.116	1.436	0.716
0.28	0.061	0.749	0.185	-0.5785
1.669	0.974	0.348	-0.002	0.9734999999999999
0.863	0.055	-1.196	-1.056	1.655
1.052	1.169	0.214	-1.176	0.8965000000000001
0.359	0.15	0.558	0.705	-0.30350000000000005
1.158	1.377	0.563	0.59	0.7045000000000001
1.473	1.111	0.484	-0.571	0.808
0.624	0.865	0.287	0.614	0.45749999999999996
1.463	1.529	1.11	0.118	0.3859999999999999
0.587	-0.057	0.379	-0.022	-0.11400000000000005
0.845	0.777	1.079	0.566	-0.268
0.737	0.417	0.205	0.219	0.372
1.325	1.282	1.103	0.756	0.20050000000000012
0.985	0.348	0.42	0.777	0.2465
1.113	0.967	0.981	0.71	0.05900000000000005
0.626	0.601	1.074	1.013	-0.46050000000000013
0.72	0.749	0.797	1.025	-0.06250000000000011
1.021	-0.277	0.321	0.823	0.050999999999999934
0.88	0.123	-0.386	-0.306	0.8875000000000001
1.479	0.941	0.008	-0.022	1.202
1.378	0.948	0.14	-0.025	1.0229999999999997
1.331	0.425	0.207	-0.55	0.671
1.41	0.347	-1.22	0.002	2.0985
1.076	0.5	0.468	-0.148	0.32
0.925	0.353	-0.571	-0.158	1.21
0.139	-0.287	-0.573	-0.553	0.499
0.52	0.101	-0.096	-0.082	0.4065
1.26	0.36	-0.473	0.634	1.283
0.511	-0.365	-0.492	-0.116	0.565
1.622	0.83	-0.102	-0.712	1.328
1.648	1.193	-0.466	0.468	1.8865
1.062	0.642	-0.038	1.045	0.8900000000000001
1.993	1.323	0.765	0.478	0.8929999999999999
1.569	1.363	-0.139	0.492	1.605
0.594	0.561	-0.453	0.383	1.0305
0.939	-0.168	-0.565	-0.826	0.9504999999999999
1.619	0.898	1.405	0.029	-0.14650000000000007
1.152	1.209	0.673	-0.366	0.5074999999999998
0.516	0.331	0.186	-0.237	0.2375
1.499	0.985	0.195	-0.349	1.047
0.317	-0.187	-0.776	0.179	0.841
1.436	1.112	0.561	0.32	0.713
1.309	0.913	0.255	1.143	0.856
0.979	1.04	0.889	1.028	0.12050000000000005
1.308	0.566	-0.168	0.944	1.105
1.477	1.222	1.163	0.253	0.1864999999999999
1.099	0.674	0.375	0.065	0.5115000000000001
1.561	1.225	0.275	-1.094	1.1179999999999999
0.893	0.603	0.677	0.349	0.07099999999999995
1.06	0.385	-0.253	0.48	0.9755
1.573	0.927	0.414	-0.055	0.8360000000000001
0.564	0.764	0.536	0.815	0.1279999999999999
0.715	0.575	1.276	0.13	-0.631
1.63	1.069	-0.29	-0.948	1.6395
1.009	0.006	0.539	1.325	-0.031500000000000083
0.966	0.341	-0.964	0.71	1.6175
1.12	0.181	0.12	-0.584	0.5305000000000001
1.183	0.924	0.501	0.457	0.5525000000000001
1.424	1.032	0.247	1.009	0.981
0.726	0.774	0.591	-0.595	0.15900000000000003
1.05	0.49	0.017	0.02	0.753
0.58	0.444	0.338	-0.198	0.174
1.144	0.647	0.257	-0.575	0.6385
0.963	-0.171	-0.423	0.031	0.819
1.495	1.253	1.13	-0.132	0.24400000000000022
1.283	0.932	0.06	-0.058	1.0474999999999999
0.693	0.453	0.934	1.141	-0.3610000000000001
1.36	0.225	-0.576	-0.541	1.3685
0.731	-0.127	-0.208	0.898	0.51
1.352	0.775	0.009	0.05	1.0545000000000002
1.04	0.598	1.59	1.599	-0.7710000000000001
0.257	-0.513	-1.048	-0.558	0.92
0.636	0.827	1.101	1.554	-0.36949999999999994
1.274	0.874	-0.291	-0.648	1.365
1.281	1.662	1.117	-0.838	0.3544999999999998
0.461	0.012	-0.722	-0.427	0.9585
1.211	0.233	-0.369	0.692	1.0910000000000002
1.765	0.532	-0.352	1.095	1.5004999999999997
1.135	0.955	0.688	-0.386	0.357
0.93	0.571	-0.134	0.943	0.8845
1.056	0.456	-0.06	0.494	0.8160000000000001
0.775	0.773	0.531	-0.123	0.243
0.981	-0.091	-0.803	-0.069	1.248
0.945	0.998	0.79	0.994	0.1815
1.233	1.171	0.606	-0.392	0.596
1.233	0.64	0.688	0.677	0.24850000000000017
0.78	1.214	1.493	0.7	-0.4960000000000001
1.35	1.389	0.046	-0.735	1.3235
0.542	0.231	-0.222	0.45	0.6085
1.112	0.963	0.438	-0.453	0.5995000000000001
0.987	0.27	0.48	-0.346	0.14850000000000008
1.347	1.226	0.849	0.331	0.4375
0.378	0.341	-0.541	-0.795	0.9005000000000001
0.485	0.692	0.48	-0.313	0.10850000000000004
1.265	0.95	0.432	0.339	0.6755
0.603	0.179	0.684	0.706	-0.29300000000000004
0.917	0.576	-0.284	-0.17	1.0305
1.151	0.406	0.968	0.67	-0.1895
1.13	0.314	-0.25	0.603	0.972
1.486	1.57	1.506	0.794	0.02200000000000002
1.551	1.236	0.349	0.249	1.0445
0.936	0.798	0.942	1.452	-0.07499999999999996
0.196	0.015	0.656	0.057	-0.5505
0.914	1.037	0.748	-0.363	0.22750000000000004
2.243	1.86	1.183	0.377	0.8684999999999998
1.03	0.392	0.218	0.935	0.4930000000000001
1.085	1.187	0.704	-1.67	0.43200000000000016
1.169	1.373	0.878	1.316	0.3929999999999999
1.964	1.767	0.452	-1.055	1.4135
1.654	1.627	1.87	1.617	-0.22950000000000026
1.733	1.379	0.179	-0.708	1.377
0.27	-0.088	-0.061	-0.868	0.15200000000000002
1.586	1.06	0.167	-0.444	1.156
1.407	1.101	0.819	0.208	0.43500000000000005
1.041	0.791	-0.345	-0.641	1.261
1.056	0.869	0.068	0.183	0.8945000000000001
1.393	0.754	-0.678	-0.712	1.7515
1.435	1.48	1.187	0.637	0.27049999999999996
0.339	0.24	-0.334	-0.755	0.6234999999999999
1.143	0.512	0.269	-0.086	0.5585
1.378	0.331	-0.384	0.352	1.2385
1.355	0.29	-0.778	-0.297	1.6005
0.789	0.818	1.306	0.916	-0.5025000000000001
1.413	0.451	-0.065	-0.424	0.9970000000000001
1.202	0.229	-1.095	-0.899	1.8105
0.676	-0.434	0.023	1.545	0.09800000000000003
0.562	0.259	-0.931	-1.104	1.3415000000000001
1.357	0.689	0.135	-0.798	0.8879999999999999
1.29	1.003	0.844	0.542	0.3025000000000001
1.316	0.472	-0.504	-0.151	1.3980000000000001
0.618	0.167	0.126	0.651	0.2665
1.228	-0.167	-0.689	-0.321	1.2195
1.27	1.165	0.036	0.039	1.1815
1.775	1.275	0.769	0.652	0.7559999999999999
0.652	0.183	0.15	-0.321	0.26749999999999996
0.71	0.472	0.33	-0.392	0.26099999999999995
1.165	0.5	-0.271	0.274	1.1035
1.727	1.385	-0.48	-0.651	2.036
0.458	0.218	0.024	-0.178	0.314
0.651	-0.322	-0.439	-0.348	0.6035
1.675	0.168	-0.748	-0.937	1.6695
0.84	-0.064	0.742	0.313	-0.354
1.49	0.785	0.503	-0.965	0.6345
0.773	-0.06	-0.71	0.026	1.0665
1.159	0.973	0.3	0.508	0.766
1.233	0.868	0.292	-1.377	0.7585
1.544	0.856	-0.284	0.787	1.484
0.919	0.667	-0.417	-1.047	1.21
1.121	0.791	0.147	-1.333	0.8089999999999999
1.1	0.003	-0.498	-0.029	1.0495
0.947	0.226	0.298	-0.055	0.28850000000000003
1.402	0.869	-0.356	-0.936	1.4914999999999998
0.883	0.184	-0.116	0.062	0.6495
1.518	1.268	1.233	0.113	0.15999999999999992
0.995	0.627	-0.152	-0.116	0.963
1.349	0.192	-0.322	-0.477	1.0925
1.094	1.181	0.432	0.478	0.7055000000000002
1.013	0.785	0.305	-0.644	0.5940000000000001
1.463	1.28	-0.294	0.512	1.6655000000000002
1.484	0.695	-0.672	0.054	1.7614999999999998
1.826	1.632	1.07	-0.835	0.659
2.119	1.17	0.601	-0.413	1.0435
0.603	0.82	0.465	0.005	0.2465
0.452	-0.037	-0.219	0.403	0.4265
1.852	0.613	-0.538	-1.091	1.7705
1.423	0.53	-0.385	0.37	1.3615
0.417	0.942	0.924	-0.336	-0.24450000000000005
0.579	0.358	0.585	0.76	-0.11649999999999999
1.862	1.137	-0.328	-0.892	1.8275000000000001
1.079	0.75	0.806	-0.659	0.10849999999999993
1.346	0.655	0.864	1.118	0.13650000000000018
0.637	0.024	-0.528	0.512	0.8585
1.265	0.327	0.296	0.617	0.49999999999999994
1.328	1.359	0.547	0.341	0.7965000000000001
0.51	-0.074	-0.46	-0.452	0.678
1.239	1.018	0.365	-0.516	0.7635000000000001
1.218	0.514	-0.375	-0.412	1.241
1.042	-0.263	-0.835	-0.552	1.2245
0.814	0.085	-0.554	-0.335	1.0035
1.554	1.526	1.479	-0.176	0.06099999999999994
1.006	0.432	-0.402	-0.309	1.121
1.028	0.685	0.519	0.055	0.3375
0.162	0.163	-0.065	-0.23	0.2275
0.821	0.752	0.583	0.11	0.20350000000000001
1.198	0.985	0.591	-1.084	0.5005
1.761	0.679	-0.366	-1.21	1.5859999999999999
1.056	0.658	-0.378	-0.149	1.2349999999999999
0.662	0.282	-0.234	0.066	0.706
0.55	-0.09	-0.505	0.072	0.7350000000000001
0.723	-0.184	-1.184	-0.588	1.4535
1.166	0.85	0.3	-0.2	0.708
1.273	1.075	0.484	0.445	0.69
0.393	0.467	0.408	0.778	0.022000000000000075
0.75	0.624	-0.101	-0.376	0.788
1.626	0.663	0.058	0.315	1.0864999999999998
0.909	0.071	1.075	1.349	-0.585
0.459	0.119	-0.745	-0.265	1.034
1.153	1.516	0.772	-0.293	0.5625
0.687	0.732	0.756	1.01	-0.046499999999999986
1.532	0.463	0.946	0.916	0.0515000000000001
1.533	0.376	-0.771	-0.816	1.7254999999999998
0.578	0.316	0.562	0.59	-0.1150000000000001
1.315	1.228	0.827	0.276	0.4445000000000001
0.587	1.183	1.587	-0.151	-0.702
1.193	0.307	0.624	0.619	0.126
1.011	0.184	-0.632	0.594	1.2294999999999998
1.649	1.308	1.148	-0.438	0.3305
1.453	1.079	0.892	0.006	0.374
0.671	0.33	0.271	-0.127	0.22950000000000004
0.597	0.358	0.5	0.086	-0.02250000000000002
0.725	0.48	0.685	0.312	-0.08250000000000002
0.903	0.375	-1.213	-0.598	1.852
0.9	0.2	0.123	0.55	0.42700000000000005
0.898	0.426	-0.467	-0.128	1.129
0.811	-0.096	-0.674	-0.036	1.0315
1.089	0.547	-0.425	0.193	1.243
0.873	-0.388	-0.116	-0.142	0.3585
1.818	1.279	0.689	0.458	0.8595
2.048	1.981	1.754	0.076	0.26049999999999995
0.963	0.977	0.472	-0.037	0.498
1.475	-0.043	-1.482	-0.669	2.198
0.786	0.322	-0.001	-0.097	0.555
2.175	2.127	1.013	-0.162	1.138
0.787	0.782	1.099	0.358	-0.3145
1.004	0.242	0.335	0.592	0.288
0.561	0.057	-0.519	-1.115	0.8280000000000001
1.948	0.718	-0.465	0.083	1.798
2.16	1.391	0.993	-0.769	0.7825000000000001
1.101	0.317	-0.483	-0.572	1.192
1.112	0.605	-0.28	0.092	1.1385
0.649	-0.357	-1.222	-0.016	1.3679999999999999
0.706	0.367	0.351	-0.321	0.1855
1.445	0.044	-1.097	-0.567	1.8415
0.874	0.455	-0.126	-0.545	0.7905
1.374	0.678	0.126	0.496	0.9
0.422	0.138	-0.155	-0.099	0.43500000000000005
-0.283	-0.618	-0.142	0.345	-0.3085
0.908	0.161	-0.552	-0.563	1.0865
0.594	0.355	1.435	-0.14	-0.9605000000000001
1.247	1.185	0.678	0.69	0.5380000000000001
1.538	0.999	-0.096	-0.386	1.3645
0.936	0.678	0.344	0.239	0.4630000000000001
1.112	1.086	-0.199	-0.008	1.2980000000000003
2.139	1.316	-0.596	-0.354	2.3235
1.59	0.525	0.635	-0.38	0.4225000000000001
0.49	-0.036	0.09	0.217	0.137
1.244	-0.102	-0.164	0.691	0.735
1.406	0.727	0.267	0.819	0.7995
0.339	-0.115	-0.79	-1.048	0.902
1.267	0.121	-0.301	-0.676	0.9949999999999999
0.312	0.231	0.424	-0.255	-0.15249999999999997
0.846	0.274	-0.236	1.211	0.796
0.396	-0.367	-0.762	-0.532	0.7765
2.024	0.659	-0.54	-0.897	1.8815
1.158	0.827	-0.197	0.356	1.1895
1.425	0.172	-0.662	-0.076	1.4605000000000001
0.966	-0.137	-0.19	0.12	0.6045
1.527	1.335	0.862	1.112	0.5690000000000001
1.206	1.142	1.705	1.153	-0.5310000000000001
0.625	0.465	0.855	0.549	-0.30999999999999994
1.849	1.371	0.366	-0.457	1.2439999999999998
0.724	0.516	0.306	-0.022	0.314
1.109	0.289	-0.443	-0.876	1.142
0.788	0.905	1.42	0.612	-0.5734999999999999
1.897	1.066	-0.895	-0.608	2.3765
1.262	0.859	0.813	0.482	0.24750000000000005
1.368	1.33	0.481	0.523	0.8680000000000002
1.253	1.253	1.654	1.061	-0.401
0.383	-0.342	-0.02	-0.921	0.040499999999999994
1.291	0.553	-0.109	0.698	1.031
1.077	0.083	-1.205	-0.207	1.7850000000000001
1.941	1.321	-0.691	0.352	2.322
1.122	0.866	0.853	-0.152	0.14100000000000001
1.292	0.687	-0.34	1.039	1.3295000000000001
1.446	0.979	0.829	-0.146	0.38349999999999995
0.276	0.351	-0.109	-0.889	0.4225
0.754	0.485	-0.119	-0.732	0.7384999999999999
1.753	1.423	-0.175	-0.071	1.7630000000000001
0.37	-0.439	-0.285	0.616	0.25049999999999994
0.221	-0.466	-0.61	0.917	0.4875
1.249	0.87	0.784	-0.45	0.2755000000000001
0.089	-0.414	-0.543	0.08	0.38050000000000006
1.022	0.864	0.677	0.439	0.266
0.49	0.062	0.847	1.077	-0.571
1.348	0.865	-0.866	0.022	1.9725000000000001
1.091	0.835	1.114	1.114	-0.15100000000000013
1.418	0.328	-0.704	-0.513	1.577
1.774	0.052	-0.984	-0.102	1.897
0.806	-0.654	-1.188	0.276	1.264
1.005	0.674	-0.236	1.151	1.0755
0.543	-0.26	0.113	-0.075	0.02850000000000001
1.268	0.979	0.059	0.356	1.0645
1.126	0.445	0.009	0.319	0.7765
1.648	0.848	-0.067	0.151	1.315
0.631	0.294	-0.348	-0.933	0.8105
0.901	0.188	-0.678	-0.281	1.2225000000000001
0.908	0.262	0.227	-0.924	0.358
0.34	-0.379	-1.452	-1.71	1.4324999999999999
1.089	1.008	0.461	-0.593	0.5874999999999999
1.415	0.807	-0.411	-0.287	1.522
1.494	1.166	0.112	-0.829	1.218
1.052	0.621	0.134	1.456	0.7025
0.427	0.152	0.291	1.003	-0.0015000000000000013
1.562	1.148	0.641	0.561	0.714
1.972	1.372	-0.725	-0.988	2.3970000000000002
0.486	-0.261	-0.484	1.016	0.5965
0.437	-0.236	-0.677	-0.117	0.7775000000000001
1.453	0.917	-0.513	-1.036	1.698
0.433	-0.046	0.211	0.113	-0.017499999999999988
1.301	0.882	0.749	-0.459	0.3424999999999999
1.844	1.449	0.144	-1.024	1.5025000000000002
1.385	0.605	-0.088	-0.347	1.083
1.802	1.453	-0.365	-0.51	1.9925
1.052	1.036	0.272	0.367	0.772
1.229	0.568	-0.473	-0.071	1.3715000000000002
0.921	0.591	0.128	-0.572	0.628
1.727	1.128	0.802	0.404	0.6255
1.413	1.161	0.465	-0.205	0.8219999999999998
1.052	0.071	-0.948	0.179	1.5095
-0.111	-0.377	0.409	0.791	-0.653
0.943	0.048	-0.232	-0.122	0.7275
1.18	0.104	-0.807	-0.666	1.449
1.325	0.979	0.407	-0.2	0.7449999999999999
0.875	0.613	0.597	1.486	0.14700000000000002
1.709	1.073	0.537	1.19	0.854
1.914	1.502	0.417	-0.146	1.291
0.972	0.641	0.164	-0.657	0.6425
1.69	1.325	1.019	0.352	0.48849999999999993
0.587	-0.21	-1.109	0.646	1.2974999999999999
1.433	-0.481	-1.423	-1.314	1.899
0.458	0.61	0.278	0.076	0.256
0.8	0.059	-0.381	-0.398	0.8105
1.161	1.025	1.099	0.719	-0.006000000000000005
0.889	0.278	-0.168	-0.649	0.7515000000000001
0.571	-0.64	-1.69	0.066	1.6555
1.533	1.258	0.029	0.735	1.3665
0.617	0.246	0.854	0.872	-0.4225
0.762	-0.01	-0.219	-0.585	0.595
1.01	0.603	-0.456	-0.433	1.2625
0.235	-0.963	-0.707	0.004	0.34299999999999997
1.541	0.577	-0.765	-1.047	1.8239999999999998
1.286	1.151	-0.345	0.762	1.5635000000000001
0.935	-0.321	0.465	0.867	-0.15799999999999997
1.507	0.491	0.656	0.36	0.34299999999999986
1.378	1.076	0.068	-0.476	1.1589999999999998
1.693	0.798	0.492	-0.682	0.7535000000000001
0.934	0.267	-0.464	-0.605	1.0645
0.052	-0.097	0.194	0.055	-0.2165
1.021	1.161	0.491	0.382	0.6
0.587	-0.447	-0.476	-0.555	0.5459999999999999
1.637	1.539	0.473	-0.564	1.1150000000000002
0.599	0.238	0.526	1.363	-0.10750000000000004
1.355	0.113	-1.847	-0.55	2.581
2.47	1.764	0.698	0.009	1.419
0.923	0.545	0.67	1.982	0.06399999999999995
0.901	0.829	0.961	-0.101	-0.09599999999999997
0.699	0.19	-0.274	-0.677	0.7185
0.43	-0.302	-0.854	-0.228	0.9179999999999999
1.706	1.518	0.813	1.059	0.7990000000000002
1.761	1.108	0.495	0.628	0.9394999999999999
0.921	0.159	0.37	-0.354	0.17000000000000004
1.708	1.122	-0.019	-0.729	1.434
0.791	0.366	0.49	0.862	0.08850000000000002
0.584	-0.324	-0.786	-0.264	0.916
1.47	0.885	2.015	0.914	-0.8375000000000001
1.579	0.737	0.65	1.281	0.5079999999999999
0.964	0.564	-0.133	0.637	0.897
0.893	0.093	0.192	0.38	0.301
0.619	0.094	-0.316	0.748	0.6725
1.229	0.924	0.531	0.772	0.5455
-0.039	-0.817	-1.24	-0.842	0.812
0.547	0.478	-0.053	0.528	0.5655
1.069	0.801	0.069	0.667	0.8660000000000001
0.941	0.474	-0.442	-0.434	1.1495
0.607	-0.175	0.061	0.96	0.155
1.49	0.715	-0.79	-1.272	1.8925
0.777	0.417	-0.553	-0.398	1.15
0.778	-0.1	0.617	1.066	-0.27799999999999997
0.93	0.313	0.308	-0.269	0.31350000000000006
1.31	0.749	0.542	-0.817	0.48750000000000004
0.332	-0.089	0.191	0.81	-0.06949999999999999
0.37	0.751	1.438	0.53	-0.8775
0.664	-0.768	-1.395	-0.009	1.343
0.781	0.519	0.088	0.005	0.562
1.141	1.004	0.736	-0.566	0.3365
1.134	-0.003	-0.509	-0.344	1.0745
1.27	0.57	-0.066	-0.174	0.986
1.407	0.706	-0.013	-0.105	1.0695
1.22	0.376	0.074	-0.487	0.7240000000000001
0.848	0.515	1.124	0.363	-0.4425000000000001
0.88	0.354	0.382	0.181	0.235
0.574	-0.253	-0.523	-0.026	0.6835
1.188	1.099	0.714	-1.364	0.4295
0.378	-0.721	-1.057	0.245	0.8855
1.018	0.714	1.064	-0.197	-0.19800000000000006
0.825	0.447	-0.338	-0.576	0.974
1.059	0.159	-0.036	0.589	0.645
0.435	-0.203	0.713	0.176	-0.597
0.712	0.738	0.137	0.004	0.588
1.459	1.035	0.162	0.522	1.085
-0.018	-0.319	0.181	-0.884	-0.34950000000000003
0.466	-0.333	-0.452	-0.474	0.5185
0.537	0.174	-0.006	0.301	0.36150000000000004
0.944	0.116	-0.484	-0.632	1.014
0.724	0.496	0.682	0.257	-0.07200000000000006
1.339	0.821	0.352	-0.758	0.7280000000000001
1.124	0.771	1.034	1.193	-0.08650000000000002
0.926	0.604	-0.624	-0.706	1.389
1.37	0.751	0.86	-0.208	0.2005
1.403	0.811	-0.151	-0.182	1.258
1.326	0.555	-0.236	0.924	1.1765
1.668	1.141	-0.035	-1.165	1.4395
1.263	0.733	0.282	-0.432	0.716
1.887	1.281	-0.047	-0.419	1.631
1.301	1.213	0.978	0.374	0.27900000000000014
0.343	0.829	1.385	1.107	-0.799
1.018	0.541	0.506	0.909	0.2735000000000001
1.874	1.616	1.132	-0.856	0.6130000000000002
1.281	0.055	-0.515	-0.674	1.1829999999999998
1.034	0.276	-0.572	-0.977	1.2269999999999999
1.79	1.087	0.7	-0.254	0.7384999999999999
0.408	0.422	-0.844	-0.804	1.259
0.905	1.03	0.404	0.827	0.5635
0.705	-0.46	-0.646	-1.349	0.7685
1.214	0.651	-0.342	0.017	1.2745
0.676	0.113	0.297	0.742	0.09750000000000003
1.604	0.919	-0.048	-0.317	1.3095
1.332	0.708	0.288	-0.179	0.732
-0.155	-0.108	-0.281	-0.771	0.14950000000000002
0.261	0.228	-0.035	-0.313	0.27949999999999997
1.357	0.474	-0.539	0.162	1.4545
0.757	-0.458	-1.038	-0.057	1.1875
-0.227	-0.344	-0.674	1.084	0.38850000000000007
1.36	0.162	-0.238	0.743	0.999
0.942	-0.145	-0.609	0.146	1.0074999999999998
0.77	0.434	0.117	0.267	0.485
0.837	0.134	-0.11	-0.535	0.5955
1.708	1.437	1.215	-0.19	0.35749999999999993
1.531	0.717	0.925	-0.209	0.19899999999999984
0.877	0.864	1.142	1.125	-0.27149999999999985
0.536	0.632	0.15	-0.156	0.43400000000000005
1.366	0.895	-0.329	-0.308	1.4595
0.669	0.247	0.097	-0.085	0.361
1.367	1.04	0.317	0.127	0.8865000000000001
1.9	1.32	0.496	-0.089	1.1139999999999999
1.035	0.192	0.165	-0.802	0.4484999999999999
1.546	1.522	-0.446	-1.013	1.98
1.315	0.827	0.071	-0.675	1.0
1.34	1.064	-0.017	-0.124	1.2189999999999999
1.546	0.996	0.656	1.658	0.6149999999999999
0.741	0.168	-0.38	0.849	0.8345
0.445	-0.224	0.838	1.379	-0.7274999999999999
0.719	0.564	0.527	0.95	0.11449999999999994
0.89	0.259	-0.426	0.534	1.0005
0.822	-0.183	-0.377	-1.094	0.6965
0.653	-0.082	-0.529	0.617	0.8145
1.192	0.599	0.621	-0.265	0.27449999999999997
1.19	1.132	0.035	0.26	1.1260000000000001
1.349	1.138	1.37	0.513	-0.12650000000000006
0.269	-0.37	-1.264	-1.025	1.2135
1.487	1.228	0.653	-0.142	0.7044999999999999
0.537	0.027	-0.405	0.462	0.687
0.456	0.535	0.839	1.229	-0.3434999999999999
0.466	0.41	0.76	0.85	-0.322
1.26	1.314	-0.123	-0.339	1.41
1.072	0.971	0.297	0.027	0.7245000000000001
1.053	0.776	0.664	0.352	0.25049999999999994
1.587	1.617	1.653	0.917	-0.051000000000000156
0.556	0.037	0.789	1.158	-0.4925
1.422	1.331	0.556	-0.397	0.8205
0.692	0.381	-0.324	-0.549	0.8605
1.433	0.752	-0.823	-1.245	1.9155
1.768	1.131	0.078	-0.353	1.3715
1.583	1.103	0.527	-0.573	0.816
1.679	1.451	-0.021	-0.534	1.5859999999999999
0.528	-0.33	-0.61	0.136	0.709
1.271	0.095	-1.077	-0.756	1.7599999999999998
1.189	0.899	0.782	-0.921	0.262
0.956	0.455	-0.222	0.592	0.9275
0.524	-0.299	-0.404	0.737	0.5165000000000001
1.067	1.251	0.773	-0.178	0.3859999999999998
1.481	1.64	0.259	-0.04	1.3014999999999999
-0.245	0.207	1.108	0.943	-1.127
1.308	0.49	-0.763	-0.002	1.662
1.495	0.74	-0.174	0.69	1.2915
-0.447	-1.15	-0.529	0.792	-0.26949999999999996
1.899	1.607	0.67	-0.591	1.0830000000000002
1.092	0.648	0.295	0.034	0.5750000000000002
0.562	-0.476	-1.058	-0.933	1.101
0.564	-0.181	-0.253	1.346	0.4445
0.273	-0.266	-0.782	0.037	0.7855000000000001
0.994	0.748	0.726	-0.862	0.14500000000000002
1.307	0.683	0.208	-0.536	0.787
0.91	0.475	-0.065	-0.095	0.7575000000000001
1.143	-0.113	-0.108	1.047	0.623
0.902	0.882	-0.023	0.96	0.915
1.442	1.233	1.387	0.777	-0.0495000000000001
0.284	-0.166	-0.796	-0.555	0.855
1.012	0.049	-0.217	-0.678	0.7474999999999999
0.689	-0.846	-1.265	-0.253	1.1864999999999999
1.286	0.337	-0.456	-0.061	1.2675
1.486	0.991	0.814	0.487	0.4245
0.614	0.788	-0.449	-0.477	1.1500000000000001
0.934	0.352	-0.629	-0.03	1.272
0.37	0.179	-0.049	-0.46	0.32349999999999995
1.99	1.687	-0.162	-0.711	2.0005
1.127	1.264	0.956	1.558	0.23950000000000005
1.497	1.362	1.303	1.291	0.12650000000000006
1.345	0.949	0.504	-0.313	0.643
0.863	0.244	-0.119	1.208	0.6725
0.671	0.176	0.337	-0.072	0.08649999999999997
0.517	0.193	0.031	0.783	0.32399999999999995
0.074	-0.614	0.092	-0.79	-0.362
0.977	1.087	1.072	0.186	-0.040000000000000036
1.508	1.198	0.613	0.263	0.74
1.615	1.475	1.498	0.433	0.04699999999999993
1.151	0.133	0.087	-0.078	0.555
1.239	0.459	0.7	0.979	0.14900000000000013
0.974	0.169	-0.023	0.762	0.5945
0.951	0.702	0.367	-0.189	0.4595
1.311	1.232	1.027	0.215	0.24450000000000016
0.704	0.085	-0.452	-0.351	0.8465
1.311	0.753	0.344	0.157	0.6880000000000001
1.253	1.317	1.004	0.118	0.2809999999999999
1.418	1.033	0.852	0.281	0.37349999999999983
0.396	-0.56	0.045	0.749	-0.127
0.67	0.056	-0.743	-0.33	1.106
1.532	1.451	1.127	0.735	0.36450000000000005
1.868	1.485	-0.423	-0.487	2.0995
1.587	1.233	1.382	0.108	0.028000000000000247
1.231	0.447	1.587	1.367	-0.7479999999999999
1.211	0.385	-0.382	0.867	1.1800000000000002
1.362	1.043	0.979	-0.048	0.22350000000000014
1.755	0.707	-0.68	-0.698	1.911
0.247	-1.222	-1.177	0.406	0.6895
0.901	0.33	-0.653	-0.514	1.2685
1.141	0.738	-0.352	-0.556	1.2915
1.498	1.234	1.3	0.045	0.06600000000000006
0.829	0.734	-0.893	0.719	1.6745
1.994	1.194	-0.854	-0.353	2.448
1.088	-0.447	-1.258	0.349	1.5785
1.44	0.441	-1.02	-0.066	1.9605000000000001
1.146	0.463	0.524	-0.579	0.28049999999999997
1.399	1.123	1.654	1.357	-0.3929999999999998
0.791	0.447	-0.225	-0.128	0.844
0.666	-0.125	-0.041	0.944	0.3115
1.039	1.053	1.445	0.815	-0.39900000000000024
1.35	-0.161	-0.58	-0.049	1.1745
1.099	0.726	0.119	-0.757	0.7935
0.534	0.741	1.171	0.664	-0.5335000000000001
0.818	-0.585	-1.544	-0.467	1.6605
1.343	1.27	1.141	0.128	0.16549999999999998
0.526	0.536	0.589	0.749	-0.05799999999999994
1.638	1.185	-0.148	-0.289	1.5594999999999999
1.22	1.024	1.082	0.439	0.039999999999999813
0.86	0.215	0.33	0.784	0.20749999999999996
1.214	-0.008	-0.519	-0.649	1.1219999999999999
0.553	0.478	0.691	0.479	-0.17549999999999988
1.179	1.262	0.492	0.243	0.7284999999999999
1.421	-0.437	-0.949	-0.228	1.4409999999999998
0.633	-0.147	-0.534	-0.363	0.777
1.063	0.313	0.587	0.27	0.10099999999999998
1.377	1.211	0.057	-1.101	1.237
1.367	0.671	0.039	-1.129	0.9800000000000001
1.365	1.019	0.502	-0.691	0.69
0.892	0.902	1.252	1.488	-0.355
0.455	0.562	0.022	0.638	0.48650000000000004
1.072	0.411	0.773	0.545	-0.03149999999999997
1.232	0.796	0.118	0.297	0.896
1.62	1.381	1.147	-0.625	0.35350000000000015
1.607	1.201	0.461	0.132	0.9429999999999998
0.539	-0.176	-1.025	-0.432	1.2065
0.653	-0.07	-0.6	-0.856	0.8915
0.904	0.595	-0.038	-0.638	0.7875000000000001
0.472	-0.397	-0.373	0.419	0.4105
2.041	1.379	-0.238	-1.13	1.948
0.731	-0.033	-0.493	-0.163	0.842
0.544	0.197	-0.298	0.443	0.6685000000000001
1.438	1.226	0.658	0.492	0.6739999999999998
1.073	0.563	-0.148	0.516	0.966
0.622	-0.189	-1.12	-1.247	1.3365
0.984	1.382	1.301	-0.181	-0.1180000000000001
1.102	0.331	-0.384	0.394	1.1005
1.111	0.798	0.12	0.669	0.8345
0.615	0.444	-0.051	0.883	0.5805
0.909	0.877	0.866	1.039	0.027000000000000024
1.38	1.202	0.711	-0.055	0.58
1.376	0.472	0.285	0.225	0.639
1.14	1.156	0.565	-0.457	0.583
1.262	1.04	-0.346	-0.335	1.4969999999999999
1.055	0.794	1.024	0.375	-0.09950000000000003
0.807	0.464	-0.46	-0.333	1.0955000000000001
0.623	0.366	0.607	-0.419	-0.11249999999999999
0.445	0.569	0.552	1.405	-0.04500000000000004
0.684	0.8	0.253	-0.546	0.489
0.622	0.375	-0.197	-0.695	0.6955
1.052	0.74	0.047	0.689	0.849
1.13	1.077	0.587	-0.459	0.5165
1.479	1.122	1.199	1.06	0.10149999999999992
0.632	0.032	0.167	0.996	0.165
0.53	0.111	0.696	1.227	-0.37549999999999994
0.887	0.587	-0.341	-0.04	1.078
1.226	0.612	0.866	0.86	0.05300000000000005
1.561	0.956	-0.121	1.08	1.3795
0.893	0.785	0.028	-0.147	0.8109999999999999
0.75	0.285	0.79	0.153	-0.2725000000000001
0.979	1.027	0.285	-0.156	0.718
0.846	0.077	0.441	0.709	0.020499999999999963
1.074	0.63	0.625	-0.318	0.2270000000000001
1.518	1.316	0.072	-0.504	1.345
0.642	-0.264	0.899	0.957	-0.71
0.921	0.086	0.557	0.278	-0.05349999999999999
0.748	0.145	-0.009	-0.761	0.4555
0.532	0.412	0.683	1.172	-0.21100000000000008
0.637	0.727	0.55	0.096	0.1319999999999999
1.314	0.699	-0.294	-0.381	1.3005
0.693	0.372	-0.332	-0.321	0.8645
1.939	0.83	-0.111	-0.061	1.4955
0.173	-0.45	-0.559	-0.194	0.42050000000000004
0.618	0.251	-0.033	0.315	0.4675
1.348	0.31	-0.206	-0.546	1.0350000000000001
1.008	-0.066	-1.047	-0.557	1.5179999999999998
0.765	-0.281	-0.58	0.005	0.822
0.718	0.892	1.575	1.041	-0.77
0.94	0.209	0.147	0.861	0.4275
0.846	0.043	-0.553	-0.029	0.9975
1.099	0.381	-0.191	0.524	0.931
1.156	0.6	0.418	-0.719	0.4599999999999999
0.558	0.745	0.283	1.06	0.3685
0.965	-0.089	-0.108	0.356	0.546
1.109	1.077	0.989	-0.186	0.10399999999999998
0.217	-1.103	0.336	1.136	-0.779
1.266	0.662	-0.092	0.896	1.056
0.854	0.602	0.572	0.627	0.15600000000000003
0.614	0.504	1.155	0.629	-0.5960000000000001
0.905	-0.334	-0.914	-0.145	1.1995
1.12	1.032	0.899	-0.927	0.17700000000000005
0.962	0.634	0.575	0.727	0.2230000000000001
0.637	0.106	0.02	0.806	0.3515
0.933	0.063	0.024	-0.248	0.474
1.714	1.266	0.545	0.051	0.945
1.746	1.371	0.41	-0.318	1.1485
0.913	0.606	0.349	-0.327	0.4105000000000001
1.529	0.7	0.671	0.503	0.4435
1.176	0.824	0.608	0.239	0.392
0.304	-0.527	-0.902	-0.611	0.7905
-0.207	-1.123	-0.379	0.12	-0.28600000000000003
0.716	-0.028	-0.798	0.388	1.142
0.331	0.172	-0.068	0.012	0.3195
0.539	0.586	0.211	-0.223	0.35150000000000003
1.097	0.92	0.415	-0.878	0.5934999999999999
0.965	0.683	0.532	-0.97	0.29200000000000004
0.914	0.754	1.31	0.634	-0.476
1.661	1.799	0.408	-1.083	1.322
1.558	1.092	0.899	-0.032	0.42600000000000016
1.143	0.966	0.426	-1.168	0.6285000000000001
1.828	1.429	0.571	-0.101	1.0575
1.349	0.59	0.534	-1.054	0.4355
0.667	0.008	-0.057	-0.08	0.3945
1.011	1.24	1.592	0.182	-0.46650000000000014
0.955	0.405	0.182	-0.715	0.49799999999999994
0.818	0.261	-0.332	-0.079	0.8714999999999999
1.401	1.312	0.894	0.002	0.4625
0.853	-0.083	-0.805	-0.72	1.19
0.699	0.078	-0.863	-0.017	1.2515
0.852	0.387	-0.012	0.104	0.6315
1.138	0.23	-1.382	-1.237	2.066
1.501	0.605	0.054	-0.624	0.9989999999999999
1.047	0.79	0.094	-0.59	0.8245
1.203	0.553	0.692	-0.609	0.18600000000000017
1.236	0.79	-0.219	-0.385	1.232
1.61	1.164	0.594	-0.599	0.793
0.879	0.709	0.497	1.082	0.29700000000000004
1.181	0.928	-0.538	-0.471	1.5925
0.994	0.58	0.595	0.755	0.19199999999999995
0.85	1.375	0.789	0.11	0.3235
1.703	1.245	0.134	-0.706	1.3400000000000003
1.148	0.181	-0.944	-1.016	1.6084999999999998
1.215	0.628	-0.074	-0.108	0.9954999999999999
1.478	1.585	0.431	-0.007	1.1004999999999998
1.175	0.445	1.143	0.65	-0.33299999999999996
0.959	0.5	0.611	0.512	0.11850000000000005
1.093	-0.087	-0.914	1.29	1.417
0.571	0.051	-0.136	-0.787	0.447
1.028	0.653	0.858	0.896	-0.01749999999999996
1.176	0.887	0.89	0.862	0.14149999999999985
0.846	-0.165	-1.048	0.058	1.3885
0.448	0.107	-0.383	1.092	0.6605000000000001
0.153	-0.265	-0.227	0.109	0.17099999999999999
0.571	0.759	1.405	1.193	-0.74
0.84	0.284	-0.357	-0.79	0.9189999999999999
1.34	1.361	0.023	-0.464	1.3275000000000001
1.659	1.436	0.419	0.398	1.1284999999999998
0.998	0.813	-0.411	-0.468	1.3165
1.596	0.95	-0.247	-0.53	1.52
1.073	0.55	0.587	0.961	0.22450000000000003
0.396	-0.624	-0.487	-0.216	0.373
1.657	1.203	0.943	-0.269	0.4870000000000002
0.73	0.423	0.316	-0.61	0.2605
0.483	0.442	0.745	0.036	-0.2825
1.058	0.466	0.205	0.218	0.557
0.31	0.046	-0.038	-0.436	0.216
0.309	-0.236	-0.078	-0.142	0.1145
1.681	0.931	0.428	-0.092	0.8780000000000001
0.793	-0.249	-0.068	-0.04	0.34
1.364	0.895	-0.326	0.679	1.4555000000000002
0.879	0.428	-0.137	0.037	0.7905
1.863	1.436	1.019	0.74	0.6305000000000001
0.323	-0.34	-0.741	0.321	0.7324999999999999
0.393	-0.083	-0.319	-1.091	0.474
0.152	0.006	0.318	-0.113	-0.239
0.13	-0.258	0.009	0.468	-0.073
1.524	0.485	0.2	-0.812	0.8045
0.036	-0.978	-0.583	1.057	0.11199999999999999
0.872	0.374	-0.61	-0.601	1.233
1.291	1.142	0.008	-1.186	1.2085
0.665	-0.484	-1.248	-0.899	1.3385
1.401	-0.005	-0.206	0.164	0.904
1.943	1.668	0.51	0.22	1.2954999999999999
0.5	0.441	0.605	0.373	-0.13449999999999995
1.534	0.229	-0.322	-0.686	1.2035
1.052	0.75	-0.999	-1.177	1.9
0.854	0.705	0.011	-0.154	0.7685
0.68	0.339	1.013	0.949	-0.5034999999999998
1.111	0.545	-0.299	-0.384	1.127
1.477	1.694	1.129	0.042	0.45650000000000013
1.325	0.968	0.128	-0.295	1.0185
1.788	0.445	-0.197	-0.138	1.3135000000000001
1.534	0.037	-0.829	-0.325	1.6145
0.769	-0.078	-1.201	0.796	1.5465
1.227	1.113	1.071	0.32	0.09899999999999998
1.104	0.255	0.243	-0.433	0.4365
1.611	1.24	1.691	0.184	-0.26550000000000007
0.455	-0.442	-0.557	-0.001	0.5635000000000001
0.944	0.361	-0.047	-0.548	0.6995
0.491	1.069	1.544	1.764	-0.764
0.342	-0.595	-0.395	0.817	0.26850000000000007
0.447	0.082	-0.975	-0.464	1.2395
0.775	0.155	-0.612	-0.587	1.077
1.218	0.492	0.126	0.053	0.729
1.851	1.044	0.335	-0.45	1.1125
1.094	0.378	0.603	0.321	0.133
0.781	0.235	0.346	0.341	0.16200000000000003
0.795	-0.156	-0.806	-0.221	1.1255000000000002
0.219	-0.151	0.238	1.326	-0.204
0.952	0.953	0.004	-0.225	0.9484999999999999
0.634	0.461	1.037	-0.086	-0.48949999999999994
1.065	0.488	0.695	0.685	0.08150000000000002
1.563	1.401	0.461	0.798	1.021
0.673	-0.496	-1.162	-0.616	1.2505
0.553	-0.212	-0.656	-1.232	0.8265
0.909	0.547	0.093	-1.121	0.635
1.517	0.828	0.687	-0.147	0.4854999999999998
0.502	-0.003	-0.16	1.105	0.4095
-0.301	-0.575	-0.437	-0.822	-0.0009999999999999454
1.15	1.065	0.984	-0.877	0.12349999999999994
0.71	0.442	-0.216	-0.605	0.7919999999999999
1.091	0.438	-0.049	-0.596	0.8135
0.955	0.261	1.096	0.324	-0.4880000000000001
1.108	0.969	0.232	0.422	0.8065
0.047	-0.209	-0.359	0.427	0.278
0.621	0.592	0.361	-0.625	0.24550000000000005
1.119	0.278	0.161	-0.243	0.5375
1.432	1.047	0.604	-1.114	0.6355000000000001
0.324	-0.094	-0.377	-0.117	0.492
1.323	0.338	-0.322	0.127	1.1525
0.812	0.87	0.852	0.55	-0.01100000000000001
1.028	0.919	-0.557	-0.917	1.5305
0.336	0.035	0.382	1.018	-0.1965
0.742	0.241	-0.124	0.4	0.6154999999999999
0.654	0.4	0.544	-0.87	-0.017000000000000015
2.165	1.638	0.035	-0.16	1.8665
1.003	0.338	-0.013	0.046	0.6835
0.83	-0.108	0.022	0.555	0.33899999999999997
1.566	1.093	1.037	-0.067	0.2925
0.224	0.053	0.492	1.451	-0.3535
0.79	0.747	0.36	0.222	0.4085
1.705	1.24	1.559	0.803	-0.0864999999999998
1.133	0.262	-0.116	-1.11	0.8135
0.956	0.322	-0.085	0.147	0.724
1.046	1.222	1.024	0.327	0.10999999999999988
2.101	1.638	0.282	-0.979	1.5875
1.367	1.272	1.124	0.135	0.1955
0.703	-0.194	-1.159	0.523	1.4135
0.341	-0.035	-0.435	0.753	0.5880000000000001
1.577	1.405	1.072	0.314	0.41900000000000004
0.896	0.403	0.176	0.905	0.4735
2.34	1.542	1.401	0.639	0.5399999999999998
1.151	0.236	0.486	-0.262	0.20750000000000002
1.106	0.886	0.2	-1.059	0.796
0.738	0.493	-0.204	-0.136	0.8194999999999999
0.952	0.371	-0.186	-0.447	0.8474999999999999
0.884	0.616	0.419	0.368	0.331
1.173	0.772	0.609	0.615	0.36350000000000005
1.916	0.362	-0.125	-1.091	1.264
1.272	0.435	0.159	-0.205	0.6945
1.315	0.432	0.101	-0.686	0.7725
1.322	0.512	-0.17	0.59	1.087
1.491	0.462	-0.557	0.144	1.5335
1.281	0.758	1.441	0.327	-0.4215000000000002
1.066	0.956	0.337	-0.11	0.6740000000000002
1.038	1.067	0.464	1.27	0.5885
0.531	-0.595	-0.786	-0.271	0.754
1.185	0.742	-0.157	-0.31	1.1205
0.785	0.832	0.742	0.608	0.0665
0.349	-0.558	-0.607	1.132	0.5025
0.67	0.65	0.833	-0.456	-0.17299999999999993
1.174	1.242	0.242	0.597	0.966
0.78	0.226	0.039	-0.485	0.464
0.354	-0.687	-0.529	0.456	0.3625
1.103	0.19	1.505	0.997	-0.8584999999999999
0.704	0.43	-0.119	0.159	0.6859999999999999
1.811	0.832	0.511	-0.485	0.8104999999999999
1.307	1.474	0.459	-0.504	0.9314999999999998
1.474	1.328	0.068	-0.172	1.333
1.968	0.636	-0.524	-0.373	1.826
1.177	0.468	0.034	-0.042	0.7885
1.132	1.302	-0.816	-0.975	2.033
0.575	0.252	-0.476	-0.773	0.8895
0.942	0.089	-0.9	-0.527	1.4155
1.693	1.606	-0.536	-1.105	2.1855
0.446	0.094	0.368	1.349	-0.09799999999999998
0.932	0.533	-0.307	-0.236	1.0395
-0.186	-0.474	0.146	0.763	-0.476
1.419	0.808	-0.37	-0.929	1.4835000000000003
1.301	0.678	0.795	-0.763	0.1945
0.711	0.057	-0.374	-0.573	0.758
1.383	1.028	0.489	-0.341	0.7165
0.947	0.512	1.018	1.066	-0.2885
1.061	0.117	-0.14	-0.462	0.729
1.313	1.258	0.448	0.055	0.8374999999999999
1.217	1.117	0.891	1.181	0.276
1.541	0.6	-0.424	-0.489	1.4945
0.49	-0.184	-0.298	0.52	0.45099999999999996
1.422	0.926	1.078	-0.398	0.09599999999999986
1.216	0.593	-0.696	-0.561	1.6004999999999998
1.302	0.141	-0.956	1.205	1.6775
1.97	1.636	0.682	-0.161	1.121
1.144	0.203	-0.104	0.192	0.7775
1.571	0.821	0.133	0.09	1.063
0.53	0.478	1.495	0.334	-0.9910000000000001
1.065	-0.618	-0.661	-0.039	0.8845000000000001
1.35	0.782	1.813	0.136	-0.7469999999999999
-0.041	-0.454	-0.273	0.795	0.025500000000000023
0.549	0.031	0.393	-0.292	-0.10299999999999998
0.799	0.277	-0.187	0.393	0.7250000000000001
1.592	1.202	0.654	0.699	0.743
0.489	-0.045	0.567	-1.066	-0.345
0.881	0.168	0.301	0.728	0.22349999999999998
0.961	0.453	-0.176	-0.11	0.883
0.681	-0.219	-0.358	0.947	0.589
0.938	0.18	0.204	0.803	0.355
1.373	1.371	0.371	0.866	1.001
0.515	0.096	-0.19	-0.563	0.4955
1.412	1.923	1.626	1.235	0.04150000000000009
0.833	0.659	0.104	-0.099	0.642
1.109	0.385	1.325	0.943	-0.578
1.28	0.848	-0.399	-0.61	1.463
1.504	0.539	-0.603	0.075	1.6245
1.361	1.004	2.002	0.024	-0.8194999999999997
0.089	0.053	0.555	0.021	-0.48400000000000004
1.669	0.593	-0.697	-0.321	1.8279999999999998
0.762	0.017	-0.506	-0.094	0.8955
1.166	0.669	0.077	0.523	0.8405
0.872	0.678	-0.033	-0.252	0.808
1.742	1.711	1.517	0.63	0.20950000000000024
0.672	-0.792	-0.045	0.958	-0.015
0.721	0.795	0.44	-0.726	0.318
1.484	1.111	-0.124	0.179	1.4215
0.711	-0.062	-0.29	-0.325	0.6145
1.77	1.33	0.689	0.258	0.8610000000000001
1.144	0.447	-1.151	0.583	1.9465
1.348	0.967	1.153	0.989	0.0044999999999999485
1.471	1.011	0.865	-0.089	0.3760000000000001
1.697	0.657	-0.211	-0.751	1.3880000000000001
1.504	0.791	0.046	-0.209	1.1015
1.17	0.999	0.099	0.236	0.9855
1.509	0.996	0.682	-0.169	0.5704999999999999
0.541	0.505	1.528	0.575	-1.005
0.715	0.077	-0.527	-0.293	0.923
0.51	0.391	-0.48	-0.278	0.9305
0.809	0.333	0.552	0.507	0.019000000000000017
0.478	-0.018	0.133	1.338	0.09699999999999998
1.069	0.281	0.877	0.341	-0.20199999999999996
1.33	0.725	-0.099	0.433	1.1265
0.832	0.268	0.59	0.211	-0.039999999999999925
0.927	0.889	-0.041	0.764	0.9490000000000001
0.667	0.131	0.343	-1.16	0.055999999999999994
1.088	0.015	-0.039	-0.163	0.5905
0.825	0.228	0.311	-0.327	0.21549999999999997
1.024	-0.288	-1.076	-0.261	1.444
2.171	1.66	0.021	-0.704	1.8944999999999999
0.371	-0.922	-0.347	1.44	0.07149999999999995
0.389	-0.452	0.251	1.127	-0.2825
0.403	0.144	0.434	0.846	-0.16049999999999998
0.983	0.11	-0.436	-1.297	0.9824999999999999
1.401	0.381	-1.135	-0.179	2.026
0.816	0.627	0.53	0.307	0.1915
0.907	0.849	0.78	-0.556	0.09799999999999998
1.554	1.153	-0.505	-0.186	1.8584999999999998
1.598	1.075	-0.498	0.516	1.8345
1.401	0.141	-0.419	-0.112	1.19
1.555	1.321	0.595	-0.839	0.843
1.258	-0.206	-1.077	0.41	1.603
1.304	0.166	-0.271	0.876	1.006
1.054	1.194	1.36	1.264	-0.236
1.051	0.226	-0.412	-0.206	1.0505
1.09	0.536	-0.361	0.074	1.174
0.482	0.099	-0.716	-0.518	1.0065
0.978	0.761	-0.647	-0.949	1.5165
1.07	1.264	0.427	-0.625	0.74
0.105	-0.462	-0.53	0.378	0.35150000000000003
0.657	0.499	0.205	-0.244	0.3730000000000001
1.019	0.81	0.147	0.225	0.7675
0.896	0.279	-0.386	0.154	0.9735
0.595	0.241	-0.405	0.994	0.823
1.014	0.86	1.308	-0.216	-0.371
0.955	0.59	-0.75	-0.553	1.5225
0.774	0.032	-0.682	0.823	1.085
0.509	0.469	0.304	-0.628	0.185
1.257	1.272	0.138	-0.342	1.1265
1.227	0.505	0.31	-1.152	0.556
0.53	0.007	0.799	0.965	-0.5305
1.121	0.416	0.202	0.555	0.5665
1.362	1.588	1.459	0.855	0.016000000000000014
0.931	0.446	0.094	0.068	0.5945
1.008	0.069	-0.449	0.051	0.9875
0.632	0.981	1.043	1.439	-0.23649999999999993
0.819	0.68	0.589	0.604	0.1605000000000001
0.386	-0.264	-0.183	0.346	0.244
1.355	0.847	-0.424	-0.207	1.525
1.37	1.03	0.31	0.012	0.8900000000000001
0.997	1.156	0.338	0.714	0.7384999999999999
1.755	1.209	-0.706	-0.452	2.1879999999999997
0.96	0.612	0.419	-0.323	0.36700000000000005
0.663	0.313	-0.512	-0.554	1.0
1.464	0.672	0.695	-0.249	0.3730000000000001
0.642	-0.018	-0.237	-0.55	0.5489999999999999
1.353	1.054	0.875	1.487	0.3285
1.923	1.153	0.846	0.217	0.6920000000000001
0.817	0.727	-0.138	-0.596	0.91
0.478	0.086	0.844	-0.513	-0.562
1.463	0.853	0.846	-0.336	0.31199999999999994
1.266	0.951	0.183	-0.643	0.9255
0.617	-0.31	-0.234	0.39	0.3875
0.044	0.174	-0.205	1.348	0.31399999999999995
0.363	0.156	0.386	-0.707	-0.1265
1.736	0.78	1.435	1.086	-0.17700000000000005
1.0	0.696	2.346	1.426	-1.4980000000000002
0.729	0.098	1.224	1.682	-0.8105
1.18	0.948	0.685	-0.228	0.379
0.896	0.356	-1.064	0.366	1.69
1.704	1.322	1.329	0.997	0.18399999999999994
1.851	1.247	0.821	-1.093	0.728
1.579	1.313	0.623	-0.656	0.823
1.61	1.336	0.461	-1.29	1.012
1.558	1.053	1.226	1.291	0.0794999999999999
1.155	1.219	1.437	1.441	-0.25
0.976	1.032	0.883	1.113	0.121
0.989	0.751	1.179	0.263	-0.30900000000000005
1.33	0.856	0.164	0.769	0.9289999999999999
1.255	1.015	0.703	0.604	0.43199999999999983
0.875	0.737	-0.468	-0.476	1.274
1.323	0.716	1.518	0.068	-0.49850000000000017
1.298	0.666	0.302	-0.336	0.6799999999999999
1.277	0.921	-0.642	-0.726	1.741
1.465	1.513	1.256	-0.618	0.23299999999999987
2.616	1.704	0.07	-0.658	2.0900000000000003
0.677	0.625	0.632	-0.685	0.019000000000000017
0.34	0.377	-0.391	0.019	0.7495
0.68	-0.08	-1.13	-0.287	1.43
0.33	-0.137	0.275	0.888	-0.17850000000000002
1.369	0.977	0.057	-0.171	1.116
1.93	0.736	-0.744	-0.715	2.077
1.068	0.334	-0.274	-0.162	0.9750000000000001
0.704	0.398	-0.699	-0.838	1.25
0.467	0.415	-0.281	0.087	0.722
1.016	0.426	0.688	0.587	0.03300000000000003
1.553	1.197	0.658	0.139	0.717
1.475	1.063	0.773	0.288	0.4960000000000001
0.67	0.69	0.925	0.236	-0.2450000000000001
1.523	0.693	0.439	0.478	0.6689999999999998
1.247	1.005	0.154	1.15	0.9719999999999999
0.992	0.109	-0.318	0.449	0.8685
0.978	0.764	-0.074	0.761	0.945
0.861	0.611	0.925	0.212	-0.18900000000000006
1.498	1.134	0.07	0.189	1.2459999999999998
1.332	0.152	-0.64	-0.826	1.3820000000000001
1.647	1.65	1.877	-0.132	-0.22850000000000015
0.767	0.31	0.135	0.905	0.40349999999999997
0.925	0.493	0.205	0.049	0.5040000000000001
0.539	0.926	0.455	-0.214	0.2775
1.47	0.362	-0.754	1.52	1.67
0.927	0.049	-0.975	-0.309	1.463
0.382	0.34	0.54	0.089	-0.17900000000000005
1.429	0.594	0.055	-0.515	0.9565
1.538	1.526	1.314	0.897	0.21799999999999997
1.289	0.957	0.58	0.248	0.543
1.213	1.313	0.561	-0.609	0.7019999999999998
1.425	0.782	0.489	-0.062	0.6144999999999999
1.275	0.728	0.533	0.561	0.4685
1.732	1.377	1.169	1.093	0.38549999999999995
0.181	0.285	-0.018	-0.252	0.251
1.368	0.024	-0.902	-0.186	1.598
0.846	-0.097	0.429	0.466	-0.05449999999999999
1.269	0.452	-0.194	-0.133	1.0545
1.659	1.407	0.909	0.566	0.6239999999999999
0.473	0.073	-0.36	-0.334	0.633
1.004	0.465	0.769	-0.119	-0.034499999999999975
0.697	-0.059	-0.787	-0.143	1.1059999999999999
1.526	0.855	0.031	0.546	1.1595000000000002
1.244	0.703	-0.104	0.368	1.0775000000000001
0.772	0.737	0.084	0.505	0.6705
0.856	0.13	-1.113	-0.605	1.6059999999999999
0.893	0.469	0.117	0.893	0.5640000000000001
0.357	-0.265	-0.701	0.037	0.7469999999999999
0.506	0.405	1.032	0.169	-0.5765
1.533	0.398	-0.51	0.311	1.4755
0.738	0.181	0.145	0.64	0.3145
1.309	-0.312	-1.641	-0.149	2.1395
0.6	0.476	0.746	-0.002	-0.20799999999999996
1.194	1.087	1.84	0.744	-0.6995000000000002
1.019	0.274	-0.451	0.634	1.0975
-0.188	-0.149	-0.187	-0.296	0.018500000000000016
0.971	0.864	0.56	0.425	0.35749999999999993
0.632	0.679	0.246	-0.944	0.4095
0.906	0.699	0.074	-0.668	0.7285
0.823	-0.323	-0.824	-1.419	1.0739999999999998
1.606	1.079	0.101	0.045	1.2415
1.982	1.37	0.046	-0.919	1.6300000000000001
0.783	-0.121	-0.575	0.272	0.9059999999999999
1.198	1.305	1.137	0.082	0.11450000000000005
1.059	1.04	0.434	-0.907	0.6155000000000002
0.587	0.323	0.293	0.457	0.16199999999999998
1.3	1.421	1.22	0.222	0.14050000000000007
0.942	1.243	1.157	0.512	-0.0645
0.77	0.142	-0.434	0.84	0.89
1.056	0.698	0.461	0.852	0.416
1.501	0.994	-0.187	-0.537	1.4345
1.339	0.714	0.749	1.14	0.27749999999999997
0.824	0.766	1.039	-0.589	-0.244
1.0	0.731	-0.093	-1.231	0.9584999999999999
1.038	1.016	0.157	0.667	0.8700000000000001
1.276	0.462	-0.053	0.625	0.922
0.762	0.925	1.432	1.68	-0.5884999999999999
0.581	-0.185	-0.346	1.526	0.5439999999999999
1.381	1.389	0.759	0.142	0.626
0.875	0.173	-0.945	0.571	1.4689999999999999
1.117	1.073	0.446	-1.588	0.649
1.511	0.558	-0.186	0.128	1.2205
0.953	0.407	-0.874	-0.025	1.5539999999999998
1.57	1.243	0.269	-0.814	1.1375000000000002
1.146	0.448	1.018	-0.203	-0.22100000000000009
1.34	1.166	0.502	0.664	0.7510000000000001
1.182	0.953	0.596	0.372	0.4714999999999999
1.018	0.766	0.746	1.12	0.14600000000000002
0.555	0.236	-0.347	0.61	0.7424999999999999
1.081	-0.416	-0.251	1.043	0.5835
0.318	0.188	0.816	-0.431	-0.563
0.569	0.063	0.134	1.017	0.18199999999999994
0.427	-0.446	-0.219	0.717	0.2095
0.964	0.361	-0.587	-0.446	1.2494999999999998
0.708	-0.009	-0.382	-0.043	0.7315
1.268	1.199	0.809	-0.345	0.4245
1.572	0.565	-0.652	0.045	1.7205
0.54	-0.141	-0.101	0.378	0.3005
1.476	0.994	0.502	-0.835	0.7329999999999999
1.687	0.632	-0.104	-0.594	1.2635
1.716	1.36	0.181	0.264	1.357
1.61	0.811	0.103	-0.12	1.1075000000000002
0.601	0.03	-0.398	-0.479	0.7135
0.928	0.711	-0.012	-1.323	0.8315
2.212	1.427	1.008	-0.217	0.8115000000000001
1.252	0.328	-0.068	-0.601	0.8580000000000001
0.642	-0.194	-0.659	-0.699	0.883
1.03	1.104	0.179	-0.766	0.8880000000000001
0.995	0.749	0.313	-0.157	0.5589999999999999
1.54	1.014	0.272	0.592	1.0050000000000001
0.83	0.492	0.016	0.054	0.645
0.72	-0.223	0.066	0.497	0.1825
1.796	0.447	0.347	0.16	0.7745
0.744	0.17	-0.309	-1.139	0.766
1.831	1.501	0.31	-0.375	1.3559999999999999
1.563	0.905	0.07	-0.341	1.164
0.949	0.725	0.674	0.566	0.16299999999999992
0.853	0.559	0.589	0.299	0.11699999999999999
1.122	0.759	0.806	-0.077	0.13450000000000006
1.003	0.955	0.252	0.615	0.7269999999999999
1.265	1.308	1.084	1.21	0.2024999999999999
1.809	1.293	1.981	1.174	-0.43000000000000016
0.386	0.306	0.192	0.037	0.15399999999999997
1.125	0.164	0.366	0.108	0.27849999999999997
-0.004	-0.833	-0.752	0.664	0.3335
0.937	0.475	-0.75	-0.402	1.456
1.069	0.805	0.811	1.146	0.126
1.582	0.383	0.041	0.44	0.9415
0.674	0.831	0.774	-0.085	-0.021500000000000075
1.654	1.127	-0.749	-0.568	2.1395
1.087	0.796	-0.295	-0.754	1.2365
1.908	0.73	0.028	-0.763	1.291
1.578	1.518	0.823	1.062	0.7250000000000001
1.399	0.574	0.601	1.209	0.38549999999999995
1.169	0.486	0.271	-0.265	0.5565
0.815	-0.609	-0.309	0.977	0.412
0.874	0.982	1.338	0.881	-0.41000000000000014
1.16	0.611	-0.164	0.167	1.0494999999999999
0.777	0.204	-0.968	0.376	1.4585
1.35	0.645	0.44	-1.071	0.5575000000000001
1.619	0.698	-0.451	0.581	1.6095000000000002
1.478	0.143	-1.753	-0.458	2.5635
0.506	-0.309	-1.097	0.622	1.1955
0.48	-0.617	-0.631	0.124	0.5625
1.373	0.707	-0.837	-1.125	1.877
1.838	0.765	-0.67	-1.014	1.9715000000000003
0.867	0.53	1.427	0.331	-0.7285
1.99	1.382	-0.668	-0.296	2.354
1.256	0.764	0.223	0.438	0.787
0.709	0.447	-0.065	0.249	0.643
1.563	1.163	0.568	-0.086	0.795
1.363	0.409	-0.108	-0.509	0.994
0.662	-0.067	-1.052	0.872	1.3495
2.153	2.224	0.964	-0.081	1.2245000000000004
1.826	1.271	0.121	-0.009	1.4275
1.051	0.807	0.582	-0.905	0.3470000000000001
0.428	-0.374	-1.257	0.891	1.2839999999999998
0.828	0.299	-0.647	-0.27	1.2105000000000001
1.411	1.405	0.636	0.24	0.7719999999999999
1.366	0.788	0.25	-0.587	0.827
1.512	0.955	0.762	1.743	0.47150000000000003
0.892	0.806	0.874	-0.345	-0.025000000000000022
0.998	0.888	1.059	1.585	-0.11599999999999988
0.834	0.262	-0.502	0.358	1.05
1.691	1.085	-0.886	-0.435	2.274
1.376	1.118	0.83	0.492	0.4169999999999999
1.519	1.028	0.333	-0.08	0.9404999999999999
0.519	0.559	0.995	0.513	-0.45599999999999996
0.763	0.662	-0.097	-0.046	0.8095
0.452	0.422	1.012	0.269	-0.575
0.526	0.378	1.228	0.747	-0.776
1.015	0.384	1.006	0.454	-0.3065
1.049	0.599	1.052	0.823	-0.2280000000000001
0.93	0.615	0.195	-1.129	0.5774999999999999
1.829	1.53	0.331	-0.716	1.3485
0.118	-0.458	-0.919	-0.115	0.749
0.748	0.535	0.929	0.298	-0.2875000000000001
1.637	0.943	-0.181	1.625	1.471
0.91	0.605	0.786	0.083	-0.02849999999999997
0.605	-0.292	-1.248	-0.31	1.4045
1.322	0.948	0.515	-0.093	0.62
0.68	0.217	-0.023	0.096	0.47150000000000003
1.027	0.649	0.529	0.142	0.30899999999999994
1.428	0.756	0.777	0.192	0.31500000000000006
0.699	0.847	1.202	0.905	-0.42900000000000005
1.34	0.922	0.435	0.986	0.696
0.912	0.342	-0.239	-0.109	0.866
0.8	0.266	-0.029	-0.667	0.562
1.506	1.095	0.384	0.363	0.9165
1.906	0.83	0.82	0.429	0.5479999999999999
1.493	0.525	-0.066	-0.378	1.0750000000000002
1.333	-0.054	-0.982	0.545	1.6215
0.657	0.038	-0.425	-0.098	0.7725
0.122	-0.055	-0.948	0.185	0.9814999999999999
-0.126	0.18	-0.131	-0.183	0.158
0.773	1.43	0.626	-0.166	0.4754999999999999
0.858	0.907	0.162	-1.004	0.7205
1.453	1.071	-0.441	-0.715	1.703
1.268	0.781	-0.283	0.481	1.3074999999999999
0.137	-0.007	0.602	0.538	-0.5369999999999999
0.851	0.495	0.338	-0.519	0.335
0.607	-0.066	-0.594	0.935	0.8644999999999999
1.117	0.614	0.489	-0.963	0.37649999999999995
1.038	0.538	0.231	-0.598	0.557
0.852	0.279	0.422	0.281	0.14350000000000002
1.142	0.783	-0.169	-0.256	1.1315
1.151	1.268	0.753	0.29	0.4565
1.86	1.459	1.608	1.483	0.05149999999999988
1.268	0.257	-0.018	-0.558	0.7805
0.904	0.018	-1.075	0.046	1.536
0.677	0.2	0.349	0.222	0.08950000000000002
-0.059	-0.759	-1.242	-0.501	0.833
0.843	-0.006	-0.245	-0.191	0.6635
1.029	0.062	0.515	0.869	0.03049999999999997
1.258	0.689	-0.272	-0.38	1.2455
1.022	0.128	-0.477	-0.381	1.052
0.922	0.555	-0.235	0.29	0.9735
1.095	0.293	0.314	-0.446	0.37999999999999995
1.41	0.923	-0.024	-0.326	1.1905000000000001
0.809	0.857	0.402	-0.135	0.43099999999999994
0.703	0.419	0.529	0.728	0.03199999999999992
0.816	0.478	0.186	0.756	0.461
0.11	-0.778	-0.894	-1.336	0.56
0.978	-0.298	-0.005	-0.24	0.345
1.029	1.21	0.987	0.887	0.13249999999999995
1.14	0.866	1.349	1.057	-0.3460000000000001
1.438	0.924	0.261	0.989	0.92
0.296	-0.35	-0.943	-1.42	0.9159999999999999
0.15	-0.29	-0.96	0.464	0.89
1.276	1.341	0.88	-0.533	0.4285
0.952	0.046	-1.499	-0.587	1.9980000000000002
0.451	0.171	-0.333	-0.397	0.644
1.812	1.348	-0.116	-0.109	1.6960000000000002
0.857	0.41	-0.256	-0.863	0.8895
1.552	1.272	0.578	0.313	0.834
1.368	0.818	1.144	1.451	-0.050999999999999934
1.691	1.338	0.901	0.192	0.6134999999999999
0.654	0.176	-0.007	-0.549	0.42200000000000004
0.948	0.409	0.64	1.379	0.03849999999999998
1.567	0.962	-0.166	-1.1	1.4304999999999999
1.003	1.372	1.862	0.693	-0.6745000000000001
0.638	0.17	-1.069	-0.293	1.4729999999999999
0.978	0.219	0.196	-0.795	0.4025
0.575	0.201	-0.014	-0.156	0.402
2.115	2.006	0.994	-0.068	1.0665000000000002
1.28	0.519	-0.203	0.844	1.1025
1.246	0.805	1.05	0.935	-0.024499999999999966
0.416	0.253	1.032	0.035	-0.6975
0.78	-0.406	-0.478	0.633	0.665
1.097	0.723	-0.262	-0.056	1.172
0.589	0.711	0.229	0.922	0.42099999999999993
1.594	1.223	1.27	0.346	0.13850000000000007
1.745	1.52	0.538	-0.153	1.0945
0.852	0.426	-0.879	-0.881	1.518
1.078	-0.07	-0.684	0.117	1.1880000000000002
1.239	0.975	1.001	0.809	0.1060000000000001
1.287	0.856	-0.345	-0.573	1.4164999999999999
1.025	1.095	0.841	0.982	0.21900000000000008
0.942	1.197	1.793	1.477	-0.7234999999999998
0.647	-0.3	-0.373	-0.229	0.5465
0.664	-0.054	-0.062	0.144	0.367
0.88	0.877	0.902	0.034	-0.023499999999999965
1.726	1.51	1.092	0.23	0.5259999999999998
1.53	1.125	0.981	-0.653	0.34650000000000014
0.971	0.282	-0.262	-0.811	0.8885
1.156	0.768	0.113	1.211	0.849
0.368	0.073	-0.465	-0.259	0.6855
0.845	0.051	0.317	1.24	0.131
1.088	0.823	0.674	-0.336	0.2815
1.467	1.282	0.851	-0.303	0.5235000000000001
1.542	1.062	0.144	-1.175	1.1580000000000001
0.405	0.219	0.012	0.98	0.3
0.224	-0.339	-0.081	0.905	0.023499999999999993
0.829	0.653	0.761	0.233	-0.020000000000000018
0.503	0.159	-0.255	-0.012	0.5860000000000001
0.975	0.852	0.757	0.715	0.15649999999999997
0.956	0.396	0.485	1.076	0.19099999999999995
0.824	0.092	-0.451	-0.373	0.909
1.141	1.035	0.989	-0.365	0.09900000000000009
0.233	-0.448	-0.16	-0.118	0.052500000000000005
0.784	-0.003	0.153	0.605	0.23750000000000002
0.756	-0.212	-0.493	-0.774	0.765
0.206	0.132	0.671	0.204	-0.502
1.353	0.824	-0.015	-0.43	1.1035
0.644	-0.206	-0.706	0.483	0.925
1.149	1.289	-0.84	1.036	2.0589999999999997
1.202	1.328	0.625	0.331	0.6400000000000001
1.207	0.918	-0.099	0.108	1.1615
1.211	-0.123	-0.158	-1.123	0.7020000000000001
1.4	0.8	0.062	-0.341	1.038
1.373	0.809	-0.681	-1.368	1.772
0.649	0.442	-0.376	-0.945	0.9215
1.081	0.749	0.789	0.242	0.126
1.361	1.18	1.087	-0.016	0.1835
0.441	0.224	0.326	0.777	0.006500000000000006
1.284	0.93	0.004	-0.778	1.103
1.142	0.472	-0.244	-0.948	1.051
0.735	0.237	-0.043	-0.535	0.529
0.911	-0.401	-0.192	-0.308	0.447
0.658	0.526	0.136	0.047	0.45600000000000007
1.241	0.861	0.894	1.148	0.15700000000000014
0.825	0.35	-0.066	-0.379	0.6535
1.358	1.099	0.886	0.519	0.3424999999999999
2.014	0.976	0.534	-0.364	0.9609999999999999
0.79	1.214	-0.014	-0.204	1.016
0.757	0.486	0.497	0.11	0.12449999999999994
1.304	0.133	-1.036	-0.21	1.7545000000000002
0.792	0.375	0.068	-0.594	0.5155000000000001
1.124	1.087	1.074	0.793	0.031500000000000083
0.187	0.251	0.355	-0.719	-0.13599999999999998
1.15	0.33	-0.502	0.47	1.242
2.104	1.775	0.368	0.599	1.5715
1.085	0.683	-0.859	-0.461	1.7429999999999999
1.163	0.512	0.05	0.544	0.7875
1.073	0.329	0.203	0.06	0.49799999999999994
0.277	-0.501	-0.411	0.42	0.299
1.06	1.23	0.916	0.434	0.22899999999999998
1.189	0.558	1.001	0.929	-0.12749999999999984
1.765	1.459	1.447	0.902	0.16500000000000004
1.024	0.985	0.513	0.642	0.49149999999999994
0.735	0.439	0.29	1.513	0.297
1.138	-0.497	-0.35	0.785	0.6704999999999999
1.615	1.24	1.047	-0.471	0.38050000000000006
0.321	0.094	-0.612	-0.387	0.8195
1.988	1.535	0.935	0.011	0.8264999999999998
0.365	0.811	0.106	-0.487	0.4820000000000001
0.977	0.91	1.582	0.466	-0.6385000000000001
0.893	-0.273	-0.577	0.609	0.887
1.392	0.743	-0.26	0.084	1.3275
1.73	1.43	0.269	0.461	1.311
1.071	0.693	-0.722	-1.194	1.6039999999999999
0.736	0.079	0.003	-0.088	0.40449999999999997
1.684	1.046	0.495	-0.739	0.87
1.268	0.612	0.009	-0.029	0.9309999999999999
0.946	0.691	-0.399	0.366	1.2175
0.942	0.102	-0.617	-1.039	1.139
0.767	-0.12	0.267	0.067	0.056499999999999995
1.385	0.672	-0.615	0.249	1.6435
1.216	1.019	0.163	-0.559	0.9544999999999999
1.71	0.998	1.724	0.916	-0.3699999999999999
0.652	0.819	1.308	1.423	-0.5725
1.214	1.291	1.013	0.402	0.23950000000000005
1.569	1.046	1.139	1.121	0.1685000000000001
0.783	0.636	-0.514	-0.831	1.2235
0.974	0.081	0.188	0.351	0.33949999999999997
1.453	0.881	-1.051	-1.108	2.218
0.921	0.337	0.13	1.064	0.499
0.628	-0.055	-0.554	-0.025	0.8405
1.471	1.331	0.429	-0.062	0.972
1.305	0.807	1.015	0.727	0.04100000000000015
1.478	1.105	1.034	1.163	0.25750000000000006
1.02	0.284	-0.462	-0.201	1.114
0.54	0.197	0.919	0.083	-0.5505
1.264	1.01	0.807	0.662	0.32999999999999996
0.75	0.501	1.028	0.803	-0.4025000000000001
0.191	-0.453	0.488	1.379	-0.619
0.666	-0.56	-0.009	0.045	0.06199999999999999
1.363	1.147	0.121	0.269	1.134
1.123	0.131	-0.494	-0.364	1.121
1.286	0.585	-0.535	-0.565	1.4705
1.121	1.101	0.489	0.352	0.622
1.276	1.608	0.617	0.832	0.8250000000000002
0.732	-0.14	-0.314	-0.749	0.61
0.871	-0.19	-0.564	-1.164	0.9045
0.912	0.013	0.267	-0.264	0.1955
0.475	-0.165	-0.325	0.822	0.48
1.038	1.04	1.091	0.621	-0.051999999999999824
-0.065	-0.561	-0.184	0.512	-0.12900000000000006
1.551	1.373	0.838	0.592	0.624
1.509	0.746	-0.728	-0.362	1.8555
1.172	0.698	0.079	-0.015	0.856
1.166	0.254	-1.225	-0.153	1.935
0.022	0.337	0.175	-0.256	0.004500000000000032
0.686	0.496	0.343	-0.673	0.24799999999999994
1.092	0.525	0.782	1.082	0.026499999999999968
1.004	0.535	0.598	1.176	0.1715000000000001
1.069	0.957	0.55	0.62	0.46299999999999986
0.035	-0.406	-0.434	0.742	0.2485
0.777	-0.115	-0.094	0.662	0.42500000000000004
0.624	0.045	-0.588	-0.179	0.9225
2.034	1.1	0.494	-0.61	1.073
1.15	0.855	0.179	-0.334	0.8234999999999999
0.926	0.62	0.17	0.372	0.603
1.525	0.663	-0.005	0.954	1.0989999999999998
0.969	0.314	0.81	0.82	-0.1685000000000001
1.996	1.508	0.576	0.229	1.1760000000000002
1.662	1.2	1.475	0.846	-0.04400000000000004
1.494	0.54	0.106	0.054	0.9109999999999999
0.775	0.689	1.029	0.786	-0.29699999999999993
1.088	0.393	0.292	-0.213	0.44850000000000007
0.46	0.215	-0.438	0.615	0.7755000000000001
0.834	0.616	0.832	0.955	-0.10699999999999998
0.757	0.394	-0.544	-0.731	1.1195
0.906	0.768	1.193	0.462	-0.3560000000000001
1.493	1.13	0.041	-0.402	1.2705000000000002
0.963	0.898	0.872	0.555	0.058499999999999996
1.182	0.597	0.58	0.731	0.3095
-0.073	-0.096	1.121	0.824	-1.2055
1.04	-0.384	-0.576	0.815	0.9039999999999999
1.431	0.966	0.435	-0.354	0.7635000000000001
1.005	1.141	0.64	-0.226	0.43299999999999994
1.213	1.259	0.647	-0.619	0.589
0.65	0.08	0.104	1.071	0.261
1.769	1.207	0.886	0.057	0.602
1.402	0.598	-0.329	-0.588	1.329
1.537	1.187	0.505	0.258	0.8570000000000001
1.399	0.543	0.261	0.143	0.7100000000000001
1.259	0.83	1.322	1.533	-0.2775000000000001
0.635	-0.024	-0.451	0.026	0.7565
1.594	1.194	1.354	-0.174	0.040000000000000036
0.341	0.443	0.813	1.278	-0.42099999999999993
1.498	1.131	0.011	-0.588	1.3035
1.019	0.632	0.282	-0.37	0.5434999999999999
0.397	0.38	1.003	0.031	-0.6144999999999998
1.038	0.431	-1.161	-0.572	1.8955000000000002
1.418	0.751	0.394	-0.201	0.6905
1.064	0.822	0.779	-0.695	0.16400000000000003
0.803	-0.379	-0.333	0.414	0.545
0.939	0.841	-0.536	0.002	1.426
0.421	0.029	0.322	1.008	-0.097
1.371	0.893	-0.16	-1.382	1.292
1.684	1.283	0.598	0.328	0.8854999999999998
1.216	0.838	0.772	0.128	0.2549999999999999
0.417	0.778	0.101	-0.138	0.49650000000000005
0.944	0.389	0.529	0.099	0.13749999999999996
0.974	0.669	1.279	-0.596	-0.4574999999999999
1.554	1.206	1.024	1.021	0.35599999999999987
0.758	0.446	-0.438	-0.545	1.04
1.403	1.041	1.192	0.702	0.030000000000000027
1.41	0.836	0.579	0.494	0.544
1.042	0.629	-0.152	-0.544	0.9875
0.877	0.931	1.255	0.074	-0.35099999999999987
1.094	-0.314	-0.746	0.841	1.1360000000000001
0.288	-0.319	-0.089	0.999	0.07349999999999998
1.18	0.266	0.434	0.186	0.289
0.643	0.562	0.112	0.589	0.49050000000000005
0.863	0.262	-0.969	-0.616	1.5314999999999999
0.591	-0.207	-0.774	0.357	0.966
0.505	-0.001	-0.058	0.016	0.31
0.959	1.299	1.35	0.481	-0.22100000000000009
1.385	0.722	0.419	0.22	0.6345000000000001
1.19	0.519	-0.227	-0.445	1.0815000000000001
0.659	0.077	0.121	-0.004	0.247
0.438	0.271	0.316	0.443	0.038500000000000034
1.037	0.62	-0.18	-0.285	1.0085
1.432	0.861	0.031	0.752	1.1155000000000002
1.692	1.165	-0.17	-0.701	1.5985
0.984	0.328	-0.124	-0.101	0.78
1.001	0.486	0.423	-0.437	0.32049999999999995
0.972	0.944	0.386	-0.456	0.572
1.777	1.206	1.125	0.629	0.3664999999999998
1.881	1.533	0.829	-0.447	0.8779999999999999
1.148	1.129	0.897	-0.008	0.24150000000000005
1.604	1.122	0.734	-0.639	0.629
1.636	0.541	-0.66	-0.344	1.7485
0.25	-0.43	-0.272	0.452	0.18200000000000002
1.022	0.39	0.243	0.494	0.46299999999999997
1.493	1.36	1.243	-0.149	0.1835
1.658	1.023	-0.095	-0.735	1.4355
0.04	-0.439	-0.312	-0.158	0.11249999999999999
0.889	-0.338	-0.374	0.215	0.6495
0.621	0.023	0.121	-0.128	0.201
1.153	0.985	-0.461	0.104	1.53
1.241	0.494	-0.675	-0.756	1.5425
1.205	0.766	0.342	-0.413	0.6435
0.928	0.431	-0.074	0.662	0.7535
1.067	0.549	-0.101	0.296	0.909
0.987	0.081	-0.23	-0.049	0.764
1.285	1.337	1.437	0.352	-0.1260000000000001
1.278	0.852	-0.946	-0.671	2.011
1.585	1.424	1.383	-0.096	0.12149999999999994
1.672	0.617	-0.153	0.704	1.2974999999999999
1.577	0.417	0.534	0.179	0.46299999999999997
0.846	-0.235	-0.266	-0.802	0.5715
0.886	0.265	0.565	-0.345	0.010500000000000065
1.26	0.361	0.414	1.059	0.3965
1.467	0.352	0.113	-0.912	0.7965
1.052	0.764	-0.856	-0.759	1.764
1.088	0.759	0.232	0.973	0.6915
-0.05	-0.337	-0.791	-0.359	0.5975
0.905	-0.075	0.012	0.139	0.403
1.292	0.55	-0.042	0.921	0.9630000000000001
1.247	0.975	0.568	0.142	0.543
1.595	0.86	-0.586	-0.31	1.8135
0.744	0.04	0.298	0.454	0.09400000000000003
0.587	-0.088	-0.423	-0.34	0.6725
0.926	1.053	1.148	0.129	-0.15849999999999986
0.933	0.765	0.634	0.008	0.21499999999999997
0.809	0.302	-0.525	-0.404	1.0805
0.275	0.406	0.24	0.081	0.10050000000000003
0.395	-0.3	-0.801	-0.599	0.8485
0.9	0.687	0.896	0.496	-0.10249999999999992
0.94	0.957	0.304	0.229	0.6444999999999999
0.597	0.184	-0.3	0.186	0.6904999999999999
0.713	-0.349	-0.552	0.328	0.734
1.154	0.814	-0.357	-1.062	1.341
1.141	0.724	0.637	0.509	0.2955
1.398	1.65	0.398	-1.39	1.126
0.745	-0.081	-0.82	-0.561	1.152
0.687	0.223	-0.235	-0.754	0.69
1.656	1.707	0.12	0.086	1.5615
0.339	0.284	0.894	1.279	-0.5825
0.768	0.275	-0.128	0.556	0.6495000000000001
0.624	0.108	-1.198	-0.317	1.564
0.702	0.621	0.719	-0.46	-0.057499999999999996
1.631	1.136	1.208	0.691	0.1755
1.486	0.901	1.062	1.51	0.13149999999999995
0.916	0.539	0.115	-0.032	0.6125
1.798	0.602	0.241	-0.53	0.959
1.326	0.379	-0.378	1.038	1.2305000000000001
0.977	0.518	-0.031	0.663	0.7785000000000001
0.751	0.917	0.429	-0.454	0.4050000000000001
0.097	-0.647	-0.755	0.119	0.48
1.078	0.465	0.396	-0.25	0.37550000000000006
0.953	0.151	-1.042	-0.256	1.5939999999999999
0.903	0.61	0.939	0.754	-0.1825
1.429	0.705	0.855	0.84	0.21199999999999997
1.408	0.321	0.968	0.929	-0.10350000000000004
0.161	0.066	0.253	-0.264	-0.1395
1.231	1.107	1.124	-0.16	0.04499999999999993
0.758	-0.478	-1.027	-0.609	1.1669999999999998
0.621	-0.093	-0.948	-0.937	1.212
1.147	0.519	0.175	-0.556	0.6579999999999999
0.71	0.335	-0.548	-0.594	1.0705
1.648	0.505	-0.794	-0.447	1.8705
0.477	0.448	0.251	0.3	0.21150000000000002
0.725	-0.021	-1.16	-1.031	1.512
1.718	1.819	1.334	0.177	0.4344999999999999
1.018	0.382	-0.195	-0.315	0.895
1.226	0.862	-0.305	-0.071	1.349
1.63	1.235	-0.08	-0.252	1.5125000000000002
1.568	1.512	1.118	-0.537	0.42199999999999993
0.219	0.205	0.302	0.946	-0.09
1.6	1.143	0.303	-0.709	1.0685000000000002
1.202	0.477	-0.504	-0.041	1.3435
0.882	-0.15	0.198	0.704	0.16799999999999998
0.527	0.201	0.248	0.577	0.11599999999999999
1.05	0.87	1.131	0.275	-0.17100000000000004
1.638	0.519	-0.28	-0.492	1.3585
1.665	1.356	0.702	0.176	0.8085
1.386	0.582	0.096	-0.508	0.888
1.161	0.771	-0.034	0.166	1.0
0.85	0.558	0.367	0.074	0.33699999999999997
1.8	1.291	0.259	0.125	1.2865000000000002
1.936	1.578	0.53	0.281	1.227
1.18	0.142	-0.874	0.258	1.535
0.218	-0.35	-1.556	-0.123	1.49
0.549	-0.233	0.428	0.345	-0.26999999999999996
0.996	0.638	0.441	-0.889	0.37599999999999995
1.59	0.289	0.088	0.249	0.8515
0.181	0.18	0.933	0.659	-0.7525000000000001
0.764	0.288	-0.044	0.652	0.5700000000000001
1.352	0.951	1.446	0.655	-0.2945
1.248	1.26	1.762	1.283	-0.508
0.752	0.501	0.319	0.624	0.30750000000000005
1.065	0.534	0.627	-0.04	0.1725
1.465	1.158	-0.555	-0.157	1.8665000000000003
0.905	0.861	0.51	0.193	0.373
1.132	0.848	0.21	-0.412	0.78
0.522	-0.27	-0.468	-0.406	0.5940000000000001
0.808	0.748	0.148	1.034	0.63
1.721	1.197	0.627	0.649	0.8320000000000001
0.853	0.261	-0.736	0.701	1.293
0.483	0.21	-0.252	-0.452	0.5985
1.367	1.106	0.632	0.078	0.6044999999999999
1.647	1.301	0.102	0.531	1.3719999999999999
1.002	0.481	0.067	0.268	0.6745000000000001
0.437	-0.145	-0.362	-0.652	0.508
1.53	0.543	-0.638	-1.343	1.6745
1.144	0.567	-0.89	1.436	1.7454999999999998
1.121	0.13	-0.784	-1.308	1.4095
1.1	0.812	-0.064	-0.494	1.02
1.81	1.544	0.671	-0.02	1.006
1.367	1.442	1.193	-0.027	0.21150000000000002
1.713	1.758	0.699	0.004	1.0365000000000002
0.983	0.941	0.422	0.658	0.54
0.759	0.401	-0.12	0.018	0.7000000000000001
1.674	0.599	-0.454	0.677	1.5904999999999998
0.603	0.361	0.386	-0.087	0.09599999999999997
0.647	-0.003	0.315	-0.566	0.007000000000000006
0.584	0.621	0.025	0.324	0.5775
1.225	0.156	0.527	0.275	0.16349999999999998
1.0	0.581	0.435	0.093	0.3555
0.769	0.455	0.018	-0.818	0.594
1.09	0.981	1.068	-0.277	-0.03249999999999997
0.453	0.014	-0.289	0.653	0.5225
0.743	0.706	0.652	-0.363	0.0724999999999999
-0.226	0.207	0.594	0.819	-0.6034999999999999
0.369	0.406	-0.142	-0.765	0.5295
1.651	1.222	0.353	0.511	1.0835000000000001
1.384	0.75	-0.616	0.031	1.6829999999999998
1.139	0.649	0.405	0.343	0.489
1.177	1.096	0.12	-0.198	1.0165000000000002
0.803	-0.6	-1.054	-0.663	1.1555
1.114	1.347	0.178	-0.932	1.0525000000000002
1.069	0.521	0.087	-0.564	0.708
0.715	-0.069	-0.628	0.533	0.951
0.957	0.095	0.187	0.546	0.339
1.109	1.242	1.003	0.506	0.1725000000000001
1.338	1.219	0.946	-0.841	0.33250000000000024
1.245	0.864	1.93	1.08	-0.8755
1.172	0.93	0.34	-0.347	0.7109999999999999
1.168	0.561	1.463	0.395	-0.5985
0.48	0.457	0.963	0.273	-0.49449999999999994
0.682	-0.271	-0.781	-0.079	0.9865
0.706	-0.152	-0.053	0.111	0.32999999999999996
1.904	1.544	0.707	0.103	1.017
2.004	1.42	0.849	0.026	0.863
0.536	-0.084	0.041	-0.194	0.185
1.788	1.438	1.139	1.053	0.474
0.807	0.506	0.248	0.314	0.4085000000000001
1.201	1.063	0.741	0.975	0.3910000000000001
1.533	1.254	1.517	0.867	-0.12349999999999994
0.917	0.033	-0.118	0.377	0.593
1.624	0.79	0.17	-0.967	1.0370000000000001
0.796	0.119	0.718	1.171	-0.26049999999999995
0.757	0.771	1.039	-0.431	-0.2749999999999999
0.867	0.266	-0.256	0.072	0.8225
1.107	0.998	0.949	1.231	0.10350000000000004
1.578	0.381	-0.486	-0.664	1.4655
1.646	0.468	-0.411	-0.209	1.468
1.335	0.674	-0.338	0.384	1.3425
1.067	0.271	-0.729	-0.232	1.3980000000000001
0.488	-0.182	-0.059	0.329	0.212
0.888	-0.63	-1.03	0.38	1.159
0.988	0.774	0.6	-0.049	0.281
1.165	0.828	0.665	-0.07	0.3314999999999999
2.036	1.951	0.987	-0.604	1.0065
0.97	0.613	1.191	1.942	-0.3995000000000001
1.091	1.413	1.37	1.009	-0.1180000000000001
0.973	0.61	0.776	0.03	0.015499999999999958
1.136	0.731	-0.52	0.461	1.4535
1.259	-0.045	-0.974	-0.797	1.581
0.768	0.177	-0.134	-0.039	0.6065
1.082	0.401	-0.321	-0.867	1.0625
2.024	1.241	1.242	-0.455	0.39050000000000007
0.195	-0.52	-0.774	0.848	0.6115
1.214	0.79	-0.055	1.176	1.057
0.619	-0.209	-1.011	-0.555	1.216
0.58	0.068	-0.0	0.258	0.32399999999999995
0.597	-0.017	-0.647	0.317	0.937
0.334	-0.208	-0.594	-0.989	0.657
1.726	1.125	1.275	0.991	0.15050000000000008
1.081	0.245	0.163	1.01	0.5
1.465	1.091	0.787	-0.498	0.491
0.697	0.265	-0.924	-0.855	1.405
1.113	0.232	-0.583	-0.284	1.2555
1.956	1.399	0.468	-0.399	1.2095
0.981	0.406	-0.411	-0.353	1.1045
0.42	0.098	-0.427	-0.875	0.6859999999999999
1.294	0.63	0.56	0.305	0.4019999999999999
2.074	1.15	-0.924	-0.369	2.536
0.638	0.65	0.727	0.236	-0.08299999999999996
0.655	0.852	0.783	0.342	-0.02949999999999997
0.692	0.985	0.621	-0.129	0.21750000000000003
0.322	-0.416	-0.808	-0.686	0.7610000000000001
0.415	-0.079	-0.602	-0.202	0.77
1.581	0.798	0.391	-1.034	0.7985
1.56	1.046	0.731	0.057	0.572
2.282	1.7	0.134	-0.528	1.8570000000000002
0.73	0.642	0.7	0.319	-0.014000000000000012
2.166	1.197	0.163	-0.753	1.5185
0.364	0.149	0.28	0.726	-0.02350000000000002
-0.17	-0.731	-1.185	-0.818	0.7345
1.071	0.699	-0.838	-0.554	1.7229999999999999
1.303	0.463	-0.397	-0.185	1.28
0.854	0.185	0.123	0.596	0.39649999999999996
1.202	0.553	0.071	-0.738	0.8065
1.056	-0.206	-0.946	0.509	1.371
1.261	0.019	-0.902	-0.527	1.5419999999999998
1.868	0.204	-0.982	0.167	2.018
1.134	0.071	-1.422	-0.31	2.0244999999999997
0.07	0.247	0.241	0.151	-0.08249999999999999
1.02	0.751	-0.204	0.189	1.0895
1.452	1.085	0.013	0.21	1.2555
0.821	-0.012	-0.297	1.404	0.7015
-0.031	-0.92	-0.699	0.157	0.22349999999999992
1.199	0.751	-0.357	-0.616	1.332
1.22	0.422	-0.647	-0.927	1.468
1.528	1.265	0.896	-0.168	0.5005000000000001
1.286	1.108	1.147	-0.712	0.050000000000000044
0.449	0.171	-0.19	-0.692	0.5
1.886	1.322	0.397	-0.706	1.207
1.079	0.085	-0.13	-0.99	0.712
1.423	0.74	-0.508	-0.231	1.5895000000000001
0.448	-0.351	-0.611	0.473	0.6595
0.999	0.781	0.1	0.431	0.79
0.587	0.484	0.013	0.238	0.5225
0.683	0.148	-0.811	-0.041	1.2265000000000001
1.803	1.332	0.511	0.043	1.0564999999999998
1.666	1.322	-0.362	0.739	1.8559999999999999
0.853	0.24	-0.671	0.812	1.2175
0.346	0.152	0.811	-0.259	-0.562
0.704	0.607	-0.54	-0.655	1.1955
1.442	0.711	-0.96	0.028	2.0365
1.777	1.044	1.221	0.226	0.18949999999999978
1.142	1.303	1.784	1.114	-0.5615000000000001
0.345	-0.001	0.004	0.786	0.16799999999999998
1.492	1.692	0.684	-0.235	0.908
0.726	-0.581	-1.173	-0.252	1.2455
1.348	0.787	0.858	0.491	0.20950000000000013
0.498	-0.445	0.729	1.275	-0.7025
0.777	0.332	0.145	0.473	0.4095
0.09	-0.698	-0.62	0.41	0.316
1.101	0.249	0.641	-0.499	0.03400000000000003
1.388	1.072	0.49	-0.553	0.74
1.697	1.264	0.537	-0.027	0.9435000000000001
1.491	1.278	0.882	0.682	0.5025000000000001
1.338	0.369	-0.846	-0.288	1.6995
0.498	-0.091	0.434	1.328	-0.23049999999999998
1.315	0.458	0.069	0.8	0.8174999999999999
0.939	-0.045	-1.089	-0.142	1.536
1.04	-0.115	-0.563	0.668	1.0255
0.279	0.419	1.43	1.207	-1.081
0.416	0.035	0.515	0.613	-0.28950000000000004
0.667	-0.22	-0.7	-0.584	0.9235
1.237	0.716	-0.11	0.237	1.0865
0.92	0.953	0.993	0.729	-0.056499999999999995
1.4	0.09	0.014	0.188	0.731
1.036	0.031	-0.079	-0.766	0.6124999999999999
0.863	0.398	0.605	0.084	0.025500000000000078
1.064	0.825	1.106	0.926	-0.1615000000000001
0.644	-0.574	-1.138	-0.454	1.173
1.587	1.155	0.769	-0.022	0.602
1.704	1.451	0.368	-0.25	1.2095000000000002
1.423	0.987	0.306	0.266	0.899
1.219	0.23	0.278	0.584	0.4465
0.898	0.699	-0.071	-0.474	0.8694999999999999
0.898	1.21	0.154	-0.35	0.9
1.578	1.635	0.739	-0.79	0.8675
0.947	0.607	-0.598	-0.331	1.375
0.209	-0.173	0.009	1.05	0.009000000000000003
0.831	-0.277	-1.24	0.23	1.517
0.755	-0.037	0.188	0.098	0.17099999999999999
1.769	1.114	-0.708	-0.147	2.1494999999999997
1.017	0.869	0.685	-0.308	0.2579999999999999
0.865	-0.316	-0.607	0.025	0.8815
0.505	0.557	0.472	-0.194	0.05900000000000005
1.77	0.846	-1.146	-1.367	2.4539999999999997
1.287	0.32	-0.289	0.052	1.0925
1.267	0.39	-0.003	0.018	0.8315
1.728	0.658	0.304	-1.658	0.889
0.536	0.46	0.439	-0.101	0.059
1.406	0.974	1.111	0.667	0.07899999999999996
1.147	1.035	0.574	-0.079	0.517
0.048	-0.276	0.508	0.538	-0.622
1.005	0.293	0.442	-0.037	0.2069999999999999
1.058	1.112	-0.076	0.006	1.161
0.531	-0.126	0.342	0.607	-0.1395
1.58	1.033	0.674	-0.367	0.6325
1.166	1.011	1.649	1.622	-0.5605000000000002
0.297	0.104	-1.012	-0.57	1.2125
1.338	0.986	-0.534	-0.4	1.696
1.327	0.283	-0.991	-1.468	1.7959999999999998
1.566	0.726	-0.812	-1.337	1.958
0.961	1.163	1.475	-0.804	-0.41300000000000003
0.843	0.826	-0.254	-0.159	1.0885
1.035	0.744	-0.23	-0.383	1.1195
1.613	1.258	0.826	0.843	0.6095
1.286	0.727	0.092	0.6	0.9145
1.509	1.544	2.185	0.991	-0.6585000000000001
0.143	-0.349	0.519	1.401	-0.622
0.604	-0.099	0.385	0.143	-0.1325
2.11	0.969	0.413	0.333	1.1264999999999998
-0.197	-0.659	-1.156	0.081	0.7279999999999999
1.236	0.394	0.313	0.306	0.502
0.628	-0.199	-1.105	-0.206	1.3195
1.2	0.395	-0.382	-0.987	1.1795
1.196	0.38	-0.135	-0.502	0.923
1.617	1.1	0.623	-0.087	0.7355
0.762	0.281	0.184	0.059	0.3375000000000001
0.328	0.392	0.008	0.208	0.352
1.087	0.343	-0.186	-0.016	0.901
0.501	-0.197	-0.917	0.814	1.069
0.675	-0.304	-0.748	-0.425	0.9335
1.472	1.018	0.275	0.716	0.9700000000000001
0.451	-0.146	-0.206	-0.255	0.35850000000000004
0.178	0.647	1.369	1.374	-0.9565
1.214	0.74	-1.286	0.141	2.263
0.862	0.232	-0.225	-0.132	0.772
0.747	0.797	0.765	0.899	0.007000000000000006
0.425	0.19	-0.124	-0.387	0.4315
0.878	0.639	0.192	-0.424	0.5665
0.483	-0.253	0.597	0.872	-0.482
1.429	0.784	0.718	1.67	0.38850000000000007
1.517	0.714	0.877	1.073	0.23849999999999993
1.564	0.901	0.741	-0.432	0.49149999999999994
0.308	-0.959	-1.108	-0.853	0.7825000000000001
0.951	1.079	1.029	-1.04	-0.014000000000000012
0.592	-0.365	-0.674	-0.134	0.7875000000000001
1.216	0.934	0.178	0.752	0.897
0.969	0.935	1.02	-0.291	-0.06800000000000006
1.142	0.326	-0.755	0.138	1.4889999999999999
-0.144	-0.434	1.013	1.353	-1.3019999999999998
0.584	-0.34	-0.198	0.274	0.31999999999999995
1.212	0.511	-0.687	0.679	1.5485
0.585	0.359	-0.357	-0.039	0.829
1.904	0.988	0.241	-0.006	1.205
1.332	1.513	1.186	1.694	0.23649999999999993
0.523	0.237	-0.398	1.235	0.778
0.891	0.284	-0.234	-0.52	0.8215
0.886	0.19	0.395	-0.159	0.14300000000000002
0.75	0.437	0.076	-0.009	0.5175000000000001
0.646	-0.535	-0.698	0.524	0.7535
0.832	-0.45	-0.224	0.557	0.415
0.006	-0.349	-0.974	-0.835	0.8025
-0.307	0.7	1.056	-0.029	-0.8595
1.514	1.283	0.193	-0.976	1.2054999999999998
0.519	0.277	-0.141	-0.031	0.539
1.073	0.868	1.164	1.044	-0.1935
0.992	0.352	-0.319	0.521	0.9909999999999999
0.65	0.308	0.377	-0.395	0.10199999999999998
1.195	-0.215	0.478	-0.324	0.012000000000000066
0.908	0.923	0.915	-0.167	0.0004999999999999449
1.083	0.769	-0.687	-1.07	1.613
1.476	0.646	0.455	0.816	0.6059999999999999
1.076	0.501	-0.231	0.144	1.0195
0.847	0.543	-0.209	-0.212	0.904
0.901	0.478	-0.062	0.025	0.7515000000000001
0.404	-0.086	0.405	-0.136	-0.246
1.1	0.384	0.406	0.18	0.33599999999999997
0.559	0.489	0.093	0.219	0.43100000000000005
1.275	0.026	-0.136	0.746	0.7865
0.35	-0.034	0.108	1.023	0.049999999999999975
0.828	0.767	0.732	0.401	0.0655
0.386	0.101	0.176	0.333	0.0675
-0.037	-0.599	-0.312	0.42	-0.006000000000000005
1.576	1.214	1.15	-0.979	0.2450000000000001
1.743	0.984	0.544	1.409	0.8195000000000001
1.476	1.076	0.5	-0.606	0.776
0.872	0.526	0.859	0.064	-0.15999999999999992
0.752	-0.099	-0.601	-1.182	0.9275
1.881	1.428	0.509	-0.886	1.1455000000000002
1.571	1.368	1.118	0.279	0.3514999999999999
1.602	1.472	0.783	0.124	0.7539999999999999
0.732	0.53	0.29	0.718	0.341
0.881	0.889	1.062	0.612	-0.17700000000000005
1.811	1.102	0.04	-0.915	1.4165
0.904	0.051	-0.384	-1.065	0.8615
1.111	0.997	0.349	0.17	0.7050000000000001
1.051	0.268	0.12	-0.557	0.5395
0.153	0.156	0.613	-0.098	-0.4585
1.205	0.663	0.156	0.465	0.778
0.298	0.392	-0.24	-1.103	0.585
1.098	0.741	-0.006	0.793	0.9255
1.996	1.6	-0.15	-0.56	1.948
0.601	0.718	0.568	0.799	0.09150000000000003
0.711	0.432	0.526	0.616	0.045499999999999985
1.335	0.875	-0.244	0.309	1.349
1.665	0.966	0.623	-0.414	0.6925000000000001
1.328	0.991	1.04	0.541	0.11949999999999994
1.414	0.682	-0.38	0.723	1.428
1.387	1.298	0.507	-0.307	0.8355
1.187	0.976	0.284	0.343	0.7975000000000001
1.556	1.065	0.621	-0.555	0.6895
1.159	0.93	0.597	-0.059	0.4475
1.34	1.031	0.428	-0.465	0.7575000000000001
1.039	1.244	0.545	0.315	0.5964999999999999
1.439	1.583	1.277	0.243	0.2340000000000002
1.353	0.488	-0.176	0.041	1.0965
1.21	0.881	0.792	1.508	0.25350000000000006
1.726	1.157	-0.185	-0.316	1.6265
0.37	-0.219	-0.319	-0.24	0.3945
1.109	0.38	-0.264	-0.53	1.0085
0.624	0.192	0.028	-0.385	0.38
0.998	0.613	0.949	1.207	-0.14349999999999996
0.436	0.21	0.128	0.146	0.195
0.848	0.061	0.632	0.32	-0.1775
1.308	1.063	1.161	0.739	0.024499999999999966
1.034	0.333	-0.847	-0.551	1.5305
1.207	1.177	1.231	-0.686	-0.038999999999999924
0.397	0.388	0.63	0.412	-0.2375
0.359	0.354	-0.305	-0.824	0.6615
1.551	1.463	0.865	-0.1	0.6420000000000001
0.908	0.517	-0.441	0.429	1.1535
0.947	0.933	0.919	-0.478	0.020999999999999908
-0.187	-0.463	0.062	1.307	-0.387
2.174	1.325	0.577	-0.635	1.1724999999999999
1.012	0.199	-0.361	0.213	0.9665
0.655	1.102	0.516	0.704	0.36250000000000004
0.35	0.263	-0.285	-0.064	0.5914999999999999
0.294	0.676	0.541	-0.308	-0.05600000000000005
1.421	1.056	1.0	0.486	0.23850000000000016
1.435	0.897	-0.551	-0.952	1.717
1.336	0.654	-0.03	-0.667	1.0250000000000001
0.472	0.425	1.245	-0.038	-0.7965000000000001
0.527	-0.278	0.158	0.5	-0.0335
0.297	0.201	0.994	0.097	-0.745
0.719	-0.902	-0.76	-0.572	0.6685
1.63	1.024	-0.916	-0.195	2.243
0.941	0.728	-0.277	-0.562	1.1115
1.658	1.271	0.22	-0.026	1.2445
1.368	1.4	1.261	0.594	0.123
1.658	0.977	0.292	0.137	1.0254999999999999
0.827	0.054	0.298	0.602	0.14250000000000002
0.34	0.069	0.411	0.861	-0.20649999999999996
0.742	0.071	-0.01	-0.334	0.4165
1.18	0.746	0.105	0.177	0.858
1.003	-0.398	-1.346	-0.089	1.6485
1.4	0.327	-0.684	-0.239	1.5474999999999999
0.988	0.055	-0.207	-0.787	0.7284999999999999
0.646	0.861	1.338	1.398	-0.5845
1.339	1.054	0.761	0.05	0.4354999999999999
1.123	0.438	-0.179	-0.388	0.9595
0.707	0.509	0.257	0.011	0.351
2.3	0.651	-0.519	-0.401	1.9945
0.552	-0.009	-0.303	-0.394	0.5745
1.056	0.934	0.084	-0.764	0.9110000000000001
0.768	0.639	0.434	0.521	0.2695
0.385	-0.453	-0.145	0.658	0.11099999999999999
1.021	-0.657	-0.447	1.456	0.629
0.523	0.527	0.143	-0.868	0.382
0.991	-0.148	-0.537	-0.596	0.9585
1.099	0.333	0.449	1.032	0.26699999999999996
0.77	-0.118	-0.749	0.33	1.075
0.433	0.692	0.866	-0.912	-0.3035
1.475	0.031	0.474	0.223	0.279
1.433	1.7	0.904	-0.232	0.6625
0.868	0.435	0.097	-0.625	0.5545
1.722	0.673	-0.616	0.07	1.8135
0.484	-0.049	-0.692	-0.19	0.9095
0.773	0.72	0.502	-0.161	0.24449999999999994
1.4	0.685	-1.12	-1.246	2.1625
0.83	0.102	-1.003	-0.221	1.4689999999999999
0.792	-0.309	-0.325	0.144	0.5665
1.145	0.893	1.051	0.331	-0.031999999999999806
0.066	-0.852	-1.391	0.272	0.998
0.485	0.261	-0.219	-0.178	0.592
1.377	0.53	0.554	0.012	0.39949999999999997
1.603	0.698	0.51	-0.346	0.6405000000000001
0.293	0.263	1.462	1.708	-1.184
1.298	0.802	0.445	0.603	0.605
1.008	-0.328	-0.499	-0.991	0.839
1.66	1.647	1.863	0.073	-0.20950000000000002
1.405	0.02	-0.837	-1.423	1.5495
0.96	0.631	-0.233	0.352	1.0285
0.305	-0.404	0.018	-0.634	-0.06750000000000002
0.963	0.661	0.464	0.012	0.34800000000000003
0.45	0.161	-0.557	-0.101	0.8625
1.278	1.325	1.011	0.522	0.2905
1.087	0.343	0.122	-1.167	0.593
1.324	0.569	1.132	0.547	-0.1854999999999999
1.278	0.442	1.436	1.064	-0.576
1.659	1.422	1.254	1.165	0.2865
1.323	0.941	0.057	-1.36	1.075
0.84	0.185	-0.644	-0.101	1.1564999999999999
0.419	0.396	0.026	0.802	0.38149999999999995
1.124	1.145	0.645	0.52	0.48950000000000005
1.592	0.35	-1.377	-1.237	2.348
0.765	0.478	0.167	0.485	0.4544999999999999
0.938	0.435	-0.121	-1.025	0.8075
-0.28	-0.674	-0.471	-0.038	-0.006000000000000061
1.872	0.216	-1.087	0.279	2.1310000000000002
0.584	0.135	0.914	0.207	-0.5545
0.55	0.257	-0.095	-0.545	0.49850000000000005
1.883	1.254	-0.218	-1.311	1.7865
1.119	0.554	-1.317	-1.213	2.1535
0.896	0.422	-0.111	-0.474	0.77
0.909	0.385	0.061	-0.065	0.5860000000000001
1.083	0.516	-0.81	0.116	1.6095000000000002
0.428	0.51	1.25	-0.161	-0.781
0.723	-0.115	-0.392	0.248	0.696
1.142	0.868	0.287	0.863	0.718
0.72	0.416	1.278	0.647	-0.7100000000000001
0.894	0.226	-0.735	0.201	1.295
0.74	0.144	-0.823	-0.225	1.265
1.478	1.229	0.594	-0.344	0.7595
1.398	1.229	1.307	1.044	0.00649999999999995
1.199	0.947	0.438	0.107	0.635
0.61	0.562	0.536	0.105	0.050000000000000044
1.202	0.612	-0.667	0.086	1.574
1.554	0.498	0.617	0.141	0.40900000000000003
0.757	0.142	0.255	0.555	0.1945
1.64	0.531	0.289	-0.256	0.7965
0.513	-0.162	-0.022	-0.025	0.19749999999999998
1.205	0.376	0.246	-0.271	0.5445
1.086	0.682	-0.427	0.096	1.3110000000000002
1.452	0.352	-0.06	-0.04	0.962
0.637	-0.626	-0.233	0.463	0.23850000000000002
1.932	1.784	1.527	0.05	0.3310000000000002
1.515	1.659	1.352	0.218	0.23499999999999988
1.448	0.904	0.313	0.582	0.863
0.372	0.441	0.58	0.515	-0.1735
1.033	1.058	0.61	0.52	0.4355000000000001
0.744	0.441	0.795	0.002	-0.2025
0.711	0.514	0.182	-0.112	0.43050000000000005
1.13	1.024	0.936	0.248	0.1409999999999999
0.599	0.716	0.811	1.153	-0.15350000000000008
1.461	1.249	0.495	-0.602	0.86
0.995	1.191	1.44	0.643	-0.347
0.977	0.874	0.959	0.737	-0.033499999999999974
1.087	0.451	-0.036	0.39	0.805
0.37	-0.526	-0.748	-0.296	0.6699999999999999
2.468	1.985	1.482	-0.278	0.7445000000000002
1.462	0.866	0.462	0.882	0.702
1.929	0.968	-0.38	-0.985	1.8285
1.253	0.9	0.965	-0.528	0.11150000000000004
0.637	0.079	0.59	0.488	-0.23199999999999998
0.939	0.201	-1.009	-0.31	1.5789999999999997
0.981	0.077	-0.858	-0.663	1.387
1.447	0.654	0.314	-0.51	0.7364999999999999
1.339	0.365	-0.6	-0.183	1.452
0.528	0.563	0.328	-0.077	0.21749999999999997
0.902	1.286	0.721	0.566	0.3730000000000001
1.094	0.22	-0.589	-0.645	1.246
1.21	0.784	0.166	-0.074	0.831
1.352	0.991	0.3	0.09	0.8714999999999999
0.961	0.64	0.422	1.173	0.3785
1.698	1.155	0.157	-0.672	1.2694999999999999
1.341	1.148	1.691	1.057	-0.4465000000000001
0.166	-0.521	-1.048	1.154	0.8705
0.823	0.511	-0.363	-0.91	1.03
0.357	0.397	0.747	-0.344	-0.37
1.513	0.466	-0.144	-0.408	1.1335
0.726	-0.081	-0.039	0.212	0.3615
0.762	0.605	0.516	0.965	0.16749999999999998
0.841	0.273	0.175	-0.208	0.38199999999999995
1.184	1.305	-0.044	0.435	1.2885
1.266	1.004	0.448	0.816	0.687
1.297	0.642	0.181	-0.478	0.7885
1.311	1.047	1.105	-0.682	0.07399999999999984
1.385	0.998	0.187	-0.17	1.0045
1.548	2.067	1.827	0.77	-0.01949999999999985
1.219	0.914	0.003	0.037	1.0635000000000001
1.365	0.911	0.593	-1.415	0.5449999999999999
1.12	1.236	-0.008	-0.714	1.186
0.696	-0.151	0.331	0.767	-0.05850000000000005
0.715	0.466	0.315	-0.057	0.2755
0.805	0.457	-0.069	0.387	0.7
0.81	0.643	1.008	0.093	-0.2815
0.443	-0.459	-1.163	-0.865	1.155
0.862	0.63	-0.413	-0.065	1.159
1.057	0.201	-0.753	0.148	1.3820000000000001
0.921	0.438	0.066	-0.691	0.6134999999999999
1.683	0.338	-0.691	0.308	1.7014999999999998
1.683	1.018	0.103	-0.025	1.2475
1.125	1.01	-0.485	-0.248	1.5524999999999998
1.576	1.387	-0.256	-1.103	1.7375
1.154	0.758	0.982	-0.441	-0.026000000000000023
1.451	1.089	0.174	0.225	1.096
1.297	1.221	0.283	-0.116	0.976
0.358	0.498	0.077	-0.903	0.351
1.663	0.393	0.34	0.361	0.688
1.098	0.207	-0.002	-0.087	0.6545000000000001
0.517	0.929	-0.028	0.094	0.7510000000000001
1.578	0.939	0.643	-0.657	0.6154999999999999
0.762	0.728	0.84	1.005	-0.09499999999999997
1.45	0.293	-0.531	-0.447	1.4024999999999999
1.597	1.01	1.048	0.605	0.25550000000000006
1.33	0.703	1.584	1.115	-0.5675000000000001
1.152	1.112	0.329	-0.459	0.8030000000000002
1.481	1.084	0.202	-0.045	1.0805000000000002
1.143	0.295	-0.196	0.096	0.915
0.826	0.129	-0.25	-1.089	0.7275
1.02	1.068	0.364	-0.3	0.68
0.66	0.26	-0.137	-0.231	0.597
1.22	0.988	0.679	0.262	0.42500000000000004
1.17	0.887	0.389	0.115	0.6395
1.22	1.583	0.962	0.052	0.4395
0.772	0.759	1.152	0.97	-0.38649999999999984
0.875	-0.062	-0.538	0.232	0.9445
0.919	0.423	-0.094	-0.747	0.765
1.738	0.363	-1.069	-0.805	2.1195
0.762	0.092	-0.313	0.363	0.74
1.085	0.703	-0.733	-0.272	1.6269999999999998
1.634	0.968	-0.137	0.008	1.438
1.5	0.838	0.109	0.608	1.06
0.924	1.083	0.716	0.019	0.2875000000000001
1.629	0.892	-0.024	-0.589	1.2845
1.213	0.928	0.12	-0.274	0.9505
0.78	0.831	0.925	-0.193	-0.11950000000000005
0.099	0.019	0.768	1.767	-0.709
1.252	0.997	0.049	-0.326	1.0755000000000001
1.396	0.241	-0.18	-0.078	0.9984999999999999
1.259	0.764	-0.347	0.221	1.3584999999999998
1.32	1.296	0.963	0.853	0.3450000000000001
0.968	0.741	0.376	-0.139	0.47850000000000004
1.212	0.429	0.326	-0.737	0.4945
1.156	0.842	0.008	0.313	0.9909999999999999
0.421	-0.121	-0.919	-1.117	1.069
1.017	0.72	0.49	0.364	0.37849999999999995
1.04	0.623	0.215	0.333	0.6165
1.734	0.883	0.576	0.143	0.7325
0.679	0.302	-0.182	-0.653	0.6725000000000001
1.16	1.25	0.749	0.187	0.45600000000000007
0.362	-0.9	-0.014	-0.425	-0.255
0.845	0.17	0.332	1.304	0.17549999999999993
2.0	1.422	0.052	-0.183	1.6589999999999998
1.286	1.369	1.542	-0.689	-0.2144999999999999
1.644	1.108	-0.029	0.097	1.4049999999999998
1.434	1.287	1.157	1.205	0.20350000000000001
0.953	0.5	-0.07	-0.404	0.7965
1.185	0.599	0.487	-0.053	0.405
0.56	0.236	-0.306	-0.878	0.704
0.858	0.678	1.533	0.144	-0.7649999999999999
0.812	0.423	0.712	1.125	-0.09449999999999992
0.921	0.41	-0.483	-0.067	1.1484999999999999
1.768	0.857	0.679	-0.834	0.6335
0.952	0.467	-0.08	1.063	0.7895
1.052	0.49	-0.239	-0.44	1.01
0.902	0.723	0.983	1.041	-0.17049999999999998
0.809	-0.006	-1.032	-0.079	1.4335
0.171	-0.066	-0.935	0.606	0.9875
0.659	0.128	-0.361	-0.74	0.7545
0.465	0.388	-0.111	-1.101	0.5375
0.082	-0.066	0.12	-0.129	-0.11199999999999999
1.756	1.439	0.842	-0.781	0.7555000000000002
1.042	0.783	0.42	-0.523	0.4925000000000001
1.016	1.063	0.854	-0.123	0.1854999999999999
1.723	0.785	0.238	-0.218	1.016
1.345	0.585	-0.593	-0.771	1.5579999999999998
0.962	0.854	0.584	0.852	0.32399999999999995
1.598	1.313	0.61	0.936	0.8455
-0.065	-0.287	-0.906	-1.052	0.73
1.158	1.001	0.285	-0.609	0.7945
-0.272	-1.238	-1.332	-0.709	0.5770000000000001
0.495	0.085	-0.157	-0.466	0.44699999999999995
1.926	0.907	0.403	-0.294	1.0135
1.442	0.854	0.504	-0.497	0.6439999999999999
1.041	0.795	0.58	-0.102	0.33799999999999997
0.601	0.201	-0.179	1.123	0.5800000000000001
0.823	0.467	0.278	-0.478	0.367
1.026	0.598	0.619	0.44	0.19300000000000006
1.068	0.519	0.291	0.324	0.5025000000000002
0.568	-0.231	-1.221	-0.58	1.3895
0.714	0.528	-0.407	0.36	1.028
0.764	0.033	0.45	0.913	-0.05149999999999999
1.5	0.566	0.134	0.074	0.8989999999999999
0.988	0.741	0.102	0.638	0.7625000000000001
0.999	0.305	-0.141	0.078	0.793
1.417	0.767	0.771	0.038	0.32100000000000006
2.045	1.524	0.33	0.769	1.4545
0.809	0.044	-0.871	-0.894	1.2975
1.065	0.416	0.502	-0.507	0.23849999999999993
0.789	0.634	0.587	-0.698	0.12450000000000006
1.216	0.569	0.034	-0.19	0.8584999999999999
0.921	0.747	-0.456	-0.137	1.29
1.496	1.298	0.083	-0.045	1.314
1.179	1.192	1.505	0.337	-0.3194999999999999
1.732	0.284	-1.076	-0.806	2.084
1.686	0.66	-0.965	-1.673	2.138
1.33	0.906	-0.024	-0.36	1.1420000000000001
0.96	-0.042	-0.723	0.453	1.182
1.205	1.392	0.677	-0.193	0.6214999999999999
0.508	-0.2	-1.243	0.261	1.397
1.458	1.119	-0.532	-0.121	1.8205
1.857	1.369	0.838	0.385	0.775
0.586	0.037	0.619	-0.269	-0.3075
0.358	-0.008	1.094	0.206	-0.919
0.763	0.744	0.63	1.288	0.12350000000000005
0.322	-0.134	0.483	-0.269	-0.389
0.534	-0.5	-0.987	-0.007	1.004
0.772	-0.061	-0.096	-0.314	0.4515
2.131	1.637	1.211	-0.033	0.6729999999999998
1.511	1.58	0.782	-0.519	0.7635000000000001
0.91	0.715	1.257	-0.049	-0.4444999999999999
1.471	0.907	0.684	0.875	0.505
1.823	1.352	0.67	0.092	0.9174999999999999
1.156	1.12	-0.411	0.546	1.549
0.867	0.31	-0.889	0.606	1.4775
2.008	1.349	-0.462	-0.111	2.1405000000000003
1.723	1.904	1.069	0.053	0.7444999999999999
2.107	1.5	-0.177	-0.52	1.9805000000000001
1.612	0.856	0.31	-0.68	0.9239999999999999
1.143	-0.063	-0.709	0.288	1.249
0.865	0.72	0.459	0.485	0.33349999999999996
1.236	1.125	1.051	0.591	0.12949999999999995
0.966	0.983	0.444	0.365	0.5305
0.375	-0.349	-0.626	0.496	0.639
1.747	0.782	-0.064	0.5	1.3285
1.004	0.634	0.205	0.2	0.614
0.878	0.321	0.592	0.736	0.007500000000000062
1.673	1.646	0.802	0.039	0.8574999999999999
1.574	0.597	1.05	-0.916	0.03550000000000009
1.349	1.063	1.359	0.622	-0.15300000000000002
0.326	-0.188	-0.486	0.179	0.5549999999999999
1.274	0.508	-0.18	0.75	1.071
0.608	0.16	0.066	0.165	0.318
0.969	1.282	0.793	1.175	0.3324999999999999
1.291	0.934	-0.263	0.945	1.3755000000000002
0.113	0.042	-0.55	0.551	0.6275000000000001
1.771	1.302	0.421	0.455	1.1155
1.165	0.053	-0.969	-1.312	1.5779999999999998
0.84	0.58	-0.091	-0.942	0.8009999999999999
0.429	-0.206	-0.801	-0.349	0.9125000000000001
0.929	0.124	-0.054	-0.414	0.5805
0.349	-0.227	-0.113	0.282	0.174
0.992	0.746	0.691	0.683	0.17800000000000005
0.51	0.335	0.353	0.586	0.0695
1.412	0.523	0.279	0.088	0.6885
1.339	0.685	0.824	-0.302	0.18800000000000006
1.227	0.999	1.147	1.671	-0.03400000000000003
1.137	-0.081	-0.208	0.212	0.736
2.0	1.907	0.723	-0.586	1.2305000000000001
0.912	-0.112	-0.486	-0.924	0.886
1.488	0.08	-0.122	-0.006	0.906
1.465	0.93	-0.242	-0.15	1.4395
1.122	0.747	-0.264	-0.708	1.1985000000000001
1.0	0.587	-1.026	-0.443	1.8195000000000001
1.261	1.151	1.354	-0.153	-0.14800000000000013
0.571	-0.162	0.071	1.282	0.13349999999999995
1.447	0.809	-0.719	-0.963	1.847
1.062	1.096	0.932	-0.294	0.14700000000000013
1.334	0.783	0.552	1.259	0.5065
1.959	0.974	0.03	-0.132	1.4364999999999999
1.123	0.417	-0.318	0.081	1.088
1.124	0.351	0.63	0.586	0.10750000000000004
0.515	-0.037	-0.566	0.419	0.8049999999999999
0.825	-0.216	0.106	1.048	0.1985
2.009	0.506	0.607	0.177	0.6504999999999999
1.294	0.916	-0.057	-0.442	1.162
0.741	0.658	-0.027	-0.245	0.7265
0.747	0.717	0.768	0.032	-0.03600000000000003
0.435	-0.614	-0.812	0.626	0.7225
0.758	0.714	0.804	0.578	-0.06800000000000006
0.723	0.672	1.025	0.772	-0.3274999999999999
1.635	1.261	0.964	0.297	0.484
0.218	0.538	0.083	0.6	0.295
1.386	0.306	-1.0	-0.247	1.846
1.475	1.409	0.598	0.398	0.8440000000000002
2.391	1.883	1.421	0.166	0.716
1.54	1.462	0.387	0.03	1.1139999999999999
0.228	-0.159	0.645	0.519	-0.6105
0.855	0.638	0.543	-1.235	0.2034999999999999
1.585	0.995	-0.05	-0.344	1.34
1.287	1.432	1.35	0.409	0.009499999999999842
1.642	1.203	0.53	-0.993	0.8924999999999998
1.004	0.65	0.133	-0.299	0.694
0.411	0.197	0.427	1.41	-0.123
0.703	0.312	-0.11	-1.215	0.6174999999999999
0.546	0.881	1.22	0.825	-0.5065
1.072	0.948	0.391	0.169	0.619
0.681	-0.741	-1.4	-0.29	1.3699999999999999
0.316	-0.478	-0.435	0.912	0.354
0.264	0.231	0.068	-0.497	0.1795
2.141	1.058	0.743	-0.643	0.8564999999999999
1.437	0.54	0.126	0.89	0.8625
1.288	-0.33	-1.784	0.462	2.263
1.073	1.045	0.524	-0.529	0.5349999999999999
0.864	-0.514	-0.398	-0.523	0.573
0.414	0.354	0.079	0.153	0.305
0.77	0.588	0.324	0.311	0.35500000000000004
0.757	0.634	-0.092	0.668	0.7875
1.003	0.332	0.014	-0.727	0.6535
1.446	1.372	0.584	-0.164	0.8250000000000001
1.186	0.013	-0.386	0.717	0.9854999999999999
1.508	1.464	0.873	1.042	0.613
1.673	1.359	1.5	1.54	0.016000000000000014
0.738	0.776	-0.075	-0.534	0.832
0.997	0.323	-0.138	0.961	0.798
0.754	0.691	1.003	0.007	-0.28049999999999997
1.821	1.214	1.076	0.311	0.4415
0.776	0.25	0.983	1.005	-0.47
0.743	0.793	-0.003	-1.387	0.771
2.126	1.884	0.319	0.287	1.686
0.994	-0.003	-0.752	-0.216	1.2475
1.421	0.883	-0.633	-0.717	1.7850000000000001
1.525	1.205	0.142	0.165	1.223
0.404	-0.054	0.332	0.969	-0.157
1.341	0.794	0.191	-0.445	0.8764999999999998
1.242	0.17	-0.564	-1.21	1.27
1.316	0.797	0.02	0.424	1.0365
1.179	0.917	0.042	1.076	1.006
1.229	0.382	0.036	-0.467	0.7695000000000001
1.425	1.153	1.586	0.189	-0.29699999999999993
0.959	0.322	-0.105	0.322	0.7454999999999999
0.705	-0.373	-0.557	-0.331	0.7230000000000001
0.37	-0.019	0.219	0.367	-0.04350000000000001
1.335	1.117	-0.592	-0.41	1.818
1.946	1.843	1.034	0.01	0.8604999999999998
0.969	-0.158	-0.22	0.117	0.6255
0.866	0.591	0.7	1.027	0.02849999999999997
0.76	0.39	0.027	1.079	0.5479999999999999
1.998	0.744	0.568	-0.008	0.803
0.591	0.314	0.086	0.25	0.36650000000000005
0.656	-0.741	-0.449	0.498	0.40650000000000003
0.402	0.54	0.701	0.159	-0.22999999999999993
0.553	0.506	0.842	0.42	-0.3124999999999999
0.056	0.164	0.129	0.731	-0.019000000000000003
1.402	0.866	-0.541	-1.49	1.6749999999999998
0.828	0.482	-0.408	-0.395	1.063
1.227	0.915	0.995	0.833	0.07600000000000018
0.984	0.473	-0.791	-0.764	1.5194999999999999
1.059	0.858	0.275	-0.524	0.6834999999999999
0.35	0.358	-0.797	1.187	1.151
1.236	0.391	-0.533	-0.501	1.3465
1.419	0.623	0.019	-0.052	1.002
0.697	0.832	0.089	0.061	0.6755
1.33	1.07	0.693	0.455	0.5070000000000002
1.776	0.657	-0.703	-0.493	1.9194999999999998
1.161	-0.023	-0.357	-0.18	0.926
0.894	0.634	0.37	-0.809	0.394
0.987	0.624	0.204	0.466	0.6015
1.114	0.997	0.152	0.945	0.9035000000000001
1.729	1.195	0.943	0.99	0.5190000000000002
1.333	0.521	-0.061	0.056	0.988
1.45	0.472	1.415	0.305	-0.45400000000000007
0.745	-0.171	-0.62	0.513	0.907
0.71	0.133	0.413	1.149	0.008500000000000008
1.371	0.731	-0.232	-1.012	1.283
1.596	1.325	0.026	0.133	1.4345
1.847	2.045	0.752	-0.2	1.194
1.377	1.34	0.963	-0.079	0.3955000000000001
0.639	-0.3	0.305	1.135	-0.13549999999999998
1.459	0.878	0.338	-0.192	0.8305
1.53	1.444	1.818	0.624	-0.33099999999999996
1.587	0.838	-0.659	0.429	1.8715
1.143	0.955	0.672	0.094	0.3769999999999999
0.516	-0.541	0.442	0.234	-0.4545
1.035	0.769	1.0	0.328	-0.09800000000000009
0.621	0.397	0.735	0.687	-0.22599999999999998
0.846	0.534	0.375	1.244	0.31499999999999995
1.144	0.673	0.497	0.068	0.4115
1.275	0.861	0.289	-1.01	0.7790000000000001
0.947	0.399	0.253	1.045	0.42000000000000004
0.906	0.543	0.531	-0.06	0.1935
1.478	0.928	0.734	0.696	0.4690000000000001
0.898	-0.039	-0.138	-0.358	0.5675
1.245	1.051	0.54	0.027	0.6080000000000001
0.838	0.311	-0.464	-0.262	1.0385
0.673	0.093	-0.642	-0.29	1.025
0.96	0.891	0.228	0.134	0.6975
1.138	0.593	0.443	0.599	0.42249999999999993
1.448	0.365	-0.746	0.329	1.6524999999999999
1.539	0.664	0.11	-0.941	0.9914999999999999
-0.281	-1.079	0.1	1.3	-0.7799999999999999
1.765	1.778	0.847	-0.097	0.9245000000000001
1.473	1.138	-0.486	-0.669	1.7914999999999999
0.885	1.302	1.719	1.022	-0.6255
1.188	0.903	0.123	0.315	0.9225000000000001
0.305	-0.153	-0.12	-0.291	0.196
0.589	1.008	0.743	0.018	0.055499999999999994
0.904	0.254	-0.413	-1.203	0.992
0.905	0.993	1.167	0.555	-0.21799999999999997
0.796	0.872	0.994	1.162	-0.15999999999999992
0.897	0.701	1.051	0.583	-0.252
0.83	0.727	0.913	1.625	-0.13450000000000006
0.957	0.014	-0.156	-0.418	0.6415
2.11	1.489	0.796	0.069	1.0035
0.874	0.482	-0.804	-0.503	1.482
0.646	0.683	0.44	0.171	0.2245000000000001
1.363	1.165	0.865	-0.389	0.399
0.669	1.193	1.618	0.766	-0.687
0.902	0.246	-0.051	-0.479	0.6250000000000001
0.886	0.477	0.632	0.463	0.04949999999999999
0.826	0.201	0.322	0.902	0.19149999999999995
1.345	1.057	0.881	-0.457	0.32000000000000006
0.66	0.541	0.104	-0.634	0.49650000000000005
1.124	0.363	0.445	0.652	0.29850000000000004
1.492	0.972	0.298	0.52	0.9339999999999999
0.212	0.065	0.291	-0.259	-0.15249999999999997
0.23	0.003	0.646	0.895	-0.5295
0.957	0.768	0.894	0.554	-0.03149999999999997
0.745	0.174	0.227	0.828	0.2325
1.691	0.86	-0.221	-0.371	1.4965000000000002
0.804	0.856	0.424	0.438	0.4060000000000001
1.021	0.32	-0.29	0.048	0.9604999999999999
0.441	0.277	1.256	0.071	-0.897
1.996	1.363	0.56	0.033	1.1195
1.737	0.917	-0.665	-0.111	1.992
1.46	1.14	0.614	0.147	0.6859999999999998
0.54	0.163	-0.749	-1.654	1.1005
1.231	0.326	0.561	-0.393	0.21750000000000003
1.956	1.268	1.392	0.088	0.2200000000000002
1.291	0.893	0.23	-0.017	0.8620000000000001
0.846	0.262	-0.288	0.502	0.8420000000000001
1.191	0.239	-0.456	-0.135	1.171
0.992	1.199	0.622	0.601	0.4734999999999999
0.466	0.165	0.898	0.938	-0.5825
0.808	0.541	-0.156	-0.301	0.8305000000000001
0.698	-0.197	0.047	1.212	0.20349999999999996
0.67	0.422	-0.995	-0.246	1.541
1.077	0.796	-0.071	0.377	1.0075
1.213	0.321	-1.178	-0.499	1.9449999999999998
0.302	-0.075	-0.185	-0.811	0.2985
0.833	-0.434	-1.046	0.241	1.2455
1.542	0.073	0.263	0.031	0.5445
0.622	0.421	0.604	0.517	-0.08250000000000002
0.916	0.503	0.747	0.158	-0.03749999999999998
1.901	1.366	1.005	-0.845	0.6285000000000003
1.373	0.805	-0.553	-0.146	1.642
0.885	0.369	-0.711	-0.16	1.338
0.922	0.065	-0.462	-0.627	0.9555
0.939	0.452	-0.426	0.532	1.1215
0.749	0.121	-0.061	-0.78	0.496
0.337	0.227	0.937	1.127	-0.655
0.347	0.313	-0.221	0.793	0.5509999999999999
0.588	0.455	-0.976	-1.702	1.4975
1.849	1.458	0.651	0.011	1.0025
0.97	0.863	1.577	1.593	-0.6605
1.536	1.09	0.541	0.17	0.7720000000000001
0.512	0.492	0.493	1.045	0.009000000000000008
1.402	0.71	0.245	0.25	0.811
1.287	0.893	0.567	0.867	0.5229999999999999
1.426	0.396	0.92	0.803	-0.009000000000000008
1.436	1.053	0.787	-0.326	0.4574999999999999
1.717	1.302	0.455	-0.543	1.0545
0.434	0.17	0.329	0.405	-0.027000000000000024
1.348	1.018	-0.077	-0.119	1.26
1.277	1.365	-0.225	1.221	1.546
1.236	0.487	-0.245	1.05	1.1065
1.549	1.221	0.454	-0.59	0.931
1.925	1.159	0.284	0.201	1.258
1.118	1.018	1.773	0.581	-0.7049999999999998
1.147	0.657	-0.345	-0.794	1.2469999999999999
0.584	0.715	0.142	-0.031	0.5075
0.259	0.814	1.52	1.141	-0.9835
1.468	1.516	-0.38	0.461	1.8719999999999999
0.576	0.21	-0.791	0.007	1.184
0.631	-0.18	-1.243	-0.654	1.4685000000000001
1.014	0.862	0.829	-0.916	0.10899999999999999
1.502	1.051	-0.237	-0.5	1.5135
0.94	-0.033	0.208	1.32	0.24549999999999997
1.751	0.625	-0.235	-0.517	1.423
0.63	0.381	-0.342	0.465	0.8475000000000001
0.948	0.016	0.132	0.609	0.35
1.751	1.052	-0.696	-0.861	2.0975
1.154	0.063	-1.125	-1.084	1.7334999999999998
0.072	0.058	0.464	0.322	-0.399
1.39	0.706	-0.747	-1.506	1.795
1.692	0.686	-0.783	-0.553	1.972
0.639	0.172	0.179	-0.209	0.22649999999999998
1.548	0.992	-0.275	0.433	1.545
0.891	0.067	-0.288	0.079	0.7669999999999999
0.286	0.355	0.214	0.788	0.10650000000000001
0.295	-0.395	-0.307	-0.272	0.257
1.192	0.91	0.963	-0.584	0.08799999999999997
0.939	0.063	-0.645	0.181	1.146
0.9	0.553	0.012	-1.078	0.7145
1.621	0.472	0.591	1.186	0.4555
1.981	0.948	0.372	1.535	1.0925000000000002
1.267	0.657	0.705	0.799	0.257
1.598	1.143	-0.242	-0.928	1.6125
0.661	0.187	-0.267	0.431	0.6910000000000001
0.526	-0.23	-0.793	-0.576	0.9410000000000001
0.183	0.607	0.528	0.782	-0.133
1.08	0.066	-0.269	0.909	0.8420000000000001
1.576	0.84	0.829	0.981	0.379
0.536	-0.9	-0.148	-0.263	-0.034
1.313	0.745	-0.352	-0.405	1.3809999999999998
0.582	0.293	0.708	0.394	-0.27049999999999996
1.33	0.717	1.095	-0.259	-0.0714999999999999
1.205	0.965	0.122	0.772	0.963
-0.142	-0.088	0.373	1.022	-0.488
0.487	-0.49	-0.317	1.262	0.3155
0.651	0.672	0.984	0.589	-0.3225
0.943	0.125	0.091	-0.198	0.44300000000000006
1.094	0.157	-0.328	-0.311	0.9535
0.734	0.153	-0.168	0.32	0.6115
0.706	0.35	-0.137	-0.52	0.665
0.693	0.524	0.546	0.368	0.0625
1.749	1.112	0.978	0.561	0.4525000000000001
0.329	-0.656	-0.729	0.068	0.5655
0.376	-0.705	-0.836	-0.673	0.6715
1.752	0.936	0.784	-1.206	0.56
1.68	1.319	0.986	-0.017	0.5134999999999998
1.227	1.077	-0.1	-0.519	1.2520000000000002
1.339	0.664	0.401	-0.861	0.6005
0.932	1.135	0.967	0.52	0.06650000000000011
1.209	0.786	0.363	-0.584	0.6345000000000001
0.471	-0.232	-1.011	0.319	1.1304999999999998
1.361	1.046	-0.438	0.948	1.6415
0.907	-0.65	-0.324	-0.503	0.4525
2.259	1.724	1.132	-0.329	0.8594999999999999
2.248	1.774	1.255	0.673	0.7560000000000002
1.245	0.637	1.464	0.852	-0.5229999999999999
1.658	0.797	-0.304	1.213	1.5315
1.206	0.995	0.739	0.298	0.36150000000000004
0.129	-0.506	-1.131	-0.655	0.9425
1.81	1.424	0.765	-0.193	0.852
0.996	0.614	0.017	0.526	0.7879999999999999
0.246	-0.016	-0.417	-1.227	0.532
0.619	-0.417	-0.321	0.29	0.42200000000000004
0.965	0.136	-0.169	-0.11	0.7195
0.778	0.237	0.097	0.686	0.4105000000000001
1.028	0.646	1.133	0.47	-0.29600000000000004
0.755	-0.56	-0.873	-0.668	0.9704999999999999
0.477	-0.383	0.115	1.051	-0.06800000000000002
0.39	0.001	-0.1	-0.905	0.2955
1.442	1.251	0.415	-0.468	0.9314999999999998
1.068	0.761	0.673	0.038	0.24150000000000005
0.402	0.575	1.113	1.128	-0.6245
0.966	0.362	-0.307	0.527	0.9709999999999999
0.828	0.812	0.545	0.386	0.275
0.817	0.463	0.093	0.549	0.547
0.007	-0.391	-0.159	0.253	-0.033
0.204	-0.28	-0.246	0.575	0.20799999999999996
1.65	1.395	0.783	0.474	0.7394999999999999
1.69	1.299	0.16	0.969	1.3345
0.475	0.047	-1.106	-0.643	1.367
1.563	0.292	-0.502	-0.563	1.4295
0.724	0.011	-0.725	-0.064	1.0925
1.981	1.382	-0.271	-0.859	1.9525000000000001
1.388	0.99	-0.076	-1.008	1.2650000000000001
1.692	1.366	0.025	-0.549	1.504
1.599	1.536	1.226	0.158	0.3414999999999999
0.751	0.9	0.778	0.252	0.04749999999999999
1.196	0.241	0.387	0.272	0.3314999999999999
1.287	0.954	-0.316	0.465	1.4364999999999999
1.386	1.252	-0.371	-0.106	1.69
0.74	0.115	0.374	-0.337	0.05349999999999999
0.686	0.738	0.778	-0.78	-0.06600000000000006
1.211	0.612	-0.348	-0.126	1.2595
0.938	-0.404	-0.815	-0.541	1.0819999999999999
0.841	0.605	-0.216	0.47	0.939
0.083	-0.287	0.903	0.976	-1.005
1.672	1.347	1.228	0.85	0.2815000000000001
1.36	1.825	0.545	-0.175	1.0474999999999999
1.048	0.143	-0.436	-0.837	1.0315
0.664	-0.346	-0.274	0.982	0.43300000000000005
2.063	1.158	0.724	0.489	0.8865000000000001
1.192	0.962	-0.475	-0.41	1.552
0.912	0.135	0.309	-0.059	0.21450000000000008
0.874	0.793	-0.298	0.011	1.1315
0.494	0.038	0.812	0.557	-0.546
1.132	0.796	0.508	0.036	0.45599999999999996
0.805	0.61	0.981	0.174	-0.27349999999999997
1.405	1.408	0.959	0.59	0.4474999999999999
0.75	-0.23	-0.376	0.584	0.636
0.198	-0.918	-0.975	0.526	0.615
0.792	0.959	0.736	-0.334	0.13949999999999996
0.817	0.56	-0.01	-0.095	0.6985
0.899	0.254	0.534	-1.125	0.04249999999999998
0.773	0.321	-0.448	0.457	0.9950000000000001
1.589	1.325	-0.37	-0.345	1.827
1.366	1.382	0.98	0.837	0.39400000000000013
1.466	1.052	1.827	1.679	-0.5680000000000001
1.205	0.745	-0.266	0.412	1.241
1.483	0.604	0.464	0.416	0.5795000000000001
1.304	0.984	0.814	0.867	0.3300000000000002
0.027	-1.03	-0.161	-0.156	-0.3405
2.377	1.473	0.255	-0.394	1.67
0.585	-0.215	-0.508	0.247	0.6930000000000001
1.626	1.269	-0.064	0.114	1.5114999999999998
0.766	0.268	-0.257	0.379	0.774
0.563	0.349	-0.163	0.542	0.619
1.232	0.672	0.276	0.495	0.6759999999999999
1.125	0.453	-0.496	0.487	1.2850000000000001
1.357	0.858	-0.598	0.495	1.7054999999999998
0.576	-0.181	-0.655	-0.303	0.8525
1.843	1.041	-0.457	-0.014	1.899
0.424	0.364	0.004	0.857	0.39
1.04	0.527	-0.211	0.085	0.9945
1.082	0.788	0.649	-0.209	0.28600000000000003
1.648	0.783	0.868	0.408	0.34750000000000003
0.257	-0.197	-0.245	0.485	0.275
1.258	0.576	0.103	-0.729	0.8140000000000001
0.959	1.132	0.377	0.345	0.6684999999999999
0.908	0.595	-0.123	0.816	0.8745
1.115	0.252	-0.743	-0.303	1.4264999999999999
0.032	0.084	0.29	0.616	-0.23199999999999998
0.649	-0.281	0.466	0.089	-0.28200000000000003
0.375	0.077	-0.401	1.375	0.627
0.368	-0.417	-0.931	0.37	0.9065000000000001
1.419	1.22	0.222	-0.873	1.0975000000000001
1.437	1.337	0.461	0.21	0.9259999999999999
1.545	0.751	-0.777	-0.402	1.9249999999999998
1.216	0.5	-0.001	-0.415	0.859
0.639	0.612	0.988	0.681	-0.36250000000000004
1.78	1.468	0.226	-0.772	1.3980000000000001
0.625	0.529	1.424	0.42	-0.847
1.677	1.505	0.605	-0.942	0.986
1.201	0.849	0.828	1.252	0.19699999999999995
0.606	0.624	0.867	0.907	-0.252
1.395	-0.265	-0.087	-0.54	0.6519999999999999
1.227	1.902	2.074	-0.102	-0.5094999999999998
0.604	-0.433	-1.189	-0.526	1.2745
2.437	1.764	1.143	0.38	0.9574999999999998
0.868	0.136	-0.323	0.358	0.825
1.218	1.2	1.614	-0.022	-0.405
1.042	0.579	-0.102	-0.528	0.9125
0.759	-0.377	-0.475	-0.585	0.6659999999999999
1.229	0.788	0.957	0.202	0.05150000000000021
0.591	-0.389	-1.035	-0.175	1.136
1.329	0.936	0.321	0.288	0.8115000000000001
0.957	0.691	0.472	0.232	0.352
0.367	0.132	-0.205	-0.157	0.4545
0.753	0.221	0.068	-0.052	0.419
0.939	0.454	0.003	-0.272	0.6935
1.776	0.958	-0.02	0.05	1.387
0.393	-0.469	0.163	-0.532	-0.20099999999999998
0.405	0.022	-0.698	0.117	0.9115
0.804	0.01	-0.88	-0.468	1.287
1.228	0.483	0.004	1.302	0.8514999999999999
1.396	1.498	1.921	0.789	-0.474
0.508	-0.749	-1.01	-0.783	0.8895
1.428	1.349	0.672	-0.597	0.7165
0.707	0.357	-0.381	-0.887	0.913
1.176	0.356	0.197	0.439	0.569
0.698	0.475	-0.167	-0.746	0.7535000000000001
1.26	0.766	-0.057	0.042	1.0699999999999998
1.489	0.164	-1.464	-0.1	2.2904999999999998
1.509	0.822	-0.342	0.214	1.5075
1.496	0.998	0.643	1.186	0.6039999999999999
0.596	0.041	0.829	0.632	-0.5105
0.565	0.73	0.737	0.911	-0.08950000000000002
0.904	0.782	0.756	0.388	0.08699999999999997
1.444	1.166	0.368	-1.616	0.9369999999999999
0.325	0.18	0.145	0.864	0.10750000000000001
0.984	1.135	0.808	0.191	0.25149999999999983
0.777	0.27	0.615	0.926	-0.09149999999999991
1.247	0.378	0.32	0.614	0.4925
0.792	0.359	-0.339	0.847	0.9145000000000001
1.632	0.874	1.28	0.912	-0.027000000000000135
0.895	0.37	1.465	1.372	-0.8325
1.406	0.551	0.096	-0.028	0.8825
0.473	-0.199	0.024	-0.788	0.11299999999999999
0.874	0.297	-0.002	0.542	0.5875
1.165	0.63	-0.23	-1.065	1.1275
1.467	1.048	0.48	-0.703	0.7775000000000001
0.417	-0.136	0.396	0.869	-0.25550000000000006
2.007	0.96	-0.279	-0.16	1.7625000000000002
0.593	-0.18	0.662	0.813	-0.4555
0.426	0.221	0.471	0.433	-0.14749999999999996
1.186	1.047	0.844	0.138	0.27249999999999985
1.422	0.981	0.137	0.34	1.0645
1.502	1.169	0.501	0.314	0.8345000000000001
0.281	-0.285	-0.219	0.045	0.21700000000000003
0.5	-0.091	-0.016	-0.597	0.22050000000000003
1.811	1.235	-0.415	-0.77	1.9380000000000002
1.837	1.407	-0.11	0.091	1.732
0.965	0.816	0.677	0.077	0.2134999999999999
1.19	1.067	0.274	-0.636	0.8544999999999998
1.378	0.263	-0.553	-0.96	1.3735
0.838	0.275	0.167	-0.042	0.38949999999999996
0.673	-0.175	0.533	1.264	-0.28400000000000003
1.42	0.532	0.57	1.039	0.406
0.529	-0.322	-0.858	-0.278	0.9615
0.827	-0.266	-0.44	0.615	0.7204999999999999
0.764	-0.443	-0.84	-0.763	1.0005
1.457	1.12	0.468	-0.215	0.8205
0.96	1.359	1.085	-0.644	0.07450000000000001
1.168	0.907	0.547	-0.331	0.49050000000000005
1.908	1.743	0.606	0.986	1.2195
1.251	0.763	-0.454	-0.765	1.4609999999999999
2.049	1.431	0.173	-0.335	1.567
1.614	1.227	0.508	0.385	0.9125000000000001
1.391	0.821	0.657	-0.063	0.44899999999999984
0.86	0.451	0.277	0.465	0.37849999999999995
1.219	0.951	-0.079	-1.319	1.164
1.179	0.185	-0.101	-0.01	0.783
1.397	0.876	-1.1	0.306	2.2365000000000004
1.314	1.202	1.7	0.492	-0.44199999999999995
1.183	0.538	0.259	-0.036	0.6015
1.175	0.123	-0.548	-0.163	1.197
1.696	0.496	0.377	-0.167	0.7190000000000001
0.832	0.267	0.695	1.259	-0.14549999999999996
1.115	0.389	-0.224	0.259	0.976
0.977	0.593	0.616	0.841	0.16899999999999993
0.991	0.128	-0.886	-0.61	1.4455
0.991	0.326	0.219	-0.607	0.4395
0.81	0.546	0.409	0.93	0.2690000000000001
0.68	0.211	-0.49	-1.143	0.9355
0.355	0.072	-0.228	-0.679	0.4415
0.472	0.47	-0.027	-0.766	0.498
1.111	0.666	-0.387	-0.286	1.2755
1.709	1.56	0.268	-0.346	1.3665
1.475	0.614	0.728	0.853	0.3165
0.679	0.721	0.789	0.455	-0.08900000000000008
0.327	-0.315	-0.62	0.463	0.626
0.922	0.841	0.931	1.628	-0.0495000000000001
0.88	-0.303	-0.288	-0.546	0.5765
0.16	-0.063	0.348	0.762	-0.2995
1.726	0.774	-0.03	-0.55	1.28
0.781	-0.064	-0.703	0.474	1.0615
1.168	0.451	-0.788	-0.366	1.5975000000000001
1.407	0.99	0.827	-0.167	0.37150000000000016
0.658	0.556	0.49	0.202	0.11699999999999999
1.708	1.126	-0.036	0.339	1.4529999999999998
0.885	0.321	-0.119	-0.207	0.722
1.199	1.031	0.201	-1.255	0.9139999999999999
1.114	0.547	0.275	0.714	0.5555
0.796	0.242	0.387	0.218	0.132
1.384	1.304	0.832	-0.761	0.5119999999999999
0.656	-0.465	-1.286	0.644	1.3815
0.779	0.071	0.175	1.491	0.25
1.397	-0.046	0.287	0.176	0.3885
1.121	0.594	-0.599	-1.205	1.4565
1.418	1.315	0.633	-0.102	0.7334999999999998
1.246	-0.07	0.066	0.544	0.522
0.89	0.512	0.142	0.543	0.559
0.789	-0.058	-1.463	0.252	1.8285
0.937	0.339	-0.265	-0.861	0.903
1.413	1.034	0.182	0.137	1.0415
1.625	0.894	-0.395	-1.231	1.6545
1.693	1.144	0.039	-0.731	1.3795
1.823	1.093	1.3	1.382	0.15799999999999992
1.954	1.55	0.829	-0.523	0.923
0.717	0.054	-0.406	0.482	0.7915000000000001
1.347	1.141	0.115	-0.65	1.129
0.842	-0.101	-0.77	-1.094	1.1405
0.572	0.311	-0.136	-0.983	0.5775
-0.328	0.197	0.672	1.516	-0.7375
1.16	0.332	-0.36	0.394	1.1059999999999999
1.36	0.911	1.181	0.456	-0.045500000000000096
1.013	0.526	-0.383	-0.87	1.1524999999999999
1.655	0.512	-0.672	-0.188	1.7555
1.13	-0.077	-0.942	0.329	1.4685
1.111	0.857	0.995	-0.122	-0.01100000000000001
0.257	-0.496	-0.381	0.189	0.2615
0.716	0.463	-0.639	-0.725	1.2285
1.755	0.986	0.256	-1.096	1.1144999999999998
1.066	0.826	-0.722	-0.433	1.668
1.354	1.251	0.087	0.136	1.2155
1.476	0.705	0.875	0.007	0.21550000000000002
1.506	1.047	0.09	-0.49	1.1864999999999999
0.759	0.653	0.472	0.463	0.23399999999999999
0.78	1.253	0.359	-0.229	0.6575
0.811	0.447	0.43	-0.503	0.199
0.816	0.416	-0.29	-0.293	0.9059999999999999
0.822	0.79	0.509	-0.488	0.29700000000000004
0.966	-0.126	-0.47	0.48	0.8899999999999999
1.367	0.195	0.076	0.374	0.7050000000000001
1.194	0.906	0.646	1.015	0.404
0.755	0.266	-0.834	-0.851	1.3445
0.74	-0.039	-0.881	-1.347	1.2315
0.992	0.307	0.262	0.548	0.38749999999999996
1.206	0.892	0.411	0.302	0.6379999999999999
1.445	1.523	1.494	0.298	-0.010000000000000009
0.456	0.324	0.378	0.786	0.01200000000000001
1.374	0.641	0.1	-0.693	0.9075000000000001
0.935	0.112	0.854	0.436	-0.3304999999999999
0.518	0.533	1.005	-0.024	-0.4794999999999998
1.747	0.482	-1.532	0.347	2.6465
1.42	0.59	-0.343	0.723	1.3479999999999999
1.684	1.585	0.091	-0.496	1.5435
0.633	-0.045	-1.112	-0.986	1.4060000000000001
1.611	0.937	-0.057	0.198	1.331
0.564	0.402	0.548	0.285	-0.06500000000000006
1.467	0.332	-0.309	-0.361	1.2085000000000001
0.672	0.594	-0.369	-0.738	1.002
1.306	0.792	0.256	-0.941	0.7929999999999999
0.69	0.82	0.247	-0.626	0.5079999999999999
1.384	1.154	1.051	0.088	0.21799999999999997
0.391	0.233	0.182	0.467	0.13
1.28	0.906	0.44	0.472	0.653
0.057	-0.031	-0.703	-0.596	0.716
0.134	-0.029	0.177	0.54	-0.12449999999999999
1.075	0.678	0.162	0.3	0.7145
1.766	1.321	0.552	0.149	0.9914999999999998
0.994	0.401	-0.472	0.037	1.1695
1.099	1.219	0.989	1.059	0.17000000000000004
2.307	1.69	0.399	0.856	1.5995
-0.38	-0.514	-0.132	-0.666	-0.315
0.883	0.808	0.722	-0.098	0.12350000000000005
0.875	0.771	0.692	0.141	0.131
1.109	0.88	-0.057	-0.201	1.0514999999999999
0.509	0.276	0.013	-0.312	0.3795
0.711	0.742	0.832	1.567	-0.10550000000000004
1.87	1.287	0.79	1.047	0.7885
0.525	0.036	1.423	1.043	-1.1425
0.247	0.485	0.432	0.584	-0.066
1.255	0.787	0.487	-0.482	0.5339999999999999
0.503	0.181	0.282	-0.448	0.06
1.221	1.3	0.012	0.344	1.2485
1.652	1.091	0.881	0.478	0.49049999999999994
0.936	0.677	0.954	-0.567	-0.14749999999999996
0.507	-0.069	-0.14	-0.91	0.359
1.291	0.608	0.758	0.712	0.1915
0.915	-0.605	-0.912	0.282	1.0670000000000002
1.183	1.244	1.664	1.442	-0.4504999999999999
0.811	-0.247	-1.079	-0.817	1.361
1.317	1.173	1.274	-0.306	-0.028999999999999915
1.128	1.186	1.083	0.245	0.07400000000000007
1.58	1.187	-0.574	0.725	1.9575
1.254	0.795	0.595	0.419	0.4295
1.446	0.809	0.299	0.3	0.8285
0.027	-0.071	1.427	1.19	-1.449
0.831	1.051	0.29	-0.301	0.651
0.673	0.597	0.469	0.038	0.16600000000000004
1.841	1.406	1.119	0.935	0.5045
0.479	-0.251	-0.564	-0.073	0.6779999999999999
0.976	0.382	-0.311	0.662	0.99
0.752	0.051	0.227	0.655	0.17450000000000002
0.194	-0.031	-0.679	-1.025	0.7605000000000001
-0.316	-0.285	0.117	0.352	-0.4175
0.816	0.168	-0.13	-0.114	0.622
1.948	0.554	0.093	-0.099	1.158
0.403	-0.543	-0.766	0.81	0.696
1.571	0.633	-0.365	-0.767	1.4669999999999999
1.402	0.816	0.762	0.703	0.347
1.07	0.5	1.303	0.85	-0.5179999999999999
0.454	0.143	0.053	0.732	0.2455
0.05	-0.496	-0.315	-0.164	0.092
1.18	1.113	0.82	-0.519	0.3265000000000001
0.613	0.027	-0.381	0.915	0.7010000000000001
1.185	-0.465	-0.803	-0.564	1.163
0.116	0.134	0.421	0.449	-0.296
1.753	0.537	-0.559	0.806	1.7040000000000002
1.259	1.056	1.854	1.146	-0.6965000000000001
1.65	0.95	0.263	0.019	1.037
0.548	0.48	0.649	-0.132	-0.135
1.535	0.443	-1.02	-0.117	2.009
1.389	0.909	-0.02	0.46	1.169
1.138	0.666	-0.174	-0.623	1.0759999999999998
1.602	1.21	0.892	0.789	0.5140000000000001
0.018	0.014	-0.035	-0.014	0.051000000000000004
0.293	-0.366	-0.517	-0.236	0.48050000000000004
0.917	0.727	0.937	0.598	-0.11499999999999999
0.911	0.193	-0.3	0.37	0.8520000000000001
1.385	1.044	0.934	1.067	0.2805000000000001
0.74	0.344	0.1	-0.484	0.44200000000000006
1.377	0.672	0.397	-0.02	0.6275
0.638	0.062	0.146	0.906	0.204
1.123	0.217	-0.304	0.407	0.974
1.018	1.263	0.648	0.295	0.4924999999999998
1.165	0.194	-0.533	0.381	1.2125
0.642	0.022	-0.284	-0.175	0.616
0.624	-0.007	-0.31	0.691	0.6185
1.839	1.543	-0.157	0.088	1.8479999999999999
1.364	1.175	0.991	0.231	0.2785000000000001
1.061	0.971	-0.293	0.143	1.309
0.875	0.613	-0.502	-1.503	1.246
0.832	0.395	0.315	-0.702	0.29849999999999993
0.619	-0.462	-1.232	0.767	1.3105
1.308	0.676	-0.197	-0.403	1.189
1.241	1.119	0.807	-0.082	0.3730000000000001
0.43	-0.01	0.541	0.331	-0.33100000000000007
0.57	0.475	0.277	0.612	0.24549999999999994
1.22	0.002	-0.944	-0.498	1.555
1.359	0.479	-0.239	0.306	1.158
0.969	0.775	0.282	-0.203	0.5900000000000001
0.711	0.112	0.464	0.51	-0.05250000000000005
2.27	1.535	-0.133	-0.625	2.0355
1.408	1.296	0.614	1.164	0.7379999999999999
0.285	-0.017	0.554	1.4	-0.42000000000000004
1.6	1.655	1.396	0.327	0.23150000000000004
1.429	0.628	-0.085	-0.923	1.1135
0.954	0.086	-0.521	0.251	1.041
1.157	0.872	0.762	0.902	0.25249999999999995
1.507	1.304	0.091	-0.061	1.3145
0.997	0.665	0.479	0.085	0.352
1.153	1.053	1.497	0.533	-0.39400000000000013
0.692	-0.005	-0.141	-0.009	0.48449999999999993
0.673	0.222	-0.832	-0.851	1.2795
0.859	0.725	0.45	0.27	0.342
1.181	0.872	-0.042	0.202	1.0685
0.85	0.304	-0.662	-0.152	1.2389999999999999
0.371	0.133	0.505	0.522	-0.253
1.801	1.172	0.625	0.809	0.8614999999999999
1.367	0.684	-0.073	-0.307	1.0985
1.444	1.125	1.135	1.244	0.14949999999999997
1.491	0.63	-0.973	-1.019	2.0335
0.855	0.601	-0.864	-1.017	1.592
1.032	0.788	0.46	-1.02	0.45
1.083	1.092	0.491	0.32	0.5964999999999999
0.299	-0.201	0.076	0.238	-0.02700000000000001
1.237	0.847	0.542	0.523	0.5
0.876	0.626	0.164	0.571	0.587
1.358	0.633	0.197	0.549	0.7985
-0.176	-0.505	-0.243	0.349	-0.09750000000000003
1.537	1.26	0.466	0.378	0.9324999999999999
0.637	0.911	1.382	2.074	-0.6079999999999999
1.537	0.87	-0.434	0.607	1.6375
1.16	0.704	0.504	-0.088	0.42799999999999994
0.805	0.123	0.934	0.655	-0.47000000000000003
0.649	0.368	0.482	0.173	0.026499999999999968
1.65	0.876	-0.103	0.486	1.3659999999999999
0.335	-0.012	0.393	0.624	-0.2315
0.672	0.229	0.559	0.314	-0.10850000000000004
1.616	1.304	0.692	0.793	0.768
1.783	1.149	-0.404	-0.663	1.87
1.409	0.756	-0.499	-0.195	1.5815000000000001
1.182	1.252	0.666	0.287	0.551
1.203	0.644	-0.372	-0.6	1.2955
1.161	0.344	-0.3	-0.312	1.0525
1.033	0.466	1.254	-0.15	-0.5045000000000001
1.983	1.351	0.923	0.718	0.744
0.766	0.105	0.302	0.101	0.1335
1.692	1.09	0.284	0.631	1.107
1.069	0.567	0.246	-0.52	0.572
1.468	1.453	1.411	0.796	0.0495000000000001
0.817	0.228	0.425	-0.234	0.09749999999999998
1.37	0.26	-0.221	0.317	1.036
0.899	0.674	0.489	-0.682	0.2975
-0.046	-0.532	-0.899	0.578	0.61
1.197	0.666	1.043	1.018	-0.11149999999999993
2.213	1.379	-0.173	-0.3	1.969
1.405	1.051	-0.037	-1.168	1.265
1.544	0.859	0.86	-0.003	0.3415
1.638	1.241	0.238	-1.001	1.2015
0.289	-0.213	-0.121	0.447	0.15899999999999997
1.703	1.399	0.51	-1.359	1.0410000000000001
1.544	0.79	-0.405	-0.328	1.572
1.057	1.07	0.815	1.386	0.24849999999999994
0.867	0.17	-0.476	-0.644	0.9944999999999999
1.136	0.233	0.148	0.724	0.5365
0.461	-0.195	-0.154	-0.086	0.28700000000000003
-0.176	0.219	0.245	0.518	-0.22349999999999998
1.609	1.716	1.151	0.489	0.5115000000000001
0.297	0.009	-0.985	-0.52	1.138
1.499	1.751	1.985	0.113	-0.3600000000000001
1.667	0.803	-0.688	-1.547	1.923
0.839	0.735	0.58	0.376	0.20699999999999996
1.035	0.991	-0.048	-0.532	1.061
0.41	-0.074	-0.008	-0.487	0.176
1.54	0.913	0.125	-1.265	1.1015000000000001
0.812	0.186	-0.528	1.315	1.0270000000000001
-0.101	-0.619	-0.071	1.29	-0.289
1.004	0.723	-0.178	-0.197	1.0414999999999999
1.297	0.793	0.725	1.186	0.31999999999999995
1.434	0.985	0.244	-0.689	0.9655
1.144	1.601	1.495	0.018	-0.12250000000000005
0.436	-0.41	-1.328	-0.672	1.3410000000000002
1.465	0.928	0.662	0.171	0.5345000000000001
0.755	-0.39	-2.016	0.073	2.1985
0.617	0.746	0.71	0.839	-0.02849999999999997
1.031	0.484	0.188	-0.417	0.5694999999999999
0.742	0.542	0.879	1.662	-0.237
1.452	0.866	-0.139	-0.795	1.298
0.907	1.26	0.554	-0.739	0.5294999999999999
1.482	0.493	-0.784	-0.167	1.7715
1.177	0.476	0.516	1.447	0.3105
1.453	0.558	-0.093	-1.345	1.0985
1.158	0.801	0.636	0.979	0.3435
1.826	1.195	0.361	0.199	1.1495
1.136	1.309	1.278	0.997	-0.055500000000000105
-0.346	-0.096	0.817	1.349	-1.0379999999999998
0.701	0.021	0.196	0.311	0.16499999999999998
0.805	-0.133	0.35	0.18	-0.013999999999999957
1.584	1.106	0.763	0.327	0.5820000000000002
0.901	0.838	1.194	1.398	-0.3245
-0.195	-0.324	-0.746	-0.141	0.4865
1.711	1.217	0.798	-1.129	0.6659999999999999
0.956	0.72	0.661	0.306	0.17699999999999994
0.561	0.293	-0.141	0.667	0.5680000000000001
1.313	0.722	1.604	0.449	-0.5865
0.584	0.79	0.619	-1.082	0.06800000000000006
1.478	0.327	-0.79	-0.737	1.6925
0.462	0.733	-0.035	-0.329	0.6325000000000001
0.259	-0.082	0.482	-0.215	-0.39349999999999996
1.355	0.875	0.073	-0.632	1.042
1.102	0.109	0.506	0.501	0.09950000000000003
1.82	1.28	0.437	-0.141	1.113
0.67	0.043	0.444	-0.671	-0.08749999999999997
1.281	1.194	-0.256	-0.957	1.4934999999999998
0.455	-0.146	-0.667	-0.657	0.8215000000000001
1.15	0.887	0.022	-0.488	0.9964999999999999
0.686	-0.028	-1.126	0.717	1.4549999999999998
0.286	-0.163	-0.02	0.095	0.08149999999999999
1.723	1.318	1.124	0.888	0.3965000000000001
0.647	0.301	0.16	-0.052	0.31399999999999995
1.409	1.224	0.712	0.751	0.6045
0.786	0.246	0.074	-0.001	0.442
1.353	0.967	0.287	0.691	0.873
0.831	0.154	-0.556	0.0	1.0485
1.022	0.844	0.111	-0.995	0.8220000000000001
0.842	0.564	-0.216	0.261	0.9189999999999999
0.71	0.618	0.476	0.505	0.18799999999999994
1.854	0.675	0.488	0.37	0.7765
0.909	0.32	-1.186	-0.257	1.8005
2.112	1.326	0.294	-0.379	1.425
1.273	0.954	-0.131	1.101	1.2445
0.396	0.457	-0.204	-0.529	0.6305
0.681	0.39	-0.347	-0.421	0.8825000000000001
0.629	-0.143	0.715	1.139	-0.472
1.645	1.615	1.116	0.496	0.5139999999999998
1.673	0.608	-0.595	-0.516	1.7355
0.404	-0.422	-0.518	-1.056	0.509
0.966	1.189	0.77	0.06	0.3075000000000001
1.743	1.16	0.168	-0.484	1.2835
1.508	1.334	1.767	1.275	-0.34599999999999986
1.459	1.018	-0.287	1.051	1.5255
0.203	-0.229	-0.024	0.27	0.011000000000000003
1.465	0.408	-0.106	-0.435	1.0425
1.395	0.328	-0.695	-0.366	1.5565
1.677	1.352	0.384	-0.066	1.1305
0.855	0.653	0.06	-0.656	0.694
1.625	1.153	0.087	0.258	1.302
1.227	1.115	-0.143	0.519	1.314
1.673	0.86	0.439	-0.51	0.8274999999999999
0.816	0.495	-0.258	0.078	0.9135
1.318	0.347	-0.696	-0.261	1.5285
1.523	1.871	1.394	0.402	0.30300000000000016
1.039	0.362	-0.122	0.502	0.8224999999999999
1.024	0.631	0.603	1.144	0.22450000000000003
-1.146	-1.794	0.862	1.707	-2.332
0.189	0.253	0.01	0.338	0.211
1.068	0.394	0.151	-0.198	0.5800000000000001
0.974	0.318	-0.215	-0.388	0.861
0.366	0.594	1.08	-0.022	-0.6000000000000001
0.906	0.177	0.006	0.446	0.5355
1.179	0.874	0.775	0.091	0.25149999999999995
0.937	0.474	-0.798	0.867	1.5035
1.097	0.517	-0.042	-0.8	0.849
0.956	0.498	0.877	0.315	-0.15000000000000002
0.953	-0.17	-0.955	-0.96	1.3464999999999998
0.012	-0.656	-0.62	-0.45	0.298
1.137	1.087	1.066	0.207	0.04600000000000004
1.24	1.029	1.226	0.947	-0.09149999999999991
0.019	0.369	1.114	1.16	-0.9200000000000002
0.524	-0.205	-0.029	-0.087	0.18850000000000003
1.208	1.214	0.846	-0.08	0.3649999999999999
1.738	1.684	0.982	-0.072	0.7289999999999999
1.462	0.72	-0.427	-0.849	1.518
1.306	1.014	0.423	-0.074	0.7370000000000001
0.876	0.746	0.366	-0.077	0.44499999999999995
0.501	0.521	0.432	-0.146	0.07900000000000001
0.164	-0.864	-1.296	0.441	0.9460000000000001
1.603	0.804	0.287	-0.068	0.9165000000000001
0.333	0.029	0.327	-0.104	-0.146
1.652	0.879	0.178	-0.069	1.0875
1.568	1.347	0.413	-0.924	1.0445
-0.414	-0.159	0.73	-0.347	-1.0165
0.812	0.806	0.677	0.429	0.132
1.78	1.65	0.111	0.035	1.6039999999999999
0.271	-0.099	-0.546	-0.358	0.632
1.324	0.653	0.349	-0.125	0.6395000000000001
0.647	0.416	0.269	-0.252	0.26249999999999996
0.995	0.88	0.759	-0.16	0.1785
1.875	1.36	1.396	0.74	0.22150000000000025
1.103	0.782	0.231	0.082	0.7115
0.76	0.439	-0.387	-0.338	0.9865
1.876	2.066	1.084	0.316	0.8869999999999998
0.974	1.012	1.34	1.293	-0.3470000000000001
0.583	-0.316	-0.512	0.541	0.6455
0.021	0.421	1.759	0.247	-1.5379999999999998
1.513	1.002	0.034	-0.738	1.2234999999999998
0.457	-0.35	-0.533	-0.785	0.5865
1.627	1.58	1.774	0.539	-0.1705000000000001
0.434	0.295	0.148	0.232	0.2165
1.183	0.729	0.114	-0.227	0.842
0.613	0.576	-0.033	0.983	0.6275000000000001
1.796	1.327	1.106	-0.693	0.4555
0.496	0.183	0.194	0.084	0.14550000000000002
1.725	0.884	-0.134	-0.875	1.4385
0.405	0.359	0.233	-0.375	0.149
0.3	-0.244	-0.723	-0.963	0.751
0.238	0.397	0.427	-0.261	-0.10949999999999999
1.154	1.056	1.43	0.844	-0.32499999999999996
1.713	1.37	0.697	-0.583	0.8445000000000001
1.022	0.614	-0.896	-0.47	1.714
0.619	0.034	-1.13	-0.127	1.4565
1.257	0.314	0.719	-0.01	0.0665
1.002	1.091	1.084	0.147	-0.03750000000000009
-0.015	-0.656	-0.11	0.382	-0.22550000000000003
1.281	0.931	0.453	0.089	0.6529999999999998
0.689	0.549	0.924	0.41	-0.30500000000000005
-0.078	-0.904	-0.007	-0.625	-0.484
1.189	0.671	0.431	0.366	0.49900000000000005
0.749	0.232	-0.827	-0.297	1.3175
1.123	1.219	-0.338	0.517	1.5090000000000001
1.342	1.244	0.79	0.799	0.5030000000000001
0.247	0.24	0.229	-0.517	0.014499999999999985
0.805	-0.107	-0.471	-0.365	0.8200000000000001
1.238	0.563	-0.005	-0.292	0.9055
0.214	-0.181	-0.79	-0.857	0.8065
0.574	-0.241	0.543	0.627	-0.37650000000000006
1.568	1.069	1.322	0.292	-0.0035000000000000586
0.89	0.423	0.549	-0.111	0.10749999999999993
1.178	1.373	1.128	-0.041	0.1475000000000002
1.094	0.92	0.13	-0.382	0.8770000000000001
1.09	0.517	0.764	0.246	0.03950000000000009
0.684	0.55	0.7	1.275	-0.08299999999999996
1.655	1.467	0.8	0.313	0.7609999999999999
0.634	0.308	0.408	0.227	0.063
0.959	0.641	0.517	0.03	0.28300000000000003
1.592	1.028	1.112	1.058	0.19799999999999995
1.33	0.817	-0.416	0.365	1.4895
1.098	0.507	0.034	-0.132	0.7685
1.273	1.117	0.103	-0.445	1.0919999999999999
1.274	1.154	0.702	0.466	0.512
1.47	1.619	0.382	-1.02	1.1625
0.93	1.073	-0.081	0.211	1.0825
1.181	1.188	-0.13	-0.062	1.3144999999999998
1.027	0.159	-0.387	-0.145	0.98
1.787	1.294	0.275	-0.393	1.2654999999999998
0.415	0.331	1.513	1.713	-1.14
0.189	-0.132	-0.264	-0.3	0.2925
0.424	-0.331	0.442	-0.589	-0.3955
2.761	1.735	0.76	0.274	1.4880000000000002
0.875	0.659	1.479	-0.359	-0.7120000000000001
1.637	1.6	0.477	-0.52	1.1415000000000002
1.158	0.988	0.557	1.25	0.5159999999999999
1.51	1.28	0.352	-0.021	1.0430000000000001
0.527	0.236	0.114	0.22	0.2675
0.617	1.377	1.134	0.311	-0.1369999999999999
0.621	0.226	0.174	0.491	0.2495
1.076	-0.305	-1.217	-0.515	1.6025
0.797	-0.004	-0.571	0.035	0.9675
1.541	1.673	1.294	-1.147	0.31299999999999994
1.385	0.825	0.105	0.165	1.0
0.956	0.681	0.44	-0.143	0.3785
0.71	0.149	-0.462	-1.032	0.8915
0.877	0.655	0.791	-0.699	-0.025000000000000022
1.687	1.495	0.408	-0.44	1.1830000000000003
1.274	0.179	-0.417	-0.614	1.1435
1.207	0.618	-0.435	0.624	1.3475000000000001
1.23	1.116	1.694	0.1	-0.5209999999999999
1.7	0.73	0.875	1.042	0.33999999999999986
0.884	0.511	1.238	1.207	-0.5405
0.984	0.749	0.195	-0.359	0.6715
1.236	1.022	1.279	-0.28	-0.1499999999999999
1.151	0.426	-0.398	0.01	1.1865
1.253	1.057	1.786	0.498	-0.6310000000000002
1.618	0.829	0.401	1.402	0.8225
0.844	-0.076	-0.002	0.722	0.386
1.761	1.215	-0.176	-0.01	1.664
1.528	1.11	0.564	-0.113	0.755
1.65	1.246	0.913	0.449	0.5349999999999999
1.652	1.249	0.824	0.379	0.6265
1.358	0.613	-0.279	-0.03	1.2645
1.116	0.996	1.167	0.413	-0.11099999999999999
0.764	0.605	0.798	0.886	-0.11350000000000005
1.171	1.066	0.721	0.797	0.3975000000000001
0.252	-0.214	1.051	0.773	-1.032
0.664	0.135	0.306	0.075	0.09350000000000003
0.497	0.461	0.761	1.166	-0.28200000000000003
1.411	1.093	0.992	-0.87	0.26
1.471	0.842	0.243	-0.343	0.9135000000000001
1.181	0.845	0.181	0.467	0.8319999999999999
1.579	1.34	0.193	-0.268	1.2665
1.402	0.684	0.49	0.109	0.5529999999999999
0.946	0.805	0.348	1.323	0.5275
0.679	-0.042	0.282	0.686	0.03650000000000003
1.493	0.366	-0.611	0.203	1.5405
1.179	0.88	-0.33	0.156	1.3595000000000002
1.171	0.958	0.232	-0.74	0.8325
0.394	-0.325	-1.008	1.103	1.0425
1.293	0.466	0.206	1.26	0.6735
-0.33	-0.805	-0.109	1.635	-0.4585
0.992	0.502	0.226	-0.299	0.521
0.212	0.273	-0.07	-0.131	0.3125
1.28	0.528	-0.565	-1.087	1.4689999999999999
1.972	1.155	0.064	1.264	1.4994999999999998
1.109	1.101	1.436	0.873	-0.33099999999999996
0.812	0.419	-0.706	-0.561	1.3215
1.259	1.065	0.844	-0.419	0.31799999999999995
1.514	0.704	0.821	0.49	0.28800000000000003
0.195	0.597	0.892	0.803	-0.496
0.238	-0.051	-0.326	-0.793	0.4195
0.692	-0.687	-0.347	-0.428	0.3494999999999999
1.947	1.359	1.555	0.094	0.09800000000000009
1.124	0.8	0.292	-0.655	0.6700000000000002
0.961	0.213	-0.423	0.587	1.01
1.039	1.286	1.577	1.377	-0.41449999999999987
0.906	0.897	-1.121	-0.662	2.0225
1.342	0.627	-0.67	-0.209	1.6545
0.948	0.371	1.296	1.559	-0.6365000000000001
1.033	1.177	1.044	1.322	0.06099999999999994
1.733	0.77	0.229	-0.058	1.0225
0.92	0.683	-0.193	-1.457	0.9945000000000002
1.29	1.071	0.082	-0.95	1.0984999999999998
1.183	1.28	1.196	0.252	0.03550000000000009
0.66	0.309	0.376	0.075	0.10850000000000004
1.102	0.431	0.63	1.04	0.13650000000000007
0.71	0.764	1.099	0.619	-0.362
0.609	0.15	-0.049	-0.49	0.4285
1.317	0.723	0.21	-1.233	0.81
0.721	0.395	-0.108	-0.067	0.666
0.556	-0.18	-0.409	0.223	0.597
1.212	0.939	-0.139	-0.297	1.2145
0.892	0.34	-0.348	-0.048	0.964
1.048	0.263	-0.584	0.479	1.2395
-0.24	-0.684	-0.119	-0.161	-0.343
0.669	0.531	-0.435	0.629	1.0350000000000001
1.227	0.818	0.534	-0.534	0.48849999999999993
0.995	1.166	1.393	0.58	-0.3125
0.646	0.292	-0.366	0.462	0.835
1.049	0.466	0.224	-0.389	0.5335
1.149	0.725	0.897	0.147	0.040000000000000036
0.727	1.042	1.376	0.692	-0.4914999999999998
0.64	0.906	1.29	0.972	-0.517
1.518	0.9	0.758	-0.439	0.45100000000000007
1.071	0.584	0.336	0.04	0.4914999999999999
0.23	-0.31	-0.006	1.316	-0.033999999999999996
1.365	1.14	0.769	-0.102	0.48349999999999993
0.513	0.875	1.594	0.738	-0.9000000000000001
0.699	-0.085	-0.265	0.607	0.5720000000000001
0.986	-0.121	-0.763	-0.503	1.1955
1.28	1.418	1.11	0.229	0.23899999999999988
0.735	0.588	0.957	0.975	-0.2955
0.84	0.556	0.502	-0.473	0.19599999999999995
1.271	0.39	0.053	-0.964	0.7775
0.823	-0.25	-0.796	0.676	1.0825
0.873	0.283	0.311	0.941	0.26699999999999996
0.416	0.282	-0.295	-0.157	0.6439999999999999
0.138	-0.144	-0.538	-0.393	0.535
1.033	0.532	0.15	-1.01	0.6325
-0.131	-0.516	-0.029	-0.375	-0.2945
1.279	0.967	0.068	0.148	1.055
0.618	0.108	-0.17	-0.69	0.533
0.242	-0.346	-0.679	-0.116	0.627
0.687	0.27	-0.716	0.433	1.1945000000000001
1.786	1.12	-0.131	-0.641	1.584
0.555	0.637	0.56	0.745	0.03600000000000003
1.458	1.009	0.466	-0.011	0.7674999999999998
0.903	0.781	-0.381	-0.099	1.223
1.556	0.272	0.39	-0.601	0.524
0.655	0.287	-0.066	0.993	0.5369999999999999
0.927	1.13	-0.256	-0.406	1.2845
0.754	0.544	0.882	0.227	-0.23299999999999998
0.808	0.177	0.461	1.014	0.03150000000000003
1.1	0.919	0.137	-0.812	0.8725
0.41	0.283	-0.762	-0.227	1.1085
0.928	1.291	0.241	-0.247	0.8684999999999999
1.504	0.781	-0.202	0.129	1.3445
1.263	0.939	0.153	-0.298	0.948
0.658	0.309	-0.602	0.727	1.0855000000000001
1.627	0.211	-0.875	-0.142	1.794
0.886	0.061	-0.494	1.0	0.9675
1.534	1.343	1.087	0.021	0.3514999999999999
0.468	0.151	-0.226	-0.943	0.5355
1.614	1.215	0.59	0.759	0.8245000000000001
1.767	1.117	0.402	-0.643	1.04
1.201	-0.057	-0.358	0.957	0.93
0.764	0.335	-0.923	0.072	1.4725000000000001
0.699	-0.1	-0.935	-0.249	1.2345000000000002
0.98	1.14	1.035	-0.1	0.025000000000000133
1.559	0.496	-0.524	0.174	1.5514999999999999
0.46	0.357	1.307	-0.212	-0.8985
1.216	0.842	-0.029	-0.641	1.0579999999999998
1.332	1.3	0.08	0.596	1.236
1.231	0.039	-1.438	-0.222	2.073
0.941	0.914	1.153	0.613	-0.22550000000000003
1.616	1.245	1.015	-0.149	0.4155000000000002
0.816	0.828	0.823	0.202	-0.0010000000000000009
1.149	0.762	-0.007	-0.554	0.9625
0.577	0.937	0.052	-0.12	0.705
0.771	-0.054	0.114	0.707	0.2445
1.64	0.955	0.863	0.16	0.4344999999999999
1.105	0.4	0.331	0.732	0.42149999999999993
1.117	0.198	-0.573	-0.426	1.2305
2.054	0.964	-0.278	-0.619	1.787
1.243	1.295	1.072	0.401	0.19700000000000006
1.41	1.114	1.113	1.035	0.14900000000000002
0.667	0.295	0.192	-0.379	0.289
1.485	1.294	0.639	-0.858	0.7505
1.172	1.022	-0.418	-1.429	1.515
0.292	-0.2	-0.263	-0.532	0.309
1.436	0.851	0.051	-0.354	1.0925
0.945	1.111	0.432	-0.462	0.5960000000000001
0.927	0.748	0.066	-0.377	0.7715000000000001
1.209	1.018	-0.003	-0.577	1.1165
1.346	0.973	0.8	0.373	0.35949999999999993
0.732	0.316	0.76	1.287	-0.236
1.263	0.799	0.432	0.107	0.599
1.413	1.009	0.916	0.925	0.2949999999999998
1.502	1.033	0.037	0.139	1.2305000000000001
0.243	-0.811	-0.95	0.336	0.6659999999999999
0.492	0.381	0.339	-0.242	0.09749999999999998
1.015	0.037	-0.206	0.143	0.7319999999999999
0.946	0.257	-0.549	-0.505	1.1505
0.906	0.789	0.58	0.709	0.26750000000000007
0.885	0.637	0.903	0.561	-0.14200000000000002
1.299	0.504	0.177	-0.761	0.7244999999999999
1.339	1.126	0.6	0.493	0.6325
1.762	1.25	0.152	-0.818	1.354
1.233	0.39	-0.187	-0.601	0.9985000000000002
1.191	0.833	0.006	0.83	1.006
0.687	0.759	0.725	-0.249	-0.0019999999999998908
0.564	-0.618	-0.227	0.476	0.19999999999999998
1.148	0.565	0.041	-0.196	0.8154999999999999
1.197	0.764	-0.308	-0.371	1.2885
0.724	0.035	-0.01	0.215	0.3895
1.523	0.545	-0.069	0.472	1.103
2.009	1.288	-0.301	0.34	1.9494999999999998
0.988	0.528	-0.215	-0.237	0.973
1.218	0.865	0.806	-0.098	0.23550000000000004
0.944	0.976	1.087	-0.621	-0.127
1.007	0.977	0.944	1.041	0.04800000000000004
0.916	0.403	-0.537	-0.511	1.1965
0.494	0.887	1.54	1.816	-0.8495
1.417	0.683	1.052	0.28	-0.0020000000000000018
1.344	0.729	-0.118	-0.73	1.1545
1.907	1.456	-0.006	-0.78	1.6875
1.009	0.845	0.009	-0.263	0.9179999999999999
0.499	0.087	-0.136	-0.785	0.429
0.985	0.375	0.255	-0.026	0.42499999999999993
0.493	0.392	0.805	-0.53	-0.36250000000000004
1.603	1.033	0.087	-0.66	1.231
1.267	0.956	0.36	0.081	0.7515
0.563	-0.6	-1.242	-0.106	1.2235
0.846	0.265	-0.369	-0.624	0.9245
-0.298	-0.581	-0.151	-0.8	-0.2885
1.047	0.743	-0.098	0.143	0.993
1.494	0.899	-0.661	-1.257	1.8575
1.275	1.329	0.233	-0.043	1.069
1.585	0.846	0.306	-0.948	0.9095
0.886	0.309	0.587	-1.072	0.010500000000000065
1.007	0.488	0.302	-0.211	0.44549999999999995
0.796	-0.114	-0.557	-0.079	0.8980000000000001
0.773	0.41	0.642	0.238	-0.05049999999999999
1.269	1.671	1.302	-0.068	0.16799999999999993
1.238	0.861	0.844	-0.213	0.20550000000000013
0.671	0.844	0.52	0.707	0.23750000000000004
1.407	0.357	-0.724	-0.142	1.6059999999999999
1.121	0.471	-0.932	-1.607	1.7280000000000002
0.299	0.054	0.104	0.44	0.0725
1.015	0.728	0.147	-0.719	0.7244999999999999
0.913	0.216	0.455	1.17	0.10949999999999999
1.198	0.553	0.103	1.312	0.7725
1.059	0.479	0.398	0.109	0.3709999999999999
0.608	0.11	0.142	0.02	0.217
1.454	1.121	1.083	0.559	0.20450000000000013
1.224	0.524	0.961	1.109	-0.08699999999999997
1.133	0.563	0.526	-0.011	0.32199999999999995
1.092	0.707	0.901	-0.667	-0.0015000000000000568
0.94	-0.082	0.343	0.436	0.08599999999999997
1.311	0.749	-0.5	-0.073	1.53
1.016	0.314	0.148	-0.408	0.517
1.151	0.873	0.7	1.099	0.31200000000000006
0.213	-0.944	-0.558	0.145	0.19250000000000006
1.808	1.122	0.276	0.635	1.189
1.019	1.148	0.282	0.636	0.8014999999999999
1.025	0.11	0.461	0.634	0.10649999999999998
0.012	-0.294	-0.118	0.192	-0.022999999999999993
1.237	0.796	1.075	0.124	-0.058499999999999774
0.837	0.391	-0.395	-0.885	1.009
1.194	1.214	0.923	-0.068	0.2809999999999999
1.014	-0.062	-0.171	0.861	0.647
1.398	1.288	1.487	0.03	-0.14400000000000013
0.691	-0.107	-0.15	-0.502	0.44199999999999995
1.374	0.873	1.302	0.222	-0.1785000000000001
0.909	0.739	0.411	-0.432	0.4130000000000001
1.296	1.199	0.053	-0.546	1.1945000000000001
1.948	0.87	-0.473	0.499	1.8820000000000001
1.508	1.125	-0.654	-1.093	1.9705
1.033	0.538	0.17	0.235	0.6154999999999999
0.712	0.193	-0.655	-0.707	1.1075
1.143	0.896	0.958	0.39	0.06150000000000011
1.032	0.427	-0.387	0.433	1.1165
1.057	0.202	0.469	-0.083	0.16049999999999998
0.628	0.72	-0.438	0.604	1.1119999999999999
0.753	0.063	-0.196	0.468	0.6040000000000001
1.346	0.814	-0.338	-0.467	1.4180000000000001
1.059	0.822	0.45	0.513	0.4904999999999999
1.887	1.901	0.812	-0.409	1.082
1.024	1.002	0.808	-0.472	0.20499999999999985
1.016	1.108	0.132	-0.327	0.93
1.509	0.959	0.003	-0.339	1.231
1.845	1.677	0.559	-0.9	1.202
1.411	0.623	0.127	0.898	0.8899999999999999
1.083	0.397	0.113	1.272	0.627
1.301	0.693	0.711	1.083	0.2859999999999999
0.567	0.443	0.196	-0.08	0.309
0.264	0.058	-0.311	-0.151	0.472
0.936	0.657	1.61	0.661	-0.8135000000000001
1.299	0.299	0.177	-0.701	0.6219999999999999
0.861	0.616	0.956	0.884	-0.21750000000000003
1.24	1.279	0.854	0.007	0.4055000000000001
1.452	0.64	0.239	-1.162	0.807
0.935	0.483	-0.301	-0.821	1.01
0.511	-0.243	-0.134	-0.831	0.268
1.568	0.832	0.356	-0.996	0.844
0.887	0.064	-0.102	-0.698	0.5775
0.979	0.443	-0.232	-0.222	0.943
1.336	0.238	0.077	1.12	0.7100000000000001
0.878	0.738	0.373	-0.511	0.43500000000000005
0.766	0.001	-0.152	-0.079	0.5355
0.254	-0.381	-0.059	-0.716	-0.004500000000000004
1.738	0.408	-0.44	-0.966	1.513
1.483	1.337	-0.008	-0.698	1.4180000000000001
0.907	0.724	0.126	-0.225	0.6895
1.215	0.572	-0.327	-0.87	1.2205
0.446	0.099	0.037	1.395	0.23550000000000001
0.816	0.519	-0.398	-0.522	1.0655000000000001
0.594	0.143	0.719	1.439	-0.3505
0.875	0.919	1.129	0.284	-0.23199999999999998
0.873	0.984	1.189	0.51	-0.26050000000000006
1.242	1.235	0.47	0.573	0.7685000000000002
0.552	0.832	-0.275	0.309	0.967
0.971	0.054	-0.089	-0.061	0.6014999999999999
0.896	0.398	0.307	-1.103	0.34
0.833	0.878	-0.793	-0.227	1.6484999999999999
1.3	0.93	-0.143	-0.16	1.258
1.306	0.389	-0.513	-0.956	1.3605
0.669	0.183	-0.801	0.95	1.227
1.422	1.205	0.425	-0.984	0.8884999999999998
0.918	0.006	-0.136	0.325	0.5980000000000001
1.038	0.18	-1.337	0.954	1.946
1.526	0.923	0.615	-1.169	0.6094999999999999
1.498	0.363	-0.554	-0.739	1.4845000000000002
1.531	1.07	-0.073	-0.155	1.3735
1.414	0.835	-0.166	-0.243	1.2904999999999998
1.351	1.371	1.57	0.346	-0.20900000000000007
0.73	0.679	0.239	0.448	0.4655
1.038	0.053	-1.649	-0.31	2.1945
0.939	0.675	1.623	1.305	-0.8160000000000001
1.701	0.573	0.485	0.909	0.652
0.936	0.081	-0.803	-1.029	1.3115
0.807	-0.016	-0.954	0.131	1.3495
0.438	-0.128	0.248	0.473	-0.093
0.273	-0.238	-0.345	-0.28	0.3625
0.43	-0.482	-0.279	0.015	0.253
1.746	1.14	1.348	-0.236	0.09499999999999997
0.662	-0.066	-0.171	0.552	0.4690000000000001
1.088	0.145	0.078	-0.306	0.5385000000000001
0.108	0.334	0.689	0.585	-0.46799999999999997
1.685	1.159	0.641	0.167	0.7810000000000001
1.579	0.929	0.635	-0.556	0.619
1.63	1.388	1.289	0.977	0.21999999999999997
1.034	0.654	1.277	1.513	-0.43299999999999983
1.332	0.934	-1.032	-0.294	2.165
0.852	0.274	0.632	-0.448	-0.06900000000000006
1.083	0.164	-0.314	0.327	0.9375
0.818	0.74	0.063	-0.382	0.716
1.651	1.358	1.336	0.173	0.1685000000000001
0.624	-0.306	-1.307	-0.827	1.466
1.093	1.325	0.308	0.182	0.901
0.141	-0.3	0.028	0.786	-0.1075
1.105	0.631	0.151	0.048	0.717
1.204	-0.35	-1.356	-0.206	1.7830000000000001
0.745	0.426	-0.008	0.746	0.5935
0.959	0.546	1.357	0.224	-0.6045
1.467	0.754	-0.106	-0.903	1.2165000000000001
-0.091	-0.034	0.107	0.317	-0.16949999999999998
1.118	1.525	1.469	0.56	-0.1475000000000002
0.914	0.936	1.122	0.104	-0.19700000000000006
0.737	-0.289	-0.648	-0.058	0.872
0.858	0.632	-0.324	-1.295	1.069
0.576	-0.652	-1.225	-0.59	1.187
0.453	0.117	0.771	0.138	-0.486
1.462	1.352	0.017	-0.022	1.3900000000000001
1.23	0.576	-0.023	0.603	0.926
1.06	0.636	-1.055	0.061	1.903
0.699	-0.18	0.035	-0.995	0.22449999999999995
0.854	0.739	1.118	0.29	-0.3215000000000001
1.217	0.426	-0.597	-0.689	1.4184999999999999
1.278	0.824	0.626	0.543	0.42499999999999993
1.558	1.065	1.173	-0.01	0.13850000000000007
0.888	0.652	0.062	-0.7	0.708
1.021	-0.378	-0.62	0.734	0.9415
0.412	0.29	0.315	0.07	0.035999999999999976
1.613	1.097	-0.293	-0.659	1.648
0.21	-0.005	0.011	0.198	0.0915
0.802	0.104	-0.272	1.235	0.7250000000000001
1.499	1.086	0.292	0.332	1.0005
1.029	0.544	1.622	0.563	-0.8355000000000001
1.461	0.636	-0.115	-0.936	1.1635
0.939	-0.322	-0.698	-0.199	1.0065
1.369	0.773	0.641	-0.02	0.42999999999999994
1.555	1.255	0.489	0.128	0.9159999999999998
0.83	-0.213	0.87	1.443	-0.5615
1.162	0.777	0.118	-0.233	0.8515
0.674	0.824	0.765	0.219	-0.016000000000000014
1.368	0.968	-0.34	-0.017	1.5080000000000002
2.267	1.279	-0.177	0.303	1.95
0.458	-0.104	-0.818	-0.616	0.995
1.363	1.195	0.678	-0.034	0.6009999999999999
0.353	-0.106	-0.451	0.089	0.5745
1.428	0.851	0.847	0.147	0.2925
0.654	0.198	-0.009	0.674	0.43500000000000005
1.151	0.476	0.425	-0.105	0.3885
1.075	1.091	0.548	-0.334	0.5349999999999999
1.139	0.366	-1.048	0.208	1.8005
0.451	0.538	0.202	-0.146	0.29250000000000004
1.271	0.501	0.402	0.333	0.4839999999999999
2.109	1.182	0.04	0.996	1.6055
-0.27	-0.71	-0.533	0.758	0.04300000000000004
1.404	0.92	1.111	0.255	0.050999999999999934
1.892	1.147	0.807	0.804	0.7124999999999998
1.306	0.095	-0.281	0.927	0.9815
1.301	0.053	-0.602	-1.388	1.279
0.758	0.451	0.552	0.726	0.05249999999999999
1.536	0.936	-0.556	-0.228	1.792
0.2	-0.297	-0.223	-0.772	0.17450000000000002
1.097	0.369	-0.172	-0.933	0.905
1.038	-0.066	-0.405	-0.772	0.891
1.471	1.234	-0.033	-0.791	1.3855
0.841	0.134	-1.028	0.232	1.5155
0.349	-0.343	-0.427	-0.116	0.42999999999999994
1.315	1.141	1.14	0.728	0.08800000000000008
0.137	-0.931	-0.153	-0.229	-0.24400000000000002
1.492	0.656	-0.199	-0.535	1.2730000000000001
0.587	0.103	0.543	-0.15	-0.19800000000000006
0.728	0.52	0.475	0.91	0.14900000000000002
1.499	0.89	1.015	-0.541	0.17950000000000021
1.356	1.06	0.598	1.493	0.6100000000000002
0.938	0.641	0.909	0.354	-0.11950000000000005
1.356	0.693	0.793	-0.481	0.23149999999999993
0.107	0.365	-0.025	0.256	0.261
0.214	-0.676	-1.085	-0.402	0.8539999999999999
0.469	-0.196	-0.408	-0.213	0.5445
1.322	0.855	-0.335	-0.51	1.4235
0.722	0.448	-0.281	-0.24	0.866
1.217	0.778	-0.09	0.106	1.0875000000000001
0.919	-0.232	-0.526	1.13	0.8695
1.232	0.638	0.427	0.033	0.508
0.259	0.244	-0.034	-0.048	0.2855
1.488	0.452	0.307	-0.434	0.663
1.238	0.5	0.512	0.071	0.357
1.563	1.03	0.253	0.018	1.0434999999999999
0.921	0.709	-0.15	0.012	0.965
0.915	-0.486	-1.166	0.046	1.3805
0.724	-0.009	-0.575	0.017	0.9324999999999999
1.714	1.303	1.131	0.567	0.37749999999999995
0.789	0.142	0.7	0.826	-0.23449999999999993
1.359	0.538	0.277	-0.001	0.6715
-0.1	-1.015	-0.644	1.156	0.08650000000000002
-0.04	-0.336	0.005	-0.026	-0.193
0.499	-1.037	-1.451	-0.365	1.1820000000000002
0.995	0.525	-0.233	-0.597	0.993
0.804	0.363	-0.181	-0.578	0.7645
0.763	0.824	1.943	1.056	-1.1495000000000002
0.607	0.404	-0.27	-0.61	0.7755000000000001
0.754	-0.082	-0.696	-0.64	1.032
1.082	1.097	0.887	0.248	0.20250000000000012
1.307	0.582	-0.318	1.582	1.2625
1.072	1.038	0.015	-0.359	1.0400000000000003
1.311	0.697	0.472	0.15	0.532
0.621	0.602	0.629	-0.34	-0.01750000000000007
0.403	-0.587	0.008	-1.03	-0.09999999999999998
0.426	0.36	0.765	0.718	-0.372
0.568	-0.458	-0.467	0.623	0.522
1.126	1.039	-0.264	-0.185	1.3465
1.256	1.157	0.504	1.331	0.7025000000000001
0.787	0.581	-1.116	0.408	1.8
1.95	1.394	0.709	-0.044	0.963
1.039	0.205	-0.22	0.357	0.842
1.432	1.111	1.157	0.667	0.11450000000000005
0.52	0.522	0.06	0.365	0.461
1.241	0.55	-0.117	0.193	1.0125000000000002
0.529	0.391	0.16	0.225	0.30000000000000004
1.347	0.924	0.821	0.39	0.3145
0.934	0.634	1.353	0.288	-0.569
1.619	1.147	0.007	-0.448	1.3760000000000001
0.653	-0.163	-0.972	1.227	1.217
1.493	1.2	0.409	0.741	0.9375
1.479	1.033	0.386	0.448	0.87
1.874	1.045	1.584	0.995	-0.12450000000000006
1.019	0.743	0.447	0.316	0.434
0.891	0.302	0.282	0.15	0.31450000000000006
0.09	0.391	0.826	-0.41	-0.5854999999999999
0.759	0.716	0.664	0.241	0.07350000000000001
-0.023	0.031	0.108	0.271	-0.104
0.743	0.394	0.141	-0.101	0.4275
0.106	0.366	-0.67	-0.405	0.906
-0.366	-0.034	-0.153	-0.234	-0.047000000000000014
1.47	0.692	-0.228	-0.753	1.309
1.355	1.025	1.101	-0.136	0.08899999999999997
1.204	1.035	1.33	-0.617	-0.21050000000000013
0.532	0.306	0.058	0.941	0.36100000000000004
0.373	0.089	-0.304	-1.05	0.5349999999999999
1.444	0.714	-0.172	0.382	1.251
1.298	0.829	0.664	1.01	0.39949999999999986
1.247	0.641	0.589	0.906	0.3550000000000001
1.163	0.164	-0.904	0.908	1.5675
0.979	0.918	0.842	-0.062	0.10650000000000004
1.515	0.677	0.198	-0.028	0.8980000000000001
0.779	0.576	0.77	0.803	-0.09250000000000003
1.386	0.909	0.824	0.934	0.3235
1.9	1.375	1.199	1.285	0.4384999999999999
0.652	0.117	0.306	-0.321	0.07850000000000001
1.151	0.33	-1.117	-0.892	1.8575
0.528	-0.47	-0.986	0.079	1.0150000000000001
0.107	-0.009	0.199	0.625	-0.15000000000000002
0.859	0.238	-0.63	-0.177	1.1785
1.315	1.189	0.611	0.376	0.641
0.692	0.863	0.871	0.565	-0.09350000000000003
0.396	0.34	0.68	0.704	-0.31200000000000006
0.826	0.308	0.655	-0.86	-0.08800000000000008
1.398	0.465	0.113	0.422	0.8185
0.549	0.573	0.85	0.432	-0.28900000000000003
0.395	0.576	0.752	0.75	-0.2665
1.323	0.759	0.692	0.198	0.349
0.031	-0.48	0.085	1.033	-0.3095
0.887	-0.411	-0.761	-0.352	0.999
1.28	1.066	0.212	-0.766	0.9610000000000001
-0.193	-1.002	0.173	0.679	-0.7705
0.853	-0.073	-0.289	0.102	0.679
1.465	0.13	0.218	0.612	0.5795000000000001
0.701	0.199	-0.039	0.66	0.48899999999999993
0.886	0.449	0.322	0.096	0.3455
0.951	1.012	-0.04	0.265	1.0215
1.729	0.723	-0.549	-0.304	1.775
1.322	0.755	-0.265	-0.62	1.3035
1.585	1.28	0.283	-1.171	1.1495000000000002
1.226	0.542	-0.474	-0.785	1.358
0.423	0.255	0.512	0.033	-0.17300000000000004
1.536	1.555	0.689	-0.624	0.8565000000000002
1.344	0.665	0.675	0.421	0.3295000000000001
0.943	0.619	-0.053	-0.375	0.834
1.308	0.793	0.671	0.727	0.37949999999999995
0.536	-0.176	-0.538	-0.335	0.7180000000000001
1.083	0.705	-0.116	0.485	1.01
1.468	0.124	-0.427	-0.099	1.223
1.302	0.886	-0.465	-0.207	1.5590000000000002
1.139	0.38	-0.35	-0.13	1.1095000000000002
0.568	0.375	0.557	0.318	-0.08550000000000008
0.045	-0.042	0.251	0.723	-0.2495
1.188	0.186	-0.69	-0.482	1.3769999999999998
1.018	0.678	-0.193	-0.428	1.0410000000000001
0.74	0.849	-0.957	-0.625	1.7515
0.826	0.57	0.285	0.319	0.413
0.927	1.322	0.758	1.454	0.36650000000000005
0.892	0.352	-0.014	0.602	0.636
1.245	1.199	1.153	0.266	0.06899999999999995
0.863	0.833	1.237	1.335	-0.3890000000000001
0.386	0.001	-0.589	0.582	0.7825
1.682	0.791	0.259	0.722	0.9774999999999999
0.894	0.501	0.355	-0.78	0.3425
1.185	0.592	-0.858	-0.721	1.7465000000000002
0.552	0.099	0.113	-0.099	0.21250000000000002
0.666	0.13	-0.409	0.839	0.8069999999999999
0.82	0.093	-0.808	-1.037	1.2645
0.532	0.093	0.486	0.757	-0.1735
1.295	0.426	-0.142	0.479	1.0025
0.524	0.793	1.105	0.389	-0.4464999999999999
1.505	0.539	0.863	0.782	0.15900000000000003
0.866	-0.261	0.348	1.021	-0.045499999999999985
0.474	-0.05	-0.339	-0.198	0.551
1.893	1.432	0.305	0.578	1.3575000000000002
1.111	1.01	-0.04	1.32	1.1005
1.589	1.414	1.083	-0.342	0.4185000000000001
0.749	0.427	0.357	-0.909	0.23099999999999998
1.282	0.706	0.635	0.901	0.359
2.128	1.071	0.863	0.124	0.7364999999999999
0.799	0.809	1.059	-0.47	-0.2549999999999999
1.09	0.861	0.93	0.95	0.045499999999999985
1.561	0.933	0.277	0.268	0.9699999999999999
1.611	1.277	0.564	-0.907	0.88
1.074	0.625	1.176	0.917	-0.3264999999999999
0.99	0.88	0.217	0.006	0.7180000000000001
0.715	0.533	0.575	0.508	0.049000000000000044
0.653	-0.055	-0.259	0.051	0.558
0.975	0.833	0.895	0.47	0.008999999999999897
1.3	0.736	0.497	-0.183	0.521
1.095	-0.017	-1.656	-1.399	2.195
1.566	-0.321	-1.219	-0.372	1.8415000000000001
0.904	0.73	1.775	0.431	-0.958
1.059	0.21	-0.555	-0.762	1.1895
1.417	0.802	-0.797	-1.601	1.9065000000000003
1.306	1.302	1.638	-0.024	-0.33399999999999985
1.541	0.989	0.426	0.393	0.839
1.238	-0.036	-0.686	-0.471	1.287
1.245	-0.08	-0.716	-1.116	1.2985
1.497	1.231	1.363	-0.387	0.001000000000000112
0.681	0.627	0.133	0.139	0.521
0.506	0.233	0.143	-0.099	0.2265
1.323	0.984	0.939	0.089	0.21450000000000002
1.291	1.514	0.875	0.585	0.5274999999999999
1.031	-0.375	-0.704	0.947	1.032
0.507	0.347	0.127	0.502	0.3
1.107	0.755	0.507	0.254	0.42400000000000004
1.416	1.375	0.362	-0.48	1.0335
0.448	0.29	-0.846	0.125	1.2149999999999999
0.745	0.222	-0.363	-0.195	0.8465
0.99	-0.362	-0.586	-0.213	0.8999999999999999
0.194	-0.284	-0.538	0.023	0.49300000000000005
1.141	0.358	0.455	1.336	0.29450000000000004
1.734	0.938	0.045	0.121	1.291
1.46	0.942	-0.132	-0.095	1.3330000000000002
0.982	0.221	0.1	0.392	0.5015000000000001
1.105	0.857	0.097	-0.664	0.884
1.161	1.0	0.889	0.666	0.1915
1.127	0.757	1.301	1.389	-0.359
1.132	0.778	-0.219	-0.651	1.174
0.861	0.678	0.559	0.24	0.21050000000000002
1.06	0.464	0.919	0.624	-0.15700000000000003
0.179	-0.169	-0.232	-0.619	0.237
2.046	0.576	-0.027	-0.501	1.3379999999999999
1.146	0.793	-1.063	-0.329	2.0324999999999998
1.131	0.676	0.605	1.028	0.2985
1.237	0.822	0.202	0.081	0.8275000000000001
1.146	0.851	0.855	0.015	0.14349999999999996
1.192	0.064	-0.818	-0.278	1.446
0.753	-0.996	-1.573	0.929	1.4515
0.834	0.562	0.721	0.731	-0.02300000000000002
0.662	0.507	1.264	0.692	-0.6795
0.688	0.289	-0.394	0.432	0.8825
0.861	0.721	0.295	-0.448	0.49599999999999994
1.731	1.04	-0.531	-1.078	1.9165
1.448	1.309	0.716	-0.627	0.6624999999999999
0.088	-0.362	-1.121	-0.407	0.984
1.493	0.42	-0.687	-0.12	1.6435
0.096	-0.051	-0.459	-0.326	0.48150000000000004
1.047	0.5	-0.069	-1.112	0.8425
1.131	0.704	-0.021	-0.882	0.9385
0.357	0.863	0.744	0.02	-0.134
1.195	0.459	1.131	0.079	-0.30399999999999994
1.13	0.926	0.982	1.07	0.04600000000000004
0.915	0.582	-0.88	-0.065	1.6284999999999998
1.643	0.453	-0.196	0.328	1.244
0.696	0.349	-0.145	-0.458	0.6675
1.05	0.935	0.89	-0.493	0.10250000000000004
0.537	0.27	0.343	0.093	0.0605
0.796	0.345	-0.495	-0.097	1.0655000000000001
1.124	0.474	0.006	0.171	0.793
1.143	1.033	0.244	-0.496	0.8440000000000001
0.885	0.567	-0.208	0.402	0.9339999999999999
1.052	0.662	-0.137	0.714	0.994
1.301	0.796	0.633	-0.473	0.4155
1.08	0.805	0.847	0.856	0.09550000000000014
0.637	0.055	-0.307	0.956	0.653
0.596	-0.193	-0.757	-0.419	0.9585
0.999	0.475	0.412	-0.064	0.325
1.238	1.011	0.726	0.031	0.39849999999999985
0.644	0.31	0.221	1.072	0.256
0.654	0.647	0.781	0.695	-0.13049999999999995
0.93	1.162	1.126	0.736	-0.07999999999999985
1.014	0.542	-0.098	0.75	0.876
0.829	0.104	-0.371	-0.039	0.8374999999999999
1.709	0.699	-0.411	-0.653	1.615
0.647	0.358	-1.035	-0.624	1.5374999999999999
0.955	0.83	0.741	-0.045	0.15149999999999997
0.685	0.247	-0.351	0.02	0.817
0.9	0.664	0.416	0.024	0.36600000000000005
0.864	0.274	0.12	-0.454	0.44899999999999995
1.002	0.047	-0.896	0.237	1.4205
1.251	0.92	0.612	0.042	0.4734999999999999
1.401	0.97	0.335	0.876	0.8505
1.751	1.555	0.902	-0.031	0.751
1.16	1.014	0.413	-0.417	0.6739999999999999
0.671	0.982	0.841	-0.563	-0.014499999999999957
0.965	0.182	-0.093	-0.701	0.6665
1.437	0.388	0.32	0.068	0.5925
1.493	1.269	0.789	-0.244	0.592
0.975	0.795	-0.01	-0.29	0.895
0.888	0.115	-0.84	-0.063	1.3415
0.173	-0.605	-1.142	-0.609	0.9259999999999999
0.36	-0.474	0.092	-0.203	-0.149
1.409	0.942	0.824	0.388	0.35150000000000003
0.589	0.451	1.099	-0.044	-0.579
0.7	0.193	0.434	-1.213	0.012500000000000011
2.047	1.762	0.752	0.999	1.1525
0.978	0.757	-0.565	-0.101	1.4324999999999999
1.139	1.454	1.259	0.033	0.03750000000000009
1.525	1.492	1.47	1.406	0.03849999999999998
0.532	1.334	1.553	1.038	-0.6199999999999999
0.682	-0.279	-0.643	1.103	0.8445
0.746	0.807	0.245	0.354	0.5315
1.712	0.934	-0.352	-1.213	1.6749999999999998
0.941	0.514	0.187	-0.42	0.5405
0.909	0.369	-0.107	-0.149	0.746
0.852	0.694	0.525	0.6	0.2479999999999999
1.293	0.643	-0.085	-0.879	1.053
1.429	1.123	0.405	-0.59	0.871
-0.017	-0.688	-0.077	1.567	-0.27549999999999997
1.024	1.245	0.684	0.169	0.4505
0.84	0.409	1.183	1.095	-0.5585000000000001
1.236	0.943	-0.037	-0.371	1.1264999999999998
1.921	0.732	0.012	1.019	1.3145
1.297	0.828	-0.307	-0.028	1.3695
1.074	0.141	0.116	0.423	0.49150000000000005
0.827	0.556	-0.191	-0.732	0.8825000000000001
0.043	-0.023	0.155	0.482	-0.145
1.685	0.857	-0.25	-0.312	1.521
0.635	-0.395	-0.856	0.492	0.976
1.056	0.455	-1.023	-1.291	1.7785
1.357	0.623	0.12	-0.722	0.87
0.742	0.129	0.311	-0.457	0.1245
1.218	0.887	0.277	1.298	0.7755
1.008	0.212	-1.083	0.263	1.693
1.218	1.253	1.479	0.779	-0.24350000000000005
1.577	0.611	-0.506	-0.316	1.5999999999999999
0.948	0.527	0.568	-0.733	0.1695000000000001
0.928	0.48	-0.029	0.271	0.733
-0.122	-0.034	0.589	0.758	-0.6669999999999999
1.822	1.15	1.096	0.276	0.3899999999999999
1.228	1.04	-0.122	0.009	1.2559999999999998
0.716	-0.039	-0.352	0.382	0.6904999999999999
0.443	0.566	0.417	0.688	0.08749999999999997
1.495	1.047	0.67	0.874	0.6009999999999999
1.012	0.986	0.49	1.294	0.509
1.82	1.152	-0.003	-0.177	1.4889999999999999
1.218	0.247	-0.225	0.685	0.9574999999999999
1.177	0.36	-0.726	-1.377	1.4945
0.611	0.569	0.051	0.058	0.5389999999999999
0.79	0.055	-0.719	-0.578	1.1415
1.293	0.55	-0.453	-0.956	1.3745
1.536	1.92	-0.021	-0.151	1.7489999999999999
0.523	-0.069	0.156	-1.312	0.07100000000000001
1.067	0.889	1.847	0.708	-0.869
1.114	-0.419	-0.381	-0.08	0.7285
1.786	1.453	0.147	-0.736	1.4725
1.496	0.759	0.066	0.629	1.0614999999999999
1.834	1.787	0.872	-0.111	0.9385
1.479	0.93	1.312	0.2	-0.10749999999999993
0.815	0.727	-0.642	-0.619	1.4129999999999998
1.074	0.877	0.017	-0.43	0.9585
0.773	0.285	-0.328	0.46	0.857
1.071	0.831	0.232	0.236	0.719
1.506	1.652	1.151	0.467	0.42799999999999994
1.598	0.427	-0.588	-0.147	1.6004999999999998
1.073	0.802	0.235	-0.991	0.7025
0.958	1.106	0.941	0.791	0.09100000000000008
0.811	0.133	-0.363	0.281	0.835
1.098	0.622	-0.646	-1.138	1.5060000000000002
0.428	-0.165	-0.904	0.202	1.0355
1.338	1.04	0.899	-0.025	0.29000000000000004
0.774	0.435	-0.182	-0.48	0.7865
0.576	0.499	-0.342	-0.385	0.8795
0.223	0.085	-0.274	0.314	0.42800000000000005
0.721	-0.074	-1.077	0.037	1.4005
1.178	1.109	1.035	0.419	0.10850000000000004
0.626	1.046	1.91	1.491	-1.0739999999999998
1.355	1.211	0.611	0.315	0.6719999999999999
1.194	0.724	1.139	0.889	-0.18000000000000005
0.633	0.225	1.174	1.028	-0.7449999999999999
1.472	0.404	-0.434	-0.585	1.3719999999999999
1.669	1.632	0.724	-0.622	0.9265000000000001
0.997	0.728	1.191	0.002	-0.3285
1.232	0.824	0.329	-0.218	0.6990000000000001
1.209	0.838	-0.421	-0.064	1.4445000000000001
0.107	-0.051	-0.1	0.522	0.128
1.24	1.049	-0.45	0.192	1.5944999999999998
0.876	0.546	0.138	0.327	0.5730000000000001
-0.005	0.268	0.91	0.688	-0.7785
1.516	1.01	0.526	0.061	0.7369999999999999
0.956	-0.424	-1.179	-0.76	1.445
1.335	0.496	-0.746	-0.035	1.6615
1.767	1.289	1.336	-0.091	0.19199999999999995
1.093	0.506	-0.361	-0.913	1.1604999999999999
1.289	0.719	0.367	0.16	0.637
0.397	-0.679	0.448	1.569	-0.589
1.033	0.903	0.132	0.383	0.836
0.351	0.114	-0.001	0.324	0.23349999999999999
1.676	1.052	0.498	0.176	0.8659999999999999
0.945	0.789	0.812	0.798	0.05499999999999994
1.107	0.747	0.261	0.903	0.666
0.879	0.042	0.49	-0.377	-0.02949999999999997
1.157	0.662	-0.419	0.518	1.3285
0.888	0.86	0.276	0.772	0.598
1.127	1.557	1.333	1.215	0.009000000000000119
0.662	0.045	0.032	1.251	0.3215
0.659	0.538	-0.135	-1.129	0.7335
0.735	-0.489	0.126	1.379	-0.0030000000000000027
1.236	-0.013	-0.893	-1.084	1.5045000000000002
1.373	0.588	0.836	0.816	0.14449999999999996
0.997	0.849	0.4	-0.401	0.523
0.978	-0.089	-0.522	-0.153	0.9665
1.275	0.244	-0.384	0.295	1.1435
0.678	-0.538	-0.288	-0.043	0.358
1.304	0.705	0.634	0.432	0.37049999999999994
1.64	0.789	0.275	0.815	0.9394999999999999
0.532	-0.091	0.357	0.541	-0.13649999999999995
1.537	1.005	0.004	-0.547	1.267
1.321	0.402	-0.929	-0.853	1.7905
0.858	0.391	-0.479	-1.424	1.1035
1.126	1.045	1.194	0.128	-0.10850000000000004
1.328	0.881	0.915	0.983	0.1895
1.241	1.148	0.924	0.209	0.2705000000000001
1.114	1.109	1.452	0.702	-0.3405
1.22	0.331	0.183	-0.321	0.5925
1.421	0.404	-0.564	-0.43	1.4765000000000001
1.652	1.073	-0.012	-0.524	1.3744999999999998
1.0	1.117	0.095	-0.57	0.9635
1.219	0.807	0.019	0.579	0.9940000000000001
0.681	0.842	1.34	0.986	-0.5785
1.054	0.703	0.298	0.945	0.5805
1.042	0.305	-0.421	-1.239	1.0945
1.963	1.547	0.877	-1.099	0.8779999999999999
0.241	0.787	0.909	1.282	-0.395
1.088	0.894	0.852	-0.061	0.13900000000000012
0.837	0.01	-0.602	-0.997	1.0255
0.706	0.515	0.109	0.214	0.5015000000000001
1.329	1.406	0.245	-0.37	1.1225
0.702	0.153	0.088	0.309	0.3395
0.476	0.484	0.589	0.515	-0.10899999999999999
-0.046	-0.515	0.131	1.566	-0.41150000000000003
1.785	1.596	-0.366	0.297	2.0565
0.892	-0.12	-0.534	-0.386	0.92
2.156	1.568	1.545	0.492	0.31700000000000017
0.319	-1.039	-0.237	0.809	-0.123
1.756	1.267	0.653	0.111	0.8584999999999998
0.124	-0.197	-0.271	0.663	0.23450000000000001
1.186	0.196	-0.502	0.744	1.193
0.274	0.472	0.477	0.178	-0.10399999999999998
0.46	-1.123	0.016	0.301	-0.34750000000000003
1.247	0.248	0.237	1.624	0.5105000000000001
1.02	0.813	-0.506	-0.805	1.4224999999999999
1.21	0.481	0.545	0.913	0.3004999999999999
0.963	0.03	0.188	-0.101	0.3085
0.715	0.442	0.76	0.809	-0.1815
1.364	1.049	0.727	0.986	0.47950000000000015
0.504	-0.124	0.471	-0.267	-0.28099999999999997
1.142	0.783	0.521	0.365	0.4414999999999999
1.013	0.218	-0.343	0.585	0.9584999999999999
0.919	0.472	0.054	-0.153	0.6415
0.022	0.21	-0.029	0.632	0.145
1.568	1.98	0.929	-0.63	0.845
0.377	0.012	-0.424	-0.383	0.6185
0.799	0.401	-1.111	-0.19	1.711
1.461	0.431	-1.033	1.069	1.979
1.692	1.108	-0.444	-0.663	1.8439999999999999
0.869	1.178	0.352	-0.386	0.6714999999999999
1.216	0.945	0.135	-0.38	0.9455
1.028	0.572	-0.417	0.408	1.217
1.173	0.508	0.393	-0.815	0.4475
0.376	-0.063	-0.41	-0.039	0.5665
0.258	0.64	0.551	0.228	-0.10200000000000004
0.458	-0.364	-0.163	0.268	0.21000000000000002
0.257	0.313	0.507	-0.163	-0.22199999999999998
0.099	0.205	-0.109	0.128	0.261
1.529	1.074	0.296	-0.385	1.0054999999999998
0.678	-0.213	-0.428	-0.021	0.6605000000000001
1.053	0.116	-1.126	-1.064	1.7105
1.553	0.287	-0.593	-1.075	1.513
1.199	1.156	1.034	0.186	0.14349999999999996
0.793	0.14	0.061	1.017	0.4055
0.885	0.592	0.851	1.482	-0.11250000000000004
0.752	0.714	1.016	1.184	-0.28300000000000003
1.254	0.955	0.599	0.175	0.5055000000000001
1.176	0.769	0.065	-0.469	0.9075
1.614	1.106	1.22	0.425	0.14000000000000012
1.533	0.624	-0.585	-0.576	1.6635
0.733	-0.448	-1.169	-0.719	1.3115
0.784	0.794	-0.12	-0.066	0.909
1.613	1.093	0.079	-0.258	1.274
0.916	0.451	0.937	1.506	-0.25350000000000006
1.315	0.938	-0.133	-0.677	1.2595
1.344	0.994	0.457	0.562	0.712
1.072	1.283	1.797	1.027	-0.6194999999999999
-0.037	0.072	-0.126	-0.397	0.1435
0.916	0.476	0.417	0.301	0.27899999999999997
1.157	1.22	0.389	0.113	0.7994999999999999
1.908	1.247	-0.446	-0.904	2.0235000000000003
0.921	0.485	0.618	0.37	0.08500000000000008
1.214	0.887	0.621	-0.384	0.4295
1.331	1.389	0.95	0.128	0.4099999999999999
0.447	0.243	-0.348	-0.91	0.693
1.335	0.295	0.265	-0.026	0.5499999999999999
0.444	-0.151	-0.527	0.093	0.6735
0.369	-0.269	-0.137	-0.266	0.187
0.263	-0.034	0.233	0.041	-0.11850000000000001
0.297	-0.687	-0.711	-0.296	0.5159999999999999
0.551	-0.198	-0.612	0.517	0.7885
0.759	-0.351	-0.85	0.532	1.054
0.449	-0.227	-0.167	0.401	0.278
1.097	0.446	0.689	0.767	0.08250000000000002
1.351	0.691	-0.131	-0.526	1.152
0.971	0.59	0.465	0.811	0.31549999999999995
1.324	0.725	0.14	-0.093	0.8845
1.48	1.073	0.634	0.731	0.6425
1.084	0.47	0.398	-1.126	0.379
0.765	0.374	1.643	0.789	-1.0735000000000001
2.411	1.937	0.45	-0.327	1.724
1.573	1.498	0.556	0.241	0.9794999999999998
1.455	0.627	0.305	-0.317	0.736
1.519	1.45	0.597	-0.557	0.8875
1.022	0.099	-0.701	-0.084	1.2614999999999998
1.215	0.413	-0.472	0.091	1.286
0.122	-0.322	-0.59	-0.917	0.49
1.787	1.674	0.131	-0.386	1.5995
1.101	0.986	0.189	-0.06	0.8544999999999998
1.063	0.716	0.548	0.233	0.3414999999999999
0.604	0.326	-0.302	-0.584	0.7669999999999999
0.373	-0.159	-1.223	-0.455	1.33
1.344	1.214	0.837	0.216	0.44199999999999995
1.195	1.2	1.529	-0.131	-0.3314999999999999
0.866	0.586	0.99	1.174	-0.264
0.253	0.13	-0.079	0.605	0.2705
1.058	0.954	0.446	-0.249	0.56
0.722	0.399	-0.863	-0.008	1.4235
0.915	0.63	0.016	0.217	0.7565
2.138	1.308	0.231	-0.45	1.4919999999999998
1.092	1.052	1.196	0.162	-0.12399999999999989
0.15	-0.18	-0.093	0.997	0.078
1.405	0.227	-0.506	-1.044	1.322
0.789	1.258	0.904	0.664	0.11950000000000005
0.961	0.531	-0.137	0.436	0.883
0.628	-0.671	-0.534	1.047	0.5125
1.083	0.681	0.25	0.773	0.632
1.138	1.316	1.425	0.486	-0.19800000000000018
0.562	0.443	0.576	0.795	-0.0734999999999999
1.034	0.345	-0.533	1.231	1.2225000000000001
1.47	0.867	0.619	0.913	0.5494999999999999
1.431	1.181	0.098	-0.752	1.208
1.144	0.862	0.218	-0.533	0.7849999999999999
1.286	0.36	-0.645	-1.109	1.468
1.096	0.365	-0.367	-0.321	1.0975000000000001
-0.011	0.23	0.419	0.174	-0.3095
1.756	0.875	0.715	0.857	0.6005000000000001
0.972	0.34	-0.136	-0.906	0.792
1.295	0.196	-0.712	-0.346	1.4575
1.44	1.096	-0.354	1.247	1.6219999999999999
1.424	0.35	-0.457	-0.785	1.344
0.701	0.381	0.391	0.168	0.1499999999999999
0.615	0.669	0.514	0.645	0.128
1.253	0.716	-0.031	-0.758	1.0154999999999998
0.621	-0.736	-0.746	-0.083	0.6885
1.05	1.043	1.106	1.178	-0.05950000000000011
1.157	0.737	-0.189	0.27	1.1360000000000001
1.521	0.595	-0.57	-0.018	1.6279999999999997
0.773	-0.463	-0.933	0.483	1.088
1.275	0.663	-0.396	-0.535	1.365
-0.202	-0.438	1.317	0.41	-1.637
1.56	0.504	0.064	0.465	0.968
0.813	0.674	-0.584	-0.016	1.3275000000000001
2.044	0.615	-0.481	-0.44	1.8104999999999998
1.469	0.946	0.278	-0.061	0.9295
1.005	-0.138	-0.255	-0.09	0.6884999999999999
0.593	0.055	-0.241	-0.066	0.565
1.449	1.416	0.382	0.363	1.0505
0.869	0.399	0.459	0.519	0.175
0.3	-0.202	-0.306	0.816	0.355
-0.358	-0.093	0.568	-0.001	-0.7934999999999999
1.166	0.791	0.726	-1.26	0.25249999999999995
0.503	1.002	1.746	0.646	-0.9935
1.383	0.422	-0.109	-0.791	1.0115
0.331	-0.539	0.175	1.63	-0.279
1.637	1.096	0.741	-0.823	0.6255000000000001
0.424	0.785	-0.22	-0.664	0.8245
0.75	-0.342	-0.369	-0.392	0.573
1.453	0.895	0.955	1.068	0.21899999999999997
0.926	0.939	0.352	0.538	0.5805
1.186	0.67	0.886	0.635	0.041999999999999926
0.632	0.096	0.057	0.806	0.307
1.143	0.294	-0.089	-0.731	0.8075
1.14	0.845	1.23	0.197	-0.23750000000000004
1.604	0.697	-0.082	-0.83	1.2325000000000002
1.727	1.244	0.572	-0.466	0.9135000000000001
-0.06	-0.659	-0.973	-0.861	0.6134999999999999
0.845	-0.297	-1.416	-0.956	1.69
1.057	0.317	0.646	0.215	0.040999999999999925
0.438	0.786	1.126	-0.289	-0.5139999999999999
1.055	0.497	0.697	0.93	0.07900000000000007
1.147	0.721	0.342	0.043	0.5919999999999999
1.53	1.528	0.722	-0.104	0.8069999999999999
1.44	0.467	-0.52	0.369	1.4735
0.29	0.197	0.185	-0.198	0.058499999999999996
1.031	0.227	-0.421	0.556	1.05
1.589	1.032	0.521	-0.543	0.7895
1.191	0.651	0.61	-0.188	0.31100000000000005
1.848	1.279	0.503	0.021	1.0604999999999998
0.855	0.336	0.541	-0.098	0.05449999999999999
1.093	0.881	1.28	0.614	-0.29300000000000004
1.237	0.112	-0.599	-0.394	1.2735
1.205	-0.038	-0.649	-0.423	1.2325
1.479	1.378	1.137	0.94	0.2915000000000001
1.245	0.895	0.266	0.479	0.804
1.421	0.567	-0.498	-0.612	1.492
0.05	0.347	0.877	0.814	-0.6785
1.111	0.825	0.871	0.442	0.09699999999999998
1.395	1.487	0.495	-0.586	0.9460000000000001
1.601	1.513	1.467	0.282	0.08999999999999986
0.804	-0.316	-0.553	-1.467	0.797
0.871	1.248	1.302	0.016	-0.24250000000000016
1.553	0.725	0.015	-0.584	1.124
0.394	0.058	0.681	0.482	-0.45500000000000007
1.554	1.166	0.084	-0.276	1.2759999999999998
1.756	1.294	0.831	0.17	0.694
1.796	0.899	-0.046	0.378	1.3935000000000002
0.924	-0.146	-0.097	-0.046	0.486
0.852	0.629	0.381	-0.993	0.35949999999999993
1.639	0.748	0.127	0.105	1.0665
0.522	0.379	0.015	-0.385	0.4355
1.138	0.211	-1.114	0.38	1.7885
1.357	0.906	0.174	0.879	0.9575
1.599	1.124	1.53	0.552	-0.1685000000000001
0.998	0.731	0.641	0.165	0.22350000000000003
0.937	0.455	0.781	0.825	-0.08499999999999996
0.977	0.522	0.488	0.27	0.26150000000000007
1.037	0.788	0.597	-0.572	0.3155
-0.207	-0.699	-1.672	-0.92	1.2189999999999999
0.82	0.093	-0.248	-0.092	0.7044999999999999
0.818	0.526	-0.226	-0.023	0.8979999999999999
1.371	0.153	0.245	-0.426	0.517
1.05	0.46	-0.472	-0.552	1.2269999999999999
0.302	0.128	0.566	-0.316	-0.351
0.769	0.175	-0.963	1.486	1.435
1.551	1.404	0.204	0.14	1.2735
1.675	1.53	0.044	-1.276	1.5585
1.495	1.256	0.154	1.192	1.2215000000000003
0.545	0.839	1.492	0.315	-0.8
1.115	0.789	0.789	0.634	0.16299999999999992
0.805	1.018	0.911	0.857	0.0004999999999999449
0.667	-0.214	-0.653	0.326	0.8795000000000001
0.626	0.231	0.273	0.24	0.15549999999999997
1.135	0.979	0.349	-0.458	0.708
0.433	-0.322	0.891	1.185	-0.8355
0.759	0.095	-0.353	-0.531	0.78
0.585	-0.78	-1.354	-1.27	1.2565
1.452	1.089	0.545	0.543	0.7254999999999999
1.42	0.68	0.77	-0.049	0.28
1.403	0.797	-0.16	0.723	1.26
1.076	0.834	1.297	0.434	-0.34199999999999986
1.714	1.276	-0.009	-0.986	1.504
0.681	-0.089	-0.676	-0.731	0.9720000000000001
0.62	0.872	-0.596	-0.897	1.342
1.231	0.841	0.287	-0.187	0.7490000000000001
0.607	-0.081	0.4	1.009	-0.137
1.605	1.084	0.292	-0.093	1.0525
0.835	0.35	-0.247	-1.416	0.8395
0.623	-0.008	-0.125	0.322	0.4325
0.682	0.34	-0.907	-0.488	1.4180000000000001
1.083	1.019	-0.027	0.095	1.0779999999999998
0.77	0.451	0.572	0.326	0.03850000000000009
0.811	0.275	-0.058	0.876	0.6010000000000001
1.366	0.994	0.446	-0.807	0.7340000000000002
1.408	0.609	-0.806	-0.692	1.8145
1.544	1.349	-0.778	-0.625	2.2245
1.008	0.851	1.31	0.581	-0.38050000000000006
1.167	0.964	0.099	0.709	0.9665000000000001
0.582	0.25	-0.613	0.595	1.029
1.047	0.011	-0.877	-0.578	1.406
0.592	-0.225	-0.46	-0.744	0.6435
2.368	1.468	0.085	-0.261	1.833
0.461	0.551	0.673	0.527	-0.16700000000000004
1.514	1.286	0.776	0.713	0.6239999999999999
1.048	1.2	1.144	-0.11	-0.019999999999999796
1.226	0.059	-0.262	-0.255	0.9045
1.205	0.474	0.449	0.191	0.3905
0.811	0.364	-0.344	0.025	0.9315
1.218	0.858	0.327	0.622	0.7110000000000001
0.922	1.003	1.255	0.617	-0.2925
0.485	0.437	0.278	-0.078	0.18299999999999994
0.998	0.793	0.626	0.47	0.26949999999999996
0.953	0.496	0.059	0.388	0.6655
0.53	-0.436	-1.112	-1.008	1.159
1.31	0.526	-0.283	-0.728	1.201
0.388	-0.058	-0.015	0.989	0.18
0.904	0.561	-0.372	-0.228	1.1045
0.758	0.135	0.396	1.765	0.05049999999999999
1.834	0.838	0.509	-0.523	0.8270000000000001
1.192	1.02	0.739	-0.124	0.3669999999999999
1.465	0.297	-0.616	-0.824	1.4969999999999999
0.992	0.034	-0.372	-0.668	0.885
1.119	1.106	0.263	-0.308	0.8495
1.632	1.212	0.1	0.663	1.3219999999999998
1.374	0.979	0.433	-0.318	0.7435
1.029	0.783	-0.128	0.037	1.0339999999999998
1.269	1.178	1.033	-0.536	0.1905000000000001
-0.191	0.274	0.057	-0.245	-0.015499999999999993
1.147	1.469	1.392	0.252	-0.08399999999999985
0.292	0.389	-0.019	-0.188	0.35950000000000004
0.95	0.538	0.11	-0.385	0.634
1.627	1.181	0.148	0.611	1.256
1.071	0.645	-0.141	-0.724	0.999
1.18	1.042	1.142	0.057	-0.030999999999999917
1.953	1.651	-0.299	-0.957	2.101
1.028	0.937	1.229	0.246	-0.24650000000000005
1.16	0.4	0.605	-0.391	0.17500000000000004
0.104	-0.222	1.36	0.124	-1.419
0.679	0.368	-0.256	-0.061	0.7795000000000001
0.874	-0.977	-1.143	1.041	1.0915
0.591	0.638	0.793	1.32	-0.1785
2.013	1.284	-0.073	0.234	1.7214999999999998
1.135	1.068	0.638	-0.545	0.46350000000000013
1.515	0.731	0.983	0.398	0.14
1.204	0.55	-0.713	-1.563	1.5899999999999999
1.376	1.025	-0.505	-0.329	1.7054999999999998
0.369	-0.018	-0.007	0.231	0.1825
0.938	1.338	1.137	1.321	0.0009999999999998899
1.396	0.498	-0.529	-0.673	1.476
1.265	1.175	-0.261	-0.412	1.4809999999999999
0.458	0.036	-0.218	-1.188	0.46499999999999997
0.715	1.134	0.831	0.125	0.09349999999999992
1.719	0.245	-1.066	-0.158	2.048
1.285	1.074	0.745	0.507	0.4345
0.725	0.347	-0.059	-0.436	0.595
1.122	0.227	0.909	-0.086	-0.23449999999999993
1.386	0.371	-0.467	-0.782	1.3455
0.832	0.816	0.209	-0.292	0.615
1.877	1.758	0.931	-1.363	0.8864999999999998
1.386	0.116	-0.379	0.309	1.13
1.111	0.601	0.197	0.444	0.659
0.526	0.275	-0.038	0.496	0.4385
0.966	0.813	0.792	0.5	0.09749999999999992
0.164	-0.525	0.196	0.228	-0.3765
1.359	0.144	-0.793	0.389	1.5445
1.035	0.726	-0.154	0.228	1.0345
1.415	1.167	0.9	-0.027	0.3909999999999999
0.794	-0.076	0.566	0.83	-0.2069999999999999
1.447	-0.035	-1.639	0.198	2.345
1.232	0.224	-0.457	-1.375	1.185
0.411	-0.968	-1.355	0.411	1.0765
1.378	0.666	-0.372	-0.645	1.3940000000000001
1.013	0.154	0.764	0.201	-0.1805000000000001
0.784	0.702	0.706	0.626	0.03700000000000003
1.038	0.95	-0.05	-1.023	1.044
1.001	0.604	0.493	-1.051	0.3095
1.104	0.945	0.061	-0.182	0.9635
1.415	0.927	-0.211	0.718	1.3820000000000001
1.481	0.124	-0.583	-0.227	1.3855
0.958	0.613	1.374	0.115	-0.5885000000000001
1.353	0.57	-0.418	-0.361	1.3795
0.978	1.125	0.517	-0.309	0.5344999999999999
0.35	-0.001	0.698	1.078	-0.5235
0.897	0.107	0.335	1.531	0.16699999999999998
1.363	0.431	0.112	-0.063	0.785
0.673	-0.242	-0.367	0.752	0.5825
1.031	0.188	-0.433	-0.369	1.0425
2.172	1.084	0.37	0.203	1.258
0.663	0.46	0.745	1.685	-0.1835
1.09	0.997	-0.467	-0.903	1.5105000000000002
0.914	0.356	-0.427	-0.855	1.062
1.877	1.356	0.398	0.216	1.2185000000000001
0.784	-0.201	-0.287	0.803	0.5785
0.18	0.235	-0.374	-0.845	0.5815
1.458	0.569	0.662	-0.32	0.35150000000000003
1.066	0.914	1.146	0.054	-0.15599999999999992
0.385	-0.044	-0.48	1.331	0.6505
1.044	0.477	-0.095	-0.393	0.8554999999999999
0.712	0.794	0.71	0.983	0.04300000000000004
0.83	0.125	-0.224	0.775	0.7015
0.515	-0.104	0.137	-0.526	0.0685
1.515	0.712	0.109	-0.238	1.0045
0.033	-0.148	-0.479	-0.186	0.4215
1.404	0.838	0.976	-0.157	0.14500000000000002
1.502	0.999	0.341	0.88	0.9095
1.575	1.505	1.244	0.045	0.29600000000000004
0.775	-0.432	-0.588	0.003	0.7595
0.689	0.325	0.671	1.778	-0.16400000000000003
1.011	0.769	0.882	0.636	0.007999999999999896
1.704	1.218	0.59	-0.014	0.8709999999999999
0.954	0.216	-0.476	-0.892	1.061
0.676	0.115	-0.791	0.149	1.1865
0.36	-0.586	-1.297	0.542	1.184
0.412	0.311	0.197	1.349	0.16449999999999998
1.291	0.965	1.03	-0.011	0.09799999999999986
0.895	0.192	1.021	0.999	-0.4774999999999999
1.037	1.124	0.571	-0.082	0.5095000000000001
0.687	0.978	1.086	0.451	-0.25350000000000006
1.407	0.949	0.624	-0.885	0.5539999999999999
0.514	0.228	0.431	-0.187	-0.06
1.51	1.289	0.843	0.39	0.5565
1.284	0.848	-0.147	-0.102	1.213
1.332	1.356	1.159	-0.222	0.18500000000000005
1.572	0.803	-1.028	-0.691	2.2155
1.433	1.446	0.358	-0.463	1.0815000000000001
1.667	1.381	-0.088	0.345	1.612
0.951	0.784	0.424	-0.57	0.44349999999999995
0.845	0.52	0.99	0.602	-0.3075
1.349	1.304	0.901	0.275	0.4255
0.559	0.243	-0.083	-0.081	0.48400000000000004
0.712	0.014	-0.331	-0.109	0.694
1.499	0.717	-0.99	-0.353	2.098
1.088	0.681	-0.342	-0.151	1.2265000000000001
0.774	0.874	0.965	1.402	-0.1409999999999999
1.412	0.959	0.731	-0.157	0.4545
0.427	0.075	0.712	0.875	-0.46099999999999997
2.07	1.276	0.272	-0.421	1.401
1.356	0.364	-0.16	1.323	1.02
1.127	0.659	-0.148	-0.114	1.041
1.056	0.794	1.051	0.126	-0.1259999999999999
1.714	0.597	-0.092	-0.164	1.2475
1.652	0.929	0.341	-1.046	0.9495
1.013	0.611	0.922	0.315	-0.1100000000000001
1.383	1.408	0.924	0.264	0.4714999999999999
0.997	0.833	0.256	0.209	0.659
0.183	0.039	-0.386	-0.244	0.497
1.73	1.473	0.911	1.012	0.6905000000000001
1.589	0.622	-0.332	-0.843	1.4375
1.547	0.831	-0.525	-0.707	1.714
1.224	0.425	0.243	1.075	0.5815
1.598	1.675	1.849	0.435	-0.2124999999999999
-0.112	0.022	0.944	1.63	-0.989
1.142	-0.124	-0.331	0.363	0.8399999999999999
1.65	1.36	1.559	-0.062	-0.05400000000000005
1.701	1.004	-0.569	1.021	1.9215
0.223	-0.208	-0.029	0.391	0.036500000000000005
2.052	1.588	0.153	-0.196	1.667
1.281	0.849	-0.216	-0.204	1.281
0.605	0.677	0.553	0.806	0.08799999999999997
1.237	0.369	-0.924	1.087	1.727
1.256	-0.122	-0.747	-0.452	1.314
0.564	0.955	1.352	-0.561	-0.5925000000000001
1.171	0.872	0.415	0.42	0.6065
1.369	0.477	-0.268	0.623	1.191
2.045	1.54	0.472	-0.284	1.3205
1.281	1.192	1.143	0.801	0.09349999999999992
1.101	0.896	0.705	1.207	0.2935
0.944	0.91	0.503	0.401	0.42400000000000004
0.38	0.366	0.068	0.135	0.305
0.751	-0.218	-1.785	0.172	2.0515
0.671	0.392	0.071	-0.258	0.4605000000000001
0.309	-0.081	0.41	1.954	-0.296
1.734	1.16	0.455	0.32	0.992
0.447	-0.035	0.18	1.051	0.026000000000000023
0.51	0.422	0.042	0.713	0.424
1.583	1.085	-0.063	-0.759	1.397
0.63	0.13	0.191	-0.654	0.189
1.597	1.572	1.193	0.501	0.39149999999999996
1.226	1.175	0.959	-0.771	0.24149999999999994
1.559	0.356	-0.334	-0.635	1.2915
1.415	1.26	-0.186	-0.746	1.5234999999999999
1.41	1.174	0.188	0.19	1.1039999999999999
-0.289	0.003	1.216	0.396	-1.359
0.387	-0.234	-0.072	-0.45	0.1485
1.441	0.012	-0.25	-0.452	0.9765
1.611	1.135	0.889	-0.174	0.484
2.163	2.129	1.269	-0.599	0.877
1.154	0.88	-0.068	0.698	1.085
0.653	0.336	-0.316	0.435	0.8105
0.29	-0.257	-0.966	-1.167	0.9824999999999999
1.306	0.803	-0.57	-0.691	1.6244999999999998
0.744	-0.566	-1.183	0.657	1.272
0.728	0.521	-0.079	0.034	0.7035
1.537	1.436	0.096	0.054	1.3904999999999998
1.4	0.44	-0.545	-0.702	1.4649999999999999
0.532	-0.069	0.075	0.918	0.15650000000000003
1.299	0.849	-0.483	-0.956	1.557
1.666	0.923	0.363	-0.432	0.9315
1.432	0.201	0.548	1.53	0.26849999999999996
1.041	0.504	-0.261	-0.558	1.0335
1.32	1.213	0.641	-0.754	0.6255000000000002
1.466	1.289	1.16	1.171	0.21750000000000003
1.073	0.763	0.156	1.045	0.7619999999999999
1.34	0.774	0.622	0.462	0.43499999999999994
1.062	0.363	-0.888	-0.215	1.6005
0.746	0.135	0.05	-1.124	0.3905
1.761	1.3	1.232	1.042	0.2985
0.519	-0.385	-0.388	-0.328	0.455
0.863	0.128	0.169	0.652	0.3265
1.192	0.488	0.764	1.135	0.07599999999999996
0.991	0.373	-0.549	0.559	1.2309999999999999
1.196	0.149	0.16	0.369	0.5125
0.739	0.675	-0.112	-0.243	0.8190000000000001
1.155	1.184	0.627	-0.455	0.5425
0.568	0.029	-0.174	-0.492	0.4725
0.857	0.35	0.023	0.747	0.5804999999999999
0.741	0.21	-1.296	-0.442	1.7715
0.781	0.109	0.042	-0.212	0.403
1.122	0.428	0.459	-0.644	0.316
1.104	-0.417	-1.298	-0.174	1.6415000000000002
0.834	0.91	0.739	-0.151	0.133
0.641	-0.017	-0.198	0.176	0.51
0.629	-0.058	-0.175	-0.73	0.46049999999999996
0.777	-0.503	-1.311	0.355	1.448
1.224	0.992	0.272	-0.353	0.8360000000000001
1.057	0.181	-0.523	1.136	1.142
0.359	0.01	-0.603	-0.047	0.7875
1.385	1.81	1.084	-0.655	0.5135000000000001
1.171	1.267	0.98	-0.198	0.23899999999999988
1.046	0.183	-0.031	-0.352	0.6455000000000001
0.473	0.38	-0.888	1.06	1.3145
0.843	0.868	0.891	-0.486	-0.03550000000000009
0.603	-0.283	-0.296	-1.077	0.45599999999999996
2.091	1.84	1.332	-0.155	0.6335
1.138	0.74	0.115	-0.674	0.824
1.328	0.94	-0.125	0.325	1.259
1.66	1.149	0.656	0.632	0.7485
1.586	0.992	0.012	-0.054	1.2770000000000001
1.546	0.613	0.302	0.747	0.7774999999999999
1.214	0.782	0.733	-0.342	0.265
0.467	0.025	-0.186	-0.395	0.43200000000000005
0.834	-0.194	-0.42	-0.156	0.74
0.816	0.239	-0.116	-0.2	0.6435
0.967	1.046	0.168	-1.264	0.8384999999999999
1.236	0.992	1.297	-0.275	-0.18300000000000005
1.178	0.226	-0.409	0.367	1.111
1.053	0.441	-0.149	-0.114	0.896
0.905	0.243	-0.042	0.309	0.6160000000000001
-0.085	-0.258	-0.735	0.545	0.5635
0.936	0.819	1.035	-0.915	-0.15749999999999997
1.039	-0.01	-0.562	0.278	1.0765
1.39	0.852	-0.254	-0.057	1.375
1.049	0.568	0.34	0.643	0.46849999999999997
1.14	0.418	-0.943	-0.463	1.722
1.407	1.088	0.53	-0.03	0.7175
1.029	0.143	-0.276	1.173	0.862
1.118	0.712	0.693	0.765	0.2220000000000001
0.638	0.206	-0.189	1.366	0.611
1.386	0.548	0.217	0.758	0.75
-0.324	-0.618	-0.166	0.233	-0.30499999999999994
1.533	0.755	1.037	-0.015	0.10699999999999998
0.642	0.187	-0.08	-0.174	0.4945
1.173	0.794	0.661	0.173	0.3225
-0.022	-0.813	-0.301	0.251	-0.11649999999999999
1.575	0.35	-0.134	-1.151	1.0964999999999998
1.679	1.536	1.817	0.249	-0.20950000000000002
0.708	0.843	0.912	0.522	-0.13650000000000007
0.703	0.52	0.193	0.474	0.4184999999999999
1.25	0.798	1.005	-0.34	0.019000000000000128
1.15	0.244	-0.045	-0.05	0.742
0.706	0.636	0.335	0.027	0.336
1.217	1.12	0.093	0.535	1.0755000000000001
0.95	0.092	-0.077	-0.252	0.598
0.79	0.439	1.308	0.546	-0.6935
0.916	0.051	-0.902	0.669	1.3855
0.694	0.955	0.171	-1.053	0.6535
0.379	0.283	-0.223	0.277	0.5539999999999999
1.685	1.296	0.703	0.28	0.7875
0.404	0.266	0.418	1.467	-0.08299999999999996
0.419	0.169	-0.307	0.31	0.601
0.823	0.183	-1.046	0.136	1.549
1.804	1.847	1.599	0.361	0.22649999999999992
1.711	1.154	0.653	-0.728	0.7795000000000001
1.226	0.127	-0.809	-0.822	1.4855
1.01	0.552	1.809	-0.251	-1.028
1.468	1.208	0.691	0.554	0.6470000000000001
0.953	0.554	0.07	1.363	0.6835
1.306	0.9	-0.374	0.562	1.4769999999999999
0.973	0.209	-0.556	0.673	1.147
0.927	0.011	-0.831	-0.57	1.3
0.475	-0.426	-1.14	-1.029	1.1644999999999999
0.933	0.14	-0.474	-0.438	1.0105
0.436	-0.046	-0.346	0.027	0.5409999999999999
1.83	1.376	0.563	0.14	1.04
0.566	0.483	0.94	1.257	-0.4155
1.247	1.183	0.344	-1.362	0.8710000000000001
1.916	1.225	0.344	0.143	1.2265000000000001
0.951	0.493	-0.475	-0.181	1.197
0.759	0.272	0.678	1.215	-0.16249999999999998
1.507	1.309	1.04	-0.174	0.3679999999999999
1.414	0.325	0.292	-0.036	0.5774999999999999
1.0	0.643	0.126	-0.833	0.6955
1.631	1.269	1.103	-0.101	0.347
0.748	-0.367	-0.072	-0.034	0.2625
0.959	0.648	-0.125	-0.938	0.9285
1.55	1.215	0.302	-0.814	1.0805
0.763	1.351	0.075	-0.381	0.982
0.595	-0.011	-0.331	0.91	0.623
0.531	-0.21	-0.363	-0.782	0.5235000000000001
0.287	-0.216	0.518	0.537	-0.48250000000000004
1.085	1.642	1.186	-0.269	0.1775
1.821	0.756	0.067	0.087	1.2215
1.211	1.109	-0.393	-0.337	1.5530000000000002
1.925	1.244	1.408	-0.032	0.1765000000000001
1.452	0.889	0.851	-0.787	0.3195000000000001
0.721	0.215	-0.509	-0.653	0.977
0.904	0.153	-0.805	-0.654	1.3335
1.031	0.756	0.035	0.183	0.8584999999999999
0.785	-0.277	-0.865	-0.598	1.119
1.278	0.191	0.292	1.346	0.44250000000000006
0.972	0.507	1.053	0.414	-0.3134999999999999
0.282	-1.071	-1.246	0.74	0.8515
0.678	-0.099	-0.194	-1.036	0.48350000000000004
1.513	0.409	-0.512	-0.677	1.4729999999999999
1.599	0.905	0.095	0.084	1.157
1.212	0.4	0.724	0.912	0.08200000000000007
0.761	0.762	0.334	-0.161	0.42750000000000005
0.843	0.653	0.24	-0.145	0.508
1.153	0.503	0.431	-0.291	0.3970000000000001
0.7	0.076	0.758	0.716	-0.37000000000000005
1.487	0.504	-0.324	-0.337	1.3195000000000001
1.149	0.924	0.786	-0.168	0.25049999999999994
1.18	0.866	-0.096	-0.344	1.119
1.344	0.396	0.325	-0.364	0.5450000000000002
0.541	-0.195	-0.426	0.11	0.599
2.085	0.82	1.003	0.354	0.4495
0.878	0.438	-0.457	-0.807	1.115
1.269	1.271	0.003	0.348	1.2670000000000001
1.584	0.702	0.358	0.195	0.785
1.267	0.323	-0.418	0.735	1.2129999999999999
0.804	-0.412	-0.379	-0.107	0.5750000000000001
1.155	0.984	0.622	0.88	0.4475000000000001
1.196	1.204	1.068	-0.097	0.1319999999999999
0.863	0.772	0.156	0.9	0.6615
0.86	0.686	-0.195	-0.302	0.968
1.254	0.458	0.421	0.492	0.435
0.868	0.017	-0.385	-0.363	0.8275
1.249	0.695	-0.318	-0.258	1.29
1.588	1.102	0.883	0.879	0.4620000000000002
1.174	0.955	0.341	-0.408	0.7235
0.427	-0.479	-0.58	-0.161	0.5539999999999999
0.946	1.029	0.892	-0.542	0.09549999999999992
1.699	1.518	1.442	0.763	0.1665000000000001
1.619	1.396	1.811	1.396	-0.3035000000000001
0.631	0.337	-0.18	-0.258	0.6639999999999999
1.136	-0.044	-0.226	-0.037	0.7719999999999999
0.633	1.156	1.528	0.598	-0.6335000000000001
1.193	0.691	0.123	-0.515	0.819
0.217	-0.451	0.206	0.772	-0.323
1.414	1.01	1.347	0.992	-0.135
0.456	0.038	0.137	1.406	0.10999999999999999
1.131	1.347	1.063	0.396	0.17599999999999993
1.184	0.031	-0.762	-0.712	1.3695
1.282	1.006	-0.967	0.01	2.111
0.577	0.158	0.444	-0.219	-0.07650000000000001
0.476	0.118	-0.003	0.646	0.3
1.098	-0.15	-0.715	-0.221	1.189
1.514	1.334	0.331	0.195	1.093
1.631	0.99	0.312	1.21	0.9984999999999999
0.678	0.039	0.227	1.123	0.13150000000000003
1.416	0.418	0.631	0.663	0.2859999999999999
0.759	-0.223	-0.664	-0.129	0.932
1.034	1.39	1.225	0.361	-0.013000000000000123
1.313	1.27	1.228	0.487	0.06350000000000011
0.64	0.879	0.699	-0.012	0.06050000000000011
1.551	0.837	0.124	-0.313	1.0699999999999998
1.331	0.927	-0.055	-0.528	1.184
-0.048	-0.793	-1.032	0.288	0.6114999999999999
1.277	1.007	1.235	-0.823	-0.0930000000000002
0.701	0.903	0.454	0.624	0.34800000000000003
1.132	0.241	-0.364	0.843	1.0505
1.175	0.599	-0.566	0.16	1.4529999999999998
1.434	0.359	0.165	0.46	0.7314999999999999
1.213	-0.227	-0.572	-0.547	1.065
0.662	-0.796	-1.174	-0.727	1.107
1.387	0.538	-0.35	-0.817	1.3125
0.346	-0.207	0.335	0.207	-0.2655
1.678	1.301	0.141	0.556	1.3485
0.63	0.464	0.532	-0.429	0.015000000000000013
1.884	0.813	0.055	0.923	1.2935
0.941	0.386	0.395	0.023	0.26849999999999996
0.497	0.145	-0.135	-1.159	0.456
1.56	0.742	-0.175	-0.206	1.326
0.427	-0.285	0.439	0.698	-0.368
0.851	0.46	0.862	0.314	-0.20650000000000002
1.073	0.135	0.048	0.789	0.5559999999999999
0.839	0.36	0.272	0.051	0.3274999999999999
1.051	0.752	1.524	0.108	-0.6225
0.973	0.673	0.022	-0.895	0.8009999999999999
1.441	1.22	1.009	0.419	0.3215000000000001
0.952	0.679	-0.213	0.468	1.0285
0.582	0.007	-0.85	0.028	1.1444999999999999
0.797	-0.149	-0.558	-0.661	0.8820000000000001
1.078	0.806	0.125	0.893	0.8170000000000001
1.748	1.085	0.918	0.624	0.49850000000000005
0.503	-0.422	-0.473	0.692	0.5135
0.181	-0.519	-0.193	-0.53	0.023999999999999994
0.809	0.086	-0.525	0.951	0.9725
1.175	0.943	-0.355	0.269	1.414
1.452	1.204	0.543	-0.14	0.7849999999999998
1.141	0.507	-0.065	-0.465	0.889
0.635	0.283	0.834	0.857	-0.375
1.565	1.089	1.294	0.648	0.03299999999999992
1.188	0.718	-0.59	-0.579	1.543
0.495	0.529	-0.399	-1.098	0.911
1.274	0.896	0.785	-0.39	0.29999999999999993
0.795	1.198	1.598	0.633	-0.6015000000000001
0.896	0.162	-0.29	0.547	0.819
1.42	1.002	-0.091	-0.304	1.3019999999999998
0.842	-0.117	0.132	-0.32	0.23049999999999998
0.641	0.866	0.537	-0.114	0.21650000000000003
0.461	0.563	-0.218	-0.337	0.73
0.409	0.442	0.64	0.503	-0.21450000000000002
1.433	1.085	-0.261	0.073	1.52
1.221	0.497	1.089	-0.062	-0.22999999999999998
1.148	0.651	0.133	-0.875	0.7665
1.522	1.329	0.219	0.822	1.2065
0.587	0.108	1.292	0.792	-0.9445000000000001
1.196	0.942	1.249	0.459	-0.18000000000000016
0.659	0.195	0.62	0.197	-0.19299999999999995
1.271	1.085	0.485	-0.94	0.693
0.082	-0.654	-0.735	0.909	0.44899999999999995
1.086	0.683	1.168	1.339	-0.28349999999999986
1.647	1.054	0.617	0.276	0.7335
1.012	-0.112	-0.5	0.374	0.95
1.121	0.687	0.958	0.972	-0.05399999999999994
0.424	-0.006	-0.793	0.14	1.002
1.469	1.091	0.915	0.542	0.365
1.021	0.653	0.569	1.608	0.268
0.941	0.812	0.409	-0.225	0.4675000000000001
1.355	1.525	1.378	-0.267	0.062000000000000055
0.748	0.44	0.853	0.475	-0.259
0.181	0.546	0.898	0.041	-0.5345
0.098	0.004	-0.535	0.041	0.5860000000000001
1.722	1.209	0.43	0.994	1.0355
1.764	1.589	0.19	-0.206	1.4865
0.628	0.932	0.841	-0.067	-0.06099999999999994
-0.34	-0.611	-0.156	-0.515	-0.3195
1.615	0.509	-0.204	-0.657	1.266
0.994	0.782	1.498	-0.27	-0.61
1.018	1.205	1.588	0.064	-0.47650000000000015
0.838	0.365	0.315	-0.153	0.2864999999999999
0.546	0.514	0.752	0.14	-0.22199999999999998
0.583	-0.09	-0.711	0.012	0.9575
1.146	1.115	0.507	0.652	0.6235
0.794	0.088	-0.574	-0.45	1.015
1.356	1.099	0.357	-0.74	0.8705
1.624	1.238	0.396	-0.502	1.0350000000000001
0.595	0.157	-0.089	-0.244	0.46499999999999997
1.623	0.22	0.683	0.079	0.23849999999999993
0.714	0.418	0.645	0.082	-0.07900000000000007
1.409	0.723	-0.106	-0.003	1.1720000000000002
1.724	1.617	0.623	0.738	1.0475
1.429	1.075	0.108	-0.492	1.144
0.346	-0.31	-0.554	0.169	0.5720000000000001
1.182	0.813	0.319	-0.121	0.6784999999999999
0.551	0.237	-0.163	-0.2	0.557
1.172	0.727	1.067	0.116	-0.11749999999999994
1.042	0.992	-0.136	-1.042	1.153
0.669	0.345	0.389	0.888	0.118
0.771	0.706	0.167	0.158	0.5714999999999999
1.073	0.286	-0.37	-0.579	1.0495
1.739	1.584	-0.238	-0.709	1.8995000000000002
1.208	0.983	0.101	-0.662	0.9944999999999999
1.223	0.725	0.714	1.485	0.26
0.986	0.685	0.569	-0.278	0.26650000000000007
0.876	0.44	0.445	0.724	0.21300000000000002
0.802	0.338	0.619	-0.312	-0.04899999999999993
1.28	0.307	-0.749	-0.758	1.5425
0.694	0.151	-0.551	0.185	0.9735
1.291	0.714	-0.418	-0.405	1.4204999999999999
1.486	1.007	0.387	-0.415	0.8594999999999999
0.908	0.185	0.295	0.224	0.2515
0.299	-0.255	-0.704	-0.002	0.726
0.607	-0.005	-0.888	0.262	1.189
0.779	-0.032	-0.234	-0.598	0.6075
0.612	-0.024	-0.014	0.062	0.308
0.843	0.448	0.271	0.23	0.37449999999999994
1.663	1.388	1.081	0.175	0.4445000000000001
1.34	0.905	0.512	0.349	0.6105
1.349	0.912	0.164	0.617	0.9665
0.903	0.093	0.131	-0.573	0.367
1.015	0.113	-0.422	-0.282	0.986
1.221	1.021	1.114	0.62	0.006999999999999895
1.897	1.495	1.267	1.154	0.42900000000000027
1.095	-0.157	-1.651	0.099	2.12
1.399	1.117	0.811	-0.721	0.44699999999999995
0.82	0.275	0.025	-0.082	0.5225
1.668	0.607	-0.775	-0.588	1.9125
1.517	0.478	0.404	-0.933	0.5934999999999999
1.668	0.543	-0.627	-1.299	1.7325
1.519	1.223	-0.085	-0.36	1.456
1.454	0.548	-0.98	-0.009	1.9809999999999999
0.603	-0.041	-0.711	-0.892	0.992
0.353	-0.338	-0.125	-0.154	0.13249999999999998
1.308	1.017	0.464	-0.528	0.6985000000000001
1.633	1.57	0.581	0.439	1.0205000000000002
1.803	1.34	0.925	-0.126	0.6464999999999999
0.948	1.104	0.936	-0.083	0.08999999999999997
1.833	0.546	-0.392	-0.673	1.5815000000000001
0.873	0.505	-0.401	-0.165	1.09
0.821	0.42	0.422	-1.136	0.19849999999999995
1.156	0.833	0.278	-0.248	0.7164999999999999
1.248	0.82	-0.522	-0.446	1.556
1.727	1.172	0.65	0.184	0.7995
1.033	1.032	1.23	1.054	-0.1975
2.218	1.347	-0.335	0.053	2.1175
1.142	0.682	-0.156	-1.018	1.0679999999999998
1.684	0.989	0.326	-0.276	1.0105
0.95	0.558	-0.39	-0.218	1.1440000000000001
0.491	0.159	0.201	0.107	0.124
0.979	0.523	-0.085	-0.191	0.836
0.875	0.117	-1.434	-0.198	1.93
0.223	0.341	-0.215	-0.212	0.497
1.71	1.46	0.578	0.028	1.0070000000000001
1.358	0.191	-0.358	-1.057	1.1325
0.928	0.284	-0.0	-0.115	0.606
1.411	1.036	-0.186	-0.262	1.4095
1.226	0.857	-0.774	-0.736	1.8155000000000001
1.346	0.585	-0.419	-1.021	1.3845
1.954	0.997	0.59	-0.131	0.8855000000000001
0.082	0.318	-0.145	-0.575	0.345
1.208	0.776	0.06	0.569	0.9319999999999999
1.65	0.73	-0.724	-1.356	1.914
0.491	-0.009	-0.55	-1.141	0.791
1.616	0.687	0.322	-0.271	0.8294999999999999
1.909	1.61	1.542	1.621	0.21750000000000003
0.94	0.289	-0.81	0.167	1.4245
0.958	0.652	0.776	-0.38	0.028999999999999915
0.52	0.537	0.285	0.852	0.2435
0.747	0.18	0.155	0.27	0.3085
1.967	1.45	0.542	-0.084	1.1664999999999999
1.708	1.173	-0.669	-0.581	2.1095
0.903	1.275	1.594	-0.568	-0.5050000000000001
1.499	1.482	1.141	0.098	0.3494999999999999
1.485	0.781	1.011	-0.684	0.12200000000000011
1.091	0.67	-0.097	-1.097	0.9775
0.376	0.47	0.927	-0.196	-0.504
1.438	0.64	-0.355	-0.39	1.394
1.664	1.365	1.537	-0.167	-0.022499999999999964
0.605	0.757	1.532	1.246	-0.851
0.292	0.379	0.674	0.45	-0.3385
1.395	0.701	0.012	-0.645	1.036
1.622	1.042	0.217	0.94	1.115
1.089	-0.037	-1.29	-0.487	1.816
1.459	1.223	0.306	-0.398	1.0350000000000001
0.844	0.359	0.79	1.605	-0.1885000000000001
0.352	0.567	0.802	0.013	-0.3425000000000001
1.59	0.489	-0.257	0.305	1.2965
0.946	0.544	0.662	-0.14	0.08299999999999996
1.072	0.663	0.714	-0.828	0.15350000000000008
1.047	0.516	0.577	-0.085	0.20450000000000002
1.125	0.925	0.647	-0.134	0.3779999999999999
1.19	0.328	0.576	0.871	0.18300000000000005
0.271	-0.082	-0.643	-0.79	0.7375
1.256	0.168	0.037	-0.657	0.6749999999999999
1.464	0.641	0.746	0.833	0.3065
1.117	0.383	-0.239	-0.119	0.989
0.954	0.309	-0.447	-0.683	1.0785
0.6	-0.382	-0.263	0.812	0.372
1.938	1.609	0.415	-0.661	1.3584999999999998
1.168	0.7	-0.309	-0.197	1.2429999999999999
1.13	0.614	0.139	-1.579	0.7329999999999999
0.654	0.304	-0.17	0.598	0.649
0.334	-0.614	-0.13	0.933	-0.009999999999999981
0.873	-0.125	-1.112	-0.125	1.4860000000000002
1.119	0.698	-0.042	-0.405	0.9505
0.836	0.609	0.693	1.179	0.02949999999999997
1.407	0.728	1.074	0.688	-0.006500000000000172
0.775	0.658	-0.542	-0.386	1.2585000000000002
0.994	0.903	1.301	1.483	-0.3524999999999999
1.037	0.271	-0.248	0.32	0.9019999999999999
0.32	-0.29	-0.923	-0.826	0.9380000000000001
0.518	-0.504	-0.775	0.214	0.782
1.258	0.286	-0.037	-0.408	0.809
1.336	0.256	-0.197	0.2	0.9930000000000001
1.731	1.618	0.387	-0.206	1.2875
1.126	0.617	0.491	0.731	0.38049999999999995
0.365	0.435	-0.171	0.529	0.5710000000000001
0.483	-0.581	-0.597	0.133	0.548
0.624	-0.13	0.181	0.791	0.066
0.594	0.12	-0.092	0.793	0.44899999999999995
0.58	-0.117	-0.013	0.559	0.2445
0.528	0.29	0.834	0.578	-0.42499999999999993
1.077	0.626	-0.492	-0.546	1.3435
0.911	0.588	1.206	0.242	-0.4564999999999999
1.517	1.19	0.594	1.119	0.7595
1.867	0.953	0.527	0.52	0.8829999999999999
1.219	0.307	0.469	0.592	0.29400000000000004
1.509	1.238	1.458	0.844	-0.08450000000000002
0.752	0.098	0.03	-0.104	0.395
0.635	0.589	1.11	1.275	-0.4980000000000001
1.252	1.46	1.468	0.393	-0.1120000000000001
0.581	0.304	0.583	0.867	-0.14049999999999996
1.228	1.117	0.278	-0.746	0.8944999999999999
1.246	0.428	-0.43	0.657	1.267
1.282	1.263	1.922	1.529	-0.6495
1.705	0.85	-0.714	-0.381	1.9915
1.646	1.56	1.582	1.194	0.020999999999999908
1.116	1.064	0.859	-0.082	0.2310000000000001
0.624	-0.28	-0.801	-0.972	0.9730000000000001
0.247	-0.287	-0.152	0.493	0.132
0.905	0.357	-0.18	0.569	0.8109999999999999
1.571	0.768	-0.065	-0.659	1.2345
0.162	-0.379	-0.951	-0.474	0.8424999999999999
1.194	0.727	0.833	0.233	0.12749999999999995
0.585	-0.521	-0.576	0.976	0.6079999999999999
0.768	0.2	-0.168	-0.586	0.652
1.132	0.469	0.428	0.179	0.3725
0.976	0.533	1.064	0.063	-0.3095000000000001
1.558	1.324	0.355	-0.858	1.086
1.044	0.806	0.023	-0.245	0.902
0.947	0.391	-0.889	-0.509	1.558
1.168	0.874	1.469	1.22	-0.4480000000000002
0.925	0.895	1.266	0.639	-0.356
0.742	0.284	0.956	1.181	-0.44299999999999995
0.885	0.857	0.22	0.278	0.651
1.109	0.832	-1.01	-0.042	1.9805
1.034	0.752	0.417	0.166	0.47600000000000003
1.304	0.763	-0.386	0.211	1.4195000000000002
1.365	0.511	-0.555	-0.134	1.4929999999999999
1.459	1.088	-0.364	0.585	1.6375000000000002
0.852	0.647	1.37	0.127	-0.6205
1.198	0.664	-0.165	0.878	1.096
1.47	0.916	0.387	0.822	0.806
0.62	0.631	-0.228	0.034	0.8534999999999999
1.359	0.961	0.589	-0.232	0.571
0.503	-0.596	-0.108	0.069	0.06150000000000001
1.131	-0.193	-0.009	0.737	0.478
2.606	1.688	1.877	0.789	0.2699999999999998
1.533	1.284	0.96	-0.272	0.4485000000000001
1.123	0.467	-0.444	-0.514	1.239
0.142	-0.271	-0.793	-0.138	0.7285
1.064	0.867	0.184	-0.828	0.7815000000000001
0.603	0.947	0.173	-0.545	0.6019999999999999
1.035	0.315	1.243	0.145	-0.5680000000000002
0.829	0.204	-0.535	-0.044	1.0514999999999999
2.304	1.362	0.046	-0.535	1.787
0.655	0.461	-1.134	0.323	1.692
0.852	0.088	-0.078	0.4	0.5479999999999999
1.272	0.713	-0.133	-1.003	1.1255
0.434	-0.303	-0.103	0.507	0.16849999999999998
2.132	1.358	0.914	-0.03	0.8310000000000001
0.471	-0.251	-0.695	0.561	0.8049999999999999
1.019	0.642	1.298	0.252	-0.4675
0.389	-0.669	-0.736	0.086	0.596
1.586	0.563	-0.502	-0.358	1.5765
0.569	0.525	-0.671	-0.203	1.218
0.766	0.262	0.028	0.595	0.486
1.845	1.688	1.798	0.343	-0.031500000000000083
0.93	0.554	0.018	0.746	0.724
1.299	1.059	0.901	0.03	0.2779999999999998
1.734	0.608	-1.075	-0.462	2.246
1.118	-0.216	-0.454	-0.83	0.905
0.982	0.621	-0.182	0.661	0.9835
0.592	0.272	0.886	0.267	-0.454
1.247	0.355	-0.493	-0.092	1.294
0.594	0.783	1.466	1.582	-0.7775
1.156	0.393	0.299	0.415	0.4755
0.812	0.579	-0.009	-0.102	0.7045
1.11	0.614	0.541	0.592	0.32100000000000006
2.123	1.778	-0.196	-1.005	2.1465
1.458	1.458	0.528	0.344	0.9299999999999999
0.917	-0.044	-0.701	-0.178	1.1375
0.57	-0.19	-0.579	1.364	0.7689999999999999
1.064	0.692	0.51	0.582	0.368
1.048	0.589	-0.685	-0.07	1.5035
0.848	0.521	-0.421	0.255	1.1055
-0.017	-0.505	-1.111	0.123	0.85
1.442	1.079	0.584	-0.305	0.6765
1.361	0.73	0.034	-0.75	1.0115
1.189	0.739	0.106	-0.337	0.858
1.419	0.195	-1.14	-0.541	1.947
1.385	0.758	0.145	-0.015	0.9264999999999999
2.203	1.768	0.478	0.522	1.5075
0.507	-0.468	-0.304	0.231	0.3235
0.975	0.588	-0.08	0.404	0.8614999999999999
1.059	0.249	-0.891	-0.459	1.545
0.762	-0.486	-1.115	-0.512	1.2530000000000001
1.517	0.834	1.01	0.278	0.16549999999999998
1.4	1.364	0.468	0.959	0.9140000000000001
0.804	0.843	1.034	0.955	-0.21050000000000002
1.746	1.443	1.499	0.269	0.09549999999999992
0.768	0.631	0.145	0.343	0.5545
1.344	1.033	-0.394	0.824	1.5825
1.321	1.315	0.691	-0.878	0.6270000000000001
1.566	1.165	0.754	0.168	0.6114999999999999
1.098	0.508	-0.346	-0.022	1.149
0.019	0.466	0.803	0.865	-0.5605
0.506	0.59	-0.534	-0.973	1.082
1.363	1.05	1.117	1.67	0.08950000000000014
1.41	1.163	1.008	0.513	0.27849999999999997
1.246	0.48	0.473	1.255	0.39
1.194	0.967	-0.361	-0.261	1.4415
1.487	1.436	1.119	1.197	0.3425
1.437	0.577	-0.166	-0.6	1.173
1.957	1.131	0.125	1.198	1.419
1.349	1.365	0.616	0.249	0.741
0.871	0.291	-0.069	0.254	0.6499999999999999
1.423	0.869	-0.095	0.156	1.2409999999999999
1.849	1.748	1.66	0.183	0.13850000000000007
1.164	0.833	1.841	1.785	-0.8425
1.391	1.123	0.918	0.575	0.3390000000000001
1.122	0.973	-0.487	0.202	1.5345
0.613	0.384	0.871	-0.401	-0.3725
1.212	0.257	-0.12	0.214	0.8544999999999999
1.731	1.033	-0.128	-0.227	1.5100000000000002
0.959	0.652	0.596	1.073	0.20950000000000002
1.593	1.342	0.127	0.876	1.3405
1.025	0.868	1.073	-0.178	-0.12650000000000006
1.349	0.469	-1.252	-1.491	2.161
1.659	0.339	0.904	0.018	0.09499999999999997
1.133	0.427	-0.776	1.476	1.556
1.63	1.213	0.435	-0.217	0.9864999999999999
1.202	0.535	0.681	0.394	0.1875
1.156	0.967	0.139	0.652	0.9224999999999999
0.192	-0.291	-0.266	-0.324	0.21650000000000003
0.354	0.469	0.55	-0.521	-0.13850000000000007
1.23	0.446	0.111	0.325	0.727
1.111	0.707	0.218	1.269	0.6910000000000001
1.545	0.458	-1.009	-1.342	2.0105
0.851	0.681	1.01	-0.144	-0.244
1.156	1.293	1.137	0.614	0.08749999999999991
1.431	0.527	-0.593	-0.91	1.572
1.544	0.965	0.078	-0.407	1.1764999999999999
0.255	-0.531	-0.481	0.935	0.34299999999999997
0.664	0.087	0.006	0.624	0.3695
1.428	0.562	-0.633	-0.521	1.6280000000000001
0.667	0.307	-0.413	0.482	0.8999999999999999
1.522	0.029	-1.023	-0.555	1.7984999999999998
1.332	0.304	-0.153	0.215	0.9710000000000001
1.942	1.329	-0.334	-0.884	1.9695
2.114	1.249	-0.107	-0.418	1.7885
1.065	1.122	1.76	1.179	-0.6664999999999999
0.603	0.641	0.454	0.294	0.16799999999999998
-0.032	-0.277	1.108	0.957	-1.2625000000000002
1.946	0.58	-0.775	-0.972	2.038
0.405	-0.115	0.574	0.002	-0.42899999999999994
1.017	1.07	1.094	-0.072	-0.05050000000000021
1.658	1.365	1.148	0.829	0.36349999999999993
1.394	1.0	0.312	0.198	0.885
-0.452	-1.071	-0.783	0.217	0.021500000000000075
0.813	0.321	0.823	-0.697	-0.256
1.088	0.985	0.86	0.217	0.1765
1.1	1.087	0.612	1.052	0.48150000000000015
1.788	0.846	-0.413	-0.047	1.73
1.869	1.899	1.283	0.608	0.601
2.125	1.184	0.687	-0.675	0.9675
0.7	0.147	0.067	-0.573	0.3565
0.51	0.271	0.67	0.795	-0.2795
0.784	-0.013	-0.256	0.231	0.6415
1.794	0.702	0.284	0.98	0.964
0.533	0.876	0.744	-0.353	-0.03949999999999998
1.063	0.719	-0.407	-0.874	1.298
1.614	0.923	0.027	0.1	1.2415
0.407	0.12	0.819	1.09	-0.5555
0.51	-0.213	-0.747	-0.641	0.8955
1.092	0.707	0.697	0.318	0.2025
1.237	0.584	0.355	-0.017	0.5555000000000001
1.864	0.82	0.823	0.627	0.5190000000000001
0.854	0.178	-0.588	0.092	1.104
0.393	0.434	1.21	0.86	-0.7965
1.463	1.595	0.197	-0.853	1.3319999999999999
0.636	0.284	-1.09	-0.959	1.55
1.739	1.217	0.825	-0.96	0.6530000000000002
1.071	0.624	0.217	0.651	0.6305
0.978	0.319	0.33	0.024	0.31849999999999995
0.879	0.036	-0.703	-1.504	1.1604999999999999
1.207	1.139	-0.626	-0.766	1.799
1.276	0.32	-0.936	-0.401	1.734
0.586	0.506	-0.126	-0.319	0.672
0.826	-0.052	-0.235	-0.336	0.6219999999999999
1.424	0.548	1.11	0.133	-0.12400000000000011
0.901	0.821	0.323	0.678	0.538
0.98	0.838	0.251	-0.063	0.658
1.105	0.536	0.107	0.671	0.7135
0.879	0.681	1.361	-0.49	-0.581
0.71	0.009	-0.72	-0.801	1.0795
1.198	1.296	1.253	0.625	-0.006000000000000005
0.768	0.502	0.401	0.233	0.23399999999999999
2.142	1.122	0.453	0.991	1.179
0.232	0.18	0.711	0.296	-0.5049999999999999
0.644	-0.458	-0.464	0.58	0.557
0.499	0.149	0.259	0.345	0.065
1.268	0.33	-0.13	0.93	0.929
1.224	0.464	-0.369	0.854	1.213
0.574	0.219	0.386	1.44	0.010499999999999954
1.284	1.049	0.518	-0.984	0.6485000000000001
1.056	-0.36	-0.407	-0.281	0.755
1.039	1.056	1.203	-0.565	-0.1555000000000002
1.759	1.616	0.978	0.33	0.7095
1.145	0.788	1.11	1.341	-0.14350000000000007
1.337	0.359	-1.091	0.014	1.939
2.234	1.451	-0.276	-0.963	2.1185
0.734	-0.01	-0.319	-0.046	0.681
1.14	0.741	-0.404	-0.978	1.3445
1.217	0.536	-0.231	0.169	1.1075000000000002
1.518	0.501	-0.052	0.009	1.0615
1.319	0.567	-0.532	-0.274	1.475
1.696	1.127	-0.161	-0.059	1.5725
1.146	1.12	0.986	1.425	0.14700000000000002
-0.151	-0.221	0.224	0.701	-0.41000000000000003
0.734	0.844	0.356	-0.241	0.43299999999999994
0.415	0.36	1.225	-0.164	-0.8375000000000001
0.807	-0.055	-0.524	0.569	0.9
1.452	1.303	-0.053	-0.412	1.4304999999999999
0.755	-0.249	-0.361	-0.25	0.614
1.048	0.672	0.425	-0.392	0.4350000000000001
1.277	0.554	-0.848	-0.291	1.7635
1.023	0.14	-1.05	-0.32	1.6315
1.528	0.991	-0.051	-0.82	1.3105
0.963	0.671	-0.403	-0.642	1.22
0.677	-0.226	-0.025	-0.499	0.25050000000000006
1.46	0.871	0.032	-0.431	1.1335
0.526	0.338	0.059	1.143	0.37300000000000005
1.116	0.438	-0.654	0.573	1.431
2.616	2.416	0.82	-1.04	1.6960000000000002
1.363	0.674	-0.529	0.872	1.5474999999999999
1.424	0.84	-0.1	-0.894	1.232
0.88	0.259	-0.088	0.246	0.6575
0.893	-0.183	0.349	1.087	0.006000000000000005
1.279	0.276	-0.237	0.23	1.0145
0.916	0.772	-0.364	-0.534	1.2080000000000002
0.624	-0.87	-1.71	-0.935	1.587
0.839	-0.387	-0.778	-0.829	1.004
0.143	-0.421	-0.105	-0.344	-0.034000000000000016
1.058	1.219	0.75	0.792	0.38850000000000007
1.663	1.769	1.301	1.021	0.41500000000000004
0.573	-0.197	-0.569	0.922	0.7569999999999999
1.089	0.221	0.315	0.82	0.34
0.727	0.487	0.076	-0.197	0.531
0.804	0.305	0.534	-0.03	0.020499999999999963
0.6	-0.103	-0.392	0.148	0.6405000000000001
0.421	0.092	0.321	-0.592	-0.0645
1.548	0.67	0.48	0.392	0.629
0.827	0.335	0.171	-1.087	0.4099999999999999
1.879	1.39	0.839	-1.292	0.7955000000000001
0.759	0.174	-0.072	-0.149	0.5385
1.027	0.875	0.058	0.714	0.8929999999999999
0.823	0.291	1.075	0.578	-0.518
1.04	0.74	0.629	1.006	0.261
2.367	1.181	-0.879	-0.801	2.653
1.12	0.627	-0.207	0.004	1.0805
0.079	-0.462	-0.326	-0.785	0.1345
0.136	0.744	0.615	-0.407	-0.175
1.328	0.913	-0.094	0.087	1.2145000000000001
1.697	0.866	-0.605	-0.325	1.8865
1.988	1.176	0.022	-0.953	1.5599999999999998
1.014	0.499	0.509	0.537	0.24749999999999994
1.28	0.898	1.458	0.582	-0.369
1.312	1.269	0.494	1.085	0.7965
1.257	0.295	-0.081	0.503	0.8569999999999999
0.899	-0.335	-0.949	-1.758	1.2309999999999999
1.182	0.572	0.265	0.651	0.612
2.04	1.474	1.203	0.484	0.554
1.575	0.429	-1.048	-0.45	2.05
0.983	-0.069	-1.379	0.406	1.8359999999999999
0.071	-0.092	0.691	-0.668	-0.7014999999999999
0.189	0.034	0.624	-0.088	-0.5125
0.88	0.77	0.189	0.028	0.6359999999999999
0.693	-0.198	0.299	0.454	-0.05150000000000002
0.701	0.535	0.135	0.487	0.483
1.366	0.234	-0.782	-0.42	1.582
1.542	0.453	-0.118	0.161	1.1155
0.761	0.563	-0.228	-0.084	0.8899999999999999
0.729	0.066	-0.81	-1.174	1.2075
0.94	1.036	1.43	-1.052	-0.44199999999999995
0.776	0.965	1.354	-0.681	-0.48350000000000004
0.043	-0.394	-0.364	0.174	0.18849999999999997
1.422	1.189	0.516	1.022	0.7894999999999999
0.788	0.599	0.174	0.617	0.5195000000000001
1.285	0.143	-0.238	0.498	0.952
0.643	0.732	0.034	-0.373	0.6535
1.133	0.299	-0.182	-0.199	0.8979999999999999
0.803	-0.227	-0.48	1.195	0.768
0.844	1.075	0.932	0.825	0.02749999999999997
0.702	0.061	0.082	-0.589	0.29949999999999993
1.341	1.001	1.029	-0.403	0.1419999999999999
1.746	1.587	0.748	0.058	0.9185000000000001
0.481	-0.397	-0.495	0.007	0.5369999999999999
0.608	-0.097	0.123	-0.995	0.1325
1.205	1.323	0.707	-0.446	0.557
1.906	1.779	0.352	-0.964	1.4905
0.739	0.288	-0.271	-0.042	0.7845
1.149	0.545	0.604	0.68	0.243
1.332	1.401	0.948	-0.046	0.4185000000000001
0.567	-0.341	-0.094	-0.025	0.20699999999999996
0.949	0.775	-0.23	-0.563	1.092
0.123	-0.128	-1.273	-0.915	1.2705
0.177	-0.283	-0.053	-0.414	6.938893903907228e-18
1.178	1.023	1.484	-0.649	-0.3835000000000002
1.029	0.887	1.095	1.306	-0.137
1.564	1.196	0.682	0.871	0.6979999999999998
0.358	-0.121	0.379	0.915	-0.2605
1.106	0.498	-0.802	-0.361	1.604
1.704	1.054	0.37	0.271	1.009
0.828	0.317	-0.262	-0.223	0.8345
1.567	1.179	-0.247	1.052	1.62
0.81	0.611	1.002	1.812	-0.2915
0.219	-0.176	-0.395	0.025	0.41650000000000004
0.844	-0.032	-0.371	-0.117	0.7769999999999999
1.387	1.025	0.961	-0.301	0.245
0.881	0.728	0.763	0.202	0.04149999999999998
1.059	0.236	0.241	0.194	0.4065
0.392	-0.313	0.171	0.117	-0.1315
0.318	0.396	0.346	0.191	0.01100000000000001
0.881	0.507	-0.388	0.376	1.0819999999999999
1.088	0.109	-0.403	-0.424	1.0015
0.757	0.303	-0.731	-0.667	1.2610000000000001
1.346	0.739	-0.918	-0.688	1.9605000000000001
-0.041	-0.344	-1.005	-1.238	0.8124999999999999
1.767	0.694	-0.831	-0.586	2.0614999999999997
1.589	0.948	-0.772	-0.081	2.0404999999999998
1.796	1.034	-0.161	0.937	1.576
0.88	0.702	0.086	-0.032	0.705
1.469	1.232	0.209	-0.5	1.1415
1.38	0.644	0.104	-0.645	0.908
1.464	1.165	-0.026	0.495	1.3405
0.907	-0.084	-0.571	0.149	0.9824999999999999
0.853	0.964	0.166	-0.531	0.7424999999999999
0.538	0.13	0.076	0.148	0.258
1.303	-0.014	-0.272	-0.559	0.9165
1.536	1.15	0.653	0.738	0.69
1.347	0.204	-0.046	0.914	0.8215
1.08	0.325	-0.391	-0.008	1.0935000000000001
0.449	0.228	0.054	-0.079	0.28450000000000003
2.051	1.571	0.135	0.202	1.676
1.256	0.501	0.039	0.602	0.8395
0.453	0.602	0.158	-0.634	0.36949999999999994
0.757	0.762	0.695	-0.561	0.06450000000000011
1.663	1.296	0.954	0.248	0.5255000000000001
1.124	1.118	1.019	-0.513	0.10200000000000009
1.173	1.248	0.213	-0.467	0.9975000000000002
0.916	0.062	-0.528	1.047	1.017
1.249	0.793	-0.313	-0.693	1.334
1.477	1.31	0.668	-0.1	0.7254999999999999
0.224	0.181	0.568	0.66	-0.36549999999999994
1.95	1.2	-0.039	-0.422	1.6139999999999999
1.242	0.613	0.226	-0.005	0.7015
0.281	-0.452	0.156	-0.185	-0.2415
1.856	0.967	0.141	-1.146	1.2705
1.34	1.259	1.944	0.251	-0.6444999999999999
0.429	0.233	0.166	0.377	0.165
-0.126	-0.061	-0.646	0.148	0.5525
1.213	1.243	0.253	-0.654	0.9750000000000002
1.261	0.014	-0.225	-0.5	0.8624999999999999
1.119	0.302	-0.603	-0.401	1.3135
0.149	0.134	0.001	-1.093	0.1405
0.031	-0.476	-1.158	0.072	0.9355
1.219	0.937	0.309	-0.524	0.7690000000000001
1.199	0.622	-0.089	-0.553	0.9995
1.506	0.837	1.319	0.599	-0.14749999999999996
0.628	0.614	0.574	-0.043	0.04700000000000004
1.06	-0.087	0.387	0.781	0.09950000000000003
1.062	0.491	0.735	-1.088	0.04149999999999998
0.631	0.305	0.89	-0.719	-0.42200000000000004
0.923	0.38	-0.017	0.193	0.6685
0.497	-0.632	-0.675	-0.836	0.6075
0.318	-0.206	-0.346	0.043	0.40199999999999997
1.16	0.426	0.231	-0.023	0.5619999999999999
0.855	0.633	1.295	1.54	-0.5509999999999999
0.93	0.478	-0.477	-0.471	1.181
2.379	1.85	0.831	-0.582	1.2835
1.446	0.989	0.233	-0.312	0.9845
0.931	0.411	-0.355	-0.199	1.026
1.228	0.005	-0.128	1.08	0.7444999999999999
0.677	0.639	0.176	0.612	0.48200000000000004
1.097	1.275	1.367	0.608	-0.18100000000000005
0.634	0.172	0.287	-0.446	0.11600000000000005
0.44	-0.086	0.462	0.437	-0.28500000000000003
1.399	1.288	0.001	0.233	1.3425000000000002
1.551	0.842	0.932	-0.176	0.26449999999999985
0.369	0.19	-0.205	-0.766	0.48449999999999993
1.937	1.762	1.105	-0.146	0.7444999999999999
0.783	0.298	-0.198	-0.649	0.7384999999999999
1.617	0.597	1.304	0.029	-0.19700000000000006
0.868	0.369	0.108	-0.516	0.5105000000000001
0.984	-0.108	-0.735	0.028	1.173
0.471	0.781	0.615	-0.108	0.01100000000000001
1.073	0.888	0.122	0.174	0.8584999999999999
1.409	1.291	0.774	0.484	0.5760000000000001
0.973	0.44	0.622	0.459	0.08450000000000002
0.539	0.014	-0.39	0.321	0.6665000000000001
1.193	1.035	0.365	-0.47	0.7489999999999999
1.263	0.602	0.839	0.138	0.09349999999999992
1.19	1.16	0.944	0.349	0.23099999999999987
1.2	0.547	-0.233	-0.75	1.1065
0.649	0.784	0.107	0.166	0.6095
1.162	0.891	0.895	0.195	0.13149999999999995
0.135	-0.495	-0.818	-0.006	0.6379999999999999
0.634	0.206	0.129	0.211	0.291
0.743	0.637	0.387	-0.775	0.30299999999999994
1.336	0.713	-0.309	0.6	1.3335
0.023	-0.725	-0.523	-0.047	0.17200000000000004
1.22	0.976	-0.143	-0.272	1.2409999999999999
1.044	0.39	0.364	0.255	0.3530000000000001
1.304	0.439	-0.917	-0.365	1.7885
1.273	0.305	-0.25	0.705	1.039
1.691	0.979	-0.132	0.202	1.467
0.756	-0.192	-1.031	-0.614	1.313
1.29	0.069	-0.086	0.033	0.7655
1.243	0.767	-0.184	0.529	1.189
0.449	0.992	1.153	0.571	-0.4325
0.839	-0.02	-0.694	-0.76	1.1035
0.795	0.675	0.828	0.285	-0.09299999999999986
1.402	0.441	-0.697	-0.607	1.6185
0.777	0.441	-0.344	-1.339	0.953
0.426	0.044	0.473	-0.152	-0.238
1.426	0.94	-0.414	-0.267	1.5969999999999998
1.555	1.269	-0.28	-0.876	1.692
0.881	0.359	0.852	0.793	-0.23199999999999998
0.809	-0.177	0.253	0.547	0.06300000000000006
0.57	0.257	0.063	0.624	0.3505
2.18	1.707	1.01	0.253	0.9335000000000002
-0.103	-0.885	-0.771	-0.543	0.277
1.218	1.19	1.362	1.239	-0.15800000000000014
1.809	1.691	1.53	0.812	0.21999999999999997
2.126	2.115	2.088	1.507	0.03249999999999975
1.735	0.702	-0.092	0.129	1.3105000000000002
0.106	0.156	-0.442	0.1	0.573
0.442	0.095	0.116	-0.379	0.15250000000000002
0.864	0.212	-0.995	-0.791	1.533
0.925	0.316	0.141	-0.527	0.47950000000000004
0.798	-0.142	1.338	0.303	-1.01
1.534	0.917	0.537	0.578	0.6885
0.927	1.179	1.225	-0.641	-0.17200000000000015
1.128	0.479	0.126	0.021	0.6774999999999999
0.493	0.495	0.735	0.095	-0.241
1.085	0.597	0.769	0.701	0.07199999999999995
2.191	1.214	0.522	0.761	1.1804999999999999
-0.403	-0.228	0.397	-0.476	-0.7125
1.308	1.446	1.84	0.291	-0.4630000000000001
0.908	-0.118	0.162	-0.498	0.233
2.206	1.771	0.654	-0.435	1.3344999999999998
1.588	0.701	-0.172	-0.754	1.3165
1.745	0.272	0.488	0.416	0.5205000000000002
1.604	1.177	-0.587	-1.033	1.9775
0.782	0.145	0.499	-0.03	-0.035499999999999976
0.513	0.21	-0.436	0.2	0.7975
0.36	0.564	1.18	0.718	-0.718
1.712	1.363	0.56	-1.034	0.9775
2.032	1.03	0.355	1.002	1.1760000000000002
0.88	0.741	0.429	0.641	0.3815
1.754	1.175	-0.244	-0.264	1.7085000000000001
1.277	0.291	-0.539	-0.213	1.323
1.849	1.031	-0.523	-1.169	1.963
1.486	1.356	0.321	0.429	1.1
1.696	0.99	-0.308	-0.316	1.651
1.577	0.579	0.769	0.104	0.30899999999999983
0.985	1.03	1.168	1.155	-0.16049999999999986
-0.003	-0.15	-0.355	0.201	0.27849999999999997
0.692	0.079	-0.121	0.411	0.5065
0.726	-0.018	-0.845	-0.887	1.1989999999999998
0.318	0.903	1.224	0.15	-0.6134999999999999
0.098	0.034	-0.203	-1.565	0.269
1.351	0.945	0.229	-0.318	0.9189999999999999
0.214	0.056	-0.638	0.351	0.773
1.146	0.127	-0.432	0.675	1.0685
0.48	0.226	0.119	0.033	0.23399999999999999
1.132	0.983	0.941	-1.035	0.11649999999999994
1.076	0.412	1.095	0.98	-0.351
0.835	0.486	-0.696	-0.568	1.3565
0.274	0.616	0.255	0.656	0.19
1.665	1.015	0.377	-0.176	0.9629999999999999
0.777	0.527	0.646	1.206	0.006000000000000005
1.14	0.454	-1.045	-0.841	1.8419999999999999
1.084	0.78	1.265	-0.449	-0.33299999999999985
0.944	0.348	0.299	0.154	0.3469999999999999
0.784	0.764	1.698	0.405	-0.9239999999999999
0.569	0.344	-0.639	-0.503	1.0955
0.931	0.727	0.734	0.18	0.09499999999999997
1.695	0.907	-0.185	-1.13	1.4860000000000002
0.454	-0.04	0.147	0.025	0.060000000000000026
1.202	0.998	0.927	-0.294	0.17300000000000004
1.876	0.889	0.28	0.064	1.1024999999999998
0.505	0.43	0.208	-0.107	0.25950000000000006
1.472	0.432	-0.572	-0.461	1.524
1.318	0.89	0.844	1.009	0.2600000000000001
0.784	0.629	1.199	0.744	-0.49250000000000005
1.339	1.018	0.247	0.302	0.9315000000000001
0.751	0.215	-0.1	0.237	0.583
1.618	1.386	-0.175	-0.426	1.677
1.136	0.27	0.118	0.044	0.585
0.47	0.21	-0.166	0.148	0.506
0.775	0.543	-0.298	-0.237	0.9570000000000001
0.141	-0.915	-1.153	0.308	0.766
1.886	1.21	0.605	-0.558	0.9430000000000001
1.386	0.541	0.161	-0.056	0.8025
0.467	-0.367	0.285	0.257	-0.23499999999999996
1.743	0.436	-0.543	-0.209	1.6325000000000003
0.334	0.384	0.343	-0.098	0.01599999999999996
0.455	-0.107	0.392	-0.04	-0.218
1.482	0.699	-0.786	-0.919	1.8765
0.403	-0.397	-0.788	-0.953	0.791
0.91	-0.119	-0.543	-0.894	0.9385000000000001
1.859	0.688	-0.427	-0.242	1.7005
0.851	0.085	0.044	-0.065	0.424
1.034	1.128	0.865	-0.057	0.21599999999999997
1.138	0.657	0.221	-0.55	0.6765
1.667	0.383	-0.033	0.702	1.0579999999999998
1.747	0.938	-0.468	-0.37	1.8105
1.185	0.887	-0.616	-0.216	1.6520000000000001
1.025	0.306	-0.514	0.588	1.1795
1.402	-0.167	-0.372	0.469	0.9894999999999999
1.271	1.001	-0.009	0.358	1.1449999999999998
1.325	0.809	0.57	-0.076	0.497
0.426	0.161	0.096	0.197	0.19749999999999998
0.569	-0.328	0.572	0.493	-0.4515
-0.26	-1.14	-0.975	0.6	0.275
0.425	-0.525	-0.648	0.265	0.598
1.226	0.186	0.258	-0.125	0.44799999999999995
0.817	0.372	0.823	0.166	-0.22849999999999993
0.585	-0.224	-0.659	-0.17	0.8395
0.914	0.483	-0.342	-0.241	1.0405
1.598	0.968	-0.082	-1.385	1.365
2.004	1.54	-0.079	0.62	1.851
1.305	1.254	0.308	0.433	0.9715
1.213	0.983	-0.418	0.038	1.516
1.0	0.278	0.079	0.683	0.56
1.926	1.4	0.755	-0.691	0.9079999999999998
0.077	-0.463	-1.341	-0.241	1.148
0.273	-0.562	0.035	0.552	-0.17950000000000002
1.454	0.636	-0.256	-0.345	1.301
0.917	0.183	-0.06	1.293	0.6100000000000001
1.081	0.817	0.378	0.163	0.571
1.675	1.055	-0.274	0.667	1.639
0.74	0.138	-0.258	0.313	0.6970000000000001
0.815	0.107	-1.224	-0.377	1.685
1.689	1.51	0.091	-0.241	1.5085
0.889	0.257	-0.609	-0.073	1.182
0.782	0.601	0.684	0.222	0.007499999999999951
0.902	0.279	-0.448	0.744	1.0385
0.945	1.063	0.513	0.241	0.491
1.5	1.427	0.758	0.96	0.7055
0.869	0.657	0.774	-0.273	-0.01100000000000001
1.002	0.598	0.387	0.953	0.41300000000000003
1.075	0.576	0.2	0.75	0.6255
0.868	0.286	-0.148	0.196	0.725
1.032	0.76	0.25	0.39	0.646
1.059	0.323	0.34	0.712	0.3509999999999999
1.423	0.512	0.38	-0.037	0.5875
0.606	0.81	1.742	0.998	-1.034
0.864	0.871	0.359	1.486	0.5085
0.777	-0.055	-1.151	0.074	1.512
0.517	0.706	0.567	1.315	0.044499999999999984
1.193	1.029	0.044	0.388	1.067
1.172	0.929	0.362	0.07	0.6885
1.013	0.394	-0.933	-0.095	1.6365
1.731	1.574	0.438	-1.355	1.2145000000000001
1.274	0.82	-0.084	0.278	1.131
1.052	1.232	1.197	-0.529	-0.05500000000000016
0.243	0.962	1.207	0.23	-0.6045
1.055	0.938	0.408	-0.5	0.5885
0.527	0.146	-0.46	0.635	0.7965
1.379	1.083	0.322	0.505	0.9089999999999998
0.467	-0.54	0.148	0.06	-0.1845
0.494	0.3	0.453	-0.703	-0.055999999999999994
1.251	1.416	1.482	0.416	-0.14850000000000008
0.692	0.072	-0.715	-0.636	1.097
1.056	-0.047	-0.406	0.758	0.9105000000000001
0.516	-0.189	-0.765	0.601	0.9285
1.33	0.123	-0.472	0.606	1.1985000000000001
0.488	-0.15	0.702	0.971	-0.5329999999999999
1.071	1.007	0.251	0.353	0.7879999999999999
1.511	0.126	-1.223	-0.249	2.0415
1.132	0.662	-0.354	-0.582	1.251
0.391	0.207	0.834	-0.553	-0.5349999999999999
1.304	1.128	0.272	-0.251	0.944
0.757	0.44	0.144	-0.663	0.4545
0.674	0.58	0.908	0.55	-0.281
0.551	0.388	0.04	-0.722	0.42950000000000005
0.324	-0.028	0.002	-0.288	0.146
1.529	1.393	1.156	0.021	0.30499999999999994
-0.13	-0.105	0.723	0.72	-0.8405
0.511	0.032	-0.33	-0.243	0.6015
1.23	0.045	-1.388	0.618	2.0255
1.047	0.897	-0.134	-0.206	1.1059999999999999
1.19	0.65	0.319	0.481	0.601
1.166	0.993	0.101	-0.436	0.9784999999999999
0.899	0.47	0.023	0.021	0.6615
0.542	0.338	0.289	0.037	0.15100000000000008
1.407	1.196	0.564	0.343	0.7374999999999999
1.105	0.838	1.272	0.124	-0.3005
0.946	0.515	0.714	0.077	0.01649999999999996
1.623	0.502	0.128	0.433	0.9345
1.441	1.207	0.617	-0.123	0.7070000000000001
1.536	0.726	-0.188	-0.026	1.319
0.842	0.963	0.406	0.206	0.49649999999999994
0.963	0.97	1.418	0.89	-0.4515
1.188	0.641	0.16	-0.679	0.7545
1.18	0.537	-0.166	-0.515	1.0245
1.048	0.377	0.503	1.19	0.20950000000000002
0.288	0.108	0.033	0.346	0.16499999999999998
0.751	0.721	0.731	1.008	0.0050000000000000044
0.78	-0.038	-0.486	-0.349	0.857
1.936	1.573	1.008	-0.08	0.7464999999999999
1.745	0.667	-0.763	-0.445	1.9689999999999999
1.086	0.692	0.377	0.555	0.512
0.635	0.446	0.063	0.506	0.4775
1.29	0.945	0.56	0.011	0.5574999999999999
0.973	0.661	0.132	-0.106	0.6849999999999999
1.15	0.498	-0.25	0.12	1.0739999999999998
0.967	0.149	-0.466	0.155	1.024
0.796	0.417	0.543	1.107	0.0635
0.803	0.481	0.647	-0.031	-0.0050000000000000044
0.994	0.902	0.463	-0.072	0.48499999999999993
0.815	0.547	0.404	-0.249	0.277
1.443	1.345	1.169	-0.332	0.2250000000000001
1.521	1.344	1.785	1.119	-0.3524999999999998
1.11	0.639	0.357	0.423	0.5175000000000001
0.56	0.534	0.051	0.892	0.49600000000000005
1.74	0.815	-0.005	-0.876	1.2824999999999998
0.821	-0.285	-1.212	-0.384	1.48
1.28	0.698	1.039	0.167	-0.04999999999999993
0.943	-0.2	-1.421	1.087	1.7925
1.243	0.838	0.266	0.295	0.7745
0.688	1.144	1.09	-0.846	-0.17400000000000015
0.002	-1.383	-1.042	-0.643	0.35150000000000003
0.981	0.28	-0.383	-0.185	1.0135
1.639	0.269	-0.133	-0.943	1.087
1.339	0.433	-0.186	0.252	1.072
0.018	-0.489	-0.928	0.456	0.6925000000000001
0.925	0.742	0.025	-0.934	0.8085
0.655	-0.109	-0.353	0.796	0.626
1.657	0.459	0.014	-0.139	1.044
1.526	0.602	-0.681	-1.43	1.745
1.0	0.556	0.404	-0.093	0.374
1.267	0.992	0.978	1.22	0.15149999999999997
0.209	-0.82	-0.328	0.549	0.02250000000000002
1.234	0.459	-0.251	-0.233	1.0975000000000001
0.789	0.083	0.23	1.056	0.206
1.089	0.969	-0.172	0.466	1.2009999999999998
1.015	0.9	0.285	0.734	0.6725000000000001
1.099	0.521	-0.322	-0.025	1.1320000000000001
1.464	0.655	-0.141	-0.331	1.2005
1.06	0.392	0.378	0.22	0.348
1.304	1.046	1.195	-0.505	-0.020000000000000018
0.779	0.292	-0.45	0.048	0.9855
0.548	0.038	-0.49	0.43	0.783
1.318	0.479	0.636	-0.253	0.26250000000000007
0.335	0.682	2.167	1.199	-1.6584999999999996
1.14	1.124	1.232	0.019	-0.09999999999999987
1.064	0.474	-0.474	-1.184	1.2429999999999999
1.121	0.236	-0.125	0.014	0.8035
1.162	1.333	2.12	1.432	-0.8725
1.064	1.081	-0.473	-1.268	1.5455
0.781	0.582	0.299	0.754	0.3825
1.796	1.054	0.426	-0.356	0.9990000000000001
1.391	0.802	0.727	-1.022	0.36950000000000005
0.906	0.6	0.987	1.168	-0.23399999999999999
1.318	1.283	1.06	1.067	0.24049999999999994
1.196	0.966	-0.02	-0.454	1.101
1.379	0.52	-0.665	-1.163	1.6145
1.431	1.367	0.011	0.088	1.3880000000000001
0.513	0.188	0.313	0.479	0.03750000000000003
1.692	0.994	0.56	-0.197	0.7829999999999999
1.012	0.122	-0.342	0.355	0.909
0.502	0.476	-0.122	-0.841	0.611
1.028	0.906	0.94	-0.399	0.027000000000000135
0.751	0.938	1.022	-0.011	-0.1775
0.456	0.081	-0.211	-0.552	0.47950000000000004
0.712	0.177	-0.271	-0.642	0.7155
0.634	0.293	-0.362	0.905	0.8255
0.408	0.408	0.334	0.802	0.07399999999999995
1.549	0.721	0.808	-0.057	0.32699999999999996
0.748	0.355	0.248	1.277	0.3035
1.616	0.508	0.307	0.871	0.7550000000000001
1.311	0.829	-0.108	0.608	1.178
0.712	0.608	1.376	1.826	-0.716
1.385	1.302	1.178	1.061	0.1655000000000002
1.298	0.696	-0.492	-0.181	1.4889999999999999
1.357	0.28	-0.65	0.163	1.4685000000000001
1.228	0.82	-0.374	-1.047	1.3980000000000001
1.831	1.008	1.147	1.285	0.27249999999999996
0.7	0.449	-0.27	-0.869	0.8445
1.034	0.644	0.142	0.361	0.697
0.615	-0.079	-0.203	-0.645	0.47100000000000003
1.02	0.81	0.491	0.844	0.42400000000000004
1.034	1.127	0.255	0.466	0.8255
0.222	-0.268	-0.706	0.33	0.6829999999999999
1.614	1.299	0.384	0.585	1.0725000000000002
1.097	0.54	-0.407	0.309	1.2255
0.513	0.051	-0.264	-0.252	0.546
0.736	0.215	0.005	-0.923	0.4705
1.327	1.304	1.062	0.169	0.25350000000000006
0.462	0.559	-0.976	-0.774	1.4865
1.237	1.225	0.645	-0.295	0.5860000000000001
0.984	0.593	0.676	-0.53	0.11249999999999993
0.902	0.43	0.107	0.731	0.559
0.771	0.423	-0.132	1.603	0.729
1.268	0.869	-0.868	-1.507	1.9365
1.344	0.898	0.227	0.637	0.894
1.079	1.027	0.466	0.902	0.587
0.655	-0.402	-0.693	-0.142	0.8194999999999999
0.649	0.106	-0.723	-0.241	1.1005
0.704	0.352	0.459	0.251	0.069
1.009	0.974	0.765	0.448	0.22649999999999992
1.084	1.131	0.847	0.916	0.26049999999999995
1.488	1.08	0.993	1.152	0.29100000000000004
0.255	-0.025	0.536	-0.246	-0.42100000000000004
1.407	1.012	-0.547	-0.366	1.7565
2.133	1.68	1.233	-0.134	0.6734999999999998
1.562	0.749	-0.141	-0.356	1.2965
1.293	1.306	1.278	0.188	0.021500000000000075
1.482	0.932	0.708	1.229	0.4990000000000001
1.872	1.26	0.267	0.008	1.299
0.675	0.145	1.587	1.647	-1.177
0.439	-0.446	-0.595	0.429	0.5914999999999999
0.212	-0.365	-0.299	0.111	0.22249999999999998
0.928	0.539	0.178	0.479	0.5555000000000001
0.817	-0.238	-0.086	-0.449	0.37549999999999994
1.007	0.228	0.837	1.695	-0.21950000000000003
1.829	0.982	0.96	0.844	0.4455
1.901	1.576	0.188	0.881	1.5505000000000002
0.665	0.193	0.002	-0.18	0.42700000000000005
0.309	-0.461	-0.859	0.37	0.7829999999999999
1.514	1.459	0.93	0.25	0.5564999999999999
0.934	0.605	-0.121	-0.27	0.8905000000000001
1.073	0.365	0.456	-0.745	0.26299999999999996
1.215	0.358	-0.953	0.18	1.7395
1.848	0.734	0.36	-1.2	0.9309999999999999
1.091	0.765	1.067	-0.455	-0.139
1.589	1.093	0.986	0.572	0.355
1.401	1.21	0.193	0.193	1.1124999999999998
1.592	1.01	0.03	0.431	1.2710000000000001
1.585	1.445	0.876	0.658	0.6390000000000001
0.999	0.693	0.501	0.408	0.345
0.783	0.627	0.192	0.187	0.5130000000000001
1.002	0.672	0.183	0.573	0.6539999999999999
1.002	0.221	0.252	-0.632	0.35950000000000004
1.024	0.261	-0.475	-0.315	1.1175000000000002
0.628	0.42	0.597	0.234	-0.07299999999999995
-0.161	0.108	0.652	-0.392	-0.6785
1.692	1.054	0.355	-0.608	1.018
1.185	1.039	0.397	1.138	0.7150000000000001
1.114	1.396	1.363	0.778	-0.1080000000000001
0.371	0.286	0.858	1.337	-0.5295
0.596	-0.133	-0.272	0.722	0.5035000000000001
0.675	-0.079	0.123	-0.009	0.17500000000000004
1.176	-0.033	-0.241	-0.026	0.8125
1.01	0.52	1.169	-0.014	-0.404
1.026	0.608	-0.191	-0.08	1.008
0.688	-0.651	-0.731	0.041	0.7494999999999999
1.492	1.022	0.251	-0.023	1.0060000000000002
1.353	0.678	1.852	0.771	-0.8365
1.118	0.276	0.518	1.019	0.17900000000000005
1.54	0.793	0.271	0.548	0.8955000000000001
0.818	0.433	0.039	-0.246	0.5864999999999999
0.217	0.215	0.236	1.009	-0.01999999999999999
0.762	-0.281	-0.412	0.169	0.6525
0.518	-0.13	-0.086	0.635	0.28
1.045	1.126	1.002	0.78	0.08349999999999991
1.641	0.417	1.103	-0.525	-0.07400000000000007
