sst-local_-1W	sst-local_-2to3W	sst-local_-4to6W	sst-local_trend
0.309	-0.486	-0.355	0.7295
-0.312	-0.462	-0.558	0.198
0.034	0.276	-0.437	0.11449999999999999
0.478	0.626	0.233	0.04849999999999999
0.116	-0.161	0.997	-0.302
0.701	0.504	0.43	0.23399999999999999
1.216	0.676	0.553	0.6014999999999999
0.207	-0.473	-0.391	0.639
-0.382	-0.858	-0.451	0.27249999999999996
0.325	0.418	0.419	-0.09349999999999997
0.087	0.393	0.503	-0.361
-0.338	-0.441	0.035	-0.135
0.179	0.329	0.405	-0.188
0.298	-0.389	-0.727	0.8560000000000001
-0.015	-0.026	0.839	-0.4215
-0.202	-0.572	-0.683	0.42549999999999993
-0.215	-0.123	-0.013	-0.147
0.088	0.336	0.07	-0.11500000000000002
0.75	0.21	0.151	0.5695
0.211	0.037	-0.319	0.352
0.918	0.09	-0.156	0.9510000000000001
0.376	0.482	-0.014	0.14200000000000002
0.911	0.506	0.359	0.47850000000000004
-0.318	-0.43	-0.206	0.0
0.183	-0.029	-0.371	0.383
0.402	0.396	0.109	0.14950000000000002
0.744	0.685	0.294	0.25449999999999995
1.096	0.881	0.547	0.3820000000000001
0.354	-0.158	0.059	0.40349999999999997
0.488	0.05	0.035	0.4455
0.266	-0.057	-0.415	0.502
0.583	0.352	0.64	0.08699999999999997
0.616	0.218	-0.156	0.585
0.929	0.731	-0.078	0.6025
-0.499	-0.126	0.089	-0.4805
-0.271	0.061	0.166	-0.3845
0.213	0.542	0.65	-0.3830000000000001
0.43	0.371	0.594	-0.05249999999999999
1.429	0.771	0.463	0.812
0.726	0.744	0.313	0.1975
0.386	0.031	-0.474	0.6074999999999999
0.314	-0.095	-0.332	0.5275000000000001
1.036	0.852	-0.046	0.633
0.676	0.818	0.978	-0.22199999999999986
0.175	0.492	0.771	-0.45649999999999996
0.228	0.433	0.373	-0.17500000000000002
0.152	0.535	-0.164	-0.0335
0.642	0.292	0.293	0.34950000000000003
1.314	0.474	-0.373	1.2635
1.705	1.212	-0.038	1.118
0.457	0.121	0.058	0.36750000000000005
-0.434	-0.037	0.788	-0.8095
-0.414	-0.34	-0.786	0.14900000000000008
-0.529	-0.95	-0.633	0.26249999999999996
0.096	-0.097	-0.828	0.5585
0.256	0.101	-0.777	0.5940000000000001
0.095	0.294	-0.041	-0.0315
1.058	0.942	0.681	0.24650000000000005
-0.111	-0.27	-0.303	0.1755
-0.289	-0.243	-0.365	0.015000000000000013
0.184	-0.152	-0.303	0.4115
0.224	0.33	-0.097	0.1075
-0.173	0.345	0.505	-0.598
0.293	-0.005	0.491	0.04999999999999999
0.837	0.763	0.519	0.19599999999999995
0.883	0.886	0.64	0.12
-0.018	0.805	1.022	-0.9315
0.89	0.755	0.474	0.27549999999999997
-0.009	-0.087	0.409	-0.16999999999999998
0.057	-0.037	0.128	0.011500000000000003
0.409	-0.313	-0.062	0.5965
-0.119	-0.106	-0.24	0.05399999999999999
0.332	-0.106	-0.206	0.488
0.166	0.079	0.005	0.124
0.946	0.924	0.096	0.43599999999999994
1.397	1.009	0.454	0.6655000000000001
0.2	0.013	-0.078	0.2325
0.575	0.679	0.404	0.03349999999999986
0.261	0.337	-0.041	0.11299999999999999
0.41	0.379	0.012	0.21449999999999997
0.634	0.341	0.152	0.3875
0.189	-0.021	0.532	-0.0665
0.148	0.13	0.214	-0.023999999999999994
-0.504	-0.292	-0.355	-0.1805
-0.507	-0.303	-0.651	-0.030000000000000027
0.564	0.1	0.174	0.42699999999999994
0.541	0.827	0.294	-0.019499999999999962
0.033	0.021	0.127	-0.040999999999999995
0.588	-0.048	0.191	0.5165
0.791	0.74	0.164	0.339
1.173	0.888	0.637	0.4105000000000001
1.35	0.9	0.096	0.8520000000000001
0.18	0.007	0.248	0.05249999999999999
0.309	-0.124	-0.576	0.659
-0.628	-0.263	-0.298	-0.34750000000000003
-0.369	-0.294	0.422	-0.433
0.348	0.045	-0.158	0.40449999999999997
0.28	0.814	0.599	-0.4264999999999999
0.561	0.465	0.177	0.24000000000000005
-0.067	-0.285	-0.688	0.41949999999999993
-0.34	-0.091	0.718	-0.6535
0.413	-0.036	-0.02	0.44099999999999995
-0.026	0.213	0.118	-0.19149999999999998
0.244	0.11	-0.014	0.196
0.375	0.096	0.58	0.03700000000000003
-0.914	-0.835	-0.811	-0.09100000000000008
0.564	0.57	0.35	0.10399999999999998
0.571	-0.089	0.017	0.607
-0.392	-0.446	-0.043	-0.14750000000000002
0.461	0.546	0.489	-0.05650000000000005
0.844	1.37	0.531	-0.10650000000000015
0.347	0.407	0.292	-0.0025000000000000022
0.084	0.065	0.351	-0.12399999999999999
0.588	0.366	0.565	0.1225
0.07	-0.084	-0.427	0.3255
-0.033	-0.154	0.009	0.03949999999999999
0.022	0.349	0.138	-0.2215
-0.009	0.421	0.236	-0.3375
0.109	0.168	0.28	-0.11500000000000003
-0.683	-0.591	-0.697	-0.039000000000000146
1.167	0.533	0.501	0.65
0.774	0.964	0.249	0.16749999999999998
-0.079	-0.253	-0.844	0.4695
0.001	0.268	0.206	-0.236
0.076	0.07	0.009	0.0365
0.137	0.31	0.056	-0.045999999999999985
-1.346	-1.208	-1.507	0.011499999999999844
-0.082	0.131	-0.51	0.1075
0.47	0.211	0.001	0.364
-0.183	-0.174	0.194	-0.193
0.614	0.204	0.198	0.413
1.186	0.833	0.225	0.6569999999999999
0.589	0.106	0.379	0.3465
0.252	0.242	-0.244	0.253
0.793	0.39	0.409	0.39350000000000007
1.329	1.068	0.423	0.5834999999999999
-0.769	-0.908	-0.613	-0.008500000000000063
-0.541	0.101	-0.886	-0.14850000000000002
-0.355	-0.107	-0.709	0.05299999999999999
0.499	0.323	0.016	0.3295
0.373	0.541	0.888	-0.3415
0.149	-0.034	0.033	0.1495
0.355	0.197	-0.108	0.3105
0.917	0.435	0.027	0.686
1.518	0.838	0.215	0.9915
1.205	1.498	1.352	-0.21999999999999997
0.032	-0.397	-0.381	0.42100000000000004
0.042	-0.221	-0.38	0.34249999999999997
0.848	0.244	-0.259	0.8554999999999999
-0.092	0.046	0.045	-0.1375
0.001	0.005	0.018	-0.010499999999999999
0.339	-0.333	-0.517	0.764
0.708	0.799	-0.351	0.48399999999999993
-0.154	-0.021	-0.306	0.009500000000000008
0.556	0.502	0.216	0.19700000000000006
0.504	0.581	0.485	-0.028999999999999915
-0.124	-0.34	0.2	-0.05399999999999999
-0.09	0.004	-0.33	0.07300000000000001
0.686	0.676	1.37	-0.3370000000000001
1.554	1.238	0.685	0.5925
1.267	1.56	1.254	-0.14000000000000012
2.209	1.558	1.539	0.6605000000000001
0.188	0.066	0.023	0.14350000000000002
0.015	0.369	0.13	-0.2345
-0.335	-0.369	-0.309	0.003999999999999948
-0.1	-0.202	-0.507	0.25450000000000006
-0.1	-0.047	-0.315	0.08099999999999999
-0.111	-0.015	0.152	-0.1795
-0.138	-0.018	0.27	-0.264
-0.415	-0.232	-0.31	-0.14399999999999996
-0.251	-0.058	-0.503	0.029500000000000026
0.711	0.197	-0.092	0.6585
1.029	0.924	0.144	0.4949999999999999
-0.142	-0.261	-0.028	0.00250000000000003
-0.148	-0.077	0.04	-0.1295
0.717	0.145	0.238	0.5255
0.473	0.368	0.095	0.2415
0.39	0.377	0.514	-0.055499999999999994
0.301	0.717	0.382	-0.2485
0.594	0.91	0.503	-0.11250000000000004
0.334	-0.267	-0.093	0.514
0.771	0.155	-0.255	0.8210000000000001
0.099	-0.257	0.071	0.192
1.086	1.5	-0.101	0.38650000000000007
1.085	1.134	1.192	-0.07799999999999985
-0.312	-0.167	-0.187	-0.135
-0.144	0.554	0.532	-0.687
-0.433	-0.365	-0.385	-0.057999999999999996
0.277	0.336	1.042	-0.41200000000000003
0.78	0.809	0.553	0.09899999999999998
1.639	1.111	0.8	0.6835
-0.828	-0.373	-0.141	-0.571
0.259	0.006	-0.083	0.2975
0.413	0.401	0.04	0.19249999999999998
0.653	0.578	0.193	0.26750000000000007
0.39	0.469	1.141	-0.4149999999999999
0.448	0.155	-0.466	0.6035
0.71	1.07	0.253	0.04849999999999999
-0.777	-0.954	-0.417	-0.09150000000000003
-0.288	-0.438	-0.863	0.3625
0.595	0.294	0.151	0.3725
0.807	0.929	0.282	0.2015
0.92	0.598	0.906	0.16800000000000004
-0.088	-0.288	0.245	-0.0665
-0.21	0.014	-0.1	-0.16699999999999998
0.462	0.324	-0.034	0.317
-0.679	-0.803	-0.184	-0.1855
0.505	0.257	-0.494	0.6234999999999999
-0.836	-0.862	-0.462	-0.17399999999999993
-0.444	-0.763	-0.775	0.325
0.751	0.729	0.104	0.3345
1.103	0.866	0.784	0.278
-0.514	-0.074	-0.202	-0.376
0.18	0.073	0.501	-0.10699999999999998
0.028	0.143	-0.08	-0.0034999999999999927
-0.136	-0.249	0.547	-0.28500000000000003
-0.863	-0.637	-0.403	-0.34299999999999997
0.292	-0.128	-0.088	0.39999999999999997
0.742	0.471	1.169	-0.07800000000000007
-0.232	-0.262	-0.545	0.1715
0.682	0.354	0.262	0.37400000000000005
0.058	-0.015	-0.256	0.1935
0.208	-0.22	-0.189	0.4125
-0.096	-0.456	-0.078	0.171
-0.344	-0.181	-0.05	-0.22849999999999998
-0.316	-0.264	-0.186	-0.091
-0.079	-0.047	-0.441	0.16499999999999998
0.526	0.169	-0.139	0.511
1.034	0.631	-0.004	0.7205
-0.969	-1.122	-0.96	0.07199999999999995
0.178	0.267	0.314	-0.11249999999999999
0.315	0.408	0.474	-0.12599999999999995
0.567	0.804	0.699	-0.1845000000000001
0.326	0.518	0.11	0.01200000000000001
0.679	0.484	0.494	0.19000000000000006
-0.296	-0.328	-0.042	-0.11099999999999999
-0.628	-0.427	-0.641	-0.09399999999999997
-0.133	-0.529	-0.559	0.41100000000000003
0.365	0.192	-0.288	0.413
-0.058	0.014	0.175	-0.1525
-0.245	-0.892	-1.024	0.713
-0.393	-0.567	-0.543	0.16199999999999992
0.085	-0.17	-0.507	0.42350000000000004
-0.308	-0.037	0.022	-0.3005
0.05	-0.237	-0.033	0.185
0.579	0.709	-0.036	0.2425
-0.284	-0.52	-0.24	0.09600000000000003
0.095	0.485	-0.218	-0.038500000000000006
0.768	0.565	0.469	0.2510000000000001
-0.343	-0.085	0.665	-0.633
0.472	0.133	-0.067	0.43899999999999995
0.269	0.219	0.165	0.07700000000000001
-0.166	-0.317	-0.54	0.26249999999999996
-0.624	-0.315	-0.049	-0.442
-0.384	-0.251	-0.347	-0.08500000000000002
0.332	0.221	0.427	0.008000000000000007
0.267	0.022	0.081	0.21550000000000002
-0.024	0.197	0.678	-0.4615
0.153	0.077	-0.496	0.3625
0.498	0.231	0.378	0.1935
1.617	0.494	0.424	1.158
1.263	1.132	1.433	-0.019500000000000073
0.105	0.046	0.12	0.022000000000000006
0.76	0.41	0.568	0.271
0.956	1.103	0.458	0.1755
1.067	0.922	1.305	-0.046499999999999986
1.494	1.757	0.97	0.13050000000000006
1.514	1.67	1.096	0.131
0.03	-0.23	0.273	0.008499999999999994
-0.11	-0.237	-0.632	0.3245
0.015	-0.21	-0.333	0.28650000000000003
0.843	0.052	-0.252	0.943
-0.001	-0.111	-0.571	0.33999999999999997
0.34	-0.028	-0.259	0.48350000000000004
0.24	0.099	-0.002	0.1915
0.872	0.502	0.023	0.6094999999999999
0.21	0.048	0.316	0.027999999999999997
0.132	0.646	0.111	-0.2465
-0.134	0.03	0.432	-0.365
0.206	0.13	0.149	0.06649999999999998
-0.255	-0.235	0.496	-0.3855
0.53	0.335	0.137	0.29400000000000004
1.262	1.025	0.688	0.4055000000000001
0.294	-0.047	-0.311	0.473
0.281	0.23	0.469	-0.06849999999999995
0.901	0.82	0.239	0.37150000000000005
0.365	-0.195	-0.697	0.8109999999999999
-0.0	0.418	0.358	-0.388
0.459	0.328	0.534	0.02799999999999997
0.004	-0.238	0.069	0.0885
-0.517	-0.192	-0.396	-0.22299999999999998
-0.102	-0.021	-0.283	0.05
0.624	0.765	0.503	-0.010000000000000009
1.318	0.967	0.426	0.6215
1.313	1.238	0.8	0.2939999999999998
1.069	0.961	1.275	-0.04899999999999993
0.096	-0.238	-0.437	0.4335
-0.277	-0.663	-0.542	0.3255
0.464	0.412	0.601	-0.04249999999999993
0.777	0.854	0.452	0.124
-0.545	-0.869	-0.502	0.14049999999999996
-0.028	-0.272	-0.064	0.14
0.325	0.318	-0.211	0.2715
-0.673	-0.433	0.496	-0.7045
0.275	0.323	0.406	-0.08950000000000002
0.274	0.019	0.203	0.16300000000000003
0.165	0.33	0.232	-0.11600000000000002
-0.074	0.173	0.01	-0.16549999999999998
-0.627	-0.544	-0.167	-0.27149999999999996
0.031	0.072	-0.418	0.204
-0.072	-0.179	0.06	-0.012499999999999997
0.491	-0.066	-0.071	0.5595
0.303	0.083	0.016	0.2535
0.577	0.212	-0.115	0.5285
0.765	1.372	0.8	-0.32100000000000006
1.632	1.274	1.17	0.4099999999999999
-0.876	-0.646	-0.291	-0.4075
0.184	0.093	-0.18	0.22749999999999998
-0.411	-0.473	-0.578	0.11449999999999999
0.601	0.34	0.364	0.249
0.739	0.789	0.308	0.1905
0.623	0.801	0.715	-0.135
0.57	0.54	0.345	0.12749999999999995
-0.263	-0.584	-0.334	0.19599999999999995
0.54	-0.123	-0.149	0.676
0.412	0.139	-0.104	0.39449999999999996
0.369	0.519	0.833	-0.30699999999999994
-1.251	-1.083	-0.336	-0.5414999999999999
-0.959	-1.147	-0.745	-0.013000000000000012
0.271	0.55	0.147	-0.07750000000000001
0.758	0.561	0.49	0.23249999999999993
-0.061	-0.364	-0.533	0.3875
0.083	0.179	-0.339	0.16300000000000003
1.048	0.406	0.36	0.665
0.055	-0.445	-0.059	0.307
0.526	0.335	0.507	0.10499999999999998
0.444	0.13	-0.097	0.4275
0.36	0.542	0.35	-0.08600000000000002
-0.543	-0.086	-0.012	-0.49400000000000005
0.132	-0.294	-0.049	0.3035
1.381	1.068	-0.125	0.9095
-0.385	-0.61	-0.517	0.1785
-0.249	-0.895	-0.845	0.621
0.314	0.048	-0.139	0.3595
-0.129	0.078	0.856	-0.596
0.932	0.308	0.311	0.6225
0.538	0.566	-0.253	0.38150000000000006
-0.264	-0.243	0.184	-0.23450000000000001
0.371	0.185	-0.25	0.40349999999999997
0.788	0.454	0.884	0.119
0.153	0.22	0.201	-0.05750000000000002
0.754	0.81	0.9	-0.10099999999999998
-0.103	-0.147	-0.029	-0.015
0.537	-0.171	-0.126	0.6855
0.906	0.47	-0.166	0.754
-0.108	-0.177	0.158	-0.0985
0.362	0.146	-0.2	0.389
-0.371	-0.278	-0.15	-0.15699999999999997
-0.402	-0.147	0.051	-0.35400000000000004
-0.393	-0.767	-0.57	0.27549999999999997
-0.17	-0.137	-0.158	-0.022499999999999992
0.794	-0.007	-0.071	0.8330000000000001
0.781	0.934	0.131	0.24850000000000005
0.89	0.899	0.442	0.21950000000000003
0.422	0.299	0.406	0.06949999999999995
0.509	0.428	0.747	-0.07850000000000001
-1.378	-1.161	-1.225	-0.18499999999999983
-0.189	-0.342	-0.372	0.16799999999999998
0.733	0.709	0.976	-0.10950000000000004
0.207	0.935	0.739	-0.63
-0.602	-0.233	-0.115	-0.42799999999999994
0.046	0.247	-0.243	0.044
0.694	0.518	0.212	0.32899999999999996
0.345	0.062	0.862	-0.11699999999999999
0.102	-0.761	-0.718	0.8415
-0.085	-0.263	0.348	-0.1275
0.294	-0.092	-0.004	0.34199999999999997
0.111	0.407	0.811	-0.498
0.102	0.208	0.446	-0.22500000000000003
-0.273	-0.56	-0.573	0.2935
0.287	0.201	-0.2	0.2865
-0.528	-0.396	-0.339	-0.16049999999999998
0.687	0.722	-0.243	0.44750000000000006
0.594	0.744	0.033	0.20549999999999996
-0.079	-0.104	-0.132	0.03899999999999999
0.587	0.567	0.703	-0.04800000000000004
0.274	0.209	0.325	0.007000000000000006
-0.025	0.124	0.242	-0.208
0.743	0.046	0.221	0.6094999999999999
-0.509	-0.391	0.438	-0.5325
0.273	0.111	-0.024	0.22950000000000004
0.531	0.984	0.867	-0.39449999999999996
-0.958	-0.808	-0.057	-0.5254999999999999
-0.885	-1.265	-0.958	0.22649999999999992
-0.05	-0.878	-1.142	0.96
0.725	0.825	0.809	-0.09199999999999997
0.369	0.042	0.039	0.3285
0.28	0.163	0.32	0.038500000000000034
0.993	0.408	0.208	0.685
1.35	1.129	0.375	0.5980000000000001
1.561	1.299	0.761	0.5309999999999999
1.99	1.548	1.136	0.6479999999999999
-0.578	-0.416	-0.408	-0.16599999999999998
-0.153	-0.576	-0.284	0.2769999999999999
-0.665	-0.372	-0.194	-0.382
0.102	0.0	-0.097	0.1505
-0.238	-0.405	-0.17	0.049500000000000044
0.296	-0.188	-0.229	0.5045
0.534	0.604	-0.234	0.34900000000000003
1.389	1.329	0.309	0.5700000000000001
0.294	0.728	0.94	-0.54
-0.421	-0.352	-0.466	-0.011999999999999955
0.494	0.366	0.152	0.235
-0.014	0.378	0.468	-0.43700000000000006
0.448	0.297	0.273	0.16299999999999998
1.101	0.97	0.955	0.13850000000000007
0.073	0.128	0.361	-0.17149999999999999
-0.387	0.126	0.385	-0.6425000000000001
0.174	-0.14	0.143	0.1725
-0.046	-0.02	0.644	-0.358
0.302	-0.241	-0.298	0.5714999999999999
-0.248	-0.317	-0.288	0.05449999999999999
0.273	0.319	-1.027	0.627
0.062	-0.772	-0.774	0.835
0.294	0.001	-0.151	0.369
-0.387	0.099	0.479	-0.6759999999999999
-0.334	-0.652	-0.499	0.2415
-0.237	0.06	0.153	-0.34349999999999997
-0.482	-0.858	-0.455	0.1745
0.025	-0.739	-0.502	0.6455000000000001
-0.215	-0.201	-0.7	0.23550000000000001
0.04	0.034	-0.337	0.19150000000000003
0.643	0.27	0.258	0.379
0.733	0.234	0.732	0.25
0.868	0.579	0.412	0.37250000000000005
1.207	0.466	0.523	0.7125
0.218	-0.174	0.281	0.16449999999999998
0.39	0.554	-0.045	0.1355
0.859	0.525	0.379	0.407
-0.243	-0.831	-0.229	0.28700000000000003
-0.352	-0.576	-0.29	0.08099999999999996
-0.248	-0.103	-0.157	-0.118
0.598	0.342	0.297	0.27849999999999997
1.131	1.233	0.756	0.13649999999999995
1.095	1.305	1.231	-0.17300000000000004
1.91	1.622	1.222	0.48799999999999977
-0.806	-0.21	-0.27	-0.5660000000000001
0.223	0.248	-0.069	0.1335
0.402	0.673	0.196	-0.03249999999999997
1.141	1.232	0.867	0.09149999999999991
-0.003	-0.305	-0.007	0.153
0.441	0.159	-0.19	0.4565
-0.087	-0.082	0.096	-0.094
0.54	0.198	0.334	0.274
0.053	-0.457	-1.001	0.782
0.329	0.122	-0.186	0.361
-0.243	-0.503	-0.508	0.26250000000000007
0.155	-0.466	-0.37	0.5730000000000001
0.186	0.305	-0.419	0.243
0.478	0.056	0.315	0.2925
0.371	0.155	0.135	0.22599999999999998
0.841	0.511	0.02	0.5754999999999999
-0.417	-0.213	-0.217	-0.20199999999999999
0.596	0.218	0.689	0.14250000000000002
-0.657	-0.637	-0.624	-0.026499999999999968
0.409	0.625	0.65	-0.22849999999999998
0.566	0.843	0.585	-0.14800000000000002
1.032	0.717	0.678	0.3345
0.41	0.18	0.335	0.15249999999999997
0.606	0.963	0.257	-0.0040000000000000036
0.436	0.37	-0.082	0.29200000000000004
0.218	0.506	0.45	-0.26
0.401	-0.133	0.081	0.42700000000000005
0.272	-0.072	-0.046	0.331
0.387	0.496	0.281	-0.0015000000000000013
0.865	0.463	0.362	0.4525
1.311	0.939	0.459	0.612
-0.113	-0.256	-0.056	0.043
0.078	-0.272	-0.567	0.4975
0.799	0.136	-0.008	0.7350000000000001
0.622	0.747	1.284	-0.39350000000000007
-0.363	-0.531	-0.347	0.07600000000000001
0.298	0.843	0.197	-0.22200000000000003
0.064	0.026	-0.163	0.1325
0.225	-0.027	0.202	0.1375
0.279	0.454	-0.093	0.09850000000000003
0.67	0.481	0.057	0.401
-0.161	-0.129	-0.175	-0.009000000000000008
0.156	0.284	0.202	-0.087
-0.063	-0.714	-1.054	0.821
-0.31	-0.525	-0.515	0.21000000000000002
-0.499	0.183	-0.343	-0.419
-0.062	-0.189	-0.113	0.089
-0.872	-1.032	-0.483	-0.11449999999999994
0.061	-0.138	-0.219	0.2395
-0.076	-0.063	-0.65	0.2805
0.913	1.082	1.017	-0.13650000000000007
1.085	0.981	1.036	0.07650000000000001
-0.374	-0.401	-0.231	-0.057999999999999996
0.6	0.495	0.317	0.19399999999999995
-0.214	-0.024	-0.455	0.025500000000000023
0.117	-0.326	-0.189	0.3745
0.56	0.228	-0.211	0.5515000000000001
0.694	0.623	-0.01	0.38749999999999996
-0.459	-0.427	-0.24	-0.1255
0.317	0.199	0.266	0.08449999999999999
-0.002	-0.058	0.053	0.0005000000000000022
0.747	0.674	0.002	0.409
0.614	0.65	0.269	0.15449999999999997
1.261	1.88	0.755	-0.056499999999999995
1.875	1.611	1.674	0.23249999999999993
-0.152	-0.455	-0.354	0.25249999999999995
-0.059	0.237	0.366	-0.3605
-0.071	0.307	0.375	-0.412
0.899	0.858	0.181	0.37950000000000006
1.174	0.829	0.883	0.31799999999999995
-0.471	-0.918	-1.119	0.5475
-0.504	0.011	-0.028	-0.4955
1.246	1.153	1.021	0.15900000000000003
1.039	1.266	0.936	-0.062000000000000055
1.251	1.18	1.19	0.06599999999999984
0.394	0.882	0.665	-0.37950000000000006
0.57	0.767	0.935	-0.281
-0.365	-0.278	-0.078	-0.18699999999999997
0.286	0.007	-0.23	0.39749999999999996
0.707	0.343	-0.256	0.6635
0.297	-0.339	-0.449	0.6910000000000001
-1.001	-1.316	-1.209	0.2615000000000003
-0.315	-1.075	-1.183	0.8140000000000001
-0.119	0.206	0.519	-0.4815
0.11	0.181	0.122	-0.041499999999999995
-0.173	0.203	0.237	-0.393
-0.031	0.212	0.209	-0.2415
0.502	0.5	0.131	0.1865
0.952	0.683	0.274	0.4734999999999999
-0.155	-0.052	-0.201	-0.028499999999999998
-0.494	0.209	-0.125	-0.536
-0.106	-0.386	-0.45	0.31200000000000006
0.23	-0.05	0.073	0.21850000000000003
-0.117	0.399	-0.354	-0.1395
0.058	0.189	0.171	-0.122
0.083	0.724	0.153	-0.3555
0.133	0.219	0.195	-0.07400000000000001
-0.328	0.175	0.174	-0.5025
0.279	-0.177	-0.084	0.40950000000000003
1.455	0.972	0.987	0.47550000000000003
-0.18	0.174	-0.314	-0.10999999999999999
-0.027	-0.47	-0.052	0.234
0.187	0.129	0.134	0.055499999999999994
0.355	0.747	0.147	-0.09200000000000003
-0.325	-0.22	0.108	-0.269
-0.064	0.241	0.792	-0.5805
0.684	0.355	0.244	0.38450000000000006
-0.144	-0.67	-0.835	0.6084999999999999
-0.318	-0.472	-0.419	0.1275
0.992	0.657	0.333	0.497
0.648	0.661	0.74	-0.05249999999999999
0.693	0.735	0.613	0.019000000000000017
0.634	0.568	0.452	0.124
0.556	0.726	0.703	-0.15849999999999986
0.279	0.562	1.114	-0.559
-1.286	-0.991	-0.838	-0.37150000000000005
0.476	0.288	-0.212	0.438
0.183	-0.495	0.021	0.42
0.128	0.135	0.77	-0.3245
0.624	0.185	0.411	0.326
0.918	0.477	0.171	0.5940000000000001
-0.031	-0.099	-0.119	0.078
1.167	1.054	0.656	0.31200000000000006
1.139	1.287	0.996	-0.0024999999999999467
0.402	0.413	0.368	0.011500000000000066
0.534	0.821	0.409	-0.08099999999999996
0.683	0.455	0.907	0.0020000000000000018
0.872	0.712	0.614	0.20899999999999996
0.092	-0.384	-0.202	0.385
0.515	-0.12	-0.342	0.746
0.264	0.534	-0.124	0.059
-0.28	-0.225	-0.296	-0.019500000000000017
0.229	0.532	0.014	-0.04400000000000001
0.59	0.437	0.125	0.30899999999999994
0.837	0.633	0.415	0.31299999999999994
0.25	0.204	0.197	0.04949999999999999
0.193	0.371	0.207	-0.09599999999999997
0.7	0.409	0.551	0.21999999999999997
0.028	0.058	-0.285	0.1415
0.865	0.12	-0.022	0.816
0.306	1.053	0.235	-0.3379999999999999
0.376	-0.244	-0.246	0.621
-0.074	-0.288	-0.408	0.27399999999999997
0.896	0.083	-0.332	1.0205
0.149	-0.093	-0.6	0.49549999999999994
1.192	1.033	1.049	0.15100000000000002
1.477	1.459	1.078	0.20850000000000013
1.375	1.518	1.176	0.028000000000000025
1.569	1.337	1.506	0.14749999999999996
0.162	0.219	0.049	0.027999999999999997
-0.048	-0.2	0.218	-0.056999999999999995
-0.087	-0.145	-0.295	0.13299999999999998
-0.045	-0.125	-0.384	0.20950000000000002
1.092	0.911	0.833	0.22000000000000008
1.814	1.077	0.871	0.8400000000000001
-0.941	-0.832	-0.697	-0.1765
-0.383	-0.192	-0.4	-0.08699999999999997
-0.057	-0.227	-0.385	0.249
-0.352	-0.319	0.048	-0.21649999999999997
-0.612	-0.038	0.357	-0.7715
0.029	0.305	0.31	-0.27849999999999997
-0.193	-0.265	-0.178	0.028499999999999998
0.219	-0.009	0.214	0.1165
1.041	0.592	0.328	0.581
0.678	0.441	0.427	0.24400000000000005
0.402	0.099	-0.357	0.531
-0.04	-0.101	-0.446	0.2335
0.154	0.203	0.417	-0.156
-0.132	0.284	0.193	-0.3705
0.393	0.136	0.186	0.232
-0.077	-0.105	-0.708	0.32949999999999996
-0.217	-0.339	-0.306	0.10550000000000001
0.022	-0.047	0.073	0.009000000000000001
0.68	0.224	0.601	0.26750000000000007
1.273	0.875	0.4	0.6355
0.927	1.141	1.262	-0.27449999999999997
0.066	0.125	0.226	-0.10949999999999999
-0.277	-0.219	-0.144	-0.09550000000000003
-0.566	-0.714	-0.238	-0.08999999999999997
0.429	0.435	-0.643	0.533
0.627	0.539	-0.291	0.503
0.423	0.451	-0.043	0.21899999999999997
0.006	-0.206	0.621	-0.2015
0.916	0.931	-0.082	0.4915
0.713	0.378	-0.125	0.5865
0.9	0.884	1.156	-0.12
0.165	0.16	0.166	0.0020000000000000018
0.725	0.769	0.246	0.21749999999999992
1.358	0.862	0.585	0.6345000000000001
0.285	0.398	-0.216	0.19399999999999995
-0.292	-0.337	0.121	-0.18399999999999997
0.511	-0.312	-0.033	0.6835
-0.027	-0.665	-0.761	0.686
0.204	-0.324	0.116	0.308
-0.069	0.278	0.077	-0.24650000000000002
-0.805	-0.892	-0.518	-0.09999999999999998
0.84	0.274	0.212	0.597
0.589	0.709	0.176	0.14649999999999996
0.536	0.46	0.77	-0.07899999999999996
-0.374	-0.5	-0.171	-0.03849999999999998
0.147	0.196	-0.456	0.277
0.511	0.281	-0.368	0.5545
0.684	0.665	0.599	0.052000000000000046
0.274	0.524	0.853	-0.4145
0.229	0.146	0.106	0.10300000000000001
0.006	-0.308	-0.459	0.3895
0.454	0.401	0.111	0.198
-0.187	-0.099	-0.31	0.017500000000000016
0.243	-0.023	-0.158	0.3335
1.048	0.637	0.024	0.7175
0.241	-0.239	0.174	0.27349999999999997
-0.007	-0.234	-0.157	0.1885
0.573	-0.046	-0.207	0.6995
0.546	0.405	0.212	0.23750000000000004
-0.245	0.54	0.159	-0.5945
-0.104	0.662	-0.076	-0.397
-0.29	-0.403	-0.08	-0.04849999999999996
0.461	-0.182	0.167	0.4685
1.143	1.424	0.95	-0.04399999999999982
-0.447	-0.355	-0.093	-0.22300000000000003
0.444	0.178	0.851	-0.07049999999999995
0.481	0.428	0.38	0.07699999999999996
-0.46	-0.767	-0.3	0.07349999999999995
0.268	-0.71	-0.332	0.789
0.632	0.245	-0.27	0.6445000000000001
-0.564	-0.051	-0.179	-0.44899999999999995
-0.336	-0.234	-0.13	-0.15400000000000003
-1.148	-1.041	-0.561	-0.347
-0.693	-0.788	-1.068	0.2350000000000001
0.527	0.277	0.163	0.307
1.302	0.966	0.24	0.6990000000000001
0.017	-0.482	0.151	0.1825
0.751	0.438	0.643	0.21050000000000002
0.779	0.572	0.579	0.20350000000000013
0.281	0.113	-0.209	0.329
-0.335	-0.407	-0.367	0.05199999999999999
-0.215	-0.054	0.059	-0.2175
-0.337	-0.281	-0.379	-0.007000000000000006
0.609	0.744	0.766	-0.14600000000000002
0.413	0.646	0.878	-0.34900000000000003
0.044	0.058	-0.039	0.034499999999999996
0.562	0.516	0.023	0.29250000000000004
0.898	0.595	0.153	0.524
-0.454	-0.716	-0.383	0.09549999999999997
-0.79	-0.768	-0.593	-0.10950000000000004
0.372	0.453	0.758	-0.23350000000000004
0.065	0.121	-0.106	0.0575
-0.022	0.044	-0.393	0.15250000000000002
0.171	0.128	-0.487	0.35050000000000003
-0.031	-0.274	0.116	0.048000000000000015
1.071	1.018	-0.193	0.6585
0.59	1.368	1.224	-0.7060000000000001
-0.219	-0.528	-0.767	0.4285
0.181	-0.12	-0.241	0.3615
-0.726	-0.847	-0.314	-0.14549999999999996
0.472	-0.22	0.31	0.427
-0.079	0.169	0.242	-0.28450000000000003
0.414	0.172	0.024	0.316
-1.09	-0.806	-0.64	-0.367
-0.435	-0.539	-0.406	0.03750000000000003
0.411	0.272	-0.118	0.33399999999999996
1.537	0.98	0.127	0.9834999999999999
-0.042	-0.039	-0.234	0.0945
0.32	0.366	0.482	-0.10399999999999998
0.769	0.445	0.078	0.5075000000000001
0.435	0.783	0.35	-0.1315
-0.234	0.438	0.666	-0.786
0.218	-0.136	-0.379	0.47550000000000003
-0.688	0.293	-0.428	-0.6204999999999999
-0.02	-0.074	0.009	0.0125
0.599	-0.071	-0.148	0.7084999999999999
0.35	0.352	0.547	-0.09950000000000003
0.423	0.027	0.305	0.257
0.818	1.076	0.241	0.15949999999999986
1.363	0.97	0.702	0.527
0.421	0.768	1.135	-0.5305
0.995	0.447	0.258	0.6425
0.965	0.774	0.127	0.5145
0.217	0.15	0.133	0.07549999999999998
-0.469	-0.224	-0.324	-0.19499999999999995
-0.942	-0.244	-0.299	-0.6705
1.058	0.869	0.737	0.2550000000000001
0.24	0.612	0.319	-0.22550000000000003
0.911	0.826	0.524	0.236
0.571	1.43	0.902	-0.595
0.843	0.858	1.239	-0.20550000000000002
0.154	1.121	0.837	-0.825
-0.274	-0.236	0.569	-0.4405
0.091	-0.252	0.307	0.0635
0.368	0.513	-0.161	0.192
0.416	0.525	0.046	0.13049999999999995
0.731	0.662	0.486	0.15699999999999992
0.652	0.608	0.7	-0.0019999999999998908
0.781	0.775	0.708	0.03949999999999998
0.346	0.285	0.231	0.08799999999999997
0.281	0.39	0.399	-0.11349999999999999
0.242	0.19	0.354	-0.030000000000000027
-0.443	-0.476	-0.305	-0.05250000000000005
0.148	-0.021	-0.346	0.3315
-0.422	-0.591	-0.694	0.22049999999999997
0.112	0.11	-0.011	0.0625
0.624	0.315	0.04	0.4465
0.529	0.328	0.648	0.041000000000000036
-0.068	-0.351	-0.119	0.16699999999999998
-0.268	0.025	-0.184	-0.1885
-0.205	-0.478	-0.397	0.2325
-0.116	0.169	-0.031	-0.185
0.274	-0.156	-0.148	0.42600000000000005
0.121	0.614	0.211	-0.2915
-0.568	-0.513	-0.596	-0.013499999999999956
0.597	0.173	0.392	0.3145
0.794	0.478	0.572	0.26900000000000013
-1.074	-1.013	-0.908	-0.11350000000000016
0.376	-0.223	-0.836	0.9055
0.545	0.161	0.44	0.24450000000000005
0.667	0.932	0.281	0.0605
1.13	0.9	0.289	0.5354999999999999
1.237	1.057	0.515	0.45100000000000007
0.981	1.224	0.868	-0.06500000000000006
0.875	1.2	0.977	-0.21350000000000002
-0.119	-0.319	-0.282	0.1815
-0.034	-0.248	-0.072	0.126
0.376	0.283	0.157	0.15600000000000003
-0.288	-0.042	-0.081	-0.22649999999999998
0.184	0.463	0.144	-0.1195
0.197	0.492	0.323	-0.21049999999999996
-0.11	-0.632	-0.197	0.3045
-0.574	-0.856	-0.934	0.32100000000000006
0.39	0.25	0.105	0.21250000000000002
0.477	-0.2	-0.613	0.8835
0.088	0.581	0.49	-0.4475
-0.492	-0.226	-0.186	-0.286
0.256	0.417	-0.199	0.14700000000000002
-0.854	-0.577	-0.274	-0.4285
0.089	-0.28	-0.556	0.507
0.856	0.307	0.306	0.5495
-0.183	0.303	-0.223	-0.22299999999999998
0.282	0.48	0.141	-0.028500000000000025
1.197	0.797	0.303	0.647
0.564	0.51	0.573	0.022499999999999964
0.967	0.627	0.509	0.3989999999999999
-0.185	0.022	-0.302	-0.04500000000000001
-0.163	-0.144	-0.13	-0.025999999999999995
0.133	0.508	0.243	-0.2425
-0.126	0.253	0.487	-0.496
0.855	0.144	0.34	0.613
-1.049	-0.604	-0.637	-0.4284999999999999
0.365	0.878	1.02	-0.5840000000000001
0.272	0.427	1.08	-0.48150000000000004
0.219	1.07	0.375	-0.5035000000000001
0.834	0.411	0.8	0.22849999999999993
1.383	1.242	0.578	0.4730000000000001
1.115	1.457	1.289	-0.258
0.226	0.5	0.198	-0.12299999999999997
-0.119	-0.289	-0.509	0.28
-0.121	-0.405	-0.437	0.30000000000000004
0.384	0.272	0.2	0.148
0.815	0.586	0.539	0.25249999999999995
0.699	0.851	0.577	-0.015000000000000013
0.785	0.744	0.802	0.01200000000000001
0.028	-0.037	-0.101	0.097
0.09	-0.316	-0.763	0.6295
0.099	0.717	-0.104	-0.2075
0.889	0.269	0.466	0.5215
-0.53	-0.716	-0.405	0.03049999999999997
-0.484	-0.474	-0.0	-0.247
-0.152	-0.053	-0.049	-0.10099999999999999
-0.312	0.301	1.044	-0.9844999999999999
-0.226	-0.157	0.036	-0.1655
0.598	0.021	-0.325	0.75
0.15	0.044	0.248	0.0040000000000000036
0.563	0.347	0.375	0.20199999999999996
0.288	0.086	-0.099	0.2945
-0.201	-0.328	-0.474	0.2
0.335	0.371	0.371	-0.035999999999999976
-0.297	-0.476	-0.436	0.15899999999999997
-0.642	-1.242	-0.767	0.36249999999999993
0.893	0.857	-0.132	0.5305
-0.145	-0.224	-0.227	0.08050000000000002
0.298	0.277	0.133	0.09299999999999997
-0.286	-0.263	0.238	-0.27349999999999997
0.199	0.538	-0.214	0.03699999999999998
-0.07	-0.187	-0.566	0.30649999999999994
0.379	0.04	-0.656	0.687
0.511	0.49	0.679	-0.07350000000000001
-0.846	-1.212	-1.192	0.356
0.108	0.235	0.312	-0.16549999999999998
0.872	0.857	0.187	0.35
0.236	0.268	-0.013	0.10849999999999999
-0.008	0.541	0.279	-0.41800000000000004
0.222	0.667	0.465	-0.3440000000000001
-0.264	-0.808	-0.011	0.14550000000000002
-0.249	0.411	0.299	-0.604
0.498	-0.116	0.481	0.3155
-0.297	0.054	0.347	-0.49749999999999994
-0.109	-0.207	0.019	-0.015
0.029	-0.519	0.102	0.23750000000000002
0.163	0.132	0.237	-0.02149999999999999
0.425	0.639	0.496	-0.14250000000000002
0.225	0.427	0.41	-0.19349999999999998
0.807	0.551	0.389	0.337
0.464	0.758	0.773	-0.30150000000000005
0.637	0.661	0.78	-0.08350000000000002
0.169	0.27	-0.052	0.06
0.296	0.224	-0.336	0.352
0.721	0.981	0.396	0.03249999999999997
1.164	0.861	0.777	0.345
0.401	0.03	0.023	0.3745
-0.493	-0.321	-0.101	-0.282
0.099	-0.585	-0.356	0.5695
0.339	0.57	-0.261	0.18450000000000005
0.77	0.632	0.53	0.18900000000000006
0.942	0.772	1.195	-0.04150000000000009
1.5	1.129	0.888	0.49150000000000005
2.053	1.615	1.003	0.744
2.017	1.93	1.271	0.4165000000000001
-0.052	0.085	-0.079	-0.055
0.021	0.288	0.037	-0.1415
0.08	0.468	-0.082	-0.113
-0.732	-0.857	-0.578	-0.014499999999999957
-0.35	-0.723	-0.793	0.40800000000000003
0.229	0.198	-0.177	0.2185
-0.269	-0.289	0.158	-0.20350000000000001
0.345	-0.324	0.039	0.4875
0.042	0.807	-0.26	-0.2315
0.033	-0.133	-0.647	0.42300000000000004
0.268	-0.372	0.055	0.4265
0.53	0.081	0.366	0.3065
-0.331	-0.288	-0.243	-0.06550000000000006
1.335	0.935	0.922	0.40649999999999986
0.007	0.373	0.337	-0.348
0.299	0.593	0.257	-0.126
0.702	0.632	-0.199	0.48549999999999993
-0.607	-0.374	-0.327	-0.25649999999999995
0.741	0.716	-0.086	0.426
0.846	0.73	0.309	0.3265
1.21	1.17	0.768	0.241
1.168	1.282	1.498	-0.2220000000000002
-0.536	-0.099	0.14	-0.5565
0.307	0.268	-0.019	0.1825
-0.925	-0.682	-0.087	-0.5405
-0.196	-0.736	-0.88	0.6120000000000001
-0.058	-0.47	-0.341	0.3475
0.236	0.017	-0.507	0.481
0.521	0.22	0.076	0.373
0.419	0.417	-0.288	0.3545
0.399	0.701	0.335	-0.119
1.371	0.598	0.618	0.763
1.836	1.191	0.591	0.9450000000000001
0.217	0.088	-0.101	0.2235
-0.135	-0.004	-0.214	-0.02600000000000001
0.311	0.237	-0.085	0.23500000000000001
0.016	0.3	-0.056	-0.106
0.24	0.164	0.062	0.127
0.333	0.402	0.526	-0.131
0.559	0.45	0.152	0.25800000000000006
0.245	0.035	-0.073	0.264
0.169	0.4	0.64	-0.351
-0.231	0.072	0.521	-0.5275
-0.062	0.212	0.252	-0.294
0.337	0.539	-0.028	0.08150000000000002
0.105	0.403	0.466	-0.3295
0.187	0.028	-0.059	0.20249999999999999
-0.082	-0.149	0.257	-0.136
1.11	0.913	0.257	0.5250000000000001
0.174	0.116	0.422	-0.09500000000000003
-0.244	0.105	0.285	-0.43899999999999995
0.251	0.551	0.418	-0.23350000000000004
0.586	0.38	0.59	0.10099999999999998
-0.985	-0.578	-0.63	-0.381
0.434	0.535	0.505	-0.08600000000000002
0.883	0.749	0.51	0.25350000000000006
0.962	0.88	0.504	0.27
0.882	1.29	0.965	-0.24549999999999994
1.328	1.287	1.185	0.09200000000000008
0.465	0.681	0.907	-0.329
-0.821	-0.58	-0.82	-0.121
-0.487	-0.345	0.088	-0.3585
0.726	0.115	-0.002	0.6695
-0.396	-0.216	-0.664	0.043999999999999984
0.367	-0.031	-0.35	0.5575
0.431	-0.074	0.165	0.3855
-0.809	-0.141	0.171	-0.8240000000000001
0.661	0.145	-0.106	0.6415000000000001
0.868	0.964	0.353	0.20950000000000002
0.875	0.863	0.98	-0.046499999999999986
0.938	0.988	0.972	-0.04200000000000004
0.957	1.002	0.852	0.029999999999999916
0.59	0.12	0.332	0.364
-0.362	-0.896	-0.897	0.5345000000000001
-0.061	-0.275	0.025	0.064
0.272	0.221	0.039	0.14200000000000002
-0.467	-0.112	0.293	-0.5575
0.22	0.531	0.336	-0.2135
-0.335	-0.614	-0.17	0.056999999999999995
0.433	-0.249	-0.106	0.6105
-0.384	0.512	0.639	-0.9595
-0.176	-0.226	-0.354	0.11399999999999999
0.083	-0.211	-0.289	0.333
0.259	0.051	-0.282	0.3745
0.095	-0.307	-0.042	0.26949999999999996
1.249	0.891	0.944	0.33150000000000013
1.71	1.888	1.01	0.2610000000000001
1.69	1.882	1.863	-0.1825000000000001
1.433	1.528	1.831	-0.24649999999999994
1.436	1.57	1.583	-0.14050000000000007
0.109	0.023	0.007	0.094
0.078	0.256	0.101	-0.10049999999999999
0.097	0.007	0.162	0.012499999999999997
0.02	0.287	0.325	-0.286
0.8	0.281	0.406	0.4565
1.775	0.71	0.174	1.333
0.853	1.281	1.368	-0.47150000000000003
-0.089	-0.339	-0.208	0.18450000000000003
0.031	-0.023	0.308	-0.11149999999999999
-0.432	-0.293	0.138	-0.35450000000000004
-0.65	0.145	-0.25	-0.5975
0.318	0.607	0.353	-0.16199999999999998
0.165	-0.072	-0.294	0.348
0.144	-0.241	-0.119	0.32399999999999995
-0.31	0.188	-0.644	-0.08199999999999999
-0.292	-0.095	-0.341	-0.07399999999999995
-0.016	0.023	0.212	-0.1335
-0.331	-0.299	0.187	-0.275
0.131	-0.017	-0.474	0.3765
0.245	0.253	0.183	0.026999999999999996
0.249	0.279	0.198	0.010499999999999982
0.922	0.253	-0.538	1.0645
0.315	0.602	0.635	-0.30350000000000005
0.446	-0.051	0.16	0.3915
0.358	-0.226	0.018	0.46199999999999997
0.109	-0.475	-0.544	0.6185
0.253	-0.037	-0.791	0.667
-0.143	0.043	0.147	-0.238
0.819	0.007	-0.086	0.8584999999999999
0.189	0.47	0.303	-0.19749999999999995
0.641	0.436	0.382	0.23199999999999998
-0.467	-0.566	-0.129	-0.11950000000000005
-0.06	0.226	0.314	-0.33
-0.42	-0.011	-0.539	-0.14499999999999996
-0.066	-0.019	-0.147	0.016999999999999987
0.557	0.005	-0.148	0.6285000000000001
-0.706	-0.647	0.109	-0.43699999999999994
-0.293	-0.524	-0.453	0.19550000000000006
0.741	0.371	-0.556	0.8335
0.149	0.714	0.977	-0.6964999999999999
-1.087	-1.483	-0.97	0.13950000000000018
0.331	0.428	0.124	0.05499999999999999
0.683	0.435	0.274	0.3285
0.723	1.034	0.551	-0.0695
0.362	0.456	0.821	-0.27649999999999997
0.473	-0.136	0.11	0.486
1.142	0.933	0.485	0.43299999999999983
1.45	1.188	0.787	0.4624999999999999
-0.05	0.212	0.155	-0.23349999999999999
0.434	0.699	0.131	0.019000000000000017
-0.655	-0.954	-0.726	0.18499999999999994
0.866	0.535	0.307	0.44499999999999995
0.692	0.085	0.366	0.4664999999999999
1.444	0.709	0.217	0.981
0.314	0.331	-0.134	0.2155
0.261	0.795	0.309	-0.29100000000000004
0.67	0.452	0.47	0.20900000000000007
-0.075	-0.12	-0.045	0.007499999999999993
0.268	0.264	0.273	-0.0005000000000000004
-0.343	-0.12	-0.207	-0.17950000000000005
1.275	1.288	0.713	0.27449999999999997
-0.296	-0.058	-0.081	-0.22649999999999998
-0.086	-0.366	-0.121	0.1575
0.447	0.481	-0.071	0.24200000000000002
-0.006	0.145	0.688	-0.4225
-0.001	0.082	0.559	-0.3215
-0.626	-0.453	-0.312	-0.2435
-0.143	-0.007	-0.438	0.07950000000000002
-0.557	-0.691	-0.562	0.0695
-0.32	-0.332	0.396	-0.352
0.858	0.766	0.544	0.20299999999999996
1.135	1.205	1.18	-0.057499999999999885
-0.594	-1.085	-0.681	0.28900000000000003
0.033	-0.69	-0.97	0.863
0.282	-0.355	-1.042	0.9804999999999999
0.789	0.335	0.527	0.358
0.093	-0.702	-0.549	0.7184999999999999
0.303	-0.283	-0.062	0.4755
-0.222	0.486	-0.045	-0.4425
0.277	0.334	0.313	-0.046499999999999986
-0.059	-0.196	-0.505	0.29150000000000004
-0.004	-0.151	-0.1	0.1215
0.724	0.928	0.086	0.21699999999999997
0.08	-0.022	0.219	-0.018500000000000003
0.137	0.226	0.016	0.016000000000000014
1.185	0.758	0.179	0.7165
0.821	0.952	0.66	0.014999999999999902
0.568	0.242	-0.354	0.6239999999999999
-0.257	0.317	0.475	-0.653
0.445	0.249	0.2	0.2205
1.035	0.621	0.365	0.5419999999999999
0.138	0.049	0.183	0.02200000000000002
-0.505	-0.366	-0.316	-0.16400000000000003
0.798	0.543	0.637	0.20799999999999996
0.087	0.148	0.267	-0.12050000000000002
0.59	0.152	0.096	0.46599999999999997
-0.012	0.239	0.32	-0.2915
0.686	0.348	0.152	0.43600000000000005
-0.113	0.118	0.662	-0.503
0.378	0.7	0.049	0.003500000000000003
0.179	0.851	1.066	-0.7795000000000001
0.391	0.578	0.662	-0.22899999999999998
-0.223	-0.54	-0.24	0.167
0.31	-0.744	-0.29	0.827
0.03	-0.448	0.003	0.2525
0.449	0.458	0.245	0.09749999999999998
-0.07	-0.602	-0.427	0.44449999999999995
0.083	0.16	0.345	-0.16949999999999998
-0.766	-0.79	-0.491	-0.12549999999999994
0.355	0.046	-0.614	0.639
-0.002	-0.1	0.527	-0.21550000000000002
0.742	-0.236	0.538	0.591
-0.639	-0.54	-0.793	0.02750000000000008
0.871	0.781	1.532	-0.2855000000000001
0.94	0.869	1.123	-0.05600000000000005
1.374	0.973	0.811	0.4820000000000001
1.352	1.17	0.814	0.3600000000000001
1.168	1.114	1.45	-0.1140000000000001
0.517	0.513	0.226	0.14750000000000002
0.635	0.656	0.497	0.058499999999999996
0.989	1.03	0.639	0.15449999999999997
0.551	1.002	0.897	-0.39849999999999997
0.112	0.353	0.786	-0.4575
0.174	-0.183	-0.311	0.421
1.083	0.673	-0.175	0.834
-0.352	-0.384	-0.085	-0.11749999999999997
-0.499	-0.635	0.006	-0.1845
0.302	0.03	-0.183	0.3785
0.066	0.263	0.493	-0.312
0.618	0.166	0.495	0.2875
0.172	0.574	0.302	-0.26599999999999996
0.592	0.773	0.491	-0.040000000000000036
0.142	0.034	-0.219	0.2345
0.47	0.148	-0.223	0.5075
-0.702	-0.746	-0.619	-0.019499999999999962
0.824	0.691	0.461	0.248
0.614	0.605	-0.091	0.357
-0.128	-0.05	0.322	-0.264
0.552	0.467	0.095	0.271
0.715	0.596	0.323	0.25549999999999995
1.468	0.957	0.737	0.621
-0.502	-0.358	0.161	-0.4035
-0.343	-0.538	-0.877	0.3645
0.978	1.067	0.798	0.045499999999999985
1.842	1.733	1.133	0.40900000000000003
1.131	1.627	1.791	-0.5780000000000001
0.47	-0.253	-0.51	0.8514999999999999
0.717	0.842	-0.154	0.373
1.194	0.848	0.242	0.649
0.121	-0.132	-0.098	0.236
0.143	-0.063	0.136	0.10649999999999998
-0.594	-0.706	-0.285	-0.09850000000000003
-0.237	-0.758	-0.277	0.2805000000000001
0.154	-0.192	-0.581	0.5405
0.366	0.264	-0.112	0.29
-0.024	0.031	0.457	-0.268
-0.211	0.265	0.57	-0.6285
0.256	0.393	0.237	-0.059
1.012	0.504	0.153	0.6835
0.47	0.044	-0.322	0.609
0.394	0.466	0.146	0.08800000000000002
1.365	0.816	0.313	0.8005
0.481	0.717	0.326	-0.04049999999999998
0.792	0.689	0.619	0.13800000000000012
-0.256	-0.223	-0.025	-0.132
0.671	0.278	0.135	0.4645
-0.344	0.077	0.014	-0.38949999999999996
0.535	0.388	0.062	0.31000000000000005
1.482	0.656	0.233	1.0375
1.514	1.587	0.931	0.2550000000000001
1.654	1.535	1.222	0.2755000000000001
-0.126	-0.03	0.164	-0.193
0.406	-0.219	-0.168	0.5995
0.153	-0.134	0.038	0.201
0.287	0.05	-0.146	0.33499999999999996
-0.182	-0.619	-0.925	0.5900000000000001
0.024	-0.18	0.22	0.003999999999999997
-0.219	0.107	-0.112	-0.2165
0.17	0.013	-0.238	0.2825
0.077	-0.413	-0.559	0.563
0.275	0.608	0.104	-0.08099999999999996
0.574	0.377	0.535	0.11799999999999994
-0.328	-0.087	-0.433	-0.068
0.299	0.168	-0.163	0.2965
-0.26	0.454	0.61	-0.792
0.242	0.611	0.55	-0.3385
-0.215	0.194	0.017	-0.3205
-0.32	-0.248	-0.375	-0.008500000000000008
0.222	0.097	-0.148	0.2475
-0.328	-0.329	-0.335	0.0040000000000000036
0.035	0.115	0.122	-0.08349999999999999
0.812	0.88	0.753	-0.0044999999999999485
1.376	1.24	0.88	0.31599999999999984
1.67	1.866	1.465	0.0044999999999997264
-0.399	-0.314	0.01	-0.24700000000000003
0.038	-0.339	-0.061	0.23800000000000002
0.242	-0.269	-0.109	0.431
-0.204	-0.151	-0.322	0.0325
0.867	0.319	-0.341	0.878
0.474	0.121	0.109	0.359
0.994	0.46	1.066	0.23099999999999998
-0.005	-0.552	-0.649	0.5955
1.071	1.517	-0.072	0.34850000000000003
0.464	0.756	0.735	-0.28150000000000003
0.434	0.101	0.146	0.3105
1.2	0.761	0.192	0.7234999999999999
1.656	1.362	0.825	0.5624999999999998
0.282	-0.274	-0.592	0.715
0.087	0.085	0.283	-0.097
-0.406	-0.458	0.289	-0.3215
-0.059	-0.328	-0.194	0.202
0.427	0.142	-0.067	0.3895
-0.211	0.41	0.058	-0.44499999999999995
0.184	0.459	0.636	-0.3635
1.767	0.771	0.611	1.0759999999999998
0.52	0.241	0.164	0.3175
0.856	0.064	0.69	0.479
0.015	-0.32	-0.545	0.4475
-0.818	-0.535	-0.361	-0.36999999999999994
0.142	-0.178	-0.095	0.27849999999999997
0.662	-0.241	-0.212	0.8885000000000001
0.834	0.678	-0.125	0.5574999999999999
0.747	1.185	0.651	-0.17100000000000004
0.425	-0.095	0.629	0.15799999999999997
0.045	-0.205	0.494	-0.09950000000000002
0.177	0.397	0.286	-0.16450000000000004
0.418	0.278	0.361	0.09849999999999998
0.727	0.281	0.354	0.4095
1.268	0.889	0.33	0.6585
0.812	0.978	1.251	-0.3025
0.755	0.621	0.465	0.21199999999999997
0.495	0.144	-0.016	0.431
-0.316	-0.583	-0.633	0.292
-0.617	-0.16	-0.442	-0.316
0.09	-0.031	-0.234	0.2225
0.568	0.52	0.447	0.08449999999999991
1.219	1.271	0.636	0.26550000000000007
0.956	0.791	1.262	-0.07050000000000001
-0.765	-0.529	-0.322	-0.3395
0.077	-0.316	-0.575	0.5225
-0.346	0.202	0.236	-0.565
-0.111	0.281	0.758	-0.6305000000000001
-0.233	0.034	0.614	-0.557
0.467	0.625	0.339	-0.014999999999999958
0.5	0.866	0.607	-0.23649999999999993
-0.309	-0.257	-0.067	-0.147
0.646	-0.197	-0.173	0.831
-0.03	-0.006	-0.004	-0.024999999999999998
0.022	0.003	-0.038	0.03949999999999999
0.529	0.577	0.371	0.05500000000000005
0.578	0.617	0.637	-0.049000000000000044
-0.123	-0.367	-0.215	0.16799999999999998
0.685	0.476	0.374	0.26000000000000006
0.395	0.354	0.144	0.14600000000000002
0.611	0.203	-0.33	0.6745
1.354	0.932	-0.001	0.8885000000000001
0.737	0.418	0.357	0.34950000000000003
-0.142	-0.395	-0.215	0.163
-0.244	0.203	-0.319	-0.186
0.175	-0.03	0.071	0.1545
-0.274	-0.089	0.466	-0.4625
-0.018	0.018	0.032	-0.043
-0.634	-0.425	-0.072	-0.3855
0.692	0.925	0.482	-0.011500000000000066
-0.16	0.426	0.686	-0.7160000000000001
-1.085	-0.665	-0.086	-0.7095
-0.335	-0.077	-0.449	-0.07200000000000001
0.584	0.322	0.36	0.243
-0.49	-0.267	0.325	-0.519
0.126	0.347	0.446	-0.27049999999999996
-0.443	-0.002	0.356	-0.62
-0.297	-0.218	0.076	-0.22599999999999998
0.825	0.503	-0.231	0.689
-0.891	-0.184	0.145	-0.8715
-0.39	-0.092	-0.268	-0.21000000000000002
-0.689	-0.787	-0.009	-0.2909999999999999
0.374	0.393	0.398	-0.02150000000000002
0.565	0.501	0.35	0.13949999999999996
1.242	0.581	0.405	0.749
-0.11	-0.039	-0.08	-0.0505
-0.052	-0.155	0.221	-0.08499999999999999
0.867	0.339	0.714	0.3405
0.166	0.172	-0.545	0.35250000000000004
0.366	0.771	0.172	-0.10550000000000004
-0.197	-0.399	-0.483	0.244
-0.751	-1.143	-1.165	0.4029999999999999
0.772	0.338	0.002	0.602
0.495	0.414	0.482	0.04700000000000004
0.191	0.34	0.57	-0.26399999999999996
0.412	0.258	0.413	0.07649999999999996
0.735	0.408	0.307	0.3775
-0.217	0.188	0.603	-0.6124999999999999
-0.301	-0.531	-0.756	0.34249999999999997
-0.665	-0.369	-0.521	-0.22000000000000003
0.928	0.369	-0.274	0.8805000000000001
1.566	1.326	0.378	0.714
0.842	1.29	1.237	-0.4215000000000001
0.489	0.322	-0.275	0.4655
0.153	0.429	0.255	-0.18899999999999997
0.693	0.543	0.462	0.1904999999999999
0.557	0.807	0.516	-0.10449999999999993
-0.343	-0.371	-0.387	0.035999999999999976
-0.602	-0.08	0.134	-0.629
-0.144	-0.242	0.133	-0.0895
0.581	-0.267	0.004	0.7124999999999999
0.055	-0.333	-0.112	0.2775
0.224	-0.041	-0.339	0.41400000000000003
-0.238	-0.063	-0.802	0.1945
0.745	0.065	-0.121	0.773
0.444	-0.041	0.062	0.4335
-0.121	0.429	0.3	-0.4855
-0.241	-0.028	0.047	-0.2505
0.011	-0.12	0.137	0.002499999999999992
0.751	1.141	0.032	0.16449999999999998
0.753	1.002	0.362	0.07100000000000006
0.408	0.495	0.455	-0.067
0.636	0.623	0.404	0.12249999999999994
0.492	1.196	0.684	-0.44799999999999995
0.341	0.411	-0.26	0.26550000000000007
-0.392	-0.265	-0.346	-0.08650000000000002
-0.175	-0.2	-0.058	-0.045999999999999985
0.273	0.334	0.033	0.08950000000000002
-0.221	-0.309	-0.353	0.10999999999999996
-0.011	-0.105	0.137	-0.027000000000000007
-0.357	-0.331	-0.011	-0.18599999999999997
0.236	-0.012	-0.34	0.41200000000000003
0.58	0.202	0.193	0.38249999999999995
-0.304	-0.329	-0.262	-0.008500000000000008
0.32	0.197	0.247	0.098
1.214	1.008	0.71	0.355
1.182	1.293	0.986	0.04249999999999998
0.177	-0.203	-0.196	0.3765
0.176	0.551	0.117	-0.15800000000000003
0.372	0.433	0.499	-0.09399999999999997
0.21	0.248	0.029	0.07149999999999998
-0.072	-0.365	0.197	0.011999999999999997
-0.953	-1.564	-1.146	0.402
0.066	-0.009	-0.695	0.418
0.284	0.209	0.108	0.12549999999999997
-0.347	-0.372	-0.488	0.08300000000000002
0.371	0.43	-0.604	0.45799999999999996
0.341	0.064	0.118	0.25
0.166	0.046	0.145	0.07050000000000001
0.513	0.054	0.114	0.429
0.357	0.007	0.041	0.33299999999999996
0.46	0.308	-0.096	0.35400000000000004
0.597	0.632	0.526	0.018000000000000016
1.292	0.983	0.639	0.4810000000000001
0.633	1.114	0.795	-0.3215000000000001
1.035	0.785	1.086	0.09949999999999992
0.377	0.123	0.469	0.08100000000000002
-0.7	-0.255	-0.12	-0.5125
-0.359	-0.287	0.466	-0.4485
-0.271	0.205	0.169	-0.458
0.893	0.735	0.925	0.06299999999999994
0.333	0.213	-0.121	0.28700000000000003
0.236	-0.058	-0.102	0.316
0.189	0.117	0.139	0.061
0.938	0.974	0.241	0.3305
-0.6	-0.561	-0.428	-0.10549999999999993
-0.183	-0.187	-0.04	-0.06949999999999999
-0.158	0.422	1.087	-0.9125
0.535	-0.065	0.979	0.07800000000000007
0.794	0.935	0.107	0.273
-0.306	0.107	-0.134	-0.2925
-0.962	-0.99	-0.766	-0.08399999999999996
0.42	0.119	-0.739	0.73
0.809	0.63	0.3	0.3440000000000001
1.213	0.731	0.565	0.5650000000000002
0.171	0.131	-0.153	0.182
0.576	0.359	0.139	0.32699999999999996
0.545	0.143	0.148	0.3995000000000001
-0.884	-0.62	-0.159	-0.4945
0.43	0.439	0.006	0.2075
0.494	0.495	0.25	0.1215
0.958	0.594	0.436	0.44299999999999995
-0.411	-0.245	-0.594	0.008500000000000008
0.505	0.544	0.306	0.07999999999999996
-0.541	-0.445	0.05	-0.3435
0.592	0.665	0.698	-0.08950000000000002
0.111	0.63	0.579	-0.49350000000000005
-0.101	-0.147	-0.415	0.17999999999999997
-0.803	-0.966	-0.665	0.012499999999999956
-0.34	-0.026	-0.59	-0.03200000000000003
0.77	-0.022	-0.161	0.8615
1.257	1.182	0.046	0.6429999999999999
1.438	1.325	0.625	0.46299999999999997
-0.414	-0.485	0.16	-0.2515
0.909	0.658	-0.282	0.721
1.433	1.024	0.547	0.6475
-0.378	-0.399	-0.078	-0.13949999999999999
0.25	-0.248	-0.449	0.5985
0.304	0.179	0.676	-0.1235
0.421	0.493	0.601	-0.12599999999999995
0.497	0.435	0.676	-0.058499999999999996
0.379	0.023	0.071	0.332
-0.063	-0.055	0.638	-0.3545
0.475	0.299	0.081	0.285
0.42	-0.188	-0.101	0.5645
0.944	0.891	0.712	0.14249999999999996
0.829	0.468	0.505	0.3424999999999999
1.294	1.129	0.456	0.5015000000000001
1.197	1.35	0.588	0.22799999999999998
0.233	0.485	0.657	-0.33799999999999997
-0.085	-0.067	0.515	-0.309
0.438	0.288	0.001	0.2935
-0.435	-0.361	-0.605	0.04799999999999999
-0.436	-0.314	-0.577	0.009500000000000008
0.096	-0.174	-0.134	0.25
1.505	1.44	0.218	0.6759999999999999
-0.011	-0.392	-0.281	0.3255
0.298	0.445	0.282	-0.0655
-0.294	-0.248	-0.046	-0.147
-0.375	-0.481	-0.502	0.11649999999999999
0.1	0.221	-0.466	0.22250000000000003
0.866	0.388	0.569	0.3875
0.247	0.01	0.461	0.011499999999999982
-0.666	-0.972	-0.412	0.025999999999999912
-0.114	0.086	-0.128	-0.093
-0.191	0.016	0.071	-0.2345
-0.176	-0.144	-0.553	0.17250000000000004
-0.196	-0.019	-0.198	-0.08750000000000001
1.183	0.839	0.723	0.40200000000000014
0.993	1.21	0.668	0.05399999999999994
1.805	1.55	1.352	0.35399999999999987
-0.328	-0.651	-0.227	0.11099999999999999
0.162	-0.398	-0.532	0.627
-0.406	-0.738	-0.245	0.08549999999999996
0.47	0.593	-0.591	0.469
0.558	0.367	0.408	0.1705000000000001
0.746	0.303	0.16	0.5145
-0.189	-0.414	-0.165	0.10049999999999998
-0.491	-0.965	-0.387	0.18499999999999994
0.291	0.266	0.706	-0.195
0.459	0.472	0.47	-0.011999999999999955
0.439	0.516	0.586	-0.11199999999999993
0.817	0.551	0.535	0.2739999999999999
0.943	1.537	0.853	-0.2519999999999999
-0.28	0.018	-0.795	0.10849999999999999
-0.007	-0.292	-0.383	0.3305
0.355	0.295	-0.253	0.33399999999999996
0.303	0.545	0.013	0.023999999999999966
-0.078	0.376	0.357	-0.4445
-0.261	0.033	0.064	-0.3095
-0.125	-0.526	0.02	0.128
1.399	0.795	-0.389	1.196
1.394	1.375	-0.349	0.8809999999999999
-0.436	-0.943	-0.814	0.44249999999999995
0.264	-0.119	-0.837	0.742
1.002	0.35	0.116	0.769
-0.18	-0.0	0.489	-0.4245
0.474	0.139	-0.363	0.586
-0.352	-0.19	0.169	-0.34149999999999997
0.226	-0.381	-0.32	0.5765
0.368	0.219	-0.45	0.4835
0.761	0.486	-0.178	0.607
0.172	-0.047	-0.362	0.37649999999999995
0.417	0.403	0.755	-0.16199999999999998
0.299	0.153	-0.016	0.23049999999999998
0.988	0.718	0.172	0.543
1.18	0.678	0.888	0.3969999999999999
0.26	0.448	0.127	-0.02749999999999997
0.787	0.343	0.383	0.42400000000000004
0.316	0.245	0.817	-0.2149999999999999
-0.716	-1.305	-1.091	0.482
0.158	0.293	-0.048	0.035500000000000004
0.2	0.245	0.261	-0.05299999999999999
0.403	0.201	0.178	0.21350000000000002
0.832	0.702	0.23	0.366
1.009	0.944	0.9	0.08699999999999997
0.43	-0.004	-0.081	0.4725
-0.475	-0.559	-0.001	-0.19499999999999995
-0.428	0.142	-0.523	-0.2375
0.021	0.117	0.362	-0.2185
0.608	0.152	0.118	0.473
0.403	0.553	-0.085	0.169
0.439	0.365	0.169	0.172
-0.589	-0.662	-0.464	-0.025999999999999912
0.305	-0.112	-0.601	0.6615
-0.381	-0.094	-0.257	-0.20550000000000002
0.085	0.208	-0.179	0.07050000000000001
0.579	0.712	0.872	-0.21300000000000008
0.013	0.302	0.766	-0.521
0.919	0.348	0.552	0.46900000000000003
0.663	0.932	0.214	0.08999999999999997
0.83	0.994	0.864	-0.09900000000000009
-0.834	-0.518	-0.733	-0.20850000000000002
0.656	0.342	0.196	0.387
-0.304	-0.467	-0.546	0.20250000000000007
0.217	0.115	-0.302	0.3105
0.169	-0.18	-0.229	0.37350000000000005
-0.023	-0.741	-0.921	0.8079999999999999
0.409	0.066	-0.511	0.6315
0.692	1.011	0.608	-0.11749999999999994
0.081	0.807	0.907	-0.776
0.439	0.055	0.427	0.198
0.358	0.54	0.69	-0.257
1.339	0.814	0.498	0.683
-0.307	-0.988	-0.915	0.6445000000000001
0.446	0.335	-0.926	0.7415
0.37	0.691	0.52	-0.23549999999999993
0.585	0.743	0.546	-0.05950000000000011
0.035	0.267	0.824	-0.5105
-0.217	-0.1	-0.123	-0.1055
0.488	-0.159	-0.136	0.6355
0.264	-0.373	0.025	0.438
-0.048	-0.211	-0.12	0.11749999999999998
0.663	0.646	0.236	0.22200000000000003
-0.126	-0.129	0.587	-0.355
-0.209	-0.343	-0.522	0.2235
0.255	0.241	0.092	0.08850000000000002
0.576	0.631	0.377	0.07199999999999995
0.189	-0.496	-0.713	0.7935000000000001
0.15	-0.101	0.128	0.1365
0.491	0.407	-0.383	0.479
0.491	0.683	0.548	-0.12450000000000006
0.738	0.36	0.046	0.535
0.448	0.154	-0.296	0.519
0.051	0.097	-0.219	0.11199999999999999
-0.187	-0.072	0.606	-0.454
-1.194	-0.873	-0.955	-0.28
-0.304	-0.417	-0.972	0.3905
0.234	0.194	0.241	0.016500000000000015
0.774	0.205	0.197	0.573
-0.302	-0.543	-0.199	0.069
-0.52	-0.573	-0.211	-0.12800000000000006
0.16	0.027	-0.285	0.289
0.576	0.48	-0.047	0.35949999999999993
-0.289	-0.2	0.122	-0.24999999999999997
-0.53	0.154	-0.12	-0.547
-0.011	0.009	-0.339	0.154
-0.086	0.481	0.056	-0.35450000000000004
0.297	0.042	0.356	0.098
0.849	0.693	0.428	0.2885
-0.075	-0.426	0.349	-0.03649999999999999
0.684	0.17	0.025	0.5865
0.311	0.18	0.447	-0.0025000000000000022
0.001	-0.06	-0.188	0.125
0.501	-0.035	-0.27	0.6535
0.143	0.687	0.485	-0.44300000000000006
0.308	0.334	0.646	-0.182
-0.281	-0.516	-0.523	0.23850000000000005
0.261	0.156	-0.095	0.2305
1.077	0.274	-0.018	0.949
-0.529	-0.43	0.089	-0.35850000000000004
-0.119	-0.489	-0.129	0.19
0.476	0.196	-0.458	0.607
-0.429	-0.451	-0.31	-0.04849999999999999
-0.21	-0.255	-0.786	0.3105
0.612	0.592	0.038	0.297
0.939	0.965	0.966	-0.02650000000000008
0.067	0.243	0.487	-0.298
0.302	0.377	0.208	0.009500000000000008
0.182	-0.287	-0.212	0.4315
-0.145	-0.551	-0.362	0.3115
0.459	0.117	-0.061	0.431
1.151	0.589	0.023	0.845
1.614	1.289	0.692	0.6235000000000002
0.809	0.704	0.879	0.01750000000000007
0.129	0.216	0.475	-0.21649999999999997
-0.219	-0.52	-0.297	0.18949999999999997
0.477	0.216	0.121	0.3085
0.159	0.276	0.783	-0.37050000000000005
0.632	0.353	0.429	0.241
0.834	0.566	0.278	0.412
1.058	1.257	0.728	0.06550000000000011
0.968	1.32	1.18	-0.28200000000000003
0.25	0.231	-0.176	0.22249999999999998
0.278	0.354	0.461	-0.12949999999999995
0.176	0.417	0.491	-0.27799999999999997
0.08	-0.069	0.001	0.114
0.29	0.262	0.531	-0.10650000000000004
0.454	0.161	0.141	0.30300000000000005
0.656	0.093	-0.197	0.7080000000000001
0.626	0.561	-0.02	0.3555
0.009	-0.106	-0.4	0.262
0.305	-0.064	-0.325	0.4995
-0.397	0.014	0.307	-0.5575
0.536	0.624	0.075	0.18650000000000005
0.27	0.042	0.529	-0.015500000000000014
-0.227	0.171	0.507	-0.5660000000000001
0.843	0.742	0.461	0.24149999999999994
0.712	0.943	0.738	-0.12850000000000006
0.994	0.853	0.816	0.15949999999999998
1.476	0.958	0.859	0.5675
-0.141	-0.222	-0.373	0.1565
-0.779	-0.867	-0.128	-0.28150000000000003
0.457	0.333	0.197	0.192
0.332	0.694	1.272	-0.651
0.861	0.34	0.506	0.43799999999999994
1.063	0.895	0.405	0.4129999999999999
0.473	0.099	0.355	0.246
0.811	0.84	0.169	0.3065000000000001
0.334	0.27	0.13	0.134
0.269	0.528	-0.18	0.095
1.328	0.621	0.446	0.7945000000000001
0.593	0.795	0.806	-0.20750000000000002
-0.084	0.123	-0.023	-0.134
-0.027	-0.282	-0.363	0.2955
0.473	0.682	-0.197	0.23049999999999995
-0.218	0.168	-0.262	-0.17099999999999999
-0.13	-0.171	-0.107	0.009000000000000008
-0.002	0.214	-0.156	-0.031
0.09	-0.125	0.08	0.11249999999999999
0.639	0.859	0.654	-0.11749999999999994
0.77	0.669	0.832	0.019500000000000073
-0.698	-0.754	-0.737	0.0475000000000001
0.328	-0.168	-0.01	0.41700000000000004
0.133	0.402	-0.029	-0.05349999999999999
0.477	0.27	0.255	0.21449999999999997
0.012	-0.049	-0.037	0.05499999999999999
0.059	0.142	-0.407	0.1915
0.545	-0.309	0.133	0.633
-0.195	0.329	-0.199	-0.26
1.045	0.867	0.715	0.254
0.904	1.198	1.238	-0.31399999999999995
-0.666	-0.832	-0.985	0.24249999999999994
0.088	-0.048	-0.513	0.36850000000000005
0.609	0.269	-0.189	0.569
0.217	0.181	0.24	0.006500000000000006
-0.088	-0.012	0.275	-0.2195
0.455	-0.031	0.178	0.3815
-0.104	0.571	0.511	-0.6449999999999999
-0.205	0.27	0.454	-0.567
0.382	0.594	0.257	-0.04349999999999998
0.814	0.337	0.064	0.6134999999999999
0.042	-0.339	-0.374	0.3985
0.635	0.371	-0.16	0.5295
0.978	1.074	0.373	0.25449999999999995
0.985	1.112	0.787	0.035499999999999976
0.469	0.52	0.241	0.08849999999999997
0.822	0.746	0.4	0.249
0.683	0.874	0.578	-0.04299999999999993
0.73	0.604	0.453	0.2015
0.571	0.93	0.976	-0.3820000000000001
-0.471	-0.484	-0.406	-0.025999999999999968
-0.429	-0.884	-0.258	0.14199999999999996
-0.13	-0.245	0.059	-0.037000000000000005
0.325	0.302	0.334	0.007000000000000006
0.921	0.345	0.445	0.526
-0.416	-0.132	0.119	-0.4095
1.005	0.949	0.52	0.27049999999999996
0.009	-0.119	-0.501	0.319
0.423	0.172	-0.118	0.396
-0.672	-0.429	-0.256	-0.3295
-0.119	-0.099	0.376	-0.2575
0.939	0.148	-0.071	0.9005
0.136	0.222	0.5	-0.22499999999999998
0.472	0.254	0.509	0.09049999999999997
-0.783	-1.014	-0.673	0.0605
0.42	0.001	-0.291	0.565
0.088	-0.16	-0.435	0.38549999999999995
-0.348	0.243	-0.057	-0.44099999999999995
0.041	0.486	0.363	-0.3835
-0.516	-0.406	-0.025	-0.3005
0.158	0.349	0.713	-0.3729999999999999
0.22	0.145	0.936	-0.3205
-0.141	-0.606	-0.36	0.34199999999999997
1.044	0.838	1.201	0.024499999999999966
1.207	1.391	0.904	0.05950000000000011
0.711	0.596	0.495	0.16549999999999998
-0.636	-0.694	-0.851	0.13649999999999995
0.581	1.002	0.617	-0.22850000000000004
0.347	0.885	1.32	-0.7555000000000001
-0.005	0.072	0.129	-0.10550000000000001
0.053	0.082	-0.073	0.048499999999999995
0.304	-0.209	-0.001	0.409
0.146	0.075	-0.25	0.23349999999999999
0.105	-0.185	0.06	0.16749999999999998
1.136	0.572	-0.159	0.9295
-0.154	-0.476	-0.734	0.45099999999999996
-0.298	-0.77	-0.013	0.09350000000000003
0.825	0.633	0.532	0.24249999999999994
0.367	0.716	0.471	-0.22649999999999992
0.238	0.216	0.574	-0.15699999999999997
-0.552	-0.554	0.141	-0.34550000000000003
0.304	-0.048	-0.127	0.39149999999999996
0.538	0.408	-0.104	0.386
0.748	0.465	0.283	0.374
0.094	-0.072	-0.278	0.269
-0.403	-0.632	-0.733	0.27949999999999997
-0.28	-0.415	-0.371	0.11299999999999999
-0.106	-0.044	-0.237	0.03449999999999999
-0.647	-0.945	-0.368	0.009499999999999953
0.015	0.31	-0.148	-0.066
0.804	0.174	0.283	0.5755000000000001
0.241	-0.141	0.49	0.0665
0.518	0.009	0.35	0.3385
-0.019	0.538	0.622	-0.5990000000000001
1.134	0.464	0.307	0.7484999999999999
0.29	-0.068	-0.661	0.6545000000000001
0.734	1.081	0.898	-0.25550000000000006
-0.592	-0.397	-0.168	-0.30949999999999994
0.353	0.013	-0.227	0.45999999999999996
-0.114	-0.48	-0.588	0.42000000000000004
-0.337	-0.376	-0.345	0.023499999999999965
0.442	0.138	0.09	0.328
0.93	0.497	0.67	0.34650000000000003
0.029	0.197	-0.151	0.005999999999999995
0.519	0.376	0.324	0.16900000000000004
0.361	0.546	-0.231	0.20349999999999996
0.379	0.775	0.485	-0.251
-0.336	0.041	0.604	-0.6585000000000001
0.177	-0.262	0.44	0.088
0.216	-0.131	-0.172	0.3675
0.329	0.308	-0.012	0.18100000000000002
-0.114	0.718	0.395	-0.6705
-0.49	-0.267	-0.231	-0.241
0.393	0.345	0.423	0.009000000000000008
0.364	0.089	-0.068	0.3535
-0.397	-0.822	-0.364	0.19599999999999995
-0.195	-0.095	-0.22	-0.037500000000000006
0.615	0.355	0.045	0.41500000000000004
-0.107	-0.345	0.094	0.018500000000000003
0.414	0.38	-0.265	0.3565
0.97	1.84	1.292	-0.5960000000000001
1.551	1.087	1.944	0.03550000000000009
0.15	0.286	0.56	-0.273
1.227	1.054	-0.156	0.778
0.877	1.096	1.143	-0.24249999999999994
0.193	0.453	-0.042	-0.012500000000000011
0.54	0.342	0.442	0.14800000000000002
1.045	0.456	0.308	0.6629999999999999
1.067	1.31	0.384	0.21999999999999997
-0.409	-0.168	-0.438	-0.10599999999999998
-0.115	-0.455	-0.569	0.397
-0.718	-0.744	-0.572	-0.06000000000000005
-0.436	-0.717	-0.231	0.03799999999999998
0.02	0.498	0.808	-0.633
0.142	0.122	0.061	0.05049999999999999
0.131	-0.349	-0.106	0.3585
0.779	0.709	1.298	-0.22450000000000003
0.66	0.277	0.023	0.51
-0.007	0.12	-0.258	0.062000000000000006
-0.07	-0.126	-0.105	0.045499999999999985
-0.484	-0.129	-0.619	-0.10999999999999999
-0.219	0.003	-0.186	-0.1275
0.718	0.295	-0.092	0.6164999999999999
1.084	0.659	0.077	0.7160000000000001
-0.452	-0.504	-0.702	0.15099999999999997
0.106	-0.372	-0.597	0.5905
0.233	0.443	-0.311	0.167
0.017	0.267	0.513	-0.373
1.019	0.969	0.944	0.0625
-0.808	-1.126	-0.676	0.09299999999999997
0.391	-0.031	-0.198	0.5055000000000001
0.877	0.262	-0.266	0.879
1.161	0.668	-0.153	0.9035
-0.185	-0.393	-0.137	0.08000000000000002
0.184	0.231	-0.323	0.22999999999999998
0.282	0.064	0.323	0.08849999999999997
-0.002	-0.045	-0.389	0.215
0.659	0.445	-0.314	0.5935
1.044	0.55	0.654	0.44199999999999995
1.209	0.894	1.509	0.007500000000000062
0.164	0.136	0.073	0.0595
0.18	0.091	0.665	-0.198
0.064	0.116	0.147	-0.0675
0.794	0.616	0.125	0.42350000000000004
-0.294	-0.174	0.183	-0.2985
0.428	0.244	0.551	0.03049999999999997
0.686	0.742	0.343	0.14350000000000007
-0.308	-0.644	-0.402	0.21500000000000002
0.154	-0.181	-0.327	0.40800000000000003
-0.285	0.191	-0.089	-0.33599999999999997
1.226	0.808	0.854	0.395
1.184	1.257	0.906	0.10250000000000004
-0.516	-1.035	-0.755	0.379
-0.069	-0.104	-0.59	0.27799999999999997
-0.162	-0.585	-0.872	0.5664999999999999
-0.039	-0.037	-0.126	0.0425
-0.391	-0.382	-0.465	0.03249999999999997
1.096	1.007	0.855	0.16500000000000015
0.878	1.236	1.071	-0.27549999999999997
0.685	0.931	1.197	-0.379
0.501	0.731	1.194	-0.4614999999999999
1.084	0.547	0.925	0.3480000000000001
-0.142	-0.03	-0.304	0.024999999999999994
0.268	0.103	-0.443	0.43800000000000006
0.267	-0.178	0.31	0.201
0.037	-0.065	0.178	-0.019499999999999997
0.443	0.015	0.142	0.36450000000000005
0.535	0.578	0.081	0.20550000000000007
-0.804	-0.585	-0.486	-0.26850000000000007
-0.082	0.142	0.022	-0.16399999999999998
-0.053	0.189	0.15	-0.22249999999999998
-0.203	-0.219	-0.076	-0.05550000000000002
-0.22	-0.557	-0.09	0.10350000000000001
0.243	0.074	-0.585	0.4985
-0.402	-0.259	0.116	-0.3305
0.86	0.576	0.199	0.47250000000000003
-0.408	0.03	0.121	-0.4835
-0.512	-0.064	-0.18	-0.39
0.06	-0.464	0.224	0.18
0.019	-0.387	-0.193	0.30900000000000005
0.351	0.111	-0.174	0.38249999999999995
0.939	0.641	0.573	0.33199999999999996
0.566	0.658	0.473	0.0004999999999999449
1.055	0.821	0.657	0.31599999999999995
1.344	1.068	0.632	0.494
0.054	-0.103	-0.13	0.17049999999999998
0.198	0.299	0.191	-0.046999999999999986
0.599	0.584	0.295	0.15949999999999998
0.359	0.003	-0.228	0.4715
0.457	0.537	0.426	-0.024500000000000022
-0.73	-0.374	-0.249	-0.4185
0.21	-0.263	-0.766	0.7244999999999999
-0.525	-0.345	0.124	-0.41450000000000004
-0.401	-0.275	-0.289	-0.119
1.124	0.534	0.207	0.7535000000000001
1.062	1.366	0.744	0.006999999999999895
0.251	0.029	0.372	0.05049999999999999
0.588	0.428	0.036	0.356
1.291	1.152	0.439	0.49549999999999994
-0.027	-0.057	-0.532	0.2675
-0.299	-0.301	0.04	-0.16849999999999998
-0.103	-0.179	-0.275	0.12400000000000001
0.053	-0.126	-0.376	0.304
0.516	0.454	0.021	0.27849999999999997
0.505	0.288	-0.115	0.4185
0.73	0.626	0.253	0.2905
0.254	1.051	1.055	-0.7989999999999999
0.155	-0.306	-0.288	0.45199999999999996
-0.213	0.063	0.302	-0.39549999999999996
0.065	0.076	0.577	-0.26149999999999995
0.391	0.279	0.037	0.233
0.359	-0.053	0.465	0.15299999999999997
-0.207	-0.183	-0.22	-0.005499999999999977
0.385	0.318	0.471	-0.009499999999999953
0.032	-0.405	-0.272	0.37050000000000005
-0.613	-0.924	-0.534	0.1160000000000001
0.45	0.104	0.332	0.232
0.761	0.311	0.346	0.4325
1.012	0.565	1.071	0.19400000000000006
0.583	0.744	1.154	-0.366
0.646	0.579	1.137	-0.21199999999999997
0.214	0.161	-0.091	0.179
-1.166	-0.577	-0.266	-0.7444999999999999
-0.041	-0.1	-0.301	0.1595
-0.26	-0.268	-0.202	-0.024999999999999994
-0.067	-0.051	-0.05	-0.0165
0.159	0.071	-0.003	0.125
0.151	0.307	0.438	-0.2215
-0.901	-0.158	-0.068	-0.788
0.101	-0.041	-0.272	0.2575
0.779	0.301	-0.165	0.7110000000000001
0.456	0.859	0.144	-0.04549999999999993
0.224	-0.52	-0.836	0.9019999999999999
0.047	0.254	0.126	-0.14300000000000002
0.31	0.488	0.455	-0.16150000000000003
0.266	0.833	0.444	-0.37249999999999994
-0.242	-0.553	-0.234	0.15150000000000002
0.271	-0.256	-0.522	0.66
0.358	0.668	0.392	-0.17200000000000004
0.623	0.418	0.536	0.14600000000000002
0.867	0.538	0.573	0.3115
1.465	1.211	0.534	0.5925
1.709	1.419	0.719	0.6400000000000001
0.208	0.121	0.423	-0.06400000000000003
-0.384	-0.183	0.333	-0.459
0.619	0.532	0.821	-0.057499999999999996
0.448	0.416	0.212	0.134
0.697	0.857	0.401	0.06799999999999995
0.398	0.405	0.154	0.1185
0.811	0.669	0.843	0.05500000000000005
0.18	0.408	-0.337	0.14450000000000002
0.302	0.363	-0.12	0.1805
0.276	-0.119	-0.359	0.515
-0.001	0.082	0.121	-0.10250000000000001
0.227	-0.086	-0.208	0.374
0.132	-0.24	-0.788	0.646
-0.484	0.136	-0.525	-0.2895
-0.143	0.235	0.769	-0.645
0.059	0.047	0.341	-0.135
-0.391	-0.22	-0.275	-0.14350000000000002
0.216	0.117	0.166	0.07449999999999998
-0.076	0.156	0.328	-0.318
-0.119	0.131	-0.289	-0.04000000000000001
0.343	0.259	-0.002	0.21450000000000002
0.465	0.401	0.207	0.16100000000000003
-0.262	0.029	-0.173	-0.19
-0.008	-0.0	0.265	-0.1405
0.251	-0.414	0.0	0.45799999999999996
0.277	-0.379	-0.332	0.6325000000000001
-0.075	-0.147	-0.16	0.0785
0.984	0.819	0.422	0.36350000000000005
1.036	1.859	1.002	-0.39449999999999985
1.872	1.489	1.64	0.3075000000000001
1.476	1.63	1.582	-0.1299999999999999
-0.497	-0.42	0.059	-0.3165
-0.581	-0.7	-0.602	0.07000000000000006
-0.368	-0.598	-0.401	0.1315
-0.018	-0.005	-0.213	0.091
-0.445	-0.12	0.34	-0.555
0.452	-0.015	-0.047	0.483
0.761	0.138	0.009	0.6875
-0.655	-0.46	-0.243	-0.3035
0.087	-0.37	0.001	0.27149999999999996
0.044	0.324	0.165	-0.2005
0.461	0.476	1.013	-0.2834999999999999
-0.005	0.364	0.367	-0.3705
0.527	0.448	0.24	0.18300000000000005
0.882	0.76	0.338	0.33299999999999996
0.638	1.148	1.392	-0.632
-0.155	-0.352	-0.477	0.25949999999999995
0.624	0.717	-0.255	0.393
0.053	0.3	0.301	-0.2475
0.306	0.287	0.252	0.03650000000000003
0.078	0.456	0.168	-0.23399999999999999
1.227	0.778	0.808	0.43400000000000005
1.483	1.084	0.734	0.5740000000000001
1.487	1.774	1.305	-0.05249999999999977
1.676	1.536	1.615	0.10050000000000003
-0.882	-0.446	-0.28	-0.519
-0.225	0.148	-0.168	-0.215
0.386	0.452	0.026	0.147
0.42	0.132	0.168	0.26999999999999996
-0.15	-0.078	-0.19	-0.015999999999999986
0.152	-0.395	-0.268	0.48350000000000004
-0.627	-0.418	-0.256	-0.29000000000000004
-0.009	-0.268	-0.131	0.1905
-0.75	-0.412	-0.047	-0.5205
0.44	0.533	-0.003	0.175
0.489	0.738	0.83	-0.29500000000000004
0.627	0.515	0.513	0.11299999999999999
1.075	1.062	0.562	0.2629999999999999
1.397	1.261	0.911	0.31100000000000017
-0.059	-0.331	-0.262	0.2375
-0.059	-0.056	-0.324	0.131
1.348	1.269	1.081	0.17300000000000026
0.064	0.3	0.662	-0.417
-0.38	-0.317	-0.387	-0.028000000000000025
0.057	0.144	-0.136	0.05300000000000001
-1.021	-1.028	-0.471	-0.27149999999999985
0.036	-0.601	-0.612	0.6425000000000001
-0.206	-0.152	-0.591	0.1655
0.604	-0.13	-0.324	0.831
0.427	0.525	-0.04	0.18449999999999997
0.465	0.598	0.459	-0.06349999999999995
-0.293	-0.141	-0.323	-0.061
0.55	-0.134	0.048	0.5930000000000001
1.228	0.433	0.033	0.995
-1.268	-0.955	-0.902	-0.3395
0.92	0.602	1.205	0.01650000000000007
0.524	0.49	0.243	0.15750000000000003
0.56	0.5	0.641	-0.010499999999999954
0.858	0.932	0.561	0.11149999999999993
1.463	1.468	0.907	0.2755000000000001
-0.157	-0.187	-0.243	0.057999999999999996
0.391	0.541	0.51	-0.13450000000000006
0.666	0.403	0.64	0.14449999999999996
-0.653	-0.36	-0.023	-0.4615
-0.205	0.136	-0.351	-0.0975
0.47	0.289	0.022	0.3145
-0.118	-0.057	0.286	-0.23249999999999998
0.273	-0.052	-0.019	0.3085
0.509	0.158	0.316	0.272
0.953	0.784	0.2	0.46099999999999997
-0.034	-0.202	0.311	-0.0885
0.475	0.251	-0.162	0.4305
0.504	0.539	0.208	0.1305
0.181	0.018	0.01	0.16699999999999998
0.247	0.607	0.287	-0.19999999999999996
-0.249	0.327	0.336	-0.5805
0.608	0.051	0.357	0.404
1.492	0.305	0.289	1.195
0.407	-0.086	-0.47	0.6849999999999999
-0.419	-0.198	-0.202	-0.21899999999999997
0.416	0.082	-0.359	0.5545
-0.266	-0.334	-0.103	-0.047500000000000014
-0.429	-0.189	-0.373	-0.14799999999999996
-0.527	-0.383	-0.527	-0.07200000000000001
1.244	1.137	1.083	0.13400000000000012
0.944	0.591	1.351	-0.027000000000000024
-0.29	-0.312	-0.108	-0.07999999999999999
0.242	-0.169	0.298	0.1775
0.818	0.329	0.327	0.48999999999999994
1.289	1.421	0.764	0.1964999999999999
0.2	0.657	-0.033	-0.11199999999999999
0.655	0.324	0.325	0.3305
0.241	0.554	0.174	-0.123
0.795	0.454	0.348	0.394
0.462	0.445	0.26	0.10949999999999999
0.232	0.16	0.337	-0.016499999999999987
0.796	0.519	0.183	0.44500000000000006
0.561	0.849	0.458	-0.09249999999999992
-0.383	-0.625	0.427	-0.28400000000000003
-0.039	0.175	-0.4	0.07350000000000001
0.043	-0.49	-0.656	0.616
0.129	-0.48	-0.147	0.4425
0.566	0.679	0.156	0.1484999999999999
0.673	0.648	0.467	0.11550000000000005
0.505	0.222	0.329	0.22949999999999998
1.322	0.851	0.733	0.53
0.566	-0.249	-0.82	1.1004999999999998
0.448	0.402	0.661	-0.08350000000000007
0.494	0.562	0.54	-0.05700000000000005
0.257	0.329	0.602	-0.20850000000000002
0.612	0.328	0.436	0.22999999999999998
0.858	0.477	0.401	0.419
1.275	0.9	0.423	0.6134999999999999
-0.155	0.232	0.383	-0.4625
-1.211	-1.037	-0.965	-0.2100000000000002
-0.397	-0.327	0.104	-0.2855
0.827	0.847	0.387	0.20999999999999996
0.815	1.068	0.715	-0.07650000000000001
1.629	1.679	0.977	0.30099999999999993
-0.473	-0.523	-0.199	-0.11199999999999999
-0.575	-0.536	-0.136	-0.23899999999999993
0.139	0.596	0.742	-0.53
0.296	0.396	0.057	0.06949999999999998
0.45	0.162	-0.037	0.3875
-0.154	-0.563	-0.379	0.31699999999999995
-0.069	-0.04	0.023	-0.060500000000000005
0.07	-0.137	-0.177	0.227
0.055	0.02	-0.112	0.101
0.699	0.482	-0.137	0.5265
0.896	0.705	0.113	0.48700000000000004
-0.09	-0.115	-0.257	0.096
-0.01	-0.193	-0.001	0.08700000000000001
-0.151	-0.274	-0.433	0.20250000000000004
-0.581	-0.213	0.221	-0.585
0.406	-0.242	-0.153	0.6035
1.014	0.536	0.552	0.47
0.129	0.415	0.17	-0.16349999999999998
0.935	0.712	0.487	0.33550000000000013
0.149	-0.096	0.224	0.08499999999999999
0.179	0.266	0.471	-0.1895
0.812	0.489	0.527	0.30400000000000005
0.842	0.974	0.857	-0.07350000000000001
0.114	-0.01	0.318	-0.039999999999999994
0.336	0.093	0.018	0.2805
0.856	0.513	0.158	0.5205
1.444	1.101	1.123	0.33199999999999985
0.783	0.258	-0.13	0.7190000000000001
-0.74	-0.521	-0.606	-0.1765
0.294	-0.311	-0.586	0.7424999999999999
-0.35	0.061	0.387	-0.574
-0.113	-0.17	-0.36	0.15200000000000002
-0.258	-0.365	-0.243	0.045999999999999985
0.208	0.196	-0.244	0.23199999999999998
0.547	0.316	-0.111	0.4445
0.247	-0.28	0.052	0.361
0.545	0.23	-0.222	0.541
0.369	0.539	-0.219	0.20899999999999996
0.613	-0.072	0.017	0.6405
0.468	0.764	-0.018	0.09500000000000003
-0.016	0.445	0.35	-0.4135
1.044	0.753	0.331	0.502
0.531	0.724	1.022	-0.34199999999999997
0.007	-0.046	-0.16	0.11000000000000001
0.145	0.038	0.133	0.05949999999999998
0.258	0.207	0.087	0.11100000000000002
-0.102	-0.263	0.06	-0.0004999999999999866
0.571	0.162	0.481	0.24949999999999994
0.009	-0.473	-0.57	0.5305
-0.09	0.154	-0.169	-0.08249999999999999
0.193	0.147	0.174	0.03250000000000003
0.63	0.26	0.098	0.451
0.562	0.415	0.284	0.21250000000000008
0.742	0.513	0.714	0.12850000000000006
0.346	0.162	0.438	0.045999999999999985
0.858	0.495	0.199	0.511
-0.267	0.034	-0.144	-0.21200000000000002
0.438	0.903	0.41	-0.21849999999999997
0.011	0.139	0.293	-0.205
-0.464	-0.729	-0.468	0.1345
-0.416	-0.432	-0.05	-0.175
-0.382	-0.504	-0.328	0.03400000000000003
0.208	0.257	0.73	-0.2855
0.02	-0.116	0.036	0.06000000000000001
0.205	-0.082	-0.398	0.445
0.429	0.003	-0.568	0.7115
0.21	0.035	-0.486	0.4355
0.262	0.604	0.339	-0.20950000000000002
0.231	0.271	0.62	-0.2145
0.387	0.512	0.33	-0.03400000000000003
-0.404	-0.273	-0.241	-0.14700000000000002
-0.171	0.245	0.582	-0.5845
-0.282	-0.094	0.06	-0.26499999999999996
0.055	0.258	0.051	-0.0995
0.372	-0.114	0.3	0.279
1.367	0.729	0.045	0.98
0.639	0.365	0.535	0.189
0.843	0.888	1.031	-0.11650000000000005
-0.369	0.082	-0.106	-0.357
0.59	0.328	0.394	0.22899999999999998
-0.382	-0.482	-0.607	0.16249999999999998
-0.131	0.181	-0.256	-0.0935
0.604	0.393	0.029	0.39299999999999996
0.845	0.645	0.821	0.11199999999999999
0.477	0.542	0.981	-0.2845000000000001
-0.094	-0.193	-0.042	0.023500000000000007
-0.689	-0.87	0.131	-0.31949999999999995
0.339	-0.07	0.44	0.15400000000000003
0.854	0.278	0.172	0.629
1.015	0.871	0.101	0.5289999999999999
1.291	0.988	0.47	0.5619999999999999
1.562	1.246	0.858	0.51
-0.125	0.063	-0.03	-0.14150000000000001
-0.24	0.451	0.202	-0.5665
-0.843	-0.776	-1.121	0.10550000000000004
-0.096	0.24	-0.116	-0.158
0.573	0.647	-0.419	0.45899999999999996
0.016	0.179	0.024	-0.08549999999999999
0.226	0.111	-0.031	0.186
0.575	0.433	0.224	0.24649999999999994
0.968	0.578	0.298	0.53
-0.943	-0.864	-0.698	-0.16200000000000003
0.467	0.07	0.261	0.3015
-0.305	0.564	0.157	-0.6655
-0.002	-0.027	-0.235	0.129
-0.107	0.203	0.286	-0.3515
-0.991	-1.307	-1.088	0.20650000000000002
0.705	0.471	0.393	0.27299999999999996
0.74	0.864	0.384	0.11599999999999999
1.004	0.876	0.582	0.275
1.133	0.878	0.782	0.30299999999999994
1.321	1.021	0.812	0.40449999999999997
-0.098	0.165	0.078	-0.2195
0.313	0.202	0.181	0.1215
-0.04	0.088	-0.98	0.406
-0.111	0.034	-0.14	-0.057999999999999996
0.475	0.103	0.077	0.385
0.107	0.38	0.298	-0.23199999999999998
0.253	0.12	-0.154	0.27
0.994	0.357	0.767	0.43199999999999994
-0.305	-0.479	-0.657	0.26300000000000007
0.065	0.463	0.574	-0.45349999999999996
0.791	0.156	0.396	0.515
1.192	0.542	0.399	0.7214999999999999
0.474	0.257	0.539	0.07599999999999996
-0.251	-0.372	-0.165	0.017500000000000016
0.378	0.257	-0.389	0.444
0.586	0.394	-0.265	0.5215
-0.14	-0.261	-0.462	0.22150000000000003
-1.122	-1.043	-0.811	-0.19500000000000006
-0.002	-0.028	-0.274	0.14900000000000002
0.105	0.027	0.235	-0.02600000000000001
0.646	0.063	0.094	0.5675
1.281	1.299	0.431	0.4159999999999999
-0.661	-0.122	0.052	-0.626
0.198	-0.306	-0.232	0.467
-0.155	0.263	-0.229	-0.172
-0.118	-0.112	-0.008	-0.057999999999999996
0.41	-0.121	-0.202	0.5715
1.001	0.595	0.304	0.5514999999999999
-0.126	0.307	0.504	-0.5315
0.807	0.123	0.368	0.5615000000000001
0.46	0.529	0.652	-0.1305
0.733	0.565	0.512	0.1945
0.786	0.454	0.493	0.3125
0.412	0.223	0.089	0.256
0.995	0.667	0.235	0.544
0.471	0.977	0.932	-0.48350000000000004
0.179	0.149	-0.01	0.1095
0.092	0.065	0.234	-0.05750000000000002
0.039	0.228	0.371	-0.2605
0.815	0.254	0.111	0.6325
0.717	1.206	0.336	-0.05400000000000005
0.482	0.196	-0.101	0.4345
-0.437	-0.208	-0.377	-0.14450000000000002
-0.202	-0.144	-0.318	0.02899999999999997
-0.388	-0.369	-0.332	-0.03749999999999998
0.204	-0.407	-0.325	0.57
0.115	0.264	0.293	-0.16349999999999998
0.33	-0.022	0.366	0.15800000000000003
-0.443	-0.234	-0.219	-0.2165
0.01	0.15	-0.269	0.0695
0.426	0.462	0.113	0.13849999999999996
1.185	0.884	0.425	0.5305000000000001
0.375	0.086	-0.898	0.781
0.316	0.803	0.722	-0.44649999999999995
-0.058	-0.471	-0.126	0.2405
0.316	0.104	-0.253	0.3905
0.327	0.032	-0.118	0.37
0.56	1.073	0.792	-0.37249999999999994
-0.231	-0.569	-0.593	0.35
0.239	0.087	-0.283	0.33699999999999997
-0.47	-1.066	-0.373	0.24950000000000006
-0.069	-0.191	-0.544	0.29850000000000004
-0.435	-0.377	-0.056	-0.2185
0.533	0.59	0.351	0.06250000000000006
0.888	1.089	0.808	-0.0605
-0.234	-0.089	-0.188	-0.0955
0.276	0.15	-0.196	0.29900000000000004
0.556	0.302	-0.253	0.5315000000000001
0.787	0.601	0.135	0.41900000000000004
0.747	0.813	0.481	0.09999999999999998
0.132	0.714	0.244	-0.347
0.436	0.525	0.579	-0.11600000000000005
0.188	0.479	0.773	-0.438
0.015	0.289	0.355	-0.30699999999999994
0.407	0.3	-0.002	0.258
0.96	0.699	0.185	0.518
-0.41	-0.356	0.11	-0.287
-0.02	-0.414	-0.083	0.2285
1.167	0.201	-0.374	1.2535
0.66	0.408	0.137	0.38750000000000007
-0.554	-0.724	-0.067	-0.15850000000000009
-0.405	-0.012	-0.2	-0.29900000000000004
0.399	0.116	-0.117	0.3995
0.707	0.295	0.263	0.42799999999999994
0.114	-0.283	0.731	-0.11
-0.264	-0.357	0.008	-0.08950000000000002
0.083	0.037	0.094	0.0175
-0.174	-0.126	-0.375	0.07650000000000001
0.049	0.206	-0.007	-0.05049999999999999
0.802	0.234	0.11	0.63
0.599	0.311	-0.244	0.5655
0.079	0.317	0.484	-0.32149999999999995
0.605	0.51	0.018	0.34099999999999997
0.792	0.786	0.318	0.24
0.588	1.011	0.935	-0.385
1.083	0.763	1.03	0.1864999999999999
0.095	-0.009	0.024	0.0875
-0.1	-0.289	-0.491	0.29000000000000004
0.334	-0.08	-0.477	0.6125
-0.166	0.131	0.169	-0.31600000000000006
0.48	0.022	0.146	0.396
0.35	0.063	0.308	0.16449999999999998
-0.067	-0.292	-0.247	0.20249999999999996
0.556	0.127	-0.413	0.6990000000000001
-0.061	-0.093	0.242	-0.1355
1.001	0.365	-0.059	0.8479999999999999
0.787	0.618	1.107	-0.07550000000000001
0.925	0.429	0.1	0.6605000000000001
0.08	-0.315	-0.097	0.28600000000000003
0.571	0.378	0.467	0.14849999999999997
0.803	0.418	0.49	0.3490000000000001
-0.434	-0.668	-0.169	-0.015499999999999958
-0.15	-0.082	0.061	-0.13949999999999999
0.583	0.304	0.08	0.39099999999999996
-0.098	-0.1	-0.403	0.1535
0.676	0.829	0.269	0.1270000000000001
0.681	0.695	0.628	0.019500000000000073
0.455	0.821	0.691	-0.301
0.739	0.621	0.775	0.041000000000000036
0.582	0.831	0.644	-0.15550000000000008
0.758	0.644	0.503	0.1845
1.238	0.808	0.682	0.4929999999999999
0.106	0.395	0.42	-0.3015
-0.353	-0.642	-0.219	0.07750000000000001
-0.162	0.408	0.17	-0.45099999999999996
-0.507	-0.26	-0.091	-0.3315
-0.247	-0.201	-0.235	-0.028999999999999998
-0.115	-0.01	0.485	-0.3525
0.415	0.348	-0.045	0.26349999999999996
0.854	0.691	0.762	0.12750000000000006
0.876	1.031	0.678	0.021499999999999964
0.045	-0.109	-0.049	0.124
-0.806	-0.649	-0.355	-0.30400000000000005
0.649	0.55	0.381	0.1835
0.623	0.69	0.33	0.11299999999999999
1.304	1.256	0.712	0.32000000000000006
0.664	0.224	-0.417	0.7605000000000001
0.191	-0.013	-0.005	0.2
0.426	0.158	0.076	0.309
0.904	0.329	0.087	0.696
0.54	0.626	0.964	-0.2549999999999999
0.446	0.404	0.914	-0.21300000000000002
0.242	0.025	0.019	0.22
-0.011	0.559	0.044	-0.31250000000000006
0.905	0.271	0.41	0.5645
1.415	0.789	0.361	0.8400000000000001
1.097	0.942	0.235	0.5085
0.843	0.482	0.973	0.11549999999999994
0.119	-0.359	-0.41	0.5035
0.208	0.465	0.634	-0.3415
0.026	-0.116	-0.322	0.245
0.089	0.808	0.583	-0.6065
0.558	0.496	0.222	0.19900000000000007
0.96	1.113	0.667	0.06999999999999995
-0.064	-0.139	-0.06	0.035500000000000004
0.282	0.242	-0.082	0.20199999999999999
0.173	0.626	0.163	-0.22150000000000003
0.086	0.242	0.308	-0.18900000000000003
0.731	0.57	0.269	0.3115
0.264	0.849	0.738	-0.5295
-0.113	0.094	-0.184	-0.068
0.35	-0.215	-0.065	0.49
-0.567	-0.322	0.091	-0.45149999999999996
-0.01	-0.164	-0.379	0.2615
0.635	0.889	0.13	0.12549999999999994
-0.38	-0.61	-0.262	0.055999999999999994
0.157	0.053	-0.12	0.1905
0.878	0.723	0.266	0.3835
-0.036	0.01	-0.512	0.215
0.495	0.173	-0.023	0.42
0.741	0.958	0.324	0.09999999999999998
-0.053	-0.094	-0.234	0.11100000000000002
-0.539	-0.628	-0.175	-0.13750000000000007
0.598	0.911	1.283	-0.499
0.562	0.791	0.946	-0.3065
0.251	0.246	0.425	-0.08450000000000002
0.537	0.587	0.31	0.08850000000000002
-0.359	-0.301	-0.508	0.045499999999999985
0.02	0.649	0.926	-0.7675000000000001
0.338	0.09	-0.278	0.43200000000000005
0.717	0.426	0.859	0.07450000000000001
1.306	1.384	0.538	0.3450000000000001
0.821	1.082	1.326	-0.38300000000000023
-0.398	-0.144	-0.002	-0.325
0.509	0.238	0.555	0.11249999999999999
-0.225	-0.545	-0.214	0.1545
0.166	-0.365	0.232	0.23249999999999998
0.529	0.155	-0.302	0.6025
1.009	0.359	0.094	0.7825
1.048	0.855	-0.065	0.653
0.813	0.578	-0.04	0.544
0.969	0.709	0.115	0.5569999999999999
-0.269	-0.347	-0.527	0.16799999999999998
-0.024	0.248	-0.292	-0.0020000000000000087
-0.836	-1.061	-0.699	0.04399999999999993
0.213	0.15	0.272	0.001999999999999974
0.426	0.293	0.41	0.07450000000000001
1.1	0.458	0.449	0.6465000000000001
1.248	0.69	0.39	0.708
0.601	0.923	1.006	-0.36350000000000005
-0.049	0.272	0.286	-0.328
0.226	0.135	0.148	0.08449999999999999
0.47	0.13	0.123	0.34349999999999997
0.085	-0.059	0.721	-0.24599999999999994
1.008	0.937	0.331	0.374
-0.017	0.252	0.831	-0.5585
-0.409	0.019	0.042	-0.4395
0.266	-0.322	-0.008	0.43100000000000005
0.393	0.59	0.657	-0.23049999999999993
-0.362	-0.132	-0.184	-0.204
0.213	-0.252	-0.075	0.3765
-0.316	-0.645	-0.545	0.27899999999999997
0.276	0.217	0.445	-0.05499999999999999
0.81	0.515	0.339	0.383
-0.011	-0.283	-0.386	0.3235
0.192	-0.22	0.051	0.2765
-0.7	-0.247	-0.631	-0.26099999999999995
0.021	-0.079	-0.066	0.09350000000000001
-0.991	-0.178	0.196	-1.0
-0.039	-0.483	-0.242	0.3235
-0.716	-0.575	-0.464	-0.1965
0.479	0.568	-0.229	0.3095
0.259	0.072	0.297	0.07450000000000001
0.394	0.458	0.258	0.03600000000000003
1.454	1.555	1.046	0.15349999999999997
0.132	0.401	0.095	-0.11599999999999999
0.299	0.269	0.298	0.015500000000000014
0.371	0.091	0.569	0.041000000000000036
0.763	0.2	0.482	0.42200000000000004
0.105	0.101	0.174	-0.032500000000000015
0.152	0.14	0.017	0.07349999999999998
-0.991	-0.883	-0.705	-0.19699999999999995
0.942	0.665	0.342	0.4384999999999999
0.363	0.174	0.136	0.208
0.431	0.246	-0.081	0.34850000000000003
0.726	0.413	0.085	0.477
0.441	0.46	-0.1	0.261
-0.154	-0.577	-0.694	0.48149999999999993
-0.008	0.111	0.544	-0.3355
0.908	0.07	0.451	0.6475
0.531	0.302	0.531	0.11450000000000005
-0.247	-0.214	-0.203	-0.03849999999999998
-0.445	-0.668	-0.513	0.14550000000000002
0.284	0.408	-0.478	0.31899999999999995
0.657	0.361	0.322	0.3155
-0.423	-0.352	-1.101	0.30349999999999994
-0.611	-0.384	-0.144	-0.347
-0.14	-0.419	-0.309	0.22399999999999998
0.225	-0.039	-0.415	0.45199999999999996
0.302	-0.436	-0.398	0.7190000000000001
0.451	0.527	0.864	-0.2445
0.617	0.929	0.852	-0.2735000000000001
0.199	0.004	0.328	0.033
-0.113	-0.599	0.195	0.08899999999999998
0.359	-0.042	0.077	0.34149999999999997
0.085	0.525	0.338	-0.3465
0.77	0.69	0.236	0.30700000000000005
-0.308	-0.316	-0.78	0.24000000000000005
0.149	0.231	-0.226	0.1465
0.27	0.107	0.193	0.12000000000000002
-0.045	-0.287	-0.135	0.16599999999999998
-0.1	0.024	0.213	-0.2185
0.386	-0.054	0.3	0.263
-0.189	-0.115	-0.347	0.04199999999999998
0.749	0.917	0.483	0.049000000000000044
0.667	0.43	0.016	0.44400000000000006
0.866	1.299	0.485	-0.025999999999999912
0.172	-0.04	-0.059	0.22149999999999997
1.316	1.21	0.391	0.5155000000000001
-0.201	-0.185	-0.204	-0.006500000000000006
-1.076	-0.944	-1.0	-0.10400000000000009
-0.338	0.034	0.109	-0.40950000000000003
0.565	0.013	-0.162	0.6395
0.854	0.327	0.163	0.609
-0.387	-0.489	0.463	-0.374
-0.18	0.224	0.055	-0.3195
0.829	0.518	0.089	0.5255
0.387	0.811	0.661	-0.349
0.268	-0.124	-0.801	0.7305
0.066	-0.147	-0.038	0.1585
1.496	1.289	0.046	0.8285
0.266	-0.168	0.74	-0.019999999999999962
0.124	-0.002	0.37	-0.06
0.049	0.228	0.034	-0.082
-0.105	0.152	0.062	-0.212
0.112	0.071	-0.154	0.1535
0.477	0.322	-0.396	0.514
0.777	0.682	0.47	0.20099999999999996
-0.337	-0.663	-0.692	0.34049999999999997
0.26	0.181	-0.085	0.21200000000000002
0.695	0.507	0.56	0.16149999999999987
0.192	0.287	-0.097	0.09700000000000002
-0.076	-0.46	-0.473	0.3905
-0.571	-0.364	-0.545	-0.11649999999999994
-0.269	0.222	-0.035	-0.36250000000000004
0.216	0.706	0.597	-0.4355
0.794	0.42	0.688	0.2400000000000001
0.771	0.769	0.483	0.14500000000000002
0.07	-0.06	0.039	0.0805
1.016	1.309	1.484	-0.38050000000000006
0.862	0.751	1.219	-0.12300000000000011
-0.61	-0.55	-0.072	-0.299
-0.072	0.04	-0.125	-0.0295
0.695	0.599	0.552	0.11949999999999994
1.267	1.117	0.615	0.4009999999999999
-0.28	0.17	0.695	-0.7125
-0.382	-0.351	-0.227	-0.09300000000000003
-0.218	0.013	-0.319	-0.065
-0.135	-0.313	-0.799	0.42100000000000004
-0.401	-0.541	0.1	-0.1805
-0.295	-0.3	-0.194	-0.04799999999999999
-0.129	0.299	0.462	-0.5095000000000001
0.18	-0.267	0.324	0.1515
-1.298	-0.967	-0.526	-0.5515000000000001
-1.487	-1.151	-0.858	-0.48250000000000015
-0.386	0.276	0.113	-0.5805
-0.293	-0.294	-0.204	-0.043999999999999984
-0.416	-0.171	-0.493	-0.08399999999999996
0.084	-0.242	-0.436	0.423
0.413	0.314	0.567	-0.027500000000000024
0.283	-0.183	-0.141	0.44499999999999995
0.56	0.241	-0.254	0.5665
0.499	0.677	0.582	-0.13049999999999995
0.519	0.221	0.142	0.3375
-0.11	0.113	0.27	-0.3015
-0.394	-0.157	-0.488	-0.07150000000000001
-0.355	-0.722	-0.68	0.3460000000000001
0.595	0.42	0.327	0.22149999999999997
-0.446	-0.491	0.108	-0.2545
-0.301	-0.303	0.124	-0.2115
0.344	0.248	0.619	-0.08950000000000002
-0.248	-0.824	-0.359	0.3434999999999999
0.039	-0.176	-0.741	0.4975
0.301	0.026	0.268	0.15399999999999997
0.682	0.338	0.351	0.3375
0.621	0.154	0.866	0.11099999999999999
1.247	1.397	0.457	0.32000000000000006
1.388	1.339	1.255	0.09099999999999997
1.333	1.416	1.403	-0.07650000000000001
-0.074	-0.495	-0.267	0.307
0.466	0.565	0.137	0.11500000000000005
0.516	0.52	0.515	-0.0015000000000000568
-0.151	0.252	-0.062	-0.246
0.184	0.151	0.435	-0.10899999999999999
-0.247	-0.521	-0.176	0.10150000000000003
0.453	0.156	-0.451	0.6005
0.366	0.468	0.057	0.10349999999999998
1.38	1.338	0.538	0.44199999999999984
0.038	-0.376	-0.085	0.2685
-0.058	-0.48	-0.475	0.4195
0.117	0.025	-0.226	0.21750000000000003
0.59	0.303	0.012	0.4325
0.07	0.157	0.294	-0.15549999999999997
0.549	0.147	0.073	0.43900000000000006
-0.475	-1.001	-0.556	0.3035
0.047	0.173	0.297	-0.188
0.269	0.146	0.278	0.056999999999999995
0.199	0.022	0.929	-0.2765
0.992	0.687	0.217	0.54
1.182	1.311	0.663	0.19499999999999995
0.128	0.291	0.244	-0.13949999999999996
0.612	0.427	0.258	0.26949999999999996
0.137	0.453	0.507	-0.34299999999999997
-0.593	-0.787	0.232	-0.31549999999999995
-0.142	-0.212	-0.357	0.1425
-0.056	-0.346	-0.133	0.1835
0.617	0.719	-0.302	0.4085
1.239	0.724	0.191	0.7815000000000001
-0.557	-0.005	-0.013	-0.548
-0.444	-0.155	0.058	-0.3955
0.913	0.427	0.37	0.5145000000000001
-0.327	-0.117	0.054	-0.2955
0.306	0.067	-0.128	0.3365
0.612	0.199	-0.179	0.602
0.469	0.293	0.167	0.239
1.23	0.496	0.182	0.891
0.724	0.949	1.246	-0.37349999999999994
-0.65	-0.625	0.082	-0.3785
0.41	0.293	-0.198	0.3625
-0.238	0.385	0.27	-0.5655
0.704	0.464	0.091	0.42649999999999993
0.308	0.226	0.12	0.135
0.298	0.257	0.26	0.03949999999999998
0.499	0.513	0.256	0.11449999999999999
0.405	0.57	0.427	-0.09349999999999992
0.64	0.162	0.386	0.366
-0.226	-0.133	-0.457	0.06900000000000003
0.164	-0.08	0.18	0.11400000000000002
-0.716	-0.923	-0.866	0.1785000000000001
0.366	-0.208	-0.842	0.891
0.372	0.733	0.145	-0.067
0.371	0.506	0.166	0.034999999999999976
-0.403	0.03	0.312	-0.5740000000000001
0.366	-0.072	0.368	0.218
0.434	0.309	0.233	0.16299999999999998
-0.697	-0.362	-0.457	-0.2875
-0.015	0.104	0.459	-0.29650000000000004
0.601	0.56	0.07	0.2859999999999999
1.222	1.279	0.701	0.23199999999999998
0.536	0.413	0.475	0.09200000000000008
0.959	0.419	0.14	0.6795
0.58	0.972	0.419	-0.11550000000000005
0.409	0.478	0.828	-0.24400000000000005
0.108	0.132	0.203	-0.05950000000000001
0.148	0.222	0.017	0.028499999999999998
-0.151	-0.13	0.112	-0.142
0.229	-0.477	0.078	0.4285
-0.819	-0.721	-0.644	-0.13649999999999995
0.108	-0.106	-0.764	0.543
0.273	-0.132	-0.324	0.501
0.432	0.806	0.149	-0.04550000000000004
1.054	0.508	0.663	0.4685
-0.593	-0.946	-0.654	0.20700000000000007
-0.019	0.187	0.005	-0.115
0.177	0.381	-0.38	0.1765
0.255	-0.21	0.333	0.1935
0.383	-0.087	0.232	0.3105
-0.201	-0.364	0.017	-0.027500000000000024
-0.03	0.261	-0.377	0.027999999999999997
1.152	1.076	1.238	-0.0050000000000001155
0.54	0.664	1.087	-0.3354999999999999
1.177	0.917	0.805	0.31600000000000006
-0.424	-0.537	-0.824	0.2565
0.175	1.073	0.458	-0.5905
0.224	0.226	0.275	-0.026499999999999996
0.665	0.817	0.23	0.14150000000000007
1.238	0.766	0.536	0.587
1.595	1.237	0.778	0.5874999999999999
0.744	0.875	1.383	-0.385
0.179	-0.001	0.199	0.07999999999999999
-0.237	-0.553	-0.324	0.2015
0.858	0.634	0.69	0.19600000000000006
0.89	0.806	0.659	0.15749999999999997
-0.021	0.083	-0.262	0.06849999999999999
-0.224	0.012	0.067	-0.2635
0.043	-0.258	-0.284	0.314
-0.074	0.129	-0.268	-0.00449999999999999
0.44	-0.015	0.115	0.39
0.22	0.436	0.689	-0.3425
0.725	0.347	0.37	0.3665
0.752	0.228	0.014	0.631
0.302	-0.22	0.083	0.3705
0.411	0.432	-0.042	0.21599999999999997
0.586	1.351	0.846	-0.5125000000000001
-0.242	0.224	0.859	-0.7835
-0.365	-0.182	-0.432	-0.057999999999999996
0.267	0.014	-0.058	0.28900000000000003
0.87	0.205	0.121	0.7070000000000001
1.884	1.127	0.094	1.2734999999999999
0.54	0.476	0.686	-0.040999999999999925
0.072	0.303	0.405	-0.282
0.653	0.21	0.294	0.401
0.018	-0.163	-0.133	0.166
-0.376	0.129	-0.058	-0.4115
-0.048	-0.266	0.175	-0.0024999999999999883
0.349	0.244	-0.034	0.244
0.522	0.225	0.0	0.40950000000000003
-0.801	-0.474	-0.364	-0.38200000000000006
-0.1	-0.57	-0.419	0.39449999999999996
0.179	0.104	-0.207	0.23049999999999998
-0.174	-0.053	-0.31	0.007500000000000007
-0.265	-0.283	-0.408	0.08049999999999996
0.064	-0.296	-0.043	0.23349999999999999
0.876	0.785	0.34	0.3135
-0.74	-0.665	-0.46	-0.1775
0.022	-0.247	-0.69	0.4905
0.378	0.048	-0.492	0.6
-0.668	-0.18	-0.253	-0.4515
-0.172	0.289	-0.262	-0.18549999999999997
-0.338	-0.351	-0.029	-0.14800000000000002
-0.392	-0.182	0.338	-0.47000000000000003
0.712	0.695	0.415	0.15700000000000003
0.641	0.765	0.481	0.018000000000000016
1.378	1.967	1.076	-0.14350000000000018
-0.65	-0.962	-0.54	0.10099999999999998
0.653	0.255	0.601	0.22500000000000003
-0.123	0.341	0.98	-0.7835
1.136	0.98	0.832	0.22999999999999998
0.077	0.04	-0.267	0.1905
-0.057	-0.24	-0.176	0.151
-0.457	-0.272	-0.24	-0.201
0.024	-0.237	-0.19	0.2375
0.044	0.247	0.034	-0.09650000000000002
0.044	-0.051	0.543	-0.202
0.548	0.464	-0.011	0.3215
0.078	-0.196	-0.383	0.3675
-0.164	0.075	-0.025	-0.189
0.271	0.075	0.168	0.14950000000000002
0.467	0.148	0.274	0.256
0.197	0.349	0.484	-0.21949999999999997
0.813	0.742	0.038	0.42299999999999993
1.035	1.241	0.973	-0.07200000000000006
-0.486	-0.621	-0.445	0.04700000000000004
-0.503	-0.631	-0.512	0.0685
-0.487	-0.418	-0.466	-0.044999999999999984
-0.352	-0.245	-0.434	-0.012499999999999956
-0.215	-0.049	-0.251	-0.065
0.133	-0.434	0.171	0.2645
0.961	0.293	-0.109	0.869
0.473	-0.056	0.853	0.07450000000000001
-0.186	0.299	0.285	-0.478
0.148	0.1	0.201	-0.00250000000000003
0.936	0.583	0.13	0.5795000000000001
1.272	0.825	0.359	0.68
0.524	0.879	1.37	-0.6005
0.926	0.519	1.364	-0.015499999999999958
0.256	0.204	0.121	0.09350000000000003
0.199	-0.091	-0.154	0.3215
-0.172	-0.115	-0.013	-0.10799999999999998
0.374	0.501	0.18	0.033499999999999974
1.292	1.154	0.726	0.3520000000000001
0.791	0.841	1.161	-0.20999999999999985
0.047	-0.597	0.164	0.26349999999999996
0.529	0.601	0.724	-0.13349999999999995
0.036	0.411	0.847	-0.593
0.163	-0.016	-0.181	0.2615
-0.0	0.194	0.044	-0.119
1.296	1.449	0.765	0.18900000000000006
0.051	0.309	-0.194	-0.006499999999999999
-0.001	0.25	0.204	-0.22799999999999998
0.324	0.029	0.294	0.1625
-0.005	0.458	0.149	-0.3085
-0.892	-0.762	-0.88	-0.07100000000000006
-0.107	0.012	-0.387	0.0805
0.696	0.393	0.663	0.16799999999999993
-0.123	0.178	0.834	-0.629
0.453	-0.046	-0.014	0.483
0.372	0.416	0.242	0.04300000000000004
0.488	0.371	0.409	0.09799999999999998
0.767	0.38	0.573	0.29050000000000004
0.464	0.351	0.322	0.1275
0.005	-0.491	-0.13	0.3155
0.087	-0.126	-0.278	0.28900000000000003
0.6	0.792	0.739	-0.1655000000000001
-0.031	-0.046	0.343	-0.17950000000000002
0.31	0.404	0.025	0.09549999999999997
0.988	0.99	0.669	0.15849999999999997
0.006	-0.39	-0.192	0.29700000000000004
0.233	-0.047	-0.449	0.481
-0.264	-0.366	-0.83	0.33399999999999996
0.246	0.192	-0.12	0.21
1.063	1.144	0.345	0.3185
-0.712	-0.684	-0.566	-0.08699999999999997
-0.549	-0.629	-0.754	0.14249999999999996
-0.187	-0.622	-0.806	0.5269999999999999
0.031	0.054	-0.789	0.39849999999999997
0.162	0.466	0.064	-0.10300000000000001
0.605	0.364	0.101	0.3725
0.456	0.182	0.282	0.22400000000000003
0.665	0.615	0.188	0.26350000000000007
0.432	0.947	0.617	-0.35000000000000003
1.133	1.209	0.788	0.13449999999999995
-0.607	-0.354	-0.075	-0.39249999999999996
-0.23	-0.146	-0.295	-0.009500000000000036
-0.323	-0.349	-0.436	0.06949999999999995
-0.622	-0.525	-0.538	-0.09049999999999991
-0.197	-0.238	-0.535	0.1895
0.655	0.267	0.177	0.43300000000000005
0.792	0.747	-0.023	0.43000000000000005
-0.071	-0.311	-0.471	0.32
0.253	-0.28	-0.458	0.622
-0.158	-0.325	0.007	0.0010000000000000009
-0.436	-0.74	-0.138	0.0030000000000000027
-0.128	0.102	-0.504	0.07300000000000001
0.386	-0.03	-0.224	0.513
0.898	0.619	0.289	0.44400000000000006
0.774	1.451	0.756	-0.3294999999999999
-0.797	-0.751	-0.051	-0.396
-0.138	0.113	0.226	-0.3075
0.665	0.416	0.031	0.44150000000000006
-0.41	-0.093	-0.062	-0.33249999999999996
0.104	0.108	-0.188	0.144
0.154	0.178	-0.153	0.14150000000000001
0.936	0.814	0.142	0.4580000000000001
0.483	0.313	0.136	0.25849999999999995
-0.062	0.271	0.323	-0.35900000000000004
-0.587	-0.079	0.123	-0.609
0.748	0.604	0.495	0.1985
0.139	-0.293	-0.103	0.33699999999999997
0.17	-0.031	0.229	0.07100000000000001
-0.54	-0.288	-0.028	-0.382
0.002	-1.007	-0.258	0.6345
0.267	0.441	0.52	-0.21350000000000002
-0.014	-0.281	0.481	-0.11399999999999998
0.301	-0.126	-0.146	0.437
0.57	0.636	-0.103	0.30349999999999994
-1.08	-1.309	-0.926	0.03749999999999987
-0.276	-0.27	-0.07	-0.10600000000000001
0.421	-0.127	-0.165	0.567
0.812	0.879	-0.151	0.44800000000000006
0.523	0.39	0.454	0.10099999999999998
0.644	0.733	0.553	0.0010000000000000009
-0.203	-0.225	0.011	-0.09600000000000002
0.255	-0.403	0.058	0.4275
0.588	0.441	-0.2	0.46749999999999997
0.634	0.354	0.664	0.125
0.613	0.378	0.336	0.256
0.797	0.533	0.289	0.386
1.278	1.108	0.516	0.46599999999999997
-0.107	-0.221	-0.748	0.3775
-0.509	-0.272	-0.003	-0.3715
0.479	0.411	0.351	0.09799999999999998
0.943	0.489	0.34	0.5285
1.465	1.591	0.599	0.3700000000000001
1.326	1.516	1.184	-0.02400000000000002
-0.204	0.349	0.236	-0.49649999999999994
0.946	0.829	1.094	-0.01550000000000007
1.089	1.076	0.877	0.11249999999999993
0.552	0.79	1.08	-0.383
-0.527	-0.392	-0.328	-0.16700000000000004
-0.003	0.021	-0.437	0.205
0.59	0.345	0.557	0.13899999999999996
0.118	0.36	0.522	-0.323
0.746	0.423	0.518	0.27549999999999997
-0.668	-0.956	-0.366	-0.007000000000000006
0.542	0.256	-0.087	0.4575
0.186	0.561	0.577	-0.38299999999999995
-0.029	-0.22	0.053	0.05450000000000001
-0.228	-0.481	-0.779	0.402
0.352	0.282	0.294	0.064
0.988	0.559	0.554	0.4315
1.429	0.952	0.56	0.673
0.7	0.723	0.978	-0.15050000000000008
0.393	0.437	0.241	0.05400000000000005
0.659	0.753	0.6	-0.01749999999999996
1.126	0.565	0.633	0.5269999999999999
0.505	0.813	0.654	-0.22850000000000004
0.8	1.462	0.712	-0.2869999999999999
-0.098	-0.41	-0.581	0.39749999999999996
-0.134	-0.137	-0.229	0.04899999999999999
0.402	-0.212	-0.208	0.612
0.706	0.658	0.838	-0.04200000000000004
0.941	1.088	0.84	-0.02300000000000002
0.995	0.946	1.18	-0.06799999999999995
1.354	1.24	1.175	0.14650000000000007
1.564	1.325	1.253	0.27500000000000013
0.785	0.557	0.275	0.369
-0.05	-0.575	-0.582	0.5285
-0.083	-0.594	-0.786	0.607
0.53	0.081	0.047	0.466
0.428	0.431	0.355	0.034999999999999976
-0.549	-0.049	-0.029	-0.51
-0.44	-0.039	-0.149	-0.346
0.23	0.689	-0.231	0.0010000000000000286
0.952	0.911	0.305	0.344
0.752	0.682	0.917	-0.0475000000000001
-0.351	-0.255	-0.525	0.039000000000000035
0.264	-0.214	0.367	0.1875
0.297	0.171	0.044	0.18949999999999997
0.518	0.182	-0.092	0.47300000000000003
0.667	0.476	0.883	-0.012499999999999956
1.107	0.951	0.546	0.35850000000000004
-0.072	-0.265	0.178	-0.028499999999999984
-0.407	-0.35	-0.987	0.2615
-0.43	-0.504	-0.536	0.09000000000000002
0.8	0.574	0.528	0.2490000000000001
1.266	0.824	0.636	0.536
1.439	1.355	0.728	0.39749999999999996
-0.153	-0.697	-0.491	0.44099999999999995
0.823	0.975	0.982	-0.15549999999999997
1.091	0.913	1.025	0.122
1.601	1.038	0.904	0.6299999999999999
1.206	1.325	0.924	0.0814999999999999
1.041	1.107	1.237	-0.13100000000000023
0.428	0.415	0.413	0.014000000000000012
0.48	0.236	0.676	0.023999999999999966
0.898	1.415	0.499	-0.05900000000000005
-0.472	-0.231	-0.534	-0.08949999999999997
-0.522	-0.284	-0.511	-0.12450000000000006
-0.397	-0.673	-0.456	0.16749999999999998
0.311	0.11	-0.626	0.569
-0.267	-0.385	-0.059	-0.04500000000000001
0.982	0.421	0.119	0.712
-0.621	-0.626	-0.547	-0.034499999999999975
0.422	0.026	-0.355	0.5865
0.444	1.106	0.199	-0.20850000000000007
-0.184	0.002	0.491	-0.4305
0.767	0.701	0.446	0.1935
0.153	0.069	0.049	0.094
0.527	0.513	0.082	0.22950000000000004
0.686	0.514	0.273	0.29250000000000004
0.61	0.466	0.963	-0.10450000000000004
-0.278	-0.939	-0.881	0.6319999999999999
0.229	0.034	-0.689	0.5565
1.137	0.376	-0.279	1.0885
0.362	0.211	0.476	0.018500000000000016
-0.486	-0.063	0.282	-0.5954999999999999
0.375	-0.418	0.262	0.45299999999999996
-0.254	0.226	0.148	-0.441
-0.18	0.092	0.052	-0.252
0.648	0.285	-0.339	0.675
0.769	0.694	-0.04	0.44200000000000006
-0.388	-0.097	0.595	-0.637
0.181	0.296	0.223	-0.07850000000000001
0.309	0.407	0.381	-0.08500000000000002
0.428	0.618	1.06	-0.411
-0.277	-0.118	-0.254	-0.09100000000000003
0.924	1.309	1.116	-0.28849999999999987
-0.378	0.033	0.228	-0.5085
0.445	0.222	-0.16	0.41400000000000003
-0.324	0.154	0.247	-0.5245
0.598	1.022	0.482	-0.15400000000000003
0.641	0.85	0.863	-0.21550000000000002
-0.027	0.204	-0.116	-0.071
0.848	0.565	0.683	0.22399999999999998
0.241	0.341	0.238	-0.04849999999999999
0.066	0.281	0.35	-0.2495
-0.289	-0.577	-0.596	0.29750000000000004
0.211	0.092	-0.01	0.16999999999999998
0.604	0.33	0.122	0.378
-0.58	-0.398	-0.036	-0.363
0.417	0.255	0.448	0.06549999999999995
0.453	0.709	0.427	-0.11499999999999994
1.164	0.557	0.657	0.5569999999999999
0.014	-0.166	0.008	0.093
0.269	0.041	0.05	0.22350000000000003
-0.395	0.175	0.116	-0.5405
-0.153	-0.396	-0.314	0.20199999999999999
-0.149	-0.086	-0.07	-0.071
0.03	-0.191	0.366	-0.057499999999999996
0.249	0.624	0.608	-0.367
0.22	0.863	0.462	-0.4425
0.576	0.338	0.4	0.20699999999999996
-0.013	-0.171	-0.824	0.4845
0.406	0.499	0.096	0.10850000000000004
-0.351	-0.082	-0.141	-0.2395
0.657	-0.005	-0.117	0.7180000000000001
0.34	0.229	0.716	-0.13249999999999995
0.035	-0.579	-0.406	0.5275
0.484	1.056	1.181	-0.6345000000000001
0.578	0.15	0.24	0.38299999999999995
-0.431	-0.576	-0.608	0.16099999999999998
0.065	-0.234	-0.647	0.5055000000000001
0.744	-0.142	-0.481	1.0554999999999999
0.325	0.245	0.338	0.03350000000000003
-0.218	-0.516	0.329	-0.1245
0.659	-0.228	-0.076	0.811
0.062	-0.282	-0.008	0.207
0.731	0.231	0.436	0.39749999999999996
0.615	0.235	-0.063	0.529
0.747	0.447	-0.073	0.56
-0.371	-0.3	-0.644	0.10099999999999998
0.306	0.039	-0.275	0.424
-0.021	0.069	0.321	-0.216
0.173	0.321	0.554	-0.2645
0.709	0.338	0.183	0.44849999999999995
0.124	0.084	-0.225	0.1945
0.703	0.098	0.466	0.42099999999999993
0.61	0.014	-0.084	0.645
-0.334	-0.692	-0.194	0.10899999999999993
0.064	-0.627	0.414	0.1705
0.218	0.253	0.576	-0.19649999999999998
0.155	0.203	-0.073	0.09
0.009	-0.304	-0.774	0.548
-0.127	-0.197	-0.016	-0.02049999999999999
0.283	-0.296	-0.007	0.4345
-0.392	-0.843	-0.556	0.3075
-0.012	-0.209	-0.928	0.5565
0.231	0.099	-0.053	0.20800000000000002
0.793	0.292	-0.048	0.671
0.118	0.178	1.066	-0.504
-0.009	0.106	0.161	-0.14250000000000002
-0.985	-1.031	-0.171	-0.384
-0.452	-1.035	-0.441	0.286
0.367	-0.644	-0.854	1.116
0.507	0.54	0.169	0.15249999999999997
0.479	0.278	0.518	0.08099999999999996
-0.174	0.139	-0.255	-0.11599999999999999
-0.233	-0.323	-0.607	0.23199999999999996
0.17	-0.186	-0.686	0.6060000000000001
1.27	0.445	-0.361	1.228
1.407	1.099	-0.067	0.891
0.607	0.644	0.249	0.16049999999999998
0.977	0.695	0.604	0.3275
0.772	0.867	0.744	-0.033499999999999974
0.11	-0.196	-0.243	0.3295
0.367	0.418	-0.189	0.2525
0.405	0.012	0.038	0.38
0.404	0.015	0.407	0.19300000000000003
0.241	0.424	0.184	-0.063
0.859	0.546	0.351	0.4105
-0.569	-0.759	-0.48	0.05049999999999999
0.566	0.798	0.627	-0.14650000000000007
0.956	0.943	0.734	0.11749999999999994
1.019	1.056	0.77	0.10599999999999987
0.422	0.451	-0.062	0.22749999999999998
0.704	0.912	1.009	-0.25649999999999995
-0.223	-0.009	-0.13	-0.1535
0.349	0.015	-0.071	0.377
-0.199	-0.836	-0.764	0.601
-0.314	0.054	-0.824	0.07099999999999995
0.663	-0.058	-0.128	0.756
-0.307	-0.32	-0.387	0.04650000000000004
0.819	0.505	0.225	0.45399999999999996
0.173	0.61	0.63	-0.447
0.236	0.113	0.321	0.01899999999999999
0.873	0.21	0.262	0.637
0.555	0.793	0.165	0.07600000000000001
0.393	0.452	0.838	-0.252
0.11	-0.024	0.276	-0.016
0.395	0.485	0.327	-0.01100000000000001
-0.008	0.362	0.463	-0.4205
1.055	0.791	0.27	0.5245
1.042	1.109	1.402	-0.21350000000000002
-0.958	-1.054	-0.999	0.0685
0.065	-0.206	-0.512	0.424
0.62	0.784	0.073	0.1915
1.328	0.683	0.484	0.7445
-0.373	-0.178	-0.131	-0.2185
-0.379	-0.652	-0.16	0.027000000000000024
-0.375	-0.285	0.295	-0.38
0.143	-0.031	-0.087	0.20199999999999999
0.71	0.343	0.29	0.39349999999999996
-0.2	-0.26	-0.205	0.03249999999999997
0.738	0.517	-0.045	0.502
0.307	0.161	-0.156	0.3045
0.033	-0.098	0.308	-0.072
-0.603	-0.837	-0.574	0.10250000000000004
0.172	-0.253	-0.742	0.6695
0.668	0.499	0.555	0.14100000000000001
-0.173	-0.303	-0.186	0.07150000000000001
-0.316	-0.271	-0.235	-0.063
0.046	-0.38	-0.146	0.309
0.732	0.19	-0.225	0.7494999999999999
1.384	0.732	-0.193	1.1145
0.621	1.043	1.324	-0.5625
0.104	0.212	0.222	-0.113
0.197	0.486	0.621	-0.3565
-0.509	-1.022	-0.664	0.33399999999999996
-0.487	-0.688	-0.699	0.20650000000000002
-0.827	-0.757	-0.528	-0.1844999999999999
0.428	-0.251	-0.653	0.88
-0.162	-0.534	0.186	0.01200000000000001
0.513	0.27	0.561	0.09749999999999998
0.969	0.853	0.258	0.4135
-0.039	-0.113	-0.044	0.0395
0.401	-0.276	-0.556	0.8170000000000001
0.128	0.678	0.82	-0.621
0.446	0.464	0.429	-0.0005000000000000004
0.757	0.479	0.445	0.29500000000000004
0.182	0.252	0.163	-0.025500000000000023
-0.276	0.185	0.441	-0.589
0.856	0.566	0.067	0.5395
-0.167	-0.133	-0.584	0.19149999999999998
-1.181	-1.382	-0.919	-0.03049999999999997
0.003	-0.194	-0.407	0.3035
-0.234	0.034	-0.067	-0.21750000000000003
0.871	0.657	-0.099	0.592
0.073	0.155	0.298	-0.15349999999999997
0.393	0.16	-0.529	0.5775
0.609	0.709	0.196	0.15649999999999997
0.811	0.894	0.676	0.026000000000000023
1.769	1.261	0.834	0.7215
-0.487	-0.484	-0.732	0.121
0.262	0.167	0.464	-0.05349999999999999
0.527	0.276	0.662	0.057999999999999996
1.246	1.055	0.304	0.5665
-0.009	-0.167	-0.248	0.1985
0.274	0.64	0.026	-0.059
-0.563	-0.656	-0.592	0.061000000000000054
0.714	0.963	0.331	0.06699999999999995
0.801	0.552	0.863	0.09350000000000003
-0.732	-0.993	-0.682	0.10550000000000004
0.21	-0.31	-0.148	0.43899999999999995
0.494	0.513	-0.046	0.26049999999999995
0.235	0.396	-0.046	0.05999999999999997
0.364	0.339	0.146	0.1215
0.873	1.058	0.467	0.11049999999999993
0.377	0.809	0.986	-0.5205
0.898	0.51	0.957	0.16449999999999998
-0.189	-0.444	-0.23	0.14800000000000002
0.717	0.615	0.629	0.09499999999999997
1.023	0.724	1.106	0.10799999999999987
-0.509	-0.252	-0.231	-0.2675
0.191	0.252	0.246	-0.057999999999999996
-0.065	-0.082	-0.081	0.0165
-0.028	0.329	0.053	-0.219
0.111	0.165	0.01	0.023499999999999993
0.551	0.874	0.688	-0.22999999999999987
0.161	0.629	0.374	-0.3405
0.55	0.856	0.46	-0.10799999999999998
0.03	-0.413	-0.141	0.30699999999999994
-0.378	-0.572	-0.211	0.013499999999999956
0.74	0.132	-0.444	0.896
0.676	0.786	0.592	-0.013000000000000012
-0.12	0.161	0.66	-0.5305
0.836	0.834	0.582	0.128
1.445	0.907	0.689	0.647
1.8	1.503	1.281	0.40800000000000014
1.895	1.765	1.404	0.3105000000000002
1.76	1.752	1.562	0.10299999999999998
-0.74	-0.48	-0.2	-0.4
-0.324	-0.661	-0.367	0.19
0.476	0.035	0.472	0.22249999999999998
-0.57	-0.572	-0.331	-0.11849999999999994
0.07	0.032	0.215	-0.05349999999999999
-0.681	-0.202	0.052	-0.6060000000000001
0.579	0.433	-0.353	0.5389999999999999
-0.177	-0.01	0.227	-0.2855
-0.009	0.369	-0.068	-0.1595
0.388	0.025	0.113	0.319
-0.221	-0.387	-0.206	0.07549999999999998
0.727	0.566	0.575	0.15649999999999997
0.709	1.024	0.561	-0.08350000000000002
0.897	0.93	0.728	0.06800000000000006
1.359	1.49	0.766	0.23099999999999987
-0.375	-0.362	0.014	-0.201
0.881	0.033	-0.463	1.096
-0.662	-0.75	-0.511	-0.03149999999999997
0.791	0.525	0.149	0.454
0.073	-0.267	0.151	0.131
0.26	0.322	-0.007	0.10250000000000001
0.163	-0.158	-0.241	0.36250000000000004
0.199	0.023	0.18	0.09750000000000002
0.377	0.327	0.488	-0.03049999999999997
0.986	0.573	0.285	0.557
-1.089	-0.917	-0.815	-0.22299999999999998
0.433	0.591	0.242	0.016500000000000015
-0.31	-0.127	0.035	-0.264
0.07	-0.196	0.012	0.162
-0.655	-0.451	-0.324	-0.2675
-0.046	-0.476	-0.379	0.3815
0.905	0.191	-0.531	1.075
-0.18	-0.324	-0.251	0.10749999999999998
0.272	-0.23	0.194	0.29000000000000004
0.081	0.125	0.022	0.007500000000000007
0.562	0.577	0.554	-0.0034999999999999476
0.026	-0.069	0.328	-0.10350000000000001
0.39	0.703	0.769	-0.346
0.47	0.092	-0.358	0.603
0.487	-0.06	-0.092	0.563
-0.173	-0.698	-0.85	0.601
0.481	0.414	0.055	0.2465
0.086	-0.317	0.198	0.1455
-0.539	-0.438	-0.701	0.03049999999999997
-0.381	-0.232	0.615	-0.5725
-0.167	-0.18	0.34	-0.24700000000000003
0.169	0.12	-0.167	0.1925
0.595	0.127	-0.095	0.579
1.789	1.763	0.43	0.6924999999999999
-0.528	-0.494	-0.51	-0.026000000000000023
1.408	1.44	1.105	0.13549999999999995
-0.811	-0.544	-0.437	-0.3205
0.79	0.655	-0.002	0.4635
0.107	-0.041	-0.675	0.465
-0.681	-0.554	-0.321	-0.24350000000000005
0.171	0.182	-0.286	0.223
0.062	0.55	0.155	-0.29050000000000004
0.581	0.286	0.33	0.27299999999999996
0.283	0.945	0.384	-0.3815
0.504	-0.437	-0.379	0.912
0.62	1.005	0.8	-0.2825
0.183	-0.174	-0.049	0.2945
-0.355	-0.52	-0.297	0.05349999999999999
-0.207	0.141	-0.458	-0.04849999999999996
0.763	0.576	0.038	0.456
0.948	0.93	0.705	0.13049999999999995
-0.55	-0.152	0.444	-0.6960000000000001
0.34	0.239	0.759	-0.15899999999999997
0.246	-0.06	-0.358	0.45499999999999996
0.194	0.015	-0.25	0.3115
0.083	0.148	0.019	-0.0004999999999999866
0.515	0.418	0.466	0.07300000000000001
1.013	0.652	0.372	0.5009999999999999
1.007	0.706	1.004	0.1519999999999999
0.351	0.243	0.04	0.2095
-0.133	0.257	0.376	-0.4495
-0.329	-0.166	-0.254	-0.119
0.755	0.0	0.114	0.698
0.79	0.728	1.121	-0.13449999999999995
-0.478	-0.592	-0.197	-0.08350000000000002
0.425	0.2	-0.261	0.4555
0.62	1.127	0.301	-0.09399999999999997
-0.224	-0.088	-0.003	-0.1785
0.136	0.266	0.108	-0.05099999999999999
0.19	0.164	0.16	0.027999999999999997
0.528	0.358	0.139	0.2795
0.98	0.627	0.173	0.58
-0.463	-0.873	-0.597	0.27199999999999996
0.203	0.539	0.937	-0.5349999999999999
0.343	0.037	0.373	0.13800000000000004
0.562	0.154	0.363	0.30350000000000005
0.956	0.604	0.116	0.596
-0.457	-0.466	-0.11	-0.16899999999999998
0.097	0.224	-0.43	0.2
0.816	0.543	0.182	0.4534999999999999
0.23	0.038	0.462	-0.01999999999999999
0.219	0.252	0.506	-0.16
0.022	0.101	0.162	-0.10950000000000001
0.256	-0.05	0.122	0.22
0.664	0.171	0.013	0.5720000000000001
0.781	0.773	0.887	-0.049000000000000044
0.347	0.911	0.825	-0.521
1.254	0.57	0.917	0.5105
1.095	1.194	0.709	0.14349999999999996
0.177	-0.641	-0.722	0.8585
0.23	0.52	-0.247	0.0935
-0.427	-0.342	-0.58	0.033999999999999975
0.378	0.142	-0.303	0.4585
1.006	1.003	0.142	0.4335000000000001
-0.067	-0.159	-0.234	0.1295
-0.203	-0.106	-0.348	0.023999999999999966
0.143	-0.125	-0.17	0.2905
0.726	0.321	-0.234	0.6825
-0.654	-0.331	-0.379	-0.29900000000000004
-0.167	-0.584	-0.326	0.2879999999999999
0.249	0.202	0.344	-0.02400000000000002
-0.905	-1.108	-0.697	-0.0024999999999999467
0.054	0.254	-0.053	-0.04650000000000001
0.132	0.236	0.45	-0.21099999999999997
1.037	0.421	0.495	0.579
0.459	0.241	0.492	0.09250000000000003
1.439	1.273	1.0	0.3025000000000002
0.668	0.871	0.957	-0.24599999999999989
0.505	-0.091	0.067	0.517
0.38	0.531	0.016	0.10649999999999998
0.692	0.732	0.014	0.31899999999999995
1.139	0.831	0.629	0.40900000000000003
0.248	0.115	-0.06	0.2205
-0.098	0.152	0.213	-0.28049999999999997
0.856	0.465	0.069	0.589
0.48	1.008	0.531	-0.2895000000000001
0.82	0.636	0.935	0.034499999999999864
0.511	0.49	0.772	-0.12
0.812	0.7	0.761	0.08150000000000013
0.602	0.437	0.061	0.353
0.274	0.249	0.537	-0.119
0.449	0.271	0.089	0.269
0.975	0.752	0.748	0.22499999999999998
-0.265	-0.322	-0.344	0.06799999999999995
-0.028	0.38	0.038	-0.237
-0.526	-0.622	-0.851	0.2104999999999999
0.732	0.567	0.19	0.35350000000000004
0.238	-0.057	0.388	0.07249999999999998
0.052	-0.336	-0.43	0.435
0.121	0.357	0.036	-0.07549999999999998
-0.023	0.439	0.309	-0.397
0.04	0.133	0.231	-0.142
-0.746	-0.768	-0.695	-0.014499999999999957
0.455	0.627	0.213	0.03500000000000003
1.075	0.641	0.569	0.47
0.468	0.388	0.725	-0.08849999999999997
0.513	0.924	0.66	-0.279
0.305	-0.112	-0.158	0.44
0.867	0.677	0.108	0.4745
-0.551	-0.885	-0.907	0.345
-0.688	-0.701	0.019	-0.347
-0.138	-0.329	-0.451	0.252
0.228	0.355	-0.265	0.18300000000000002
0.792	0.433	0.207	0.47200000000000003
0.907	0.71	0.331	0.38650000000000007
-0.236	-0.423	-0.343	0.14700000000000002
0.305	0.096	0.192	0.16099999999999998
1.017	0.724	1.181	0.06449999999999989
-0.166	-0.194	-0.027	-0.05550000000000001
0.606	-0.268	-0.351	0.9155
-0.166	0.232	-0.241	-0.16150000000000003
0.147	0.413	0.976	-0.5475
0.212	0.163	0.006	0.1275
0.905	0.265	0.21	0.6675
0.179	0.394	0.733	-0.3845
0.61	0.555	0.444	0.11049999999999993
-0.403	-0.172	-0.214	-0.21000000000000002
0.129	-0.269	-0.746	0.6365000000000001
0.889	0.596	-0.276	0.7290000000000001
1.545	0.809	0.809	0.7359999999999999
0.479	0.574	-0.551	0.4675
0.422	1.007	0.694	-0.42849999999999994
0.742	0.611	0.873	0.0
0.745	0.878	0.776	-0.08199999999999996
-0.702	-0.583	-0.053	-0.38399999999999995
-0.557	-0.442	-0.494	-0.08900000000000008
-0.046	-0.058	-0.346	0.15599999999999997
0.307	-0.062	-0.23	0.453
0.773	0.359	-0.111	0.649
1.113	0.587	0.178	0.7305
1.484	1.151	0.507	0.655
0.871	1.101	1.475	-0.41700000000000004
0.669	1.156	1.035	-0.4264999999999999
-0.032	0.131	0.252	-0.2235
-0.008	0.086	-0.102	0.0
-0.093	-0.087	-0.155	0.027999999999999997
-0.439	-0.443	-0.311	-0.062
0.091	-0.435	-0.478	0.5475
0.118	0.14	-0.233	0.16449999999999998
0.007	-0.097	-0.176	0.14350000000000002
0.268	0.42	0.226	-0.05499999999999999
0.169	0.417	0.314	-0.19649999999999998
-0.482	-0.82	-0.965	0.4105
-0.152	-0.043	-0.206	-0.027499999999999997
1.15	0.772	0.554	0.4869999999999999
-0.197	-0.414	0.413	-0.1965
-0.56	-0.459	-0.429	-0.11600000000000005
0.323	-0.506	-0.397	0.7745
0.573	-0.171	-0.347	0.832
-0.504	-0.508	0.071	-0.2855
0.159	0.138	-0.202	0.191
0.736	0.504	0.455	0.25649999999999995
-0.98	-0.577	-0.59	-0.3965000000000001
0.079	0.318	0.272	-0.21600000000000003
0.649	0.408	0.369	0.26050000000000006
0.364	0.34	1.114	-0.3630000000000001
0.447	0.342	0.321	0.11549999999999999
0.659	0.631	0.567	0.06000000000000005
0.257	-0.193	-0.088	0.3975
0.06	0.13	0.138	-0.07400000000000001
-0.455	-0.744	-0.781	0.30749999999999994
0.075	-0.168	0.099	0.1095
0.245	0.281	0.359	-0.07500000000000001
0.817	0.671	0.41	0.27649999999999997
-0.309	0.028	0.128	-0.387
0.161	0.27	0.059	-0.003500000000000003
-0.039	-0.082	-0.558	0.281
-0.244	-0.148	0.155	-0.2475
0.7	-0.074	-0.092	0.7829999999999999
0.408	0.663	-0.163	0.15799999999999997
-0.328	-0.025	0.495	-0.563
0.603	0.336	0.328	0.27099999999999996
0.392	-0.149	-0.358	0.6455
-0.904	-0.896	-0.878	-0.017000000000000015
-0.779	-0.429	-0.12	-0.5045000000000001
0.233	0.401	-0.617	0.34099999999999997
0.68	0.618	0.212	0.26500000000000007
0.867	0.665	0.381	0.344
1.012	1.173	0.65	0.10050000000000003
0.032	-0.403	-0.181	0.32400000000000007
-0.509	-0.735	-0.448	0.08250000000000002
0.016	0.413	-0.581	0.09999999999999999
0.59	0.526	0.287	0.1835
-0.435	-0.503	-0.529	0.08100000000000002
0.648	0.545	0.478	0.13649999999999995
1.043	0.603	0.471	0.506
0.072	-0.436	-0.283	0.4315
0.815	0.531	0.05	0.5245
1.198	0.812	0.434	0.575
1.255	1.115	0.62	0.38749999999999996
1.752	1.686	1.161	0.3285
1.831	1.801	1.594	0.13349999999999995
1.478	1.767	1.803	-0.30699999999999994
-0.27	-0.434	-0.094	-0.006000000000000005
0.341	0.058	-0.405	0.5145000000000001
0.355	0.581	0.367	-0.119
-0.863	-0.672	-0.453	-0.3005
-0.669	-0.673	-0.619	-0.02300000000000002
0.31	0.057	-0.367	0.46499999999999997
0.254	-0.078	-0.008	0.297
0.678	0.345	0.41	0.3005000000000001
0.317	0.439	0.386	-0.09549999999999997
0.665	0.389	0.404	0.2685
-0.303	0.044	-0.12	-0.265
0.527	0.573	0.709	-0.11399999999999999
0.643	0.565	0.652	0.034499999999999975
0.352	0.78	0.796	-0.43600000000000005
0.619	0.559	0.282	0.1985
0.379	0.881	0.723	-0.42300000000000004
0.081	-0.164	-0.095	0.21050000000000002
-0.253	-0.469	-0.373	0.16799999999999998
-0.228	0.205	0.075	-0.368
0.311	0.177	1.025	-0.29
-0.219	-0.342	-0.334	0.11900000000000002
0.341	-0.366	-0.225	0.6365000000000001
1.483	1.051	0.667	0.6240000000000001
0.063	0.059	0.044	0.011500000000000003
0.634	0.613	0.187	0.23399999999999999
1.183	0.717	0.431	0.6090000000000001
0.194	-0.312	-1.263	0.9815
-0.244	0.275	0.289	-0.526
-0.09	-0.114	0.04	-0.05299999999999999
-0.835	-0.421	-0.097	-0.576
-0.341	-0.274	0.234	-0.321
0.067	0.854	0.666	-0.6930000000000001
0.346	0.174	0.202	0.15799999999999997
0.856	0.587	0.206	0.4595
0.262	0.177	0.939	-0.29599999999999993
0.613	0.425	0.532	0.13449999999999995
0.961	0.833	0.505	0.2919999999999999
1.326	0.873	0.594	0.5925
0.228	0.357	-0.073	0.08600000000000002
0.384	0.676	0.419	-0.16349999999999998
-0.404	-0.831	-0.46	0.24149999999999994
0.123	0.054	-0.72	0.45599999999999996
0.024	-0.291	0.1	0.1195
0.555	0.773	1.248	-0.4554999999999999
1.002	1.071	1.045	-0.05599999999999983
0.676	0.572	0.777	0.0015000000000000568
0.094	0.101	-0.085	0.086
0.832	0.324	0.106	0.617
-0.567	-0.733	-0.877	0.238
0.248	0.642	0.41	-0.278
0.395	0.419	0.561	-0.09499999999999997
1.017	0.361	0.474	0.5994999999999999
0.387	0.048	-0.064	0.395
0.069	-0.023	-0.336	0.24850000000000003
-0.755	-0.3	-0.125	-0.5425
-0.134	-0.316	-0.051	0.04949999999999999
-0.413	-0.281	-0.507	-0.01899999999999996
-0.184	-0.192	-0.325	0.07450000000000001
0.237	-0.055	-0.49	0.5095000000000001
0.556	0.263	-0.203	0.526
1.453	1.177	0.51	0.6095
0.171	0.007	0.098	0.11850000000000001
-0.273	-0.479	-0.798	0.36550000000000005
-0.638	-0.004	-0.572	-0.35000000000000003
0.757	0.185	0.022	0.6535
-0.009	-0.557	-0.496	0.5175
0.039	0.16	0.235	-0.1585
0.404	0.555	0.12	0.0665
-0.28	0.126	0.224	-0.455
-0.262	-0.424	-0.052	-0.02400000000000002
0.567	0.05	-0.238	0.6609999999999999
-0.657	-0.452	-0.325	-0.2685
-1.372	-1.568	-1.272	0.04799999999999982
0.415	0.378	0.675	-0.11149999999999999
0.582	0.352	0.799	0.00649999999999995
0.837	0.795	0.484	0.1975
-0.32	0.061	-0.229	-0.236
0.227	0.329	-0.068	0.0965
0.618	0.345	0.007	0.442
0.78	0.873	0.676	0.00550000000000006
0.302	-0.111	-0.066	0.39049999999999996
-0.675	-0.198	-0.525	-0.3135
0.059	0.201	0.231	-0.15700000000000003
-0.319	-0.44	0.015	-0.10650000000000001
0.25	-0.363	-0.202	0.5325
0.8	0.039	-0.342	0.9515
0.121	-0.091	0.05	0.1415
0.357	-0.047	0.002	0.3795
0.199	0.277	-0.087	0.104
0.267	0.226	0.394	-0.04299999999999998
0.28	0.233	-0.164	0.24550000000000002
-0.161	-0.356	-0.535	0.2845
-0.266	-0.271	-0.4	0.0695
-0.488	-0.825	-0.432	0.14049999999999996
0.132	-0.455	-0.59	0.6545
-0.056	0.148	0.398	-0.329
-0.313	-0.367	-0.38	0.0605
1.021	0.98	0.247	0.4075
0.197	0.419	0.344	-0.18449999999999994
1.227	0.553	0.324	0.7885000000000001
1.243	1.213	0.441	0.41600000000000004
-0.807	-0.707	-0.675	-0.11599999999999999
-0.441	-0.33	-0.541	-0.005500000000000005
-0.023	-0.137	-0.261	0.17600000000000002
-0.019	0.145	-0.095	-0.044
-0.035	0.049	-0.128	0.004499999999999997
1.089	0.738	0.269	0.5854999999999999
1.306	0.9	0.377	0.6675
-0.286	-0.213	-0.265	-0.046999999999999986
-0.411	-0.33	-0.627	0.06750000000000006
0.077	-0.28	-0.592	0.513
0.175	0.671	-0.112	-0.10450000000000004
0.417	0.018	0.221	0.2975
0.485	0.057	-0.322	0.6174999999999999
-0.202	-0.283	-0.617	0.24799999999999994
-0.322	-0.434	-0.382	0.08600000000000002
0.321	0.323	0.491	-0.08600000000000002
-0.061	0.006	0.842	-0.485
0.096	0.63	0.104	-0.271
0.483	0.64	0.444	-0.05900000000000005
0.048	0.041	0.162	-0.053500000000000006
0.598	0.821	0.7	-0.16249999999999998
0.328	0.729	0.781	-0.427
0.661	0.462	0.747	0.056499999999999995
0.409	0.336	-0.311	0.39649999999999996
-0.19	-0.346	0.37	-0.202
-0.536	-0.079	0.034	-0.5135000000000001
-0.788	-1.197	-0.818	0.21950000000000003
-0.707	-0.421	-0.564	-0.21450000000000002
-0.917	-0.621	-0.451	-0.381
0.187	-0.062	-0.015	0.2255
-0.164	0.326	0.094	-0.374
0.629	0.095	0.31	0.4265
0.318	1.216	0.332	-0.456
0.396	0.307	0.027	0.229
-0.237	-0.389	0.238	-0.16149999999999998
-0.706	-0.032	-0.108	-0.6359999999999999
-0.355	-0.604	-0.201	0.04749999999999999
0.31	-0.022	0.193	0.22449999999999998
0.605	0.791	0.327	0.04599999999999993
0.348	-0.062	0.01	0.374
0.276	-0.56	-0.083	0.5975
0.322	0.203	0.07	0.1855
0.473	0.579	0.449	-0.041000000000000036
-0.195	-0.322	-0.395	0.16350000000000003
-0.532	-0.534	-0.235	-0.14750000000000002
-0.249	-0.137	0.48	-0.4205
0.185	0.212	0.051	0.05349999999999999
0.678	1.119	0.442	-0.10249999999999992
0.971	1.256	0.972	-0.1429999999999999
-0.113	0.143	-0.709	0.16999999999999998
-0.095	0.112	-0.097	-0.10250000000000001
0.368	0.6	0.552	-0.20800000000000007
0.408	0.215	0.479	0.061
0.898	0.648	0.228	0.46
0.399	0.586	0.734	-0.2609999999999999
0.8	0.954	0.398	0.12400000000000011
-1.046	-1.349	-0.71	-0.01649999999999996
0.578	0.747	0.61	-0.10050000000000003
0.047	0.065	-0.178	0.1035
-0.633	-0.01	0.137	-0.6965
-0.852	-0.894	-0.966	0.07799999999999996
0.352	0.457	-0.115	0.18099999999999997
0.626	0.509	0.74	0.0014999999999999458
0.808	0.826	0.635	0.07750000000000012
1.458	1.377	0.767	0.3859999999999999
0.756	0.494	0.484	0.267
0.038	-0.172	-0.595	0.42149999999999993
0.008	-0.278	0.04	0.127
0.643	0.577	0.494	0.10750000000000004
1.057	0.995	0.599	0.26
-0.319	-0.38	-0.378	0.06
-0.28	-0.409	-0.067	-0.04200000000000004
-0.423	0.066	-0.325	-0.2935
1.424	1.476	0.983	0.1944999999999999
1.709	1.613	1.377	0.21399999999999997
1.651	1.659	1.626	0.008499999999999952
1.264	1.141	1.748	-0.1805000000000001
0.272	-0.178	-0.194	0.458
0.403	0.689	0.083	0.01700000000000007
1.125	0.534	0.515	0.6005
0.434	0.184	0.369	0.15750000000000003
0.849	0.378	0.162	0.579
0.563	0.501	0.756	-0.06550000000000011
0.841	0.503	0.651	0.264
-0.945	-0.99	-0.838	-0.031000000000000028
-0.277	-0.248	-0.386	0.03999999999999998
0.258	0.02	0.297	0.0995
-0.088	0.142	-0.43	0.05600000000000002
0.61	0.406	0.503	0.15549999999999997
0.645	0.413	0.754	0.0615
-0.385	-0.481	-0.372	0.04149999999999998
-0.082	0.241	-0.174	-0.1155
0.694	0.033	0.122	0.6164999999999999
1.034	0.254	0.23	0.792
0.266	0.055	-0.148	0.3125
-0.256	0.336	-0.004	-0.42200000000000004
1.044	0.76	0.252	0.538
-0.152	-0.38	-0.081	0.07850000000000001
0.188	0.036	-0.274	0.307
0.852	1.251	1.154	-0.3504999999999999
0.753	1.088	1.189	-0.38550000000000006
0.382	0.413	0.574	-0.11149999999999993
0.661	0.606	0.373	0.17150000000000004
0.114	0.063	0.21	-0.022500000000000006
-0.539	-0.518	0.309	-0.4345
0.071	-0.153	-0.23	0.2625
0.222	0.422	0.437	-0.2075
0.082	0.353	0.336	-0.2625
0.121	-0.166	-0.247	0.3275
0.197	0.562	0.159	-0.16350000000000003
0.909	0.522	0.355	0.47050000000000003
0.079	0.184	0.597	-0.31149999999999994
-0.308	0.08	0.145	-0.4205
0.584	-0.243	0.23	0.5904999999999999
0.331	0.484	0.362	-0.09199999999999997
0.837	0.267	0.187	0.61
0.564	0.469	0.777	-0.05900000000000005
0.725	0.427	0.678	0.1725
1.188	1.12	0.513	0.37149999999999994
-0.615	-0.517	-0.42	-0.14649999999999996
-0.339	-0.353	-0.52	0.09749999999999998
-0.562	-0.35	-0.656	-0.05900000000000005
-0.382	-0.315	-0.501	0.026000000000000023
0.976	0.197	-0.363	1.059
0.569	1.379	0.293	-0.267
0.805	1.022	0.962	-0.18699999999999994
0.614	0.79	0.303	0.0675
0.316	0.305	0.508	-0.09049999999999997
-0.156	0.336	-0.206	-0.22100000000000003
0.09	-0.022	-0.416	0.309
0.265	-0.108	0.407	0.11550000000000002
-0.629	-0.21	-0.275	-0.3865
0.774	0.884	1.028	-0.18199999999999994
-0.851	-0.853	-0.228	-0.3105
0.715	0.453	-0.044	0.5105
0.911	0.776	0.086	0.48000000000000004
0.125	-0.274	-0.241	0.3825
-0.218	-0.062	0.141	-0.2575
-1.042	-1.157	-0.807	-0.06000000000000005
-0.126	-0.862	-1.11	0.86
1.087	0.462	-0.815	1.2634999999999998
-0.074	-0.199	-0.404	0.22749999999999998
0.161	-0.234	0.187	0.1845
-0.088	-0.236	-0.334	0.19700000000000004
0.611	-0.001	0.218	0.5025
1.342	0.815	0.029	0.9200000000000002
0.684	1.28	1.038	-0.475
0.257	0.728	0.179	-0.1965
-0.41	-0.271	0.239	-0.39399999999999996
0.644	0.565	-0.294	0.5085000000000001
-0.361	0.278	0.348	-0.6739999999999999
-1.14	-1.126	-1.184	0.014999999999999902
0.658	0.895	0.645	-0.11199999999999999
1.023	0.677	0.062	0.6534999999999999
-0.163	-0.184	-0.072	-0.035
0.978	0.371	0.224	0.6805
1.163	1.031	0.715	0.29000000000000004
1.656	1.442	1.061	0.40449999999999986
0.19	-0.369	-0.538	0.6435
0.118	0.406	0.355	-0.2625
-0.308	-0.375	-0.092	-0.07450000000000001
0.431	0.414	0.376	0.035999999999999976
0.085	-0.162	0.074	0.129
-0.024	-0.417	-0.413	0.39099999999999996
0.16	-0.11	0.156	0.137
0.541	0.358	0.515	0.10450000000000004
-0.017	-0.402	0.131	0.11850000000000001
-0.121	-0.247	-0.533	0.269
0.422	0.163	-0.285	0.483
0.415	0.335	0.561	-0.033000000000000085
-0.587	-0.001	0.45	-0.8115
-0.403	-0.161	-0.033	-0.30600000000000005
-1.256	-1.293	-0.508	-0.35550000000000004
0.193	0.494	-0.067	-0.02049999999999999
0.417	0.712	0.245	-0.0615
0.212	0.686	0.616	-0.43900000000000006
0.714	0.439	0.606	0.1915
0.109	0.443	0.573	-0.399
0.634	0.332	0.317	0.3095
1.175	0.691	0.376	0.6415000000000001
1.247	1.221	0.505	0.3840000000000001
-0.26	-0.166	0.192	-0.273
-0.476	-0.382	-0.561	-0.0044999999999999485
0.079	0.235	0.493	-0.285
-0.386	0.023	0.321	-0.558
0.274	-0.374	0.392	0.265
0.243	0.747	-0.211	-0.025000000000000022
-0.083	0.537	0.044	-0.37350000000000005
1.037	0.772	0.632	0.33499999999999996
-0.28	0.173	0.081	-0.40700000000000003
0.554	0.293	0.148	0.3335000000000001
0.629	1.152	0.707	-0.3005
-0.484	-0.713	-0.704	0.22449999999999992
-0.547	-0.408	-0.568	-0.05900000000000005
-0.034	0.208	0.152	-0.214
0.155	0.253	0.156	-0.049500000000000016
0.276	-0.152	0.416	0.14400000000000002
0.595	0.711	0.033	0.22299999999999998
0.316	0.513	0.488	-0.18449999999999994
0.321	0.318	0.696	-0.186
1.027	0.974	0.597	0.24149999999999994
0.683	0.807	1.226	-0.3334999999999999
-0.302	-0.126	-0.213	-0.1325
0.182	-0.003	-0.292	0.3295
0.148	-0.171	-0.323	0.395
0.248	0.497	0.734	-0.36749999999999994
-0.135	0.586	0.476	-0.6659999999999999
0.043	0.013	-0.446	0.2595
0.324	0.361	0.559	-0.136
1.2	0.633	0.357	0.705
-0.691	-0.402	-0.054	-0.46299999999999997
-0.272	-0.581	-0.346	0.19149999999999995
0.941	0.256	0.429	0.5984999999999999
-0.499	-0.508	-0.53	0.020000000000000018
0.279	0.372	0.219	-0.01649999999999996
-0.444	-0.784	-0.58	0.23799999999999993
-0.607	-0.28	0.066	-0.5
0.136	-0.555	0.02	0.4035
0.009	-0.079	-0.207	0.152
0.482	0.375	0.08	0.25449999999999995
1.351	0.851	0.437	0.707
0.465	0.519	0.469	-0.02899999999999997
0.762	0.639	0.405	0.24
2.16	1.216	0.645	1.2295000000000003
-0.999	-0.908	-0.514	-0.2879999999999999
0.108	-0.183	0.285	0.05700000000000001
0.509	0.497	-0.021	0.271
0.203	0.074	-0.503	0.4175
0.873	0.666	0.212	0.434
-0.15	-0.219	0.098	-0.0895
-0.009	0.03	-0.186	0.069
0.114	-0.361	-0.046	0.3175
0.548	0.147	-0.212	0.5805
0.551	0.014	-0.192	0.64
-0.005	-0.09	0.015	0.0325
0.1	0.129	0.01	0.0305
0.536	0.675	-0.001	0.199
0.227	0.371	0.032	0.025499999999999995
0.478	0.479	0.702	-0.11250000000000004
0.704	0.523	0.638	0.12349999999999994
0.851	0.642	0.794	0.133
0.102	0.076	0.567	-0.21949999999999997
0.505	0.751	0.146	0.056499999999999995
0.552	-0.004	-0.064	0.5860000000000001
-0.088	-0.218	-0.538	0.29000000000000004
-0.54	-0.582	-0.7	0.10099999999999998
0.373	0.084	-0.154	0.408
-0.015	0.512	0.833	-0.6875
0.604	0.406	0.685	0.058499999999999885
-0.165	-0.217	-0.486	0.18649999999999997
-0.085	-0.207	-0.64	0.33849999999999997
0.852	0.345	0.435	0.46199999999999997
0.43	0.49	0.346	0.01200000000000001
-0.213	0.626	0.434	-0.743
0.154	0.526	0.228	-0.223
-0.091	-0.269	0.015	0.036000000000000004
0.099	-0.3	-0.297	0.39749999999999996
-0.657	-0.676	-0.563	-0.03750000000000009
-0.387	-0.676	-0.687	0.2945
-0.452	-0.159	0.027	-0.386
0.727	0.558	0.446	0.22499999999999998
1.228	1.029	1.005	0.21100000000000008
0.236	0.038	0.393	0.02049999999999999
0.593	0.057	0.27	0.4295
-0.29	-0.487	-0.284	0.09549999999999997
0.127	0.155	-0.235	0.16699999999999998
-0.115	0.337	0.647	-0.607
-0.022	-0.064	0.013	0.003500000000000003
-0.502	-0.354	-0.089	-0.2805
-0.49	-0.188	-0.291	-0.2505
0.376	0.99	0.824	-0.531
1.012	1.039	0.788	0.09850000000000003
0.799	1.567	1.02	-0.49449999999999983
0.472	0.076	0.177	0.3455
0.675	0.579	0.447	0.16200000000000003
-0.054	0.292	0.203	-0.3015
0.282	0.354	0.519	-0.15450000000000003
0.353	0.605	0.788	-0.3435
0.143	0.357	-0.11	0.01949999999999999
0.027	0.224	-0.023	-0.07350000000000001
-0.355	-0.541	-0.74	0.2855000000000001
0.545	0.18	-0.524	0.7170000000000001
0.32	0.226	0.315	0.04949999999999999
0.487	0.469	0.253	0.126
0.105	-0.23	-0.113	0.2765
-0.31	-0.431	0.009	-0.099
-0.489	-0.303	-0.11	-0.2825
-0.662	-0.207	-0.258	-0.42950000000000005
-0.103	0.025	0.087	-0.15899999999999997
0.691	0.528	0.051	0.4014999999999999
0.484	1.046	0.862	-0.47
0.86	0.738	0.059	0.4615
0.688	0.489	0.337	0.2749999999999999
1.379	0.89	0.372	0.748
1.642	1.697	1.277	0.1549999999999998
0.112	0.121	-0.193	0.14800000000000002
0.764	0.572	0.468	0.244
0.053	0.37	0.115	-0.1895
1.189	0.846	0.724	0.40400000000000014
0.527	0.695	1.376	-0.5084999999999998
0.723	0.587	0.633	0.11299999999999999
1.064	0.714	0.619	0.3975000000000001
0.514	-0.304	-0.344	0.838
-0.039	0.022	-0.177	0.0385
0.404	0.768	-0.019	0.029500000000000026
0.226	-0.043	-0.134	0.3145
0.652	0.128	-0.07	0.623
1.652	1.41	0.901	0.49649999999999994
2.006	1.586	1.222	0.6019999999999999
-0.096	0.081	-0.213	-0.03
0.646	0.448	0.013	0.4155
0.25	0.415	-0.096	0.09050000000000002
-0.073	-0.402	0.008	0.12400000000000001
0.15	-0.294	-0.369	0.48150000000000004
-0.633	-0.437	-0.051	-0.389
0.698	0.398	-0.502	0.75
0.551	0.401	0.573	0.06400000000000006
0.434	0.403	0.0	0.23249999999999998
0.994	0.756	0.439	0.39649999999999996
-0.471	-0.556	0.009	-0.19749999999999995
-0.771	-0.369	-0.435	-0.369
0.243	-0.205	-0.476	0.5834999999999999
0.476	0.744	-0.056	0.132
-0.125	-0.566	-0.276	0.296
0.102	0.07	0.082	0.02599999999999998
-0.313	-0.461	-0.402	0.1185
0.07	-0.134	0.567	-0.14649999999999996
-0.138	-0.247	-0.558	0.2645
0.301	0.184	0.383	0.017500000000000016
-1.217	-0.37	0.577	-1.3205
-0.166	0.027	-0.496	0.06849999999999998
-0.089	-0.706	-0.252	0.39
-0.275	-0.21	0.165	-0.25250000000000006
0.873	0.513	-0.184	0.7085
1.157	0.802	0.944	0.28400000000000003
1.018	1.04	0.98	0.008000000000000007
1.267	1.118	0.922	0.2469999999999999
-0.259	0.187	-0.191	-0.257
0.895	0.517	0.088	0.5925
-0.169	0.024	0.025	-0.1935
-0.022	-0.08	0.515	-0.2395
1.237	0.259	0.103	1.056
-0.019	0.235	0.092	-0.18249999999999997
0.422	0.177	0.299	0.184
0.781	0.586	0.428	0.274
1.351	0.934	0.591	0.5885
-0.029	0.523	0.123	-0.35200000000000004
-0.15	-0.68	-0.673	0.5265000000000001
0.289	0.377	0.714	-0.2565
0.372	0.705	0.427	-0.19399999999999995
0.205	0.033	0.011	0.183
1.11	0.398	-0.094	0.9580000000000001
-0.525	-0.358	-0.535	-0.07850000000000001
0.22	-0.543	-0.311	0.647
0.622	0.257	-0.086	0.5365
0.008	0.122	-0.104	-0.0010000000000000009
0.302	0.33	0.084	0.09499999999999997
-0.365	-0.112	0.44	-0.529
-0.109	0.475	0.23	-0.46149999999999997
0.659	-0.11	0.583	0.42250000000000004
0.88	0.339	0.27	0.5755
0.625	0.957	0.885	-0.29600000000000004
-0.047	-0.007	0.091	-0.089
-0.516	-0.075	0.208	-0.5825
-0.137	0.049	0.293	-0.308
0.517	-0.036	-0.242	0.656
0.135	0.134	-0.076	0.10600000000000001
-0.172	-0.27	-0.031	-0.021499999999999964
-0.208	-0.332	-0.5	0.20800000000000005
0.465	0.468	0.5	-0.01899999999999996
0.952	0.45	0.522	0.46599999999999997
0.705	0.981	0.551	-0.061000000000000054
0.298	0.025	0.718	-0.07350000000000001
-0.516	-0.028	-0.266	-0.369
0.164	-0.303	-0.749	0.6900000000000001
0.134	-0.131	-0.281	0.34
0.201	0.323	0.255	-0.08800000000000002
-0.457	-0.143	-0.43	-0.17050000000000004
-0.382	-0.6	-0.353	0.09449999999999997
0.335	0.006	0.085	0.28950000000000004
-0.305	-0.282	-0.646	0.15899999999999997
0.922	0.385	0.037	0.7110000000000001
-0.423	-0.362	-0.2	-0.14199999999999996
0.784	0.553	-0.19	0.6025
0.516	0.497	0.734	-0.09949999999999992
-0.562	-0.61	-0.343	-0.08550000000000002
0.028	-0.042	-0.339	0.2185
-0.628	-0.311	-0.407	-0.269
0.727	1.005	0.864	-0.2074999999999999
0.856	0.723	0.753	0.118
0.73	1.082	0.774	-0.19800000000000006
0.252	0.013	-0.039	0.265
-0.194	-0.056	0.275	-0.3035
0.157	-0.111	-0.56	0.49250000000000005
-0.522	-0.416	-0.404	-0.11199999999999999
0.557	0.1	0.22	0.397
0.941	0.678	0.044	0.5799999999999998
-0.202	0.377	-0.109	-0.336
0.754	0.728	0.164	0.308
0.652	0.883	0.655	-0.11699999999999999
0.596	1.417	0.966	-0.5955
0.413	0.756	0.074	-0.0020000000000000018
0.232	0.607	0.157	-0.15
0.39	0.432	0.487	-0.0695
0.226	-0.415	0.002	0.4325
-0.825	-1.037	-0.971	0.17900000000000005
0.946	0.243	0.397	0.6259999999999999
1.589	0.774	0.182	1.111
1.113	1.587	0.815	-0.08800000000000008
-0.551	0.169	-0.277	-0.49700000000000005
-0.383	-0.328	-0.4	-0.019000000000000017
0.418	-0.34	-0.478	0.827
0.736	0.605	-0.321	0.594
1.484	0.847	-0.08	1.1005
-0.009	0.079	0.641	-0.369
0.181	-0.078	0.381	0.0295
0.374	0.556	0.044	0.07399999999999995
0.831	0.545	0.225	0.44599999999999995
0.205	-0.038	0.218	0.11499999999999999
0.469	0.429	0.068	0.22049999999999997
0.482	0.991	0.417	-0.22199999999999998
0.314	0.136	-0.01	0.251
0.615	0.169	0.396	0.33249999999999996
1.202	0.813	0.323	0.634
1.467	1.256	0.437	0.6205
0.536	0.883	1.578	-0.6945000000000001
-0.971	-0.918	-0.402	-0.31099999999999994
0.176	-0.309	-0.377	0.5189999999999999
0.472	-0.058	-0.451	0.7264999999999999
0.159	0.181	0.52	-0.19150000000000003
0.176	0.175	0.227	-0.025000000000000022
0.681	1.113	0.243	0.0030000000000001137
-0.174	-0.115	0.027	-0.12999999999999998
-0.049	0.079	-0.261	0.041999999999999996
-0.399	-0.425	-0.236	-0.0685
0.838	0.288	-0.253	0.8205
-0.054	0.05	0.132	-0.145
-0.271	-0.755	-0.309	0.261
-0.164	-0.139	-0.073	-0.057999999999999996
0.106	0.541	0.03	-0.17950000000000005
0.36	-0.005	0.33	0.19749999999999998
0.034	0.052	-0.446	0.231
-0.547	-0.599	-0.686	0.09550000000000003
-1.194	-1.079	-0.508	-0.40049999999999997
0.587	0.893	0.853	-0.28600000000000003
0.797	1.262	0.75	-0.20899999999999996
-0.428	0.133	-0.121	-0.434
0.049	0.446	-0.221	-0.0635
0.333	0.249	0.103	0.15700000000000003
-1.092	-1.046	-0.432	-0.3530000000000001
0.071	0.018	0.326	-0.10100000000000002
-0.075	-0.111	-0.041	0.0010000000000000009
0.81	0.279	0.208	0.5665
0.03	0.236	0.062	-0.119
-0.165	-0.417	-0.94	0.5135
0.355	-0.207	-0.827	0.872
0.605	0.337	1.028	-0.07750000000000001
0.054	0.058	-0.002	0.026
0.086	-0.021	0.342	-0.07450000000000001
-0.424	-0.186	-0.216	-0.22299999999999998
0.383	-0.096	-0.422	0.642
0.948	0.415	0.207	0.637
0.697	1.047	1.387	-0.5200000000000001
0.341	0.338	0.039	0.15250000000000002
-0.601	-0.659	-0.201	-0.17099999999999993
-0.402	-0.136	-0.357	-0.15550000000000003
0.055	-0.259	-0.298	0.33349999999999996
0.159	-0.121	0.254	0.0925
-0.123	0.014	0.128	-0.194
0.767	0.149	-0.066	0.7255
0.257	0.172	0.699	-0.1785
-0.595	-0.463	-0.965	0.119
0.485	0.147	-0.302	0.5625
0.861	0.78	0.163	0.38949999999999996
0.356	0.587	0.597	-0.236
0.629	0.29	0.27	0.349
0.269	0.547	0.714	-0.36150000000000004
-0.574	-0.114	-0.22	-0.4069999999999999
-0.509	0.239	-0.254	-0.5015000000000001
-0.099	0.18	0.233	-0.3055
-0.132	-0.359	-0.428	0.26149999999999995
0.805	0.366	-0.342	0.793
0.043	0.72	0.218	-0.426
0.127	0.086	0.395	-0.11349999999999999
0.487	0.499	0.381	0.046999999999999986
0.57	-0.079	-0.053	0.6359999999999999
-0.404	0.113	0.135	-0.528
0.188	0.304	-0.002	0.037000000000000005
0.676	0.134	0.068	0.5750000000000001
0.609	0.039	0.17	0.5045
-0.134	-0.358	-0.61	0.35
0.351	0.28	0.408	0.007000000000000006
0.155	0.07	-0.441	0.3405
0.002	-0.16	-0.285	0.22449999999999998
0.078	-0.096	0.362	-0.05500000000000001
-0.291	-0.069	0.204	-0.3585
0.356	-0.204	0.038	0.43899999999999995
-0.302	-0.114	0.165	-0.3275
-0.704	-0.788	-1.208	0.29400000000000004
0.446	0.544	0.362	-0.007000000000000006
0.477	0.433	0.48	0.020499999999999963
0.665	0.896	0.798	-0.18199999999999994
0.215	-0.11	0.082	0.22899999999999998
1.489	1.576	0.492	0.45500000000000007
0.165	-0.049	-0.037	0.20800000000000002
0.638	0.615	0.622	0.019499999999999962
1.138	0.842	0.469	0.48249999999999993
0.858	1.098	0.738	-0.06000000000000005
1.091	0.842	0.672	0.33399999999999996
0.947	0.91	0.326	0.32899999999999996
0.823	0.43	0.997	0.10949999999999993
0.563	1.106	0.546	-0.2630000000000001
0.188	0.373	0.623	-0.31
0.03	-0.315	-0.38	0.37750000000000006
0.489	-0.039	-0.29	0.6535
-0.375	-0.735	-0.51	0.24750000000000005
0.342	0.562	1.09	-0.48400000000000004
0.143	0.409	0.483	-0.30299999999999994
0.682	0.491	0.354	0.25950000000000006
0.391	0.28	0.438	0.03200000000000003
-0.589	-0.289	-0.625	-0.132
-0.096	0.241	0.627	-0.53
-0.599	-0.921	-0.555	0.139
0.101	0.37	0.411	-0.2895
1.06	0.578	1.004	0.26900000000000013
0.026	-0.144	-0.344	0.27
0.617	0.456	-0.168	0.473
-0.485	-0.415	-0.771	0.10799999999999998
0.286	0.678	0.657	-0.3815
0.679	0.715	0.589	0.027000000000000135
1.254	1.254	1.023	0.11549999999999994
1.747	1.308	1.279	0.45350000000000024
0.321	0.524	0.556	-0.21900000000000003
0.38	0.183	0.525	0.026000000000000023
0.63	0.538	0.819	-0.04849999999999999
1.087	0.681	0.578	0.4575
0.137	-0.021	-0.39	0.3425
0.254	0.122	0.628	-0.121
-0.27	-0.286	-0.184	-0.03500000000000003
0.368	0.14	-0.268	0.432
0.451	-0.384	-0.896	1.091
0.201	0.301	0.318	-0.10849999999999999
0.808	0.008	0.288	0.66
0.641	0.524	0.275	0.2415
1.186	0.395	0.605	0.6859999999999999
-0.274	-0.354	-0.2	0.0030000000000000027
0.685	0.936	0.411	0.011500000000000066
-0.244	-0.103	0.026	-0.2055
0.139	-0.017	-0.099	0.197
-0.056	-0.438	-0.528	0.427
0.752	0.528	0.056	0.45999999999999996
0.342	0.33	0.009	0.17250000000000001
0.999	0.631	0.164	0.6014999999999999
1.294	1.181	0.496	0.4555
0.744	1.084	1.156	-0.3760000000000001
-0.915	-0.737	-0.682	-0.20550000000000002
0.112	-0.372	-0.665	0.6305
-0.162	0.129	0.261	-0.357
0.412	0.497	-0.024	0.1755
0.478	0.643	0.47	-0.07850000000000001
0.745	1.203	1.014	-0.36350000000000005
0.942	1.056	1.075	-0.12350000000000017
1.24	1.017	1.142	0.1605000000000001
0.867	0.569	0.266	0.4495
-0.278	0.01	0.003	-0.28450000000000003
0.475	0.105	0.16	0.34249999999999997
0.077	-0.215	-0.263	0.316
0.63	-0.119	-0.22	0.7995
0.397	0.15	0.424	0.11000000000000004
0.174	0.242	0.347	-0.1205
-0.605	0.052	-0.239	-0.5115
0.202	0.068	-0.337	0.3365
0.473	0.666	0.129	0.07549999999999996
0.237	0.277	0.472	-0.1375
0.537	0.482	0.375	0.10850000000000004
-0.586	-0.584	-0.499	-0.044499999999999984
1.245	0.584	-0.592	1.249
0.89	0.971	0.519	0.14500000000000002
0.395	0.422	0.944	-0.2879999999999999
1.091	1.002	0.736	0.22199999999999998
0.289	-0.163	0.068	0.33649999999999997
-0.405	-0.697	-0.575	0.23099999999999987
0.157	0.372	0.727	-0.39249999999999996
0.956	0.621	0.329	0.481
0.261	0.014	0.003	0.2525
0.709	0.814	0.594	0.0050000000000000044
0.346	0.384	0.95	-0.32100000000000006
0.709	0.362	0.712	0.17200000000000004
0.704	0.468	0.546	0.19699999999999995
0.097	-0.028	-0.333	0.2775
0.964	1.009	0.43	0.24450000000000005
1.334	1.028	0.788	0.42600000000000005
-0.323	-0.532	-0.244	0.065
0.169	0.015	-0.409	0.366
0.659	0.678	0.485	0.07750000000000001
0.047	-0.533	-0.449	0.538
0.796	1.096	0.768	-0.136
0.964	0.955	0.886	0.04349999999999998
-0.035	-0.0	0.258	-0.164
0.674	0.332	0.255	0.38050000000000006
1.031	0.971	0.446	0.3224999999999999
0.865	1.042	1.273	-0.2925
0.621	0.0	0.437	0.40249999999999997
0.16	0.482	0.359	-0.26049999999999995
0.008	0.029	0.375	-0.194
-0.242	0.02	0.379	-0.4415
-0.71	-0.724	-0.836	0.07000000000000006
0.542	0.393	-0.247	0.46900000000000003
1.077	0.566	0.759	0.4145
0.63	0.299	0.271	0.345
0.174	0.4	0.48	-0.266
-0.669	-0.331	-0.049	-0.47900000000000004
0.199	-0.307	-0.315	0.51
0.213	0.294	-0.306	0.219
0.453	0.378	0.449	0.039500000000000035
0.543	0.77	0.193	0.0615
0.66	0.502	0.637	0.09050000000000002
1.323	0.886	0.579	0.5905
-0.323	-0.154	-0.35	-0.07100000000000001
-0.172	0.293	0.323	-0.48
-0.136	-0.406	-0.538	0.336
-0.488	-0.311	0.529	-0.597
-0.421	-0.206	0.04	-0.33799999999999997
0.211	0.396	0.22	-0.097
0.008	0.362	0.334	-0.33999999999999997
1.305	0.624	0.298	0.844
0.963	0.784	0.674	0.23399999999999987
0.963	1.055	0.761	0.05500000000000005
0.606	1.379	1.14	-0.6535000000000001
-0.366	0.15	-0.322	-0.27999999999999997
0.42	-0.166	0.059	0.4735
0.751	0.383	0.21	0.4545
-0.153	0.039	0.502	-0.4235
-0.944	-0.578	-0.702	-0.30400000000000005
0.138	-0.059	0.191	0.07200000000000001
0.971	0.238	0.009	0.8474999999999999
-0.037	-0.038	-0.772	0.36800000000000005
-0.066	-0.342	-0.256	0.23300000000000004
0.151	-0.259	-0.687	0.624
-0.252	-0.146	0.064	-0.21100000000000002
-0.367	-0.369	-0.352	-0.006500000000000006
1.702	1.49	0.873	0.5205
1.314	1.571	1.703	-0.32299999999999995
-0.453	-0.312	-0.012	-0.29100000000000004
-1.194	-0.795	-0.466	-0.5634999999999999
-0.453	-0.125	-0.422	-0.17950000000000005
0.131	-0.318	-0.241	0.4105
0.483	0.585	0.115	0.133
0.932	0.546	0.54	0.389
1.282	1.234	0.473	0.4285000000000001
0.264	0.886	1.394	-0.8759999999999999
0.6	0.564	0.785	-0.07450000000000001
-0.025	-0.188	-0.302	0.22
1.197	1.054	0.742	0.29900000000000004
-0.117	-0.049	0.206	-0.1955
-0.163	-0.104	0.175	-0.1985
-0.145	-0.161	0.392	-0.2605
1.703	1.122	-0.151	1.2175
0.096	0.396	0.535	-0.36950000000000005
-0.061	0.263	0.371	-0.378
0.756	0.668	0.413	0.21550000000000002
-0.047	0.128	-0.105	-0.0585
0.194	0.003	0.059	0.163
0.839	0.417	0.01	0.6255
0.725	0.76	1.037	-0.1735
1.561	1.407	0.884	0.4155
-0.199	-0.061	0.077	-0.20700000000000002
0.136	0.473	0.143	-0.172
-0.012	-0.068	0.316	-0.136
0.406	0.254	0.026	0.266
0.252	-0.321	-0.257	0.541
0.254	-0.138	0.179	0.2335
0.895	0.761	0.558	0.23550000000000004
0.891	0.803	0.664	0.15749999999999997
0.475	0.683	1.189	-0.4610000000000001
0.551	0.548	0.423	0.0655
0.052	0.042	0.752	-0.34500000000000003
0.191	0.587	0.831	-0.518
0.532	-0.082	0.132	0.507
-0.029	-0.419	-0.424	0.39249999999999996
0.228	0.005	-0.347	0.399
-0.202	-0.375	-0.459	0.21500000000000002
0.74	-0.056	-0.398	0.967
0.102	-0.586	-0.358	0.574
-0.353	0.086	0.498	-0.645
0.784	0.118	-0.668	1.0590000000000002
-0.407	-0.437	0.049	-0.21299999999999997
-0.184	0.584	0.158	-0.5549999999999999
0.296	0.707	0.269	-0.192
-0.647	0.214	0.406	-0.9570000000000001
-0.491	0.005	-0.448	-0.26949999999999996
-0.037	-0.067	0.086	-0.04649999999999999
-0.107	0.216	0.245	-0.33749999999999997
1.027	0.556	-0.012	0.7549999999999999
0.816	0.664	0.676	0.1459999999999999
0.926	1.183	0.706	-0.01849999999999996
-0.536	-0.178	-0.031	-0.43150000000000005
0.413	0.239	0.575	0.006000000000000005
0.4	0.486	0.435	-0.0605
-0.185	-0.12	0.231	-0.2405
0.789	0.693	-0.114	0.49950000000000006
1.054	1.099	0.539	0.2350000000000001
-0.845	-0.44	0.132	-0.691
0.395	0.037	-0.063	0.40800000000000003
0.058	-0.137	0.037	0.10800000000000001
-0.077	0.122	0.314	-0.295
0.994	0.566	0.595	0.4135
0.737	0.429	0.099	0.473
0.318	0.276	-0.153	0.2565
0.417	0.012	0.343	0.23949999999999996
1.098	0.488	0.029	0.8395000000000001
0.951	0.856	0.066	0.49
0.282	0.184	0.004	0.18799999999999997
0.61	0.239	0.148	0.4165
-0.243	0.048	-0.26	-0.13699999999999998
-0.392	-0.398	-0.079	-0.1535
-0.245	-0.386	-0.27	0.08300000000000002
0.531	0.713	0.063	0.14300000000000002
-0.069	-0.118	0.087	-0.053500000000000006
-1.035	-0.833	-1.056	-0.09049999999999991
0.521	0.09	0.245	0.35350000000000004
-0.578	-0.614	-0.478	-0.03199999999999992
0.851	0.666	0.059	0.48849999999999993
1.177	1.287	0.728	0.1695000000000002
1.342	1.583	1.295	-0.09699999999999998
1.798	1.369	1.458	0.38450000000000006
0.014	0.2	0.475	-0.3235
-0.341	-0.368	-0.348	0.01699999999999996
0.854	0.513	0.071	0.562
0.023	0.315	0.944	-0.6064999999999999
0.202	0.075	0.756	-0.21349999999999997
-1.105	-1.104	-0.826	-0.1399999999999999
-0.398	-1.083	-0.889	0.588
-0.612	-0.582	-0.514	-0.06399999999999995
0.864	0.347	0.255	0.563
1.289	1.403	0.885	0.1449999999999998
1.423	1.396	1.066	0.19200000000000017
-0.368	-0.78	-0.346	0.19499999999999995
0.237	0.075	-0.325	0.362
-0.079	-0.457	-0.098	0.1985
-0.078	0.125	0.453	-0.36700000000000005
0.503	0.074	-0.178	0.555
0.055	-0.121	-0.37	0.3005
-0.088	-0.389	0.204	0.004500000000000018
-0.11	0.284	0.527	-0.5155
0.291	0.487	0.842	-0.3735
0.101	-0.285	-0.302	0.39449999999999996
0.665	0.828	0.107	0.19750000000000006
0.048	0.086	-0.209	0.1095
0.693	0.056	-0.572	0.9509999999999998
0.537	0.271	-0.386	0.5945
0.936	0.793	-0.306	0.6925
1.024	0.992	0.293	0.38150000000000006
1.057	0.61	0.561	0.4714999999999999
0.756	0.984	0.759	-0.11549999999999994
-0.19	0.172	0.106	-0.32899999999999996
0.135	0.448	0.223	-0.2005
-0.248	-0.891	-1.014	0.7045
0.589	-0.17	-0.985	1.1665
0.854	0.571	-0.183	0.66
-0.466	-0.264	-0.219	-0.22450000000000003
0.379	0.356	0.263	0.0695
0.423	-0.252	-0.074	0.586
0.441	0.13	0.558	0.09699999999999998
0.648	0.223	-0.489	0.781
0.298	-0.233	-0.029	0.429
0.498	0.464	0.231	0.15049999999999997
0.11	-0.113	0.199	0.067
0.059	0.293	0.414	-0.2945
1.122	0.932	0.598	0.3570000000000001
-0.346	-0.822	-1.026	0.578
-0.433	-0.146	-0.793	0.03650000000000003
0.033	-0.452	-0.238	0.378
0.046	0.049	-0.058	0.0505
0.684	0.674	0.567	0.0635
0.551	0.376	0.918	-0.09599999999999997
0.217	0.18	0.749	-0.24750000000000003
0.107	0.193	-0.058	0.03949999999999999
0.848	0.901	0.706	0.044499999999999984
1.201	0.802	0.908	0.3460000000000001
0.594	1.159	0.873	-0.42200000000000004
-0.401	0.019	0.869	-0.845
0.532	0.169	-0.357	0.626
-0.297	-0.291	-0.138	-0.08249999999999999
0.297	0.64	-0.175	0.06449999999999997
-0.025	-0.533	0.072	0.20550000000000002
-0.277	0.093	-0.412	-0.11750000000000005
0.823	0.432	0.211	0.5015
0.666	0.885	0.473	-0.013000000000000012
0.567	1.045	0.92	-0.4155
-0.4	-0.331	-0.242	-0.11350000000000005
0.268	0.449	0.795	-0.354
0.947	0.479	0.541	0.43699999999999994
-0.624	0.284	0.127	-0.8295
0.159	0.543	0.526	-0.37549999999999994
0.943	0.786	0.547	0.27649999999999986
-0.007	-0.003	-0.105	0.047
-0.368	0.458	0.093	-0.6435
0.328	0.053	-0.111	0.35700000000000004
0.467	0.239	0.273	0.21100000000000002
0.161	-0.079	-0.084	0.2425
-0.513	0.003	0.221	-0.625
0.26	-0.079	-0.087	0.34299999999999997
-0.261	0.235	-0.042	-0.3575
-0.499	-0.587	-0.421	0.0050000000000000044
-0.567	-0.274	0.043	-0.4514999999999999
0.452	0.566	0.139	0.09950000000000003
0.656	0.663	0.301	0.17400000000000004
0.062	0.073	0.591	-0.26999999999999996
0.623	0.501	0.457	0.14400000000000002
-0.202	0.081	0.533	-0.509
0.63	-0.145	-0.385	0.895
0.73	0.449	0.738	0.13649999999999995
0.229	0.347	0.331	-0.10999999999999996
0.982	1.316	0.304	0.17199999999999993
0.512	0.364	-0.142	0.401
0.118	0.038	0.172	0.012999999999999998
0.837	0.077	0.182	0.7075
0.707	0.954	0.065	0.1975
0.887	0.982	0.183	0.3045
1.196	0.884	0.531	0.48849999999999993
0.836	1.3	0.978	-0.30300000000000005
1.329	1.012	1.262	0.19199999999999995
0.326	-0.128	0.063	0.35850000000000004
0.132	0.533	0.724	-0.49650000000000005
0.742	0.513	0.451	0.26
0.334	0.085	0.629	-0.022999999999999965
-1.146	-1.383	-0.945	0.018000000000000016
-0.393	-0.689	-0.75	0.3265
-0.593	-0.176	-0.434	-0.288
-0.282	-0.579	-0.383	0.199
0.538	0.164	-0.109	0.5105000000000001
1.315	1.001	1.024	0.3025
1.413	1.672	1.383	-0.11449999999999982
0.216	0.086	-0.175	0.2605
0.026	0.022	-0.137	0.0835
0.423	0.223	0.006	0.3085
0.324	0.335	0.307	0.0030000000000000027
0.786	0.243	0.345	0.49200000000000005
1.031	0.699	0.314	0.5245
0.154	-0.269	-0.291	0.43400000000000005
0.711	0.347	-0.031	0.5529999999999999
-0.989	-0.697	-0.687	-0.29700000000000004
0.424	0.07	-0.173	0.4755
0.524	0.3	-0.103	0.4255
0.703	0.474	0.019	0.45649999999999996
-0.739	0.069	0.093	-0.82
-0.001	-0.188	0.095	0.0455
0.311	-0.166	0.002	0.393
0.427	0.429	0.309	0.057999999999999996
-0.525	-0.25	-0.314	-0.243
0.406	0.489	0.617	-0.1469999999999999
0.707	0.408	0.515	0.24549999999999994
1.208	1.164	0.836	0.20799999999999996
0.211	0.191	-0.129	0.18
1.063	0.793	0.992	0.17049999999999987
1.466	1.406	1.13	0.19800000000000018
0.054	0.01	-0.34	0.219
0.196	0.217	0.276	-0.05049999999999999
-0.007	-0.4	0.028	0.179
0.698	0.382	0.493	0.26049999999999995
0.206	0.174	0.305	-0.0335
0.282	-0.007	0.31	0.13049999999999998
0.447	0.653	0.474	-0.11649999999999999
0.796	0.576	-0.148	0.5820000000000001
0.049	1.114	0.705	-0.8604999999999999
0.845	0.316	-0.017	0.6955
0.31	-0.249	0.032	0.4185
-0.26	-0.056	0.43	-0.447
0.19	0.108	0.399	-0.0635
0.08	0.472	0.393	-0.3525
0.351	0.209	-0.344	0.4185
0.518	0.799	0.732	-0.24750000000000005
0.354	0.323	0.254	0.0655
0.522	0.606	0.224	0.10700000000000004
0.474	0.625	0.515	-0.09600000000000009
0.643	0.665	0.61	0.00550000000000006
0.918	0.907	0.644	0.14249999999999996
-0.015	-0.232	0.23	-0.013999999999999999
-0.112	0.639	0.655	-0.759
-0.005	-0.107	-0.141	0.119
-0.695	-0.843	-0.831	0.14200000000000002
0.096	0.334	0.295	-0.2185
-0.021	0.227	0.305	-0.28700000000000003
-0.243	0.194	0.146	-0.413
1.674	1.183	0.03	1.0675
1.48	1.648	0.1	0.606
-0.058	-0.237	0.215	-0.04700000000000001
1.021	0.608	0.727	0.3534999999999999
0.25	-0.022	-0.312	0.41700000000000004
0.583	0.268	0.244	0.32699999999999996
0.288	0.418	0.757	-0.29950000000000004
-0.754	-0.43	-0.42	-0.329
0.46	0.37	-0.45	0.5
0.273	-0.04	0.32	0.133
0.462	0.368	-0.048	0.30200000000000005
0.419	0.478	0.384	-0.01200000000000001
0.835	0.44	0.394	0.4179999999999999
-0.185	-0.414	-0.501	0.2725
0.004	-0.464	-0.928	0.7000000000000001
-0.311	-0.301	-0.108	-0.10650000000000001
0.135	-0.029	-0.07	0.1845
0.435	0.548	-0.009	0.16549999999999998
0.844	0.759	0.51	0.2094999999999999
0.171	0.128	0.191	0.01150000000000001
0.724	0.583	0.301	0.28200000000000003
1.096	0.729	0.283	0.5900000000000001
-0.139	0.218	-0.679	0.09150000000000003
-0.132	-0.182	0.278	-0.18000000000000002
-0.622	-0.822	-0.706	0.14200000000000002
0.46	0.156	0.817	-0.026499999999999968
1.398	1.011	0.236	0.7745
0.635	0.828	1.539	-0.5485
-0.266	-0.045	-0.101	-0.193
-0.119	0.372	0.602	-0.606
-0.179	0.134	0.165	-0.3285
0.349	0.053	-0.004	0.32449999999999996
0.314	0.476	0.268	-0.057999999999999996
-0.159	-0.165	0.313	-0.23299999999999998
0.861	0.231	-0.158	0.8245
-0.659	-0.507	-0.729	-0.041000000000000036
-0.487	-0.556	-0.544	0.06300000000000006
-0.199	0.023	-0.127	-0.14700000000000002
-0.301	-0.672	-0.425	0.2475
-0.107	0.031	-0.607	0.181
0.433	0.224	0.053	0.2945
-0.163	-0.553	-0.561	0.394
1.099	0.844	0.276	0.5389999999999999
-0.327	-0.027	-0.395	-0.11599999999999999
0.73	0.064	-0.424	0.9099999999999999
-0.338	-0.041	0.365	-0.5
0.227	0.314	0.018	0.061
0.151	0.525	0.409	-0.31599999999999995
0.864	0.897	0.4	0.2154999999999999
1.15	0.985	0.483	0.4159999999999999
1.37	1.042	0.701	0.49850000000000017
0.195	0.403	1.229	-0.621
1.516	0.989	0.348	0.8475
0.069	0.264	-0.053	-0.036500000000000005
0.131	0.056	0.334	-0.064
-0.203	-0.052	-0.259	-0.047500000000000014
0.938	1.132	0.185	0.27949999999999997
0.629	0.955	0.848	-0.27249999999999996
0.725	1.069	0.836	-0.22749999999999992
0.174	0.316	0.675	-0.32150000000000006
0.807	0.57	0.622	0.21100000000000008
1.317	0.801	0.569	0.6319999999999999
1.401	1.2	0.635	0.48350000000000004
1.534	1.4	0.801	0.4335
0.03	-0.049	-0.183	0.146
-0.246	-0.172	-0.342	0.01100000000000001
-0.301	-0.481	-0.119	-0.0010000000000000009
-0.439	-0.345	-0.771	0.11900000000000005
-0.008	0.084	-0.296	0.09799999999999998
-0.299	-0.282	-0.157	-0.07950000000000002
-0.596	-0.552	-0.546	-0.04699999999999993
0.158	0.018	-0.354	0.32599999999999996
0.19	0.127	-0.024	0.1385
0.269	0.267	0.596	-0.16249999999999998
0.871	0.802	0.89	0.02499999999999991
0.119	0.118	0.47	-0.175
-0.459	-0.444	0.193	-0.3335
0.391	0.484	0.382	-0.04199999999999998
0.614	0.316	0.027	0.4425
0.092	-0.014	-0.183	0.1905
0.281	0.276	0.578	-0.14599999999999996
0.098	-0.342	-0.418	0.478
0.178	-0.089	-0.209	0.32699999999999996
-0.203	-0.007	-0.249	-0.07500000000000001
0.183	0.396	0.935	-0.4825
0.494	0.154	0.641	0.09649999999999997
0.245	0.086	0.59	-0.09299999999999997
-0.184	-0.697	-0.777	0.5529999999999999
0.377	-0.092	-0.079	0.4625
1.304	0.921	0.814	0.4365000000000001
1.178	1.208	0.829	0.15949999999999998
-0.37	-0.551	-0.61	0.21050000000000002
-0.244	-0.398	-0.637	0.2735000000000001
-0.296	-0.482	-0.606	0.24800000000000005
0.542	0.481	0.832	-0.11449999999999994
0.826	1.134	0.584	-0.03300000000000003
0.06	0.194	0.405	-0.2395
0.136	0.233	0.13	-0.045499999999999985
0.231	0.157	0.137	0.08399999999999999
1.039	1.058	0.895	0.06249999999999989
0.165	0.286	0.084	-0.01999999999999999
0.086	0.008	-0.485	0.3245
0.132	-0.203	-0.713	0.59
-1.165	-0.63	-0.15	-0.775
0.411	0.256	-0.16	0.363
0.827	0.658	0.675	0.16049999999999986
1.587	1.813	1.685	-0.16200000000000014
-0.239	0.044	0.577	-0.5495
-0.015	-0.07	-0.034	0.037000000000000005
-0.104	-0.328	-0.295	0.20750000000000002
0.691	1.151	1.019	-0.394
0.958	0.882	1.1	-0.03300000000000014
0.77	0.503	0.348	0.34450000000000003
1.38	0.662	0.746	0.6759999999999999
1.108	1.526	0.758	-0.03399999999999981
0.084	-0.566	0.156	0.289
0.493	0.774	0.607	-0.1975
1.059	0.995	0.609	0.2569999999999999
0.26	0.134	0.062	0.162
-0.099	-0.262	-0.544	0.30400000000000005
0.154	0.444	-0.181	0.022499999999999992
0.537	0.611	0.402	0.030500000000000083
0.522	0.514	0.434	0.04800000000000004
-0.254	-0.254	-0.446	0.09599999999999997
0.622	0.498	0.383	0.1815
0.694	0.601	0.53	0.12849999999999995
0.907	1.001	0.632	0.09050000000000002
1.289	0.905	0.881	0.3959999999999999
0.494	0.616	0.838	-0.23299999999999998
0.694	0.514	0.641	0.11649999999999994
0.704	0.77	0.583	0.02749999999999997
0.522	0.287	-0.178	0.4675
-0.458	-0.296	-0.171	-0.22450000000000003
0.736	0.428	0.208	0.418
1.443	0.884	0.408	0.797
0.03	0.331	0.216	-0.24350000000000002
0.525	0.389	0.436	0.11250000000000004
-0.306	-0.241	-0.765	0.197
-0.736	-0.497	-0.519	-0.22799999999999998
-0.353	-0.446	-0.275	0.007500000000000062
-0.228	-0.399	-0.175	0.059000000000000025
0.135	-0.414	-0.194	0.439
0.412	0.576	0.38	-0.066
1.194	1.224	0.755	0.2044999999999999
-0.263	-0.474	0.102	-0.07700000000000001
0.105	-0.399	-0.088	0.3485
0.106	0.008	0.111	0.0465
-0.428	-0.346	-0.25	-0.13
-0.285	-0.16	-0.172	-0.119
0.049	0.169	-0.394	0.1615
0.906	0.69	0.463	0.3295
0.99	0.617	0.786	0.2885
1.303	1.293	0.874	0.21950000000000003
1.641	1.469	1.266	0.27349999999999985
1.621	1.637	1.296	0.15450000000000008
0.479	0.298	0.067	0.2965
0.325	0.264	0.355	0.015500000000000014
0.367	0.314	0.168	0.126
1.36	1.056	0.967	0.34850000000000003
1.127	1.566	1.014	-0.16300000000000003
0.46	0.029	0.268	0.3115
0.7	0.447	0.066	0.44349999999999995
-0.407	-0.387	0.217	-0.32199999999999995
0.044	0.028	-0.161	0.1105
0.531	0.132	0.473	0.22850000000000004
0.186	0.648	0.539	-0.40750000000000003
0.954	0.505	0.584	0.4095
-0.267	-0.057	-0.197	-0.14
-0.095	0.002	0.104	-0.148
0.562	-0.028	0.175	0.48850000000000005
0.67	0.22	-0.064	0.5920000000000001
0.28	0.123	0.143	0.14700000000000002
-0.071	0.486	0.198	-0.413
-0.179	-0.386	-0.295	0.16150000000000003
0.191	0.018	0.001	0.1815
-0.391	-0.146	0.251	-0.4435
0.049	0.153	0.461	-0.258
0.241	0.203	0.286	-0.003500000000000003
0.68	0.443	0.109	0.404
-0.259	-0.47	-0.206	0.07899999999999996
-0.178	-0.413	-0.101	0.07900000000000001
0.305	0.278	-0.408	0.37
0.705	0.637	0.16	0.30649999999999994
0.68	0.449	0.446	0.23250000000000004
0.034	-0.004	0.549	-0.23850000000000002
-0.017	-0.072	0.068	-0.015000000000000006
0.073	-0.336	-0.043	0.2625
0.448	0.344	0.278	0.137
0.539	0.614	0.868	-0.20199999999999996
-0.776	-0.826	-0.932	0.10299999999999998
-0.291	-0.664	-0.183	0.1325
0.154	-0.235	0.121	0.211
0.327	-0.029	-0.029	0.35600000000000004
0.054	0.584	0.796	-0.6359999999999999
-0.068	0.314	0.55	-0.5
0.904	0.502	0.288	0.509
-0.154	-0.224	-0.112	0.014000000000000012
0.083	0.138	-0.15	0.089
-0.834	-0.44	-0.289	-0.4695
-0.153	-0.241	-0.502	0.2185
-0.498	-0.245	-0.212	-0.2695
-0.418	-0.123	-0.761	0.02400000000000002
0.024	-0.067	-0.354	0.2345
0.411	0.223	0.687	-0.04400000000000004
0.935	0.755	0.626	0.24450000000000005
1.784	1.295	0.747	0.7630000000000001
-0.031	-0.31	-0.185	0.2165
0.675	0.589	0.4	0.18050000000000005
-0.177	0.583	0.113	-0.5249999999999999
-0.151	-0.079	0.446	-0.3345
-0.998	-0.614	-0.824	-0.279
0.162	0.058	-0.201	0.2335
0.754	-0.098	-0.141	0.8734999999999999
1.133	0.478	-0.219	1.0035
-0.35	-0.233	-0.192	-0.13749999999999996
0.497	0.277	-0.006	0.3615
-0.152	0.044	-0.173	-0.0875
0.202	-0.174	-0.019	0.2985
0.856	0.494	-0.048	0.633
0.281	-0.006	0.41	0.07900000000000004
-0.186	0.309	0.068	-0.3745
0.638	0.394	0.117	0.3825
0.627	0.233	-0.203	0.612
0.643	0.302	0.011	0.48650000000000004
0.962	0.793	0.059	0.5359999999999999
-0.435	-0.624	-0.946	0.3499999999999999
-0.486	-0.067	0.109	-0.507
0.201	0.088	-0.207	0.2605
0.416	0.061	-0.24	0.5055
-0.793	-0.739	-0.476	-0.1855000000000001
0.253	0.699	0.526	-0.35950000000000004
0.495	0.197	-0.542	0.6675
0.676	0.204	0.169	0.48950000000000005
-0.25	-0.258	0.021	-0.1315
-0.024	0.301	-0.236	-0.0565
0.193	-0.24	0.043	0.2915
0.798	0.044	0.264	0.644
-0.728	-0.38	-0.349	-0.3635
-0.052	-0.126	-0.517	0.2695
0.452	0.463	0.613	-0.08600000000000002
0.776	0.198	0.343	0.5055000000000001
-0.059	-0.661	-0.325	0.434
0.559	0.281	-0.033	0.43500000000000005
0.189	0.007	0.597	-0.11299999999999999
0.412	0.287	0.321	0.10799999999999998
0.451	0.431	-0.207	0.339
-0.995	-0.597	-0.111	-0.641
0.149	0.204	-0.757	0.4255
0.494	0.477	0.224	0.14350000000000002
0.707	0.757	0.455	0.10099999999999998
0.137	-0.216	-0.572	0.5309999999999999
0.356	0.345	-0.281	0.324
0.108	-0.392	-0.513	0.5605
0.899	0.987	-0.18	0.49550000000000005
0.641	0.249	0.546	0.2435
0.5	0.552	0.38	0.033999999999999975
0.711	0.468	0.571	0.1915
-0.007	-0.289	-0.284	0.27949999999999997
0.261	0.163	0.193	0.08300000000000002
0.16	0.168	-0.032	0.092
0.644	0.155	0.255	0.439
0.239	0.096	0.368	0.007000000000000006
-0.634	-0.638	-0.287	-0.17149999999999999
0.016	-0.055	-0.472	0.2795
0.319	0.511	0.497	-0.185
-0.296	-0.598	-0.456	0.23100000000000004
0.461	0.342	0.398	0.09100000000000003
0.59	0.578	0.493	0.05449999999999999
-0.432	-0.29	-0.328	-0.123
0.064	-0.414	-0.441	0.4915
0.286	0.316	0.907	-0.32550000000000007
0.599	0.651	0.341	0.10299999999999998
0.602	0.468	-0.414	0.575
0.059	-0.379	0.227	0.135
0.139	-0.324	0.056	0.273
0.814	0.912	-0.17	0.44299999999999995
-0.333	-0.176	-0.227	-0.1315
-1.181	-0.926	-0.184	-0.626
-0.018	0.097	0.342	-0.23750000000000002
-0.543	-1.087	-0.126	0.0635
-0.037	-0.198	-0.674	0.3990000000000001
0.106	-0.388	0.244	0.178
0.461	0.094	0.021	0.4035
0.927	0.447	-0.09	0.7485
1.157	0.629	0.024	0.8305
1.015	1.246	0.654	0.06499999999999995
0.094	0.623	1.198	-0.8165
0.902	1.129	0.459	0.10799999999999998
-0.861	-0.863	-0.496	-0.1815
-0.256	0.75	0.614	-0.938
-1.316	-0.983	-1.011	-0.3190000000000002
-0.68	-1.061	-1.027	0.364
-0.358	-0.544	-1.044	0.43600000000000005
0.52	0.311	-0.393	0.561
-0.151	-0.542	-0.514	0.377
0.399	0.409	-0.088	0.23850000000000005
0.31	0.073	-0.126	0.3365
0.731	0.663	0.348	0.22549999999999992
1.018	1.038	0.63	0.18399999999999994
-0.314	-0.163	-0.252	-0.10649999999999998
-0.924	-0.859	-0.542	-0.22350000000000003
-0.444	-0.755	-0.318	0.09249999999999997
0.671	0.237	0.093	0.506
-0.121	-0.103	-0.508	0.1845
0.717	0.606	0.534	0.1469999999999999
0.159	0.081	0.359	-0.061
1.175	0.72	0.558	0.536
1.052	1.301	1.465	-0.33099999999999996
0.745	0.412	0.444	0.317
0.076	-0.157	-0.288	0.2985
0.232	-0.154	0.181	0.21850000000000003
0.03	-0.444	-0.684	0.5940000000000001
0.395	0.352	-0.195	0.3165
0.75	0.59	0.245	0.3325
0.654	0.512	0.469	0.16350000000000003
0.292	0.969	0.635	-0.51
0.238	0.125	-0.249	0.3
0.424	0.302	0.272	0.13699999999999996
0.163	0.314	-0.14	0.07600000000000001
-0.109	-0.526	-0.463	0.38550000000000006
0.119	-0.111	-0.496	0.4225
0.588	0.089	-0.394	0.7404999999999999
1.328	1.268	1.439	-0.025499999999999856
0.159	0.178	0.102	0.019000000000000017
0.551	0.279	0.129	0.34700000000000003
0.61	0.47	0.247	0.2515
0.84	0.832	1.186	-0.16899999999999993
0.112	-0.152	-0.218	0.297
0.003	0.04	0.025	-0.029500000000000002
-0.036	-0.175	-0.322	0.2125
-0.283	-0.565	-0.301	0.14999999999999997
0.196	-0.092	-0.092	0.28800000000000003
0.76	0.163	-0.223	0.79
-0.308	0.082	-0.175	-0.2615
0.534	0.497	0.183	0.19400000000000006
1.207	0.707	0.51	0.5985
0.768	0.651	0.607	0.139
-0.358	-0.187	0.618	-0.5735
1.21	0.933	0.756	0.36549999999999994
1.109	1.159	0.748	0.15549999999999997
-0.287	-0.321	-0.387	0.067
-0.159	0.045	-0.331	-0.015999999999999986
-0.221	-0.2	0.094	-0.16799999999999998
-0.51	-0.59	-0.749	0.15949999999999998
0.231	-0.224	0.014	0.336
0.901	0.985	0.416	0.2005
0.577	0.118	0.411	0.3125
0.076	0.356	0.415	-0.30949999999999994
-0.058	-0.143	-0.025	0.02599999999999999
-0.042	0.115	0.452	-0.3255
0.655	-0.011	0.345	0.48800000000000004
0.212	-0.238	-0.569	0.6154999999999999
0.605	0.977	0.193	0.020000000000000018
0.484	0.532	0.943	-0.25350000000000006
0.464	0.439	0.004	0.24250000000000002
1.008	0.83	0.954	0.1160000000000001
0.288	0.495	0.238	-0.07850000000000001
0.674	0.343	0.445	0.28
-1.212	-0.889	-0.534	-0.5005
-0.103	-0.525	-0.534	0.4265000000000001
0.141	-0.138	0.153	0.1335
0.525	0.548	0.207	0.14750000000000002
-0.269	-0.666	-1.28	0.7040000000000001
0.483	0.49	-0.533	0.5045
-0.493	-0.321	-0.002	-0.3315
0.146	0.207	0.289	-0.10200000000000001
-0.234	-0.133	-0.315	-0.010000000000000009
0.112	0.012	-0.221	0.2165
0.669	0.151	0.623	0.28200000000000003
0.687	0.414	0.485	0.23750000000000004
0.519	0.796	0.389	-0.07350000000000001
-0.33	-0.149	-0.305	-0.10300000000000004
0.282	-0.022	-0.182	0.38399999999999995
0.518	0.493	0.162	0.1905
1.778	1.655	0.741	0.5800000000000001
1.056	1.679	1.529	-0.548
-0.068	0.124	0.586	-0.423
-0.003	-0.085	-0.364	0.2215
-0.523	-0.579	-0.421	-0.02300000000000002
0.006	-0.047	-0.038	0.048499999999999995
0.367	0.686	0.682	-0.31700000000000006
0.025	-0.291	-0.546	0.4435
0.131	0.616	0.521	-0.4375
0.902	0.633	0.956	0.10750000000000004
1.392	1.278	0.702	0.4019999999999999
1.923	1.462	0.95	0.7170000000000001
-0.362	-0.446	-0.211	-0.033499999999999974
0.476	-0.096	-0.344	0.696
0.11	0.335	-0.123	0.00399999999999999
0.255	0.704	0.241	-0.21749999999999997
0.378	0.583	0.358	-0.09249999999999997
0.167	0.359	0.366	-0.19549999999999998
0.807	0.085	-0.321	0.925
0.064	-0.696	0.043	0.39049999999999996
-0.383	-0.724	-0.733	0.3454999999999999
0.054	-0.506	-0.233	0.4235
0.122	-0.15	-0.462	0.428
0.558	0.193	0.381	0.271
0.977	0.455	0.292	0.6034999999999999
1.468	1.086	0.314	0.7679999999999999
0.026	-0.41	0.041	0.2105
-0.204	0.029	-0.291	-0.07300000000000001
0.127	-0.132	-0.023	0.20450000000000002
-0.144	-0.56	-0.003	0.13750000000000004
-0.782	-0.606	-0.281	-0.3385
0.961	0.161	0.207	0.7769999999999999
-0.2	-0.182	-0.001	-0.10850000000000001
0.402	0.153	0.788	-0.0685
-0.008	0.01	0.664	-0.34500000000000003
-0.179	-0.103	0.054	-0.1545
0.621	0.005	-0.562	0.8995
0.621	0.297	-0.402	0.6735
0.424	0.363	0.653	-0.08400000000000002
-0.065	-0.28	0.06	0.04500000000000001
-0.437	-0.437	-0.453	0.008000000000000007
0.116	-0.033	-0.48	0.3725
0.129	0.276	0.358	-0.188
-0.041	-0.367	-0.276	0.2805
-0.848	-0.836	0.044	-0.452
0.629	0.356	-0.24	0.571
0.509	0.084	0.611	0.16150000000000003
-0.386	-0.615	-0.191	0.017000000000000015
-0.351	0.538	-0.357	-0.4415
0.184	-0.235	-0.8	0.7015
-0.524	-0.438	-0.624	0.007000000000000006
0.482	-0.038	0.166	0.418
0.885	0.365	-0.029	0.7170000000000001
-0.007	0.496	1.204	-0.857
-0.057	-0.115	-0.559	0.28
0.304	0.41	0.498	-0.14999999999999997
0.775	0.739	0.379	0.21600000000000008
0.869	0.814	0.433	0.24550000000000005
0.22	-0.364	-0.173	0.48849999999999993
0.109	-0.137	-0.449	0.402
0.628	0.143	-0.268	0.6905
0.132	0.731	0.963	-0.715
-0.626	-0.417	-0.755	-0.040000000000000036
0.466	0.263	0.102	0.28350000000000003
0.98	0.626	0.245	0.5445
0.446	0.783	0.977	-0.434
1.073	0.542	1.074	0.2649999999999999
1.234	0.77	0.904	0.397
0.507	-0.069	-0.306	0.6945
0.548	0.01	-0.192	0.639
-0.133	-0.038	-0.654	0.21300000000000002
0.21	0.507	0.699	-0.393
0.2	-0.521	0.412	0.25450000000000006
-0.612	-0.404	-0.519	-0.15049999999999997
-0.723	-0.787	0.163	-0.411
0.08	0.18	0.423	-0.22149999999999997
1.052	1.232	0.143	0.36450000000000005
0.065	-0.146	-0.127	0.2015
0.726	0.199	-0.078	0.6655
0.707	0.23	0.357	0.4135
0.528	0.667	0.429	-0.020000000000000018
-0.024	0.373	-0.458	0.01850000000000001
0.452	0.08	0.27	0.277
0.195	0.279	0.204	-0.046499999999999986
0.665	0.676	0.238	0.20800000000000002
0.074	0.212	0.514	-0.289
0.292	-0.075	-0.01	0.33449999999999996
0.492	0.071	-0.287	0.6
-0.629	-0.592	-0.381	-0.14250000000000002
0.857	0.897	0.891	-0.03700000000000003
0.657	0.542	0.773	-0.0004999999999999449
-0.181	-0.551	-0.158	0.17350000000000004
0.126	0.398	-0.428	0.141
1.012	0.47	0.283	0.6355000000000001
-0.465	-0.176	-0.507	-0.1235
0.702	0.472	0.46	0.236
0.696	1.172	0.549	-0.1645000000000001
0.928	0.934	0.738	0.09199999999999997
1.48	1.365	0.931	0.33199999999999985
-0.141	-0.237	0.303	-0.174
-0.186	0.045	-0.181	-0.118
-0.099	0.178	0.083	-0.2295
0.387	0.904	0.372	-0.251
0.235	0.056	0.678	-0.13200000000000006
0.135	0.009	-0.301	0.281
0.491	0.602	0.517	-0.0685
0.51	0.508	0.743	-0.11549999999999994
0.593	0.503	0.674	0.0044999999999999485
-0.952	-0.864	-1.031	-0.0044999999999999485
0.836	0.686	0.193	0.39649999999999996
0.085	0.624	0.85	-0.652
0.53	0.947	0.414	-0.15049999999999997
0.944	0.793	0.722	0.1864999999999999
0.343	0.547	0.65	-0.2555
-0.781	-0.369	-0.481	-0.35600000000000004
0.321	0.323	-0.268	0.2935
-0.22	-0.341	-0.38	0.14050000000000004
0.403	0.218	-0.303	0.4455
-0.602	-0.497	-0.548	-0.07950000000000002
-0.42	-0.341	0.094	-0.2965
-0.264	-0.731	-0.509	0.356
0.362	0.038	-0.387	0.5365
0.489	0.825	0.211	-0.029000000000000026
0.174	0.398	0.713	-0.3815
0.173	0.011	-0.314	0.3245
-0.068	-0.088	0.22	-0.134
0.105	0.321	0.461	-0.28600000000000003
0.353	0.528	0.27	-0.04600000000000004
-0.645	-0.944	-0.456	0.05499999999999994
0.37	0.062	0.082	0.298
1.06	1.116	0.14	0.43199999999999994
-0.68	-0.403	-0.479	-0.23900000000000005
-0.25	-0.736	0.035	0.10049999999999998
-0.107	0.314	-0.585	0.028499999999999984
0.014	-0.264	0.478	-0.09299999999999999
0.146	0.216	0.243	-0.08349999999999999
0.3	0.39	0.128	0.04099999999999998
0.335	0.068	0.141	0.23050000000000004
0.819	0.54	0.122	0.48799999999999993
1.562	0.965	0.373	0.893
0.002	-0.111	0.038	0.038500000000000006
0.389	0.426	0.356	-0.0020000000000000018
1.193	1.296	0.427	0.3315
-0.245	-0.511	-0.66	0.3405
0.159	-0.083	-0.166	0.2835
0.513	0.752	-0.042	0.15800000000000003
-0.694	-0.523	-0.758	-0.05349999999999988
-0.265	-0.7	-0.53	0.35
1.329	0.431	-0.591	1.409
0.008	0.124	0.333	-0.2205
-0.21	-0.514	0.091	0.001500000000000029
0.036	-0.176	-0.176	0.212
-0.183	-0.4	0.496	-0.23099999999999998
0.711	0.515	0.394	0.25649999999999995
0.197	-0.182	-0.357	0.46649999999999997
1.58	0.991	0.844	0.6625000000000001
-0.369	-0.137	-0.543	-0.02899999999999997
-0.128	-0.238	-0.382	0.182
0.556	0.624	0.088	0.20000000000000007
0.888	1.17	0.648	-0.02100000000000002
1.329	0.944	1.103	0.3055000000000001
0.435	0.652	1.252	-0.5169999999999999
-1.263	-1.477	-0.918	-0.06549999999999989
-0.581	-0.773	-1.406	0.5085
0.367	-0.122	-0.446	0.651
-0.042	0.089	0.284	-0.2285
0.451	-0.182	-0.231	0.6575
0.201	0.964	0.507	-0.5345
-0.718	-0.215	-0.141	-0.54
0.807	1.084	0.653	-0.0615
0.246	0.236	0.768	-0.256
-0.475	-0.238	-0.162	-0.27499999999999997
0.541	-0.25	-0.199	0.7655000000000001
-0.058	-0.203	0.288	-0.10049999999999998
-0.182	-0.278	-0.259	0.08650000000000002
-0.372	-0.149	-0.215	-0.19
-0.168	-0.498	-0.065	0.11349999999999996
-0.917	-0.537	-0.577	-0.3600000000000001
-0.062	-0.124	0.01	-0.0049999999999999975
0.633	0.722	0.365	0.08950000000000002
0.938	1.002	0.775	0.04949999999999988
1.148	1.429	0.981	-0.05700000000000016
-0.767	-0.493	-0.361	-0.34
0.205	0.189	0.338	-0.058500000000000024
0.247	0.141	0.421	-0.033999999999999975
-0.775	-0.934	-0.735	0.0595
0.086	-0.805	-0.766	0.8715
0.567	-0.118	-0.935	1.0935
0.26	0.424	0.186	-0.044999999999999984
-0.583	-0.923	-0.538	0.14750000000000008
0.392	0.146	0.001	0.3185
0.28	0.568	0.907	-0.4575
0.129	0.124	0.159	-0.012500000000000011
-0.578	-0.362	-0.58	-0.10699999999999998
0.261	-0.04	0.15	0.20600000000000002
0.218	0.002	0.236	0.099
0.999	0.839	0.166	0.49650000000000005
-0.141	0.305	0.282	-0.4345
0.155	-0.121	0.003	0.214
-0.01	0.16	0.381	-0.2805
-0.021	-0.087	0.109	-0.032
0.132	-0.126	0.46	-0.035
-0.177	0.376	0.052	-0.391
-0.34	-0.274	0.256	-0.331
-0.18	0.277	-0.43	-0.10350000000000001
0.952	0.375	0.152	0.6884999999999999
0.164	0.329	0.66	-0.3305
-0.652	-0.48	-0.37	-0.22700000000000004
0.528	0.271	0.231	0.277
0.531	0.598	0.7	-0.118
0.987	0.593	0.551	0.4149999999999999
0.99	1.321	1.096	-0.21849999999999992
1.174	1.105	1.213	0.014999999999999902
0.598	0.522	0.117	0.27849999999999997
0.423	0.725	0.701	-0.29
-0.713	-0.969	-0.741	0.14200000000000002
-0.202	-0.495	-0.943	0.5169999999999999
0.036	-0.186	-0.327	0.2925
0.528	0.227	0.302	0.2635
-0.091	-0.355	-0.078	0.1255
0.64	0.258	-0.248	0.635
0.713	0.877	0.133	0.20799999999999996
0.608	0.242	0.058	0.45799999999999996
0.671	0.777	1.084	-0.25950000000000006
0.965	0.703	1.106	0.06049999999999989
0.43	0.25	0.271	0.16949999999999998
0.656	0.305	-0.046	0.5265
-0.178	0.217	0.052	-0.3125
0.377	0.376	-0.1	0.239
0.867	0.354	0.146	0.617
0.567	0.597	0.794	-0.12850000000000006
0.166	0.362	0.843	-0.4365
0.604	0.43	0.517	0.13049999999999995
0.211	-0.438	-0.532	0.696
0.14	-0.219	0.005	0.247
-0.004	0.092	0.42	-0.26
-0.26	0.091	0.106	-0.35850000000000004
0.311	-0.048	0.146	0.262
0.261	0.359	0.332	-0.08450000000000002
-0.323	-0.231	-0.206	-0.10450000000000001
0.126	0.112	0.516	-0.188
0.463	0.378	0.239	0.15450000000000003
-0.248	0.093	-0.278	-0.15549999999999997
0.157	0.52	0.518	-0.362
0.643	0.721	0.083	0.24100000000000005
-0.547	-0.659	-0.771	0.16800000000000004
-0.554	0.019	-0.523	-0.30200000000000005
0.515	0.905	1.224	-0.5495
-0.532	-0.192	0.418	-0.645
-0.171	-0.312	0.043	-0.036500000000000005
-0.737	-0.565	-0.877	-0.016000000000000014
0.638	0.418	0.503	0.1775
0.924	0.637	0.945	0.13300000000000012
1.138	0.707	0.918	0.3254999999999999
1.028	1.225	0.787	0.02200000000000002
0.289	-0.071	-0.16	0.40449999999999997
-0.057	-0.156	-0.152	0.097
-0.367	-0.478	-0.199	-0.02849999999999997
0.142	0.373	0.334	-0.21150000000000005
0.776	0.561	0.034	0.4785
0.111	0.016	0.568	-0.181
0.814	0.124	0.253	0.6255
0.688	0.414	0.977	-0.007500000000000062
0.648	0.632	0.077	0.29350000000000004
0.688	0.253	-0.497	0.8099999999999999
0.861	0.55	-0.277	0.7244999999999999
0.72	1.372	0.587	-0.25950000000000006
0.849	1.195	0.825	-0.16100000000000003
-0.489	-0.511	-0.363	-0.05199999999999999
0.481	0.38	-0.387	0.4845
0.634	0.385	0.303	0.29000000000000004
0.394	0.705	1.061	-0.489
-0.461	-0.597	-1.106	0.3905
-0.682	-0.872	-0.183	-0.15450000000000008
-0.046	0.133	0.004	-0.1145
-0.112	0.097	0.026	-0.1735
0.175	0.08	0.11	0.07999999999999999
-0.25	-0.218	-0.393	0.055499999999999994
0.092	-0.215	-0.264	0.3315
-0.064	0.408	0.451	-0.4935
0.18	0.032	-0.271	0.2995
0.353	0.5	0.298	-0.04600000000000004
0.762	0.391	0.562	0.2855
-0.35	-0.483	-0.822	0.3025
-0.969	-0.641	-0.597	-0.35
-0.042	-0.821	-0.608	0.6724999999999999
0.254	0.433	-0.187	0.131
0.722	0.768	0.793	-0.058499999999999996
-0.18	-0.197	0.13	-0.1465
-0.197	-0.499	-0.128	0.11649999999999999
0.29	0.36	0.023	0.09849999999999998
0.024	-0.269	-0.005	0.161
0.565	0.669	0.475	-0.007000000000000117
0.239	0.349	0.181	-0.026000000000000023
0.086	0.234	0.259	-0.1605
0.324	0.433	0.704	-0.2445
-0.076	-0.173	-0.232	0.1265
0.788	0.92	0.112	0.272
1.664	1.76	0.989	0.28949999999999987
0.942	0.427	0.645	0.4059999999999999
0.293	0.689	0.892	-0.4975
0.189	0.068	-0.125	0.2175
0.343	0.565	0.488	-0.18349999999999994
-1.055	-1.363	-1.246	0.24950000000000006
0.051	0.445	0.167	-0.255
0.275	0.287	-0.098	0.18050000000000005
0.349	-0.324	-0.002	0.512
0.875	0.451	-0.262	0.7805
0.113	0.177	0.878	-0.4145
0.704	0.379	-0.081	0.5549999999999999
1.009	0.646	0.096	0.6379999999999999
-1.049	-1.025	-0.664	-0.2044999999999999
-0.129	-0.382	-0.298	0.21099999999999997
-0.346	0.133	0.219	-0.522
-0.07	-0.232	-0.012	0.052000000000000005
-0.333	0.208	0.495	-0.6845
0.044	-0.044	0.027	0.0525
0.474	0.487	0.427	0.017000000000000015
1.021	0.893	0.743	0.20299999999999985
1.1	0.56	0.556	0.542
0.005	-0.445	-0.519	0.487
-0.442	-0.451	-0.686	0.1265
0.032	0.38	0.644	-0.48
-0.279	-0.492	-0.918	0.42600000000000005
1.308	1.116	0.673	0.4135
0.82	0.224	-0.008	0.712
1.152	1.047	0.928	0.16449999999999987
0.227	0.263	0.44	-0.12450000000000003
0.501	0.305	0.77	-0.03649999999999998
0.242	0.688	0.384	-0.29400000000000004
0.377	0.495	0.547	-0.14400000000000002
0.871	0.419	0.567	0.378
-0.374	-0.656	-0.768	0.33799999999999997
0.036	0.389	0.126	-0.2215
0.167	-0.068	0.132	0.135
-0.648	-0.697	-0.712	0.056499999999999884
-0.258	-0.272	-0.692	0.22399999999999998
-0.169	0.293	0.259	-0.44500000000000006
0.319	0.335	-0.079	0.191
0.615	0.676	0.752	-0.09899999999999998
1.273	0.793	0.61	0.5714999999999999
0.097	-0.771	-0.576	0.7705
-0.231	-0.794	-0.451	0.39150000000000007
-0.495	0.109	-0.659	-0.21999999999999997
0.261	0.395	0.449	-0.16100000000000003
0.453	0.268	0.283	0.17750000000000005
0.868	0.915	0.363	0.22899999999999998
-0.986	-1.144	-0.869	0.020499999999999963
-0.788	-0.642	-0.588	-0.17300000000000004
-0.19	-0.779	-0.454	0.42650000000000005
-0.022	0.61	0.217	-0.4355
-0.512	0.157	0.248	-0.7145
-0.033	-0.085	-0.038	0.028499999999999998
1.164	1.146	0.994	0.09400000000000008
0.846	1.218	1.326	-0.42600000000000005
0.39	0.347	0.261	0.08600000000000002
-0.434	-0.533	-0.226	-0.05449999999999999
0.563	0.596	0.758	-0.1140000000000001
-0.558	-0.119	-0.033	-0.48200000000000004
-0.539	-0.421	-0.202	-0.22750000000000004
0.004	-0.513	-0.33	0.4255
0.667	-0.171	-0.387	0.9460000000000001
0.027	-0.096	0.193	-0.021500000000000002
-0.034	0.256	-0.196	-0.064
-0.038	-0.224	-0.593	0.3705
0.628	-0.059	-0.556	0.9355
0.395	0.184	0.463	0.07150000000000001
0.77	0.879	0.492	0.08450000000000002
1.304	1.153	0.875	0.29000000000000004
1.489	1.317	1.054	0.3035000000000001
-0.117	-0.263	0.342	-0.15650000000000003
0.176	0.266	0.244	-0.07900000000000001
-0.366	-0.101	0.311	-0.471
0.173	-0.125	0.067	0.20199999999999999
0.021	0.006	-0.837	0.4365
-0.029	-0.063	0.094	-0.0445
-1.117	-0.807	-0.669	-0.379
-0.361	-0.33	-0.403	0.00550000000000006
-0.191	-0.446	-0.38	0.22200000000000003
-0.203	0.063	-0.404	-0.0325
1.259	1.047	-0.026	0.7484999999999999
0.981	1.25	0.565	0.07350000000000001
1.256	1.096	1.288	0.06399999999999983
0.309	0.178	-0.074	0.257
0.626	0.292	-0.07	0.515
0.58	0.856	0.67	-0.18300000000000005
1.022	0.472	0.7	0.43600000000000005
0.563	0.848	0.501	-0.11150000000000004
1.38	0.878	0.68	0.6009999999999999
0.584	0.854	1.354	-0.5200000000000001
-0.349	-0.201	0.134	-0.3155
-0.264	-0.258	-0.033	-0.1185
-0.064	0.139	-0.21	-0.02850000000000001
-0.069	-0.328	-0.467	0.3285
-0.168	-0.042	-0.017	-0.1385
0.657	0.899	0.368	0.023500000000000076
1.182	0.811	0.788	0.38249999999999984
0.164	-0.105	-0.006	0.2195
0.535	0.499	0.104	0.23350000000000004
-0.213	0.378	0.089	-0.4465
0.325	0.04	0.089	0.2605
0.59	0.471	0.468	0.12049999999999994
0.513	0.188	0.066	0.386
-0.432	-0.73	-0.222	0.043999999999999984
0.083	-0.479	-0.502	0.5735
0.925	1.078	0.483	0.14450000000000007
0.734	0.991	0.942	-0.23249999999999993
1.33	0.93	1.079	0.3255000000000001
-0.556	-0.574	0.037	-0.2875000000000001
-1.138	-0.608	-0.464	-0.6019999999999999
-0.257	-0.173	-0.302	-0.019500000000000017
0.751	0.727	0.74	0.01749999999999996
0.134	0.892	0.745	-0.6845
0.583	0.703	0.606	-0.07150000000000001
2.113	1.452	0.609	1.0825
0.476	0.467	-0.045	0.26499999999999996
0.403	0.285	-0.194	0.35750000000000004
0.935	0.443	-0.071	0.7490000000000001
0.372	0.325	1.219	-0.4
-0.95	-0.464	-0.164	-0.6359999999999999
-0.115	-0.634	-0.774	0.589
-0.597	-0.941	-0.667	0.20700000000000007
0.369	0.023	0.247	0.23399999999999999
1.124	0.893	0.929	0.21300000000000008
-0.18	-0.545	-0.116	0.15050000000000002
-0.581	-0.274	-0.801	-0.04349999999999987
-0.417	-0.656	-0.357	0.08949999999999997
0.136	0.035	-0.292	0.2645
0.771	0.133	-0.377	0.893
0.425	0.482	0.847	-0.2395
-0.833	-0.513	-0.088	-0.5325
-0.178	0.32	0.455	-0.5655
0.22	-0.052	0.402	0.044999999999999984
1.177	0.435	0.093	0.913
0.449	0.786	1.167	-0.5275000000000001
-0.005	-0.257	-0.618	0.4325
0.054	-0.369	0.298	0.0895
-0.358	0.208	0.213	-0.5685
-0.017	0.058	0.13	-0.111
0.042	0.186	-0.043	-0.029500000000000005
-0.741	-0.566	-0.758	-0.07900000000000007
0.066	0.22	0.673	-0.3805
-0.001	0.049	0.271	-0.161
0.861	0.76	0.453	0.25449999999999995
-0.482	-0.432	-0.436	-0.04799999999999999
-0.321	-0.848	-0.711	0.45849999999999996
0.157	0.348	-0.703	0.3345
0.517	0.402	-0.437	0.5345
1.254	0.915	0.269	0.6619999999999999
0.296	0.134	0.776	-0.15900000000000003
-0.636	-0.402	0.49	-0.6799999999999999
0.494	0.649	0.166	0.08649999999999997
-0.049	-0.216	-0.056	0.08700000000000001
-0.436	-0.553	-0.096	-0.11149999999999999
-0.174	-0.194	-0.215	0.030500000000000027
-0.657	-0.775	-0.448	-0.045499999999999985
0.698	0.053	-0.001	0.6719999999999999
0.768	1.047	0.23	0.12950000000000006
0.07	-0.064	-0.008	0.10600000000000001
0.134	0.174	0.259	-0.08249999999999999
0.556	0.318	0.296	0.24900000000000005
0.387	0.617	1.093	-0.46799999999999997
-0.49	-1.051	-0.439	0.255
-0.304	-0.655	0.269	-0.11099999999999999
-0.11	0.103	-0.418	0.0475
-0.14	0.124	0.59	-0.497
0.174	0.065	-0.101	0.192
0.351	-0.02	-0.615	0.6685
0.557	0.71	0.254	0.07500000000000007
-0.003	-0.124	-0.286	0.20199999999999999
-0.101	0.222	0.134	-0.279
0.754	0.659	0.27	0.2895
0.805	0.842	0.827	-0.02949999999999997
0.208	0.355	0.257	-0.098
-0.597	-0.308	-0.408	-0.239
0.854	0.317	1.114	0.13849999999999996
-0.402	-0.304	-0.267	-0.11650000000000005
-0.033	-0.363	-0.22	0.25849999999999995
0.056	-0.176	-0.252	0.27
0.413	0.371	-0.222	0.33849999999999997
0.591	0.461	-0.062	0.39149999999999996
0.165	-0.049	0.927	-0.274
0.331	0.052	0.656	-0.02300000000000002
-0.441	-0.3	-0.255	-0.16350000000000003
-0.133	-0.769	-1.127	0.815
0.346	-0.543	-0.753	0.994
0.678	0.492	-0.296	0.5800000000000001
0.724	0.741	0.827	-0.06000000000000005
0.271	0.134	0.234	0.08700000000000002
0.041	0.361	0.165	-0.222
0.611	0.775	0.184	0.13149999999999995
-0.053	-0.182	0.069	0.003499999999999996
0.057	-0.115	-0.523	0.376
0.085	-0.182	-0.693	0.5225
-0.271	-0.376	0.207	-0.1865
0.421	-0.378	-0.09	0.655
0.643	0.227	-0.36	0.7095
0.881	0.233	-0.373	0.951
0.907	0.938	-0.035	0.45550000000000007
0.477	-0.242	-0.229	0.7124999999999999
0.511	0.179	0.215	0.314
0.689	0.352	0.235	0.39549999999999996
0.835	0.664	0.25	0.37799999999999995
0.868	0.918	0.75	0.03399999999999992
0.864	0.89	0.814	0.01200000000000001
0.102	0.502	0.803	-0.5505000000000001
-0.463	-0.466	-0.143	-0.15850000000000003
-0.263	-0.489	-0.148	0.055499999999999994
-1.278	-0.736	-0.246	-0.787
-0.055	-0.132	-0.621	0.3215
0.225	-0.068	-0.52	0.519
1.058	1.145	1.607	-0.31799999999999984
0.52	0.311	0.828	-0.04949999999999999
0.819	0.473	0.414	0.37549999999999994
-0.264	-0.271	0.257	-0.257
0.487	0.085	0.654	0.1175
-0.396	-0.03	0.177	-0.46950000000000003
-0.888	-0.359	-0.209	-0.6040000000000001
0.974	0.673	0.374	0.4504999999999999
0.595	0.783	1.117	-0.355
1.3	1.026	0.753	0.4105000000000001
0.519	1.343	1.418	-0.8615
0.397	0.182	0.048	0.28200000000000003
0.61	0.126	0.481	0.3065
0.931	0.791	0.655	0.20799999999999996
1.333	0.964	0.947	0.37749999999999995
0.479	0.998	0.697	-0.36849999999999994
0.643	0.601	0.982	-0.14849999999999997
-0.795	-1.09	-0.977	0.23850000000000005
0.102	0.155	0.535	-0.24300000000000005
0.821	0.804	0.674	0.08199999999999985
1.166	0.939	0.801	0.29599999999999993
1.609	1.889	1.297	0.016000000000000014
-0.201	0.102	0.295	-0.39949999999999997
-0.128	-0.295	0.055	-0.008000000000000007
0.604	0.49	0.628	0.04500000000000004
-0.387	-0.26	-0.153	-0.1805
0.474	0.23	-0.244	0.481
0.698	1.13	0.595	-0.16449999999999998
1.616	1.025	1.097	0.5550000000000002
0.51	0.5	0.131	0.1945
0.506	0.308	0.489	0.10750000000000004
0.336	0.418	0.62	-0.183
0.789	0.276	0.533	0.3845
0.101	0.344	0.423	-0.2825
0.197	0.52	0.446	-0.286
0.901	0.739	0.634	0.21450000000000002
-0.808	-0.746	-0.834	-0.018000000000000016
0.044	0.037	-0.367	0.20900000000000002
-0.896	-0.742	-0.436	-0.30700000000000005
-0.118	0.128	0.33	-0.347
-0.48	-0.888	-0.563	0.24550000000000005
0.006	-0.082	-0.05	0.07200000000000001
0.442	0.268	-0.013	0.3145
0.935	0.757	0.31	0.4015000000000001
0.318	0.575	0.557	-0.24800000000000005
0.977	0.62	0.568	0.383
0.534	0.389	-0.571	0.625
0.108	-0.5	-0.484	0.6
1.005	1.038	0.825	0.0734999999999999
0.414	0.054	0.44	0.16699999999999998
0.411	-0.019	-0.138	0.4895
0.275	0.281	0.35	-0.04049999999999998
0.055	-0.051	0.027	0.067
0.594	0.18	-0.054	0.5309999999999999
0.767	0.914	0.606	0.007000000000000006
1.204	0.912	0.541	0.4774999999999999
0.758	1.16	1.203	-0.4235
1.005	0.595	1.093	0.16099999999999992
-0.013	-0.362	-0.282	0.30899999999999994
0.214	0.442	0.572	-0.29300000000000004
0.872	0.743	0.366	0.3175
0.124	0.41	0.697	-0.4295
-0.547	-0.401	-0.665	-0.014000000000000012
-0.223	-0.244	-0.4	0.099
-0.654	-0.681	-0.345	-0.14100000000000001
0.533	0.343	-0.176	0.4495
-0.867	-0.954	-1.216	0.21799999999999997
0.344	0.314	0.325	0.024499999999999966
0.137	0.007	0.533	-0.133
0.369	0.352	0.048	0.169
0.496	0.585	0.337	0.03500000000000003
1.326	1.261	0.539	0.42600000000000016
0.534	0.612	0.374	0.041000000000000036
0.682	0.547	0.462	0.1775
-0.219	0.15	1.017	-0.8024999999999999
0.198	0.63	0.142	-0.188
0.489	0.243	-0.169	0.452
0.53	0.688	0.847	-0.23749999999999993
-0.341	-0.618	-0.197	0.06649999999999995
0.033	-0.567	-0.411	0.522
-0.338	-0.33	-0.479	0.06649999999999995
0.139	0.509	0.087	-0.15899999999999997
-0.027	0.387	0.382	-0.41150000000000003
-0.018	0.001	0.528	-0.28250000000000003
-0.3	-0.78	-0.19	0.185
-0.627	0.143	-0.403	-0.497
0.755	0.848	0.388	0.137
0.008	-0.081	-0.021	0.059000000000000004
-0.706	-0.649	-0.102	-0.33049999999999996
-0.025	-0.75	-0.197	0.4485
0.165	-0.188	-0.33	0.42400000000000004
0.815	0.48	-0.267	0.7084999999999999
0.02	0.024	1.005	-0.49449999999999994
0.059	0.152	0.148	-0.091
0.668	0.526	0.133	0.3385
0.511	0.281	0.074	0.3335
0.668	0.167	0.086	0.5415000000000001
0.824	0.614	-0.44	0.737
1.086	1.165	0.52	0.24350000000000005
-0.11	-0.306	-0.37	0.22799999999999998
0.76	0.463	0.665	0.19599999999999995
0.789	1.314	0.759	-0.24749999999999994
0.311	0.679	0.238	-0.14750000000000002
-0.57	-0.496	-0.577	-0.033499999999999974
-0.795	-0.779	-0.538	-0.13649999999999995
-0.169	-0.211	-0.742	0.3075
-0.078	-0.932	-0.254	0.515
0.626	-0.25	-0.673	1.0875
0.735	0.213	0.438	0.4095
0.552	0.531	1.031	-0.22899999999999987
0.266	0.229	0.089	0.10700000000000001
-1.257	-0.742	-0.646	-0.563
-0.043	-0.431	-0.901	0.623
-0.59	-0.626	-0.147	-0.20349999999999996
0.521	0.458	0.361	0.11150000000000004
0.916	1.014	0.467	0.1755
-0.124	0.51	0.185	-0.47150000000000003
0.898	0.128	-0.163	0.9155
0.165	-0.138	-0.069	0.2685
0.302	0.271	0.422	-0.04450000000000004
-0.483	-0.079	-0.05	-0.4185
0.205	-0.116	0.03	0.248
0.576	0.16	0.671	0.16049999999999992
-0.236	-0.232	-0.353	0.056499999999999995
-0.361	-0.216	-0.043	-0.23149999999999998
-0.252	-0.388	0.206	-0.16099999999999998
-0.016	0.196	0.514	-0.371
-1.134	-0.46	-0.458	-0.6749999999999998
0.167	0.209	-0.338	0.23150000000000004
1.176	0.643	0.238	0.7354999999999999
-0.515	-1.138	-0.731	0.4194999999999999
0.28	0.144	-0.398	0.40700000000000003
0.875	0.301	0.193	0.628
-0.901	-1.343	-1.095	0.31799999999999984
-0.534	-0.31	-1.293	0.26749999999999996
-0.711	-0.691	-0.893	0.08100000000000007
0.524	0.457	0.208	0.1915
-0.198	-0.316	-0.276	0.09800000000000003
0.399	0.275	-0.307	0.41500000000000004
1.061	0.816	0.231	0.5375
0.198	0.942	1.098	-0.8220000000000001
0.427	0.542	0.058	0.12699999999999995
0.188	0.102	-0.013	0.14350000000000002
-0.005	0.493	0.303	-0.403
0.798	0.201	-0.214	0.8045
0.367	0.014	0.404	0.15799999999999997
0.423	-0.003	-0.069	0.45899999999999996
1.035	0.734	0.603	0.36649999999999994
-0.362	-0.165	0.911	-0.735
0.065	0.283	0.355	-0.25399999999999995
-0.069	0.191	0.343	-0.336
0.842	0.606	0.243	0.4175
1.468	1.092	1.112	0.3659999999999999
0.248	-0.016	0.206	0.153
-0.118	0.0	0.013	-0.1245
0.686	0.243	-0.144	0.6365000000000001
1.429	0.483	0.034	1.1705
1.657	1.79	0.482	0.5209999999999999
0.495	0.517	-0.359	0.416
0.093	-0.384	-0.255	0.4125
-0.053	0.057	-0.309	0.07300000000000001
0.633	-0.008	-0.448	0.861
-0.673	-0.629	-0.394	-0.16149999999999998
-0.286	-0.453	-0.491	0.186
-0.243	-0.243	-0.181	-0.031
-0.067	0.198	0.259	-0.2955
-0.408	-0.454	-0.055	-0.15349999999999997
0.318	-0.089	0.08	0.3225
-0.176	-0.821	-0.9	0.6845000000000001
0.781	0.186	0.116	0.63
-0.025	-0.374	-0.129	0.2265
0.125	0.311	-0.181	0.06
0.035	0.453	0.261	-0.32199999999999995
0.29	0.203	0.256	0.06049999999999997
0.333	0.842	0.324	-0.24999999999999994
-0.193	-0.408	-0.562	0.292
0.107	-0.161	-0.507	0.441
0.819	0.843	0.499	0.1479999999999999
0.187	0.996	1.274	-0.948
0.79	0.552	0.149	0.4395
0.464	0.408	0.729	-0.10449999999999998
1.232	0.835	1.506	0.06149999999999989
1.271	1.057	1.322	0.0814999999999999
0.298	0.5	0.298	-0.10100000000000003
-0.306	-0.438	-0.531	0.17850000000000005
0.811	0.204	-0.433	0.9255000000000001
0.873	0.864	0.974	-0.04600000000000004
0.451	0.79	0.924	-0.40599999999999997
0.699	0.748	0.572	0.039000000000000035
0.483	0.736	0.758	-0.264
0.285	0.371	0.831	-0.316
0.317	0.825	0.369	-0.27999999999999997
1.074	0.959	0.654	0.26750000000000007
0.293	0.537	1.296	-0.6235000000000002
-0.006	-0.14	0.001	0.0635
-0.119	-0.643	-0.301	0.353
0.014	0.124	-0.027	-0.0345
-0.039	-0.096	0.005	0.006499999999999999
-0.172	-0.313	-0.068	0.018500000000000016
0.407	0.805	0.427	-0.20900000000000002
-0.478	-0.637	-0.209	-0.05499999999999999
0.324	-0.52	-0.353	0.7605
0.519	0.188	0.438	0.20600000000000002
0.46	0.557	0.069	0.14699999999999996
0.415	0.506	0.64	-0.15799999999999997
0.377	0.12	-0.182	0.40800000000000003
0.466	0.51	0.062	0.18
-0.009	0.272	0.6	-0.445
0.437	0.478	1.038	-0.321
0.693	0.803	0.494	0.04449999999999987
0.83	0.786	0.742	0.06599999999999995
0.302	0.443	0.439	-0.139
0.45	0.387	0.365	0.07400000000000001
0.614	0.413	0.372	0.22150000000000003
-0.22	-0.009	0.134	-0.2825
0.476	-0.157	-0.186	0.6475
0.201	0.064	-0.28	0.30900000000000005
-0.19	-0.204	0.491	-0.3335
0.554	0.181	0.098	0.41450000000000004
1.285	1.045	0.19	0.6675
0.039	-0.411	-0.131	0.31
0.631	-0.125	-0.36	0.8734999999999999
0.203	0.109	-0.062	0.17950000000000002
0.446	0.414	0.287	0.09550000000000003
0.789	0.572	0.272	0.36700000000000005
0.591	0.426	-0.334	0.5449999999999999
-0.224	0.164	0.435	-0.5235
0.461	0.455	0.488	-0.01050000000000001
-0.497	0.209	-0.642	-0.28049999999999997
0.331	0.594	0.083	-0.007499999999999951
0.479	0.443	0.356	0.07950000000000002
0.486	0.485	0.505	-0.009000000000000008
0.873	0.732	0.751	0.13149999999999995
0.56	0.12	0.106	0.44700000000000006
0.952	0.601	0.062	0.6204999999999999
-0.005	0.827	0.218	-0.5275
0.319	0.659	0.749	-0.38499999999999995
0.203	0.456	0.05	-0.04999999999999999
-0.603	-0.504	-0.5	-0.10099999999999998
0.874	0.795	0.613	0.17000000000000004
0.442	0.534	0.865	-0.2575
-0.019	0.033	0.578	-0.3245
-0.215	-0.04	0.462	-0.42600000000000005
0.636	0.214	-0.179	0.6185
-0.193	-0.265	-0.221	0.04999999999999999
0.267	-0.189	-0.323	0.523
0.625	0.481	0.239	0.265
0.133	-0.134	0.06	0.17
0.148	0.266	0.116	-0.04300000000000001
0.381	0.021	-0.185	0.463
0.006	-0.052	0.346	-0.141
-0.277	-0.319	-0.332	0.04849999999999999
0.279	0.106	0.576	-0.061999999999999944
0.81	0.684	0.558	0.18900000000000006
0.882	0.945	1.081	-0.1309999999999999
-0.578	-0.681	-0.114	-0.18049999999999994
-0.581	-0.75	-0.555	0.07150000000000012
0.163	0.404	-0.646	0.28400000000000003
-0.485	-0.422	-0.364	-0.09199999999999997
-0.172	-0.092	-0.303	0.025500000000000023
0.735	0.74	0.435	0.14749999999999996
1.052	0.766	0.525	0.4065000000000001
0.636	0.692	-0.138	0.35900000000000004
-0.38	-0.331	0.083	-0.256
-0.429	-0.556	-0.617	0.15750000000000003
-0.458	-0.271	-0.445	-0.10000000000000003
-0.384	-0.181	0.002	-0.2945
0.786	1.064	-0.021	0.26449999999999996
-0.486	-0.296	0.094	-0.385
-0.895	-1.176	-1.22	0.30299999999999994
-0.629	-0.898	-0.679	0.15949999999999998
-0.785	-0.158	-0.683	-0.3645
0.242	0.232	0.551	-0.14950000000000002
0.66	0.262	1.028	0.015000000000000013
-0.347	0.06	-0.216	-0.26899999999999996
-0.021	-0.21	0.089	0.03949999999999999
0.645	0.486	0.014	0.395
-0.287	0.02	0.528	-0.5609999999999999
0.335	0.373	0.448	-0.07549999999999996
0.707	0.889	0.798	-0.13650000000000007
0.583	0.302	0.449	0.20749999999999996
0.048	-0.209	-0.143	0.22399999999999998
-0.388	-0.221	-0.059	-0.248
0.379	0.564	0.077	0.05850000000000005
-0.005	0.185	0.455	-0.325
-0.011	0.07	-0.054	-0.019000000000000003
0.179	0.607	0.223	-0.236
-0.621	-0.011	-0.001	-0.615
-0.544	-0.43	-0.223	-0.21750000000000003
0.409	0.262	0.396	0.07999999999999996
0.609	0.885	0.697	-0.18199999999999994
0.958	0.917	0.811	0.09399999999999986
0.774	0.664	0.043	0.4205
0.195	0.287	1.004	-0.45049999999999996
0.461	0.221	0.841	-0.07
0.738	0.327	0.514	0.3175
-0.291	-0.061	-0.41	-0.055499999999999994
0.225	0.119	-0.112	0.2215
0.469	0.059	0.02	0.4295
0.429	0.173	0.07	0.3075
0.995	0.727	0.02	0.6214999999999999
0.259	0.802	0.911	-0.5975
-0.012	-0.042	0.296	-0.139
0.972	0.886	0.623	0.21750000000000003
0.781	0.762	1.012	-0.10599999999999998
0.914	0.957	0.816	0.02750000000000008
-0.686	-0.891	-1.027	0.2729999999999999
0.348	0.485	0.322	-0.055499999999999994
0.99	0.434	0.383	0.5815
-0.316	-0.693	-0.703	0.38199999999999995
0.233	-0.175	-0.277	0.459
-0.04	-0.248	-0.049	0.10849999999999999
0.607	0.65	0.345	0.10949999999999999
0.394	0.286	0.157	0.17250000000000004
0.939	0.27	0.35	0.629
0.747	0.892	0.318	0.14200000000000002
-0.158	-0.605	-0.236	0.26249999999999996
0.081	0.008	0.653	-0.2495
-0.241	-0.186	-0.224	-0.035999999999999976
0.069	0.105	-0.164	0.0985
-0.627	-0.067	0.375	-0.781
-0.046	-0.121	0.556	-0.2635
-0.471	0.405	-0.092	-0.6275
0.221	0.262	0.113	0.0335
-0.277	-0.584	-0.746	0.388
0.239	-0.132	-0.712	0.661
0.414	-0.015	0.322	0.26049999999999995
-0.657	-1.116	-0.696	0.249
0.487	0.186	0.486	0.15100000000000002
0.904	0.419	0.347	0.521
0.675	0.293	0.597	0.2300000000000001
0.811	0.708	0.384	0.265
0.134	-0.302	-0.579	0.5745
0.067	0.107	0.403	-0.188
-0.338	-0.274	-0.118	-0.14200000000000002
0.127	-0.214	-0.386	0.427
-0.021	-0.325	0.333	-0.025000000000000005
0.923	0.951	0.381	0.2570000000000001
-0.315	-0.33	-0.314	0.007000000000000006
0.39	-0.001	-0.351	0.5660000000000001
0.793	0.394	-0.32	0.756
-0.303	-0.247	-0.198	-0.08049999999999999
0.63	0.084	0.025	0.5755
0.988	0.65	0.037	0.6445
0.297	-0.05	0.54	0.05199999999999996
0.219	0.539	0.32	-0.2105
0.103	-0.152	0.011	0.1735
0.368	0.62	-0.161	0.1385
-0.047	-0.097	-0.775	0.389
-0.157	-0.406	-0.077	0.08450000000000002
0.22	0.11	0.361	-0.015499999999999986
0.369	0.712	0.164	-0.069
0.679	0.468	0.529	0.1805
0.076	-0.205	-0.756	0.5565
0.315	0.039	-0.539	0.565
-0.126	0.391	0.381	-0.512
0.123	-0.098	-0.156	0.25
0.417	-0.201	0.125	0.45499999999999996
0.509	0.286	0.847	-0.057499999999999996
-1.016	-0.8	-0.797	-0.21750000000000003
0.655	0.445	0.33	0.2675
1.047	0.753	0.486	0.4275
0.836	0.682	0.885	0.05249999999999988
-0.252	-0.45	-0.285	0.11549999999999999
0.323	0.54	-0.17	0.138
0.267	-0.01	-0.165	0.35450000000000004
-0.269	0.094	0.231	-0.4315
0.359	0.269	-0.007	0.22799999999999998
-0.227	-0.25	-0.323	0.05949999999999997
-0.72	-1.081	-0.38	0.010499999999999954
0.063	-0.557	-0.484	0.5834999999999999
0.504	0.759	-0.256	0.2525
0.053	0.002	-0.039	0.0715
0.18	0.326	0.16	-0.063
0.285	0.23	0.572	-0.11599999999999999
0.599	0.323	0.446	0.21449999999999997
-0.049	-0.392	0.187	0.053500000000000006
0.027	0.298	-0.318	0.037000000000000005
0.256	-0.03	-0.2	0.371
1.374	1.16	0.894	0.3470000000000002
1.281	0.482	0.104	0.988
1.398	1.445	0.383	0.4839999999999999
0.307	0.158	-0.148	0.302
0.147	0.32	-0.152	0.06299999999999999
-0.308	-0.689	-0.158	0.11549999999999999
0.088	0.239	-0.57	0.25349999999999995
0.701	0.061	0.383	0.479
1.152	0.556	0.273	0.7374999999999998
1.43	1.41	0.453	0.49849999999999994
1.236	1.072	1.453	-0.02650000000000019
-0.589	-0.618	-0.643	0.04150000000000009
0.12	-0.504	-0.663	0.7035
0.49	0.322	-0.361	0.5095
0.079	0.672	0.679	-0.5965
0.464	0.254	0.113	0.2805
0.694	0.52	0.314	0.2769999999999999
0.292	0.656	0.578	-0.325
0.553	0.619	0.526	-0.019499999999999962
0.295	-0.007	-0.284	0.4405
0.906	1.242	0.909	-0.16949999999999987
0.639	0.632	1.097	-0.22550000000000003
0.63	0.722	0.634	-0.04799999999999993
0.098	-0.362	-0.234	0.396
-0.43	0.224	0.367	-0.7255
1.036	0.902	0.916	0.127
-0.386	-0.38	-0.87	0.239
0.561	0.377	0.507	0.11900000000000005
0.933	0.799	0.452	0.3075
0.593	1.022	0.834	-0.33499999999999996
0.998	0.837	0.879	0.14
0.316	0.074	0.222	0.168
-0.268	-0.149	0.023	-0.20500000000000002
-0.407	0.011	-0.198	-0.3135
0.268	-0.135	-0.123	0.397
0.29	0.93	0.423	-0.3865
-0.458	-0.654	-0.089	-0.08650000000000002
0.257	-0.029	0.064	0.2395
0.451	0.408	0.548	-0.02699999999999997
0.452	-0.117	0.267	0.377
0.724	0.403	0.316	0.36449999999999994
1.019	0.798	0.373	0.4334999999999999
1.579	0.851	0.907	0.7
0.065	-0.788	-0.048	0.48300000000000004
0.104	0.064	-0.621	0.38249999999999995
0.074	-0.439	-0.528	0.5575
-0.14	-0.125	-0.02	-0.06750000000000002
-0.082	0.295	0.078	-0.2685
0.35	0.608	0.205	-0.056499999999999995
0.196	-0.01	-0.121	0.2615
-0.307	0.14	0.271	-0.5125
-0.266	-0.046	-0.493	0.003500000000000003
0.936	0.445	0.575	0.42600000000000005
0.349	-0.273	0.314	0.3285
-0.132	0.26	0.464	-0.494
-0.149	-0.37	-0.072	0.07200000000000001
0.188	-0.249	-0.022	0.3235
0.022	-0.26	-0.394	0.34900000000000003
0.663	0.689	0.607	0.015000000000000124
1.081	1.213	0.853	0.04800000000000004
-0.045	0.157	0.213	-0.22999999999999998
-0.551	-0.281	-0.525	-0.14800000000000002
-0.383	-0.053	0.34	-0.5265
-0.225	-0.385	-0.72	0.3275
-0.032	-0.166	-0.074	0.088
0.515	0.34	0.033	0.3285
0.871	0.47	0.206	0.533
1.038	0.669	0.299	0.554
0.551	1.017	0.7	-0.3074999999999999
-0.335	-0.119	-0.405	-0.07300000000000001
0.046	-0.036	0.163	-0.0175
0.109	0.123	-0.584	0.33949999999999997
0.288	0.13	-0.15	0.298
1.0	0.705	0.582	0.35650000000000004
0.006	-0.255	-0.398	0.3325
0.845	0.652	0.435	0.3015
0.753	0.799	0.822	-0.057499999999999996
0.168	-0.419	-0.581	0.668
0.701	0.138	-0.672	0.968
0.219	0.506	0.235	-0.1515
-0.311	-0.324	-0.362	0.03199999999999997
0.496	0.339	-0.319	0.486
0.863	0.304	0.169	0.6265000000000001
-0.063	0.087	-0.46	0.1235
0.533	0.54	-0.138	0.332
0.715	0.495	0.971	-0.018000000000000016
1.16	0.831	0.497	0.496
0.198	-0.268	-0.462	0.563
0.859	0.25	0.08	0.694
1.74	1.285	0.358	0.9185000000000001
1.016	1.896	1.641	-0.7525
0.528	0.398	0.498	0.08000000000000002
0.461	-0.052	-0.262	0.618
0.873	0.124	-0.238	0.9299999999999999
0.263	0.067	0.369	0.04500000000000001
0.213	-0.304	-0.248	0.489
0.831	0.58	0.049	0.5165
1.122	0.719	0.176	0.6745000000000001
0.828	1.096	0.569	-0.0045000000000000595
0.213	-0.226	0.042	0.305
-0.547	-0.323	-0.177	-0.29700000000000004
0.313	0.38	0.149	0.04849999999999999
0.21	0.025	0.604	-0.10450000000000001
-0.494	-0.247	-0.208	-0.2665
0.733	0.501	0.318	0.3235
0.238	-0.038	-0.235	0.37449999999999994
0.131	-0.089	0.041	0.155
0.333	0.015	0.386	0.1325
0.911	0.57	0.324	0.4640000000000001
0.588	0.941	0.624	-0.1945
0.096	-0.117	-0.064	0.1865
0.743	0.407	0.463	0.308
0.922	0.666	0.519	0.3295
1.013	0.799	0.734	0.24649999999999994
1.818	1.452	0.776	0.7040000000000002
-0.371	-0.37	0.187	-0.27949999999999997
-0.302	-0.225	0.335	-0.357
-0.394	-0.372	-0.204	-0.10600000000000004
0.145	-0.037	0.147	0.09
0.925	0.644	0.548	0.32899999999999996
0.02	-0.59	-0.276	0.453
0.003	-0.336	-0.343	0.3425
-0.661	-0.399	-0.134	-0.3945
0.144	-0.062	0.331	0.00949999999999998
-0.926	-0.192	-0.096	-0.782
-0.731	-0.932	-1.162	0.31599999999999995
-0.661	-0.386	-0.381	-0.2775
0.33	0.277	0.319	0.03199999999999997
0.814	0.667	0.268	0.3464999999999999
0.283	0.436	0.881	-0.3755
0.623	0.733	0.497	0.008000000000000007
0.598	0.815	0.45	-0.034499999999999975
0.199	0.526	0.369	-0.2485
-0.147	-0.496	-0.925	0.5635
-0.002	-0.063	-0.256	0.1575
-0.203	0.218	-0.065	-0.2795
-0.329	-0.627	0.343	-0.18700000000000003
-0.683	-0.603	0.009	-0.38600000000000007
0.755	0.401	-0.428	0.7685
0.011	-0.146	-0.066	0.11699999999999999
0.261	-0.103	0.105	0.26
0.364	0.124	0.031	0.2865
0.057	0.332	0.177	-0.1975
-0.408	-0.263	-0.417	-0.068
0.536	0.903	0.983	-0.40700000000000003
0.557	0.594	0.967	-0.22349999999999992
0.961	1.145	0.573	0.10199999999999998
0.207	0.1	0.517	-0.1015
-0.583	-0.704	-0.947	0.24249999999999994
0.638	0.361	0.757	0.07900000000000007
-0.177	-0.614	-0.339	0.29950000000000004
-0.147	-0.141	-0.069	-0.041999999999999996
0.375	0.526	-0.049	0.13649999999999998
-0.304	-0.154	-0.275	-0.08949999999999997
-0.785	-0.863	-0.828	0.06049999999999989
-0.61	-0.321	-0.331	-0.284
-0.349	-0.189	-0.415	-0.046999999999999986
0.972	0.783	0.494	0.3334999999999999
1.3	1.009	0.691	0.4500000000000002
-0.552	-0.257	-0.124	-0.36150000000000004
-0.021	-0.067	-0.272	0.14850000000000002
0.211	0.574	0.523	-0.3375
0.488	0.407	0.455	0.056999999999999995
0.525	0.805	0.668	-0.21150000000000002
-0.085	-0.078	0.36	-0.22599999999999998
0.542	0.685	-0.009	0.20400000000000001
0.359	0.572	0.837	-0.3454999999999999
0.408	0.102	-0.018	0.366
-0.059	-0.261	0.051	0.04600000000000001
0.542	-0.186	-0.011	0.6405000000000001
0.066	0.384	0.106	-0.179
1.626	1.231	0.611	0.7049999999999998
0.783	0.596	0.107	0.43150000000000005
0.571	1.009	0.586	-0.22649999999999992
0.508	0.93	1.151	-0.5325
0.629	0.648	1.072	-0.2310000000000001
0.391	0.454	0.33	-0.0010000000000000009
0.795	0.643	0.583	0.18200000000000005
-0.144	-0.289	-0.326	0.1635
0.88	0.977	0.968	-0.09249999999999992
0.21	0.433	0.558	-0.2855000000000001
0.55	0.299	0.543	0.129
-0.324	0.229	-0.477	-0.2
0.163	0.675	0.007	-0.17800000000000002
0.183	0.472	0.544	-0.325
0.923	0.908	0.392	0.273
0.79	0.758	0.914	-0.04600000000000004
-0.139	-0.342	-0.104	0.08399999999999999
0.532	0.602	0.264	0.09900000000000003
0.867	0.728	0.567	0.21950000000000003
1.203	1.283	0.7	0.21150000000000013
0.757	0.631	1.409	-0.263
-0.028	-0.026	-0.345	0.1575
0.177	0.3	0.098	-0.02200000000000002
0.744	0.406	0.574	0.254
1.101	0.714	0.387	0.5505
0.862	1.213	0.703	-0.09599999999999997
1.056	0.932	1.071	0.05449999999999999
1.361	1.042	1.106	0.2869999999999999
0.639	0.679	0.289	0.15500000000000003
0.4	0.169	0.417	0.10700000000000004
0.096	-0.009	0.241	-0.01999999999999999
-0.334	-0.102	0.149	-0.35750000000000004
0.62	0.055	-0.021	0.603
0.772	0.763	0.243	0.269
0.096	0.429	0.533	-0.385
-0.014	0.13	0.066	-0.112
0.286	-0.017	0.162	0.21349999999999997
-0.636	-1.088	-0.941	0.37849999999999995
0.047	0.413	0.289	-0.304
0.068	0.143	0.538	-0.2725
-0.12	-0.354	0.174	-0.03
-0.204	-0.296	-0.214	0.05100000000000002
0.586	0.82	-0.143	0.2475
0.945	0.635	0.964	0.14549999999999996
0.295	0.589	0.732	-0.3655
-0.444	-0.806	-0.747	0.33249999999999996
-0.502	-0.477	0.167	-0.34700000000000003
0.254	-0.002	-0.132	0.321
0.016	-0.125	0.234	-0.038500000000000006
-0.319	0.147	0.088	-0.4365
0.219	-0.074	-0.187	0.34950000000000003
-0.773	0.054	0.12	-0.86
0.123	-0.36	-0.155	0.3805
0.001	-0.385	-0.656	0.5215
0.056	0.133	0.032	-0.026500000000000003
-0.567	0.002	-0.101	-0.5175
-0.834	-0.801	-0.685	-0.09099999999999986
-0.109	-0.768	-0.659	0.6045
0.723	-0.117	-0.815	1.189
0.344	0.688	0.655	-0.3275
0.7	0.452	0.526	0.21099999999999997
0.957	0.643	0.447	0.4119999999999999
1.222	0.983	0.622	0.4195
0.259	0.056	0.628	-0.08300000000000002
0.275	0.208	0.296	0.02300000000000002
1.009	0.347	-0.345	1.008
0.87	0.665	1.185	-0.05500000000000005
0.347	0.567	0.629	-0.251
-0.704	-0.549	-0.336	-0.26149999999999995
0.44	0.288	0.32	0.136
0.002	-0.117	0.43	-0.1545
0.341	0.595	-0.08	0.08350000000000002
0.627	0.74	0.739	-0.11250000000000004
0.328	0.118	-0.134	0.336
0.503	0.708	0.084	0.10700000000000004
-0.102	-0.003	-0.164	-0.01849999999999999
0.286	-0.027	-0.109	0.354
-0.292	-0.27	-0.495	0.09050000000000002
-0.199	-0.016	-0.214	-0.08400000000000002
0.348	-0.336	-0.136	0.584
0.166	-0.191	0.01	0.2565
0.243	0.071	0.379	0.017999999999999988
0.141	0.034	0.227	0.010499999999999982
0.366	0.663	0.068	0.0004999999999999449
0.32	0.371	0.463	-0.09700000000000003
0.405	0.327	0.142	0.17050000000000004
1.018	0.406	0.255	0.6875
1.058	0.39	0.161	0.7825
0.853	0.298	0.174	0.617
0.228	-0.232	-0.231	0.4595
0.032	-0.171	-0.032	0.1335
0.911	0.589	0.108	0.5625
1.057	1.136	0.592	0.19300000000000006
1.185	0.949	1.11	0.15549999999999997
0.211	0.422	0.121	-0.06049999999999997
0.787	0.438	0.564	0.28600000000000003
-0.279	0.07	0.792	-0.7100000000000001
-0.451	-0.167	-0.252	-0.2415
0.307	0.094	0.269	0.1255
-0.345	0.088	0.306	-0.542
0.046	-0.296	0.105	0.14150000000000001
0.418	0.309	-0.267	0.397
-0.365	0.59	0.542	-0.931
-0.586	-0.315	-0.472	-0.1925
0.119	-0.156	-0.204	0.299
-0.137	-0.259	0.215	-0.115
0.18	0.242	-0.237	0.1775
-0.118	-0.303	-0.693	0.38
0.454	-0.197	0.057	0.524
0.462	0.589	0.321	0.007000000000000062
0.656	0.622	0.751	-0.03049999999999997
1.075	1.459	0.714	-0.011500000000000066
0.097	0.04	0.04	0.057
0.038	0.189	0.266	-0.1895
-0.013	-0.036	-0.058	0.034
0.515	0.755	0.969	-0.347
-0.027	0.019	0.265	-0.169
0.456	0.656	0.375	-0.05950000000000005
0.719	0.545	0.491	0.20099999999999996
-0.366	-0.31	-0.042	-0.19
0.027	0.029	0.173	-0.074
0.142	0.24	0.355	-0.1555
0.709	0.153	0.359	0.45299999999999996
0.401	0.363	0.238	0.10050000000000003
-0.001	-0.039	-0.042	0.0395
0.359	-0.349	-0.548	0.8075
0.157	0.403	-0.292	0.10149999999999998
0.018	-0.324	-0.163	0.2615
0.698	0.086	-0.16	0.735
-0.419	-1.006	-1.055	0.6114999999999999
0.112	0.019	-0.011	0.108
0.767	0.606	0.516	0.20600000000000007
0.92	1.399	1.505	-0.5319999999999999
-0.153	0.439	0.23	-0.48750000000000004
-0.479	-0.572	-0.66	0.137
-0.001	0.396	-0.012	-0.193
0.624	0.555	0.481	0.10599999999999998
0.417	0.743	0.637	-0.27299999999999996
-0.066	-0.366	-0.132	0.183
0.798	0.913	0.233	0.22499999999999998
0.474	0.574	0.179	0.09750000000000003
-0.07	-0.511	-0.273	0.322
0.379	0.653	-0.16	0.1325
-0.479	-0.641	-0.367	0.025000000000000022
-0.313	0.036	-0.034	-0.314
0.671	0.511	0.936	-0.05249999999999999
0.374	-0.265	-0.317	0.665
0.374	0.181	0.307	0.13
0.044	-0.076	-0.709	0.43649999999999994
0.86	0.783	0.297	0.31999999999999995
0.188	0.193	-0.119	0.151
0.052	0.136	0.414	-0.22300000000000003
-0.061	0.15	-0.567	0.14749999999999996
-0.131	0.168	0.099	-0.2645
-1.171	-1.023	-0.527	-0.39600000000000013
0.06	-0.165	0.221	0.032
0.393	-0.073	0.087	0.386
0.17	0.164	0.35	-0.087
0.256	-0.167	-1.07	0.8745
0.038	-0.293	0.162	0.10349999999999998
-0.14	-0.096	0.117	-0.15050000000000002
0.668	0.623	-0.11	0.41150000000000003
1.466	1.419	0.85	0.3314999999999999
-0.856	-0.521	-0.29	-0.4505
-0.371	-0.128	0.158	-0.386
0.411	0.936	0.431	-0.2725
0.884	0.581	0.912	0.13750000000000007
-0.563	-0.5	0.491	-0.5585
-0.153	-0.688	-0.477	0.4295
0.312	0.322	0.667	-0.18250000000000005
0.471	-0.001	0.13	0.4065
-0.02	0.153	-0.402	0.10450000000000001
-0.832	-0.812	0.511	-0.6815
0.148	-0.395	0.158	0.2665
0.07	0.119	-0.216	0.11850000000000001
-0.49	-0.946	-0.737	0.3514999999999999
-0.34	0.065	-0.339	-0.203
0.426	0.791	1.379	-0.659
0.826	0.845	0.613	0.09699999999999998
0.27	0.318	0.802	-0.29000000000000004
0.182	0.507	-0.149	0.0030000000000000027
0.132	-0.257	-0.54	0.5305
0.627	0.565	-0.353	0.521
0.476	0.261	0.283	0.20399999999999996
0.855	0.324	0.347	0.5195
0.149	0.086	-0.016	0.11399999999999999
0.418	0.207	-0.685	0.657
0.178	0.394	0.294	-0.16599999999999998
0.809	0.309	0.313	0.49800000000000005
-0.033	-0.394	-0.264	0.29600000000000004
0.277	0.151	-0.532	0.4675
0.645	0.336	-0.188	0.571
-0.532	0.66	0.065	-0.8945000000000001
-0.543	-0.692	-0.512	0.05899999999999994
0.899	0.673	0.391	0.367
-0.289	-0.14	-0.139	-0.14949999999999997
-0.132	0.034	-0.546	0.124
-0.826	-1.085	-0.758	0.09550000000000003
0.762	0.567	0.769	0.09400000000000008
1.001	0.849	0.929	0.11199999999999988
-0.392	-0.711	-0.533	0.22999999999999998
0.203	-0.197	-0.641	0.6220000000000001
0.656	0.366	-0.192	0.5690000000000001
-0.808	-0.505	0.114	-0.6125
-0.108	-0.674	-0.466	0.4620000000000001
-0.708	-0.442	-0.336	-0.31899999999999995
-0.195	-0.4	-0.448	0.22900000000000004
-0.447	-0.658	0.077	-0.15649999999999997
0.031	0.209	0.219	-0.183
0.484	0.059	-0.058	0.4835
0.214	-0.006	0.044	0.195
0.252	0.249	0.131	0.062
0.633	0.36	0.257	0.3245
0.019	-0.066	0.098	0.002999999999999999
0.877	0.598	0.545	0.3055
-0.585	-0.774	-0.433	0.018500000000000072
0.061	-0.09	-0.767	0.4895
0.478	0.05	-0.133	0.5195
0.027	0.729	0.248	-0.46149999999999997
-0.332	-0.028	0.446	-0.541
0.288	-0.227	-0.275	0.5389999999999999
0.486	0.249	-0.346	0.5345
0.475	0.326	-0.114	0.369
-0.514	-0.533	0.107	-0.301
0.37	0.348	-0.19	0.29100000000000004
0.827	0.908	0.355	0.1955
0.74	0.886	0.563	0.01550000000000007
-0.092	0.375	0.17	-0.36450000000000005
0.803	0.075	0.229	0.651
-0.461	-0.827	-0.621	0.26299999999999996
0.449	0.534	0.681	-0.15850000000000003
0.337	0.419	0.519	-0.13199999999999995
-0.159	-1.115	-0.748	0.7725
-0.181	0.244	-0.289	-0.1585
0.529	0.838	0.152	0.03400000000000003
0.492	0.47	-0.261	0.3875
-0.309	0.143	0.543	-0.652
-0.095	0.11	1.025	-0.6625
0.172	0.07	-0.125	0.19949999999999998
0.304	0.519	0.281	-0.09600000000000003
-0.17	-0.57	-0.718	0.47399999999999987
0.099	-0.286	-0.74	0.612
0.697	0.875	0.489	0.015000000000000013
0.654	0.658	0.527	0.0615
1.292	1.186	0.68	0.359
0.399	0.45	0.398	-0.025000000000000022
0.298	0.408	0.364	-0.08800000000000002
0.176	0.336	0.439	-0.21150000000000002
0.127	0.319	0.251	-0.15800000000000003
1.061	0.793	0.618	0.3554999999999999
1.192	1.042	0.588	0.377
0.312	0.086	0.148	0.195
-0.079	-0.312	0.094	0.03
-0.745	-0.645	-0.669	-0.08799999999999997
-0.674	-1.144	-0.802	0.29899999999999993
0.423	0.149	0.566	0.0655
1.225	1.073	0.336	0.5205000000000001
-0.043	-0.099	-0.134	0.07350000000000001
0.86	0.431	0.916	0.1865
-0.593	-0.664	-0.742	0.1100000000000001
-0.13	-0.159	-0.26	0.07950000000000002
0.325	0.42	0.323	-0.046499999999999986
0.4	0.266	0.456	0.039000000000000035
0.843	1.001	0.311	0.18700000000000006
0.32	0.755	1.489	-0.802
-0.323	-0.232	0.057	-0.2355
0.165	0.204	-0.17	0.14800000000000002
-0.245	-0.653	-0.841	0.502
0.126	-0.066	0.165	0.0765
0.284	0.193	0.085	0.14499999999999996
0.612	0.428	0.066	0.365
0.084	0.121	0.065	-0.008999999999999994
-0.068	-0.254	-0.263	0.1905
0.178	0.209	0.05	0.04849999999999999
0.596	0.901	1.07	-0.38950000000000007
1.251	1.426	0.901	0.08749999999999991
1.444	1.312	1.359	0.10849999999999982
0.818	0.784	0.563	0.14449999999999996
0.77	0.944	1.301	-0.35250000000000004
0.289	-0.042	0.413	0.10349999999999998
-0.176	0.022	0.625	-0.4995
1.145	0.772	0.17	0.6739999999999999
1.361	1.273	0.631	0.40900000000000003
0.699	0.497	0.637	0.132
-0.206	-0.645	-0.718	0.47550000000000003
0.726	0.533	0.377	0.27099999999999996
0.651	0.372	-0.065	0.49750000000000005
0.713	0.468	0.289	0.33449999999999996
0.155	0.431	0.777	-0.44899999999999995
-0.352	-0.851	-0.57	0.35849999999999993
0.038	-0.506	-0.278	0.43
0.353	0.198	-0.341	0.4245
0.881	0.388	-0.086	0.73
1.163	1.033	1.188	0.05249999999999999
0.623	0.047	0.078	0.5605
0.112	0.119	0.446	-0.17049999999999998
0.21	0.369	0.136	-0.04250000000000001
0.845	0.288	0.261	0.5705
1.291	0.537	0.339	0.8529999999999999
0.132	0.509	1.379	-0.8119999999999999
0.379	0.61	0.205	-0.02849999999999997
-0.168	-0.214	0.239	-0.1805
-0.652	-0.62	-1.023	0.16949999999999987
0.65	0.874	0.284	0.07100000000000006
-0.245	0.107	0.045	-0.321
0.073	0.221	0.038	-0.05650000000000001
0.817	0.367	0.388	0.43949999999999995
0.203	0.197	0.277	-0.034
-1.142	-1.01	-0.556	-0.3589999999999999
-0.484	-0.384	0.051	-0.3175
0.491	0.49	-0.194	0.34299999999999997
-0.638	-0.332	-0.597	-0.1735
0.264	-0.14	0.147	0.2605
0.891	0.366	-0.046	0.731
0.908	0.521	0.511	0.392
0.239	0.96	0.599	-0.5405
-0.491	-0.865	-0.595	0.239
-0.202	-0.165	-0.402	0.08150000000000002
0.009	0.028	-0.042	0.016
0.188	0.907	0.277	-0.4040000000000001
0.328	0.352	0.737	-0.21649999999999997
-0.113	0.145	-0.352	-0.009500000000000008
0.152	0.117	-0.047	0.11699999999999999
0.405	-0.177	-0.179	0.583
0.712	0.787	0.017	0.30999999999999994
0.099	0.329	0.28	-0.2055
0.35	0.841	0.476	-0.3085
0.539	0.63	0.68	-0.11599999999999999
0.552	0.654	0.721	-0.13549999999999995
-0.404	-0.247	-0.187	-0.18700000000000003
0.712	0.267	0.509	0.32399999999999995
0.876	0.652	0.736	0.18200000000000005
-0.223	-0.134	-0.297	-0.007500000000000007
0.049	-0.155	-0.234	0.2435
0.018	-0.188	0.213	0.005500000000000001
0.056	-0.001	-0.69	0.40149999999999997
-0.445	0.039	-0.211	-0.359
0.272	0.674	1.14	-0.635
0.925	0.457	0.83	0.2815000000000001
-0.117	0.144	-0.013	-0.1825
0.552	0.019	-0.07	0.5775
0.917	0.093	-0.08	0.9105000000000001
-0.405	-0.78	-0.684	0.32699999999999996
0.522	0.339	0.022	0.3415
-0.33	-0.583	-0.149	0.035999999999999976
0.015	-0.179	-0.409	0.309
-0.127	-0.052	-0.293	0.045499999999999985
-0.689	-0.626	0.013	-0.38249999999999995
0.476	-0.084	-0.641	0.8385
1.005	0.735	-0.28	0.7774999999999999
0.235	0.049	-0.44	0.4305
-0.451	-0.407	0.272	-0.38350000000000006
0.644	0.053	-0.501	0.868
0.128	0.828	0.499	-0.5355
0.435	0.334	0.207	0.16449999999999998
-0.755	-0.211	-0.215	-0.542
-0.191	-0.368	-0.436	0.21100000000000002
-0.717	0.046	-0.335	-0.5725
0.036	-0.303	-0.19	0.2825
0.347	0.411	0.748	-0.23250000000000004
-0.152	0.179	0.54	-0.5115000000000001
0.092	0.626	0.081	-0.26149999999999995
0.021	-0.266	-0.18	0.244
0.356	0.023	-0.281	0.485
-0.388	-0.595	-0.817	0.31799999999999995
-0.06	-0.225	-0.102	0.10350000000000001
0.179	-0.035	-0.305	0.349
-0.105	-0.036	0.029	-0.10149999999999999
0.405	-0.071	0.049	0.41600000000000004
-0.009	0.218	-0.027	-0.1045
1.065	1.145	0.845	0.06999999999999995
1.584	1.143	1.103	0.4610000000000001
-0.569	-0.392	-0.11	-0.31799999999999995
0.309	-0.304	-0.24	0.581
0.002	0.023	0.042	-0.0305
0.599	0.763	0.838	-0.2015
-0.346	-0.331	-0.162	-0.09949999999999998
0.264	-0.045	-0.269	0.42100000000000004
0.637	0.307	0.639	0.16400000000000003
0.709	0.495	0.64	0.14149999999999996
0.315	0.507	0.854	-0.3655
0.642	0.281	0.906	0.04849999999999999
0.329	0.244	-0.27	0.342
-0.3	-0.287	-0.608	0.14750000000000002
0.626	0.027	-0.176	0.7005
-0.292	0.526	0.077	-0.5934999999999999
0.584	0.079	0.447	0.32099999999999995
0.376	0.095	-0.336	0.4965
0.833	0.963	0.267	0.21799999999999997
0.472	-0.033	0.4	0.2885
0.366	0.726	0.108	-0.05099999999999999
0.655	0.362	-0.268	0.6080000000000001
0.281	0.198	0.238	0.06300000000000003
0.869	0.331	0.275	0.566
-0.197	-0.352	-0.319	0.1385
0.235	-0.266	-0.475	0.6054999999999999
0.45	0.67	0.367	-0.06849999999999995
0.446	0.04	-0.128	0.49
0.406	0.486	0.677	-0.1755
-0.658	-1.071	-1.171	0.46299999999999997
-0.583	-0.009	-0.276	-0.44049999999999995
0.263	-0.346	-0.442	0.657
0.603	0.625	-0.403	0.492
0.78	0.595	0.45	0.25750000000000006
1.518	0.947	0.752	0.6685000000000001
0.305	0.255	-0.152	0.2535
0.048	-0.249	0.017	0.16399999999999998
0.461	0.226	-0.084	0.39
0.65	0.09	-0.007	0.6085
0.305	0.799	0.491	-0.34
0.989	0.582	0.739	0.3285
0.033	-0.192	-0.131	0.1945
-0.292	0.232	0.081	-0.4485
0.023	-0.082	0.252	-0.06199999999999999
0.016	0.262	0.404	-0.317
0.552	0.59	0.45	0.03200000000000003
1.321	1.049	0.429	0.582
0.05	0.193	-0.036	-0.028499999999999998
-0.513	-0.702	-0.506	0.09099999999999997
0.241	0.095	-0.349	0.368
0.644	0.343	0.749	0.09799999999999998
1.445	1.142	0.384	0.6820000000000002
2.137	1.726	0.986	0.7810000000000001
-0.134	0.182	-0.312	-0.069
0.11	0.151	0.023	0.023000000000000007
-0.086	0.127	0.189	-0.244
-0.012	-0.163	0.041	0.049
1.052	0.478	0.449	0.5885
0.917	1.041	0.765	0.014000000000000012
-0.638	-0.749	-0.618	0.045499999999999985
0.13	-0.299	-0.649	0.604
-0.154	-0.368	-0.708	0.384
1.046	0.599	-0.257	0.875
0.259	-0.238	-0.047	0.40149999999999997
0.549	0.254	-0.211	0.5275000000000001
-0.267	0.496	0.163	-0.5965
0.31	0.341	0.59	-0.15550000000000003
0.483	0.308	0.368	0.14500000000000002
0.797	0.498	0.337	0.37950000000000006
0.728	0.733	0.349	0.18700000000000006
0.453	0.278	0.089	0.2695
-0.336	0.027	-0.535	-0.08200000000000002
0.124	-0.242	-0.136	0.313
0.102	-0.019	-0.056	0.13949999999999999
0.447	0.679	-0.329	0.272
0.112	-0.321	0.306	0.11950000000000001
0.718	0.773	-0.15	0.4065
1.037	0.878	-0.087	0.6415
0.892	1.345	0.915	-0.23799999999999988
0.036	-0.008	-0.426	0.253
0.391	0.487	-0.029	0.16200000000000003
1.232	0.606	1.095	0.38149999999999995
-0.702	-0.659	-0.617	-0.06399999999999995
-0.47	-0.229	-0.69	-0.01050000000000001
0.349	-0.061	-0.396	0.5775
-0.256	-0.444	0.275	-0.1715
-0.396	-0.393	0.038	-0.2185
0.022	-0.165	-0.242	0.2255
0.201	0.083	-0.199	0.259
-0.011	-0.051	-0.229	0.129
0.643	0.447	0.236	0.3015
1.018	0.92	0.503	0.3065
-0.075	-0.376	-1.057	0.6415
0.397	0.565	0.553	-0.16199999999999992
0.483	0.235	0.19	0.27049999999999996
0.165	0.422	0.397	-0.24449999999999997
-0.563	-0.331	-0.466	-0.16449999999999992
0.267	-0.001	-0.387	0.461
-0.227	0.549	0.72	-0.8615
-1.018	-1.098	-0.5	-0.21899999999999997
0.409	0.761	0.357	-0.14999999999999997
1.182	0.549	0.699	0.5579999999999999
0.31	0.028	0.097	0.2475
0.347	-0.08	-0.101	0.4375
0.29	0.444	0.157	-0.01050000000000001
1.025	0.654	0.46	0.46799999999999986
-0.624	-0.597	-0.585	-0.03300000000000003
-0.303	-0.617	-0.62	0.31550000000000006
-0.097	-0.265	-0.802	0.4365000000000001
0.191	0.412	0.454	-0.242
0.324	0.721	0.251	-0.16199999999999998
-0.246	-0.629	-0.614	0.37549999999999994
0.072	-0.454	-0.492	0.5449999999999999
1.011	0.764	0.835	0.2114999999999999
1.278	1.236	1.14	0.09000000000000008
-0.396	-0.104	-0.043	-0.3225
-0.52	-0.184	0.445	-0.6505000000000001
0.67	0.217	0.514	0.30450000000000005
0.066	0.131	-0.118	0.0595
-0.027	-0.308	-0.163	0.2085
0.46	-0.23	0.058	0.546
-0.052	0.248	0.785	-0.5685
0.066	0.125	0.221	-0.10699999999999998
-0.552	-0.687	-0.746	0.16449999999999998
-0.745	-0.626	-0.217	-0.3235
0.408	-0.686	-0.516	1.009
-0.018	0.13	0.183	-0.1745
0.484	0.535	0.127	0.15299999999999997
0.512	0.454	0.516	0.027000000000000024
-0.147	-0.017	-0.187	-0.044999999999999984
0.447	0.149	0.01	0.3675
0.015	0.279	0.016	-0.1325
0.402	0.26	0.265	0.1395
-0.032	0.343	0.781	-0.5940000000000001
-0.479	-0.099	-0.011	-0.424
0.178	0.416	1.334	-0.6970000000000001
0.061	0.114	1.025	-0.5085
-0.238	-0.158	-0.253	-0.03249999999999997
-0.29	-0.214	-0.191	-0.08749999999999997
-0.243	-0.688	-0.075	0.13849999999999996
0.571	0.534	0.992	-0.19200000000000006
0.211	0.729	0.64	-0.47350000000000003
-0.204	-0.349	-0.675	0.30800000000000005
0.276	-0.057	-0.417	0.513
0.402	0.403	-0.004	0.2025
0.781	0.568	0.366	0.31400000000000006
0.361	0.054	0.121	0.27349999999999997
0.328	-0.106	-0.109	0.4355
-0.515	-0.472	-0.964	0.20299999999999996
0.51	0.269	0.463	0.14400000000000002
0.498	0.568	0.269	0.07950000000000002
0.775	0.218	-0.015	0.6735
-0.08	-0.879	-0.607	0.663
-0.025	0.112	0.149	-0.1555
0.769	0.559	0.114	0.4325
-0.177	-0.735	-0.252	0.3165
-0.228	-0.907	-0.805	0.6280000000000001
-0.195	-0.279	0.096	-0.1035
0.722	0.979	0.718	-0.12650000000000006
0.299	0.863	0.903	-0.5840000000000001
-0.283	0.246	0.118	-0.46499999999999997
-0.447	-0.171	0.153	-0.438
-0.292	-0.329	0.006	-0.13049999999999998
-0.655	-0.792	-0.52	0.0010000000000000009
0.3	1.0	0.391	-0.3955
0.115	-0.376	-0.738	0.6719999999999999
0.876	0.54	0.545	0.3335
-0.063	-0.057	0.178	-0.1235
-0.036	0.023	0.045	-0.07
-0.611	-0.63	-0.485	-0.05349999999999999
-0.31	-0.028	0.004	-0.298
-0.006	0.117	-0.03	-0.0495
0.403	0.416	0.214	0.08800000000000002
-0.298	-0.545	0.389	-0.21999999999999997
-0.52	-0.344	-0.326	-0.18500000000000005
-0.192	-0.4	-0.239	0.1275
0.211	0.648	0.693	-0.4595
0.958	0.84	1.129	-0.026499999999999968
1.356	1.118	0.924	0.33499999999999996
1.792	1.331	0.926	0.6635
0.858	0.367	-0.162	0.7555
0.988	1.378	0.531	0.033500000000000085
0.216	0.223	0.46	-0.12550000000000003
-0.284	-0.643	-0.36	0.21750000000000008
-0.696	-0.682	-0.468	-0.12099999999999989
0.879	1.034	0.689	0.01750000000000007
-0.661	-0.784	-0.67	0.06600000000000006
0.035	0.102	0.286	-0.15899999999999997
0.612	0.387	0.13	0.3535
-0.281	-0.454	-0.381	0.13649999999999995
-0.212	-0.643	-0.381	0.30000000000000004
0.232	0.251	-0.235	0.224
0.08	0.4	0.245	-0.2425
0.71	0.61	0.126	0.34199999999999997
0.881	1.017	0.751	-0.0029999999999998916
1.394	1.032	0.967	0.39449999999999985
1.235	1.791	1.366	-0.3434999999999999
0.55	0.312	0.161	0.31350000000000006
0.727	0.819	0.757	-0.061000000000000054
-0.4	-0.864	-0.624	0.344
0.068	0.081	-0.514	0.2845
0.746	0.433	0.212	0.4235
0.257	0.287	0.179	0.02400000000000002
0.2	0.577	0.224	-0.20049999999999996
0.589	0.374	0.385	0.20949999999999996
0.651	0.635	0.27	0.1985
-0.36	-0.284	-0.567	0.0655
-0.104	0.297	0.454	-0.4795
0.436	0.335	0.554	-0.008500000000000008
0.091	-0.065	-0.092	0.16949999999999998
0.257	-0.191	-0.411	0.558
0.552	0.213	0.152	0.36950000000000005
0.696	0.418	0.638	0.16799999999999993
0.229	-0.243	0.049	0.326
0.879	0.543	0.449	0.383
1.769	1.308	0.573	0.8284999999999999
0.215	-0.005	-0.218	0.3265
0.287	0.335	0.561	-0.1610000000000001
0.03	-0.051	0.419	-0.154
0.833	0.902	0.068	0.348
0.591	-0.149	-0.005	0.6679999999999999
-0.164	-0.01	-0.308	-0.0050000000000000044
0.496	-0.02	-0.09	0.551
-0.146	-0.035	0.03	-0.1435
0.064	-0.523	-0.804	0.7275
-0.469	-0.596	-0.466	0.062000000000000055
-0.354	-0.043	-0.089	-0.288
0.201	-0.189	-0.067	0.329
0.197	0.008	-0.164	0.275
0.721	0.218	0.445	0.38949999999999996
-0.859	-0.841	-0.837	-0.020000000000000018
-0.17	0.287	0.647	-0.637
0.232	-0.013	0.401	0.038000000000000006
0.378	0.642	0.055	0.02949999999999997
0.862	0.502	0.458	0.382
1.071	0.916	0.609	0.3085
0.133	-0.333	-0.31	0.4545
0.535	0.569	0.95	-0.22449999999999992
1.22	0.872	0.64	0.46399999999999997
1.413	1.317	0.654	0.4275
-0.135	0.033	-0.147	-0.07800000000000001
0.075	-0.172	-0.38	0.35100000000000003
-0.21	-0.308	0.122	-0.11699999999999999
-0.125	-0.016	-0.496	0.131
1.053	0.211	-0.095	0.9949999999999999
0.633	0.214	0.396	0.328
0.763	0.38	0.474	0.336
0.33	-0.037	-0.027	0.362
0.027	0.248	0.441	-0.3175
0.244	0.209	0.148	0.0655
0.318	0.797	0.51	-0.33549999999999996
0.101	0.354	-0.303	0.07550000000000001
0.505	0.248	-0.116	0.439
1.279	0.848	0.27	0.72
0.133	0.406	1.167	-0.6535
1.017	0.285	0.576	0.5864999999999999
-0.441	-0.279	0.133	-0.368
-0.201	-0.188	-0.303	0.044499999999999984
0.206	0.228	0.071	0.056499999999999995
-0.266	-0.774	-0.426	0.33399999999999996
0.44	0.469	-0.197	0.30400000000000005
0.434	0.351	0.676	-0.07950000000000007
-0.096	0.176	0.291	-0.3295
0.088	0.389	0.877	-0.545
-0.577	-0.374	-0.639	-0.07050000000000001
-0.239	0.056	0.536	-0.535
0.194	0.449	0.65	-0.3555
-0.043	-0.205	0.41	-0.1455
-0.27	-0.525	-0.36	0.1725
0.768	0.316	-0.105	0.6625
0.237	0.395	0.529	-0.22500000000000003
0.9	0.753	0.753	0.14700000000000002
1.119	0.97	0.684	0.29200000000000004
0.992	1.279	0.974	-0.13450000000000006
1.142	1.193	1.057	0.016999999999999904
1.462	1.395	1.156	0.1864999999999999
0.087	-0.03	-0.172	0.188
-0.294	-0.053	0.32	-0.4275
-0.645	-0.346	-0.037	-0.4535
0.225	0.476	0.155	-0.0905
0.918	0.362	0.42	0.527
0.82	0.927	0.552	0.0804999999999999
1.007	0.815	0.79	0.2044999999999999
0.152	0.202	0.745	-0.3215
0.732	0.436	0.255	0.38649999999999995
0.256	0.491	0.993	-0.486
0.506	0.748	0.748	-0.242
0.754	0.704	0.749	0.02750000000000008
0.898	0.76	0.795	0.12049999999999994
1.238	1.19	0.747	0.2695000000000001
0.038	-0.411	-0.635	0.561
0.391	0.388	0.784	-0.19500000000000006
-0.645	-0.114	0.035	-0.6055
0.229	-0.42	-0.562	0.72
0.183	-0.185	-0.183	0.367
0.339	0.622	0.472	-0.2079999999999999
-0.075	-0.567	0.03	0.19349999999999995
0.284	-0.108	-0.229	0.4525
0.177	0.849	0.61	-0.5525
0.946	0.856	0.682	0.17699999999999994
0.14	0.195	-0.127	0.10600000000000001
0.373	0.035	-0.119	0.415
0.025	-0.166	0.29	-0.036999999999999984
-0.621	-0.23	-0.45	-0.28099999999999997
0.548	0.542	-0.214	0.384
-0.362	0.329	0.226	-0.6395
0.409	-0.155	0.359	0.307
0.613	0.681	0.126	0.20949999999999996
0.323	-0.139	-0.222	0.5035000000000001
0.279	0.482	0.311	-0.11749999999999994
-0.931	-0.894	-0.492	-0.238
-0.586	-0.71	-0.871	0.20450000000000002
0.177	0.32	0.337	-0.15150000000000002
0.022	-0.074	-0.088	0.10299999999999998
-0.112	-0.164	0.186	-0.123
0.057	0.068	-0.015	0.0305
0.155	0.343	0.056	-0.04450000000000001
-0.048	-0.426	-0.051	0.1905
-0.355	-0.256	-0.087	-0.1835
0.708	-0.044	-0.274	0.867
0.951	0.963	-0.163	0.5509999999999999
0.901	0.421	0.932	0.22450000000000003
0.492	0.925	0.563	-0.252
0.031	-0.321	-0.026	0.20450000000000002
0.4	0.384	0.094	0.16100000000000003
0.539	0.392	0.135	0.2755
0.475	0.836	0.389	-0.13750000000000007
1.052	0.881	0.716	0.25350000000000006
1.675	1.247	0.719	0.692
1.074	1.806	1.311	-0.48449999999999993
-0.05	-0.177	-0.043	0.059999999999999984
0.395	0.422	0.7	-0.16599999999999993
1.647	0.911	0.418	0.9825
0.575	1.055	1.564	-0.7344999999999999
1.028	0.794	1.158	0.052000000000000046
0.009	-0.296	-0.291	0.3025
-0.743	-0.413	-0.058	-0.5075000000000001
-0.006	-0.639	-0.273	0.45
0.095	0.022	-0.523	0.34550000000000003
0.288	0.123	-0.319	0.386
0.813	0.63	0.668	0.16399999999999992
-0.351	-0.647	-0.867	0.406
0.005	-0.188	-0.124	0.161
-0.277	0.173	-0.139	-0.29400000000000004
-0.078	0.292	0.009	-0.22849999999999998
0.612	0.574	0.47	0.08999999999999997
1.019	0.554	0.664	0.4099999999999999
0.993	0.788	1.116	0.040999999999999925
0.907	0.844	0.057	0.4565
-0.03	-0.317	-0.152	0.2045
-0.087	-0.239	-0.331	0.19800000000000004
0.07	0.106	0.061	-0.013499999999999984
0.261	0.024	0.22	0.139
0.239	-0.213	-0.158	0.4245
-0.243	-0.028	0.266	-0.362
0.266	0.367	-0.016	0.09050000000000002
-0.066	0.619	0.144	-0.4475
0.005	-0.131	0.517	-0.188
-0.453	-0.042	-0.27	-0.29700000000000004
-0.364	-0.365	-0.705	0.17099999999999993
0.46	0.333	0.228	0.1795
-0.429	0.013	-0.169	-0.351
-0.051	-0.352	-0.675	0.4625000000000001
0.085	0.359	-0.123	-0.03299999999999999
-0.974	-0.835	0.321	-0.717
-0.578	-0.916	-0.374	0.06700000000000006
-0.788	-0.873	-0.367	-0.16800000000000004
0.333	-0.392	0.061	0.49850000000000005
1.056	0.957	0.799	0.17800000000000005
0.161	0.109	0.055	0.079
0.033	-0.594	-0.15	0.405
-0.26	-0.371	0.086	-0.1175
0.407	0.132	0.123	0.27949999999999997
-0.001	0.25	-0.545	0.14650000000000002
0.423	0.161	-0.208	0.4465
0.967	0.487	0.111	0.6679999999999999
0.423	0.978	0.971	-0.5514999999999999
0.601	0.696	0.565	-0.02949999999999997
0.658	-0.212	-0.159	0.8435
1.225	0.566	-0.325	1.1045
-0.632	-0.397	-0.438	-0.21450000000000002
-0.366	-0.517	-0.547	0.16600000000000004
0.349	-0.166	-0.488	0.6759999999999999
-0.554	-0.388	0.491	-0.6055
-0.391	-0.674	-0.922	0.40700000000000003
0.598	0.479	-0.038	0.37749999999999995
-0.41	-0.45	-0.652	0.14100000000000007
0.057	-0.016	-0.501	0.3155
0.715	0.273	-0.195	0.6759999999999999
0.996	0.746	0.127	0.5595
0.095	-0.314	-0.616	0.5599999999999999
0.308	0.282	0.308	0.013000000000000012
-0.312	-0.734	-0.463	0.28650000000000003
0.594	0.896	1.134	-0.42099999999999993
0.789	0.68	0.861	0.018500000000000072
0.297	0.335	0.24	0.009500000000000008
-0.978	-0.908	-0.622	-0.21299999999999997
0.236	0.066	-0.314	0.36
0.813	0.23	-0.127	0.7615
0.302	0.2	0.612	-0.10400000000000004
1.076	0.664	0.453	0.5175000000000001
-0.008	-0.087	-0.204	0.13749999999999998
-0.071	0.445	0.315	-0.451
0.333	0.239	0.958	-0.2655
-1.047	-0.709	-0.738	-0.3234999999999999
-0.305	0.134	0.041	-0.3925
0.217	-0.01	-0.005	0.2245
0.239	-0.408	-0.176	0.5309999999999999
0.901	0.347	0.289	0.5830000000000001
0.67	1.174	1.506	-0.6699999999999998
0.016	0.024	0.309	-0.15050000000000002
0.166	-0.074	0.33	0.038000000000000006
-0.1	-0.266	-0.06	0.063
0.536	0.298	0.679	0.04749999999999999
0.315	-0.03	-0.158	0.40900000000000003
1.0	0.896	0.032	0.536
0.421	0.11	0.192	0.27
0.435	0.426	0.538	-0.046999999999999986
0.818	0.76	0.435	0.22049999999999992
-0.876	-0.614	-0.507	-0.3155
0.577	0.545	-0.009	0.30899999999999994
0.735	0.911	0.833	-0.137
-0.276	-0.649	-0.212	0.15449999999999997
-0.544	0.239	0.129	-0.728
-0.18	0.435	0.462	-0.6285000000000001
-0.037	0.08	0.364	-0.259
0.653	0.313	0.007	0.493
-1.079	-0.73	-1.2	-0.11399999999999999
0.296	0.372	0.202	0.008999999999999952
0.023	-0.062	0.174	-0.032999999999999995
-0.248	-0.294	-0.463	0.1305
-0.058	-0.464	-0.48	0.414
0.243	0.422	0.223	-0.07950000000000002
0.99	0.482	0.428	0.535
0.699	0.529	0.882	-0.006500000000000061
0.459	0.511	0.049	0.179
0.24	-0.186	0.051	0.3075
1.168	0.975	-0.079	0.72
1.383	1.475	1.287	0.0020000000000000018
-0.187	-0.298	-0.446	0.185
-0.043	-0.142	-0.068	0.062
-0.051	0.125	0.043	-0.13499999999999998
1.001	0.26	0.252	0.7449999999999999
0.71	0.885	0.571	-0.018000000000000016
0.74	0.722	0.874	-0.05800000000000005
0.241	0.308	0.029	0.07249999999999998
1.482	1.348	0.265	0.6755
0.331	0.224	0.56	-0.061
0.61	0.726	0.417	0.03849999999999998
0.236	-0.081	0.011	0.271
0.239	0.635	0.21	-0.1835
0.483	0.934	0.395	-0.1815000000000001
0.515	0.215	0.009	0.403
0.683	1.08	0.364	-0.038999999999999924
0.311	0.273	0.766	-0.20850000000000007
0.279	0.31	0.19	0.029000000000000026
-0.084	-0.35	-0.141	0.16149999999999998
-0.406	0.018	-0.06	-0.385
-0.602	-0.749	-0.104	-0.1755
0.629	0.541	0.485	0.11599999999999999
0.711	0.787	0.543	0.04599999999999993
1.117	0.822	0.742	0.33499999999999996
1.209	0.878	1.21	0.16500000000000004
-0.602	-0.422	-0.845	0.03149999999999997
0.257	-0.213	-0.327	0.527
0.186	0.12	-0.268	0.26
0.611	0.513	0.671	0.018999999999999906
0.978	0.539	0.653	0.3819999999999999
0.286	-0.073	0.389	0.12799999999999997
0.065	0.156	0.041	-0.0335
-0.058	-0.183	0.191	-0.062000000000000006
0.032	-0.03	0.068	0.012999999999999998
0.196	0.013	-0.087	0.233
0.363	0.123	-0.113	0.358
0.251	0.178	-0.156	0.24
0.174	-0.469	-0.617	0.7169999999999999
0.041	0.322	0.074	-0.157
0.605	0.425	0.608	0.08850000000000002
1.192	1.16	0.972	0.1260000000000001
-0.408	0.098	-0.121	-0.39649999999999996
-0.301	-0.396	-0.144	-0.030999999999999972
-0.077	0.049	-0.837	0.31699999999999995
-1.196	-1.528	-1.19	0.16300000000000003
0.107	0.007	0.112	0.047499999999999994
0.363	0.699	0.93	-0.4515
1.047	0.425	0.976	0.3464999999999999
1.649	1.148	0.56	0.795
0.061	-0.088	0.002	0.104
-0.842	-0.488	-0.372	-0.412
-0.391	-0.221	-0.618	0.02849999999999997
0.203	0.241	-0.212	0.1885
-0.506	-0.538	-0.576	0.050999999999999934
0.781	0.4	0.44	0.361
1.016	1.048	0.944	0.020000000000000018
0.155	0.242	0.093	-0.012499999999999983
-0.089	-0.444	-0.213	0.23950000000000002
-0.17	-0.461	0.22	-0.0495
-0.625	-0.475	-0.598	-0.08850000000000002
0.306	0.343	-0.009	0.13899999999999998
0.991	0.346	0.167	0.7344999999999999
0.503	0.488	0.557	-0.019499999999999962
-0.296	-0.13	-0.715	0.1265
-0.008	-0.484	-0.896	0.6819999999999999
-0.147	-0.38	-0.033	0.059500000000000025
0.502	0.196	0.169	0.3195
0.642	0.471	0.631	0.09100000000000008
0.91	0.662	0.97	0.09399999999999997
1.253	0.755	0.864	0.4434999999999999
-0.277	-0.513	-0.406	0.1825
0.238	0.608	0.244	-0.188
0.827	0.56	0.435	0.3294999999999999
0.057	-0.597	-0.491	0.6010000000000001
0.577	0.4	0.073	0.3404999999999999
-0.003	0.333	0.241	-0.29000000000000004
0.892	-0.316	-0.274	1.187
1.392	1.037	-0.409	1.0779999999999998
1.037	0.561	0.217	0.6479999999999999
1.028	1.033	0.433	0.29500000000000004
0.523	0.511	0.973	-0.21899999999999997
-0.193	0.212	-0.423	-0.08750000000000001
0.115	0.102	0.123	0.002500000000000016
0.636	0.597	0.319	0.17800000000000005
0.091	0.317	0.517	-0.32600000000000007
-0.056	0.268	0.493	-0.4365
0.339	0.483	0.398	-0.10149999999999998
1.013	0.432	0.452	0.571
-0.457	-0.232	0.108	-0.395
-0.483	-0.342	-0.066	-0.27899999999999997
-0.149	0.165	0.285	-0.374
0.264	-0.059	0.196	0.1955
0.074	-0.159	-0.098	0.2025
0.341	0.256	0.136	0.14500000000000002
0.736	0.39	-0.571	0.8265
-0.421	-0.208	-0.114	-0.26
0.119	-0.255	-0.205	0.349
0.332	0.134	0.165	0.1825
0.533	0.226	-0.016	0.42800000000000005
0.614	1.046	0.328	-0.07300000000000006
0.781	0.513	0.53	0.25949999999999995
-0.153	0.31	0.359	-0.48750000000000004
0.228	0.06	-0.124	0.26
0.765	0.661	0.056	0.4065
0.974	0.879	0.175	0.44699999999999995
1.434	0.992	0.667	0.6044999999999999
1.489	1.678	1.102	0.09899999999999998
-0.147	0.064	-0.034	-0.16199999999999998
-0.164	-0.069	0.063	-0.161
0.401	0.067	0.452	0.14150000000000001
0.902	0.732	0.184	0.44400000000000006
-0.481	-0.787	-0.218	0.021500000000000075
0.098	0.362	-0.039	-0.0635
0.079	0.113	-0.221	0.133
0.579	0.289	0.114	0.37749999999999995
0.877	0.453	0.182	0.5595
0.789	0.355	0.525	0.34900000000000003
-0.773	-0.584	-0.587	-0.1875000000000001
-0.222	0.022	-0.618	0.07599999999999998
0.502	0.101	-0.059	0.481
0.414	0.302	0.28	0.12299999999999994
0.512	0.541	-0.283	0.383
0.405	0.17	-0.096	0.368
0.398	0.117	0.037	0.321
0.6	0.537	0.075	0.294
0.913	0.69	0.188	0.4740000000000001
0.669	0.407	0.418	0.25650000000000006
-0.801	-0.6	-0.438	-0.28200000000000003
0.251	0.667	0.367	-0.266
0.645	0.682	0.688	-0.040000000000000036
0.368	0.058	0.564	0.056999999999999995
0.369	0.462	0.362	-0.04300000000000004
0.308	0.338	0.607	-0.16450000000000004
-0.356	-0.788	-0.71	0.393
-0.215	0.351	-0.602	-0.0895
0.489	0.394	0.409	0.08750000000000002
0.527	0.33	-0.179	0.4515
0.778	0.534	0.122	0.45
0.434	0.321	1.023	-0.23799999999999993
-0.032	0.084	-0.249	0.05049999999999999
0.612	0.574	0.385	0.1325
0.218	0.087	-0.145	0.247
-0.096	-0.44	-0.296	0.272
-0.138	-0.422	-0.223	0.1845
0.339	-0.053	0.104	0.3135
1.095	0.842	-0.007	0.6775
0.582	0.99	1.052	-0.43899999999999995
-0.832	-0.571	-0.109	-0.492
-0.502	-0.642	-0.637	0.13749999999999996
0.707	0.01	-0.351	0.8775
1.217	0.756	-0.306	0.9920000000000001
1.467	1.363	0.615	0.4780000000000001
1.26	1.441	1.369	-0.14500000000000002
1.399	1.32	1.464	0.007000000000000117
-0.019	0.044	0.31	-0.19599999999999998
-0.058	-0.163	0.146	-0.049499999999999995
0.874	-0.021	0.134	0.8175
0.695	1.216	0.484	-0.15500000000000003
0.231	0.399	0.437	-0.18700000000000003
0.528	0.816	0.356	-0.05799999999999994
0.601	0.024	0.779	0.19949999999999996
-0.178	-0.356	-0.262	0.131
0.527	0.025	-0.011	0.52
0.735	0.457	0.706	0.15349999999999997
0.991	0.569	0.625	0.394
-0.238	-0.199	0.058	-0.16749999999999998
0.279	-0.088	-0.097	0.37150000000000005
-0.197	-0.323	-0.53	0.22949999999999998
1.388	1.219	0.722	0.41749999999999987
-0.928	-0.184	0.583	-1.1275
-0.078	-0.31	-0.356	0.25499999999999995
-0.348	-0.561	0.204	-0.16949999999999993
-0.019	0.126	-0.493	0.1645
0.111	0.182	0.021	0.009500000000000008
-0.26	-0.321	-0.253	0.027000000000000024
0.01	-0.215	0.368	-0.0665
0.527	0.28	-0.126	0.45
0.942	0.561	0.113	0.605
0.692	0.906	0.493	-0.007500000000000062
-0.372	-0.171	0.051	-0.312
-0.377	-0.305	0.113	-0.281
-0.464	-0.582	-0.179	-0.08350000000000007
0.293	0.735	0.483	-0.316
-0.904	-1.123	-1.203	0.259
-0.074	-0.104	-0.918	0.437
0.923	0.693	0.202	0.47550000000000003
0.851	0.438	0.822	0.22099999999999997
1.387	0.77	0.305	0.8495
0.236	0.014	-0.205	0.33149999999999996
1.138	0.421	-0.167	1.011
0.246	0.525	0.716	-0.37450000000000006
-0.026	-0.432	-0.201	0.2905
0.079	0.404	-0.097	-0.07450000000000002
-0.046	-0.085	-0.565	0.27899999999999997
0.686	0.336	-0.255	0.6455000000000001
-0.319	-0.386	-0.452	0.10000000000000003
0.115	0.426	0.081	-0.1385
0.358	0.756	0.589	-0.3145
-0.322	0.151	-0.096	-0.34950000000000003
1.069	0.033	0.15	0.9774999999999999
1.136	1.146	0.093	0.5165
0.873	1.192	0.873	-0.15949999999999998
0.485	1.306	1.115	-0.7255000000000001
-0.141	-0.426	0.065	0.03950000000000001
0.745	0.071	-0.161	0.79
1.195	0.79	0.287	0.6565000000000001
0.919	0.768	1.187	-0.058499999999999996
0.938	1.097	0.884	-0.05249999999999999
0.55	0.332	0.094	0.337
0.132	0.659	0.436	-0.4155
-1.046	-1.574	-0.835	0.15849999999999986
-0.451	-1.456	-1.008	0.7809999999999999
0.388	0.393	0.044	0.1695
-0.256	-0.225	0.113	-0.2
-1.038	-0.447	-0.157	-0.736
-0.17	-0.417	-0.488	0.2825
0.441	0.82	0.553	-0.2455
0.354	-0.12	0.074	0.377
-0.734	-0.786	-0.558	-0.061999999999999944
0.004	0.203	-0.297	0.05099999999999999
-0.182	0.021	0.419	-0.402
0.83	0.606	0.046	0.504
-0.79	-0.715	-0.747	-0.05900000000000005
-0.048	-0.273	-0.654	0.41550000000000004
-0.251	-0.003	-0.452	-0.023499999999999993
0.483	-0.106	-0.295	0.6835
-0.162	-0.502	-0.002	0.09
0.591	0.794	1.224	-0.4179999999999999
0.68	0.853	0.806	-0.14949999999999997
-0.144	0.288	0.1	-0.33799999999999997
-0.755	-0.915	-0.711	0.05799999999999994
0.73	0.102	0.342	0.508
1.155	1.118	0.587	0.3025
1.37	1.107	0.883	0.3750000000000001
-0.109	-0.024	-0.08	-0.056999999999999995
0.26	0.465	-0.012	0.0335
-0.31	0.15	0.453	-0.6114999999999999
-0.184	-0.407	-0.468	0.2535
0.909	0.851	0.062	0.4525
-0.364	-0.114	0.006	-0.31
0.304	0.424	0.449	-0.1325
0.356	0.383	0.669	-0.17000000000000004
0.085	0.255	0.157	-0.12100000000000001
-0.286	-0.125	0.214	-0.33049999999999996
-0.066	0.35	0.338	-0.41
-0.859	-0.418	0.209	-0.7545
-0.339	-0.596	-0.411	0.16449999999999992
0.84	0.036	-0.505	1.0745
0.187	0.189	0.351	-0.08300000000000002
0.17	-0.104	0.35	0.047000000000000014
0.21	0.762	0.191	-0.26650000000000007
0.008	-0.075	0.225	-0.067
0.343	0.605	-0.122	0.10150000000000003
-0.085	-0.131	0.026	-0.0325
0.013	0.109	0.363	-0.22299999999999998
0.314	0.612	0.959	-0.4715
0.621	0.564	0.686	-0.0040000000000000036
0.546	0.798	0.796	-0.251
0.274	0.127	0.036	0.1925
0.633	0.336	0.129	0.40049999999999997
0.374	0.365	0.054	0.1645
0.462	0.408	0.2	0.15800000000000003
-0.304	-0.115	-0.221	-0.13599999999999998
0.155	-0.22	-0.626	0.578
0.938	0.341	-0.357	0.946
-0.654	-0.707	-0.344	-0.12850000000000006
-0.808	-0.407	-0.336	-0.43650000000000005
0.111	-0.575	-0.299	0.5479999999999999
0.054	0.262	-0.36	0.10299999999999998
-0.279	-0.311	-0.445	0.09899999999999998
-0.293	-0.077	0.014	-0.26149999999999995
1.15	0.934	0.429	0.4684999999999999
1.802	1.087	0.692	0.9125000000000001
0.262	0.18	-0.503	0.4235
-0.4	0.056	-0.109	-0.3735
0.034	-0.266	-0.172	0.253
-0.076	0.15	0.152	-0.22699999999999998
-0.297	-0.198	0.138	-0.267
0.293	0.123	0.24	0.11149999999999999
1.253	0.834	0.259	0.7064999999999999
-0.146	-0.731	-0.732	0.5855
0.074	-0.201	-0.77	0.5595
-0.118	-0.079	-0.013	-0.072
0.106	0.54	0.656	-0.4920000000000001
0.714	0.183	0.866	0.1895
0.445	-0.274	-0.695	0.9295
1.42	0.796	-0.483	1.2634999999999998
-0.593	-0.472	-0.401	-0.15649999999999997
-0.335	-0.736	-0.331	0.19849999999999995
-0.677	-0.854	-0.625	0.0625
0.203	-0.351	-0.68	0.7185000000000001
0.563	0.624	0.788	-0.14300000000000002
0.044	-0.067	-0.587	0.37099999999999994
0.842	0.889	0.167	0.31399999999999995
1.107	0.86	0.315	0.5195
0.789	1.231	1.023	-0.33799999999999997
0.264	-0.211	-0.004	0.3715
0.728	0.393	0.69	0.1865
-0.408	-0.511	-0.023	-0.14099999999999996
-0.687	-0.344	-0.08	-0.4750000000000001
-0.192	-0.208	-0.378	0.10099999999999998
0.275	0.509	-0.346	0.1935
0.084	0.697	0.219	-0.37399999999999994
1.099	0.899	0.468	0.4155
-0.937	-0.402	-0.793	-0.3395
-0.72	-0.641	-0.781	-0.008999999999999897
0.212	-0.254	-0.019	0.34850000000000003
0.661	0.075	-0.061	0.654
0.859	1.251	0.754	-0.14349999999999996
0.638	0.456	0.623	0.09850000000000003
0.926	0.889	0.584	0.1895000000000001
0.199	0.129	-0.188	0.2285
0.608	0.712	0.778	-0.137
0.58	1.037	0.677	-0.277
-0.028	0.191	0.099	-0.17300000000000001
-0.518	-0.012	-0.191	-0.4165
0.433	-0.196	-0.187	0.6245
0.01	-0.005	0.017	0.004
-0.128	0.045	-0.306	0.0025000000000000022
-0.421	-0.016	-0.115	-0.3555
0.175	0.121	-0.151	0.19
0.404	-0.007	-0.29	0.5525
0.629	0.676	0.5	0.040999999999999925
-0.69	-0.427	0.348	-0.6505
0.139	0.251	-0.477	0.252
-0.143	-0.189	-0.354	0.12849999999999998
0.035	0.083	0.683	-0.348
0.051	0.336	0.508	-0.37100000000000005
0.121	-0.431	-0.498	0.5855
0.104	0.031	0.148	0.014499999999999999
0.614	-0.02	0.175	0.5365
-0.053	-0.08	0.312	-0.16899999999999998
-1.054	-0.749	0.177	-0.768
0.011	-0.062	-0.883	0.48350000000000004
0.276	0.544	0.407	-0.1995
0.096	0.159	-0.14	0.08650000000000001
0.092	0.42	0.488	-0.362
1.068	0.723	0.505	0.45400000000000007
1.036	1.395	0.767	-0.04499999999999993
-0.946	-1.09	-1.009	0.10350000000000015
-0.271	-0.442	-0.534	0.21699999999999997
0.378	0.169	-0.392	0.4895
0.476	0.571	0.078	0.15150000000000002
0.819	0.895	0.795	-0.026000000000000023
1.307	0.831	0.941	0.42100000000000004
0.841	1.089	1.104	-0.25550000000000006
0.157	-0.139	-0.154	0.3035
0.14	0.348	0.235	-0.15149999999999997
0.895	0.608	0.268	0.457
-0.046	-0.361	-0.553	0.41100000000000003
0.568	0.091	-0.328	0.6865
0.755	0.691	0.494	0.16249999999999998
0.216	0.271	0.067	0.046999999999999986
-0.077	0.31	0.307	-0.3855
1.175	0.747	0.696	0.4535
0.56	0.546	0.321	0.12650000000000006
0.623	0.573	0.473	0.10000000000000009
-0.587	-0.407	-1.124	0.1785000000000001
0.232	-0.363	-0.619	0.723
0.18	-0.338	-0.408	0.5529999999999999
0.028	-0.094	0.3	-0.075
-0.658	-0.717	-0.292	-0.15350000000000008
-0.438	-0.422	-0.982	0.26399999999999996
0.059	-0.146	0.369	-0.052500000000000005
0.634	0.625	-0.17	0.40650000000000003
-0.028	0.134	0.128	-0.159
0.453	0.501	0.125	0.14
0.37	0.046	0.043	0.3255
-0.433	-0.535	-0.463	0.066
-0.292	0.045	0.078	-0.3535
0.62	-0.177	0.161	0.628
1.282	0.503	-0.043	1.052
0.107	-0.084	-0.521	0.4095
-0.377	-0.882	-0.434	0.281
0.228	-0.141	-0.223	0.41000000000000003
-0.391	-0.387	0.13	-0.2625
0.626	0.687	0.53	0.01749999999999996
0.795	0.586	0.444	0.28
0.702	0.867	0.574	-0.01849999999999996
-0.22	-0.386	-0.208	0.07699999999999999
-0.347	-0.304	-0.515	0.0625
-0.58	-0.377	-0.206	-0.2885
0.94	0.661	0.49	0.36449999999999994
1.033	1.007	0.644	0.20750000000000002
1.324	1.057	0.71	0.4405000000000001
1.041	1.495	1.627	-0.52
1.29	1.267	1.301	0.006000000000000227
-0.284	-0.043	-0.363	-0.08099999999999999
0.497	0.228	-0.4	0.583
0.741	0.404	-0.216	0.647
-0.065	-0.169	-0.183	0.11099999999999999
-0.243	-0.536	-0.597	0.3235
-0.261	-0.572	-0.893	0.4714999999999999
-0.565	-0.643	-0.049	-0.21899999999999992
0.196	-0.295	-0.429	0.558
-0.07	-0.146	-0.604	0.305
-0.056	-0.232	-0.353	0.2365
0.143	0.072	-0.318	0.266
0.099	0.382	0.18	-0.18200000000000002
0.227	0.061	0.079	0.157
-0.21	0.139	0.556	-0.5575
0.065	-0.204	0.221	0.056499999999999995
0.971	0.17	-0.032	0.9019999999999999
1.296	1.119	0.818	0.3275000000000001
1.379	1.374	1.197	0.09349999999999992
-0.462	-0.186	0.09	-0.41400000000000003
0.217	0.034	-0.092	0.246
-0.506	-0.574	-0.068	-0.18500000000000005
-0.334	0.033	-0.059	-0.321
0.13	-0.188	-0.001	0.2245
0.423	0.372	0.137	0.16849999999999998
1.393	0.826	0.396	0.782
0.229	-0.239	-0.212	0.4545
-0.016	0.109	-0.328	0.09350000000000001
0.557	0.165	0.292	0.32850000000000007
0.491	-0.297	0.123	0.578
0.082	0.152	0.162	-0.075
-0.215	-0.161	0.097	-0.183
-0.154	-0.264	0.342	-0.193
-0.573	-0.774	-0.358	-0.006999999999999895
1.013	0.426	0.262	0.6689999999999999
0.751	1.556	0.863	-0.4585
0.286	-0.065	0.059	0.289
0.633	0.726	0.478	0.031000000000000028
-0.045	-0.101	-0.174	0.09250000000000001
0.482	0.566	-0.035	0.21650000000000003
-0.191	0.017	-0.083	-0.158
-0.183	-0.139	-0.072	-0.07749999999999999
0.377	0.807	-0.051	-0.0010000000000000009
0.611	0.683	0.151	0.19399999999999995
0.909	0.894	0.805	0.0595
1.184	1.02	0.953	0.1975
0.832	0.889	0.862	-0.04349999999999998
0.347	-0.135	0.524	0.15249999999999997
0.74	-0.05	0.254	0.638
0.699	0.706	0.016	0.33799999999999997
1.086	0.66	0.263	0.6245
0.764	1.093	1.245	-0.405
-0.16	-0.369	-0.074	0.0615
-0.216	0.072	0.109	-0.3065
-0.481	-0.182	-0.783	0.0015000000000000568
0.769	0.771	0.478	0.14449999999999996
1.071	0.963	0.984	0.09749999999999992
0.316	0.587	0.41	-0.18249999999999994
0.396	0.151	0.11	0.2655
0.644	0.566	0.494	0.11399999999999999
0.477	0.035	-0.026	0.4725
0.034	0.063	0.74	-0.36749999999999994
0.627	0.028	0.498	0.364
0.135	-0.525	-0.06	0.4275
0.119	-0.201	-0.166	0.3025
-0.118	-0.359	0.331	-0.10400000000000001
0.627	1.054	0.099	0.05049999999999999
0.161	-0.091	-0.266	0.3395
-0.613	-0.481	-0.281	-0.23199999999999998
-0.135	-0.502	-0.171	0.2015
0.28	-0.062	-0.434	0.528
0.134	0.412	-0.254	0.05500000000000002
0.806	0.643	0.343	0.31300000000000006
-1.042	-0.881	-0.249	-0.4770000000000001
-0.271	-0.533	-0.565	0.2779999999999999
0.078	-0.508	-0.725	0.6945
-0.2	-0.021	0.309	-0.344
0.53	-0.156	0.202	0.507
0.688	0.335	0.18	0.43049999999999994
1.439	1.539	0.536	0.40149999999999997
2.128	1.643	1.425	0.5940000000000001
0.459	0.363	0.257	0.14900000000000002
-0.015	-0.325	-0.022	0.15850000000000003
0.471	0.121	-0.058	0.4395
-0.424	-0.546	-0.36	0.029000000000000026
0.241	0.101	-0.396	0.3885
-0.652	-0.626	-0.252	-0.21300000000000002
0.008	-0.085	-0.242	0.1715
0.119	-0.209	-0.325	0.386
-0.041	-0.177	0.142	-0.0235
0.57	-0.211	0.192	0.5794999999999999
0.62	0.672	0.358	0.10499999999999998
0.828	0.901	0.668	0.04349999999999998
0.502	0.333	0.012	0.3295
0.405	0.235	-0.253	0.41400000000000003
-0.279	0.002	0.393	-0.47650000000000003
0.622	0.437	0.442	0.1825
0.351	0.204	-0.158	0.32799999999999996
0.242	0.267	0.162	0.02749999999999997
-0.189	-0.153	0.401	-0.313
0.547	0.232	-0.048	0.45500000000000007
1.146	0.892	0.206	0.5969999999999999
1.397	1.446	0.955	0.19650000000000012
-0.131	0.012	-0.204	-0.03500000000000002
-0.061	-0.278	-0.728	0.442
-0.275	-0.501	0.075	-0.06200000000000003
0.499	-0.052	-0.403	0.7265
0.997	1.029	0.756	0.10450000000000004
1.069	1.091	0.987	0.030000000000000027
0.514	0.078	-0.103	0.5265
0.264	0.727	0.761	-0.48
0.324	0.055	0.03	0.28150000000000003
0.631	0.198	-0.099	0.5815
0.526	0.177	0.009	0.43300000000000005
0.899	0.74	0.236	0.41100000000000003
0.48	0.052	0.341	0.2835
0.029	0.105	0.072	-0.0595
0.521	0.348	0.23	0.23200000000000004
0.645	0.658	0.365	0.13349999999999995
-1.041	-0.842	-0.376	-0.43199999999999994
0.295	-0.179	-0.89	0.8294999999999999
0.591	0.345	-0.518	0.6775
0.551	0.764	0.867	-0.26449999999999996
0.217	0.442	0.505	-0.25650000000000006
0.052	-0.069	0.647	-0.23700000000000004
-0.39	-0.149	-0.794	0.08150000000000002
-0.226	-0.305	0.19	-0.1685
0.407	0.411	-0.278	0.3405
0.753	0.871	0.447	0.09399999999999997
0.904	1.111	0.556	0.07050000000000001
1.418	1.484	1.103	0.12450000000000006
0.839	1.011	1.374	-0.3534999999999999
0.153	-0.201	-0.082	0.2945
0.991	0.732	0.665	0.2925
1.048	0.859	0.593	0.32200000000000006
0.244	0.584	1.085	-0.5905
0.755	0.308	0.96	0.121
0.312	0.914	0.615	-0.45249999999999996
-0.137	-0.176	-0.391	0.14649999999999996
-0.195	-0.691	0.006	0.14749999999999996
0.725	0.237	-0.584	0.8985
1.018	0.548	0.347	0.5705
-0.875	-0.859	-0.33	-0.28049999999999997
0.405	0.482	0.251	0.038500000000000034
1.105	0.904	0.418	0.44399999999999995
1.185	1.248	0.692	0.21500000000000008
0.984	1.268	1.212	-0.256
0.214	0.143	0.301	-0.00799999999999998
0.277	0.298	-0.108	0.18200000000000002
1.216	0.508	0.071	0.9265
0.101	0.391	0.244	-0.2165
0.681	0.65	0.302	0.20500000000000007
0.023	0.096	0.736	-0.39299999999999996
0.48	0.141	0.454	0.1825
0.147	0.251	0.402	-0.17950000000000002
0.305	0.224	0.226	0.07999999999999999
-0.4	-0.38	-0.703	0.14149999999999996
0.336	0.157	0.227	0.14400000000000002
0.358	0.133	0.306	0.13849999999999998
0.245	0.294	-0.148	0.172
0.708	0.342	-0.033	0.5534999999999999
1.032	0.568	0.392	0.552
-0.013	0.128	-0.041	-0.056499999999999995
0.308	-0.245	-0.668	0.7645
0.561	0.195	0.575	0.17600000000000005
0.071	0.685	0.309	-0.426
0.573	0.379	0.373	0.19699999999999995
0.772	0.624	0.364	0.278
0.206	0.513	0.798	-0.4495
0.561	0.541	0.445	0.06800000000000006
1.143	0.989	0.845	0.22599999999999998
0.878	1.542	1.179	-0.48250000000000004
0.956	1.187	1.395	-0.33499999999999996
-0.04	-0.63	-0.831	0.6904999999999999
0.517	0.291	-0.085	0.41400000000000003
-0.067	-0.001	0.509	-0.321
-0.144	0.219	-0.288	-0.1095
-0.241	0.156	0.442	-0.54
-0.129	-0.285	-0.549	0.28800000000000003
0.653	0.74	0.3	0.133
0.046	0.151	0.017	-0.03799999999999999
0.772	0.429	0.336	0.3895
0.283	0.1	0.512	-0.02300000000000002
-0.127	0.41	0.328	-0.496
0.695	0.376	-0.055	0.5345
-0.479	-0.898	-1.301	0.6204999999999999
-0.18	-0.403	-0.132	0.08750000000000002
0.027	-0.052	0.263	-0.07850000000000001
0.247	0.001	-0.165	0.329
0.099	-0.25	0.109	0.1695
0.459	0.123	0.207	0.29400000000000004
1.159	1.116	0.275	0.4635
-0.174	-0.036	0.003	-0.1575
-0.727	0.085	0.283	-0.911
-0.611	-0.816	-0.441	0.01749999999999996
0.269	0.558	0.095	-0.057499999999999996
0.24	0.338	0.411	-0.1345
-0.386	-0.149	-0.357	-0.133
1.055	0.364	0.829	0.4584999999999999
0.785	0.948	0.756	-0.06699999999999995
-0.266	-0.441	-0.34	0.1245
-0.229	0.025	-0.38	-0.05150000000000002
0.549	0.065	0.256	0.38850000000000007
0.958	0.574	0.269	0.5365
-0.15	-0.217	0.909	-0.496
-0.308	-0.755	-0.611	0.37500000000000006
-0.158	-0.233	0.051	-0.06699999999999999
0.462	0.304	0.086	0.267
1.051	0.854	0.557	0.3454999999999999
0.767	1.343	0.92	-0.36449999999999994
0.054	0.061	-0.356	0.20149999999999998
0.292	0.151	0.295	0.069
0.813	0.385	0.32	0.4604999999999999
-0.04	0.031	0.136	-0.1235
0.471	0.559	0.026	0.17849999999999994
1.011	0.727	0.411	0.44199999999999995
1.66	1.231	0.666	0.7114999999999998
0.929	1.137	1.62	-0.4495
0.548	0.628	-0.019	0.24350000000000005
0.946	0.688	0.132	0.536
-0.288	-0.407	-0.149	-0.010000000000000009
0.066	-0.377	0.083	0.213
0.331	0.071	0.294	0.14850000000000002
1.255	1.279	0.275	0.478
0.65	0.314	0.495	0.24550000000000005
0.26	0.484	0.615	-0.2895
0.245	0.083	-0.152	0.27949999999999997
0.759	0.579	0.08	0.42950000000000005
0.195	0.478	0.664	-0.37599999999999995
-0.614	-0.448	-0.445	-0.16749999999999998
0.389	0.292	0.368	0.05900000000000005
0.453	0.45	0.457	-0.0005000000000000004
-0.452	-0.334	0.126	-0.348
0.334	0.618	0.47	-0.21000000000000002
0.413	0.632	-0.005	0.09949999999999998
-0.064	-0.125	-0.072	0.0345
0.359	0.305	0.052	0.1805
-0.11	-0.403	-0.024	0.10350000000000002
0.145	0.031	0.328	-0.0345
0.273	0.252	0.227	0.03350000000000003
-0.065	-0.152	0.217	-0.0975
0.715	0.41	0.374	0.32299999999999995
1.538	1.218	0.409	0.7245
-0.447	-0.336	0.041	-0.2995
-0.508	-0.674	-0.611	0.13450000000000006
-0.165	-0.217	0.0	-0.05650000000000001
0.945	0.46	-0.273	0.8514999999999999
0.995	1.332	1.701	-0.5215000000000002
0.104	0.232	0.361	-0.1925
0.512	0.41	0.67	-0.028000000000000025
-0.062	-0.602	-0.154	0.316
0.158	0.332	-0.15	0.06699999999999999
-0.535	-0.707	-0.41	0.023499999999999965
-0.109	-0.971	-0.558	0.6555
0.352	0.152	0.017	0.26749999999999996
0.869	0.369	0.544	0.4125
0.056	0.415	0.128	-0.21549999999999997
0.642	0.05	-0.03	0.632
-0.286	-0.379	-0.253	0.030000000000000027
0.175	0.014	-0.061	0.19849999999999998
0.788	0.775	0.053	0.374
0.814	1.094	0.847	-0.15650000000000008
0.185	0.125	-0.337	0.29100000000000004
0.622	0.182	-0.124	0.593
0.919	0.33	0.025	0.7415
-0.084	-0.022	0.109	-0.1275
0.026	0.172	0.327	-0.2235
0.673	0.515	0.19	0.3205
1.39	0.831	0.44	0.7545
1.699	1.51	0.721	0.5835000000000001
1.742	1.665	1.018	0.4005000000000001
1.722	1.762	1.573	0.05449999999999999
-0.28	-0.296	-0.649	0.1925
-0.033	0.107	0.088	-0.1305
0.159	-0.191	-0.571	0.54
0.412	0.368	0.486	-0.015000000000000013
0.74	0.514	0.497	0.23449999999999993
1.283	0.779	0.376	0.7054999999999999
1.426	1.208	0.534	0.5549999999999999
0.144	0.218	0.084	-0.007000000000000006
-0.567	-0.333	-0.641	-0.07999999999999996
0.635	0.226	-0.305	0.6745
-0.722	-0.547	-0.327	-0.2849999999999999
0.479	0.37	0.35	0.119
0.13	0.012	0.45	-0.101
-0.1	0.251	0.071	-0.261
0.257	0.184	0.214	0.057999999999999996
0.659	0.125	0.095	0.549
-0.656	-0.807	-0.727	0.11099999999999999
0.13	0.182	0.208	-0.065
0.331	-0.001	-0.125	0.394
1.014	0.364	-0.085	0.8745
1.107	1.302	0.303	0.3045
1.626	1.227	0.895	0.565
0.62	0.375	0.303	0.281
0.006	-0.46	0.273	0.0995
-0.429	-0.268	-0.461	-0.06449999999999995
-0.499	-0.259	-0.093	-0.323
1.069	0.353	0.185	0.7999999999999999
0.239	0.097	0.179	0.10099999999999998
0.256	0.11	-0.571	0.4865
1.049	1.038	0.634	0.21299999999999986
1.386	0.986	0.837	0.4744999999999999
-0.654	-0.54	-0.214	-0.277
-0.607	-0.402	-0.66	-0.07599999999999996
-0.242	0.191	0.497	-0.586
-0.537	-0.569	-0.542	0.01849999999999996
0.356	-0.319	-0.549	0.79
0.461	1.021	-0.094	-0.0024999999999999467
0.771	0.763	0.367	0.20600000000000007
0.894	0.626	0.728	0.21699999999999997
-0.471	-0.17	0.309	-0.5405
-0.248	-0.369	0.087	-0.10699999999999998
-0.1	0.391	0.278	-0.4345
0.075	-0.412	-0.232	0.397
0.658	0.504	0.527	0.14249999999999996
0.051	-0.051	-0.0	0.0765
-0.882	-0.36	-0.622	-0.391
-0.209	-0.628	-0.451	0.3305
-0.015	-0.219	0.103	0.043000000000000003
0.886	0.646	-0.08	0.603
-0.751	-0.672	-0.741	-0.044499999999999984
0.195	-0.258	-0.278	0.463
0.398	0.299	0.693	-0.09799999999999998
-0.266	-0.577	-0.535	0.29000000000000004
0.205	-0.088	-0.557	0.5275
0.083	0.036	-0.044	0.08700000000000001
0.308	0.719	0.278	-0.1905
0.636	0.774	0.535	-0.018500000000000072
1.113	0.845	0.771	0.30499999999999994
-0.188	-0.384	0.25	-0.121
-0.917	-1.345	-0.856	0.1835
0.609	0.402	0.546	0.13499999999999995
1.062	1.04	1.254	-0.08499999999999996
-0.32	-0.343	-0.282	-0.007500000000000007
0.426	0.199	0.195	0.22899999999999998
0.817	0.81	0.587	0.11849999999999994
-0.394	-0.684	-1.162	0.529
0.156	0.336	0.189	-0.10650000000000001
-0.563	-0.444	-0.338	-0.17199999999999993
0.448	-0.139	-0.363	0.6990000000000001
0.311	0.103	0.194	0.1625
0.364	-0.167	-0.312	0.6034999999999999
0.016	-0.14	-0.157	0.16450000000000004
0.131	0.376	0.065	-0.0895
0.707	0.511	0.388	0.25749999999999995
1.93	1.736	0.665	0.7295
1.759	1.962	1.254	0.1509999999999998
-0.313	-0.15	0.336	-0.406
-0.474	0.007	0.3	-0.6275
0.033	-0.104	-0.691	0.4305
-0.23	0.019	-0.089	-0.195
0.025	-0.444	-0.207	0.35050000000000003
0.662	0.885	0.065	0.18700000000000006
0.444	0.435	0.551	-0.04899999999999999
0.899	0.628	0.454	0.358
-0.234	-0.593	-0.549	0.33699999999999997
0.085	-0.02	-0.366	0.278
0.082	0.26	0.0	-0.048
0.791	0.261	0.129	0.5960000000000001
-0.237	-0.067	-0.497	0.04500000000000004
-0.129	-0.464	-0.242	0.22399999999999998
0.06	-0.155	-0.141	0.208
-0.255	-0.123	-0.496	0.05449999999999999
0.023	0.17	-0.003	-0.060500000000000005
0.401	0.283	-0.121	0.32000000000000006
-0.677	-0.509	-0.419	-0.21300000000000008
-0.23	0.065	-0.161	-0.182
0.219	-0.248	0.192	0.247
0.275	0.374	0.108	0.03400000000000003
-0.013	-0.272	-0.4	0.323
-0.173	-0.095	0.242	-0.2465
-0.18	-0.146	-0.121	-0.046499999999999986
0.885	0.54	0.468	0.381
0.789	1.303	1.404	-0.5644999999999999
0.295	0.017	-0.233	0.403
0.813	0.382	-0.064	0.6539999999999999
0.986	0.818	0.828	0.16300000000000003
0.511	0.113	0.278	0.3155
0.534	0.589	0.686	-0.10349999999999993
-0.236	0.6	0.571	-0.8214999999999999
0.12	0.164	0.11	-0.017000000000000015
0.347	0.256	0.001	0.21849999999999997
0.124	-0.216	0.539	-0.03750000000000003
-0.093	-0.468	0.042	0.12000000000000002
-0.174	0.051	0.338	-0.3685
0.649	-0.093	0.247	0.5720000000000001
0.55	0.613	0.351	0.06800000000000006
-0.129	-0.3	-0.178	0.10999999999999999
-0.19	-0.057	-0.091	-0.116
0.274	0.179	0.445	-0.03799999999999998
0.083	-0.433	-0.562	0.5805
0.102	-0.129	0.732	-0.1995
0.247	-0.253	0.118	0.3145
-0.405	-0.076	-0.15	-0.29200000000000004
-0.129	-0.377	-0.791	0.45500000000000007
0.526	0.088	-0.126	0.545
0.461	0.829	0.196	-0.051499999999999935
0.878	0.941	0.725	0.04500000000000004
-0.29	-0.294	0.238	-0.262
-0.217	-0.063	-0.08	-0.1455
0.579	0.152	-0.372	0.689
-0.109	-0.033	-0.216	0.0155
0.515	0.788	0.311	-0.034499999999999975
-0.367	-0.846	-0.317	0.21450000000000002
0.564	1.274	0.66	-0.40300000000000014
-0.035	-0.11	-0.253	0.1465
-0.146	0.221	-0.117	-0.19799999999999998
0.617	0.034	0.049	0.5755
-0.387	-0.451	-0.093	-0.11499999999999999
-0.184	-0.408	-0.199	0.1195
-0.617	-0.583	0.118	-0.3845
0.031	-0.153	-0.274	0.24450000000000002
-0.269	-0.362	-0.2	0.01200000000000001
0.734	0.124	0.221	0.5615
0.299	0.182	0.848	-0.21600000000000003
0.363	-0.358	-0.117	0.6005
0.08	0.688	-0.161	-0.18349999999999994
1.219	0.845	0.377	0.6080000000000001
1.22	1.346	0.513	0.2905
0.299	0.336	-0.075	0.16849999999999998
0.725	0.655	0.341	0.22699999999999998
0.475	0.795	0.814	-0.3295
0.991	0.497	0.37	0.5575
1.171	0.988	1.352	0.001000000000000112
1.732	1.722	1.024	0.359
0.23	0.2	0.014	0.123
0.09	0.304	-0.118	-0.0030000000000000027
0.498	0.385	0.587	0.01200000000000001
0.277	0.714	0.593	-0.37649999999999995
0.401	-0.063	0.09	0.3875
0.868	0.183	-0.108	0.8305
1.417	1.634	0.347	0.4265000000000001
-0.056	-0.034	-0.597	0.2595
0.427	0.47	0.546	-0.08100000000000002
-1.091	-1.168	-0.976	-0.018999999999999906
0.58	0.037	-0.075	0.599
0.857	0.376	0.057	0.6405
0.555	0.485	0.753	-0.06399999999999995
-0.127	0.61	0.43	-0.647
-0.128	0.007	0.292	-0.27749999999999997
-0.133	-0.195	0.032	-0.051500000000000004
0.898	0.329	-0.151	0.809
-0.447	-1.21	-1.167	0.7414999999999998
0.439	-0.685	-1.261	1.412
0.974	0.414	0.013	0.7605
0.47	0.52	0.253	0.08349999999999996
0.749	0.912	0.567	0.009499999999999953
0.18	0.356	0.215	-0.10549999999999998
-0.184	-0.214	-0.252	0.04899999999999999
-0.311	-0.67	-0.317	0.18250000000000005
-0.016	-0.167	-0.248	0.1915
0.452	0.067	-0.269	0.553
0.634	0.388	-0.172	0.526
0.869	0.525	0.296	0.4585
-0.291	-0.496	-0.04	-0.022999999999999965
-0.453	-0.366	-0.697	0.07849999999999996
0.229	0.616	0.545	-0.35150000000000003
0.683	0.165	0.399	0.401
0.663	0.452	0.617	0.12850000000000006
1.268	0.703	0.494	0.6695
-0.46	-0.218	-0.745	0.021499999999999964
0.287	-0.191	-0.017	0.391
0.253	-0.154	-0.025	0.3425
0.938	0.246	-0.223	0.9265
0.164	0.012	-0.318	0.317
-0.198	0.332	0.52	-0.6240000000000001
-0.289	-0.567	0.148	-0.07950000000000002
0.573	0.149	-0.121	0.5589999999999999
-0.274	-0.152	0.462	-0.42900000000000005
-0.691	-0.151	-0.633	-0.29899999999999993
-0.594	-0.839	-0.276	-0.03649999999999998
0.677	0.688	0.484	0.09100000000000008
1.064	0.407	0.115	0.803
0.625	0.186	-0.244	0.654
1.238	1.014	0.126	0.6679999999999999
-0.401	-0.333	-0.168	-0.15050000000000002
-0.604	-0.487	-0.22	-0.2505
-0.227	-0.414	-0.282	0.12099999999999997
0.201	0.12	0.351	-0.034499999999999975
0.764	0.265	0.198	0.5325
0.871	0.324	0.199	0.6094999999999999
0.855	0.608	0.855	0.12349999999999994
-0.375	-0.21	0.176	-0.358
-0.283	0.313	-0.008	-0.4355
-0.339	-0.462	-0.257	0.020500000000000018
0.265	0.29	0.58	-0.16999999999999993
-0.036	-0.01	-0.239	0.0885
0.722	-0.034	-0.106	0.792
0.221	-0.239	-0.008	0.34450000000000003
0.942	0.162	-0.212	0.967
0.408	-0.136	-0.034	0.493
-0.001	0.564	-0.1	-0.23299999999999998
-0.52	-0.691	-0.797	0.22399999999999998
-0.155	-0.069	0.11	-0.1755
0.731	0.105	0.329	0.514
0.078	0.003	0.147	0.0030000000000000027
0.999	0.906	1.275	-0.09150000000000003
-0.926	-0.997	-1.031	0.08799999999999997
-0.109	-0.281	-0.461	0.262
-0.058	-0.294	0.299	-0.060500000000000005
0.645	0.389	0.638	0.13149999999999995
-0.597	-0.032	-0.104	-0.5289999999999999
0.22	-0.368	-0.113	0.4605
1.253	1.145	-0.229	0.7949999999999999
-0.12	-0.312	-0.092	0.08200000000000002
-0.621	-0.292	-0.286	-0.332
0.882	0.577	-0.148	0.6675
-0.919	-1.361	-1.36	0.4415
0.508	0.101	-0.017	0.466
0.293	0.172	0.807	-0.19650000000000006
0.028	-0.08	0.265	-0.0645
1.578	1.498	0.735	0.4615
-0.758	-0.798	-0.584	-0.06699999999999995
-0.421	-0.242	-0.382	-0.10899999999999999
-0.946	-0.51	-0.399	-0.49149999999999994
-0.717	-0.311	-0.705	-0.20899999999999996
0.843	0.856	0.234	0.29799999999999993
1.209	1.303	0.915	0.10000000000000009
0.192	0.094	0.767	-0.2385
0.664	0.571	0.665	0.04600000000000004
1.017	0.98	0.659	0.1974999999999999
0.332	0.107	0.12	0.21850000000000003
0.189	-0.117	-0.273	0.384
0.476	0.144	-0.146	0.477
0.354	0.664	0.214	-0.08500000000000002
0.561	0.95	0.565	-0.1964999999999999
0.373	0.497	0.812	-0.2815000000000001
0.676	0.846	0.611	-0.05249999999999988
-0.269	-0.071	-0.51	0.021499999999999964
0.683	0.254	0.443	0.3345
0.937	0.937	0.268	0.3345
-0.383	0.116	0.047	-0.4645
0.138	-0.257	0.201	0.166
0.714	0.671	0.572	0.09250000000000003
1.286	0.892	0.543	0.5685
0.456	0.558	0.339	0.007500000000000007
0.483	0.466	0.749	-0.12450000000000006
0.54	0.669	0.469	-0.028999999999999915
-0.397	-0.517	-0.855	0.2889999999999999
0.003	0.126	-0.331	0.10550000000000001
0.387	0.773	0.318	-0.15849999999999997
-0.019	-0.042	0.224	-0.11
0.427	0.534	0.502	-0.09100000000000003
-0.745	-0.269	-0.18	-0.5205
1.263	0.698	0.361	0.7334999999999999
-0.033	0.152	0.075	-0.1465
0.224	0.75	0.405	-0.35350000000000004
0.003	-0.1	-0.176	0.14100000000000001
-0.259	-0.193	0.097	-0.21100000000000002
-0.713	-0.389	-0.201	-0.4179999999999999
-0.302	-0.627	-0.842	0.43249999999999994
-0.208	-0.271	-0.644	0.24950000000000003
-0.06	0.498	0.123	-0.3705
0.507	0.669	0.583	-0.119
0.761	0.496	0.875	0.07550000000000001
0.65	0.44	0.563	0.14850000000000008
-0.065	0.109	-0.141	-0.04900000000000001
-0.442	-0.231	-0.143	-0.255
0.151	-0.266	-0.309	0.4385
0.403	0.292	0.695	-0.09049999999999991
0.808	0.909	0.461	0.123
-0.212	-0.201	-0.528	0.15250000000000005
0.509	0.064	0.334	0.31
0.066	-0.179	-0.627	0.46900000000000003
0.412	-0.039	-0.384	0.6234999999999999
0.926	0.214	-0.231	0.9345000000000001
0.039	-0.427	-0.072	0.2885
0.934	1.008	0.711	0.07450000000000012
1.463	1.029	0.783	0.5570000000000002
1.378	1.441	1.448	-0.06650000000000023
0.432	0.453	0.161	0.125
0.627	0.642	0.467	0.07250000000000001
1.59	1.03	0.627	0.7615000000000001
1.56	1.503	0.755	0.43100000000000005
0.258	0.141	0.616	-0.1205
0.542	0.656	-0.215	0.3215
0.09	0.375	-0.05	-0.07250000000000001
-0.045	0.087	-0.512	0.16750000000000004
-0.146	0.339	0.682	-0.6565000000000001
0.089	0.529	0.263	-0.30700000000000005
-0.372	-0.447	-0.726	0.21450000000000002
-0.307	-0.231	-0.42	0.018500000000000016
0.933	0.927	0.644	0.14749999999999996
1.114	0.876	0.773	0.2895000000000001
1.082	1.349	0.937	-0.06099999999999994
1.279	1.307	1.203	0.02400000000000002
1.425	1.568	1.268	0.006999999999999895
-0.41	-0.325	0.044	-0.26949999999999996
-0.225	0.19	-0.222	-0.20900000000000002
-0.571	-0.522	-0.829	0.10450000000000004
1.61	1.162	0.68	0.6890000000000001
-0.487	-0.699	-0.472	0.09849999999999992
0.11	0.282	-0.255	0.09650000000000002
0.353	0.249	-0.09	0.27349999999999997
-0.657	-0.504	-0.385	-0.21250000000000002
0.215	-0.043	0.006	0.23349999999999999
0.34	1.243	0.343	-0.453
0.393	0.326	0.394	0.03300000000000003
1.378	0.54	0.337	0.9394999999999999
1.307	0.737	0.215	0.831
-0.27	-0.29	0.192	-0.22100000000000003
0.075	-0.56	-0.911	0.8105
0.391	0.106	0.362	0.15700000000000003
0.612	0.69	0.369	0.08250000000000002
1.021	1.394	0.769	-0.0605
1.257	1.128	1.048	0.16899999999999982
-0.164	0.538	0.616	-0.741
-0.1	-0.278	0.247	-0.08449999999999999
-0.036	-0.423	-0.194	0.2725
0.603	0.57	0.922	-0.14300000000000002
0.096	-0.286	-0.517	0.49749999999999994
-0.153	-0.517	-0.35	0.28049999999999997
-0.084	-0.101	-0.081	0.006999999999999992
-0.387	-0.524	-0.279	0.014500000000000013
-0.328	-0.155	-0.487	-0.007000000000000006
-0.19	-0.165	-0.451	0.118
0.167	-0.004	0.04	0.14900000000000002
0.423	0.372	0.106	0.184
-0.026	-0.203	0.13	0.010500000000000006
0.899	1.132	0.33	0.16800000000000004
0.272	-0.054	-0.168	0.383
0.513	0.719	0.299	0.0040000000000000036
0.754	0.624	0.445	0.21950000000000003
1.048	0.663	0.638	0.39749999999999996
1.128	1.014	0.671	0.28549999999999986
0.35	-0.07	-0.213	0.4915
-0.036	0.776	0.21	-0.529
-0.874	-0.571	0.098	-0.6375
0.286	-0.188	-0.174	0.46699999999999997
0.095	-0.143	-0.339	0.33599999999999997
0.177	0.812	-0.158	-0.15000000000000002
0.518	0.582	0.359	0.04750000000000004
0.542	0.558	0.465	0.03049999999999997
0.465	-0.087	0.055	0.48100000000000004
0.435	-0.133	0.146	0.4285
-0.078	0.083	0.342	-0.29050000000000004
0.303	-0.015	0.409	0.10600000000000001
0.638	0.674	0.678	-0.038000000000000034
0.707	0.692	0.683	0.019499999999999962
0.026	0.097	0.076	-0.0605
0.003	-0.053	0.384	-0.1625
0.493	-0.027	0.263	0.375
-0.487	-0.638	-0.172	-0.08199999999999996
0.246	1.155	0.261	-0.46199999999999997
0.617	0.475	0.244	0.2575
0.466	0.561	0.531	-0.08000000000000002
0.861	0.731	0.727	0.132
0.656	0.201	-0.61	0.8605
0.598	0.602	0.228	0.183
0.177	0.122	-0.365	0.2985
0.466	0.476	-0.156	0.30600000000000005
0.397	0.193	-0.104	0.35250000000000004
-0.402	-0.471	0.032	-0.18250000000000005
0.218	0.272	0.034	0.06499999999999997
0.229	0.397	0.274	-0.10650000000000001
0.066	0.288	0.269	-0.21249999999999997
0.385	0.172	0.46	0.069
0.498	0.747	0.275	-0.013000000000000012
0.931	0.69	0.317	0.4275000000000001
-0.95	-1.081	-1.082	0.13150000000000017
0.366	-0.162	-0.232	0.563
0.602	0.102	-0.198	0.65
0.659	0.441	0.726	0.07550000000000001
0.464	0.493	0.685	-0.12499999999999994
0.296	-0.081	-0.32	0.4965
0.271	-0.296	0.333	0.2525
-0.003	-0.392	-0.333	0.35950000000000004
-0.746	-0.616	-1.022	0.07299999999999995
0.48	0.054	-0.208	0.5569999999999999
-0.547	-0.338	-0.423	-0.16650000000000004
0.058	-0.191	-0.386	0.3465
-0.1	0.243	-0.174	-0.1345
-0.038	-0.136	0.158	-0.048999999999999995
0.196	0.338	-0.06	0.056999999999999995
0.897	0.489	0.264	0.5205
-0.134	-0.247	0.551	-0.28600000000000003
0.238	0.124	0.091	0.1305
-0.294	0.25	0.245	-0.5415
-0.204	-0.268	-0.455	0.15750000000000006
0.062	0.142	-0.089	0.035500000000000004
-0.141	-0.139	-0.222	0.03950000000000001
0.603	0.711	0.795	-0.15000000000000002
-1.079	-0.952	-0.626	-0.29000000000000004
1.01	0.414	0.097	0.7545
0.122	0.803	1.147	-0.8530000000000001
-0.144	-0.389	0.07	0.015500000000000014
0.099	0.067	0.535	-0.20200000000000004
0.51	0.506	0.011	0.2515
0.807	0.47	0.213	0.4655000000000001
1.034	0.742	0.296	0.515
0.761	0.9	0.44	0.09099999999999997
1.373	0.875	0.684	0.5934999999999999
0.09	-0.095	0.091	0.092
-0.026	0.406	-0.01	-0.224
0.419	0.541	0.69	-0.19649999999999995
1.196	1.06	0.593	0.36949999999999994
-0.347	-0.107	-0.202	-0.19249999999999998
0.174	-0.13	0.054	0.212
0.532	0.561	0.086	0.20850000000000002
0.903	0.951	0.618	0.11850000000000005
-0.697	-0.923	-0.855	0.19200000000000006
-0.276	-0.431	-0.629	0.254
-0.013	-0.431	-0.137	0.271
-0.187	-0.39	-0.309	0.16250000000000003
-0.089	0.187	-0.134	-0.11549999999999999
0.325	-0.014	0.141	0.2615
-0.121	0.325	0.152	-0.3595
0.494	0.067	0.286	0.3175
0.452	0.115	-0.123	0.456
-0.04	0.057	0.655	-0.396
0.741	0.536	0.042	0.45199999999999996
-0.275	-0.691	-0.782	0.4614999999999999
0.725	0.735	0.292	0.21150000000000002
-0.643	-0.949	-0.733	0.19799999999999995
-0.006	-0.471	-0.66	0.5595
0.037	-0.318	0.193	0.0995
0.018	0.865	0.135	-0.482
0.089	0.455	0.411	-0.344
0.148	0.309	0.497	-0.255
0.929	0.482	0.358	0.5090000000000001
0.711	0.791	0.001	0.31499999999999995
0.699	1.06	0.764	-0.21300000000000008
0.543	0.995	0.953	-0.43099999999999994
0.23	0.484	0.108	-0.06599999999999998
-0.219	-0.373	0.341	-0.203
1.325	0.375	-0.183	1.2289999999999999
0.672	0.771	0.027	0.273
-0.138	-0.515	-0.315	0.277
0.181	-0.244	-0.364	0.485
-0.547	-0.241	0.035	-0.44400000000000006
-0.731	-0.848	-0.517	-0.04849999999999999
-0.436	-0.1	0.124	-0.448
0.616	0.162	-0.107	0.5885
0.193	0.367	0.193	-0.08700000000000002
1.165	0.655	0.31	0.6825
0.678	0.553	0.366	0.21850000000000003
-0.003	-0.146	-0.048	0.094
0.102	-0.322	-0.431	0.4785
-0.162	0.042	-0.711	0.17249999999999996
-0.4	-0.375	-0.185	-0.12
0.652	0.716	0.482	0.05300000000000005
-1.207	-1.002	-0.586	-0.41300000000000003
-0.005	-0.461	-1.07	0.7605000000000001
0.032	0.336	0.009	-0.1405
1.175	1.15	0.654	0.27300000000000013
1.367	1.189	1.037	0.254
1.461	1.326	1.67	-0.03699999999999992
-1.099	-0.92	-1.171	-0.05349999999999988
0.288	0.268	0.025	0.14149999999999996
0.043	-0.035	0.352	-0.11549999999999998
-0.008	0.071	0.193	-0.14
0.441	0.207	0.306	0.1845
0.46	0.7	0.748	-0.26399999999999996
1.019	1.3	0.934	-0.09800000000000009
0.145	0.147	0.64	-0.24850000000000003
0.316	-0.432	-0.444	0.754
0.651	0.646	0.242	0.20700000000000002
0.741	1.346	0.897	-0.38050000000000017
0.968	1.128	1.177	-0.1844999999999999
0.287	-0.201	0.066	0.3545
0.053	0.055	0.478	-0.21350000000000002
-0.6	-0.223	-0.026	-0.4755
0.531	-0.248	-0.358	0.8340000000000001
-0.069	0.048	0.147	-0.1665
0.159	-0.038	0.194	0.081
0.949	0.34	0.074	0.742
-0.064	-0.499	-0.42	0.3955
0.159	-0.196	0.269	0.1225
0.329	0.721	-0.078	0.007500000000000007
-0.169	-0.222	0.178	-0.14700000000000002
-0.465	-0.475	-0.506	0.025499999999999967
1.406	0.978	0.682	0.5759999999999998
1.337	1.323	1.092	0.12949999999999995
-0.5	-0.503	-0.595	0.04899999999999993
0.246	0.4	-0.047	0.06949999999999998
0.848	0.226	0.287	0.5914999999999999
1.251	0.47	0.285	0.8734999999999999
-0.517	-0.483	-0.441	-0.05500000000000005
-0.158	-0.495	-0.821	0.4999999999999999
0.471	0.433	-0.288	0.39849999999999997
0.475	0.535	0.287	0.06399999999999995
0.775	0.46	0.648	0.22099999999999997
0.126	-0.414	-0.551	0.6085
0.712	0.472	0.482	0.235
0.438	-0.063	0.162	0.3885
-0.233	-0.233	0.387	-0.31
-0.54	-0.432	-0.463	-0.09250000000000003
0.076	-0.51	-0.447	0.5545
-0.148	-0.025	-0.129	-0.071
0.443	0.5	-0.165	0.2755
0.271	1.305	0.524	-0.6435
0.542	0.48	0.452	0.07600000000000007
0.794	0.371	0.94	0.13850000000000007
-0.465	-0.143	-0.477	-0.15500000000000003
-0.318	0.122	0.221	-0.4895
0.027	-0.088	-0.082	0.11199999999999999
1.194	0.689	-0.058	0.8785000000000001
1.356	1.592	0.682	0.21900000000000008
1.849	1.504	1.084	0.5549999999999999
1.308	1.656	1.639	-0.3394999999999999
0.53	0.281	0.66	0.0595
0.788	0.548	0.416	0.30600000000000005
0.401	0.544	0.802	-0.272
-0.384	-0.415	0.048	-0.2005
0.803	0.974	0.819	-0.09349999999999992
-0.464	-0.962	-0.544	0.289
0.097	0.142	-0.112	0.08200000000000002
-0.064	0.206	0.274	-0.304
-0.181	-0.158	0.611	-0.4075
0.6	0.52	-0.166	0.423
-0.317	-0.126	0.188	-0.348
-0.555	-1.044	-0.999	0.4665
-0.034	-0.093	-0.159	0.092
0.325	0.625	0.287	-0.13099999999999995
-0.746	-0.41	-0.341	-0.3705
0.636	0.708	0.316	0.124
1.23	1.629	0.83	0.0004999999999999449
1.074	1.509	1.089	-0.22499999999999987
1.383	1.241	1.413	0.05600000000000005
1.058	1.521	1.346	-0.37549999999999994
0.082	-0.403	-0.451	0.509
0.622	0.334	-0.122	0.516
0.028	-0.035	0.494	-0.20149999999999998
-0.545	0.146	-0.015	-0.6105
0.356	0.007	0.149	0.27799999999999997
0.999	0.922	0.135	0.47050000000000003
1.199	1.016	0.584	0.399
0.19	0.595	0.384	-0.2995
-0.106	-0.456	-0.519	0.38150000000000006
-0.253	0.312	0.045	-0.4315
0.07	0.439	0.036	-0.16749999999999998
0.006	0.047	-0.022	-0.006500000000000001
0.561	0.162	-0.084	0.522
0.385	0.541	0.13	0.04949999999999999
0.327	-0.164	-0.1	0.459
0.954	0.118	-0.303	1.0465
-0.243	-0.118	0.012	-0.19
0.25	-0.348	-0.086	0.46699999999999997
0.296	0.797	0.55	-0.3775
-0.124	-0.257	-0.101	0.05499999999999999
-0.46	-0.711	-0.611	0.201
0.898	0.566	0.018	0.6060000000000001
-0.055	0.085	-0.348	0.07649999999999998
0.474	-0.048	-0.145	0.5705
-0.143	-0.287	-0.045	0.022999999999999993
0.79	0.298	0.056	0.613
-0.866	-0.939	-0.54	-0.12649999999999995
-0.12	-0.14	0.246	-0.173
-0.182	0.234	0.024	-0.311
-0.003	0.38	0.304	-0.345
-0.534	-0.462	-0.58	-0.013000000000000012
0.446	0.135	-0.338	0.5475
0.689	0.737	0.372	0.13449999999999995
0.319	0.155	0.083	0.2
0.214	0.579	0.027	-0.089
-0.183	-0.484	-0.335	0.22649999999999998
0.141	-0.25	-0.452	0.492
-0.711	-0.959	-0.52	0.02850000000000008
-1.052	-0.943	-0.645	-0.258
-0.138	-0.023	0.11	-0.1815
0.484	0.152	-0.073	0.4445
0.102	0.279	0.62	-0.34750000000000003
0.446	0.484	0.715	-0.15349999999999991
0.519	0.583	0.57	-0.057499999999999996
0.118	0.189	-0.128	0.0875
0.907	0.157	0.111	0.773
1.808	1.098	0.161	1.1785
1.594	1.553	0.32	0.6575000000000001
2.067	2.01	1.537	0.2935000000000003
1.694	1.96	1.836	-0.20400000000000018
0.7	0.836	0.25	0.15700000000000003
0.228	0.225	0.415	-0.092
0.5	0.29	0.218	0.246
-0.59	0.106	-0.694	-0.296
-0.608	-0.515	-0.401	-0.14999999999999997
-0.018	-0.581	-0.446	0.49549999999999994
-0.324	0.025	0.15	-0.4115
0.232	-0.289	0.228	0.2625
0.704	1.359	0.89	-0.4205000000000001
1.104	0.541	0.609	0.5290000000000001
-0.371	-0.419	-0.167	-0.07800000000000001
0.628	-0.279	-0.305	0.92
-0.003	-0.118	-0.109	0.11049999999999999
0.008	0.324	-0.077	-0.11549999999999999
0.863	0.83	0.813	0.04150000000000009
0.792	0.917	0.767	-0.050000000000000044
1.078	1.087	0.882	0.09350000000000014
0.62	0.609	1.62	-0.49450000000000005
-0.728	-0.286	-0.4	-0.385
0.134	0.586	0.387	-0.3525
-0.232	-0.164	-0.062	-0.11900000000000001
-0.15	-0.063	-0.21	-0.013499999999999984
0.187	0.007	-0.13	0.2485
0.713	0.493	0.103	0.415
0.803	0.455	0.536	0.3075
0.138	-0.158	-0.399	0.41650000000000004
0.292	0.034	0.036	0.257
0.642	0.361	0.126	0.3985
0.526	0.43	0.09	0.266
0.34	0.657	0.424	-0.20049999999999996
-0.022	-0.033	0.536	-0.2735
0.63	0.283	0.516	0.23050000000000004
-0.409	0.317	-0.046	-0.5445
-0.18	-0.223	-0.15	0.006500000000000006
0.048	-0.023	-0.137	0.128
0.147	-0.324	-0.421	0.5195
-0.344	-0.821	-0.866	0.49949999999999994
0.065	0.075	0.297	-0.121
0.073	-0.271	-0.261	0.339
0.848	0.901	0.741	0.027000000000000024
0.456	0.522	0.617	-0.11349999999999999
-0.575	-0.479	0.139	-0.40499999999999997
0.035	-0.372	-0.269	0.35550000000000004
0.73	1.107	0.046	0.15349999999999997
-0.808	0.014	0.438	-1.034
0.228	0.189	-0.235	0.251
-0.761	-0.412	-0.182	-0.464
-0.235	-0.712	-0.168	0.20500000000000002
0.65	0.822	1.621	-0.5715
0.256	0.117	0.16	0.1175
0.201	-0.095	-0.129	0.313
0.363	0.679	0.053	-0.003000000000000058
0.246	0.359	0.577	-0.22199999999999998
1.063	0.506	0.441	0.5894999999999999
0.143	-0.293	-0.213	0.396
-0.192	-0.018	0.061	-0.2135
-0.776	-0.8	-0.514	-0.119
0.218	-0.764	-0.789	0.9944999999999999
-0.414	-0.105	-0.323	-0.19999999999999998
-0.084	-0.249	-0.278	0.1795
0.832	0.542	-0.243	0.6824999999999999
1.196	0.951	0.717	0.362
1.39	1.418	0.933	0.2144999999999999
0.737	1.223	1.383	-0.566
0.246	-0.225	-0.085	0.401
-0.792	-0.373	-0.542	-0.3345
0.567	0.164	0.026	0.472
0.282	0.146	0.363	0.02749999999999997
0.741	0.297	0.265	0.45999999999999996
0.056	0.236	0.065	-0.0945
0.619	0.388	0.603	0.1235
0.442	-0.061	-0.298	0.6214999999999999
-0.263	0.074	0.496	-0.548
-0.001	0.361	0.494	-0.4285
-0.03	0.076	0.336	-0.23600000000000002
0.427	-0.037	0.339	0.27599999999999997
-0.167	-0.846	-0.514	0.5129999999999999
-0.474	-0.325	-0.134	-0.24449999999999997
0.37	0.122	0.133	0.2425
0.969	0.475	-0.033	0.748
0.833	1.207	0.833	-0.18700000000000006
0.78	0.829	0.812	-0.04049999999999998
0.298	0.458	-0.339	0.2385
0.304	0.2	0.672	-0.13200000000000006
-0.026	-0.064	-0.529	0.27049999999999996
-0.584	-0.968	-0.664	0.2320000000000001
0.494	0.183	-0.809	0.807
1.302	1.148	0.551	0.4525000000000001
0.088	0.419	0.267	-0.255
-0.086	0.144	0.374	-0.345
-0.211	-0.263	-0.405	0.12300000000000003
-0.002	-0.302	0.702	-0.20199999999999999
0.452	0.28	0.283	0.17050000000000004
0.836	0.604	0.379	0.3445
0.376	-0.092	-0.352	0.598
0.05	-0.213	0.211	0.051000000000000004
-0.253	-0.341	-0.692	0.26349999999999996
0.497	-0.313	-0.604	0.9555
0.262	0.131	-0.131	0.262
0.178	0.314	0.107	-0.0325
-1.044	-1.247	-0.79	-0.025500000000000078
-0.027	-0.212	-0.054	0.10600000000000001
0.191	-0.12	-0.055	0.27849999999999997
0.591	-0.098	0.204	0.538
0.772	0.268	0.016	0.63
0.501	0.096	0.445	0.23049999999999998
0.967	0.374	0.388	0.586
0.286	-0.035	0.043	0.282
0.23	0.187	-0.059	0.166
-0.259	-0.288	-0.006	-0.11200000000000002
0.579	0.635	0.066	0.22849999999999993
0.357	0.332	0.705	-0.16149999999999998
-0.211	-0.075	-0.109	-0.119
-0.47	-0.215	0.053	-0.38899999999999996
0.993	0.661	0.641	0.34199999999999997
-0.275	-0.319	-0.258	0.013499999999999956
-0.162	0.225	-0.182	-0.1835
0.258	-0.041	0.422	0.0675
-0.48	-0.379	0.045	-0.31299999999999994
0.369	0.138	-0.408	0.504
0.21	0.12	-0.183	0.2415
0.26	-0.217	-0.609	0.673
0.983	0.314	0.333	0.6595
0.701	0.946	0.94	-0.242
1.324	0.971	1.002	0.33750000000000013
0.507	1.177	1.065	-0.614
0.55	0.643	1.102	-0.3225
0.945	0.443	0.456	0.49549999999999994
1.441	1.267	0.44	0.5875000000000001
0.046	-0.179	-0.232	0.2515
0.048	-0.145	0.161	0.039999999999999994
0.873	0.118	1.3	0.16399999999999992
0.984	1.044	1.068	-0.07200000000000006
0.115	0.087	0.2	-0.02850000000000001
0.206	0.349	-0.692	0.37749999999999995
0.377	0.306	0.022	0.213
0.456	0.467	0.348	0.04850000000000004
0.071	-0.029	0.051	0.06
0.251	-0.033	-0.307	0.421
0.19	-0.03	-0.337	0.3735
0.659	0.205	0.272	0.42050000000000004
0.914	0.449	0.161	0.609
1.34	0.972	0.229	0.7395
0.237	0.445	-0.147	0.08799999999999997
0.311	0.16	0.271	0.09549999999999997
0.878	0.773	0.339	0.32199999999999995
1.144	0.852	0.531	0.4524999999999999
0.058	-0.059	-0.314	0.2445
-0.643	-0.638	-0.796	0.07400000000000007
0.27	-0.575	-0.662	0.8885000000000001
0.234	0.187	0.248	0.016500000000000015
-0.275	-0.332	-0.225	0.003500000000000003
0.565	0.022	0.187	0.46049999999999996
0.116	-0.048	0.196	0.041999999999999996
0.329	0.54	0.084	0.017000000000000015
-0.005	-0.403	-0.407	0.4
0.721	1.093	0.464	-0.057499999999999996
0.939	0.895	0.752	0.11549999999999994
0.455	0.396	0.415	0.049500000000000044
0.101	-0.429	-0.259	0.44499999999999995
-0.235	-0.11	0.304	-0.33199999999999996
0.514	-0.082	0.018	0.546
1.017	0.312	-0.12	0.9209999999999999
0.23	0.376	0.104	-0.009999999999999981
-0.715	-1.027	-0.359	-0.02200000000000002
-0.895	-0.062	-0.548	-0.59
0.014	0.339	0.284	-0.2975
0.493	0.142	0.381	0.23149999999999998
-0.358	-0.572	-1.017	0.4365
-0.063	0.13	-0.191	-0.0325
0.223	-0.007	-0.215	0.334
1.391	0.757	0.795	0.615
-0.438	-0.251	0.174	-0.39949999999999997
0.267	0.221	0.007	0.15300000000000002
-0.549	0.143	0.25	-0.7455
0.6	0.257	0.33	0.3065
-0.032	-0.058	0.489	-0.2475
0.123	-0.026	-0.043	0.1575
-0.1	-0.035	-0.281	0.058000000000000024
-0.226	-0.251	-0.418	0.10850000000000001
-0.001	-0.41	-0.276	0.34199999999999997
1.153	0.585	-0.336	1.0285
0.965	0.96	0.009	0.4805
0.255	0.157	0.208	0.07250000000000001
0.162	0.248	0.179	-0.05149999999999999
0.098	0.245	1.048	-0.5485000000000001
0.353	0.376	0.293	0.01849999999999996
0.535	0.808	0.212	0.025000000000000022
0.854	1.07	0.73	-0.04600000000000004
0.799	0.647	1.243	-0.14600000000000002
-0.518	-0.115	0.193	-0.557
0.382	0.08	-0.171	0.4275
-0.782	-0.844	-0.696	-0.01200000000000001
0.099	0.201	-0.103	0.049999999999999996
0.85	0.793	1.053	-0.07300000000000006
1.226	0.965	0.859	0.31400000000000006
1.508	1.253	0.86	0.4515
1.267	1.502	1.186	-0.07699999999999996
0.871	0.872	0.671	0.09949999999999992
-0.47	-0.443	-0.224	-0.13649999999999995
-0.075	-0.497	-0.208	0.27749999999999997
0.416	0.456	0.652	-0.13800000000000007
0.826	0.325	0.609	0.359
0.349	0.22	0.558	-0.040000000000000036
0.464	1.059	1.155	-0.643
1.489	0.693	1.214	0.5355000000000001
0.942	1.596	0.848	-0.28
1.04	1.302	1.042	-0.13200000000000012
1.755	1.135	1.444	0.4655
-1.192	-1.032	-1.252	-0.050000000000000044
0.101	-0.121	-0.291	0.307
0.557	0.435	-0.08	0.37950000000000006
0.326	0.601	0.695	-0.3219999999999999
0.742	0.447	0.154	0.4415
0.498	0.287	1.041	-0.16599999999999993
0.22	0.027	0.11	0.1515
0.439	0.299	0.207	0.186
-0.191	-0.465	-0.597	0.34
-0.324	-0.05	-0.39	-0.10400000000000001
0.152	0.082	0.022	0.09999999999999999
-0.068	0.379	0.106	-0.3105
-0.869	-0.274	-0.412	-0.526
0.745	0.58	-0.151	0.5305
-0.382	-0.482	0.001	-0.14150000000000001
-0.129	-0.476	-0.248	0.23299999999999998
0.086	-0.09	0.3	-0.019000000000000003
0.819	0.758	0.931	-0.025500000000000078
1.092	1.269	0.778	0.06850000000000023
0.092	-0.146	-0.137	0.2335
0.822	0.388	0.276	0.48999999999999994
0.311	0.027	0.08	0.2575
0.15	0.087	0.25	-0.01849999999999999
-0.183	-0.437	-0.174	0.1225
0.382	-0.29	-0.232	0.643
-0.075	-0.327	-0.437	0.307
0.728	0.778	1.04	-0.18100000000000005
-0.431	0.108	0.11	-0.54
-0.682	-0.198	-0.102	-0.532
-0.243	-0.477	-0.137	0.064
-0.111	-0.329	-0.639	0.373
-0.018	-0.81	-0.665	0.7195
0.401	0.223	-0.059	0.319
-0.993	-1.408	-0.884	0.1529999999999999
-0.289	-0.394	0.263	-0.22349999999999998
0.063	0.073	-0.065	0.059000000000000004
-0.019	0.116	0.35	-0.252
0.237	0.31	0.495	-0.16549999999999998
0.685	0.44	-0.244	0.5870000000000001
0.642	0.686	0.236	0.181
0.977	0.362	0.095	0.7484999999999999
0.345	0.011	-0.305	0.492
1.124	0.42	-0.187	1.0075
0.647	1.128	0.698	-0.2659999999999999
0.968	0.977	0.967	-0.0040000000000000036
-0.331	-0.318	-0.517	0.08649999999999997
0.288	0.332	0.309	-0.03250000000000003
-0.048	-0.179	0.374	-0.14550000000000002
-0.424	-0.527	-0.649	0.1640000000000001
-0.255	-0.074	-0.262	-0.087
0.675	0.46	0.431	0.22950000000000004
0.238	0.115	0.659	-0.14900000000000002
-0.137	0.559	0.77	-0.8015000000000001
0.423	0.209	0.238	0.1995
0.891	0.668	0.13	0.492
0.047	-0.23	-0.684	0.504
0.197	1.197	0.077	-0.44
0.352	0.313	0.497	-0.05300000000000005
0.411	0.291	0.571	-0.019999999999999962
0.395	1.186	0.39	-0.393
0.656	0.767	0.712	-0.08350000000000002
0.084	-0.173	-0.391	0.36600000000000005
0.394	-0.049	-0.314	0.5755
-0.306	0.34	0.184	-0.5680000000000001
-0.166	0.463	-0.003	-0.396
0.191	0.273	-0.379	0.244
0.963	0.318	-0.07	0.839
-0.176	0.256	1.275	-0.9415
0.235	0.155	0.268	0.023499999999999965
0.043	-0.273	0.022	0.16849999999999998
0.376	0.172	0.189	0.1955
0.747	0.131	0.377	0.493
0.244	0.099	-0.384	0.3865
-0.12	0.064	0.247	-0.27549999999999997
-0.093	-0.027	-0.082	-0.0385
-0.271	0.073	-0.077	-0.269
0.538	0.219	-0.019	0.43800000000000006
0.081	0.178	0.021	-0.01849999999999999
1.129	1.045	0.735	0.2390000000000001
1.014	1.284	1.059	-0.15749999999999997
1.001	1.205	1.178	-0.1905000000000001
0.149	0.22	-0.08	0.07899999999999999
0.372	0.57	0.294	-0.05999999999999994
-0.564	-0.925	-0.716	0.25650000000000006
-0.599	-0.189	0.165	-0.587
-1.01	-1.027	-1.128	0.0674999999999999
-0.532	-0.956	-1.137	0.5145
0.497	0.536	0.801	-0.1715000000000001
0.048	-0.037	0.007	0.063
0.047	-0.073	0.315	-0.074
-0.45	-0.71	-0.375	0.09249999999999997
-0.041	-0.268	-0.247	0.2165
-0.028	-0.082	-0.002	0.014000000000000002
0.477	0.284	0.211	0.22949999999999998
-0.256	0.218	-0.074	-0.328
0.541	-0.029	-0.516	0.8135000000000001
-1.085	-0.88	-0.458	-0.4159999999999999
0.616	0.299	0.08	0.4265
0.801	0.667	0.289	0.32300000000000006
0.575	0.262	0.455	0.21649999999999991
0.578	0.205	-0.325	0.638
1.12	0.675	-0.032	0.7985000000000001
-0.682	-0.687	-0.805	0.06399999999999995
0.068	0.091	0.191	-0.07300000000000001
0.941	0.509	0.062	0.6555
0.331	-0.04	-0.117	0.40950000000000003
0.639	0.413	-0.082	0.47350000000000003
0.74	0.549	0.037	0.44699999999999995
0.12	-0.105	-0.334	0.3395
-0.905	-0.724	-0.393	-0.34650000000000003
-0.103	0.013	-0.02	-0.09949999999999999
0.328	-0.155	-0.101	0.456
0.328	0.134	-0.208	0.365
0.347	0.419	0.375	-0.050000000000000044
-0.115	0.017	0.052	-0.14950000000000002
0.559	-0.063	0.117	0.532
0.335	0.209	0.038	0.21150000000000002
0.128	0.043	-0.055	0.134
0.718	0.512	0.33	0.29699999999999993
0.942	0.617	0.325	0.471
1.487	1.038	0.389	0.7735000000000001
1.515	1.688	1.266	0.038000000000000034
-0.098	0.079	0.587	-0.43099999999999994
0.221	0.206	0.16	0.038000000000000006
0.122	0.013	-0.172	0.20149999999999998
0.458	-0.416	0.12	0.606
0.971	0.357	-0.172	0.8785
-0.519	-0.532	-0.323	-0.09150000000000003
0.389	-0.06	-0.078	0.458
0.317	-0.129	0.277	0.243
0.251	-0.024	-0.275	0.4005
0.24	-0.194	0.077	0.2985
1.182	1.045	0.752	0.2835
-0.265	-0.533	-0.329	0.16600000000000004
0.691	0.615	0.42	0.1735
0.985	0.58	0.532	0.42899999999999994
0.996	1.498	0.664	-0.08499999999999996
0.071	0.469	-0.139	-0.09399999999999999
-0.144	-0.147	-0.55	0.20450000000000004
-1.266	-1.343	-0.629	-0.28
-0.545	-1.268	-0.958	0.568
-0.172	-0.356	-0.245	0.1285
0.334	-0.045	-0.222	0.4675
0.532	0.018	-0.182	0.614
0.03	0.223	0.249	-0.206
0.195	0.309	0.145	-0.03199999999999997
0.544	0.527	0.352	0.10450000000000004
1.333	0.912	0.526	0.6139999999999999
0.172	-0.439	-0.229	0.506
0.089	0.414	0.041	-0.13849999999999998
0.391	0.094	-0.004	0.34600000000000003
-0.102	-0.035	0.413	-0.291
0.45	0.771	1.096	-0.4835
-0.028	0.189	0.712	-0.47850000000000004
0.522	0.114	0.483	0.22350000000000003
-0.528	-0.811	-0.714	0.23449999999999993
0.411	0.382	-0.419	0.4295
-0.125	0.154	0.034	-0.219
0.648	0.395	0.09	0.4055
-0.304	-0.341	0.187	-0.22699999999999998
-0.061	0.044	-0.071	-0.0475
0.35	0.329	0.108	0.13149999999999998
0.467	0.072	0.581	0.14050000000000007
0.495	0.182	0.336	0.236
-0.659	-0.695	-0.283	-0.17000000000000004
-0.338	-1.082	-0.891	0.6485000000000001
0.836	0.898	0.354	0.20999999999999996
0.746	0.365	-0.065	0.596
0.685	1.133	0.492	-0.12749999999999995
-0.188	0.0	0.604	-0.49
-0.048	0.154	0.087	-0.16849999999999998
0.301	0.346	0.16	0.04799999999999999
-0.037	-0.032	0.307	-0.17450000000000002
0.163	0.279	-0.484	0.26549999999999996
-0.118	0.45	0.082	-0.384
-0.28	-0.518	0.15	-0.09600000000000003
1.004	0.727	0.684	0.2985
0.737	0.844	0.78	-0.07500000000000007
0.887	0.846	0.773	0.07750000000000001
0.577	0.734	0.411	0.0044999999999999485
0.294	0.216	0.402	-0.015000000000000013
-0.48	-0.634	-0.175	-0.07550000000000001
0.458	-0.241	-0.233	0.6950000000000001
-0.085	0.234	0.484	-0.444
0.844	0.16	0.155	0.6865
0.826	0.592	0.096	0.482
-0.227	-0.256	-0.595	0.19849999999999998
0.313	-0.256	-0.575	0.7284999999999999
1.225	1.036	0.142	0.6360000000000001
0.994	1.554	1.535	-0.5505
0.548	0.387	0.256	0.22650000000000003
0.622	0.5	0.411	0.16649999999999998
-0.485	-0.802	-0.527	0.1795000000000001
-0.209	-0.186	-0.246	0.007000000000000006
-0.493	-0.286	-0.071	-0.3145
0.057	0.72	0.675	-0.6405
0.459	0.233	0.298	0.1935
1.077	0.513	0.326	0.6575
1.574	0.883	0.285	0.9900000000000001
1.201	0.747	0.838	0.4085000000000001
-0.165	-0.02	-0.376	0.033
-0.091	-0.245	0.02	0.021500000000000005
0.318	0.456	0.443	-0.1315
-0.925	-1.284	-0.584	0.008999999999999897
-0.47	-0.162	-0.206	-0.286
-0.076	-0.489	-0.167	0.252
0.594	0.007	-0.23	0.7055
-0.349	0.109	0.462	-0.6345000000000001
1.072	-0.018	0.255	0.9535
0.949	0.619	0.006	0.6365
-0.285	-0.001	-0.198	-0.18549999999999997
0.212	0.474	0.002	-0.025999999999999995
1.29	0.821	0.399	0.68
0.666	0.341	-0.193	0.5920000000000001
0.061	0.24	0.948	-0.5329999999999999
-0.572	-0.147	-0.063	-0.46699999999999997
0.215	-0.048	-0.342	0.41000000000000003
-0.187	-0.354	0.034	-0.027000000000000024
-0.167	-0.546	-0.749	0.4804999999999999
1.006	1.126	0.436	0.2250000000000001
1.29	1.342	1.076	0.08099999999999996
1.582	1.4	1.169	0.2975000000000001
1.744	2.074	1.489	-0.03749999999999987
-0.338	0.046	0.007	-0.36450000000000005
0.187	0.289	-0.091	0.08800000000000001
0.572	0.542	0.652	-0.025000000000000022
1.409	1.226	0.552	0.52
0.921	1.195	1.388	-0.37050000000000005
-0.258	-0.563	-0.074	0.06049999999999994
-0.283	-0.282	-0.733	0.22449999999999998
0.461	-0.066	-0.458	0.7230000000000001
0.707	0.274	0.533	0.30349999999999994
1.176	0.733	0.334	0.6425
0.329	0.066	0.299	0.14650000000000002
0.801	0.508	0.007	0.5435000000000001
0.32	0.332	0.137	0.08549999999999999
0.957	0.424	0.316	0.587
-0.784	-0.374	-0.581	-0.30650000000000005
-0.52	-0.3	-0.448	-0.14600000000000002
-0.317	-0.418	-0.418	0.10099999999999998
-0.15	0.236	0.413	-0.47450000000000003
-0.49	-0.347	-0.446	-0.09350000000000003
0.191	0.028	-0.191	0.2725
-0.392	-0.207	-0.048	-0.2645
0.843	0.439	-0.208	0.7274999999999999
0.002	0.783	0.509	-0.644
-0.513	-0.409	-0.551	-0.03300000000000003
-0.669	-0.74	-0.171	-0.21350000000000002
0.475	0.588	-0.027	0.1945
1.204	0.586	0.336	0.743
1.1	1.346	1.387	-0.26649999999999996
1.577	1.173	1.432	0.27449999999999997
1.881	1.493	1.268	0.5005
0.446	0.388	0.35	0.07700000000000001
-0.265	-0.162	-0.085	-0.14150000000000001
-0.026	-0.579	-0.43	0.4784999999999999
-0.146	0.246	0.801	-0.6695000000000001
0.391	0.038	0.353	0.19550000000000003
1.124	0.837	0.184	0.6135000000000002
0.356	-0.181	-0.143	0.518
0.263	0.594	0.085	-0.07649999999999996
-0.013	-0.459	-0.945	0.689
-0.09	-0.139	0.254	-0.1475
0.556	0.615	0.703	-0.10299999999999998
0.08	0.371	0.848	-0.5295
0.354	0.137	-0.079	0.32499999999999996
-0.319	-0.153	0.125	-0.305
-0.379	-0.295	-0.158	-0.15250000000000002
0.615	0.246	-0.221	0.6025
-0.473	-0.59	-0.429	0.03649999999999998
0.404	-0.507	-0.509	0.912
0.904	0.705	-0.444	0.7735000000000001
0.114	0.159	-0.201	0.135
0.027	-0.082	-0.143	0.13949999999999999
-0.112	0.147	0.23	-0.3005
0.112	0.176	0.481	-0.21650000000000003
-0.189	-0.256	0.15	-0.136
0.784	0.43	0.145	0.49650000000000005
1.252	0.983	0.377	0.5720000000000001
1.314	1.271	0.753	0.30200000000000005
0.525	0.554	0.155	0.17049999999999998
0.847	0.581	0.157	0.478
0.746	0.908	0.829	-0.12250000000000005
-0.071	-0.23	0.185	-0.04849999999999999
-0.465	0.215	-0.14	-0.5025000000000001
0.139	0.113	0.248	-0.04149999999999998
0.454	0.639	0.571	-0.15099999999999997
0.098	-0.097	0.245	0.024000000000000007
-0.004	-0.167	0.258	-0.0495
0.582	0.433	0.519	0.10599999999999998
-0.093	0.035	0.141	-0.181
-0.036	-0.543	-0.197	0.334
0.075	-0.299	-0.352	0.4005
0.533	0.309	0.313	0.22200000000000003
0.942	0.446	0.261	0.5884999999999999
-0.962	-0.523	-0.0	-0.7004999999999999
-0.112	-0.387	-0.443	0.30300000000000005
0.159	0.004	0.098	0.108
-0.465	-0.651	-0.586	0.15350000000000003
-0.646	-0.846	-0.755	0.15449999999999997
-0.269	-0.697	-0.924	0.5415
-0.107	-0.144	-0.816	0.373
-0.207	-0.031	0.025	-0.204
0.338	0.22	0.457	-0.0005000000000000004
-0.283	0.021	-0.795	0.10400000000000004
-0.21	-0.271	-0.093	-0.027999999999999997
-0.03	-0.212	-0.2	0.17600000000000002
-0.842	-0.858	-0.041	-0.39249999999999996
0.151	0.005	0.126	0.08549999999999999
0.177	0.259	0.381	-0.14300000000000002
0.655	0.348	0.067	0.4475
-0.348	-0.271	-0.148	-0.13849999999999996
-0.041	0.201	-0.147	-0.068
-0.585	-0.312	-0.411	-0.22349999999999998
0.256	0.419	-0.082	0.08750000000000002
0.733	0.59	0.906	-0.015000000000000013
-0.242	-0.462	-0.318	0.14800000000000002
-0.233	-0.449	-0.797	0.39
-0.136	-0.533	-1.097	0.6789999999999999
-0.281	-0.48	0.484	-0.28300000000000003
0.141	0.01	-0.055	0.16349999999999998
1.264	1.284	1.28	-0.018000000000000016
0.198	1.157	1.242	-1.0015
0.395	-0.027	-0.274	0.5455000000000001
0.083	0.533	0.047	-0.20700000000000002
-0.515	-0.528	-0.441	-0.03049999999999997
0.422	-0.165	0.016	0.4965
-0.015	0.003	-0.074	0.020499999999999997
0.056	-0.328	-0.175	0.3075
-0.74	-1.346	-1.167	0.5165
0.363	-0.705	-1.262	1.3465
0.547	0.235	0.202	0.3285
0.687	0.462	0.045	0.43350000000000005
-0.258	0.332	0.797	-0.8225
0.406	0.234	0.264	0.15700000000000003
-0.333	-0.26	0.435	-0.4205
-0.141	0.458	0.096	-0.41800000000000004
0.526	0.41	0.268	0.18700000000000006
1.038	0.442	0.373	0.6305000000000001
-0.103	-0.457	-0.37	0.3105
0.291	0.415	0.009	0.07899999999999999
-0.068	-0.153	0.474	-0.22849999999999998
-0.149	-0.102	-0.361	0.08249999999999999
-0.307	-0.308	0.455	-0.3805
0.095	-0.272	-0.309	0.38549999999999995
-0.687	-0.265	0.203	-0.656
0.201	0.108	-0.021	0.15750000000000003
1.195	0.759	0.225	0.7030000000000001
0.029	-0.129	-0.142	0.1645
0.575	0.031	-0.192	0.6555
-0.904	-0.762	-0.604	-0.22099999999999997
0.206	-0.155	0.473	0.047000000000000014
0.49	0.519	0.507	-0.02300000000000002
0.584	0.386	0.435	0.1735
-1.01	-0.831	-0.3	-0.4445
-0.616	-0.632	-0.563	-0.018500000000000072
0.563	0.149	-0.624	0.8005
0.849	0.67	0.444	0.2919999999999999
0.551	0.71	1.051	-0.3294999999999999
0.609	1.417	0.886	-0.5425
0.24	0.27	0.343	-0.0665
1.274	0.903	0.381	0.632
1.232	1.14	0.549	0.38749999999999996
-0.314	-0.157	-0.429	-0.02100000000000002
0.192	-0.179	-0.231	0.397
-0.004	0.106	0.398	-0.256
-0.773	-0.834	-0.744	0.015999999999999903
-0.097	-0.27	-0.825	0.4505
0.44	0.109	-0.4	0.5855
0.509	-0.151	0.382	0.3935
0.877	0.797	0.995	-0.019000000000000017
-0.507	-0.711	-0.626	0.16149999999999998
-0.177	-0.355	-0.594	0.2975
-1.207	-0.638	-1.001	-0.3875000000000002
0.452	-0.072	-0.063	0.5195000000000001
-0.24	-0.199	0.162	-0.22149999999999997
0.767	0.188	-0.135	0.7405
-0.346	-0.368	-0.028	-0.14799999999999996
0.151	-0.323	-0.23	0.4275
0.125	0.251	0.016	-0.008500000000000008
0.301	0.198	-0.08	0.242
0.015	0.458	0.513	-0.47050000000000003
0.184	0.658	0.35	-0.32
-0.294	-0.289	0.023	-0.161
-0.133	-0.01	-0.24	-0.008000000000000007
-0.094	-0.207	-0.809	0.41400000000000003
-0.157	-0.115	-0.175	-0.01200000000000001
0.185	0.178	0.4	-0.10400000000000004
-0.04	-0.368	-0.187	0.23749999999999996
0.938	0.447	-0.287	0.8579999999999999
-0.563	-0.464	-0.311	-0.17549999999999993
-0.12	0.023	-0.467	0.10200000000000001
0.184	-0.073	-0.557	0.499
0.087	0.262	-0.156	0.03399999999999999
0.632	0.652	-0.05	0.331
0.735	0.077	-0.018	0.7055
0.791	0.555	-0.189	0.608
0.574	0.86	0.652	-0.18200000000000005
-0.097	-0.239	-0.038	0.04149999999999998
0.606	0.046	0.202	0.482
0.109	-0.368	0.072	0.257
-0.422	-0.419	0.173	-0.299
-0.164	-0.021	-0.222	-0.04250000000000001
0.112	-0.209	0.402	0.015499999999999986
-0.536	-0.024	-0.066	-0.49100000000000005
-0.567	-0.45	-0.372	-0.15599999999999992
-0.209	-0.517	-0.128	0.11350000000000002
0.134	0.376	0.719	-0.4135
0.283	-0.331	0.019	0.43899999999999995
0.398	0.595	0.318	-0.058499999999999996
0.806	0.464	0.032	0.558
0.737	1.5	0.957	-0.49149999999999994
1.369	1.301	1.324	0.056499999999999995
0.368	0.166	0.353	0.10849999999999999
0.503	0.828	0.299	-0.0605
0.227	0.908	0.249	-0.35150000000000003
-0.084	0.214	-0.132	-0.125
0.048	-0.087	-0.186	0.1845
0.632	0.409	-0.126	0.49050000000000005
1.112	0.63	-0.042	0.8180000000000001
-0.454	-0.398	-0.293	-0.10849999999999999
0.65	0.407	0.322	0.28550000000000003
0.157	0.303	-0.44	0.2255
-0.275	-0.047	0.02	-0.2615
0.548	-0.175	-0.076	0.6735
-0.425	0.186	0.154	-0.595
0.346	0.446	-0.114	0.17999999999999997
0.848	0.668	0.398	0.31499999999999995
0.405	0.008	0.218	0.29200000000000004
-0.299	-0.18	-0.745	0.16350000000000003
-0.342	-0.334	-0.105	-0.12250000000000003
0.379	0.474	0.293	-0.0044999999999999485
-0.345	-0.43	-0.652	0.19600000000000006
0.442	0.16	-0.431	0.5775
0.122	0.523	0.258	-0.2685
-0.229	0.177	-0.128	-0.2535
-0.114	0.035	-0.127	-0.068
0.457	-0.005	0.083	0.41800000000000004
0.04	0.459	0.1	-0.23950000000000002
-0.432	-1.064	-1.664	0.9319999999999999
-0.084	-0.348	0.148	0.015999999999999986
0.445	0.367	0.099	0.21200000000000002
0.636	0.868	0.408	-0.0020000000000000018
1.178	0.738	0.608	0.5049999999999999
1.54	1.291	0.807	0.4910000000000001
1.425	1.638	1.065	0.07350000000000012
0.041	-0.008	0.349	-0.12949999999999998
0.886	0.476	0.008	0.644
0.409	-0.018	0.842	-0.0030000000000000027
-0.202	-0.06	-0.114	-0.11500000000000002
-0.298	-0.535	-0.16	0.049500000000000044
0.502	0.15	-0.48	0.667
0.052	0.404	0.399	-0.34950000000000003
-0.361	-0.091	-0.602	-0.014500000000000013
-0.183	-0.048	-0.001	-0.1585
0.31	-0.058	-0.304	0.491
0.485	0.92	0.898	-0.42400000000000004
0.847	0.713	0.059	0.46099999999999997
0.384	0.701	0.574	-0.25349999999999995
0.858	0.495	0.758	0.23149999999999993
-0.386	-0.518	-0.394	0.07
-0.157	-0.52	-0.05	0.12800000000000003
0.085	0.369	0.513	-0.356
0.242	-0.139	-0.095	0.359
-0.362	-0.598	-0.197	0.035499999999999976
-0.16	-0.144	-0.288	0.055999999999999966
-0.801	-0.749	-0.152	-0.35050000000000003
-0.672	-0.459	-0.266	-0.3095
-0.247	-0.341	-0.254	0.05049999999999999
0.446	0.015	-0.41	0.6435
0.764	0.38	-0.187	0.6675
0.664	0.499	0.507	0.16100000000000003
1.401	0.885	0.155	0.881
0.003	-0.044	0.11	-0.030000000000000002
0.46	0.555	-0.004	0.1845
0.432	0.767	0.438	-0.17050000000000004
0.448	0.984	0.927	-0.5075000000000001
0.742	0.546	0.874	0.03200000000000003
1.026	0.511	0.917	0.31200000000000006
0.357	-0.345	-0.397	0.728
-0.164	-0.325	0.099	-0.051000000000000004
0.499	0.669	0.343	-0.007000000000000006
0.77	0.572	0.524	0.22199999999999998
1.195	0.902	0.612	0.43800000000000006
0.016	-0.065	-0.834	0.4655
-0.532	-0.832	-0.079	-0.07650000000000007
-0.649	-0.376	-0.678	-0.122
0.878	0.764	0.597	0.1975
0.096	0.317	0.158	-0.1415
1.21	0.6	-0.147	0.9835
-0.508	-0.589	0.125	-0.276
-0.069	0.228	-0.548	0.09100000000000003
0.26	0.223	-0.512	0.4045
0.42	0.465	0.181	0.09699999999999998
0.065	0.341	0.55	-0.3805
0.433	0.63	0.475	-0.1195
1.097	0.786	0.657	0.37549999999999994
1.276	0.987	0.676	0.4445
0.174	0.016	-0.072	0.20199999999999999
0.65	0.304	0.336	0.33
-0.449	-0.548	-0.28	-0.034999999999999976
0.002	0.257	-0.334	0.04050000000000001
-0.361	-0.354	-0.349	-0.009500000000000008
-0.587	-0.609	-0.659	0.04700000000000004
0.138	-0.065	-0.056	0.1985
0.388	0.331	0.061	0.192
0.498	0.459	0.421	0.057999999999999996
0.375	-0.19	-0.244	0.592
0.239	-0.094	0.301	0.1355
0.032	-0.045	-0.245	0.177
0.723	0.383	0.085	0.489
1.122	0.771	0.318	0.5775000000000001
0.952	0.992	0.406	0.2529999999999999
0.158	-0.089	0.223	0.091
0.787	1.152	0.051	0.1855000000000001
-0.102	-0.005	0.432	-0.3155
0.259	0.093	0.033	0.196
0.46	0.542	0.138	0.12
0.068	-0.371	-0.464	0.4855
0.552	0.263	-0.377	0.609
0.717	0.429	-0.212	0.6084999999999999
0.604	0.164	-0.015	0.5295
-0.827	0.055	-0.081	-0.814
0.357	-0.104	-0.208	0.513
1.127	0.228	-0.307	1.1665
0.306	0.416	0.718	-0.26099999999999995
-0.166	-0.122	-0.333	0.0615
-0.127	-0.233	-0.233	0.10600000000000001
0.373	0.149	-0.235	0.416
0.549	0.935	0.119	0.02200000000000002
-0.428	-0.55	-0.347	0.020500000000000018
0.206	-0.228	-0.023	0.3315
0.821	0.286	-0.286	0.821
-0.049	-0.095	-0.276	0.1365
0.344	0.426	0.089	0.08649999999999997
0.524	0.392	0.455	0.10050000000000003
-0.123	-0.195	-0.413	0.181
0.652	0.156	0.01	0.5690000000000001
0.496	0.142	-0.299	0.5745
0.262	0.384	0.766	-0.31299999999999994
0.454	0.738	0.488	-0.15899999999999997
-0.215	-0.811	-0.783	0.5820000000000001
0.569	0.245	0.027	0.43299999999999994
0.648	0.283	-0.262	0.6375000000000001
0.84	0.951	0.721	0.0040000000000000036
1.459	1.106	0.926	0.44300000000000006
0.101	-0.14	-0.21	0.276
-0.282	-0.408	-0.379	0.11149999999999999
0.575	0.405	0.577	0.08399999999999996
1.282	0.625	0.452	0.7435
-0.695	-0.348	0.054	-0.5479999999999999
0.708	0.155	-0.168	0.7144999999999999
0.793	0.796	0.046	0.372
-0.045	0.945	0.89	-0.9625
0.125	0.141	0.041	0.034
-0.576	-0.517	0.012	-0.32349999999999995
-0.37	-0.106	0.248	-0.441
-1.023	-0.643	-1.045	-0.17899999999999994
0.283	0.388	0.21	-0.016000000000000014
1.466	1.785	0.803	0.17199999999999993
0.647	1.1	1.617	-0.7115
0.279	-0.007	0.431	0.06700000000000003
0.208	0.412	0.844	-0.42000000000000004
0.595	0.35	0.256	0.292
0.871	0.654	0.563	0.26249999999999996
1.073	0.738	0.599	0.40449999999999997
1.269	0.966	0.613	0.4794999999999999
0.893	0.835	1.055	-0.051999999999999935
-0.777	-0.589	-0.29	-0.3375
0.328	0.299	0.21	0.07350000000000001
0.503	0.503	0.723	-0.10999999999999999
-0.326	-0.574	-1.147	0.5345
-0.124	-0.086	-0.461	0.14950000000000002
0.474	-0.157	-0.033	0.569
0.71	0.578	0.555	0.14349999999999996
0.024	-0.049	0.76	-0.33149999999999996
-0.493	-0.522	-0.657	0.09650000000000003
-0.461	-0.645	-0.536	0.1295
-0.556	-0.398	-0.16	-0.277
-0.038	-0.184	-0.035	0.07150000000000001
-0.027	-0.551	-0.113	0.305
0.436	0.645	0.346	-0.0595
0.962	0.766	0.9	0.129
0.04	-0.053	-0.282	0.2075
0.619	-0.056	-0.199	0.7464999999999999
0.355	0.19	-0.295	0.4075
-0.275	-0.278	-0.206	-0.03300000000000003
-0.813	-0.921	-0.56	-0.0724999999999999
0.891	0.822	0.381	0.2895000000000001
1.087	1.07	0.837	0.13349999999999995
0.359	0.33	0.216	0.08599999999999997
0.598	0.524	0.221	0.22549999999999998
-0.393	-0.26	-0.194	-0.166
0.674	0.391	0.36	0.29850000000000004
-0.399	-0.612	-0.65	0.23199999999999998
0.824	0.509	0.898	0.12049999999999994
0.75	1.073	1.039	-0.30600000000000005
0.578	0.888	1.038	-0.3850000000000001
0.888	0.796	0.95	0.015000000000000013
-0.497	-0.348	0.062	-0.354
-0.608	-0.235	0.047	-0.514
-0.224	-0.464	-0.058	0.037000000000000005
0.719	0.256	0.399	0.39149999999999996
0.884	0.781	1.132	-0.0724999999999999
-0.039	-0.122	0.46	-0.20800000000000002
-0.273	-0.16	-0.03	-0.17800000000000002
0.058	-0.527	-0.244	0.4435
0.362	0.217	-0.556	0.5315000000000001
0.108	-0.392	-0.328	0.46799999999999997
0.517	0.361	0.297	0.18800000000000006
-0.113	-0.145	0.188	-0.1345
0.332	0.616	0.775	-0.3635
0.997	0.658	0.631	0.3524999999999999
0.492	0.482	0.973	-0.23550000000000004
1.086	0.68	0.705	0.39350000000000007
1.681	1.435	0.707	0.6100000000000001
-1.064	-0.526	-0.274	-0.664
-0.413	-0.865	-0.347	0.193
0.422	-0.519	-0.607	0.9849999999999999
0.604	0.134	-0.192	0.633
0.162	0.012	-0.199	0.2555
-0.037	0.04	0.487	-0.3005
-0.252	-0.848	-1.031	0.6875
0.209	0.242	-0.14	0.158
1.131	1.333	1.062	-0.0665
-0.71	-0.878	-0.473	-0.034499999999999975
-0.302	-0.4	-0.511	0.15350000000000003
-0.844	-0.725	-0.224	-0.3695
0.113	0.413	0.377	-0.28200000000000003
-0.241	-0.115	-0.047	-0.15999999999999998
0.295	-0.149	-0.113	0.426
0.233	-0.117	0.29	0.14650000000000002
0.842	0.629	-0.09	0.5725
0.162	-0.0	0.146	0.08900000000000001
0.861	0.523	0.673	0.2629999999999999
0.212	0.073	-0.266	0.3085
-0.635	-0.803	-0.346	-0.0605
0.902	0.964	0.758	0.041000000000000036
1.168	1.214	1.004	0.05899999999999994
0.207	0.009	-0.497	0.45099999999999996
-0.204	-0.733	-0.561	0.44300000000000006
-0.216	-0.261	-0.249	0.03900000000000001
0.414	-0.191	-0.226	0.6225
0.8	0.882	0.106	0.30600000000000005
1.305	0.86	0.64	0.5549999999999999
1.301	1.132	0.808	0.33099999999999996
0.246	0.224	0.16	0.05399999999999999
0.517	0.347	0.231	0.22800000000000004
0.041	0.588	0.264	-0.385
0.285	0.405	0.456	-0.14550000000000002
1.038	1.12	0.423	0.26649999999999996
0.081	-0.189	-0.177	0.264
0.625	0.137	-0.137	0.625
-0.24	-0.479	-0.603	0.30099999999999993
-0.403	-0.002	0.099	-0.4515
0.126	-0.133	-0.34	0.36250000000000004
0.005	-0.015	-0.009	0.017
0.225	-0.011	0.642	-0.0905
-0.356	-0.687	-0.304	0.13950000000000007
0.445	0.684	0.334	-0.064
0.001	0.127	1.11	-0.6175
0.634	0.658	0.627	-0.008500000000000063
-0.135	-0.383	-0.625	0.369
0.697	0.927	0.741	-0.13700000000000012
-0.22	-0.167	-0.47	0.0985
-0.737	-0.408	-0.574	-0.246
0.391	-0.404	-0.483	0.8345
-0.189	-0.015	0.056	-0.2095
0.64	0.802	0.862	-0.19200000000000006
0.196	0.09	0.077	0.11250000000000002
-0.098	0.105	0.515	-0.40800000000000003
-0.137	-0.134	-0.507	0.1835
0.212	0.214	-0.128	0.16899999999999998
-0.307	-0.487	-0.375	0.124
0.083	-0.331	-0.485	0.49100000000000005
0.763	0.815	0.356	0.1775000000000001
0.855	0.568	0.769	0.1865
0.251	-0.136	-0.169	0.4035
-0.702	-1.111	-1.004	0.35550000000000015
0.958	0.769	0.642	0.25249999999999995
1.164	1.21	0.856	0.131
0.169	0.324	-0.072	0.04300000000000001
-0.055	-0.143	0.133	-0.05000000000000001
0.309	0.471	0.482	-0.16749999999999998
-0.049	-0.184	0.293	-0.1035
0.586	0.251	0.04	0.4405
1.541	0.809	-0.074	1.1734999999999998
1.111	1.584	0.665	-0.013500000000000068
1.421	1.222	1.194	0.21300000000000008
1.655	1.538	1.34	0.21599999999999997
-0.614	-0.378	-0.208	-0.321
-1.017	-1.047	-0.954	-0.01649999999999996
-0.344	0.27	0.507	-0.7324999999999999
0.143	-0.01	0.361	-0.0325
0.199	0.229	0.021	0.07400000000000001
-0.294	0.013	-0.288	-0.1565
-0.03	0.0	-0.071	0.005499999999999998
-0.021	0.277	0.693	-0.506
0.605	0.532	0.15	0.26399999999999996
0.873	0.702	0.509	0.26750000000000007
0.669	0.894	0.66	-0.10799999999999998
1.151	0.517	-0.181	0.983
-0.678	-0.711	-0.932	0.14349999999999996
-0.209	-0.508	-0.801	0.4455000000000001
0.369	0.615	0.353	-0.11499999999999999
0.781	0.502	0.471	0.29450000000000004
0.469	0.491	0.469	-0.01100000000000001
-0.598	-0.771	-1.114	0.34450000000000014
-0.154	-0.533	-0.709	0.46699999999999997
0.343	0.431	0.182	0.03650000000000003
0.295	0.89	0.418	-0.35900000000000004
0.532	0.438	0.19	0.21800000000000003
0.669	0.541	0.247	0.275
0.838	0.694	0.428	0.277
1.17	1.112	0.689	0.26949999999999985
1.495	1.208	0.834	0.4740000000000002
-0.518	0.071	-0.101	-0.503
-0.242	-0.314	-0.487	0.15849999999999997
-0.262	-0.109	0.047	-0.231
0.333	-0.042	0.133	0.28750000000000003
0.768	0.291	0.035	0.605
-0.856	-0.585	-0.542	-0.2925
-0.445	-0.698	-0.575	0.19149999999999995
-0.429	-0.487	-0.586	0.10749999999999998
-0.375	-0.217	-0.309	-0.11199999999999999
0.08	-0.28	-0.187	0.3135
0.006	0.554	0.11	-0.326
0.419	0.3	0.515	0.01150000000000001
0.669	0.521	0.26	0.2785
1.162	0.865	0.39	0.5345
0.361	-0.123	-0.652	0.7484999999999999
0.14	-0.018	-0.059	0.17850000000000002
0.231	0.065	0.191	0.10300000000000001
0.956	0.742	0.506	0.33199999999999996
-0.515	-0.892	-0.431	0.14649999999999996
-0.276	-0.082	0.111	-0.29050000000000004
0.416	0.002	0.172	0.32899999999999996
0.801	-0.063	-0.238	0.9515
1.355	0.48	-0.285	1.2575
0.184	-0.028	-0.239	0.3175
-0.034	0.161	0.163	-0.196
0.41	0.236	0.119	0.23249999999999998
0.103	0.058	-0.197	0.1725
-0.721	-0.397	0.147	-0.596
0.59	0.293	0.42	0.23349999999999999
-0.564	-0.614	-0.18	-0.16699999999999993
0.409	0.459	0.244	0.05749999999999994
0.347	-0.333	0.073	0.477
0.77	0.881	-0.106	0.3825
-0.089	0.421	0.282	-0.4405
0.329	0.254	0.216	0.09400000000000003
-0.025	-0.118	0.242	-0.087
0.042	0.191	0.369	-0.23800000000000002
1.021	1.019	0.674	0.17449999999999988
0.218	0.297	0.091	0.023999999999999994
-0.065	0.243	0.271	-0.322
0.396	0.525	0.514	-0.12350000000000005
0.405	0.702	0.423	-0.15749999999999997
-0.153	-0.101	0.218	-0.2115
0.48	-0.06	-0.106	0.563
0.487	0.398	0.65	-0.03700000000000003
0.942	0.602	0.448	0.4169999999999999
1.172	0.911	0.414	0.5095
-0.707	-0.38	-0.917	-0.058499999999999885
0.255	0.592	0.132	-0.10699999999999998
0.49	0.819	0.528	-0.1835
0.143	0.188	0.172	-0.037000000000000005
-0.308	-0.036	-0.56	-0.009999999999999953
-0.153	0.186	0.276	-0.384
-0.597	-0.613	0.419	-0.5
0.185	-0.637	-0.025	0.516
0.251	0.441	0.215	-0.07700000000000001
0.357	0.374	0.526	-0.09300000000000003
0.491	0.448	0.402	0.06599999999999995
-0.061	-0.399	-0.157	0.21700000000000003
0.375	0.111	-0.286	0.4625
0.449	0.156	0.066	0.338
0.155	0.021	0.372	-0.04150000000000001
-0.528	-0.61	-0.49	0.02200000000000002
-0.211	-0.302	-0.211	0.04550000000000001
-0.027	0.063	0.737	-0.42700000000000005
0.087	0.431	0.048	-0.1525
0.807	0.208	0.209	0.5985
0.045	-0.427	0.659	-0.07100000000000002
1.764	0.456	-0.21	1.641
-0.006	0.397	0.247	-0.328
0.494	0.476	0.284	0.11399999999999999
0.297	0.505	-0.164	0.1265
-0.909	-0.199	-0.016	-0.8015
-0.706	-0.879	-0.024	-0.25449999999999995
-0.514	-0.217	-0.821	0.0050000000000000044
0.914	0.7	0.546	0.29100000000000004
0.202	0.501	0.346	-0.22149999999999997
-0.577	-0.349	-0.934	0.0645
-0.439	-0.528	-0.627	0.1385
-0.303	-0.508	-0.589	0.2455
-0.475	-0.152	-0.268	-0.26499999999999996
0.153	0.378	-0.264	0.096
0.516	0.536	0.556	-0.030000000000000027
-0.493	-0.489	-0.055	-0.22099999999999997
0.593	0.548	0.436	0.10099999999999998
0.681	0.285	0.428	0.32450000000000007
0.52	1.166	0.405	-0.26549999999999996
-0.617	-0.129	-0.114	-0.4955
-0.875	-0.669	-0.211	-0.435
-0.092	-0.139	-0.018	-0.013499999999999998
0.06	0.147	-0.196	0.0845
0.053	-0.103	0.044	0.08249999999999999
0.281	-0.077	0.217	0.21100000000000002
0.068	-0.214	-0.38	0.365
0.008	0.143	0.137	-0.132
0.501	0.874	0.594	-0.23299999999999998
-0.686	-1.011	0.049	-0.20500000000000013
-0.677	-0.821	-0.633	0.04999999999999993
0.146	0.582	-0.16	-0.06499999999999997
0.505	0.36	0.329	0.16049999999999998
0.56	0.651	0.127	0.17100000000000004
1.016	0.768	0.646	0.30899999999999994
0.284	0.363	0.807	-0.301
-0.28	-0.108	-0.297	-0.07750000000000004
0.196	0.003	-0.104	0.2465
-0.504	-0.489	-0.177	-0.17100000000000004
0.404	0.267	-0.475	0.508
0.958	0.537	-0.077	0.728
0.105	0.038	0.114	0.028999999999999998
0.499	0.129	0.483	0.193
0.527	0.428	0.355	0.13550000000000006
0.563	0.606	0.799	-0.13950000000000007
0.982	0.893	0.704	0.1835
0.273	0.289	0.144	0.05650000000000005
-0.02	0.03	0.063	-0.0665
1.034	0.739	0.013	0.658
1.089	1.023	0.307	0.42400000000000004
0.028	0.862	0.982	-0.8939999999999999
0.878	0.252	0.269	0.6174999999999999
0.342	0.52	0.509	-0.17249999999999993
0.219	0.398	0.465	-0.2125
0.242	0.247	0.195	0.02099999999999999
0.791	0.534	-0.054	0.551
-0.016	0.472	0.134	-0.319
0.44	0.227	0.318	0.16749999999999998
0.81	0.541	-0.255	0.667
-0.262	-0.188	0.128	-0.232
0.78	0.526	0.113	0.4605
-0.241	-0.252	-0.4	0.08500000000000002
-0.897	-0.377	0.368	-0.8925000000000001
-1.193	-0.754	-0.645	-0.49350000000000005
0.297	-0.01	-0.292	0.44799999999999995
0.36	0.366	-0.043	0.19849999999999998
0.158	0.033	0.696	-0.2065
1.324	0.844	0.552	0.6260000000000001
-0.81	-0.375	-0.021	-0.6120000000000001
0.866	0.803	0.399	0.265
0.23	-0.194	-0.535	0.5945
-0.701	-0.932	-1.011	0.2705000000000001
-0.631	-0.266	-0.059	-0.4685
0.107	-0.332	-0.038	0.292
0.373	0.627	0.2	-0.04049999999999998
-0.439	0.6	0.833	-1.1555
0.42	0.397	0.29	0.07649999999999996
0.862	0.568	0.25	0.453
0.468	0.966	0.562	-0.296
0.481	1.093	0.845	-0.488
-1.173	-1.351	-0.902	-0.046499999999999986
0.13	0.048	0.429	-0.10849999999999999
0.048	0.013	0.265	-0.09100000000000001
0.225	-0.177	-0.495	0.5609999999999999
0.691	0.066	-0.372	0.844
0.113	-0.631	-0.099	0.478
0.497	0.69	0.394	-0.04500000000000004
0.712	0.66	0.598	0.08299999999999996
-0.115	-0.425	-0.489	0.34199999999999997
0.011	-0.025	0.817	-0.38499999999999995
-0.069	0.588	0.309	-0.5175000000000001
0.062	0.786	-0.517	-0.07250000000000001
0.909	0.734	0.57	0.2570000000000001
-0.409	-0.807	-0.469	0.22900000000000004
-0.778	-0.63	-0.722	-0.10200000000000009
-0.095	-0.715	-0.7	0.6125
0.217	0.436	0.102	-0.05200000000000002
-0.352	-0.906	-0.443	0.3225
0.56	0.324	0.053	0.37150000000000005
0.566	0.169	-0.021	0.49199999999999994
0.544	1.255	0.356	-0.26149999999999984
0.289	-0.383	0.042	0.4595
0.906	0.595	0.791	0.21299999999999997
0.311	-0.271	-0.183	0.538
0.218	0.439	0.756	-0.37950000000000006
0.284	0.413	0.833	-0.339
-0.379	-0.198	0.221	-0.3905
-0.015	0.142	0.037	-0.1045
0.016	0.605	0.367	-0.47
0.538	0.02	0.545	0.2555
0.086	0.627	0.079	-0.267
0.437	0.324	0.286	0.132
0.265	0.518	0.409	-0.1985
0.839	0.744	0.358	0.28800000000000003
0.489	0.076	0.188	0.357
1.011	0.273	0.139	0.8049999999999999
0.155	-0.332	-0.602	0.622
-0.008	0.014	0.35	-0.19
0.384	0.446	0.48	-0.07899999999999996
0.805	0.652	0.38	0.28900000000000003
1.025	0.734	0.55	0.3829999999999999
0.027	-0.01	0.174	-0.05499999999999999
0.836	0.345	-0.234	0.7805
0.414	0.778	0.319	-0.1345
-0.997	-0.738	-0.33	-0.46299999999999997
0.038	0.266	0.853	-0.5215
-0.035	0.685	-0.226	-0.26450000000000007
0.017	-0.46	-0.509	0.5015000000000001
-0.193	-0.4	-0.075	0.04450000000000001
0.14	0.21	-0.338	0.20400000000000001
-0.649	-0.021	-0.321	-0.478
-0.419	-0.351	-0.497	0.0050000000000000044
0.01	-0.311	-0.481	0.406
0.101	0.281	0.202	-0.1405
-0.511	-0.855	-0.707	0.2699999999999999
0.917	1.142	0.583	0.054500000000000104
0.391	0.225	-0.067	0.312
0.897	0.735	0.179	0.44000000000000006
1.704	1.365	1.018	0.5125
0.01	-0.364	-0.244	0.314
-0.302	-0.385	0.055	-0.13699999999999998
-0.252	-0.071	-0.005	-0.214
0.459	0.451	0.338	0.0645
0.95	0.993	0.67	0.11849999999999994
1.092	1.325	0.964	-0.05249999999999977
1.426	1.187	1.149	0.2579999999999998
0.422	0.742	0.504	-0.201
0.412	0.517	0.598	-0.14550000000000002
-1.152	-1.454	-1.532	0.34099999999999997
-0.363	-0.315	0.221	-0.316
-0.138	0.09	0.192	-0.279
0.35	0.276	0.042	0.19099999999999998
0.05	-0.076	0.547	-0.1855
0.796	0.283	0.046	0.6315000000000001
0.509	0.297	0.645	0.038000000000000034
0.249	0.06	-0.146	0.292
1.046	0.653	0.059	0.6900000000000001
0.718	0.925	1.247	-0.3680000000000001
0.189	0.783	0.971	-0.688
0.946	0.76	0.728	0.20199999999999996
-0.405	-0.567	-0.418	0.08749999999999991
0.324	0.406	0.159	0.04149999999999998
0.603	0.889	0.783	-0.2330000000000001
-0.269	-0.188	-0.435	0.04249999999999998
0.623	0.32	-0.173	0.5495
0.988	0.905	0.999	0.03600000000000003
0.857	1.065	1.005	-0.17799999999999994
0.14	0.344	0.064	-0.06399999999999997
0.851	0.294	0.091	0.6585
-0.547	-0.81	-0.519	0.11750000000000005
-0.384	-0.256	-0.589	0.03849999999999998
-0.526	-0.189	-0.127	-0.368
-0.028	-0.095	0.19	-0.0755
0.507	0.314	0.256	0.22199999999999998
0.032	0.286	0.311	-0.26649999999999996
-0.579	-0.605	-0.293	-0.13
0.744	-0.08	-0.591	1.0795
-0.742	-0.57	-0.242	-0.336
-0.299	-0.619	-0.372	0.1965
-0.935	-1.128	-0.293	-0.22450000000000014
-0.066	-0.177	-0.029	0.03699999999999999
0.216	0.415	0.36	-0.17149999999999996
0.204	0.463	0.377	-0.21600000000000005
-0.177	-0.383	-0.182	0.10549999999999998
0.004	-0.336	-0.29	0.317
-0.677	-0.695	-0.452	-0.10350000000000004
-0.607	-0.711	-0.325	-0.08899999999999997
-0.44	-0.216	-0.244	-0.21000000000000002
0.511	0.304	0.189	0.2645
0.236	0.111	0.309	0.025999999999999995
0.363	0.318	0.275	0.0665
0.216	0.703	0.86	-0.5655
-0.298	-0.274	-0.766	0.22200000000000003
-0.56	-0.993	-0.731	0.30199999999999994
-0.333	-0.174	-0.424	-0.03400000000000003
-0.108	-0.305	-0.007	0.048
0.032	-0.362	0.017	0.2045
0.825	0.595	0.401	0.32699999999999996
0.738	0.545	0.004	0.46349999999999997
-0.134	-0.093	0.516	-0.34550000000000003
0.031	-0.454	-0.216	0.366
-0.619	-0.509	-0.339	-0.19499999999999995
0.611	0.426	0.674	0.06099999999999994
0.794	0.738	0.857	-0.0034999999999999476
-0.121	-0.498	-0.126	0.191
0.21	-0.314	-0.289	0.5115
1.049	0.967	0.57	0.28049999999999997
1.235	1.274	1.19	0.0030000000000001137
1.437	1.299	1.289	0.14300000000000002
-0.392	-0.426	-0.111	-0.1235
-0.538	0.001	-0.112	-0.48250000000000004
-0.455	-0.167	-0.016	-0.36350000000000005
0.104	-0.242	-0.295	0.37249999999999994
0.361	0.141	-0.176	0.3785
-0.006	0.053	-0.422	0.1785
-0.636	-0.531	-0.131	-0.305
-0.594	-0.31	-0.05	-0.414
0.244	-0.029	-0.066	0.2915
0.066	-0.327	-0.342	0.4005
-0.05	-0.262	0.196	-0.017
0.362	0.171	0.607	-0.027000000000000024
-0.191	-0.031	0.543	-0.447
-0.712	-0.264	-0.335	-0.4125
-0.116	-0.192	-0.501	0.23050000000000004
1.053	0.547	0.216	0.6715
1.483	1.38	0.661	0.46250000000000013
-1.021	-0.722	-0.501	-0.4095
-0.142	-0.297	-0.119	0.066
0.656	0.455	1.116	-0.12950000000000006
0.648	1.101	1.268	-0.5364999999999999
-0.497	-1.102	-0.732	0.42000000000000004
0.509	0.684	0.085	0.1245
0.883	1.01	0.581	0.08750000000000002
0.439	0.613	1.089	-0.412
-0.047	0.168	0.383	-0.3225
0.574	0.405	0.114	0.31449999999999995
1.022	0.452	0.096	0.748
0.668	1.228	0.642	-0.267
-0.315	0.172	0.106	-0.45399999999999996
0.345	-0.019	-0.15	0.4295
0.353	0.316	-0.146	0.26799999999999996
-0.187	-0.052	-0.312	-0.0050000000000000044
0.313	1.062	0.592	-0.514
0.81	0.138	0.542	0.47000000000000003
0.361	1.071	0.895	-0.622
-0.017	-0.174	-0.286	0.21299999999999997
0.324	0.12	-0.28	0.404
0.435	0.142	0.467	0.1305
-0.707	-0.832	-0.365	-0.10849999999999993
0.176	0.405	0.343	-0.198
-0.039	-0.143	0.216	-0.07550000000000001
-0.25	-0.649	0.288	-0.06949999999999998
0.392	-0.266	-0.515	0.7825
-0.021	-0.194	0.294	-0.071
0.568	0.506	0.237	0.19649999999999995
1.247	0.766	0.356	0.6860000000000002
0.755	1.492	0.926	-0.45400000000000007
1.344	0.888	1.426	0.18700000000000006
1.66	1.14	1.309	0.4355
-0.281	-0.542	-0.127	0.05349999999999999
0.608	0.444	0.03	0.371
0.652	0.968	1.405	-0.5345000000000001
-0.006	0.024	-0.144	0.054
0.025	-0.489	0.049	0.245
-0.586	-0.152	-0.069	-0.4755
0.608	-0.178	-0.073	0.7335
0.999	0.622	0.53	0.42299999999999993
1.599	1.949	0.917	0.16599999999999993
2.084	1.748	1.642	0.38900000000000023
0.346	0.414	0.316	-0.019000000000000017
-0.189	0.053	0.453	-0.442
0.6	-0.179	-0.495	0.9369999999999999
0.455	0.36	0.135	0.20750000000000002
0.786	0.474	0.646	0.22599999999999998
0.725	0.283	0.196	0.4855
1.232	1.325	0.24	0.4495
-0.377	-0.141	-0.54	-0.03649999999999998
0.027	-0.275	-0.097	0.213
0.368	0.149	0.231	0.178
0.84	0.704	0.543	0.21650000000000003
1.493	0.806	0.799	0.6905000000000001
1.539	1.243	0.783	0.5259999999999998
0.097	0.165	-0.216	0.1225
-0.482	-0.483	0.27	-0.3755
0.133	-0.499	-0.069	0.41700000000000004
0.857	1.059	0.959	-0.1519999999999999
0.943	1.014	1.23	-0.17899999999999994
-0.111	-0.044	0.487	-0.3325
-0.936	-0.956	-0.733	-0.09150000000000003
-0.594	-0.596	-0.357	-0.1175
0.482	0.209	-0.471	0.613
0.222	-0.288	-0.182	0.45699999999999996
-0.048	-0.158	0.183	-0.0605
0.471	0.392	0.15	0.19999999999999996
-0.673	-0.137	-0.651	-0.279
0.075	0.182	0.414	-0.22299999999999998
0.107	-0.262	0.193	0.14150000000000001
0.83	-0.091	-0.079	0.9149999999999999
1.101	0.363	-0.175	1.007
-0.0	0.404	-0.171	-0.1165
0.04	0.079	0.009	-0.003999999999999997
-0.474	-0.727	-0.547	0.16300000000000003
0.552	0.28	0.13	0.34700000000000003
0.062	0.527	0.768	-0.5854999999999999
-0.473	-0.31	-0.077	-0.27949999999999997
-0.772	-1.212	-1.037	0.3524999999999998
0.645	0.319	0.296	0.3375
-0.676	-0.113	-0.132	-0.5535000000000001
-0.396	-0.538	-0.015	-0.1195
0.717	0.76	0.074	0.3
0.613	0.312	0.232	0.34099999999999997
0.119	0.24	0.633	-0.3175
-0.025	-0.088	-0.512	0.27499999999999997
0.993	0.496	-0.078	0.784
0.944	0.861	0.109	0.45899999999999996
0.398	0.548	0.638	-0.19499999999999995
0.672	0.449	0.221	0.337
0.211	0.159	-0.072	0.16749999999999998
1.232	0.918	0.176	0.6849999999999999
1.254	1.221	0.683	0.30199999999999994
-0.022	-0.197	-0.44	0.2965
-0.17	0.034	-0.275	-0.0495
-0.522	-0.609	-0.175	-0.13
0.73	0.816	0.268	0.18799999999999994
0.693	0.742	1.028	-0.19200000000000006
1.166	1.285	0.725	0.16100000000000003
0.385	0.65	0.306	-0.09299999999999997
0.383	0.531	0.366	-0.0655
