z500-local_-1d	z500-local_-2to3d	z500-local_-4to7d	z500-local_-8to14d	z500-local_trend
0.474	0.438	0.2	0.457	0.25599999999999995
0.908	-0.013	-0.47	0.019	0.9175
1.24	0.985	-0.162	-0.367	1.2745
1.215	0.591	0.447	0.688	0.456
0.928	0.757	-0.078	-0.17	0.9205
1.383	1.021	0.715	0.209	0.487
0.419	-0.154	0.481	1.022	-0.3485
0.763	0.598	0.371	0.809	0.3095
0.694	0.584	0.304	0.23	0.335
1.421	1.388	1.283	0.355	0.12150000000000016
0.903	0.44	0.457	0.281	0.21449999999999997
1.134	0.273	-0.174	0.525	0.8775
1.096	0.731	-0.243	0.454	1.1564999999999999
0.941	0.444	0.564	-0.169	0.12850000000000006
0.896	0.604	-0.057	-0.67	0.807
0.656	0.596	0.392	-0.387	0.23399999999999999
0.865	0.396	-0.577	-0.053	1.2075
1.325	0.904	0.014	-0.513	1.1005
1.012	0.886	0.103	0.447	0.8460000000000001
0.541	0.784	0.377	-0.276	0.2855000000000001
0.684	0.508	1.113	0.516	-0.5169999999999999
0.84	0.192	-0.605	0.414	1.121
0.512	0.281	0.608	-0.264	-0.21149999999999997
1.546	1.155	-0.516	-0.767	1.8665
1.301	0.11	0.158	0.724	0.5475
1.098	0.797	0.093	-0.189	0.8545
0.136	-0.248	-0.176	-0.186	0.12
0.47	0.074	0.53	0.705	-0.25800000000000006
0.866	0.465	0.657	0.728	0.008499999999999952
1.54	0.745	0.898	0.637	0.24450000000000005
0.414	-0.269	0.228	0.108	-0.15550000000000003
1.335	0.758	0.467	0.619	0.5794999999999999
0.771	0.509	0.334	0.195	0.306
0.607	0.347	0.426	0.726	0.05099999999999999
1.112	0.782	-0.412	-0.658	1.359
0.837	-0.058	-0.7	-1.327	1.0895
0.475	0.227	0.095	-1.306	0.256
1.036	0.698	0.939	0.706	-0.07199999999999995
0.675	0.76	0.689	0.501	0.02850000000000008
0.212	-0.138	-0.077	-0.285	0.11399999999999999
1.171	0.386	-0.079	0.353	0.8574999999999999
0.548	0.382	0.564	-0.312	-0.09899999999999992
0.685	0.278	0.371	1.26	0.11050000000000004
0.872	0.842	-0.189	-0.442	1.046
0.245	-0.037	-1.005	-0.868	1.109
0.495	0.738	0.025	-0.1	0.5915
1.256	0.387	0.441	0.274	0.3805
0.582	0.214	0.563	0.805	-0.16499999999999998
0.62	0.018	0.643	0.553	-0.324
-0.014	-0.2	0.593	0.473	-0.7
1.365	1.065	0.576	-0.498	0.6389999999999999
1.415	0.773	-0.231	-1.294	1.3250000000000002
1.374	0.717	-0.599	-0.286	1.6445
0.905	0.795	0.823	-0.529	0.027000000000000135
0.949	0.586	0.137	0.362	0.6305
0.793	0.603	1.03	0.168	-0.3320000000000001
0.242	0.304	0.283	-0.327	-0.009999999999999953
0.631	0.453	0.229	0.152	0.31300000000000006
1.277	1.12	0.822	0.729	0.37650000000000017
0.571	0.33	0.268	-0.179	0.1825
0.046	-0.579	0.251	0.053	-0.5175
0.965	1.044	-0.079	0.101	1.0835
1.065	0.774	0.761	-0.563	0.15849999999999997
-0.05	0.289	0.731	0.76	-0.6114999999999999
0.769	0.155	0.718	0.641	-0.25599999999999995
0.698	0.633	0.705	0.467	-0.03949999999999998
1.446	0.977	0.031	-0.661	1.1805
0.868	0.898	0.072	-0.368	0.811
0.929	0.286	0.661	-0.043	-0.05349999999999999
0.191	0.225	-0.003	-0.022	0.21100000000000002
0.383	-0.04	0.261	0.357	-0.0895
0.414	0.263	-0.003	-0.717	0.3415
0.376	0.425	0.364	0.205	0.03649999999999998
0.672	0.526	1.121	-0.103	-0.522
0.797	0.628	0.38	0.699	0.3325
0.138	-0.046	0.905	0.889	-0.859
0.939	0.581	0.004	0.228	0.756
1.484	0.89	-0.275	0.537	1.4620000000000002
1.493	0.933	1.096	0.802	0.11699999999999999
1.197	0.716	1.226	1.005	-0.26949999999999996
0.982	0.954	0.972	1.077	-0.0040000000000000036
0.884	0.629	0.759	-0.147	-0.0025000000000000577
0.457	0.031	0.479	0.628	-0.235
1.175	0.75	-1.051	-0.649	2.0135
0.631	0.242	0.024	-0.043	0.4125
0.596	0.251	0.09	-0.816	0.3335
1.026	0.289	-0.283	-0.01	0.9404999999999999
0.605	0.511	0.151	-0.07	0.40700000000000003
0.531	0.391	0.673	0.257	-0.21200000000000002
0.555	0.479	0.851	0.085	-0.33399999999999996
0.936	0.345	0.303	0.695	0.3375000000000001
1.367	1.05	0.595	0.858	0.6134999999999999
0.827	0.6	0.12	0.15	0.5935
0.679	0.293	0.917	0.595	-0.43100000000000005
1.284	0.403	-0.692	-1.228	1.5354999999999999
1.31	0.284	-0.201	-0.795	0.998
0.452	0.522	0.47	0.433	0.017000000000000015
0.843	0.541	-0.103	-0.059	0.7949999999999999
1.083	0.234	-0.423	-0.04	1.0815
0.71	0.027	-0.257	0.144	0.6255
0.825	0.753	0.086	-0.186	0.703
0.323	0.233	0.796	0.217	-0.518
0.857	0.376	0.127	-0.686	0.48950000000000005
1.295	0.946	0.321	0.498	0.7994999999999999
0.907	0.576	0.637	0.611	0.10450000000000004
1.368	1.081	-0.012	-0.483	1.2365
0.308	-0.077	0.601	-0.014	-0.4855
1.117	0.599	0.379	0.711	0.479
1.267	0.66	0.468	-0.232	0.4955
0.94	0.883	0.177	-0.327	0.7344999999999999
1.253	0.968	0.151	0.487	0.9595
0.305	0.191	0.098	-0.67	0.15
1.252	0.342	0.267	0.672	0.53
0.948	0.695	0.33	-0.038	0.4914999999999999
0.217	0.286	0.289	-0.567	-0.03749999999999998
0.942	0.873	0.893	-0.526	0.014499999999999957
1.024	0.595	-0.402	0.293	1.2115
1.05	1.016	0.035	-0.145	0.9979999999999999
0.758	1.008	0.07	0.174	0.813
0.81	0.332	-0.521	0.051	1.092
0.482	-0.087	0.319	0.526	-0.1215
0.736	0.61	0.089	-0.616	0.5840000000000001
0.925	0.41	-0.644	-0.223	1.3115
1.235	0.587	-0.809	0.385	1.7200000000000002
0.997	0.597	-0.882	0.427	1.6789999999999998
0.951	0.811	0.377	0.863	0.504
1.293	1.016	-0.391	0.063	1.5455
0.881	0.541	-0.667	-0.455	1.3780000000000001
0.654	0.656	0.966	0.657	-0.31099999999999994
0.99	0.46	0.141	-0.121	0.584
1.185	1.088	0.927	0.409	0.20950000000000002
0.79	0.684	0.747	1.133	-0.009999999999999898
0.407	0.295	0.484	0.398	-0.133
1.493	1.158	-0.115	0.235	1.4405
0.871	0.803	0.628	0.162	0.20899999999999996
0.285	-0.158	-0.266	0.571	0.3295
1.15	1.459	0.926	-1.034	0.37849999999999995
0.885	-0.286	-0.717	0.241	1.0165
1.127	0.9	1.24	-0.621	-0.22649999999999992
0.749	0.564	0.725	0.195	-0.0685
0.737	0.603	0.024	-0.998	0.6459999999999999
0.716	0.437	0.36	0.235	0.21650000000000003
0.87	0.582	-0.334	0.553	1.06
1.277	1.001	0.942	0.681	0.19699999999999984
0.717	0.709	1.206	1.2	-0.493
0.717	0.64	0.651	0.006	0.02749999999999997
0.871	0.378	0.13	0.222	0.49450000000000005
0.66	0.514	0.87	0.229	-0.28300000000000003
1.687	0.976	1.107	0.745	0.22450000000000014
0.722	0.277	0.152	-0.847	0.34750000000000003
0.858	0.525	-0.251	-0.225	0.9425
1.473	0.816	0.694	0.484	0.4505000000000001
-0.032	-0.028	-0.126	1.023	0.096
1.402	1.078	0.733	-0.045	0.507
1.69	1.739	0.795	-0.091	0.9195000000000001
0.92	0.744	0.533	0.54	0.29900000000000004
0.565	0.152	0.191	0.28	0.16749999999999998
0.84	0.581	-0.12	-0.001	0.8304999999999999
0.929	0.208	0.369	-0.051	0.1995
0.494	0.13	-0.356	0.816	0.6679999999999999
0.9	1.078	0.702	-0.293	0.28700000000000014
0.162	-0.241	0.646	0.417	-0.6855
0.907	0.468	0.382	0.011	0.3055
0.736	0.535	1.283	0.371	-0.6475
0.754	0.2	0.597	-0.188	-0.12
1.493	0.5	0.286	-0.026	0.7105000000000001
0.825	0.779	0.129	-0.162	0.673
1.123	0.68	-0.401	-0.346	1.3025
0.952	0.811	0.654	0.02	0.22749999999999992
1.041	0.704	0.639	-0.548	0.23349999999999993
-0.125	-0.476	-0.253	0.195	-0.04749999999999999
0.783	0.841	0.521	0.373	0.29100000000000004
0.734	0.528	0.086	0.615	0.545
1.152	0.608	0.086	0.808	0.7939999999999999
0.047	-0.078	-0.232	0.113	0.21650000000000003
1.132	0.752	0.391	0.398	0.5509999999999999
0.737	-0.05	0.353	-0.618	-0.009500000000000008
0.642	0.665	0.312	-0.062	0.34149999999999997
0.285	-0.414	-1.485	0.128	1.4205
0.783	0.312	0.234	-0.297	0.3135
0.585	0.612	0.991	0.854	-0.39249999999999996
0.534	0.644	0.604	0.114	-0.015000000000000013
1.273	0.782	0.311	0.442	0.7164999999999999
0.567	0.109	-0.646	0.112	0.984
0.636	0.523	0.21	0.399	0.36950000000000005
1.593	0.541	-1.029	0.127	2.096
0.847	-0.026	-1.131	0.022	1.5415
0.516	-0.917	-1.167	0.054	0.9665
0.674	0.433	0.122	0.074	0.4315
0.896	0.236	-0.169	-0.211	0.7350000000000001
1.177	0.755	0.129	-0.022	0.837
1.802	1.763	-0.399	-0.442	2.1814999999999998
1.05	0.508	0.052	-0.082	0.727
1.413	0.823	0.108	0.405	1.0099999999999998
1.055	0.017	-0.551	-0.077	1.087
0.85	0.485	-0.146	-0.39	0.8135
1.216	0.68	0.301	0.247	0.647
0.892	1.304	1.34	0.076	-0.242
1.374	1.254	0.653	-0.669	0.661
0.986	0.102	-0.509	0.274	1.053
0.941	0.78	1.1	0.436	-0.23950000000000005
1.19	0.79	0.697	0.605	0.29300000000000004
0.948	1.091	1.095	0.655	-0.07550000000000012
0.286	0.219	0.268	-0.553	-0.015500000000000014
1.433	1.178	0.117	-0.466	1.1885
0.379	-0.263	0.043	0.867	0.015
1.073	1.104	0.921	-0.373	0.16749999999999998
1.106	0.477	0.285	0.427	0.5065000000000002
1.259	0.348	0.424	-0.321	0.3794999999999999
0.993	0.402	1.128	0.765	-0.4304999999999999
0.33	-0.178	-0.373	0.332	0.449
1.495	1.711	0.857	0.165	0.7460000000000002
0.73	-0.103	-0.833	-0.143	1.1465
0.172	-0.145	-0.033	-0.474	0.0465
1.05	0.998	-0.173	0.094	1.197
1.214	0.744	0.09	-0.601	0.889
1.322	1.029	0.254	0.06	0.9215
0.878	1.205	1.097	0.466	-0.05549999999999988
0.982	0.871	0.45	0.214	0.4765
0.465	-0.397	-0.064	0.297	0.098
0.957	0.54	0.265	0.376	0.48349999999999993
0.962	0.321	0.071	-0.027	0.5705
0.405	0.192	0.474	-0.706	-0.1755
1.45	0.746	-0.168	-0.466	1.2659999999999998
0.379	0.465	-0.493	-0.532	0.915
0.696	0.54	-0.243	-0.504	0.861
1.111	0.115	-0.124	0.239	0.737
0.917	0.63	0.955	1.087	-0.18149999999999988
0.894	0.584	1.144	0.832	-0.4049999999999999
0.892	0.624	-0.527	-0.366	1.2850000000000001
1.898	0.937	0.267	0.227	1.1505
0.776	1.047	0.346	0.061	0.5655
0.878	0.77	0.105	-0.737	0.7190000000000001
1.133	0.548	0.447	-0.483	0.3935
0.739	-0.082	-0.107	0.965	0.4355
1.193	0.584	0.265	0.32	0.6235
0.816	0.69	0.325	0.207	0.4279999999999999
0.978	0.702	0.442	0.597	0.39799999999999996
1.348	0.8	0.369	0.365	0.7050000000000001
0.957	0.736	0.143	0.158	0.7035
0.759	0.53	0.845	0.486	-0.2004999999999999
1.066	0.564	0.613	0.762	0.20199999999999996
0.921	0.785	0.751	0.613	0.10199999999999998
0.081	0.54	0.626	-0.329	-0.3155
1.35	1.074	0.621	0.524	0.5910000000000002
1.039	0.414	0.005	0.102	0.7214999999999999
0.655	0.562	0.423	-0.074	0.18550000000000005
0.81	0.811	0.478	-0.242	0.3325
1.246	0.64	0.062	0.066	0.881
1.613	0.625	-1.119	-1.492	2.238
0.56	0.125	-0.461	1.095	0.8035000000000001
1.079	0.254	0.205	0.599	0.4615
1.143	1.083	0.974	0.465	0.139
0.567	0.19	0.104	-0.882	0.27449999999999997
1.44	1.044	0.309	-0.249	0.933
0.857	0.282	0.431	-0.335	0.1385
0.592	0.687	0.072	-0.319	0.5675
1.106	0.432	-0.272	-0.361	1.041
1.267	0.703	-0.478	0.437	1.4629999999999999
0.859	0.794	1.065	0.741	-0.23849999999999993
0.6	0.822	1.243	1.05	-0.5320000000000001
0.703	0.098	-0.064	-0.41	0.46449999999999997
0.95	0.497	-0.064	-0.62	0.7875000000000001
0.333	0.318	0.441	0.623	-0.11549999999999999
0.542	0.111	0.087	1.241	0.23950000000000002
0.626	0.436	0.216	-0.22	0.31500000000000006
0.921	0.475	0.175	0.977	0.5229999999999999
0.562	0.28	1.048	0.331	-0.627
0.839	0.883	-0.19	-0.542	1.051
0.891	0.838	0.042	-0.125	0.8225
1.441	1.093	0.003	0.126	1.264
0.408	0.49	0.812	0.936	-0.3630000000000001
0.749	-0.034	-0.175	0.208	0.5325
0.997	0.413	0.657	0.28	0.04799999999999993
0.566	-0.332	-0.407	-0.627	0.5239999999999999
1.105	1.166	0.407	0.173	0.7284999999999999
0.853	0.787	0.994	-0.083	-0.17399999999999993
0.384	-0.234	-1.143	-1.061	1.218
1.205	0.473	0.693	0.404	0.14600000000000002
0.871	0.373	0.284	0.54	0.338
0.533	0.415	1.102	-0.523	-0.6280000000000001
1.08	1.277	1.057	0.829	0.12150000000000016
0.769	0.234	0.342	0.541	0.15950000000000003
0.423	0.589	0.833	-0.226	-0.32699999999999996
0.455	0.453	0.63	-0.703	-0.176
0.525	0.265	0.247	-0.176	0.14800000000000002
0.419	0.394	0.811	-0.205	-0.4045000000000001
0.666	0.827	0.287	-0.18	0.45949999999999996
0.88	0.689	0.069	-0.115	0.7155
1.12	1.196	1.29	-0.111	-0.13200000000000012
0.38	-0.678	-0.973	-0.241	0.824
1.184	0.737	0.285	0.055	0.6755
1.038	0.701	0.292	-0.812	0.5774999999999999
-0.202	-0.152	0.334	0.306	-0.511
0.274	0.259	0.043	-0.085	0.22350000000000003
0.386	0.322	0.481	0.522	-0.127
1.185	0.61	0.388	0.102	0.5095
1.265	0.449	-0.289	0.006	1.146
0.633	0.137	0.329	0.006	0.055999999999999994
1.074	0.762	-0.498	0.212	1.416
0.97	0.752	0.392	0.342	0.469
1.315	0.884	0.658	-0.471	0.4414999999999999
1.386	0.482	0.906	-0.216	0.027999999999999914
0.753	0.654	-0.041	-1.139	0.7445
0.136	-0.007	0.496	-0.54	-0.4315
1.174	0.468	-0.158	-0.035	0.979
0.555	0.327	-0.117	0.519	0.558
0.825	0.202	-0.143	-1.39	0.6565
0.885	0.272	-0.047	-0.265	0.6255000000000001
1.155	-0.046	-0.028	-0.091	0.5825
1.057	-0.075	-0.795	0.395	1.286
0.708	0.966	1.265	0.002	-0.42799999999999994
0.759	-0.05	-0.182	0.121	0.5365
1.273	0.507	0.306	0.78	0.5839999999999999
1.168	0.842	0.333	0.112	0.6719999999999999
1.13	0.419	-0.299	-0.141	1.0735
0.288	-0.053	-0.341	-0.95	0.4585
0.573	0.891	0.362	-0.702	0.37
0.432	0.425	-0.181	-0.711	0.6094999999999999
-0.104	-0.212	-0.731	-0.533	0.573
1.497	1.176	0.236	0.552	1.1005
0.655	0.63	0.194	0.822	0.44850000000000007
0.784	0.618	0.516	0.706	0.18500000000000005
1.331	0.888	0.262	0.232	0.8474999999999999
0.934	0.288	-0.137	0.363	0.748
-0.16	0.56	0.669	0.492	-0.46900000000000003
1.097	0.091	0.065	0.087	0.5289999999999999
0.965	0.402	0.023	-1.258	0.6605
0.571	0.119	-0.653	0.703	0.998
0.451	0.142	-0.466	-0.046	0.7625
0.674	0.562	0.33	0.594	0.2880000000000001
1.228	0.768	1.332	0.707	-0.3340000000000001
0.944	0.847	0.477	-0.193	0.4185
0.399	0.202	0.39	0.421	-0.08950000000000002
0.444	0.607	0.65	0.036	-0.12450000000000006
1.124	1.097	0.446	0.035	0.6645000000000001
0.277	-0.126	0.0	0.532	0.07550000000000001
0.33	0.5	0.23	-0.465	0.18500000000000003
1.629	0.262	-0.247	-0.202	1.1925
1.263	1.107	0.486	0.873	0.6990000000000001
0.67	0.118	0.127	0.773	0.267
0.677	-0.373	-0.717	0.238	0.869
1.033	0.842	0.486	0.329	0.4515
0.699	0.816	0.224	0.384	0.5335
1.712	1.042	0.685	-0.341	0.692
0.351	0.415	0.067	1.348	0.316
0.93	0.599	0.778	0.83	-0.013500000000000068
1.3	1.058	0.294	-0.084	0.885
0.829	0.159	-0.341	-0.313	0.835
0.567	0.3	-0.191	0.117	0.6245
1.064	0.974	0.652	0.161	0.3670000000000001
0.916	1.05	0.701	0.991	0.28200000000000014
1.127	0.832	-0.032	-0.597	1.0115
0.96	0.535	0.834	0.38	-0.08649999999999991
0.41	0.45	0.989	0.927	-0.5589999999999999
0.754	0.736	0.234	0.13	0.511
0.61	-0.197	-0.298	0.77	0.5045
1.209	0.972	0.675	-0.257	0.4155
1.076	0.294	-0.587	-0.77	1.272
0.231	0.246	0.283	-1.116	-0.044499999999999984
0.401	0.474	0.404	-0.227	0.033499999999999974
1.003	1.2	0.731	0.491	0.37049999999999994
0.681	0.042	0.026	0.386	0.3355
0.988	0.82	0.842	0.086	0.061999999999999944
1.467	1.117	0.43	0.58	0.8620000000000001
1.444	0.737	-0.22	-0.737	1.3105
0.588	0.029	-0.086	-0.577	0.39449999999999996
1.215	1.276	0.667	0.326	0.5785
0.686	0.409	0.311	0.324	0.2365
0.837	0.459	-0.839	-0.523	1.487
0.75	-0.276	-0.846	-0.4	1.083
1.055	0.92	-0.039	-0.151	1.0265
0.841	0.579	0.503	0.734	0.20699999999999996
0.831	0.599	0.284	-0.016	0.431
1.129	1.529	0.645	0.155	0.6839999999999999
0.819	0.624	0.217	0.105	0.5045000000000001
0.836	0.878	0.837	0.419	0.020000000000000018
0.691	-0.177	-1.047	-0.521	1.3039999999999998
0.338	-0.086	-0.303	-0.407	0.429
-0.035	-0.378	-0.105	0.327	-0.10150000000000002
1.377	1.448	0.98	-0.166	0.4325000000000001
0.156	0.012	-1.417	0.303	1.5010000000000001
0.917	0.781	-0.213	-0.278	1.062
0.937	0.65	0.792	-0.126	0.0015000000000000568
0.789	0.707	-0.363	-0.421	1.111
1.23	0.513	0.363	0.548	0.5085
0.663	-0.097	0.586	0.394	-0.30299999999999994
1.422	1.113	0.145	-0.018	1.1225
1.066	0.635	0.834	1.125	0.01650000000000007
1.29	0.318	0.087	-0.725	0.7170000000000001
0.458	0.139	0.008	0.177	0.2905
0.156	-0.389	-0.466	1.103	0.34950000000000003
0.779	0.319	-0.398	0.036	0.9470000000000001
1.56	0.976	-0.065	-0.361	1.333
0.395	0.627	0.483	1.162	0.028000000000000025
0.34	0.552	0.356	-0.668	0.09000000000000008
0.096	-0.139	-0.055	-0.243	0.033499999999999995
0.53	0.906	-0.024	-0.317	0.742
0.304	0.573	0.865	1.144	-0.4265
0.479	0.515	0.533	-0.159	-0.03600000000000003
0.918	0.719	1.241	0.73	-0.4225000000000001
0.284	0.431	1.062	1.082	-0.7045000000000001
0.825	0.737	-0.161	-0.884	0.942
1.296	1.28	0.572	0.518	0.7160000000000001
0.925	0.546	-0.005	-0.282	0.7405
0.96	0.64	0.589	-0.419	0.21100000000000008
0.819	0.16	-0.419	-0.849	0.9085
0.71	0.736	0.74	0.75	-0.017000000000000015
0.62	0.175	-0.055	0.525	0.45249999999999996
1.139	1.156	0.474	0.646	0.6735
1.037	0.33	-0.291	0.316	0.9744999999999999
1.1	0.677	-0.11	0.278	0.9985
0.643	0.163	-0.151	-0.128	0.554
1.125	0.462	0.235	-0.797	0.5585
0.958	1.233	1.069	-0.266	0.026499999999999968
0.528	0.63	0.482	-0.23	0.09699999999999998
0.523	1.201	0.069	-0.119	0.7930000000000001
0.877	0.075	-0.463	-1.329	0.9390000000000001
0.948	0.59	0.889	0.584	-0.1200000000000001
1.272	0.538	-0.583	-0.945	1.488
1.099	0.965	0.742	0.699	0.29000000000000004
0.679	0.256	0.075	-0.262	0.3925
0.287	-0.105	-0.137	0.945	0.228
0.982	0.498	0.467	0.47	0.27299999999999996
0.385	0.307	0.517	0.44	-0.17100000000000004
0.853	-0.005	0.51	-0.011	-0.08600000000000002
0.632	0.669	0.557	0.195	0.09350000000000003
0.611	-0.463	-0.864	-0.53	0.938
0.827	0.453	0.446	0.248	0.194
-0.523	-0.034	1.038	0.569	-1.3165
1.076	0.23	0.421	0.398	0.23200000000000004
0.644	0.799	0.808	0.397	-0.08650000000000002
1.569	1.138	0.845	0.758	0.5085
1.375	0.89	0.871	0.704	0.26150000000000007
1.22	1.017	1.144	1.115	-0.025499999999999856
0.481	0.411	1.014	0.466	-0.5680000000000001
1.278	0.934	0.981	0.594	0.1250000000000001
0.85	0.757	-0.089	-0.074	0.8925
-0.194	-0.096	0.118	0.942	-0.263
0.796	0.264	0.388	0.409	0.14200000000000002
1.284	1.049	0.63	-0.382	0.5365000000000001
0.221	-0.151	-0.276	-0.05	0.31100000000000005
0.881	0.727	0.469	0.277	0.3350000000000001
0.246	-0.49	-0.424	-0.053	0.302
0.552	-0.012	-0.057	0.318	0.327
0.36	0.055	0.533	0.181	-0.3255
0.545	-1.071	-1.467	-0.996	1.2040000000000002
1.047	0.851	0.291	-0.28	0.6579999999999999
0.299	0.207	-0.072	-0.179	0.325
0.418	0.401	-0.552	0.319	0.9615
1.663	1.072	0.885	0.129	0.48250000000000015
0.363	-0.193	-0.064	-0.017	0.149
0.755	0.174	-0.173	0.581	0.6375
1.263	1.04	-0.318	0.832	1.4695
0.514	0.361	0.6	0.329	-0.16249999999999998
0.733	0.296	0.317	0.914	0.19749999999999995
0.74	0.67	0.748	0.1	-0.04299999999999993
1.652	1.662	1.291	0.724	0.3660000000000001
0.305	-0.097	-0.611	0.56	0.715
0.849	0.996	1.571	0.58	-0.6485
0.639	0.435	0.566	0.059	-0.028999999999999915
1.011	0.936	0.257	0.356	0.7165
0.937	0.66	0.303	-0.529	0.4955
0.794	0.763	0.529	0.998	0.24949999999999994
0.979	0.973	0.358	-0.695	0.618
0.336	-0.141	-0.48	0.241	0.5775
0.556	0.111	-0.355	0.048	0.6885
0.895	0.824	1.029	0.666	-0.16949999999999998
0.339	-0.2	-0.639	0.058	0.7085
1.078	0.329	-0.243	0.131	0.9465
0.687	0.359	0.019	0.677	0.504
0.697	0.799	0.58	0.539	0.16800000000000004
0.689	0.774	0.435	-0.107	0.29650000000000004
1.275	1.348	0.893	0.944	0.4185000000000001
1.007	1.113	0.802	0.18	0.258
0.908	0.688	0.88	1.059	-0.08199999999999996
0.652	0.671	0.319	0.955	0.34249999999999997
0.292	0.28	0.321	-0.252	-0.034999999999999976
0.774	0.367	0.198	0.525	0.3725
0.662	0.739	0.688	0.794	0.012500000000000067
0.768	-0.11	0.012	0.716	0.317
0.536	0.7	0.066	-0.14	0.552
0.976	0.942	0.174	-0.016	0.7849999999999999
0.616	0.706	0.266	0.586	0.395
0.835	0.439	0.202	0.139	0.435
0.54	0.387	0.357	0.677	0.10650000000000004
0.909	-0.285	0.463	0.392	-0.15099999999999997
1.099	0.528	0.108	0.195	0.7055
0.945	0.557	0.247	-0.591	0.504
0.602	0.741	0.822	0.063	-0.15049999999999997
1.467	1.129	0.488	0.328	0.81
1.003	0.664	-1.091	-0.169	1.9244999999999999
0.571	0.348	0.609	0.079	-0.14950000000000002
1.114	0.778	0.657	-0.739	0.28900000000000003
1.356	0.929	0.039	0.817	1.1035000000000001
0.693	0.674	0.388	-0.454	0.2955
0.588	-0.113	-0.086	0.699	0.3235
0.431	0.057	0.374	0.811	-0.13
1.401	0.921	0.46	-0.198	0.7010000000000001
0.083	0.069	0.433	0.065	-0.357
0.962	0.922	-0.583	-0.769	1.525
0.798	1.086	1.014	-0.062	-0.07199999999999995
0.568	0.422	0.324	0.642	0.17099999999999999
0.295	0.179	0.009	0.138	0.22799999999999998
1.2	1.021	0.085	-0.052	1.0255
1.098	0.382	0.28	0.442	0.45999999999999996
1.194	0.116	-0.615	-0.287	1.27
0.832	0.753	0.767	0.283	0.025499999999999967
1.33	0.918	0.627	0.025	0.4970000000000001
1.522	1.232	0.971	0.814	0.406
1.392	0.361	0.578	1.672	0.2985
1.524	0.888	0.51	-0.621	0.696
0.873	0.192	-0.448	-0.562	0.9804999999999999
1.606	1.317	1.173	-0.527	0.2885
1.201	0.987	0.12	0.844	0.9740000000000001
0.544	0.748	0.502	0.552	0.14400000000000002
1.289	1.01	0.485	0.645	0.6645
0.668	0.325	-0.142	-0.222	0.6385000000000001
1.008	0.43	0.028	0.64	0.691
0.998	0.583	0.956	0.183	-0.16549999999999998
0.733	0.62	0.09	0.273	0.5865
0.534	0.232	-0.545	-0.776	0.928
1.798	1.366	0.894	0.275	0.6880000000000001
0.868	1.143	0.369	-1.066	0.6365000000000001
1.015	0.686	0.313	0.641	0.5375000000000001
0.674	0.787	0.659	0.696	0.07150000000000001
0.757	0.575	0.534	0.925	0.1319999999999999
1.52	1.182	0.228	-0.379	1.123
0.793	1.103	1.423	0.924	-0.4750000000000001
0.377	0.279	0.202	0.023	0.126
1.047	0.512	0.696	0.094	0.08350000000000002
1.392	0.988	0.293	0.3	0.897
0.617	0.461	0.031	-0.358	0.508
1.337	0.572	-0.063	-0.185	1.0174999999999998
-0.372	-0.784	-0.415	0.951	-0.1630000000000001
0.839	0.286	-0.006	0.179	0.5685
0.787	0.388	-0.112	-0.678	0.6995
1.547	1.442	0.338	0.396	1.1564999999999999
0.738	0.517	0.175	0.207	0.45249999999999996
1.27	0.712	-0.872	0.071	1.863
0.521	0.553	0.239	0.588	0.29800000000000004
1.098	0.567	0.068	0.204	0.7645
0.443	0.154	-0.165	-0.379	0.4635
1.84	0.52	-0.544	-0.371	1.7240000000000002
0.586	0.484	0.426	-0.188	0.10899999999999993
0.463	0.793	0.51	-0.145	0.118
0.952	0.458	-0.17	-0.225	0.875
0.53	0.544	0.622	-0.303	-0.08499999999999996
0.626	-0.006	-0.354	-1.037	0.6639999999999999
1.077	0.342	-0.189	0.641	0.8985000000000001
1.146	0.838	0.468	-0.29	0.524
0.807	0.088	-0.946	-0.506	1.3935
0.315	0.415	0.119	-0.003	0.246
0.556	0.649	1.224	0.373	-0.6214999999999999
1.281	1.012	0.086	0.206	1.0605
0.443	0.639	0.612	-0.087	-0.07099999999999995
0.507	0.055	-0.098	-0.249	0.379
1.002	0.881	0.395	0.573	0.5465
1.084	0.051	0.201	0.766	0.3665
1.182	0.254	0.175	0.247	0.5429999999999999
1.162	0.954	-0.2	-0.521	1.2579999999999998
0.921	0.869	-0.907	-1.002	1.802
0.814	0.223	0.431	0.772	0.08749999999999997
0.125	0.025	0.173	-0.183	-0.09799999999999999
0.388	0.435	0.222	0.153	0.18949999999999997
1.284	1.011	0.398	0.474	0.7494999999999999
1.228	1.171	1.044	0.843	0.15549999999999997
1.219	0.505	0.148	0.144	0.7140000000000001
0.618	-0.176	-0.217	-0.039	0.438
0.11	-0.109	-0.083	0.176	0.0835
0.781	0.214	0.056	0.001	0.4415
0.826	0.5	0.204	-0.291	0.4590000000000001
0.646	0.148	0.672	0.55	-0.275
0.392	0.37	0.347	0.517	0.03400000000000003
1.02	0.494	0.471	0.208	0.28600000000000003
0.638	0.42	1.086	0.473	-0.557
0.604	0.195	0.094	-0.755	0.3055
1.592	1.436	0.457	-0.723	1.057
0.888	0.991	-0.307	0.245	1.2465
0.964	0.612	0.462	0.13	0.326
0.861	0.444	0.105	0.601	0.5475
1.336	1.215	0.648	-0.552	0.6275000000000001
0.635	0.708	0.315	-0.323	0.3565
0.683	0.459	0.377	-0.237	0.19400000000000006
0.458	0.378	0.089	-0.349	0.32900000000000007
0.884	0.695	-0.197	0.23	0.9864999999999999
0.774	0.41	0.098	0.447	0.494
1.02	0.513	0.699	0.398	0.0675
1.086	1.101	0.744	0.031	0.34950000000000014
0.265	0.524	0.763	1.269	-0.3685
0.817	0.288	0.381	0.357	0.17149999999999999
1.02	0.965	0.945	0.1	0.04749999999999999
0.758	0.431	0.405	1.052	0.1895
0.848	0.347	0.719	0.822	-0.12150000000000005
0.877	0.522	0.294	0.151	0.4055
0.886	0.925	0.261	-0.282	0.6445
1.029	0.54	0.765	0.797	0.019499999999999962
0.885	0.805	0.06	0.455	0.7849999999999999
1.128	0.979	0.444	0.093	0.6094999999999999
0.452	0.17	-0.111	0.32	0.422
0.555	0.396	0.18	0.127	0.29550000000000004
1.106	0.51	-0.558	-1.549	1.366
1.311	0.824	0.077	-0.068	0.9904999999999999
0.596	0.26	-0.212	-0.038	0.64
1.746	1.373	0.425	0.505	1.1344999999999998
0.673	0.636	-0.266	-0.597	0.9205000000000001
0.24	-0.844	-0.268	0.35	-0.033999999999999975
0.776	0.984	0.191	-0.127	0.6890000000000001
0.962	0.938	0.358	0.155	0.592
0.915	0.914	0.772	0.77	0.14250000000000007
-0.057	-0.457	-0.331	0.215	0.07400000000000001
0.503	-0.378	-0.737	0.472	0.7995
1.104	0.408	-0.804	0.467	1.56
0.96	0.839	0.123	-0.032	0.7765
1.028	0.733	-0.224	-0.692	1.1045
0.685	0.65	1.042	-0.104	-0.37450000000000006
1.181	0.706	-0.331	0.282	1.2745
1.014	0.315	-0.371	-0.244	1.0354999999999999
1.399	0.975	0.718	-0.178	0.4690000000000001
0.707	0.573	0.063	0.863	0.577
0.246	-0.23	0.557	0.681	-0.549
0.45	0.534	0.425	-0.538	0.067
0.55	0.174	-0.11	0.265	0.472
1.25	1.302	1.048	0.22	0.22799999999999998
0.713	0.21	0.352	-1.068	0.10949999999999999
0.372	-0.086	-0.001	0.55	0.14400000000000002
0.284	-0.293	0.517	0.077	-0.5215000000000001
1.402	1.118	0.733	0.806	0.527
0.956	0.531	0.21	0.398	0.5335000000000001
1.132	0.584	0.527	0.305	0.33099999999999985
0.693	0.267	0.182	0.308	0.298
0.717	0.684	-0.678	-0.14	1.3785
0.505	0.175	0.181	-0.894	0.15899999999999997
1.02	0.649	0.102	0.287	0.7325
0.467	0.253	0.435	0.847	-0.07500000000000001
1.149	0.859	0.026	0.46	0.978
0.99	0.825	0.57	-0.399	0.3375
1.383	0.889	0.719	0.826	0.41700000000000015
1.553	1.092	0.362	0.333	0.9605
0.501	0.535	-0.014	-0.264	0.532
0.437	0.346	0.43	-0.734	-0.038500000000000034
0.43	0.2	-0.236	-1.021	0.5509999999999999
0.056	-0.468	0.574	0.422	-0.78
0.862	1.186	0.655	0.214	0.369
0.46	0.555	0.355	-0.55	0.15250000000000008
1.445	0.814	-0.367	-0.424	1.4965
0.731	0.905	0.119	0.275	0.6990000000000001
0.971	0.758	0.888	0.431	-0.023499999999999965
1.483	0.856	-0.18	0.174	1.3495
1.065	0.917	0.846	-0.548	0.14500000000000002
1.591	0.951	0.621	-0.036	0.6499999999999999
0.874	0.99	0.959	0.605	-0.027000000000000024
0.991	0.802	0.416	-0.302	0.4805000000000001
1.215	0.575	-0.776	-0.684	1.671
0.908	0.899	0.329	1.025	0.5745
0.646	0.283	0.33	1.224	0.1345
0.361	0.447	0.084	0.462	0.32
1.131	0.612	0.642	0.268	0.22949999999999993
0.949	1.092	1.208	0.808	-0.1875
1.01	0.402	-0.69	-0.111	1.396
0.661	0.143	-0.867	-1.3	1.2690000000000001
1.55	0.329	-0.49	0.158	1.4295
0.872	0.468	0.282	-0.576	0.38800000000000007
0.572	0.468	0.808	0.564	-0.28800000000000003
1.368	1.239	0.94	0.2	0.36350000000000016
1.562	1.218	-0.275	-0.642	1.665
0.658	0.522	0.291	0.189	0.2990000000000001
0.796	-0.001	-0.349	0.346	0.7464999999999999
0.373	0.408	0.084	-1.616	0.30649999999999994
0.49	0.38	0.307	0.074	0.128
0.974	0.816	0.92	0.288	-0.025000000000000022
0.502	-0.38	-0.582	0.038	0.643
0.95	0.462	0.19	0.218	0.516
0.907	0.772	0.282	-0.49	0.5575000000000001
1.051	0.808	0.731	0.453	0.1985
0.718	0.758	1.002	0.043	-0.264
1.075	0.99	0.573	0.385	0.4595
0.353	-0.08	0.15	0.316	-0.013500000000000012
1.054	0.549	0.659	0.84	0.14250000000000007
0.686	0.838	1.198	0.684	-0.43599999999999994
1.232	1.027	0.818	0.652	0.3115
1.377	1.008	0.886	0.012	0.3064999999999999
0.432	0.072	-0.187	-0.654	0.439
1.18	1.287	1.133	-0.054	0.10049999999999981
1.223	0.881	0.485	0.022	0.5670000000000001
0.902	0.08	-0.437	-0.65	0.9279999999999999
1.142	0.854	0.456	0.205	0.542
0.702	0.903	0.595	-0.276	0.20750000000000002
1.028	0.89	1.079	0.699	-0.11999999999999988
0.75	0.795	0.599	-0.477	0.1735
1.717	1.01	-0.135	-0.736	1.4985000000000002
0.925	0.607	-0.293	-0.691	1.059
1.096	0.405	-0.473	-1.164	1.2235
1.84	1.035	0.515	0.749	0.9225
0.631	0.306	-0.332	-0.761	0.8005
1.06	0.872	0.149	-0.673	0.817
0.432	0.136	0.233	0.892	0.05100000000000002
0.807	0.788	-0.172	0.365	0.9695
0.787	0.281	0.015	-0.455	0.519
1.666	1.343	0.877	0.231	0.6275
1.419	0.553	0.21	-0.632	0.776
1.425	0.96	0.601	1.196	0.5914999999999999
0.977	0.201	-1.19	0.11	1.779
0.998	0.504	1.126	-0.132	-0.3749999999999999
0.682	0.266	-0.466	-1.291	0.9400000000000001
0.946	0.539	-0.713	-0.48	1.4554999999999998
0.966	0.035	0.304	-0.442	0.19649999999999995
0.295	0.009	-0.143	0.05	0.295
0.741	0.499	0.39	-0.265	0.22999999999999998
1.092	0.614	0.66	-0.023	0.19299999999999995
0.628	0.753	0.179	0.261	0.5115000000000001
0.999	0.554	0.082	0.469	0.6945
1.689	1.418	-0.595	-0.541	2.1485000000000003
0.691	0.686	0.644	0.32	0.044499999999999984
1.339	1.349	0.502	-0.709	0.8419999999999999
0.751	0.744	0.314	0.406	0.43350000000000005
0.47	0.294	0.956	0.499	-0.574
0.556	0.826	0.834	-0.047	-0.1429999999999999
0.618	0.205	0.154	0.569	0.25749999999999995
0.627	0.355	-0.088	0.825	0.579
0.603	0.357	0.304	0.391	0.176
0.352	0.097	-0.364	0.031	0.5885
0.623	0.349	-0.13	0.178	0.616
0.456	0.745	0.824	-0.102	-0.22349999999999992
0.958	1.051	0.862	0.145	0.14249999999999996
1.283	1.13	0.166	-0.31	1.0405
1.574	1.328	-0.045	-0.949	1.496
0.476	0.631	0.159	0.07	0.39449999999999996
1.385	0.434	-1.314	0.049	2.2235
0.446	0.023	-0.573	0.381	0.8075
0.448	0.456	-0.118	-1.146	0.5700000000000001
1.706	1.088	0.546	0.127	0.851
1.26	1.265	-0.415	-1.111	1.6775
0.897	0.419	-0.597	-0.086	1.255
0.986	1.266	1.31	-0.308	-0.18400000000000016
0.556	-0.173	-0.293	0.167	0.48450000000000004
0.293	0.151	0.551	-0.138	-0.32900000000000007
1.033	0.449	0.591	0.681	0.15000000000000002
0.374	0.317	0.037	0.255	0.30850000000000005
0.336	0.37	-0.173	0.353	0.526
1.022	-0.259	-0.568	0.426	0.9495
0.987	0.199	0.008	0.72	0.585
0.785	0.524	0.349	0.258	0.3055000000000001
1.382	0.584	0.099	0.359	0.8839999999999999
1.072	0.341	-0.406	0.581	1.1125
0.71	0.781	0.397	0.734	0.34850000000000003
0.555	-0.067	-0.613	0.612	0.857
0.681	0.77	0.217	-0.024	0.5085000000000001
0.918	0.393	-0.131	0.404	0.7865
0.1	0.181	0.368	-0.34	-0.22749999999999998
1.492	0.988	-0.051	0.408	1.291
0.453	0.296	0.406	-0.195	-0.03150000000000003
0.72	0.166	-0.154	-0.421	0.597
1.271	0.948	0.464	0.454	0.6455
1.033	0.456	-0.118	-0.091	0.8624999999999999
1.814	1.487	0.736	0.671	0.9145000000000001
0.306	0.314	1.357	0.834	-1.047
1.12	1.065	0.557	-0.484	0.5355
1.116	0.849	0.076	-0.215	0.9065000000000001
0.745	0.239	0.776	0.722	-0.28400000000000003
0.181	-0.462	-0.69	0.292	0.5494999999999999
0.993	0.178	-0.331	-0.071	0.9165000000000001
0.117	0.266	0.391	0.335	-0.1995
0.68	0.44	0.607	0.316	-0.04699999999999993
1.512	0.501	0.16	0.558	0.8464999999999999
0.914	0.784	1.361	0.3	-0.512
1.066	0.851	0.165	0.004	0.7935
0.695	0.412	-0.186	0.196	0.7395
0.308	0.102	0.228	-0.21	-0.02300000000000002
1.14	0.705	-0.096	0.08	1.0185
0.546	0.161	-0.609	0.171	0.9625
0.982	0.713	0.495	0.609	0.3524999999999999
0.997	0.732	0.417	0.039	0.44750000000000006
1.188	0.831	0.481	-0.203	0.5285000000000001
0.821	0.862	0.245	0.25	0.5964999999999999
0.953	0.698	0.56	1.102	0.26549999999999985
0.932	0.67	0.036	-0.528	0.765
0.247	-0.408	-0.441	0.1	0.36050000000000004
1.343	0.801	1.074	-0.545	-0.0020000000000000018
1.457	1.412	-0.596	-1.185	2.0305
1.086	0.712	-0.269	0.107	1.1680000000000001
0.873	0.506	0.496	-0.348	0.1935
1.138	0.1	-1.053	-0.484	1.672
0.384	0.085	-0.351	0.336	0.5855
1.248	0.339	0.286	0.736	0.5075000000000001
0.593	0.348	0.245	0.403	0.22549999999999998
0.162	-0.289	-0.42	0.354	0.3565
1.02	0.209	0.182	-0.24	0.43250000000000005
1.189	0.487	-0.082	-0.368	0.92
0.061	-0.212	-0.41	-0.6	0.33449999999999996
1.334	1.219	0.409	-0.411	0.8674999999999999
0.87	0.567	0.247	0.807	0.4714999999999999
1.505	1.041	-0.042	-0.469	1.315
0.971	0.566	-0.072	-0.016	0.8404999999999999
0.722	0.809	0.07	0.419	0.6955
0.998	0.323	-0.613	-0.521	1.2734999999999999
0.464	0.027	-0.391	0.519	0.6365000000000001
0.833	0.203	0.017	0.101	0.501
1.317	0.556	0.069	0.55	0.8674999999999999
0.881	0.518	0.263	0.146	0.4365
1.201	1.044	0.133	0.275	0.9895
1.017	1.134	0.22	-0.667	0.8554999999999999
1.307	1.204	-0.138	-0.236	1.3935
1.066	0.832	0.694	-0.053	0.2550000000000001
1.086	0.688	-0.13	-0.026	1.017
1.009	0.56	1.091	0.279	-0.3065
1.439	1.441	1.053	-0.292	0.387
0.77	0.795	0.845	0.352	-0.0625
0.906	0.231	-0.305	-0.205	0.8734999999999999
-0.006	-0.075	0.343	0.535	-0.3835
1.18	0.489	-0.042	-1.043	0.8765000000000001
1.025	0.636	0.166	-0.152	0.6645
0.641	-0.297	-0.772	0.128	0.9440000000000001
1.041	0.431	-0.004	-0.747	0.74
1.159	0.645	0.091	-0.482	0.811
0.538	0.199	0.426	0.776	-0.05749999999999994
0.5	0.429	0.632	-0.959	-0.16749999999999998
0.759	0.425	0.093	0.788	0.499
1.08	0.177	-0.342	0.03	0.9705000000000001
1.033	1.085	-0.387	0.749	1.446
1.511	0.243	0.435	0.759	0.442
1.408	1.0	0.299	0.327	0.905
1.572	1.334	0.376	0.189	1.077
0.629	0.37	0.098	0.355	0.40149999999999997
1.413	0.695	-0.325	0.159	1.379
0.127	-0.083	-0.121	0.622	0.143
1.12	1.116	0.404	-1.22	0.7140000000000001
0.236	0.49	0.456	0.062	-0.09300000000000003
0.764	0.61	0.095	-0.936	0.5920000000000001
0.288	-0.127	-0.11	1.262	0.1905
0.184	0.287	0.698	-0.347	-0.46249999999999997
1.268	1.359	0.535	0.255	0.7784999999999999
0.893	0.689	-0.137	-0.714	0.9279999999999999
1.059	0.879	0.09	0.87	0.879
1.429	0.979	0.954	0.26	0.25
0.942	-0.106	0.066	-0.098	0.352
0.916	-0.317	-0.711	0.367	1.0105
1.264	0.875	1.137	-0.187	-0.0674999999999999
0.774	0.327	-0.4	0.023	0.9505
1.466	1.573	1.005	0.963	0.5145
0.687	0.851	0.261	-0.585	0.508
0.009	0.042	0.287	-0.352	-0.26149999999999995
0.844	0.9	0.475	-0.384	0.397
0.839	0.317	-0.44	0.189	1.018
0.815	0.674	0.7	-0.538	0.044499999999999984
0.601	0.899	0.583	0.14	0.16700000000000004
1.299	0.24	-0.108	0.028	0.8775
0.328	0.208	-0.174	0.511	0.442
1.272	0.626	0.574	0.059	0.3750000000000001
0.85	0.479	0.15	0.678	0.5145
0.496	0.196	0.336	0.796	0.009999999999999953
1.026	0.552	0.499	0.069	0.29000000000000004
0.84	0.069	0.171	1.159	0.2835
0.678	0.887	1.443	0.342	-0.6605000000000001
0.33	-0.179	0.622	-0.978	-0.5465
0.581	0.471	0.49	0.512	0.03600000000000003
1.462	0.286	0.027	-0.426	0.847
0.798	0.459	0.134	1.133	0.49450000000000005
-0.199	-0.541	-0.416	-0.067	0.045999999999999985
0.946	0.13	0.499	0.473	0.039000000000000035
0.387	-0.24	-0.017	0.815	0.09050000000000001
0.281	-0.226	0.876	0.051	-0.8485
0.607	-0.261	-0.673	0.071	0.8460000000000001
0.95	0.841	0.793	0.186	0.10249999999999992
0.286	-0.358	-0.31	0.014	0.274
0.141	-0.342	-0.321	0.477	0.22049999999999997
1.406	1.469	1.023	0.048	0.4145000000000001
1.309	0.879	0.646	-0.201	0.44799999999999984
1.378	0.503	-0.04	-0.665	0.9804999999999999
1.401	1.294	1.581	0.071	-0.23349999999999982
1.036	0.447	0.225	-0.035	0.5165000000000001
1.531	1.387	0.516	-0.135	0.9430000000000001
1.19	0.718	-0.057	0.129	1.011
1.138	0.644	0.195	-0.07	0.696
0.522	0.225	-0.327	0.245	0.7005
0.736	0.769	0.332	0.417	0.42049999999999993
1.352	1.135	0.206	0.087	1.0375
1.102	0.516	-0.346	-0.726	1.155
0.349	0.745	0.72	1.212	-0.17300000000000004
0.557	0.356	-0.457	-1.115	0.9135
0.911	0.545	-0.074	-0.288	0.8019999999999999
0.941	0.713	0.961	0.081	-0.134
1.257	0.297	0.317	0.472	0.4599999999999999
0.96	0.495	-0.306	-0.421	1.0335
1.431	0.839	0.064	0.029	1.071
0.372	0.625	0.401	0.211	0.09749999999999998
0.981	0.002	-0.994	-1.036	1.4855
1.2	0.551	0.048	0.079	0.8274999999999999
0.963	0.63	0.854	1.351	-0.057499999999999996
1.01	0.6	0.617	0.21	0.18799999999999994
0.66	0.423	0.247	0.473	0.2945
1.003	0.47	-0.024	-0.219	0.7605
-0.407	-1.191	-1.063	0.152	0.2639999999999999
0.636	0.479	0.49	0.819	0.0675
0.701	0.483	0.503	0.539	0.08899999999999997
1.226	0.797	0.408	0.577	0.6035000000000001
0.832	0.623	-0.104	-0.407	0.8315
0.847	0.997	0.393	0.735	0.5289999999999999
1.263	1.13	0.551	0.165	0.6454999999999999
1.0	0.956	1.286	0.444	-0.30800000000000005
1.145	0.64	-0.113	-0.855	1.0055
0.876	0.609	0.599	-0.044	0.14349999999999996
1.396	1.295	0.758	0.466	0.5874999999999999
0.49	0.131	-0.604	-0.691	0.9145
1.349	1.417	0.655	-0.781	0.728
1.479	0.605	-0.063	-0.45	1.105
0.734	-0.289	-0.157	0.36	0.3795
0.666	0.473	0.258	0.275	0.3115
1.15	1.181	1.022	0.802	0.14349999999999996
0.882	0.26	0.165	0.061	0.4059999999999999
0.069	-0.235	-0.029	0.418	-0.05399999999999999
0.906	0.28	0.283	0.255	0.31
1.044	0.153	-0.392	-0.554	0.9905
1.515	0.843	-0.473	0.12	1.6519999999999997
0.761	0.533	1.063	0.187	-0.4159999999999999
0.715	0.146	-1.131	0.532	1.5615
0.321	-0.18	0.103	-0.268	-0.03249999999999999
1.534	1.068	0.463	0.448	0.8380000000000001
1.407	0.76	1.403	0.327	-0.3195000000000001
0.764	0.4	-0.203	0.306	0.7850000000000001
0.504	-0.255	-0.476	0.795	0.6005
1.05	0.868	0.501	-0.7	0.4580000000000001
0.871	0.217	-0.196	0.333	0.74
0.259	-0.339	-0.125	-0.217	0.08499999999999999
0.528	0.324	0.817	-0.101	-0.3909999999999999
1.383	1.0	-0.068	-0.221	1.2595
0.029	0.282	0.587	0.378	-0.4315
0.773	0.19	0.142	0.267	0.3395
0.613	-0.185	-1.427	-0.448	1.641
0.925	0.741	0.339	0.852	0.49399999999999994
0.759	0.638	0.595	0.465	0.10350000000000004
1.014	0.567	0.905	-0.267	-0.11450000000000005
0.959	0.225	0.474	0.534	0.118
0.766	0.028	0.868	0.611	-0.471
0.403	0.759	0.867	-0.073	-0.28600000000000003
0.768	0.849	0.676	0.916	0.13249999999999995
0.531	0.424	0.645	0.431	-0.16749999999999998
0.845	0.329	-0.453	0.004	1.04
0.803	0.417	-0.778	-0.04	1.388
0.791	-0.033	-0.848	-0.052	1.2269999999999999
1.086	0.236	0.344	-0.676	0.31700000000000006
1.147	0.7	0.816	1.006	0.10750000000000004
0.694	0.847	-0.097	-0.179	0.8674999999999999
0.813	0.528	0.56	0.377	0.11049999999999993
1.218	1.232	1.361	0.69	-0.1359999999999999
0.373	0.019	0.496	0.017	-0.3
0.492	0.05	-0.07	0.633	0.341
0.742	0.481	0.405	0.255	0.2064999999999999
0.852	-0.068	-0.44	0.956	0.8320000000000001
0.739	0.202	0.369	0.187	0.10150000000000003
0.491	-0.033	-0.282	-0.865	0.5109999999999999
0.52	-0.364	-0.255	0.421	0.333
0.786	1.123	1.189	-0.231	-0.23450000000000004
0.067	-0.147	-0.39	-0.045	0.35000000000000003
1.492	0.711	-0.125	0.472	1.2265
1.007	0.771	-0.276	-0.204	1.165
0.83	0.683	0.079	0.036	0.6775
1.246	0.677	0.917	0.677	0.044499999999999984
0.303	-0.183	-0.642	0.091	0.702
0.855	0.451	-0.053	-0.345	0.7060000000000001
1.106	0.972	0.309	0.671	0.7300000000000002
0.921	0.441	-0.316	-1.16	0.9970000000000001
1.698	1.409	-0.01	-0.885	1.5635000000000001
-0.024	-0.493	-0.518	-0.175	0.2595
1.067	0.764	0.748	-0.114	0.16749999999999998
1.527	0.989	0.73	0.203	0.528
0.871	-0.147	-1.355	0.199	1.717
0.734	0.045	0.071	0.35	0.3185
1.466	0.672	-0.14	0.552	1.209
1.063	0.597	0.259	0.231	0.571
0.502	0.426	0.326	-0.515	0.13799999999999996
0.238	0.059	-0.162	1.001	0.3105
0.826	0.721	0.361	0.171	0.4125
0.741	-0.124	-0.323	0.076	0.6315
0.843	0.159	-0.257	0.006	0.758
0.325	0.221	0.166	0.112	0.10700000000000001
0.528	0.347	0.086	0.687	0.35150000000000003
1.185	0.976	0.546	0.659	0.5345
0.741	0.304	0.045	0.46	0.4775
0.714	0.367	-0.203	-0.105	0.7435
0.561	-0.333	-0.179	0.474	0.29300000000000004
0.51	0.725	0.726	-0.096	-0.10850000000000004
1.356	1.163	0.69	0.05	0.5695000000000001
0.505	0.294	0.487	0.021	-0.08750000000000002
1.031	0.825	0.172	-0.338	0.756
0.987	-0.069	-0.608	-0.696	1.067
1.036	0.476	0.044	0.423	0.712
0.371	-0.47	-0.743	0.559	0.6935
0.94	0.077	-0.143	-0.569	0.6515
0.543	0.539	0.741	-0.771	-0.19999999999999996
0.763	0.445	0.572	0.605	0.03200000000000003
1.102	1.027	-0.498	-0.492	1.5625
0.848	0.942	0.837	-0.371	0.05800000000000005
1.193	0.861	-0.332	-0.383	1.3590000000000002
0.938	0.914	0.86	1.111	0.06599999999999995
1.101	0.918	0.497	-0.748	0.5125000000000001
0.054	0.229	-0.253	0.385	0.3945
0.073	0.217	0.905	0.466	-0.76
0.686	-0.024	0.636	0.593	-0.305
0.521	0.587	0.817	0.689	-0.2629999999999999
0.943	0.345	-0.351	-0.168	0.9949999999999999
0.673	0.493	0.003	-0.518	0.58
0.982	0.608	0.432	-0.555	0.36299999999999993
0.124	-0.487	0.117	0.386	-0.2985
0.683	0.469	0.519	-0.032	0.05700000000000005
0.696	-0.233	0.652	0.802	-0.42050000000000004
1.074	0.933	0.592	0.148	0.4115000000000001
0.792	0.376	-0.182	-0.068	0.766
1.002	0.299	0.413	0.669	0.2375
1.459	0.757	0.469	0.003	0.6390000000000001
1.444	0.911	0.153	-0.128	1.0245
1.541	0.875	-0.458	-0.521	1.666
1.347	0.728	-0.028	0.044	1.0655000000000001
0.906	0.381	0.05	-0.184	0.5934999999999999
1.193	1.046	0.906	0.262	0.2134999999999999
0.74	0.335	-0.335	0.011	0.8725
1.39	1.155	0.74	0.125	0.5325
0.837	0.809	-0.008	1.101	0.831
1.45	0.81	-0.419	-0.967	1.549
1.429	0.851	0.148	0.242	0.9920000000000001
0.966	0.494	0.316	0.227	0.414
0.791	0.248	-0.107	0.574	0.6265000000000001
0.467	0.294	-0.571	-0.198	0.9515
0.499	-0.406	-0.665	-0.143	0.7115
1.419	1.188	0.378	0.274	0.9255000000000001
1.369	1.338	1.048	0.931	0.3054999999999999
1.197	0.902	1.18	1.143	-0.13049999999999984
1.008	0.856	0.318	0.731	0.6139999999999999
0.753	0.575	0.482	0.443	0.18199999999999994
0.476	-0.086	0.112	0.97	0.083
1.177	0.797	0.412	-0.274	0.5750000000000002
1.124	0.739	-0.086	0.081	1.0175
0.946	0.299	0.139	0.603	0.48349999999999993
0.845	0.385	0.647	-0.414	-0.03200000000000003
0.58	-0.463	-0.132	0.4	0.19049999999999997
0.865	0.691	0.962	-0.798	-0.18399999999999994
1.151	0.851	0.248	0.395	0.7529999999999999
0.723	0.8	0.867	0.504	-0.10549999999999993
0.818	0.171	-0.121	0.182	0.6154999999999999
0.702	0.439	0.374	0.473	0.1965
0.406	0.34	0.311	-1.605	0.062
0.7	0.277	0.652	-0.222	-0.16350000000000003
0.983	1.158	1.374	0.967	-0.3035000000000001
1.091	0.608	-0.146	0.296	0.9954999999999999
0.347	-0.265	-0.412	-0.489	0.45299999999999996
0.646	0.281	-0.72	0.494	1.1835
1.661	0.835	0.202	0.687	1.046
0.528	0.337	0.473	0.903	-0.04049999999999998
0.611	0.512	0.427	0.399	0.1345
0.468	0.666	0.545	0.389	0.02200000000000002
0.244	-0.165	-0.595	0.008	0.6345
1.283	0.122	-0.875	0.381	1.5775
0.326	-0.222	-0.627	-0.332	0.679
1.108	0.234	0.194	-0.18	0.47700000000000004
1.056	0.763	-0.025	-0.512	0.9345
1.212	1.107	0.465	0.261	0.6944999999999999
1.033	1.105	0.863	0.076	0.20599999999999996
0.766	0.904	0.305	-0.498	0.53
1.023	0.832	0.778	0.223	0.14949999999999997
1.035	0.703	0.58	-0.199	0.28900000000000003
0.515	0.177	-0.226	-0.408	0.572
0.743	0.288	-0.178	0.338	0.6935
1.086	0.983	0.88	-0.532	0.15449999999999997
0.651	0.762	1.115	0.939	-0.4085
1.109	1.103	0.201	0.603	0.9049999999999998
0.581	-0.18	0.305	0.654	-0.10450000000000001
1.028	0.961	0.457	0.599	0.5374999999999999
0.475	0.041	0.638	0.996	-0.38
0.879	0.477	0.527	0.677	0.1509999999999999
0.105	-0.065	-0.205	-0.511	0.22499999999999998
0.116	-0.185	-0.747	-0.138	0.7125
1.232	0.814	0.051	0.459	0.9719999999999999
0.541	0.235	-0.842	0.439	1.23
0.759	0.824	0.792	0.641	-0.000500000000000056
0.8	-0.313	0.072	-0.444	0.17150000000000004
1.248	0.858	0.478	0.413	0.575
0.555	0.613	0.814	1.225	-0.22999999999999987
0.268	-0.143	0.245	0.43	-0.1825
1.061	0.4	-0.07	-0.609	0.8005
0.766	0.463	0.741	0.817	-0.12649999999999995
0.833	0.809	0.684	0.834	0.1369999999999999
1.019	0.817	0.692	0.741	0.22599999999999998
0.577	0.352	0.052	-0.736	0.4125
0.62	0.089	-0.218	0.417	0.5725
0.561	0.091	0.59	0.186	-0.26399999999999996
0.939	0.521	0.233	-0.283	0.497
1.041	0.622	-0.355	-0.853	1.1864999999999999
1.62	1.151	0.648	0.637	0.7374999999999999
0.789	0.365	0.257	-0.665	0.31999999999999995
0.719	0.441	0.646	-0.03	-0.06600000000000006
0.616	-0.041	0.071	0.882	0.21649999999999997
0.563	0.703	0.877	0.477	-0.244
1.075	0.434	0.243	0.704	0.5115
-0.077	-0.058	-0.46	0.145	0.3925
-0.043	-0.364	0.317	0.081	-0.5205
0.016	-0.245	-0.248	0.9	0.1335
-0.002	-0.527	0.275	0.834	-0.5395000000000001
0.564	0.584	0.655	-0.376	-0.08100000000000007
1.041	0.612	0.382	0.367	0.4445
0.502	0.285	-0.009	0.181	0.40249999999999997
1.162	1.28	1.343	0.148	-0.12199999999999989
0.486	-0.312	-0.217	0.765	0.304
0.847	1.073	0.357	-0.425	0.603
1.461	1.708	0.957	-0.283	0.6275000000000001
0.906	0.616	1.296	1.12	-0.535
0.712	0.0	-0.557	0.717	0.913
0.751	0.532	0.717	0.001	-0.07550000000000001
0.979	0.827	-0.156	-0.328	1.059
1.226	1.057	0.508	-0.831	0.6335
1.064	1.097	-0.409	-0.06	1.4895
0.347	0.177	1.235	1.006	-0.9730000000000001
1.106	0.656	0.049	0.625	0.832
0.714	0.675	-0.142	0.003	0.8365
0.737	0.58	0.579	0.698	0.07950000000000002
0.516	-0.202	-0.081	0.084	0.238
0.984	0.577	0.533	0.651	0.24749999999999994
1.118	-0.203	-0.347	0.604	0.8045
0.64	0.942	0.918	0.036	-0.1270000000000001
0.837	-0.156	-0.759	-0.296	1.0995
1.252	0.962	0.594	0.392	0.513
0.897	1.24	1.198	1.054	-0.12949999999999995
0.244	-0.083	-0.229	0.176	0.3095
1.531	1.436	0.428	-0.046	1.0554999999999999
0.57	0.278	-0.18	-0.076	0.604
0.771	0.805	0.569	0.067	0.21900000000000008
1.277	1.471	0.563	0.782	0.8110000000000002
0.839	0.945	0.388	1.012	0.5039999999999999
0.956	0.427	0.622	-0.298	0.0695
0.867	1.088	0.964	0.623	0.013500000000000068
0.245	0.419	0.239	-0.306	0.09299999999999997
0.965	0.399	0.35	-0.195	0.33199999999999996
0.562	0.167	-0.252	1.014	0.6165
1.755	1.215	0.067	-0.826	1.418
0.024	-0.104	0.577	1.378	-0.617
0.873	0.241	-0.657	-1.149	1.214
0.57	0.396	0.612	0.657	-0.129
0.802	0.741	-0.538	-0.345	1.3095
0.777	-0.115	-0.452	0.113	0.783
0.708	0.357	-0.752	-0.107	1.2845
1.42	1.329	0.543	0.132	0.8314999999999998
0.376	-0.206	0.733	0.811	-0.648
0.941	0.529	-0.377	0.034	1.112
0.738	0.831	0.865	-0.418	-0.08050000000000002
0.263	0.098	0.656	-0.14	-0.47550000000000003
0.987	0.553	0.477	-0.112	0.29300000000000004
0.6	0.519	0.01	0.178	0.5495
0.903	1.035	0.456	0.104	0.5129999999999999
1.751	1.475	0.856	0.44	0.757
0.689	0.486	1.605	0.979	-1.0175
1.551	1.228	0.161	-0.091	1.2285
0.675	0.522	0.091	-0.386	0.5075000000000001
1.416	1.165	0.612	0.566	0.6785
0.435	0.386	0.358	0.935	0.05249999999999999
0.638	0.595	0.433	-0.666	0.18350000000000005
1.083	1.012	0.769	1.094	0.27849999999999986
0.839	0.5	0.484	-0.073	0.1855
0.582	0.032	0.577	0.689	-0.26999999999999996
0.992	0.484	0.364	0.639	0.374
0.757	0.467	0.408	-0.004	0.20400000000000001
0.325	-0.238	-0.129	0.726	0.17250000000000001
0.726	0.117	-0.281	0.374	0.7025
1.446	0.846	-0.211	-0.277	1.357
1.192	0.335	0.258	0.293	0.5055
1.044	0.877	0.235	0.658	0.7255
0.883	0.472	-0.44	-0.054	1.1175
0.431	0.053	-0.952	-0.871	1.194
0.022	0.212	0.596	0.915	-0.479
0.666	0.372	0.415	-0.114	0.10400000000000004
0.675	0.111	0.152	0.601	0.24100000000000002
1.215	0.82	0.694	0.349	0.3235000000000001
1.263	0.747	0.372	-0.57	0.6329999999999999
0.652	0.61	0.327	0.509	0.304
0.879	0.819	1.059	0.688	-0.20999999999999996
0.508	0.487	0.37	0.611	0.1275
1.641	1.026	-0.048	0.091	1.3815
0.567	0.103	0.353	0.001	-0.018000000000000016
0.55	0.149	0.415	0.515	-0.06549999999999995
0.659	0.523	-0.646	-0.55	1.237
0.734	0.367	0.58	-0.377	-0.02949999999999997
1.401	1.403	1.162	0.541	0.2400000000000002
1.359	1.226	0.452	0.989	0.8405
1.269	1.082	-0.628	-0.334	1.8035
0.859	0.513	0.102	-0.305	0.584
0.611	0.486	0.459	0.731	0.08949999999999997
1.345	1.268	0.859	0.323	0.4475
0.947	0.346	0.654	-0.951	-0.007500000000000062
1.08	-0.228	0.13	0.225	0.29600000000000004
1.272	0.774	0.279	-0.636	0.7440000000000001
1.578	1.152	0.206	0.296	1.159
0.801	0.742	0.002	-1.03	0.7695000000000001
0.912	0.052	-0.92	-0.525	1.4020000000000001
1.064	0.977	0.969	0.666	0.05149999999999999
1.099	0.814	0.378	-1.041	0.5784999999999999
1.311	1.004	0.13	0.087	1.0274999999999999
0.643	0.701	0.365	0.173	0.30699999999999994
1.15	0.572	-0.247	-0.235	1.108
0.732	1.182	0.098	-0.673	0.859
1.527	0.956	-0.184	0.051	1.4254999999999998
1.207	1.649	1.184	1.064	0.244
0.803	0.204	-0.435	0.207	0.9385000000000001
0.828	0.142	0.624	0.705	-0.139
1.286	1.198	0.688	0.137	0.554
0.105	-0.332	-0.309	0.321	0.19549999999999998
0.881	0.389	0.302	0.615	0.333
0.877	0.294	0.016	-0.006	0.5695
1.457	0.344	-0.524	-0.463	1.4245
0.612	0.532	0.553	0.045	0.019000000000000017
-0.353	-0.904	0.335	0.745	-0.9635
1.319	1.388	1.435	0.495	-0.08150000000000013
0.809	0.653	-0.389	0.206	1.12
0.594	0.752	-0.875	-0.858	1.548
0.23	0.592	0.226	-0.274	0.18499999999999997
1.406	0.813	-0.06	0.274	1.1695
1.246	0.634	-0.213	0.779	1.153
0.976	1.01	0.041	0.034	0.952
0.688	0.424	-0.363	0.172	0.9189999999999999
0.531	0.531	0.127	-0.058	0.404
1.192	0.913	-0.137	0.171	1.1895
1.071	0.905	-0.055	-0.557	1.043
0.165	0.011	-0.154	0.268	0.242
0.367	0.343	-0.484	-0.918	0.839
0.439	-0.032	-0.58	-0.796	0.7835
1.127	0.733	-0.059	-0.519	0.9889999999999999
0.564	0.149	0.038	0.683	0.3185
0.517	0.194	0.508	0.63	-0.15249999999999997
0.98	0.683	-1.191	-1.012	2.0225
0.61	-0.636	-1.077	-0.103	1.064
0.869	0.794	0.025	-0.163	0.8065
0.855	0.786	0.533	0.136	0.2875
0.355	0.018	0.013	0.028	0.1735
1.032	0.419	0.534	0.187	0.1915
1.132	0.88	0.585	-0.435	0.42100000000000004
1.782	1.141	0.018	0.535	1.4435
0.806	0.66	0.592	0.806	0.14100000000000013
0.808	-0.105	-0.41	0.505	0.7615000000000001
0.724	0.332	0.704	0.086	-0.17599999999999993
0.839	0.769	1.273	0.419	-0.46899999999999986
0.86	1.061	0.47	0.103	0.49049999999999994
0.989	1.301	0.617	0.172	0.528
0.64	0.568	0.088	0.842	0.516
1.527	1.003	0.352	0.474	0.9129999999999999
0.705	0.489	0.609	1.334	-0.01200000000000001
1.194	0.788	0.767	0.711	0.22399999999999998
1.784	1.511	0.172	-0.712	1.4755
1.011	0.828	1.082	0.611	-0.1625000000000001
0.499	0.616	-0.385	-0.369	0.9425
0.664	0.574	0.41	0.057	0.20900000000000002
0.467	0.331	0.43	0.967	-0.030999999999999972
0.315	0.248	0.007	-0.659	0.27449999999999997
0.551	0.358	0.107	-0.407	0.34750000000000003
1.392	0.981	0.253	-0.527	0.9334999999999999
0.884	0.722	-0.042	1.234	0.845
1.167	0.625	-0.85	0.165	1.746
1.053	0.512	-0.338	-0.291	1.1205
0.82	0.101	-0.254	-0.409	0.7144999999999999
0.685	0.39	-0.224	-0.518	0.7615000000000001
0.94	0.542	0.754	-0.131	-0.013000000000000012
1.12	0.78	0.661	0.215	0.28900000000000003
0.627	-0.06	-0.322	-0.263	0.6054999999999999
0.59	0.574	-0.452	-0.267	1.034
0.995	0.786	1.14	0.848	-0.24949999999999983
1.026	0.76	0.092	0.331	0.801
0.82	0.246	-0.993	0.036	1.5259999999999998
0.718	0.306	0.086	-0.059	0.42600000000000005
0.946	1.124	0.56	0.028	0.4750000000000001
0.142	-1.011	-0.417	0.102	-0.01749999999999996
1.662	1.176	0.478	-0.267	0.9410000000000001
1.135	0.315	-0.538	0.275	1.263
1.033	0.936	0.402	-0.418	0.5824999999999999
1.331	0.56	0.35	-0.485	0.5955
1.058	0.979	-0.259	-0.502	1.2774999999999999
1.644	0.674	0.128	0.174	1.0310000000000001
1.186	0.732	0.076	-0.248	0.883
0.954	0.659	0.103	0.418	0.7035
1.475	0.975	0.066	0.554	1.159
1.377	0.709	-0.241	-0.229	1.2839999999999998
1.099	0.512	-0.762	-0.735	1.5675
1.073	1.035	0.582	0.635	0.47199999999999986
0.649	0.394	-0.037	0.232	0.5585000000000001
1.316	0.605	-0.308	0.455	1.2685
0.718	0.575	0.322	0.223	0.32449999999999996
0.251	-0.203	-0.523	0.351	0.547
0.809	0.383	-0.15	0.483	0.7460000000000001
1.141	0.608	0.348	0.759	0.5265000000000001
1.25	0.546	-1.052	-0.056	1.9500000000000002
1.232	0.325	0.384	0.188	0.39449999999999996
1.128	0.655	0.035	0.056	0.8564999999999999
0.787	0.189	-0.204	-0.458	0.692
0.72	0.748	0.622	-0.537	0.11199999999999999
0.742	0.784	0.359	0.489	0.404
1.364	0.963	0.026	0.041	1.1375
0.515	0.569	0.694	-0.679	-0.1519999999999999
0.775	-0.14	-0.441	-0.034	0.7585
1.324	0.609	0.406	0.116	0.5605
1.477	1.199	0.283	0.018	1.0550000000000002
1.139	0.822	1.112	-0.169	-0.13150000000000017
0.791	-0.126	-0.069	0.691	0.4015
0.035	-0.113	0.734	-0.019	-0.773
0.65	0.345	0.163	-0.114	0.3345
0.419	0.163	-0.461	0.663	0.752
1.29	0.928	0.33	-0.213	0.7789999999999999
0.878	0.886	1.097	0.638	-0.21499999999999997
0.762	0.299	0.475	0.099	0.055499999999999994
0.34	-0.331	-0.718	-1.54	0.7224999999999999
0.894	0.424	0.125	-1.019	0.534
1.079	-0.197	-0.635	-0.281	1.076
0.91	0.768	0.352	0.366	0.487
0.69	0.138	-0.132	0.106	0.546
0.842	0.676	0.19	0.207	0.569
1.313	1.091	1.337	-0.547	-0.135
0.838	0.292	-0.308	0.927	0.873
0.81	0.744	0.311	-0.323	0.466
1.211	0.947	0.142	0.445	0.9369999999999999
1.06	0.252	-0.412	-0.827	1.068
1.118	0.98	0.999	0.262	0.04999999999999993
0.279	0.489	0.69	-0.301	-0.30599999999999994
1.271	0.62	-0.113	-0.756	1.0585
1.019	0.648	-0.408	-0.924	1.2414999999999998
0.389	0.296	0.573	0.873	-0.23049999999999993
0.936	0.258	-0.012	-0.241	0.609
0.998	0.53	1.4	0.655	-0.6359999999999999
0.647	0.267	-0.008	-0.166	0.465
1.046	0.817	0.306	0.931	0.6255
1.262	1.143	0.149	-0.629	1.0535
2.083	1.303	-0.05	-0.787	1.743
1.213	0.554	0.783	0.382	0.10050000000000003
0.957	1.427	0.42	0.675	0.772
0.832	1.028	0.816	1.158	0.11399999999999999
1.527	1.375	0.544	0.124	0.907
1.169	0.761	-0.345	-0.306	1.31
0.854	0.735	0.497	-0.42	0.2975
0.508	0.22	0.371	0.065	-0.007000000000000006
0.872	0.57	0.65	0.279	0.07099999999999995
0.694	0.085	-0.779	0.068	1.1684999999999999
1.522	1.13	0.098	0.391	1.228
1.252	0.772	-0.186	0.235	1.198
0.297	0.361	0.352	0.885	-0.02300000000000002
0.796	0.608	0.559	1.012	0.1429999999999999
0.32	-0.075	0.02	0.577	0.1025
0.202	0.344	0.14	-0.302	0.133
1.228	0.865	0.22	-0.257	0.8265
0.611	0.077	0.281	0.964	0.06299999999999994
0.69	0.266	-0.172	-0.547	0.6499999999999999
0.802	0.692	0.476	-0.178	0.271
0.599	1.281	0.593	-0.203	0.347
0.493	0.058	0.14	0.418	0.1355
1.258	0.757	0.659	0.259	0.34850000000000003
1.507	1.253	1.132	0.623	0.248
1.854	1.568	0.912	-0.004	0.799
0.645	0.493	0.508	0.374	0.06099999999999994
0.701	0.296	-0.323	0.298	0.8214999999999999
0.686	0.665	1.021	0.555	-0.3454999999999999
1.421	1.038	0.935	0.815	0.2945
1.149	0.486	-0.222	0.985	1.0395
0.158	-0.25	1.11	0.024	-1.1560000000000001
0.791	0.869	0.136	-0.358	0.6940000000000001
0.273	0.425	0.465	-0.275	-0.11600000000000005
0.871	0.824	0.399	0.206	0.4484999999999999
1.39	0.737	-0.308	0.984	1.3715
0.185	0.538	1.257	0.022	-0.8954999999999999
1.183	1.136	0.86	-0.564	0.2995
0.952	0.52	0.315	1.166	0.421
1.693	1.228	0.406	0.191	1.0545
1.398	0.912	-0.507	-0.971	1.662
0.379	-0.14	-0.932	0.375	1.0515
0.805	0.772	-0.008	0.025	0.7965
0.577	0.385	0.512	0.189	-0.031000000000000028
1.331	0.9	1.067	0.344	0.04849999999999999
0.925	0.217	0.165	-0.264	0.406
1.867	1.247	0.615	-0.427	0.942
0.958	-0.173	-0.501	-0.44	0.8935
1.489	1.063	0.204	0.68	1.072
0.845	0.977	0.334	0.136	0.577
1.115	0.25	-0.279	-0.142	0.9615
0.354	0.393	-0.141	-0.105	0.5145
0.948	0.42	-0.038	0.527	0.722
0.794	0.49	0.397	-0.654	0.245
0.382	-0.169	-0.342	0.077	0.4485
0.741	0.714	1.339	0.366	-0.6114999999999999
0.622	0.516	0.456	0.042	0.11299999999999993
0.138	0.566	0.708	0.645	-0.356
0.284	0.305	0.463	-0.338	-0.16850000000000004
0.541	0.686	0.877	0.181	-0.26349999999999996
0.707	0.564	0.67	0.27	-0.034500000000000086
0.936	0.779	0.522	-0.169	0.3355
0.728	0.401	0.486	-0.01	0.07850000000000001
0.272	0.153	0.321	1.012	-0.10849999999999999
0.501	0.22	-0.152	-0.448	0.5125
1.221	1.057	0.639	-0.182	0.5
0.154	-0.176	-0.445	-0.196	0.434
1.618	0.961	0.0	0.053	1.2895
1.344	0.846	0.689	0.671	0.406
0.931	0.949	0.913	0.552	0.026999999999999913
0.978	0.473	0.121	0.475	0.6045
1.153	0.735	-0.238	-0.235	1.182
0.825	0.899	-0.321	-0.493	1.183
0.44	0.275	-0.291	0.3	0.6485000000000001
0.884	0.385	0.12	0.881	0.5145000000000001
0.734	0.986	1.616	0.299	-0.7560000000000001
1.303	1.218	0.91	-0.098	0.3504999999999999
0.3	0.383	-0.038	0.623	0.3795
0.515	0.198	0.265	0.536	0.09150000000000003
1.521	0.934	-0.044	-0.069	1.2715
1.309	0.984	0.717	0.211	0.4295000000000001
0.655	0.597	0.599	0.136	0.027000000000000024
0.573	0.129	0.304	0.674	0.046999999999999986
0.842	0.728	0.352	0.552	0.43299999999999994
0.407	0.088	0.515	0.988	-0.2675
0.947	0.451	-0.111	0.255	0.8099999999999999
0.435	-0.208	0.424	-0.021	-0.3105
0.836	0.766	0.961	0.404	-0.16000000000000003
1.082	0.549	0.634	0.683	0.1815000000000001
0.364	-0.082	0.198	0.038	-0.05700000000000002
0.056	-0.223	0.199	0.454	-0.28250000000000003
0.89	0.29	0.758	0.281	-0.16800000000000004
0.844	0.509	0.639	0.993	0.03749999999999998
1.082	1.06	0.582	0.127	0.4890000000000002
1.089	0.141	-0.257	-0.317	0.872
0.671	0.377	0.383	0.679	0.14100000000000001
1.065	1.101	1.118	0.446	-0.03500000000000014
1.302	0.827	0.142	0.919	0.9225
0.589	0.276	0.04	1.038	0.3925
0.762	0.575	0.424	0.21	0.2445
0.344	-0.012	-0.082	-0.444	0.248
1.091	0.025	-0.936	-0.339	1.494
0.872	0.48	-0.247	0.195	0.9229999999999999
1.058	0.834	0.599	0.299	0.347
1.155	0.435	-0.483	-0.579	1.278
1.138	0.7	0.382	0.041	0.5369999999999999
0.727	0.286	-0.366	0.516	0.8724999999999999
0.707	0.56	0.641	0.332	-0.007500000000000062
1.215	0.83	-0.234	-0.568	1.2565
0.063	0.324	0.643	-0.078	-0.4495
-0.059	0.015	0.532	-0.155	-0.554
0.842	0.543	0.157	-0.356	0.5355
0.673	0.883	0.492	0.846	0.28600000000000003
1.106	0.569	0.29	0.47	0.5475000000000001
0.094	-0.532	-0.574	0.316	0.3549999999999999
0.74	0.301	-0.596	-1.055	1.1164999999999998
0.551	0.41	0.787	1.067	-0.3065
0.824	0.732	0.84	0.161	-0.061999999999999944
1.552	1.224	1.046	-0.12	0.34199999999999986
1.083	0.681	0.864	0.228	0.018000000000000016
0.879	0.732	0.525	0.834	0.28049999999999997
0.424	0.146	-0.06	0.31	0.345
0.759	0.894	0.4	-0.336	0.4265
0.329	0.084	0.058	-0.248	0.14850000000000002
0.692	0.567	0.667	-0.267	-0.03750000000000009
0.718	0.662	0.205	-0.234	0.485
0.834	0.915	0.878	1.218	-0.0034999999999999476
1.121	0.961	0.865	0.72	0.17599999999999993
0.659	0.396	0.379	0.621	0.14850000000000008
0.54	0.541	0.251	-0.459	0.2895
1.648	1.199	0.463	-0.006	0.9604999999999999
0.386	0.578	0.159	-0.269	0.32299999999999995
1.111	1.127	-0.185	-0.678	1.304
0.654	0.793	0.788	0.86	-0.0645
0.282	0.029	0.593	0.565	-0.4375
0.575	-0.045	0.35	0.715	-0.08500000000000002
0.8	1.13	0.611	-0.654	0.354
0.934	0.464	0.627	-1.285	0.07200000000000006
0.777	0.542	0.249	-0.446	0.4105
0.255	0.544	-0.012	-0.062	0.41150000000000003
0.925	0.458	0.133	-0.473	0.5585
1.141	0.759	0.755	0.456	0.19499999999999995
0.699	0.204	-0.139	-0.045	0.5905
1.029	0.489	0.13	0.094	0.6289999999999999
0.242	0.065	0.294	-0.009	-0.14049999999999999
0.287	-0.24	-0.461	0.356	0.48450000000000004
1.164	0.973	0.956	0.209	0.11250000000000004
0.418	0.468	0.554	-0.653	-0.11100000000000004
1.196	1.245	0.466	-0.24	0.7545
0.893	0.224	-1.412	-0.665	1.9705
1.214	0.865	0.674	0.022	0.3654999999999998
0.983	0.071	0.129	0.511	0.398
0.476	0.176	0.533	0.122	-0.20700000000000007
1.08	0.718	0.139	-0.605	0.76
1.451	1.683	0.577	-0.045	0.9900000000000002
0.982	0.381	0.198	-0.38	0.4835
0.615	0.563	0.435	0.546	0.15399999999999997
0.387	0.092	0.121	0.113	0.1185
1.326	0.208	-0.66	-1.382	1.427
0.941	0.674	0.354	0.255	0.4535
1.368	0.707	-0.293	-0.719	1.3305
0.773	1.001	0.334	0.885	0.5529999999999999
1.411	0.949	0.411	-0.207	0.7689999999999999
1.509	0.9	0.42	-0.183	0.7845
1.347	0.917	0.517	0.148	0.6150000000000001
0.166	-0.083	-0.387	-0.757	0.4285
0.916	0.223	0.155	-0.43	0.4145
0.621	0.943	0.924	-0.098	-0.14200000000000002
0.842	0.489	-0.168	-0.12	0.8335
1.36	0.871	0.877	1.122	0.23849999999999993
0.49	0.094	-0.15	0.146	0.44199999999999995
1.159	0.884	0.054	-0.164	0.9675
1.242	0.78	1.056	0.874	-0.04499999999999993
0.228	0.139	-0.433	-0.122	0.6165
0.909	1.071	0.793	-0.271	0.19699999999999995
0.753	-0.021	-0.412	0.136	0.778
0.954	0.584	-0.436	-0.783	1.2049999999999998
0.262	0.307	0.249	0.258	0.035499999999999976
0.654	0.305	-0.338	-0.191	0.8175000000000001
0.779	-0.117	-0.666	0.097	0.9970000000000001
0.683	-0.15	0.409	0.185	-0.14249999999999996
0.637	-0.459	-0.641	-0.221	0.73
0.116	0.423	0.045	-0.255	0.22450000000000003
1.501	1.351	0.785	0.4	0.6409999999999999
1.45	0.94	0.16	-0.054	1.035
0.864	0.378	0.373	1.205	0.248
0.998	0.367	0.521	0.772	0.16149999999999998
0.434	0.56	0.308	-0.392	0.189
0.45	-0.064	-0.311	-0.881	0.504
1.618	0.695	0.026	-0.223	1.1305
0.968	0.878	0.356	0.422	0.5670000000000001
1.014	1.022	0.245	-0.15	0.773
0.792	0.551	0.571	0.621	0.10050000000000003
0.468	0.721	0.891	0.486	-0.2965
0.962	0.924	0.489	-0.246	0.45400000000000007
1.213	0.246	-0.285	0.218	1.0145
1.275	0.606	0.214	0.043	0.7264999999999999
1.086	0.624	0.033	-0.057	0.822
0.769	0.393	-0.749	-0.089	1.33
0.751	0.844	0.089	0.597	0.7085
0.878	0.232	0.326	-0.77	0.22900000000000004
1.003	0.393	0.372	0.656	0.32599999999999996
0.665	0.599	0.466	0.904	0.16599999999999998
1.048	0.603	0.539	-0.089	0.2865
0.808	0.541	0.787	-0.239	-0.11249999999999993
1.13	0.953	1.088	0.766	-0.04650000000000021
1.468	0.864	-0.105	-1.061	1.271
0.707	-0.314	-1.226	-0.03	1.4224999999999999
0.335	-0.41	-0.238	0.308	0.2005
1.249	0.889	0.497	-0.512	0.572
0.222	0.476	0.433	0.079	-0.08400000000000002
1.227	0.562	0.314	0.081	0.5805
0.832	0.37	0.54	0.85	0.06099999999999994
0.691	0.591	0.667	0.618	-0.026000000000000023
1.31	0.683	0.266	-0.502	0.7305
1.545	0.551	-0.038	0.276	1.086
0.688	0.672	0.445	0.578	0.23499999999999993
0.009	-0.146	-0.508	-0.523	0.4395
0.67	0.662	0.726	0.588	-0.05999999999999994
0.992	0.453	0.106	0.612	0.6165
0.822	0.669	0.628	0.214	0.11750000000000005
0.631	0.102	0.178	0.582	0.1885
1.372	0.768	0.869	0.491	0.20100000000000007
0.759	0.5	-0.187	0.563	0.8165
0.583	0.329	0.291	0.184	0.16499999999999998
0.89	0.571	0.403	0.118	0.3274999999999999
1.071	0.374	-0.302	-0.602	1.0245
0.545	0.744	0.056	0.189	0.5885
0.83	0.077	0.26	-0.551	0.19349999999999995
0.909	0.271	-0.489	-0.149	1.0790000000000002
1.247	0.329	0.059	0.084	0.7290000000000001
1.408	0.596	-0.215	-0.102	1.217
0.767	0.295	0.434	0.795	0.09700000000000003
0.53	0.449	0.545	-0.135	-0.055499999999999994
1.108	0.835	0.684	0.597	0.2875
0.489	-0.214	0.364	-0.311	-0.22649999999999998
0.705	0.386	0.137	0.729	0.4085
0.976	0.98	0.987	0.19	-0.009000000000000008
0.993	1.214	0.198	1.194	0.9055
0.752	0.248	-0.278	-0.41	0.778
0.704	0.418	-0.666	0.528	1.2269999999999999
0.515	-0.124	0.397	0.072	-0.2015
0.508	0.243	0.509	0.222	-0.1335
0.663	0.579	-0.288	0.083	0.909
0.46	0.535	0.1	0.004	0.3975000000000001
0.654	0.72	-0.147	-0.392	0.8340000000000001
0.524	0.112	0.504	-0.178	-0.186
0.577	-0.144	-0.166	-0.308	0.38249999999999995
1.017	0.417	-0.322	-0.384	1.039
1.242	0.928	-0.001	-0.286	1.0859999999999999
1.054	0.595	0.494	0.97	0.3305
0.827	-0.275	-1.244	-1.281	1.52
1.214	0.735	0.003	-0.024	0.9714999999999999
0.852	-0.231	-1.267	-0.153	1.5775
0.96	-0.062	-0.504	0.302	0.953
0.835	0.71	0.655	0.725	0.11749999999999994
0.324	0.469	0.773	0.851	-0.37650000000000006
1.031	1.147	0.499	0.153	0.59
0.418	0.265	-0.284	0.824	0.6255
1.257	0.624	0.9	0.238	0.04049999999999987
1.133	0.865	0.646	1.378	0.353
0.976	0.806	0.63	0.854	0.261
0.624	0.489	0.422	-0.837	0.1345
0.673	-0.356	-1.166	-0.43	1.3245
0.916	0.442	-0.036	0.137	0.7150000000000001
1.47	0.61	0.057	0.049	0.983
0.942	0.427	-0.216	0.396	0.9005
1.042	0.968	0.515	0.166	0.4899999999999999
0.927	0.827	0.781	0.871	0.09599999999999997
1.014	0.359	-0.846	-0.946	1.5325
0.124	0.206	-0.031	0.04	0.19599999999999998
1.04	0.648	0.291	0.656	0.5530000000000002
0.432	0.482	0.402	0.14	0.05499999999999994
0.363	-0.709	-0.051	-0.084	-0.122
0.953	0.551	-0.13	-0.769	0.882
0.855	0.774	0.624	0.364	0.1905
1.011	1.014	0.624	0.332	0.38849999999999996
0.836	0.39	0.198	-0.155	0.415
1.158	0.837	0.46	-0.38	0.5374999999999999
0.45	-0.101	0.251	0.148	-0.07650000000000001
1.032	0.841	0.034	-0.176	0.9025
1.014	0.051	-0.511	0.19	1.0434999999999999
0.919	0.375	-0.325	0.752	0.972
1.086	0.138	0.127	-0.951	0.4850000000000001
0.889	0.962	0.076	-0.441	0.8495
1.438	0.871	0.501	-0.264	0.6535000000000001
0.571	0.723	0.414	-0.446	0.23300000000000004
0.675	0.351	0.66	0.376	-0.14700000000000002
0.567	0.495	0.102	-0.081	0.42899999999999994
0.589	0.533	-0.104	0.428	0.6649999999999999
0.966	0.914	0.077	0.755	0.863
0.885	0.71	0.836	-0.42	-0.03849999999999998
1.277	0.884	0.351	-0.298	0.7295
0.97	0.869	0.702	0.34	0.21750000000000003
1.03	0.85	0.873	0.646	0.06699999999999995
1.203	0.816	0.579	0.103	0.4305000000000001
0.814	0.682	0.302	0.141	0.446
0.943	1.112	0.782	-0.528	0.24550000000000005
0.758	0.762	0.654	1.139	0.10599999999999998
1.055	0.906	1.484	0.258	-0.5035000000000001
1.259	0.519	-0.203	-0.197	1.092
-0.081	-0.084	0.467	0.65	-0.5495
1.199	0.331	0.152	0.194	0.613
0.419	0.156	0.795	0.775	-0.5075000000000001
0.992	0.787	0.119	-0.257	0.7705
0.798	0.545	0.218	0.025	0.4535
1.001	0.712	0.185	1.226	0.6715
1.369	0.714	0.835	0.751	0.20650000000000013
0.818	0.162	-0.483	-0.265	0.973
1.001	0.651	-0.467	-0.413	1.293
1.039	0.635	-0.102	-0.125	0.939
1.443	0.636	-0.807	-0.319	1.8465000000000003
0.741	0.792	0.87	0.317	-0.10350000000000004
0.716	0.427	-0.292	-0.101	0.8634999999999999
1.227	1.105	0.703	0.633	0.46299999999999997
0.424	0.333	0.781	0.546	-0.4025
1.263	0.887	0.862	0.645	0.21299999999999997
0.618	0.25	0.179	0.098	0.255
0.951	1.078	0.803	0.87	0.2114999999999999
0.718	0.386	0.602	0.587	-0.04999999999999993
1.475	1.206	0.329	-0.187	1.0115
1.103	1.0	0.008	-0.712	1.0434999999999999
0.745	0.845	0.545	0.577	0.2499999999999999
1.249	1.3	0.522	0.219	0.7525000000000002
1.068	0.985	0.152	0.61	0.8744999999999999
-0.247	-0.413	-0.061	-0.038	-0.26899999999999996
1.32	1.016	0.712	0.731	0.4560000000000002
1.013	0.817	0.296	0.457	0.619
0.943	0.55	0.934	0.517	-0.1875000000000001
0.691	0.264	-0.26	0.557	0.7375
0.774	-0.158	-1.011	0.4	1.319
0.714	0.035	-0.973	-0.848	1.3475
0.603	0.743	0.833	-0.444	-0.15999999999999992
0.514	0.361	0.11	-0.536	0.3275
0.766	0.515	0.517	0.137	0.12350000000000005
-0.477	-0.376	-0.612	-0.16	0.1855
1.641	1.159	-0.599	-0.513	1.9989999999999999
1.221	0.71	0.398	-1.051	0.5675
0.32	-0.135	0.361	0.45	-0.26849999999999996
0.853	0.524	0.67	-0.095	0.01849999999999996
0.63	0.62	0.342	-0.604	0.283
0.448	0.397	0.686	0.351	-0.26350000000000007
0.265	0.173	0.545	-0.874	-0.32600000000000007
1.419	1.021	0.316	0.063	0.9039999999999999
1.073	0.831	0.041	-0.244	0.9109999999999999
0.072	0.292	1.049	0.934	-0.867
0.764	1.181	0.629	-0.019	0.3435
0.892	0.344	0.202	0.571	0.416
1.085	0.434	-0.258	-0.703	1.0175
0.93	0.401	-0.598	0.311	1.2635
0.857	-0.039	0.496	0.461	-0.08700000000000002
0.957	1.125	1.416	0.373	-0.375
0.592	0.293	-0.576	0.826	1.0185
1.262	0.525	-0.402	-0.728	1.2955
0.879	0.177	-0.017	0.109	0.545
1.166	0.304	-0.623	-0.182	1.358
1.328	0.804	0.984	-0.999	0.08200000000000007
1.406	0.989	0.114	-0.099	1.0835
0.59	0.216	-0.165	0.605	0.568
0.42	0.091	-0.165	0.745	0.4205
1.183	0.978	0.617	-0.025	0.4635
0.59	0.612	0.439	0.331	0.16199999999999998
1.306	0.754	-0.217	-0.091	1.247
0.642	0.09	0.17	0.173	0.19599999999999998
1.137	1.154	0.33	-0.066	0.8154999999999999
1.159	0.893	-0.292	-0.805	1.318
1.064	1.089	0.157	-0.468	0.9195
0.505	-0.246	0.796	0.906	-0.6665000000000001
1.745	0.776	0.063	-0.523	1.1975
1.133	0.77	0.895	1.06	0.056499999999999995
0.869	0.286	-0.003	0.838	0.5805
0.68	0.62	-0.473	-0.395	1.123
1.288	0.907	0.755	-0.139	0.34250000000000014
0.956	0.967	1.019	-0.786	-0.057499999999999885
0.943	0.9	0.738	0.161	0.1835
0.365	0.207	0.811	0.765	-0.5250000000000001
0.836	1.0	0.607	0.52	0.31099999999999994
0.534	0.236	0.064	-0.757	0.321
1.516	0.605	-0.745	-0.56	1.8054999999999999
1.291	0.589	0.841	0.88	0.09899999999999998
0.706	0.935	0.262	0.371	0.5585
0.656	-0.091	0.168	0.72	0.11450000000000002
0.765	0.455	0.366	0.79	0.244
0.987	0.938	0.878	0.137	0.08449999999999991
0.843	0.614	-0.262	0.552	0.9904999999999999
0.835	0.542	0.509	-0.863	0.1795
1.227	0.701	0.223	-0.035	0.741
0.512	0.202	0.443	0.905	-0.08600000000000002
0.932	-0.037	-0.133	-0.021	0.5805
1.601	0.918	0.22	-0.291	1.0395
0.359	0.018	-0.151	0.009	0.3395
0.416	0.085	-0.041	-0.258	0.2915
0.541	0.047	0.408	0.778	-0.11399999999999993
1.037	0.544	-0.207	-0.397	0.9974999999999999
0.691	0.254	0.622	-0.166	-0.14950000000000002
1.115	1.2	1.471	0.576	-0.3135000000000001
0.71	0.52	0.308	0.462	0.307
0.757	1.051	0.682	0.251	0.22199999999999986
1.035	0.657	-0.131	-0.421	0.977
0.925	0.59	-0.159	-0.241	0.9165000000000001
0.619	0.139	0.217	0.358	0.162
0.748	0.484	0.39	0.516	0.22599999999999998
0.684	0.343	0.285	-0.36	0.2285000000000001
1.036	0.565	-0.354	0.681	1.1545
0.377	-0.559	0.913	0.107	-1.004
0.653	0.035	0.943	0.868	-0.599
0.989	0.073	-0.353	0.385	0.884
0.874	0.398	0.176	-0.292	0.46
0.21	0.1	0.639	-0.146	-0.484
1.236	0.706	-0.047	0.125	1.018
0.568	0.615	1.185	0.683	-0.5935000000000001
0.913	0.655	1.125	0.32	-0.34099999999999997
0.356	0.374	-0.95	-0.923	1.315
-0.004	0.452	0.375	-0.313	-0.151
0.445	0.574	0.186	-0.334	0.32349999999999995
0.786	0.873	-0.011	0.602	0.8405
1.151	0.459	-0.401	-0.293	1.206
1.526	0.716	0.18	0.109	0.9410000000000001
0.541	-0.077	-0.057	0.074	0.28900000000000003
0.545	0.185	0.364	0.749	0.0010000000000000009
1.435	0.772	-0.415	-0.873	1.5185
0.745	0.36	-0.072	-0.945	0.6244999999999999
0.319	0.098	0.523	0.168	-0.3145
1.7	0.847	0.278	0.325	0.9954999999999998
0.545	0.656	0.547	-0.062	0.05349999999999999
0.808	0.662	0.861	0.494	-0.1259999999999999
1.691	0.728	0.252	0.504	0.9575
0.456	0.356	0.669	1.104	-0.263
1.167	0.731	1.131	0.542	-0.18199999999999994
0.842	0.006	0.334	0.088	0.08999999999999997
0.996	0.667	0.202	-0.633	0.6295
0.605	0.757	0.431	-0.404	0.25000000000000006
0.614	0.314	1.165	0.629	-0.7010000000000001
0.77	0.609	0.375	0.236	0.3145
0.503	-0.039	-0.978	-0.796	1.21
0.768	0.769	0.738	0.502	0.03049999999999997
1.113	0.974	0.076	-0.333	0.9674999999999999
0.612	0.009	-0.845	-0.175	1.1555
0.699	0.06	-0.168	0.531	0.5475
0.58	0.174	0.24	0.904	0.137
0.476	0.548	0.923	0.049	-0.41100000000000003
0.088	0.127	0.26	0.703	-0.15250000000000002
0.787	0.421	-0.166	0.378	0.77
0.358	-0.334	-0.605	-0.672	0.617
0.754	0.102	-0.354	-0.794	0.782
0.5	0.194	0.307	-0.6	0.03999999999999998
-0.026	0.002	-0.262	-0.257	0.25
1.009	0.992	0.704	-0.027	0.2965
0.954	0.63	0.41	0.079	0.38200000000000006
0.188	-0.227	-0.325	0.187	0.3055
0.805	0.937	-0.2	-0.726	1.071
0.288	0.138	0.306	0.306	-0.093
0.6	0.359	0.226	-0.044	0.25349999999999995
1.584	1.068	0.28	0.407	1.046
0.719	0.173	-0.642	-0.455	1.088
1.046	0.767	-0.414	0.522	1.3205
0.759	0.573	0.207	-0.545	0.45899999999999996
1.05	0.637	0.414	0.379	0.42950000000000005
0.176	0.212	-0.059	0.291	0.253
0.698	0.475	-0.15	-0.561	0.7365
0.48	0.712	0.237	-0.549	0.359
1.092	0.459	-0.181	0.417	0.9565000000000001
0.615	0.44	0.789	0.579	-0.26150000000000007
0.801	0.502	0.095	-0.238	0.5565
1.097	0.934	1.218	0.312	-0.2024999999999999
0.131	-0.178	0.016	-0.219	-0.03949999999999999
0.997	1.081	0.66	-0.629	0.3789999999999999
0.77	0.522	0.238	-0.375	0.40800000000000003
0.262	-0.422	-0.635	-0.605	0.555
1.134	1.272	0.594	-0.161	0.6089999999999999
1.027	0.699	0.12	0.061	0.743
0.907	0.479	-0.299	-0.777	0.992
1.228	0.216	-0.236	-0.094	0.958
0.952	0.717	0.716	0.505	0.11850000000000005
0.701	0.777	0.761	0.918	-0.02200000000000002
0.603	0.388	-0.263	0.243	0.7585
0.613	0.824	0.484	0.46	0.23449999999999993
0.722	-0.474	-1.43	0.206	1.5539999999999998
0.566	-0.013	-0.446	-0.319	0.7224999999999999
0.05	-0.677	-1.474	0.181	1.1604999999999999
1.721	1.494	1.008	-0.1	0.5994999999999999
0.448	0.366	1.006	1.482	-0.599
1.198	1.277	0.405	-0.451	0.8324999999999998
0.574	0.673	1.078	1.022	-0.4545000000000001
0.526	0.838	1.111	0.858	-0.42900000000000005
0.634	0.523	0.516	0.713	0.0625
0.089	0.214	0.574	0.519	-0.4225
0.278	-0.113	-0.245	-0.225	0.3275
1.336	0.703	-0.092	0.043	1.1115000000000002
1.024	0.554	0.212	0.484	0.5770000000000001
0.458	0.178	1.068	-0.147	-0.75
1.03	0.531	-0.746	0.148	1.5265
1.196	0.842	0.009	-0.628	1.01
0.757	0.614	0.625	0.143	0.0605
0.263	-0.516	-0.512	0.075	0.3855
0.999	1.022	1.04	-0.27	-0.02950000000000008
0.428	-0.283	-0.45	0.369	0.5225
1.328	0.633	-0.709	-0.117	1.6895
0.899	0.895	0.48	0.383	0.41700000000000004
1.179	1.395	0.293	0.582	0.994
1.245	0.772	-0.197	-0.605	1.2055000000000002
0.36	-0.349	-0.523	0.771	0.5285
1.792	1.244	0.622	-0.185	0.896
0.483	0.04	0.126	0.199	0.1355
1.387	0.776	0.602	-0.107	0.47950000000000015
1.101	0.996	0.14	-0.625	0.9085
0.421	0.316	-0.699	0.535	1.0675
0.244	0.542	0.528	0.03	-0.135
0.748	-0.364	-0.333	-0.28	0.525
0.847	0.133	-0.547	-0.008	1.037
0.72	0.818	-0.028	-0.791	0.7969999999999999
0.926	0.738	0.457	0.196	0.37500000000000006
0.499	0.314	0.536	0.256	-0.12950000000000006
1.423	0.76	0.111	0.327	0.9804999999999999
1.569	0.908	0.858	0.723	0.38049999999999995
0.988	0.24	-0.626	-0.451	1.24
0.036	0.347	0.436	0.718	-0.24450000000000002
0.44	0.566	0.118	-0.184	0.385
0.989	0.749	-0.055	-1.094	0.924
1.537	1.174	0.297	-0.387	1.0585
1.206	0.993	0.132	-0.171	0.9674999999999999
1.119	1.18	0.888	-0.027	0.26149999999999995
1.959	1.289	0.048	-0.638	1.576
0.823	0.409	0.463	0.681	0.15299999999999997
1.821	1.557	0.861	0.13	0.8280000000000001
0.65	0.092	-0.074	-0.516	0.445
0.559	0.475	0.863	0.569	-0.346
0.639	0.572	0.587	-0.197	0.01849999999999996
0.514	0.447	0.424	-0.316	0.05650000000000005
0.982	0.096	-0.54	-0.638	1.0790000000000002
1.548	0.824	-0.056	-0.481	1.242
0.486	-0.056	-0.498	0.237	0.713
1.05	-0.196	-0.804	-0.521	1.231
1.158	1.165	0.559	-0.243	0.6024999999999999
0.918	0.327	-0.138	-0.548	0.7605000000000001
1.249	0.489	-0.374	0.399	1.2429999999999999
1.27	0.994	1.023	-0.27	0.10900000000000021
0.727	0.175	-0.729	-0.683	1.18
1.078	0.434	-0.156	0.254	0.912
0.981	0.743	1.007	0.189	-0.1449999999999999
1.354	0.471	-0.015	0.509	0.9275000000000001
0.908	1.026	1.047	0.455	-0.07999999999999985
1.538	0.943	-0.495	-0.357	1.7355
0.757	0.254	-0.93	0.197	1.4355000000000002
0.05	-0.504	-0.189	-0.344	-0.038000000000000006
1.122	0.818	0.33	-0.272	0.6399999999999999
0.988	0.342	0.075	0.081	0.5900000000000001
0.784	0.586	0.263	-0.199	0.42200000000000004
1.398	0.678	-0.317	-0.82	1.355
1.086	1.141	-0.075	0.662	1.1885000000000001
0.537	-0.135	-0.155	-0.581	0.356
0.993	0.894	-0.349	-0.19	1.2925
0.518	0.195	0.526	0.384	-0.16949999999999998
0.264	0.545	0.122	0.031	0.28250000000000003
0.38	0.206	0.076	0.141	0.21699999999999997
-0.095	0.134	0.068	0.587	-0.0485
1.377	0.862	0.469	0.354	0.6505
1.284	1.007	0.355	0.929	0.7905
1.512	0.833	0.238	0.274	0.9344999999999999
0.936	0.731	0.001	-0.596	0.8325
1.504	1.058	0.367	-0.395	0.9140000000000001
1.07	0.707	-0.667	-0.123	1.5555
1.598	0.965	0.51	-0.328	0.7715000000000001
0.857	0.924	0.847	0.582	0.043500000000000094
1.385	0.935	0.09	-0.332	1.07
-0.155	-0.134	0.692	1.135	-0.8365
0.139	-0.154	-0.19	0.304	0.1825
1.386	1.105	0.151	0.029	1.0944999999999998
1.028	0.288	-0.629	-0.524	1.287
0.723	0.333	-0.126	0.031	0.654
-0.24	0.133	0.907	0.424	-0.9605
1.293	0.338	-0.763	-0.721	1.5785
0.607	0.065	0.171	0.754	0.16499999999999995
0.266	0.526	0.284	0.629	0.11200000000000004
1.119	0.614	0.636	0.896	0.23050000000000004
0.063	0.065	-0.077	0.011	0.14100000000000001
0.824	0.827	0.804	0.529	0.021499999999999853
1.067	0.597	-0.366	0.393	1.198
0.957	0.501	0.22	-0.245	0.509
1.228	1.066	0.941	0.071	0.20600000000000007
1.559	0.411	0.003	-0.781	0.982
-0.169	-0.4	-0.404	-0.174	0.1195
0.512	0.189	-0.372	-0.265	0.7225
0.73	0.036	-0.584	-0.182	0.967
0.986	0.782	0.906	-0.372	-0.02200000000000002
0.86	0.814	0.829	0.115	0.008000000000000007
1.093	0.118	0.087	1.008	0.5185
1.432	1.082	0.158	-0.224	1.0990000000000002
0.919	0.727	0.488	-0.083	0.33499999999999996
0.953	0.637	0.268	0.125	0.5269999999999999
0.806	0.685	0.767	0.684	-0.021499999999999964
0.49	-0.142	-0.43	-0.458	0.604
0.399	-0.039	-0.953	0.323	1.133
1.235	1.313	0.894	0.287	0.38
1.256	1.212	1.32	1.111	-0.08600000000000008
0.761	0.481	0.527	0.336	0.09399999999999997
0.755	-0.01	-0.324	0.175	0.6965
0.987	0.635	0.258	0.479	0.5529999999999999
0.72	0.387	0.413	-0.704	0.1405
0.716	0.829	0.307	0.256	0.46549999999999997
0.279	-0.151	0.304	0.108	-0.24
0.589	0.583	0.996	0.483	-0.41000000000000003
0.928	0.378	0.518	-0.165	0.135
0.756	0.579	0.977	0.079	-0.3095
0.967	0.389	-0.075	0.193	0.7529999999999999
0.303	0.463	0.181	0.097	0.202
0.371	0.167	0.326	-0.019	-0.056999999999999995
1.388	1.206	0.717	0.3	0.58
0.971	0.45	0.948	0.969	-0.23749999999999993
0.723	0.056	-0.928	-0.521	1.3175000000000001
0.603	0.705	0.812	0.537	-0.15800000000000014
0.786	0.642	0.3	0.635	0.414
0.112	-0.41	0.172	0.272	-0.32099999999999995
0.899	0.642	0.085	0.475	0.6855
0.226	0.258	-0.484	0.467	0.726
0.838	0.74	0.403	-0.404	0.3859999999999999
0.611	0.258	0.096	-0.323	0.3385
1.206	0.71	0.372	-0.114	0.586
0.947	0.369	1.134	0.418	-0.476
0.566	0.302	0.035	0.306	0.3989999999999999
-0.215	-0.143	0.044	0.864	-0.22299999999999998
0.694	1.04	-0.395	0.458	1.262
0.437	0.001	-0.156	0.669	0.375
0.814	0.799	0.898	0.698	-0.09150000000000003
0.895	0.448	0.186	0.31	0.4855
-0.014	-0.493	-0.419	0.745	0.16549999999999998
1.064	0.409	-0.201	0.572	0.9375
0.643	0.648	0.781	0.566	-0.13550000000000006
1.101	0.751	0.587	0.72	0.33899999999999997
1.239	0.618	0.683	0.936	0.24550000000000005
0.698	-0.557	-0.266	-0.831	0.33649999999999997
0.724	1.028	0.784	-1.085	0.09199999999999997
1.371	1.339	0.269	-0.376	1.0859999999999999
1.003	0.493	-0.332	-0.074	1.08
0.641	0.405	-0.115	0.316	0.638
0.215	0.217	-0.074	0.335	0.29
1.029	0.739	0.813	-0.135	0.07099999999999995
1.156	0.19	0.117	0.5	0.5559999999999999
0.788	0.201	-0.597	-0.45	1.0915
0.244	0.21	0.265	-0.138	-0.038000000000000034
0.922	0.802	0.834	0.31	0.028000000000000136
1.697	1.271	0.657	0.633	0.827
0.926	0.676	-0.108	-0.75	0.909
1.196	0.95	0.41	0.397	0.663
1.013	1.227	-0.068	0.033	1.1880000000000002
0.915	0.476	0.297	0.023	0.3985
0.545	0.612	0.419	0.522	0.15950000000000003
-0.026	-0.324	-0.076	-0.263	-0.09900000000000002
1.613	0.469	0.0	-0.426	1.041
1.303	1.285	0.811	-0.4	0.483
1.04	0.776	-0.144	-0.792	1.052
0.795	0.233	-0.32	0.839	0.8340000000000001
1.159	0.89	0.336	-0.294	0.6884999999999999
1.391	1.007	0.297	-0.64	0.9019999999999999
0.652	0.239	0.077	-0.617	0.3685
0.599	0.412	0.273	0.046	0.23249999999999993
1.557	1.368	-0.047	-0.369	1.5094999999999998
0.301	-0.008	0.343	0.406	-0.19650000000000004
0.832	0.737	-0.476	0.685	1.2605
0.725	0.349	0.099	0.038	0.43799999999999994
1.177	0.955	-0.288	-0.873	1.354
1.151	0.637	-0.785	-0.093	1.679
-0.014	0.191	-0.036	0.215	0.1245
0.969	0.715	0.499	0.302	0.34299999999999997
0.784	0.106	-1.393	-0.682	1.838
0.308	0.154	0.432	0.372	-0.201
0.613	0.249	0.179	-0.897	0.252
1.322	1.064	0.976	0.2	0.21700000000000008
0.535	-0.386	0.485	0.548	-0.4105
1.239	0.621	-0.02	-0.793	0.9500000000000001
0.433	0.361	0.462	0.316	-0.065
0.914	0.994	1.072	0.784	-0.1180000000000001
1.088	0.602	0.895	0.956	-0.050000000000000044
0.329	0.364	0.999	0.823	-0.6525
0.24	0.187	0.169	0.485	0.044499999999999984
0.927	0.099	0.173	0.584	0.34
1.278	1.24	0.264	-1.023	0.9949999999999999
0.174	-0.457	-0.445	-0.028	0.3035
0.872	0.52	0.265	0.165	0.43099999999999994
1.813	1.114	0.671	0.457	0.7925
0.054	-0.452	-0.265	-0.073	0.066
0.46	0.523	-0.48	0.188	0.9715
0.607	0.266	0.31	0.479	0.1265
1.371	0.808	0.439	0.078	0.6505000000000001
-0.253	0.194	0.87	0.361	-0.8995
0.228	0.602	0.001	-0.868	0.414
1.235	0.872	0.569	0.669	0.48450000000000015
0.393	0.186	1.306	1.144	-1.0165000000000002
1.114	1.104	-0.109	0.479	1.218
1.295	1.478	1.235	0.372	0.15149999999999975
0.697	0.094	0.766	0.279	-0.37050000000000005
0.878	0.828	0.652	1.075	0.20099999999999996
0.97	0.495	0.046	0.572	0.6864999999999999
0.379	0.504	0.343	-0.521	0.09849999999999998
0.602	0.108	-0.557	0.154	0.912
1.346	0.859	-0.009	-0.07	1.1115
1.059	0.275	-0.041	0.25	0.7080000000000001
1.006	0.364	0.059	-0.362	0.6260000000000001
1.088	0.202	-0.024	0.284	0.669
0.155	0.018	0.246	-0.378	-0.1595
1.097	0.498	-0.175	-0.534	0.9724999999999999
0.706	0.076	0.246	-0.059	0.14499999999999996
0.754	0.348	-0.044	0.619	0.595
0.602	-0.113	0.235	0.02	0.009500000000000008
1.258	1.163	0.706	0.845	0.5045000000000002
1.064	0.938	0.555	1.005	0.44599999999999984
0.956	0.744	0.78	-1.019	0.06999999999999995
0.869	0.168	-0.572	-0.707	1.0905
0.683	0.514	0.671	-0.788	-0.07250000000000001
0.839	0.576	0.667	0.461	0.04049999999999998
1.597	1.329	0.579	0.378	0.8840000000000001
1.358	0.974	1.052	1.231	0.11399999999999988
0.698	0.279	0.05	0.236	0.4385
0.634	0.721	0.815	-0.606	-0.13749999999999996
0.782	-0.19	-0.792	-0.276	1.088
0.665	0.766	0.897	0.121	-0.1815
0.523	0.009	-0.045	-0.093	0.311
0.739	0.794	0.05	0.466	0.7164999999999999
0.569	-0.27	-0.418	0.215	0.5674999999999999
1.499	1.104	0.831	0.234	0.47050000000000014
1.404	0.836	0.359	-0.607	0.7609999999999999
1.199	0.218	-0.599	-0.928	1.3075
2.142	1.269	0.202	0.126	1.5034999999999998
0.202	0.473	0.05	-0.319	0.28750000000000003
0.514	0.73	1.357	0.428	-0.735
1.264	1.041	0.775	0.937	0.37749999999999984
1.139	0.801	1.21	0.934	-0.24
0.411	0.344	0.768	1.092	-0.39050000000000007
1.024	0.276	-0.088	0.155	0.738
-0.053	-0.225	-0.587	0.165	0.44799999999999995
0.004	-0.04	-0.247	-0.158	0.22899999999999998
0.927	0.213	-0.462	-0.214	1.032
1.345	0.609	1.104	0.926	-0.1270000000000001
1.642	0.84	0.267	-0.029	0.9739999999999999
0.343	-0.033	0.638	-0.531	-0.483
-0.032	-0.466	-0.494	0.479	0.245
0.829	0.83	1.248	0.062	-0.4185000000000001
0.852	0.343	-0.776	-0.773	1.3735
0.568	0.401	0.476	-0.714	0.008500000000000008
1.615	0.491	-0.757	-0.561	1.81
0.996	0.209	-0.19	-0.625	0.7925
0.012	-0.252	-0.178	-0.387	0.057999999999999996
1.089	0.851	0.141	-0.366	0.829
0.755	0.568	-0.101	-0.179	0.7625
0.443	0.222	-0.31	0.421	0.6425000000000001
1.392	1.07	0.759	0.042	0.47199999999999986
0.414	0.496	0.947	0.938	-0.492
1.135	0.796	0.42	0.999	0.5455000000000001
0.97	0.438	-1.013	0.062	1.7169999999999999
1.3	0.884	-0.194	-0.021	1.286
1.017	0.361	-0.248	0.662	0.9369999999999999
1.14	0.838	0.073	-0.08	0.9159999999999999
1.588	1.167	0.223	1.036	1.1544999999999999
0.752	0.458	-0.287	0.268	0.8919999999999999
0.001	-0.287	-0.005	0.032	-0.13799999999999998
0.43	0.602	0.886	0.155	-0.37
0.995	0.337	-0.443	-0.075	1.109
0.307	-0.267	-0.149	-0.104	0.16899999999999998
0.924	0.827	0.862	0.103	0.013499999999999956
0.676	0.796	1.318	0.906	-0.5820000000000001
0.883	0.181	-0.227	-0.138	0.759
0.707	-0.111	-0.352	0.603	0.6499999999999999
1.176	0.842	0.628	0.307	0.3809999999999999
0.539	0.617	1.197	0.522	-0.619
0.602	0.445	1.024	0.192	-0.5005000000000001
0.727	0.624	-0.048	0.685	0.7235
0.195	-0.273	-0.228	0.007	0.189
0.528	0.761	0.651	0.013	-0.00649999999999995
1.149	1.492	0.773	0.588	0.5475
1.256	0.655	0.315	0.25	0.6405000000000001
0.468	0.032	-0.164	-0.684	0.41400000000000003
0.999	0.54	0.195	0.309	0.5745
-0.055	-0.922	-1.439	1.07	0.9505
0.728	0.44	0.366	-0.268	0.21799999999999997
0.283	0.203	1.364	0.439	-1.121
0.748	0.407	0.447	0.657	0.1305
1.282	0.49	0.117	-0.378	0.769
0.704	0.19	0.653	1.249	-0.20600000000000007
0.991	0.827	0.774	1.001	0.135
0.173	0.333	0.821	1.152	-0.568
0.578	0.718	0.49	-0.327	0.15799999999999992
0.567	0.022	0.278	-0.158	0.01649999999999996
0.64	0.462	0.83	0.811	-0.2789999999999999
0.779	0.25	0.179	0.161	0.33549999999999996
1.541	0.893	-0.269	-0.042	1.4860000000000002
0.575	1.036	0.55	0.726	0.25549999999999995
1.323	1.323	0.22	0.581	1.103
1.016	1.287	1.574	1.143	-0.4225000000000001
1.346	0.646	0.764	0.217	0.23199999999999998
0.454	-0.352	-0.481	0.525	0.532
0.869	0.652	-0.412	0.449	1.1724999999999999
1.124	0.28	0.263	-0.146	0.43900000000000006
0.87	0.842	0.878	-0.227	-0.02200000000000002
0.864	0.645	0.64	0.803	0.11449999999999994
0.136	0.166	-0.061	0.608	0.21200000000000002
0.731	0.402	-0.024	0.178	0.5905
1.037	0.249	-0.268	-0.299	0.911
0.363	0.185	-0.076	-0.428	0.35000000000000003
0.9	0.383	0.531	-0.35	0.11049999999999993
0.766	0.389	0.094	-0.287	0.48350000000000004
0.907	0.44	0.733	0.824	-0.0595
0.801	0.295	0.622	-0.292	-0.07399999999999995
0.943	0.409	0.366	0.13	0.30999999999999994
1.677	1.612	0.599	0.786	1.0455
0.729	0.086	0.453	-0.05	-0.04550000000000004
1.255	1.163	-0.314	0.061	1.5230000000000001
0.668	0.422	0.181	-0.255	0.36400000000000005
0.559	-0.015	-0.117	0.281	0.389
0.485	0.477	0.065	-0.476	0.416
0.373	-0.071	0.407	-0.505	-0.256
1.324	1.053	0.903	-0.648	0.28549999999999986
0.1	-0.004	0.232	0.515	-0.184
1.813	0.507	0.183	0.007	0.9769999999999999
0.713	0.702	-0.579	-0.138	1.2865
0.532	-0.078	0.221	0.547	0.006000000000000005
1.163	1.275	0.685	0.18	0.5339999999999998
0.575	0.091	0.163	0.964	0.16999999999999996
0.709	0.953	0.58	0.42	0.251
1.351	1.282	-0.035	-0.392	1.3515
0.36	0.011	-0.099	0.036	0.2845
0.1	0.04	0.43	-0.559	-0.36
0.847	0.664	0.473	-0.125	0.2825000000000001
0.405	0.322	0.014	1.01	0.34950000000000003
1.63	0.539	0.301	0.948	0.7835000000000001
0.557	0.268	0.423	0.279	-0.010499999999999954
0.4	0.287	0.633	0.452	-0.2895
0.565	-0.003	0.513	0.712	-0.23200000000000004
0.016	0.448	0.174	0.096	0.058000000000000024
1.189	0.673	0.472	0.232	0.4590000000000001
0.467	-0.243	-0.98	-0.208	1.092
0.411	1.021	0.551	0.953	0.16499999999999992
1.1	1.19	0.814	0.36	0.33100000000000007
0.351	-0.017	-0.7	-0.223	0.867
0.939	0.521	-0.264	-0.669	0.994
1.125	1.211	0.241	0.332	0.9270000000000002
0.533	-0.15	-0.365	0.323	0.5565
0.623	0.772	0.796	0.066	-0.09850000000000003
0.949	0.409	0.026	0.518	0.6529999999999999
0.661	0.428	0.27	-0.148	0.27449999999999997
1.49	0.565	-0.249	-0.114	1.2765
0.736	0.616	0.542	0.023	0.1339999999999999
0.874	0.602	0.281	0.996	0.45699999999999996
0.635	0.533	0.008	-0.771	0.5760000000000001
1.072	0.993	0.492	0.606	0.5405
1.692	1.157	1.013	0.635	0.4115000000000002
0.619	0.584	0.323	0.408	0.2784999999999999
1.127	0.643	1.294	0.526	-0.40900000000000003
0.833	0.342	-0.624	0.001	1.2115
0.743	0.521	0.232	0.558	0.4
0.899	1.201	-0.154	-0.494	1.204
0.686	0.57	0.373	0.767	0.255
1.218	0.963	0.795	1.132	0.2955
0.648	0.588	0.049	-0.539	0.569
0.472	0.099	-0.04	0.712	0.32549999999999996
0.667	0.409	0.011	0.64	0.527
0.474	-0.06	0.858	0.874	-0.651
0.51	0.535	0.708	0.242	-0.1855
0.678	0.028	0.032	0.199	0.32100000000000006
1.053	0.778	1.181	0.123	-0.26550000000000007
1.012	0.891	0.387	-0.21	0.5645
0.808	0.372	-0.892	-0.593	1.4820000000000002
1.005	0.502	0.323	0.758	0.43049999999999994
0.838	0.987	0.727	0.48	0.1855
0.536	-0.103	0.029	0.128	0.18750000000000003
0.109	0.232	0.777	0.156	-0.6065
0.817	0.361	-0.144	-0.795	0.733
0.84	0.349	0.366	0.87	0.22850000000000004
0.944	0.594	0.247	0.363	0.5219999999999999
0.916	0.583	0.838	0.483	-0.08849999999999991
1.119	0.698	0.742	0.833	0.16649999999999998
1.12	1.224	0.192	-1.147	0.9800000000000002
0.859	0.495	-0.574	-0.819	1.251
1.045	0.461	-1.136	-0.368	1.8889999999999998
0.815	0.326	-0.493	-0.028	1.0635
0.642	0.096	-0.317	-0.578	0.6859999999999999
0.458	0.131	-0.376	-0.292	0.6705
0.55	0.457	0.309	-0.201	0.19450000000000006
0.727	-0.012	0.23	1.274	0.12749999999999997
1.389	0.981	1.09	1.035	0.09499999999999997
0.301	0.622	0.301	0.421	0.16050000000000003
0.962	0.734	-0.562	-0.731	1.4100000000000001
0.604	0.128	-0.419	0.192	0.7849999999999999
0.994	0.124	0.121	0.666	0.43799999999999994
1.11	0.803	0.483	0.536	0.47350000000000014
1.022	0.776	0.307	0.472	0.5920000000000001
0.731	0.631	0.431	0.426	0.25000000000000006
0.216	0.109	0.782	0.601	-0.6195
0.294	0.316	0.787	0.454	-0.48200000000000004
0.692	0.688	0.494	0.613	0.19599999999999995
0.323	0.12	-0.414	-0.345	0.6355
1.229	0.668	0.416	0.361	0.5325000000000002
0.883	0.14	-0.812	0.062	1.3235000000000001
1.101	0.933	0.792	0.908	0.22499999999999987
1.259	0.774	0.993	0.934	0.023499999999999965
0.762	0.864	0.549	-0.002	0.2639999999999999
1.228	0.203	-0.294	0.157	1.0095
1.235	0.637	-0.154	0.718	1.09
0.023	-0.0	-0.003	0.142	0.014499999999999999
0.546	-0.41	-0.106	-0.936	0.17400000000000004
0.714	-0.016	-0.508	-0.751	0.857
0.855	1.057	0.829	-0.425	0.127
0.5	0.155	-0.577	-0.484	0.9045
1.109	0.803	0.065	0.587	0.891
0.893	0.477	0.617	0.239	0.06800000000000006
0.289	0.051	0.56	0.12	-0.39000000000000007
1.08	0.65	-0.507	-0.242	1.3719999999999999
0.463	0.378	0.372	0.778	0.04849999999999999
1.062	0.964	0.967	-0.549	0.04599999999999993
1.079	0.235	-1.046	0.312	1.703
0.876	0.362	0.339	0.313	0.27999999999999997
0.964	0.121	0.131	-0.773	0.4115
1.477	1.344	0.566	0.109	0.8445000000000001
0.197	-0.033	0.188	-0.562	-0.106
0.956	0.796	1.109	-0.168	-0.23299999999999998
0.823	0.318	-0.074	0.102	0.6445
0.45	0.04	0.323	0.459	-0.07800000000000001
0.856	0.552	0.672	0.202	0.03199999999999992
0.807	0.709	0.544	-0.05	0.21399999999999997
1.103	0.837	0.281	0.24	0.689
0.935	-0.096	-0.681	0.491	1.1005
1.035	0.133	0.12	0.274	0.46399999999999997
0.603	0.746	0.549	-0.251	0.12549999999999994
1.441	1.533	0.647	-0.512	0.8400000000000001
0.672	0.586	-0.101	-0.366	0.73
0.383	0.332	-0.105	-0.187	0.4625
1.314	1.215	0.842	0.202	0.4225
1.086	0.399	-0.745	-0.766	1.4875
1.058	0.95	0.981	0.686	0.02300000000000002
0.196	-0.394	-0.025	0.195	-0.07400000000000001
1.442	0.768	0.062	-0.089	1.043
0.405	0.067	0.391	0.27	-0.155
0.538	1.048	0.19	-0.535	0.603
1.37	1.578	1.796	-0.407	-0.32199999999999984
0.057	-0.352	0.027	0.636	-0.1745
0.874	0.399	0.079	0.364	0.5575000000000001
0.805	0.829	1.073	0.939	-0.256
0.679	0.146	-0.091	0.032	0.5035000000000001
0.817	0.772	0.813	0.087	-0.01849999999999996
1.223	0.872	0.814	-0.111	0.23350000000000015
1.125	0.825	1.212	0.496	-0.237
0.603	-0.108	-0.222	-0.776	0.46950000000000003
1.008	1.117	0.844	-0.423	0.21850000000000003
1.32	1.211	0.617	-0.597	0.6485000000000001
0.693	0.594	0.283	0.264	0.3605
0.86	0.375	-0.278	-0.681	0.8955
0.339	0.249	1.216	0.573	-0.9219999999999999
0.738	0.738	0.503	1.09	0.235
0.975	-0.12	-0.193	0.207	0.6205
0.977	0.578	-0.114	-0.31	0.8915
0.677	0.6	0.496	-0.642	0.14250000000000007
1.207	1.215	0.664	0.247	0.547
0.581	0.433	0.513	-0.308	-0.006000000000000005
0.34	0.777	0.593	0.731	-0.034499999999999975
0.824	0.761	-0.817	-0.284	1.6095
0.614	-0.148	-0.694	-0.561	0.9269999999999999
0.519	-0.075	0.71	0.081	-0.488
0.492	-0.137	-1.518	-0.305	1.6955
1.272	1.143	0.041	0.001	1.1665
0.533	0.677	1.092	0.245	-0.4870000000000001
1.089	0.647	-0.1	-0.881	0.968
1.029	1.053	0.412	-0.273	0.629
0.753	0.049	0.463	-0.412	-0.062
0.953	0.613	-0.102	-0.084	0.8849999999999999
0.77	0.561	0.51	0.127	0.15549999999999997
1.538	0.85	0.072	0.461	1.1219999999999999
1.385	0.932	-0.141	-0.264	1.2995
1.267	0.873	-0.336	-0.503	1.406
1.283	0.79	0.388	1.084	0.6485
1.419	0.892	0.044	-0.562	1.1115
0.114	0.156	-0.248	0.196	0.383
0.607	0.813	0.625	0.342	0.08499999999999996
0.749	0.37	0.29	0.585	0.2695
1.689	1.275	0.438	0.186	1.044
1.038	0.715	-0.161	-0.42	1.0375
1.338	0.387	-0.135	0.017	0.9975
0.658	0.425	0.66	0.109	-0.11850000000000005
1.393	0.879	0.976	0.593	0.16000000000000014
0.741	0.662	0.487	-0.054	0.21450000000000002
1.08	1.115	0.974	0.498	0.12350000000000017
0.731	0.334	-0.412	-0.267	0.9444999999999999
0.302	0.327	0.465	-0.231	-0.15050000000000002
1.566	0.388	-0.171	-0.239	1.1480000000000001
1.345	0.988	0.901	0.773	0.26550000000000007
0.938	0.871	0.86	1.273	0.044499999999999984
0.575	-0.15	-0.405	0.183	0.6174999999999999
0.272	0.39	0.519	0.666	-0.188
0.418	0.534	0.462	0.23	0.013999999999999957
0.915	0.832	1.08	0.553	-0.20650000000000013
0.193	0.108	0.736	0.232	-0.5855
1.303	1.051	-0.058	-0.473	1.235
0.679	0.733	0.212	0.37	0.494
0.788	0.172	-0.349	-0.359	0.829
0.823	0.952	0.657	0.464	0.23049999999999993
0.868	0.093	-0.412	0.581	0.8925
0.38	-0.077	-0.456	0.038	0.6075
0.977	0.613	1.063	0.706	-0.268
0.902	1.05	1.222	0.816	-0.246
1.313	0.521	0.309	0.65	0.6080000000000001
0.829	0.579	0.437	0.53	0.26699999999999996
1.22	0.612	0.193	-0.224	0.7229999999999999
0.826	0.575	0.51	0.213	0.1904999999999999
1.467	0.961	0.553	0.034	0.6609999999999999
0.975	0.921	0.361	0.959	0.587
0.954	0.544	0.815	-0.27	-0.06599999999999995
1.413	0.973	0.371	-0.045	0.8220000000000001
1.273	0.871	-0.423	-0.883	1.495
0.888	0.523	0.006	0.935	0.6995
0.622	0.701	0.728	0.603	-0.0665
0.793	0.522	0.588	0.603	0.0695
0.46	0.011	-0.912	-0.728	1.1475
1.022	1.011	0.964	-0.123	0.05249999999999999
1.078	0.851	-0.06	0.331	1.0245
1.048	0.669	0.006	0.551	0.8525
-0.144	-0.121	0.256	-0.205	-0.3885
0.186	-0.594	-0.956	0.792	0.752
0.851	0.706	-0.386	0.318	1.1644999999999999
0.689	0.799	0.726	-0.496	0.018000000000000016
0.631	0.469	0.298	-0.791	0.25200000000000006
0.895	0.602	0.598	0.155	0.15049999999999997
0.314	0.351	0.052	0.001	0.2805
0.552	0.252	0.425	0.146	-0.022999999999999965
0.614	0.223	0.059	0.635	0.3595
1.562	1.26	0.139	-0.904	1.272
1.01	0.311	-0.268	-0.99	0.9285
0.392	0.179	0.607	0.275	-0.3215
0.89	0.499	-0.737	-0.615	1.4315
0.62	0.797	0.612	0.028	0.09650000000000003
1.034	0.983	0.996	-0.18	0.012499999999999956
0.471	0.264	0.506	0.103	-0.1385
1.241	0.967	0.385	-0.156	0.7190000000000001
1.435	0.739	0.234	-0.122	0.853
0.475	0.959	-0.729	0.638	1.446
0.264	0.064	0.426	-0.208	-0.262
0.636	0.212	-0.404	0.409	0.8280000000000001
0.793	1.001	0.916	0.294	-0.019000000000000017
-0.091	-0.088	-0.28	-0.096	0.19050000000000003
0.884	0.663	-0.101	-0.283	0.8745
0.607	0.469	-0.033	-0.354	0.5710000000000001
1.189	1.146	1.074	0.691	0.09349999999999992
0.503	-0.19	-0.823	0.114	0.9794999999999999
0.75	0.666	0.072	0.302	0.636
0.904	-0.147	-1.332	0.316	1.7105000000000001
0.865	0.356	0.154	-0.314	0.4565
1.188	0.864	0.52	-0.421	0.506
0.19	-0.076	0.179	0.584	-0.122
0.675	0.476	-0.096	0.285	0.6715
1.18	0.583	0.299	-0.073	0.5825
0.337	-0.124	0.29	-0.207	-0.18349999999999997
0.9	0.329	0.324	0.335	0.29050000000000004
0.449	0.463	-0.027	-0.221	0.48300000000000004
0.914	0.744	0.212	-0.587	0.617
0.647	0.931	1.098	-0.574	-0.30900000000000005
0.055	-0.195	0.436	0.64	-0.506
0.425	0.591	-0.024	-0.576	0.532
0.847	0.775	0.241	0.042	0.57
1.118	1.075	-0.604	0.532	1.7005
0.746	0.044	0.041	-0.353	0.35400000000000004
0.391	0.317	-0.04	-0.779	0.39399999999999996
0.478	0.21	-0.127	-0.575	0.471
0.342	-0.148	-0.61	-0.808	0.707
0.259	0.211	0.211	0.612	0.023999999999999994
1.345	1.016	-0.888	-0.079	2.0685
0.719	0.289	-0.777	-0.248	1.2810000000000001
1.038	0.755	-0.327	-0.608	1.2235
0.601	0.206	-0.469	0.282	0.8724999999999999
0.463	0.473	-0.307	-0.045	0.7749999999999999
0.784	0.53	0.881	0.311	-0.22399999999999998
0.489	-0.135	-0.239	0.371	0.416
0.833	0.844	0.556	0.027	0.2825
1.139	0.715	0.82	0.857	0.1070000000000001
1.055	0.374	-0.515	-0.091	1.2294999999999998
1.578	1.672	1.036	-0.464	0.589
0.675	0.795	0.184	-0.716	0.5510000000000002
0.059	-0.463	-0.375	-0.121	0.173
1.007	1.128	0.905	0.118	0.16249999999999987
-0.017	-0.449	-0.825	0.529	0.592
1.158	0.62	0.146	-0.804	0.743
0.897	0.295	-0.074	0.706	0.6699999999999999
1.694	1.031	0.713	-0.251	0.6494999999999999
0.676	0.468	0.238	0.789	0.3340000000000001
1.044	0.758	0.375	0.744	0.526
0.353	0.102	0.069	0.582	0.15849999999999997
0.962	0.746	0.077	0.113	0.777
1.386	0.871	0.807	0.305	0.3214999999999998
0.464	0.046	-0.469	0.583	0.724
1.005	0.387	-0.363	0.439	1.059
0.868	0.762	0.29	0.305	0.5249999999999999
1.179	0.339	-0.714	0.055	1.4729999999999999
0.875	0.459	0.767	0.618	-0.09999999999999998
0.286	0.001	0.263	0.711	-0.11950000000000002
1.114	0.252	-0.314	0.7	0.9970000000000001
0.778	1.126	0.228	0.128	0.724
0.978	0.433	0.347	0.945	0.35850000000000004
0.709	0.203	-0.027	0.105	0.483
0.591	0.734	-0.035	0.539	0.6975
1.182	0.214	-0.331	-0.087	1.029
0.447	0.515	0.275	0.13	0.20599999999999996
0.727	0.408	0.575	-0.309	-0.007499999999999951
0.859	0.284	-0.256	0.241	0.8275
0.759	0.73	-0.126	0.43	0.8704999999999999
1.025	0.926	0.146	0.545	0.8295
0.414	-0.117	0.071	0.362	0.0775
1.475	1.081	0.287	-0.303	0.9910000000000001
1.643	0.839	0.583	-0.431	0.6580000000000001
0.75	0.96	0.061	-0.887	0.794
1.701	1.408	0.943	-0.079	0.6115
1.227	1.198	0.598	0.417	0.6144999999999999
0.993	0.474	0.974	1.089	-0.24049999999999994
1.023	0.72	0.378	0.7	0.49349999999999994
1.028	0.562	0.286	0.029	0.5090000000000001
0.833	0.159	0.402	0.41	0.09399999999999997
0.756	0.755	1.01	-1.351	-0.25449999999999995
0.769	0.51	0.179	0.081	0.46049999999999996
0.817	0.657	0.077	-0.597	0.66
0.148	0.538	-0.428	-0.053	0.771
0.642	0.579	0.679	0.526	-0.0685
1.119	0.282	-1.047	-0.951	1.7475
1.57	1.301	0.344	-0.837	1.0915
0.963	0.497	0.511	0.712	0.21899999999999997
0.996	0.563	-0.121	-0.831	0.9005
0.897	0.684	0.032	-0.627	0.7585
1.335	1.162	0.957	-0.212	0.2915
1.234	0.863	0.39	0.548	0.6585
1.324	0.969	1.268	0.924	-0.12149999999999994
0.882	0.203	-0.129	0.205	0.6715
0.598	-0.054	-0.459	-0.751	0.731
1.018	1.018	0.509	0.668	0.509
0.907	0.45	0.048	0.112	0.6305
0.044	-0.022	-0.052	-0.466	0.063
0.988	0.485	-0.283	-0.561	1.0194999999999999
1.204	1.227	0.954	0.715	0.26150000000000007
0.669	0.628	0.37	0.945	0.2785000000000001
1.287	0.385	-0.479	0.376	1.315
0.877	0.763	0.35	0.459	0.4700000000000001
0.712	0.439	-0.054	-0.055	0.6295000000000001
1.122	1.239	0.173	-0.911	1.0075
1.645	1.094	0.615	-0.322	0.7545
1.112	1.074	0.655	0.155	0.43799999999999994
1.103	0.108	-0.045	0.656	0.6505000000000001
0.693	0.787	0.554	0.558	0.18599999999999994
0.831	0.625	-0.09	-0.151	0.818
0.781	0.601	0.7	0.273	-0.008999999999999897
1.013	0.849	0.518	0.854	0.4129999999999999
0.53	-0.54	-0.574	-0.4	0.569
0.84	0.064	-0.628	-1.106	1.08
0.899	1.104	1.05	0.229	-0.04849999999999999
1.034	0.607	0.41	0.672	0.41050000000000003
0.507	-0.129	-0.154	0.654	0.34299999999999997
0.583	0.48	0.309	0.198	0.22249999999999998
1.971	0.86	0.361	-0.115	1.0545
1.373	1.439	0.925	-0.225	0.4810000000000001
0.491	0.001	-0.502	0.394	0.748
1.236	1.323	-0.218	-0.95	1.4975
1.257	1.45	0.657	0.057	0.6964999999999999
0.998	0.738	0.225	-0.079	0.643
1.496	1.138	0.344	-0.39	0.973
1.094	1.255	1.196	0.895	-0.021499999999999853
0.172	-0.551	-0.933	0.129	0.7435
0.549	0.206	-0.172	-0.717	0.5495
0.645	0.333	0.709	0.833	-0.21999999999999997
0.686	0.713	0.375	-0.268	0.3245
0.755	0.354	-0.641	-0.699	1.1955
0.878	0.614	-0.249	0.143	0.995
0.979	1.172	0.813	0.652	0.26249999999999996
1.51	0.694	0.737	0.596	0.3649999999999999
1.729	0.991	-0.182	-0.519	1.542
0.804	0.444	-0.115	0.36	0.739
1.019	0.831	0.633	0.328	0.2919999999999999
0.939	0.717	0.259	0.395	0.569
0.544	0.754	0.669	0.409	-0.020000000000000018
0.779	0.612	0.99	0.081	-0.2945
0.397	-0.241	-1.189	-0.019	1.2670000000000001
0.913	0.594	-0.416	0.569	1.1695
0.179	-0.024	-0.023	0.287	0.1005
0.786	0.347	0.733	0.48	-0.16649999999999998
0.12	0.508	1.003	0.889	-0.6889999999999998
0.92	0.274	-0.021	0.011	0.618
0.835	0.83	0.828	0.448	0.0045000000000000595
0.968	0.733	0.615	0.524	0.23550000000000004
0.266	0.39	0.009	0.25	0.319
0.827	0.394	-0.222	-0.032	0.8325
1.189	0.898	0.404	0.205	0.6395000000000001
0.536	-0.066	-0.746	-0.295	0.981
1.403	0.987	0.415	0.554	0.78
1.525	1.042	0.036	0.365	1.2475
1.135	0.809	0.612	-0.14	0.36
0.665	0.459	0.29	-0.564	0.2720000000000001
1.057	0.812	0.872	0.358	0.0625
0.698	0.8	0.663	0.693	0.08599999999999997
-0.16	-0.006	-0.307	-0.093	0.22399999999999998
0.795	0.543	0.012	0.154	0.657
0.984	1.144	-0.371	0.373	1.435
0.935	-0.771	-0.087	-0.292	0.169
0.708	0.983	0.861	0.054	-0.01550000000000007
0.895	0.649	0.562	-0.405	0.20999999999999996
1.135	1.307	0.991	0.864	0.2300000000000001
1.305	0.2	0.228	0.951	0.5245
0.751	0.642	0.679	0.269	0.01749999999999996
0.594	0.57	-1.03	-1.185	1.612
1.081	0.626	0.517	0.034	0.3364999999999999
1.214	0.455	-0.375	0.576	1.2095
0.436	0.101	-0.442	-0.358	0.7105
0.705	0.311	0.885	0.419	-0.377
1.704	1.26	0.722	-0.13	0.76
0.199	0.254	0.717	-0.425	-0.49049999999999994
1.341	0.425	-0.62	-0.193	1.5030000000000001
1.645	1.09	1.618	0.346	-0.25049999999999994
0.849	0.491	0.801	-0.13	-0.13100000000000012
0.92	0.933	-0.871	-0.335	1.7975
0.888	0.378	-0.208	0.949	0.841
1.38	0.877	0.01	0.076	1.1184999999999998
0.948	1.189	0.61	0.649	0.4585
1.212	1.25	-0.042	-0.756	1.273
0.528	0.174	0.326	0.195	0.024999999999999967
1.169	0.38	0.138	0.384	0.6365
1.339	0.623	-0.515	0.443	1.496
0.63	-0.098	-0.902	-1.036	1.1680000000000001
0.939	0.901	0.252	0.456	0.6679999999999999
0.271	0.557	0.289	-0.151	0.12500000000000006
1.115	0.562	0.262	0.428	0.5765
0.979	0.396	-0.108	-0.492	0.7955
0.735	0.652	-0.392	-0.05	1.0855000000000001
1.55	0.977	0.387	-0.372	0.8765000000000001
1.278	0.267	-0.236	0.059	1.0085
1.031	0.294	0.214	0.342	0.4485
0.012	-0.431	-0.127	0.2	-0.08249999999999999
0.97	0.224	-0.365	-0.099	0.962
0.739	0.606	0.548	-0.679	0.12449999999999994
1.021	0.528	-0.538	0.908	1.3125
0.29	-0.202	-0.235	0.348	0.27899999999999997
0.372	0.576	0.029	-0.674	0.44499999999999995
0.571	-0.009	-0.205	0.117	0.486
1.065	0.527	0.195	-0.431	0.601
0.646	0.042	0.777	-0.12	-0.433
0.791	0.325	0.77	0.32	-0.21199999999999997
0.642	0.604	0.793	-0.265	-0.17000000000000004
0.93	1.272	1.226	0.717	-0.125
0.305	0.536	0.544	0.321	-0.12350000000000005
0.947	0.474	0.871	0.386	-0.1605000000000001
1.217	0.681	-0.13	0.096	1.0790000000000002
1.104	1.014	0.12	-0.009	0.9390000000000002
1.453	0.236	-0.637	0.661	1.4815
0.807	0.698	0.619	0.11	0.13349999999999995
0.04	-0.513	-0.797	-1.021	0.5605
0.966	0.825	-0.199	0.054	1.0945
0.086	0.266	0.809	0.376	-0.633
0.757	0.679	0.224	0.275	0.494
0.617	0.441	0.264	0.522	0.265
0.564	0.178	-0.877	-0.844	1.248
1.058	0.527	0.933	0.625	-0.14050000000000007
0.699	0.304	-0.038	-0.125	0.5395
1.078	0.608	0.963	0.271	-0.12
0.59	0.8	0.606	-0.377	0.08900000000000008
0.95	0.577	0.268	0.731	0.49549999999999994
0.826	0.183	-0.081	-0.574	0.5854999999999999
0.553	0.277	-0.1	0.002	0.515
0.861	0.162	-0.671	-0.337	1.1825
0.315	0.002	0.263	0.162	-0.10450000000000001
1.343	0.661	0.629	0.624	0.373
1.164	0.687	0.735	0.172	0.1905
0.483	0.231	0.79	0.62	-0.43300000000000005
0.91	0.764	0.336	-0.719	0.5009999999999999
0.652	0.329	-1.123	-0.858	1.6135000000000002
0.784	0.49	0.692	-0.381	-0.05499999999999994
1.182	0.786	0.535	-0.243	0.44899999999999995
0.468	0.234	0.591	0.099	-0.23999999999999994
0.654	0.343	0.013	0.482	0.48550000000000004
0.683	-0.018	-0.255	-0.476	0.5875
1.506	1.127	0.932	-0.053	0.38449999999999995
0.805	0.492	-0.671	-0.758	1.3195000000000001
1.278	1.211	-0.074	-0.135	1.3185
1.01	0.179	-0.756	0.26	1.3505
0.665	0.609	0.362	0.439	0.275
1.04	0.507	-0.027	-0.306	0.8005000000000001
-0.111	-0.311	0.72	0.9	-0.9309999999999999
0.685	0.662	0.004	-0.306	0.6695
0.777	0.895	1.0	0.167	-0.16399999999999992
0.334	0.035	0.254	0.16	-0.0695
0.448	0.282	0.688	-0.099	-0.32299999999999995
1.245	1.496	0.657	-0.401	0.7135
0.737	0.563	1.111	0.492	-0.4610000000000001
0.67	0.864	-0.013	0.079	0.78
1.365	0.746	0.323	-0.213	0.7324999999999999
0.732	0.509	0.367	-0.467	0.25350000000000006
1.133	0.903	0.522	-0.159	0.496
1.067	0.698	0.937	0.912	-0.054500000000000104
0.813	0.767	0.413	0.122	0.37700000000000006
0.672	0.36	0.5	-0.105	0.016000000000000014
0.891	0.102	0.266	0.68	0.23049999999999998
1.016	1.254	0.654	0.365	0.481
0.638	0.1	-0.134	-1.002	0.503
1.187	1.232	0.471	-0.055	0.7385
1.099	0.803	1.199	0.34	-0.248
1.059	0.521	0.004	0.373	0.786
0.127	-0.049	0.09	-0.584	-0.051
1.011	1.0	1.046	0.077	-0.04049999999999998
0.596	0.595	0.609	0.508	-0.013500000000000068
0.61	0.699	0.842	0.952	-0.1875
0.994	0.241	-1.494	-0.522	2.1115
0.696	0.353	-0.72	-0.612	1.2445
0.907	0.528	-0.389	-0.526	1.1065
1.239	1.251	0.367	0.039	0.8780000000000001
1.078	1.267	0.328	0.756	0.8444999999999998
0.824	0.535	-0.159	0.249	0.8385
0.366	0.167	-0.991	-0.333	1.2575
1.354	0.849	-0.208	0.491	1.3095
0.307	-0.026	0.403	-0.149	-0.26250000000000007
0.959	0.319	0.561	-0.244	0.07799999999999996
0.723	0.94	1.206	0.418	-0.37450000000000006
0.621	0.259	0.456	0.02	-0.016000000000000014
1.077	0.983	0.639	0.755	0.391
1.029	0.525	-0.21	-0.431	0.9869999999999999
1.354	0.93	0.892	-0.05	0.2500000000000001
1.009	0.837	0.74	0.702	0.18299999999999994
0.596	-0.009	-0.139	-0.427	0.4325
0.613	1.019	0.873	-0.754	-0.05700000000000005
0.922	0.843	-0.168	-0.996	1.0505
0.531	0.417	0.434	0.289	0.03999999999999998
1.18	0.609	-1.115	0.003	2.0095
0.752	0.016	0.872	0.786	-0.488
1.443	1.187	0.665	0.773	0.6499999999999999
1.542	1.047	0.38	0.578	0.9145
0.898	0.372	0.226	0.511	0.40900000000000003
0.597	1.249	1.154	-0.281	-0.23099999999999987
0.444	0.349	0.293	-0.713	0.10349999999999998
0.396	0.439	0.197	-0.05	0.22049999999999997
1.382	1.614	0.476	-0.079	1.022
0.551	0.322	0.319	0.543	0.1175
0.269	-0.062	-0.32	-0.386	0.4235
1.297	1.204	0.407	0.134	0.8434999999999999
0.465	0.087	0.012	-0.263	0.264
0.592	0.353	0.645	-0.151	-0.17250000000000004
1.179	1.243	0.745	0.592	0.4660000000000001
0.938	0.611	0.064	0.814	0.7104999999999999
1.198	0.842	0.853	-0.352	0.16700000000000004
0.358	-0.032	-0.463	-0.153	0.626
0.755	0.658	0.211	0.222	0.49550000000000005
0.95	0.375	-0.224	0.741	0.8865
0.821	0.275	0.347	0.014	0.20100000000000007
0.992	0.6	-0.005	-0.559	0.801
1.303	1.318	0.991	-0.513	0.3195
1.237	1.349	1.43	0.687	-0.1369999999999998
0.888	0.394	0.744	-0.163	-0.10299999999999998
0.674	0.48	1.088	1.054	-0.5110000000000001
0.823	0.26	0.109	-0.039	0.4325
1.243	1.488	1.02	0.054	0.3454999999999999
0.686	0.636	0.004	0.368	0.657
1.018	0.818	0.243	-0.216	0.6749999999999999
1.05	1.252	0.292	-1.159	0.859
0.644	0.453	0.779	0.608	-0.23050000000000004
0.786	0.767	0.754	0.642	0.022499999999999964
0.722	0.038	0.513	0.289	-0.133
0.564	0.326	-0.187	0.703	0.6319999999999999
1.063	0.469	-0.049	-0.646	0.8150000000000001
1.103	0.742	0.414	0.069	0.5085
0.698	0.388	0.608	0.359	-0.06500000000000006
0.631	0.514	-0.593	-0.46	1.1655
1.459	0.621	0.25	-0.43	0.79
1.054	0.722	0.468	0.056	0.42
1.023	0.683	0.818	-0.093	0.03500000000000003
0.481	0.052	-0.987	-0.689	1.2535
0.658	0.1	0.318	1.035	0.061
1.197	0.71	0.087	-0.345	0.8665
-0.164	-0.255	0.838	-0.026	-1.0474999999999999
2.099	1.46	-0.154	0.32	1.9335
0.047	-0.167	-0.252	-0.829	0.192
0.907	0.523	0.298	-0.52	0.4170000000000001
0.822	0.473	-0.204	-0.513	0.8514999999999999
0.595	0.195	-0.107	-0.368	0.502
1.042	0.738	1.189	0.502	-0.29900000000000004
0.313	0.281	0.223	-0.284	0.07400000000000004
0.84	0.846	0.786	0.887	0.05699999999999994
0.901	0.905	0.867	-0.055	0.03600000000000003
0.699	-0.15	0.012	0.156	0.26249999999999996
0.65	0.441	-0.036	0.37	0.5815
0.203	0.249	-0.383	0.473	0.609
1.571	1.296	0.684	0.499	0.7494999999999999
0.671	0.866	0.864	-0.427	-0.09550000000000003
0.832	0.828	0.529	0.73	0.30099999999999993
0.816	0.412	0.661	0.53	-0.04700000000000004
1.04	0.462	0.355	-0.532	0.396
1.292	0.527	0.099	0.72	0.8105
0.662	0.109	0.534	0.124	-0.14850000000000002
0.93	1.002	0.856	0.547	0.10999999999999999
1.041	0.289	-0.527	0.009	1.192
1.724	1.207	0.42	0.172	1.0455
0.331	0.356	0.719	-0.26	-0.37549999999999994
1.017	0.466	0.352	0.861	0.38949999999999996
0.992	0.617	0.361	0.098	0.4435
1.013	0.499	-0.675	-1.046	1.431
0.979	0.139	-0.114	-0.468	0.6729999999999999
0.455	0.589	-0.065	0.389	0.587
0.756	0.247	0.073	0.078	0.42850000000000005
0.994	0.148	-0.602	-0.813	1.173
1.545	1.175	0.25	0.61	1.1099999999999999
0.471	0.009	0.402	0.284	-0.16200000000000003
0.234	-0.056	-0.874	0.623	0.963
1.941	1.475	0.627	0.42	1.0810000000000002
0.991	0.93	0.151	0.548	0.8095
0.481	0.56	0.486	0.85	0.034499999999999975
0.395	-0.448	0.309	-0.035	-0.3355
0.388	0.013	-0.175	0.222	0.3755
0.189	-0.111	0.104	-0.325	-0.065
0.729	0.107	0.136	0.156	0.282
0.723	0.712	0.505	0.588	0.21250000000000002
0.419	0.246	0.507	0.964	-0.1745
1.332	1.309	0.909	0.395	0.4115
-0.041	0.137	0.151	0.735	-0.103
0.255	0.176	0.541	0.625	-0.3255
-0.01	-0.41	0.464	0.386	-0.674
0.938	0.846	0.172	0.296	0.72
0.36	0.138	-0.297	0.731	0.546
0.285	-0.383	0.017	0.153	-0.06600000000000002
0.896	0.914	0.801	-0.033	0.10399999999999998
1.575	1.016	-0.098	-0.16	1.3935000000000002
1.657	1.722	0.273	0.467	1.4165
0.951	0.693	-0.402	-0.352	1.224
1.037	0.986	1.143	-0.132	-0.13150000000000017
0.793	0.623	0.148	0.233	0.5599999999999999
1.829	1.004	0.43	-0.454	0.9865000000000002
1.089	1.041	1.154	0.181	-0.08899999999999997
1.374	0.147	-0.55	-0.703	1.3105000000000002
0.966	0.419	0.327	0.256	0.3655
0.501	0.095	-1.125	-0.462	1.423
0.723	0.654	0.158	-0.981	0.5305
1.1	0.669	0.897	-0.013	-0.012499999999999956
1.571	1.205	0.101	-0.266	1.287
0.795	0.332	0.461	0.479	0.10249999999999998
1.174	0.693	0.96	0.471	-0.026499999999999968
0.677	0.547	0.465	0.019	0.14700000000000008
0.649	0.715	0.806	-0.033	-0.12400000000000011
0.167	-0.207	0.499	0.661	-0.519
0.674	0.548	0.365	0.529	0.246
0.541	0.358	0.348	-0.233	0.10150000000000003
1.862	1.113	0.147	-0.403	1.3405
0.365	-0.052	1.159	0.941	-1.0025
-0.097	-0.71	-0.816	-0.305	0.4125
1.035	0.193	0.209	-0.104	0.405
1.434	0.764	0.201	0.45	0.8979999999999999
0.673	1.138	0.868	1.01	0.03749999999999998
0.625	0.435	0.062	0.368	0.468
1.52	0.756	0.541	-0.295	0.5969999999999999
1.356	0.346	0.143	-0.13	0.708
1.183	0.896	0.175	-0.072	0.8645
1.202	0.781	0.602	0.046	0.38950000000000007
0.773	0.545	0.295	-0.265	0.36400000000000005
0.501	-0.119	0.114	-0.124	0.077
0.319	-0.179	-0.146	0.369	0.216
0.471	0.204	-0.022	-0.507	0.3595
0.498	-0.331	-0.648	-0.052	0.7315
-0.027	-1.061	-1.045	0.012	0.501
0.882	1.01	0.724	-0.275	0.22199999999999998
1.118	0.773	-0.163	0.476	1.1085
0.113	-0.191	0.106	0.221	-0.145
0.663	0.577	0.24	-0.046	0.38
1.135	0.745	0.962	-0.488	-0.02200000000000002
0.815	0.899	0.979	-0.212	-0.122
1.179	1.151	1.525	0.277	-0.3599999999999999
0.839	0.691	-0.428	-0.827	1.1929999999999998
1.174	1.146	0.634	-0.734	0.5259999999999999
1.211	1.315	-0.045	0.203	1.3079999999999998
-0.078	-0.704	1.113	0.716	-1.504
1.037	0.524	0.605	0.151	0.1755
1.149	0.502	-0.539	0.177	1.3645
0.523	-0.145	-0.601	-0.081	0.79
1.251	0.673	0.282	0.748	0.6799999999999999
0.361	0.551	0.198	-0.259	0.258
0.804	0.492	0.305	0.053	0.343
1.012	0.789	0.289	0.396	0.6115000000000002
0.848	0.305	-0.608	-0.379	1.1844999999999999
1.226	0.704	0.041	-0.497	0.9239999999999999
1.034	0.673	0.32	-0.063	0.5335000000000001
1.081	0.64	0.43	0.484	0.43050000000000005
0.992	0.223	-0.746	-1.082	1.3535
0.333	0.097	0.397	0.615	-0.182
0.936	0.605	0.647	0.503	0.12349999999999994
0.481	0.039	0.395	-0.493	-0.135
1.289	0.892	0.224	0.074	0.8665
0.584	0.589	0.684	0.622	-0.09750000000000003
1.46	1.215	0.739	-0.67	0.5984999999999999
1.417	1.47	1.103	0.295	0.3405
0.426	0.83	1.178	1.253	-0.5499999999999999
0.004	-0.454	0.172	0.152	-0.397
0.589	0.455	-0.035	-0.482	0.557
1.275	1.575	0.678	0.257	0.7469999999999998
0.936	0.965	0.646	0.085	0.3045
0.598	0.268	0.444	0.582	-0.01100000000000001
0.398	0.3	0.213	0.871	0.13599999999999998
0.966	0.159	0.273	0.292	0.2895
0.252	-0.813	-0.86	-0.026	0.5795
0.392	-0.304	0.143	0.451	-0.09899999999999998
1.492	1.166	0.678	-0.59	0.6509999999999999
0.79	0.51	0.554	0.183	0.09599999999999997
1.031	0.842	0.699	-0.108	0.23749999999999993
0.618	-0.075	0.032	0.733	0.23950000000000002
0.43	0.574	1.317	-0.293	-0.815
0.587	0.462	0.117	-0.047	0.4075
0.157	0.01	-0.011	0.024	0.0945
1.038	0.847	0.857	0.749	0.08550000000000002
0.805	1.119	0.699	-0.465	0.263
0.767	1.039	0.032	-0.305	0.871
0.489	0.152	-0.112	0.282	0.4325
1.084	0.736	0.135	0.366	0.775
0.061	0.084	0.238	-0.034	-0.16549999999999998
1.004	0.447	0.111	-0.288	0.6145
1.411	1.057	0.275	0.79	0.959
1.003	0.482	-0.622	0.231	1.3645
1.177	1.133	1.237	0.154	-0.08200000000000007
0.835	0.694	0.851	-0.519	-0.08650000000000002
0.92	0.208	-0.98	-0.927	1.544
0.64	0.308	-0.214	-0.692	0.688
1.325	1.051	0.939	0.057	0.249
0.471	0.443	0.73	1.079	-0.273
0.311	0.033	-0.262	0.559	0.434
1.555	1.27	0.606	-0.027	0.8065000000000001
0.889	0.457	-0.337	-0.489	1.01
0.282	-0.318	-0.157	0.167	0.13899999999999998
1.129	0.696	0.46	-0.186	0.45249999999999996
1.0	0.787	0.803	0.915	0.09049999999999991
0.679	0.568	1.18	0.921	-0.5565
0.992	0.565	0.069	0.338	0.7095
0.089	-0.84	-0.173	0.732	-0.2025
0.819	0.44	0.621	-0.193	0.008499999999999952
0.719	0.517	0.426	0.784	0.192
0.831	0.434	0.113	0.175	0.5195
0.656	0.73	0.453	0.58	0.24000000000000005
1.207	0.775	0.758	0.766	0.2330000000000001
1.424	1.023	0.419	0.922	0.8045
0.851	-0.513	-0.066	0.569	0.235
0.81	0.082	-0.375	0.201	0.821
0.521	0.078	-0.329	0.359	0.6285000000000001
0.836	0.691	0.401	0.558	0.36249999999999993
0.762	0.647	1.072	0.546	-0.36750000000000005
1.038	0.534	-0.115	0.167	0.901
0.928	0.704	0.373	0.761	0.44300000000000006
1.067	0.284	-0.217	0.038	0.8925
0.47	0.339	0.54	0.768	-0.13550000000000006
1.579	1.041	0.685	0.722	0.625
0.552	0.325	-0.229	0.701	0.6675
0.528	0.626	0.577	0.642	0.0
0.792	0.27	0.259	0.29	0.272
0.905	0.804	0.095	-0.508	0.7595000000000001
0.425	0.379	0.784	-0.843	-0.382
0.85	0.67	-0.233	-0.222	0.993
1.095	0.585	0.649	0.18	0.19099999999999995
0.721	0.448	-0.193	0.498	0.7775000000000001
0.262	0.307	0.492	0.284	-0.20750000000000002
1.092	0.595	0.499	0.004	0.34450000000000003
0.984	0.449	-0.488	-0.721	1.2045
0.741	0.697	0.444	-0.266	0.27499999999999997
0.978	0.476	-0.14	-0.104	0.867
1.252	1.04	0.727	-0.241	0.41899999999999993
1.105	0.887	-0.345	-0.616	1.341
0.678	0.271	-0.239	0.662	0.7135
0.533	0.437	0.491	0.636	-0.006000000000000005
0.995	0.659	0.658	0.528	0.16899999999999993
1.095	0.998	0.122	-0.238	0.9245
1.476	0.772	0.281	-0.134	0.8430000000000001
1.098	0.918	-0.015	-0.362	1.023
1.02	0.577	0.706	0.471	0.09250000000000003
0.955	0.894	0.818	0.767	0.10650000000000004
0.97	0.52	0.087	-0.28	0.658
0.634	-0.109	0.03	0.267	0.2325
1.136	1.316	0.632	0.052	0.594
1.037	1.254	0.264	0.223	0.8815
1.266	0.741	0.613	0.628	0.39050000000000007
0.822	0.242	0.552	0.549	-0.020000000000000018
0.862	0.898	0.693	0.686	0.18700000000000006
1.53	0.557	0.723	0.64	0.3205000000000001
0.691	0.196	-0.201	-0.621	0.6445000000000001
0.676	0.253	0.646	0.227	-0.1815
1.044	1.082	0.533	0.47	0.5300000000000001
0.841	1.204	1.242	0.892	-0.21950000000000003
0.712	0.008	-0.774	-0.267	1.134
1.057	0.497	-0.318	0.654	1.095
1.356	0.868	0.614	0.111	0.4980000000000001
0.732	-0.107	-0.11	1.234	0.4225
1.083	0.741	0.044	0.166	0.8679999999999999
0.012	-0.471	-0.108	-0.899	-0.12149999999999998
0.419	0.411	0.328	0.767	0.08699999999999997
1.343	0.655	0.685	0.4	0.31399999999999995
0.202	0.39	-0.833	-0.979	1.129
-0.402	-0.41	-0.038	1.167	-0.36800000000000005
1.557	0.978	0.34	-0.162	0.9275
0.667	0.235	-0.115	0.555	0.5660000000000001
0.941	0.586	-0.67	-0.272	1.4335
0.76	0.183	0.087	-0.55	0.38450000000000006
1.003	0.696	0.769	0.556	0.0804999999999999
1.018	0.583	0.373	0.448	0.4275
1.048	0.238	-0.103	-0.395	0.746
0.318	-0.102	-0.251	0.333	0.359
1.541	1.447	0.464	-0.038	1.03
0.938	0.843	-0.114	-1.163	1.0045
1.004	0.671	-0.056	-0.371	0.8935000000000001
1.125	1.003	0.06	-0.315	1.004
0.359	0.381	0.195	0.372	0.175
1.188	0.935	0.751	0.364	0.3105000000000001
0.789	0.537	0.169	0.873	0.494
1.204	0.372	0.279	0.378	0.509
0.438	0.27	0.437	0.706	-0.08300000000000002
0.515	0.094	-0.379	0.954	0.6835
1.117	0.578	0.432	-0.068	0.4154999999999999
1.115	0.589	0.103	-0.553	0.749
0.351	0.137	-0.13	0.769	0.374
0.705	0.297	0.373	1.097	0.128
0.716	0.44	0.108	0.25	0.47
0.802	-0.021	-1.06	0.052	1.4505000000000001
0.919	0.74	0.651	0.19	0.1785
0.596	0.06	0.195	-0.066	0.13299999999999995
0.025	0.016	0.417	0.129	-0.39649999999999996
1.046	0.594	1.261	0.085	-0.44099999999999984
1.03	0.847	0.655	0.373	0.2835
0.627	-0.21	-0.181	0.416	0.3895
0.953	0.534	-0.664	0.724	1.4075000000000002
0.14	0.395	0.822	-0.265	-0.5545
0.204	-0.455	-0.214	0.54	0.0885
1.026	0.481	-0.96	0.084	1.7135
0.973	0.978	0.067	0.45	0.9085000000000001
0.477	0.288	0.146	0.368	0.23649999999999996
1.19	0.775	0.463	0.467	0.5194999999999999
0.849	0.424	0.155	-0.044	0.48149999999999993
1.407	1.244	-0.35	-0.712	1.6755
0.935	0.41	0.14	-0.17	0.5325
1.007	0.63	-0.485	-0.563	1.3035
0.502	0.162	-0.167	0.628	0.499
1.784	0.615	0.474	-0.418	0.7255
0.499	0.351	0.018	0.064	0.407
1.124	0.682	-0.545	-0.488	1.448
1.185	0.974	-0.129	0.387	1.2085
1.562	1.154	0.201	-0.717	1.157
1.546	0.63	-0.179	-0.224	1.2670000000000001
0.4	0.17	-0.285	0.557	0.5700000000000001
0.503	-0.188	-0.638	-0.158	0.7955
1.232	0.917	-0.174	-0.477	1.2485
0.699	0.817	0.755	0.173	0.0030000000000000027
0.683	0.539	0.74	0.874	-0.129
0.662	0.173	0.608	1.082	-0.1905
0.646	0.629	1.03	0.76	-0.39250000000000007
0.071	-0.002	0.852	0.892	-0.8175
0.212	-0.201	-0.143	-0.691	0.14849999999999997
0.896	0.533	0.354	0.208	0.36050000000000004
1.271	0.37	0.501	0.111	0.3195
1.294	0.714	0.397	-0.428	0.607
0.657	0.231	0.207	-0.072	0.23700000000000002
0.921	0.948	-0.003	-1.287	0.9375
0.733	0.638	-0.151	-0.032	0.8365
1.264	1.071	0.812	-0.211	0.3554999999999999
0.701	0.493	0.729	-0.445	-0.132
0.926	0.402	1.034	0.658	-0.37
0.838	0.705	0.248	-0.079	0.5235
0.712	0.644	0.62	0.092	0.05799999999999994
0.248	-0.758	-0.739	0.182	0.484
0.926	0.569	0.63	-0.775	0.11750000000000005
0.815	0.384	0.406	0.262	0.1934999999999999
1.04	0.927	0.066	-1.426	0.9175
1.204	0.516	0.227	0.665	0.633
1.58	1.195	0.018	-0.256	1.3695000000000002
0.47	-0.036	0.49	0.308	-0.273
1.815	1.2	0.582	-0.309	0.9254999999999999
0.888	0.837	0.518	0.17	0.34450000000000003
1.15	0.969	0.872	-0.139	0.1874999999999999
1.247	1.062	0.799	-0.013	0.35550000000000004
1.119	0.727	0.275	0.703	0.648
0.445	-0.038	-0.134	0.809	0.3375
0.881	-0.061	-0.201	-0.822	0.611
1.185	0.281	-0.812	0.076	1.5450000000000002
0.743	1.029	0.308	-0.093	0.5779999999999998
0.734	0.959	0.946	0.296	-0.09949999999999992
0.792	0.213	-0.279	-0.748	0.7815000000000001
0.939	0.773	0.599	1.014	0.257
1.193	0.739	1.088	1.282	-0.12200000000000011
0.523	0.189	-0.553	-0.263	0.909
0.606	0.342	-0.199	0.843	0.673
0.972	0.949	0.247	0.391	0.7134999999999999
1.137	0.584	0.471	-0.806	0.38950000000000007
1.245	-0.1	-0.508	-0.11	1.0805
0.99	1.005	0.215	0.355	0.7825
0.99	1.052	1.242	0.749	-0.22100000000000009
0.674	0.95	0.742	0.282	0.07000000000000006
0.682	0.154	0.385	0.355	0.03300000000000003
1.039	0.651	0.824	0.432	0.02100000000000002
1.345	0.805	0.104	0.231	0.971
0.901	0.805	0.175	0.558	0.6779999999999999
0.817	0.577	0.045	-0.072	0.6519999999999999
0.58	0.601	0.019	-0.62	0.5715
1.086	0.748	0.129	-0.362	0.788
0.51	0.727	0.8	0.443	-0.1815
1.163	0.708	0.211	0.861	0.7245
0.627	0.742	0.643	-1.007	0.04149999999999998
0.112	0.087	0.338	0.609	-0.23850000000000002
0.868	0.773	0.18	-0.486	0.6405000000000001
0.659	0.993	1.215	1.095	-0.389
1.182	1.136	0.829	0.092	0.32999999999999985
1.189	0.576	0.118	-0.044	0.7645000000000001
1.065	1.089	0.403	-0.48	0.6739999999999999
0.65	0.514	-0.165	-0.37	0.7470000000000001
1.119	0.709	0.891	0.344	0.02299999999999991
0.048	0.323	-0.462	0.297	0.6475
0.762	0.481	0.296	0.544	0.32549999999999996
0.702	0.335	0.905	0.505	-0.38650000000000007
0.47	-0.112	-0.116	0.321	0.295
1.92	1.631	0.738	0.743	1.0375
1.315	1.141	0.567	0.169	0.661
0.131	0.199	0.299	0.84	-0.13399999999999998
0.519	0.642	-0.505	0.473	1.0855000000000001
1.246	0.384	-0.09	-1.235	0.9049999999999999
0.778	0.1	-0.219	-0.741	0.658
0.494	0.091	0.182	0.549	0.11049999999999999
1.497	1.055	0.659	0.222	0.617
0.914	0.643	-0.414	-0.468	1.1925
1.1	0.441	-0.116	0.326	0.8865000000000001
-0.057	0.283	0.334	0.307	-0.22100000000000003
1.079	0.837	0.677	0.476	0.2809999999999999
1.151	0.328	-0.383	0.019	1.1225
0.516	0.584	0.437	-0.173	0.11300000000000004
0.472	-0.184	0.072	-0.199	0.072
0.651	0.667	0.729	0.235	-0.06999999999999995
0.101	-0.461	0.301	0.65	-0.481
0.4	0.208	-0.016	-0.161	0.32
0.782	0.461	-0.127	0.403	0.7485
0.523	0.2	-0.071	0.047	0.43250000000000005
0.72	0.743	-0.395	-0.899	1.1265
0.86	0.826	-0.536	-0.51	1.379
1.289	1.109	0.123	-0.082	1.0759999999999998
0.969	0.323	0.404	1.277	0.242
1.126	1.31	0.869	0.626	0.349
0.811	0.427	0.193	0.094	0.426
0.617	0.921	-0.189	-1.168	0.958
0.562	0.459	0.625	-0.273	-0.11449999999999994
0.755	0.475	0.686	0.569	-0.07100000000000006
0.776	0.317	0.136	0.779	0.4105
1.066	0.816	0.368	-0.596	0.5730000000000001
1.4	1.19	0.321	-0.273	0.974
1.143	1.116	0.394	0.343	0.7355000000000002
0.907	0.405	-0.133	-0.589	0.789
1.408	1.034	0.657	-0.298	0.5640000000000001
1.207	0.712	0.284	-0.576	0.6755
0.327	0.471	0.715	0.976	-0.31599999999999995
0.96	0.996	0.783	0.551	0.19499999999999995
0.855	0.739	0.462	0.525	0.3349999999999999
1.142	0.703	-0.029	0.188	0.9514999999999999
0.943	0.527	0.368	0.685	0.367
0.593	0.313	0.76	0.549	-0.30700000000000005
0.785	0.68	0.637	0.582	0.09550000000000003
1.011	0.514	-0.006	-0.312	0.7685
1.164	0.673	0.114	-0.289	0.8045
0.875	0.736	-0.115	-1.28	0.9205
1.112	0.297	-0.574	0.138	1.2785
0.942	0.54	0.043	0.209	0.698
0.784	0.848	0.394	0.133	0.42200000000000004
1.047	0.767	0.441	0.547	0.466
0.686	0.368	0.292	0.975	0.23500000000000004
1.407	1.016	-0.206	-0.972	1.4175
1.07	0.561	1.102	0.374	-0.2865
0.566	0.461	-0.029	-0.388	0.5425
1.443	1.215	0.519	-0.506	0.8100000000000002
0.99	0.533	-0.264	0.346	1.0255
0.908	0.666	0.368	0.266	0.41900000000000004
0.794	0.822	1.226	1.165	-0.4179999999999999
0.774	0.713	0.467	0.122	0.2765
0.34	0.283	0.659	0.381	-0.34750000000000003
0.136	-0.064	-0.026	0.049	0.062
0.804	-0.183	0.086	0.078	0.2245
1.19	0.458	0.324	0.805	0.49999999999999994
1.122	0.36	0.059	-0.586	0.6820000000000002
0.552	0.563	1.036	0.153	-0.47850000000000004
0.859	0.616	0.579	-0.031	0.15850000000000009
0.967	0.665	0.26	-0.227	0.556
1.053	1.045	0.738	0.54	0.31099999999999994
0.178	0.696	0.57	0.34	-0.133
0.793	0.687	0.509	0.426	0.23099999999999998
0.901	-0.308	-0.409	-0.356	0.7055
0.181	-0.064	-0.071	-0.131	0.1295
0.273	0.35	-0.398	0.164	0.7095
0.559	0.354	0.647	-0.018	-0.1905
0.712	0.607	0.593	0.95	0.0665
0.96	0.667	0.358	0.26	0.4555
1.325	0.45	-0.422	0.694	1.3094999999999999
1.08	0.791	-0.145	-1.012	1.0805
0.953	0.231	-0.119	-0.223	0.711
0.833	0.674	0.412	0.296	0.3415000000000001
0.841	0.287	0.237	0.225	0.32699999999999996
1.459	1.401	0.796	-0.094	0.6340000000000001
0.685	0.808	0.493	-0.432	0.25350000000000006
1.269	0.709	0.114	-0.535	0.8749999999999999
1.235	0.799	0.115	0.09	0.9020000000000001
1.535	1.549	0.188	-0.406	1.3539999999999999
0.488	0.565	0.401	-0.386	0.12549999999999994
0.785	-0.127	-0.174	0.192	0.503
0.995	0.237	-0.11	-0.096	0.726
1.094	0.769	-0.354	0.036	1.2854999999999999
0.586	0.262	0.501	0.119	-0.07700000000000001
0.747	0.01	-0.109	0.195	0.4875
1.028	1.358	1.111	0.006	0.08200000000000007
1.078	0.993	0.582	-0.14	0.4535000000000001
0.048	-0.598	-0.726	0.442	0.451
0.041	-0.01	-0.404	-0.486	0.41950000000000004
1.187	0.223	0.376	0.606	0.32900000000000007
0.623	0.67	1.373	0.448	-0.7264999999999999
0.457	0.226	0.269	-0.018	0.07250000000000001
0.425	-0.156	-0.01	0.628	0.14450000000000002
1.106	0.671	0.391	0.414	0.49750000000000005
0.868	0.675	0.285	-0.263	0.4865000000000001
1.095	0.775	0.171	0.118	0.764
0.878	0.267	0.423	-0.142	0.14950000000000002
0.864	-0.095	-0.064	-0.012	0.4485
1.537	0.761	-0.014	-0.115	1.163
1.21	0.514	-0.044	0.95	0.906
1.042	0.493	0.553	-0.268	0.21450000000000002
0.423	0.157	-0.493	0.058	0.7829999999999999
0.801	0.427	-0.38	-0.51	0.994
0.968	0.654	0.32	-0.364	0.49099999999999994
1.113	0.892	0.501	0.584	0.5015
0.698	0.809	0.304	0.381	0.44950000000000007
0.908	0.268	-0.115	0.184	0.7030000000000001
1.268	0.56	-0.31	-0.111	1.224
1.367	0.682	0.834	0.53	0.1905
0.93	0.984	0.411	0.639	0.546
1.568	0.723	0.006	0.338	1.1395
1.157	0.037	-1.095	-0.439	1.692
1.155	0.476	-0.055	-0.812	0.8705
0.675	0.717	1.051	-0.175	-0.355
0.773	0.205	-0.243	0.821	0.732
0.199	-0.397	0.12	0.57	-0.219
-0.09	-0.353	0.235	1.027	-0.45649999999999996
0.619	0.853	0.407	-0.609	0.329
-0.184	-0.135	0.03	-0.233	-0.1895
0.479	0.165	-0.501	0.221	0.823
0.809	0.046	0.312	-0.054	0.11550000000000005
0.895	0.302	-0.58	0.274	1.1785
1.222	0.505	-0.051	0.2	0.9145
1.204	0.982	1.358	0.049	-0.2650000000000001
1.48	0.618	-0.429	-0.079	1.478
0.973	0.836	-0.033	0.069	0.9375
0.726	0.768	0.854	0.486	-0.10699999999999998
1.835	1.402	0.117	0.311	1.5015
1.275	0.663	-0.056	0.665	1.025
1.486	0.895	0.321	0.704	0.8695000000000002
0.413	0.523	-0.246	-0.437	0.714
1.184	1.007	1.047	-0.207	0.04849999999999999
0.857	-0.122	-0.885	-0.012	1.2525
1.339	0.85	1.429	0.24	-0.3345
1.09	1.053	1.025	0.492	0.046499999999999986
0.243	0.011	-0.44	-0.85	0.567
1.27	0.927	0.226	0.675	0.8725
1.287	1.044	0.99	0.649	0.1755
1.418	0.935	0.851	-0.827	0.3254999999999999
0.596	0.157	0.3	0.776	0.07650000000000001
0.88	0.302	-0.045	-0.115	0.636
0.723	0.204	0.527	0.027	-0.06350000000000006
0.664	0.138	0.183	-0.177	0.21800000000000003
1.143	0.853	0.52	-0.39	0.478
0.882	0.478	0.072	0.637	0.608
0.152	-0.068	0.014	-0.005	0.027999999999999997
1.367	0.915	0.26	0.153	0.881
1.301	1.178	0.191	0.678	1.0485
0.594	0.211	-0.404	-1.138	0.8065
0.941	0.903	0.803	0.43	0.11899999999999988
0.822	0.495	-0.618	-0.969	1.2765
1.363	0.481	0.171	0.123	0.7509999999999999
0.918	0.51	0.279	0.416	0.43499999999999994
0.512	0.428	0.928	0.175	-0.4580000000000001
0.17	0.023	-0.208	0.506	0.3045
1.031	0.481	-0.152	0.281	0.908
0.12	-0.01	0.343	-0.136	-0.28800000000000003
0.48	0.077	0.161	0.512	0.11749999999999997
1.44	0.675	0.557	-0.102	0.5005000000000001
1.572	0.812	0.22	-0.34	0.9720000000000002
1.419	1.103	-0.24	-1.229	1.5010000000000001
0.853	0.497	0.163	0.338	0.512
0.627	0.878	0.458	0.343	0.29449999999999993
0.525	0.644	1.078	0.602	-0.49350000000000005
0.548	0.223	0.277	0.403	0.10849999999999999
1.176	1.37	1.169	0.931	0.10400000000000009
1.54	0.921	0.043	-0.001	1.1875000000000002
0.816	0.333	0.136	-0.441	0.4385
0.787	1.083	1.051	0.101	-0.11599999999999988
0.559	0.473	0.171	-0.215	0.345
0.814	0.972	0.539	-0.325	0.354
0.778	0.67	1.039	0.604	-0.31499999999999995
1.535	1.102	0.889	0.49	0.4295
1.161	0.977	0.534	0.329	0.5349999999999999
0.694	0.671	0.739	0.897	-0.056499999999999995
1.211	0.914	0.595	0.79	0.4675
1.78	0.95	0.516	0.786	0.849
-0.278	0.361	0.158	0.474	-0.11650000000000002
0.499	0.78	0.917	0.88	-0.2775000000000001
1.084	0.939	0.865	0.664	0.14650000000000007
0.523	0.367	0.308	0.444	0.137
0.648	0.27	-0.107	0.044	0.5660000000000001
1.391	0.922	0.637	-0.661	0.5195000000000001
1.894	1.421	0.951	0.113	0.7065
1.194	1.19	1.252	1.25	-0.06000000000000005
1.236	0.433	0.457	0.575	0.3775
0.077	0.118	0.408	0.748	-0.3105
0.735	-0.191	0.189	0.207	0.08300000000000002
0.615	0.455	0.25	0.397	0.28500000000000003
0.668	0.561	0.135	-0.71	0.47950000000000004
0.47	-0.28	-0.468	0.359	0.563
0.888	0.136	-0.551	1.01	1.0630000000000002
1.098	0.89	0.506	-0.14	0.488
0.643	0.511	-0.667	-0.489	1.244
1.109	0.4	-0.309	-0.33	1.0635
1.077	1.406	0.724	0.877	0.5174999999999998
1.132	1.335	1.018	0.517	0.2154999999999998
0.665	-0.142	-0.54	0.001	0.8015000000000001
1.156	0.461	0.019	0.123	0.7895
1.165	0.913	0.272	-0.195	0.7670000000000001
0.814	0.914	1.553	0.424	-0.689
0.458	0.498	0.674	0.812	-0.19600000000000006
0.358	-0.111	0.04	0.133	0.08349999999999999
0.855	-0.117	-0.364	0.188	0.733
0.833	0.595	1.528	0.421	-0.8140000000000001
0.542	0.404	0.087	-0.359	0.386
0.916	0.495	-1.192	-0.912	1.8975
1.392	0.469	-0.474	0.337	1.4044999999999999
1.292	0.712	-0.104	-1.098	1.106
0.159	-0.208	0.221	-0.467	-0.2455
1.3	0.187	-0.398	-0.594	1.1415000000000002
0.317	0.118	-0.431	0.102	0.6485
0.248	-0.075	-0.134	0.934	0.2205
0.515	0.505	0.477	-0.349	0.03300000000000003
0.493	0.29	0.115	0.276	0.27649999999999997
0.72	0.695	0.084	0.17	0.6235
0.931	0.824	0.646	-0.634	0.23149999999999993
1.547	1.007	0.211	0.033	1.0659999999999998
0.399	0.443	0.184	0.274	0.23700000000000004
1.008	0.562	1.108	-0.229	-0.32300000000000006
1.236	0.896	0.315	-0.29	0.7510000000000001
0.821	0.572	0.747	0.149	-0.0505000000000001
0.973	0.809	-0.08	-0.425	0.971
0.918	1.125	0.177	0.167	0.8445
1.352	1.108	0.772	0.107	0.45799999999999996
0.538	0.011	-0.205	-0.375	0.47950000000000004
0.916	0.545	-0.245	-0.334	0.9755
0.147	-0.116	-0.444	0.743	0.4595
1.884	1.373	0.455	0.147	1.1734999999999998
1.146	1.173	0.977	-0.503	0.1825
0.642	0.573	0.905	1.136	-0.2975000000000001
0.618	0.301	0.418	1.023	0.04150000000000004
0.984	0.288	-0.048	0.142	0.684
1.37	0.477	-1.317	0.462	2.2405
1.352	0.948	-0.075	0.108	1.2249999999999999
1.467	0.693	0.373	-0.102	0.7070000000000001
0.615	0.822	0.22	-0.333	0.49849999999999994
0.563	-0.133	-0.358	-0.16	0.573
0.624	-0.099	-0.016	0.438	0.2785
0.804	0.576	0.605	0.149	0.08499999999999996
0.781	0.829	0.789	0.435	0.015999999999999903
0.745	0.622	-0.079	0.434	0.7625
0.828	0.67	-0.249	0.77	0.998
0.71	0.809	0.155	0.362	0.6045
0.607	0.501	0.779	0.67	-0.22499999999999998
1.011	0.446	-0.584	-0.755	1.3125
1.487	1.174	0.101	-0.214	1.2295
0.949	0.557	0.077	-0.371	0.676
1.239	0.229	0.379	0.284	0.3550000000000001
0.871	0.915	0.927	0.624	-0.03400000000000003
0.82	0.129	-0.733	-0.477	1.2075
0.967	0.824	0.98	-0.173	-0.08450000000000002
0.537	0.273	-0.538	0.25	0.9430000000000001
0.855	0.506	0.485	-0.015	0.1955
0.001	0.247	0.359	0.33	-0.235
1.091	0.651	-0.9	-0.458	1.771
1.223	0.337	-0.255	0.1	1.0350000000000001
0.781	0.612	1.269	0.125	-0.5724999999999999
0.772	0.738	-0.701	0.163	1.456
0.776	0.936	0.978	0.66	-0.12199999999999989
1.372	0.382	-0.577	-0.193	1.454
0.939	0.623	0.582	0.912	0.19899999999999995
1.006	0.77	0.201	-0.305	0.687
1.014	0.527	1.07	0.478	-0.2995000000000001
1.148	1.182	0.441	0.835	0.724
0.75	0.536	0.602	0.294	0.041000000000000036
1.088	0.669	0.936	0.604	-0.057499999999999996
0.491	-0.241	-0.026	0.975	0.151
0.532	0.735	1.027	-0.261	-0.39349999999999996
1.336	0.818	-0.363	-0.262	1.44
0.459	0.466	1.004	-0.109	-0.5415
0.729	0.662	0.547	0.243	0.14849999999999997
0.981	0.93	0.645	-0.681	0.3105
0.597	0.917	0.189	0.365	0.5680000000000001
1.257	0.021	-1.185	-0.788	1.8239999999999998
0.258	0.291	-0.014	-0.388	0.2885
0.558	-0.002	-0.22	0.389	0.498
0.814	0.545	0.714	-0.398	-0.034499999999999975
0.485	0.494	0.635	1.026	-0.14550000000000002
0.76	0.406	0.575	0.656	0.008000000000000007
1.092	0.238	-0.042	-0.292	0.7070000000000001
0.746	0.765	-0.117	-0.471	0.8725
0.876	1.054	0.595	0.449	0.3700000000000001
0.907	0.987	-0.04	0.649	0.9870000000000001
0.874	0.642	0.189	-0.01	0.569
0.928	0.292	0.587	0.692	0.02300000000000002
1.129	0.703	0.93	0.562	-0.014000000000000123
0.583	0.336	0.147	-0.015	0.3125
0.961	0.678	0.058	0.124	0.7615
0.434	0.675	0.984	0.364	-0.4295
1.05	0.385	0.216	-0.4	0.5015000000000001
0.948	0.827	0.845	-0.421	0.04249999999999998
0.979	0.803	0.316	0.085	0.575
0.936	1.152	0.791	-0.295	0.253
0.902	1.068	0.677	0.369	0.30800000000000005
1.268	1.096	0.094	-0.593	1.0879999999999999
1.197	0.928	-0.036	-0.661	1.0985
1.162	0.878	-0.409	-0.924	1.429
1.585	0.942	0.358	0.088	0.9055000000000001
1.368	0.809	-0.351	-0.091	1.4395
1.045	0.699	0.192	0.116	0.6799999999999999
0.362	0.218	-0.365	0.38	0.655
0.224	-0.357	-0.227	0.585	0.16050000000000003
1.614	0.714	0.706	0.441	0.4580000000000002
0.967	0.764	0.139	-0.153	0.7264999999999999
1.003	0.637	-0.527	-1.036	1.347
1.282	0.858	0.724	0.221	0.3460000000000001
-0.189	-0.588	0.17	-0.213	-0.5585
0.182	-0.47	-0.761	-0.629	0.617
0.491	0.804	1.501	0.356	-0.8534999999999999
0.98	1.025	0.05	-0.466	0.9524999999999999
1.41	0.722	0.543	1.255	0.5229999999999998
0.877	0.318	-0.666	-0.678	1.2635
0.731	0.543	0.798	0.601	-0.16100000000000003
0.562	0.477	0.098	-0.067	0.4215000000000001
1.126	0.549	-0.427	-1.388	1.2645
1.153	0.98	0.376	-0.497	0.6905
0.875	0.796	0.026	-0.066	0.8095
0.848	-0.133	-1.346	0.263	1.7035
1.934	0.591	0.239	0.021	1.0234999999999999
1.128	0.533	-0.012	-0.509	0.8425
0.808	0.247	0.515	0.462	0.012500000000000067
0.468	0.051	-0.723	0.004	0.9824999999999999
0.987	0.788	0.461	0.021	0.42649999999999993
1.302	0.499	0.377	0.549	0.5235000000000001
0.732	0.138	-0.39	-1.204	0.825
0.446	-0.613	-0.961	0.498	0.8775
0.94	0.103	0.305	0.376	0.21649999999999997
1.07	0.699	0.209	0.838	0.6755000000000001
1.029	0.809	0.372	0.854	0.547
1.929	0.982	0.055	-0.151	1.4005
1.157	0.756	-0.381	0.225	1.3375
0.965	0.804	0.59	-0.253	0.2945000000000001
0.193	-0.408	-0.469	-0.373	0.3615
1.459	1.179	-0.059	0.359	1.378
0.185	-0.73	0.37	0.255	-0.6425
0.833	0.618	0.509	-0.734	0.21650000000000003
1.164	0.412	-0.455	-0.104	1.2429999999999999
1.159	0.615	0.747	0.198	0.14
0.317	-0.63	-1.296	-0.816	1.1395
0.605	-0.509	-1.14	-0.498	1.188
0.722	0.612	0.149	0.215	0.518
1.298	0.919	1.084	0.505	0.024499999999999966
0.952	0.722	-0.166	0.33	1.003
1.15	0.56	0.173	0.751	0.6819999999999999
0.44	0.088	0.221	0.609	0.04300000000000001
0.433	0.295	0.008	-0.382	0.356
0.322	-0.055	-0.189	0.514	0.3225
1.07	0.439	0.207	-0.321	0.5475000000000001
1.195	0.432	0.163	0.423	0.6505
1.012	-0.013	0.188	-0.393	0.3115
0.772	0.661	-0.379	-0.163	1.0955
0.515	-0.434	-0.555	-0.666	0.5955
-0.13	0.311	0.712	0.093	-0.6214999999999999
0.133	0.071	0.051	0.523	0.05100000000000001
0.515	-0.105	0.016	0.287	0.189
1.201	0.347	0.303	0.202	0.47100000000000003
1.101	0.856	0.97	0.628	0.008499999999999952
0.968	0.355	-0.535	-0.596	1.1965
0.908	0.476	0.635	0.767	0.05699999999999994
0.411	0.097	0.109	-0.479	0.14500000000000002
0.753	0.743	1.367	0.411	-0.619
0.733	0.322	0.345	-0.808	0.1825
0.975	0.532	0.72	0.143	0.033500000000000085
0.635	-0.081	0.075	-0.384	0.202
0.757	-0.028	-0.521	-0.053	0.8855
1.254	0.878	0.021	0.186	1.0450000000000002
0.971	0.773	-0.594	0.052	1.466
0.637	0.736	0.537	0.594	0.14949999999999997
0.776	0.125	0.678	0.396	-0.22750000000000004
1.315	1.058	0.307	-0.161	0.8795000000000002
1.219	0.857	0.272	-0.821	0.766
0.741	0.118	0.885	0.837	-0.4555
1.21	0.618	0.905	0.723	0.008999999999999897
0.678	0.24	-0.497	-0.281	0.956
1.039	0.881	-0.748	0.393	1.708
1.857	1.039	0.736	0.791	0.712
1.344	1.219	0.692	-0.162	0.5895000000000001
1.931	1.127	0.436	-0.458	1.093
0.206	0.629	-0.068	-0.313	0.4855
0.637	0.328	-0.428	1.016	0.9105000000000001
0.51	-0.056	-0.654	-0.544	0.881
0.71	0.259	0.186	1.058	0.2985
0.477	0.461	-0.028	0.365	0.497
0.422	-0.032	-0.716	-0.635	0.911
0.758	0.757	0.25	-0.448	0.5075000000000001
1.408	1.419	-0.257	-0.384	1.6705
1.042	0.841	0.37	0.67	0.5715
1.497	0.958	0.391	0.363	0.8365
0.386	-0.67	-0.844	0.052	0.702
0.533	0.603	0.789	0.483	-0.22099999999999997
1.144	1.088	-0.589	-0.572	1.705
0.364	-0.436	-0.571	-1.062	0.5349999999999999
0.267	0.227	1.321	0.572	-1.0739999999999998
0.693	0.235	-0.477	0.202	0.941
0.913	0.953	0.89	0.976	0.04300000000000004
0.656	-0.466	-0.611	0.292	0.706
0.973	0.371	0.318	-0.173	0.3539999999999999
0.526	0.198	0.392	0.631	-0.030000000000000027
1.2	0.662	-0.12	0.118	1.0510000000000002
1.374	0.802	-0.09	-0.106	1.1780000000000002
1.198	0.99	0.567	-0.152	0.5269999999999999
0.521	0.338	-0.002	0.712	0.4315
0.514	0.218	0.221	1.055	0.145
0.581	0.249	-0.024	0.111	0.439
0.678	0.287	-0.391	-0.11	0.8735
0.863	0.349	0.126	0.778	0.48
1.145	0.345	0.763	0.122	-0.018000000000000016
1.629	0.873	-0.325	-0.048	1.5759999999999998
1.176	0.603	0.394	0.712	0.49549999999999994
0.677	0.723	0.935	0.48	-0.2350000000000001
0.576	0.278	-0.03	-1.239	0.45699999999999996
0.837	0.478	0.515	0.574	0.14249999999999996
0.921	0.711	0.685	-0.304	0.131
0.92	0.848	1.29	0.928	-0.406
0.928	0.85	0.327	0.743	0.562
0.918	0.368	-0.277	-0.147	0.92
1.135	0.516	-0.467	-0.32	1.2925
0.933	0.86	-0.133	-0.975	1.0295
0.588	0.525	0.118	0.936	0.4385
0.893	0.36	0.123	1.216	0.5035000000000001
0.918	0.909	0.462	-0.363	0.45149999999999996
0.378	0.481	0.445	0.741	-0.015500000000000014
1.412	0.877	0.64	-0.033	0.5044999999999998
0.358	1.068	0.654	0.687	0.05900000000000005
0.638	0.262	0.752	0.487	-0.302
0.777	0.103	-1.115	0.146	1.555
1.033	0.857	-0.587	-0.266	1.532
0.497	0.163	-0.451	-0.843	0.781
1.485	1.159	0.438	0.033	0.8840000000000001
0.368	0.483	-0.433	-0.282	0.8585
0.997	0.551	-0.187	-1.136	0.9610000000000001
0.836	0.55	-0.216	-0.287	0.909
0.672	0.55	0.261	0.267	0.35
0.846	0.529	-0.228	-0.984	0.9155
0.797	0.279	0.548	0.721	-0.010000000000000009
0.373	-0.349	0.18	0.348	-0.16799999999999998
1.25	0.955	1.065	0.548	0.03750000000000009
0.797	0.781	0.706	0.127	0.08300000000000007
0.585	-0.358	-0.636	0.378	0.7495
0.393	0.179	0.528	-0.909	-0.242
1.249	0.724	0.313	0.646	0.6735
1.181	0.768	0.864	-0.338	0.11050000000000004
0.973	1.066	0.374	0.091	0.6455000000000001
0.979	0.278	-0.538	0.118	1.1665
0.771	0.651	0.498	-0.044	0.21300000000000008
0.991	1.053	0.248	0.4	0.774
0.861	0.192	-0.337	0.013	0.8634999999999999
0.661	0.57	0.09	0.56	0.5255
1.049	0.676	0.221	-0.35	0.6415000000000001
1.059	0.994	-0.028	-1.386	1.0545
0.309	0.345	-0.038	-0.08	0.36499999999999994
1.198	1.019	0.957	-1.254	0.15149999999999986
1.122	0.688	0.002	-0.892	0.903
0.746	0.445	0.054	0.55	0.5415
1.349	1.003	-0.524	-0.644	1.7
0.915	0.654	0.843	0.18	-0.058499999999999996
0.533	-0.167	-0.601	-0.278	0.784
0.964	0.989	0.825	-0.125	0.15149999999999997
1.383	0.899	0.557	1.086	0.584
0.597	0.644	1.058	0.814	-0.4375
0.601	0.387	0.495	0.093	-0.0010000000000000009
0.872	0.402	-0.563	-0.632	1.2
1.609	1.019	1.006	-0.033	0.30800000000000005
0.859	-0.292	-1.063	-1.539	1.3464999999999998
0.609	0.793	0.989	-0.215	-0.2879999999999999
0.983	0.854	-0.402	0.253	1.3205
0.03	-0.597	-0.786	-0.88	0.5025000000000001
0.314	-0.345	0.771	0.149	-0.7865
0.174	-0.419	-1.037	-1.006	0.9144999999999999
0.751	0.882	0.902	0.775	-0.08550000000000002
0.243	-0.375	-0.999	0.49	0.933
0.702	-0.214	-0.282	-0.15	0.526
1.305	1.358	0.299	-0.517	1.0325000000000002
0.335	0.112	-0.688	-0.355	0.9115
1.007	0.703	0.392	0.837	0.46299999999999997
0.8	0.383	0.081	-0.235	0.5105000000000001
0.431	0.241	0.18	0.116	0.15599999999999997
1.693	0.463	0.229	0.445	0.8490000000000001
0.982	0.779	0.307	-0.288	0.5735000000000001
1.123	0.767	0.538	0.931	0.40700000000000003
0.953	0.509	0.101	-0.562	0.63
1.457	0.908	-0.76	-0.96	1.9425000000000001
1.037	1.119	0.222	-0.075	0.8559999999999999
0.842	0.388	0.537	-0.32	0.07799999999999996
1.034	0.4	-0.294	-0.636	1.0110000000000001
1.415	1.102	-0.601	-0.358	1.8595000000000002
0.916	0.443	-0.929	0.222	1.6085
0.538	0.201	-0.228	-0.39	0.5975
0.929	0.643	0.767	1.178	0.019000000000000017
0.944	0.824	-0.314	-1.077	1.198
0.567	0.629	0.561	-0.91	0.03699999999999992
0.522	-0.166	0.288	0.785	-0.10999999999999999
1.776	1.309	-0.28	-0.272	1.8225
1.541	1.225	0.849	0.057	0.534
0.191	-0.139	-0.242	1.095	0.268
0.778	-0.258	0.253	-0.659	0.007000000000000006
1.417	1.617	0.944	0.328	0.573
1.426	1.279	0.213	-0.263	1.1395
0.845	0.79	0.195	0.281	0.6225
0.265	-0.409	-0.458	0.613	0.386
1.241	0.691	-0.038	-0.417	1.004
1.306	1.006	0.422	0.924	0.7340000000000002
1.385	1.137	1.233	1.069	0.028000000000000025
1.221	0.746	-0.22	-0.02	1.2035
1.242	1.205	0.432	-0.193	0.7915000000000001
0.825	0.998	0.539	0.767	0.37249999999999994
0.645	-0.321	-0.562	-0.144	0.7240000000000001
0.513	0.481	0.186	0.301	0.311
1.316	0.079	-0.383	0.804	1.0805
1.032	1.12	1.29	-0.273	-0.21399999999999997
0.426	0.637	0.773	-0.553	-0.24150000000000005
1.394	0.94	0.126	0.513	1.041
0.101	0.076	0.169	0.046	-0.08050000000000002
0.89	0.699	0.026	0.752	0.7685
-0.004	-0.49	-0.518	-0.587	0.271
1.145	0.343	0.253	-0.091	0.491
0.92	0.606	-0.227	0.205	0.99
1.36	0.567	0.275	0.328	0.6885
1.186	0.826	1.112	0.35	-0.1060000000000001
0.834	0.313	-0.034	0.586	0.6075
0.716	0.375	0.102	0.023	0.4435
0.887	0.763	-0.513	0.03	1.338
0.679	0.455	0.572	0.841	-0.004999999999999893
0.8	0.309	0.534	0.422	0.020499999999999963
1.132	0.65	-0.102	0.221	0.993
1.421	0.562	-0.034	0.766	1.0255
1.11	0.656	-0.14	-0.286	1.0230000000000001
0.448	-0.254	0.025	0.373	0.07200000000000001
0.816	0.588	0.79	0.488	-0.08800000000000008
1.163	1.092	0.804	-0.31	0.3234999999999999
0.471	0.327	-0.063	0.216	0.462
0.496	0.894	0.54	0.085	0.15500000000000003
-0.209	-0.057	-0.276	0.189	0.14300000000000002
1.092	1.308	0.647	0.022	0.5530000000000002
1.114	1.09	0.637	0.407	0.4650000000000001
0.849	0.287	-0.166	-0.024	0.734
1.029	1.037	0.001	-0.449	1.032
1.249	1.024	0.964	0.262	0.1725000000000001
0.796	0.456	0.049	-0.71	0.577
1.064	0.54	0.796	0.443	0.006000000000000005
0.504	-0.089	0.266	-1.088	-0.058499999999999996
1.521	1.046	0.402	-1.116	0.8815000000000001
1.044	0.941	0.855	0.746	0.13749999999999996
0.53	0.513	0.261	0.219	0.26050000000000006
0.827	0.745	0.499	-0.138	0.28700000000000003
1.181	0.865	0.187	-0.836	0.8360000000000001
0.89	0.89	0.719	-0.141	0.17100000000000004
1.429	1.203	-0.085	-1.004	1.401
0.973	0.447	-0.921	-0.532	1.631
0.901	0.119	-0.78	-0.588	1.29
0.813	0.844	1.08	0.263	-0.25150000000000006
1.138	0.331	-0.155	0.161	0.8895
0.098	-0.5	-0.05	0.13	-0.15100000000000002
0.437	0.355	0.4	0.047	-0.0040000000000000036
1.641	0.857	-0.703	0.318	1.952
0.611	0.385	-0.166	0.151	0.664
0.87	0.255	0.281	-0.478	0.2815
1.266	0.697	-0.458	-0.779	1.4395
0.634	0.311	-0.306	-0.55	0.7785
0.429	0.248	-0.164	-0.725	0.5025000000000001
0.952	0.074	-0.014	0.288	0.527
0.159	-0.051	-0.429	-0.109	0.483
0.711	0.566	0.017	0.504	0.6214999999999999
1.195	1.062	1.055	0.662	0.07350000000000012
1.274	1.365	0.803	-0.189	0.5165000000000001
-0.034	-0.448	-0.779	-0.467	0.538
1.183	0.94	0.416	-0.36	0.6455000000000002
1.211	0.487	-0.006	0.539	0.855
0.572	0.494	0.161	0.216	0.3719999999999999
0.206	-0.651	-1.444	0.021	1.2214999999999998
0.595	-0.109	-0.102	0.543	0.345
0.683	-0.048	0.555	0.545	-0.23750000000000004
0.342	0.428	0.646	0.811	-0.261
0.546	0.389	0.16	0.116	0.3075
0.898	0.925	1.096	-0.213	-0.1845000000000001
1.271	0.978	0.595	0.297	0.5294999999999999
0.702	0.053	-0.568	-0.241	0.9455
1.005	0.751	0.759	-0.038	0.11899999999999988
0.708	0.022	0.187	-0.264	0.178
1.124	0.656	0.067	0.077	0.8230000000000002
0.998	0.437	1.353	0.87	-0.6355
1.161	1.337	1.331	0.886	-0.08199999999999985
1.248	0.96	0.342	0.475	0.762
1.031	0.897	0.003	0.08	0.961
1.385	1.213	1.057	1.092	0.242
1.415	1.172	1.275	1.058	0.01849999999999996
0.497	0.238	0.196	0.266	0.17149999999999999
0.493	0.402	1.201	0.341	-0.7535000000000001
0.744	-0.425	-0.626	0.254	0.7855
0.45	-0.193	-0.095	-0.086	0.2235
0.762	0.226	0.291	-0.073	0.203
1.359	0.689	0.209	-0.258	0.8150000000000001
0.687	0.191	0.409	0.61	0.030000000000000082
1.077	0.617	-0.302	-0.477	1.149
0.91	0.75	0.769	-0.066	0.061000000000000054
0.167	0.012	-0.007	0.116	0.09650000000000002
0.852	0.565	0.258	-0.032	0.4504999999999999
1.199	0.948	0.644	0.21	0.4295000000000001
0.289	0.137	0.344	-0.455	-0.13099999999999998
1.03	0.909	-0.443	0.247	1.4125
0.598	0.086	-1.086	0.429	1.428
0.534	0.027	0.028	0.105	0.2525
0.751	0.831	0.567	-0.094	0.22399999999999998
0.578	0.248	0.267	0.831	0.14599999999999996
0.734	0.751	0.436	-0.351	0.30649999999999994
0.979	0.679	0.737	-0.527	0.09199999999999997
0.862	0.146	-0.452	0.009	0.956
0.597	-0.31	-0.243	-0.077	0.38649999999999995
0.267	-0.577	-1.541	-1.103	1.386
0.493	-0.368	-0.18	-0.449	0.2425
0.411	0.28	0.362	-0.277	-0.01649999999999996
1.239	0.117	-0.424	0.158	1.102
0.385	-0.2	-0.221	-0.371	0.3135
0.395	0.448	0.796	0.628	-0.37450000000000006
1.036	0.755	0.576	0.672	0.3195
0.625	0.494	0.511	0.932	0.04849999999999999
1.206	0.844	0.242	-1.196	0.7829999999999999
0.887	0.495	-0.231	0.841	0.922
-0.048	-0.637	-0.401	-0.645	0.058499999999999996
1.228	0.978	0.183	-0.604	0.9199999999999999
0.787	0.55	0.864	0.838	-0.1954999999999999
1.22	0.603	-0.15	-0.049	1.0614999999999999
1.31	0.926	-0.347	0.611	1.465
1.055	0.792	0.948	0.623	-0.024499999999999966
0.869	0.636	0.218	0.787	0.5345
0.922	-0.111	-0.758	-1.128	1.1635
0.94	0.906	0.869	0.031	0.05400000000000005
0.685	0.02	-0.319	-0.293	0.6715
1.087	0.148	-0.437	-0.832	1.0545
1.535	0.991	0.727	0.106	0.5359999999999999
0.213	0.019	0.491	1.594	-0.375
1.036	0.612	0.036	-0.387	0.788
1.787	1.402	1.076	-0.003	0.5185
1.101	1.156	1.402	1.048	-0.2735000000000001
1.302	0.708	0.106	0.636	0.8989999999999999
0.371	-0.237	-0.467	-0.427	0.534
1.281	0.31	-0.514	0.24	1.3094999999999999
1.483	0.271	-0.526	-0.073	1.403
1.012	0.556	0.281	0.644	0.503
1.511	0.543	0.851	0.464	0.17599999999999993
1.126	0.933	0.093	-0.868	0.9365000000000001
1.113	0.378	0.438	0.298	0.30750000000000005
0.796	0.458	-0.383	-0.722	1.01
0.464	0.478	-0.079	-0.429	0.5499999999999999
1.147	0.669	0.829	0.275	0.07900000000000007
0.888	0.356	-1.024	-0.487	1.646
0.788	0.875	0.464	0.118	0.3675
1.081	0.827	0.266	1.114	0.688
1.217	0.556	0.042	0.123	0.8445
1.316	0.922	1.393	0.357	-0.274
1.056	1.07	0.402	0.157	0.6610000000000001
0.766	0.677	0.285	-0.47	0.43650000000000005
1.234	0.948	-0.319	-0.15	1.41
1.105	0.27	0.175	0.491	0.5125
0.529	0.251	-0.357	0.211	0.747
0.416	-0.018	0.776	0.771	-0.5770000000000001
0.435	0.216	0.421	-1.126	-0.09549999999999997
1.142	0.779	1.047	0.696	-0.08650000000000002
0.65	0.244	0.658	0.906	-0.21100000000000002
0.7	0.415	-0.15	0.29	0.7075
0.619	0.515	0.511	0.5	0.05599999999999994
1.08	0.036	-0.528	-0.099	1.086
1.107	1.441	0.708	0.515	0.5660000000000001
0.945	0.395	0.487	0.09	0.18299999999999994
1.533	1.252	0.317	-0.57	1.0755000000000001
0.771	0.629	0.903	0.058	-0.20300000000000007
1.377	1.199	0.148	0.262	1.1400000000000001
0.962	0.353	0.081	-0.335	0.5765
0.818	0.377	-0.107	-0.257	0.7044999999999999
0.592	-0.385	-0.72	0.018	0.8234999999999999
0.314	-0.023	-0.077	-0.357	0.22249999999999998
0.557	0.109	0.325	-0.085	0.008000000000000007
0.939	0.796	1.004	0.051	-0.13650000000000007
0.884	0.555	0.018	-0.509	0.7015
0.96	0.749	0.42	0.326	0.43450000000000005
1.411	1.16	0.752	0.688	0.5334999999999999
0.703	0.335	-0.491	-1.122	1.01
0.281	0.156	0.328	-0.354	-0.10949999999999999
0.56	0.148	0.624	0.484	-0.26999999999999996
1.134	0.266	-0.147	0.582	0.847
0.103	-0.299	-0.621	0.196	0.523
1.088	1.162	0.11	-0.494	1.015
1.136	1.001	0.459	0.101	0.6094999999999997
1.015	1.006	0.663	0.462	0.3474999999999999
0.3	-0.093	-0.574	-0.42	0.6775
0.883	0.822	0.799	0.641	0.05349999999999999
-0.154	-0.232	0.826	0.763	-1.019
1.15	0.628	0.145	-0.42	0.744
-0.249	-0.57	-0.6	-0.319	0.1905
1.25	0.601	-0.019	0.133	0.9445
0.779	0.729	0.559	0.943	0.19499999999999995
0.927	0.798	0.512	0.701	0.35050000000000003
0.307	0.54	1.064	0.874	-0.6405000000000001
0.334	0.283	0.141	0.326	0.1675
0.65	-0.067	0.129	0.209	0.16249999999999998
0.383	0.389	-0.566	0.303	0.952
0.236	0.718	1.053	-0.157	-0.576
1.191	1.106	0.597	0.374	0.5515000000000001
0.578	0.5	-0.255	-0.398	0.7939999999999999
1.104	0.965	-0.295	-0.308	1.3295
0.521	0.458	0.443	0.08	0.04650000000000004
0.803	-0.391	0.199	0.756	0.007000000000000006
-0.078	0.232	0.711	0.768	-0.6339999999999999
1.084	0.659	0.534	0.543	0.3375
0.748	0.881	0.662	-0.839	0.15249999999999997
0.989	0.888	0.286	-0.795	0.6525000000000001
0.545	0.128	0.302	0.047	0.03450000000000003
0.315	0.5	0.847	0.264	-0.4395
0.885	0.545	0.277	-0.164	0.43800000000000006
1.539	1.038	0.648	0.065	0.6405
0.866	0.059	-0.668	0.37	1.1305
1.013	0.307	0.59	-0.169	0.06999999999999995
0.719	0.375	-0.419	-0.969	0.966
1.07	0.873	0.507	-0.105	0.4645
0.422	0.727	0.294	0.091	0.2805
0.958	-0.053	-0.261	0.119	0.7135
0.644	0.985	1.114	0.25	-0.2995000000000001
1.443	0.955	-0.058	-0.928	1.2570000000000001
0.267	0.293	-0.497	0.359	0.777
0.533	0.528	0.521	0.495	0.009499999999999953
0.166	0.366	0.121	0.486	0.14500000000000002
1.246	0.725	-0.106	0.327	1.0915000000000001
1.496	1.046	-0.578	-1.13	1.8489999999999998
0.917	0.641	-0.297	0.187	1.076
-0.228	-0.72	-1.329	-0.292	0.855
1.432	0.481	-0.63	-0.429	1.5865
1.284	0.92	0.235	-0.062	0.8670000000000001
1.435	0.502	0.197	0.452	0.7715000000000001
0.471	0.311	0.117	-0.293	0.274
0.79	0.697	0.23	0.636	0.5135000000000001
0.646	0.668	-0.426	0.139	1.083
0.299	0.162	0.348	-0.048	-0.1175
0.444	0.075	-0.538	-0.294	0.7975000000000001
1.182	0.608	-0.082	0.442	0.977
0.665	0.682	1.213	0.295	-0.5395000000000001
1.051	0.78	0.359	-0.555	0.5565
-0.183	-0.871	0.083	0.524	-0.61
0.807	0.703	0.215	0.826	0.54
1.196	0.794	-0.298	-0.618	1.293
0.664	0.495	0.462	1.092	0.1175
0.036	0.013	0.308	0.88	-0.2835
0.832	0.07	-0.08	-0.815	0.5309999999999999
1.309	0.279	0.14	-0.078	0.654
1.311	0.775	0.303	-0.45	0.74
0.864	0.901	0.305	-0.117	0.5775000000000001
0.328	0.271	0.653	0.555	-0.35350000000000004
0.889	0.801	0.59	0.283	0.255
0.787	0.286	-0.556	0.335	1.0925
0.577	0.237	0.459	0.822	-0.052000000000000046
1.379	0.615	0.197	0.461	0.8
1.462	0.922	-0.135	-0.284	1.327
0.382	0.346	0.117	0.321	0.247
0.524	0.193	0.602	0.382	-0.24349999999999994
0.511	0.28	0.199	-0.64	0.1965
0.286	-0.161	0.357	0.497	-0.2945
-0.242	-0.671	-0.12	0.493	-0.3365
1.691	1.029	0.055	-0.86	1.305
1.548	0.629	0.009	-0.081	1.0795000000000001
0.573	0.027	-0.38	-0.529	0.6799999999999999
0.631	0.175	0.158	-0.48	0.24500000000000002
0.479	1.136	1.543	0.77	-0.7355
0.021	-0.505	-0.165	-0.036	-0.07699999999999999
1.429	1.238	0.853	0.528	0.4804999999999999
0.591	0.503	-0.147	0.579	0.694
0.914	0.759	0.356	0.239	0.48050000000000004
0.965	-0.131	-1.393	-0.23	1.81
0.957	1.037	0.889	-0.59	0.10799999999999987
0.718	0.471	0.929	0.893	-0.3345
0.523	0.977	0.816	0.449	-0.06599999999999995
0.785	0.89	0.872	0.318	-0.034499999999999975
0.559	0.163	0.284	0.357	0.07700000000000007
0.743	-0.215	-0.533	0.165	0.797
1.381	1.497	0.852	0.15	0.5870000000000001
0.716	0.652	-0.288	-0.683	0.972
-0.232	-0.131	0.396	0.103	-0.5775
0.387	0.613	0.507	0.238	-0.007000000000000006
0.611	0.377	-0.03	-0.418	0.524
1.12	0.338	-0.158	-0.012	0.8870000000000001
0.374	0.427	0.462	-0.179	-0.061500000000000055
0.9	1.262	0.769	0.673	0.31199999999999994
1.045	0.278	-0.33	-0.633	0.9915
1.144	1.144	0.647	0.439	0.4969999999999999
1.396	0.728	0.066	0.421	0.9959999999999998
1.073	1.063	0.797	0.696	0.271
0.986	0.898	-0.544	-0.297	1.486
0.185	0.339	0.498	0.947	-0.236
1.005	1.055	0.301	0.61	0.7289999999999999
1.125	1.225	0.615	-0.785	0.56
0.12	-0.088	0.456	1.247	-0.44
0.432	0.392	0.215	0.26	0.19700000000000004
1.146	0.318	-0.926	-0.488	1.658
0.742	0.388	-0.468	-0.142	1.033
1.066	1.243	1.238	0.442	-0.08349999999999991
0.714	0.559	1.127	1.209	-0.49049999999999994
0.919	0.326	-0.001	-0.304	0.6235
1.637	1.231	0.392	-0.948	1.0420000000000003
0.698	0.153	-0.229	0.475	0.6545
0.247	0.172	0.436	0.627	-0.2265
0.657	0.169	0.501	0.603	-0.08799999999999997
0.782	0.657	-0.192	0.337	0.9115
-0.026	-0.931	-0.796	-0.072	0.3175
0.925	0.773	0.069	-0.539	0.78
1.208	0.323	-0.244	-0.238	1.0095
1.235	0.742	0.598	-0.333	0.39050000000000007
0.512	0.449	0.411	-0.371	0.06950000000000006
1.101	0.75	0.492	0.244	0.4335
1.317	0.219	-0.312	0.326	1.08
1.0	0.264	-0.605	0.25	1.237
0.691	0.365	-0.199	0.032	0.7270000000000001
0.211	0.114	-0.331	-0.067	0.49350000000000005
0.696	0.925	0.804	0.212	0.00649999999999995
1.521	0.943	0.863	-0.112	0.369
0.395	0.29	0.301	-0.461	0.04150000000000004
1.22	0.841	0.63	0.961	0.40049999999999997
1.046	0.97	1.376	0.806	-0.3679999999999999
0.675	0.045	0.659	0.065	-0.299
1.323	0.82	-0.123	0.281	1.1945
0.906	0.141	-0.152	-0.649	0.6755
1.008	0.678	-0.364	-0.341	1.2069999999999999
0.396	-0.015	0.208	0.656	-0.017499999999999988
0.822	0.462	0.081	0.274	0.561
0.9	0.648	0.909	0.876	-0.135
0.099	-0.35	0.487	0.588	-0.6125
0.842	0.26	0.823	0.192	-0.272
0.847	-0.042	0.036	0.292	0.3665
0.642	0.769	0.451	-0.21	0.2545
0.167	0.102	0.182	-1.009	-0.04749999999999999
0.551	0.396	0.757	0.663	-0.2835
1.959	1.102	0.683	-0.658	0.8474999999999999
0.858	0.733	0.655	0.314	0.14049999999999996
1.031	0.999	0.508	-0.389	0.5069999999999999
0.445	0.492	-0.27	0.83	0.7385
1.56	0.902	0.39	0.698	0.8410000000000001
0.253	0.314	0.095	0.06	0.18849999999999997
0.788	0.42	-0.831	-0.864	1.435
0.691	0.883	0.765	0.742	0.02199999999999991
0.773	0.18	-0.083	-0.759	0.5595
-0.238	-0.319	-0.175	-0.324	-0.10349999999999998
1.119	1.073	0.122	-0.178	0.9740000000000001
0.726	0.485	-0.573	-0.057	1.1784999999999999
0.767	0.672	0.456	-0.145	0.2635
0.401	0.131	-0.112	0.028	0.378
1.332	1.097	0.744	0.945	0.47050000000000014
0.99	0.665	-0.609	-0.1	1.4365
0.669	0.245	-0.245	0.467	0.702
0.688	0.366	0.547	0.073	-0.02000000000000013
0.384	-0.059	0.72	0.425	-0.5575
1.451	0.967	0.841	0.586	0.3680000000000001
1.052	0.287	0.67	0.405	-0.000500000000000056
0.324	0.018	-0.727	0.022	0.898
0.858	0.373	0.836	0.503	-0.22050000000000003
0.979	0.043	-0.267	-0.281	0.778
0.979	0.534	0.155	-0.798	0.6014999999999999
1.33	0.727	0.235	-0.279	0.7935
1.315	0.749	-0.046	0.044	1.078
-0.068	0.022	0.282	1.262	-0.305
0.463	0.277	-0.19	0.929	0.56
0.967	0.765	0.827	-0.35	0.039000000000000035
0.495	0.556	0.403	-0.449	0.12250000000000005
1.194	0.759	1.173	0.761	-0.19650000000000012
1.302	0.809	0.502	-0.091	0.5535000000000001
1.343	1.151	-0.045	-0.346	1.2919999999999998
1.093	1.003	0.789	0.345	0.259
0.535	-0.314	0.034	0.192	0.07650000000000001
1.105	0.745	-0.192	0.04	1.117
0.717	0.959	1.226	0.118	-0.388
0.488	0.707	0.717	0.94	-0.11950000000000005
1.354	1.392	0.507	-0.02	0.866
0.44	-0.065	-0.079	0.83	0.2665
1.243	0.664	0.72	0.358	0.23350000000000004
1.259	0.386	0.585	1.267	0.23750000000000004
1.156	1.218	1.201	0.208	-0.014000000000000234
2.023	1.489	0.311	0.676	1.4450000000000003
0.664	0.479	0.299	0.053	0.2725
1.629	1.137	0.697	1.092	0.686
1.018	0.623	0.157	0.442	0.6635
1.254	1.01	1.068	0.23	0.06400000000000006
0.324	-0.092	-0.103	-0.419	0.219
0.219	-0.195	0.363	0.133	-0.351
0.487	0.459	-0.346	-0.316	0.819
1.024	1.156	0.343	-0.142	0.7469999999999999
0.603	0.502	0.815	0.625	-0.26249999999999996
1.064	0.782	0.121	0.384	0.802
0.872	1.076	0.12	-0.219	0.854
0.914	0.434	-0.474	-0.689	1.1480000000000001
0.726	0.886	0.323	0.323	0.48300000000000004
0.726	0.895	0.82	0.236	-0.009499999999999953
0.94	0.936	0.578	0.477	0.36
0.485	1.157	0.442	0.163	0.37899999999999995
-0.037	-0.207	0.49	-0.065	-0.612
1.198	0.132	-1.079	-0.88	1.744
0.577	0.125	0.214	0.368	0.13699999999999998
0.591	0.287	-0.324	0.767	0.7629999999999999
0.108	0.498	-0.05	-0.391	0.353
0.101	-0.193	0.151	-0.458	-0.197
0.917	0.516	0.547	0.386	0.16949999999999998
0.561	0.611	-0.195	0.17	0.7810000000000001
1.259	0.405	-0.795	-0.849	1.627
0.669	-0.013	-1.392	-0.469	1.72
1.247	0.96	0.125	-0.052	0.9784999999999999
-0.033	-0.434	-0.602	-0.772	0.3685
0.923	0.637	-0.634	0.366	1.4140000000000001
0.576	-0.015	-0.468	-0.404	0.7484999999999999
1.209	1.053	0.014	0.557	1.117
-0.262	-0.215	0.595	1.26	-0.8334999999999999
0.578	0.252	-0.176	0.095	0.591
0.972	0.702	-0.291	-0.654	1.128
0.532	0.704	-0.615	-0.85	1.233
0.678	0.687	-0.362	-0.416	1.0445000000000002
1.07	0.682	1.08	0.97	-0.20399999999999996
0.761	0.259	0.505	0.477	0.0050000000000000044
0.419	-0.131	0.321	-0.465	-0.17700000000000002
0.105	-0.572	-0.78	-0.68	0.5465
1.015	0.729	0.46	-0.717	0.41199999999999987
0.983	0.875	0.991	1.46	-0.061999999999999944
0.991	0.908	0.402	0.818	0.5475
0.937	1.092	0.201	-0.388	0.8134999999999999
0.547	0.064	0.164	0.363	0.1415
0.912	0.308	-0.089	0.616	0.699
0.976	0.825	0.884	-0.27	0.01649999999999996
0.979	0.331	-0.112	0.044	0.767
1.217	0.903	0.801	0.448	0.259
0.526	0.582	-0.178	-0.891	0.732
1.201	0.649	-0.652	-0.759	1.577
1.208	0.627	0.521	-0.371	0.39649999999999996
0.348	0.532	0.654	0.837	-0.21400000000000002
1.053	0.816	0.086	0.021	0.8484999999999999
0.986	0.776	-0.062	0.429	0.9430000000000001
0.809	0.558	0.599	0.578	0.08450000000000002
1.192	1.032	-0.332	-0.478	1.4440000000000002
0.751	0.255	0.316	0.237	0.187
0.134	0.206	0.336	0.089	-0.16600000000000004
0.631	-0.272	-0.574	-0.182	0.7535
1.197	0.677	0.249	-0.259	0.6880000000000001
0.986	0.789	0.558	-0.738	0.3294999999999999
1.086	0.613	0.48	0.351	0.36950000000000005
0.939	0.68	0.904	1.067	-0.09450000000000003
0.494	0.017	-0.93	-0.217	1.1855
0.958	0.514	-0.358	-0.704	1.0939999999999999
0.763	0.583	0.59	0.973	0.08300000000000007
-0.052	-1.01	-0.866	-0.646	0.33499999999999996
0.543	0.425	0.457	0.626	0.02699999999999997
0.164	0.45	0.951	0.996	-0.6439999999999999
0.736	0.662	0.659	-0.0	0.040000000000000036
1.251	0.792	0.925	0.103	0.09650000000000003
1.515	0.822	0.049	-0.56	1.1195
1.553	0.891	-0.12	-0.736	1.342
0.685	0.638	0.677	-0.474	-0.01550000000000007
0.784	0.273	0.113	0.485	0.4155
0.994	0.633	0.645	0.642	0.16849999999999998
0.522	0.801	0.975	0.59	-0.3135
1.015	0.714	0.87	0.442	-0.00550000000000006
1.282	0.812	0.981	0.817	0.06600000000000017
0.544	0.353	0.526	-0.655	-0.07750000000000001
0.812	0.002	0.237	0.39	0.17000000000000004
0.478	0.102	0.554	-0.476	-0.26400000000000007
0.726	0.547	0.519	-0.813	0.11750000000000005
0.816	0.678	0.373	0.712	0.374
0.043	-0.041	0.397	0.519	-0.396
0.269	0.615	0.658	-0.494	-0.21600000000000003
0.472	0.651	0.406	-0.191	0.15549999999999997
0.672	0.297	0.917	0.529	-0.4325
1.237	0.983	0.868	1.074	0.2420000000000001
1.393	0.913	-0.327	-0.12	1.48
0.342	0.107	0.234	-0.545	-0.009500000000000008
0.372	-0.208	0.543	-0.682	-0.461
0.783	0.089	-1.082	-0.972	1.518
0.842	0.103	-0.648	-0.677	1.1205
0.723	0.297	-0.064	0.042	0.5740000000000001
1.33	0.905	-0.001	-0.797	1.1185
1.085	0.952	0.49	-0.711	0.5285
0.802	0.034	0.08	-0.822	0.338
0.831	0.529	0.452	0.577	0.22799999999999992
0.756	1.058	0.623	-0.478	0.28400000000000003
0.865	0.279	-0.105	0.398	0.677
0.985	0.089	-0.122	-0.962	0.659
1.19	0.52	0.613	-0.208	0.242
0.768	0.354	0.19	-0.421	0.37099999999999994
0.246	0.307	0.204	0.147	0.07249999999999998
0.431	0.098	0.519	0.676	-0.2545
0.788	0.473	0.549	0.562	0.08150000000000002
0.428	-0.494	-0.83	-1.011	0.7969999999999999
0.589	0.985	0.968	0.435	-0.18100000000000005
0.864	0.728	0.64	0.388	0.15600000000000003
0.77	0.771	0.436	-0.531	0.33449999999999996
0.94	0.636	0.469	-0.195	0.31900000000000006
-0.03	-0.369	-0.021	0.422	-0.17850000000000002
1.089	0.492	0.23	0.617	0.5605
0.971	0.668	0.798	0.412	0.021499999999999964
1.206	0.908	0.777	0.867	0.2799999999999999
-0.283	-1.056	-0.064	0.876	-0.6054999999999999
1.049	0.604	0.074	0.263	0.7525000000000001
0.874	0.989	0.926	0.364	0.005499999999999949
1.001	0.398	0.367	0.368	0.3325
1.049	0.228	-0.127	-0.295	0.7655
0.827	1.051	1.008	0.502	-0.06900000000000006
0.493	0.325	-0.004	-0.116	0.41300000000000003
0.615	-0.074	-0.276	-0.014	0.5465
1.282	1.091	0.138	-0.549	1.0485000000000002
0.162	-0.164	0.082	0.758	-0.083
1.241	0.701	-0.665	-0.265	1.6360000000000001
0.783	0.455	-0.026	-0.213	0.645
1.268	0.762	0.362	0.409	0.6530000000000001
0.738	0.482	-0.154	0.21	0.764
1.318	0.945	0.96	0.927	0.17149999999999999
0.562	0.647	0.017	-0.409	0.5875
1.6	1.466	1.057	-0.237	0.476
0.805	0.967	1.202	0.842	-0.31599999999999995
0.862	0.769	-0.524	-1.005	1.3395000000000001
0.337	0.508	0.714	0.043	-0.2915
1.304	0.945	0.399	0.612	0.7255
0.965	-0.044	0.408	0.807	0.05249999999999999
0.998	0.333	0.487	-0.299	0.1785
0.681	0.494	0.619	0.563	-0.03149999999999997
0.906	0.869	-0.029	0.572	0.9165
0.416	0.122	0.947	0.616	-0.6779999999999999
1.289	1.127	0.629	-0.049	0.579
0.914	0.973	0.194	-0.017	0.7495
0.768	0.537	0.56	0.746	0.09250000000000003
0.979	0.661	0.933	-0.597	-0.11299999999999999
0.645	0.295	0.313	0.827	0.15699999999999997
1.169	1.164	0.153	0.055	1.0135
0.4	-0.135	-0.105	-0.396	0.2375
0.508	-0.027	-0.618	-1.1	0.8585
0.653	-0.295	-0.018	-0.879	0.197
0.848	0.495	0.564	0.397	0.10750000000000004
1.153	0.243	0.034	-0.123	0.6639999999999999
0.925	1.006	-0.045	0.403	1.0105
1.037	0.377	0.495	0.62	0.21199999999999997
0.934	0.403	-0.006	0.668	0.6745000000000001
0.67	0.216	0.33	0.493	0.11299999999999999
0.516	0.207	0.326	0.49	0.035499999999999976
1.106	0.175	0.155	0.604	0.48550000000000004
1.663	1.133	-0.007	-0.588	1.405
0.933	-0.007	-0.877	-0.208	1.34
1.346	0.941	0.147	-1.01	0.9964999999999999
0.698	0.342	0.584	0.304	-0.06399999999999995
0.642	0.231	0.471	0.953	-0.034499999999999975
0.367	-0.189	-0.47	-0.16	0.5589999999999999
0.248	0.084	-0.177	-0.431	0.34299999999999997
0.661	-0.424	-0.238	0.236	0.35650000000000004
1.041	0.452	0.334	0.992	0.4124999999999999
1.183	0.771	0.525	0.332	0.45200000000000007
0.445	0.432	0.341	0.173	0.09749999999999998
0.417	0.494	1.26	-0.054	-0.8045
1.172	0.463	-0.252	-0.262	1.0695000000000001
0.57	0.787	1.138	0.014	-0.4594999999999999
0.521	0.028	-0.117	-0.954	0.3915
0.629	0.68	0.372	0.071	0.2825000000000001
1.104	0.263	0.11	0.102	0.5735
1.034	0.82	-0.049	-0.313	0.9760000000000001
0.704	0.212	0.313	-0.106	0.14499999999999996
0.216	-0.169	0.35	-0.674	-0.3265
0.694	0.537	0.079	0.4	0.5365
0.568	0.286	0.56	-0.219	-0.13300000000000012
1.378	1.172	0.178	0.084	1.097
1.585	0.815	-0.248	-0.346	1.448
0.602	-0.321	-0.7	-0.491	0.8404999999999999
0.887	0.625	0.437	0.614	0.319
1.053	0.992	0.355	0.063	0.6675
-0.028	-0.743	-0.445	-0.045	0.0595
0.943	-0.079	-0.207	0.301	0.639
1.09	0.384	-0.789	-1.028	1.5260000000000002
0.265	0.041	-0.542	-0.697	0.6950000000000001
0.759	0.89	0.381	-0.276	0.4435
0.775	0.825	-0.353	-1.183	1.153
0.805	0.665	0.49	0.378	0.2450000000000001
1.245	0.569	0.773	1.241	0.134
0.751	0.971	0.622	0.184	0.239
0.677	0.558	-0.338	-0.411	0.9555
0.948	0.4	-0.617	-0.329	1.291
0.656	0.319	0.108	0.474	0.37950000000000006
0.755	-0.665	-1.741	-0.275	1.786
1.632	1.588	-0.738	0.135	2.348
0.461	0.523	0.54	0.329	-0.04800000000000004
0.592	0.97	0.567	-0.254	0.21399999999999997
0.823	0.094	-1.152	-0.735	1.6104999999999998
0.542	0.805	0.17	0.397	0.5035
0.876	1.453	0.554	-0.327	0.6105
0.882	-0.141	-0.636	-0.084	1.0065
1.251	0.754	-0.617	-1.08	1.6195
1.051	1.075	0.921	-0.476	0.1419999999999999
1.247	0.314	-0.257	-0.714	1.0375
1.169	0.892	-0.188	-1.394	1.2185
1.038	0.575	-0.236	-0.722	1.0425
0.834	0.184	-0.511	0.055	1.02
0.879	0.537	0.262	-0.537	0.44599999999999995
0.755	0.856	0.588	-0.404	0.21750000000000003
1.46	0.668	0.242	-0.142	0.8220000000000001
0.68	0.152	-0.502	-0.425	0.918
0.434	0.621	0.936	0.893	-0.4085000000000001
1.125	1.183	0.478	-0.406	0.6759999999999999
0.639	0.37	0.124	0.783	0.38049999999999995
0.104	-0.035	-0.604	0.699	0.6385
1.237	0.747	0.531	-0.274	0.46099999999999997
1.215	0.975	0.932	0.808	0.16299999999999992
0.911	1.008	0.825	1.041	0.13450000000000006
0.617	0.217	-0.034	0.796	0.45099999999999996
1.118	0.518	0.734	0.059	0.08400000000000007
0.333	0.204	1.034	0.608	-0.7655000000000001
0.489	0.324	-0.374	-0.213	0.7805
0.941	0.525	0.26	0.467	0.473
0.202	-0.157	0.291	-0.002	-0.26849999999999996
1.05	0.524	-0.162	-0.577	0.9490000000000001
0.478	0.48	0.243	0.225	0.236
0.955	0.811	0.262	-0.209	0.621
0.536	0.151	-0.127	0.273	0.47050000000000003
1.428	1.452	1.295	-0.124	0.14500000000000002
0.787	0.522	-0.209	-0.652	0.8635
0.734	0.671	0.474	0.776	0.22850000000000004
1.143	0.72	0.386	0.634	0.5455
0.171	0.02	0.612	0.121	-0.5165
1.063	0.079	-0.246	-0.17	0.817
0.553	0.506	0.083	-0.116	0.44650000000000006
1.289	0.835	-0.849	0.408	1.9109999999999998
0.767	0.77	0.775	0.469	-0.006500000000000061
0.759	0.908	0.164	-0.419	0.6695
1.455	1.223	0.938	0.461	0.401
0.914	1.189	0.921	1.311	0.13050000000000006
1.024	0.386	0.205	0.27	0.5000000000000001
0.606	0.46	0.292	-0.101	0.24100000000000005
1.332	0.795	-0.605	0.043	1.6685
0.96	0.72	0.189	-0.107	0.651
0.825	0.335	0.857	0.451	-0.277
1.146	0.958	1.172	0.703	-0.11999999999999988
0.702	0.076	-1.404	-0.374	1.793
0.653	0.753	-0.281	-0.767	0.9840000000000001
0.683	0.415	0.682	-0.253	-0.133
0.283	0.667	1.222	0.75	-0.747
0.857	0.114	-1.033	-0.458	1.5185
0.71	-0.192	-0.537	0.8	0.796
0.279	0.238	1.025	0.138	-0.7665
0.559	0.772	0.329	-0.143	0.33649999999999997
0.873	0.505	0.638	-0.012	0.051000000000000045
0.501	0.496	0.678	1.043	-0.17950000000000005
0.473	0.419	0.902	0.199	-0.45600000000000007
1.263	1.162	0.583	0.057	0.6295
0.919	0.408	0.037	-0.054	0.6265
0.262	-0.213	0.115	0.405	-0.0905
0.716	0.501	0.805	0.337	-0.1965
0.555	0.464	-0.379	-0.094	0.8885000000000001
1.288	1.008	0.595	-0.242	0.5530000000000002
0.841	0.585	0.152	-0.878	0.5609999999999999
0.824	0.249	-0.52	0.128	1.0565
-0.009	-0.86	-0.9	-0.322	0.4655
1.069	0.828	0.38	0.439	0.5684999999999999
0.749	0.751	0.679	-0.108	0.07099999999999995
0.908	0.625	0.257	-0.724	0.5095
0.49	-0.161	0.002	0.098	0.16249999999999998
0.929	0.529	0.34	0.25	0.38900000000000007
0.843	0.795	-0.18	-0.265	0.9989999999999999
1.121	0.905	0.206	0.481	0.8069999999999999
0.452	0.2	-0.042	-0.076	0.368
0.957	0.373	0.313	0.576	0.35200000000000004
0.768	0.426	-0.606	0.618	1.2029999999999998
1.141	0.475	0.011	0.451	0.797
0.383	0.248	-0.083	0.133	0.3985
1.351	1.359	1.06	0.25	0.29499999999999993
0.852	-0.304	-0.981	-0.445	1.255
0.518	0.455	0.012	-0.205	0.47450000000000003
1.409	1.215	0.863	-0.839	0.44900000000000007
0.725	-0.159	-0.33	-0.13	0.613
1.354	0.32	-1.025	0.464	1.862
1.376	1.378	-0.084	-0.546	1.4609999999999999
0.996	0.66	-0.063	0.94	0.891
0.497	0.32	0.961	0.192	-0.5525
1.367	0.795	-0.112	-0.03	1.193
1.135	0.921	0.306	-0.104	0.722
0.587	-0.05	-0.35	-0.51	0.6184999999999999
0.539	0.365	-0.083	-0.188	0.535
0.53	-0.356	-0.453	0.144	0.54
1.333	1.279	0.348	0.438	0.9580000000000001
0.476	-0.02	-0.174	0.071	0.40199999999999997
1.059	0.578	0.016	0.201	0.8025
1.222	0.486	0.179	0.865	0.675
1.157	0.522	-0.002	-0.717	0.8415
0.96	0.37	0.532	0.313	0.133
1.112	0.894	0.696	-0.156	0.30700000000000016
1.346	0.557	-0.329	-0.237	1.2805
0.911	0.565	-0.341	-0.389	1.079
0.946	0.719	-0.112	-0.076	0.9445
0.499	0.643	0.586	0.017	-0.015000000000000013
0.959	0.773	0.375	1.0	0.491
1.132	1.192	0.295	0.179	0.867
0.913	0.86	1.062	-0.008	-0.1755
0.349	0.922	1.445	0.864	-0.8095000000000001
1.235	0.577	-0.617	0.339	1.5230000000000001
0.768	0.682	1.04	0.79	-0.31499999999999995
1.235	0.787	-0.466	-0.245	1.477
1.161	0.678	-0.368	0.113	1.2875
0.8	0.013	0.029	0.672	0.3775
0.861	0.112	-0.243	0.236	0.7295
0.935	0.259	-0.443	-0.055	1.04
0.415	0.019	-0.83	-0.723	1.047
1.079	0.996	0.064	0.207	0.9735
1.516	0.949	0.907	0.29	0.3254999999999999
0.768	0.076	0.23	-0.248	0.19199999999999998
1.091	0.935	0.23	0.528	0.7829999999999999
1.305	1.025	0.96	1.034	0.20500000000000007
0.713	-0.334	-0.624	-0.173	0.8135
0.339	0.561	-0.051	-0.414	0.5010000000000001
0.962	0.821	0.624	0.158	0.26749999999999996
1.129	1.262	0.975	-0.84	0.22050000000000003
0.559	0.174	-0.013	0.108	0.37950000000000006
1.495	0.955	0.807	0.408	0.41800000000000004
1.106	0.589	0.774	0.705	0.07350000000000001
1.333	0.598	0.016	-0.063	0.9495
0.901	0.123	-0.869	0.02	1.381
0.59	0.635	1.0	0.766	-0.38749999999999996
0.942	1.048	0.242	-0.565	0.753
0.358	-0.004	-0.028	-0.679	0.205
0.437	0.141	-0.206	0.112	0.495
0.706	0.671	0.535	0.442	0.15349999999999997
-0.047	-0.607	0.521	0.623	-0.8480000000000001
0.049	0.184	0.414	0.053	-0.2975
1.202	0.805	0.384	-0.494	0.6195
0.811	0.392	0.231	0.869	0.37050000000000005
0.716	0.832	0.293	-1.01	0.48100000000000004
0.884	0.295	0.406	-0.624	0.1835
0.998	0.438	0.202	-0.128	0.516
0.714	0.579	0.71	0.836	-0.0635
1.144	0.611	0.375	0.471	0.5025
0.293	0.564	0.277	-0.161	0.15149999999999997
0.263	0.154	-0.035	-0.169	0.24350000000000002
0.86	0.461	0.065	-0.047	0.5954999999999999
0.699	0.327	0.541	0.547	-0.028000000000000025
0.667	0.044	0.711	0.628	-0.3554999999999999
0.342	-0.088	-0.126	0.424	0.253
0.595	0.369	-0.272	0.053	0.754
1.267	1.242	0.692	0.017	0.5625
0.658	0.73	0.133	0.63	0.5609999999999999
0.938	0.786	-0.194	-0.158	1.056
1.266	0.97	0.1	0.232	1.0179999999999998
0.724	0.62	-0.106	-0.359	0.7779999999999999
0.538	0.4	0.956	-1.013	-0.48699999999999993
0.569	0.387	-0.081	-0.051	0.5589999999999999
1.737	1.443	1.313	0.355	0.27700000000000014
1.004	0.762	0.739	-0.214	0.14400000000000002
1.074	0.412	-0.792	-0.431	1.5350000000000001
0.826	0.819	0.143	-0.521	0.6795
0.947	0.347	0.188	0.527	0.459
0.381	0.29	0.123	0.895	0.21250000000000002
0.864	0.589	0.626	0.784	0.10049999999999992
1.224	0.914	0.012	0.712	1.057
0.31	0.453	-0.229	-1.314	0.6105
0.737	0.087	0.369	0.157	0.04299999999999998
1.567	1.461	0.544	0.032	0.97
0.827	1.052	-0.026	-0.043	0.9655
0.821	0.194	-0.622	0.19	1.1295
1.301	1.294	0.987	-0.434	0.3104999999999999
1.465	1.171	0.481	-0.188	0.8370000000000001
0.898	1.175	0.595	0.336	0.4415
0.203	0.687	1.043	0.579	-0.5979999999999999
0.156	-0.267	-0.136	-0.249	0.0805
0.818	-0.168	-0.167	0.057	0.492
1.209	0.676	0.054	-0.728	0.8885000000000001
0.679	0.634	0.509	0.449	0.14750000000000008
0.562	0.508	-0.242	0.049	0.777
0.811	0.499	0.133	-0.011	0.522
0.989	0.329	-0.027	-0.593	0.686
0.869	0.109	-0.495	-0.393	0.984
0.279	-0.75	-0.404	-0.107	0.16850000000000004
1.005	0.29	0.275	-0.47	0.37249999999999994
1.185	0.681	0.521	0.516	0.41200000000000003
0.906	0.555	-0.079	-0.31	0.8095
0.84	1.23	0.852	0.074	0.18299999999999994
0.301	0.576	0.658	0.925	-0.21950000000000003
1.57	0.764	-1.523	-0.831	2.69
1.106	0.898	-0.378	-0.312	1.38
0.915	0.842	-0.124	-0.972	1.0025
0.959	0.589	-0.269	0.29	1.0430000000000001
1.079	0.449	-0.238	-1.241	1.002
1.056	1.112	0.6	-0.322	0.4840000000000001
0.709	0.702	0.225	0.217	0.48050000000000004
1.261	0.302	-0.287	-0.847	1.0685
0.647	0.714	0.014	-0.069	0.6665
1.226	0.693	-0.642	0.505	1.6015000000000001
0.779	0.674	-0.072	-0.295	0.7985
0.983	0.876	0.486	0.683	0.4435
0.552	0.308	0.35	0.622	0.08000000000000007
0.846	0.762	0.582	0.512	0.2220000000000001
0.807	0.499	-0.51	0.528	1.163
1.015	1.027	0.492	-0.685	0.5289999999999999
0.7	0.337	0.234	0.867	0.2845
0.928	0.03	-0.204	-0.216	0.683
-0.069	-0.518	-0.596	-0.371	0.3025
0.802	0.657	0.148	-0.275	0.5815
0.44	-0.095	-0.29	0.705	0.46249999999999997
0.763	0.869	0.528	-0.179	0.28800000000000003
0.403	0.213	0.647	0.848	-0.339
0.344	0.083	0.323	-0.261	-0.10950000000000001
0.724	0.342	1.17	1.022	-0.6369999999999999
0.853	-0.057	-0.262	-0.639	0.6599999999999999
0.526	0.576	1.234	-0.044	-0.683
0.946	0.474	0.34	0.665	0.36999999999999994
-0.064	-0.298	0.216	0.415	-0.397
0.692	0.557	0.143	-0.196	0.48150000000000004
1.221	0.508	0.99	-0.314	-0.12549999999999994
0.503	0.361	0.908	1.398	-0.47600000000000003
1.036	0.465	-0.607	-0.809	1.3575
0.573	0.648	0.509	0.836	0.10150000000000003
0.95	0.57	0.143	-0.547	0.617
0.752	0.419	-0.394	-0.214	0.9795
0.902	0.258	-0.575	-0.524	1.155
1.348	1.013	0.87	-0.14	0.3104999999999999
0.549	0.888	1.512	0.874	-0.7935
0.48	0.183	-0.754	0.707	1.0855000000000001
0.419	0.317	0.718	0.74	-0.35
0.869	1.09	0.168	0.044	0.8115
0.955	-0.173	0.366	0.374	0.025000000000000022
0.637	0.64	0.642	-0.191	-0.0034999999999999476
1.153	0.594	0.053	-0.398	0.8204999999999999
1.121	0.793	0.27	-0.076	0.687
0.574	0.392	0.004	-0.179	0.479
0.479	0.781	0.27	0.661	0.36
0.698	0.387	0.693	0.143	-0.15049999999999997
0.898	0.718	0.533	-0.18	0.275
0.646	0.757	0.919	0.997	-0.21750000000000003
1.245	0.944	0.697	0.833	0.3975000000000001
1.067	0.796	0.519	0.614	0.4125
1.13	1.417	0.737	-0.338	0.5364999999999999
0.927	0.448	-0.307	-0.002	0.9944999999999999
0.81	0.188	0.485	-0.35	0.014000000000000012
0.177	-0.067	-0.465	0.718	0.52
0.555	0.49	0.483	0.302	0.03949999999999998
0.757	0.882	1.158	0.778	-0.3384999999999999
1.336	0.665	0.569	0.148	0.4315000000000002
0.898	0.591	-0.079	-0.021	0.8234999999999999
0.372	0.357	0.583	0.089	-0.21849999999999997
1.039	0.648	-0.536	-0.905	1.3795
0.634	0.85	1.05	0.037	-0.30800000000000005
0.435	0.499	-0.057	-0.943	0.524
0.894	0.727	0.32	0.451	0.4905
0.507	0.686	1.032	0.639	-0.4355
1.562	1.26	0.632	0.454	0.779
0.186	-0.566	0.214	0.624	-0.40399999999999997
1.628	0.529	-0.218	-0.651	1.2965
1.059	1.26	-0.028	0.377	1.1875
0.804	0.3	0.23	-0.466	0.32200000000000006
0.833	0.077	-0.119	-0.403	0.574
0.892	0.339	0.721	0.313	-0.10549999999999993
1.046	0.296	0.335	1.0	0.336
1.025	0.467	0.069	0.85	0.677
1.078	0.426	0.162	-0.467	0.59
1.22	0.321	0.392	0.9	0.37849999999999995
1.481	0.612	0.109	0.633	0.9375
1.361	0.73	0.505	0.529	0.5405000000000001
1.208	1.262	0.653	0.218	0.5819999999999999
0.243	0.006	0.651	-0.106	-0.5265
1.176	0.98	0.327	-0.306	0.7509999999999999
0.471	0.489	0.656	-0.045	-0.17600000000000005
0.354	0.518	0.026	-0.323	0.41
0.825	0.394	-0.408	0.024	1.0174999999999998
1.048	0.773	-0.002	0.834	0.9125000000000001
0.897	1.256	0.804	0.427	0.27249999999999996
0.986	0.571	1.325	-0.741	-0.5465
1.184	1.127	1.094	1.042	0.06149999999999989
1.021	0.15	-0.064	-0.09	0.6495
1.674	1.439	0.214	-0.345	1.3425
0.533	0.357	0.511	0.344	-0.066
1.107	0.776	0.801	0.071	0.14049999999999996
0.958	0.433	0.286	0.477	0.40950000000000003
1.378	0.874	-0.727	0.25	1.8529999999999998
0.036	-0.165	0.084	-0.311	-0.14850000000000002
0.939	0.794	-0.571	-0.878	1.4375
-0.325	-0.006	0.056	-0.672	-0.2215
0.933	1.131	1.067	0.989	-0.03499999999999992
1.219	0.967	0.488	-0.253	0.605
0.982	1.071	0.712	0.476	0.3145
0.677	0.19	0.433	0.428	0.0005000000000000004
1.323	1.051	0.37	-0.025	0.8169999999999998
1.089	0.231	-0.043	-0.399	0.7030000000000001
0.771	0.592	-0.113	-0.449	0.7945
0.89	0.537	0.605	-0.183	0.10850000000000004
0.458	0.462	0.02	-0.738	0.44
0.903	0.56	0.483	-0.065	0.24850000000000005
0.655	0.546	0.069	-0.287	0.5315000000000001
1.327	0.727	0.629	0.36	0.3979999999999999
0.599	0.243	0.218	-0.568	0.20299999999999999
0.569	0.341	0.482	0.141	-0.027000000000000024
0.361	-0.577	-1.038	-0.543	0.93
0.949	0.212	0.067	0.681	0.5135000000000001
0.391	0.16	0.722	-0.021	-0.44649999999999995
1.196	0.888	0.164	0.869	0.878
0.804	0.402	-0.547	-0.529	1.15
1.355	0.518	0.609	0.887	0.3275
0.141	0.482	0.428	0.456	-0.11649999999999999
0.56	0.004	0.257	0.53	0.025000000000000022
0.382	-0.207	0.139	0.435	-0.051500000000000004
0.694	0.64	-0.064	-1.091	0.7310000000000001
0.849	0.886	-0.019	-0.349	0.8865
0.633	0.34	0.214	-0.339	0.2725000000000001
1.151	0.84	0.181	0.791	0.8145
1.471	1.03	-0.071	-0.416	1.3215000000000001
0.826	-0.097	-0.867	-0.779	1.2315
0.392	-0.096	-0.011	0.702	0.15900000000000003
1.424	1.192	0.978	0.518	0.32999999999999985
0.597	0.546	-0.407	-0.555	0.9784999999999999
0.391	-0.07	-0.186	-0.691	0.34650000000000003
1.357	1.056	0.122	-0.332	1.0845000000000002
0.519	0.693	0.323	0.299	0.283
1.49	-0.052	-0.494	0.386	1.213
0.865	0.562	0.14	0.39	0.5735
1.005	0.671	0.198	-0.562	0.6399999999999999
0.673	0.783	0.36	0.441	0.368
0.676	0.736	0.796	0.35	-0.09000000000000008
0.922	0.723	0.571	0.055	0.25150000000000006
1.113	0.989	0.471	0.34	0.58
-0.073	0.21	0.348	0.056	-0.27949999999999997
1.302	0.58	-0.06	-0.304	1.0010000000000001
0.58	-0.47	-1.037	-0.673	1.0919999999999999
1.539	0.656	0.157	0.209	0.9404999999999999
1.003	0.928	-0.24	-0.157	1.2055
0.765	0.478	-0.143	-0.003	0.7645
0.472	0.391	0.636	0.397	-0.20450000000000002
0.91	0.462	-0.3	0.201	0.986
0.733	0.647	1.066	-0.03	-0.3760000000000001
0.301	0.286	-0.089	-0.158	0.38249999999999995
1.082	0.861	0.827	0.899	0.14450000000000007
1.057	0.574	0.835	0.52	-0.019500000000000073
0.873	0.775	0.915	0.733	-0.09099999999999997
1.097	1.419	0.12	-0.262	1.138
0.749	0.575	0.524	-0.021	0.1379999999999999
1.102	0.846	0.37	-0.585	0.604
0.873	0.489	0.62	0.912	0.061000000000000054
0.753	0.085	0.47	0.728	-0.05099999999999999
0.7	0.423	0.006	-0.871	0.5555
1.046	0.841	0.275	0.374	0.6685
1.084	0.316	-0.0	-0.41	0.7000000000000001
0.499	0.427	0.476	0.073	-0.013000000000000012
0.971	0.09	-1.061	-0.691	1.5915
0.562	0.725	0.276	0.245	0.36749999999999994
1.139	0.088	0.235	-0.645	0.37850000000000006
0.632	0.827	0.031	-0.4	0.6985
0.872	0.879	0.857	-0.583	0.01849999999999996
1.158	0.543	0.218	0.512	0.6325000000000001
0.534	0.699	0.377	0.712	0.23950000000000005
0.289	0.468	0.658	0.496	-0.2795
0.895	0.746	0.416	0.474	0.4045
0.599	0.327	-0.149	0.712	0.612
1.509	1.536	-0.093	-1.075	1.6155
0.993	0.159	-0.711	0.398	1.287
1.483	0.756	0.707	0.081	0.4125
0.905	1.086	1.309	-0.096	-0.3134999999999999
1.092	0.507	0.031	-0.489	0.7685000000000001
0.68	0.333	0.318	0.514	0.18850000000000006
0.224	-0.163	-0.502	0.086	0.5325
1.009	0.974	0.671	-0.117	0.3204999999999999
0.169	0.119	0.837	0.646	-0.693
0.689	-0.195	0.126	1.226	0.12099999999999997
1.267	0.494	-0.252	-0.212	1.1324999999999998
0.403	0.654	0.698	-0.564	-0.16949999999999998
1.258	0.936	0.316	-0.224	0.7809999999999999
1.478	0.657	-0.675	-1.601	1.7425
0.941	0.539	-0.417	-0.292	1.157
0.924	0.085	0.173	0.677	0.3315000000000001
1.122	0.575	-0.458	0.77	1.3065
1.004	1.365	0.316	-0.183	0.8684999999999998
1.183	1.315	0.818	-0.063	0.43100000000000016
1.215	0.774	-0.015	0.224	1.0095
0.893	0.726	-0.565	0.071	1.3744999999999998
0.697	0.671	0.4	-0.037	0.2839999999999999
0.42	0.445	0.375	0.752	0.057499999999999996
0.612	-0.076	-0.399	0.253	0.667
0.976	0.345	-0.185	-0.223	0.8454999999999999
0.947	0.131	-0.15	-0.261	0.689
1.578	1.2	0.991	-0.124	0.398
1.037	0.425	0.729	-0.183	0.0020000000000000018
0.998	0.673	0.602	0.248	0.23350000000000004
0.858	0.93	-0.002	-0.203	0.896
-0.022	0.31	0.622	0.135	-0.478
0.89	0.602	0.203	-0.305	0.5429999999999999
0.173	0.073	-0.079	-0.211	0.202
0.777	-0.534	-1.067	0.571	1.1885
0.518	0.731	0.541	0.16	0.08350000000000002
0.84	1.016	0.634	0.662	0.29399999999999993
1.177	0.787	0.283	0.608	0.6990000000000001
1.044	0.63	0.135	0.919	0.702
0.853	0.242	0.189	0.383	0.3585
0.248	-0.28	-0.744	-0.124	0.728
1.381	0.875	-0.11	0.061	1.2380000000000002
-0.004	0.081	0.562	0.055	-0.5235000000000001
0.24	0.539	-0.077	-0.321	0.4665
1.018	0.913	1.065	-0.326	-0.09949999999999992
0.932	0.703	0.184	0.518	0.6335
0.511	0.604	0.929	0.35	-0.37150000000000005
0.664	-0.018	-0.066	-0.015	0.389
0.972	0.875	0.034	0.526	0.8895
1.17	0.832	0.523	0.729	0.47799999999999987
0.743	1.052	0.626	0.43	0.27149999999999996
0.704	0.032	-0.131	-0.691	0.499
1.068	1.049	0.903	0.241	0.15549999999999997
0.772	0.596	0.711	0.436	-0.027000000000000024
0.67	0.603	0.411	-0.029	0.2255000000000001
0.786	0.131	0.117	-0.072	0.3415
0.339	0.165	-0.025	0.13	0.277
1.347	1.007	1.178	0.21	-0.0009999999999998899
1.391	0.418	0.008	0.606	0.8965
0.737	0.395	-0.278	-0.427	0.8440000000000001
1.394	0.733	0.721	1.142	0.3424999999999999
-0.45	-0.106	0.548	0.34	-0.8260000000000001
0.962	1.024	0.036	-0.274	0.957
0.452	0.381	0.187	0.633	0.22949999999999998
1.476	0.572	0.698	0.28	0.32600000000000007
1.353	0.933	0.365	-0.484	0.778
1.06	0.686	-0.122	-0.103	0.995
0.678	0.22	-0.151	-1.036	0.6
0.661	0.51	-0.33	-1.001	0.9155
0.49	0.543	-0.023	0.572	0.5395
0.432	0.048	0.482	0.216	-0.242
0.909	-0.274	-0.36	0.722	0.6775
0.551	0.189	-0.744	0.357	1.1139999999999999
0.579	-0.472	-0.266	-0.135	0.3195
1.015	0.711	0.03	-0.708	0.833
0.689	0.409	0.635	0.63	-0.08600000000000008
1.316	0.93	0.373	0.347	0.75
0.508	0.535	0.181	0.106	0.3405000000000001
1.579	1.162	0.492	0.106	0.8784999999999998
1.143	0.742	0.588	0.505	0.35450000000000004
1.014	0.512	0.209	0.589	0.554
0.47	0.111	-0.671	0.623	0.9615
0.507	0.43	0.922	-0.284	-0.4535
1.056	0.538	-0.517	-0.988	1.314
0.769	0.333	0.456	-0.187	0.09500000000000003
0.198	0.144	0.586	-0.448	-0.415
0.9	0.61	0.844	0.708	-0.08899999999999997
1.266	1.035	0.601	0.567	0.5495000000000001
1.181	1.028	0.779	0.157	0.3255
1.174	0.809	0.18	-0.319	0.8115000000000001
0.81	0.952	0.11	-0.016	0.771
0.763	0.984	-0.066	-0.115	0.9395
0.884	0.795	-0.127	0.177	0.9665
0.607	0.493	0.007	0.829	0.543
0.719	0.774	0.497	0.111	0.24949999999999994
1.162	0.601	0.105	0.425	0.7765
0.691	0.519	-0.136	0.443	0.741
0.658	0.446	0.596	0.51	-0.04399999999999993
0.727	0.093	-0.792	-0.804	1.202
0.596	-0.087	0.167	0.015	0.0875
0.406	-0.106	-0.107	-0.295	0.257
1.049	0.773	0.158	-0.736	0.753
0.948	0.381	-0.727	-0.228	1.3915
0.97	0.815	0.407	-0.286	0.4855
0.631	0.297	-0.593	0.415	1.057
1.401	0.871	0.097	-0.038	1.0390000000000001
0.426	0.056	-0.59	-0.463	0.831
0.513	-0.381	-0.398	-0.179	0.464
0.418	0.309	0.294	0.879	0.0695
0.554	0.642	0.453	0.616	0.14500000000000007
1.334	0.895	1.103	0.608	0.011500000000000066
0.517	0.091	0.351	0.26	-0.046999999999999986
0.241	-0.245	-0.11	0.491	0.108
1.049	0.788	0.115	-0.661	0.8035
1.061	0.751	0.361	0.132	0.5449999999999999
1.414	1.185	1.022	0.366	0.2775000000000001
1.705	0.54	-0.037	-0.561	1.1595
0.97	0.468	0.41	0.955	0.309
0.671	0.997	0.031	-0.454	0.803
0.68	0.973	0.199	-0.458	0.6275
0.671	-0.251	0.154	-0.248	0.05600000000000002
1.218	1.099	0.148	-0.11	1.0105000000000002
0.625	0.684	0.549	0.051	0.10550000000000004
0.382	0.517	0.995	0.747	-0.5455
0.62	0.718	0.441	0.642	0.22800000000000004
0.205	0.105	0.161	0.301	-0.006000000000000005
1.182	0.678	-0.334	-0.227	1.264
1.012	0.745	0.271	0.804	0.6075
1.437	1.04	0.652	0.222	0.5865000000000001
0.401	0.371	-0.927	-0.53	1.3130000000000002
0.566	0.499	0.477	1.146	0.055499999999999994
1.24	0.674	0.265	-0.579	0.6920000000000001
-0.194	-0.475	-0.076	0.264	-0.2585
0.61	0.04	-0.75	-0.396	1.075
0.978	0.489	-0.646	0.151	1.3795000000000002
0.407	0.141	0.178	0.58	0.09599999999999997
1.278	1.115	0.589	0.23	0.6074999999999999
1.253	1.013	0.377	0.67	0.756
0.621	0.296	0.767	0.107	-0.3085
1.077	1.087	-0.028	-1.105	1.1099999999999999
0.439	0.237	1.087	-0.196	-0.749
1.137	0.212	0.052	0.243	0.6224999999999999
0.33	0.566	1.307	0.155	-0.859
1.539	0.809	0.073	-0.554	1.101
1.03	0.877	0.829	0.444	0.12450000000000006
0.797	0.013	-0.149	0.164	0.554
0.553	0.124	-0.04	0.257	0.3785
1.263	0.334	0.186	-0.503	0.6125
0.436	0.287	0.675	0.087	-0.31350000000000006
0.184	-0.336	0.593	-0.46	-0.669
1.196	0.986	0.538	0.146	0.5529999999999999
0.623	0.255	0.678	0.88	-0.23900000000000005
0.757	0.017	-0.542	-1.298	0.929
1.516	0.965	0.276	0.214	0.9644999999999999
1.347	1.131	-0.001	0.149	1.2399999999999998
0.883	0.595	0.57	0.414	0.16900000000000004
1.221	0.935	0.861	0.622	0.21700000000000008
1.02	1.044	0.302	0.825	0.73
1.308	1.223	0.7	-0.158	0.5655000000000001
-0.275	0.255	0.543	1.239	-0.553
1.277	1.391	-0.321	-0.309	1.655
1.284	0.947	0.171	-0.256	0.9444999999999999
0.815	1.041	0.923	0.06	0.004999999999999893
1.283	1.439	1.236	0.75	0.125
1.19	0.983	0.8	-0.07	0.2865
0.819	0.368	0.516	1.134	0.0774999999999999
0.642	0.529	0.769	0.672	-0.1835
0.467	0.285	0.325	0.792	0.05099999999999999
-0.011	0.475	0.32	-0.413	-0.08800000000000002
1.111	0.244	-0.088	-0.158	0.7655
1.245	0.382	0.051	0.436	0.7625000000000001
0.29	0.108	0.457	0.207	-0.258
1.321	0.455	-0.015	-0.05	0.903
0.421	0.83	-0.332	-0.039	0.9575
1.244	0.583	-0.203	-0.743	1.1165
0.086	0.018	-0.041	0.895	0.093
0.919	0.33	-0.251	-0.282	0.8755000000000001
0.042	0.333	0.402	0.714	-0.21450000000000002
0.073	-0.052	0.04	0.239	-0.029500000000000002
1.151	0.935	0.769	-0.111	0.27400000000000013
1.084	0.93	0.4	-0.007	0.6070000000000001
0.753	0.421	0.324	0.587	0.26299999999999996
1.494	0.944	0.494	-0.032	0.7249999999999999
0.147	0.58	0.386	0.428	-0.02250000000000002
1.413	1.126	1.037	-0.136	0.23249999999999993
0.726	0.845	0.05	-0.114	0.7354999999999999
1.192	0.934	-0.094	-0.48	1.157
0.998	1.205	0.539	0.078	0.5625000000000001
0.959	0.678	0.648	0.747	0.17049999999999998
1.071	1.185	1.17	0.765	-0.041999999999999815
0.907	0.845	0.791	0.562	0.08499999999999996
0.852	0.507	0.311	0.603	0.3685
0.438	0.657	0.507	0.585	0.04049999999999998
1.044	0.051	-0.769	0.115	1.3165
0.731	0.642	0.126	0.119	0.5605
0.989	0.549	0.582	0.331	0.18700000000000006
1.401	1.49	1.221	0.608	0.22449999999999992
1.297	1.108	0.064	-0.355	1.1385
0.949	1.238	0.107	-0.845	0.9864999999999999
0.715	0.748	0.35	0.259	0.38150000000000006
0.504	0.484	0.287	-0.495	0.20700000000000002
0.667	0.405	0.194	-0.704	0.342
0.931	0.604	0.302	-0.779	0.4655000000000001
0.498	0.303	0.061	0.295	0.33949999999999997
1.063	0.361	0.77	0.463	-0.05800000000000005
1.096	0.507	0.824	0.851	-0.022499999999999853
1.02	0.681	0.891	0.63	-0.04049999999999998
1.02	0.738	-0.066	-0.717	0.9450000000000001
-0.044	0.175	0.509	0.041	-0.4435
1.249	0.561	0.141	-0.741	0.764
1.342	0.76	0.18	0.27	0.8710000000000002
0.846	0.595	0.69	1.272	0.03049999999999997
1.203	1.193	0.195	0.264	1.003
1.528	0.631	-0.085	-0.422	1.1644999999999999
0.361	0.223	0.244	0.661	0.04799999999999999
1.449	0.869	-0.688	-0.111	1.847
0.805	0.438	0.161	0.155	0.4605
0.96	0.418	0.019	-0.138	0.6699999999999999
1.509	1.406	0.317	0.2	1.1405
1.345	1.171	1.048	-0.052	0.20999999999999996
1.572	1.017	0.778	0.659	0.5165
0.737	0.572	0.306	0.331	0.3485
1.361	1.039	0.754	-0.358	0.44599999999999995
0.756	0.69	0.561	0.273	0.16199999999999992
0.84	0.614	-0.011	-0.222	0.738
1.088	-0.11	-1.014	0.004	1.5030000000000001
1.422	0.978	0.094	0.136	1.1059999999999999
0.829	0.441	-0.324	-0.157	0.9590000000000001
0.883	0.365	0.508	0.055	0.11599999999999999
-0.267	-0.523	-0.485	-0.003	0.08999999999999997
1.275	0.93	-0.263	-0.699	1.3655
0.959	0.762	0.59	0.8	0.2705000000000001
1.457	1.224	0.08	-0.437	1.2605
0.727	0.63	-0.082	-0.116	0.7605
0.728	0.152	0.327	-0.855	0.11299999999999999
0.932	0.868	0.22	0.971	0.68
1.077	0.441	0.128	-0.035	0.631
0.778	0.876	0.425	0.184	0.40199999999999997
0.725	0.666	0.915	0.96	-0.21950000000000003
0.646	0.636	0.226	0.877	0.41500000000000004
0.702	0.489	-0.143	-0.608	0.7384999999999999
1.516	0.51	0.373	0.637	0.6399999999999999
-0.198	-1.097	-0.546	0.791	-0.10149999999999992
0.992	0.987	0.308	0.521	0.6815
0.679	0.204	0.412	0.343	0.029500000000000026
0.94	1.083	0.987	-0.545	0.024499999999999855
0.755	1.039	0.912	1.011	-0.015000000000000013
0.778	0.557	0.531	0.59	0.13649999999999995
0.966	0.714	0.355	-0.662	0.485
0.182	0.33	0.191	0.062	0.065
0.742	0.528	0.278	-0.129	0.357
0.354	0.032	-0.375	-0.425	0.5680000000000001
1.069	0.958	0.737	0.254	0.2765000000000001
1.353	1.491	0.907	-0.284	0.5150000000000001
0.547	-0.076	-0.329	0.109	0.5645
0.848	0.571	-0.293	-0.278	1.0025
0.373	-0.474	-0.112	1.093	0.06150000000000001
0.824	0.299	-0.024	0.162	0.5855
0.651	0.533	-0.231	-0.057	0.8230000000000001
1.042	0.732	0.499	0.049	0.388
0.661	0.815	0.262	-0.354	0.476
1.61	0.484	-0.454	0.555	1.5010000000000001
0.854	0.676	1.06	-0.314	-0.29500000000000004
-0.072	-0.025	0.557	0.415	-0.6055
0.946	0.203	-0.402	-0.441	0.9765
1.067	0.752	0.397	0.274	0.5125
1.522	0.949	0.843	0.135	0.39250000000000007
0.724	0.267	-0.725	-1.226	1.2205
0.511	-0.089	-0.302	0.168	0.513
0.804	0.508	-0.332	-0.089	0.988
0.762	-0.036	-0.528	-0.371	0.891
-0.205	-0.335	0.295	0.999	-0.565
0.121	-0.066	-0.32	0.31	0.34750000000000003
-0.024	0.214	0.353	-0.137	-0.258
0.783	0.483	0.627	-0.404	0.006000000000000005
1.422	0.61	-0.105	0.098	1.121
1.162	0.49	-0.509	-0.566	1.335
0.718	0.397	-0.095	-0.613	0.6525
0.816	0.633	0.176	-0.267	0.5485
0.957	0.607	-0.008	-0.185	0.79
0.598	-0.096	-0.698	0.321	0.949
0.855	0.432	0.098	-0.533	0.5455
0.448	0.077	0.263	-0.09	-0.0005000000000000004
0.539	0.24	-0.106	-0.258	0.4955
0.585	0.529	0.664	-0.199	-0.1070000000000001
1.013	0.328	1.306	0.727	-0.6355000000000001
0.796	0.57	0.727	0.992	-0.04399999999999993
0.542	0.037	-0.319	0.82	0.6085
1.496	0.932	0.854	0.415	0.36
1.016	0.792	1.051	-0.079	-0.1469999999999999
0.214	0.354	-0.134	-0.246	0.418
0.189	-0.129	0.02	-0.511	0.009999999999999998
1.182	0.474	0.459	-0.214	0.36899999999999994
0.719	0.19	-0.01	0.498	0.4645
0.959	0.847	0.465	0.153	0.438
0.584	0.484	0.98	0.273	-0.44599999999999995
1.277	0.749	0.635	-0.826	0.3779999999999999
0.831	0.825	0.202	-0.097	0.6259999999999999
1.555	0.817	0.118	-0.329	1.068
1.113	0.643	-0.296	-0.142	1.174
0.938	1.172	0.611	-0.101	0.44399999999999995
0.19	-1.007	-0.89	0.449	0.48150000000000004
0.691	0.864	0.552	-0.699	0.22549999999999992
0.834	0.313	-0.294	-0.341	0.8674999999999999
0.454	0.385	0.33	0.037	0.08949999999999997
1.1	0.966	0.888	0.883	0.1449999999999999
1.058	0.757	0.286	-0.832	0.6214999999999999
1.014	0.62	0.174	0.754	0.643
1.188	0.901	-0.129	-0.414	1.1735
1.014	1.315	1.488	0.869	-0.3235000000000001
0.443	0.511	0.193	0.043	0.284
0.878	0.19	0.382	0.525	0.15200000000000002
0.609	0.505	-0.102	0.17	0.6589999999999999
1.907	0.855	0.291	-0.783	1.09
0.333	-0.423	-0.266	0.383	0.22100000000000003
0.586	0.37	0.261	0.653	0.21699999999999997
0.362	-0.021	-0.328	-0.341	0.4985
1.002	0.346	-0.094	0.642	0.7679999999999999
1.11	0.762	1.057	0.582	-0.12099999999999989
1.185	1.3	0.686	1.318	0.5565000000000001
0.608	0.313	0.344	0.642	0.11650000000000005
0.958	1.057	1.264	0.528	-0.2565000000000002
1.42	0.821	0.239	0.48	0.8814999999999998
0.45	0.845	1.225	0.291	-0.5775000000000001
1.108	-0.041	-0.212	-0.024	0.7455
0.557	0.809	0.646	0.079	0.03700000000000003
0.799	0.644	0.401	-0.149	0.3205
1.422	0.641	0.541	-0.478	0.4904999999999998
-0.024	-0.286	0.568	0.833	-0.723
0.97	0.683	-0.265	-0.848	1.0915
0.44	0.145	0.486	0.381	-0.1935
0.655	0.6	0.181	0.067	0.44649999999999995
0.434	0.259	-0.21	0.009	0.5565
0.762	0.815	0.766	-0.414	0.022499999999999964
1.456	1.226	0.118	-0.124	1.2229999999999999
0.563	-0.101	-0.214	0.267	0.44499999999999995
1.083	0.526	0.267	0.566	0.5375
1.054	0.496	-1.068	-0.456	1.843
1.625	0.69	0.03	-0.167	1.1275
0.804	0.877	0.851	-0.261	-0.010499999999999954
0.674	0.481	0.141	0.632	0.4365
0.843	0.693	-0.061	-0.627	0.829
0.446	0.697	-0.03	-0.494	0.6015
1.562	0.357	-0.007	0.243	0.9665
0.922	0.839	-0.44	0.747	1.3205
1.698	1.066	-0.151	-0.146	1.5330000000000001
1.04	0.723	-0.111	0.405	0.9924999999999999
0.404	-0.786	-1.165	-0.706	0.974
0.695	0.436	-0.243	-0.18	0.8085
1.26	1.129	0.306	-0.829	0.8885000000000001
0.876	0.226	-0.101	-0.709	0.652
1.274	0.813	0.356	0.122	0.6874999999999999
1.113	1.261	1.471	0.418	-0.28400000000000025
1.104	0.832	0.627	-0.471	0.34099999999999997
0.998	0.811	0.846	-0.143	0.05850000000000011
0.313	0.196	0.608	0.083	-0.3535
1.029	0.845	0.159	-0.224	0.7779999999999999
0.332	0.391	-0.1	0.644	0.4615
0.292	0.198	0.346	0.325	-0.10099999999999998
0.729	0.244	-0.142	-0.264	0.6285
0.901	0.79	0.858	0.325	-0.012499999999999956
0.768	0.408	0.25	0.308	0.33799999999999997
1.143	0.283	-0.777	0.684	1.49
0.885	1.068	0.711	0.848	0.26550000000000007
0.69	0.388	0.816	0.838	-0.277
1.214	0.624	0.156	0.426	0.763
1.233	1.016	1.297	0.191	-0.17249999999999988
0.653	0.097	0.43	0.292	-0.05499999999999999
1.603	1.289	0.265	0.412	1.181
0.356	0.085	0.562	0.369	-0.3415
0.929	0.468	-0.589	0.457	1.2875
1.185	0.934	0.751	0.028	0.3085000000000001
1.609	1.106	0.572	0.417	0.7855
0.291	-0.654	-1.005	-0.554	0.8234999999999999
0.563	0.788	0.633	0.042	0.04249999999999998
1.273	1.121	0.053	1.016	1.1440000000000001
1.342	-0.102	-0.512	0.048	1.1320000000000001
0.896	0.784	1.131	0.392	-0.2909999999999999
0.503	0.318	0.389	-1.349	0.021499999999999964
1.215	1.186	1.132	0.328	0.0685
1.236	0.695	0.257	0.015	0.7085
0.148	0.089	0.765	1.207	-0.6465000000000001
0.685	0.602	0.266	0.456	0.37749999999999995
1.076	0.741	0.25	-0.274	0.6585000000000001
0.956	0.766	1.095	0.355	-0.23399999999999999
1.188	0.143	-0.57	-0.219	1.2355
1.077	0.511	0.129	0.448	0.665
0.584	0.589	0.575	-0.554	0.011500000000000066
0.769	0.879	-0.283	-0.772	1.107
1.214	0.11	-0.461	-0.587	1.123
0.642	0.753	0.017	-1.018	0.6805
0.876	0.088	0.222	0.661	0.26
0.244	0.166	0.364	0.467	-0.15899999999999997
1.099	0.408	0.054	-0.973	0.6994999999999999
1.409	1.061	-0.184	-0.482	1.4189999999999998
0.918	0.309	-0.422	-0.881	1.0355
0.014	0.279	-0.242	0.037	0.3885
1.266	0.409	-0.653	-0.231	1.4905
0.624	0.48	0.895	0.631	-0.34299999999999997
0.543	-0.162	-0.231	0.137	0.4215
0.844	0.195	0.642	0.688	-0.12250000000000005
0.829	-0.1	-0.302	-0.086	0.6665
0.952	0.523	0.353	0.311	0.38450000000000006
1.108	0.59	-1.027	-0.648	1.876
0.495	-0.071	-0.015	0.221	0.22699999999999998
0.944	0.289	0.267	-0.154	0.3494999999999999
1.438	0.513	0.339	1.119	0.6365000000000001
0.318	0.123	-0.236	-1.316	0.4565
0.248	-0.048	0.107	0.411	-0.006999999999999992
0.356	0.001	0.389	0.079	-0.21050000000000002
0.449	-0.172	-0.242	-1.136	0.3805
1.21	0.664	0.785	0.202	0.15200000000000002
0.168	-0.213	-0.75	0.012	0.7275
0.956	0.364	0.066	-0.457	0.5939999999999999
0.304	0.434	0.35	-0.157	0.019000000000000017
0.82	0.867	1.182	0.066	-0.3385
0.416	-0.053	-0.224	0.158	0.40549999999999997
0.618	0.28	0.418	0.565	0.031000000000000028
0.902	0.256	0.318	0.017	0.26099999999999995
0.769	0.142	-0.358	0.071	0.8135
0.544	0.611	-0.172	-0.443	0.7495
1.432	0.405	-0.34	0.146	1.2585
1.181	0.952	0.305	-0.536	0.7615000000000001
0.338	-0.315	-0.646	0.209	0.6575
0.068	0.215	0.022	0.656	0.11950000000000002
1.23	0.936	-0.056	0.346	1.139
0.816	0.811	0.858	-0.241	-0.044499999999999984
1.57	1.104	0.336	0.493	1.0010000000000001
1.11	0.912	0.406	0.505	0.6050000000000001
0.842	0.587	0.186	-0.238	0.5285
0.965	0.548	1.037	0.705	-0.28049999999999997
0.259	-0.168	-0.467	-0.387	0.5125000000000001
1.164	1.103	0.201	-0.56	0.9324999999999999
0.638	0.512	0.611	0.338	-0.03600000000000003
1.453	0.725	-0.409	-1.148	1.498
1.332	0.759	0.749	0.367	0.2965000000000001
0.994	1.108	0.175	0.657	0.8760000000000001
1.007	1.065	0.169	0.379	0.867
0.807	0.109	0.588	-0.236	-0.12999999999999995
0.689	0.135	0.602	0.69	-0.19
-0.091	0.09	0.472	-0.284	-0.4725
0.837	0.754	-0.058	0.372	0.8535
1.259	1.131	-0.374	-0.042	1.569
1.349	1.019	0.61	-0.611	0.574
0.825	0.983	0.905	-0.106	-0.001000000000000112
0.424	0.189	0.004	0.857	0.3025
1.052	0.95	0.409	-1.424	0.5919999999999999
0.86	0.228	0.813	-0.162	-0.2689999999999999
0.799	1.017	1.48	0.698	-0.5720000000000001
0.315	-0.438	-0.465	-0.896	0.4035
1.06	0.688	0.003	-0.732	0.871
1.095	0.171	-0.3	-0.329	0.933
0.739	0.26	-0.204	-0.103	0.7035
1.023	0.799	0.156	0.399	0.755
0.847	0.275	-0.755	0.122	1.3159999999999998
0.254	0.083	0.299	-0.385	-0.13049999999999998
0.801	-0.109	-0.384	0.804	0.73
0.359	-0.423	-1.104	-0.334	1.072
0.8	0.805	0.4	-0.235	0.40249999999999997
1.098	0.977	0.919	0.294	0.11850000000000005
1.286	1.062	1.381	1.179	-0.20700000000000007
1.573	1.01	0.526	1.237	0.7655000000000001
0.962	0.572	0.004	-0.295	0.7629999999999999
1.673	1.324	0.062	-0.216	1.4364999999999999
1.015	0.462	0.99	0.653	-0.25150000000000006
0.791	0.348	-0.491	0.637	1.0605
1.295	1.35	0.766	0.644	0.5565
1.15	0.973	-0.305	-0.048	1.3664999999999998
0.952	0.742	0.859	1.047	-0.01200000000000001
-0.228	-0.547	-0.183	0.171	-0.20450000000000002
1.16	1.046	0.42	-0.366	0.683
1.165	0.553	-0.437	-0.524	1.296
0.595	0.529	-0.148	-0.366	0.7100000000000001
0.883	0.207	0.459	0.325	0.08600000000000002
0.586	0.422	0.014	-0.78	0.49
1.199	0.337	-0.885	-1.258	1.653
0.407	-0.019	-0.026	-0.244	0.21999999999999997
1.491	0.615	-0.135	-0.666	1.188
1.026	0.383	-0.115	0.289	0.8195
0.088	0.093	0.424	0.873	-0.3335
0.989	0.577	0.334	-0.187	0.4489999999999999
0.67	0.614	0.44	1.174	0.202
0.911	0.761	0.312	-0.261	0.524
0.384	0.163	0.746	0.638	-0.4725
0.526	0.179	-0.401	-0.754	0.7535000000000001
0.879	0.518	0.62	0.614	0.07850000000000001
1.037	0.931	-0.031	-1.096	1.015
0.302	0.487	0.497	0.697	-0.10250000000000004
0.211	-0.109	-0.668	-1.248	0.7190000000000001
0.493	0.489	-0.207	-0.191	0.698
0.808	0.711	-0.238	-0.712	0.9975
0.102	-0.026	1.068	0.049	-1.03
0.937	0.855	0.591	0.783	0.30500000000000005
1.028	0.648	0.651	0.06	0.18700000000000006
-0.03	-0.73	0.214	0.366	-0.594
0.963	0.566	1.026	0.199	-0.26150000000000007
0.572	0.03	0.166	0.099	0.13499999999999998
1.109	0.731	0.58	0.065	0.33999999999999997
0.367	-0.032	-0.265	-0.58	0.4325
0.562	0.404	0.053	1.078	0.43000000000000005
-0.019	-0.637	-0.466	0.435	0.138
0.948	0.807	0.824	-0.1	0.05349999999999999
1.101	1.079	0.724	0.169	0.3659999999999999
1.599	0.897	0.259	1.026	0.989
0.979	1.156	0.262	0.211	0.8054999999999999
0.494	-0.315	-1.068	0.744	1.1575
0.973	1.028	0.844	0.113	0.15649999999999997
1.326	1.068	0.711	-0.507	0.4860000000000001
0.869	-0.113	-0.972	-0.253	1.35
0.524	-0.031	-0.027	0.096	0.2735
0.1	0.032	-0.542	0.271	0.6080000000000001
1.597	0.286	-0.23	-0.56	1.1715
0.833	1.08	-0.281	-0.731	1.2375
0.314	0.637	0.958	0.819	-0.48249999999999993
0.325	0.071	-0.22	0.779	0.41800000000000004
0.84	0.045	-0.146	0.714	0.5885
0.685	0.3	0.443	0.297	0.049500000000000044
0.484	0.069	0.341	-0.249	-0.06450000000000006
0.881	0.618	-0.628	-1.022	1.3775
0.865	0.692	0.178	0.034	0.6005
1.022	0.592	0.968	0.329	-0.16100000000000003
1.087	0.795	-0.089	-0.212	1.03
0.48	-0.268	0.485	0.269	-0.379
0.847	0.669	0.185	0.16	0.573
0.92	0.517	0.054	-0.825	0.6645
1.171	0.849	0.149	0.126	0.861
0.887	0.355	-0.463	0.001	1.084
0.948	1.035	0.889	-0.377	0.10249999999999992
0.482	0.545	-0.192	-0.812	0.7055
0.674	0.439	0.219	-0.282	0.3375
0.803	0.161	-0.626	-0.874	1.108
0.831	-0.304	-0.447	0.743	0.7104999999999999
0.513	0.246	0.902	1.612	-0.5225
0.511	0.469	0.772	0.402	-0.28200000000000003
0.956	0.63	0.543	0.36	0.2499999999999999
1.278	0.872	0.307	-0.213	0.768
0.485	0.335	-0.408	-0.887	0.8180000000000001
0.897	-0.101	-0.114	1.07	0.512
0.516	0.558	0.06	0.422	0.47700000000000004
0.831	0.347	-0.725	-0.53	1.314
0.519	0.175	0.082	-0.834	0.26499999999999996
0.832	0.619	-0.51	-0.594	1.2355
1.255	0.904	0.033	0.691	1.0465
0.508	-0.095	0.298	0.754	-0.09149999999999997
0.864	0.94	0.649	0.538	0.2529999999999999
1.06	0.604	0.225	0.573	0.6070000000000001
1.372	0.677	-0.039	-0.223	1.0635000000000001
0.459	0.586	0.216	-0.082	0.3065
0.574	0.049	-0.353	-0.139	0.6645
1.292	1.141	0.217	-0.76	0.9994999999999999
1.209	0.565	-0.04	-0.16	0.927
1.222	0.654	0.58	0.258	0.358
0.981	1.065	0.762	-0.208	0.2609999999999999
0.928	0.55	0.283	0.416	0.4560000000000001
1.124	0.09	-0.128	-0.912	0.7350000000000001
0.617	0.499	0.222	0.141	0.3360000000000001
0.761	0.297	-0.173	0.036	0.702
0.696	0.094	-0.156	-0.023	0.5509999999999999
0.926	0.411	0.027	-0.045	0.6415
0.87	0.556	0.223	0.045	0.4900000000000001
0.922	0.544	0.338	0.514	0.3950000000000001
1.49	1.149	0.758	0.139	0.5615000000000001
0.638	0.672	-0.441	0.109	1.096
1.449	1.026	0.653	0.272	0.5845
1.045	0.853	-0.033	-0.101	0.982
0.881	0.653	-0.364	-0.8	1.131
0.913	1.019	0.632	0.213	0.33399999999999996
0.668	0.992	0.77	0.184	0.06000000000000005
1.143	0.471	0.51	-0.106	0.29699999999999993
1.515	1.478	0.456	-0.344	1.0405
0.942	0.571	0.382	0.105	0.37449999999999994
0.434	0.186	0.165	-0.723	0.145
0.505	0.05	-0.113	0.187	0.3905
0.711	0.628	0.022	-1.005	0.6475
0.747	0.682	0.676	0.776	0.03849999999999998
0.94	0.68	0.013	-0.171	0.797
0.874	0.392	0.635	0.594	-0.0020000000000000018
0.653	0.598	0.9	0.564	-0.2745000000000001
0.601	-0.042	0.247	0.13	0.03249999999999997
0.096	0.466	0.607	0.108	-0.32599999999999996
1.412	1.043	0.546	0.333	0.6815
0.436	0.464	1.019	0.812	-0.569
0.58	0.792	0.063	-1.117	0.623
0.633	0.344	0.597	0.185	-0.10849999999999999
0.748	0.526	0.4	0.505	0.237
0.95	0.3	0.287	0.237	0.338
0.956	0.423	0.031	0.012	0.6585
0.596	0.208	-0.149	0.322	0.5509999999999999
0.385	0.214	0.766	0.476	-0.4665
0.81	0.461	-0.479	-0.782	1.1145
1.019	0.894	0.193	-0.561	0.7634999999999998
0.869	0.517	0.155	-0.494	0.538
1.049	0.536	-0.239	-0.476	1.0314999999999999
1.3	1.047	0.503	0.055	0.6705
0.378	0.003	0.773	0.664	-0.5825
1.107	0.643	0.747	0.465	0.128
0.866	1.003	0.968	0.655	-0.033500000000000085
0.791	0.574	0.5	0.455	0.1825
-0.046	-0.219	0.233	0.862	-0.36550000000000005
1.142	1.104	1.351	0.625	-0.22799999999999998
1.273	0.756	0.409	1.251	0.6054999999999999
0.664	-0.01	0.05	0.938	0.277
0.498	-0.204	0.189	0.225	-0.04199999999999998
0.752	1.034	1.616	0.121	-0.7230000000000001
1.095	0.462	-0.117	0.032	0.8955
0.733	0.213	0.044	-0.415	0.429
0.695	1.06	0.818	-0.012	0.0595
0.632	0.082	-0.462	-0.391	0.819
0.793	0.425	-0.454	-0.184	1.063
1.046	0.804	0.863	-0.505	0.062000000000000055
0.462	0.356	0.266	-0.348	0.14300000000000002
0.493	1.027	0.664	0.23	0.09599999999999997
0.393	0.261	0.657	0.682	-0.33
1.341	0.639	-0.21	-0.784	1.2
0.656	0.673	0.475	0.396	0.1895000000000001
0.577	0.839	-0.59	-1.025	1.298
0.381	-0.252	-0.777	-1.64	0.8415
0.766	0.105	0.41	1.147	0.025500000000000023
1.231	0.596	-0.441	-0.303	1.3545
0.678	0.314	0.117	1.208	0.379
1.035	0.765	-0.232	-0.771	1.132
0.839	0.488	0.675	-0.508	-0.011500000000000066
0.657	0.361	0.825	-0.262	-0.31599999999999995
0.528	0.495	0.202	-0.332	0.30950000000000005
0.398	0.312	0.883	1.052	-0.528
0.443	0.339	0.146	0.076	0.24500000000000002
1.44	0.887	0.606	0.709	0.5575
0.369	-0.152	-0.692	-0.725	0.8005
0.794	0.282	-0.557	-0.154	1.0950000000000002
0.073	0.351	0.149	-0.075	0.063
0.224	0.027	0.869	0.787	-0.7435
0.35	-0.392	-0.574	0.186	0.5529999999999999
1.377	1.196	0.563	-0.642	0.7235
1.437	0.987	0.029	-0.45	1.183
0.748	0.678	1.045	-0.47	-0.33199999999999985
1.12	0.343	0.498	0.056	0.23350000000000004
0.639	0.428	0.116	-0.391	0.4175
1.275	0.506	0.053	-0.505	0.8374999999999999
0.534	-0.176	0.526	1.193	-0.347
0.704	0.331	-0.559	0.206	1.0765
1.029	0.595	0.755	0.229	0.05699999999999994
0.591	-0.003	-0.159	-0.787	0.45299999999999996
0.734	0.163	1.015	-0.007	-0.5664999999999999
1.146	0.786	-0.706	0.438	1.672
0.997	0.486	-0.685	0.114	1.4265
0.363	0.168	0.007	-0.629	0.2585
0.441	-0.356	-0.49	-0.211	0.5325
1.27	0.853	0.252	0.681	0.8095000000000001
0.673	0.904	-0.152	0.037	0.9405
1.543	0.791	-0.733	-0.477	1.9
0.889	1.226	0.736	-0.608	0.3215000000000001
0.462	0.173	0.261	-0.26	0.056499999999999995
0.291	-0.007	-0.429	0.327	0.571
0.575	0.744	0.961	0.112	-0.3015
0.839	-0.06	0.101	-0.166	0.2885
1.176	0.84	0.475	-0.035	0.533
1.084	0.378	-0.072	-0.171	0.803
0.856	0.675	0.718	0.348	0.0475000000000001
0.013	-0.257	-0.199	0.371	0.07700000000000001
0.686	0.756	0.9	0.557	-0.17899999999999994
0.938	0.852	0.658	0.1	0.237
1.149	0.778	0.774	0.359	0.1895
0.545	0.826	-0.394	-0.04	1.0795
0.81	0.583	0.552	0.856	0.14449999999999996
1.835	1.421	0.022	0.059	1.606
0.68	0.69	1.831	0.359	-1.146
0.594	0.114	0.168	-1.231	0.18599999999999997
0.959	0.372	0.368	0.55	0.2975
1.474	1.1	0.544	0.219	0.7429999999999999
1.095	1.355	0.826	-0.123	0.39900000000000013
0.141	-0.621	-0.425	0.25	0.185
1.044	-0.014	-0.32	-0.926	0.835
0.417	0.956	-0.154	-0.788	0.8405
0.911	0.449	0.506	0.337	0.17400000000000004
0.756	0.687	-0.072	-0.879	0.7935
1.033	0.28	0.279	0.34	0.37749999999999995
0.873	0.717	0.663	0.333	0.1319999999999999
0.979	0.873	0.324	-0.351	0.6019999999999999
1.166	0.47	-0.482	-0.588	1.2999999999999998
0.523	-0.081	0.17	0.939	0.05099999999999999
0.696	0.073	-0.148	0.989	0.5325
0.677	0.264	0.509	0.708	-0.03849999999999998
-0.023	-0.004	0.482	0.498	-0.4955
0.919	0.755	0.23	0.489	0.607
0.501	0.242	-0.01	-0.7	0.3815
0.907	0.38	-0.719	0.133	1.3624999999999998
0.654	0.521	0.739	0.617	-0.15149999999999997
1.135	1.143	0.76	-0.442	0.379
1.325	1.154	0.528	-0.046	0.7115
0.515	0.587	0.845	0.964	-0.29400000000000004
1.574	1.225	0.242	-0.535	1.1575000000000002
0.79	0.883	0.228	0.108	0.6085
0.749	-0.112	-0.612	-0.782	0.9305
1.224	0.526	0.529	0.151	0.346
0.885	0.644	0.195	-0.696	0.5694999999999999
0.058	-0.764	-1.299	-0.685	0.946
0.955	1.017	0.252	0.39	0.734
0.914	0.594	0.48	0.63	0.274
0.792	0.844	0.29	-0.262	0.528
0.942	0.299	0.609	0.52	0.011499999999999955
0.855	0.386	0.674	0.675	-0.05349999999999999
0.887	0.51	0.095	-0.576	0.6035
0.153	0.222	0.598	0.403	-0.4105
0.121	-0.544	-0.96	-0.281	0.7484999999999999
0.368	0.468	0.485	0.05	-0.06699999999999995
0.511	0.211	0.584	0.105	-0.22299999999999998
0.631	-0.029	0.351	0.467	-0.04999999999999999
1.285	0.995	0.455	0.7	0.6849999999999998
1.068	0.882	0.113	0.201	0.8620000000000001
1.843	1.533	0.869	0.64	0.819
0.679	0.326	0.838	-0.392	-0.3354999999999999
0.864	0.663	0.203	-0.506	0.5605
0.846	0.396	-0.734	-0.137	1.355
1.25	1.163	-0.433	-0.476	1.6395000000000002
1.395	0.717	-0.396	-0.662	1.452
1.641	1.207	1.109	0.098	0.31499999999999995
1.086	1.02	0.44	0.204	0.613
0.788	0.279	0.628	0.925	-0.09449999999999992
0.747	0.723	0.753	0.494	-0.018000000000000016
0.275	0.105	-0.174	-0.312	0.364
0.942	0.868	0.173	-0.463	0.732
1.024	1.322	-0.656	-0.984	1.8290000000000002
0.857	0.426	0.873	0.038	-0.23150000000000004
0.964	0.394	-0.967	-0.84	1.646
1.144	0.884	0.093	0.02	0.921
0.0	0.133	0.21	-0.183	-0.1435
1.045	0.431	-0.503	-1.134	1.241
0.933	1.113	0.832	0.378	0.19100000000000017
1.122	0.697	0.068	0.13	0.8414999999999999
0.622	0.667	0.569	0.12	0.07550000000000012
1.316	0.767	-0.205	-0.622	1.2465000000000002
0.473	0.756	0.351	-0.465	0.26350000000000007
0.281	0.324	0.65	0.506	-0.34750000000000003
0.904	0.957	0.022	0.85	0.9085
0.83	-0.081	-0.168	-0.799	0.5425
1.088	0.859	0.66	-0.066	0.3135
0.907	0.238	0.171	0.267	0.40149999999999997
0.6	0.517	-0.114	-0.8	0.6725
1.167	0.792	1.05	-0.061	-0.07050000000000001
0.742	0.117	0.447	-0.095	-0.017500000000000016
0.705	0.427	0.845	-0.481	-0.279
1.183	0.854	-0.056	-0.051	1.0745
0.575	0.499	1.244	0.341	-0.7070000000000001
0.556	0.889	0.357	0.277	0.36550000000000005
0.288	-0.29	-0.065	0.349	0.064
0.84	1.099	-0.315	-0.651	1.2845
0.699	0.552	0.126	-0.445	0.49949999999999994
0.936	0.825	0.003	-0.533	0.8775000000000001
0.524	0.2	-0.097	-0.227	0.45899999999999996
0.03	-0.215	0.177	0.459	-0.26949999999999996
0.421	0.523	0.323	-0.528	0.14899999999999997
0.089	-0.129	-0.119	-0.298	0.09899999999999999
0.757	0.537	0.534	0.384	0.11299999999999999
1.458	1.051	0.478	-0.069	0.7765
0.53	0.501	0.359	0.254	0.15650000000000008
0.944	1.2	1.641	0.219	-0.569
1.234	1.053	0.456	-0.137	0.6875
0.656	0.338	-0.025	-0.318	0.522
1.16	1.104	0.386	-0.597	0.7460000000000001
1.336	0.123	-0.096	-0.066	0.8255
0.867	-0.119	0.282	0.705	0.09200000000000003
1.45	0.827	0.694	-0.033	0.4445000000000001
0.609	0.63	0.755	0.839	-0.13550000000000006
0.94	0.543	0.308	-0.224	0.43350000000000005
0.526	0.814	0.469	-1.029	0.20099999999999996
0.212	0.444	0.38	-0.396	-0.05199999999999999
1.193	1.218	0.812	0.374	0.39349999999999996
0.337	-0.325	-0.413	0.83	0.419
1.299	0.776	0.441	0.786	0.5965
0.622	0.483	0.32	1.034	0.23249999999999998
1.191	0.769	-0.363	0.111	1.343
0.449	0.065	0.32	1.072	-0.063
0.549	0.374	0.149	-0.95	0.3125
0.642	0.237	-0.026	-0.82	0.4655
2.039	1.593	0.345	-1.121	1.471
0.861	0.865	0.377	-0.177	0.486
1.206	0.677	0.755	0.357	0.1865
0.733	0.858	1.088	0.81	-0.2925000000000001
0.56	0.747	0.46	0.054	0.19349999999999995
0.438	0.369	0.464	0.119	-0.060500000000000054
1.302	1.432	1.439	1.062	-0.07200000000000006
1.262	0.929	0.808	0.028	0.28749999999999987
0.364	-0.009	0.047	0.054	0.1305
0.739	0.486	0.544	-0.214	0.0685
1.155	1.364	0.283	-0.131	0.9765000000000001
0.727	-0.125	-0.112	0.479	0.413
1.144	0.203	0.372	0.315	0.3015
0.543	0.049	-0.242	0.072	0.538
1.182	0.787	0.031	-0.303	0.9534999999999999
1.219	0.678	-0.268	0.484	1.2165000000000001
0.875	0.48	0.231	0.637	0.4465
0.958	0.824	0.258	0.071	0.633
0.741	0.173	0.862	0.52	-0.405
1.282	1.097	0.739	-0.154	0.4505
0.867	0.893	0.588	0.408	0.29200000000000004
0.325	0.586	0.705	1.288	-0.24949999999999994
0.815	0.476	0.614	-0.294	0.03149999999999997
0.873	0.532	-0.405	-0.649	1.1075
1.389	0.947	-0.056	-0.69	1.224
1.201	0.401	0.054	-0.178	0.747
1.623	1.482	1.312	0.143	0.24049999999999994
1.269	0.286	-0.396	0.022	1.1735
0.647	0.895	0.746	0.707	0.025000000000000022
0.552	-0.015	-0.098	-0.16	0.36650000000000005
0.909	0.54	-0.169	-0.985	0.8935000000000001
0.306	0.049	0.1	0.521	0.07749999999999999
1.567	0.75	0.335	0.712	0.8235000000000001
1.263	0.981	0.839	0.367	0.2829999999999999
0.494	0.538	-0.303	-0.135	0.819
0.829	0.456	0.364	-0.267	0.27849999999999997
0.562	0.231	-0.6	-0.002	0.9964999999999999
1.052	0.762	1.332	-0.197	-0.42500000000000004
0.295	-0.016	0.172	0.334	-0.0325
0.258	0.233	-0.79	0.079	1.0355
0.793	0.542	-0.337	0.712	1.0045
0.674	0.604	0.805	0.647	-0.16600000000000004
0.794	0.577	0.538	0.404	0.14749999999999996
0.767	0.406	-0.531	0.491	1.1175000000000002
-0.145	-0.415	-0.019	0.64	-0.26099999999999995
1.447	0.532	0.186	-0.024	0.8035000000000001
0.82	0.264	-0.645	-0.437	1.187
0.345	-0.399	0.191	-0.162	-0.21800000000000003
0.705	0.48	0.251	0.637	0.3415
0.755	0.563	0.672	0.4	-0.013000000000000012
0.599	0.579	0.297	0.304	0.292
0.292	0.066	0.171	0.25	0.00799999999999998
1.581	1.392	0.355	0.316	1.1315
0.339	-0.014	0.447	-0.095	-0.2845
1.262	0.778	0.46	-0.083	0.56
-0.128	0.042	0.315	1.275	-0.358
0.617	0.464	-0.048	0.367	0.5885
0.072	0.059	0.668	0.193	-0.6025
-0.045	0.413	0.689	-0.224	-0.5049999999999999
1.315	0.773	-0.027	0.748	1.071
0.504	0.759	0.648	1.321	-0.01650000000000007
0.826	0.754	0.439	0.28	0.35100000000000003
-0.296	-0.653	-0.844	0.154	0.36949999999999994
0.888	0.596	-0.063	0.16	0.8049999999999999
1.333	0.884	0.121	-0.114	0.9875
0.817	0.627	0.765	-0.237	-0.04300000000000004
0.523	0.121	0.106	0.914	0.21600000000000003
1.091	0.147	-0.048	0.337	0.667
0.65	0.589	0.185	-0.502	0.43449999999999994
1.344	0.769	0.524	0.47	0.5325
0.604	0.228	0.449	1.317	-0.03300000000000003
1.185	-0.286	-1.392	-0.47	1.8415
0.722	0.063	-0.501	-1.035	0.8935
1.146	0.605	-0.732	-0.468	1.6075
0.73	0.545	-0.216	-0.474	0.8534999999999999
1.324	0.844	0.446	0.076	0.6380000000000001
1.044	0.777	0.014	-0.416	0.8965000000000001
0.536	0.632	-0.001	-0.922	0.5850000000000001
0.636	0.26	0.234	-0.173	0.214
0.885	0.929	0.369	0.565	0.538
0.617	0.537	-0.168	-0.039	0.745
0.658	0.18	0.746	0.145	-0.32699999999999996
1.361	1.038	0.166	-0.474	1.0335
0.666	-0.057	0.027	0.431	0.27749999999999997
0.567	0.135	0.126	0.29	0.22499999999999998
1.403	0.988	0.827	0.734	0.36850000000000005
1.108	1.048	0.374	-0.208	0.7040000000000001
0.382	0.171	0.172	0.616	0.10450000000000004
0.625	0.647	0.89	-0.534	-0.254
0.206	0.113	0.146	-0.648	0.013500000000000012
0.852	0.354	0.442	0.253	0.16099999999999998
1.284	0.547	-0.083	-0.297	0.9984999999999999
0.62	0.416	0.383	-0.076	0.135
0.949	1.31	0.425	0.2	0.7044999999999999
0.407	0.446	0.174	-0.052	0.2525
0.519	0.393	0.617	0.171	-0.16099999999999998
0.574	0.204	-0.022	0.037	0.411
0.405	0.428	0.879	0.016	-0.4625
0.517	-0.407	-0.7	1.112	0.755
0.889	0.552	0.359	0.156	0.36150000000000004
0.66	0.288	0.007	-0.048	0.46699999999999997
0.229	-0.393	-0.439	-0.59	0.357
0.492	-0.014	-0.139	-0.501	0.378
0.705	0.008	0.275	0.167	0.08149999999999996
1.4	0.753	0.529	-0.734	0.5475
1.02	0.703	0.505	-0.449	0.35649999999999993
1.185	0.671	-0.237	-0.386	1.165
1.015	0.857	0.312	0.231	0.6239999999999999
1.383	1.083	0.496	-0.577	0.7370000000000001
0.771	0.761	-0.025	-0.624	0.791
1.141	0.789	0.364	-0.024	0.6010000000000001
0.745	0.745	0.358	-0.468	0.387
0.12	0.047	0.223	0.273	-0.1395
0.61	0.509	0.323	-0.12	0.2365
0.965	0.502	0.092	0.21	0.6415000000000001
1.214	1.175	1.014	-0.059	0.1805000000000001
0.9	-0.246	-0.891	0.447	1.218
1.491	0.975	0.179	-0.442	1.054
0.642	-0.343	-1.249	-1.157	1.3985
0.697	0.652	0.25	-0.472	0.4245
0.542	0.032	-0.28	0.811	0.5670000000000001
0.883	0.512	0.977	-0.16	-0.27949999999999997
0.844	0.396	0.295	0.124	0.325
1.477	0.553	-0.028	-0.319	1.0430000000000001
1.008	0.529	0.455	0.407	0.31349999999999995
1.045	1.079	0.104	-0.201	0.9579999999999999
1.475	1.204	-0.401	-0.185	1.7405000000000002
0.658	-0.087	-0.505	0.154	0.7905
0.932	0.47	-0.078	1.2	0.779
0.903	0.318	-0.159	-0.272	0.7695000000000001
0.279	0.104	0.748	-0.02	-0.5565
1.31	0.978	0.841	0.497	0.30300000000000016
1.642	1.148	0.652	-0.051	0.743
1.535	1.157	0.3	0.282	1.046
0.89	0.725	1.186	0.476	-0.37849999999999995
1.327	0.9	0.143	0.4	0.9704999999999999
0.792	0.908	0.677	0.801	0.17300000000000004
0.769	0.337	-0.346	-0.861	0.899
1.02	1.102	0.41	-0.599	0.651
1.372	1.034	0.048	0.357	1.155
1.563	1.022	0.691	0.096	0.6015
0.462	0.211	0.381	0.257	-0.044499999999999984
1.014	0.892	0.497	-0.463	0.45600000000000007
0.846	0.575	-0.218	0.28	0.9284999999999999
0.889	0.847	1.217	0.799	-0.3490000000000001
0.786	0.654	0.933	0.273	-0.21300000000000008
0.669	0.465	0.705	0.622	-0.1379999999999999
0.623	-0.167	-0.278	0.706	0.506
1.09	0.569	-0.228	0.401	1.0575
0.904	0.924	1.041	0.501	-0.1269999999999999
0.399	0.508	1.019	0.988	-0.5654999999999999
0.864	0.058	0.046	0.689	0.41500000000000004
1.255	1.116	0.581	-0.351	0.6045
0.372	0.687	0.351	-0.022	0.1785000000000001
1.115	0.127	-0.856	0.663	1.4769999999999999
1.062	1.026	0.308	-0.101	0.736
0.812	0.83	-0.881	0.17	1.702
0.566	0.149	-0.266	-0.554	0.6234999999999999
1.042	0.566	-1.267	-0.982	2.0709999999999997
1.412	1.084	0.434	-0.03	0.8140000000000001
0.231	-0.542	-0.395	0.456	0.2395
0.095	-0.559	-0.212	0.585	-0.020000000000000046
0.711	0.359	-0.104	-0.321	0.6389999999999999
1.342	1.068	0.96	-0.01	0.2450000000000001
0.622	0.356	0.201	0.029	0.288
0.354	-0.068	1.246	0.432	-1.103
1.503	0.572	0.214	-0.123	0.8234999999999999
0.406	0.058	0.293	0.619	-0.06099999999999997
0.406	0.084	0.627	0.509	-0.382
0.609	0.209	0.431	1.323	-0.02200000000000002
0.379	0.393	-0.421	-0.279	0.8069999999999999
1.154	1.053	0.577	-0.567	0.5265
0.936	0.608	0.249	0.864	0.523
0.903	-0.082	-0.549	0.124	0.9595
1.346	0.784	-0.325	-0.377	1.39
0.821	1.04	0.988	1.371	-0.057499999999999996
0.688	0.831	1.013	0.977	-0.25349999999999995
1.048	1.095	-0.077	-0.273	1.1484999999999999
0.125	-0.145	0.127	0.051	-0.137
0.766	0.834	0.649	0.259	0.15100000000000002
0.798	0.286	0.283	0.275	0.25900000000000006
0.783	0.486	0.111	-0.096	0.5235000000000001
0.905	0.356	0.518	0.532	0.11250000000000004
0.966	0.721	-0.002	0.1	0.8454999999999999
0.785	0.589	-0.303	-0.541	0.99
0.461	0.457	0.314	-0.021	0.14500000000000002
1.079	0.541	0.666	-0.496	0.14400000000000002
0.817	0.317	-0.09	-0.67	0.6569999999999999
0.482	-0.542	-0.143	0.585	0.11299999999999996
0.421	0.104	-0.106	0.031	0.3685
0.99	1.131	1.198	0.418	-0.13749999999999996
0.75	0.373	-0.611	-0.593	1.1724999999999999
0.929	0.969	0.176	-0.249	0.7730000000000001
1.339	1.198	0.995	0.847	0.27349999999999997
0.66	1.069	0.882	-0.559	-0.01749999999999996
1.491	1.215	0.328	-0.455	1.0250000000000001
0.125	-0.199	0.013	0.099	-0.05
1.147	0.577	0.51	0.953	0.352
1.085	0.941	0.917	0.244	0.09599999999999986
1.106	0.669	0.659	0.134	0.22850000000000004
0.688	-0.175	-1.094	0.927	1.3505
0.631	0.653	0.443	0.087	0.199
0.919	-0.23	-0.599	-0.808	0.9435
0.886	0.6	0.072	0.234	0.671
0.186	-0.209	-0.556	-0.567	0.5445000000000001
1.38	1.175	0.181	-0.433	1.0964999999999998
0.993	0.9	0.415	0.432	0.5315000000000001
1.096	0.721	0.578	0.135	0.3305000000000001
0.552	-0.35	-0.177	-0.595	0.278
1.201	0.795	0.267	0.138	0.731
0.872	0.295	0.204	-0.101	0.37950000000000006
1.079	1.185	1.038	0.377	0.09400000000000008
0.617	0.422	0.447	-0.193	0.07249999999999995
0.81	0.504	-0.521	0.402	1.178
1.914	1.17	0.437	0.831	1.1049999999999998
0.793	0.325	0.121	0.279	0.43800000000000006
0.485	0.289	-0.191	0.45	0.5780000000000001
0.693	0.604	0.178	0.498	0.4705
0.251	0.611	0.278	0.101	0.15299999999999997
1.095	0.241	0.038	-0.344	0.6299999999999999
1.297	0.979	0.507	-0.067	0.6309999999999999
1.378	0.405	-0.777	-0.292	1.6684999999999999
-0.019	-0.217	0.564	0.654	-0.6819999999999999
0.438	0.623	1.017	0.106	-0.48649999999999993
0.652	0.543	0.401	0.834	0.1965
0.642	0.862	0.728	-0.194	0.02400000000000002
1.635	0.911	0.124	-0.273	1.149
1.176	0.746	0.59	0.836	0.371
1.369	0.708	0.616	0.272	0.4225
0.899	0.617	0.607	0.308	0.15100000000000002
1.13	1.323	0.798	0.312	0.4284999999999999
0.682	0.372	0.231	-0.032	0.29600000000000004
0.776	0.226	-0.112	-0.198	0.613
0.5	0.345	0.551	0.19	-0.12850000000000006
0.831	0.594	0.421	0.635	0.2914999999999999
1.556	1.319	0.591	0.316	0.8465
1.562	0.795	0.645	-0.439	0.5335000000000001
0.968	0.911	0.196	0.567	0.7435
0.708	0.278	0.59	0.142	-0.09699999999999998
0.635	-0.089	-1.222	0.007	1.495
0.294	0.699	0.474	-0.58	0.022499999999999964
1.116	0.392	-0.331	0.966	1.085
0.476	0.326	0.208	0.909	0.19300000000000003
-0.082	-0.484	-0.294	0.151	0.01100000000000001
0.875	0.411	-0.468	0.36	1.111
1.128	1.358	0.777	-0.04	0.46599999999999986
0.314	0.064	0.126	0.29	0.063
0.757	0.588	-0.081	-1.128	0.7535
1.031	1.051	0.423	-0.33	0.6179999999999999
0.825	0.862	1.028	1.187	-0.1845000000000001
0.81	0.522	0.287	0.061	0.37900000000000006
1.489	1.053	0.938	-0.23	0.33299999999999996
0.742	0.301	-0.136	0.164	0.6575
1.066	0.796	-0.141	-0.611	1.072
0.806	0.973	1.124	0.36	-0.23450000000000015
0.553	-0.263	0.214	0.229	-0.06899999999999998
0.742	0.478	0.82	1.101	-0.20999999999999996
1.041	0.495	-0.03	0.239	0.798
0.992	1.154	0.592	-0.001	0.481
0.756	0.87	0.845	0.881	-0.03200000000000003
1.299	1.375	0.624	0.55	0.713
1.302	0.761	-0.09	-0.228	1.1215000000000002
1.362	0.374	0.078	-0.149	0.7900000000000001
0.081	0.003	-0.177	0.235	0.219
0.513	0.345	0.018	-0.404	0.411
1.768	1.587	0.433	-0.383	1.2445
0.521	0.199	-0.242	0.572	0.602
0.842	0.768	0.558	0.74	0.2469999999999999
0.106	0.318	0.965	-0.102	-0.753
0.681	0.417	-0.554	0.001	1.1030000000000002
0.862	0.88	0.295	-0.058	0.5760000000000001
1.036	0.727	0.842	0.461	0.03949999999999998
0.348	0.197	-0.108	-0.344	0.38049999999999995
1.308	0.721	0.033	-0.077	0.9814999999999999
0.753	0.364	0.396	0.663	0.16249999999999998
0.844	0.64	0.345	0.56	0.397
0.931	0.522	-0.536	0.707	1.2625000000000002
0.679	0.084	-0.238	0.149	0.6194999999999999
0.312	-0.435	-0.514	-0.385	0.4525
0.886	0.249	-0.457	-0.586	1.0245
1.005	0.798	0.066	-0.049	0.8354999999999999
0.695	0.637	0.817	0.577	-0.15100000000000002
-0.384	-0.711	-0.57	0.299	0.022499999999999964
1.112	0.601	-0.594	0.025	1.4505
0.727	0.389	-0.785	-0.023	1.343
1.025	0.779	0.437	0.197	0.4649999999999999
1.004	0.696	-0.255	-0.529	1.105
0.688	0.169	-0.085	0.174	0.5135
0.634	0.134	0.068	0.045	0.316
1.013	0.974	0.256	-0.482	0.7374999999999999
0.808	0.261	0.666	0.646	-0.13150000000000006
1.069	1.168	0.544	0.098	0.5745
0.126	-0.182	0.786	0.573	-0.8140000000000001
0.59	0.549	0.996	0.621	-0.4265
1.141	-0.018	-0.485	0.113	1.0465
0.561	0.236	0.825	0.15	-0.42649999999999993
1.01	0.946	0.363	-0.016	0.615
0.221	0.142	0.756	0.768	-0.5745
0.837	1.349	0.335	-0.28	0.758
0.914	0.9	0.693	0.781	0.21400000000000008
0.932	0.984	0.747	0.502	0.21099999999999997
0.84	0.927	0.51	0.52	0.37349999999999994
1.583	1.225	0.378	0.082	1.0259999999999998
0.789	0.232	0.094	0.11	0.4165000000000001
0.78	1.191	0.797	1.485	0.1885
1.13	0.589	-1.304	-0.073	2.1635
0.708	0.4	0.39	0.22	0.16400000000000003
0.94	0.32	-0.031	-0.533	0.661
0.974	1.106	0.857	0.005	0.18300000000000005
0.791	0.368	-0.036	-0.595	0.6155
0.91	0.822	0.56	0.015	0.30599999999999994
0.777	0.7	0.37	-0.197	0.36849999999999994
0.442	0.451	0.967	0.383	-0.5205
0.281	-0.173	0.085	0.518	-0.030999999999999986
0.876	0.881	0.21	0.156	0.6685000000000001
0.663	0.573	-0.078	-0.543	0.696
0.462	0.086	0.213	0.337	0.061000000000000026
1.865	0.91	0.325	0.101	1.0625
0.527	-0.173	-1.195	-1.221	1.372
0.485	0.278	0.047	0.397	0.3345
0.912	0.961	1.155	-0.012	-0.21850000000000003
0.771	0.628	0.193	0.111	0.5065
1.127	0.783	1.068	-0.419	-0.11299999999999999
0.744	0.629	0.515	-0.201	0.17149999999999999
-0.165	-1.373	-1.209	0.506	0.44000000000000006
0.551	-0.037	-0.143	-0.001	0.4
0.885	0.395	0.592	0.352	0.04800000000000004
1.513	1.617	1.224	0.662	0.34099999999999997
1.037	0.766	0.478	0.44	0.4235
0.047	0.108	0.057	0.619	0.020499999999999997
0.713	0.577	0.311	-0.386	0.334
0.669	0.38	0.759	-0.136	-0.23450000000000004
0.487	0.376	0.051	-1.076	0.3805
1.169	0.753	0.997	-0.142	-0.03599999999999992
1.123	0.519	0.33	0.43	0.49099999999999994
0.598	0.344	0.578	0.628	-0.10699999999999998
0.972	0.219	-0.059	0.652	0.6545000000000001
0.471	-0.853	-0.321	0.055	0.13
0.842	0.326	0.264	0.017	0.31999999999999995
0.319	-0.242	-0.962	-0.493	1.0005
0.991	0.269	-0.717	-0.711	1.347
1.122	0.483	0.362	0.332	0.4405
0.809	0.954	0.324	0.996	0.5574999999999999
0.431	0.035	-0.496	0.415	0.729
0.833	0.954	0.39	-0.347	0.5035
1.058	0.627	-0.758	0.096	1.6005
0.915	0.476	0.194	0.548	0.5015000000000001
0.408	0.338	-0.24	-0.403	0.613
1.108	1.04	0.554	-0.331	0.52
0.972	1.105	0.256	-1.01	0.7825
0.941	0.742	0.037	-0.931	0.8044999999999999
0.288	0.209	-0.022	0.315	0.2705
0.882	0.365	0.195	-0.437	0.42849999999999994
0.786	0.489	-0.098	-0.417	0.7354999999999999
0.538	0.3	0.168	0.149	0.251
0.755	0.243	0.827	0.321	-0.32799999999999996
0.697	-0.159	0.789	0.65	-0.52
1.068	0.686	0.8	0.04	0.07699999999999996
0.737	0.56	-0.13	0.049	0.7785000000000001
1.752	0.651	0.49	0.662	0.7115
1.088	0.848	1.029	1.227	-0.06099999999999994
0.39	-0.136	-0.181	-0.057	0.308
1.082	0.472	0.011	0.049	0.766
1.604	1.179	0.222	-0.85	1.1695000000000002
0.926	0.389	0.252	0.576	0.40549999999999997
1.169	1.156	1.338	0.463	-0.1755
0.957	0.346	-0.27	-0.479	0.9215
1.394	0.719	0.61	0.209	0.4465
0.581	-0.363	-0.663	-0.173	0.772
0.789	0.319	-0.351	0.269	0.905
1.825	0.519	0.054	-0.36	1.1179999999999999
0.578	-0.068	0.06	0.52	0.195
0.953	0.943	-0.212	0.138	1.16
0.843	0.443	0.716	0.648	-0.07299999999999995
0.841	-0.578	-1.161	0.167	1.2925
0.725	0.367	-0.411	-0.217	0.9570000000000001
1.119	0.428	-0.073	0.321	0.8464999999999999
0.649	0.714	1.436	0.177	-0.7545
0.875	0.293	-0.667	-0.077	1.251
0.446	0.359	0.588	0.09	-0.1855
1.292	1.094	0.433	-0.287	0.76
1.027	0.742	0.352	0.078	0.5325
0.604	0.593	0.934	0.721	-0.3355
1.251	1.062	0.551	-0.208	0.6054999999999998
0.655	0.522	1.369	0.968	-0.7805
1.13	0.334	-0.156	-0.646	0.888
0.167	-0.231	-0.068	-0.277	0.036000000000000004
1.06	0.957	0.41	0.843	0.5985
0.76	0.86	0.464	-0.744	0.34600000000000003
1.002	1.117	0.384	0.115	0.6754999999999999
0.64	0.136	0.069	0.761	0.319
0.968	0.938	1.066	-0.883	-0.1130000000000001
0.906	0.57	-0.1	0.446	0.838
0.12	-0.18	-0.558	-0.056	0.528
1.148	0.715	0.367	0.283	0.5645
0.702	0.463	-0.247	0.113	0.8295
0.942	0.81	0.914	0.091	-0.038000000000000034
0.627	0.488	-0.237	0.281	0.7945
0.713	0.672	0.732	-0.555	-0.03949999999999998
1.232	0.459	0.069	0.978	0.7765
0.637	-0.06	0.549	-0.03	-0.26050000000000006
0.456	0.279	0.441	-0.117	-0.07349999999999995
0.248	0.265	1.155	-0.487	-0.8985000000000001
1.074	0.417	0.149	-0.291	0.5965
0.57	0.431	0.106	0.54	0.39449999999999996
0.694	-0.019	-0.169	-0.005	0.5065
1.195	0.808	0.633	-0.118	0.36850000000000005
0.842	0.141	-0.124	0.31	0.6154999999999999
1.482	0.66	0.954	0.032	0.11699999999999999
1.194	0.807	0.805	1.007	0.1954999999999999
1.274	1.209	1.211	0.943	0.03049999999999997
0.593	0.989	0.851	-0.184	-0.06000000000000005
0.343	0.057	0.325	0.638	-0.125
0.913	0.605	0.496	0.251	0.263
0.823	-0.216	-0.185	-0.254	0.4885
1.286	-0.135	-0.371	1.196	0.9465
1.396	1.162	0.144	-0.232	1.135
1.477	0.809	1.081	0.257	0.062000000000000055
1.377	1.137	0.903	0.648	0.3540000000000001
1.618	1.285	0.44	0.052	1.0115
1.203	0.517	0.548	-0.703	0.31200000000000006
0.374	0.674	0.48	-0.743	0.04400000000000004
0.783	0.625	0.798	0.52	-0.09400000000000008
0.976	0.81	0.651	0.575	0.242
1.088	0.48	-0.375	-0.198	1.159
0.954	0.788	0.828	0.093	0.04300000000000004
1.223	0.752	0.729	-0.167	0.25850000000000006
0.783	0.125	-0.14	0.283	0.5940000000000001
0.92	0.397	-0.819	0.016	1.4775
0.846	0.441	0.176	0.836	0.46749999999999997
0.248	-0.218	-0.118	-0.29	0.133
0.861	0.047	-0.403	0.871	0.857
1.026	0.861	-0.009	-0.273	0.9525
1.562	1.16	0.485	0.53	0.876
0.403	-0.418	-0.481	0.209	0.47350000000000003
0.652	0.064	-0.549	-0.915	0.907
1.377	0.969	0.748	0.072	0.42500000000000004
1.618	0.886	-0.477	-0.7	1.729
0.95	0.816	1.265	0.992	-0.3819999999999999
0.57	0.619	0.363	0.292	0.23150000000000004
1.115	0.658	0.384	-0.659	0.5025000000000001
0.979	0.476	-0.381	-0.225	1.1085
1.53	0.839	0.224	-0.134	0.9604999999999999
0.97	0.759	1.055	1.209	-0.1904999999999999
0.796	0.52	0.915	0.967	-0.257
0.037	-0.226	-0.484	0.296	0.38949999999999996
1.008	1.178	0.013	0.06	1.08
0.022	0.005	0.131	0.639	-0.11750000000000001
0.632	0.727	0.804	0.756	-0.12450000000000006
0.476	0.283	0.181	0.079	0.19849999999999995
0.637	0.604	-0.42	-0.281	1.0405
1.04	0.579	0.23	0.503	0.5795
0.71	0.581	-0.173	-0.555	0.8185
0.412	-0.086	-0.431	0.424	0.594
1.25	0.397	0.464	-0.651	0.3595
1.098	1.18	1.018	0.806	0.121
1.4	0.786	0.532	0.005	0.5609999999999999
0.674	-0.374	-0.402	-0.429	0.552
-0.01	-0.125	-0.48	-0.202	0.4125
1.259	0.616	0.314	0.68	0.6234999999999999
1.209	0.565	-0.293	0.031	1.18
0.372	-0.281	-0.319	-0.312	0.3645
1.072	0.721	0.622	-0.266	0.2745000000000001
0.992	0.562	-0.621	-0.921	1.3980000000000001
1.018	-0.222	-0.727	-0.187	1.125
1.561	1.005	0.483	0.835	0.7999999999999999
1.658	1.343	0.568	-0.121	0.9325
0.436	0.57	0.427	-0.515	0.07600000000000001
1.291	0.886	0.28	-0.489	0.8085
0.814	0.711	0.359	-0.141	0.40349999999999997
0.427	0.342	0.471	0.047	-0.08649999999999997
1.007	0.732	0.656	-0.613	0.2134999999999999
0.491	0.441	0.83	0.887	-0.364
0.369	0.206	0.697	0.728	-0.4095
1.054	0.549	1.107	0.366	-0.3054999999999999
1.219	0.803	0.277	-0.562	0.7340000000000001
0.86	0.668	0.946	0.885	-0.18199999999999994
1.264	0.934	0.496	0.496	0.603
1.645	1.027	-0.014	0.414	1.3499999999999999
0.939	0.704	0.55	0.622	0.27149999999999985
1.121	0.075	-0.868	0.492	1.466
0.954	0.722	0.313	-0.021	0.5249999999999999
0.896	0.741	0.06	0.032	0.7585
1.142	1.075	0.268	-0.45	0.8404999999999998
0.625	0.649	0.703	-0.052	-0.06599999999999995
0.276	0.145	-0.622	-0.04	0.8325
1.1	0.844	0.589	0.572	0.383
1.048	0.653	0.377	0.196	0.47350000000000003
0.67	0.486	-0.396	-1.187	0.9740000000000001
0.895	0.198	-0.305	-0.26	0.8514999999999999
1.061	0.002	0.349	0.386	0.1825
0.773	0.471	0.057	-1.019	0.565
0.045	-0.159	-0.019	0.15	-0.038000000000000006
1.366	0.595	0.932	0.424	0.04849999999999999
0.741	0.603	0.421	0.581	0.25099999999999995
0.907	1.205	0.597	0.326	0.4590000000000001
1.01	0.877	0.505	0.617	0.4385
0.249	0.167	-0.127	-0.572	0.335
1.258	1.168	0.837	0.619	0.3760000000000001
1.087	1.249	0.527	-0.024	0.6410000000000001
0.662	0.364	0.332	0.218	0.181
1.575	1.285	0.227	-0.553	1.2029999999999998
0.903	0.28	0.512	-0.797	0.07950000000000002
0.261	0.014	-0.229	0.199	0.36650000000000005
0.955	1.243	0.99	0.042	0.10899999999999999
0.487	0.307	-0.899	-0.55	1.296
0.92	0.897	-0.224	0.41	1.1325
1.349	0.719	0.313	-0.331	0.7210000000000001
0.597	0.647	0.894	0.952	-0.272
0.839	0.576	-0.03	-0.411	0.7375
1.464	1.045	-0.129	-0.554	1.3835
0.692	0.772	1.26	1.524	-0.528
1.218	1.096	0.814	0.348	0.3430000000000001
0.404	0.443	0.608	0.414	-0.1845
1.019	0.343	0.295	-0.11	0.38599999999999995
1.027	0.327	-0.282	-0.31	0.9589999999999999
1.026	0.754	0.916	0.381	-0.026000000000000023
0.918	1.089	0.954	0.574	0.0495000000000001
0.628	0.517	-0.18	-0.88	0.7525
1.021	0.786	0.266	0.077	0.6375
0.755	-0.484	-1.323	0.311	1.4585
1.467	0.429	-0.288	-0.106	1.236
0.523	0.664	0.53	-0.475	0.0635
0.953	0.592	-0.313	0.27	1.0855
0.8	0.545	0.531	-0.483	0.14150000000000007
1.07	0.621	-0.573	-0.052	1.4184999999999999
0.658	0.105	0.368	0.171	0.013500000000000012
0.715	0.707	-0.104	0.04	0.815
0.639	1.197	0.509	-0.536	0.40900000000000003
1.712	1.504	0.817	-0.246	0.7910000000000001
0.529	0.107	-0.847	0.453	1.165
0.425	0.158	0.685	1.204	-0.39350000000000007
0.488	0.649	0.771	-0.093	-0.2025
0.876	0.434	-0.237	0.14	0.892
0.857	0.218	-0.57	-0.03	1.1075
0.259	-0.283	-0.175	0.299	0.163
0.832	0.797	-0.076	-0.577	0.8905
0.901	0.264	-0.306	0.114	0.8885000000000001
0.767	0.346	0.301	-0.27	0.2555
0.426	0.427	0.017	-0.008	0.4095
1.066	0.347	0.03	-0.879	0.6765
0.26	-0.309	-0.437	-0.112	0.4125
0.601	0.304	0.689	-0.331	-0.23649999999999993
0.514	0.265	-0.292	0.514	0.6815
0.111	0.208	-0.353	-0.018	0.5125
1.541	0.92	0.271	-0.515	0.9594999999999999
0.613	0.696	0.555	-0.253	0.09949999999999992
1.336	0.95	0.511	0.46	0.632
0.261	0.314	0.052	0.022	0.2355
1.136	0.94	-0.321	0.399	1.3589999999999998
0.646	-0.411	-0.687	-0.096	0.8045000000000001
-0.127	-0.787	-0.279	-0.602	-0.178
0.623	0.762	0.459	0.638	0.23349999999999999
0.401	0.251	0.311	0.429	0.015000000000000013
0.945	0.347	0.7	0.417	-0.05400000000000005
0.491	0.089	-0.537	0.44	0.827
0.981	0.743	0.908	0.578	-0.04600000000000004
0.601	0.52	0.551	-0.001	0.009499999999999953
1.03	0.712	0.553	-0.092	0.31799999999999995
0.932	0.719	0.324	-0.375	0.5015000000000001
1.208	0.678	0.333	-0.136	0.6100000000000001
1.196	1.151	0.285	0.594	0.8885000000000001
0.833	0.653	-0.074	0.173	0.817
0.572	0.411	0.273	-0.39	0.21849999999999992
1.214	0.766	0.302	0.161	0.688
0.634	0.271	-0.21	-0.01	0.6625
0.899	0.077	-0.666	-0.157	1.154
0.763	0.36	0.824	0.677	-0.26249999999999996
0.302	-0.243	-0.677	0.303	0.7065
0.629	0.602	0.179	-0.14	0.43649999999999994
0.8	0.637	0.531	0.146	0.1875
1.641	0.775	0.06	0.177	1.148
1.108	0.296	0.09	0.078	0.6120000000000001
0.742	-0.197	-0.308	0.226	0.5805
0.766	0.556	1.463	0.158	-0.802
0.633	0.086	-0.529	-0.296	0.8885000000000001
1.286	0.563	0.175	0.183	0.7495
0.182	0.081	0.381	1.056	-0.2495
0.778	0.139	-0.441	-0.814	0.8995
0.823	0.268	-0.669	-0.146	1.2145000000000001
0.73	0.289	-0.502	0.486	1.0114999999999998
1.04	0.611	-0.334	-0.804	1.1595
0.899	0.242	-0.143	0.745	0.7135
1.2	0.77	0.295	-0.574	0.69
1.003	0.387	0.258	-0.117	0.43699999999999994
0.89	0.651	0.644	0.132	0.12649999999999995
0.918	0.77	0.545	-0.364	0.29900000000000004
0.939	0.799	0.865	0.394	0.0040000000000000036
0.59	0.856	0.747	0.478	-0.02400000000000002
0.369	-0.465	-1.224	-0.002	1.176
0.565	0.156	0.651	0.104	-0.29050000000000004
0.872	0.498	0.655	-0.346	0.030000000000000027
1.095	0.513	0.243	1.03	0.561
1.034	0.662	0.164	0.11	0.684
1.079	0.751	-0.341	-0.09	1.256
0.849	1.107	0.156	-0.053	0.822
0.498	0.445	-0.263	0.88	0.7345
1.773	1.132	0.554	-0.071	0.8984999999999999
0.742	0.569	0.715	1.515	-0.0595
1.049	0.534	-0.252	0.857	1.0434999999999999
1.22	1.193	0.524	0.061	0.6825000000000001
0.878	0.62	0.363	-0.021	0.386
1.041	0.918	0.584	0.332	0.3955000000000001
0.622	0.319	0.56	0.662	-0.08950000000000002
0.822	0.372	-0.224	0.154	0.821
0.915	0.055	-0.99	0.413	1.475
0.344	0.158	0.366	0.641	-0.11499999999999999
0.315	-0.179	0.661	0.468	-0.593
0.548	0.481	0.565	-0.16	-0.05049999999999999
1.142	0.325	-0.849	-0.145	1.5825
0.769	0.535	0.093	0.311	0.559
0.814	0.134	0.598	0.552	-0.124
0.57	0.343	0.872	0.496	-0.4155
1.103	0.841	-0.683	0.043	1.655
0.648	0.602	0.839	0.318	-0.21399999999999997
0.317	0.297	0.099	0.581	0.208
0.48	-0.034	-0.238	0.389	0.46099999999999997
0.887	1.003	0.388	0.648	0.5569999999999999
1.314	0.967	0.741	0.477	0.3995000000000001
0.857	0.791	-0.513	-0.443	1.3370000000000002
0.581	-0.006	0.018	-0.185	0.26949999999999996
0.695	0.679	-0.026	0.353	0.7130000000000001
0.874	0.792	0.138	0.589	0.695
0.443	0.27	0.1	-0.566	0.25650000000000006
1.106	0.317	-0.21	-0.195	0.9215
1.121	0.623	0.336	-0.732	0.536
0.888	0.34	0.329	0.337	0.285
0.001	0.532	0.988	0.221	-0.7215
0.997	0.583	0.348	-0.867	0.44200000000000006
0.499	-0.058	0.159	-0.299	0.0615
0.461	0.616	0.122	0.196	0.4165
0.752	0.522	0.665	-0.682	-0.028000000000000025
1.622	1.046	0.491	0.809	0.8430000000000001
0.35	0.361	0.195	0.752	0.16049999999999998
-0.29	-0.179	0.21	-0.46	-0.4445
1.22	0.762	0.394	0.236	0.597
0.99	0.732	1.126	0.617	-0.2649999999999999
0.67	0.126	-0.196	0.766	0.5940000000000001
1.095	0.722	0.656	-0.348	0.25249999999999995
0.814	0.198	-0.175	-0.21	0.681
1.087	0.849	0.829	0.365	0.139
1.235	0.632	0.207	0.049	0.7265
0.787	0.535	0.327	0.769	0.334
1.257	0.687	0.63	0.087	0.34199999999999997
0.655	0.507	0.653	0.132	-0.07200000000000006
0.417	0.558	-0.321	0.423	0.8085
1.028	0.528	0.78	0.016	-0.0020000000000000018
0.273	-0.485	-0.385	0.285	0.279
1.305	0.941	0.677	-0.062	0.44599999999999995
1.104	0.82	0.182	0.489	0.78
1.31	0.552	0.177	-0.793	0.754
1.157	0.808	0.274	0.676	0.7085
0.901	0.422	-0.309	-0.376	0.9704999999999999
1.551	1.098	0.6	0.877	0.7245
0.826	0.554	0.356	0.551	0.33399999999999996
1.419	0.426	0.766	0.613	0.15649999999999997
0.84	0.755	0.412	0.764	0.3855
0.775	0.493	-0.207	-0.348	0.841
0.354	0.655	0.062	0.094	0.44249999999999995
0.404	0.431	0.325	0.308	0.09249999999999997
0.755	0.289	0.117	0.966	0.405
0.224	0.703	0.293	0.092	0.17049999999999998
0.804	1.037	1.178	0.872	-0.25749999999999995
0.974	0.457	-0.474	-0.338	1.1895
0.808	0.74	0.484	-0.307	0.29000000000000004
0.798	0.677	0.816	-0.232	-0.0784999999999999
0.865	0.271	-0.428	-0.993	0.996
0.253	0.1	0.477	0.363	-0.3005
0.712	0.019	0.563	1.033	-0.19749999999999995
0.797	0.53	0.657	0.297	0.00649999999999995
0.688	0.367	0.511	0.111	0.01649999999999996
0.203	0.451	1.165	0.482	-0.8380000000000001
0.432	0.402	-0.121	0.029	0.538
1.035	0.883	0.983	0.968	-0.02400000000000002
1.012	-0.251	-0.756	-0.54	1.1365
1.0	1.01	0.424	0.773	0.581
1.012	0.578	0.209	-0.507	0.586
0.772	0.304	0.192	0.193	0.34600000000000003
0.568	0.434	1.205	0.714	-0.7040000000000001
0.383	0.154	-0.437	-0.402	0.7055
1.339	1.176	0.567	-0.254	0.6904999999999999
1.014	0.737	0.534	0.464	0.3414999999999999
0.424	0.112	-0.345	-0.051	0.613
1.087	1.044	0.77	0.255	0.2955000000000001
0.845	0.785	1.025	0.853	-0.20999999999999996
0.431	-0.29	0.155	-0.385	-0.08449999999999999
1.18	0.482	-0.004	-0.329	0.835
1.082	0.702	-0.444	0.045	1.336
0.127	0.529	1.151	0.569	-0.823
0.23	-0.701	-0.749	0.201	0.5135000000000001
0.235	0.15	-0.047	-0.013	0.2395
1.275	1.016	0.195	-0.513	0.9504999999999999
0.235	0.011	-0.392	-0.532	0.515
0.769	0.457	0.038	0.075	0.575
0.752	0.767	0.466	-0.289	0.29350000000000004
1.378	0.498	-0.232	-0.73	1.17
0.742	0.486	0.241	0.367	0.373
1.493	1.175	-0.308	0.123	1.6420000000000001
1.431	1.38	0.363	0.13	1.0425
0.957	0.259	0.541	1.254	0.06699999999999995
0.371	-0.69	-0.231	0.78	0.07150000000000004
0.971	0.688	-0.35	-0.069	1.1795
0.27	0.085	0.076	-1.29	0.10150000000000002
0.823	1.031	0.68	0.216	0.2469999999999999
1.033	0.606	-0.09	-0.118	0.9094999999999999
0.777	0.378	-0.365	-0.381	0.9425
0.931	0.565	0.184	0.639	0.5640000000000001
0.221	-0.645	-1.176	-0.165	0.964
0.82	0.391	0.207	0.275	0.39849999999999997
0.758	0.584	0.055	0.147	0.616
0.201	0.279	0.615	-0.098	-0.375
0.984	0.333	-0.336	-0.77	0.9944999999999999
0.801	0.23	-0.222	0.513	0.7375
1.155	1.25	1.059	-0.099	0.14350000000000018
0.457	0.061	-0.082	0.063	0.341
1.439	1.105	0.038	-0.543	1.234
1.051	0.755	0.724	0.869	0.17900000000000005
0.304	-0.362	-0.219	0.43	0.19
0.636	0.386	0.498	0.103	0.013000000000000012
1.455	1.253	0.941	0.486	0.41300000000000014
1.018	0.878	0.934	0.07	0.013999999999999901
0.874	0.16	0.108	0.143	0.40900000000000003
0.868	-0.464	-1.631	-0.252	1.833
1.087	0.863	-0.048	-0.278	1.023
0.931	0.502	0.874	1.162	-0.15749999999999997
1.469	1.131	0.455	-0.272	0.845
1.015	0.735	1.012	0.793	-0.137
0.567	0.45	0.385	0.634	0.12349999999999994
0.286	-0.338	-0.458	0.513	0.432
1.223	0.537	0.027	0.652	0.8530000000000001
0.804	0.803	0.483	-0.655	0.3205000000000001
1.216	0.979	-0.015	0.674	1.1124999999999998
1.654	1.021	0.02	0.015	1.3175
0.94	0.723	-0.262	-0.565	1.0935
0.626	0.589	0.685	0.716	-0.07750000000000012
0.622	0.277	-0.032	0.335	0.48150000000000004
0.754	0.845	0.256	0.217	0.5435
1.424	0.552	0.214	-0.108	0.774
0.927	0.982	0.671	0.754	0.2835
1.755	1.436	0.555	0.033	1.0404999999999998
1.587	1.012	0.761	-0.189	0.5385000000000001
0.472	-0.296	-0.501	0.344	0.589
1.192	1.432	1.259	0.257	0.052999999999999936
1.424	1.468	0.052	-0.906	1.394
0.991	-0.269	-0.109	-0.111	0.47
0.811	0.419	1.044	0.265	-0.42900000000000005
0.629	0.429	0.099	-0.618	0.43000000000000005
0.819	0.26	-0.426	0.352	0.9655
0.951	0.707	-0.04	0.502	0.869
1.323	0.62	0.387	0.982	0.5845
0.856	1.033	1.016	0.511	-0.07150000000000012
0.84	0.205	-0.33	0.341	0.8525
0.151	0.109	0.627	0.195	-0.497
1.229	1.249	-0.318	-0.766	1.5570000000000002
0.48	0.149	0.374	0.698	-0.0595
0.287	0.094	0.104	-0.545	0.08650000000000001
0.364	0.772	0.758	0.609	-0.18999999999999995
0.469	0.409	0.335	0.566	0.10399999999999993
1.596	1.077	0.32	-0.148	1.0165
1.408	1.09	0.571	1.034	0.6780000000000002
0.314	0.191	0.182	0.077	0.07050000000000001
0.868	0.377	0.592	-0.742	0.030500000000000083
0.675	0.591	-0.095	0.283	0.728
1.159	0.274	-0.97	0.435	1.6865
1.042	0.841	1.145	0.572	-0.20350000000000001
1.215	0.961	1.189	1.08	-0.10099999999999998
0.875	0.7	0.56	0.057	0.22749999999999992
0.528	0.441	0.979	0.515	-0.49449999999999994
1.574	1.059	0.068	0.391	1.2485
0.771	0.484	0.016	-0.083	0.6114999999999999
0.46	0.561	0.168	0.56	0.3425
0.995	0.061	-0.463	-0.749	0.9910000000000001
1.121	0.957	0.604	0.697	0.43499999999999994
0.536	0.365	-0.111	0.135	0.5615
0.68	0.6	0.148	0.197	0.492
1.005	0.751	0.825	0.509	0.052999999999999936
0.976	0.642	0.637	0.53	0.17199999999999993
0.071	-0.206	-0.202	0.588	0.1345
0.838	0.994	0.531	0.173	0.3849999999999999
0.209	0.416	0.836	0.913	-0.5235
1.066	1.102	0.706	-0.445	0.3780000000000001
0.419	0.338	1.419	1.086	-1.0405
0.401	0.399	0.833	0.107	-0.43299999999999994
0.404	0.249	0.122	0.702	0.20450000000000002
0.936	0.254	-0.383	-0.465	0.978
1.525	1.475	0.885	0.663	0.615
-0.107	-0.756	-1.202	0.467	0.7705
1.311	1.078	0.83	1.089	0.36450000000000016
1.44	0.891	0.682	1.239	0.48349999999999993
1.304	0.919	0.645	0.913	0.4664999999999999
0.771	0.666	0.615	1.396	0.10350000000000004
0.853	0.708	0.424	0.609	0.3565
0.454	0.22	0.336	-0.877	0.0010000000000000009
0.559	0.053	0.531	0.315	-0.22499999999999998
0.717	0.759	-0.021	0.804	0.759
1.207	0.989	0.396	-0.864	0.7020000000000001
0.313	0.714	0.755	1.11	-0.24150000000000005
1.158	0.769	-0.119	0.944	1.0825
1.123	0.402	-0.142	-0.011	0.9045
1.094	0.938	0.919	0.194	0.09699999999999998
0.417	-0.365	-0.963	0.579	0.989
0.313	0.723	0.7	-0.039	-0.18199999999999994
0.346	0.065	-0.745	0.554	0.9505
0.832	0.608	-0.316	-0.612	1.036
0.612	-0.078	-0.482	-0.407	0.749
0.752	0.132	-0.414	0.071	0.856
1.306	0.95	0.809	-0.384	0.31900000000000006
0.472	0.175	-0.192	0.779	0.5155000000000001
0.877	0.584	0.761	0.491	-0.030500000000000083
1.585	0.91	-0.588	-0.056	1.8355000000000001
0.983	1.052	0.538	-0.599	0.47950000000000004
1.435	1.072	-0.264	-0.1	1.5175
1.298	0.813	0.124	0.203	0.9314999999999999
1.717	0.913	0.754	0.772	0.5609999999999999
1.12	0.85	0.253	0.258	0.7320000000000001
0.276	0.14	-0.506	0.194	0.714
0.367	0.268	0.572	0.464	-0.25449999999999995
0.543	0.174	0.154	0.084	0.20450000000000004
0.84	0.441	0.127	0.301	0.5135
0.48	-0.105	-0.384	-0.009	0.5715
0.861	0.684	0.332	0.746	0.44049999999999995
0.51	0.431	-0.326	-0.449	0.7965
0.39	0.525	0.319	-0.422	0.1385
0.839	0.82	0.659	0.453	0.17049999999999987
0.415	0.224	0.217	0.834	0.10250000000000001
0.541	0.447	0.419	0.335	0.07500000000000001
0.357	0.42	0.255	0.13	0.13349999999999995
0.748	0.302	-0.214	-0.839	0.739
0.553	0.593	1.287	0.551	-0.714
0.79	0.467	0.774	0.877	-0.14549999999999996
0.347	-0.676	-0.957	0.555	0.7925
0.598	0.636	0.462	-0.633	0.15499999999999997
0.727	0.166	-0.146	0.42	0.5925
-0.08	-0.043	0.267	0.139	-0.3285
0.771	0.554	-0.336	0.257	0.9985000000000002
0.851	0.646	0.889	-0.408	-0.14050000000000007
1.144	1.089	0.891	0.546	0.2254999999999998
0.818	0.748	0.826	0.715	-0.04300000000000004
0.606	0.535	0.129	-0.453	0.4415
0.311	-0.178	-0.626	-0.742	0.6925
0.673	0.102	0.135	0.372	0.2525
0.838	0.927	0.402	0.091	0.48050000000000004
0.465	0.007	0.123	-0.797	0.11300000000000002
0.527	0.668	0.026	0.13	0.5715
0.84	0.752	0.786	0.827	0.010000000000000009
0.817	0.734	0.442	-0.045	0.33349999999999996
0.558	0.566	0.47	-0.554	0.09200000000000008
0.569	0.574	0.308	-0.517	0.2634999999999999
0.216	0.547	0.224	0.734	0.1575
1.107	0.828	-0.336	-0.911	1.3035
-0.069	-0.143	-0.365	0.335	0.259
0.875	1.063	0.322	0.296	0.647
1.141	0.798	-0.771	-0.971	1.7405
0.671	0.435	-0.081	-0.081	0.634
1.13	-0.059	-0.898	-0.699	1.4335
1.072	0.966	0.224	-0.381	0.7950000000000002
0.275	0.124	0.286	0.431	-0.08649999999999997
0.734	0.528	0.793	1.078	-0.16200000000000003
1.488	0.958	0.703	0.512	0.5199999999999999
0.966	0.672	0.429	-0.686	0.38999999999999996
0.448	0.509	0.679	-0.54	-0.2005
0.88	0.827	0.927	0.549	-0.07350000000000012
0.003	-0.424	-0.466	-0.397	0.25550000000000006
0.524	-0.096	0.569	0.412	-0.3549999999999999
1.335	0.379	0.562	0.815	0.29499999999999993
0.947	0.301	0.369	0.25	0.255
1.134	0.668	-0.097	-0.864	0.998
0.956	0.473	-0.048	0.051	0.7625
0.664	0.428	0.347	-0.235	0.19900000000000007
0.573	0.606	0.209	0.25	0.38049999999999995
0.813	0.745	0.857	0.682	-0.07800000000000007
1.207	0.744	-0.152	-0.065	1.1275
0.816	-0.002	-1.08	0.016	1.487
0.217	0.398	-0.128	0.203	0.4355
0.805	0.775	0.36	-0.652	0.43000000000000005
0.726	0.235	0.19	-0.491	0.2905
0.174	0.052	0.082	-0.02	0.030999999999999986
1.262	0.508	0.006	-0.329	0.879
1.165	1.177	0.974	0.395	0.19700000000000006
1.158	0.709	-0.175	-0.066	1.1085
0.402	-0.159	-1.063	-0.697	1.1844999999999999
0.57	0.449	0.565	-0.002	-0.055499999999999994
1.226	1.007	-0.031	-0.176	1.1474999999999997
0.825	0.704	0.558	0.186	0.2064999999999999
0.86	0.629	0.335	-0.129	0.4094999999999999
0.849	0.711	0.666	-0.592	0.11399999999999999
1.242	0.603	0.779	0.895	0.14349999999999996
1.403	0.999	-0.049	0.42	1.25
1.132	0.604	0.935	0.934	-0.06700000000000017
1.534	0.564	-0.778	0.269	1.827
0.989	0.591	-0.239	-0.473	1.029
1.006	0.199	-0.462	-0.316	1.0645
0.986	0.406	0.925	0.418	-0.2290000000000001
1.114	0.213	0.428	-0.302	0.2355000000000001
0.609	0.266	0.167	0.242	0.27049999999999996
0.867	0.557	0.574	0.378	0.138
0.664	0.188	0.383	0.499	0.04300000000000004
-0.126	-0.425	-1.05	0.066	0.7745000000000001
0.897	0.544	0.156	-0.225	0.5645
0.767	0.851	0.928	0.799	-0.1190000000000001
0.778	0.212	-0.154	0.418	0.649
0.014	-0.023	-0.163	0.263	0.1585
0.181	0.011	0.404	0.357	-0.30800000000000005
1.375	0.848	0.739	0.595	0.37249999999999994
0.519	-0.101	-0.484	-0.114	0.6930000000000001
1.282	0.467	-0.371	0.705	1.2455
0.263	0.491	0.245	0.755	0.132
0.955	1.161	0.151	0.047	0.907
1.033	0.943	0.754	-0.042	0.23399999999999999
0.974	0.076	-0.125	-0.238	0.65
1.034	0.088	-0.074	0.749	0.635
1.195	0.829	0.496	-0.248	0.516
0.623	0.786	0.65	0.369	0.05449999999999999
1.11	0.476	-0.059	-0.108	0.8520000000000001
0.824	0.186	-0.523	-0.486	1.028
1.02	0.731	0.336	-0.345	0.5394999999999999
1.062	0.184	-0.636	-0.413	1.259
0.482	-0.681	-0.915	-0.387	0.8155
0.909	0.868	1.019	-0.006	-0.13049999999999984
0.252	0.451	0.9	-0.096	-0.5485
1.484	1.083	0.27	0.632	1.0135
0.395	0.287	1.184	-0.2	-0.843
0.904	0.605	-0.087	-0.548	0.8414999999999999
0.593	0.713	0.689	0.661	-0.03599999999999992
1.374	0.931	0.532	0.429	0.6205
0.391	0.569	0.365	0.19	0.11499999999999999
0.995	0.774	0.743	0.149	0.14150000000000007
0.78	0.057	0.096	0.356	0.3225
0.414	0.242	0.634	0.711	-0.30600000000000005
0.605	0.909	0.574	0.218	0.18300000000000005
0.957	0.508	-0.501	-1.13	1.2334999999999998
1.555	0.969	-0.501	0.225	1.763
0.602	0.202	-0.772	-0.541	1.174
1.283	1.153	0.895	0.754	0.32299999999999995
0.277	0.053	0.317	0.42	-0.152
1.021	0.725	1.116	0.342	-0.2430000000000001
1.201	0.513	0.15	0.59	0.707
0.991	0.571	0.375	0.454	0.4059999999999999
1.524	1.356	0.448	0.37	0.992
1.336	0.839	0.735	0.477	0.3524999999999999
1.336	0.476	0.037	-0.345	0.869
0.43	0.039	-0.184	0.548	0.4185
0.624	-0.127	-0.568	-0.475	0.8165
0.895	0.503	0.219	-0.756	0.4800000000000001
0.878	0.615	0.399	1.058	0.3474999999999999
0.982	0.057	0.121	-0.508	0.39849999999999997
0.505	0.422	0.569	0.921	-0.10549999999999993
0.988	1.087	0.307	-0.631	0.7305000000000001
1.425	1.24	0.256	-0.488	1.0765
0.133	-0.0	0.222	0.103	-0.1555
0.94	0.49	0.137	-0.072	0.578
0.458	0.434	0.401	0.773	0.044999999999999984
0.231	0.334	0.259	0.642	0.02350000000000002
0.474	0.248	-0.189	0.564	0.55
0.854	-0.17	-0.549	-0.05	0.891
0.731	0.084	-0.035	-0.322	0.4425
2.02	1.476	0.543	0.81	1.205
0.959	0.896	0.605	0.268	0.3225
0.783	0.922	0.781	0.471	0.07150000000000001
0.732	0.753	0.031	0.394	0.7114999999999999
0.768	0.859	1.294	0.573	-0.48050000000000004
1.159	0.803	-0.232	0.115	1.213
1.202	0.154	-1.135	-0.273	1.813
0.832	0.655	-0.575	0.326	1.3185
0.702	0.608	0.576	-0.519	0.07900000000000007
1.335	0.692	-0.05	0.271	1.0635000000000001
0.92	0.911	0.196	0.236	0.7195
0.955	0.741	0.369	-1.24	0.479
0.872	0.646	0.648	-0.047	0.11099999999999999
0.951	0.757	0.707	0.388	0.14700000000000002
0.614	0.65	0.412	0.585	0.22000000000000003
1.201	1.02	1.085	0.916	0.025500000000000078
1.314	0.577	0.516	0.175	0.4295
0.743	0.628	0.768	0.451	-0.08250000000000002
0.489	-0.193	-0.361	-0.407	0.509
0.931	0.808	0.787	-0.279	0.08250000000000002
0.363	0.459	0.98	0.851	-0.569
1.426	0.597	0.127	-0.419	0.8844999999999998
0.63	0.132	0.017	1.164	0.364
1.884	0.724	-0.246	0.079	1.5499999999999998
0.308	0.239	0.608	0.555	-0.3345
1.127	0.903	0.558	-0.259	0.4570000000000001
0.834	0.694	-0.135	-0.073	0.899
0.317	0.185	0.57	0.69	-0.31899999999999995
1.26	0.916	-0.244	0.31	1.332
0.714	0.515	0.532	0.663	0.08250000000000002
0.863	0.949	0.132	-0.759	0.7739999999999999
0.258	0.118	-0.632	-0.451	0.8200000000000001
0.38	0.326	0.375	0.184	-0.02200000000000002
0.977	0.577	-0.207	-0.202	0.9839999999999999
1.23	1.168	0.967	0.783	0.23199999999999987
0.936	0.3	0.418	0.914	0.2
1.375	0.909	0.42	0.373	0.722
1.024	0.183	-0.127	-0.039	0.7305
0.421	0.344	-0.295	0.85	0.6775
0.464	0.206	-0.166	0.217	0.501
0.778	0.295	0.429	-0.319	0.10749999999999998
0.798	0.795	0.632	-0.061	0.16449999999999998
1.453	0.851	-0.488	-0.47	1.6400000000000001
1.023	0.058	0.02	-0.361	0.5205
1.048	1.384	0.778	0.885	0.43799999999999994
-0.165	-0.469	-0.115	0.366	-0.202
1.159	0.496	-0.024	-0.486	0.8515
1.383	1.263	0.768	-0.491	0.5549999999999999
1.406	0.325	-0.096	-0.734	0.9614999999999999
0.475	-0.657	-0.501	-0.012	0.41
1.017	0.345	0.057	-0.368	0.6239999999999999
0.785	0.699	-0.105	0.069	0.847
1.085	1.22	0.862	0.252	0.29049999999999987
0.49	-0.333	-0.109	0.72	0.1875
0.549	-0.096	0.2	0.295	0.026500000000000024
0.883	0.793	1.495	1.361	-0.657
1.083	0.416	0.211	-0.546	0.5385
1.071	0.69	-0.269	0.158	1.1495
0.873	0.259	-0.072	-0.02	0.638
0.528	1.016	0.741	0.143	0.031000000000000028
0.845	-0.2	-0.32	-0.193	0.6425000000000001
1.458	0.645	0.427	-0.214	0.6244999999999998
1.072	0.974	0.184	-1.08	0.8390000000000002
1.196	0.926	-0.867	-0.64	1.928
0.708	0.291	-0.096	0.032	0.5954999999999999
0.873	0.653	-0.491	-0.388	1.254
1.167	0.809	-0.066	-0.803	1.054
1.305	0.861	0.625	-0.09	0.45799999999999996
1.149	0.771	0.616	0.15	0.344
0.801	0.21	0.267	0.164	0.23850000000000005
0.983	0.898	0.912	0.095	0.02849999999999997
0.688	0.615	0.712	0.298	-0.0605
-0.297	0.161	0.855	0.648	-0.9229999999999999
0.686	0.423	-0.137	0.094	0.6915
0.024	-0.083	0.431	0.016	-0.4605
0.134	-0.137	0.324	-0.232	-0.3255
1.487	1.024	0.12	0.383	1.1355
0.517	-0.509	-0.779	0.167	0.783
0.834	0.693	-0.317	-0.464	1.0805
0.832	-0.031	-0.266	0.641	0.6665
0.955	0.662	0.865	0.903	-0.056499999999999995
0.907	-0.056	-0.127	0.015	0.5525
0.73	0.46	0.943	1.033	-0.348
0.81	0.371	0.103	-0.399	0.48750000000000004
1.321	0.662	0.365	1.539	0.6265000000000001
0.874	0.386	-0.983	-0.559	1.613
0.216	-0.53	0.055	0.886	-0.21200000000000002
1.394	0.45	0.004	0.09	0.9179999999999999
0.453	0.653	0.409	-0.914	0.14400000000000007
0.961	0.638	0.228	0.175	0.5715
0.89	0.692	0.465	-0.12	0.3259999999999999
1.144	0.656	0.262	0.689	0.6379999999999999
1.193	0.518	-0.656	-0.554	1.5115
0.116	0.044	0.962	0.471	-0.882
0.868	0.8	0.229	0.093	0.6050000000000001
0.807	0.428	0.09	-0.143	0.5275000000000001
0.686	0.632	1.088	0.462	-0.42900000000000005
0.628	0.291	0.51	1.215	-0.05049999999999999
0.96	-0.195	-1.154	-1.171	1.5364999999999998
1.013	0.882	0.237	0.607	0.7105
0.505	0.68	0.029	0.42	0.5635
0.49	-0.625	0.105	0.535	-0.1725
0.666	-0.196	0.091	-0.168	0.14400000000000002
1.161	0.825	-0.249	-0.28	1.242
1.049	1.343	0.984	0.183	0.21199999999999997
0.737	0.45	-0.146	-0.954	0.7395
1.195	1.099	0.893	0.151	0.254
0.966	0.898	0.298	0.5	0.6339999999999999
0.801	0.347	0.261	0.82	0.31300000000000006
0.026	-0.625	-0.724	-0.231	0.4245
0.875	0.215	-0.414	-0.226	0.9590000000000001
0.795	0.807	-0.112	0.251	0.913
0.833	0.611	0.45	-0.651	0.27199999999999996
1.17	-0.13	-0.589	0.255	1.109
1.233	1.172	1.089	0.045	0.11350000000000016
1.088	0.109	-0.207	0.133	0.8055
1.094	0.87	-0.346	0.41	1.3279999999999998
1.48	0.626	0.545	-0.572	0.5079999999999999
0.962	-0.196	-0.901	-0.339	1.284
0.394	0.478	0.22	0.861	0.216
0.418	-0.197	-0.664	0.153	0.7745
0.737	0.884	0.696	0.62	0.11450000000000005
0.136	0.24	0.246	-0.256	-0.057999999999999996
0.905	0.524	0.963	0.6	-0.24849999999999994
0.138	0.009	0.281	-0.322	-0.20750000000000002
0.249	0.446	0.314	0.13	0.03350000000000003
0.214	-1.087	-0.46	0.019	0.02350000000000002
0.922	0.877	0.777	0.619	0.12249999999999994
0.404	0.512	0.164	0.81	0.29400000000000004
1.514	0.526	-0.266	-0.137	1.286
0.574	0.578	0.087	0.127	0.489
1.052	0.822	0.654	-0.231	0.28300000000000003
0.931	0.583	1.242	1.029	-0.485
1.153	0.747	-0.215	-0.127	1.165
0.29	-0.111	-0.002	1.38	0.0915
0.354	-0.318	-0.595	-0.597	0.613
1.065	0.588	-0.685	-0.852	1.5115
1.236	1.289	1.312	0.5	-0.0495000000000001
0.459	-0.08	-0.148	0.829	0.3375
1.0	0.55	0.023	0.803	0.752
0.363	0.007	0.178	-0.207	0.007000000000000006
0.795	0.181	0.502	0.064	-0.014000000000000012
1.122	0.846	0.667	0.019	0.31699999999999995
1.382	0.912	-0.265	-0.008	1.412
0.949	0.711	0.436	-0.452	0.39399999999999996
1.192	0.818	1.007	-0.481	-0.0020000000000000018
1.144	0.926	0.971	1.087	0.06399999999999995
1.08	0.929	1.29	0.501	-0.28549999999999986
0.736	0.487	0.381	-0.429	0.23049999999999993
0.494	0.478	0.48	0.093	0.006000000000000005
0.607	0.444	0.671	0.171	-0.14550000000000007
0.683	-0.138	-0.504	-0.864	0.7765
1.644	1.432	1.05	-0.412	0.48799999999999977
0.988	0.416	0.232	0.85	0.47
1.789	1.293	0.259	-0.623	1.282
0.135	0.186	0.032	0.652	0.1285
0.102	-0.305	-1.191	-0.008	1.0895000000000001
1.206	0.949	0.42	0.612	0.6575
0.521	0.105	-0.32	0.132	0.633
0.833	0.231	-0.505	-0.383	1.037
1.228	0.618	0.649	-0.057	0.274
0.902	0.625	-0.237	-0.702	1.0005000000000002
0.385	0.237	-0.009	0.789	0.32
0.917	0.48	-0.031	0.101	0.7295
1.577	0.714	0.8	-0.785	0.3454999999999999
1.297	1.023	0.732	-0.583	0.42799999999999994
0.872	0.514	0.195	0.08	0.49800000000000005
0.886	0.258	0.563	0.602	0.009000000000000119
1.381	1.221	0.229	0.536	1.072
1.495	1.247	0.623	-0.096	0.748
0.307	0.222	0.375	0.15	-0.11049999999999999
0.749	0.686	0.372	0.347	0.34550000000000003
0.849	0.389	0.553	1.099	0.06599999999999995
0.745	-0.2	-0.212	-0.725	0.48449999999999993
1.221	1.052	0.865	-0.072	0.2715000000000001
1.136	0.368	0.826	0.211	-0.07399999999999995
1.132	0.697	-0.656	0.089	1.5705
0.281	0.554	0.233	0.346	0.18450000000000003
0.956	0.831	0.362	0.285	0.5315
1.429	0.959	0.599	0.82	0.595
0.027	-0.159	0.611	-0.2	-0.677
1.213	1.212	0.583	0.269	0.6295
0.855	0.447	0.2	0.555	0.451
0.838	0.613	0.472	-1.175	0.25350000000000006
1.062	0.63	-0.123	-0.178	0.9690000000000001
0.15	-0.053	-0.519	-0.384	0.5675
0.783	1.002	1.064	-0.439	-0.17149999999999999
0.875	0.539	0.467	-0.317	0.24000000000000005
0.403	0.037	0.365	0.567	-0.145
0.668	0.871	1.029	0.465	-0.25949999999999984
0.366	0.305	0.431	0.06	-0.09549999999999997
1.233	0.427	-0.558	-0.811	1.3880000000000001
1.377	0.981	-0.289	-0.758	1.468
1.226	0.391	0.075	-0.225	0.7335
0.861	0.608	-0.071	0.526	0.8054999999999999
0.59	0.051	-0.279	-0.034	0.5995
0.892	0.758	0.17	-0.42	0.6549999999999999
0.938	0.83	-0.098	0.029	0.9819999999999999
0.964	0.726	1.003	0.583	-0.15799999999999992
1.204	1.087	0.514	0.575	0.6315
0.57	0.676	0.797	1.158	-0.17400000000000004
-0.19	-0.458	-1.057	0.104	0.7329999999999999
1.695	1.029	0.306	-0.204	1.056
1.194	0.722	0.754	0.695	0.20399999999999996
1.093	0.622	0.021	-0.979	0.8364999999999999
1.25	0.686	0.147	-0.324	0.821
1.236	1.099	0.805	0.416	0.36249999999999993
1.56	0.808	-0.011	0.69	1.195
0.972	0.466	0.804	0.873	-0.08500000000000008
1.163	0.643	0.774	-0.205	0.129
0.711	-0.081	-0.43	-1.171	0.745
0.451	0.662	1.203	-0.167	-0.6465000000000001
1.453	1.095	1.039	0.471	0.2350000000000001
0.541	0.083	0.567	0.927	-0.25499999999999995
1.21	1.296	0.65	0.48	0.6030000000000001
1.057	0.391	-0.254	0.589	0.978
0.103	0.234	0.242	-0.142	-0.07349999999999998
1.161	0.917	-0.39	-0.633	1.4290000000000003
0.872	1.056	0.082	0.407	0.882
1.005	0.636	0.049	0.233	0.7715
0.282	-0.151	-0.455	-0.031	0.5205
1.527	0.737	-0.138	0.815	1.27
0.79	0.805	0.541	-0.006	0.25650000000000006
0.974	0.683	-0.341	-1.444	1.1695
0.372	-0.444	-0.509	-0.435	0.473
0.761	0.798	0.941	-0.365	-0.16149999999999987
0.892	0.577	-0.483	0.147	1.2174999999999998
0.686	0.515	-0.448	0.022	1.0485
1.138	0.748	0.434	-0.362	0.5089999999999999
1.656	1.005	0.047	0.452	1.2834999999999999
0.994	1.146	0.207	-0.025	0.8629999999999999
0.568	0.716	1.215	1.024	-0.5730000000000002
0.612	1.172	0.446	0.291	0.4459999999999999
0.213	0.31	0.17	0.07	0.0915
0.589	0.394	0.159	0.597	0.3325
0.37	-0.429	-0.973	0.106	0.9435
0.772	0.52	0.63	1.02	0.016000000000000014
0.43	0.303	0.685	1.219	-0.31850000000000006
0.88	0.549	0.832	0.162	-0.11749999999999994
0.763	-0.209	-0.341	0.256	0.6180000000000001
0.627	0.506	0.094	0.139	0.47250000000000003
0.689	0.681	0.757	0.245	-0.07199999999999995
0.467	0.213	0.656	1.301	-0.316
0.695	1.025	1.227	0.459	-0.3670000000000002
1.721	1.247	0.034	-0.612	1.45
0.941	0.551	0.07	-0.544	0.6759999999999999
0.363	0.231	0.152	0.62	0.145
0.944	1.006	0.362	-0.348	0.613
1.094	-0.248	0.467	0.793	-0.043999999999999984
0.786	0.945	0.412	-0.356	0.45349999999999996
1.128	0.585	0.198	-0.135	0.6584999999999999
0.899	0.299	-0.078	0.119	0.6769999999999999
0.845	0.707	0.104	-0.135	0.672
1.481	0.827	-0.128	-0.5	1.282
1.419	0.509	0.051	-0.76	0.9129999999999999
1.09	0.633	0.307	0.312	0.5545
0.829	0.682	0.555	-0.071	0.2005
1.006	0.101	0.258	-0.485	0.2955
1.519	0.423	-0.426	-0.207	1.397
1.054	0.607	0.761	0.58	0.0695
0.6	0.385	0.474	-0.324	0.018500000000000016
1.466	1.188	0.427	0.355	0.8999999999999999
1.061	1.086	0.502	0.074	0.5715000000000001
0.844	0.696	0.454	0.486	0.316
0.558	0.447	0.028	0.601	0.47450000000000003
1.447	0.523	0.536	0.223	0.44900000000000007
0.85	0.589	0.207	0.126	0.5125000000000001
0.674	0.592	1.061	0.496	-0.42799999999999994
1.064	0.718	0.94	0.13	-0.04899999999999993
1.345	0.804	0.46	0.009	0.6145
0.836	1.057	0.925	0.408	0.021499999999999853
0.766	0.264	-0.308	0.917	0.823
0.758	0.82	0.948	0.035	-0.15900000000000003
0.786	0.766	0.85	0.884	-0.07399999999999995
0.192	0.001	0.149	0.705	-0.05249999999999999
0.905	0.548	0.256	0.235	0.47050000000000003
0.896	0.491	-0.027	-0.105	0.7205
0.948	0.635	0.108	0.153	0.6835
-0.2	-0.05	-0.394	-0.388	0.269
1.201	-0.153	-0.662	-0.088	1.186
0.864	0.014	-0.838	-0.304	1.277
1.119	0.02	-0.73	0.219	1.2995
1.038	1.194	0.738	-0.264	0.3780000000000001
1.021	0.982	0.498	1.063	0.5035000000000001
0.85	0.75	0.218	-0.754	0.5820000000000001
0.914	0.458	0.293	0.851	0.39300000000000007
0.658	0.424	0.952	0.81	-0.4109999999999999
0.924	0.485	0.521	-0.247	0.1835
1.005	0.59	-0.721	-0.47	1.5185
0.907	0.817	-0.057	-1.253	0.919
0.578	0.366	0.471	-0.374	0.0010000000000000009
0.75	0.036	-0.53	-0.659	0.923
1.141	0.485	-0.213	0.214	1.026
0.375	0.524	-0.184	-0.45	0.6335
0.701	0.152	-0.748	0.807	1.1745
0.77	0.517	0.791	0.341	-0.14750000000000008
0.812	0.293	0.11	-0.681	0.4425
0.494	0.243	0.354	-0.491	0.014500000000000013
1.202	1.087	0.534	-0.002	0.6104999999999998
0.149	0.172	1.212	1.065	-1.0514999999999999
1.128	0.113	-0.504	-0.522	1.1244999999999998
0.476	0.342	-0.12	0.109	0.529
0.807	0.956	0.85	0.379	0.03149999999999997
2.259	1.166	-0.026	-0.51	1.7385
1.094	0.56	-0.073	0.785	0.9
0.827	0.634	-0.009	0.192	0.7394999999999999
0.856	0.233	0.222	0.2	0.3225
0.978	0.974	1.218	0.315	-0.242
0.988	0.917	0.8	-0.424	0.15249999999999997
0.871	-0.004	-0.671	0.518	1.1045
1.689	0.393	0.243	0.284	0.7979999999999999
1.35	0.538	0.305	0.644	0.639
1.142	1.025	0.79	-0.189	0.29349999999999987
0.708	0.192	-0.224	-1.086	0.6739999999999999
1.227	0.616	0.272	-0.067	0.6495
0.945	1.027	0.833	0.736	0.15300000000000002
1.338	1.244	0.657	-0.168	0.6339999999999999
0.768	0.041	0.066	0.632	0.3385
0.985	0.7	0.266	-0.094	0.5765
1.056	0.32	-0.023	-0.574	0.7110000000000001
0.352	0.194	-0.236	-0.179	0.509
0.79	0.485	0.351	0.06	0.2865
0.578	0.245	-0.145	-0.292	0.5565
0.684	-0.271	-0.878	0.296	1.0845
1.205	0.631	0.315	0.093	0.603
1.205	1.118	1.123	1.024	0.0385000000000002
0.976	0.938	-0.876	-0.157	1.833
0.729	0.35	-0.374	0.428	0.9135
1.311	1.245	-0.409	-0.678	1.687
0.788	0.816	0.829	1.012	-0.026999999999999913
0.114	0.234	0.372	0.48	-0.19799999999999998
0.902	1.144	0.674	-0.527	0.34899999999999987
0.957	0.39	0.382	0.58	0.2915
1.283	0.741	-0.982	-0.035	1.994
0.862	0.903	0.637	0.512	0.24550000000000005
0.053	-0.121	-0.655	-1.633	0.621
-0.002	0.236	0.79	0.505	-0.673
1.516	0.865	0.353	-0.619	0.8375000000000001
0.827	0.194	-0.089	-0.029	0.5994999999999999
0.971	0.435	-0.749	-0.934	1.452
0.376	0.039	-0.425	0.581	0.6325
1.186	0.517	-0.324	1.008	1.1755
1.41	1.311	1.119	0.132	0.24150000000000005
0.42	-0.02	0.05	0.798	0.14999999999999997
1.126	0.564	0.111	-0.093	0.734
1.443	0.937	0.538	0.425	0.6519999999999999
1.356	0.815	0.353	0.306	0.7325000000000002
1.114	0.685	0.7	0.39	0.19950000000000012
1.116	1.002	0.619	0.821	0.44000000000000017
1.159	0.778	0.161	-0.182	0.8075
0.958	0.775	0.055	-0.052	0.8115
-0.148	-0.329	-0.538	0.49	0.29950000000000004
0.6	0.125	0.013	0.384	0.3495
0.135	0.179	0.473	0.023	-0.31599999999999995
0.716	0.697	0.121	0.221	0.5854999999999999
1.137	0.769	-0.01	-0.313	0.9630000000000001
0.658	0.848	0.709	-0.106	0.04400000000000004
1.45	0.854	1.12	0.778	0.031999999999999806
0.14	0.158	0.076	-0.093	0.07300000000000002
0.584	0.038	-0.491	0.292	0.802
1.51	0.549	-0.379	-0.217	1.4085
1.168	1.043	0.526	0.201	0.5794999999999999
1.334	1.011	0.021	0.899	1.1515
1.067	0.74	0.886	0.608	0.01749999999999996
0.767	0.395	0.398	0.068	0.18299999999999994
1.146	0.783	0.029	-0.462	0.9354999999999999
1.696	1.114	0.516	-0.382	0.889
0.941	0.549	0.891	0.094	-0.14600000000000002
0.86	0.774	-0.157	-1.097	0.974
1.307	0.443	0.335	0.031	0.54
0.911	0.987	0.491	0.232	0.4580000000000001
1.286	1.278	0.688	0.38	0.5940000000000001
0.199	-0.463	-0.338	0.496	0.20600000000000002
1.034	0.476	0.236	-0.391	0.519
0.641	0.104	0.15	0.665	0.2225
0.424	0.138	0.844	0.376	-0.563
1.5	0.534	-0.134	0.07	1.1509999999999998
0.74	1.112	0.84	0.468	0.08600000000000008
0.657	0.36	0.472	-0.547	0.03649999999999998
0.527	0.76	0.417	0.364	0.22649999999999998
-0.026	0.249	-0.118	-0.279	0.22949999999999998
0.7	0.695	0.245	-0.158	0.4525
0.839	0.488	0.295	-0.23	0.3685
-0.105	-0.767	-0.009	0.968	-0.427
0.862	0.242	-0.597	0.574	1.149
0.58	0.676	-0.266	-0.696	0.894
1.583	1.021	1.252	-0.041	0.050000000000000044
0.516	0.295	0.252	0.841	0.15349999999999997
1.341	1.031	0.513	0.531	0.6729999999999999
1.469	0.803	0.118	0.453	1.0180000000000002
0.719	1.082	0.151	-0.365	0.7495
0.815	0.313	0.709	0.498	-0.14500000000000002
0.971	0.814	0.373	0.025	0.5195
1.391	1.366	-0.051	-0.556	1.4295
1.108	0.55	0.651	1.186	0.17800000000000005
0.635	0.002	-0.123	-0.116	0.4415
1.236	0.48	0.655	-0.236	0.20299999999999996
0.701	0.611	1.026	0.018	-0.3700000000000001
-0.094	0.421	-0.086	0.066	0.24949999999999997
0.48	-0.032	-0.189	-0.671	0.413
0.767	0.777	0.642	0.896	0.13
0.936	0.447	0.098	0.925	0.5935
0.059	-0.12	0.76	0.17	-0.7905
0.776	0.21	-0.322	0.513	0.815
0.969	0.712	0.124	0.565	0.7165
0.51	-0.219	-0.336	0.261	0.48150000000000004
0.273	-0.012	-0.193	0.622	0.3235
1.317	0.342	-1.493	-0.836	2.3225000000000002
1.188	0.95	0.128	0.375	0.941
1.556	1.14	0.776	0.042	0.5719999999999998
1.707	1.3	0.817	-0.236	0.6865000000000001
1.141	0.925	0.103	-0.096	0.9299999999999999
0.728	0.762	0.528	-0.959	0.21699999999999997
0.579	0.208	-0.032	0.174	0.4255
0.96	0.538	0.362	-0.303	0.387
1.141	0.728	1.035	0.873	-0.10049999999999992
0.145	0.032	0.181	0.365	-0.0925
0.906	0.202	-1.453	-0.372	2.007
0.583	0.955	0.195	-0.298	0.5739999999999998
1.34	1.108	0.424	-0.281	0.8000000000000003
1.842	0.98	-0.288	0.518	1.699
1.373	0.401	-0.121	0.552	1.008
0.446	0.347	0.407	0.428	-0.01050000000000001
-0.156	-0.475	0.253	0.882	-0.5685
0.388	0.437	0.487	-0.056	-0.07450000000000001
0.068	-0.373	0.359	0.636	-0.5115
1.075	0.839	0.574	-0.286	0.383
0.856	0.66	0.645	0.952	0.11299999999999999
0.865	0.597	0.031	0.06	0.7
0.989	0.729	0.229	0.771	0.63
0.668	0.083	-0.742	-0.589	1.1175
1.025	0.823	0.765	-0.191	0.15899999999999992
0.807	0.516	-0.326	1.032	0.9875
1.143	0.876	-0.414	-1.152	1.4235
0.481	0.046	0.596	-0.644	-0.33249999999999996
2.035	1.325	0.178	-0.206	1.5020000000000002
0.531	-0.065	-0.813	0.122	1.046
0.59	0.568	0.51	0.429	0.06899999999999995
0.495	0.033	-0.471	0.35	0.735
0.744	0.459	0.862	0.96	-0.26049999999999995
0.981	0.248	-0.158	-0.536	0.7725000000000001
0.659	0.428	0.334	-0.155	0.20949999999999996
0.414	-0.068	0.394	-0.004	-0.22100000000000003
0.908	0.877	0.476	-0.135	0.4165000000000001
0.171	-0.148	0.214	-0.185	-0.20249999999999999
0.681	0.079	-0.319	0.258	0.6990000000000001
0.493	0.24	0.28	-0.268	0.08649999999999997
0.399	-0.42	-0.685	-0.686	0.6745000000000001
1.202	1.286	0.347	-0.809	0.897
1.262	1.294	1.29	0.3	-0.01200000000000001
0.747	0.249	0.039	0.085	0.459
0.774	0.518	0.405	-0.273	0.241
1.035	0.617	-0.972	-0.913	1.798
0.842	0.594	0.664	-0.153	0.05399999999999994
0.992	0.561	-0.218	0.306	0.9944999999999999
1.332	0.623	0.128	0.175	0.8495
0.995	0.673	0.228	0.009	0.6060000000000001
1.209	0.676	-0.383	-0.106	1.3255000000000001
0.426	0.42	-0.238	-1.39	0.661
1.094	0.888	0.555	0.095	0.43600000000000005
0.86	0.107	-0.65	-0.721	1.1335
0.113	-0.571	-0.451	-0.152	0.22200000000000003
0.544	0.482	-0.17	-0.05	0.683
1.392	1.091	1.277	0.456	-0.03550000000000009
0.673	0.54	0.498	0.38	0.10850000000000004
0.905	0.008	0.149	0.824	0.3075
0.633	0.547	0.479	-0.507	0.1110000000000001
1.457	1.2	0.249	-0.186	1.0795
1.019	0.664	0.567	0.504	0.27449999999999997
0.294	-0.116	0.352	0.757	-0.263
0.268	0.248	0.739	-0.017	-0.481
1.08	0.5	0.707	0.591	0.08300000000000007
1.029	0.861	0.582	-0.141	0.363
1.594	1.137	0.689	-0.337	0.6765
1.414	1.582	0.586	-0.399	0.912
0.166	-0.144	-0.493	-0.62	0.504
0.869	0.559	-0.422	-0.662	1.136
0.98	0.779	0.978	-0.445	-0.09850000000000003
1.008	0.784	1.02	-0.115	-0.124
0.759	0.467	-0.202	-0.348	0.815
0.33	-0.36	-0.715	0.309	0.7
0.415	0.477	0.622	-0.683	-0.17600000000000005
0.793	0.217	-0.603	-0.698	1.108
0.747	0.492	-1.075	-0.808	1.6945
0.985	0.5	0.38	-0.04	0.36249999999999993
1.227	1.403	1.04	1.235	0.2749999999999999
0.738	0.689	0.282	-0.105	0.43150000000000005
1.054	1.194	0.126	0.215	0.9980000000000001
0.776	0.6	0.256	0.037	0.43199999999999994
0.64	0.983	0.63	0.236	0.1815
0.762	0.836	0.226	0.428	0.573
0.906	0.414	0.328	-0.192	0.332
0.889	-0.006	-0.546	0.244	0.9875
0.021	-0.077	-0.331	-0.486	0.30300000000000005
1.017	0.023	-0.283	0.621	0.8029999999999999
0.824	0.611	0.026	-0.052	0.6915
1.059	1.087	0.728	-0.604	0.345
0.656	0.196	0.285	1.205	0.14100000000000007
1.517	0.819	0.23	0.074	0.938
0.8	0.665	1.303	0.582	-0.5704999999999999
1.147	0.747	-0.117	0.803	1.064
0.534	0.603	0.366	0.598	0.2025
-0.096	-0.28	0.216	0.873	-0.404
0.744	0.245	-0.302	-0.58	0.7965
1.05	0.596	-0.058	0.014	0.881
0.677	0.99	0.851	1.429	-0.01749999999999996
1.49	0.717	0.206	0.247	0.8975
0.957	0.716	-0.087	0.14	0.9235
0.757	0.675	0.607	0.161	0.10899999999999999
0.429	0.372	0.448	0.114	-0.04750000000000004
0.599	0.365	0.612	0.448	-0.13
0.31	-0.209	-0.479	0.502	0.5295
1.125	0.563	-0.716	-0.536	1.56
1.302	0.797	0.466	0.556	0.5835000000000001
0.679	0.693	0.1	-0.044	0.586
0.487	0.337	-0.048	0.345	0.46
0.745	0.273	-0.022	0.382	0.531
0.494	0.39	-0.163	0.042	0.605
1.176	0.385	-0.039	0.335	0.8195
0.741	-0.1	-0.358	0.817	0.6785
0.669	0.575	0.17	0.22	0.45199999999999996
0.704	0.435	-0.216	0.124	0.7855
1.316	0.869	0.535	-0.113	0.5575
0.637	0.723	0.273	-0.047	0.4069999999999999
0.746	0.911	0.409	0.7	0.41950000000000004
0.685	0.504	-0.377	-0.514	0.9715
0.595	0.4	-0.102	0.368	0.5995
0.632	0.786	0.344	-0.964	0.3650000000000001
0.644	0.46	0.61	0.411	-0.05799999999999994
0.154	-0.522	-0.196	-0.738	0.01200000000000001
1.028	0.857	0.265	-0.303	0.6775
1.087	0.772	0.544	-0.013	0.38549999999999995
0.816	1.226	1.29	0.564	-0.26900000000000013
0.142	0.632	0.673	0.126	-0.28600000000000003
1.594	0.662	-0.338	0.198	1.4660000000000002
1.396	0.903	0.137	0.151	1.0125
0.634	0.32	-0.134	-0.659	0.611
0.314	0.475	0.293	-0.053	0.10149999999999998
0.901	0.706	-0.17	0.789	0.9735
0.99	0.974	0.616	0.479	0.366
1.077	1.007	0.349	-0.437	0.6929999999999998
1.731	1.043	0.22	-0.045	1.167
1.719	0.849	-0.47	-1.084	1.754
0.777	0.176	-0.617	-0.967	1.0935000000000001
1.033	0.648	0.296	0.407	0.5445
1.064	0.747	0.911	0.645	-0.00550000000000006
0.894	-0.162	-0.299	-0.167	0.665
0.927	0.005	0.094	0.364	0.372
1.01	0.928	0.78	0.325	0.18900000000000006
1.01	1.117	0.394	0.059	0.6694999999999999
0.737	0.668	0.525	0.004	0.1775
0.689	0.044	0.283	0.213	0.08350000000000002
1.118	1.043	0.553	-0.381	0.5275
0.991	0.925	-0.096	-0.452	1.054
0.942	0.917	0.513	0.109	0.4165
1.233	0.923	-0.349	-0.508	1.427
1.408	0.973	0.152	-0.469	1.0385
0.663	0.461	0.482	-0.296	0.08000000000000007
0.793	0.47	-0.235	-0.064	0.8664999999999999
1.227	0.757	0.009	0.488	0.983
0.399	0.161	-0.484	-0.079	0.764
0.733	0.491	0.344	-0.336	0.268
0.864	0.537	0.645	0.625	0.055499999999999994
0.64	0.959	0.561	-0.173	0.23849999999999993
1.021	0.599	0.691	-0.029	0.119
0.476	0.665	0.001	-0.478	0.5695
0.42	0.078	0.566	0.219	-0.31699999999999995
0.989	0.947	0.025	0.399	0.943
0.989	1.133	1.054	0.156	0.006999999999999895
0.922	0.142	0.681	0.445	-0.14900000000000002
0.833	0.754	0.008	-1.277	0.7855
0.797	-0.114	-0.233	-0.12	0.5745
1.093	1.19	0.206	-0.473	0.9355
1.387	1.412	0.126	0.718	1.2734999999999999
0.984	0.304	-0.387	-0.088	1.0310000000000001
0.346	0.499	-0.119	-0.159	0.5415
0.88	-0.016	-0.071	0.144	0.503
1.221	0.725	0.574	-0.797	0.39900000000000013
0.329	-0.455	-0.451	0.694	0.388
1.157	0.703	0.502	0.344	0.42799999999999994
0.884	0.847	0.135	0.522	0.7304999999999999
1.295	1.113	0.608	-0.336	0.596
0.364	0.138	0.687	1.101	-0.43600000000000005
0.616	0.479	0.083	-0.185	0.46449999999999997
0.358	0.842	0.341	0.135	0.25899999999999995
0.512	0.559	-0.155	0.002	0.6905000000000001
1.439	0.884	0.623	0.044	0.5385
1.741	0.975	0.132	0.384	1.226
1.155	0.648	0.449	0.031	0.45249999999999996
1.004	0.571	0.17	-0.433	0.6174999999999999
1.131	0.743	0.192	0.449	0.7450000000000001
0.356	-0.092	-0.242	-0.005	0.374
0.164	-0.198	0.058	0.054	-0.07500000000000001
0.466	0.681	0.89	0.816	-0.3165
-0.084	-0.711	-0.038	0.635	-0.3595
0.935	-0.474	-0.901	-0.909	1.1315
0.011	-0.311	0.449	1.075	-0.599
0.512	0.548	0.428	0.751	0.10200000000000004
0.944	0.463	-0.074	-0.878	0.7775
1.138	0.273	0.246	-0.996	0.4595
1.08	1.014	0.298	-0.225	0.7490000000000001
1.201	1.016	0.25	-0.142	0.8585
0.559	0.183	0.47	0.815	-0.09899999999999998
0.977	0.736	0.403	-0.65	0.4535
0.77	0.502	0.389	0.521	0.247
1.109	0.748	-0.171	-0.376	1.0995
0.778	0.59	0.4	0.09	0.2839999999999999
1.013	0.483	-0.515	0.02	1.263
1.546	0.91	1.297	0.273	-0.06899999999999995
0.639	0.32	0.622	1.471	-0.14249999999999996
0.972	0.482	-0.093	0.362	0.82
1.648	1.61	1.06	0.292	0.569
1.256	0.849	0.402	0.378	0.6505
0.994	0.556	-0.612	-0.581	1.387
-0.091	-0.144	0.532	0.603	-0.6495
1.492	0.803	0.629	0.844	0.5185
0.511	0.795	0.425	0.365	0.22800000000000004
1.205	0.579	-0.161	0.209	1.053
0.985	0.7	-0.078	-0.532	0.9205
0.662	0.376	-0.478	-0.424	0.997
0.684	0.666	0.583	0.614	0.09200000000000008
0.685	0.669	0.754	0.394	-0.07699999999999996
0.743	0.503	0.652	0.621	-0.029000000000000026
1.004	0.339	0.086	-0.336	0.5855
1.241	0.89	-0.197	0.249	1.2625000000000002
1.017	0.355	-0.426	-0.134	1.1119999999999999
0.901	0.964	0.575	-0.238	0.35750000000000004
0.557	0.585	0.884	0.733	-0.31300000000000006
0.908	0.937	0.646	-0.546	0.2765000000000001
0.635	0.689	0.795	0.076	-0.13300000000000012
0.578	0.825	0.868	-0.077	-0.16649999999999998
0.728	0.784	0.325	-0.449	0.431
1.244	0.362	0.112	0.893	0.691
1.116	0.795	0.148	0.083	0.8075
0.704	0.119	-0.379	-0.104	0.7905
0.869	-0.279	-0.224	0.646	0.519
1.167	0.87	0.622	-0.093	0.39649999999999996
1.162	1.337	0.556	0.03	0.6934999999999998
0.838	0.357	-0.537	-0.019	1.1345
0.733	0.656	0.714	-0.144	-0.019499999999999962
1.221	0.991	0.802	0.862	0.30400000000000005
1.108	0.918	0.164	0.102	0.8490000000000001
0.47	0.586	0.398	0.12	0.13
0.701	1.001	0.166	0.016	0.6849999999999999
0.701	0.485	0.298	0.482	0.295
0.767	0.74	0.471	-0.169	0.2825000000000001
1.052	0.73	0.586	0.141	0.30500000000000005
0.263	-0.161	0.234	-0.121	-0.183
0.79	0.582	0.313	0.311	0.37299999999999994
0.455	0.488	0.182	0.164	0.28950000000000004
1.268	0.922	0.836	0.735	0.259
1.13	0.737	0.188	0.033	0.7455
1.082	0.647	0.822	0.303	0.04250000000000009
1.016	0.776	0.949	0.614	-0.052999999999999936
1.077	0.586	-0.025	-0.796	0.8564999999999999
0.506	0.12	-0.087	-0.095	0.4
0.725	0.467	0.723	-0.012	-0.127
1.19	0.72	-0.012	-0.663	0.967
0.807	0.351	-0.068	0.3	0.647
1.117	0.705	0.022	-0.164	0.889
0.857	0.762	1.121	-0.075	-0.3115
0.9	0.547	-0.159	-0.357	0.8825000000000001
1.246	1.083	0.277	0.352	0.8874999999999998
0.141	0.26	0.185	0.519	0.015500000000000014
0.465	0.107	-0.122	-0.657	0.40800000000000003
0.982	0.857	0.314	-0.719	0.6054999999999999
0.466	0.245	-0.869	0.142	1.2245
0.694	0.614	0.577	-0.68	0.07699999999999996
0.378	0.193	0.143	-0.197	0.1425
0.489	0.54	0.32	0.663	0.19449999999999995
0.244	0.304	0.392	0.337	-0.118
0.496	0.359	0.371	0.261	0.056499999999999995
0.938	1.211	0.647	0.335	0.4275
0.81	0.216	0.579	0.307	-0.06599999999999995
1.231	0.816	0.777	0.508	0.24650000000000005
0.476	-0.411	-0.234	-0.216	0.2665
0.413	-0.285	0.483	-0.202	-0.419
1.241	0.8	-0.311	0.489	1.3315000000000001
0.974	0.432	-0.075	0.441	0.7779999999999999
0.489	-0.125	-0.569	0.39	0.7509999999999999
0.561	0.245	-0.236	-0.054	0.639
0.86	0.317	-0.262	0.247	0.8505
1.027	0.278	0.644	0.379	0.008499999999999952
0.325	0.033	-0.22	-0.307	0.399
0.831	0.095	0.259	-0.346	0.20399999999999996
0.198	-0.321	-0.227	-1.022	0.1655
0.953	0.579	0.861	-0.311	-0.09499999999999997
0.275	0.535	0.674	0.035	-0.269
1.041	0.833	0.506	0.718	0.43099999999999994
1.231	0.848	0.925	0.396	0.11450000000000005
0.367	0.377	-0.124	-0.681	0.496
0.592	0.385	0.298	0.327	0.1905
1.486	1.313	0.523	-0.268	0.8765
-0.215	-0.298	0.007	0.376	-0.2635
1.085	1.239	1.284	-0.223	-0.12200000000000011
1.433	0.84	-0.124	0.506	1.2605
-0.01	-0.215	-0.371	-0.465	0.2585
1.55	1.145	0.045	-1.036	1.3025000000000002
0.732	0.451	0.198	0.476	0.3935
0.599	0.834	0.702	0.394	0.014499999999999957
1.27	1.007	0.855	-0.806	0.2835000000000001
0.316	-0.071	0.63	1.172	-0.5075000000000001
0.795	0.715	0.205	-0.608	0.55
0.352	-0.163	-0.424	0.549	0.5185
0.192	0.08	-0.184	0.3	0.32
0.657	0.306	-0.112	0.06	0.5935
0.646	0.594	0.642	0.316	-0.02200000000000002
1.079	0.65	0.876	0.383	-0.011499999999999955
1.64	1.352	0.086	-0.689	1.41
0.562	0.689	0.218	0.19	0.4075
1.242	0.96	0.579	-0.239	0.522
-0.111	0.064	0.286	-0.28	-0.3095
0.613	0.514	0.588	0.11	-0.024499999999999966
1.233	0.436	-0.024	0.137	0.8585
0.296	0.2	1.206	0.057	-0.958
-0.486	-0.036	0.294	1.206	-0.5549999999999999
0.565	0.179	0.214	0.112	0.158
1.448	1.247	1.047	-0.131	0.3005000000000002
0.483	0.842	0.297	0.483	0.3655
1.586	0.991	-0.531	-0.487	1.8195000000000001
0.852	0.544	0.144	0.123	0.5539999999999999
0.095	-0.087	-0.176	0.122	0.18
0.153	0.049	0.249	0.001	-0.148
0.876	1.115	0.825	-0.04	0.1705000000000001
1.011	0.775	0.262	0.032	0.631
1.02	0.54	0.261	1.049	0.519
1.167	0.618	0.555	0.586	0.3375
0.919	0.606	0.164	-0.196	0.5984999999999999
0.668	0.38	0.455	0.216	0.069
0.986	0.458	0.417	0.359	0.305
0.911	0.18	-0.018	0.459	0.5635
0.548	0.39	0.897	-0.195	-0.428
0.716	-0.024	-0.167	0.495	0.513
1.347	0.874	0.299	0.633	0.8115000000000001
0.223	-0.498	-0.527	0.169	0.3895
0.958	0.615	-0.537	-0.274	1.3235000000000001
0.903	0.836	1.051	-0.214	-0.1815
1.055	0.389	0.173	0.956	0.5489999999999999
0.667	0.473	0.344	0.545	0.2260000000000001
0.949	1.098	0.791	0.084	0.23250000000000004
0.548	0.657	-0.73	-0.104	1.3325
0.672	0.897	0.765	-0.905	0.019499999999999962
0.533	0.852	0.17	0.773	0.5225
0.583	0.432	-0.57	-0.964	1.0775
0.697	0.731	0.846	0.717	-0.132
0.781	0.87	0.883	0.731	-0.057499999999999996
1.114	0.172	0.239	0.849	0.404
0.896	0.637	0.221	-0.858	0.5455
1.0	0.284	0.03	0.352	0.612
1.263	0.905	0.167	0.274	0.917
1.535	0.825	-0.106	-0.253	1.286
1.011	0.205	0.135	0.642	0.473
0.471	0.251	1.089	0.425	-0.728
0.972	0.399	0.359	0.334	0.3265
0.304	0.102	0.951	0.291	-0.748
0.679	0.225	-0.427	-0.262	0.879
0.708	0.631	0.763	1.011	-0.09350000000000003
0.726	0.856	0.952	0.544	-0.16100000000000003
0.836	0.505	0.723	0.943	-0.05249999999999999
0.98	0.524	-0.418	-1.675	1.17
0.768	0.511	0.815	0.32	-0.1755
1.294	0.481	0.383	-0.474	0.5045
0.581	-0.008	0.012	0.43	0.27449999999999997
0.232	-0.026	0.402	-0.693	-0.29900000000000004
0.916	1.392	1.021	0.534	0.133
0.676	0.073	-0.101	0.057	0.47550000000000003
0.826	1.019	0.485	-0.105	0.4374999999999999
1.136	1.16	0.783	0.504	0.3649999999999999
0.302	-0.111	0.225	0.68	-0.1295
-0.036	-0.575	-0.46	0.19	0.15450000000000003
0.578	-0.021	0.202	1.183	0.07649999999999996
0.919	0.408	-0.067	0.134	0.7304999999999999
1.278	0.724	-0.106	-0.187	1.107
1.109	0.993	0.663	0.462	0.3879999999999999
0.679	0.076	-0.589	0.356	0.9664999999999999
1.141	0.399	0.373	0.514	0.397
0.331	0.719	0.57	-0.589	-0.04499999999999993
0.97	0.289	0.054	0.812	0.5754999999999999
1.145	0.031	0.438	0.367	0.14999999999999997
0.742	0.56	0.506	-0.269	0.14500000000000002
0.663	-0.578	-0.955	-1.066	0.9975
0.692	0.703	0.578	0.142	0.11950000000000005
0.275	0.355	0.755	1.206	-0.44
0.894	0.873	0.58	0.622	0.3035
1.465	1.235	1.16	0.83	0.19000000000000017
0.793	0.044	0.22	-0.137	0.19850000000000004
0.784	0.663	0.387	0.133	0.3365
0.493	-0.403	-0.37	0.896	0.415
1.481	0.592	-0.595	-0.309	1.6315
0.113	-0.828	-0.902	-1.092	0.5445
1.225	1.039	0.537	0.204	0.5950000000000001
0.063	0.537	0.36	0.492	-0.05999999999999994
0.651	0.527	0.547	0.746	0.041999999999999926
0.702	0.036	-0.083	0.253	0.452
0.837	1.018	0.911	0.41	0.01649999999999996
0.77	0.216	-0.224	0.076	0.717
0.998	1.078	0.84	0.042	0.19800000000000006
0.852	0.683	0.617	-0.005	0.15050000000000008
1.207	0.376	0.347	0.35	0.4445000000000001
1.298	0.89	0.347	-0.235	0.7470000000000001
0.267	-0.054	0.105	-0.567	0.0015000000000000152
0.225	-0.545	-0.769	-0.956	0.609
0.603	0.674	0.604	0.293	0.034500000000000086
0.808	0.608	0.297	0.178	0.411
0.657	0.162	-0.24	-0.369	0.6495
-0.038	0.386	0.537	0.395	-0.363
0.426	-0.124	0.075	0.426	0.076
0.986	0.448	-0.334	0.178	1.051
0.061	-0.064	-0.625	0.134	0.6234999999999999
1.047	0.487	0.536	0.036	0.23099999999999987
0.159	0.431	0.852	-0.16	-0.5569999999999999
0.937	0.835	0.827	0.545	0.05900000000000005
1.341	0.773	0.837	0.138	0.21999999999999997
1.202	0.838	0.859	-0.553	0.16100000000000003
-0.037	0.111	0.342	0.069	-0.30500000000000005
0.917	0.162	0.443	-0.24	0.09649999999999997
0.879	0.926	0.245	-0.25	0.6575000000000001
0.9	0.675	-1.237	-0.24	2.0245
1.376	1.386	0.283	-0.685	1.0979999999999999
0.941	1.131	0.26	-0.359	0.776
0.759	0.165	0.84	-0.183	-0.37799999999999995
0.993	0.656	-0.261	-0.078	1.0855000000000001
0.27	0.374	0.68	0.564	-0.35800000000000004
1.043	1.037	0.35	0.291	0.6900000000000001
1.038	0.969	0.513	0.692	0.49050000000000005
1.648	1.411	-0.096	-0.262	1.6255000000000002
0.618	0.005	0.722	0.001	-0.4105
1.198	0.932	1.109	0.829	-0.04400000000000004
0.709	0.371	-0.558	-0.555	1.098
0.543	0.353	-0.195	-0.14	0.643
1.552	0.593	0.83	0.718	0.24250000000000005
1.24	1.223	1.125	0.318	0.10650000000000004
1.144	0.942	0.369	-0.381	0.6739999999999999
0.622	0.062	0.103	0.041	0.239
0.779	0.705	-0.469	-0.117	1.2109999999999999
0.977	0.656	0.911	0.161	-0.09450000000000003
0.749	0.415	0.472	0.804	0.10999999999999999
0.931	0.1	-0.7	-0.379	1.2155
0.711	0.634	0.391	0.051	0.2815
0.97	0.746	0.579	0.405	0.279
1.097	0.412	0.293	0.703	0.46149999999999997
1.095	0.59	0.005	0.282	0.8375
1.199	0.345	-0.204	0.598	0.976
0.661	0.387	0.545	0.466	-0.02100000000000002
1.267	0.781	0.225	-0.108	0.799
0.676	0.442	0.622	0.298	-0.06299999999999994
0.663	0.012	-0.426	-0.414	0.7635000000000001
0.994	0.757	0.735	0.38	0.14049999999999996
0.47	-0.04	-0.404	0.052	0.619
1.336	1.317	0.14	-0.385	1.1865
1.38	0.927	0.861	0.129	0.2925
1.515	1.113	0.567	0.383	0.7470000000000001
1.162	0.529	-0.559	-1.126	1.4045
1.298	0.839	-0.467	-0.164	1.5355
1.331	1.363	0.893	0.116	0.45399999999999996
0.355	0.427	0.329	-0.541	0.062
0.965	0.208	-0.108	0.058	0.6945
0.614	0.754	0.302	-0.148	0.38199999999999995
0.666	0.693	-0.004	-0.68	0.6835
1.574	1.026	0.717	-0.818	0.5830000000000001
1.23	1.163	0.581	0.22	0.6154999999999999
2.061	1.438	0.679	0.16	1.0704999999999998
0.949	0.429	0.279	-0.685	0.4099999999999999
0.854	0.711	0.584	0.904	0.1985
1.289	0.694	-0.117	-0.352	1.1085
0.736	0.57	-0.052	-0.102	0.7050000000000001
0.908	-0.335	0.136	0.349	0.15049999999999997
0.692	0.285	0.114	-0.136	0.37449999999999994
0.611	0.302	0.033	0.018	0.4235
1.041	0.819	-0.021	0.585	0.951
0.285	-0.16	0.62	0.812	-0.5575
0.489	0.782	0.559	-0.838	0.0764999999999999
0.768	0.422	0.405	-0.302	0.18999999999999995
0.942	0.595	0.676	0.676	0.09249999999999992
1.317	0.791	0.372	0.364	0.682
0.802	0.444	-0.025	0.13	0.648
1.15	0.701	0.173	-0.189	0.7525
1.193	0.934	0.913	-0.313	0.15050000000000008
0.664	0.126	0.292	0.054	0.10300000000000004
0.176	0.282	0.209	0.047	0.01999999999999999
1.141	0.858	-0.117	-0.181	1.1165
0.871	0.387	0.434	0.3	0.195
0.646	-0.073	0.213	-0.446	0.07350000000000004
1.354	0.96	0.688	-0.254	0.4690000000000001
1.334	0.899	0.577	1.112	0.5395000000000001
0.656	0.729	1.179	0.381	-0.48650000000000004
1.048	0.41	-0.04	0.228	0.769
0.865	0.544	0.813	0.384	-0.10849999999999993
1.314	1.025	0.973	0.837	0.1965
0.106	-0.239	0.01	0.201	-0.0765
1.147	0.856	0.16	-0.059	0.8415
0.94	0.938	0.603	0.294	0.33599999999999997
0.674	0.648	0.644	0.798	0.017000000000000015
0.67	-0.067	0.059	0.462	0.2425
-0.412	-0.298	0.692	0.11	-1.047
0.524	0.264	0.298	-0.31	0.09600000000000003
0.569	-0.193	0.27	-0.129	-0.08200000000000005
0.32	0.316	0.348	-0.593	-0.02999999999999997
0.863	0.722	0.27	0.866	0.5225
0.38	0.619	-0.38	0.389	0.8795
0.937	0.621	0.472	0.319	0.30700000000000005
0.522	0.589	1.119	1.052	-0.5635
0.809	0.825	1.011	0.612	-0.19399999999999995
0.695	0.393	-0.043	-0.379	0.5870000000000001
0.69	0.687	-0.425	0.53	1.1135
0.526	0.147	0.163	0.758	0.17350000000000002
1.509	0.767	-0.614	-0.29	1.7519999999999998
0.917	0.303	-0.07	0.444	0.6799999999999999
0.495	0.174	-0.194	-0.424	0.5285
1.17	0.179	-0.203	0.22	0.8775
1.401	0.929	-0.338	0.661	1.5030000000000001
0.247	-0.082	0.868	-0.02	-0.7855
1.261	0.745	0.16	-0.589	0.8429999999999999
0.969	1.096	0.62	-0.554	0.4125
0.281	-0.012	-0.323	-0.159	0.4575
0.49	0.333	0.622	0.362	-0.21050000000000002
1.416	0.886	0.043	0.507	1.108
1.128	0.759	1.303	1.323	-0.35949999999999993
0.294	-0.147	-0.125	0.933	0.1985
0.981	0.813	0.238	-0.342	0.659
0.946	0.829	0.045	-0.377	0.8424999999999999
1.033	0.552	-0.532	-0.444	1.3245
-0.493	-0.59	-0.365	-0.141	-0.1765
0.828	0.533	1.039	0.345	-0.35849999999999993
0.34	0.32	-0.055	-0.145	0.385
0.693	0.494	0.033	-1.312	0.5604999999999999
0.649	0.98	0.62	-0.311	0.1945
1.131	0.847	0.369	-0.703	0.62
0.887	0.518	0.307	0.035	0.3955
1.045	0.656	-0.584	0.178	1.4344999999999999
0.961	0.488	0.524	-0.636	0.2004999999999999
0.695	0.691	0.542	1.002	0.1509999999999999
0.817	0.335	0.267	-0.097	0.30899999999999994
0.456	0.303	0.801	0.278	-0.42150000000000004
0.074	-0.021	0.66	0.616	-0.6335000000000001
0.383	-0.262	-0.368	-1.03	0.4285
1.341	1.268	0.36	0.392	0.9445
1.629	0.582	-0.143	-0.807	1.2485
0.419	0.014	1.032	-0.574	-0.8155
0.573	0.742	-0.091	-0.254	0.7484999999999999
0.558	0.309	0.319	0.18	0.11449999999999999
0.265	-0.115	-0.544	0.071	0.619
1.189	0.934	0.261	0.737	0.8005000000000001
0.749	0.613	0.319	-0.025	0.36200000000000004
1.349	1.316	0.987	-0.171	0.34550000000000003
1.058	0.798	0.295	-0.765	0.633
0.921	0.414	0.34	0.441	0.32749999999999996
0.952	0.801	0.819	-0.063	0.05750000000000011
0.759	0.399	-0.407	0.858	0.986
0.939	0.053	-0.1	1.189	0.596
1.587	1.636	0.969	0.345	0.6425
1.183	0.067	-0.353	-0.732	0.978
0.434	0.463	0.18	-0.429	0.2685
0.661	0.313	-0.227	0.658	0.714
1.099	0.448	0.422	-0.817	0.3515
1.066	0.743	0.776	0.404	0.12850000000000006
0.859	0.455	-0.254	0.933	0.911
0.461	0.342	0.291	-0.094	0.11050000000000004
0.65	0.122	-0.001	-0.879	0.387
1.283	0.267	0.203	0.605	0.5719999999999998
0.788	0.495	0.329	0.498	0.31249999999999994
0.609	0.163	0.59	0.268	-0.20399999999999996
0.638	0.316	0.054	-0.281	0.423
0.684	0.793	-0.443	-0.155	1.1815
0.049	-0.476	-0.459	0.871	0.24550000000000002
1.309	0.966	0.035	0.157	1.1025
0.968	0.534	0.357	0.512	0.394
0.461	0.091	0.268	-0.119	0.008000000000000007
0.929	0.112	-0.068	-0.983	0.5885
0.494	0.62	0.328	0.159	0.22899999999999993
0.864	0.63	0.622	0.02	0.125
1.067	0.813	0.012	0.814	0.9279999999999999
0.717	0.477	-0.457	-0.019	1.054
1.058	0.293	-0.674	-0.681	1.3495
0.109	0.188	0.297	0.319	-0.1485
0.954	0.347	-0.941	-0.017	1.5915
0.557	0.386	-0.657	-0.468	1.1285
1.039	1.04	0.643	0.56	0.39649999999999985
0.49	0.11	0.633	0.298	-0.333
0.809	0.677	0.53	1.061	0.21300000000000008
0.122	-0.066	0.012	0.098	0.015999999999999997
1.077	1.075	0.701	0.27	0.3750000000000001
1.179	0.748	0.109	0.119	0.8545
0.384	0.405	0.586	0.99	-0.19149999999999995
0.171	-0.104	0.135	-0.961	-0.1015
0.322	-0.274	0.094	0.331	-0.07
0.729	0.234	0.47	0.697	0.01150000000000001
0.688	0.474	0.421	-0.515	0.15999999999999998
0.93	-0.145	-0.983	-0.493	1.3755
0.595	0.517	0.2	-0.206	0.35600000000000004
0.618	-0.466	-0.61	-0.135	0.6859999999999999
1.08	1.521	0.221	0.286	1.0795
0.342	-0.102	0.396	0.228	-0.276
1.068	0.833	0.579	0.375	0.37150000000000005
0.713	0.348	0.229	0.285	0.3015
1.272	0.544	-0.494	-0.536	1.4020000000000001
0.863	-0.042	0.165	0.292	0.24549999999999997
0.415	0.657	0.21	0.074	0.32600000000000007
0.566	0.244	-0.543	-0.71	0.948
0.946	0.91	0.652	-0.277	0.2759999999999999
1.412	0.801	0.085	0.845	1.0215
0.426	0.639	0.314	0.951	0.21849999999999997
1.246	0.584	0.562	0.231	0.353
0.405	-0.229	-0.62	-0.488	0.708
1.032	0.721	-0.505	-0.694	1.3815
0.5	-0.373	-0.958	-0.045	1.0215
0.638	-0.084	0.045	0.874	0.23200000000000004
0.59	0.254	-0.02	-0.185	0.442
0.134	-0.462	-0.394	0.085	0.23
0.989	0.983	0.573	0.119	0.41300000000000003
1.004	0.167	0.503	0.875	0.08250000000000002
0.68	0.304	-0.284	-0.412	0.776
0.588	0.287	-0.194	-0.769	0.6315
0.809	0.877	0.348	-0.1	0.495
0.761	0.783	0.615	0.373	0.15700000000000003
0.774	0.696	0.912	1.122	-0.17700000000000005
0.571	0.385	0.597	-0.5	-0.119
1.599	0.979	0.857	0.619	0.43199999999999994
0.954	1.133	0.041	0.316	1.0025
0.854	0.395	0.229	0.129	0.3955000000000001
0.652	0.375	0.608	0.124	-0.09449999999999992
0.868	-0.006	0.353	0.875	0.07800000000000001
0.553	0.056	-0.06	-0.049	0.36450000000000005
0.824	0.529	0.322	-0.005	0.3545
1.001	0.293	0.317	-0.862	0.3299999999999999
1.417	1.371	1.583	0.755	-0.18899999999999983
1.064	0.741	-0.334	-0.228	1.2365000000000002
0.698	0.544	0.911	0.257	-0.29000000000000004
1.253	1.174	0.89	0.5	0.3234999999999998
0.77	-0.27	-1.576	-0.583	1.826
1.252	1.113	0.723	0.907	0.45950000000000013
0.552	0.425	0.349	0.007	0.13950000000000007
0.841	0.881	0.343	0.572	0.518
0.877	0.651	0.239	0.422	0.525
0.805	0.323	-0.214	-0.445	0.778
1.165	0.465	-0.081	-0.276	0.896
1.559	1.395	0.264	0.049	1.2129999999999999
1.169	1.116	0.101	-0.094	1.0415
0.513	0.538	0.549	0.119	-0.023499999999999965
0.631	0.337	0.032	-0.534	0.45199999999999996
0.578	0.494	0.573	0.058	-0.03699999999999992
0.743	-0.133	-0.689	-1.061	0.994
0.969	0.535	0.778	0.027	-0.026000000000000023
1.144	1.453	0.739	0.897	0.5595
0.687	0.151	0.031	0.409	0.388
0.312	-0.037	0.239	0.505	-0.10149999999999998
1.159	0.556	0.53	0.684	0.3275
0.829	0.774	0.729	0.323	0.07250000000000001
0.338	0.423	-0.377	-0.381	0.7575000000000001
1.325	0.784	0.559	0.086	0.49549999999999994
0.893	0.142	0.059	0.681	0.45849999999999996
1.488	1.266	0.217	0.428	1.16
1.115	0.625	0.665	0.786	0.20499999999999996
1.606	0.964	0.094	-0.618	1.191
0.561	0.67	0.131	0.114	0.48450000000000004
0.868	0.746	0.801	0.315	0.005999999999999894
0.736	0.801	0.157	0.722	0.6114999999999999
0.403	0.093	-0.626	0.328	0.874
0.321	0.128	-0.197	-0.209	0.4215
0.983	0.524	-0.14	-0.146	0.8935000000000001
0.424	0.803	1.386	0.196	-0.7724999999999999
-0.071	-0.403	0.423	1.082	-0.66
0.371	-0.322	-0.669	0.468	0.6935
1.013	0.966	-0.105	-1.033	1.0945
0.884	0.62	0.691	-0.663	0.061000000000000054
1.065	0.305	-0.054	0.24	0.739
0.1	0.137	0.115	0.416	0.003500000000000003
1.1	1.116	0.965	0.443	0.14300000000000013
0.834	0.818	0.701	1.103	0.125
0.588	0.417	-0.145	0.017	0.6475
1.418	0.465	0.493	0.153	0.4485
1.064	0.999	0.366	-0.305	0.6655000000000001
0.919	0.385	-0.104	-0.716	0.756
0.177	-0.017	-0.833	-0.251	0.9129999999999999
1.591	1.292	0.238	0.761	1.2035
1.4	1.125	0.675	-0.065	0.5874999999999999
0.301	-0.613	0.206	1.075	-0.362
0.808	0.056	1.051	0.033	-0.6189999999999999
0.508	0.134	-0.48	0.089	0.8009999999999999
1.231	0.498	-0.356	0.599	1.2205
0.598	0.408	-0.125	0.241	0.628
0.416	0.182	-0.927	-0.794	1.226
0.807	0.689	0.438	-0.767	0.31
0.601	0.488	0.221	0.399	0.3235
0.982	0.514	-0.165	0.298	0.913
1.078	0.868	0.238	-0.351	0.7350000000000001
0.991	1.031	0.345	0.407	0.6659999999999999
0.421	0.308	0.051	0.772	0.3135
0.393	0.358	0.502	0.406	-0.1265
1.057	1.174	0.545	-0.236	0.5704999999999999
1.308	0.84	0.164	-0.875	0.91
0.994	0.628	-0.1	-0.945	0.9109999999999999
0.409	-0.41	-0.118	0.486	0.1175
1.059	1.02	0.608	-0.065	0.4314999999999999
1.285	1.264	-0.055	0.266	1.3295
0.857	0.536	0.205	-0.428	0.49150000000000005
0.495	0.533	0.331	0.202	0.183
0.805	0.08	0.026	0.197	0.4165
0.799	0.596	0.585	0.292	0.11250000000000004
0.464	0.321	0.862	0.696	-0.4695
1.074	0.562	-0.896	-0.293	1.714
0.574	0.383	0.12	-0.961	0.3585
0.773	0.763	-0.037	0.71	0.805
0.625	0.147	0.179	0.543	0.20700000000000002
0.459	0.372	1.023	0.234	-0.6074999999999999
0.374	-0.175	0.401	0.686	-0.3015
0.479	0.551	0.248	-0.069	0.267
0.99	0.372	0.096	-1.15	0.5850000000000001
1.12	1.063	-0.631	-0.773	1.7225
0.961	0.863	0.3	-0.569	0.6119999999999999
0.729	0.593	0.296	0.299	0.36500000000000005
0.363	0.432	-0.139	-0.642	0.5365
0.465	-0.07	0.23	0.452	-0.0325
0.744	0.486	-0.163	0.509	0.778
1.165	0.901	0.335	0.474	0.698
0.847	0.562	0.31	0.261	0.3945
1.001	0.077	0.375	0.586	0.16399999999999992
0.734	0.76	0.11	0.51	0.637
0.372	0.282	0.544	-0.402	-0.21700000000000008
1.019	0.538	0.222	0.518	0.5565
1.156	0.917	0.332	0.129	0.7044999999999999
1.069	0.147	-0.229	-0.133	0.837
1.492	1.327	0.093	-0.174	1.3165
0.81	0.742	0.962	0.025	-0.18599999999999994
0.831	0.812	0.959	0.188	-0.13749999999999996
1.117	0.783	0.361	-0.145	0.589
0.755	-0.439	-0.751	0.03	0.909
0.468	0.844	1.084	0.125	-0.42800000000000005
0.983	0.857	1.372	1.045	-0.4520000000000002
0.986	0.861	0.723	0.513	0.2005
1.163	0.363	-0.478	-0.412	1.241
0.717	0.259	0.475	0.476	0.013000000000000012
1.2	0.894	1.093	0.758	-0.04600000000000004
1.033	1.414	0.86	0.402	0.36350000000000005
1.369	1.219	0.522	0.117	0.772
1.572	1.225	0.599	0.088	0.7995000000000001
0.507	0.297	0.328	0.157	0.07400000000000001
0.992	0.205	-0.19	-0.368	0.7885
0.603	0.998	0.119	-0.773	0.6815
1.005	0.352	-0.64	-0.725	1.3184999999999998
1.497	1.263	-0.03	-0.571	1.41
1.195	1.024	0.117	0.093	0.9925000000000002
1.322	0.535	0.181	-0.385	0.7475
1.531	1.431	0.387	-1.088	1.0939999999999999
0.866	0.367	0.609	0.049	0.007500000000000062
1.633	0.905	0.435	0.253	0.8340000000000001
0.952	0.637	0.295	-0.071	0.4995
1.349	0.767	-0.081	-0.029	1.139
0.288	0.265	0.456	0.399	-0.17950000000000005
0.897	0.776	-0.115	0.204	0.9515
0.299	-0.514	0.094	0.382	-0.2015
0.628	0.218	-0.406	-0.946	0.829
1.131	0.752	0.735	0.226	0.20650000000000002
0.397	0.032	-0.477	-0.725	0.6915
1.256	0.856	0.205	0.172	0.8510000000000001
0.418	0.408	0.521	0.841	-0.10800000000000004
1.067	0.585	-0.22	-0.033	1.046
1.67	1.115	1.002	-0.058	0.39050000000000007
1.524	0.662	-0.235	0.006	1.3279999999999998
1.087	0.93	0.973	1.271	0.035499999999999976
0.947	0.186	-0.331	-0.316	0.8975
1.045	1.003	0.135	-0.176	0.889
1.111	0.152	-0.212	0.205	0.8434999999999999
0.581	0.467	0.226	0.146	0.29800000000000004
1.648	1.144	0.71	0.41	0.6859999999999999
0.234	0.402	0.518	0.522	-0.2
0.57	0.092	0.279	-0.054	0.051999999999999935
0.934	0.614	0.248	-0.072	0.526
0.77	0.528	-0.112	-0.394	0.761
0.659	0.949	0.797	-0.308	0.007000000000000006
1.312	1.073	-0.135	-0.965	1.3275
1.172	0.596	-0.275	-0.039	1.1589999999999998
0.661	-0.001	-0.295	0.748	0.625
1.462	0.75	0.176	-0.046	0.9299999999999999
2.218	1.74	-0.403	-0.526	2.382
0.534	-0.25	0.196	-0.371	-0.05399999999999999
0.61	-0.456	-0.349	0.365	0.42599999999999993
1.068	0.312	-0.97	-0.602	1.6600000000000001
0.533	0.084	-0.215	0.51	0.5235
1.223	0.968	1.158	0.031	-0.0625
0.813	0.417	0.324	0.278	0.291
0.927	0.593	-0.12	-0.202	0.88
0.947	0.462	-0.07	-0.49	0.7745
1.457	0.76	0.966	0.381	0.14250000000000007
0.678	0.055	0.676	0.865	-0.3095
0.777	0.543	0.702	0.606	-0.041999999999999926
0.711	0.366	0.319	0.47	0.21949999999999997
-0.412	-0.506	-0.22	-0.299	-0.23899999999999996
1.109	0.401	-0.109	0.644	0.864
0.738	0.726	0.832	0.092	-0.09999999999999998
1.252	0.5	0.826	0.788	0.050000000000000044
1.227	0.956	0.875	0.326	0.21649999999999991
0.699	0.191	0.327	-0.362	0.11799999999999994
-0.102	-0.429	-0.528	0.651	0.2625
0.927	0.525	0.316	-0.372	0.41
0.439	0.166	0.514	0.109	-0.21150000000000002
0.86	0.146	0.801	0.315	-0.29800000000000004
0.887	0.43	0.54	1.137	0.11849999999999994
0.325	-0.108	0.245	0.68	-0.13649999999999998
1.167	0.629	0.198	-0.101	0.7
1.134	0.751	-0.024	-0.259	0.9664999999999999
1.044	0.021	-1.58	0.125	2.1125
0.228	0.06	0.227	-0.441	-0.08299999999999999
0.361	0.055	-0.924	0.938	1.1320000000000001
0.9	0.668	-0.346	-0.076	1.13
0.956	0.623	0.368	0.016	0.4215
1.339	1.02	0.827	0.454	0.35250000000000004
0.826	0.706	0.315	-0.849	0.451
0.908	0.54	0.796	0.127	-0.07200000000000006
1.352	0.428	0.296	0.854	0.5940000000000001
0.047	-0.314	0.273	1.293	-0.40650000000000003
1.256	1.138	0.551	-0.509	0.646
1.141	0.123	-0.15	-0.71	0.782
0.98	-0.167	-0.822	0.032	1.2285
0.262	0.446	-0.199	-0.617	0.5529999999999999
1.02	0.79	0.393	0.416	0.512
0.741	0.45	-0.011	-0.037	0.6065
0.969	0.933	-0.303	-0.144	1.254
0.557	0.341	0.957	0.525	-0.5079999999999999
0.416	0.397	-0.591	0.33	0.9974999999999999
1.528	1.064	-0.054	0.576	1.35
0.542	0.555	0.343	-0.352	0.20549999999999996
-0.087	-0.042	-0.111	0.531	0.0465
0.925	0.271	0.286	0.214	0.3120000000000001
0.924	0.129	-0.178	0.613	0.7044999999999999
0.685	0.206	-0.54	-1.057	0.9855
0.989	0.962	0.501	0.336	0.47450000000000003
1.263	0.853	-0.011	-0.21	1.0689999999999997
0.544	-0.141	0.129	-0.717	0.07250000000000001
0.749	0.834	0.764	0.071	0.02749999999999997
0.585	0.82	0.578	0.094	0.12449999999999994
-0.028	-0.656	-1.26	-0.365	0.9179999999999999
0.675	0.367	1.036	-0.214	-0.515
0.522	0.691	0.266	-0.354	0.3405
0.616	0.707	0.233	0.189	0.4285
0.687	0.534	0.132	0.682	0.47850000000000004
0.75	0.224	-0.409	-0.343	0.8959999999999999
0.035	-0.25	-0.097	-0.843	-0.010499999999999995
1.102	0.272	0.203	-0.236	0.48400000000000004
0.551	0.233	-0.195	0.858	0.587
0.816	0.467	0.466	0.256	0.17549999999999993
0.88	0.498	0.554	0.578	0.135
0.009	-0.695	-0.37	1.065	0.027000000000000024
0.541	-0.069	-0.649	-0.478	0.885
0.078	0.063	-0.19	1.196	0.2605
0.855	0.405	-0.58	0.049	1.21
1.191	1.013	0.561	0.427	0.5409999999999998
1.091	1.255	1.259	0.449	-0.08599999999999985
0.836	0.935	1.515	1.298	-0.6295
0.851	0.759	1.149	1.023	-0.3440000000000001
0.727	0.476	0.266	0.218	0.3354999999999999
0.572	0.259	-0.154	-0.016	0.5695
1.301	0.795	-0.484	-0.938	1.532
0.5	0.376	0.601	0.408	-0.16299999999999998
0.641	0.356	0.009	0.263	0.4895
1.188	-0.359	-0.841	0.263	1.2555
0.858	0.244	0.046	-0.172	0.5049999999999999
1.039	0.337	-0.137	0.458	0.825
0.855	0.414	-0.558	0.026	1.1925
1.393	0.646	0.821	0.612	0.19850000000000012
0.02	-0.371	-0.238	-0.594	0.0625
0.943	0.736	0.364	-0.034	0.4754999999999999
0.606	0.074	-0.482	0.309	0.822
0.906	0.536	-0.052	0.752	0.7730000000000001
1.535	0.987	0.64	0.436	0.6209999999999999
1.067	0.407	0.069	0.081	0.6679999999999999
1.007	0.718	1.043	0.507	-0.1805
1.125	1.289	0.813	0.037	0.3939999999999999
0.475	0.308	-0.72	-0.131	1.1115
0.186	0.431	0.51	-0.049	-0.2015
0.679	0.344	0.644	0.395	-0.13249999999999995
0.77	0.458	0.105	-0.057	0.509
0.922	0.313	0.133	0.674	0.48450000000000004
1.54	1.008	-0.039	0.364	1.313
0.651	0.634	0.025	0.974	0.6175
1.017	0.649	0.432	-0.007	0.40099999999999997
0.608	0.407	0.509	0.312	-0.0015000000000000568
1.05	0.557	-0.419	-0.97	1.2225000000000001
1.053	0.891	0.721	0.01	0.251
1.291	0.93	-0.077	-0.38	1.1875
1.251	0.585	-0.805	-0.298	1.7229999999999999
0.86	0.48	0.302	-0.452	0.36799999999999994
0.378	0.291	-0.114	-0.549	0.4485
1.051	0.36	0.029	0.472	0.6765
1.135	0.724	0.237	-0.618	0.6925
0.507	0.24	0.53	-0.04	-0.15650000000000003
1.066	0.957	0.633	0.43	0.37850000000000006
1.286	0.934	0.851	0.208	0.2590000000000001
0.156	0.032	-0.224	-0.134	0.318
0.3	0.032	0.258	-0.278	-0.09200000000000003
0.651	0.854	0.842	0.693	-0.08950000000000002
0.96	0.818	0.64	0.886	0.249
0.866	0.985	-0.763	-0.659	1.6885
0.248	0.345	0.612	0.255	-0.3155
0.953	0.93	0.209	0.118	0.7325
0.24	0.259	-0.474	0.228	0.7235
1.106	0.604	0.337	-0.452	0.518
0.615	0.544	0.521	-0.508	0.058499999999999996
0.53	0.726	0.507	-0.322	0.121
0.937	0.437	0.995	1.199	-0.30799999999999994
1.172	0.646	0.319	0.574	0.5900000000000001
0.502	0.714	0.133	0.353	0.475
0.897	0.276	-0.116	0.4	0.7025
1.033	0.494	-0.098	-0.41	0.8614999999999999
1.447	0.878	0.607	-0.632	0.5555000000000001
1.696	1.365	0.489	0.072	1.0415
0.62	0.604	0.076	0.365	0.536
0.95	0.73	-0.363	-0.189	1.2029999999999998
0.518	-0.018	-0.246	0.335	0.496
0.865	-0.086	-0.028	-1.397	0.41750000000000004
0.926	0.829	0.7	-0.104	0.1775
0.582	0.355	0.145	-0.493	0.3235
1.451	1.362	1.037	-0.065	0.36950000000000016
1.265	1.175	1.332	1.13	-0.1120000000000001
1.605	1.317	1.038	0.493	0.4229999999999998
0.968	0.291	0.323	0.118	0.30649999999999994
0.713	0.88	1.086	1.112	-0.2895000000000001
0.42	0.565	0.178	0.37	0.31449999999999995
0.725	0.747	-0.026	-0.315	0.762
0.915	0.432	-0.162	0.023	0.8355
1.306	0.7	-0.063	-0.222	1.066
0.885	0.809	-0.311	-0.669	1.158
1.124	1.009	0.652	0.184	0.4145
1.412	1.179	0.609	0.405	0.6865000000000001
0.336	0.744	0.484	-0.3	0.05600000000000005
0.788	-0.062	-0.969	-0.727	1.3319999999999999
0.665	-0.015	-0.08	0.228	0.405
1.376	0.816	1.188	0.548	-0.09200000000000008
1.038	0.596	-0.132	-0.477	0.949
1.112	0.564	-0.07	0.137	0.9080000000000001
1.369	0.841	-0.095	-0.155	1.2
0.881	0.089	-0.769	-0.18	1.254
1.202	1.185	0.871	-0.018	0.3225
0.741	0.387	0.382	0.244	0.18200000000000005
0.999	0.404	-0.063	-0.145	0.7645
1.144	0.851	0.686	0.851	0.3114999999999999
0.574	0.486	0.285	0.149	0.24500000000000005
0.444	0.45	1.025	-0.211	-0.5779999999999998
0.468	0.414	0.479	-0.947	-0.03799999999999998
0.781	0.502	0.069	0.497	0.5725
1.182	1.275	0.398	-0.498	0.8304999999999999
0.538	0.102	0.034	0.042	0.28600000000000003
1.292	0.962	0.524	0.397	0.603
1.609	1.297	-0.289	0.376	1.7419999999999998
0.505	0.101	0.163	0.39	0.13999999999999999
0.571	0.336	-0.695	-0.07	1.1484999999999999
0.526	0.699	0.445	0.22	0.16750000000000004
1.139	1.15	1.119	0.247	0.025499999999999856
1.28	0.895	-0.155	-0.267	1.2425
1.49	0.849	0.464	0.21	0.7055
0.618	0.58	0.679	1.052	-0.08000000000000007
0.257	-0.245	0.296	0.092	-0.29
0.545	0.393	0.762	0.993	-0.293
1.301	1.149	0.998	0.626	0.2270000000000001
0.98	0.49	-0.289	-0.757	1.024
1.0	0.529	0.068	0.069	0.6964999999999999
1.429	0.562	-0.138	-0.805	1.1335000000000002
1.128	0.917	0.639	0.082	0.38349999999999995
0.795	0.929	-0.347	0.211	1.209
1.284	0.286	0.282	0.2	0.5030000000000001
0.683	0.644	0.754	0.726	-0.09050000000000002
0.977	0.9	0.634	0.26	0.3045
0.943	0.209	-0.063	-0.303	0.639
0.771	-0.202	-0.247	0.058	0.5315
0.644	0.503	-0.133	-0.898	0.7065
1.333	0.886	0.546	-0.048	0.5634999999999999
1.027	0.882	-1.413	-0.969	2.3674999999999997
1.307	0.509	0.712	0.793	0.19599999999999995
1.285	0.666	0.243	0.072	0.7325
0.274	0.212	0.465	-0.013	-0.22200000000000003
0.68	0.311	-0.091	0.317	0.5865
0.519	0.321	0.039	0.014	0.38100000000000006
1.041	0.761	-0.318	-0.597	1.219
0.366	0.178	-0.075	0.633	0.34700000000000003
1.103	0.348	-0.119	0.535	0.8445
0.7	0.876	0.73	-0.505	0.05800000000000005
0.38	-0.087	0.038	0.201	0.10850000000000001
0.935	1.016	-0.039	0.217	1.0145
0.626	0.157	0.211	0.097	0.18050000000000002
0.578	0.556	0.521	0.003	0.04599999999999993
0.91	0.588	0.643	0.263	0.10599999999999998
0.728	0.231	0.21	-0.097	0.26949999999999996
0.956	0.541	0.182	-0.596	0.5665
0.907	0.801	0.478	0.597	0.3760000000000001
0.633	0.376	0.549	-0.287	-0.044500000000000095
1.124	0.297	-0.201	-1.071	0.9115
0.794	1.362	0.845	-0.404	0.2330000000000001
0.908	0.492	0.08	0.384	0.62
1.433	1.062	0.155	0.199	1.0925
0.974	0.585	0.268	-0.768	0.5115
0.32	0.296	-0.06	1.258	0.368
0.417	0.114	0.622	-0.208	-0.3565
0.954	1.207	0.577	0.698	0.5035000000000001
1.18	0.972	-0.164	-0.347	1.24
0.48	0.718	0.129	-0.678	0.47
0.457	-0.083	-0.41	-0.322	0.597
0.733	-0.11	-0.058	0.104	0.3695
1.328	0.521	-0.505	0.356	1.4295
1.255	0.018	-0.956	-0.455	1.5924999999999998
1.355	1.177	0.622	-0.559	0.644
0.581	0.519	0.361	-0.209	0.18900000000000006
0.775	1.066	1.005	0.344	-0.0844999999999998
0.676	1.184	0.336	-0.118	0.5939999999999999
0.507	0.607	0.619	-0.481	-0.062000000000000055
0.129	0.172	1.114	0.307	-0.9635000000000001
0.818	0.637	0.458	0.048	0.2695
0.868	0.169	-0.015	-0.03	0.5335
0.933	0.365	0.882	0.244	-0.23299999999999998
0.201	-0.143	-0.114	-0.201	0.14300000000000002
0.161	0.152	-0.015	0.35	0.17149999999999999
1.06	0.727	0.783	-0.455	0.11049999999999993
0.685	-0.346	-1.247	0.217	1.4165
0.248	0.631	1.001	-0.713	-0.5614999999999999
0.945	1.422	0.928	-0.227	0.25549999999999995
0.904	0.73	0.605	-0.721	0.21199999999999997
1.132	0.388	-0.467	-1.096	1.227
0.865	0.248	-0.108	0.153	0.6645
0.634	0.472	0.34	0.418	0.2129999999999999
0.995	0.776	0.831	-0.335	0.05449999999999999
1.073	0.576	-0.38	-0.228	1.2045
0.386	0.324	0.627	-0.334	-0.272
0.136	0.1	0.277	0.092	-0.15900000000000003
0.425	0.075	0.226	0.034	0.023999999999999994
0.065	0.068	0.791	0.211	-0.7245
1.096	0.687	-0.091	0.553	0.9825
1.184	0.833	0.511	-0.178	0.49749999999999994
0.883	0.172	0.346	0.503	0.1815
0.897	0.833	0.213	-0.118	0.652
0.882	0.481	-0.153	-0.681	0.8345
0.526	-0.063	0.035	0.499	0.1965
1.563	1.393	0.443	0.122	1.035
1.244	0.895	0.499	-0.083	0.5705000000000001
-0.057	-0.418	-0.164	-0.05	-0.07349999999999998
0.813	0.717	0.65	0.336	0.11499999999999988
1.105	1.152	0.45	1.195	0.6784999999999999
0.691	0.345	-1.238	0.739	1.756
1.389	1.086	1.171	0.283	0.0665
-0.422	-1.132	0.373	1.156	-1.15
1.514	0.914	-0.157	-0.42	1.371
1.572	0.845	0.412	-0.379	0.7965
1.27	0.771	0.017	-0.329	1.0035
0.597	0.437	0.23	0.202	0.28700000000000003
1.418	0.543	0.26	0.259	0.7204999999999999
0.877	1.13	1.662	0.375	-0.6585000000000001
0.805	0.045	-0.344	-0.071	0.769
0.635	0.231	0.192	0.119	0.241
1.056	0.474	1.067	0.981	-0.30199999999999994
0.717	0.326	0.087	-0.194	0.4345
0.665	0.058	-0.715	-0.962	1.0765
0.949	0.867	0.499	-0.362	0.4089999999999999
0.317	0.298	1.014	0.781	-0.7065
0.908	0.729	0.831	0.714	-0.012499999999999956
0.598	0.096	-0.641	-0.448	0.988
-0.262	-0.267	0.34	-0.472	-0.6045
0.703	-0.21	-0.319	0.543	0.5655
1.202	0.43	-0.265	-0.367	1.081
0.671	-0.239	-0.588	0.617	0.804
1.12	0.139	0.457	0.959	0.17250000000000004
0.718	0.801	0.582	0.852	0.1775000000000001
1.13	1.005	0.929	0.504	0.13849999999999985
0.613	0.518	1.013	0.979	-0.4474999999999999
0.952	0.225	0.105	0.138	0.48350000000000004
0.971	0.81	0.745	-0.752	0.14550000000000007
1.283	0.524	-0.297	-0.653	1.2005
0.584	0.115	0.783	-0.301	-0.43350000000000005
0.649	0.24	0.321	-0.314	0.1235
0.603	0.969	1.077	0.586	-0.2909999999999999
0.636	0.846	0.508	0.383	0.23299999999999998
1.076	0.841	0.629	0.482	0.3295
0.87	0.327	-0.292	0.758	0.8905000000000001
0.159	0.264	0.2	-0.307	0.01150000000000001
1.5	1.35	-0.209	-0.284	1.6340000000000001
1.079	0.107	-0.384	-0.403	0.977
0.86	0.558	-0.272	-0.371	0.9810000000000001
0.408	0.389	0.226	-0.215	0.17249999999999996
1.088	0.795	-0.219	0.252	1.1605
0.211	-0.057	-0.411	0.157	0.488
0.675	0.477	0.443	-0.199	0.13300000000000006
0.846	0.322	-0.366	-0.245	0.95
0.409	0.02	-0.243	-0.554	0.4575
0.591	0.225	-0.085	-0.051	0.493
1.165	0.507	0.49	0.231	0.3460000000000001
0.722	0.077	-0.019	-0.654	0.4185
0.495	0.51	0.832	-0.281	-0.3295
0.287	-0.534	-0.493	-0.558	0.36949999999999994
1.377	1.111	0.154	0.257	1.09
0.585	0.397	-0.598	-0.432	1.089
0.569	0.759	0.576	-0.304	0.08799999999999997
0.72	0.065	0.422	0.489	-0.029500000000000026
1.289	0.611	0.058	0.144	0.8919999999999999
1.288	1.707	1.534	0.782	-0.03649999999999998
1.18	0.871	1.509	1.202	-0.4834999999999998
0.984	1.256	1.335	1.319	-0.21499999999999986
1.01	0.626	0.536	1.027	0.28200000000000003
1.561	1.132	1.384	0.552	-0.03750000000000009
0.373	0.229	-0.268	0.45	0.569
0.956	0.68	0.536	0.541	0.28200000000000003
1.267	0.634	0.255	-0.606	0.6954999999999999
0.795	0.655	-0.764	-0.399	1.489
1.154	0.718	-0.601	-0.771	1.537
1.04	1.036	1.074	0.026	-0.03600000000000003
1.03	0.482	-0.295	-0.617	1.051
1.123	1.37	1.066	0.116	0.1805000000000001
1.023	-0.064	-0.528	-0.386	1.0074999999999998
0.966	0.821	0.768	0.056	0.12549999999999994
1.073	0.887	0.524	0.313	0.45599999999999996
1.61	1.294	1.7	0.969	-0.248
0.571	-0.081	0.292	0.392	-0.047000000000000014
1.175	0.343	-0.032	-0.189	0.791
1.29	1.052	0.677	0.294	0.494
1.094	0.86	0.806	0.962	0.17100000000000004
0.866	0.474	0.03	0.645	0.6399999999999999
1.25	1.178	0.503	-0.02	0.711
0.733	-0.348	-0.356	-0.521	0.5485
-0.115	-0.22	-0.493	0.243	0.3255
1.123	1.036	0.587	-0.738	0.49249999999999994
0.716	0.162	0.144	-0.362	0.29500000000000004
0.53	0.44	0.548	-0.255	-0.06300000000000006
0.14	0.055	0.397	0.054	-0.2995
0.139	0.135	0.187	-0.7	-0.04999999999999999
1.313	1.071	0.396	0.898	0.7959999999999999
0.911	-0.08	0.168	0.486	0.24750000000000003
0.131	-0.213	-0.14	0.165	0.09900000000000002
0.908	0.868	-0.214	0.12	1.102
1.085	0.325	0.147	-0.435	0.5579999999999999
0.617	0.428	0.103	0.044	0.4195
0.712	0.498	1.33	0.213	-0.7250000000000001
1.046	0.559	-0.347	-0.254	1.1495
1.459	1.22	0.343	-0.264	0.9965000000000002
0.536	0.474	0.438	0.803	0.067
0.971	1.363	0.726	-0.99	0.44100000000000006
0.637	0.911	1.05	0.826	-0.276
1.131	0.406	-0.172	0.024	0.9404999999999999
0.778	0.116	-0.074	-0.156	0.521
0.467	-0.006	0.16	0.719	0.07050000000000001
1.047	0.543	0.047	0.558	0.7479999999999999
0.638	0.569	-0.001	0.017	0.6044999999999999
0.474	0.563	0.52	0.567	-0.0015000000000000568
1.731	1.253	-0.072	0.574	1.564
0.907	0.517	-0.018	-0.978	0.73
1.101	0.818	-0.612	-0.887	1.5715
0.953	-0.167	-0.913	-1.141	1.306
0.284	-0.257	0.804	-0.433	-0.7905000000000001
0.602	0.529	0.335	-0.797	0.23049999999999998
0.9	0.944	0.578	-0.134	0.344
0.21	-0.183	-0.357	-0.36	0.3705
1.437	0.78	-0.31	0.187	1.4185
1.286	0.742	-0.084	-0.198	1.098
-0.047	0.079	0.476	0.621	-0.45999999999999996
0.743	0.765	0.197	-0.07	0.5569999999999999
0.31	-0.236	-0.494	-0.466	0.531
0.904	0.66	0.627	-0.017	0.15500000000000003
1.513	1.374	0.669	0.665	0.7745
1.711	1.384	0.079	-0.527	1.4685
1.031	-0.009	1.289	0.314	-0.7779999999999999
0.19	-0.143	0.817	0.615	-0.7935
0.604	0.372	0.5	-0.177	-0.01200000000000001
1.777	1.537	0.995	1.105	0.662
0.7	-0.24	-0.127	-0.289	0.357
0.507	0.516	0.568	0.683	-0.056499999999999884
1.18	0.943	0.182	0.026	0.8795
0.901	0.899	0.366	0.22	0.534
0.825	0.51	0.248	0.095	0.4195
1.513	1.269	0.975	-0.28	0.41600000000000004
0.551	0.398	-0.078	0.283	0.5525
0.756	0.39	0.618	0.375	-0.04500000000000004
1.038	0.935	0.948	0.398	0.03850000000000009
1.273	1.105	-0.401	-0.032	1.59
1.288	0.208	0.042	0.447	0.706
0.692	0.64	0.586	0.902	0.07999999999999996
1.121	0.981	0.778	0.604	0.2729999999999999
0.682	0.721	0.776	0.44	-0.07450000000000001
0.704	0.54	-0.767	-0.931	1.389
1.265	0.858	0.72	-0.195	0.3414999999999999
1.199	0.712	0.349	0.087	0.6065
0.482	0.817	0.357	0.332	0.2925
1.431	1.223	0.128	0.445	1.1989999999999998
1.044	0.668	-0.142	-0.339	0.9980000000000001
1.492	0.995	0.139	0.22	1.1045
1.192	1.011	0.088	0.383	1.0134999999999998
0.893	0.922	0.987	-0.886	-0.07950000000000002
1.218	0.425	0.125	0.528	0.6965
1.358	0.528	0.152	0.165	0.791
0.421	0.341	0.507	0.255	-0.126
0.666	0.245	-0.201	-0.335	0.6565000000000001
1.293	0.876	-0.06	0.271	1.1445
0.55	0.753	0.58	-1.017	0.07150000000000001
0.798	0.617	0.644	-0.469	0.0635
0.385	0.268	-0.151	-0.702	0.47750000000000004
1.049	0.632	-0.419	0.045	1.2595
0.9	0.466	-0.753	-0.26	1.436
0.546	0.181	0.447	-0.167	-0.08349999999999996
1.021	0.415	1.024	0.385	-0.30600000000000005
1.42	1.001	0.62	0.797	0.5904999999999999
0.93	0.68	0.621	0.585	0.18400000000000005
1.107	0.716	-0.695	-0.937	1.6065
1.236	0.734	0.119	-0.079	0.866
1.042	1.262	1.337	0.454	-0.18499999999999983
0.709	0.621	0.568	0.012	0.09700000000000009
0.46	0.568	0.457	0.603	0.056999999999999995
0.723	0.677	0.507	-0.183	0.19299999999999995
0.665	0.439	0.452	0.713	0.10000000000000003
0.449	0.028	-0.01	0.169	0.24850000000000003
1.436	1.201	0.71	0.067	0.6085
0.565	0.197	-0.047	-0.549	0.428
1.105	0.4	-0.179	0.016	0.9315
0.98	0.62	-0.073	0.711	0.873
1.108	0.72	0.488	-0.162	0.42600000000000005
0.936	0.485	-0.09	-0.507	0.8005
0.728	0.361	0.523	0.201	0.021499999999999964
1.117	0.996	0.769	-0.183	0.2875
1.264	0.751	-0.239	-0.923	1.2465000000000002
0.968	0.744	0.367	-0.4	0.489
1.566	1.4	-0.109	-0.673	1.592
0.822	0.351	0.633	0.649	-0.046499999999999986
0.734	0.622	0.662	0.45	0.015999999999999903
0.572	-0.347	-0.217	0.705	0.3295
0.759	-0.071	0.601	0.648	-0.25699999999999995
1.056	0.951	0.976	0.099	0.02750000000000008
0.673	0.012	0.199	1.081	0.14350000000000002
1.601	0.939	-0.156	-0.536	1.426
0.903	0.756	-0.278	0.206	1.1075
0.824	0.887	0.914	0.279	-0.05850000000000011
1.106	0.817	0.562	0.429	0.39949999999999997
1.194	1.226	0.441	0.608	0.7689999999999999
1.227	0.948	0.798	0.086	0.28949999999999987
0.251	0.215	0.23	0.143	0.002999999999999975
0.905	0.532	0.194	0.443	0.5245
0.267	0.186	-0.268	0.403	0.49450000000000005
1.335	0.954	0.029	-0.005	1.1155
1.203	1.066	0.925	1.01	0.20950000000000002
0.72	0.565	0.003	0.257	0.6395
1.102	1.145	0.871	-0.093	0.25249999999999995
1.024	0.715	0.581	0.303	0.2885
0.419	0.664	0.085	-0.157	0.45649999999999996
0.793	0.573	0.506	0.653	0.17700000000000005
0.972	0.627	0.668	0.634	0.13149999999999995
0.888	0.423	0.579	0.883	0.07650000000000001
0.455	-0.164	0.199	-0.435	-0.05349999999999999
0.665	0.383	0.343	-0.14	0.181
0.282	-0.074	-0.216	0.458	0.31999999999999995
1.333	1.025	0.927	-0.104	0.2519999999999998
1.135	1.114	0.532	0.13	0.5925
1.226	0.754	-0.425	-0.08	1.415
1.117	0.716	0.47	0.653	0.4465
1.028	1.033	0.502	-0.194	0.5285
1.447	0.428	-0.243	0.332	1.1804999999999999
1.482	0.67	0.93	0.365	0.14600000000000002
0.599	0.558	0.291	-0.424	0.28750000000000003
0.443	-0.066	-0.122	0.652	0.3105
0.6	0.134	-0.362	-0.131	0.729
0.646	0.045	0.007	0.228	0.3385
1.921	1.871	1.619	0.42	0.2769999999999999
0.8	0.254	-0.136	0.544	0.663
1.513	1.09	0.332	0.066	0.9694999999999998
1.044	0.72	0.422	0.135	0.46
0.873	0.554	0.285	0.69	0.42850000000000005
0.88	0.631	0.619	0.446	0.13650000000000007
0.349	-0.523	-0.733	0.284	0.6459999999999999
1.455	0.963	0.105	-0.073	1.104
1.133	0.952	-0.984	-1.189	2.0265
0.72	-0.035	0.029	-0.652	0.31349999999999995
1.634	1.313	1.18	0.241	0.2935000000000001
1.466	1.3	0.675	0.465	0.708
1.359	0.952	0.439	0.004	0.7164999999999999
0.841	0.724	0.484	0.033	0.2985
0.632	0.651	0.335	0.847	0.30649999999999994
0.482	0.259	-0.818	0.032	1.1885
0.58	0.096	-0.78	-0.523	1.1179999999999999
0.463	-0.327	-0.488	-1.089	0.556
0.922	0.608	0.848	0.694	-0.08299999999999996
0.297	0.046	-0.372	0.008	0.5435
0.889	0.689	0.412	0.059	0.37699999999999995
1.322	0.887	0.718	0.043	0.38650000000000007
1.425	0.963	0.765	-0.254	0.42899999999999994
0.785	0.375	0.468	-0.281	0.11200000000000004
0.711	0.632	0.582	0.227	0.08950000000000002
1.276	0.722	0.746	0.706	0.253
0.768	-0.392	-0.289	0.038	0.477
0.038	-0.726	-0.378	-0.044	0.03400000000000003
0.717	0.432	0.525	-0.123	0.04949999999999999
0.983	0.732	-0.23	-0.317	1.0875
0.72	0.367	0.151	-0.18	0.39249999999999996
0.803	0.635	0.449	0.037	0.2700000000000001
0.58	0.897	0.986	0.369	-0.24750000000000005
1.249	1.051	-0.146	-0.644	1.2959999999999998
0.396	0.199	0.296	0.458	0.0015000000000000013
0.521	-0.172	-0.774	0.24	0.9485
0.41	0.193	0.71	0.808	-0.4085
0.244	0.321	0.733	0.352	-0.4505
0.268	0.181	-0.441	1.055	0.6655
0.175	-0.042	0.181	0.237	-0.1145
1.291	0.806	-0.241	0.396	1.2894999999999999
0.868	1.16	0.604	0.252	0.41000000000000003
1.37	0.457	-0.276	0.459	1.1895000000000002
0.482	0.32	0.566	0.042	-0.16499999999999992
0.543	0.775	0.257	-0.246	0.402
0.697	0.741	0.683	0.254	0.03599999999999992
1.417	1.317	0.668	0.215	0.699
0.318	0.018	-1.154	0.124	1.3219999999999998
1.04	0.724	1.005	0.754	-0.12299999999999989
0.295	0.203	-1.085	-0.216	1.334
0.279	0.467	0.671	-0.52	-0.29800000000000004
0.619	0.621	0.942	0.649	-0.32199999999999995
0.605	0.149	-0.337	-0.338	0.714
0.428	-0.594	-0.151	0.911	0.068
0.586	-0.087	-0.422	1.002	0.6715
1.731	1.328	-0.097	-0.194	1.6265
0.065	-0.318	0.283	0.086	-0.4095
0.816	0.512	0.787	-0.409	-0.12300000000000011
0.601	-0.063	0.303	0.345	-0.033999999999999975
0.651	-0.336	-0.093	0.545	0.2505
0.96	0.398	-0.058	-0.155	0.7370000000000001
1.421	1.241	-0.065	-0.223	1.396
1.558	0.863	0.258	0.34	0.9525000000000001
1.715	1.229	0.425	-0.438	1.047
0.618	-0.621	-0.669	-0.481	0.6675
0.555	0.052	-0.331	0.401	0.6345000000000001
1.288	1.019	0.024	-0.455	1.1295
0.531	0.01	-0.244	-0.31	0.5145
0.449	-0.328	-0.191	0.047	0.2515
0.403	0.312	0.496	0.325	-0.13849999999999996
0.833	0.427	0.529	0.372	0.10099999999999998
0.93	1.136	1.106	0.807	-0.07300000000000018
0.462	0.214	0.129	-0.479	0.20900000000000002
0.028	-0.19	0.121	-0.296	-0.202
0.842	0.482	0.147	0.115	0.5149999999999999
1.159	0.848	0.901	0.537	0.10250000000000004
0.843	0.934	1.382	0.923	-0.4934999999999998
0.88	0.616	1.056	-0.044	-0.30800000000000005
0.889	0.749	0.873	-0.586	-0.05400000000000005
0.711	0.294	-0.91	-0.769	1.4125
1.12	0.43	-0.39	-0.426	1.165
0.902	0.609	1.152	-0.296	-0.39649999999999985
1.152	0.984	0.619	0.287	0.44900000000000007
0.51	0.529	0.449	0.226	0.07050000000000006
0.911	0.416	0.123	0.132	0.5405
0.748	0.714	0.532	0.592	0.19899999999999995
1.095	0.962	0.373	-0.277	0.6555
1.191	0.934	0.033	-0.188	1.0295
1.284	0.657	0.168	-0.226	0.8025
0.723	0.501	-0.118	-0.293	0.73
0.376	0.238	0.414	0.204	-0.10699999999999998
0.537	-0.1	0.024	0.555	0.19450000000000003
1.159	0.933	0.474	0.315	0.5720000000000001
0.664	1.073	0.506	0.255	0.36250000000000004
1.591	1.501	0.896	0.736	0.6499999999999998
1.093	0.59	0.411	0.914	0.43049999999999994
0.45	0.07	0.617	-0.305	-0.357
0.758	0.072	0.166	0.088	0.24899999999999997
0.327	0.338	-0.669	-0.007	1.0015
0.35	0.438	-0.427	-1.06	0.821
1.403	0.671	0.686	0.238	0.35099999999999987
1.22	1.283	0.704	-0.365	0.5475000000000001
0.753	0.612	0.293	-0.035	0.3895
0.521	-0.02	0.361	-1.042	-0.11049999999999999
0.827	0.392	-0.714	-0.174	1.3235
0.921	0.986	0.691	-0.268	0.26250000000000007
0.284	0.033	0.447	1.376	-0.28850000000000003
1.002	0.415	0.331	0.728	0.3775
0.737	0.372	0.199	-0.329	0.3555
0.562	0.404	-0.418	0.278	0.901
0.925	0.77	-0.235	-0.218	1.0825
0.82	0.23	-0.141	0.003	0.666
0.585	0.325	0.045	-0.48	0.41
1.272	1.197	0.18	0.055	1.0545000000000002
0.491	0.582	1.16	0.408	-0.6234999999999999
1.354	0.767	-0.927	-0.501	1.9875
0.507	0.021	-0.223	-0.376	0.487
0.832	0.229	-0.327	0.84	0.8574999999999999
0.61	0.519	1.188	0.718	-0.6234999999999999
0.89	0.577	-0.554	-0.283	1.2875
0.755	-0.072	0.236	0.587	0.10550000000000004
1.147	1.22	0.17	-0.254	1.0135
0.293	0.285	0.486	-0.566	-0.197
0.395	0.504	0.489	0.477	-0.03949999999999998
0.867	0.391	0.693	0.688	-0.06399999999999995
0.643	0.279	-0.076	0.084	0.537
1.125	1.191	0.33	0.013	0.8279999999999998
0.454	-0.215	-0.407	-0.21	0.5265
0.189	0.102	0.199	0.89	-0.05350000000000002
0.937	0.256	-0.215	-0.867	0.8115
0.958	0.653	0.268	0.055	0.5375
0.797	1.023	0.903	0.209	0.006999999999999895
1.004	0.932	0.159	-0.579	0.8089999999999999
0.128	-0.077	-0.603	-0.321	0.6285
1.231	0.569	0.623	0.417	0.277
0.568	0.367	1.278	-0.368	-0.8105
0.416	0.245	-0.566	-0.884	0.8965
0.893	0.863	-0.412	-0.316	1.29
0.608	0.523	1.085	0.138	-0.5195
0.912	-0.053	-0.48	0.411	0.9095
0.815	0.555	0.688	0.335	-0.0029999999999998916
-0.113	-0.235	-0.317	-0.488	0.14300000000000002
1.588	0.745	0.508	0.43	0.6585000000000001
0.33	-0.059	0.475	-0.666	-0.33949999999999997
0.747	0.309	0.783	0.017	-0.255
0.81	-0.032	-0.113	0.552	0.502
1.249	0.57	-0.055	-0.776	0.9645
0.792	0.583	0.1	0.751	0.5875
1.3	0.942	-0.014	-1.332	1.135
0.835	0.339	0.326	-0.027	0.26099999999999995
1.149	0.465	0.339	0.763	0.468
1.197	0.785	0.323	-0.156	0.6680000000000001
0.392	0.159	0.3	0.795	-0.024499999999999966
1.105	0.671	0.611	0.599	0.277
0.952	0.356	-0.039	0.076	0.693
0.645	0.032	-0.544	-0.101	0.8825000000000001
0.763	0.593	-0.172	0.458	0.8499999999999999
0.674	0.365	0.159	0.263	0.36050000000000004
0.796	0.589	0.912	0.763	-0.21950000000000003
0.819	0.863	0.855	0.794	-0.014000000000000012
0.685	0.969	0.665	0.073	0.16199999999999992
1.491	1.407	0.057	0.024	1.3920000000000001
1.536	1.377	0.599	0.602	0.8575000000000002
1.005	0.868	0.251	0.761	0.6854999999999999
0.83	0.509	0.901	0.391	-0.23150000000000004
0.348	0.07	-0.323	-0.351	0.532
0.572	0.314	0.234	-0.095	0.20899999999999994
0.642	0.24	0.853	0.406	-0.412
0.844	0.684	0.461	-0.024	0.303
1.571	1.105	0.43	0.682	0.9080000000000001
1.766	0.655	0.476	0.334	0.7345000000000002
0.782	0.706	0.643	-0.315	0.10099999999999998
1.232	0.905	0.808	0.883	0.26049999999999995
0.725	0.229	0.116	0.082	0.361
0.556	0.172	-0.049	-0.37	0.413
0.202	-0.251	-0.636	-0.738	0.6115
1.303	0.83	0.394	0.677	0.6725
0.846	0.589	0.854	0.374	-0.13649999999999995
0.82	0.474	0.111	0.793	0.536
1.089	0.8	0.554	0.215	0.39049999999999996
1.3	0.76	0.471	-0.014	0.559
1.096	0.784	0.354	0.264	0.5860000000000001
0.618	0.32	0.264	-0.331	0.20499999999999996
1.003	0.049	0.283	0.196	0.24299999999999994
0.56	0.131	0.14	0.299	0.20550000000000002
0.754	0.757	0.697	0.193	0.05850000000000011
0.561	0.991	0.676	0.039	0.09999999999999998
0.345	0.259	0.664	0.66	-0.36200000000000004
0.689	0.279	-0.259	0.239	0.743
0.511	-0.324	-0.831	-0.829	0.9245
0.873	1.012	0.251	-0.524	0.6915
0.896	0.363	-0.409	0.561	1.0385
0.995	1.27	0.94	-0.002	0.19250000000000012
0.971	0.77	0.367	-0.323	0.5035000000000001
0.63	0.605	0.406	0.966	0.2114999999999999
1.149	0.383	0.153	-0.256	0.613
0.628	0.273	-0.854	-0.35	1.3045
0.701	0.543	0.405	0.664	0.21699999999999997
0.977	0.73	0.539	-0.176	0.3144999999999999
1.111	0.441	0.068	0.973	0.708
1.276	0.761	0.713	0.256	0.3055
1.483	1.299	0.599	-0.649	0.792
0.398	0.604	0.604	-0.022	-0.10299999999999998
0.501	0.291	-0.368	-0.604	0.764
0.638	-0.018	0.03	-0.527	0.28
1.098	0.348	-1.003	-0.779	1.726
1.093	1.214	0.797	0.528	0.35649999999999993
0.925	0.623	-0.077	-0.881	0.851
0.661	0.473	-0.441	0.037	1.008
0.506	0.746	0.307	-0.204	0.319
1.164	0.672	0.052	0.054	0.8659999999999999
0.857	0.887	0.535	-0.304	0.33699999999999997
0.823	0.709	-0.103	-0.141	0.869
0.717	0.502	-0.414	0.563	1.0234999999999999
0.801	0.972	0.535	0.575	0.35150000000000003
0.609	0.496	0.229	-0.441	0.3235
0.265	0.802	-0.257	-0.331	0.7905000000000001
0.565	0.655	0.621	-0.232	-0.01100000000000001
0.266	-0.365	-0.05	0.148	0.0005000000000000143
0.864	0.022	0.201	0.318	0.242
1.15	0.763	0.689	0.683	0.26749999999999996
0.712	0.346	0.455	0.402	0.0739999999999999
0.923	0.988	0.954	0.04	0.0015000000000000568
0.448	-0.105	0.128	0.637	0.04350000000000001
0.82	-0.03	0.107	-0.015	0.288
0.841	0.718	0.35	-0.152	0.4295
0.965	0.263	-0.674	0.255	1.288
0.84	0.438	-0.125	-0.164	0.764
0.93	0.479	0.104	0.029	0.6005
1.173	0.845	1.233	0.42	-0.2240000000000002
0.938	0.805	0.664	1.063	0.2074999999999999
0.501	0.363	0.526	0.57	-0.09400000000000003
1.061	1.054	0.725	-0.059	0.33250000000000013
1.107	0.936	0.59	0.316	0.4315000000000001
0.65	0.709	0.305	-0.082	0.3745
0.446	0.046	-0.091	0.203	0.33699999999999997
1.11	0.218	0.105	0.351	0.559
1.027	0.544	1.181	0.281	-0.3955000000000001
1.293	0.797	0.538	0.363	0.5069999999999999
0.27	0.638	1.323	0.72	-0.869
-0.075	-0.461	-0.384	-0.04	0.11599999999999999
0.404	0.817	0.768	-0.544	-0.15749999999999997
0.475	-0.213	0.27	-0.022	-0.139
-0.39	-0.813	0.21	0.329	-0.8114999999999999
1.54	1.168	1.044	0.076	0.31000000000000005
0.983	0.645	0.526	-0.55	0.28800000000000003
1.303	0.837	-0.472	-0.124	1.5419999999999998
1.234	0.661	-0.25	-0.452	1.1975
0.961	0.722	0.366	0.671	0.4754999999999999
0.485	0.055	0.069	0.785	0.201
0.767	1.046	1.116	0.211	-0.20950000000000002
0.541	0.404	0.231	0.261	0.24150000000000002
0.695	0.999	-0.051	-0.81	0.898
1.337	0.6	0.674	-0.073	0.2944999999999999
0.621	0.684	-0.235	-0.39	0.8875000000000001
1.402	0.864	0.105	-0.555	1.028
1.672	0.456	-0.851	0.548	1.915
1.131	0.774	0.483	0.412	0.46950000000000003
-0.586	-0.128	0.244	0.873	-0.601
1.312	1.174	-0.719	-0.496	1.9619999999999997
0.831	0.576	1.231	1.581	-0.5275000000000001
0.252	0.613	0.68	1.143	-0.24750000000000005
1.401	0.715	-0.511	0.351	1.569
1.406	0.644	0.239	-0.756	0.7859999999999999
0.776	0.209	0.918	0.525	-0.42550000000000004
0.671	0.82	0.665	0.537	0.08050000000000002
0.597	0.703	0.079	-0.656	0.571
1.166	0.607	-0.095	-0.146	0.9814999999999999
0.749	0.631	0.671	0.32	0.018999999999999906
1.593	0.8	0.596	0.78	0.6004999999999999
0.447	0.568	0.792	0.268	-0.2845000000000001
-0.027	-0.784	-0.628	-0.026	0.22249999999999998
0.611	0.291	0.378	0.942	0.07299999999999995
1.063	0.804	0.595	0.407	0.3385
0.443	-0.353	-0.823	0.045	0.868
0.806	0.354	-0.585	-1.029	1.165
0.992	0.474	-0.527	-0.37	1.26
0.357	0.482	0.492	-0.251	-0.07250000000000001
0.751	0.41	-0.161	0.962	0.7415
-0.185	-0.446	-0.339	-0.287	0.02350000000000002
0.183	0.104	0.61	0.374	-0.4665
0.983	0.701	0.11	-0.775	0.732
0.344	0.096	0.949	0.373	-0.729
1.126	0.682	0.158	0.834	0.7459999999999999
1.159	0.935	0.868	0.552	0.17900000000000016
0.95	0.827	0.713	0.415	0.1755
-0.185	0.13	0.677	-0.016	-0.7045
0.879	0.709	0.333	-0.814	0.461
0.425	0.465	0.646	1.179	-0.201
0.897	-0.189	-1.19	-0.478	1.544
0.418	0.03	-0.126	-0.783	0.35
0.336	0.329	0.343	-0.23	-0.01050000000000001
1.36	0.888	0.258	-0.308	0.8660000000000001
0.87	0.391	-0.35	-0.114	0.9805
0.817	0.297	-0.297	0.08	0.8539999999999999
0.827	0.45	-1.197	-0.356	1.8355000000000001
1.125	0.561	-0.212	0.374	1.055
1.307	1.051	0.044	-0.332	1.1349999999999998
1.119	1.095	0.148	0.39	0.959
1.567	1.107	0.132	-0.312	1.205
1.186	1.25	0.655	-0.111	0.563
0.859	0.923	0.817	1.107	0.07400000000000007
0.698	0.163	-0.553	0.02	0.9835
0.643	0.042	0.923	-0.17	-0.5805
0.111	0.342	1.075	0.816	-0.8484999999999999
1.165	1.015	0.42	0.318	0.6699999999999999
1.093	-0.196	0.506	0.412	-0.057499999999999996
1.269	0.867	0.326	-0.236	0.742
0.623	0.749	-0.151	-0.215	0.837
1.182	0.707	0.066	0.224	0.8784999999999998
0.681	0.738	0.449	1.106	0.2605
0.774	0.305	0.98	0.381	-0.4405
0.469	0.547	0.072	-0.679	0.436
0.782	-0.271	0.05	0.413	0.20550000000000002
1.202	0.733	-0.677	-0.975	1.6445
1.152	1.029	0.18	0.19	0.9105000000000001
1.407	0.788	0.044	-0.389	1.0535
0.022	-0.838	-0.588	0.046	0.18
0.555	0.648	0.805	-0.323	-0.20350000000000001
0.548	0.528	-0.059	0.013	0.597
0.608	0.67	0.598	0.102	0.041000000000000036
1.178	0.704	0.482	-0.352	0.45899999999999996
1.022	1.08	0.577	0.869	0.4740000000000002
0.291	-0.138	0.173	1.148	-0.0965
0.555	0.939	0.628	-0.296	0.119
0.205	-0.377	0.193	-0.416	-0.279
0.389	-0.203	-0.447	0.003	0.54
1.082	0.628	0.297	0.371	0.558
0.219	0.624	0.061	-0.423	0.3605
0.542	0.347	-0.087	0.364	0.5315
0.405	0.363	0.905	0.559	-0.521
0.777	0.994	0.915	0.622	-0.02950000000000008
0.832	0.806	0.704	0.093	0.11499999999999999
0.908	0.591	0.978	0.751	-0.22849999999999993
1.018	0.447	0.321	0.505	0.41150000000000003
0.702	0.391	1.081	0.059	-0.5345
0.375	-0.391	-0.601	-0.507	0.593
-0.176	-0.735	-0.344	-0.698	-0.11150000000000004
0.899	0.349	0.176	-0.073	0.448
1.123	0.618	-0.127	-1.266	0.9975
0.739	0.531	0.442	0.091	0.193
0.585	0.276	0.794	0.065	-0.36350000000000005
0.633	0.517	-0.495	-0.189	1.0699999999999998
1.046	1.097	0.847	0.217	0.22449999999999992
0.924	1.117	0.773	0.007	0.24749999999999994
0.636	0.672	0.427	0.46	0.22700000000000004
0.737	0.537	0.976	0.527	-0.33899999999999997
1.035	0.511	-0.511	-0.968	1.2839999999999998
1.027	0.756	1.074	0.189	-0.1825000000000001
1.035	0.433	0.61	0.3	0.124
0.401	0.046	-0.431	0.733	0.6545
0.806	0.871	0.207	0.049	0.6315000000000001
0.875	1.125	0.96	0.374	0.040000000000000036
0.796	-0.035	-0.369	0.513	0.7495
0.997	0.385	0.015	-0.537	0.676
0.966	-0.086	-0.263	-0.03	0.7030000000000001
1.076	0.62	0.225	0.247	0.6230000000000001
1.017	0.283	0.39	0.504	0.2599999999999999
1.114	0.714	0.062	-0.44	0.8520000000000001
1.297	0.406	-0.516	-1.339	1.3675
0.344	-0.232	-0.77	0.356	0.826
1.01	0.95	0.737	-0.292	0.243
0.702	0.574	0.74	0.466	-0.10200000000000009
0.742	-0.235	-0.407	-0.037	0.6605
1.187	0.613	0.445	-0.724	0.455
0.535	0.038	-0.206	0.178	0.49250000000000005
0.54	0.609	0.433	-0.055	0.14150000000000001
0.978	0.783	0.409	0.174	0.4715000000000001
0.406	0.118	-0.186	0.055	0.448
1.147	0.724	0.365	-0.156	0.5705
1.531	0.982	0.579	0.529	0.6775
0.678	-0.124	-0.41	-0.114	0.687
0.747	0.638	0.669	0.652	0.023499999999999965
0.832	0.571	0.572	0.591	0.12950000000000006
0.534	0.016	-0.217	0.014	0.492
0.548	0.67	0.948	0.342	-0.33899999999999997
1.129	1.111	0.176	-0.265	0.9440000000000002
2.104	0.9	0.376	-0.097	1.126
0.88	0.591	0.401	0.173	0.3345
1.012	0.864	0.21	-0.057	0.728
0.34	-0.332	-0.224	-0.002	0.228
0.855	0.307	0.612	-0.139	-0.031000000000000028
1.081	0.679	0.217	0.837	0.663
0.728	0.627	0.822	0.883	-0.14449999999999996
1.056	0.941	1.038	0.632	-0.03950000000000009
0.524	0.095	-0.354	-0.014	0.6635
0.225	0.021	-0.272	-0.513	0.395
1.236	0.763	-0.399	-0.848	1.3985
0.634	0.265	-0.393	-0.524	0.8425
0.505	0.673	0.504	0.693	0.08499999999999996
0.377	0.269	0.503	0.65	-0.18
0.975	0.579	0.283	-0.048	0.49399999999999994
0.858	0.372	-0.503	0.343	1.1179999999999999
0.66	0.067	0.27	-0.225	0.09350000000000003
1.602	1.351	0.635	0.159	0.8415000000000001
0.444	0.55	0.167	-0.379	0.32999999999999996
1.645	1.271	0.236	0.207	1.222
1.424	0.585	-0.375	-0.602	1.3795
0.753	0.834	0.492	0.828	0.3015
0.563	0.012	-0.13	0.102	0.4175
0.553	-0.2	0.049	-0.132	0.1275
0.984	0.997	0.814	0.235	0.1765
0.87	0.736	-0.406	-0.806	1.209
0.848	0.792	1.08	0.155	-0.26
0.523	0.152	-0.349	0.363	0.6865
1.043	0.654	-0.234	-0.571	1.0825
1.104	0.308	-0.622	-0.684	1.328
0.563	0.782	0.671	-0.866	0.0014999999999999458
0.949	0.728	0.374	0.658	0.4645
0.759	0.897	0.569	0.22	0.2590000000000001
0.641	0.373	0.289	0.082	0.21800000000000003
1.714	1.056	0.023	-1.05	1.362
0.775	0.569	0.239	0.277	0.43299999999999994
1.266	0.817	-0.04	0.183	1.0815000000000001
0.716	0.582	0.782	0.391	-0.133
0.577	0.872	-0.068	-0.955	0.7925
0.698	0.52	-0.76	-0.606	1.369
0.61	-0.451	-0.305	-0.538	0.38449999999999995
0.881	-0.203	-0.167	-0.561	0.506
0.032	-0.103	0.305	-0.29	-0.34049999999999997
0.448	0.543	0.579	0.83	-0.08349999999999991
1.044	0.595	0.764	1.085	0.055499999999999994
0.574	-0.201	-0.322	0.352	0.5085
1.184	1.013	0.914	-0.087	0.1845
0.627	0.259	-0.26	-0.964	0.7030000000000001
0.648	-0.36	-0.364	-0.06	0.508
0.954	0.508	0.835	0.863	-0.10399999999999998
0.864	0.268	0.296	-0.358	0.2700000000000001
0.785	0.814	0.614	0.936	0.1855
0.659	0.395	0.065	-1.531	0.462
1.222	0.98	0.11	-0.343	0.991
0.711	0.501	0.186	-0.119	0.42
0.211	0.162	0.273	-0.174	-0.08650000000000002
1.586	1.2	0.115	-0.499	1.278
0.407	0.39	-1.225	-0.049	1.6235
1.117	0.637	0.468	0.719	0.409
0.374	0.069	-0.508	-0.182	0.7295
0.768	0.931	0.084	0.003	0.7655000000000001
1.755	1.214	0.647	-0.111	0.8374999999999999
1.268	0.953	0.241	0.717	0.8695
0.899	0.589	0.336	0.066	0.408
0.816	0.485	0.485	0.262	0.16549999999999998
1.405	0.072	-0.395	0.149	1.1335000000000002
0.771	-0.074	-0.389	0.845	0.7375
0.765	0.368	0.345	0.177	0.22150000000000003
-0.109	-0.28	-0.191	0.299	-0.003500000000000003
1.171	0.597	0.01	0.444	0.874
0.412	0.128	0.813	0.946	-0.5429999999999999
1.561	0.826	0.455	0.652	0.7384999999999999
0.868	0.158	0.297	-0.054	0.21600000000000003
1.128	0.865	1.082	0.201	-0.08550000000000013
1.545	1.285	0.425	0.966	0.99
1.014	0.836	0.941	0.272	-0.015999999999999903
0.548	0.194	-0.169	-0.303	0.54
0.712	1.012	0.638	-0.182	0.22399999999999998
0.767	0.505	0.07	-0.244	0.5660000000000001
0.922	0.546	-0.605	-0.62	1.339
0.918	0.438	0.274	-0.581	0.404
1.866	1.673	0.534	0.788	1.2355
0.669	-0.143	-1.006	-0.335	1.2690000000000001
1.341	0.452	0.771	0.612	0.12549999999999994
0.832	1.397	0.527	-0.476	0.5875
1.28	0.801	0.114	0.626	0.9265
1.165	0.704	-0.32	-0.884	1.2545
0.512	0.487	0.597	0.113	-0.09749999999999998
0.901	1.154	0.618	0.366	0.40949999999999986
1.379	0.805	0.023	-0.492	1.0690000000000002
0.589	-0.84	-0.817	-0.534	0.6915
1.457	0.724	0.076	-0.094	1.0145
0.169	0.274	0.453	0.181	-0.23149999999999998
1.289	0.532	-0.449	0.446	1.3595
1.261	1.086	1.305	-0.138	-0.13149999999999995
1.366	0.452	-0.823	0.158	1.732
0.968	-0.137	0.105	-0.041	0.3105
0.082	-0.198	-0.519	-0.09	0.461
1.018	0.4	-0.635	-0.332	1.344
1.142	0.682	0.761	0.433	0.1509999999999999
1.135	0.387	-0.547	-0.77	1.308
0.426	0.221	0.699	0.568	-0.37549999999999994
0.645	0.07	0.065	0.743	0.29250000000000004
1.129	1.047	-0.432	-0.435	1.52
0.734	0.825	-0.057	-0.072	0.8365
1.039	1.215	0.197	-0.09	0.9299999999999999
0.979	0.733	0.329	-0.661	0.5269999999999999
0.601	0.015	-0.766	0.125	1.074
1.046	0.511	0.992	-0.56	-0.21350000000000002
0.912	1.021	0.266	-0.48	0.7004999999999999
0.626	0.327	0.327	0.4	0.14950000000000002
1.519	0.954	0.675	0.269	0.5614999999999999
1.249	0.998	0.315	1.254	0.8085
0.588	-0.238	-0.537	-0.411	0.712
0.969	1.045	0.22	0.059	0.7869999999999999
0.199	0.007	0.566	-0.54	-0.46299999999999997
1.073	0.599	0.2	-0.091	0.6359999999999999
1.229	0.701	-0.39	0.185	1.355
0.627	-0.052	0.79	0.371	-0.5025000000000001
0.441	0.556	0.848	0.941	-0.3494999999999999
0.633	0.233	-0.254	0.343	0.687
0.905	0.073	0.354	-0.131	0.135
0.467	0.476	0.446	0.318	0.025500000000000023
1.086	0.449	0.396	0.266	0.37150000000000005
0.566	-0.15	0.377	-0.426	-0.16900000000000004
0.726	0.962	0.889	-0.185	-0.04500000000000004
-0.15	0.08	0.232	0.505	-0.267
1.265	0.484	-0.815	-0.288	1.6894999999999998
1.502	1.189	0.14	-0.415	1.2054999999999998
0.952	0.606	-0.745	0.056	1.524
0.466	0.153	-0.06	0.022	0.3695
1.428	0.779	-0.592	-0.383	1.6955
0.254	0.526	0.558	0.569	-0.16800000000000004
0.481	0.506	0.956	-0.424	-0.46249999999999997
0.909	0.695	0.493	0.563	0.30900000000000005
-0.075	0.022	0.256	0.204	-0.28250000000000003
0.684	0.66	0.402	-0.124	0.27
0.846	-0.29	-0.291	-1.024	0.569
1.269	0.905	0.149	-0.529	0.938
1.573	1.287	0.663	-0.42	0.7669999999999999
1.031	0.741	0.086	0.399	0.7999999999999999
-0.067	-0.45	-0.652	-0.683	0.3935
0.376	0.839	0.26	-0.841	0.3474999999999999
0.556	-0.443	-0.376	-0.458	0.4325
0.878	0.845	0.869	0.916	-0.007500000000000062
0.744	-0.255	-0.574	0.901	0.8185
0.083	-0.002	0.027	0.912	0.013500000000000002
1.027	0.59	0.231	0.242	0.5775
0.619	-0.014	-0.083	-0.652	0.3855
1.2	0.894	0.161	0.171	0.8859999999999999
1.298	1.426	0.113	0.178	1.249
0.567	-0.098	-0.156	-0.297	0.39049999999999996
0.613	0.253	0.333	0.757	0.09999999999999998
0.873	0.606	0.636	0.473	0.10350000000000004
0.838	0.852	0.784	0.471	0.06099999999999994
1.496	1.132	0.369	-0.537	0.9450000000000001
0.24	-0.145	-0.397	0.189	0.4445
1.058	1.272	1.065	0.249	0.10000000000000009
0.56	0.179	-0.048	1.054	0.41750000000000004
0.471	0.399	0.38	-0.393	0.05499999999999999
1.639	1.31	0.533	-0.084	0.9414999999999999
0.924	1.038	0.167	0.052	0.8140000000000001
0.399	0.185	0.018	0.621	0.274
0.957	0.363	-0.523	-0.221	1.1829999999999998
1.211	0.567	0.853	0.592	0.03600000000000003
0.927	0.489	0.184	-1.014	0.524
1.603	0.965	0.054	0.04	1.23
0.998	0.94	1.404	0.023	-0.43499999999999994
0.732	0.214	-0.384	-0.494	0.857
1.083	0.708	0.858	0.303	0.03749999999999998
1.03	0.539	-0.034	-0.326	0.8185
1.053	1.066	0.51	0.19	0.5494999999999999
0.902	0.548	0.621	0.82	0.10400000000000009
0.113	-0.298	-0.304	-0.826	0.2115
0.172	-0.023	0.123	-0.197	-0.0485
1.318	0.783	0.619	0.357	0.4315
1.321	0.761	-0.259	-0.78	1.2999999999999998
1.17	-0.151	-0.016	0.14	0.5255
1.073	1.171	0.293	-0.823	0.829
0.857	0.548	-0.102	-0.239	0.8045
0.91	1.175	0.635	-0.161	0.4075
0.668	-0.171	-0.736	-0.025	0.9844999999999999
0.544	0.728	1.297	0.29	-0.6609999999999999
0.695	0.157	-0.11	0.952	0.536
0.199	-0.247	0.11	0.002	-0.134
0.944	0.882	0.982	0.904	-0.06899999999999995
0.976	0.682	0.883	1.327	-0.05400000000000005
1.144	0.705	1.008	0.92	-0.08350000000000013
1.109	0.881	1.172	0.824	-0.17699999999999994
0.545	0.684	0.315	-0.521	0.29950000000000004
0.622	0.526	-0.839	-0.374	1.413
1.202	0.871	0.066	-0.336	0.9704999999999999
0.608	0.011	-0.147	-0.036	0.4565
0.73	0.658	0.607	1.194	0.08699999999999997
0.772	0.036	0.306	0.495	0.09800000000000003
0.849	0.701	1.051	0.19	-0.276
1.101	0.697	-0.01	0.179	0.909
1.231	0.262	-0.516	-0.385	1.2625000000000002
0.743	0.017	0.421	0.366	-0.04099999999999998
0.425	0.48	1.278	0.402	-0.8255
1.211	0.361	0.43	-0.465	0.35600000000000004
1.318	0.299	-0.23	0.272	1.0385
1.609	1.021	0.764	0.302	0.5509999999999999
1.044	0.992	0.569	0.262	0.44900000000000007
1.834	1.171	0.925	0.224	0.5774999999999999
0.471	-0.072	-0.857	0.04	1.0565
0.601	0.332	0.332	0.186	0.1345
1.363	1.134	0.701	0.831	0.5475
1.009	0.926	0.47	-0.592	0.49750000000000005
0.74	0.044	0.395	-0.704	-0.0030000000000000027
1.205	0.967	0.541	0.241	0.545
0.117	0.181	0.581	0.378	-0.43199999999999994
0.782	0.677	0.467	-0.254	0.2625
0.382	0.436	0.259	0.51	0.15000000000000002
1.566	0.873	0.333	-0.556	0.8865000000000001
0.793	0.438	0.021	0.117	0.5945
0.648	0.738	1.178	0.48	-0.4849999999999999
0.937	0.38	-0.324	0.502	0.9825000000000002
0.485	0.408	0.441	-0.02	0.005500000000000005
0.608	0.694	0.321	-0.423	0.33
0.999	0.894	0.249	0.52	0.6975
1.17	1.143	0.217	-0.121	0.9394999999999999
0.774	0.292	0.524	0.231	0.009000000000000008
1.645	1.007	1.054	0.585	0.272
1.235	1.068	1.407	1.47	-0.25550000000000006
0.718	0.22	-0.905	-0.951	1.374
1.094	0.419	0.528	0.837	0.22850000000000004
0.47	0.829	0.62	-0.674	0.02949999999999997
0.055	-0.023	-0.377	-0.707	0.393
0.986	1.119	0.741	-0.299	0.3115
0.874	0.499	-0.097	0.363	0.7835
0.608	0.745	0.211	-0.457	0.4655
1.101	0.734	0.158	-0.835	0.7595
0.284	0.186	0.048	0.372	0.187
0.439	-0.136	0.099	0.89	0.05249999999999999
1.191	0.764	0.117	0.043	0.8605
0.337	-0.613	-0.532	0.974	0.394
0.717	0.489	0.072	-0.216	0.531
-0.358	-0.401	0.418	0.639	-0.7975
1.372	1.024	0.482	0.53	0.716
0.933	0.359	0.672	0.78	-0.026000000000000023
0.323	0.598	1.326	0.62	-0.8655
1.152	1.28	0.312	-0.153	0.9039999999999999
1.094	0.636	-0.526	0.124	1.391
0.981	0.621	0.268	-0.054	0.5329999999999999
1.303	1.055	0.603	-0.088	0.5759999999999998
0.554	0.357	0.067	-0.089	0.3885
0.485	-0.117	-0.136	0.424	0.32
1.273	0.805	0.899	0.388	0.1399999999999999
0.186	0.08	0.655	0.173	-0.522
0.851	0.509	-0.436	-0.51	1.1159999999999999
0.873	0.655	0.087	0.086	0.677
0.674	0.419	-0.105	0.635	0.6515
0.662	-0.667	-0.385	0.3	0.3825
0.454	-0.288	-0.444	0.033	0.527
1.368	1.224	0.589	0.691	0.7070000000000001
1.03	0.843	0.673	-0.48	0.26349999999999996
0.718	-0.185	-0.162	-0.065	0.4285
0.393	-0.052	-0.376	-0.082	0.5465
0.09	0.118	0.092	-0.456	0.011999999999999997
0.841	0.857	0.436	0.207	0.413
0.69	0.657	0.26	-0.285	0.4135
0.916	1.071	0.743	0.006	0.25050000000000006
0.389	0.134	-0.16	0.371	0.4215
0.827	0.449	0.015	-0.138	0.623
1.075	1.25	1.025	-0.014	0.13750000000000018
0.873	0.973	0.369	0.807	0.554
1.0	0.848	0.709	0.349	0.21499999999999997
1.289	0.688	0.675	-0.035	0.3134999999999999
0.519	0.046	-0.475	-0.438	0.7575000000000001
0.469	0.654	0.451	-0.016	0.11049999999999999
1.464	0.787	0.302	-0.059	0.8234999999999999
0.558	0.427	0.166	0.099	0.3265
0.899	1.465	0.882	-0.129	0.29999999999999993
0.137	-0.059	0.065	-0.287	-0.025999999999999995
1.025	0.128	-0.698	-0.48	1.2745
0.81	0.566	0.254	0.973	0.43399999999999994
0.523	-0.404	-0.315	0.433	0.3745
0.64	0.815	0.432	0.401	0.29550000000000004
1.148	0.909	0.202	-0.053	0.8265
0.689	-0.149	-0.207	-0.115	0.477
0.83	0.82	0.776	0.406	0.04899999999999993
-0.007	-0.343	0.223	0.679	-0.398
1.5	0.878	0.071	-0.373	1.118
0.576	0.523	0.147	0.63	0.40249999999999997
1.363	1.158	0.937	0.073	0.3234999999999999
0.938	0.571	-0.427	-0.535	1.1815
0.804	0.539	-0.012	0.584	0.6835
0.89	0.554	0.353	0.14	0.369
1.653	0.933	0.19	0.625	1.1030000000000002
1.212	0.783	0.172	1.15	0.8255000000000001
1.158	0.238	-0.824	-0.372	1.5219999999999998
0.923	0.653	1.037	0.14	-0.2489999999999999
0.312	-0.008	0.682	0.984	-0.53
0.386	0.549	0.694	0.106	-0.22649999999999992
-0.138	0.121	-0.212	0.27	0.2035
0.868	0.681	-0.011	-0.278	0.7855
1.262	0.938	1.025	0.825	0.07500000000000018
0.741	0.624	-0.039	-0.199	0.7215
0.292	0.375	-0.628	0.234	0.9615
1.129	0.337	0.286	0.856	0.447
1.017	0.29	-0.34	-0.073	0.9935
1.125	0.873	0.325	-0.541	0.6739999999999999
1.12	0.411	-0.06	0.359	0.8255000000000001
-0.117	-0.651	-0.133	-0.28	-0.251
0.654	0.3	-0.151	-0.346	0.628
0.869	1.009	0.515	0.395	0.42399999999999993
1.047	0.899	0.377	0.11	0.596
1.332	0.624	0.297	-0.165	0.681
0.256	0.053	0.014	-0.089	0.14049999999999999
1.112	1.083	0.571	0.177	0.5265000000000002
0.654	0.051	0.188	0.624	0.16450000000000004
0.863	-0.052	0.525	0.36	-0.11950000000000005
1.05	0.705	0.273	0.054	0.6044999999999999
0.63	0.342	-0.227	-0.622	0.713
0.561	0.523	0.396	0.458	0.14600000000000002
1.028	0.235	0.3	-0.626	0.33149999999999996
0.695	0.798	1.128	0.833	-0.38149999999999995
0.518	0.298	0.026	0.23	0.382
0.87	0.448	0.745	0.666	-0.08599999999999997
0.846	0.752	1.156	0.678	-0.357
0.758	0.977	0.107	0.135	0.7605
0.55	0.771	0.599	-0.348	0.06150000000000011
1.337	0.438	-0.428	-0.251	1.3155
1.44	0.939	-0.118	-0.413	1.3075
0.468	0.517	-0.108	-0.658	0.6005
1.037	0.702	0.297	-0.508	0.5725
0.305	0.354	0.341	1.046	-0.01150000000000001
0.735	0.267	-0.1	-0.065	0.601
0.789	1.202	0.108	-0.456	0.8875000000000001
1.086	0.796	-0.328	-0.382	1.2690000000000001
1.12	0.991	0.661	0.062	0.3945000000000001
1.157	0.513	0.444	0.462	0.39099999999999996
0.577	-0.301	-0.367	0.469	0.505
1.067	0.474	0.314	0.303	0.45649999999999996
0.838	0.133	0.092	-0.083	0.39349999999999996
0.329	0.316	0.776	0.561	-0.4535
0.877	0.643	-0.139	-0.4	0.899
1.251	1.105	-0.033	-0.517	1.2109999999999999
1.163	0.347	-0.271	0.112	1.026
0.79	0.694	-0.095	-0.714	0.837
0.538	0.496	1.005	1.072	-0.4879999999999999
1.169	0.158	-0.056	-0.238	0.7195
1.149	0.547	-0.094	-0.281	0.9420000000000001
1.061	1.079	0.518	-0.081	0.5519999999999998
0.702	-0.095	-0.732	-0.041	1.0354999999999999
0.688	0.347	0.199	-0.583	0.31849999999999995
0.629	0.189	0.12	0.175	0.28900000000000003
0.703	0.483	0.164	0.076	0.42899999999999994
1.303	1.0	0.676	0.098	0.4754999999999999
0.939	1.107	0.584	-0.029	0.43899999999999995
0.449	0.283	0.19	0.127	0.176
1.12	0.911	0.442	0.177	0.5735000000000001
1.267	0.807	0.44	0.166	0.597
0.551	0.724	0.244	0.295	0.39349999999999996
0.563	0.255	-0.33	-0.467	0.739
1.274	0.488	-0.424	0.618	1.305
0.913	0.378	-0.614	-0.593	1.2595
1.302	0.891	-0.188	-0.402	1.2845
0.922	0.52	0.503	-0.561	0.21800000000000008
1.005	0.993	0.31	1.222	0.6889999999999998
1.185	0.94	1.083	1.098	-0.020499999999999963
1.203	0.431	0.023	0.8	0.794
0.748	0.334	1.129	1.156	-0.588
0.528	0.401	0.021	0.841	0.4435
0.946	0.582	-0.163	-0.878	0.927
1.241	0.779	0.291	0.209	0.7190000000000001
1.342	0.831	0.226	-0.542	0.8605
1.394	0.556	0.187	0.572	0.788
1.255	0.373	0.314	-0.285	0.49999999999999994
0.661	-0.725	-1.015	-0.035	0.9829999999999999
1.355	0.756	0.13	0.322	0.9254999999999999
0.969	0.367	0.018	-0.304	0.6499999999999999
1.123	0.543	0.247	0.585	0.586
1.048	0.562	0.472	0.946	0.3330000000000001
0.867	0.47	-0.356	0.263	1.0245
1.33	0.864	0.516	0.908	0.581
0.627	0.381	-0.206	-0.162	0.71
0.19	-0.045	0.141	1.084	-0.06849999999999998
0.638	0.969	0.339	0.222	0.46449999999999997
0.81	0.184	0.074	0.807	0.423
0.608	0.32	-0.592	0.166	1.056
1.747	1.294	1.153	-0.194	0.36750000000000016
0.726	0.842	0.558	0.051	0.22599999999999998
0.888	1.209	-0.185	0.01	1.2335
1.087	0.174	-0.577	-1.315	1.2075
1.246	0.596	0.803	-0.117	0.118
1.505	1.059	1.537	0.674	-0.2549999999999999
1.607	1.075	0.388	1.229	0.953
0.943	0.525	0.537	0.528	0.19699999999999995
0.336	0.359	0.876	0.591	-0.5285
1.537	0.655	-0.779	-0.151	1.875
1.035	0.179	-0.238	0.498	0.845
0.885	1.259	0.26	0.524	0.812
1.364	0.789	0.406	0.52	0.6705
0.291	0.273	0.796	0.964	-0.514
0.822	0.293	-1.062	-0.754	1.6195
1.062	1.061	0.72	0.654	0.34150000000000014
0.82	0.463	0.407	-0.663	0.2345
1.193	0.475	-0.207	-0.281	1.0410000000000001
0.747	0.28	1.247	0.48	-0.7335
0.48	-0.081	-1.069	-0.129	1.2685
0.51	-0.011	-0.108	1.178	0.3575
1.272	1.119	0.424	0.293	0.7715000000000001
0.297	0.151	0.348	1.113	-0.124
0.346	0.473	0.645	-0.029	-0.23550000000000004
1.075	0.875	-0.272	-0.032	1.2469999999999999
0.878	0.551	-0.085	-0.369	0.7995
0.85	0.254	0.287	-0.156	0.26500000000000007
1.016	0.91	0.521	-0.017	0.44200000000000006
1.561	0.834	-1.213	0.037	2.4105
1.165	1.166	0.805	-0.043	0.36049999999999993
0.438	0.328	0.606	0.002	-0.22299999999999998
0.542	0.798	0.917	0.503	-0.247
0.739	1.016	1.159	0.421	-0.2815000000000001
1.285	0.709	-0.137	-0.167	1.134
1.212	0.531	0.741	1.081	0.13049999999999995
1.269	0.643	0.158	0.784	0.7979999999999999
0.831	0.702	0.006	1.022	0.7605
1.101	1.005	0.646	0.14	0.4069999999999999
1.052	0.602	0.342	-0.057	0.48499999999999993
0.618	0.478	0.473	-0.387	0.07500000000000007
0.79	0.453	0.543	0.687	0.07850000000000001
0.221	0.173	0.239	0.009	-0.04199999999999998
0.954	0.776	-0.519	0.158	1.384
0.882	0.895	0.086	-0.333	0.8025000000000001
1.036	0.682	-0.012	-0.053	0.871
0.891	0.267	-0.059	-0.121	0.6379999999999999
1.221	0.37	0.377	0.3	0.4185000000000001
0.97	0.673	0.109	-0.124	0.7125
0.322	-0.041	-0.415	-0.912	0.5555
0.791	0.369	0.28	0.201	0.30000000000000004
0.409	-0.517	-0.452	0.552	0.398
0.395	0.025	-0.043	-0.532	0.253
0.66	0.388	0.311	0.333	0.21300000000000002
1.329	0.983	1.033	0.898	0.123
1.305	0.917	0.818	0.989	0.29300000000000004
1.196	0.575	0.437	1.081	0.44849999999999995
1.285	0.374	-0.595	0.511	1.4244999999999999
-0.071	-0.385	-0.38	0.076	0.152
0.2	0.526	-0.018	-1.04	0.381
0.594	0.689	0.35	0.045	0.2915
1.764	0.79	-0.25	-0.832	1.5270000000000001
1.471	1.091	0.346	-0.153	0.9350000000000002
1.494	1.201	0.083	-0.536	1.2645000000000002
1.413	1.528	1.297	0.604	0.1735
0.851	0.901	0.812	0.178	0.06399999999999995
0.835	0.855	0.188	0.799	0.657
1.207	0.741	0.708	0.471	0.266
0.982	0.599	0.669	-0.129	0.12149999999999994
0.821	0.183	0.104	0.695	0.398
0.765	0.57	0.353	0.224	0.3145
1.493	0.909	0.497	0.767	0.7040000000000001
1.139	0.681	0.538	-1.09	0.372
0.68	0.371	-0.249	0.239	0.7745000000000001
0.33	-0.212	-1.299	0.257	1.3579999999999999
0.508	0.101	-1.101	-0.906	1.4055
0.671	0.603	0.999	-0.17	-0.362
0.897	0.59	0.174	0.253	0.5695000000000001
0.533	0.528	1.103	0.916	-0.5725
0.788	0.338	-0.473	-0.718	1.036
0.395	-0.255	-0.551	-0.001	0.621
0.096	-0.568	-0.749	0.377	0.513
1.25	1.228	-0.843	-0.643	2.082
0.654	0.344	0.945	-0.389	-0.44599999999999995
1.249	0.675	0.5	-0.08	0.4620000000000001
0.504	0.224	0.159	-0.073	0.205
0.981	0.699	0.548	0.029	0.2919999999999999
0.099	-0.223	0.377	-0.258	-0.439
1.603	1.558	1.175	0.166	0.40549999999999997
1.649	1.481	0.175	-0.602	1.39
1.257	1.02	0.269	-0.004	0.8695
0.269	0.017	-0.378	0.348	0.521
1.149	0.735	0.225	0.003	0.717
1.525	1.095	0.835	-0.238	0.4750000000000001
0.791	0.65	0.339	-0.001	0.3815
0.918	0.63	0.425	-0.24	0.34900000000000003
1.165	0.125	0.201	0.257	0.444
1.141	0.504	-1.146	-0.226	1.9685
1.501	1.388	0.329	-0.477	1.1155
0.643	0.145	-0.272	0.207	0.666
1.319	1.006	-0.07	-0.327	1.2325000000000002
0.829	0.616	0.263	-0.299	0.4594999999999999
0.478	0.291	0.788	-0.23	-0.4035000000000001
0.703	0.398	-0.115	0.098	0.6655
0.656	0.315	0.966	0.371	-0.4804999999999999
0.791	0.433	-0.26	0.015	0.872
1.073	0.685	-0.187	-0.062	1.066
1.32	0.877	-0.858	-0.288	1.9565000000000001
1.331	0.703	0.37	-0.042	0.6469999999999999
0.018	0.041	0.179	0.607	-0.1495
0.699	0.464	0.545	0.57	0.03649999999999998
0.24	0.589	0.84	1.053	-0.4255
0.962	0.389	0.376	-0.342	0.2995
1.533	0.778	-0.366	-0.734	1.5215
0.676	0.527	0.175	0.73	0.42650000000000005
0.399	-0.005	-0.113	0.243	0.31
0.97	0.783	-0.133	0.013	1.0095
1.387	1.155	0.828	1.107	0.44299999999999995
1.217	1.114	0.407	0.174	0.7585000000000002
1.217	1.199	0.876	1.275	0.3320000000000002
0.712	0.315	-0.238	0.625	0.7515
0.51	0.063	0.386	0.299	-0.09950000000000003
1.312	1.007	0.343	-0.218	0.8165
1.368	0.683	0.307	-0.132	0.7185000000000001
-0.122	-0.791	-0.449	-0.435	-0.007500000000000007
1.447	1.199	0.647	0.486	0.6759999999999999
1.145	0.709	0.899	0.966	0.028000000000000025
0.455	-0.714	-1.099	-0.68	0.9695
0.091	0.034	0.154	0.836	-0.0915
0.475	0.02	0.413	0.112	-0.16549999999999998
0.968	0.727	0.568	0.69	0.27949999999999997
1.206	0.876	0.561	-0.324	0.47999999999999987
1.034	0.57	0.421	0.256	0.38100000000000006
1.277	0.582	0.072	-0.095	0.8575
0.794	0.476	1.259	0.128	-0.6239999999999999
1.17	0.862	1.076	0.608	-0.06000000000000005
1.172	1.324	0.48	-0.832	0.768
1.241	1.068	0.18	0.349	0.9745000000000001
0.971	0.193	-0.182	-0.418	0.764
1.066	0.504	-0.276	-1.161	1.061
0.927	-0.081	-1.146	-0.63	1.569
0.582	0.701	0.982	1.059	-0.3405
0.872	0.344	-0.323	0.381	0.931
0.827	0.471	0.909	-0.24	-0.26
0.46	0.196	0.013	0.093	0.315
1.084	0.373	-0.683	-1.037	1.4115000000000002
1.059	0.073	-0.177	0.178	0.7429999999999999
1.024	0.766	0.241	0.695	0.654
1.325	1.004	0.355	-0.243	0.8094999999999999
0.144	-0.522	0.078	0.558	-0.267
0.654	0.286	-0.291	-0.681	0.7609999999999999
1.097	0.883	0.332	0.372	0.6579999999999999
0.102	-0.0	-0.007	-1.318	0.057999999999999996
-0.019	-0.745	-0.888	0.335	0.506
0.454	0.116	0.489	0.458	-0.20399999999999996
0.98	0.382	0.009	0.251	0.672
0.64	0.443	-0.132	-0.313	0.6735
1.212	0.609	-0.659	-0.36	1.5695000000000001
1.296	0.924	0.444	-0.61	0.6660000000000001
0.261	-0.495	-0.209	-0.052	0.092
0.807	0.387	0.517	-0.198	0.07999999999999996
1.134	0.604	0.848	0.61	0.02100000000000002
1.037	0.715	1.079	-0.014	-0.20300000000000007
1.01	0.505	-0.185	0.226	0.9425000000000001
0.42	0.484	0.351	0.84	0.10099999999999998
0.949	0.654	0.131	0.142	0.6705
0.603	-0.252	-0.47	-0.008	0.6455
1.221	0.278	-1.065	-0.665	1.8145
0.83	0.35	-0.198	-0.348	0.788
0.207	0.009	-0.526	0.121	0.634
1.351	1.356	1.074	-0.064	0.27949999999999986
1.326	0.158	-0.704	-0.194	1.446
1.139	0.995	1.641	-0.168	-0.5740000000000001
0.362	0.041	0.042	-0.166	0.15949999999999998
1.067	0.8	0.539	0.636	0.39449999999999996
0.916	0.82	0.018	0.33	0.85
0.377	0.188	0.082	0.169	0.20049999999999996
1.47	0.806	-0.573	-0.484	1.7109999999999999
1.287	0.892	0.334	-0.048	0.7554999999999998
0.714	0.405	1.134	0.412	-0.5744999999999999
0.913	0.648	0.654	-0.376	0.12649999999999995
0.684	-0.083	-0.558	-0.583	0.8585
0.767	0.471	-0.495	-0.688	1.1139999999999999
0.803	0.65	0.243	-0.447	0.48350000000000004
1.234	0.918	0.011	-0.635	1.0650000000000002
1.46	1.105	0.646	0.648	0.6365
0.844	0.909	0.692	0.243	0.1845000000000001
0.853	0.567	0.241	-0.513	0.469
0.525	1.026	1.397	0.421	-0.6214999999999999
0.447	-0.272	-0.374	0.21	0.4615
1.287	0.884	0.165	0.163	0.9204999999999999
1.41	1.115	0.997	0.025	0.26549999999999996
0.947	1.159	1.355	1.09	-0.30200000000000005
0.814	0.865	1.013	0.49	-0.1735
0.442	0.806	0.632	-0.171	-0.008000000000000007
0.415	0.049	0.026	0.004	0.206
0.568	0.323	0.408	0.382	0.03750000000000003
1.406	1.287	1.486	0.48	-0.13950000000000018
1.544	0.767	0.122	0.458	1.0335
0.842	-0.009	-0.211	0.435	0.6275
0.676	0.004	-0.005	-0.352	0.34500000000000003
0.633	0.187	-0.552	-0.637	0.9620000000000001
0.997	0.864	0.109	0.432	0.8215
1.048	0.507	-0.834	-0.425	1.6115
1.031	0.838	0.581	0.984	0.3534999999999999
1.642	1.307	0.798	-0.758	0.6764999999999999
0.778	1.053	0.433	0.573	0.4825
0.584	-0.761	-1.448	-0.708	1.3595
0.731	0.553	-0.422	-0.707	1.064
0.21	-0.388	0.225	0.426	-0.314
0.514	0.419	-0.039	0.125	0.5055000000000001
1.26	0.649	0.286	1.033	0.6685000000000001
0.219	-0.18	-0.376	-0.001	0.3955
1.091	0.936	-0.467	-0.455	1.4805000000000001
1.18	1.161	0.639	0.888	0.5315000000000001
0.756	0.659	0.365	0.542	0.3425
0.692	0.545	0.581	0.549	0.03750000000000009
1.041	0.866	0.681	-0.984	0.27249999999999996
0.458	-0.012	-0.447	-0.557	0.67
0.953	1.114	0.588	-0.038	0.4455000000000001
0.607	0.815	-0.002	0.271	0.713
0.625	0.131	-0.498	-0.372	0.876
1.076	0.774	1.167	0.207	-0.242
1.267	0.986	0.502	-0.4	0.6245
1.452	0.729	-0.209	-0.058	1.2995
1.033	0.549	0.075	-0.459	0.716
0.859	-0.177	-0.503	-0.034	0.844
1.621	0.8	0.121	0.036	1.0895000000000001
1.116	0.894	0.344	1.009	0.6610000000000001
0.705	0.776	1.477	-0.47	-0.7365000000000002
0.998	0.772	0.943	0.789	-0.05799999999999994
1.249	0.653	0.224	0.027	0.7270000000000001
0.586	0.319	0.705	-0.185	-0.25249999999999995
0.774	0.514	0.228	0.848	0.41600000000000004
0.651	0.245	-0.458	-0.283	0.906
1.175	0.388	-0.748	-0.423	1.5295
1.272	0.543	-0.096	-0.655	1.0035
0.868	0.492	0.243	0.006	0.43699999999999994
0.042	-0.699	-0.536	0.703	0.20750000000000007
0.604	-0.381	-0.741	-0.197	0.8525
1.136	0.52	-0.446	-0.456	1.274
0.756	0.817	0.892	0.341	-0.10550000000000004
0.51	0.116	-0.036	0.067	0.349
0.847	0.602	-0.011	-0.015	0.7354999999999999
1.574	1.461	0.387	-0.031	1.1305
0.442	0.501	0.749	1.157	-0.27749999999999997
0.487	0.203	0.091	-0.195	0.254
1.373	1.072	-0.086	-0.185	1.3085000000000002
0.648	0.805	-0.003	-0.971	0.7295
1.122	1.013	0.406	-0.059	0.6614999999999999
0.359	-0.287	-0.256	0.58	0.29200000000000004
1.453	0.887	-1.053	0.198	2.223
1.098	0.772	0.551	-0.301	0.384
0.496	0.08	0.56	0.881	-0.2720000000000001
1.594	1.624	0.859	0.093	0.75
1.513	0.975	0.583	1.178	0.661
0.987	1.162	0.955	-0.168	0.11950000000000005
0.952	1.144	1.207	0.581	-0.15900000000000003
0.311	0.436	-0.068	-0.764	0.4415
0.899	0.354	-0.456	-0.598	1.0825
1.021	0.759	0.682	0.142	0.20799999999999985
0.346	0.589	0.602	0.186	-0.1345
0.514	0.354	0.253	-0.469	0.181
1.2	0.802	0.323	-0.796	0.6779999999999999
0.507	0.304	0.338	-0.36	0.06749999999999995
0.221	-0.075	-0.103	1.075	0.176
0.713	0.615	0.429	-0.573	0.23499999999999993
1.074	0.528	0.5	0.518	0.30100000000000005
0.563	0.105	-0.422	-0.091	0.756
0.514	0.506	0.052	0.563	0.458
0.474	0.552	0.514	-0.044	-0.0010000000000000009
0.461	-0.047	0.592	-0.414	-0.38499999999999995
0.282	0.378	0.261	0.406	0.06899999999999995
0.851	0.775	1.052	-0.028	-0.2390000000000001
0.99	0.589	0.494	0.346	0.2955
0.557	1.043	0.476	-0.09	0.32400000000000007
0.714	0.143	-0.618	-1.452	1.0465
0.72	0.803	0.226	0.285	0.5355000000000001
0.617	-0.465	-0.709	-0.328	0.7849999999999999
0.491	0.581	0.742	0.24	-0.20599999999999996
0.626	0.718	0.23	-1.022	0.44199999999999995
0.845	0.63	0.293	0.256	0.44450000000000006
0.624	0.152	0.688	0.468	-0.29999999999999993
0.718	0.294	-0.512	-0.343	1.018
0.829	0.555	0.526	-0.074	0.16599999999999993
0.069	-0.026	0.692	0.805	-0.6705
1.097	0.789	0.67	0.089	0.273
1.419	1.063	0.07	-1.081	1.171
0.909	-0.274	-0.684	-0.513	1.0015
0.789	0.156	0.779	0.577	-0.3065
0.875	0.613	0.269	0.116	0.475
1.345	0.658	0.126	-0.339	0.8755000000000001
0.642	0.888	0.553	-1.073	0.21199999999999997
0.598	0.725	0.668	-0.217	-0.006500000000000061
0.803	0.424	0.103	-0.351	0.5105000000000001
0.592	0.356	0.13	0.362	0.344
1.263	0.917	0.257	0.251	0.8329999999999999
1.706	1.054	0.301	0.134	1.079
0.599	0.342	0.231	-1.022	0.23950000000000002
1.796	0.749	-0.387	-0.402	1.6595
1.186	0.362	-0.04	-0.019	0.8140000000000001
0.465	0.598	0.832	0.6	-0.3005
0.437	0.112	-0.352	0.126	0.6265000000000001
1.166	0.782	-0.474	-0.288	1.448
0.857	1.126	0.774	0.157	0.21749999999999992
0.564	0.037	-0.229	-0.072	0.5295
0.077	-0.522	-0.097	-1.098	-0.1255
1.239	1.316	0.59	0.485	0.6875000000000001
1.164	1.17	0.471	0.419	0.6959999999999998
0.73	-0.022	-0.898	0.497	1.252
1.331	1.066	0.389	-0.097	0.8095000000000001
1.629	0.917	0.381	0.278	0.8920000000000001
0.373	0.457	0.285	-0.075	0.13000000000000006
0.402	0.363	0.257	0.077	0.1255
0.785	0.58	0.021	-0.443	0.6615
0.232	-0.198	0.168	0.209	-0.15100000000000002
1.204	0.897	0.407	0.162	0.6435
1.318	1.076	0.767	0.984	0.43000000000000005
0.739	-0.379	-0.669	-0.353	0.849
0.896	0.066	-0.169	-0.312	0.65
1.626	0.959	0.686	0.255	0.6064999999999999
0.915	0.449	-0.019	-0.344	0.7010000000000001
0.884	0.751	-0.232	0.452	1.0495
0.743	0.452	0.696	0.774	-0.09849999999999992
0.756	0.471	0.706	0.465	-0.09250000000000003
1.286	0.255	-0.929	-0.533	1.6995
1.321	0.362	-0.48	-0.014	1.3215
1.05	0.593	0.912	0.213	-0.09050000000000002
0.767	0.151	0.05	0.458	0.40900000000000003
0.771	0.742	0.664	0.682	0.09249999999999992
0.992	0.586	0.558	-0.252	0.23099999999999987
0.753	0.439	-0.495	0.274	1.091
0.543	0.483	0.631	0.977	-0.118
1.117	0.427	-0.428	-0.209	1.2
1.073	1.1	0.345	0.817	0.7415
0.469	-0.046	0.487	0.665	-0.27549999999999997
0.706	0.091	0.291	-0.522	0.10749999999999998
1.118	0.737	0.464	-0.262	0.46349999999999997
0.758	0.518	-0.859	-0.119	1.4969999999999999
1.365	0.757	0.782	-0.237	0.2789999999999999
0.639	0.442	0.015	0.211	0.5255
0.393	0.485	0.072	0.089	0.367
0.593	0.771	0.115	0.329	0.567
1.032	0.66	1.015	0.657	-0.16899999999999982
0.964	0.821	0.702	0.531	0.1905
0.491	0.776	0.72	0.845	-0.08650000000000002
0.847	0.022	0.057	0.814	0.3775
1.569	1.495	0.158	-0.154	1.374
0.212	0.531	0.891	-0.137	-0.5195000000000001
0.517	0.127	-0.21	0.299	0.532
0.678	0.732	0.213	0.184	0.4920000000000001
0.599	0.59	0.369	-0.085	0.22550000000000003
0.485	0.017	0.076	1.219	0.175
0.44	0.142	-0.168	-0.689	0.45899999999999996
0.809	0.552	-0.4	0.451	1.0805000000000002
0.991	0.633	0.378	0.119	0.43400000000000005
0.834	0.652	0.408	0.032	0.335
1.451	1.343	1.29	0.737	0.10699999999999998
0.907	0.498	0.692	1.328	0.010500000000000065
0.406	-0.337	-0.529	0.038	0.5635
0.857	0.054	-0.368	-0.559	0.8235
1.39	1.317	1.148	0.467	0.20550000000000002
0.185	0.15	-0.219	-0.025	0.38649999999999995
0.953	0.723	-0.268	0.083	1.1059999999999999
1.648	1.16	0.088	-0.784	1.3159999999999998
0.921	0.552	-0.075	-0.48	0.8115
1.481	1.058	0.141	-0.844	1.1285
0.756	1.043	0.5	0.137	0.39949999999999997
1.184	1.065	0.692	0.313	0.4324999999999999
0.809	0.237	-0.083	-0.514	0.606
0.785	0.33	0.154	-0.399	0.40349999999999997
0.853	-0.235	-0.769	-0.752	1.078
1.524	1.181	1.35	0.458	0.0024999999999999467
0.232	0.238	0.545	0.533	-0.31000000000000005
0.445	0.686	1.034	0.413	-0.4685
0.339	0.182	0.674	0.82	-0.41350000000000003
0.347	-0.238	-0.68	-0.329	0.7345
-0.676	-0.518	0.12	-0.032	-0.717
0.846	0.405	0.145	0.616	0.4804999999999999
0.755	0.31	0.29	0.449	0.2425
1.837	1.347	0.739	-0.584	0.8530000000000001
0.176	-0.057	0.032	0.126	0.027499999999999997
1.44	1.269	1.014	0.665	0.3404999999999998
0.822	0.331	-0.031	-0.173	0.6075
1.585	0.961	-0.436	-0.243	1.7089999999999999
0.852	0.403	0.362	0.447	0.26549999999999996
0.976	0.89	0.787	0.096	0.14600000000000002
0.939	0.338	0.34	-0.096	0.29849999999999993
2.001	1.385	0.389	-0.086	1.304
1.078	0.308	-0.921	-1.08	1.614
0.851	0.564	-0.099	0.343	0.8065
0.781	0.272	0.406	0.323	0.12049999999999994
0.591	0.865	0.4	0.507	0.32799999999999996
0.443	0.559	0.477	-0.149	0.02400000000000002
0.205	0.243	0.557	-0.205	-0.3330000000000001
0.205	0.184	0.367	0.704	-0.1725
0.484	0.747	1.127	0.785	-0.5115000000000001
0.769	0.521	-0.009	0.492	0.654
0.572	0.63	0.336	0.422	0.26499999999999996
0.693	0.459	0.181	-0.631	0.39499999999999996
1.061	1.035	0.571	-0.314	0.4770000000000001
0.983	0.582	0.487	-0.58	0.2955
0.332	0.11	0.428	-0.0	-0.207
0.856	0.086	0.165	-0.106	0.30599999999999994
1.563	0.884	0.969	0.412	0.25450000000000006
