sst-nae_pc1_-1W	sst-nae_pc1_-2to3W	sst-nae_pc1_-4to6W	sst-nae_pc1_trend	sst-nae_pc2_-1W	sst-nae_pc2_-2to3W	sst-nae_pc2_-4to6W	sst-nae_pc2_trend	sst-nae_pc3_-1W	sst-nae_pc3_-2to3W	sst-nae_pc3_-4to6W	sst-nae_pc3_trend
-15.304	-21.004	-18.288	4.3420000000000005	-1.573	-7.284	-10.635	7.3865	-21.562	-13.042	0.268	-15.175
-12.827	-16.499	-17.863	4.353999999999997	4.276	8.287	-0.939	0.6019999999999994	-16.343	-19.824	-19.167	3.1525
10.092	7.394	10.56	1.1150000000000002	-2.027	-0.222	6.503	-5.1675	12.884	7.099	-2.745	10.707
-7.041	-9.094	-15.315	5.163499999999999	9.659	12.485	5.286	0.7735000000000003	-8.598	-15.259	-10.915	4.488999999999999
1.172	-4.464	-13.494	10.151	23.182	13.524	8.152	12.344	-13.342	-10.39	-12.368	-1.9629999999999992
48.789	48.445	40.64	4.2464999999999975	21.656	25.64	22.319	-2.323500000000003	11.175	9.387	6.708	3.1275000000000013
36.158	36.075	29.301	3.469999999999999	-19.274	-27.467	-30.009	9.463999999999999	-0.083	-3.692	-13.853	8.6895
26.904	26.495	31.081	-1.8840000000000003	-1.932	-4.615	-2.464	1.6075000000000004	-11.333	-17.678	-17.531	6.271500000000001
18.425	20.871	26.538	-5.279499999999999	2.161	-9.784	-3.066	8.586	-11.967	-8.955	-14.399	-0.2900000000000009
20.511	14.505	7.013	9.751999999999999	12.49	6.268	-8.323	13.5175	0.348	0.804	-3.378	1.6349999999999998
9.461	14.03	12.534	-3.8209999999999997	-11.287	-3.044	-1.652	-8.939	-1.082	-1.246	3.38	-2.149
-0.79	0.392	4.67	-3.321	-14.71	-21.564	-14.165	3.1544999999999987	5.75	5.311	10.225	-2.018
4.428	-0.238	1.768	3.663	-4.68	-16.697	-19.096	13.2165	6.082	5.881	8.615	-1.1660000000000004
-19.582	-21.324	-28.527	5.343499999999999	-13.007	-4.951	-16.269	-2.3970000000000002	-3.463	-4.817	8.13	-5.1195
44.677	49.513	48.96	-4.5595	3.781	-0.437	-13.332	10.6655	16.586	13.038	7.809	6.162499999999998
4.846	-6.61	-6.593	11.4475	16.253	6.961	9.418	8.063500000000001	9.666	11.092	7.559	0.34050000000000047
-11.016	-8.944	-13.792	0.3520000000000003	14.7	15.138	13.498	0.3819999999999997	10.428	8.13	28.51	-7.8919999999999995
-9.912	-5.621	-8.283	-2.960000000000001	17.191	24.405	14.357	-2.1900000000000013	10.128	8.36	7.888	2.0040000000000013
-0.321	-5.389	-0.801	2.774	7.406	13.018	19.528	-8.867	-19.212	-24.99	-30.433	8.499500000000001
0.097	3.335	8.823	-5.982	-4.064	-6.202	-2.06	0.06700000000000017	18.621	15.702	14.698	3.4209999999999994
-23.518	-20.494	-19.513	-3.514499999999998	4.088	4.837	-1.755	2.547	6.935	4.601	12.249	-1.490000000000001
-23.743	-25.226	-20.81	-0.7249999999999979	0.777	2.668	4.616	-2.8649999999999998	3.14	3.195	5.286	-1.1004999999999998
-22.003	-22.571	-24.645	1.6050000000000004	-10.786	-0.318	2.692	-11.972999999999999	-4.723	0.268	3.728	-6.721
32.18	28.728	33.978	0.8269999999999982	1.454	-10.244	-5.604	9.378	2.222	4.107	-12.42	6.378499999999999
60.197	53.787	56.216	5.195500000000003	-13.401	-21.59	-22.469	8.628499999999999	9.798	16.783	19.296	-8.2415
-33.157	-33.642	-34.798	1.0630000000000024	3.938	-5.046	-7.686	10.304	-19.057	-14.662	-13.872	-4.789999999999999
8.27	4.852	4.186	3.7509999999999994	16.303	13.474	10.757	4.1875	-6.754	-9.798	-8.56	2.4250000000000007
14.014	11.47	6.623	4.967499999999999	17.062	17.542	15.926	0.3279999999999994	-9.168	-6.88	-8.57	-1.4429999999999996
8.324	3.516	0.335	6.3985	5.052	4.957	3.505	0.8209999999999997	3.94	5.511	-6.002	4.185499999999999
3.961	15.586	15.919	-11.791500000000001	15.581	20.054	19.833	-4.362500000000001	-4.096	-1.63	0.705	-3.6335
1.301	18.284	41.503	-28.5925	-23.937	-21.257	-24.3	-1.1585	-7.691	-4.261	0.486	-5.8035
-13.581	-17.466	-8.232	-0.7319999999999993	-12.45	-10.457	-0.043	-7.199999999999999	9.865	8.853	-4.578	7.727500000000001
-10.939	-5.162	-14.181	-1.2675	-1.722	2.817	-10.928	2.3335000000000004	9.955	5.75	8.753	2.7035
-2.285	5.419	11.078	-10.5335	0.617	8.676	6.073	-6.7575	-0.626	-0.858	6.889	-3.6415
4.257	3.777	1.16	1.7884999999999995	26.888	20.576	9.362	11.919	9.373	12.524	9.279	-1.5284999999999993
-5.621	-0.764	4.173	-7.3255	8.271	14.578	26.619	-12.3275	-0.852	3.51	9.649	-7.4315
51.991	51.852	59.757	-3.8134999999999977	-4.516	-4.578	-5.303	0.4245000000000001	11.637	8.414	4.259	5.3005
-30.4	-23.505	-21.06	-8.1175	23.554	19.489	7.923	9.847999999999999	-12.203	-10.379	-6.951	-3.5380000000000003
-22.964	-27.455	-29.283	5.405000000000001	0.421	7.748	14.233	-10.569500000000001	-20.333	-18.853	-19.423	-1.1950000000000003
-58.431	-54.184	-43.972	-9.352999999999994	-0.596	-7.073	-5.257	5.569	3.279	4.643	0.723	0.5960000000000001
-14.346	-13.837	-13.71	-0.5724999999999998	-4.82	-9.962	-4.33	2.3259999999999996	15.595	12.866	10.73	3.7970000000000006
-8.913	-10.34	-13.701	3.1075	1.693	6.469	-6.397	1.657	16.681	15.389	14.869	1.5520000000000014
5.458	4.125	6.555	0.11800000000000033	14.407	16.099	4.19	4.262499999999999	6.14	4.518	-4.531	6.1465
11.572	13.157	7.723	1.1319999999999997	-6.788	-11.571	-11.125	4.559999999999999	-7.724	-10.404	-1.143	-1.9505
25.681	23.674	22.311	2.6885000000000012	22.935	17.084	21.619	3.5834999999999972	5.046	4.709	-5.837	5.61
17.614	24.305	25.472	-7.2745	22.776	27.519	27.506	-4.7364999999999995	-5.305	-3.747	0.953	-3.9079999999999995
21.456	16.116	14.038	6.379	6.876	5.87	1.666	3.1080000000000005	28.03	27.543	25.084	1.7165000000000035
-31.811	-28.663	-26.769	-4.094999999999999	5.342	6.899	8.162	-2.1885000000000003	-5.365	-8.369	-11.326	4.4825
-10.012	-6.222	-0.36	-6.721	-1.576	-4.889	-8.932	5.3345	-6.661	-9.191	-11.754	3.8115000000000006
-0.563	-0.916	-7.526	3.6580000000000004	18.586	6.966	3.044	13.581	-16.499	-19.962	-14.915	0.9394999999999989
-10.365	-5.217	-1.917	-6.798	25.312	22.923	8.095	9.803	-12.237	-12.88	-19.658	4.032000000000002
-26.738	-35.016	-32.069	6.804500000000004	0.358	2.514	-2.177	0.1895000000000001	14.984	10.582	8.874	5.2559999999999985
-21.364	-21.228	-18.788	-1.355999999999998	-1.181	9.443	3.285	-7.545	5.847	-3.803	-3.09	9.2935
-23.123	-18.182	-18.842	-4.611000000000001	0.611	-1.298	1.405	0.5575	-2.515	5.502	5.772	-8.152000000000001
21.08	21.696	18.847	0.8084999999999951	5.602	-2.849	-15.742	14.8975	13.479	9.486	6.108	5.681999999999999
23.597	20.905	20.302	2.993500000000001	-1.667	3.857	-5.912	-0.6395000000000002	12.151	13.442	7.396	1.7319999999999993
-16.076	-15.056	-7.234	-4.931000000000001	-2.964	-1.467	2.233	-3.347	-4.799	-0.682	-6.997	-0.9595000000000002
-12.694	-13.304	-11.855	-0.11450000000000138	-8.481	-13.072	-7.713	1.9115000000000002	-8.791	-10.723	-10.785	1.963000000000001
3.475	10.049	14.569	-8.834000000000001	10.666	15.169	12.361	-3.099	5.392	11.125	10.298	-5.319500000000001
9.435	1.088	3.204	7.289000000000001	6.634	-3.871	1.309	7.915000000000001	-18.202	-11.589	-4.223	-10.296000000000001
6.374	12.243	11.645	-5.569999999999999	15.495	12.686	3.131	7.586499999999999	-25.835	-24.171	-22.104	-2.6975000000000016
-4.994	-4.69	-7.083	0.8925000000000001	-13.916	3.084	-1.512	-14.702	24.152	22.425	26.126	-0.12349999999999994
-1.061	-4.535	-5.644	4.0285	-6.841	-8.776	1.264	-3.0850000000000004	28.679	25.337	22.683	4.6690000000000005
30.08	22.678	39.336	-0.9269999999999996	-5.495	-15.295	-1.789	3.0469999999999997	11.171	10.75	-2.997	7.294499999999999
-1.125	6.19	13.681	-11.0605	-20.657	-15.311	-3.245	-11.379	2.291	-0.986	-17.172	11.370000000000001
-20.237	-24.035	-21.597	2.579000000000004	0.572	5.106	6.105	-5.0335	-18.925	-17.438	-12.213	-4.099500000000003
-35.704	-35.45	-31.878	-2.039999999999999	-2.044	0.971	-0.016	-2.5215	-42.113	-31.234	-17.63	-17.680999999999997
-21.381	-17.453	-11.876	-6.7165	1.14	9.336	6.995	-7.0255	16.744	19.13	13.162	0.597999999999999
21.722	29.161	20.971	-3.344000000000001	2.39	15.83	4.603	-7.826499999999999	-14.174	-26.377	-20.442	9.235500000000002
16.696	18.968	27.187	-6.381499999999999	11.305	1.268	11.697	4.8225	-12.981	-14.001	-23.209	5.6240000000000006
15.111	15.705	20.132	-2.807500000000001	11.287	12.218	1.787	4.284500000000001	-12.002	-12.868	-14.62	1.741999999999999
6.719	14.778	18.061	-9.700499999999998	11.918	12.407	5.255	3.0869999999999997	-5.266	-12.132	-13.813	7.7065
-22.928	-31.017	-31.757	8.459	5.75	3.269	10.63	-1.1995000000000005	-9.764	-4.276	-7.236	-4.007999999999999
6.309	-1.546	-2.875	8.5195	-2.767	-11.939	-13.868	10.136500000000002	1.353	5.993	19.61	-11.448500000000001
0.421	4.941	3.805	-3.9520000000000004	13.845	18.649	14.87	-2.9144999999999985	14.366	2.973	2.353	11.703
39.467	45.43	47.382	-6.939	-8.015	-9.361	-11.401	2.3659999999999997	-7.472	-4.393	-4.883	-2.8340000000000005
37.745	31.459	37.196	3.417499999999997	-23.426	-19.317	-9.054	-9.240499999999997	-16.248	-10.145	-6.663	-7.844000000000001
32.646	38.558	34.774	-4.019999999999996	-28.662	-21.538	-22.111	-6.837499999999999	-21.205	-17.471	-15.151	-4.893999999999998
-9.481	-6.237	-4.961	-3.8819999999999997	3.247	4.338	5.558	-1.7010000000000005	-4.774	-1.856	-0.154	-3.769
-9.47	-4.583	-9.712	-2.3225000000000007	23.39	18.114	2.829	12.9185	-15.996	-20.762	-21.252	5.0109999999999975
11.216	15.322	14.854	-3.872	2.472	-1.555	-11.382	8.9405	-7.324	-5.256	-13.805	2.2065
16.092	13.038	3.848	7.648999999999999	22.783	17.559	-1.044	14.525500000000001	6.354	5.744	5.415	0.7745000000000006
-2.488	-4.584	-2.986	1.2970000000000002	21.807	23.65	13.415	3.2744999999999997	-9.606	-16.924	-7.743	2.727500000000001
-6.329	-5.18	-4.496	-1.4909999999999997	16.531	15.436	11.017	3.304499999999999	1.662	-9.493	-9.313	11.065000000000001
-43.453	-46.499	-43.625	1.6089999999999947	-9.812	-9.468	6.025	-8.090499999999999	-5.755	6.262	7.403	-12.587499999999999
-44.491	-43.701	-46.976	0.8474999999999966	-2.523	-11.264	2.782	1.7179999999999995	-7.822	-0.617	6.393	-10.71
6.719	-2.133	-4.107	9.839	12.805	7.57	8.957	4.541499999999999	-7.666	0.054	-14.004	-0.6910000000000007
5.546	4.947	5.901	0.12200000000000077	-4.314	-4.343	8.048	-6.1665	-20.226	-17.837	-15.328	-3.6434999999999995
-1.086	-0.205	1.593	-1.78	10.083	12.054	4.942	1.584999999999999	-21.215	-21.065	-22.298	0.4664999999999999
-7.452	2.551	6.966	-12.2105	17.579	17.875	25.423	-4.07	0.73	-3.249	-7.072	5.890499999999999
-5.871	-4.812	5.864	-6.397	15.18	17.751	21.23	-4.310500000000001	0.68	0.556	-5.029	2.9165
-7.771	-12.083	-3.256	-0.1014999999999997	-3.334	-9.892	-3.792	3.5079999999999996	14.522	17.593	18.249	-3.398999999999999
-7.791	-3.817	-8.131	-1.8170000000000002	-0.02	5.84	-3.431	-1.2245	13.447	10.081	14.132	1.3404999999999987
-12.93	-15.515	-15.588	2.621500000000001	9.986	0.007	-4.456	12.210500000000001	-14.314	-10.585	-12.351	-2.846
-1.386	-1.887	5.061	-2.973	1.867	-7.76	-12.793	12.1435	-16.499	-9.13	-13.762	-5.052999999999997
6.708	9.359	18.337	-7.139999999999999	-2.256	-6.039	4.627	-1.5499999999999998	2.26	6.534	1.414	-1.714
-45.458	-44.689	-42.355	-1.936	-14.223	-23.027	-19.15	6.865499999999999	5.951	3.872	17.008	-4.489
9.149	3.456	2.744	6.0489999999999995	8.888	-0.645	-7.799	13.11	-3.908	4.211	3.158	-7.592499999999999
11.446	12.273	17.278	-3.3294999999999995	14.7	15.819	14.254	-0.3365000000000009	12.917	7.573	6.368	5.9464999999999995
10.262	11.559	14.24	-2.6374999999999993	19.607	14.755	15.161	4.648999999999999	8.555	12.024	6.947	-0.9305000000000003
39.911	31.273	26.633	10.958000000000002	10.17	11.439	4.701	2.0999999999999996	8.398	2.156	-1.029	7.834499999999999
46.762	36.742	26.159	15.311500000000002	4.787	12.081	7.178	-4.8425	7.947	4.486	0.381	5.5135000000000005
17.083	7.664	8.156	9.172999999999998	-12.841	-12.873	-10.323	-1.2430000000000003	-3.553	4.909	-0.998	-5.5085
-0.974	-2.086	5.685	-2.7735	0.171	-8.255	-2.466	5.5315	15.542	17.86	15.496	-1.136000000000001
0.626	1.425	-4.024	1.9255	-8.702	-2.07	-2.986	-6.1739999999999995	14.509	12.313	14.17	1.2675
-0.165	-0.493	0.159	0.001999999999999974	-1.555	-6.703	-2.469	3.0310000000000006	12.55	13.365	13.392	-0.8284999999999982
-0.473	-0.305	1.656	-1.1484999999999999	3.092	-0.939	-3.964	5.5435	4.662	12.514	12.689	-7.9395
-9.13	-14.761	-7.996	2.248499999999998	7.885	4.078	8.199	1.7464999999999993	-1.039	4.203	9.662	-7.971500000000001
-13.405	-8.127	-12.884	-2.899499999999998	7.179	10.407	5.347	-0.6980000000000004	-0.904	-9.442	2.456	2.5890000000000004
-36.811	-40.317	-37.22	1.9575000000000031	-31.276	-23.474	-16.046	-11.516000000000002	6.563	9.907	13.815	-5.298000000000001
4.034	7.936	3.225	-1.5465	0.592	-1.159	2.327	0.008000000000000007	-18.268	-21.128	-21.96	3.276
7.767	7.218	6.667	0.8245000000000005	1.749	6.541	1.427	-2.235	-8.477	-15.764	-20.016	9.413
22.289	22.35	20.734	0.7469999999999999	-6.795	0.342	-0.242	-6.845	-11.519	-18.936	-13.064	4.481
9.855	8.447	19.639	-4.187999999999999	8.278	3.136	11.496	0.9619999999999997	-11.4	-7.706	-9.047	-3.0235000000000003
-42.478	-34.139	-41.127	-4.844999999999999	-14.786	-8.884	-13.895	-3.3964999999999996	23.468	20.174	18.207	4.2775
-37.564	-34.345	-39.971	-0.4059999999999988	-17.849	-13.142	-15.075	-3.740500000000001	13.61	11.577	19.524	-1.9405000000000001
7.439	19.103	18.242	-11.2335	-3.984	2.053	-3.534	-3.2435	-14.173	-17.611	-11.955	0.6100000000000012
9.774	8.025	19.051	-3.764000000000001	3.768	-3.89	0.634	5.396	-13.03	-11.675	-16.412	1.0135000000000005
37.506	39.12	29.087	3.4025000000000034	16.491	13.786	10.656	4.27	17.48	6.834	3.272	12.427
37.62	43.076	39.044	-3.440000000000005	23.861	21.747	19.689	3.1430000000000007	12.001	9.087	11.883	1.516
38.871	39.233	42.641	-2.0659999999999954	19.108	22.451	21.566	-2.9004999999999974	11.683	11.065	8.297	2.001999999999999
36.437	38.266	43.331	-4.361500000000007	18.027	20.907	21.66	-3.256499999999999	11.075	12.348	8.238	0.782
-14.125	-12.261	-4.01	-5.9895	-10.006	-6.159	3.101	-8.477	2.411	-1.171	-3.675	4.834
-13.919	-2.543	-5.203	-10.046	-10.211	-14.599	-17.273	5.725	-11.27	-18.909	-20.842	8.6055
-13.315	-14.207	-4.432	-3.995499999999998	-8.429	-7.634	-15.15	2.962999999999999	-8.682	-10.669	-19.475	6.390000000000001
-13.539	-13.278	-7.027	-3.3865	-4.628	-7.142	-12.829	5.3575	-10.199	-9.568	-15.526	2.3480000000000008
1.961	-0.108	-6.223	5.1265	22.766	20.185	0.356	12.495499999999998	-5.047	-5.36	2.531	-3.6324999999999994
25.869	28.466	19.407	1.9324999999999974	8.037	3.805	-3.355	7.812000000000001	22.506	20.683	14.665	4.832000000000001
65.94	69.752	72.824	-5.347999999999999	-0.852	-13.617	-15.43	13.6715	-0.52	-2.214	-12.31	6.742000000000001
65.331	68.088	69.365	-3.395499999999984	8.006	5.337	-11.212	10.9435	-1.754	-2.445	-2.07	0.5034999999999998
-33.033	-34.484	-34.665	1.5414999999999992	4.943	1.93	1.969	2.9934999999999996	-6.453	-5.637	-5.282	-0.9935
-30.514	-33.618	-34.615	3.6025000000000027	1.498	4.152	1.684	-1.4200000000000002	-5.543	-5.859	-5.638	0.2054999999999998
-31.903	-31.433	-33.686	0.6565000000000012	10.266	3.087	2.263	7.591	-5.625	-5.54	-6.789	0.5395000000000003
-12.064	-10.125	1.493	-7.748	-2.313	-2.382	1.795	-2.0195	-4.079	-4.197	-14.005	5.022000000000001
-12.198	-9.286	-6.798	-4.156000000000001	-13.029	-10.995	-0.053	-7.505	1.799	4.946	-3.011	0.8315000000000001
-11.253	-12.111	-6.846	-1.7744999999999997	-12.444	-12.767	-4.348	-3.8865000000000016	2.308	4.175	1.275	-0.4169999999999998
19.687	25.641	30.939	-8.602999999999998	8.13	8.675	2.236	2.6745	11.331	7.927	5.9	4.4174999999999995
14.47	17.504	22.899	-5.731500000000002	-4.781	6.387	8.6	-12.2745	16.854	14.625	9.623	4.73
20.524	14.102	11.28	7.833000000000002	2.175	6.214	9.638	-5.751	-13.529	-15.303	-18.565	3.405000000000001
31.785	25.249	22.217	8.052000000000003	5.807	-3.487	4.05	5.525500000000001	-9.018	-6.726	-10.684	-0.3130000000000006
19.033	20.912	29.025	-5.9354999999999976	3.049	4.145	9.918	-3.9824999999999995	-3.257	-2.642	-6.897	1.5124999999999997
5.738	10.1	21.901	-10.2625	-2.195	-2.128	8.575	-5.4185	-9.024	-10.188	-10.762	1.4510000000000023
9.071	5.236	7.487	2.7095000000000002	-7.099	-6.99	-1.156	-3.026	-5.464	-13.737	-10.471	6.639999999999999
-14.919	-15.099	-12.329	-1.205	10.891	16.032	17.601	-5.925499999999998	-11.544	-8.754	-6.709	-3.812500000000001
-30.404	-27.761	-22.131	-5.458000000000002	-12.299	-9.081	-3.661	-5.928	-1.283	-4.489	-6.407	4.165000000000001
-35.352	-33.679	-24.7	-6.162499999999994	-19.725	-14.428	4.219	-14.620500000000002	-9.016	-3.068	-3.442	-5.761
-21.248	-17.644	-21.444	-1.7040000000000042	-3.639	-8.751	-4.087	2.78	3.317	7.275	7.988	-4.314500000000001
-21.897	-20.171	-18.862	-2.380499999999998	-8.342	-3.012	-7.176	-3.248	-0.181	2.928	7.947	-5.6185
-13.547	-18.368	-21.588	6.431000000000001	-9.713	-12.186	-6.213	-0.5134999999999987	-3.518	-3.835	-0.13	-1.5354999999999999
18.286	13.726	8.662	7.0920000000000005	4.525	-0.46	-2.951	6.2305	-26.063	-20.249	-21.73	-5.073499999999999
35.658	27.149	27.373	8.396999999999998	2.562	1.457	1.652	1.0074999999999998	12.73	16.45	8.066	0.4720000000000013
40.25	37.894	33.936	4.335000000000001	-0.044	3.881	-15.54	5.7855	5.449	-1.102	-1.897	6.9485
-24.902	-38.217	-30.752	9.582499999999996	12.619	-2.988	-7.18	17.703	-13.907	-0.542	3.672	-15.472
-40.933	-42.471	-39.714	0.1595000000000013	-10.155	-9.577	1.712	-6.222499999999999	1.927	-1.304	-11.345	8.2515
15.092	12.087	10.987	3.5550000000000015	26.178	13.834	12.319	13.101500000000001	-17.564	-10.073	-13.688	-5.683499999999999
15.077	13.879	11.342	2.4665	27.012	21.596	12.391	10.0185	-12.357	-15.48	-10.78	0.7729999999999997
33.618	25.798	14.533	13.452500000000004	3.982	1.797	5.9	0.13350000000000017	4.034	-1.497	1.437	4.064
29.641	31.631	17.894	4.878499999999999	5.8	3.807	4.851	1.471	9.398	1.76	1.705	7.6655
22.758	26.637	29.615	-5.3679999999999986	-4.652	2.172	3.404	-7.44	9.486	9.924	1.835	3.6065000000000005
20.088	18.656	24.324	-1.402000000000001	6.197	7.355	-0.344	2.6915	8.932	10.43	9.181	-0.8734999999999982
26.3	28.341	25.277	-0.5090000000000003	12.182	8.658	5.443	5.131500000000001	2.801	-5.79	-0.525	5.958500000000001
-62.462	-55.215	-56.984	-6.362499999999997	-0.69	4.262	6.343	-5.9925	11.577	4.736	14.748	1.8350000000000009
-58.744	-59.311	-60.608	1.2154999999999987	-15.045	-8.285	-8.385	-6.709999999999999	-3.362	0.367	4.911	-6.0009999999999994
-13.432	-22.316	-24.19	9.821	-3.88	-4.743	-7.094	2.0385	11.556	16.716	16.879	-5.2415
-20.45	-17.319	-14.569	-4.506	17.481	7.234	0.867	13.430500000000002	13.935	11.651	14.879	0.6699999999999999
22.17	18.26	16.917	4.581499999999998	-11.001	-16.294	-6.144	0.21800000000000175	5.009	4.449	0.208	2.6805000000000003
21.012	21.354	19.821	0.4245000000000019	16.506	9.969	-12.28	17.6615	14.988	9.424	5.04	7.756
23.577	22.006	14.906	5.121000000000002	19.315	15.25	17.034	3.173000000000002	-9.765	-11.11	-9.6	0.5899999999999999
14.706	21.458	22.404	-7.224999999999998	6.758	14.756	16.436	-8.838000000000001	-7.218	-7.572	-10.892	2.0139999999999993
11.413	13.83	19.634	-5.318999999999999	6.237	10.454	12.658	-5.319000000000001	-3.545	-5.08	-7.491	2.7405
-12.259	-11.176	-5.024	-4.159000000000001	-6.242	-3.557	0.945	-4.936	-5.964	-11.214	-7.231	3.2584999999999997
-12.707	-12.898	-6.528	-2.9940000000000015	-6.012	-4.832	-1.608	-2.792	-5.179	-7.606	-9.222	3.2349999999999994
25.976	26.395	19.803	2.876999999999999	25.218	16.249	8.515	12.836	3.606	6.808	4.816	-2.2059999999999995
29.801	25.346	24.758	4.748999999999999	26.881	19.619	11.44	11.351500000000001	1.726	5.317	5.101	-3.4829999999999997
31.649	26.354	32.842	2.051000000000002	-3.779	-12.66	-22.356	13.729000000000003	-1.632	0.676	1.425	-2.6825
26.164	30.825	28.171	-3.333999999999996	1.69	-2.122	-14.497	9.9995	-0.111	-1.528	-0.882	1.094
-11.249	-7.358	0.614	-7.877000000000001	5.18	14.452	15.436	-9.764	-1.809	-7.125	-4.278	3.892499999999999
-22.945	-16.278	-17.301	-6.1555000000000035	3.702	5.206	6.534	-2.168	-27.039	-25.24	-15.816	-6.511000000000003
-47.918	-53.419	-49.248	3.4155000000000015	-1.491	-3.442	1.899	-0.7195	13.849	18.366	17.473	-4.070499999999999
0.986	-1.42	2.714	0.33899999999999997	-14.392	-20.67	-17.542	4.714000000000002	16.903	14.66	4.885	7.130499999999998
-2.768	3.461	8.714	-8.8555	18.208	15.832	3.44	8.571999999999997	26.415	25.663	15.392	5.887499999999999
-5.694	-0.451	7.701	-9.318999999999999	6.155	6.69	3.404	1.1079999999999997	-8.762	-8.627	-2.926	-2.9855
-7.133	-3.19	-7.824	-1.6260000000000003	11.382	11.495	-0.853	6.061	-6.569	-9.734	1.497	-2.4505
-6.363	-11.643	-11.498	5.207499999999999	9.409	-3.686	-5.128	13.816	-11.984	-10.579	-7.488	-2.9505
28.047	30.762	24.489	0.4214999999999982	-7.155	-2.498	5.436	-8.624	6.697	0.468	-0.007	6.4665
-3.234	0.611	7.585	-7.332	17.479	18.519	6.79	4.8245000000000005	9.24	12.898	9.742	-2.08
36.628	30.29	39.465	1.7505000000000024	1.788	1.128	7.865	-2.7085	3.271	3.501	-7.704	5.3725
-29.169	-26.954	-20.551	-5.416500000000003	-6.013	-8.774	-3.157	-0.04750000000000032	-25.666	-24.229	-15.989	-5.556999999999999
4.845	-4.8	-5.048	9.768999999999998	-12.489	-14.644	-15.013	2.3394999999999992	4.626	7.446	5.559	-1.8764999999999992
-17.043	-7.942	1.129	-13.636499999999998	-6.442	-0.132	4.687	-8.7195	11.795	7.837	6.408	4.672499999999999
-12.38	-14.079	-12.443	0.8809999999999985	-11.325	-8.142	-4.486	-5.010999999999999	7.903	6.742	9.442	-0.18900000000000095
-5.414	-9.202	-11.121	4.7475000000000005	8.234	6.31	-0.629	5.3935	7.661	4.72	5.753	2.4245
24.687	19.782	19.12	5.236000000000001	6.772	3.461	5.277	2.4030000000000005	17.803	24.296	20.93	-4.809999999999999
-21.92	-19.926	-10.861	-6.526500000000002	-14.407	-8.712	-2.5	-8.801	-14.854	-19.58	-22.611	6.241500000000002
-17.953	-22.243	-18.213	2.275000000000002	-5.777	-7.683	-7.996	2.0625	-26.051	-17.709	-20.329	-7.032
8.438	0.435	-10.419	13.43	24.134	20.723	6.697	10.424000000000001	-12.69	-10.533	-7.836	-3.5054999999999996
56.074	52.166	57.422	1.2800000000000011	-25.404	-25.299	-18.131	-3.689	17.015	18.191	22.547	-3.353999999999999
52.074	49.819	54.94	-0.3055000000000021	-15.786	-24.08	-24.565	8.536499999999998	27.053	23.489	19.468	5.5745000000000005
-11.697	-16.296	-17.096	4.998999999999999	4.502	4.302	9.915	-2.6064999999999996	-9.799	-8.998	-13.892	1.6460000000000008
-7.231	-5.14	-9.809	0.24349999999999916	17.843	21.062	16.526	-0.9510000000000005	-3.021	-8.703	-15.61	9.1355
-9.981	-8.604	-6.906	-2.226000000000001	30.474	32.385	21.538	3.5124999999999993	-6.951	-6.796	-1.398	-2.853999999999999
47.614	51.588	52.258	-4.309000000000005	-0.376	5.689	-1.203	-2.6189999999999998	16.364	11.925	7.641	6.5809999999999995
-12.934	-10.366	-20.633	2.5655	4.325	12.803	9.546	-6.8495	7.036	0.346	5.287	4.2195
-19.9	-21.517	-4.591	-6.845999999999998	0.143	-1.55	8.169	-3.1665000000000005	-11.597	-15.965	-2.502	-2.3635
-19.158	-26.478	-20.166	4.1640000000000015	8.096	13.293	8.009	-2.5549999999999997	-25.361	-19.89	-13.524	-8.654
-21.682	-23.018	-22.281	0.9675000000000011	10.194	8.878	13.789	-1.1395	-19.561	-22.574	-17.43	0.4410000000000025
-2.837	5.358	9.154	-10.093	-3.4	-6.368	-11.97	5.769	16.457	13.519	14.533	2.431000000000001
-5.461	-0.976	2.742	-6.344	15.58	13.796	19.134	-0.8849999999999998	11.828	6.736	12.57	2.174999999999999
9.84	17.884	0.263	0.7664999999999988	0.487	-1.52	-8.645	5.5695	2.186	-0.629	12.946	-3.9725
5.017	5.297	3.841	0.4480000000000004	2.469	3.278	3.909	-1.1244999999999998	11.701	4.281	3.235	7.9430000000000005
23.305	37.191	23.489	-7.035000000000004	-7.331	-7.455	-15.301	4.047	-22.827	-31.642	-28.141	7.064499999999999
13.77	11.2	18.517	-1.0884999999999998	-10.148	-16.772	-15.344	5.91	-19.025	-22.801	-19.696	2.2235000000000014
13.709	13.745	12.009	0.8320000000000007	-10.416	-11.859	-16.717	3.872	-18.97	-19.76	-22.093	1.956500000000002
-33.853	-36.627	-25.043	-3.0180000000000007	-1.681	-6.61	-4.271	3.7595	-4.889	-3.256	-11.003	2.2405
-30.963	-26.936	-33.906	-0.5420000000000016	-0.965	1.832	-2.988	-0.387	-4.499	-5.653	-2.755	-0.29499999999999993
20.23	17.143	16.894	3.211500000000001	-4.01	9.279	9.261	-13.28	25.067	22.087	18.679	4.684000000000001
-17.08	-16.512	-13.59	-2.028999999999998	-2.479	-5.447	-6.725	3.607	1.113	-6.606	-14.589	11.7105
-11.57	-16.016	-17.157	5.016500000000001	2.659	-0.564	-7.755	6.818499999999999	0.346	1.147	-10.556	5.0504999999999995
-9.978	-6.473	-15.28	0.8985000000000003	22.484	16.507	-0.752	14.6065	-1.267	-2.101	0.378	-0.40549999999999997
-13.943	-10.139	-8.568	-4.589499999999999	28.652	26.627	12.763	8.957	2.782	-1.069	-0.979	3.806
-9.276	-13.111	-9.205	1.8820000000000014	15.27	20.609	25.902	-7.985500000000002	-2.456	1.727	-1.069	-2.785
0.97	-3.484	-10.636	8.03	7.583	3.596	-5.978	8.774000000000001	14.687	13.423	12.534	1.708499999999999
2.31	7.735	2.208	-2.6615000000000006	-0.994	12.754	8.013	-11.3775	14.988	19.9	15.707	-2.8155
-7.31	-5.005	-6.156	-1.7294999999999998	8.397	9.084	7.92	-0.10499999999999865	13.086	12.443	17.108	-1.6895000000000007
2.674	-1.828	-4.781	5.9785	15.612	11.8	9.427	4.9985	10.831	11.334	12.894	-1.2830000000000013
57.111	59.036	58.37	-1.5920000000000059	2.867	0.055	-2.739	4.209	-0.613	-3.164	2.432	-0.2469999999999999
54.461	53.535	58.948	-1.7805000000000035	-4.907	-4.297	1.254	-3.3855000000000004	-7.532	-2.923	-1.89	-5.125500000000001
-24.391	-25.79	-18.857	-2.067499999999999	-11.3	-14.24	-15.771	3.7055000000000007	-5.049	-1.441	-0.856	-3.9005
7.103	5.422	7.873	0.4554999999999998	-3.188	-13.37	-16.33	11.661999999999997	9.733	9.367	9.213	0.4430000000000014
-16.85	-19.296	-13.586	-0.4090000000000025	0.968	-4.092	-1.292	3.6599999999999997	14.596	23.081	22.955	-8.422
25.547	28.527	39.542	-8.4875	-15.462	-10.282	-2.073	-9.2845	-5.363	-9.753	-13.95	6.488499999999999
35.581	28.59	26.932	7.820000000000004	-25.502	-23.485	-14.572	-6.473499999999998	-5.15	-0.421	-5.173	-2.353
36.414	32.017	27.306	6.752499999999998	-23.789	-25.373	-17.798	-2.203500000000002	-8.366	-3.004	-2.773	-5.477499999999999
-16.883	-14.24	-13.041	-3.2424999999999997	7.758	11.417	12.949	-4.425	-0.945	-8.266	-9.099	7.737500000000001
-15.259	-18.175	-14.032	0.8445	10.716	8.551	10.763	1.0589999999999993	6.948	0.974	-7.765	10.3435
13.051	2.858	-4.272	13.758000000000001	9.14	0.332	0.68	8.634	13.062	14.373	16.945	-2.5969999999999995
7.081	4.004	5.887	2.1355000000000013	7.04	-1.004	-13.278	14.181000000000001	33.342	24.799	21.133	10.375999999999998
-10.992	-9.843	-4.943	-3.599000000000001	-6.691	-9.744	5.785	-4.7115	22.353	19.305	5.602	9.899500000000002
3.616	3.337	3.43	0.23249999999999993	11.505	8.738	-5.578	9.925	-0.281	1.576	8.867	-5.5025
2.648	3.015	1.834	0.22350000000000003	6.521	9.196	3.881	-0.01750000000000007	-5.002	-1.241	5.377	-7.069999999999999
1.399	3.605	3.172	-1.9895	11.318	12.231	8.292	1.0564999999999998	-2.667	-4.7	-3.457	1.4115000000000002
9.698	5.472	3.867	5.0285	23.854	15.237	11.113	10.678999999999998	2.7	-2.676	-5.588	6.832
31.892	25.129	30.586	4.034499999999998	2.237	-1.259	-4.541	5.1370000000000005	12.696	14.386	7.09	1.9580000000000002
18.601	19.156	30.826	-6.390000000000001	9.678	0.495	3.867	7.497000000000001	3.393	2.944	2.56	0.641
20.337	22.894	18.943	-0.5815000000000019	-7.937	2.448	5.046	-11.684000000000001	-7.986	-7.163	2.683	-5.7459999999999996
-23.781	-20.199	-22.721	-2.320999999999998	-10.047	-10.434	-7.349	-1.1555	-3.886	-4.919	3.809	-3.3310000000000004
-21.387	-20.474	-19.444	-1.4280000000000008	-7.042	-8.986	-12.697	3.7995	-22.314	-21.023	-13.166	-5.2195
2.039	3.979	-6.024	3.0615	4.616	6.872	0.517	0.9214999999999995	21.365	15.005	14.558	6.583499999999997
8.278	4.813	3.347	4.198	12.232	6.385	4.854	6.612499999999999	10.925	12.942	18.106	-4.599
17.053	18.074	6.322	4.855	14.503	26.908	8.943	-3.4224999999999994	-0.699	3.543	12.019	-8.48
18.254	18.356	10.059	4.046500000000002	-3.674	22.125	15.071	-22.272	-5.08	0.501	9.164	-9.9125
41.087	47.294	35.856	-0.48799999999999955	-7.907	5.516	4.769	-13.0495	1.246	-7.952	-10.803	10.623500000000002
50.789	47.364	48.084	3.0649999999999977	6.48	3.436	3.566	2.9790000000000005	22.611	17.913	10.679	8.315000000000001
43.467	45.783	41.293	-0.07099999999999795	2.005	-2.084	-10.064	8.079	-18.405	-16.58	-27.806	3.7879999999999967
30.488	43.714	44.833	-13.785499999999999	-6.735	0.147	-5.412	-4.102500000000001	-23.954	-17.061	-24.493	-3.1769999999999996
19.517	29.904	27.366	-9.117999999999999	11.502	8.536	-4.138	9.303	-14.837	-22.053	-23.368	7.8735
-28.761	-29.069	-21.467	-3.4929999999999986	10.619	9.691	13.909	-1.181000000000001	5.807	4.906	-8.478	7.593
-21.968	-12.494	-13.208	-9.117	-16.363	-3.665	-6.311	-11.375	0.725	-1.74	-2.529	2.8595
14.681	24.621	33.578	-14.4185	-16.173	-20.423	-23.094	5.5855	-7.878	-8.155	-13.491	2.9450000000000003
13.985	17.417	22.796	-6.121500000000001	-9.262	-14.46	-19.117	7.526499999999999	4.138	-6.982	-7.815	11.5365
14.105	15.88	18.24	-2.9549999999999983	-10.208	-9.813	-18.392	3.894499999999999	-1.51	0.157	-8.911	2.867
7.719	2.377	4.55	4.2555000000000005	19.547	12.466	9.694	8.467	3.003	1.47	4.093	0.22150000000000025
9.808	8.52	1.839	4.6285	22.503	21.571	10.714	6.360499999999998	4.725	2.835	3.33	1.6424999999999996
12.134	9.788	3.231	5.6245	26.348	23.501	12.335	8.43	3.315	3.633	1.775	0.6110000000000002
7.453	11.126	11.194	-3.707	21.715	21.936	26.783	-2.6445000000000007	7.287	5.217	3.765	2.7960000000000003
1.545	-2.836	-3.058	4.492	16.343	11.772	20.947	-0.016500000000000625	-15.287	-14.227	-11.884	-2.2315000000000005
17.393	13.091	8.392	6.651500000000002	25.866	16.959	14.529	10.122	-12.238	-17.621	-19.007	6.0760000000000005
-12.705	-4.895	-4.035	-8.24	0.535	10.704	1.303	-5.468500000000001	-5.619	-8.71	-8.694	3.083000000000002
-17.046	-16.924	-13.375	-1.8964999999999996	3.9	1.551	14.286	-4.0184999999999995	5.158	10.933	6.219	-3.418
-11.697	-10.542	-14.228	0.6880000000000006	13.35	18.411	7.185	0.5519999999999996	-8.354	-7.866	4.675	-6.7585
13.533	14.717	9.089	1.629999999999999	21.921	14.319	0.789	14.366999999999999	8.439	-2.107	-2.889	10.937000000000001
36.639	35.644	32.757	2.4385000000000048	-10.582	-15.77	-0.312	-2.5410000000000004	-2.735	-7.476	-2.506	2.256
28.444	25.721	27.628	1.7694999999999972	-11.074	-7.937	-11.764	-1.2234999999999996	-3.437	2.582	-1.532	-3.9619999999999997
7.668	17.92	15.121	-8.852500000000003	0.07	5.831	3.495	-4.593	1.436	7.15	1.446	-2.862
-8.15	-6.261	-4.028	-3.0055000000000005	-24.442	-28.683	-13.236	-3.4825000000000017	-12.728	-12.849	-4.205	-4.200999999999999
27.568	27.511	22.637	2.4940000000000033	13.897	18.179	-0.427	5.021000000000001	9.568	8.978	14.914	-2.378
-6.795	-4.297	-9.209	-0.041999999999999815	15.226	11.251	5.697	6.752000000000001	5.665	2.416	4.153	2.3805000000000005
-18.148	-21.325	-23.973	4.501000000000001	-9.746	-8.809	-12.865	1.0909999999999993	3.963	6.851	2.532	-0.7284999999999995
46.009	46.102	46.269	-0.17649999999999721	10.064	-2.426	-4.674	13.614	-2.935	-1.947	-14.572	5.324499999999999
-26.706	-28.231	-26.135	0.4770000000000003	-10.353	-10.956	-4.27	-2.74	2.917	0.254	-2.212	3.896
44.846	33.825	23.856	16.005499999999994	-6.995	-6.682	-14.644	3.668	-26.082	-13.112	-14.563	-12.2445
34.385	40.571	42.334	-7.067500000000003	-3.135	-9.196	-11.331	7.128500000000001	-22.421	-22.404	-22.939	0.2505000000000024
-5.483	-8.134	-11.989	4.578500000000001	6.806	5.938	9.603	-0.9645000000000001	11.464	7.941	7.525	3.731
18.256	16.831	12.594	3.5435000000000016	15.388	4.36	3.35	11.533	14.809	20.755	22.713	-6.9250000000000025
18.937	23.104	29.972	-7.600999999999999	-2.927	-4.376	1.145	-1.3114999999999999	12.679	1.811	-3.187	13.367
33.322	38.573	41.754	-6.841499999999996	8.557	-3.16	-0.507	10.390500000000001	-10.556	-10.172	-14.358	1.7090000000000014
32.599	32.936	30.945	0.6584999999999965	26.206	18.993	14.828	9.2955	-17.309	-14.683	-11.284	-4.325500000000002
27.052	33.401	30.774	-5.035500000000006	19.451	25.349	15.392	-0.9194999999999993	-15.839	-17.254	-12.61	-0.907
5.202	3.898	7.318	-0.4059999999999997	-3.266	-0.316	8.129	-7.172499999999999	-6.04	0.139	3.174	-7.6965
-13.023	-4.706	6.614	-13.977	-11.113	-18.817	-10.745	3.6679999999999993	3.111	8.093	13.116	-7.493499999999999
-7.507	-15.029	-19.013	9.514000000000001	-1.316	-2.813	6.704	-3.2615	10.922	8.214	12.989	0.3204999999999991
14.177	12.721	7.13	4.2515	2.187	2.11	-9.705	5.984500000000001	6.411	11.629	10.459	-4.633000000000001
24.934	24.097	23.803	0.9839999999999982	16.307	10.743	13.789	4.040999999999999	-15.454	-18.561	-23.542	5.5975
10.502	16.423	21.545	-8.482000000000001	6.701	13.92	21.831	-11.174499999999998	-26.02	-19.713	-13.961	-9.183
53.422	52.607	56.512	-1.1375000000000028	-5.299	-11.587	-9.652	5.320499999999998	5.929	3.256	0.078	4.2620000000000005
42.357	44.562	52.506	-6.177	-1.583	-14.234	-9.036	10.052	1.347	3.871	2.685	-1.931
43.952	43.354	48.984	-2.2169999999999987	9.725	-3.936	-9.12	16.253	0.055	2.303	2.648	-2.4205
48.236	45.237	43.567	3.833999999999996	13.586	8.031	-5.419	12.28	10.103	5.934	2.194	6.039
-14.648	-13.778	-4.839	-5.339499999999999	-19.976	-21.112	-17.196	-0.8219999999999992	4.876	0.662	-4.7	6.8950000000000005
24.285	22.659	4.745	10.583	-14.729	-17.272	-28.944	8.378999999999998	-7.859	-5.527	-5.124	-2.5335
6.834	1.081	-6.817	9.702	26.58	25.354	27.936	-0.06500000000000128	1.438	5.423	6.005	-4.276000000000001
0.801	6.627	-3.265	-0.8799999999999998	18.702	27.217	27.267	-8.539999999999996	10.146	1.897	4.503	6.946000000000001
-8.183	-0.538	4.964	-10.396	15.626	17.41	26.206	-6.182	6.973	8.293	3.591	1.0309999999999997
-13.273	-2.411	4.455	-14.295	12.838	17.626	23.812	-7.881000000000002	8.165	6.79	4.956	2.291999999999999
-8.256	-10.174	-6.655	0.15850000000000009	-3.171	5.286	15.774	-13.700999999999999	0.34	4.238	7.214	-5.386000000000001
4.13	-2.601	-10.383	10.622	21.312	10.388	5.068	13.584000000000001	3.549	-1.208	4.657	1.8245
3.559	3.828	-4.766	4.0280000000000005	31.356	23.38	5.195	17.0685	-1.077	2.158	-0.009	-2.1515
34.441	34.522	30.564	1.8980000000000032	11.747	2.702	-8.535	14.663499999999999	10.162	2.438	-1.683	9.784500000000001
-28.416	-36.063	-31.686	5.458499999999997	14.621	9.146	-0.833	10.464500000000001	4.516	4.347	-5.651	5.167999999999999
-29.063	-28.3	-35.513	2.8435000000000024	6.818	15.45	3.238	-2.526	2.998	4.506	-0.401	0.9455
-7.223	-12.233	-21.503	9.645000000000003	15.643	3.869	-2.549	14.983	-19.993	-21.313	-9.158	-4.7575
-18.957	-10.035	-8.039	-9.920000000000002	12.248	13.814	10.865	-0.09150000000000169	-26.75	-24.911	-21.053	-3.7680000000000007
15.604	14.149	22.162	-2.5515000000000008	4.969	4.659	14.435	-4.578	-6.991	2.296	-5.032	-5.622999999999999
17.611	11.983	9.284	6.977499999999999	-6.358	-10.656	-7.578	2.7590000000000012	17.578	18.947	16.87	-0.3305000000000007
52.21	51.691	43.302	4.713500000000003	3.653	6.719	-17.645	9.116	-7.174	-4.664	10.588	-10.136
53.493	54.214	43.018	4.8770000000000024	1.461	7.294	-10.28	2.9539999999999997	-9.169	-7.358	6.88	-8.93
40.223	41.169	51.959	-6.341000000000001	-3.298	-3.401	0.909	-2.052	-1.67	2.434	-3.963	-0.9055
44.483	40.864	44.21	1.945999999999998	-0.626	-1.535	-2.388	1.3355000000000001	-2.516	-1.115	2.6	-3.2585
-21.98	-21.554	-32.849	5.221499999999995	10.176	5.576	-3.576	9.176	13.511	11.628	11.341	2.0264999999999986
35.082	34.325	38.385	-1.2730000000000032	-13.054	-12.623	2.639	-8.062000000000001	0.821	0.105	-0.042	0.7895
-9.658	-12.87	-5.302	-0.572000000000001	-3.483	-2.083	12.564	-8.7235	0.813	2.081	6.745	-3.6000000000000005
37.908	32.218	33.273	5.162499999999994	-6.561	-10.004	-6.59	1.7360000000000007	4.186	-3.447	2.309	4.755
28.616	35.229	41.718	-9.857500000000002	1.427	-0.167	-0.056	1.5385	-18.661	-24.252	-23.572	5.250999999999998
34.996	30.734	34.054	2.6019999999999968	14.906	7.189	-0.491	11.557	-19.852	-18.723	-23.903	1.4609999999999985
-35.18	-34.594	-29.45	-3.1580000000000013	-19.854	-22.067	-16.958	-0.3414999999999999	-19.461	-17.685	-14.537	-3.349999999999998
-35.979	-35.448	-36.111	-0.19950000000000045	-7.366	-7.598	-4.814	-1.1600000000000001	-0.485	-0.504	5.684	-3.0749999999999997
-12.239	-10.474	-12.329	-0.8375000000000004	18.391	15.725	11.701	4.677999999999997	7.994	2.887	-1.717	7.409
19.433	14.638	3.582	10.323	-2.48	2.225	-2.39	-2.3975	-10.123	-14.199	-12.587	3.2700000000000014
14.335	16.339	22.264	-4.966499999999996	-11.127	-13.141	-17.389	4.138	7.49	14.967	16.023	-8.005
10.139	13.808	18.572	-6.050999999999998	-11.308	-11.053	-13.85	1.1434999999999995	8.93	8.394	14.354	-2.443999999999999
16.518	11.554	7.46	7.011000000000001	3.253	-6.109	-9.373	10.994	15.303	11.021	6.186	6.6995000000000005
-14.966	-12.563	-15.48	-0.9444999999999997	0.827	2.148	2.836	-1.665	3.083	-3.339	-10.019	9.762
-11.347	-12.535	-12.381	1.1110000000000007	-23.278	-2.466	6.208	-25.148999999999997	11.426	11.016	10.927	0.45450000000000124
47.715	52.755	57.468	-7.396500000000003	14.604	5.379	5.676	9.0765	-5.828	-0.32	-3.082	-4.127000000000001
-15.767	-12.307	-13.562	-2.8324999999999996	10.076	1.169	-9.383	14.183	-15.856	-17.914	-18.501	2.3515000000000033
-38.61	-36.356	-36.099	-2.3825000000000003	-7.102	-8.982	-6.319	0.5484999999999989	-5.729	-10.796	-0.764	0.05099999999999927
4.403	5.664	-1.277	2.2095	15.903	12.219	7.551	6.018000000000001	-12.618	-24.365	-0.656	-0.1075000000000017
-3.393	-4.126	-4.376	0.8580000000000005	8.982	0.3	3.718	6.972999999999999	7.627	8.498	-0.785	3.7705
42.679	36.905	40.783	3.835000000000001	-9.716	-14.142	-21.268	7.988999999999999	2.853	6.663	9.879	-5.418000000000001
44.138	45.24	47.344	-2.1540000000000035	4.235	-10.655	-15.417	17.271	10.103	8.109	8.007	2.045
-22.541	-24.886	-20.937	0.37049999999999983	-2.461	-9.047	-6.079	5.102	-9.348	-8.604	-11.634	0.770999999999999
-39.186	-36.97	-32.262	-4.57	-0.74	3.676	7.614	-6.385	-6.541	-5.935	-4.069	-1.5390000000000006
-39.976	-40.549	-37.708	-0.8474999999999966	-4.801	-6.838	2.204	-2.484	-8.062	-4.591	-6.137	-2.6979999999999995
-40.089	-40.408	-39.164	-0.30299999999999727	3.728	-6.58	-1.075	7.5555	-11.883	-7.551	-5.606	-5.304499999999999
18.416	16.283	2.749	8.9	-0.067	4.891	8.919	-6.972	-7.207	-0.925	11.721	-12.605
34.796	33.203	36.043	0.1729999999999947	18.325	28.841	23.05	-7.620500000000003	-9.772	-4.411	-10.475	-2.3290000000000006
-15.047	-19.034	-19.988	4.463999999999999	20.364	19.331	19.239	1.0790000000000006	-3.091	7.464	12.307	-12.976500000000001
-14.884	-17.264	-13.503	0.4994999999999994	4.398	1.333	17.8	-5.1685	2.407	2.763	-3.096	2.5735
-19.229	-16.769	-15.69	-2.999500000000001	22.2	26.572	6.821	5.503499999999999	-1.227	-5.885	1.228	1.1015
10.896	5.135	5.625	5.516000000000001	-20.682	-11.904	-7.501	-10.979499999999998	18.441	20.776	17.784	-0.8390000000000022
-0.788	-7.583	-6.066	6.0365	5.269	-5.03	7.459	4.054500000000001	-16.729	-4.328	-10.425	-9.3525
3.238	0.822	-4.411	5.0325	22.455	22.919	3.273	9.358999999999998	3.848	-1.589	-11.086	10.185500000000001
38.346	37.005	32.453	3.6169999999999973	3.507	-1.433	-0.616	4.5315	-8.207	-8.244	-14.252	3.0410000000000004
-51.024	-48.9	-52.877	-0.1355000000000004	-5.305	0.108	-6.918	-1.8999999999999995	17.555	13.678	20.451	0.49049999999999727
-3.812	-5.176	0.358	-1.4029999999999996	7.795	0.39	-2.457	8.8285	4.296	7.197	5.173	-1.8890000000000002
12.234	14.483	7.142	1.4215	16.801	12.778	2.64	9.091999999999999	-18.779	-30.534	-26.431	9.703500000000002
14.977	11.407	13.405	2.5710000000000015	15.455	14.324	11.255	2.6654999999999998	-29.544	-24.024	-29.475	-2.7944999999999993
11.82	12.397	17.337	-3.0470000000000006	20.937	20.315	17.586	1.986500000000003	-17.134	-23.483	-25.939	7.576999999999998
25.445	27.775	31.445	-4.164999999999999	5.729	6.13	0.833	2.2475	-11.961	-7.85	-6.41	-4.831
-0.819	6.193	5.047	-6.438999999999999	10.506	18.877	7.851	-2.8579999999999988	8.55	5.215	12.394	-0.25450000000000017
-8.754	-1.885	1.441	-8.532	-20.606	-14.637	4.856	-15.715500000000002	22.486	19.228	19.065	3.3394999999999975
46.488	50.231	44.083	-0.6689999999999969	-9.499	-12.097	-26.688	9.893499999999998	4.398	5.863	4.086	-0.5765000000000011
50.86	47.541	48.938	2.6205	-9.301	-8.618	-16.144	3.08	3.868	2.776	4.078	0.44099999999999984
50.319	52.163	48.988	-0.2564999999999955	-18.694	-5.482	-8.957	-11.474499999999999	4.361	3.793	2.796	1.0664999999999996
45.699	51.024	51.101	-5.363500000000002	-29.681	-14.357	-7.692	-18.6565	5.888	4.122	3.572	2.041
-20.373	-20.57	-16.312	-1.9319999999999986	25.875	21.874	31.551	-0.8374999999999986	-19.686	-15.192	-11.755	-6.212499999999999
-18.249	-19.869	-20.299	1.8350000000000009	33.697	25.603	22.912	9.439500000000002	-12.271	-17.399	-16.076	4.4665
-16.297	-19.288	-16.426	1.5599999999999987	24.098	20.416	20.011	3.884499999999999	-0.974	-5.905	-0.782	2.3695000000000004
3.255	-5.428	7.248	2.3449999999999998	-0.68	-10.83	-1.643	5.556500000000001	-7.719	0.581	-8.946	-3.5365
17.443	13.388	14.788	3.3550000000000004	-8.185	-7.798	15.118	-11.845	6.469	4.795	1.602	3.2705
4.812	-7.923	-12.567	15.057000000000002	-3.053	-4.838	-8.172	3.452000000000001	13.432	8.226	8.067	5.285500000000001
11.152	8.442	6.082	3.889999999999999	2.429	1.929	3.334	-0.20250000000000012	11.63	7.993	8.707	3.2799999999999994
-6.633	-7.994	-13.37	4.048999999999999	1.716	-11.164	-8.966	11.780999999999999	-19.273	-20.106	-20.842	1.2010000000000005
-31.738	-30.905	-27.72	-2.4254999999999995	15.994	8.362	9.726	6.949999999999999	1.068	-0.16	-7.982	5.138999999999999
-27.935	-32.071	-29.253	2.7270000000000003	12.924	13.859	8.896	1.5464999999999982	-5.588	1.083	-5.297	-3.4810000000000003
-9.628	-14.621	-18.692	7.028500000000001	2.034	-3.41	3.394	2.042	7.642	16.447	13.996	-7.579499999999999
22.138	22.374	25.027	-1.5624999999999964	10.526	-2.812	-0.68	12.272	-1.421	-1.951	0.693	-0.792
21.955	25.084	22.607	-1.890500000000003	6.563	6.976	9.759	-1.8045	3.941	7.96	0.901	-0.4895000000000005
61.856	61.33	55.661	3.360500000000002	-6.778	-13.938	-16.623	8.502500000000001	-14.607	-16.597	-3.995	-4.310999999999998
56.464	62.466	56.998	-3.2680000000000007	-3.027	-9.739	-16.969	10.327000000000002	-11.064	-16.18	-8.096	1.0739999999999998
57.61	58.712	59.764	-1.6280000000000001	2.571	-4.236	-14.803	12.0905	-18.38	-12.812	-13.669	-5.139499999999998
54.62	57.195	61.022	-4.488500000000002	18.904	3.194	-9.439	22.0265	-22.334	-17.189	-15.416	-6.031499999999998
41.375	44.428	55.418	-8.548000000000002	4.241	6.941	11.827	-5.143000000000001	-21.875	-20.527	-20.588	-1.317499999999999
51.18	42.667	49.28	5.206499999999998	25.183	5.792	12.952	15.811	-20.71	-21.988	-20.71	0.6389999999999993
-37.215	-36.507	-30.903	-3.510000000000005	4.455	7.322	12.315	-5.3635	-0.385	-2.167	-0.877	1.1369999999999998
-32.58	-39.503	-36.475	5.409000000000006	-0.949	5.885	6.627	-7.205	-6.223	-4.693	-1.552	-3.1005000000000003
13.45	10.562	7.74	4.2989999999999995	-7.555	-4.64	-2.634	-3.918	15.921	10.809	-0.03	10.5315
13.305	12.997	6.273	3.67	-3.981	-2.975	-1.686	-1.6505	4.369	4.331	7.435	-1.5140000000000002
6.28	10.305	10.767	-4.255999999999999	12.214	9.652	5.79	4.493	9.031	5.916	1.033	5.556500000000001
68.095	68.664	63.685	1.920500000000004	0.429	3.893	-0.82	-1.1075	5.559	3.687	8.9	-0.7344999999999997
70.542	75.841	69.514	-2.1354999999999933	7.174	7.258	1.433	2.8285	-0.623	-2.452	3.647	-1.2205
70.053	76.681	74.344	-5.459499999999991	13.687	12.73	6.695	3.974499999999999	6.656	-1.119	-1.907	8.169
72.836	71.815	74.018	-0.08050000000000068	9.28	13.877	9.664	-2.490500000000001	2.986	4.892	-1.267	1.1735
68.455	72.416	73.632	-4.569000000000003	17.432	12.731	13.326	4.4034999999999975	9.852	3.291	2.868	6.772500000000001
5.66	2.811	-1.646	5.077500000000001	-1.678	-9.347	-4.448	5.2195	-7.899	2.466	3.622	-10.943
-9.646	-3.845	2.442	-8.944500000000001	-7.518	-6.092	1.139	-5.0415	-13.154	-13.967	-13.119	0.38899999999999935
-8.326	-8.397	-2.825	-2.715	-6.407	-5.563	-5.422	-0.9145000000000003	-11.189	-13.384	-15.118	3.062000000000001
-23.055	-22.806	-19.528	-1.8879999999999981	-9.046	-4.838	-4.501	-4.376499999999999	-6.965	-3.53	-1.575	-4.4125
3.898	11.935	5.622	-4.880500000000001	14.226	10.477	0.066	8.9545	-5.261	-9.178	-8.683	3.6695
9.065	5.858	-6.949	9.6105	1.359	-6.114	-8.378	8.605	18.518	13.718	19.517	1.900500000000001
-1.123	1.556	3.067	-3.4345	-11.494	-16.107	-11.034	2.0764999999999993	5.088	-1.774	-8.083	10.0165
28.226	28.772	24.056	1.8119999999999976	3.741	0.896	-6.667	6.6265	10.563	9.125	14.326	-1.1624999999999996
32.024	26.631	24.088	6.6645	7.597	8.837	4.571	0.8930000000000007	15.396	22.346	16.783	-4.168500000000002
-16.491	-19.203	-11.624	-1.0775000000000006	2.573	-0.783	8.166	-1.1185	-16.02	-13.814	-12.384	-2.9209999999999994
-6.948	-1.292	-22.522	4.959	-13.463	-11.58	-19.398	2.0260000000000016	17.615	7.312	14.881	6.518499999999998
-4.698	-6.796	-4.076	0.7379999999999995	-22.037	-19.824	-13.087	-5.581499999999998	-3.251	1.56	12.265	-10.1635
-14.075	-16.008	-6.634	-2.7539999999999996	-25.149	-21.468	-20.56	-4.135000000000002	3.868	1.024	-1.18	3.9459999999999997
38.976	39.024	38.491	0.2184999999999988	-20.512	-24.293	-24.154	3.711500000000001	-3.887	-1.268	-5.522	-0.492
48.649	36.786	40.682	9.915	-12.206	-22.981	-23.975	11.272000000000002	-13.708	-0.903	-4.37	-11.0715
-20.78	-12.745	-12.258	-8.278500000000001	-2.268	1.864	9.407	-7.9035	2.439	-0.075	-0.81	2.8815
22.913	23.845	23.37	-0.6945000000000014	17.111	17.263	15.861	0.5489999999999995	28.426	27.909	26.214	1.3644999999999996
22.146	20.633	21.403	1.1280000000000001	12.562	7.263	14.018	1.9215	23.084	26.427	28.155	-4.207000000000001
-27.712	-29.021	-25.481	-0.4609999999999985	1.6	3.05	4.955	-2.4024999999999994	6.572	6.422	11.132	-2.204999999999999
33.45	27.854	20.667	9.189500000000002	-7.59	-5.997	-12.394	1.6054999999999993	-8.195	-11.082	-2.917	-1.1955
-11.564	-13.1	-9.184	-0.4220000000000006	-4.241	-13.317	-18.993	11.914000000000001	-16.357	-18.759	-26.467	6.256
-15.28	-12.887	-19.571	0.9489999999999998	-11.794	-2.401	-5.139	-8.024000000000001	-5.831	-11.877	-15.978	8.096499999999999
26.044	37.034	34.41	-9.677999999999994	-4.468	-7.189	-13.821	6.036999999999999	5.695	-0.396	-1.939	6.862500000000001
43.626	49.227	31.577	3.2239999999999966	-2.469	-2.42	-8.501	2.9915	-6.961	-19.12	-1.228	3.213000000000001
42.96	44.394	48.361	-3.417499999999997	5.418	-9.333	-6.666	13.4175	-14.14	-9.581	-11.126	-3.7865
26.164	40.041	45.205	-16.458999999999996	25.331	36.137	26.238	-5.8565000000000005	-1.796	-7.146	-15.361	9.457500000000001
12.352	13.768	7.085	1.9254999999999995	19.685	19.057	3.019	8.646999999999998	-10.995	-12.229	-10.681	0.4599999999999991
-16.855	-16.847	-12.146	-2.3584999999999994	0.963	-5.127	-6.597	6.825	4.53	9.509	10.841	-5.6450000000000005
-13.069	-17.628	-29.533	10.5115	-6.643	-14.689	-4.494	2.9485	12.773	16.083	18.9	-4.718499999999999
44.285	46.72	48.432	-3.291000000000004	12.824	6.459	-11.778	15.4835	-1.92	-9.959	-14.22	10.169500000000001
9.07	2.598	8.362	3.59	-3.948	-5.398	1.184	-1.8410000000000002	-1.863	-2.74	-12.265	5.6395
4.339	4.465	5.464	-0.6254999999999997	2.905	-3.751	-4.566	7.0634999999999994	-5.583	-1.602	-1.838	-3.863
1.985	3.702	6.842	-3.287	-0.203	1.114	-4.088	1.284	-5.996	-5.7	-0.736	-2.7780000000000005
7.876	2.752	4.96	4.0200000000000005	0.283	0.475	-2.145	1.1179999999999999	-7.172	-6.19	-2.079	-3.0374999999999996
0.563	-5.728	4.981	0.9364999999999999	-3.29	-3.494	-0.258	-1.414	16.869	15.915	8.74	4.541499999999999
-24.876	-21.883	-12.588	-7.640500000000003	-17.391	-14.241	0.595	-10.567999999999998	-23.073	-21.102	-29.143	2.049500000000002
-23.319	-24.982	-15.733	-2.9614999999999974	-30.41	-16.203	-5.361	-19.628	-27.043	-22.356	-24.444	-3.6430000000000007
-18.702	-17.792	-23.143	1.7654999999999994	-11.092	-20.361	-26.185	12.181	-30.904	-33.696	-25.557	-1.2774999999999999
-10.182	-5.374	-9.724	-2.633000000000001	-1.606	-8.038	-2.976	3.901	-6.027	-6.332	1.389	-3.5555000000000003
-19.208	-17.259	-10.292	-5.432499999999997	-6.015	-1.84	-5.555	-2.3175	-9.054	-16.093	-8.553	3.269
-19.235	-28.487	-20.016	5.016500000000001	10.291	-3.929	3.233	10.639	6.103	12.251	9.222	-4.6335
-18.327	-15.952	-27.484	3.3909999999999982	17.121	15.272	-2.484	10.726999999999999	10.734	5.841	11.95	1.8384999999999998
-8.494	-11.099	-16.997	5.554	0.97	11.678	21.054	-15.395999999999999	11.228	7.609	9.362	2.7424999999999997
13.159	11.859	12.274	1.0925000000000011	11.316	-2.183	2.54	11.137500000000001	-4.662	1.513	0.767	-5.802
22.597	13.799	10.99	10.2025	8.091	10.462	-0.142	2.930999999999999	-4.466	-2.611	0.996	-3.6585
-0.491	0.736	-1.732	0.007000000000000006	-2.282	3.856	4.633	-6.5265	-17.025	-28.219	-24.865	9.517000000000003
0.667	2.153	0.444	-0.6315	3.804	0.989	2.654	1.9825	-16.673	-16.47	-27.317	5.220500000000001
-14.249	-3.486	4.055	-14.5335	3.483	3.546	8.709	-2.6444999999999994	-19.262	-25.844	-20.823	4.0715
-9.107	-14.899	-1.691	-0.8119999999999994	9.411	4.017	6.83	3.987499999999999	-26.84	-24.347	-25.674	-1.8294999999999995
-11.6	-10.183	-11.706	-0.6555	13.344	8.818	2.47	7.699999999999999	-35.893	-28.091	-22.717	-10.489
11.04	11.041	15.42	-2.1905	-9.818	-5.848	-2.228	-5.779999999999999	5.996	8.043	-6.026	4.987500000000001
11.679	14.641	9.387	-0.3349999999999991	5.278	13.937	10.499	-6.94	-14.754	-8.092	-11.112	-5.151999999999999
18.759	16.094	8.825	6.2995	8.582	6.69	0.186	5.144	-1.784	-7.291	-7.961	5.8420000000000005
-18.899	-11.944	-16.23	-4.812000000000001	-10.566	1.065	-2.627	-9.785	15.056	13.562	16.961	-0.2054999999999989
-41.026	-41.844	-37.82	-1.1940000000000026	-2.217	-3.627	-4.987	2.0900000000000003	-3.193	-1.335	2.786	-3.9185
23.515	23.752	24.365	-0.5434999999999981	0.519	-11.008	-8.435	10.240499999999999	26.688	33.259	32.101	-5.992000000000001
8.779	14.545	23.673	-10.329999999999998	-5.225	0.811	-7.166	-2.0474999999999994	22.876	24.414	31.069	-4.865500000000001
11.687	13.431	13.979	-2.017999999999999	3.373	-0.941	3.209	2.239	7.233	4.126	0.966	4.686999999999999
8.811	11.94	13.967	-4.1425	7.741	8.399	-0.416	3.7495000000000003	11.696	9.047	3.889	5.228
6.878	5.879	10.955	-1.5389999999999997	10.64	14.202	12.083	-2.5024999999999995	9.145	7.173	9.555	0.7809999999999988
-16.184	-14.42	-17.259	-0.34450000000000003	4.464	12.674	21.24	-12.493	-10.476	-20.998	-13.093	6.5695
15.029	12.798	18.794	-0.7669999999999995	-3.582	-0.274	-5.121	-0.8844999999999996	-23.215	-11.632	-6.002	-14.398
9.143	13.993	14.028	-4.8675	-11.347	-7.168	-5.393	-5.0665	-28.638	-34.245	-24.821	0.8949999999999996
25.053	19.366	21.666	4.537000000000003	-19.074	-16.277	-12.141	-4.865000000000002	10.146	11.471	6.975	0.9230000000000018
6.857	-2.553	-5.347	10.807	19.878	11.672	7.416	10.334	-6.547	-5.53	-17.973	5.2045
1.746	-4.475	-0.549	4.258	8.794	9.493	9.368	-0.6364999999999998	11.787	9.226	-1.719	8.0335
21.61	13.172	-10.481	20.264499999999998	6.074	-1.374	-8.286	10.904	-1.889	-7.4	12.611	-4.4945
26.556	22.424	25.473	2.6075000000000017	25.452	16.798	19.91	7.0980000000000025	-1.053	-4.85	-9.301	6.0225
36.53	25.729	36.579	5.376000000000001	-6.211	-17.132	-2.431	3.570500000000001	1.664	3.918	9.192	-4.891
17.919	29.574	35.794	-14.764999999999997	10.505	18.149	8.838	-2.9885	12.332	4.223	4.813	7.814000000000001
-55.167	-54.125	-33.589	-11.310000000000002	3.569	-3.182	4.837	2.7415000000000003	-13.764	-4.425	-10.598	-6.2524999999999995
-39.269	-40.786	-44.595	3.4215000000000018	8.75	2.097	5.157	5.123	-18.98	-18.864	-15.287	-1.9044999999999987
-7.127	-4.5	-3.942	-2.9059999999999997	-4.375	-3.261	8.379	-6.933999999999999	-21.081	-21.812	-5.692	-7.328999999999999
-5.68	-5.668	-6.313	0.3105000000000002	12.241	13.356	11.337	-0.10549999999999926	5.708	9.562	3.684	-0.9149999999999991
-22.426	-17.423	-7.865	-9.782	-1.408	3.088	2.171	-4.0375	10.966	4.335	6.6	5.4985
-17.377	-18.23	-16.864	0.1700000000000017	-6.849	-0.574	2.309	-7.7165	8.03	13.036	4.968	-0.9719999999999995
39.864	43.052	39.806	-1.5650000000000048	-21.476	-24.94	-16.217	-0.8975000000000009	8.537	-10.583	-12.062	19.8595
-9.606	-14.147	-18.146	6.5405	-10.173	3.18	0.421	-11.9735	4.388	2.67	-3.143	4.624499999999999
-16.309	-8.443	-7.696	-8.239500000000001	-6.044	1.619	-4.633	-4.536999999999999	-11.486	-5.93	0.943	-8.9925
-8.476	-12.846	-9.684	2.7889999999999997	3.0	-4.852	-0.133	5.4925	-7.017	-6.657	-6.946	-0.21550000000000047
8.241	7.219	10.508	-0.6225000000000005	5.789	4.424	1.91	2.6219999999999994	3.733	9.301	-5.283	1.7240000000000002
5.423	8.115	8.095	-2.6820000000000004	2.228	6.219	1.046	-1.4045	0.078	6.625	1.599	-4.034
9.169	15.791	19.063	-8.258	8.67	8.627	1.87	3.4215	-4.603	-10.595	-10.537	5.963000000000001
7.657	5.952	12.451	-1.5444999999999993	11.211	11.18	17.418	-3.087999999999999	-4.845	-0.327	-1.313	-4.0249999999999995
-4.339	-7.384	-14.832	6.769	10.254	4.518	6.843	4.573499999999999	-21.494	-27.164	-21.54	2.8580000000000005
-4.733	-3.43	-16.229	5.0965	12.909	7.393	5.469	6.478000000000001	-14.491	-22.875	-21.891	7.8919999999999995
5.651	-1.798	-6.369	9.7345	17.951	12.835	6.43	8.3185	-18.032	-14.422	-25.274	1.815999999999999
5.482	7.624	11.78	-4.22	-25.052	-19.899	-17.142	-6.531500000000001	19.917	24.061	22.474	-3.3504999999999967
-23.563	-19.439	-18.364	-4.6615	13.061	7.994	5.412	6.3580000000000005	5.07	3.061	12.803	-2.862
-10.616	-19.441	-23.398	10.8035	-1.856	-1.093	7.069	-4.844	-7.763	-16.261	-11.981	6.357999999999999
-17.341	-13.7	-10.274	-5.354000000000003	-21.008	-13.712	-5.798	-11.253	-9.463	-11.487	-9.73	1.1455000000000002
-26.718	-19.287	-15.667	-9.241	-0.382	9.854	2.509	-6.5634999999999994	-1.749	-7.898	5.759	-0.6795000000000004
12.352	20.691	19.393	-7.690000000000001	0.072	4.611	0.211	-2.339	-17.466	-17.375	-12.44	-2.558500000000002
-9.324	-22.237	-14.844	9.216499999999998	-6.34	-12.997	-5.528	2.9224999999999994	7.898	17.585	4.776	-3.2825000000000006
6.382	7.584	7.461	-1.1405000000000003	8.621	3.5	-3.241	8.4915	-12.754	-14.923	-9.605	-0.4900000000000002
5.515	4.11	7.084	-0.08199999999999985	3.566	6.352	2.606	-0.9130000000000003	-9.906	-12.71	-14.795	3.8465000000000007
-2.972	-6.681	-5.784	3.2605	-7.143	-13.57	-22.76	11.021999999999998	-3.873	-0.036	8.199	-7.9545
-18.243	-27.815	-37.305	14.317000000000004	17.042	14.657	10.089	4.6690000000000005	4.145	2.418	3.592	1.1399999999999997
-24.602	-27.315	-23.981	1.046000000000003	8.738	13.86	20.355	-8.369500000000002	8.55	9.416	10.758	-1.536999999999999
17.363	13.484	24.063	-1.410499999999999	19.214	11.022	2.996	12.204999999999998	1.995	4.853	-2.88	1.0085000000000002
31.24	30.92	40.48	-4.460000000000004	-5.563	-9.016	-7.294	2.5919999999999996	-1.11	1.673	-4.866	0.4864999999999997
23.564	31.072	32.7	-8.322000000000003	11.642	17.361	3.676	1.1235	-13.293	-9.054	-5.201	-6.1655
15.868	12.106	5.057	7.2865	-4.108	-10.914	-1.172	1.9350000000000005	-4.895	3.686	2.877	-8.176499999999999
6.562	11.317	17.328	-7.7604999999999995	10.127	16.777	-0.108	1.7925000000000004	-5.776	-6.05	-11.566	3.032
-11.142	-5.299	-6.128	-5.4285	-27.507	-34.222	-26.647	2.9274999999999984	9.565	0.77	5.015	6.672499999999999
17.297	22.776	18.613	-3.3974999999999973	5.775	7.776	16.289	-6.2575	15.831	6.198	2.751	11.3565
25.231	19.294	23.507	3.8305000000000007	23.98	8.114	13.032	13.407	20.674	14.947	1.916	12.2425
-4.585	-8.085	-4.468	1.6915000000000004	-7.873	0.341	1.222	-8.6545	-3.203	-3.05	-2.065	-0.6454999999999997
-3.322	2.739	-6.999	-1.1920000000000002	1.84	-5.326	-1.789	5.3975	-13.629	-13.848	-3.116	-5.1469999999999985
-20.666	-23.994	-17.569	0.11550000000000082	1.573	-4.775	-6.978	7.4495000000000005	0.387	-5.557	-8.198	7.2645
12.47	4.652	-0.454	10.371	5.289	-1.941	-6.453	9.486	-9.289	-3.036	-11.043	-2.2495000000000003
15.932	11.017	0.145	10.351	0.213	2.808	-6.083	1.8505000000000003	-1.969	-8.415	-6.904	5.690499999999999
8.792	10.417	13.499	-3.1660000000000004	-2.063	-3.202	-0.386	-0.26900000000000013	-24.349	-25.629	-34.137	5.5340000000000025
8.243	7.498	7.802	0.593	5.843	-0.139	-4.095	7.96	-36.419	-28.613	-22.287	-10.968999999999998
0.813	-0.124	6.127	-2.1885000000000003	13.763	5.789	3.682	9.0275	-30.511	-35.471	-33.742	4.095499999999998
-23.307	-19.105	-10.514	-8.497499999999999	-5.082	-3.015	-5.622	-0.7634999999999996	-14.828	-21.047	-26.902	9.1465
-7.204	-5.45	3.936	-6.446999999999999	5.903	-0.676	1.471	5.5055	1.126	4.857	5.902	-4.253500000000001
-6.254	-6.556	-4.618	-0.6669999999999998	11.275	9.115	0.429	6.503	0.679	0.223	5.116	-1.9904999999999997
51.564	45.805	46.671	5.3260000000000005	2.968	-8.286	-3.367	8.7945	-3.994	-2.52	-7.711	1.1214999999999997
43.508	47.342	49.949	-5.137499999999996	-2.195	-1.431	-1.114	-0.9224999999999999	-0.803	-3.443	-4.503	3.17
13.824	18.388	8.525	0.36749999999999794	7.234	6.256	2.493	2.8594999999999997	4.186	3.204	-5.85	5.5089999999999995
11.026	13.669	16.461	-4.039	-3.342	8.811	8.303	-11.899000000000001	11.092	3.418	1.114	8.826
-20.774	-18.858	-20.127	-1.2815000000000012	0.706	7.151	8.004	-6.871499999999999	-23.814	-20.684	-11.907	-7.5184999999999995
-5.436	-10.926	-15.527	7.7905	3.08	-2.779	-6.29	7.6145	26.472	31.77	25.93	-2.378
-40.29	-34.103	-30.065	-8.205999999999996	-2.773	4.949	1.818	-6.156499999999999	-5.079	-8.262	-12.246	5.175000000000002
-32.428	-33.567	-36.386	2.548500000000004	-3.642	-0.439	0.665	-3.755	-5.732	-5.504	-6.539	0.2894999999999994
-12.358	-12.321	-8.017	-2.189	8.99	2.448	1.127	7.202500000000001	-2.583	2.916	2.036	-5.059
-9.164	-12.687	-14.631	4.494999999999999	33.526	24.529	18.947	11.788000000000004	-2.915	-7.746	2.192	-0.1379999999999999
-2.862	-1.737	-5.943	0.9779999999999998	-20.722	-18.613	-15.101	-3.865000000000002	-7.192	-4.039	2.32	-6.3325000000000005
-2.325	5.167	0.789	-5.303	2.504	11.073	-7.553	0.7439999999999998	15.157	14.352	20.264	-2.151
-10.968	-0.807	10.168	-15.648499999999999	13.548	16.7	15.783	-2.6934999999999985	0.096	-6.282	-0.615	3.5445
-26.938	-23.536	-15.359	-7.490499999999997	-13.046	-5.403	11.085	-15.887	6.33	2.558	-2.791	6.4465
-28.145	-31.656	-34.06	4.7130000000000045	13.163	2.372	-0.205	12.0795	-0.54	0.212	-6.612	2.66
-26.724	-24.022	-30.755	0.6645000000000003	10.275	13.762	5.535	0.6265000000000001	-2.436	-3.845	-0.095	-0.46599999999999975
20.167	27.571	22.0	-4.618499999999997	9.907	7.281	2.318	5.1075	-1.532	-2.792	4.952	-2.612
23.508	22.9	21.217	1.4495000000000005	21.477	17.287	8.611	8.528	-13.253	-10.208	-9.713	-3.2925000000000004
-2.474	-1.947	-0.388	-1.3065000000000002	-9.282	-9.154	-2.714	-3.348	-19.584	-21.316	-19.49	0.8189999999999991
-9.492	-8.801	-2.83	-3.6765000000000008	1.646	3.78	-8.423	3.9675000000000002	-16.769	-18.681	-20.292	2.717500000000001
-16.744	-6.947	4.552	-15.5465	-10.188	-4.45	-0.125	-7.900500000000001	18.66	11.512	5.92	9.943999999999999
-29.164	-34.222	-34.436	5.164999999999999	6.456	-4.278	-3.942	10.565999999999999	-0.252	2.396	13.717	-8.3085
16.035	7.879	2.765	10.713000000000001	28.409	12.114	5.397	19.653499999999998	-8.553	-0.591	5.119	-10.817
17.469	15.448	5.822	6.834000000000001	30.195	27.939	8.566	11.942499999999999	1.911	-6.849	3.498	3.5865
-23.265	-15.844	-23.645	-3.520500000000002	-9.041	-4.408	-2.546	-5.564	1.941	2.222	4.152	-1.2460000000000002
-17.364	-22.029	-23.096	5.198499999999999	-4.786	-18.665	-10.704	9.8985	3.804	4.977	0.654	0.9884999999999997
6.283	0.876	12.783	-0.5464999999999991	5.753	6.617	20.573	-7.8420000000000005	7.636	11.778	7.689	-2.0974999999999993
32.293	31.28	31.31	0.9979999999999976	-19.997	-14.269	-3.281	-11.222	9.728	11.298	-2.446	5.302
3.899	6.053	0.431	0.657	-11.592	-10.323	-18.607	2.8729999999999993	-9.297	-8.711	-3.639	-3.1220000000000008
-28.215	-23.299	-23.768	-4.6815	20.838	9.829	7.398	12.2245	-44.864	-44.893	-27.891	-8.472000000000001
4.015	6.553	4.275	-1.399	-3.323	-13.068	-8.279	7.3505	4.103	1.366	0.3	3.2699999999999996
-35.833	-35.199	-30.433	-3.016999999999996	13.517	10.571	16.747	-0.14199999999999946	15.394	17.438	15.921	-1.2854999999999972
21.022	12.178	9.581	10.142499999999998	10.896	7.452	4.541	4.899500000000001	-0.546	12.04	9.918	-11.524999999999999
18.447	19.105	9.912	3.9384999999999977	-0.666	10.806	3.678	-7.9079999999999995	9.309	4.169	13.401	0.5239999999999991
16.312	14.444	18.291	-0.05549999999999855	-5.814	-9.463	9.103	-5.634	-2.232	4.261	5.848	-7.2865
25.602	26.572	20.015	2.3084999999999987	10.741	11.695	-0.001	4.893999999999999	1.92	-1.833	-1.213	3.443
-3.75	-12.729	-12.811	9.02	-2.516	-12.677	-7.64	7.6425	0.287	5.432	0.527	-2.6925000000000003
-16.621	-17.31	-32.039	8.053500000000003	15.296	11.008	5.074	7.254999999999999	-4.463	-8.384	3.273	-1.9074999999999998
-20.191	-16.153	-18.95	-2.6395000000000017	7.107	14.104	10.848	-5.368999999999999	2.738	-1.731	-6.217	6.712
-22.166	-21.845	-14.082	-4.202500000000001	-16.761	-7.486	16.483	-21.2595	-2.91	3.492	0.368	-4.84
-26.323	-24.952	-21.007	-3.343499999999999	-11.364	-15.46	-4.654	-1.3070000000000004	-8.788	-2.163	2.722	-9.0675
-34.511	-31.444	-28.283	-4.647500000000001	-0.747	-7.547	-4.424	5.2385	2.308	7.938	6.975	-5.1485
-38.443	-34.107	-29.275	-6.751999999999999	-15.776	-2.068	-8.902	-10.291	2.937	4.427	7.922	-3.2375000000000003
15.858	22.379	22.544	-6.6035	17.553	24.671	1.034	4.700500000000002	9.31	2.029	3.946	6.322500000000001
2.721	-7.733	-12.732	12.9535	7.642	8.383	16.659	-4.878999999999999	20.354	20.081	20.785	-0.07900000000000063
16.085	13.348	-6.445	12.633500000000002	5.127	12.522	8.599	-5.433500000000001	19.035	18.066	20.572	-0.2839999999999989
13.342	9.75	10.011	3.461500000000001	-8.202	-8.782	-1.506	-3.058	24.76	23.241	18.818	3.730500000000003
41.257	33.474	34.729	7.155499999999996	5.402	-0.886	-9.491	10.590499999999999	-16.68	-13.885	-17.84	-0.817499999999999
46.198	46.057	42.753	1.7929999999999993	0.325	4.265	8.876	-6.245499999999999	-23.467	-23.352	-16.944	-3.318999999999999
-41.68	-34.773	-26.571	-11.007999999999996	-5.006	-5.171	5.703	-5.272	-6.839	-5.945	-16.466	4.3665
-18.493	-17.285	-20.374	0.3365000000000009	-4.851	-12.738	-3.129	3.0824999999999996	7.923	8.355	0.762	3.3644999999999996
25.041	25.563	21.864	1.3275000000000006	-10.48	-13.451	-9.686	1.0884999999999998	4.096	4.455	9.205	-2.734
17.814	18.683	26.938	-4.9964999999999975	-3.72	3.15	-4.344	-3.123	4.635	-2.107	-3.92	7.6485
31.459	34.257	34.647	-2.9929999999999986	5.803	1.405	-2.284	6.2425	11.288	5.293	-2.695	9.989
39.275	32.087	34.939	5.761999999999993	5.902	4.745	1.403	2.8280000000000003	12.769	9.824	4.397	5.6585
26.539	28.755	26.451	-1.064	5.567	-0.872	-2.231	7.1185	-11.351	-2.067	-2.833	-8.901
28.014	27.488	28.292	0.12399999999999878	5.056	4.957	-1.559	3.357	-6.559	-9.901	-1.714	-0.7515000000000001
20.635	20.402	13.74	3.564	9.85	3.542	1.271	7.4435	-3.314	-4.832	-11.287	4.7455
23.898	23.481	20.085	2.1149999999999984	5.781	11.51	3.028	-1.4880000000000004	1.798	-0.694	-5.985	5.1375
-39.94	-39.433	-42.805	1.179000000000002	6.401	9.671	4.811	-0.8399999999999999	-1.337	-4.896	-4.012	3.117
-34.976	-39.234	-40.372	4.826999999999998	6.944	6.851	7.812	-0.3875000000000002	2.595	-0.093	-8.534	6.9085
2.233	4.745	3.966	-2.1225	-7.247	-2.692	11.616	-11.709	7.393	13.66	17.463	-8.168500000000002
4.185	4.431	2.247	0.8459999999999996	-2.518	-6.095	4.421	-1.681	5.922	6.908	15.332	-5.198000000000001
-28.812	-36.579	-33.74	6.3475	5.296	-2.882	-14.626	14.05	-6.136	7.256	-4.556	-7.486000000000001
-38.38	-25.244	-33.99	-8.763000000000002	10.174	12.252	-0.156	4.1259999999999994	-15.544	-16.485	2.792	-8.697500000000002
-48.402	-43.709	-28.621	-12.237000000000002	-1.857	4.617	11.584	-9.9575	-12.782	-14.32	-16.269	2.5124999999999993
-1.573	-15.144	-12.715	12.3565	6.787	-12.042	-6.522	16.069	-10.273	-4.007	5.188	-10.8635
-5.254	-3.951	-17.179	5.311	20.531	4.746	-12.393	24.354499999999998	-2.7	-8.472	0.698	1.1869999999999994
-4.744	-2.617	-14.299	3.7140000000000004	33.953	16.545	-9.943	30.652	4.709	-5.671	-3.027	9.058
-23.881	-28.109	-34.261	7.304000000000002	2.474	-6.485	2.918	4.2575	17.777	20.419	23.244	-4.054499999999997
40.488	39.978	33.801	3.5985000000000014	8.992	-9.179	-20.752	23.9575	6.36	-6.859	-10.654	15.116499999999998
-6.577	-6.875	-1.125	-2.577	4.288	0.752	6.709	0.5575000000000006	-4.853	-5.956	-7.262	1.7560000000000002
37.625	36.453	32.826	2.985500000000002	-6.264	-6.303	-7.917	0.8459999999999992	12.138	12.669	3.823	3.8919999999999995
23.374	35.773	36.563	-12.794000000000008	-3.248	-1.352	-6.933	0.8944999999999999	9.019	10.839	11.886	-2.3435000000000006
16.488	23.674	36.684	-13.690999999999999	-5.186	-2.672	-3.433	-2.1334999999999997	4.73	7.944	12.671	-5.577499999999999
7.227	8.737	16.694	-5.488499999999998	-18.268	-11.334	-4.528	-10.337000000000002	-4.5	-0.686	4.268	-6.291
-18.964	-13.523	-14.073	-5.165999999999999	5.418	7.672	2.775	0.19450000000000056	12.626	9.127	11.074	2.525499999999999
-21.831	-17.724	-11.686	-7.1259999999999994	6.997	5.613	6.77	0.8055000000000003	12.865	12.567	8.726	2.2185000000000006
-21.0	-23.813	-20.594	1.2034999999999982	-1.537	1.667	5.305	-5.023	3.033	14.017	13.528	-10.739500000000001
35.811	34.818	41.542	-2.3689999999999998	-15.746	-15.123	-22.7	3.1654999999999998	-2.234	-7.974	-8.205	5.855500000000001
-29.63	-29.453	-25.399	-2.203999999999997	-1.419	-5.207	8.678	-3.1545000000000005	3.385	9.888	3.092	-3.1050000000000004
-15.069	-13.03	-11.214	-2.947000000000001	12.193	14.427	13.997	-2.019	3.015	1.614	-1.188	2.802
25.222	24.8	6.218	9.713000000000001	14.138	6.918	-0.736	11.047	-9.951	-10.415	-7.602	-0.9425000000000008
17.467	22.121	24.291	-5.739000000000001	29.611	19.743	12.934	13.2725	8.47	0.386	-7.068	11.811
47.01	46.188	47.01	0.41099999999999426	-6.846	-10.376	-11.749	4.2165	18.745	16.268	0.801	10.210500000000001
47.116	52.761	57.031	-7.780000000000001	2.512	12.159	1.519	-4.327	4.25	-7.028	0.619	7.4544999999999995
53.495	49.41	56.062	0.7590000000000003	6.692	3.457	8.9	0.5135000000000005	-0.343	2.948	-7.552	1.9589999999999996
54.32	53.701	49.316	2.8115000000000023	9.445	7.884	5.508	2.7490000000000006	2.495	-0.429	1.314	2.0525
-25.343	-25.881	-10.795	-7.004999999999999	5.731	2.603	1.639	3.61	16.785	19.266	20.49	-3.093
-23.485	-16.109	-24.963	-2.948999999999998	-5.478	9.886	5.117	-12.9795	17.012	12.623	17.722	1.839500000000001
-9.124	-6.182	-0.654	-5.706	-15.299	-13.221	-4.395	-6.491	-13.441	-15.126	-5.303	-3.2265000000000015
17.312	11.136	8.529	7.479500000000002	-7.355	-14.709	-16.247	8.123	-16.097	-20.74	-22.7	5.6229999999999976
5.25	10.249	15.801	-7.775	11.9	29.947	21.788	-13.9675	20.332	21.697	23.373	-2.2029999999999994
-4.179	4.597	0.43	-6.692500000000001	-3.799	-1.51	-9.642	1.7769999999999997	11.367	8.983	2.015	5.868
-24.148	-20.479	-12.408	-7.7044999999999995	-13.57	-18.51	-6.665	-0.9824999999999999	9.456	11.535	12.882	-2.7525000000000013
-24.285	-23.402	-16.574	-4.297000000000001	-12.732	-14.675	-14.05	1.6305000000000014	2.52	9.38	13.137	-8.738500000000002
-6.828	-11.978	-16.222	7.272000000000001	7.073	8.713	5.376	0.02850000000000108	-3.238	-7.484	-6.098	3.5530000000000004
-35.857	-44.786	-45.029	9.0505	2.402	4.425	8.446	-4.033499999999999	-1.311	-1.662	-9.445	4.2425
14.783	3.931	11.328	7.153499999999999	-9.362	-23.199	-17.077	10.776000000000002	-3.383	0.418	3.623	-5.4035
28.231	12.684	0.259	21.759500000000003	3.478	-7.495	-9.485	11.968	12.791	16.29	20.545	-5.6265
22.865	30.109	29.601	-6.990000000000002	6.963	15.878	17.052	-9.501999999999999	13.017	10.726	13.451	0.9284999999999997
26.8	23.456	19.583	5.2805	-0.117	9.714	11.25	-10.599	-3.965	-6.277	-16.461	7.404
-31.778	-29.676	-30.249	-1.8155000000000001	22.805	14.354	2.288	14.484	-3.774	-7.928	0.817	-0.21850000000000014
-15.061	-12.553	-18.029	0.23000000000000043	4.192	2.258	5.722	0.20199999999999996	-12.453	-17.589	-10.001	1.3419999999999987
-24.704	-17.028	-13.707	-9.336500000000001	-3.499	6.003	8.737	-10.869	11.863	12.226	13.51	-1.0050000000000008
-29.902	-22.657	-23.623	-6.7620000000000005	1.1	4.356	-2.894	0.3690000000000002	8.437	5.519	10.282	0.5364999999999993
35.587	32.346	15.808	11.510000000000005	10.312	10.763	11.418	-0.7784999999999993	-1.62	-8.425	-5.385	5.285
47.146	42.567	35.31	8.207499999999996	18.519	2.528	8.296	13.107	-8.187	-8.516	-4.11	-1.8739999999999988
44.393	47.282	40.528	0.48799999999999955	29.295	26.778	2.597	14.607500000000002	-10.389	-8.196	-6.785	-2.8984999999999994
-40.202	-32.308	-11.333	-18.3815	-12.217	-10.035	2.447	-8.423	-12.691	-10.833	-17.321	1.386000000000001
8.853	3.618	9.155	2.4665	6.75	-14.474	-11.167	19.5705	-23.295	-15.741	-5.626	-12.611500000000001
16.074	11.53	14.199	3.209500000000002	-1.177	-11.711	-13.917	11.637	5.294	9.266	13.949	-6.3135
15.226	14.79	15.452	0.1050000000000022	12.633	13.7	3.267	4.1495	11.804	14.142	3.865	2.8005000000000013
8.156	15.417	14.995	-7.049999999999999	9.45	14.446	7.119	-1.3324999999999996	10.99	13.293	6.19	1.2485
4.782	10.324	14.651	-7.705500000000001	18.862	11.361	13.474	6.444499999999998	16.169	9.845	13.555	4.469000000000001
-16.02	-13.385	-4.67	-6.9925	5.762	1.566	-0.752	5.3549999999999995	10.808	3.281	13.902	2.2165
26.882	16.309	3.42	17.017500000000002	5.823	0.15	4.438	3.5290000000000004	9.997	5.018	-11.307	13.1415
23.492	24.522	25.042	-1.2899999999999991	12.128	-3.617	-9.602	18.7375	2.459	4.957	11.608	-5.823500000000001
-10.378	-5.759	-6.219	-4.388999999999999	2.232	-1.065	-11.397	8.463000000000001	-15.314	-17.125	-10.616	-1.4435000000000002
-3.954	6.361	7.986	-11.1275	-4.672	-2.362	-2.438	-2.2719999999999994	-7.147	-9.184	-2.273	-1.4185000000000008
-5.634	-7.173	-3.387	-0.3540000000000001	-4.934	-6.728	-3.528	0.19399999999999995	-4.983	-7.849	2.573	-2.3449999999999998
1.682	12.185	16.666	-12.7435	5.866	7.469	2.828	0.7174999999999994	5.273	1.339	7.851	0.6779999999999999
4.468	8.424	17.183	-8.3355	-0.108	1.354	14.091	-7.8305	20.93	15.234	2.692	11.966999999999999
-5.104	-0.833	2.707	-6.041	-10.773	-2.509	2.34	-10.6885	11.502	12.739	20.199	-4.9670000000000005
-51.401	-52.192	-51.734	0.5619999999999976	-6.499	-5.63	3.699	-5.5335	4.283	2.414	-0.521	3.3365
53.893	52.847	50.772	2.083500000000001	8.945	6.102	-3.93	7.859	5.018	14.559	21.595	-13.058999999999997
54.752	54.722	51.995	1.393500000000003	13.426	9.9	-0.012	8.482	-5.96	6.051	19.226	-18.5985
55.307	56.262	54.624	-0.13599999999999568	25.621	21.501	10.831	9.454999999999998	7.677	5.044	2.884	3.713
-14.032	-8.145	-15.359	-2.280000000000001	19.113	21.527	12.048	2.325499999999998	-19.273	-21.588	-28.175	5.608500000000003
-9.262	-11.211	-7.068	-0.1225000000000005	14.228	19.215	20.589	-5.674000000000001	-16.857	-20.243	-24.109	5.319000000000003
-2.743	2.704	4.446	-6.318	11.826	10.075	7.087	3.245000000000001	7.689	5.427	6.048	1.9515000000000002
36.475	28.723	39.55	2.3385000000000034	-27.179	-33.319	-34.073	6.5169999999999995	26.37	25.545	17.779	4.708000000000002
31.693	38.608	37.385	-6.303499999999996	-20.651	-17.619	-22.059	-0.8120000000000012	24.756	14.833	25.445	4.617000000000001
33.858	30.593	38.687	-0.7820000000000036	3.86	-15.269	-17.938	20.4635	33.022	27.655	16.772	10.808499999999999
6.78	0.864	0.104	6.296	9.621	3.241	2.543	6.729	5.577	7.351	1.957	0.923
-4.315	-10.938	-8.913	5.610499999999999	-3.708	-3.575	-2.514	-0.6635	-26.878	-23.986	-32.129	1.1794999999999973
-5.211	-4.616	5.42	-5.613	21.059	11.681	3.574	13.431500000000002	-6.038	-10.694	-11.366	4.992000000000001
-7.242	-4.642	0.192	-5.0169999999999995	21.285	20.61	0.094	10.933	-13.597	-8.684	-10.932	-3.7889999999999997
39.776	40.195	40.046	-0.3444999999999965	-26.376	-16.169	-20.24	-8.171500000000002	-1.449	-5.639	-14.045	8.393
51.076	49.612	39.735	6.402499999999996	3.105	-7.802	-23.197	18.604499999999998	-4.22	-1.936	-0.189	-3.1574999999999998
0.493	4.153	1.572	-2.3695	0.072	-2.815	-17.329	10.144	18.3	18.013	7.754	5.416499999999999
-26.036	-26.755	-13.822	-5.747500000000002	-11.202	-11.719	4.775	-7.73	19.121	20.34	16.314	0.7940000000000005
-20.55	-31.392	-29.256	9.773999999999997	1.302	2.973	6.668	-3.5185	2.946	12.92	8.824	-7.926
23.108	24.685	15.797	2.867000000000001	-9.572	-2.489	9.815	-13.235	10.078	1.013	3.961	7.590999999999999
31.713	30.324	35.667	-1.2824999999999989	20.224	19.35	8.387	6.355499999999999	9.258	9.851	12.866	-2.1005000000000003
49.197	57.031	68.641	-13.638999999999996	-22.964	-32.993	-36.019	11.542000000000002	11.868	13.467	14.269	-2.0
-1.638	1.175	6.956	-5.7035	-5.5	4.135	7.642	-11.3885	-6.609	-5.883	-8.464	0.5645000000000007
5.576	0.969	-0.098	5.140499999999999	2.311	8.252	8.627	-6.128500000000001	3.541	3.331	-4.999	4.375
-3.626	-3.293	-2.753	-0.6029999999999998	-14.087	-4.808	3.564	-13.465	-9.277	-8.544	-10.404	0.19700000000000095
30.447	34.544	44.259	-8.9545	-3.203	-6.16	-8.869	4.3115000000000006	-15.014	-18.834	-26.542	7.674000000000003
-31.336	-32.941	-31.688	0.9785000000000039	2.761	-3.188	-1.986	5.348000000000001	22.628	28.32	26.304	-4.6839999999999975
20.858	12.976	15.907	6.416499999999999	-5.446	-18.17	-19.83	13.554	-12.036	-9.516	-13.528	-0.5139999999999993
16.949	-1.079	-4.242	19.6095	15.77	6.215	2.188	11.5685	-1.256	7.775	1.052	-5.6695
14.617	8.894	-5.153	12.746500000000001	18.549	10.316	4.353	11.2145	3.017	4.201	4.669	-1.4179999999999997
-7.236	-4.32	-9.03	-0.5609999999999999	-6.067	0.549	-1.721	-5.481	19.47	16.247	9.303	6.6949999999999985
-3.682	-6.974	-3.72	1.6650000000000005	4.944	-4.717	1.754	6.4254999999999995	20.103	18.683	12.125	4.699000000000002
-1.529	-4.466	-3.289	2.3485000000000005	10.403	-0.315	0.531	10.295	19.049	19.776	14.468	1.9269999999999996
13.786	10.504	8.049	4.509500000000001	19.753	10.05	12.445	8.5055	17.945	22.231	13.583	0.038000000000000256
29.479	23.512	27.195	4.125499999999999	1.464	-13.089	-12.266	14.1415	6.011	9.932	16.171	-7.040500000000001
-26.549	-26.506	-22.485	-2.0534999999999997	3.824	1.821	0.317	2.755	4.357	4.277	2.283	1.077
-4.268	0.219	-0.441	-4.157	15.626	5.036	0.467	12.8745	9.873	2.772	4.975	5.999499999999999
26.067	14.824	5.821	15.7445	-17.419	-21.412	-18.958	2.7659999999999982	-4.73	-0.248	0.904	-5.058000000000001
26.566	26.943	12.211	6.988999999999997	-7.393	-13.114	-21.175	9.7515	-3.654	-5.108	-0.024	-1.088
25.068	28.861	31.814	-5.269499999999997	1.387	17.732	8.655	-11.8065	7.936	6.687	-1.202	5.1935
-10.491	-13.27	-22.745	7.516500000000001	-9.525	-15.475	-3.306	-0.13450000000000095	-2.589	-6.94	-3.701	2.7315
6.67	-1.057	3.299	5.5489999999999995	-8.217	-15.269	-7.26	3.0474999999999994	-11.837	-17.94	-28.089	11.177499999999998
7.298	10.275	6.497	-1.0879999999999992	22.265	18.584	6.513	9.7165	-19.374	-22.273	-7.777	-4.348999999999998
-15.35	-5.926	3.558	-14.166	24.764	25.66	25.976	-1.0539999999999985	-14.145	-14.413	-16.921	1.5220000000000002
-12.225	-9.141	-13.962	-0.6734999999999989	18.17	9.555	7.626	9.579500000000001	11.713	13.239	20.478	-5.1455
-12.184	-11.371	-11.165	-0.9159999999999986	21.358	17.742	5.296	9.839	16.794	12.702	16.632	2.126999999999999
7.586	8.64	19.365	-6.416499999999999	-27.521	-30.115	-12.79	-6.0685	-14.441	-7.366	-12.909	-4.303500000000001
-0.191	-3.079	0.845	0.9259999999999999	1.762	7.016	-2.305	-0.5935000000000001	8.395	2.065	1.488	6.618499999999999
-5.327	-11.273	-20.9	10.759500000000001	3.806	13.975	8.541	-7.451999999999999	6.588	2.389	-3.593	7.19
-8.395	-2.725	-4.697	-4.683999999999999	10.05	13.696	7.395	-0.49549999999999983	5.824	5.632	5.529	0.24350000000000005
-9.508	-4.733	-2.611	-5.835999999999999	6.495	4.795	8.709	-0.2569999999999997	5.743	7.096	5.724	-0.6669999999999998
8.335	8.236	14.165	-2.865499999999999	3.355	-0.958	7.361	0.1535000000000002	12.334	14.74	6.08	1.9239999999999995
16.401	12.257	20.071	0.23699999999999832	-2.541	-13.374	-7.745	8.0185	-12.477	0.789	-5.785	-9.979
-46.875	-43.769	-32.412	-8.784500000000001	-0.466	2.377	0.295	-1.8019999999999998	10.491	8.727	9.338	1.4585000000000008
36.512	25.585	21.895	12.771999999999998	7.454	8.401	1.132	2.6875	4.825	9.865	12.951	-6.583000000000001
44.719	33.242	21.221	17.487500000000004	5.506	8.856	1.628	0.26400000000000023	11.487	5.982	13.793	1.5995000000000008
37.105	36.692	41.148	-1.8150000000000048	14.176	9.436	6.035	6.4405	12.48	10.793	9.078	2.544500000000001
37.958	36.527	42.001	-1.3059999999999974	8.421	12.447	5.77	-0.6875	13.064	10.831	11.354	1.9715000000000007
31.446	37.333	36.466	-5.453500000000002	8.309	7.03	11.014	-0.713000000000001	8.99	12.924	11.569	-3.256500000000001
-25.322	-23.816	-21.027	-2.9004999999999974	24.102	25.297	20.079	1.413999999999998	2.143	7.33	9.815	-6.4295
-18.624	-24.139	-23.111	5.001000000000001	32.058	25.25	22.945	7.9605	9.269	4.003	9.487	2.524
29.422	34.821	39.358	-7.6675	7.937	7.791	-0.239	4.161	-3.818	-0.177	-2.861	-2.299
26.491	28.702	32.72	-4.219999999999999	14.633	14.566	8.174	3.262999999999998	-1.015	-5.883	-1.629	2.7410000000000005
24.962	26.221	29.964	-3.1305000000000014	8.191	15.067	10.586	-4.635499999999999	5.879	-1.229	-4.217	8.602
26.572	22.111	9.414	10.8095	-11.489	-17.416	-22.333	8.385499999999997	3.236	-1.412	-1.836	4.86
-38.761	-38.955	-29.472	-4.5475000000000065	3.631	4.587	2.667	0.0040000000000000036	-1.788	-7.562	-0.008	1.997
-35.248	-36.703	-34.955	0.5810000000000031	-29.395	-24.691	-5.875	-14.112	-18.724	-14.401	-9.068	-6.9895
-18.439	-21.24	-21.626	2.9939999999999998	4.785	0.283	-4.085	6.686	11.635	8.381	4.978	4.9555
9.338	12.853	-1.803	3.812999999999999	2.202	5.485	17.838	-9.4595	-35.879	-41.992	-39.634	4.934000000000005
21.987	16.197	12.536	7.6205	6.801	3.914	2.339	3.6745	-26.933	-24.975	-36.388	3.7485
30.932	13.028	15.918	16.459	-9.953	-19.519	-12.189	5.901	-7.431	1.721	2.112	-9.3475
22.677	21.059	19.947	2.1739999999999995	21.868	11.646	7.867	12.111499999999998	3.507	-0.206	-2.191	4.7055
-8.971	0.31	0.922	-9.587	4.296	9.349	-5.508	2.3755	17.774	16.618	21.072	-1.070999999999998
-3.296	-3.984	-0.791	-0.9084999999999996	7.767	8.882	-2.842	4.747000000000001	15.317	17.103	20.217	-3.343
5.58	-5.306	-1.222	8.844000000000001	25.826	7.091	5.203	19.679000000000002	12.86	16.302	17.983	-4.282499999999999
6.542	4.232	-3.497	6.1745	17.585	21.502	7.612	3.0280000000000022	11.718	13.187	16.973	-3.3619999999999983
2.364	6.119	-2.729	0.669	7.879	18.984	11.371	-7.298500000000002	5.899	10.607	15.798	-7.3035000000000005
4.347	3.392	6.919	-0.8084999999999996	4.663	7.47	15.422	-6.7829999999999995	-11.187	-8.029	-3.324	-5.5104999999999995
2.457	3.546	5.038	-1.835	3.891	5.005	12.264	-4.743499999999999	-13.921	-10.594	-5.322	-5.962999999999999
-19.262	-26.972	-21.602	5.024999999999999	-3.058	-2.559	-1.97	-0.7934999999999999	-3.32	-1.111	-1.811	-1.859
-31.214	-31.893	-20.615	-4.960000000000001	-7.173	-14.812	-8.384	4.424999999999999	-6.751	-5.298	-3.853	-2.1755000000000004
-28.468	-30.792	-28.856	1.3560000000000016	-2.436	-7.025	-14.65	8.4015	-11.803	-8.536	-4.8	-5.135000000000002
21.521	14.599	15.413	6.515000000000001	-12.468	-11.736	-11.999	-0.6005000000000003	-5.545	-3.314	-4.197	-1.7894999999999999
4.26	-1.594	-3.466	6.79	2.327	6.989	3.945	-3.1399999999999997	24.857	17.968	7.729	12.0085
30.461	38.532	45.771	-11.6905	12.929	18.231	9.025	-0.6989999999999998	-8.287	-7.776	-9.149	0.17549999999999777
19.724	29.284	33.212	-11.524000000000001	1.98	16.281	14.762	-13.5415	-0.581	-4.845	-7.85	5.766500000000001
-0.582	-3.525	-5.756	4.0585	-3.751	-6.624	-0.706	-0.08599999999999985	-17.905	-15.755	-15.823	-2.1159999999999997
-2.435	1.301	-2.969	-1.601	-4.018	-2.691	-5.0	-0.17249999999999988	-22.805	-21.437	-16.489	-3.8419999999999987
4.822	-0.887	0.522	5.0045	-1.565	-1.774	-4.144	1.3940000000000001	-19.944	-22.202	-19.39	0.8520000000000003
-1.747	-1.126	7.303	-4.8355	6.431	3.309	9.201	0.17599999999999927	-15.636	-17.905	-17.332	1.9825000000000017
22.465	24.677	18.679	0.7870000000000026	-3.909	-0.288	-20.37	6.420000000000001	-8.331	-12.748	-15.39	5.7379999999999995
21.942	29.619	25.808	-5.7715	9.707	15.859	17.074	-6.759499999999999	17.467	15.223	18.451	0.629999999999999
20.706	17.322	28.551	-2.2304999999999993	3.16	5.681	15.121	-7.241	20.306	18.287	15.009	3.6580000000000013
-13.065	-7.099	-20.287	0.6280000000000001	4.529	8.742	0.152	0.08199999999999985	-14.233	-16.859	-2.022	-4.7925
-12.418	-8.855	-16.183	0.10100000000000087	8.013	7.582	2.828	2.808	-15.894	-16.18	-8.479	-3.5645000000000007
11.982	13.543	15.967	-2.7729999999999997	-9.609	-16.532	-22.872	10.092999999999998	-1.509	-2.687	2.721	-1.526
-34.3	-33.301	-28.318	-3.4904999999999973	-2.042	-5.338	2.434	-0.5899999999999999	10.943	8.09	9.863	1.9665
-27.256	-32.86	-33.722	6.034999999999997	15.004	-4.393	-5.259	19.83	0.821	-2.407	-4.866	4.4575
-16.39	-11.428	-10.858	-5.247	5.938	19.162	24.456	-15.870999999999999	-6.409	-9.974	-26.495	11.825500000000002
-20.154	-17.692	-10.68	-5.968	5.964	6.481	22.741	-8.647	-12.229	-6.765	-16.307	-0.6929999999999996
-16.083	-15.609	-19.025	1.2340000000000018	20.496	18.553	6.775	7.831999999999997	-6.517	-7.231	-9.621	1.9089999999999998
16.644	14.126	12.989	3.0864999999999974	6.478	5.863	-4.584	5.8385	-18.481	-15.167	-11.485	-5.155000000000001
23.533	22.01	28.448	-1.695999999999998	3.424	-11.189	-24.768	21.4025	7.736	4.206	15.882	-2.3080000000000007
-31.373	-32.292	-21.601	-4.426500000000001	-38.989	-28.907	-20.153	-14.458999999999996	-4.51	-8.966	-2.106	1.0259999999999998
9.944	3.655	5.155	5.539000000000001	15.547	8.293	13.302	4.749500000000001	-10.713	-10.323	-13.74	1.318500000000002
4.716	17.855	5.752	-7.0874999999999995	10.276	22.586	10.711	-6.372499999999999	-19.294	-20.7	-10.453	-3.717500000000001
12.316	15.33	17.452	-4.075000000000001	3.601	7.262	-3.069	1.5045000000000002	11.352	9.186	9.347	2.0854999999999997
4.467	8.231	-2.815	1.7589999999999995	-13.531	-6.352	-1.093	-9.8085	8.903	1.718	14.199	0.9445000000000006
-3.481	-3.325	-2.419	-0.609	1.603	-8.423	-15.535	13.581999999999999	18.26	16.157	14.745	2.809000000000001
1.817	-3.331	-6.776	6.8705	-9.111	-21.637	-10.95	7.182500000000001	16.808	20.745	14.922	-1.025500000000001
39.93	40.793	44.717	-2.8249999999999957	13.168	8.68	-3.271	10.4635	6.218	0.635	-2.208	7.0045
-39.987	-38.097	-40.169	-0.8540000000000063	-5.325	-5.168	-2.465	-1.5085000000000002	-0.025	-1.826	-2.402	2.089
-10.337	-14.492	-10.525	2.1715000000000018	-1.083	-9.308	2.389	2.3765	12.448	10.483	7.604	3.4045000000000005
-24.991	-28.873	-23.889	1.3900000000000006	-4.281	-10.161	0.102	0.7484999999999999	1.523	0.106	-5.907	4.4235
-24.503	-20.279	-22.682	-3.022500000000001	-17.655	-12.862	-10.33	-6.059000000000001	-9.237	-8.003	-4.706	-2.8825000000000003
12.729	15.492	4.468	2.7489999999999988	12.725	17.102	-1.819	5.083499999999999	10.324	7.46	11.503	0.8424999999999994
22.916	19.143	13.806	6.441500000000001	13.991	17.094	15.766	-2.439	7.929	10.354	10.294	-2.3949999999999996
3.352	6.024	10.859	-5.089499999999999	-10.34	-5.275	4.461	-9.933	4.972	0.319	-2.695	6.16
-33.675	-37.215	-32.188	1.0265000000000057	9.686	12.246	13.655	-3.2645	13.84	11.727	11.256	2.3484999999999996
-33.864	-28.815	-37.016	-0.9484999999999957	13.289	4.237	2.6	9.8705	4.505	-1.74	10.219	0.2655000000000003
38.322	28.546	30.192	8.953000000000003	13.473	-10.655	-5.054	21.3275	-0.424	-3.374	-8.03	5.278
-7.675	-9.415	-13.015	3.54	-8.763	-3.236	1.081	-7.685499999999999	18.745	11.944	13.21	6.167999999999999
-4.222	-7.367	-9.295	4.108999999999999	7.485	-2.356	-5.131	11.2285	14.332	18.549	14.017	-1.9510000000000005
-3.216	1.232	-1.005	-3.3295000000000003	-18.064	-19.645	-5.932	-5.275500000000001	15.835	6.649	3.237	10.892000000000001
-25.62	-18.006	-12.288	-10.473	0.746	-2.035	-5.51	4.5184999999999995	9.947	10.629	20.404	-5.5695000000000014
-29.053	-26.439	-20.825	-5.421000000000003	-12.251	-9.762	-0.943	-6.898499999999999	4.682	9.027	9.984	-4.823499999999999
-40.171	-32.799	-26.31	-10.616500000000002	-12.203	-13.395	-7.678	-1.6664999999999992	4.959	5.01	8.691	-1.8915000000000006
-40.842	-37.824	-34.794	-4.533000000000001	-10.624	-5.93	-13.19	-1.0640000000000018	1.008	-0.258	5.385	-1.5554999999999999
-7.449	-5.976	-3.956	-2.4829999999999997	24.672	21.961	22.136	2.6235000000000035	0.716	-0.875	-9.343	5.825
45.384	50.416	54.771	-7.2094999999999985	0.004	7.468	3.693	-5.5765	23.574	19.11	14.54	6.749000000000002
24.622	23.198	26.756	-0.3550000000000004	6.613	0.09	-1.662	7.399	-20.604	-15.446	-15.468	-5.1469999999999985
-41.471	-45.786	-37.302	0.0730000000000004	-10.186	-7.347	10.399	-11.712	-5.062	-3.614	0.044	-3.277
-6.266	-6.215	-8.359	1.021	-18.196	-22.629	-21.421	3.828999999999997	13.096	12.517	10.581	1.5470000000000006
-16.239	-14.89	-16.208	-0.6900000000000013	11.83	16.117	12.599	-2.5280000000000005	6.17	2.061	5.828	2.2255
-9.36	-12.513	-14.858	4.325500000000002	7.342	8.822	2.246	1.8079999999999998	-18.669	-17.553	-20.302	0.2585000000000015
-10.819	-12.811	-15.22	3.1964999999999986	-5.583	-3.025	0.627	-4.384	-8.176	-2.869	10.324	-11.903500000000001
-9.324	-6.575	-2.15	-4.9615	2.926	-1.575	-2.798	5.112500000000001	19.948	20.212	12.289	3.6975000000000016
-8.403	-10.647	-6.865	0.35299999999999976	5.407	1.101	-1.107	5.41	18.228	20.388	20.118	-2.0249999999999986
2.436	1.122	4.071	-0.16049999999999986	4.174	-0.315	8.261	0.20100000000000096	18.111	17.261	8.643	5.159000000000001
18.829	20.497	14.44	1.3605000000000018	23.076	15.564	12.44	9.074000000000002	-4.902	-6.426	-14.229	5.4255
1.226	2.807	11.484	-5.9195	-18.89	-13.412	-11.082	-6.643000000000001	3.587	3.517	14.335	-5.339
7.394	3.279	5.369	3.0700000000000003	-9.517	-16.649	-13.309	5.462	8.035	4.27	6.892	2.4540000000000006
-7.941	-17.328	-17.631	9.538500000000003	-0.325	-2.268	6.033	-2.2075000000000005	12.057	19.386	25.006	-10.138999999999998
42.81	48.36	44.456	-3.597999999999999	2.262	7.805	0.348	-1.8145000000000002	20.054	14.442	8.306	8.68
27.41	30.999	33.211	-4.694999999999997	-0.772	1.75	-2.47	-0.4119999999999999	8.704	-4.933	-12.394	17.3675
18.889	23.722	29.803	-7.8735000000000035	-14.948	-12.716	0.91	-9.045000000000002	1.297	3.056	-0.387	-0.03750000000000009
-25.344	-32.252	-24.697	3.130499999999998	6.388	-2.885	1.507	7.077	-2.095	2.705	2.68	-4.7875
4.792	10.248	24.649	-12.6565	-30.823	-27.104	-19.691	-7.4254999999999995	-5.933	-2.788	6.301	-7.6895
9.137	4.596	12.824	0.4269999999999996	-22.781	-32.141	-25.167	5.873000000000001	-3.406	-5.082	-1.896	0.08299999999999974
-20.738	-20.79	-7.381	-6.6525	0.483	7.582	14.56	-10.588	-1.525	-1.666	-8.78	3.698
6.942	5.988	12.182	-2.1430000000000007	-11.0	-8.658	-12.934	-0.20400000000000063	7.436	7.528	-0.865	4.1045
31.337	13.342	1.059	24.136499999999998	5.535	2.838	9.096	-0.4320000000000004	-2.712	8.157	23.446	-18.5135
12.215	13.523	9.542	0.682500000000001	19.298	18.883	8.352	5.6804999999999986	-0.681	-1.453	5.872	-2.8905
2.657	11.757	13.087	-9.765	1.712	9.629	19.021	-12.613	-3.421	-0.716	-1.196	-2.465
4.879	6.169	8.445	-2.428000000000001	0.87	1.379	6.36	-2.9995000000000003	7.101	0.365	-1.863	7.85
-17.345	-16.791	-25.249	3.6750000000000007	1.08	-1.08	-4.983	4.1114999999999995	-3.868	-1.235	-0.394	-3.0534999999999997
-20.337	-24.274	-29.533	6.566500000000001	-33.159	-22.445	-22.201	-10.835999999999999	-19.312	-18.403	-19.399	-0.41100000000000136
-13.467	-19.485	-15.096	3.823500000000001	2.228	-6.415	-2.543	6.707000000000001	5.022	9.495	7.115	-3.2829999999999995
-46.063	-46.736	-37.471	-3.9595000000000056	-5.86	-16.824	-15.161	10.1325	1.854	10.628	16.975	-11.947500000000002
-14.927	-16.7	-21.039	3.9425000000000026	-15.222	-8.157	-1.27	-10.5085	-1.281	-1.791	4.589	-2.68
11.139	20.861	17.277	-7.930000000000003	1.9	10.443	7.808	-7.2254999999999985	15.188	13.229	12.342	2.4025000000000016
14.799	12.439	16.036	0.5614999999999988	3.542	3.253	5.99	-1.0795000000000003	0.123	2.341	14.399	-8.247
-3.106	3.305	13.58	-11.5485	-6.676	-1.886	4.462	-7.964	5.589	3.077	-0.542	4.3215
-2.599	1.229	1.562	-3.9945000000000004	-0.624	0.006	1.958	-1.6059999999999999	-0.387	-3.62	-0.84	1.843
39.256	41.095	48.437	-5.509999999999998	12.26	8.418	-5.957	11.0295	22.132	22.376	28.05	-3.0809999999999995
39.059	40.463	41.125	-1.7349999999999994	2.503	10.052	8.298	-6.672000000000001	20.54	22.638	22.111	-1.834500000000002
33.549	39.873	40.218	-6.496500000000005	-5.641	5.619	10.766	-13.833499999999999	23.155	21.031	21.846	1.7165000000000035
0.304	3.713	-3.004	-0.050500000000000045	8.811	17.549	16.59	-8.258499999999998	7.975	3.458	-1.236	6.863999999999999
13.63	13.589	8.705	2.4830000000000005	10.669	13.415	13.747	-2.911999999999999	-7.513	-2.581	3.155	-7.8
-13.99	-9.977	-20.189	1.093	-4.888	-3.098	-8.597	0.9595000000000002	4.831	-0.698	15.607	-2.623499999999999
-20.327	-19.87	-15.888	-2.4480000000000004	-6.071	-12.106	-10.16	5.061999999999999	10.706	12.606	9.006	-0.10000000000000142
-25.6	-23.22	-18.785	-4.597500000000004	-11.192	-7.963	-12.763	-0.8290000000000006	13.865	11.532	12.599	1.7995
-56.008	-54.776	-50.317	-3.461500000000001	-4.498	2.631	1.799	-6.713	18.653	16.158	18.33	1.408999999999999
30.231	22.241	15.18	11.520500000000002	7.374	-0.239	8.523	3.232	-2.179	-5.013	-21.441	11.048
28.75	23.566	27.463	3.235500000000002	-1.433	-12.376	-11.717	10.6135	-4.419	-3.021	-2.395	-1.7109999999999994
-16.373	-18.885	-13.445	-0.20800000000000196	10.019	6.305	1.406	6.163500000000001	-9.16	-12.856	-5.338	-0.06300000000000061
-16.511	-15.525	-19.52	1.0115000000000016	0.219	9.029	3.782	-6.1865	-6.517	-11.164	-5.476	1.803
-23.002	-11.79	4.995	-19.604499999999998	-7.339	-4.406	1.572	-5.922000000000001	12.563	10.149	8.313	3.3320000000000007
34.03	39.223	37.668	-4.415499999999994	14.79	5.485	9.68	7.2075	-11.71	-10.329	-10.13	-1.4804999999999993
31.999	38.292	37.172	-5.7330000000000005	22.14	25.293	8.889	5.0489999999999995	-12.052	-13.791	-10.612	0.14949999999999974
45.786	38.356	37.545	7.835499999999996	15.734	1.027	-0.74	15.5905	25.595	25.437	19.238	3.2575000000000003
-10.179	-8.439	0.688	-6.3035	-12.02	-5.47	10.735	-14.6525	-11.37	-7.244	-3.239	-6.128499999999999
-15.984	-11.105	-3.765	-8.549	-10.804	-10.888	2.985	-6.8525	-6.13	-10.221	-6.188	2.0744999999999996
-23.699	-23.407	-21.107	-1.4420000000000037	-24.679	-18.015	-10.964	-10.189499999999999	-4.824	1.887	12.264	-11.8995
6.364	7.36	-5.705	5.5365	3.66	0.738	-4.531	5.5565	-7.073	-12.991	-10.566	4.705500000000001
-4.296	-2.131	3.759	-5.11	14.98	9.342	4.525	8.0465	-9.614	-6.727	-9.941	-1.2800000000000011
-7.325	-6.344	-10.218	0.9560000000000004	9.369	13.851	-1.654	3.2704999999999993	28.066	17.399	20.873	8.929999999999996
-0.689	-4.305	-7.302	5.1145	9.523	3.951	10.518	2.288499999999999	14.812	22.413	18.994	-5.891499999999999
20.822	15.576	14.359	5.854499999999998	0.51	-9.785	-9.665	10.235	-8.078	-11.184	-10.526	2.777000000000001
8.948	20.454	17.593	-10.075499999999998	-7.31	-0.653	-8.128	-2.9194999999999993	-8.986	-12.328	-12.776	3.565999999999999
6.059	11.753	17.78	-8.7075	-12.471	-6.261	-4.666	-7.0075	-6.271	-10.619	-9.667	3.8720000000000008
11.89	6.837	16.618	0.16250000000000142	1.272	-10.511	-2.872	7.9635	-10.432	-7.532	-11.214	-1.0589999999999993
14.048	9.142	11.465	3.7445000000000004	9.844	-4.196	-7.251	15.567499999999999	-11.46	-9.484	-10.005	-1.7155000000000005
5.225	1.986	7.407	0.5284999999999993	-2.662	-11.353	-21.609	13.819000000000003	-9.724	-7.297	-10.139	-1.0060000000000002
10.146	3.435	-4.538	10.697500000000002	12.896	8.309	9.009	4.237000000000002	-2.965	-7.269	-1.541	1.4400000000000004
-43.443	-44.545	-45.8	1.7295000000000016	-17.92	-17.389	-3.533	-7.459000000000001	2.728	2.362	9.115	-3.0105
9.294	2.449	6.368	4.8855	3.296	0.89	-3.927	4.8145	-12.165	-5.996	-9.501	-4.416499999999999
17.948	14.35	13.599	3.9735000000000014	15.109	24.579	17.529	-5.945000000000002	-7.109	-3.583	-3.542	-3.5465
6.356	4.518	7.291	0.45149999999999935	-21.789	-21.925	-15.401	-3.1260000000000012	5.523	6.202	4.855	-0.0055000000000005045
13.353	7.531	12.065	3.5549999999999997	-1.306	-9.164	-6.355	6.4535	-22.026	-17.762	-17.052	-4.619
25.666	30.95	39.634	-9.626000000000001	6.767	4.928	0.399	4.1035	5.65	0.926	-5.071	7.7225
19.168	17.641	23.321	-1.3130000000000024	15.51	15.928	12.85	1.1210000000000004	15.088	12.084	8.963	4.564500000000001
-16.171	-17.109	-14.417	-0.4079999999999977	2.561	0.391	5.007	-0.1379999999999999	-8.364	-9.267	-20.571	6.555
-21.139	-20.455	-18.377	-1.7230000000000025	-11.483	-9.769	1.434	-7.3155	-11.205	-10.357	-5.463	-3.295
-20.542	-12.12	-33.305	2.170499999999997	28.991	30.736	19.698	3.774000000000001	-9.486	-10.126	3.111	-5.978500000000001
-29.13	-24.746	-23.083	-5.215500000000002	10.894	11.004	20.944	-5.08	0.337	1.017	-3.467	1.562
-8.052	-8.515	-16.169	4.290000000000001	0.417	-2.086	-7.805	5.3625	-24.886	-24.583	-23.497	-0.8460000000000001
-11.852	-4.031	-9.323	-5.175000000000001	-15.586	-1.618	-1.818	-13.868	-25.945	-26.728	-24.21	-0.4759999999999991
-9.736	-11.995	-5.777	-0.8500000000000014	-3.513	-12.161	-0.695	2.915	-22.791	-26.527	-26.34	3.642500000000002
13.047	5.684	2.57	8.920000000000002	2.766	-5.22	-2.862	6.807	0.569	7.894	-2.427	-2.1645000000000003
17.725	19.049	14.711	0.8450000000000024	5.814	5.118	4.545	0.9824999999999999	6.795	2.245	-1.036	6.1905
-6.136	-8.919	-13.597	5.121999999999999	5.244	8.879	-0.994	1.3014999999999999	10.692	3.911	4.971	6.251
41.669	43.614	41.003	-0.6394999999999982	-4.022	-10.488	-17.122	9.783	4.056	-3.626	0.341	5.6985
-24.248	-25.763	-24.105	0.6859999999999999	8.704	-3.606	2.596	9.209	-15.331	-15.349	-8.437	-3.437999999999999
-14.383	-15.748	-14.23	0.6060000000000016	9.697	7.097	2.118	5.089499999999999	-16.691	-7.843	-9.317	-8.110999999999999
-11.06	-14.813	-13.31	3.0015	8.084	8.591	5.075	1.2509999999999994	-18.963	-15.541	-7.041	-7.672000000000001
-28.504	-19.26	-11.909	-12.9195	6.32	4.832	8.091	-0.14149999999999885	-13.709	-11.127	-17.12	0.4145000000000003
6.089	10.273	18.379	-8.237	-3.927	-6.791	-3.646	1.2915000000000005	7.917	4.42	1.346	5.034
45.801	49.338	47.789	-2.762500000000003	17.188	2.5	-9.514	20.695	-4.437	-6.256	4.989	-3.8035
33.135	30.066	41.891	-2.843499999999999	3.414	1.621	17.109	-5.9510000000000005	-4.169	-7.165	-5.326	2.0765000000000002
4.032	-0.66	-10.44	9.582	5.263	4.346	9.362	-1.5910000000000002	5.809	9.83	16.397	-7.304499999999998
-18.774	-20.38	-26.956	4.893999999999998	9.668	6.412	-6.722	9.823	11.695	12.478	20.253	-4.6705000000000005
-7.598	-15.651	-19.996	10.2255	-11.31	-13.646	-10.953	0.9894999999999996	7.268	8.041	13.685	-3.5949999999999998
-17.787	-20.03	-19.594	2.025000000000002	25.454	19.146	18.883	6.4395000000000024	-7.993	-6.416	-5.904	-1.8330000000000002
-0.085	2.04	1.905	-2.0575	27.029	27.618	18.55	3.9450000000000003	0.885	-5.766	-3.624	5.58
52.165	56.78	51.499	-1.974499999999999	-4.175	-6.725	-6.671	2.5230000000000006	-12.983	-17.554	-14.028	2.808
50.075	53.144	55.976	-4.484999999999999	3.103	-4.742	-6.592	8.77	-5.166	-10.869	-16.364	8.4505
41.427	49.104	52.121	-9.185499999999998	-12.11	-1.487	-2.127	-10.302999999999999	-8.637	-6.997	-8.968	-0.6545000000000005
43.841	42.572	49.844	-2.3669999999999973	6.742	-5.667	0.553	9.299	-0.762	-7.24	-6.124	5.92
37.688	43.399	44.956	-6.4895	0.856	7.152	-6.339	0.4495000000000001	6.291	-0.519	-7.245	10.173
36.938	35.544	41.495	-1.5814999999999912	-15.753	-2.835	5.054	-16.8625	9.281	9.804	1.751	3.5035000000000007
-29.79	-31.259	-21.682	-3.319499999999998	12.558	-1.772	6.479	10.2045	-2.248	4.585	7.399	-8.24
-25.648	-25.884	-23.03	-1.190999999999999	4.779	3.833	5.025	0.34999999999999964	-15.937	-8.441	-0.729	-11.352
43.663	42.348	42.135	1.4214999999999947	-11.197	-6.16	-8.502	-3.8659999999999988	3.759	8.158	-1.741	0.5505
36.298	42.562	42.666	-6.315999999999995	-0.044	-3.665	-7.107	5.3420000000000005	10.38	3.532	5.562	5.833
3.909	2.827	-0.16	2.5755	1.379	-0.412	-0.487	1.8285	2.77	7.528	11.847	-6.9175
-8.568	-1.979	1.28	-8.218499999999999	10.512	19.219	9.23	-3.7125000000000004	0.113	-3.599	-3.665	3.745
-26.142	-19.185	-28.053	-2.5229999999999997	11.539	21.894	19.081	-8.948499999999997	8.876	7.686	10.527	-0.23050000000000104
7.148	10.736	8.849	-2.6445000000000007	-4.985	-13.07	-9.843	6.4715	5.852	10.717	4.288	-1.6505
-2.654	1.962	9.54	-8.405	-14.573	-4.016	-10.375	-7.3775	13.795	9.19	9.095	4.6525
17.893	16.825	15.688	1.6365000000000016	-8.234	-4.606	-7.452	-2.205	-34.531	-30.119	-24.889	-7.027000000000001
-5.675	-3.455	0.253	-4.074	31.528	23.364	16.197	11.747499999999999	9.97	13.052	9.981	-1.5465
-13.317	-5.152	-3.581	-8.9505	28.065	28.837	23.839	1.7270000000000003	13.701	11.874	12.547	1.4905000000000008
12.252	10.266	4.573	4.8325000000000005	10.761	9.783	10.724	0.5075000000000003	10.665	6.844	6.183	4.151499999999999
15.46	14.161	8.988	3.8855000000000004	2.134	9.654	9.361	-7.3735	22.697	16.323	7.356	10.857499999999998
14.014	15.706	14.117	-0.8975000000000009	-9.973	-1.442	4.851	-11.6775	21.754	18.441	20.847	2.110000000000003
63.489	62.586	64.895	-0.25150000000000006	-9.335	-15.156	-16.919	6.702500000000001	-3.508	-3.3	-11.0	3.6420000000000003
57.546	57.668	54.256	1.583999999999996	-2.409	8.452	0.203	-6.7364999999999995	0.413	5.566	10.037	-7.3885000000000005
-14.856	-10.601	-5.613	-6.748999999999999	-18.839	-10.443	-2.42	-12.407499999999999	-0.204	1.909	-2.594	0.13849999999999993
-26.608	-22.368	-23.698	-3.5749999999999993	6.809	13.138	3.699	-1.6094999999999997	-20.367	-25.947	-27.462	6.337499999999999
-24.405	-29.993	-22.054	1.6184999999999974	11.153	12.183	11.984	-0.9305000000000003	-26.623	-24.727	-24.904	-1.807500000000001
-28.032	-24.355	-28.258	-1.7255000000000003	7.905	7.352	12.228	-1.884999999999999	-24.151	-26.173	-24.485	1.1780000000000008
3.206	-0.365	-8.891	7.834	1.614	7.403	-1.908	-1.1334999999999995	-0.278	-6.488	-0.737	3.3345000000000002
5.411	7.043	6.33	-1.275500000000001	6.583	5.187	3.67	2.1545000000000005	9.7	9.717	0.453	4.614999999999999
8.784	12.612	0.587	2.1845000000000008	-14.383	-13.92	-4.546	-5.149999999999999	-4.321	-12.042	9.436	-3.018
-3.506	3.676	0.153	-5.4205	15.702	15.421	11.41	2.2865	1.434	-5.819	-1.74	5.2135
7.979	9.928	13.587	-3.7785	3.223	-6.557	-3.746	8.374500000000001	-6.534	-8.533	-5.146	0.30549999999999944
45.518	43.836	43.06	2.0700000000000003	2.463	3.641	-2.549	1.917	10.835	9.724	9.228	1.3590000000000018
21.591	24.319	21.088	-1.1124999999999972	15.735	16.032	14.958	0.23999999999999844	-1.742	-0.359	4.359	-3.742
26.878	31.089	38.538	-7.9354999999999976	4.85	0.301	0.097	4.651	-10.277	-11.134	-8.709	-0.35549999999999926
-7.31	-14.459	-16.631	8.235	-5.265	-6.792	-4.565	0.4135	-8.017	15.086	6.74	-18.93
-19.8	-19.042	-17.161	-1.6984999999999992	-16.203	-7.091	-3.257	-11.029	-4.496	-2.264	-0.822	-2.9530000000000003
-53.187	-50.554	-43.509	-6.155499999999996	7.605	3.935	3.952	3.6615	16.607	14.118	18.352	0.3719999999999999
-33.472	-42.176	-48.019	11.625499999999995	9.095	4.227	-7.835	10.899000000000001	-4.732	-3.557	-1.609	-2.149
0.665	4.07	8.796	-5.768	9.539	0.062	0.095	9.4605	-18.37	-15.332	-18.773	-1.317499999999999
0.682	2.632	7.846	-4.5569999999999995	7.73	5.263	0.335	4.931000000000001	-21.017	-18.194	-16.165	-3.837500000000002
-17.736	-20.076	-34.172	9.387999999999998	25.113	24.62	14.23	5.687999999999999	-19.645	-7.958	-11.117	-10.107499999999998
-24.485	-16.659	-21.016	-5.647500000000001	25.541	24.129	22.138	2.407499999999999	-23.24	-19.09	-7.954	-9.717999999999998
-16.821	-16.127	-19.513	0.9989999999999988	15.279	24.911	24.93	-9.6415	-24.09	-25.984	-21.379	-0.4085000000000001
-16.183	-12.903	-9.682	-4.890499999999999	-27.418	-14.517	-19.275	-10.521999999999998	2.261	6.821	8.563	-5.431
21.812	25.343	20.845	-1.282	-2.963	-5.09	-14.407	6.7855	6.056	1.282	5.83	2.5
18.238	20.032	23.897	-3.7265000000000015	-10.467	-4.729	-4.08	-6.0625	13.241	8.072	3.614	7.398
21.982	15.353	15.747	6.431999999999999	1.676	-3.919	-2.799	5.035	-12.521	-5.141	-10.009	-4.946000000000001
24.44	20.614	13.156	7.555	4.363	1.488	-5.588	6.413	-2.3	-9.913	-6.127	5.72
38.049	30.882	23.944	10.636	14.957	8.703	3.048	9.081500000000002	-5.455	1.093	-4.934	-3.5345
12.9	12.683	13.361	-0.12199999999999989	21.186	14.082	5.175	11.5575	-2.218	-6.719	-4.573	3.428000000000001
13.916	12.738	13.949	0.5725000000000016	25.273	17.973	8.593	11.99	1.157	-3.807	-5.894	6.0075
36.946	29.551	25.533	9.403999999999996	-5.755	-4.869	-2.643	-1.999	4.945	10.286	9.629	-5.012499999999999
16.012	14.506	21.763	-2.1225000000000023	8.519	-1.977	1.595	8.71	-4.537	-6.435	-18.376	7.8685
13.589	15.552	16.816	-2.594999999999997	8.744	10.172	1.057	3.1294999999999993	-3.666	-5.117	-9.973	3.879
1.236	-1.238	-1.372	2.5410000000000004	-1.4	-0.251	-1.723	-0.4129999999999998	-0.155	-4.437	0.537	1.7950000000000002
-2.686	6.922	0.168	-6.231	4.662	12.585	0.974	-2.1175000000000006	7.831	2.893	-2.513	7.641
65.308	54.557	46.935	14.562000000000005	-10.614	-17.343	-22.783	9.449000000000002	-1.235	-2.288	-5.358	2.587999999999999
45.014	49.136	58.384	-8.746000000000002	2.565	-8.726	-17.046	15.450999999999999	-0.618	-2.413	-0.7	0.9384999999999998
-24.272	-21.27	-22.38	-2.446999999999999	-1.006	9.686	-0.7	-5.4990000000000006	-29.422	-24.196	-8.61	-13.019000000000002
-30.968	-25.239	-22.285	-7.2059999999999995	-5.568	-1.462	6.922	-8.298	-18.452	-23.858	-24.958	5.9559999999999995
1.795	7.183	-0.852	-1.3704999999999998	15.757	15.01	4.261	6.121499999999999	14.535	6.023	6.218	8.4145
-12.337	-8.864	-6.121	-4.844499999999999	10.273	11.037	4.382	2.5634999999999994	11.163	12.911	13.289	-1.9369999999999994
-16.998	-17.864	-20.66	2.2639999999999993	-21.091	-13.683	-6.327	-11.086000000000002	8.365	2.505	8.135	3.045
18.402	21.045	26.24	-5.240499999999997	-6.157	-4.382	0.382	-4.157	-4.477	-4.387	-13.215	4.324
38.95	42.266	43.365	-3.8654999999999973	4.07	10.862	1.291	-2.0065	7.173	6.782	-6.082	6.823
-3.317	-6.488	-5.564	2.7089999999999996	-11.614	-6.057	-14.477	-1.3470000000000013	9.626	0.582	-2.266	10.468
-11.432	-5.809	0.912	-8.9835	-0.229	-12.186	-9.313	10.520500000000002	-2.752	4.575	4.65	-7.3645000000000005
-5.568	-9.933	0.956	-1.0794999999999995	-2.938	-5.338	-10.083	4.772499999999999	-12.307	1.306	2.704	-14.312000000000001
0.448	-8.5	-1.627	5.511500000000001	-8.556	-1.583	-11.129	-2.1999999999999993	-15.169	-7.529	1.918	-12.3635
-10.812	-8.541	-5.884	-3.599499999999999	7.668	2.468	-5.468	9.168	12.752	7.707	8.612	4.592500000000001
-12.595	-8.943	-8.637	-3.8050000000000015	4.759	7.83	2.13	-0.22100000000000009	6.933	11.612	8.055	-2.900500000000001
-7.039	-4.632	-1.052	-4.197	-1.278	-2.264	-3.484	1.5959999999999996	-1.126	0.409	-4.462	0.9005000000000001
27.485	27.385	25.221	1.1819999999999986	2.498	-3.772	-15.208	11.988	-5.616	-5.431	0.771	-3.2859999999999996
36.635	38.035	43.799	-4.282000000000004	-3.355	2.731	7.89	-8.6655	3.579	0.007	5.821	0.6650000000000005
-27.755	-30.73	-24.534	-0.12300000000000111	-6.755	-15.864	-14.551	8.4525	-3.363	-6.238	-9.256	4.384
-38.084	-33.678	-30.171	-6.159500000000005	-15.679	-12.878	-6.111	-6.1845	-11.308	-7.545	-7.934	-3.5685000000000002
30.597	27.757	25.926	3.7555000000000014	17.966	11.178	-0.096	12.425	-11.382	-17.583	-22.458	8.638499999999999
-6.144	-10.525	-5.127	1.6820000000000004	-5.856	-11.102	-11.807	5.5985	-1.635	4.854	6.325	-7.2245
4.163	-7.815	-10.161	13.151	2.658	-9.401	-7.144	10.9305	12.747	22.274	13.15	-4.965
2.728	4.376	-7.522	4.301	16.46	6.909	-7.397	16.704	10.169	11.98	21.583	-6.612500000000001
1.086	5.243	-5.932	1.4305	15.524	13.532	-7.301	12.4085	11.339	10.172	21.213	-4.3535
3.653	1.388	1.958	1.98	10.59	15.232	3.643	1.1524999999999999	13.3	11.299	13.121	1.0899999999999999
-0.623	3.006	3.054	-3.6529999999999996	-0.558	10.037	15.132	-13.1425	10.699	12.005	10.672	-0.6395
-4.812	2.263	2.163	-7.025	1.616	6.142	14.494	-8.702	12.079	11.357	11.074	0.8635000000000019
-6.979	-4.147	-0.095	-4.8580000000000005	-0.511	-3.094	4.633	-1.2805	22.491	17.725	11.598	7.8294999999999995
9.377	11.764	14.732	-3.8709999999999987	9.074	3.895	5.231	4.511	31.588	23.95	15.5	11.863
5.641	11.069	3.207	-1.4969999999999999	4.682	14.971	9.398	-7.5024999999999995	-13.218	-8.587	-8.132	-4.858499999999999
-17.49	-12.988	-19.147	-1.4224999999999994	5.091	7.695	10.806	-4.159499999999999	-14.207	-19.392	-15.37	3.1739999999999995
-26.501	-17.036	-16.985	-9.4905	2.026	6.872	8.751	-5.7855	-9.602	-14.505	-15.655	5.478
-35.362	-27.653	-14.191	-14.440000000000001	-5.799	0.608	7.195	-9.7005	-13.406	-10.816	-17.175	0.5894999999999992
-37.909	-37.234	-29.322	-4.631	-0.555	-5.461	-0.759	2.555	-18.887	-15.988	-11.703	-5.041500000000001
-36.466	-29.676	-36.386	-3.4350000000000023	6.077	5.355	-1.145	3.9719999999999995	-21.727	-24.766	-17.782	-0.4529999999999994
35.13	30.622	39.885	-0.12349999999999994	-3.631	-17.472	-16.081	13.145499999999998	3.359	9.291	7.387	-4.98
29.109	32.339	34.519	-4.32	1.924	1.874	-4.258	3.1159999999999997	-1.891	3.135	4.111	-5.513999999999999
-35.026	-36.879	-37.803	2.3149999999999906	-23.979	-16.732	-11.152	-10.036999999999999	0.834	4.667	2.797	-2.898
-34.54	-29.262	-30.808	-4.504999999999999	-19.679	-4.807	-3.531	-15.509999999999998	6.079	-2.159	-5.556	9.936499999999999
-29.857	-32.73	-33.148	3.0820000000000007	-13.942	-18.089	-15.047	2.6259999999999977	-8.98	-1.815	3.417	-9.781
1.232	4.197	12.349	-7.0409999999999995	3.807	0.317	4.447	1.4249999999999998	-2.492	-4.543	-6.389	2.974
2.567	3.434	0.993	0.3534999999999999	4.043	-7.291	2.784	6.2965	-5.146	-7.959	-4.065	0.8660000000000005
31.014	33.751	25.652	1.3125	6.87	0.734	1.483	5.7615	18.604	12.121	14.409	5.338999999999999
31.692	31.381	32.555	-0.2759999999999998	9.216	14.776	5.071	-0.7075000000000014	17.872	11.15	14.435	5.0794999999999995
34.256	32.949	31.34	2.1114999999999995	5.951	10.708	12.977	-5.8915000000000015	31.105	22.973	15.058	12.089500000000001
36.573	33.72	25.622	6.902000000000001	20.453	15.917	8.418	8.285499999999999	10.413	6.162	9.422	2.6210000000000004
-11.949	-4.122	5.518	-12.647	-10.397	-5.704	1.239	-8.1645	-16.826	-11.818	-8.454	-6.690000000000001
-2.701	-3.624	-2.138	0.18000000000000016	-12.985	-18.986	-16.254	4.635000000000002	20.433	18.765	14.639	3.7310000000000016
-22.494	-21.37	-10.968	-6.324999999999999	11.546	16.414	6.21	0.2339999999999982	-1.916	-3.834	-4.195	2.0985
16.138	8.644	4.543	9.544500000000001	16.778	10.387	-0.169	11.668999999999999	8.508	9.118	4.533	1.6824999999999992
-17.967	-13.595	-15.479	-3.4299999999999997	1.113	6.555	7.023	-5.676	24.029	18.639	21.582	3.918499999999998
-8.385	-4.71	-10.489	-0.785499999999999	13.465	10.292	3.537	6.5504999999999995	1.692	-0.333	8.264	-2.2734999999999994
7.203	-0.238	-5.176	9.91	25.751	18.454	9.012	12.018	-2.466	0.43	1.801	-3.5815
0.687	6.691	6.626	-5.9715	11.308	18.153	24.992	-10.264499999999998	-3.48	4.375	-1.305	-5.015000000000001
1.909	1.038	8.968	-3.0940000000000003	14.985	12.145	24.404	-3.2895000000000003	-0.779	-4.096	2.036	0.251
5.712	1.19	6.732	1.7509999999999994	16.331	13.582	19.554	-0.23699999999999832	0.522	-3.019	2.058	1.0025000000000002
44.505	53.139	52.37	-8.249499999999998	-18.934	-17.455	-3.102	-8.655500000000002	-5.337	-8.924	-9.669	3.9595000000000002
52.087	47.21	53.634	1.6650000000000063	2.092	-14.23	-12.137	15.275500000000001	-3.247	-5.485	-9.391	4.191000000000001
-6.185	-9.342	-0.853	-1.0874999999999995	1.34	2.152	9.156	-4.314	-1.363	-1.608	-13.79	6.336
-3.938	-1.455	-8.355	0.9670000000000001	14.058	9.96	2.134	8.011	-0.386	-4.618	-3.18	3.513
-10.41	-7.394	-2.282	-5.572	-3.985	6.574	11.326	-12.934999999999999	-2.458	-0.03	-3.207	-0.8395000000000004
-3.416	-9.258	-3.825	3.1254999999999993	3.972	-0.991	12.059	-1.5619999999999998	-8.528	-0.921	-1.848	-7.1435
59.836	54.205	47.842	8.8125	-11.555	-23.039	-12.621	6.275000000000002	-9.373	-8.623	1.817	-5.97
35.224	38.344	47.449	-7.6725000000000065	-9.135	-16.207	-11.178	4.557500000000001	1.889	-3.186	-3.598	5.281
32.158	36.017	40.393	-6.046999999999997	-6.181	-9.802	-13.512	5.476	8.917	0.55	-2.064	9.674
4.415	1.58	-2.602	4.926	23.144	20.594	15.03	5.331999999999997	-10.675	-4.93	-0.122	-8.149000000000001
-15.533	-14.877	-4.042	-6.073499999999999	3.018	-2.445	14.952	-3.2355	-0.003	-0.241	-0.66	0.4475
-11.663	-9.803	-9.852	-1.8354999999999997	4.662	7.25	13.462	-5.694	-2.578	-2.32	-6.413	1.7885000000000004
-19.975	-15.271	-14.206	-5.236500000000001	4.888	2.328	-7.544	7.4959999999999996	-10.873	-10.899	-8.917	-0.9649999999999999
-19.443	-17.581	-13.593	-3.8560000000000016	2.85	5.106	-4.58	2.587	-13.596	-11.14	-9.095	-3.4785000000000004
-17.593	-19.007	-15.849	-0.16499999999999915	6.978	3.489	1.643	4.412	-11.755	-12.716	-10.272	-0.261000000000001
1.311	2.615	-3.863	1.9349999999999998	16.322	9.658	-0.939	11.962499999999999	-6.775	-11.354	-16.077	6.9405
0.324	6.836	5.108	-5.648	12.537	13.275	17.161	-2.680999999999999	-1.454	0.912	-7.01	1.595
32.956	25.953	18.379	10.790000000000003	18.018	8.242	4.85	11.472000000000001	-8.249	-7.208	-9.232	-0.02900000000000169
35.267	38.166	29.827	1.2705000000000055	1.467	3.482	-5.74	2.596	4.576	-3.096	3.424	4.412
31.635	35.091	35.465	-3.6430000000000042	11.089	6.054	1.841	7.141500000000001	4.539	2.377	5.408	0.6464999999999996
-16.473	-9.058	-8.757	-7.5655	-10.595	4.755	4.809	-15.377	-10.208	-3.109	-3.975	-6.666
-23.759	-14.718	-15.43	-8.685	15.324	11.818	2.657	8.086500000000001	9.775	9.048	9.422	0.5400000000000009
-25.876	-27.052	-22.455	-1.1225000000000023	-1.511	4.057	12.558	-9.8185	14.466	14.564	10.489	1.939499999999999
-19.053	-18.572	-22.711	1.5884999999999998	6.169	-3.532	-3.791	9.8305	4.714	6.472	11.698	-4.371
15.558	7.311	10.067	6.869	-17.407	-30.358	-25.489	10.5165	-4.593	-4.795	-5.705	0.657
1.789	8.358	17.221	-11.0005	-11.029	-16.141	-10.265	2.1739999999999995	12.799	10.997	16.808	-1.1035000000000004
-2.852	0.503	4.145	-5.176	-18.402	-5.041	0.775	-16.269000000000002	16.735	17.453	6.735	4.641
-48.427	-49.826	-45.966	-0.5309999999999988	-2.485	-6.328	-12.871	7.114500000000001	-1.291	-6.551	3.2	0.38450000000000006
-54.621	-51.797	-48.84	-4.302500000000002	-4.505	-10.436	-9.68	5.553	-20.072	-20.461	-16.878	-1.4024999999999999
-5.48	-9.974	-14.239	6.6265	13.982	-1.875	4.775	12.532	-0.76	4.215	-0.541	-2.597
5.612	-3.209	-9.998	12.215499999999999	39.348	26.663	-0.773	26.403	-3.207	-3.474	4.118	-3.529
-17.0	-17.555	-6.853	-4.795999999999999	12.559	11.004	10.29	1.9120000000000008	18.936	16.424	16.135	2.656500000000001
36.77	41.589	49.07	-8.559499999999993	-17.252	-16.022	-22.239	1.878499999999999	16.729	15.965	1.337	8.078
8.186	4.486	11.591	0.14750000000000085	1.924	-5.929	-7.07	8.4235	2.53	9.358	3.45	-3.874
13.244	10.801	10.133	2.777000000000001	16.444	12.093	10.197	5.2989999999999995	10.867	0.902	1.374	9.729000000000001
19.05	12.695	10.501	7.452000000000002	23.122	16.325	12.548	8.685500000000001	9.926	10.982	-1.192	5.031000000000001
-14.543	-18.283	-17.09	3.143500000000003	29.112	19.489	8.367	15.183999999999997	-5.693	1.231	7.714	-10.1655
-0.706	-18.479	-15.395	16.230999999999998	31.325	25.751	10.407	13.245999999999999	-11.808	-1.594	3.913	-12.9675
-22.934	-22.207	-15.356	-4.1525	7.186	12.196	5.462	-1.6430000000000007	-5.821	-8.586	-4.183	0.5635000000000003
-39.207	-38.311	-33.254	-3.424500000000002	-21.173	-16.815	-13.717	-5.9069999999999965	-11.247	-13.233	-14.429	2.5839999999999996
-27.697	-27.473	-25.437	-1.2420000000000009	11.534	3.387	-2.351	11.016	-20.207	-14.459	-7.984	-8.985500000000002
-33.989	-26.111	-26.254	-7.806499999999996	5.688	8.453	1.67	0.6265000000000001	-12.149	-20.282	-7.65	1.817000000000002
-28.593	-27.666	-26.568	-1.475999999999999	-2.233	4.892	9.522	-9.440000000000001	-16.843	-13.831	-15.037	-2.408999999999999
-16.107	-7.838	-13.139	-5.618499999999999	-1.247	3.121	-13.51	3.9475	14.592	13.249	23.352	-3.708499999999999
19.409	15.712	11.826	5.639999999999999	14.846	7.463	6.633	7.798	21.165	22.008	24.064	-1.8710000000000022
0.822	3.181	-3.008	0.7354999999999999	-3.793	-3.108	-2.517	-0.9805000000000001	3.913	-6.395	4.992	4.6145
-4.763	-5.379	-3.397	-0.375	6.297	13.224	18.432	-9.530999999999999	10.61	11.395	8.111	0.8569999999999993
-0.136	-3.397	-3.526	3.3255	31.293	10.588	17.369	17.3145	8.281	10.402	9.001	-1.4204999999999988
0.153	0.156	-0.521	0.3355	39.248	34.05	24.654	9.896	4.203	11.576	9.323	-6.2465
2.092	0.095	0.544	1.7725	42.534	36.088	33.2	7.8899999999999935	1.333	6.748	10.464	-7.273
31.903	25.647	27.667	5.245999999999999	-2.335	-3.511	5.121	-3.14	-1.203	-1.783	-13.952	6.664499999999999
44.712	49.389	46.78	-3.3725000000000023	-0.096	6.331	13.127	-9.825000000000001	-0.286	-0.397	1.832	-1.0035
46.969	47.445	47.014	-0.2605000000000004	6.18	-1.841	-0.655	7.428	1.629	-1.337	-1.721	3.158
-17.155	-22.146	-20.47	4.152999999999999	15.943	13.764	0.531	8.7955	-13.586	-13.3	-14.088	0.10799999999999876
28.272	37.485	18.553	0.2530000000000001	-3.311	4.222	-9.44	-0.7020000000000004	20.904	14.173	20.654	3.490500000000001
26.279	28.068	30.366	-2.937999999999999	0.679	-0.403	3.916	-1.0775	1.859	9.398	9.536	-7.607999999999999
28.398	26.283	24.333	3.09	-4.315	-13.652	-18.766	11.893999999999998	10.393	8.239	7.25	2.6485000000000003
23.371	28.244	24.799	-3.150500000000001	-9.899	-5.564	-17.222	1.4940000000000015	9.406	9.616	8.565	0.3155000000000019
-12.227	-21.195	-24.365	10.553	21.824	14.266	4.281	12.550500000000001	-6.973	-3.438	4.865	-7.6865
8.594	3.159	2.63	5.6995	13.126	8.986	-2.998	10.132	13.058	6.449	2.303	8.682
38.235	46.797	39.518	-4.922499999999999	8.325	5.211	-1.989	6.713999999999999	-5.862	-9.457	-6.291	2.0120000000000005
-22.572	-21.624	-19.872	-1.8240000000000016	6.15	-3.093	-7.736	11.5645	4.18	-0.142	-7.12	7.811
2.173	-1.021	-2.356	3.8615	0.231	-1.17	-2.957	2.2944999999999998	-3.378	-16.578	-11.594	10.707999999999998
8.12	5.47	0.02	5.375	12.333	6.065	0.082	9.2595	1.793	-0.538	-14.092	9.108
14.285	6.356	0.463	10.8755	2.654	-6.881	-6.946	9.567499999999999	-5.499	0.736	10.245	-10.9895
-23.507	-26.29	-30.854	5.064999999999998	6.554	4.597	-2.695	5.603	11.427	2.067	11.519	4.6339999999999995
-13.821	-21.413	-22.183	7.977000000000002	9.614	9.76	13.833	-2.182499999999999	13.858	9.553	11.621	3.271000000000001
-20.858	-17.056	-20.108	-2.276	8.414	5.577	10.292	0.4794999999999998	22.03	13.414	10.404	10.121000000000002
7.11	13.898	25.54	-12.609000000000002	-11.388	-10.291	-9.414	-1.5355000000000008	-14.558	-12.266	-7.514	-4.667999999999999
-21.738	-22.317	-35.115	6.9780000000000015	24.403	22.544	25.411	0.42549999999999955	-4.308	-4.245	7.653	-6.012
-31.082	-28.226	-23.115	-5.411500000000004	-0.035	4.67	22.224	-13.482	2.133	-2.602	-0.982	3.925
34.875	29.238	22.468	9.021999999999998	16.162	10.212	0.913	10.599499999999999	-2.151	-3.144	-1.002	-0.07799999999999985
-42.095	-37.032	-35.543	-5.8075000000000045	-3.374	-4.494	-2.792	0.2689999999999997	-11.553	-8.207	-3.792	-5.5535000000000005
-38.944	-40.171	-39.322	0.8024999999999949	2.026	-10.555	-4.511	9.559	-19.305	-17.521	-10.227	-5.430999999999999
-3.336	1.91	-4.283	-2.1494999999999997	13.346	14.849	1.97	4.9365000000000006	10.207	7.315	7.876	2.6115000000000004
18.367	17.769	23.282	-2.1585	-13.985	-15.413	-17.988	2.7154999999999987	-14.6	-23.175	-33.71	13.842500000000003
29.053	25.176	21.757	5.586500000000001	1.379	-7.829	-11.297	10.942	-4.354	-5.413	-15.501	6.103000000000001
35.382	33.289	26.821	5.326999999999998	5.389	2.527	-4.167	6.209	2.581	-1.181	-4.845	5.593999999999999
-36.063	-37.695	-32.123	-1.1540000000000035	-24.401	-20.206	-19.551	-4.522500000000001	-26.854	-17.673	-6.072	-14.9815
-36.169	-39.849	-35.835	1.6730000000000018	-0.547	4.554	10.788	-8.218	10.67	11.202	8.619	0.759500000000001
47.398	44.901	32.283	8.806000000000004	13.14	15.174	8.386	1.3600000000000012	-15.621	-9.543	-6.381	-7.659000000000001
45.757	47.266	43.199	0.5244999999999962	-3.867	6.302	13.956	-13.995999999999999	-7.767	-13.156	-9.568	3.5949999999999998
37.449	37.969	43.066	-3.0685000000000002	-5.085	-5.161	-3.761	-0.6239999999999997	-3.778	-2.742	-0.134	-2.34
-16.676	-11.577	-7.773	-7.000999999999998	14.126	21.622	18.39	-5.880000000000001	5.059	-5.191	-9.317	12.312999999999999
-13.1	-13.293	-11.564	-0.6715	9.516	11.21	20.255	-6.2165	1.398	4.935	-3.409	0.635
-19.671	-17.778	-13.288	-4.138	4.013	4.152	11.43	-3.7780000000000005	-1.278	-1.012	3.734	-2.6390000000000002
-19.216	-19.115	-13.418	-2.9495000000000005	5.492	3.38	8.618	-0.5070000000000006	-3.442	-1.891	1.894	-3.4435000000000002
-19.83	-20.018	-19.059	-0.2914999999999992	3.494	3.798	4.189	-0.49949999999999983	-9.35	-8.402	-2.252	-4.023
-7.099	-6.245	-1.848	-3.0525	-5.259	-0.504	3.373	-6.6935	5.781	3.533	-6.487	7.258
-4.692	-3.716	-5.698	0.015000000000000568	-10.14	-6.712	-5.138	-4.215000000000001	7.642	4.708	3.428	3.5740000000000007
-4.548	-4.822	-4.089	-0.09249999999999936	-1.819	-10.267	-4.379	5.504	5.83	8.171	2.898	0.29550000000000054
-3.234	-5.179	1.594	-1.4415	4.737	-0.417	5.63	2.1305	-10.871	0.79	-6.259	-8.1365
-11.046	-10.567	-4.467	-3.529	7.518	3.666	5.625	2.8724999999999996	-6.547	-6.492	-7.799	0.5985000000000005
-13.682	-13.126	-12.717	-0.7605000000000004	-4.135	-0.919	7.256	-7.3035	-4.808	-0.011	-4.918	-2.3434999999999997
1.992	4.496	-2.192	0.8399999999999999	4.401	8.992	12.407	-6.298500000000001	19.556	23.376	26.976	-5.620000000000001
7.178	2.821	2.047	4.744	5.992	5.06	10.873	-1.9745	15.347	20.616	25.718	-7.820000000000002
-0.175	6.231	3.657	-5.119	1.238	7.621	5.415	-5.280000000000001	11.27	11.636	19.909	-4.5024999999999995
0.125	-0.713	5.751	-2.394	-4.414	1.145	7.181	-8.577	11.324	12.267	15.291	-2.455
10.498	9.516	14.199	-1.3595000000000006	1.437	0.311	-2.501	2.532	-27.205	-21.151	-27.827	-2.7159999999999975
8.948	12.235	10.516	-2.4274999999999984	2.769	8.019	0.654	-1.5675	-23.354	-24.763	-23.523	0.7890000000000015
-30.317	-33.601	-30.982	1.974499999999999	-5.052	-3.141	-3.225	-1.8689999999999998	9.526	6.979	7.842	2.1155
-19.483	-16.519	-25.014	1.2835	12.017	1.329	-1.25	11.9775	4.106	2.394	-0.657	3.2375
12.536	13.991	1.938	4.5714999999999995	34.984	21.788	9.812	19.184	4.91	3.516	5.806	0.24900000000000055
-24.254	-18.262	-17.322	-6.462	-2.058	1.611	7.364	-6.5455	-10.687	-11.335	-10.272	0.11650000000000027
-33.167	-30.416	-26.551	-4.683500000000002	-17.54	-14.675	-4.704	-7.8504999999999985	-12.239	-15.876	-12.401	1.8994999999999997
-34.135	-36.094	-32.027	-0.07449999999999335	-5.154	-2.227	5.64	-6.8605	-10.639	-7.529	-9.276	-2.2364999999999995
16.379	17.279	21.472	-2.996500000000001	0.846	-1.18	-6.207	4.539499999999999	9.146	2.173	-2.909	9.514000000000001
19.22	15.998	20.808	0.8170000000000002	-3.574	-0.326	-6.366	-0.2280000000000002	6.68	5.981	-1.651	4.515
26.832	25.098	17.643	5.461500000000001	23.682	18.458	18.69	5.1080000000000005	18.23	13.243	9.369	6.9239999999999995
-22.107	-25.583	-30.468	5.918500000000002	-21.836	-17.303	-14.145	-6.111999999999998	-14.652	-16.096	-7.772	-2.717999999999998
-3.363	1.995	-0.725	-3.998	-1.085	-1.354	-6.125	2.6545	7.533	5.313	9.972	-0.10949999999999971
-33.33	-31.66	-27.748	-3.6259999999999977	-4.07	5.784	11.174	-12.549	0.132	1.733	8.072	-4.7705
-25.022	-27.984	-31.967	4.953500000000002	-0.955	-5.24	3.625	-0.14749999999999985	2.594	3.407	1.694	0.04349999999999987
23.53	23.594	23.903	-0.2184999999999988	-19.999	-20.119	-18.84	-0.5194999999999972	-4.604	-5.34	5.958	-4.913
19.123	22.947	30.153	-7.426999999999996	-3.594	-10.717	-17.55	10.539500000000002	-9.958	-5.98	-7.821	-3.0575
-31.365	-32.132	-27.301	-1.648500000000002	0.924	-5.776	-4.45	6.037	-0.61	-4.084	1.157	0.8534999999999998
-30.384	-28.325	-31.21	-0.616500000000002	-14.779	0.366	1.347	-15.6355	4.524	0.487	0.919	3.8209999999999997
-36.107	-29.103	-29.847	-6.631999999999998	-16.806	-9.284	4.057	-14.1925	0.885	3.511	0.639	-1.1900000000000002
-6.876	-4.239	-22.736	6.6115	-1.975	-2.334	-1.552	-0.03200000000000003	1.287	-5.944	5.93	1.294
-7.061	-6.974	-5.136	-1.0060000000000002	2.69	-4.955	0.306	5.0145	17.311	17.181	15.13	1.1555
10.881	10.684	10.189	0.44450000000000145	-13.404	-16.505	-24.936	7.316500000000001	-0.339	-7.191	-6.621	6.567
6.786	11.004	10.863	-4.147499999999999	-24.943	-20.068	-15.695	-7.061499999999999	-2.522	-2.306	-5.435	1.3485
11.502	18.077	14.141	-4.607000000000001	-7.354	-0.844	-0.776	-6.5440000000000005	-0.69	-8.795	-4.759	6.087
11.164	5.165	-1.021	9.091999999999999	13.625	3.836	-15.561	19.4875	-4.437	-7.718	-0.882	-0.13700000000000045
11.244	9.949	1.277	5.631	21.74	13.272	-8.526	19.366999999999997	-3.519	-5.209	-3.869	1.0199999999999996
-49.43	-43.315	-40.097	-7.723999999999997	3.494	-0.735	4.708	1.5075	-11.029	-5.51	0.994	-8.771
-36.791	-50.037	-44.287	10.371000000000002	3.25	-2.387	5.688	1.5995000000000001	16.978	17.562	10.348	3.0229999999999997
26.351	28.298	27.431	-1.5135000000000005	-6.431	-7.642	-1.954	-1.633	0.686	1.82	4.355	-2.4015000000000004
33.399	34.769	30.363	0.8329999999999984	18.521	10.594	2.459	11.994500000000002	0.81	7.499	0.078	-2.9785
24.736	30.169	34.745	-7.721	-0.754	9.257	12.673	-11.719	-5.613	-3.334	5.735	-6.8135
34.44	36.191	47.418	-7.364500000000007	-8.978	-2.452	-0.554	-7.475	25.407	23.255	21.359	3.099999999999998
-16.506	-13.042	-10.658	-4.656000000000001	-11.026	-6.11	1.101	-8.5215	-37.65	-33.822	-26.432	-7.522999999999996
-23.725	-19.028	-26.042	-1.1900000000000013	1.135	18.9	21.876	-19.252999999999997	3.304	-8.04	-5.919	10.2835
-9.262	-12.367	-22.447	8.145	13.413	6.71	3.119	8.4985	5.736	1.426	4.186	2.9299999999999997
30.502	28.815	31.397	0.39599999999999724	0.474	-6.607	-8.84	8.1975	-5.572	-7.788	-2.758	-0.2990000000000004
-22.838	-19.399	-7.684	-9.2965	-13.956	-15.533	-12.459	0.03999999999999915	7.713	8.623	10.434	-1.8154999999999992
-27.56	-21.284	-21.779	-6.0284999999999975	-25.372	-18.499	-12.689	-9.778	0.975	4.741	8.305	-5.548
45.565	42.471	39.255	4.701999999999998	28.134	21.148	7.117	14.0015	23.615	22.616	17.362	3.6260000000000012
45.956	46.084	44.781	0.5234999999999985	20.612	27.415	27.829	-7.010000000000002	38.563	32.526	24.207	10.1965
51.187	45.415	46.328	5.3155	14.821	19.878	29.405	-9.820500000000001	31.297	37.976	29.142	-2.261999999999997
-2.761	-9.44	-1.181	2.549499999999999	6.589	0.316	5.783	3.5395000000000003	-12.713	-0.179	-4.578	-10.334499999999998
-6.308	-3.327	-6.056	-1.6165000000000003	5.143	6.355	2.468	0.7314999999999996	-11.316	-10.657	-0.403	-5.7860000000000005
-3.326	-4.5	-7.691	2.7694999999999994	13.561	6.637	2.207	9.139	-13.403	-11.295	-3.575	-5.968
-10.321	-9.015	-5.883	-2.872	-5.582	-2.332	-12.04	1.604	-0.155	-5.346	-8.043	6.539499999999999
4.773	-6.231	-8.288	12.032499999999999	7.074	-2.581	5.081	5.824	-7.326	-4.25	-5.38	-2.511
56.8	61.167	58.596	-3.0815000000000055	19.878	2.427	1.601	17.864	11.51	6.008	0.206	8.402999999999999
48.584	46.236	53.974	-1.5209999999999937	-3.301	0.404	9.094	-8.05	9.362	14.551	15.383	-5.604999999999999
-10.816	-12.99	-3.699	-2.4715000000000007	-3.188	-12.456	3.129	1.4754999999999998	8.514	12.17	7.476	-1.309000000000001
-8.103	-5.215	-6.198	-2.3964999999999996	-15.933	-3.157	8.582	-18.6455	-22.909	-15.164	-0.076	-15.288999999999998
-9.209	-6.351	-5.466	-3.3004999999999995	-12.894	-11.439	6.113	-10.231	-17.984	-21.519	-3.487	-5.481000000000002
10.174	11.599	10.131	-0.6910000000000007	10.801	12.918	11.895	-1.6054999999999993	-1.794	1.799	3.581	-4.484
31.199	36.062	31.116	-2.389999999999997	29.004	28.841	17.518	5.8245000000000005	15.743	5.878	3.429	11.089500000000001
8.724	8.026	0.489	4.4665	7.669	-0.471	-9.84	12.8245	-9.027	1.916	1.179	-10.574499999999999
-12.951	-15.125	-15.625	2.4239999999999995	-4.966	-8.643	-3.983	1.3470000000000004	-26.057	-23.447	-16.46	-6.1035
-41.781	-42.469	-32.068	-4.512499999999996	-5.769	-4.895	-2.082	-2.2805000000000004	-3.921	-7.379	-5.574	2.5555
11.74	12.524	4.395	3.2805000000000017	-6.795	-11.145	-5.12	1.3375000000000004	-25.516	-28.576	-27.461	2.5025000000000013
4.684	12.878	11.108	-7.309	-8.625	-2.506	-9.827	-2.4585	-26.667	-22.508	-20.477	-5.174500000000002
2.404	-0.67	-7.55	6.514	7.278	5.812	0.124	4.31	34.096	29.162	25.873	6.578499999999998
0.615	1.363	-7.091	3.479	7.025	6.262	0.841	3.4735000000000005	33.885	32.199	26.666	4.452500000000001
16.55	18.071	15.738	-0.35449999999999804	0.346	9.37	4.274	-6.475999999999999	13.201	1.48	2.8	11.061
14.999	19.548	21.134	-5.3420000000000005	1.955	-2.951	-7.481	7.171	7.917	9.086	10.999	-2.1255000000000006
-31.656	-32.179	-36.125	2.496000000000002	9.508	13.662	8.248	-1.447000000000001	-1.323	-8.613	0.443	2.762
-43.423	-42.652	-45.073	0.43949999999999534	-14.981	-10.936	-7.504	-5.761000000000001	-15.894	-11.022	-1.918	-9.424
-15.023	-27.095	-29.576	13.3125	13.384	7.846	16.242	1.3399999999999999	11.079	11.008	3.679	3.735500000000001
-10.207	-12.13	-25.182	8.448999999999998	21.988	17.561	9.69	8.3625	0.818	8.783	9.804	-8.4755
45.532	42.264	38.076	5.361999999999995	14.115	17.854	19.935	-4.7795000000000005	11.383	6.99	-4.586	10.181
33.263	41.042	42.544	-8.530000000000001	25.826	20.876	18.149	6.313499999999998	17.574	13.879	7.092	7.088500000000002
31.808	34.65	43.739	-7.386499999999998	19.726	25.055	16.08	-0.8414999999999999	22.472	18.272	10.478	8.097000000000001
-23.321	-26.695	-23.781	1.916999999999998	7.388	11.316	15.036	-5.788	-5.623	-6.125	-12.364	3.6215
-20.292	-23.376	-27.454	5.1229999999999976	11.272	7.68	12.824	1.0200000000000014	-8.497	-5.134	-5.81	-3.0250000000000004
-19.708	-21.089	-24.983	3.328000000000003	7.003	9.778	9.437	-2.6045	-7.375	-6.972	-5.9	-0.9390000000000001
-19.19	-19.805	-22.465	1.9449999999999967	8.753	7.141	8.614	0.8754999999999997	-11.332	-7.775	-6.19	-4.349500000000001
-19.253	-19.226	-21.705	1.2124999999999986	8.217	8.45	8.735	-0.37549999999999883	-10.407	-10.145	-6.523	-2.0730000000000004
-16.289	-16.479	-19.397	1.6489999999999974	1.637	8.302	8.192	-6.609999999999999	-17.088	-15.276	-9.9	-4.5
-14.321	-16.579	-17.898	2.917500000000002	4.518	3.816	9.119	-1.9494999999999996	-20.84	-16.387	-12.408	-6.442499999999999
-0.359	4.695	-3.564	-0.9245000000000001	13.255	12.604	5.731	4.0875	9.584	1.042	9.012	4.5569999999999995
-3.564	-0.126	3.443	-5.2225	10.782	12.202	10.346	-0.4920000000000009	5.608	7.85	2.221	0.5724999999999998
-6.436	-3.25	-7.559	-1.0314999999999994	30.765	14.263	4.406	21.430500000000002	-7.611	-1.268	2.786	-8.37
11.018	5.069	-1.311	9.139000000000001	5.602	-1.567	-3.93	8.3505	2.385	7.155	-0.108	-1.1385000000000005
4.128	1.26	1.595	2.7005	7.374	-1.688	7.084	4.676	5.064	0.054	-1.53	5.802
3.495	-0.043	3.961	1.5360000000000003	-7.521	0.228	12.939	-14.1045	6.381	9.709	4.101	-0.5239999999999991
-4.255	-11.119	-18.526	10.567499999999999	6.797	-1.068	-1.366	8.014	5.672	5.003	-5.468	5.9045
-36.996	-33.986	-27.786	-6.110000000000003	4.27	0.463	10.618	-1.2705000000000002	-5.445	-4.979	-1.141	-2.3850000000000002
-36.584	-36.111	-24.096	-6.480500000000006	-7.271	-4.438	0.291	-5.1975	-5.934	-11.4	2.476	-1.4720000000000004
3.854	3.748	5.21	-0.625	-7.848	-9.526	-7.154	0.492	-4.393	-7.987	-4.5	1.8505000000000003
44.362	35.464	51.815	0.7225000000000037	-12.699	-18.706	-16.314	4.810999999999998	0.341	11.578	7.816	-9.356
42.058	43.135	49.081	-4.050000000000004	15.08	5.827	-4.992	14.6625	9.278	7.019	2.04	4.7485
43.423	41.76	48.383	-1.6484999999999985	10.859	12.851	0.776	4.0455	12.336	9.095	4.448	5.5645
47.778	51.845	45.989	-1.139000000000003	31.628	23.812	14.571	12.436499999999999	16.91	15.436	10.346	4.019
10.022	14.954	14.852	-4.881	28.043	18.285	9.705	14.047999999999998	-9.72	-12.648	-11.817	2.5124999999999993
10.322	3.509	-0.442	8.788499999999999	6.068	4.103	10.705	-1.3360000000000003	-5.776	0.463	-4.867	-3.574
-2.998	-6.693	-17.854	9.275499999999997	-2.275	-4.281	1.167	-0.718	-8.63	-13.022	-4.385	0.07349999999999923
6.155	0.327	0.424	5.7795000000000005	11.777	11.759	6.091	2.8519999999999985	8.464	6.541	2.457	3.965
8.862	9.762	1.873	3.0445	22.11	18.274	11.314	7.315999999999999	9.669	9.165	6.935	1.6190000000000015
51.73	56.532	51.676	-2.3740000000000023	-1.876	1.25	-0.738	-2.1319999999999997	17.384	10.568	11.238	6.481000000000002
57.712	56.762	52.325	3.1685000000000016	14.935	16.706	2.673	5.245500000000002	12.611	13.499	15.281	-1.779
54.852	56.637	54.951	-0.9420000000000002	23.253	18.066	13.642	7.399000000000001	11.274	12.545	13.878	-1.9375000000000018
57.389	54.755	57.363	1.3300000000000054	21.153	22.729	16.67	1.4534999999999982	10.361	11.653	13.101	-2.016
66.692	56.994	56.541	9.924499999999995	25.02	21.316	18.941	4.891500000000001	10.554	10.8	12.126	-0.9090000000000007
-1.89	-4.965	-8.172	4.6785000000000005	5.884	-5.929	-6.313	12.005	2.797	8.555	18.009	-10.485
54.979	54.232	61.67	-2.9720000000000013	-5.085	-5.159	-11.635	3.3120000000000003	-14.389	-9.646	-14.861	-2.1354999999999986
53.125	60.597	55.014	-4.680500000000002	15.818	19.506	-3.561	7.8454999999999995	-4.134	-6.58	-11.371	4.8415
60.316	54.934	58.805	3.4465000000000003	24.889	18.331	7.332	12.0575	-9.514	-4.429	-10.435	-2.081999999999999
-9.704	-16.376	-18.553	7.7605	21.363	17.039	9.083	8.302	-2.371	-9.16	4.066	0.17600000000000016
-17.951	-20.259	-13.044	-1.2995000000000019	-1.12	2.647	22.746	-13.816499999999998	-18.43	-8.847	-4.028	-11.9925
-15.787	-7.191	-2.05	-11.166500000000001	-13.636	-3.86	5.689	-14.5505	5.218	3.307	4.339	1.3949999999999996
-31.913	-32.936	-30.248	-0.3210000000000015	-18.955	-16.823	-7.426	-6.830499999999997	6.593	7.98	11.283	-3.038499999999999
-2.695	2.164	1.865	-4.7095	19.184	12.578	16.346	4.722000000000001	-16.625	-22.168	-14.377	1.6475000000000009
1.912	3.977	-0.841	0.34399999999999986	9.2	7.583	3.66	3.578499999999999	6.297	4.962	-0.759	4.1955
-5.662	2.425	4.449	-9.099	5.185	8.107	6.282	-2.0095	3.335	7.364	-2.456	0.8810000000000002
-17.717	-12.923	-13.051	-4.729999999999999	8.187	-0.76	-1.405	9.269499999999999	-8.686	-8.362	-0.637	-4.1865
51.619	56.464	53.266	-3.245999999999995	2.037	8.059	-1.492	-1.2464999999999997	3.758	1.885	1.14	2.2455
6.159	4.81	1.68	2.914	11.177	5.56	0.305	8.2445	-17.549	-20.364	-7.851	-3.4414999999999996
5.105	3.581	8.629	-0.9999999999999991	6.504	6.346	3.833	1.4144999999999994	16.823	14.815	13.893	2.469000000000001
4.845	1.633	-0.995	4.526	27.372	11.949	12.616	15.089500000000001	4.968	13.29	14.136	-8.745
26.612	26.19	26.514	0.259999999999998	-14.806	-21.22	-18.72	5.164	-4.381	-0.234	-13.468	2.4699999999999998
30.842	27.879	26.61	3.5974999999999966	7.752	-5.31	-14.039	17.4265	-4.953	-3.943	-3.537	-1.213
23.17	29.627	29.75	-6.518499999999996	-1.834	4.099	1.984	-4.875500000000001	-10.704	-10.831	-5.491	-2.543000000000001
21.87	20.319	22.242	0.589500000000001	19.264	4.888	1.172	16.233999999999998	18.354	22.606	29.512	-7.705000000000002
9.055	14.082	22.83	-9.401	-15.143	-10.24	0.678	-10.362000000000002	-2.924	-2.142	-1.665	-1.0205
28.44	22.981	25.043	4.428000000000001	14.639	9.433	2.636	8.6045	-19.999	-15.654	-15.367	-4.488499999999998
28.285	26.164	24.413	2.996500000000001	17.578	13.504	8.349	6.651499999999999	-19.561	-19.343	-14.93	-2.424500000000002
-42.445	-42.067	-37.933	-2.4450000000000003	9.262	7.012	11.751	-0.11949999999999861	-18.26	-16.618	-16.588	-1.657
10.999	0.336	5.045	8.3085	7.045	5.195	9.677	-0.391	13.828	21.698	21.941	-7.9914999999999985
1.657	3.791	7.166	-3.8215000000000003	-4.124	-0.749	5.605	-6.552	17.334	11.617	15.549	3.7509999999999994
5.024	6.174	3.079	0.39749999999999996	-18.829	-10.564	-1.874	-12.61	17.58	12.909	13.523	4.363999999999997
18.249	20.016	16.578	-0.047999999999998266	-8.568	-9.172	-5.75	-1.1069999999999993	14.77	9.84	10.02	4.84
30.842	19.977	18.692	11.5075	13.948	-2.589	-10.402	20.4435	8.272	12.048	11.473	-3.4885
-38.106	-38.246	-39.441	0.7375000000000043	4.683	4.089	-7.699	6.4879999999999995	-7.423	-10.35	-1.612	-1.4420000000000002
-40.365	-43.126	-39.494	0.9450000000000003	3.688	-0.656	3.604	2.2140000000000004	-9.33	-12.06	-9.115	1.2575000000000003
-35.989	-32.219	-41.776	1.008500000000005	26.589	15.249	1.783	18.073	-5.406	-8.815	-10.616	4.309499999999999
62.448	60.093	66.467	-0.8320000000000007	24.824	21.346	10.656	8.823	-13.679	-11.045	-13.571	-1.3710000000000004
0.328	-6.012	-17.187	11.9275	2.031	-6.032	-10.935	10.5145	8.049	8.757	15.146	-3.9025
-0.776	-5.389	-8.288	6.0625	12.267	6.322	-2.08	10.145999999999999	3.13	9.366	15.667	-9.386500000000002
20.89	16.233	18.666	3.4405	0.721	-9.483	-15.083	13.004000000000001	-8.354	0.651	-7.678	-4.840499999999999
33.764	31.066	23.988	6.237000000000002	14.713	17.886	6.14	2.6999999999999993	0.783	-3.85	-5.694	5.555000000000001
-3.999	-14.206	-7.112	6.659999999999998	3.064	10.063	15.979	-9.957	11.251	11.162	0.333	5.503499999999999
-3.931	-4.917	-3.341	0.1979999999999995	1.044	11.835	8.209	-8.978	1.298	-3.507	1.195	2.454
29.725	21.9	27.167	5.191500000000001	-17.266	-21.893	-16.952	2.156500000000001	-4.913	-3.065	-3.73	-1.5155000000000003
24.222	16.723	20.958	5.381500000000003	6.232	6.66	3.497	1.1535000000000002	9.362	6.577	-7.03	9.5885
36.786	40.44	28.174	2.478999999999999	27.852	19.647	14.723	10.667000000000002	-0.725	1.937	14.443	-8.915
-35.287	-35.96	-33.935	-0.3394999999999939	-4.506	-19.065	-21.639	15.846	-2.02	-3.503	-1.407	0.43500000000000005
-36.543	-36.525	-27.014	-4.7734999999999985	12.057	15.531	14.911	-3.1639999999999997	-3.301	-0.713	0.81	-3.3495000000000004
-29.721	-29.691	-34.938	2.5935000000000024	6.687	6.672	14.396	-3.8470000000000004	-8.453	-6.827	-3.266	-3.4064999999999994
32.595	31.14	20.533	6.758499999999998	19.889	17.753	-1.18	11.6025	5.385	0.862	2.765	3.5714999999999995
-9.812	-4.649	5.012	-9.9935	0.056	-0.48	4.838	-2.123	-20.801	-20.548	-20.038	-0.5079999999999991
-9.411	-8.632	-5.303	-2.4435000000000002	4.506	3.728	-0.325	2.8045	-22.195	-21.729	-20.883	-0.8890000000000029
-8.106	-10.106	-6.105	-0.0005000000000006111	-1.308	-2.28	2.811	-1.5735000000000001	-12.368	-14.334	-15.248	2.423
-13.371	-7.211	1.508	-10.5195	17.149	14.662	15.751	1.9425000000000008	-6.653	-7.326	-11.098	2.559
-11.888	-12.598	-1.02	-5.079	22.01	17.078	15.136	5.903000000000002	-8.084	-7.912	-7.308	-0.4740000000000002
-15.803	-15.63	-11.531	-2.2225	4.048	13.351	17.82	-11.5375	-16.505	-9.235	-8.302	-7.7364999999999995
-1.058	-0.663	9.544	-5.4985	-13.883	-18.078	-17.518	3.9150000000000027	-2.67	-6.962	-5.185	3.4034999999999993
24.747	28.101	30.833	-4.719999999999999	-9.089	-8.283	5.8	-7.8475	10.312	16.114	16.842	-6.166000000000002
-4.005	-4.84	2.337	-2.7535	20.132	29.907	16.618	-3.130499999999998	-15.239	-11.84	-7.689	-5.474500000000001
-6.751	-5.807	-4.332	-1.6815000000000007	15.919	20.132	20.209	-4.2515	-9.39	-13.541	-12.731	3.7459999999999987
-8.183	-5.301	-9.813	-0.6259999999999994	14.03	11.828	11.853	2.1895000000000007	-19.128	-29.534	-27.766	9.521999999999998
-10.208	-4.977	-6.874	-4.282500000000001	-4.252	2.81	12.872	-12.093	-17.891	-21.812	-23.274	4.652000000000001
2.391	-6.77	-5.945	8.7485	-5.694	-4.341	3.291	-5.169	-17.78	-17.818	-20.772	1.5150000000000006
2.247	2.303	-8.134	5.1625	-10.423	-6.816	-3.305	-5.3625	-30.632	-20.788	-18.026	-11.225000000000001
-5.747	-1.561	1.568	-5.7505	-9.746	-9.15	-6.994	-1.6740000000000013	-33.298	-33.521	-22.01	-5.532499999999999
21.193	20.642	22.306	-0.2809999999999988	-12.404	-14.355	-18.532	4.0395	16.855	16.014	21.206	-1.754999999999999
-12.031	-3.416	1.88	-11.263	15.137	19.717	13.891	-1.666999999999998	-12.695	-15.029	-14.639	2.1389999999999993
-20.352	-23.386	-13.693	-1.8125	13.6	4.275	12.454	5.2355	0.873	4.814	9.679	-6.3735
42.536	41.654	34.939	4.2395	-13.538	-7.33	-1.004	-9.371	2.992	-2.784	1.896	3.436
17.604	11.367	7.549	8.145999999999999	7.67	2.362	8.355	2.3114999999999997	10.838	12.127	-5.713	7.6309999999999985
23.033	22.462	12.307	5.648500000000002	10.062	6.918	4.177	4.5145	10.365	5.813	12.039	1.439
12.166	20.352	19.895	-7.9575	14.217	18.83	10.448	-0.4219999999999988	12.977	6.539	15.55	1.932500000000001
-16.171	-10.561	-6.996	-7.392499999999998	-10.853	-2.837	-1.015	-8.927	0.514	-8.257	0.15	4.5675
-15.815	-17.606	-12.431	-0.7965	7.775	-7.561	-5.509	14.31	-2.698	1.874	-5.333	-0.9684999999999999
-4.659	-7.061	-2.902	0.3225000000000007	6.742	2.982	20.166	-4.832	-18.127	-13.983	-14.16	-4.0554999999999986
-13.633	-5.022	-7.259	-7.492499999999999	13.924	7.587	5.834	7.2135	-23.41	-19.842	-12.648	-7.165000000000003
26.371	28.838	30.989	-3.5425000000000004	-3.217	-5.312	-1.798	0.3380000000000001	24.179	25.096	12.265	5.498499999999996
6.441	-2.9	-8.954	12.368	18.892	10.011	10.186	8.7935	-4.669	4.324	4.157	-8.9095
5.092	8.432	3.159	-0.7035000000000009	-9.61	-6.012	-8.151	-2.5284999999999993	-7.179	-13.032	-8.411	3.5424999999999986
15.118	5.089	7.333	8.907	5.713	-3.805	-7.311	11.271	-16.343	-6.864	-11.205	-7.3085
17.332	16.14	20.876	-1.176000000000002	-17.342	-17.194	-3.011	-7.2395	-8.397	-0.099	2.91	-9.8025
-33.201	-36.109	-26.831	-1.7310000000000016	-4.673	-2.806	2.48	-4.51	-1.353	1.828	5.608	-5.071
52.796	65.835	59.643	-9.942999999999998	-6.683	-6.995	-18.725	6.177000000000001	-22.991	-28.904	-20.898	1.9100000000000001
53.24	57.216	62.06	-6.398000000000003	5.053	-5.71	-16.487	16.1515	-19.775	-26.198	-24.449	5.548500000000004
56.37	53.561	60.385	-0.6030000000000015	2.926	4.622	-5.649	3.4395000000000002	-11.828	-17.857	-26.669	10.434999999999999
-20.132	-21.771	-7.648	-5.422500000000001	-14.258	-20.232	-19.688	5.702000000000002	13.12	13.253	9.607	1.6899999999999995
-37.711	-31.566	-21.256	-11.299999999999997	-9.219	-5.56	-11.472	-0.7029999999999994	-1.593	-3.952	8.266	-3.75
-43.664	-41.499	-33.042	-6.393500000000003	-13.239	-7.491	-6.694	-6.146500000000001	-3.02	-0.5	-3.475	-1.0325
-20.595	-17.176	-22.546	-0.7340000000000018	12.376	13.665	3.374	3.8565000000000005	-0.9	-2.402	-1.141	0.8715
-12.026	-10.517	-7.648	-2.9435000000000002	25.67	9.515	0.153	20.836000000000002	17.202	19.719	17.176	-1.2454999999999963
24.794	21.542	17.817	5.1145	-14.139	-6.926	-10.82	-5.265999999999998	2.406	4.302	0.308	0.10100000000000042
-34.861	-34.818	-27.625	-3.639499999999998	-13.72	-17.064	-14.586	2.1049999999999986	-1.998	-7.031	-5.811	4.422999999999999
-31.19	-32.351	-32.302	1.1364999999999945	-9.87	-2.943	-0.464	-8.1665	-3.492	-1.66	6.993	-6.1585
5.625	1.858	-9.856	9.623999999999999	33.444	24.365	18.326	12.098500000000001	-15.397	-18.576	-2.707	-4.7555
41.052	42.048	41.006	-0.4750000000000014	15.973	9.022	-9.156	16.04	8.497	7.932	13.172	-2.0549999999999997
-35.838	-31.52	-11.533	-14.311500000000002	3.545	11.051	9.516	-6.7385	3.867	-1.626	-10.313	9.836500000000001
-12.763	-20.335	-19.664	7.236500000000001	10.323	-0.075	1.029	9.846	-5.454	6.876	-3.901	-6.9415
7.11	10.426	15.627	-5.9165	-12.592	-3.289	5.756	-13.8255	-3.354	-9.125	-11.01	6.713499999999999
35.961	36.171	29.989	2.8810000000000002	-3.187	-8.887	-13.554	8.033500000000002	0.33	-7.061	-13.403	10.562
44.61	39.298	40.703	4.609499999999997	14.356	9.104	6.459	6.5745000000000005	-9.707	0.815	5.758	-12.993500000000001
-27.132	-25.776	-19.617	-4.435500000000001	-3.94	1.698	6.516	-8.047	0.59	-3.525	-6.568	5.6365
38.788	40.066	42.226	-2.358000000000004	-8.507	-10.512	-6.967	0.23249999999999993	13.229	10.63	7.622	4.102999999999998
43.443	37.562	41.08	4.122	1.58	-7.327	-8.367	9.427	10.657	14.317	9.892	-1.4474999999999998
33.43	40.454	39.796	-6.695	8.155	0.653	-3.651	9.654	5.901	10.113	12.989	-5.65
-45.762	-42.967	-38.178	-5.1895000000000024	1.503	6.248	7.741	-5.4915	15.866	14.062	11.779	2.945499999999999
51.887	55.292	50.968	-1.243000000000002	8.438	11.853	14.099	-4.5379999999999985	19.209	14.031	4.546	9.920499999999999
-46.024	-43.807	-38.66	-4.7905000000000015	-9.716	-1.191	-9.067	-4.586999999999999	-3.574	-7.565	-0.004	0.21050000000000013
-32.415	-36.613	-36.44	4.1114999999999995	-12.061	-22.317	-10.722	4.458500000000001	-17.703	-23.675	-25.527	6.898
3.385	2.906	10.138	-3.1370000000000005	8.162	8.074	6.547	0.8515000000000015	-8.687	-10.33	-0.726	-3.158999999999999
18.218	22.602	25.541	-5.8535	1.127	5.975	3.016	-3.3685	-4.271	-8.141	-11.339	5.469
72.114	69.503	62.565	6.0800000000000125	4.928	-8.167	-17.443	17.733	-3.375	-11.473	0.19	2.2665000000000006
73.718	71.345	65.705	5.192999999999998	19.126	0.706	-14.527	26.0365	-1.946	-6.051	-8.265	5.212000000000001
61.806	64.581	69.144	-5.056500000000014	42.05	34.593	25.097	12.204999999999995	4.201	4.14	-0.122	2.1919999999999997
-14.65	-8.642	-4.829	-7.9145	0.223	-5.832	-5.519	5.898499999999999	1.829	4.117	8.992	-4.725500000000001
-20.285	-15.318	-14.027	-5.612500000000001	-2.407	0.683	-1.122	-2.1875	5.976	-0.732	1.19	5.747
-8.91	-10.968	-17.385	5.266500000000001	12.911	8.294	-0.539	9.0335	-5.412	-1.266	2.262	-5.91
-12.118	-8.178	-17.593	0.7675000000000001	21.699	10.33	0.388	16.340000000000003	-5.279	-4.464	3.4	-4.747
0.199	-1.041	-10.086	5.7625	13.082	18.661	17.197	-4.847000000000001	13.927	5.146	14.836	3.936
-22.969	-14.897	-8.702	-11.169500000000001	12.59	2.806	-3.274	12.824	-6.916	-7.572	1.668	-3.9640000000000004
0.529	2.176	0.181	-0.6495000000000001	24.534	20.544	4.916	11.803999999999998	3.552	0.262	-1.83	4.336
4.946	5.205	2.501	1.093	34.012	29.951	18.552	9.7605	13.286	5.836	0.747	9.994499999999999
8.812	12.49	13.143	-4.004500000000002	-8.165	-13.46	-2.895	0.012500000000001066	5.747	7.838	7.167	-1.7554999999999996
32.175	38.692	36.241	-5.291499999999999	3.295	4.167	2.059	0.18199999999999994	9.432	10.433	18.562	-5.0655
3.888	1.398	-10.587	8.4825	4.574	2.261	-2.573	4.7299999999999995	18.524	15.36	22.987	-0.6494999999999962
38.854	43.074	25.983	4.325499999999998	-3.213	4.831	4.101	-7.679	-1.857	-7.228	-7.341	5.427499999999999
37.7	41.242	41.667	-3.754499999999993	-3.381	-0.067	2.15	-4.422499999999999	-6.38	-10.72	-5.438	1.6990000000000007
48.567	45.085	41.627	5.2109999999999985	11.669	9.24	-2.55	8.324	-12.725	-9.302	-5.919	-5.1145
11.806	11.215	18.959	-3.2810000000000006	-2.114	-18.295	-2.552	8.3095	17.194	27.529	20.38	-6.7605
7.147	8.094	11.35	-2.5749999999999993	8.209	4.872	-9.72	10.633	13.388	11.391	22.201	-3.4079999999999995
-28.13	-24.114	-17.171	-7.487500000000001	-1.637	-5.084	3.057	-0.6235000000000002	-17.999	-20.705	-11.511	-1.8910000000000018
-12.098	-10.152	-9.578	-2.2330000000000023	2.84	0.49	-6.577	5.8835	14.182	10.863	8.228	4.6365
47.272	47.565	40.56	3.2094999999999985	-16.207	-22.554	-22.073	6.106499999999997	-9.524	-10.121	-5.417	-1.754999999999999
-13.837	-12.363	-18.419	1.5540000000000003	14.395	9.966	6.125	6.349499999999999	-12.645	-23.772	-22.634	10.558
23.602	22.555	29.333	-2.3419999999999987	-7.995	-3.87	-3.996	-4.062	8.562	7.722	3.864	2.7689999999999992
9.196	19.165	19.1	-9.9365	0.51	8.982	1.498	-4.7299999999999995	16.673	20.695	13.179	-0.2640000000000029
27.334	18.324	13.178	11.582999999999998	2.266	-8.563	-15.611	14.353	-6.528	-3.458	2.199	-5.898499999999999
30.213	24.205	13.817	11.202000000000002	1.877	-0.991	-14.705	9.725	-2.928	-4.876	2.486	-1.7329999999999999
14.987	12.036	24.343	-3.202499999999999	13.101	9.988	2.826	6.694000000000001	-6.132	-9.07	-2.467	-0.36349999999999927
56.367	51.987	62.529	-0.8910000000000053	4.753	3.229	-1.04	3.6585	-5.076	-12.857	-22.674	12.689499999999999
-9.088	-4.336	1.615	-7.727499999999999	-16.676	-16.867	-16.09	-0.197499999999998	-8.691	-4.551	-2.278	-5.2765
9.734	10.877	5.966	1.3125	1.189	-5.154	-3.35	5.441	16.17	4.363	10.967	8.505
4.993	7.735	11.094	-4.4215	-5.293	-1.099	-1.021	-4.2330000000000005	7.487	11.707	11.806	-4.269499999999999
-0.129	5.059	4.303	-4.8100000000000005	-3.643	-4.006	-3.966	0.3430000000000004	-5.184	-4.35	7.003	-6.5105
-12.285	-14.314	-15.874	2.809000000000001	28.739	16.593	12.534	14.1755	-10.134	-11.925	-2.968	-2.6875
-3.896	-0.254	-4.955	-1.2915	-4.102	-10.703	-15.864	9.1815	-1.475	-2.419	-5.568	2.5185
-2.931	2.657	3.789	-6.154	-14.897	-16.841	-14.856	0.9515000000000011	3.717	5.159	-2.512	2.3935000000000004
-10.776	-4.174	0.084	-8.731	-9.8	-3.049	-13.946	-1.3025000000000002	9.068	7.315	4.874	2.9734999999999996
28.136	34.32	35.888	-6.968	3.405	-3.98	-14.654	12.722	1.452	-5.064	-4.03	5.9990000000000006
-8.46	-6.045	-1.081	-4.897000000000001	5.137	-3.019	-8.621	10.957	-5.853	1.238	5.074	-9.009
-2.425	2.503	6.983	-7.168	-21.074	-13.53	-13.07	-7.774000000000001	13.414	17.799	11.707	-1.3390000000000004
-5.579	-2.356	0.196	-4.499	-19.764	-26.389	-17.315	2.088000000000001	4.44	5.449	15.718	-6.1435
-6.907	-6.692	-6.379	-0.37150000000000016	0.052	-2.894	2.893	0.052500000000000165	11.785	17.461	15.035	-4.462999999999997
-7.811	-9.862	-6.311	0.27550000000000097	6.568	1.236	-1.983	6.9415	8.202	10.983	15.483	-5.031000000000001
-9.25	-9.409	-8.887	-0.10200000000000031	10.084	9.01	1.026	5.066	5.493	10.763	10.817	-5.296999999999999
60.747	61.526	60.932	-0.4819999999999993	4.692	7.081	1.684	0.3094999999999999	-6.243	-12.794	-10.777	5.542499999999999
60.221	59.932	62.048	-0.7690000000000055	5.323	8.935	5.679	-1.984	-5.13	-7.872	-6.781	2.1964999999999995
-10.413	-13.398	-16.571	4.5715	15.212	9.183	2.32	9.4605	-13.709	-22.375	-10.662	2.8095
-12.544	-5.82	-10.741	-4.2635000000000005	5.36	14.604	13.454	-8.669	-19.442	-18.41	-14.786	-2.844000000000001
-9.913	-12.489	-13.58	3.121500000000001	0.236	7.849	5.469	-6.423000000000001	15.004	17.467	15.057	-1.258000000000001
-10.471	-11.159	-13.384	1.8004999999999995	5.864	2.432	6.982	1.157	16.643	17.658	16.593	-0.4825000000000017
-4.163	-8.85	-10.95	5.736999999999998	7.364	5.189	2.044	3.7474999999999996	13.642	14.272	17.299	-2.1434999999999995
34.844	30.63	38.314	0.3719999999999999	2.075	-5.253	-17.215	13.309000000000001	0.723	-1.296	8.943	-3.1005
-17.119	-20.792	-15.98	1.267000000000003	10.67	10.532	10.967	-0.07950000000000124	-1.623	-7.659	-17.272	10.8425
-28.628	-28.721	-30.87	1.1675000000000004	27.348	23.017	15.532	8.0735	-31.199	-35.861	-26.255	-0.1410000000000018
-31.454	-30.605	-28.713	-1.7950000000000017	28.486	31.283	22.378	1.6555	-37.274	-30.131	-34.058	-5.179500000000004
21.407	15.134	14.471	6.6045	18.761	8.474	7.481	10.7835	-2.972	-0.758	-2.487	-1.3495
10.804	14.728	12.214	-2.667	8.247	6.174	1.786	4.2669999999999995	13.553	10.556	0.405	8.072500000000002
8.333	13.104	11.601	-4.019499999999999	9.535	7.86	2.272	4.469	13.423	13.185	3.748	4.9565
32.268	41.197	43.104	-9.8825	-2.168	18.406	3.261	-13.0015	1.795	-1.553	-3.47	4.3065
-13.602	-14.96	-16.182	1.9689999999999994	9.71	2.83	-9.29	12.940000000000001	6.46	3.894	10.596	-0.7850000000000001
-21.667	-15.87	-15.595	-5.934500000000002	-1.48	-3.343	0.281	0.050999999999999934	1.136	-0.74	-3.638	3.325
-11.44	-14.904	-6.937	-0.519499999999999	5.119	4.282	9.857	-1.9505	-4.318	-6.299	0.186	-1.2614999999999994
6.057	4.961	13.77	-3.3085000000000004	-6.191	-6.651	-2.65	-1.5404999999999998	-15.04	-15.738	-23.048	4.3530000000000015
-1.114	-1.696	5.456	-2.9940000000000007	-4.899	0.397	-6.682	-1.7565	-14.479	-15.505	-15.687	1.1170000000000009
-14.547	-11.151	-12.576	-2.6835000000000004	-16.472	-9.159	-1.654	-11.0655	0.733	-1.049	-3.017	2.766
-14.537	-12.737	-12.035	-2.1510000000000016	-20.079	-12.984	-1.371	-12.9015	2.449	-0.323	-1.993	3.607
22.589	26.73	18.396	0.02599999999999625	-3.199	-9.028	-4.285	3.4575000000000005	18.702	13.246	13.652	5.253000000000002
7.792	13.327	18.861	-8.302000000000001	-22.552	-20.391	-34.79	5.038499999999999	-2.022	0.094	1.595	-2.8665
30.952	27.13	22.601	6.0865000000000045	21.132	14.379	1.42	13.232500000000002	28.482	22.576	27.455	3.4665
27.65	23.27	39.507	-3.738500000000002	10.216	-6.279	-9.652	18.1815	-22.937	-18.713	-16.652	-5.2545
29.812	28.483	25.964	2.5885	11.639	11.023	-9.093	10.674	-16.118	-21.382	-16.749	2.9475000000000016
12.226	16.85	19.755	-6.076500000000001	13.13	18.182	9.214	-0.5679999999999996	-15.271	-14.76	-15.349	-0.21649999999999991
8.479	13.785	15.309	-6.068000000000001	6.474	15.175	16.498	-9.3625	-23.962	-21.352	-14.93	-5.8210000000000015
-14.948	-7.745	1.627	-11.889	4.789	3.597	13.63	-3.8245000000000005	-35.924	-36.767	-28.64	-3.220499999999994
-12.6	-13.561	-5.058	-3.2904999999999998	-10.65	-12.01	-9.654	0.18200000000000038	9.412	9.578	7.828	0.7090000000000014
-14.174	-13.737	-17.337	1.3629999999999995	6.014	18.515	6.812	-6.649500000000001	6.947	5.93	3.904	2.0300000000000002
-13.781	-12.231	-9.944	-2.6935000000000002	3.625	2.19	11.126	-3.0329999999999995	20.84	18.398	14.44	4.420999999999999
6.595	3.708	13.61	-2.063999999999999	-10.841	-13.02	-1.856	-3.4029999999999996	8.765	6.05	-2.493	6.9865
10.496	11.801	4.072	2.5595	-17.655	-7.892	-12.396	-7.511000000000001	15.812	15.098	2.455	7.035499999999999
1.262	3.997	9.195	-5.334	15.498	18.799	22.492	-5.147499999999999	-7.505	-11.063	-10.803	3.428
-5.238	-4.499	0.974	-3.4755000000000007	16.137	16.46	15.297	0.25849999999999973	-6.308	-7.681	-8.742	1.903500000000001
6.326	4.817	5.272	1.2814999999999994	13.769	6.968	0.651	9.9595	1.755	1.586	10.116	-4.096
-18.627	-17.353	-28.679	4.388999999999999	9.704	-2.103	-4.088	12.799500000000002	-3.633	-7.21	3.162	-1.609
-16.863	-17.082	-19.954	1.6550000000000011	-4.264	-1.529	1.317	-4.158	-11.489	-13.331	-7.58	-1.0335
19.615	20.256	21.73	-1.3780000000000037	14.577	3.439	-0.676	13.1955	1.341	1.923	6.371	-2.806
2.557	3.832	3.25	-0.984	21.373	19.022	12.569	5.577500000000001	-10.394	-12.861	-2.64	-2.6434999999999995
-7.253	-3.626	2.028	-6.454000000000001	9.043	16.624	20.555	-9.546500000000002	-18.631	-10.964	-12.198	-7.050000000000001
4.231	6.923	3.472	-0.9664999999999999	-21.608	-20.84	-24.825	1.224499999999999	-4.081	-11.251	-10.579	6.833999999999999
11.368	6.18	11.106	2.7249999999999996	-15.224	-15.068	-21.287	2.9534999999999982	-11.237	-7.264	-19.987	2.3884999999999987
-27.435	-26.575	-33.455	2.580000000000002	7.79	-4.944	0.331	10.096499999999999	-1.05	-4.069	-5.225	3.5970000000000004
-14.2	-11.879	-12.275	-2.1229999999999993	-18.94	-7.862	-12.605	-8.706500000000002	-5.833	1.638	7.389	-10.3465
-14.431	-11.779	-12.776	-2.1534999999999993	-15.697	-14.734	-12.504	-2.0779999999999994	-7.361	-4.014	-2.166	-4.271
1.173	3.539	1.708	-1.4505	14.608	11.167	8.808	4.6205	25.525	22.84	19.505	4.352499999999999
39.848	39.252	32.898	3.772999999999996	12.625	13.14	0.13	5.989999999999999	-5.184	-8.637	-5.64	1.9545000000000003
25.508	35.609	39.611	-12.102	19.487	24.528	13.937	0.25450000000000017	-1.27	-1.683	-6.419	2.781
23.935	31.473	39.548	-11.575500000000002	18.169	23.75	16.475	-1.9435000000000002	-0.44	-2.663	-4.246	3.0145000000000004
-25.476	-28.416	-32.325	4.894500000000001	-20.533	-18.212	-12.198	-5.328000000000001	-34.597	-32.067	-22.657	-7.234999999999999
-15.192	-17.691	-10.208	-1.2424999999999997	13.31	-2.251	2.079	13.396	17.679	13.372	15.016	3.4849999999999994
63.117	56.547	53.173	8.256999999999998	-11.21	-18.136	-27.6	11.658000000000001	-3.182	-1.609	5.961	-5.3580000000000005
52.682	51.673	51.183	1.2540000000000049	8.807	10.108	10.727	-1.6105	12.69	14.742	4.485	3.0764999999999993
-20.139	-23.376	-26.196	4.647000000000002	2.44	1.435	0.97	1.2374999999999998	1.222	5.458	8.776	-5.895
-23.554	-20.027	-23.086	-1.9974999999999987	3.461	5.645	2.249	-0.4860000000000002	-0.017	0.022	4.822	-2.439
-20.939	-22.66	-21.44	1.1110000000000007	2.162	3.078	3.403	-1.0785	-6.461	-0.358	1.881	-7.2225
9.023	-2.247	1.767	9.263	-10.229	-8.776	-5.721	-2.9804999999999993	6.138	16.008	9.966	-6.848999999999998
4.553	-0.358	5.088	2.1879999999999997	-11.758	-19.059	-17.757	6.650000000000002	11.078	13.412	11.471	-1.363500000000002
20.555	22.463	24.263	-2.808	0.463	-4.754	-3.714	4.697	8.362	10.866	3.901	0.9785000000000004
18.035	16.637	20.096	-0.3315000000000019	5.525	0.789	0.14	5.0605	-7.622	-8.191	8.596	-7.8245
17.381	16.713	19.849	-0.8999999999999986	3.163	3.689	-0.133	1.3849999999999998	-6.323	-8.903	4.91	-4.3265
23.035	21.821	18.658	2.7955000000000005	-14.577	-12.883	4.166	-10.2185	-10.707	-7.659	-6.457	-3.649000000000001
-22.399	-18.972	-21.743	-2.041499999999999	0.078	-2.89	10.093	-3.5235	-6.536	1.203	8.788	-11.5315
7.203	14.245	21.728	-10.7835	-7.86	-12.631	-18.323	7.617	-4.075	-6.501	-10.431	4.390999999999999
-3.109	-5.24	-1.693	0.35749999999999993	1.464	-6.933	-0.6	5.230499999999999	6.83	12.07	-0.8	1.1950000000000003
2.457	-1.93	-4.491	5.6674999999999995	0.221	-1.935	-6.112	4.2445	-0.771	0.251	9.523	-5.6579999999999995
16.806	16.211	21.687	-2.142999999999997	7.775	1.536	1.06	6.477	13.536	14.766	17.426	-2.5600000000000005
21.298	17.908	16.349	4.169499999999996	8.79	9.614	0.891	3.5374999999999988	1.945	11.67	15.394	-11.587
-6.176	-6.058	-5.012	-0.641	-3.256	-3.086	-3.475	0.02450000000000019	19.573	12.645	15.357	5.572000000000001
4.98	12.249	6.598	-4.4435	5.344	10.066	7.464	-3.4210000000000003	8.991	2.95	11.261	1.8855000000000004
11.081	6.116	9.826	3.1099999999999994	16.67	4.054	8.492	10.397000000000002	-2.845	7.029	4.964	-8.8415
-9.855	-8.113	-18.992	3.6975	1.273	9.945	8.269	-7.834	3.22	3.42	-1.286	2.1530000000000005
-4.506	2.066	-0.199	-5.4395	-14.306	-16.713	-7.698	-2.1004999999999985	1.79	0.827	-1.83	2.2915
-26.235	-19.1	-8.368	-12.500999999999998	11.795	11.317	20.982	-4.3545	-27.358	-29.307	-19.551	-2.929000000000002
-30.698	-23.441	-10.709	-13.623000000000001	15.53	9.464	19.377	1.1094999999999988	-26.807	-29.789	-21.685	-1.0699999999999967
3.291	9.915	16.343	-9.838	13.236	15.99	9.978	0.25200000000000067	5.671	8.28	10.637	-3.7875000000000005
2.5	7.622	13.592	-8.107	3.391	15.97	12.459	-10.823500000000001	4.991	6.053	10.872	-3.4715000000000007
1.703	1.302	8.514	-3.204999999999999	-2.652	1.442	15.594	-11.169999999999998	0.966	5.056	8.466	-5.794999999999999
23.305	21.247	31.347	-2.992000000000001	-0.848	-9.539	-7.8	7.8214999999999995	15.092	14.696	14.313	0.5875000000000004
-11.856	-8.928	-5.937	-4.423499999999999	4.57	3.682	2.94	1.2590000000000003	-10.662	-13.526	-14.951	3.5764999999999993
25.969	31.521	33.512	-6.547499999999999	-8.749	-8.111	-0.923	-4.232	27.579	23.67	14.953	8.267499999999998
31.548	35.867	30.08	-1.425500000000003	12.236	17.888	-1.69	4.1370000000000005	16.485	11.608	12.969	4.1965
14.887	24.968	34.801	-14.997500000000002	1.406	10.06	15.803	-11.5255	20.169	19.946	11.657	4.3675
-20.627	-21.995	-29.233	4.987000000000002	4.034	5.622	9.657	-3.6055	-16.323	-8.968	-0.214	-11.732
50.716	45.637	51.941	1.9269999999999996	13.506	-8.268	-4.428	19.854	6.465	3.815	0.417	4.349
16.863	11.005	5.517	8.601999999999999	1.469	-1.469	4.704	-0.14849999999999963	7.1	10.872	18.079	-7.375500000000001
9.458	9.205	11.812	-1.0504999999999995	18.873	14.63	9.244	6.936	9.202	9.69	9.391	-0.3384999999999998
6.356	8.3	9.058	-2.3230000000000004	22.031	19.904	12.503	5.827500000000001	1.586	7.873	10.144	-7.422499999999999
6.135	6.399	9.381	-1.7550000000000008	23.191	22.261	16.96	3.580499999999997	-0.147	2.463	8.965	-5.861000000000001
39.846	28.901	24.761	13.014999999999997	-4.718	-17.829	-19.376	13.8845	-10.403	-7.398	-9.085	-2.1615
40.08	33.829	31.49	7.420499999999997	-1.15	-13.006	-8.425	9.5655	6.123	3.135	4.562	2.2745
25.39	29.398	27.352	-2.9849999999999994	-0.151	-7.632	-10.093	8.711500000000001	-6.762	-10.489	-3.582	0.2735000000000012
-18.604	-16.958	-20.29	0.019999999999999574	-10.892	-4.593	-10.868	-3.1614999999999993	7.286	7.899	4.329	1.1719999999999997
-11.35	-16.156	-7.667	0.5615000000000006	8.749	1.886	18.41	-1.3989999999999991	6.46	6.787	-5.875	6.004
-21.08	-12.334	-9.621	-10.1025	-1.344	9.761	13.659	-13.054	-5.887	-7.248	2.07	-3.297999999999999
-18.277	-19.771	-8.379	-4.202000000000002	-10.793	-2.031	14.564	-17.0595	-11.212	-6.96	-6.289	-4.5875
-0.091	2.479	-14.381	5.86	7.177	4.119	-16.242	13.2385	-8.563	-6.896	0.515	-5.3725000000000005
-11.119	-17.22	-19.806	7.393999999999998	15.628	1.725	-3.922	16.7265	-10.745	-6.529	-11.105	-1.927999999999999
1.874	5.002	5.605	-3.4294999999999995	-10.981	-8.475	-3.648	-4.9195	10.719	13.359	10.128	-1.0245000000000015
-15.869	-14.884	-6.761	-5.0465	-15.085	1.999	3.965	-18.067	-4.868	-6.822	-3.154	0.11999999999999922
-16.908	-17.593	-15.004	-0.6095000000000006	-19.785	-19.672	-12.012	-3.9429999999999996	-13.874	-9.954	-5.828	-5.9830000000000005
-19.71	-17.827	-14.472	-3.560500000000001	-16.316	-20.546	-14.718	1.315999999999999	-14.539	-11.358	-8.996	-4.362
36.912	30.102	30.307	6.7075	-11.532	-15.765	-8.272	0.4864999999999995	5.123	-1.92	-5.422	8.794
-35.891	-33.757	-31.999	-3.012999999999998	-3.503	5.276	7.901	-10.0915	-5.852	-10.693	-4.71	1.849499999999999
-21.042	-24.786	-30.665	6.683499999999999	19.225	6.804	0.787	15.4295	-10.487	-14.914	-8.488	1.2140000000000004
-15.352	-16.545	-19.693	2.7669999999999995	32.57	33.65	23.966	3.7620000000000005	1.769	3.812	-9.983	4.854500000000001
14.757	15.626	22.31	-4.211	-18.074	-11.619	-15.359	-4.585000000000001	4.309	3.407	7.065	-0.9270000000000005
26.648	17.299	16.554	9.721500000000002	3.99	-13.525	-13.513	17.509	-9.492	1.781	4.061	-12.413
-34.77	-35.847	-33.042	-0.3254999999999981	0.061	2.495	4.69	-3.5315000000000003	-3.319	-7.966	-3.753	2.5405000000000006
24.363	31.779	30.353	-6.703000000000003	-7.867	-16.759	-24.356	12.6905	13.915	3.688	2.383	10.8795
-0.556	5.614	0.103	-3.4145	6.9	8.981	1.255	1.782	-4.216	-10.37	-14.413	8.1755
-7.197	-1.645	2.293	-7.521	21.855	16.836	8.428	9.223	-11.56	-9.343	-7.323	-3.2270000000000003
2.184	-8.07	-2.642	7.54	22.406	25.792	16.598	1.2109999999999985	-19.526	-14.326	-9.307	-7.7094999999999985
23.919	18.693	23.763	2.690999999999999	3.428	8.524	5.297	-3.482499999999999	1.774	12.517	-1.21	-3.8794999999999993
24.448	26.44	25.642	-1.593	-4.274	-8.081	-1.573	0.5529999999999999	9.916	6.533	-2.392	7.8455
-34.933	-20.934	-21.293	-13.819499999999998	-4.201	4.726	9.034	-11.081	8.197	7.249	0.521	4.311999999999999
-36.446	-38.874	-36.347	1.1645000000000039	5.774	3.213	-3.925	6.13	-5.66	0.779	5.118	-8.6085
-28.768	-32.413	-32.825	3.850999999999999	-5.091	3.513	12.169	-12.932	-14.337	-12.124	-5.743	-5.403499999999999
2.507	0.735	2.003	1.1380000000000001	2.992	8.717	14.309	-8.521	2.558	4.683	7.36	-3.4635
2.792	7.883	7.189	-4.744	6.688	11.174	0.043	1.0795000000000003	18.412	14.395	17.151	2.6389999999999993
3.421	3.343	5.418	-0.9594999999999998	-0.972	-2.601	-11.331	5.994	9.668	5.97	-3.333	8.349499999999999
40.834	33.258	17.514	15.448	15.1	8.003	1.435	10.381	-6.993	-9.198	-2.738	-1.0250000000000004
9.539	13.452	19.358	-6.866000000000001	10.852	9.794	2.523	4.6935	16.044	14.467	11.55	3.035499999999999
-28.54	-22.355	-16.535	-9.094999999999999	-1.745	-6.031	1.167	0.6869999999999998	-3.507	-2.157	-15.225	5.183999999999999
-24.43	-20.299	-23.512	-2.5244999999999997	-17.68	-23.654	-22.498	5.396000000000001	-7.44	-16.008	-9.408	5.267999999999998
10.284	11.076	9.796	-0.15199999999999925	28.171	20.156	9.772	13.207	-38.23	-37.819	-29.212	-4.714499999999994
-23.592	-23.19	-29.64	2.8230000000000004	-1.535	3.37	1.852	-4.146	20.899	13.022	11.156	8.81
-2.981	3.193	-1.55	-3.8024999999999998	-3.392	8.856	4.369	-10.0045	16.872	18.392	15.856	-0.2519999999999989
30.377	31.489	39.501	-5.1179999999999986	6.53	0.615	-12.095	12.27	-17.813	-8.445	-3.955	-11.613
16.908	22.582	30.862	-9.814	-5.407	-5.304	3.686	-4.598	-5.021	-6.498	-13.138	4.797
14.693	17.777	21.203	-4.797000000000002	-13.497	-3.521	-5.052	-9.2105	-10.446	-8.3	-6.269	-3.1614999999999993
-34.703	-31.776	-35.08	-1.2750000000000057	4.638	3.092	3.765	1.2094999999999998	-1.073	-1.34	7.689	-4.2475000000000005
-23.041	-23.033	-21.386	-0.8315000000000019	-0.214	-0.426	6.378	-3.19	-15.713	-10.845	-12.82	-3.8804999999999996
12.679	7.984	1.196	8.089	1.923	-3.405	-9.83	8.5405	5.827	8.66	16.14	-6.573
6.313	12.912	17.946	-9.116000000000003	-4.556	-3.469	-4.252	-0.6955	3.0	2.505	5.346	-0.9255
5.17	7.713	9.901	-3.6370000000000005	-11.446	-8.342	-3.699	-5.4254999999999995	8.662	7.057	2.776	3.7455000000000007
5.513	0.238	3.026	3.8810000000000002	8.275	6.336	-4.733	7.4735	0.11	1.573	2.147	-1.7499999999999998
8.698	8.514	2.923	2.9795000000000007	14.711	9.635	6.866	6.4605000000000015	5.741	3.241	3.509	2.3659999999999997
-0.805	3.295	7.212	-6.0584999999999996	19.45	27.09	11.439	0.1855000000000011	4.775	3.662	2.555	1.6665
-30.83	-26.147	-20.036	-7.738499999999998	5.667	8.285	-0.782	1.9154999999999998	4.537	5.244	9.679	-2.9245
3.364	2.52	8.984	-2.388	-3.145	0.609	-5.51	-0.6945000000000001	4.252	7.358	1.877	-0.36549999999999994
9.529	4.343	3.726	5.4945	-7.637	-4.274	-1.004	-4.997999999999999	6.363	5.674	7.116	-0.03199999999999914
34.062	28.658	27.418	6.023999999999997	-25.175	-38.164	-37.562	12.687999999999999	-20.899	-19.316	-27.869	2.6935000000000002
12.995	7.554	3.47	7.482999999999999	-0.498	5.874	14.147	-10.5085	1.417	-0.928	-12.21	7.986000000000001
10.093	11.329	6.456	1.2005	6.616	0.941	12.036	0.1274999999999995	0.248	2.082	-5.662	2.0380000000000003
10.585	8.222	10.907	1.020500000000002	-7.769	-2.716	7.634	-10.228	-1.697	1.214	0.561	-2.5845000000000002
13.962	14.664	9.129	2.0655	9.205	6.403	-5.891	8.949	2.709	-6.53	-0.844	6.396000000000001
4.894	1.458	-3.004	5.667	-5.751	-2.802	0.764	-4.732	13.865	11.195	11.729	2.4030000000000005
4.583	4.534	0.011	2.3105	4.889	-2.789	-2.073	7.32	15.169	14.435	9.904	2.999500000000001
10.398	11.632	10.343	-0.589500000000001	4.028	18.132	10.893	-10.4845	17.57	12.417	12.988	4.8675
-1.516	-1.134	4.013	-2.9555	-11.011	-13.221	-9.754	0.4765000000000015	5.15	8.02	6.476	-2.097999999999999
-1.608	-6.914	-7.13	5.414	12.776	2.885	-3.072	12.8695	-8.347	-7.118	3.865	-6.7204999999999995
-0.334	3.329	3.866	-3.9315	-7.765	10.276	8.83	-17.318	9.3	5.031	-0.157	6.863000000000001
17.763	22.331	31.515	-9.16	-21.167	-15.151	-17.268	-4.957500000000003	12.192	16.28	15.056	-3.475999999999999
-17.293	-27.586	-23.424	8.212	7.524	4.406	10.153	0.2444999999999995	-21.066	-5.011	8.925	-23.023
-0.142	-4.199	-14.498	9.2065	23.133	27.699	12.784	2.891499999999997	-10.815	-17.309	-11.818	3.7485000000000017
-11.439	-12.966	-9.567	-0.17249999999999943	-14.434	-14.66	0.861	-7.5344999999999995	6.501	11.907	7.839	-3.3720000000000008
-4.466	-4.993	-15.177	5.619000000000001	-0.239	1.518	11.759	-6.8775	0.398	12.626	8.671	-10.250499999999999
-21.155	-10.095	-5.344	-13.435500000000001	0.482	-1.24	3.172	-0.4840000000000001	3.223	-0.153	9.716	-1.5584999999999996
-21.234	-15.957	-20.451	-3.030000000000001	-4.516	5.42	6.122	-10.286999999999999	6.991	2.545	4.382	3.5275
12.024	12.961	4.651	3.217999999999998	-0.648	2.979	5.841	-5.058	22.321	15.148	13.05	8.222000000000001
-12.363	-16.317	-23.898	7.744500000000002	-6.73	1.033	11.804	-13.1485	1.326	-0.384	-0.892	1.964
-13.06	-6.428	5.522	-12.607000000000001	-13.874	-16.639	-13.396	1.1434999999999995	-16.888	-15.956	-17.764	-0.028000000000002245
-15.037	-12.541	-9.697	-3.918000000000001	-16.705	-14.446	-15.603	-1.6804999999999986	-18.439	-17.563	-15.802	-1.7565000000000026
-24.446	-18.437	-14.597	-7.929000000000002	-8.597	-15.331	-15.375	6.756	-22.082	-18.6	-16.942	-4.311
16.778	15.665	13.046	2.4224999999999994	-1.328	3.412	6.27	-6.169	13.251	7.881	10.913	3.853999999999999
-30.168	-29.675	-31.105	0.2220000000000013	-2.259	-3.732	-0.003	-0.39149999999999974	-4.284	-1.259	1.497	-4.403
0.927	-5.154	-5.832	6.42	7.025	12.087	16.94	-7.4885	-19.56	-18.163	-17.407	-1.7749999999999986
14.251	9.514	-3.699	11.343499999999999	11.87	15.413	10.718	-1.195500000000001	-19.23	-20.926	-18.732	0.5990000000000002
1.256	1.678	11.744	-5.455	4.522	2.23	12.434	-2.8099999999999996	-17.805	-16.161	-21.039	0.7950000000000017
11.944	5.639	10.09	4.079500000000001	-3.213	-11.275	-1.632	3.2405	-24.01	-13.428	-11.959	-11.316500000000001
-8.163	-3.699	5.5	-9.063500000000001	8.327	1.459	-0.441	7.818	1.142	-0.733	-5.14	4.0785
-21.089	-17.518	-13.332	-5.663999999999998	3.611	-4.83	-3.149	7.6005	2.231	4.387	10.821	-5.372999999999999
-26.83	-27.717	-23.133	-1.4050000000000011	-6.355	2.468	5.28	-10.229000000000001	-9.474	0.413	2.093	-10.727
12.423	17.422	33.33	-12.952999999999998	-13.4	-17.55	-19.325	5.0375	12.86	9.25	9.732	3.3689999999999998
26.83	20.778	13.42	9.730999999999998	5.441	2.169	-10.63	9.6715	10.288	11.803	12.127	-1.6769999999999996
-9.056	-16.28	-21.614	9.891000000000004	19.62	21.754	18.348	-0.43100000000000094	-22.775	-23.311	-15.572	-3.333500000000001
-0.415	-8.229	-16.826	12.1125	28.273	22.61	19.541	7.197500000000002	-29.996	-25.989	-22.963	-5.52
-16.253	-14.243	-13.49	-2.3865	5.49	1.715	11.674	-1.2044999999999995	-0.341	-0.45	-0.854	0.311
15.81	20.214	21.343	-4.968500000000001	-13.733	-13.566	1.043	-7.4715	2.115	10.341	8.456	-7.283499999999998
-34.909	-37.325	-35.276	1.3915000000000006	17.283	5.839	0.494	14.116500000000002	5.491	11.626	13.424	-7.033999999999999
-38.069	-35.456	-36.688	-1.9969999999999999	12.684	14.417	8.022	1.4644999999999992	8.854	5.823	10.338	0.7734999999999985
-35.862	-37.086	-35.554	0.4579999999999984	19.797	11.838	13.362	7.197000000000001	4.112	7.834	7.589	-3.5995
-37.629	-38.398	-36.396	-0.2319999999999922	-6.242	6.144	16.833	-17.7305	7.16	9.933	6.197	-0.9049999999999994
-12.42	-2.167	-5.3	-8.6865	-9.446	1.083	2.247	-11.111	-0.475	-2.287	-13.901	7.619
-3.654	-7.434	-3.956	2.0410000000000004	-2.83	-4.173	-0.876	-0.3054999999999999	-10.464	-7.422	-1.903	-5.801500000000001
-3.228	-3.595	-5.001	1.0699999999999998	-1.003	6.543	-2.767	-2.891	1.18	-4.501	-9.634	8.2475
-24.247	-33.826	-33.918	9.625	6.17	-9.242	-13.751	17.6665	-5.847	-8.334	1.973	-2.6665000000000005
-45.365	-46.909	-40.189	-1.8160000000000025	13.048	4.822	9.449	5.9125	-13.685	-8.425	-9.133	-4.906000000000001
7.514	4.793	4.454	2.8905000000000003	17.973	18.015	15.314	1.3084999999999987	13.49	15.816	14.267	-1.551499999999999
3.878	1.368	1.573	2.4075	-14.692	-13.995	-4.464	-5.4625	6.519	8.567	-2.549	3.51
3.357	2.656	6.203	-1.0724999999999998	2.852	-6.2	-11.737	11.820500000000001	0.824	-0.91	3.895	-0.6685
46.025	40.269	42.628	4.576500000000003	24.792	27.108	28.643	-3.083500000000001	8.706	11.297	2.124	1.995499999999999
15.359	21.706	29.929	-10.458499999999999	-6.358	-1.535	-13.602	1.2105000000000006	-7.992	-16.177	-5.802	2.9974999999999996
15.439	17.674	28.709	-7.752499999999998	-4.186	-4.642	-9.478	2.8740000000000006	-8.144	-10.608	-11.359	2.8394999999999992
12.066	16.739	17.972	-5.2894999999999985	-14.717	-4.083	-3.741	-10.805	-4.287	-8.88	-11.353	5.8295
-11.469	-11.923	1.077	-6.045999999999999	-5.705	5.069	9.008	-12.7435	-3.229	-1.074	1.942	-3.6630000000000003
-11.084	-8.425	-7.186	-3.2784999999999993	2.465	-5.786	0.146	5.285	-9.512	-9.344	-10.62	0.46999999999999886
-41.597	-39.127	-37.401	-3.3329999999999984	-5.127	-1.337	5.746	-7.3315	16.303	13.784	17.292	0.7650000000000006
-47.516	-45.165	-42.598	-3.6344999999999956	-1.689	-6.885	-4.826	4.166499999999999	6.215	1.616	10.586	0.11399999999999988
-5.613	-10.614	-11.988	5.688	11.166	12.963	5.351	2.0090000000000003	8.022	8.652	2.056	2.668000000000001
-1.465	-8.877	-9.402	7.6745	4.826	-3.318	4.951	4.0095	2.532	6.598	2.906	-2.2199999999999998
13.316	15.028	12.974	-0.6850000000000005	10.64	9.426	-0.746	6.300000000000001	-23.136	-18.277	-8.879	-9.558
20.921	13.678	19.486	4.338999999999999	10.823	-0.791	2.929	9.754000000000001	-6.902	-10.437	-11.245	3.938999999999999
21.984	30.128	18.481	-2.320499999999999	15.886	23.607	5.938	1.1135000000000002	-6.574	-12.385	-8.709	3.9730000000000008
-43.989	-47.335	-49.462	4.409500000000001	-6.368	-11.001	-7.06	2.6624999999999996	7.922	9.075	23.858	-8.5445
-52.306	-53.791	-51.434	0.3064999999999998	10.33	-3.631	-12.831	18.561	-1.494	-3.949	-0.336	0.6485000000000001
3.219	-12.263	-20.295	19.498	-2.498	-9.441	-8.039	6.242	4.829	2.905	3.021	1.8659999999999997
7.819	0.868	-21.205	17.9875	9.716	-2.813	-10.644	16.444499999999998	-3.306	4.355	3.901	-7.434
41.03	52.095	66.042	-18.0385	-18.398	-16.527	-19.027	-0.6209999999999987	4.679	7.261	1.878	0.1095000000000006
1.074	3.914	5.346	-3.556	0.492	10.043	12.68	-10.869499999999999	19.977	20.122	15.001	2.4155000000000015
4.199	4.396	6.992	-1.495	-9.422	-3.031	4.3	-10.0565	22.15	19.861	21.222	1.6084999999999994
-10.181	-3.671	-2.313	-7.188999999999999	21.6	13.439	12.923	8.419	10.736	6.941	8.126	3.2025000000000006
-18.828	-8.787	-3.453	-12.707999999999998	19.238	20.134	10.662	3.84	9.356	8.257	9.928	0.26349999999999874
-16.001	-17.916	-12.134	-0.9760000000000009	14.898	18.103	19.835	-4.0710000000000015	0.809	4.626	8.624	-5.816
-18.811	-14.93	-13.295	-4.698499999999999	-1.367	6.875	5.354	-7.4815	-5.655	-6.038	-7.7	1.2139999999999995
43.141	32.683	25.583	14.008	1.138	-2.156	-5.714	5.073	-11.37	-21.314	-20.322	9.447999999999999
3.81	2.226	8.492	-1.549	-1.01	-0.557	13.063	-7.263	-7.497	1.845	-12.426	-2.2065
-22.259	-16.236	-18.3	-4.991	-5.222	0.526	-10.869	-0.05050000000000043	-2.533	-0.406	3.295	-3.9775
38.415	25.205	14.288	18.6685	1.24	-2.374	-0.829	2.8415	5.803	7.146	8.341	-1.9404999999999992
11.273	11.078	27.459	-7.9955	-1.645	-9.364	-1.545	3.8095000000000003	-2.571	5.998	7.957	-9.5485
-8.779	-10.653	-18.112	5.6035	-6.179	-12.01	-3.037	1.3445	7.496	12.292	12.206	-4.752999999999998
27.216	24.375	14.017	8.020000000000003	15.134	-2.422	-16.118	24.404	8.201	5.842	16.459	-2.9494999999999987
15.0	19.055	24.005	-6.530000000000001	8.457	13.601	0.792	1.2605000000000004	15.148	12.766	6.796	5.366999999999999
14.394	12.349	20.046	-1.8034999999999979	6.182	0.157	5.21	3.4985000000000004	15.139	12.605	8.206	4.733499999999999
-12.299	-22.488	-36.444	17.167	7.126	-2.477	2.832	6.9485	4.141	5.908	14.238	-5.932
16.159	9.549	-5.042	13.9055	-17.081	-14.549	-18.555	-0.5289999999999999	-3.335	-5.719	3.507	-2.229
19.939	22.768	21.528	-2.2089999999999996	-4.165	2.478	1.068	-5.938000000000001	-10.572	-9.574	-6.934	-2.3179999999999996
-28.808	-22.015	-19.611	-7.994999999999997	-23.02	-24.686	-14.763	-3.2955000000000005	-18.925	-20.723	-9.495	-3.8160000000000025
-4.358	-2.91	-7.306	0.7500000000000009	-8.443	1.041	-26.421	4.247	-3.468	-3.161	2.418	-3.0965
35.21	34.049	26.728	4.8215	-12.358	-19.094	-16.151	5.264500000000002	8.447	7.762	7.098	1.0169999999999995
28.874	29.356	35.461	-3.534500000000005	-20.871	-14.675	-12.665	-7.200999999999999	8.382	4.367	7.33	2.5335
7.78	22.085	26.616	-16.5705	-6.954	-8.311	-14.805	4.604	5.742	0.467	5.971	2.523
-3.433	-15.141	-14.258	11.2665	22.115	21.769	16.414	3.0234999999999985	25.023	33.607	28.211	-5.885999999999999
13.833	16.905	7.328	1.7165	7.869	18.498	18.51	-10.635000000000002	25.888	22.015	23.511	3.1250000000000036
4.753	6.26	8.309	-2.5314999999999994	1.807	9.26	5.609	-5.6274999999999995	-11.779	-10.209	-13.668	0.15949999999999953
-37.348	-33.526	-23.273	-8.948499999999996	7.163	1.984	2.266	5.038	-7.876	-6.157	-15.929	3.166999999999999
-37.917	-39.936	-39.312	1.7069999999999936	-16.484	-11.571	-4.53	-8.433500000000002	-19.0	-14.583	-11.627	-5.895
-4.76	-7.533	-9.666	3.839500000000001	15.525	2.637	-12.588	20.5005	-2.186	-1.605	5.367	-4.067
-6.704	-4.948	-10.151	0.8455000000000004	19.385	14.764	-4.389	14.197500000000002	2.557	-2.354	3.275	2.0965
-17.494	-15.681	-26.746	3.7195	-8.13	1.774	2.125	-10.079500000000001	2.19	-6.464	-6.812	8.828
-18.207	-17.722	-17.167	-0.7624999999999993	1.886	-4.077	2.745	2.5519999999999996	-2.06	0.052	-7.084	1.456
49.993	35.301	25.574	19.555500000000002	5.88	1.777	-0.875	5.429	-1.211	-4.764	3.706	-0.6819999999999999
47.289	49.094	31.2	7.142000000000003	3.401	6.553	2.75	-1.2505000000000006	6.995	-0.98	-1.437	8.2035
52.11	47.77	49.142	3.6539999999999964	20.543	11.532	8.496	10.529	9.359	1.333	4.908	6.2385
59.623	55.94	50.541	6.3825	33.312	15.557	18.518	16.274499999999996	23.048	16.633	8.078	10.692499999999999
44.918	44.371	51.282	-2.9084999999999965	10.892	1.824	6.423	6.7684999999999995	-9.536	-10.102	-17.624	4.327
-8.577	-9.618	-10.169	1.3164999999999996	-25.683	-28.974	-23.826	0.7169999999999987	4.719	0.487	-0.371	4.6610000000000005
-18.674	-19.386	-15.599	-1.1814999999999998	14.864	5.376	12.572	5.890000000000001	9.911	14.563	13.139	-3.9399999999999995
-0.814	0.285	-13.39	5.7385	-11.407	-9.686	-4.967	-4.080500000000001	-6.269	-4.966	-2.933	-2.3195
9.226	6.589	1.305	5.279000000000001	4.807	12.096	4.227	-3.3545	-16.261	-17.366	-19.825	2.334500000000002
2.506	7.298	4.779	-3.5325	6.178	9.045	8.548	-2.6185	-13.202	-15.963	-20.529	5.043999999999999
-12.892	-15.913	-14.153	2.141000000000002	11.279	11.933	8.146	1.2394999999999996	12.502	14.929	10.791	-0.35799999999999876
-19.855	-10.671	-10.607	-9.216000000000001	-8.161	6.148	-4.249	-9.1105	4.678	-0.858	3.94	3.137
2.692	11.584	12.84	-9.52	-6.888	-4.091	1.834	-5.7595	3.28	-9.265	-9.23	12.5275
7.274	14.427	7.314	-3.5965	-7.77	-2.183	-8.475	-2.441	6.754	1.454	-0.089	6.0714999999999995
20.355	18.133	12.043	5.267000000000001	0.438	-5.02	-4.045	4.9704999999999995	8.567	10.497	3.22	1.7085
55.828	49.544	47.437	7.337500000000006	-11.232	-9.007	-4.2	-4.628499999999999	10.026	13.325	5.787	0.47000000000000064
47.041	48.738	56.993	-5.8245000000000005	1.712	-2.532	-8.753	7.3545	4.885	-0.042	4.634	2.5889999999999995
49.377	47.906	53.918	-1.5349999999999966	5.796	1.335	-6.481	8.369	3.326	2.995	0.995	1.331
44.733	45.351	50.295	-3.0900000000000034	-5.623	11.472	10.643	-16.680500000000002	7.177	6.335	4.225	1.8970000000000002
6.078	10.111	9.758	-3.8564999999999996	-10.766	-2.679	-12.053	-3.3999999999999995	1.404	2.746	4.154	-2.0460000000000003
-1.487	0.057	-5.156	1.0624999999999996	33.643	22.823	13.026	15.718499999999999	4.767	0.908	7.015	0.8055000000000003
9.979	8.049	8.244	1.8324999999999996	-0.857	1.329	7.041	-5.042000000000001	5.683	8.73	10.227	-3.7955000000000005
10.505	7.977	-1.514	7.2735	7.65	7.293	-4.031	6.019	-14.47	-14.084	-17.812	1.4779999999999998
18.602	28.025	35.982	-13.401500000000002	-15.201	-8.969	-2.756	-9.3385	-18.066	-18.791	-28.432	5.5455000000000005
23.895	24.837	26.055	-1.5509999999999984	3.155	2.575	-4.435	4.084999999999999	-12.129	-10.718	-22.583	4.521500000000001
24.772	23.731	27.488	-0.8375000000000021	9.853	2.895	-0.271	8.541	-13.176	-11.347	-17.274	1.134500000000001
25.786	24.398	26.297	0.4385000000000012	14.13	6.872	2.132	9.628	-10.581	-12.577	-12.802	2.1084999999999994
1.017	-5.027	-5.594	6.327500000000001	7.459	1.243	-2.645	8.16	23.685	26.283	26.163	-2.5380000000000003
11.973	-0.015	-7.475	15.718	4.942	7.689	9.571	-3.687999999999999	-21.048	-14.672	-16.413	-5.505499999999998
10.899	15.66	5.146	0.49599999999999866	-0.689	9.28	6.696	-8.677	-11.696	-13.021	-17.491	3.5600000000000005
19.808	21.064	25.526	-3.487000000000002	-11.614	-7.345	-4.859	-5.5120000000000005	-8.517	-11.849	-24.114	9.464500000000001
24.275	25.963	22.984	-0.19850000000000279	-4.26	-10.045	-6.02	3.772499999999999	-5.26	-10.433	-8.981	4.447000000000001
26.899	23.428	23.648	3.3610000000000007	18.373	5.884	2.301	14.2805	-4.901	-4.539	-3.812	-0.7255000000000003
-10.113	-9.508	-10.954	0.11800000000000033	15.215	14.155	-2.971	9.623000000000001	-16.078	-21.271	-13.08	1.0975000000000001
8.637	13.871	20.392	-8.494499999999999	0.036	7.049	10.246	-8.611500000000001	15.204	15.535	16.298	-0.7124999999999986
16.618	15.104	14.36	1.8859999999999992	3.704	3.56	6.385	-1.2685	11.919	12.076	15.413	-1.8255
56.77	54.456	48.786	5.149000000000001	-17.659	-26.939	-15.178	3.3995000000000033	-0.037	-1.04	3.013	-1.0234999999999999
56.391	56.567	54.052	1.0814999999999984	-7.96	-16.062	-23.365	11.753499999999999	-0.844	-0.19	0.443	-0.9704999999999999
-3.841	-8.107	-11.135	5.7799999999999985	16.294	3.179	-3.518	16.4635	-9.79	-14.351	-14.108	4.4395000000000024
-3.156	-5.255	-8.951	3.9469999999999996	9.18	14.947	1.486	0.9634999999999998	-1.288	-5.696	-15.177	9.148499999999999
9.59	1.211	-1.26	9.6145	20.958	17.338	12.581	5.998499999999998	-6.761	1.911	-1.229	-7.102
-2.598	2.193	5.63	-6.5095	11.277	18.973	20.199	-8.309	-12.086	-9.598	-2.652	-5.961
-32.147	-37.435	-40.888	7.014500000000005	-5.496	-14.194	-12.576	7.889000000000001	3.802	10.843	16.14	-9.6895
46.041	30.207	19.492	21.191499999999998	-2.675	-8.277	-7.184	5.055499999999999	-11.099	-9.277	-12.047	-0.43700000000000117
26.097	34.91	47.0	-14.857999999999997	-18.199	-6.389	1.513	-15.761000000000001	-4.124	-3.904	-11.552	3.604
21.694	30.41	28.054	-7.538	-8.546	-8.589	-13.587	2.5420000000000016	-8.114	-9.108	-3.822	-1.649000000000001
18.881	26.004	26.561	-7.401499999999999	-5.405	-6.621	-16.22	6.0155	-12.063	-8.339	-6.223	-4.782
7.377	5.825	4.153	2.388	-9.063	0.568	-5.788	-6.453	9.999	7.213	-3.434	8.1095
0.498	-7.909	-0.782	4.8435	-7.045	-2.69	9.426	-10.413	28.155	26.405	26.042	1.9314999999999998
-34.301	-32.662	-33.627	-1.1565000000000012	-4.903	-8.542	3.1	-2.1819999999999995	-1.944	6.426	4.961	-7.6375
-35.651	-40.96	-33.07	1.3639999999999972	25.074	7.492	9.525	16.5655	-3.042	1.012	3.481	-5.2885
37.622	30.549	16.399	14.148	14.414	14.182	13.579	0.5334999999999983	-17.636	-17.806	-11.896	-2.7849999999999984
-8.918	-4.257	-8.743	-2.4179999999999993	16.791	16.057	5.856	5.834500000000002	23.482	20.242	15.557	5.5825
-15.784	-9.269	-6.028	-8.1355	0.259	4.776	16.49	-10.373999999999999	26.864	24.158	21.55	4.010000000000002
-14.687	-14.784	-8.49	-3.049999999999999	2.066	0.366	10.932	-3.583	19.946	25.726	23.447	-4.640499999999999
32.11	36.507	36.72	-4.5035000000000025	-25.883	-28.697	-21.681	-0.6939999999999991	15.262	13.944	15.277	0.6515000000000004
34.283	31.98	33.405	1.5904999999999987	-6.136	-16.353	-26.113	15.097000000000001	2.563	9.356	15.127	-9.6785
9.549	5.138	13.782	0.08899999999999864	5.482	-0.115	3.864	3.6075000000000004	-12.756	5.003	7.161	-18.838
-4.984	-7.368	-7.097	2.2485	4.257	14.11	20.804	-13.200000000000001	-1.449	-5.395	-3.622	3.0595
-2.793	1.254	0.591	-3.7155	2.052	3.131	6.341	-2.6839999999999997	2.361	-4.173	-3.849	6.372
13.337	20.149	32.04	-12.7575	-15.94	-9.192	-19.501	-1.5934999999999988	-17.943	-17.554	-9.019	-4.656500000000001
-9.348	-9.769	-6.686	-1.1205000000000016	10.498	2.882	0.253	8.930499999999999	-3.026	1.434	0.012	-3.7489999999999997
-4.368	-1.376	-9.485	1.0624999999999991	17.464	3.188	-7.562	19.651	6.802	2.011	-8.973	10.283
-13.453	-12.146	-20.126	2.6830000000000034	4.528	9.979	-4.287	1.682	7.03	5.533	7.397	0.5650000000000004
39.771	42.023	36.515	0.5019999999999953	17.78	19.348	3.973	6.119500000000002	21.393	26.719	25.718	-4.825499999999998
-16.833	-16.548	-7.627	-4.7455	19.561	13.191	22.466	1.7324999999999982	-4.017	-4.67	-5.276	0.9559999999999995
14.251	13.001	6.51	4.4955	5.406	-7.409	-4.292	11.256499999999999	-6.603	-0.95	-0.558	-5.849
8.748	13.377	15.745	-5.813000000000001	13.675	14.895	9.206	1.6245000000000012	-7.176	-14.403	-12.514	6.282500000000001
-17.033	-20.441	-20.699	3.536999999999999	-4.358	-1.21	-1.676	-2.9149999999999996	0.416	8.248	13.065	-10.240499999999999
20.898	19.89	28.473	-3.2835	3.715	-4.917	5.054	3.6464999999999996	-9.958	-6.787	-14.907	0.8889999999999993
22.771	20.519	23.305	0.8590000000000018	4.271	1.194	0.327	3.5105	-13.37	-10.078	-9.555	-3.5534999999999997
8.73	3.991	-0.08	6.774500000000001	21.799	23.791	21.55	-0.871500000000001	18.337	21.199	25.039	-4.782
34.633	34.112	33.269	0.9425000000000026	-5.047	-6.658	-12.533	4.5485	0.204	2.789	0.913	-1.647
15.667	12.515	14.645	2.0869999999999997	2.772	0.128	5.856	-0.2200000000000002	-21.486	-30.841	-35.325	11.596999999999998
29.105	23.207	17.837	8.583000000000002	13.173	8.814	2.902	7.3149999999999995	-24.321	-23.06	-23.198	-1.1920000000000037
27.479	32.684	34.836	-6.280999999999999	23.845	25.488	18.976	1.6129999999999995	-11.412	-12.983	-19.203	4.680999999999999
-4.649	-6.215	-6.82	1.8685	-9.504	-12.299	-9.995	1.642999999999999	9.396	8.289	9.631	0.43599999999999994
-21.2	-24.928	-25.291	3.9095000000000013	7.605	-1.028	4.389	5.9245	20.551	25.07	29.27	-6.619000000000003
-0.514	-4.559	7.027	-1.748	-6.458	-13.136	-13.705	6.9625	10.568	21.042	19.27	-9.588
5.439	4.476	-2.833	4.6175	-0.527	-3.73	-12.403	7.539499999999999	-1.02	2.774	19.87	-12.342
-9.245	-8.723	-9.847	0.040000000000000924	-4.655	3.766	-0.162	-6.457000000000001	-2.584	3.954	0.455	-4.7885
-1.475	-5.055	-8.093	5.099	5.947	1.409	3.103	3.691	-1.817	-5.459	3.237	-0.7060000000000002
28.301	22.549	16.204	8.924499999999998	17.615	20.402	6.442	4.192999999999998	9.685	6.495	12.073	0.4009999999999998
30.25	27.739	20.786	5.987499999999997	47.252	20.402	18.857	27.622500000000002	5.386	10.499	7.154	-3.4404999999999992
-8.345	-5.274	-10.77	-0.3230000000000004	-11.153	-4.886	-9.581	-3.919500000000001	1.841	4.415	3.555	-2.144
23.176	24.062	24.623	-1.1665000000000028	2.237	1.723	-5.542	4.1465	1.655	0.349	-5.252	4.1065
17.895	18.424	17.317	0.024499999999999744	26.241	22.57	7.004	11.454	-7.297	-8.839	-9.246	1.7455000000000007
-10.077	-0.292	-15.457	-2.2024999999999997	-2.61	-0.746	-9.615	2.5705000000000005	-10.815	-13.827	-2.119	-2.8419999999999996
-5.685	-13.176	-2.014	1.9100000000000001	-3.256	-4.367	-1.978	-0.08349999999999991	-19.998	-10.42	-12.913	-8.331500000000002
-2.335	-9.081	-6.426	5.4185	1.515	-4.09	-1.94	4.529999999999999	-25.277	-15.138	-12.806	-11.305000000000001
-4.077	-3.961	-5.198	0.5025000000000004	11.809	2.159	5.554	7.952499999999999	-25.48	-20.737	-28.846	-0.6885000000000012
-21.988	-24.557	-28.868	4.724499999999999	15.061	13.856	11.874	2.1959999999999997	22.338	17.947	11.483	7.623000000000001
39.467	41.051	30.493	3.6950000000000003	-3.63	-8.078	1.877	-0.5295000000000001	13.808	8.229	18.165	0.6110000000000007
39.109	40.698	34.274	1.6229999999999976	-0.685	-6.773	-1.755	3.5789999999999993	21.068	10.089	15.383	8.332
48.485	42.964	37.838	8.084000000000003	18.652	9.274	-5.263	16.646500000000003	26.135	25.638	21.196	2.718
29.414	37.903	35.716	-7.395499999999998	-5.783	-3.454	-13.939	2.9135	6.196	0.393	14.112	-1.0565000000000007
36.445	33.601	35.702	1.7935000000000016	1.489	-5.028	-4.283	6.1445	4.318	3.43	2.01	1.5979999999999999
-3.37	-15.952	-19.873	14.5425	16.139	14.84	14.962	1.2379999999999995	-30.704	-21.736	-21.74	-8.966000000000001
-16.173	-12.334	-1.232	-9.389999999999999	6.754	10.922	18.826	-8.120000000000001	-7.129	-8.025	-27.348	10.5575
-14.971	-16.046	-12.86	-0.5180000000000007	-15.216	-4.06	9.963	-18.1675	-15.852	-16.038	-7.968	-3.849
3.04	8.123	7.854	-4.9485	-5.221	-7.242	-3.256	0.02799999999999958	5.471	13.954	14.016	-8.514
-2.07	2.551	6.675	-6.683	-9.418	-4.951	-8.103	-2.891	11.693	5.348	16.815	0.6114999999999995
3.87	1.35	0.009	3.1905	0.439	-0.747	-5.515	3.57	10.796	14.38	8.674	-0.7310000000000016
6.479	15.084	15.431	-8.778500000000001	-6.999	1.998	6.119	-11.0575	11.783	6.38	-4.342	10.764
4.723	8.608	11.171	-5.1665	-6.796	-11.227	-2.736	0.18550000000000022	11.448	9.023	9.169	2.3520000000000003
12.718	7.387	8.035	5.007	-25.262	-10.117	-10.353	-15.027000000000001	-4.936	3.962	10.342	-12.088000000000001
-25.604	-23.186	-29.032	0.5050000000000026	1.186	5.125	6.64	-4.6965	-27.026	-29.113	-20.947	-1.9959999999999987
36.433	36.815	31.543	2.253999999999998	-4.639	-4.431	-3.972	-0.4375	24.063	12.71	13.007	11.2045
29.293	31.08	37.261	-4.877500000000005	6.522	4.93	-1.163	4.6385000000000005	12.102	14.391	17.998	-4.092500000000001
34.935	29.916	35.545	2.204500000000003	8.768	7.302	1.648	4.293000000000001	11.759	12.259	15.008	-1.8744999999999994
40.291	31.53	33.953	7.549499999999995	12.495	7.563	3.731	6.847999999999999	14.25	12.062	14.032	1.2029999999999994
37.196	39.884	30.773	1.8674999999999997	13.713	12.373	7.414	3.8194999999999997	14.138	14.147	12.455	0.8369999999999997
31.528	35.34	44.14	-8.212000000000003	-16.279	-7.687	3.643	-14.257	1.364	2.073	5.083	-2.2140000000000004
-20.936	-20.184	-18.137	-1.775500000000001	13.938	-2.298	7.682	11.246	-7.078	1.122	2.645	-8.961500000000001
3.62	8.739	14.661	-8.079999999999998	-16.795	-19.469	-19.248	2.5634999999999977	1.22	-8.305	-28.767	19.756
-21.573	-19.383	-8.999	-7.3820000000000014	-17.289	-10.24	-1.544	-11.397000000000002	8.088	5.433	4.722	3.0104999999999986
46.676	38.052	19.753	17.773500000000002	-5.871	-5.88	-4.776	-0.543000000000001	-26.281	-16.71	-7.692	-14.079999999999998
-15.114	-10.975	-25.969	3.3580000000000005	26.118	15.604	10.549	13.0415	1.736	2.166	8.296	-3.495
-16.961	-17.532	-21.288	2.4490000000000016	36.141	31.107	24.735	8.219999999999999	-4.817	-7.669	1.181	-1.5730000000000004
10.889	2.131	-2.386	11.016499999999999	17.632	11.051	11.031	6.591000000000001	-5.252	-3.452	-0.132	-3.46
-24.396	-22.818	-15.724	-5.125	-15.12	-14.454	4.34	-10.062999999999999	8.716	8.268	4.393	2.3854999999999986
-26.632	-24.722	-22.712	-2.9150000000000027	-7.227	-14.694	-17.201	8.720500000000001	-10.555	-4.731	2.836	-9.6075
29.902	26.837	29.019	1.9740000000000038	-0.498	-0.219	-6.161	2.692	-11.34	-14.802	-21.423	6.772499999999997
26.732	29.628	31.586	-3.875	-7.544	-7.652	-2.582	-2.4269999999999996	1.207	3.742	2.98	-2.154
-0.609	1.298	-7.639	2.5615	-0.301	4.046	10.095	-7.371500000000001	-3.073	-15.972	-5.025	7.4254999999999995
11.911	10.875	0.569	6.189	11.994	6.482	0.783	8.3615	-4.326	-13.148	-6.415	5.4555
23.169	21.61	21.942	1.3930000000000007	-13.702	2.709	17.658	-23.8855	-8.477	-3.445	-10.157	-1.6760000000000002
20.286	15.738	7.328	8.753000000000002	-5.032	0.109	9.409	-9.791	1.472	3.59	8.359	-4.5024999999999995
23.483	23.504	16.344	3.559000000000001	3.953	3.824	-0.396	2.239	6.64	2.893	4.276	3.0555
14.924	19.865	22.924	-6.470500000000001	-4.857	1.903	1.456	-6.5365	8.635	7.246	2.192	3.9159999999999995
18.461	20.183	17.71	-0.4855000000000018	5.515	5.714	-0.6	2.9579999999999993	13.751	5.94	7.764	6.898999999999999
54.13	43.806	46.474	8.990000000000002	19.162	1.632	1.839	17.426499999999997	-2.633	-7.411	-1.99	2.0675
44.446	51.674	44.046	-3.4140000000000015	21.31	21.168	0.559	10.446499999999999	1.498	-1.451	-3.576	4.0115
39.96	43.21	49.579	-6.4345	17.421	22.75	15.293	-1.6005000000000003	3.124	3.563	-3.889	3.287
28.592	33.503	40.663	-8.491	4.566	15.443	19.781	-13.046	-6.215	0.085	3.487	-8.001
7.774	13.867	7.276	-2.7975000000000003	0.816	4.545	1.349	-2.1310000000000002	-2.736	-17.077	-14.815	13.21
24.922	12.739	15.304	10.900500000000001	0.438	-7.527	6.919	0.7420000000000002	-9.828	-3.566	-4.474	-5.808
22.804	26.829	22.537	-1.8790000000000013	24.741	19.589	1.41	14.2415	-0.008	0.223	-7.198	3.4795000000000003
20.244	22.877	25.64	-4.014499999999998	-12.057	-7.344	5.787	-11.278500000000001	38.233	33.421	36.569	3.2379999999999924
20.802	24.829	28.758	-5.991500000000002	-9.592	-8.321	-1.155	-4.854000000000001	4.608	0.357	-0.223	4.5409999999999995
28.182	30.607	35.269	-4.756000000000004	-6.881	-9.45	-6.306	0.9969999999999999	14.305	18.859	10.874	-0.5615000000000023
34.034	28.76	31.092	4.107999999999997	10.143	-1.236	-7.497	14.509500000000001	9.392	12.305	16.789	-5.155000000000001
26.633	24.129	30.813	-0.838000000000001	13.425	9.459	12.39	2.5005000000000006	17.738	14.037	11.491	4.974
-29.328	-32.801	-34.026	4.0855	2.241	-7.825	2.417	4.945	-10.015	-3.869	-10.032	-3.0645000000000007
-27.368	-27.519	-24.213	-1.501999999999999	0.645	10.534	10.84	-10.042000000000002	-17.159	-18.847	-18.728	1.6285000000000025
11.549	3.643	-1.708	10.5815	-1.2	7.549	22.402	-16.1755	-2.949	6.914	18.723	-15.7675
3.669	13.121	19.461	-12.622	2.078	4.208	6.686	-3.369	11.715	4.367	-6.779	12.921
0.25	5.511	17.793	-11.402	7.089	2.416	6.444	2.6590000000000007	9.796	10.652	-2.353	5.6465
9.342	12.026	21.34	-7.340999999999999	2.435	-0.693	6.721	-0.5790000000000002	2.401	10.065	20.517	-12.89
-45.719	-45.246	-45.321	-0.43549999999999756	-11.197	-7.54	-6.295	-4.279499999999999	-8.448	-8.715	-9.488	0.6534999999999993
-5.2	-8.495	-14.485	6.289999999999998	2.27	-8.687	2.345	5.440999999999999	9.507	11.999	19.703	-6.343999999999999
-8.816	-17.098	-15.273	7.369499999999997	18.212	9.323	10.73	8.1855	-17.203	-15.876	-7.406	-5.561999999999999
-4.208	-2.085	-3.167	-1.5820000000000003	32.778	37.396	28.768	-0.30400000000000205	-14.359	-14.383	-15.736	0.7004999999999999
-23.327	-18.023	-9.121	-9.755000000000003	-19.056	-12.109	2.743	-14.373000000000001	-9.807	-9.569	-0.599	-4.723
6.243	8.861	11.723	-4.049000000000001	-21.67	-21.762	-23.692	1.0569999999999986	-2.876	-2.759	-3.994	0.5005000000000002
27.43	25.472	20.213	4.587499999999999	12.91	13.37	1.624	5.413	11.808	13.11	10.733	-0.11350000000000016
43.459	42.927	41.9	1.045500000000004	34.376	27.416	23.075	9.130499999999998	20.335	15.073	8.51	8.543500000000002
-2.137	2.762	11.85	-9.443	2.559	-2.964	-13.507	10.7945	0.146	4.916	12.761	-8.692499999999999
-19.227	-22.748	-27.284	5.788999999999998	0.295	-1.104	-7.895	4.794499999999999	-7.127	-3.152	-1.222	-4.9399999999999995
5.237	3.247	-7.454	7.3405000000000005	1.234	1.973	1.41	-0.4575	16.835	9.66	7.738	8.136000000000001
1.135	5.456	0.115	-1.6505000000000003	10.539	4.074	0.835	8.0845	13.974	15.905	7.808	2.1174999999999997
17.421	22.229	20.675	-4.030999999999999	12.807	17.612	22.62	-7.308999999999999	-8.639	-10.463	-18.769	5.977
20.855	20.984	22.755	-1.0145000000000017	14.308	13.778	19.56	-2.3610000000000007	-1.993	-8.628	-11.492	8.067
9.482	17.759	20.541	-9.668	17.355	20.27	13.65	0.3949999999999996	-11.017	-5.164	-6.685	-5.092499999999999
8.488	8.638	16.33	-3.9959999999999987	18.354	14.818	19.196	1.3469999999999978	-11.275	-15.837	-6.037	-0.33800000000000097
10.29	10.48	8.412	0.8439999999999976	-7.233	-12.204	-16.719	7.228500000000001	-13.233	-17.227	-9.394	0.07750000000000057
16.166	11.402	22.864	-0.9669999999999987	-19.836	-25.142	-15.625	0.5474999999999994	16.317	20.86	14.926	-1.5760000000000005
29.427	22.514	13.702	11.318999999999999	-13.375	-17.581	-24.303	7.567	15.726	14.899	20.164	-1.8055000000000003
33.476	38.759	25.943	1.125	5.821	5.846	-15.485	10.6405	-0.89	-1.033	14.736	-7.7415
30.153	36.868	31.568	-4.065000000000005	0.312	8.967	-10.131	0.8939999999999999	2.969	-2.167	10.683	-1.2890000000000001
33.975	32.136	37.756	-0.9709999999999965	2.945	2.074	4.381	-0.2825000000000002	5.131	3.505	0.399	3.1790000000000003
28.156	33.232	34.121	-5.5205000000000055	-10.851	3.065	5.856	-15.3115	4.105	5.774	0.258	1.0890000000000004
-15.24	-15.147	-11.357	-1.9880000000000013	-19.96	-18.517	-0.502	-10.450500000000002	20.84	18.968	14.351	4.1804999999999986
-13.905	-14.088	-14.094	0.18599999999999994	-8.041	-21.299	-8.391	6.8039999999999985	19.849	19.976	16.411	1.6555
-29.564	-18.848	-14.46	-12.91	-33.888	-26.899	-18.787	-11.044999999999998	6.894	8.386	17.463	-6.0305
11.257	9.661	12.107	0.37299999999999933	-2.268	-17.241	-13.471	13.088000000000001	-11.441	-6.011	-6.307	-5.282
4.079	6.405	9.695	-3.971000000000001	-8.703	-7.079	-15.498	2.5854999999999997	-11.484	-7.718	-6.312	-4.468999999999999
-27.373	-31.914	-31.547	4.357499999999998	3.646	-18.348	-8.413	17.0265	8.321	16.515	18.508	-9.190499999999998
21.546	17.145	17.505	4.221	18.531	9.6	5.637	10.9125	10.402	14.139	12.302	-2.8185000000000002
24.794	21.167	18.24	5.090500000000002	41.776	25.08	11.327	23.572500000000005	11.308	12.639	13.82	-1.9215
12.073	18.923	23.349	-9.062999999999999	20.095	24.72	36.896	-10.713000000000001	18.466	15.988	18.266	1.3390000000000022
66.137	62.506	57.452	6.158000000000001	5.093	4.26	14.615	-4.3445	-0.898	6.064	4.214	-6.037
45.46	48.468	58.083	-7.8155	3.666	-2.274	-0.356	4.981	9.966	11.027	9.784	-0.43950000000000067
53.324	46.753	53.224	3.335499999999996	9.959	3.996	-2.933	9.4275	5.054	10.681	10.436	-5.504499999999998
-8.437	-13.438	-13.901	5.2325	1.106	-10.045	-2.913	7.585	-4.802	2.369	-0.721	-5.6259999999999994
-38.754	-35.563	-29.194	-6.375499999999995	-18.355	-13.223	-11.884	-5.801500000000001	-8.27	-13.342	-15.078	5.940000000000001
0.139	0.903	-2.361	0.8680000000000001	-3.941	-5.408	-0.727	-0.8734999999999995	-7.529	-7.009	-10.904	1.4275000000000002
45.241	48.21	47.875	-2.8015000000000043	-12.237	-7.34	-0.466	-8.334	9.261	2.058	-3.125	9.7945
41.714	42.825	44.294	-1.8455000000000013	-13.398	-17.149	-10.374	0.36350000000000193	12.209	10.677	16.726	-1.4924999999999997
39.589	37.261	39.37	1.2734999999999985	-15.67	-16.025	-10.543	-2.386000000000001	11.542	17.275	13.176	-3.6835000000000004
24.857	23.458	25.377	0.43950000000000244	-0.397	0.798	11.903	-6.7475000000000005	1.339	5.839	8.543	-5.852
-5.734	-4.941	-0.866	-2.8305000000000002	21.17	12.26	10.003	10.038500000000003	5.101	4.252	6.272	-0.16100000000000048
-6.449	-5.425	-4.593	-1.4399999999999995	24.368	21.309	9.871	8.777999999999999	8.706	4.618	6.938	2.927999999999999
-16.439	-15.023	-19.737	0.940999999999999	-8.4	-3.979	-7.257	-2.782	7.458	5.365	9.93	-0.18949999999999978
-27.007	-28.738	-30.666	2.6949999999999967	10.931	9.128	4.602	4.065999999999999	-26.906	-17.798	-15.405	-10.3045
-26.772	-27.022	-29.162	1.3200000000000003	4.918	10.05	7.699	-3.956500000000001	-22.081	-25.583	-19.097	0.25900000000000034
-37.143	-31.819	-27.474	-7.496500000000001	-22.971	-9.468	-2.777	-16.8485	-18.122	-18.362	-16.957	-0.4624999999999986
48.857	45.994	43.218	4.250999999999998	2.977	-1.361	-6.699	7.007	-11.859	-21.467	-29.786	13.7675
-4.338	-12.488	-15.347	9.5795	-0.767	6.539	10.581	-9.326999999999998	9.405	14.847	18.634	-7.3355000000000015
-5.813	-4.037	-2.223	-2.683	2.274	-0.8	3.033	1.1575000000000002	7.744	7.693	15.219	-3.7119999999999997
-2.001	-2.49	-4.629	1.5585	29.569	19.326	0.224	19.793999999999997	12.519	10.329	7.71	3.4994999999999994
32.335	30.644	14.919	9.5535	-8.675	-10.195	-28.951	10.898	-9.686	-10.439	-9.147	0.10699999999999932
39.517	44.317	38.462	-1.8724999999999952	13.567	4.014	-2.334	12.727	-9.239	-1.301	-8.314	-4.431500000000001
38.002	39.733	44.231	-3.979999999999997	-2.777	12.334	5.083	-11.485500000000002	-6.011	-10.6	-2.11	0.3439999999999994
-16.918	-16.427	-17.581	0.08599999999999852	26.622	19.08	17.904	8.130000000000003	2.057	2.929	1.363	-0.08899999999999997
-14.615	-17.728	-15.489	1.9934999999999992	27.127	14.808	22.977	8.2345	-1.02	-5.139	0.727	1.186
-4.867	-4.684	-3.663	-0.6935000000000002	-9.299	0.373	-1.785	-8.593	20.242	20.629	24.505	-2.3249999999999993
-0.138	-5.792	-4.894	5.205	3.618	-9.215	-2.044	9.2475	13.141	19.693	21.253	-7.331999999999999
-24.492	-21.975	-13.886	-6.561499999999999	10.93	4.992	14.118	1.375	-1.002	1.989	-4.373	0.19000000000000017
18.789	15.26	14.519	3.8995000000000015	-4.931	-2.322	-7.886	0.17300000000000004	-15.256	-16.211	-14.227	-0.03700000000000081
18.341	17.834	14.29	2.2790000000000035	4.438	-3.687	-4.288	8.4255	-11.181	-15.363	-14.368	3.6845000000000017
2.641	-4.594	-6.142	8.009	12.015	-3.29	-4.359	15.839500000000001	-5.227	-2.412	8.05	-8.046000000000001
19.91	25.735	15.679	-0.7970000000000006	9.176	10.509	4.395	1.7240000000000002	-1.659	-7.004	-6.437	5.0615
38.003	36.954	44.861	-2.9044999999999987	-6.619	-18.181	-8.106	6.5245	-1.482	1.37	-9.176	2.4210000000000003
34.05	36.121	37.467	-2.7439999999999998	-10.622	-16.706	-8.705	2.083500000000001	4.665	5.789	2.671	0.4350000000000005
8.275	10.276	8.615	-1.1704999999999988	-7.467	-2.651	-2.359	-4.962	10.835	6.312	12.083	1.637500000000001
-21.701	-26.965	-19.959	1.7609999999999992	-9.308	-11.783	-6.585	-0.12400000000000055	10.87	12.215	8.593	0.4659999999999993
-35.569	-28.102	-20.234	-11.401000000000003	-14.307	-3.603	1.393	-13.202	-2.351	-0.415	6.03	-5.1585
36.096	40.768	32.044	-0.3100000000000023	-6.495	-7.41	1.325	-3.4525	13.184	8.413	5.105	6.424999999999999
-21.675	-23.369	-15.805	-2.088000000000001	4.793	-7.848	-6.913	12.1735	-6.869	-10.112	-8.022	2.1980000000000004
29.694	27.171	32.436	-0.1095000000000006	1.728	-3.669	-6.501	6.813	-14.619	-0.978	-6.234	-11.013
37.355	37.673	28.203	4.4169999999999945	6.743	7.444	-2.404	4.223000000000001	-12.038	-14.001	-5.04	-2.5175
43.781	43.995	39.97	1.798499999999997	20.896	7.173	5.053	14.783000000000001	-3.159	-8.249	-8.237	5.0840000000000005
30.257	35.944	43.506	-9.468	15.484	16.047	13.545	0.6880000000000006	-4.097	-2.775	-5.669	0.12499999999999911
7.422	7.503	9.663	-1.1610000000000005	7.78	6.114	13.059	-1.8064999999999989	21.347	25.085	25.252	-3.8215000000000003
14.444	6.729	8.604	6.777500000000002	18.669	6.142	9.278	10.959	7.939	23.237	25.906	-16.6325
-18.022	-14.155	-3.947	-8.970999999999998	-19.58	-18.576	-13.232	-3.6759999999999984	6.223	1.961	1.239	4.622999999999999
18.705	24.195	20.32	-3.552500000000002	-6.526	-6.378	-0.926	-2.8739999999999997	20.294	12.942	9.493	9.0765
21.777	28.601	21.539	-3.2929999999999993	-7.927	-3.688	-6.721	-2.7224999999999993	21.831	15.601	16.694	5.683499999999999
20.667	31.183	26.581	-8.214999999999996	9.435	10.121	1.988	3.3805000000000005	25.531	22.931	17.634	5.2485
-13.55	-13.269	-17.66	1.9145000000000003	-3.759	-5.141	-7.323	2.4730000000000003	24.276	22.055	22.346	2.0755000000000017
-7.491	-9.096	-13.579	3.8465000000000007	-8.059	-7.918	-4.816	-1.6919999999999993	19.242	15.339	23.076	0.03450000000000131
0.726	3.018	2.885	-2.2255	8.673	4.28	8.946	2.0600000000000005	-8.958	-6.751	-17.548	3.1914999999999996
5.551	1.461	3.033	3.3040000000000003	11.182	11.092	4.14	3.5660000000000007	-7.463	-7.09	-7.677	-0.07950000000000035
5.853	4.507	1.942	2.6285	11.544	11.988	6.743	2.1784999999999997	-10.433	-6.569	-7.471	-3.4130000000000003
48.877	40.707	32.792	12.127500000000005	-5.273	-11.407	-11.331	6.096	-4.936	-11.229	-4.9	3.128499999999999
-0.242	-2.312	1.933	-0.0525000000000001	6.402	5.732	7.443	-0.18550000000000022	6.634	13.178	11.956	-5.933
3.689	2.959	-1.041	2.73	-14.764	-9.267	5.573	-12.917	13.962	6.509	9.155	6.13
-45.725	-46.29	-46.563	0.7015000000000029	-4.365	-14.368	-6.328	5.9830000000000005	-19.204	-21.541	-22.148	2.6404999999999994
-1.107	-0.846	-1.203	-0.08250000000000002	2.196	5.643	9.966	-5.608499999999999	7.35	1.165	-7.797	10.666
0.855	-3.605	0.39	2.4625	-7.306	-8.808	-9.468	1.8319999999999999	18.284	12.931	3.728	9.9545
4.992	0.229	0.806	4.4745	-5.113	-4.385	-5.612	-0.11450000000000049	20.824	25.313	19.668	-1.6664999999999957
-23.024	-29.023	-20.959	1.9669999999999987	6.793	-4.631	4.253	6.982	2.607	8.048	-1.926	-0.45399999999999974
-2.932	-3.133	3.388	-3.0595	-15.174	-11.072	-16.315	-1.4804999999999993	-12.941	-15.118	-16.925	3.080499999999999
65.005	68.592	72.064	-5.3230000000000075	1.679	-0.208	-4.18	3.873	-9.278	-14.009	-8.494	1.9734999999999996
-20.479	-23.239	-30.45	6.365500000000001	28.642	18.282	11.38	13.811	0.455	-4.588	-2.139	3.8185000000000002
-19.525	-20.822	-28.376	5.074000000000002	32.604	27.075	13.561	12.286000000000001	-6.093	-1.283	-3.302	-3.8005
13.922	14.591	18.244	-2.4955	-15.034	-25.256	-25.263	10.225500000000002	10.724	10.03	11.731	-0.15649999999999942
10.235	9.443	4.725	3.151	9.045	-0.15	-9.835	14.037500000000001	-6.347	-5.727	3.088	-5.0275
-14.734	-17.642	-15.185	1.679499999999999	0.805	12.703	12.734	-11.913499999999999	-15.942	-3.293	9.172	-18.8815
-15.146	-8.981	-14.752	-3.2795000000000005	8.755	14.402	7.694	-2.2929999999999993	-32.075	-28.527	-12.464	-11.579500000000003
-12.368	-12.076	-1.962	-5.349	-3.784	-1.473	7.018	-6.5565	21.375	24.045	14.572	2.066499999999998
48.18	50.056	51.087	-2.3915000000000006	3.824	-2.928	-10.46	10.518	-4.526	7.951	8.233	-12.618
35.787	44.572	48.675	-10.836500000000001	7.591	4.548	6.487	2.0735	-1.491	1.064	-3.024	-0.5110000000000001
4.479	-0.455	1.51	3.9515000000000002	25.776	18.373	17.18	7.999500000000001	-33.598	-33.101	-40.26	3.082499999999996
6.325	4.25	9.44	-0.5199999999999996	11.441	20.352	28.316	-12.892999999999999	-32.317	-29.73	-34.929	0.012500000000002842
-17.869	-16.893	-24.941	3.048000000000002	-5.168	-3.878	-9.78	1.6609999999999996	-8.655	-10.258	0.529	-3.7904999999999998
63.659	67.682	58.11	0.7629999999999981	-7.635	-0.049	-16.36	0.5694999999999997	-10.052	-14.263	-10.69	2.4245
-19.3	-17.693	-20.338	-0.28449999999999775	-17.42	-15.755	-0.3	-9.392500000000002	-16.443	-16.17	-7.642	-4.537000000000001
-0.647	1.487	4.037	-3.409	-10.453	-4.143	-4.067	-6.347999999999999	3.007	0.425	-2.733	4.1610000000000005
-51.742	-47.47	-49.125	-3.444499999999998	11.903	15.727	8.166	-0.04349999999999987	15.564	11.524	23.237	-1.8164999999999978
-6.438	-10.933	-8.328	3.1925	9.008	11.356	-4.682	5.670999999999999	2.538	8.737	10.104	-6.8825
-18.64	-10.212	-12.278	-7.395	1.7	6.567	-6.631	1.732	-20.272	-24.101	-19.832	1.6945000000000014
4.393	8.293	1.596	-0.5514999999999999	-14.775	-6.174	-2.355	-10.5105	33.647	28.726	22.014	8.277000000000001
10.103	5.987	6.557	3.8309999999999995	-8.656	-12.102	-1.808	-1.7010000000000005	29.97	32.62	23.42	1.9499999999999993
25.419	16.949	6.856	13.5165	0.213	-4.333	-9.918	7.3385	22.632	26.856	31.149	-6.3705
27.971	28.163	18.871	4.454000000000001	11.338	10.201	-3.538	8.006499999999999	21.199	21.326	25.91	-2.4190000000000005
12.646	16.349	27.142	-9.099499999999999	-6.787	-4.391	3.608	-6.3955	20.852	28.352	26.094	-6.370999999999999
-12.66	-11.671	-13.488	-0.08050000000000068	7.905	3.626	-2.119	7.1515	11.321	9.226	7.947	2.734499999999999
-14.904	-11.762	-14.648	-1.6989999999999998	7.868	7.569	-0.706	4.4365000000000006	14.79	10.401	7.69	5.744499999999999
-11.408	-13.245	-12.001	1.2149999999999999	1.763	6.75	5.052	-4.138	16.639	14.636	9.924	4.359
40.486	42.009	52.229	-6.633000000000003	10.629	6.758	-3.817	9.1585	-31.235	-31.226	-22.402	-4.420999999999999
32.202	38.185	48.617	-11.198999999999998	22.593	12.661	4.356	14.0845	-36.431	-31.251	-27.484	-7.063499999999998
16.767	12.857	8.31	6.183499999999999	-10.537	-4.519	-3.497	-6.529000000000001	7.632	3.691	7.631	1.971
17.457	19.521	10.726	2.333500000000001	-5.91	-9.399	-4.812	1.1954999999999991	12.828	8.034	4.975	6.323499999999999
-4.542	-4.881	1.616	-2.9094999999999995	-11.893	-14.452	-12.328	1.4969999999999999	-1.152	8.332	10.739	-10.6875
-10.336	-11.606	-5.189	-1.9384999999999994	6.871	11.076	15.952	-6.642999999999999	-16.003	-18.3	-16.286	1.2899999999999991
-25.683	-31.049	-24.677	2.1799999999999997	-0.657	-4.279	0.134	1.4154999999999998	-9.436	1.259	2.586	-11.3585
8.134	6.19	4.028	3.0250000000000004	18.899	21.615	21.138	-2.477499999999999	-5.758	-3.966	-18.587	5.5185
7.19	8.226	3.439	1.3575	15.624	18.067	21.767	-4.293000000000001	-1.609	-4.155	-9.111	5.024000000000001
17.226	19.694	13.937	0.410499999999999	31.158	26.946	24.165	5.602499999999999	-10.068	-10.153	-2.28	-3.8514999999999997
21.324	27.547	26.414	-5.656499999999998	2.173	9.464	-3.439	-0.8395000000000001	16.868	13.406	12.764	3.7829999999999977
20.709	20.094	27.563	-3.1194999999999986	7.921	1.114	8.047	3.3404999999999996	2.347	11.353	13.158	-9.9085
-50.923	-48.314	-32.232	-10.650000000000006	-1.328	3.986	5.869	-6.2555000000000005	5.605	1.71	-0.503	5.0015
19.938	19.483	22.66	-1.1335000000000015	3.607	3.891	6.429	-1.553	-15.516	-20.157	-18.621	3.8729999999999993
17.17	24.832	23.636	-7.064	7.949	13.677	7.275	-2.5269999999999992	5.388	0.857	-7.187	8.553
16.032	19.136	26.252	-6.661999999999999	0.646	9.751	11.578	-10.0185	5.714	4.591	-6.06	6.4485
21.945	16.656	24.199	1.5174999999999983	5.903	2.561	12.821	-1.7880000000000003	0.554	4.87	0.013	-1.8875
-16.552	-20.206	-29.147	8.124499999999998	-1.695	-5.23	-4.132	2.9859999999999998	8.306	7.173	5.9	1.769499999999999
-6.615	-14.531	-15.367	8.334000000000001	-0.021	-0.862	-1.015	0.9174999999999999	12.323	17.411	9.808	-1.2865000000000002
-10.17	-4.761	-12.483	-1.548	-8.622	2.672	-0.642	-9.637	12.532	13.685	15.94	-2.2805
46.744	42.006	45.55	2.966000000000001	2.645	5.175	6.758	-3.3215	18.503	17.479	12.237	3.6449999999999996
-22.904	-19.546	-14.142	-6.059999999999999	8.776	9.418	8.789	-0.32750000000000057	-18.003	-12.765	-17.78	-2.7304999999999993
-14.773	-15.395	-18.967	2.4079999999999977	5.296	-2.648	-5.765	9.502500000000001	7.787	5.606	8.32	0.8239999999999998
8.598	6.196	-13.344	12.172	18.344	6.275	-9.38	19.896500000000003	-11.412	-21.068	-10.249	4.246499999999999
9.072	12.616	13.039	-3.7555000000000014	-0.62	-4.418	-1.153	2.1654999999999998	-11.022	-6.562	5.202	-10.342
20.717	19.211	22.328	-0.05250000000000199	-11.499	-10.329	-6.261	-3.2040000000000006	-18.383	-11.628	-14.248	-5.445
12.233	19.319	22.464	-8.6585	-2.216	-10.897	-7.433	6.948999999999999	-8.177	-16.209	-11.65	5.752500000000001
-36.964	-33.38	-42.52	0.9860000000000042	-2.983	-1.533	-3.072	-0.6804999999999999	17.795	14.498	19.541	0.775500000000001
-30.889	-34.978	-34.672	3.9360000000000035	3.018	0.767	-1.478	3.3735	14.18	16.005	14.742	-1.1935000000000002
-50.371	-44.681	-37.861	-9.100000000000001	1.801	0.354	4.861	-0.8065	2.599	9.252	8.372	-6.213000000000001
-55.458	-48.954	-48.894	-6.533999999999999	-10.994	-1.501	2.897	-11.692	1.318	0.855	3.213	-0.7159999999999997
-47.794	-53.523	-49.667	3.801000000000002	-10.371	-9.758	2.748	-6.866000000000001	-1.682	-0.079	1.445	-2.365
19.316	23.284	22.948	-3.8000000000000007	-5.097	-7.657	-8.293	2.8779999999999992	5.971	3.801	9.819	-0.8390000000000004
-1.574	0.025	9.976	-6.5745000000000005	6.403	4.931	11.103	-1.6139999999999999	-0.512	-1.587	-10.747	5.654999999999999
34.349	26.782	23.435	9.240499999999997	-3.126	-0.547	-10.64	2.4675000000000007	-1.326	1.754	11.674	-8.04
39.329	38.112	34.832	2.8569999999999993	13.584	1.356	6.883	9.4645	12.301	7.881	4.595	6.063000000000001
33.277	40.813	33.87	-4.064499999999995	10.552	7.483	4.84	4.390499999999999	12.659	9.258	6.071	4.994500000000001
36.43	36.414	36.376	0.035000000000003695	9.468	11.424	3.02	2.2460000000000004	8.208	11.898	7.045	-1.2634999999999987
20.623	20.057	10.788	5.200500000000002	-17.52	-17.376	-25.317	3.8264999999999993	-12.985	-9.935	-9.657	-3.189
12.818	15.654	20.203	-5.1105	-13.253	-13.34	-17.442	2.138	0.674	-7.066	-11.124	9.769
13.974	13.28	19.512	-2.4220000000000006	-16.626	-11.437	-17.372	-2.2215000000000025	1.12	-3.058	-9.919	7.6085
-19.549	-20.059	-26.252	3.6065000000000005	-4.905	0.692	4.828	-7.665000000000001	11.365	9.024	9.246	2.2300000000000004
-21.071	-22.341	-20.827	0.5130000000000017	-3.769	2.849	-1.003	-4.692	16.329	13.422	12.095	3.570499999999999
-18.875	-15.945	-18.062	-1.8714999999999975	-18.68	-14.118	-13.506	-4.8679999999999986	-13.691	-8.64	-6.435	-6.153500000000001
-31.143	-30.504	-28.832	-1.4750000000000014	-0.657	5.209	5.97	-6.246499999999999	1.235	6.239	5.782	-4.7755
41.952	41.921	44.975	-1.4960000000000022	-16.022	-22.648	-28.371	9.4875	3.159	0.972	-5.559	5.4525
53.674	54.51	41.932	5.452999999999996	-2.177	-2.467	-20.439	9.276	-0.31	-3.077	1.701	0.37799999999999995
-22.66	-20.57	-21.108	-1.8210000000000015	-8.955	-9.494	-8.201	-0.10749999999999993	-9.967	-11.957	-19.252	5.637499999999999
-23.713	-22.012	-21.248	-2.0829999999999984	3.598	-6.813	-8.59	11.299499999999998	-7.765	-10.653	-12.796	3.9594999999999994
-24.836	-23.162	-23.148	-1.6809999999999974	-7.532	-4.196	-2.243	-4.3125	-7.2	-13.44	-9.266	4.153
20.45	16.966	19.764	2.0849999999999973	6.792	5.105	4.76	1.8594999999999997	-2.598	-2.697	-5.7	1.6005000000000003
11.866	15.682	13.254	-2.6020000000000003	5.783	9.128	13.547	-5.5545	26.942	22.278	14.552	8.527000000000001
15.431	13.839	13.226	1.8984999999999985	8.095	8.067	10.257	-1.0669999999999984	20.0	25.138	17.162	-1.1499999999999986
48.878	50.041	41.538	3.0885000000000034	-1.992	-3.77	-4.878	2.332	-18.73	-23.067	-23.506	4.5565
49.713	49.653	46.613	1.5800000000000054	5.177	1.019	-6.663	7.999	-11.702	-19.477	-23.986	10.0295
40.877	42.86	48.98	-5.042999999999999	0.956	8.447	3.898	-5.2165	-11.185	-9.096	-15.3	1.013
7.183	1.249	-6.959	10.038	24.754	14.039	6.572	14.448500000000001	20.932	23.096	11.067	3.8505000000000003
40.538	32.786	30.032	9.128999999999998	-16.775	-18.731	-14.82	0.0005000000000023874	-0.408	-7.924	-4.866	5.986999999999999
-1.538	-3.188	-1.251	0.6815	2.976	7.964	10.058	-6.034999999999999	8.362	7.49	4.981	2.1265
-6.554	-2.595	-2.221	-4.146	3.942	12.506	5.965	-5.2935	1.008	-3.377	7.999	-1.303
-5.086	-6.583	-2.001	-0.7940000000000005	3.161	1.295	9.989	-2.4810000000000003	-2.29	3.127	0.178	-3.9425
-19.547	-23.589	-22.452	3.473499999999998	-2.096	-3.914	-9.415	4.568499999999999	-13.633	-11.816	-1.908	-6.770999999999999
-6.755	-10.191	-24.911	10.796000000000003	4.702	12.515	7.443	-5.276999999999999	19.274	17.892	19.81	0.4230000000000018
-3.344	-3.458	-8.587	2.6785	15.909	14.091	9.408	4.159500000000001	19.559	12.309	12.4	7.204500000000001
19.495	13.201	8.483	8.653	-3.264	-4.3	-0.562	-0.8329999999999997	9.746	5.89	8.303	2.6494999999999997
27.302	26.378	26.575	0.8254999999999981	16.146	21.297	10.964	0.015499999999999403	7.635	8.619	7.222	-0.28550000000000075
19.387	18.063	21.351	-0.3200000000000003	-0.12	5.687	12.167	-9.046999999999999	-3.702	7.67	7.129	-11.1015
-0.842	7.518	9.813	-9.5075	14.942	5.24	-18.237	21.4405	-10.921	-7.386	3.582	-9.018999999999998
7.0	1.891	-2.47	7.2895	5.758	10.568	9.803	-4.427500000000001	-21.332	-18.423	-16.658	-3.791499999999999
-3.709	-0.945	-3.54	-1.4665	-13.405	-3.329	1.154	-12.317499999999999	5.319	11.205	10.258	-5.4125000000000005
0.407	-1.636	-2.332	2.391	-24.925	-11.827	-11.502	-13.2605	11.165	8.792	7.829	2.8545
-26.273	-25.613	-24.097	-1.4179999999999993	13.817	0.768	10.553	8.1565	2.986	-1.874	1.769	3.0385000000000004
21.535	24.963	27.301	-4.596999999999998	-6.575	-9.91	-12.489	4.6245	-22.986	-23.921	-23.8	0.8745000000000012
2.069	4.437	10.114	-5.206500000000001	0.291	2.827	5.571	-3.908	2.931	6.558	14.994	-7.845
0.616	-0.093	4.136	-1.4055	-8.776	1.126	2.177	-10.4275	1.705	7.399	5.398	-4.6935
-6.392	2.2	0.163	-7.5735	0.013	-2.59	-1.798	2.207	6.895	0.536	5.586	3.8339999999999996
19.468	19.057	7.285	6.297000000000001	-6.797	-12.369	-15.684	7.229499999999999	8.318	8.479	17.452	-4.647500000000001
20.933	23.574	18.697	-0.20250000000000057	2.92	4.564	-1.054	1.165	8.353	5.014	6.097	2.7974999999999994
33.487	40.087	50.467	-11.79	1.301	1.213	-1.879	1.634	-0.757	4.669	5.704	-5.943499999999999
35.233	36.557	40.586	-3.3385000000000034	10.828	6.486	-0.567	7.868499999999999	-0.831	-1.32	3.62	-1.9809999999999999
-8.542	-2.793	-5.369	-4.461	13.046	17.741	14.865	-3.2570000000000014	-13.231	-18.395	-18.107	5.019999999999998
-20.226	-17.235	-17.306	-2.9555000000000007	-14.517	-6.418	-1.499	-10.558499999999999	12.66	9.974	2.718	6.314
-19.372	-11.46	-8.933	-9.1755	-24.337	-12.425	-16.752	-9.7485	2.241	6.673	1.944	-2.0675000000000003
-7.722	-3.679	0.275	-6.0200000000000005	23.42	18.313	8.899	9.814000000000004	-11.814	-14.61	-3.658	-2.6799999999999997
-2.92	-1.485	-2.958	-0.6984999999999997	-17.89	-16.583	-26.513	3.6580000000000013	-5.499	-4.592	-3.951	-1.2275
59.82	60.531	65.398	-3.1445000000000007	16.985	4.32	-3.822	16.736	0.348	9.561	8.236	-8.5505
62.341	56.983	57.522	5.088500000000003	17.042	12.298	11.214	5.286000000000001	7.004	2.417	1.035	5.278
-22.0	-16.555	-14.47	-6.487500000000001	7.509	2.429	-9.235	10.911999999999999	7.497	6.488	-1.503	5.0045
-16.709	-19.586	-22.794	4.480999999999998	0.912	1.934	6.972	-3.5410000000000004	-5.844	-5.222	-0.324	-3.071
-18.381	-18.954	-11.742	-3.0329999999999995	11.607	12.56	16.563	-2.9544999999999995	4.231	1.726	1.564	2.586
-15.101	-22.256	-29.305	10.679499999999999	-0.966	-1.59	-9.482	4.569999999999999	-6.653	-4.866	10.309	-9.3745
21.156	18.327	9.407	7.288999999999998	-5.394	-4.778	-2.099	-1.9555000000000002	6.056	6.996	8.062	-1.4729999999999999
21.802	20.541	13.406	4.828499999999998	-5.72	-5.0	-2.547	-1.9464999999999995	8.069	6.074	7.41	1.3270000000000008
36.671	39.066	44.471	-5.097500000000004	-3.902	-7.86	-11.292	5.674	25.094	22.34	19.41	4.219000000000001
35.945	35.978	36.947	-0.5175000000000054	-4.278	-6.987	-5.067	1.7490000000000006	22.25	21.708	23.69	-0.44899999999999807
-45.107	-39.364	-45.258	-2.7959999999999994	2.473	1.307	-3.524	3.5815	-12.538	-12.515	-3.928	-4.3165
4.154	2.625	-3.425	4.554	38.831	46.487	23.838	3.6685000000000016	4.356	-0.385	-7.517	8.307
8.817	12.895	6.772	-1.0165000000000006	8.379	4.369	-4.213	8.301	-8.927	-13.862	-19.064	7.536000000000001
-3.304	-14.725	-13.54	10.8285	-0.579	-11.932	-4.829	7.8015	16.153	23.342	23.171	-7.1035
-9.064	-11.05	-5.666	-0.7059999999999995	-17.675	-5.099	0.765	-15.508000000000001	7.683	11.879	17.148	-6.830500000000001
20.355	22.069	16.693	0.9740000000000002	12.054	9.539	3.573	5.498	32.17	29.458	26.352	4.265000000000001
22.736	23.795	17.954	1.8614999999999995	7.176	5.588	10.532	-0.8840000000000003	43.475	36.905	33.607	8.219000000000001
22.564	21.812	23.238	0.03900000000000148	28.677	15.871	6.234	17.624499999999998	38.957	43.415	38.387	-1.9439999999999955
47.278	49.598	52.708	-3.875	19.166	9.205	4.171	12.478	3.548	-1.948	-2.546	5.795
46.078	50.286	50.667	-4.3984999999999985	17.693	12.398	7.359	7.8145000000000024	6.918	-1.718	-1.726	8.64
0.161	-3.157	1.451	1.014	25.181	19.02	18.19	6.5760000000000005	-16.745	-15.571	-23.014	2.5474999999999994
-8.818	-5.594	-3.52	-4.260999999999999	-4.5	6.365	13.391	-14.378	1.473	9.72	4.696	-5.735
-7.003	-2.339	-7.337	-2.165	1.005	4.787	-0.863	-0.9570000000000001	10.479	1.863	1.425	8.834999999999999
1.888	-5.01	-4.216	6.5009999999999994	1.069	2.812	0.924	-0.7989999999999999	-1.773	9.019	-2.321	-5.122
-7.269	-8.999	-4.352	-0.5934999999999997	1.177	-0.788	3.03	0.05600000000000005	15.715	8.83	3.606	9.497
11.825	18.541	21.266	-8.078500000000002	-3.846	-2.725	-3.136	-0.9154999999999998	10.369	11.933	14.538	-2.8665000000000003
8.817	17.451	20.336	-10.0765	-3.45	-2.752	-4.84	0.34599999999999964	13.61	9.248	13.943	2.0145
-52.952	-53.428	-53.979	0.7515000000000001	0.811	7.866	3.879	-5.0615	6.716	1.909	5.171	3.176
0.189	6.757	-3.87	-1.2544999999999997	4.497	8.854	6.313	-3.086499999999999	24.427	18.171	15.964	7.359500000000001
7.973	10.483	4.009	0.7269999999999994	15.26	9.464	3.998	8.529	14.397	15.133	19.522	-2.9305000000000003
15.396	15.083	11.521	2.094000000000001	3.615	4.303	11.363	-4.218	-9.044	-16.942	-18.058	8.456
21.07	32.263	23.465	-6.793999999999997	4.284	10.671	-3.986	0.9415000000000004	0.378	-5.353	0.858	2.6255
6.919	13.689	29.373	-14.611999999999998	8.615	3.914	8.654	2.3310000000000004	2.267	5.068	-3.875	1.6705
2.436	5.372	12.526	-6.513	4.8	10.367	4.7	-2.7335000000000003	-1.945	-0.852	4.114	-3.576
-3.349	4.467	9.021	-10.093	-1.713	7.806	6.918	-9.075	-2.781	-2.031	3.468	-3.4995000000000003
-3.277	0.051	6.232	-6.4185	-8.592	1.767	9.001	-13.975999999999999	-4.364	-2.399	0.763	-3.546
-0.854	-3.435	-0.179	0.953	-9.639	-12.766	0.152	-3.331999999999999	-2.124	-4.578	-2.841	1.5855000000000001
-41.702	-44.046	-42.064	1.3530000000000015	-26.385	-22.314	-18.412	-6.022000000000002	-11.361	-6.971	-6.909	-4.421000000000001
-39.468	-35.775	-43.253	0.04599999999999227	7.37	15.922	17.855	-9.5185	-10.277	-13.999	-10.833	2.139000000000001
-27.624	-35.923	-38.457	9.565999999999999	9.962	8.383	17.219	-2.8390000000000004	-11.935	-12.319	-13.365	0.907
-30.935	-28.366	-35.556	1.0259999999999998	4.195	10.204	11.08	-6.446999999999999	-5.035	-10.724	-13.221	6.9375
-36.308	-33.447	-29.457	-4.855999999999998	2.581	3.325	2.103	-0.13300000000000045	-11.193	-9.846	-9.156	-1.6919999999999984
9.157	15.128	21.551	-9.182500000000001	12.392	14.579	18.661	-4.2280000000000015	17.978	10.704	-3.939	14.595500000000001
-25.898	-23.879	-20.059	-3.9289999999999985	10.76	3.033	6.183	6.152	-12.641	-1.087	-5.325	-9.435
-22.538	-25.444	-21.434	0.9009999999999998	17.966	10.805	1.82	11.653500000000001	-17.772	-11.084	-1.077	-11.691499999999998
-20.245	-16.202	-23.282	-0.5030000000000001	2.263	7.996	13.755	-8.6125	-21.724	-22.778	-16.535	-2.067499999999999
-25.338	-21.752	-18.141	-5.391500000000001	2.1	1.209	7.376	-2.1925000000000003	-27.329	-24.004	-21.093	-4.7805
-32.485	-33.424	-31.662	0.05799999999999983	-17.048	-13.819	-9.442	-5.417499999999997	9.389	15.403	19.198	-7.9115
-35.954	-32.038	-32.332	-3.7689999999999984	-14.116	-12.132	-18.8	1.3500000000000014	-3.117	-1.088	6.996	-6.071
0.02	-2.585	-0.117	1.371	1.89	-2.619	8.747	-1.1740000000000002	1.935	5.601	-5.629	1.9489999999999998
2.198	0.142	-1.33	2.792	11.145	6.062	1.405	7.411499999999999	3.858	2.098	1.743	1.9375
-2.085	2.527	-1.907	-2.395	3.887	12.139	-1.409	-1.4779999999999993	7.948	2.475	4.186	4.617500000000001
6.181	-5.874	-21.09	19.663	17.182	10.115	6.708	8.770499999999998	-16.747	-9.291	1.087	-12.645
14.889	10.051	14.082	2.822499999999998	-16.959	-18.683	-21.378	3.0715000000000003	20.021	18.997	13.441	3.8019999999999996
20.054	15.823	11.483	6.400999999999998	14.374	-0.241	-18.55	23.7695	23.365	20.958	19.203	3.2844999999999978
-1.705	-4.425	-6.66	3.8375000000000004	-13.268	-20.467	-3.662	-1.2035000000000018	3.53	3.028	10.718	-3.3430000000000004
-7.145	1.016	2.837	-9.0715	-12.294	4.01	-4.593	-12.002500000000001	9.46	9.484	6.035	1.7005000000000008
17.56	15.952	7.818	5.674999999999999	7.519	6.891	-2.334	5.2405	-4.513	-2.728	-5.347	-0.47549999999999937
4.597	6.523	10.334	-3.8314999999999992	-17.365	-15.286	2.595	-11.019499999999999	1.416	-3.38	-0.071	3.1414999999999997
19.483	18.716	16.534	1.8580000000000005	4.794	12.834	5.392	-4.319	9.549	10.46	13.377	-2.369500000000002
23.146	19.692	18.986	3.807000000000002	12.139	12.349	9.888	1.0204999999999984	6.154	4.056	10.161	-0.9544999999999995
-0.743	-3.413	6.335	-2.204	-3.268	-13.782	1.496	2.875	6.598	16.056	17.797	-10.328500000000002
0.136	0.323	1.053	-0.5519999999999999	-5.406	-6.772	-5.244	0.6020000000000003	9.616	11.706	7.988	-0.23099999999999987
-30.394	-33.134	-34.079	3.2124999999999986	-1.067	-7.515	-4.467	4.9239999999999995	14.794	14.821	19.312	-2.272500000000001
-45.789	-40.306	-35.694	-7.7890000000000015	-14.681	-11.524	-6.894	-5.4719999999999995	12.112	13.666	18.913	-4.1775
-6.606	-10.297	-7.835	2.460000000000001	6.474	-6.743	-10.774	15.2325	-25.833	-18.614	-17.35	-7.850999999999999
-8.879	-11.768	-8.478	1.2440000000000015	-8.92	-5.775	0.013	-6.039	8.774	12.12	12.635	-3.6035000000000004
-24.364	-19.211	-14.078	-7.7195	7.114	5.178	-3.452	6.2509999999999994	14.812	15.744	11.281	1.2995
-21.954	-24.184	-22.383	1.3294999999999995	11.98	10.903	7.044	3.006500000000001	20.998	19.38	15.439	3.5885
-47.591	-46.299	-45.467	-1.7080000000000055	-0.157	-4.952	-10.401	7.5195	6.701	11.863	11.744	-5.1025
25.321	20.02	11.48	9.571000000000002	11.119	-0.277	-3.893	13.204	18.311	20.774	20.197	-2.174500000000002
20.023	22.205	28.386	-5.272499999999997	4.425	16.421	20.752	-14.1615	31.415	22.654	21.68	9.247999999999998
32.216	27.507	19.095	8.915	10.298	6.999	9.809	1.8940000000000001	1.74	9.732	17.025	-11.638499999999999
35.118	33.799	27.757	4.340000000000003	12.044	11.497	7.918	2.336500000000001	1.306	-1.355	10.442	-3.2375
35.786	33.225	30.964	3.691500000000005	11.987	4.685	7.997	5.646000000000001	4.273	0.509	-0.312	4.1745
11.176	12.84	1.656	3.928	0.231	1.919	0.624	-1.0405	-3.163	-4.171	-1.389	-0.38299999999999956
9.857	12.448	5.241	1.0124999999999993	3.426	1.741	-1.867	3.489	-3.553	-3.816	-2.935	-0.1775000000000002
5.233	-6.109	-2.92	9.747499999999999	-3.657	-13.366	-7.303	6.6775	-8.639	-10.321	-23.303	8.173000000000002
3.804	0.267	-1.397	4.369	13.302	-0.897	-3.909	15.705	-13.851	-12.984	-5.938	-4.390000000000001
5.977	3.498	1.667	3.3945000000000003	27.468	19.187	23.429	6.16	0.282	-4.054	-11.013	7.8155
5.732	10.073	5.894	-2.2515	27.059	27.155	24.323	1.3200000000000003	2.227	1.357	0.258	1.4194999999999998
-27.389	-23.635	-24.857	-3.142999999999997	-1.617	-8.038	-8.747	6.7755	2.381	2.803	9.412	-3.7265
-5.744	-4.56	-1.944	-2.492	-7.738	-6.999	-4.259	-2.109000000000001	-16.062	-15.442	-7.913	-4.384500000000001
-1.624	0.571	1.866	-2.8425000000000002	11.907	12.761	7.989	1.532	-13.653	-14.718	-28.924	8.167999999999997
-43.973	-43.79	-51.018	3.4309999999999974	24.233	13.221	1.121	17.062	-14.036	-9.97	2.577	-10.3395
-8.854	-5.233	-6.863	-2.805999999999999	15.355	5.838	4.632	10.120000000000001	-21.883	-20.605	-15.743	-3.7089999999999996
-19.847	-23.222	-21.049	2.288499999999999	12.639	8.712	8.536	4.015000000000001	10.887	8.83	2.23	5.357
-21.266	-18.937	-22.471	-0.5619999999999976	7.902	15.378	8.473	-4.023499999999999	8.34	8.163	7.95	0.2835000000000001
-15.063	-18.853	-18.857	3.792	5.132	4.582	6.808	-0.5630000000000006	3.545	7.159	7.567	-3.8179999999999996
28.062	22.332	10.215	11.788500000000003	11.627	11.396	7.749	2.054500000000001	5.862	-9.46	-0.824	11.004000000000001
19.513	20.078	25.981	-3.516499999999997	24.889	15.332	15.383	9.5315	15.75	12.516	4.438	7.273
47.599	50.142	47.433	-1.1885000000000048	2.251	7.314	-13.081	5.134499999999999	1.99	0.971	4.169	-0.5799999999999998
-31.12	-25.605	-19.508	-8.563500000000001	4.586	4.079	8.853	-1.879999999999999	-9.422	-4.449	-7.309	-3.543000000000001
-21.565	-19.992	-24.611	0.7364999999999995	-11.061	-12.009	2.709	-6.411	-4.841	-6.332	-13.1	4.874999999999999
10.566	5.255	5.89	4.993500000000001	-5.966	-8.821	-5.11	0.9995000000000003	-6.06	-6.423	-6.669	0.48599999999999977
10.404	8.81	4.82	3.5889999999999995	-0.55	-3.616	-8.331	5.4235	-3.766	-6.013	-5.581	2.0310000000000006
18.864	19.048	20.812	-1.065999999999999	-20.205	-24.001	-24.335	3.963000000000001	12.272	6.416	13.737	2.195500000000001
-19.489	-19.083	-17.462	-1.2165	8.741	3.511	0.905	6.5329999999999995	4.835	8.573	9.524	-4.213500000000001
-10.678	-13.415	-18.43	5.244499999999999	27.563	21.596	11.342	11.093999999999998	4.293	0.41	3.376	2.4000000000000004
-5.623	-13.338	-9.06	5.576	15.462	11.846	11.606	3.7360000000000007	-29.205	-19.618	-16.233	-11.279499999999999
20.11	18.044	17.073	2.551499999999997	10.981	7.028	-2.357	8.6455	-16.704	-21.741	-26.304	7.3185
12.13	5.516	7.202	5.771000000000001	-0.551	-8.402	-1.163	4.2315	-15.833	-16.442	-16.626	0.7009999999999987
20.698	16.014	5.242	10.07	21.962	13.236	-7.987	19.3375	-13.918	-18.048	-17.094	3.6529999999999987
13.603	17.14	14.963	-2.448500000000001	29.272	25.837	10.468	11.119499999999999	-6.732	-8.297	-17.088	5.960500000000001
-11.871	-21.671	-27.052	12.490499999999999	-43.387	-37.507	-25.173	-12.047000000000004	14.927	14.386	7.546	3.9610000000000003
2.242	-11.864	-8.204	12.276	5.464	-0.782	-0.423	6.0665000000000004	-1.177	5.317	-5.614	-1.0285000000000002
12.684	20.134	25.778	-10.272	16.288	14.522	1.799	8.1275	-2.943	-5.145	-5.316	2.287499999999999
-28.062	-23.206	-18.502	-7.208000000000002	-15.049	-18.009	-9.635	-1.2270000000000003	-5.433	-6.21	1.891	-3.2735
20.802	19.978	15.441	3.0924999999999976	-19.124	-18.512	-5.13	-7.302999999999999	6.373	7.322	10.156	-2.3660000000000005
19.382	21.307	23.976	-3.259499999999999	-0.62	1.37	-6.832	2.1109999999999998	-5.979	-0.433	-3.997	-3.7640000000000002
-30.34	-32.201	-35.782	3.651500000000002	-11.92	-16.328	-16.416	4.452	-13.606	-14.814	-6.923	-2.737499999999999
-4.085	-2.955	3.088	-4.1515	2.881	1.678	1.277	1.4034999999999997	2.21	-1.103	-3.338	4.4305
-0.832	-2.545	0.695	0.09300000000000008	18.11	13.805	22.466	-0.025500000000000966	-13.985	-9.064	-8.319	-5.293499999999998
9.346	15.618	21.535	-9.2305	-3.308	6.925	27.69	-20.6155	2.557	-0.642	-8.643	7.1995000000000005
17.828	12.386	20.873	1.1984999999999992	3.126	-1.502	23.943	-8.094500000000002	-0.399	1.421	-5.67	1.7254999999999998
21.964	21.29	29.785	-3.573500000000003	9.009	6.883	10.199	0.46799999999999997	6.179	6.803	-1.766	3.6605000000000003
-30.747	-30.209	-20.836	-5.224499999999999	7.757	3.581	-1.0	6.4665	11.097	6.001	0.618	7.7875
28.925	31.967	19.12	3.381499999999999	5.969	13.272	3.305	-2.3195000000000006	5.496	-5.309	-9.024	12.6625
14.367	12.459	18.725	-1.2249999999999996	5.105	-7.057	-14.3	15.7835	13.663	9.484	2.488	7.6770000000000005
9.397	14.957	8.762	-2.4625000000000004	-10.522	1.549	-16.014	-3.2895000000000003	13.471	11.339	9.814	2.8945000000000007
-2.275	-4.847	-0.597	0.4470000000000005	-8.823	-6.099	3.071	-7.309	-4.593	5.326	3.687	-9.099499999999999
16.673	24.134	20.216	-5.5020000000000024	0.258	2.455	5.644	-3.7915	0.519	-6.979	-0.982	4.4995
17.789	17.929	18.946	-0.6484999999999985	-9.928	-9.842	-8.611	-0.7014999999999993	-6.927	-6.163	-0.127	-3.7819999999999996
9.051	17.729	17.535	-8.580999999999998	-19.162	-9.185	-8.121	-10.508999999999999	6.359	1.632	-6.201	8.6435
-23.769	-27.206	-33.841	6.7545	5.635	3.146	-3.547	5.8355	1.778	0.385	10.495	-3.6619999999999995
-18.433	-19.067	-22.44	2.3205000000000027	-3.005	-0.336	0.777	-3.2255	21.153	21.508	20.284	0.2569999999999979
12.958	13.436	19.863	-3.6914999999999996	7.245	2.376	-5.877	8.9955	2.145	4.673	8.994	-4.6884999999999994
13.792	12.705	13.129	0.875	-4.791	-0.076	3.124	-6.315	0.411	4.062	3.392	-3.3160000000000003
-33.5	-36.303	-32.947	1.125	16.564	9.26	-0.82	12.344000000000001	-6.857	6.858	10.711	-15.6415
43.285	41.396	37.973	3.6004999999999967	-10.359	-12.405	-12.208	1.9474999999999998	-24.365	-26.387	-34.881	6.269000000000002
2.89	11.553	7.855	-6.814	-8.001	-4.976	-4.668	-3.1789999999999994	10.315	7.351	8.011	2.6340000000000003
-36.24	-39.176	-51.458	9.076999999999998	10.904	12.447	0.313	4.524	15.258	10.933	18.09	0.7464999999999993
-26.223	-24.271	-32.389	2.107000000000003	-3.377	10.819	9.476	-13.5245	3.373	-1.707	10.681	-1.113999999999999
-22.768	-26.428	-25.004	2.9480000000000004	-20.645	-11.82	9.812	-19.641	-5.069	2.483	0.347	-6.484
-22.992	-24.987	-24.922	1.9624999999999986	-15.355	-18.768	6.087	-9.0145	-4.461	-1.437	-0.013	-3.736
-25.509	-23.745	-25.5	-0.8864999999999981	-19.948	-17.947	-9.222	-6.363500000000002	2.923	-4.008	0.324	4.765000000000001
-22.378	-25.884	-24.8	2.9639999999999986	-21.169	-18.546	-16.317	-3.7375000000000007	4.595	-0.022	-0.795	5.0035
15.214	11.555	10.029	4.422000000000001	8.114	-0.396	4.395	6.114500000000001	14.514	21.11	15.547	-3.814499999999999
7.153	9.085	9.713	-2.2460000000000013	-0.116	3.815	9.105	-6.576	13.851	16.53	15.381	-2.1045
-51.704	-50.444	-53.192	0.11399999999999721	-31.528	-25.364	-24.912	-6.390000000000001	-2.104	0.547	2.817	-3.7860000000000005
7.193	3.883	9.546	0.47850000000000037	7.536	2.193	0.702	6.0885	-9.913	-1.908	-5.202	-6.3580000000000005
5.934	5.772	8.742	-1.3230000000000004	-12.505	-6.307	-4.607	-7.048	10.546	8.048	-6.584	9.814
27.718	29.211	34.971	-4.372999999999994	28.461	31.213	27.296	-0.7935000000000016	-8.96	-9.619	-13.777	2.7379999999999995
-17.476	-20.299	-26.667	6.0070000000000014	17.739	18.613	12.548	2.1585	12.282	6.7	12.208	2.8279999999999994
-22.399	-24.816	-19.541	-0.22050000000000125	12.246	8.939	18.438	-1.442499999999999	18.632	9.503	9.672	9.044500000000001
11.206	6.469	10.699	2.622	2.459	-5.654	-15.24	12.905999999999999	-15.268	-2.642	-5.365	-11.264500000000002
17.109	23.638	19.305	-4.362499999999997	-10.259	-11.517	-8.52	-0.24050000000000082	-8.529	-9.764	-4.284	-1.5050000000000008
8.686	7.117	15.515	-2.630000000000001	-19.165	-12.547	-7.882	-8.950499999999998	-0.285	3.563	-4.619	0.24299999999999983
-32.585	-30.489	-26.871	-3.905000000000001	6.203	7.447	3.39	0.7845000000000004	-3.372	-3.79	-3.933	0.48950000000000005
-29.828	-31.568	-28.983	0.44750000000000156	-2.096	3.679	8.575	-8.222999999999999	-8.103	-4.436	-4.97	-3.4000000000000004
-7.636	-4.87	-0.741	-4.830500000000001	18.432	14.541	10.378	5.972499999999998	6.301	-1.218	-4.894	9.357
16.229	12.622	10.124	4.855999999999998	-4.349	-7.494	10.403	-5.8035000000000005	11.995	10.951	13.831	-0.3960000000000008
-16.575	-15.545	-9.921	-3.8419999999999987	-2.448	0.458	4.919	-5.1365	12.209	18.104	21.25	-7.468
63.721	55.819	46.18	12.721499999999999	-4.735	-5.235	-22.551	9.157999999999998	-14.096	-15.733	-8.961	-1.7489999999999988
-14.28	-17.031	-10.95	-0.2895000000000003	14.878	13.113	19.45	-1.403500000000001	-12.009	-7.195	-10.485	-3.1690000000000005
-16.683	-17.138	-16.093	-0.067499999999999	11.726	12.657	13.398	-1.301499999999999	-7.726	-11.004	-8.646	2.0989999999999993
-5.777	-8.392	-11.446	4.142	-6.73	-6.045	11.087	-9.251000000000001	-14.881	-6.594	-9.379	-6.894500000000001
-9.237	-4.441	3.293	-8.663	-23.778	-21.701	-19.035	-3.4099999999999966	4.84	0.342	0.763	4.2875
-10.443	-8.79	0.974	-6.535	-30.1	-24.732	-20.114	-7.677	3.593	3.18	-0.12	2.0629999999999997
-18.701	-14.684	-9.341	-6.688500000000001	-25.003	-27.966	-26.521	2.240500000000001	10.564	6.791	3.317	5.51
-21.476	-20.111	-23.099	0.12900000000000134	1.844	4.848	-6.342	2.591	2.1	0.883	4.565	-0.6240000000000001
71.936	68.282	74.602	0.4939999999999998	16.971	11.742	16.412	2.894	-4.329	-1.249	-3.365	-2.0219999999999994
-24.433	-26.532	-23.828	0.7469999999999999	-3.345	-0.462	1.475	-3.8515	-0.618	2.599	2.584	-3.2095
-31.829	-36.671	-33.94	3.4764999999999944	10.762	2.33	-1.938	10.566	-1.991	-8.751	-7.635	6.202
-10.369	-5.563	-0.975	-7.1	-10.501	-8.458	-1.481	-5.531499999999999	0.645	-1.036	-2.512	2.419
11.376	4.22	-1.31	9.921	18.184	18.699	13.706	1.9815000000000005	7.394	6.923	-2.788	5.3265
30.715	31.493	29.962	-0.01249999999999929	-17.13	-22.001	-26.315	7.028000000000002	21.498	23.367	5.057	7.286000000000001
39.085	33.138	32.367	6.332500000000003	-9.657	-14.773	-19.245	7.352	15.153	23.875	21.908	-7.7385
57.425	45.806	33.831	17.606499999999997	-0.707	-3.683	-17.09	9.679499999999999	6.574	12.702	23.506	-11.53
52.879	55.787	34.562	7.704500000000003	-13.144	1.33	-13.59	-7.014	9.27	7.593	21.606	-5.329500000000001
47.257	55.734	40.155	-0.6875000000000071	-15.191	-5.208	-8.574	-8.3	13.045	7.797	17.33	0.4815000000000005
36.889	43.446	54.983	-12.325499999999998	-17.259	-16.611	-3.849	-7.029	8.014	14.835	8.242	-3.5245000000000015
35.804	39.768	52.15	-10.155000000000001	-19.003	-17.201	-9.914	-5.445499999999999	4.243	12.424	9.83	-6.883999999999999
35.078	28.079	22.554	9.761500000000005	12.661	6.723	-5.674	12.1365	10.204	5.276	-8.975	12.0535
28.579	24.602	29.259	1.6484999999999985	18.724	15.302	8.224	6.961	14.038	11.963	13.2	1.456500000000002
-47.615	-50.32	-50.842	2.966000000000001	-2.868	-5.956	-5.101	2.6605000000000003	-11.349	-7.667	1.545	-8.288
39.158	28.074	22.54	13.850999999999999	-11.471	-15.471	-14.381	3.455	-13.136	-0.422	-1.058	-12.395999999999999
46.822	46.747	34.266	6.3155	-4.682	-9.964	-12.97	6.785	-10.77	-12.318	-6.84	-1.190999999999999
50.574	44.14	46.646	5.180999999999997	17.415	4.293	-8.373	19.455	-10.791	-4.335	-11.909	-2.6690000000000005
7.61	11.832	13.903	-5.257499999999999	0.876	1.65	11.509	-5.7035	-7.541	-16.991	-12.938	7.423500000000001
-4.009	-2.969	2.478	-3.7635000000000005	-8.3	-5.909	0.289	-5.49	5.737	-0.982	1.31	5.573
-35.913	-35.456	-29.658	-3.3559999999999945	-2.732	-0.575	3.31	-4.099500000000001	4.926	9.377	11.916	-5.7204999999999995
-3.835	7.989	6.874	-11.2665	-12.586	-6.491	-5.384	-6.6485	2.581	1.577	-3.553	3.569
2.875	2.83	4.048	-0.5640000000000001	-7.065	-7.378	-8.522	0.8849999999999998	-6.313	-0.665	1.912	-6.9365
21.428	18.245	18.227	3.192	-1.149	-7.962	-1.802	3.7329999999999997	17.463	20.216	23.092	-4.190999999999999
5.918	4.462	12.676	-2.650999999999999	-4.289	-8.836	-10.543	5.400499999999999	-10.194	-8.888	-11.553	0.026500000000000412
11.613	11.066	7.564	2.2979999999999983	-4.392	-7.684	-4.251	1.5755	-2.851	-4.723	-8.459	3.7399999999999993
17.077	12.618	9.935	5.800500000000001	-6.152	-4.887	-5.098	-1.1595000000000004	-0.555	-3.438	-5.637	3.9824999999999995
-4.326	2.413	-7.462	-1.8014999999999999	0.287	1.377	-6.02	2.6085	-25.92	-25.917	-15.837	-5.042999999999999
-12.708	-8.563	-1.346	-7.7535	-3.829	-0.996	1.661	-4.1615	-25.416	-23.383	-26.051	-0.6990000000000016
-13.611	-16.935	-11.731	0.7219999999999978	11.079	6.079	-2.37	9.2245	-29.235	-28.092	-25.794	-2.2920000000000016
45.424	46.756	44.903	-0.4054999999999964	7.765	-0.497	-4.116	10.0715	2.666	0.31	8.125	-1.5515000000000003
54.018	48.039	46.439	6.778999999999996	28.794	17.379	-1.272	20.740499999999997	-2.285	4.352	0.106	-4.514
-40.552	-36.566	-28.177	-8.180500000000002	0.147	0.232	-5.756	2.909	-3.002	-5.117	-3.725	1.4190000000000005
-37.074	-37.688	-39.215	1.3775000000000048	-22.187	-22.989	-12.722	-4.331500000000002	2.443	0.629	-2.628	3.4425
24.166	21.463	21.889	2.4899999999999984	-13.941	-13.841	-2.771	-5.635000000000002	10.232	8.739	-0.539	6.131999999999999
-7.421	-11.729	-4.566	0.7264999999999988	10.842	4.15	6.394	5.57	-7.622	0.377	-7.137	-4.242
-2.601	-6.833	-8.894	5.2625	10.559	11.107	6.711	1.6500000000000004	-19.33	-21.387	-11.397	-2.937999999999999
-8.984	-3.773	-6.551	-3.822	6.592	12.176	10.722	-4.857	-15.591	-18.938	-20.604	4.1800000000000015
-13.833	-7.61	5.645	-12.8505	-21.961	-13.448	-4.593	-12.940499999999998	2.808	-2.596	-2.527	5.3695
39.968	45.868	46.644	-6.287999999999997	-10.453	-11.645	6.283	-7.772	22.825	19.669	16.663	4.658999999999999
-18.582	-17.371	-16.335	-1.7289999999999992	2.092	-3.311	-4.114	5.8045	2.731	0.534	2.848	1.04
-7.897	-3.372	-15.827	1.7024999999999988	11.203	13.54	10.126	-0.629999999999999	4.869	-2.006	9.895	0.9245000000000001
10.801	4.635	2.869	7.049	-9.816	-22.07	-19.185	10.811499999999997	8.799	18.167	23.757	-12.163000000000004
4.641	4.998	12.119	-3.9175000000000004	-26.66	-20.174	-12.387	-10.3795	-0.82	1.988	7.14	-5.384
-22.001	-21.539	-16.064	-3.1995000000000005	7.792	7.56	6.165	0.9295	-1.006	5.483	-2.571	-2.4619999999999997
-37.286	-30.161	-36.219	-4.096000000000004	7.696	10.332	0.09	2.4849999999999994	-17.596	-11.922	-2.716	-10.277
18.99	19.876	28.104	-5.0000000000000036	7.397	4.374	6.815	1.8025000000000002	11.441	9.247	7.774	2.9305000000000003
47.471	47.336	44.223	1.6914999999999978	-8.252	-9.489	-10.87	1.9275000000000002	4.83	-0.906	1.748	4.409
-25.366	-25.67	-20.969	-2.046499999999998	-4.853	-3.67	-16.426	5.1949999999999985	2.558	-0.169	9.859	-2.287
-16.415	-13.344	-20.594	0.554000000000002	10.827	10.836	10.271	0.2735000000000003	-9.864	-4.822	0.886	-7.896000000000001
0.527	-1.868	5.702	-1.3899999999999997	22.395	12.626	7.498	12.333	-20.116	-18.742	-18.399	-1.545499999999997
5.841	5.775	12.697	-3.3950000000000005	-2.824	-11.466	-4.277	5.047499999999999	-2.994	4.601	-0.886	-4.8515
22.17	16.341	10.862	8.5685	-11.778	-13.811	-11.824	1.0394999999999985	21.658	22.287	17.738	1.645500000000002
10.562	19.275	9.705	-3.927999999999999	-12.358	-8.284	-9.801	-3.3155	2.04	1.359	5.679	-1.479
13.544	10.637	17.114	-0.33150000000000013	4.773	-0.457	-9.314	9.6585	3.641	-1.767	2.478	3.2855
16.616	10.883	12.003	5.173	-9.938	-0.623	3.04	-11.1465	6.106	6.277	0.446	2.7445
16.009	12.973	12.788	3.128499999999999	-25.589	-4.226	3.902	-25.427	3.242	6.012	2.795	-1.1614999999999993
10.667	15.908	11.697	-3.1354999999999986	-22.774	-20.711	0.861	-12.849000000000002	2.226	3.172	6.514	-2.617
-26.494	-20.792	-31.59	-0.30299999999999727	-5.167	3.081	-7.703	-2.856	8.346	4.274	17.083	-2.3324999999999996
-21.806	-21.209	-24.031	0.8139999999999965	10.223	2.871	-1.436	9.505500000000001	-26.255	-32.311	-28.119	3.960000000000001
-12.421	0.526	0.636	-13.001999999999999	12.578	12.551	11.901	0.3520000000000003	0.268	0.5	-3.171	1.6035
11.957	16.868	0.276	3.3850000000000016	8.855	11.746	0.838	2.5630000000000006	12.173	2.732	-3.632	12.623
8.749	12.639	11.652	-3.396499999999998	1.898	9.319	9.353	-7.438000000000001	18.168	11.872	-0.921	12.692499999999999
31.936	25.84	9.852	14.09	17.473	8.065	4.405	11.238	13.399	14.213	15.773	-1.5939999999999994
-24.772	-24.55	-25.874	0.4400000000000013	13.935	7.698	9.032	5.57	2.736	0.616	4.708	0.07400000000000029
-30.339	-35.621	-28.005	1.4740000000000038	-8.823	-13.086	1.229	-2.8945000000000007	-2.408	-4.205	3.055	-1.833
-20.461	-29.198	-34.102	11.189	-8.174	-10.645	-11.665	2.981	10.082	5.987	-3.83	9.0035
-13.05	-17.958	-18.116	4.986999999999998	10.163	1.305	7.201	5.91	5.644	9.438	6.118	-2.1340000000000003
21.636	20.965	36.563	-7.128000000000004	-16.286	-22.837	-15.288	2.7764999999999986	11.7	15.001	10.097	-0.8490000000000002
-7.515	-9.697	-8.133	1.3999999999999995	11.012	8.957	7.825	2.6210000000000004	16.166	22.006	20.272	-4.972999999999999
-4.893	-8.812	-9.362	4.194	12.398	9.14	10.173	2.7414999999999985	-0.989	18.784	20.424	-20.593
40.931	37.654	33.298	5.454999999999998	22.908	9.564	4.973	15.639500000000002	-6.595	-4.668	-5.943	-1.2894999999999994
42.527	44.735	43.661	-1.6709999999999994	34.978	27.332	23.551	9.536500000000004	-9.11	-9.539	-9.21	0.26450000000000173
-1.294	-2.742	-6.09	3.1220000000000003	9.674	5.284	11.552	1.2560000000000002	-9.266	-7.072	-14.041	1.2904999999999998
1.736	-1.349	-4.01	4.4155	21.964	14.35	4.339	12.619499999999999	-2.117	-5.002	-7.261	4.0145
27.279	27.746	32.764	-2.9760000000000026	-0.886	0.703	1.456	-1.9655	-7.707	-11.305	-11.066	3.4785000000000013
39.55	35.935	35.495	3.8349999999999937	4.487	-4.436	-18.066	15.738	-1.952	-1.199	4.44	-3.5725000000000002
29.919	34.02	22.557	1.6305000000000014	4.595	2.643	-2.519	4.5329999999999995	-9.785	-9.852	-13.636	1.9589999999999996
9.202	13.08	27.597	-11.1365	-5.829	2.766	18.815	-16.619500000000002	-17.745	-10.816	-2.793	-10.9405
0.115	5.1	7.396	-6.132999999999999	-5.01	-7.73	-5.519	1.6145000000000005	12.327	11.568	6.038	3.523999999999999
11.692	9.857	6.834	3.3465000000000007	10.884	2.821	0.69	9.1285	8.606	13.517	9.498	-2.9015000000000004
8.191	16.628	13.548	-6.897	1.107	3.992	3.566	-2.6719999999999997	20.584	15.841	8.509	8.408999999999999
25.039	27.142	29.922	-3.4929999999999986	-6.449	-8.466	5.743	-5.0875	1.928	5.079	7.394	-4.3084999999999996
-20.126	-19.457	-19.488	-0.6535000000000011	-3.111	3.681	1.771	-5.837	5.873	-1.806	5.486	4.033
16.186	2.103	6.11	12.0795	10.52	6.482	9.376	2.5909999999999993	-10.885	-17.193	-13.938	4.6805
21.629	4.52	4.985	16.8765	5.922	-3.718	-3.521	9.5415	10.17	20.436	14.866	-7.481
39.821	44.148	26.011	4.741499999999995	13.219	9.118	5.461	5.929499999999999	13.82	17.237	9.508	0.44750000000000156
22.422	25.735	38.899	-9.895	-3.388	1.898	15.1	-11.887	12.291	9.082	9.064	3.218
20.569	14.67	31.966	-2.7490000000000023	-5.108	-13.554	-12.494	7.916000000000001	16.392	11.113	-7.84	14.7555
9.934	16.498	16.636	-6.633000000000001	-8.553	-4.398	-10.739	-0.9845000000000006	10.362	10.046	12.872	-1.0969999999999995
1.876	5.886	5.185	-3.6595	-6.462	-15.056	-11.513	6.8225	-2.343	-1.826	2.627	-2.7435
-5.318	-10.535	3.552	-1.8264999999999993	-8.036	-5.481	-12.923	1.1660000000000004	3.908	4.779	2.598	0.21950000000000003
-6.462	-15.135	-6.914	4.5625	-6.113	-17.015	-15.732	10.2605	-9.102	1.65	-0.698	-9.578
2.667	10.032	18.679	-11.6885	-4.076	-0.145	7.004	-7.5055	-3.551	-8.916	-6.028	3.9209999999999994
-1.09	3.743	14.593	-10.258	-4.257	-2.762	2.706	-4.228999999999999	-1.647	-4.691	-8.769	5.083
7.311	4.45	1.302	4.435	-20.933	-15.117	-3.994	-11.3775	-5.427	-3.234	-3.145	-2.2375
19.15	22.176	27.707	-5.791499999999999	6.989	6.727	0.556	3.3474999999999997	5.778	5.494	0.987	2.5374999999999996
29.788	30.543	22.999	3.0169999999999995	29.226	19.363	4.561	17.264	-2.124	0.051	7.623	-5.961
28.788	32.01	24.365	0.6005000000000003	33.67	25.891	8.884	16.282500000000002	-1.979	-2.598	7.233	-4.2965
-35.806	-31.523	-33.694	-3.197499999999998	-6.312	-2.565	-2.029	-4.015000000000001	18.938	13.428	7.186	8.630999999999998
48.257	50.45	49.019	-1.4774999999999991	-0.151	-5.17	-18.708	11.788	-2.033	-4.592	-7.569	4.047499999999999
45.843	49.495	48.632	-3.220499999999994	7.695	-0.778	-13.789	14.9785	4.439	-3.494	-5.923	9.1475
-8.398	-6.523	-6.623	-1.8249999999999993	-0.146	4.06	3.188	-3.7699999999999996	0.109	0.055	7.341	-3.589
7.486	3.166	-3.366	7.586	7.109	8.727	-1.33	3.4105	-4.067	-10.505	-18.244	10.307500000000001
16.244	12.056	2.138	9.147	12.491	7.921	7.003	5.029	-5.525	-8.142	-9.99	3.5409999999999986
0.762	3.524	6.094	-4.047000000000001	-14.916	-9.124	7.453	-14.0805	-8.344	-6.656	-5.603	-2.2144999999999992
9.324	8.046	2.406	4.098	14.085	11.66	-10.006	13.258000000000001	10.979	10.555	7.705	1.8490000000000002
50.075	51.923	61.95	-6.8614999999999995	-13.712	-14.799	-9.444	-1.5904999999999987	-0.092	-1.348	-4.993	3.0785
-7.034	-2.824	0.8	-6.022	10.117	7.521	12.739	-0.0129999999999999	9.456	10.633	12.287	-2.0040000000000013
-9.397	-6.727	-2.835	-4.616	7.805	11.424	8.631	-2.2225	6.214	5.395	9.595	-1.2809999999999997
-17.358	-18.151	-12.75	-1.9075000000000006	3.762	1.392	7.549	-0.7085000000000004	-10.853	-4.35	4.405	-10.8805
-18.47	-17.809	-17.864	-0.633499999999998	1.055	0.407	2.51	-0.40349999999999997	-10.526	-10.91	-5.041	-2.5504999999999995
2.632	1.035	8.543	-2.1569999999999996	18.596	13.273	11.592	6.163499999999999	6.334	1.792	-9.117	9.996500000000001
45.442	40.33	38.978	5.788000000000004	-15.199	-20.559	-27.562	8.861500000000001	-9.694	-8.837	-0.039	-5.256000000000001
49.315	52.88	48.248	-1.2490000000000023	7.832	-1.437	-16.01	16.555500000000002	-10.589	-14.025	-15.228	4.0375
-24.157	-23.119	-19.923	-2.6359999999999992	-5.714	-6.911	15.142	-9.8295	-3.505	-0.08	3.094	-5.012
-6.605	-8.496	-18.035	6.660499999999999	-1.422	-6.928	-8.251	6.1674999999999995	-1.527	-5.681	-4.24	3.4334999999999996
-14.754	-17.32	-12.253	0.03250000000000064	17.362	5.033	9.508	10.091499999999998	-7.915	-4.357	4.806	-8.1395
-15.075	-15.656	-16.735	1.1204999999999998	9.845	17.588	5.26	-1.5789999999999988	-3.91	-5.469	-2.413	0.030999999999999694
-18.833	-15.875	-15.858	-2.966499999999998	14.668	12.008	12.01	2.658999999999999	-8.701	-4.041	-6.319	-3.521000000000001
-11.582	-11.307	-15.598	1.8704999999999998	26.916	27.174	21.954	2.3520000000000003	-0.356	-5.937	-6.699	5.962
15.913	18.191	20.825	-3.594999999999999	6.907	6.909	9.304	-1.1995000000000005	-10.345	-6.307	-14.884	0.2505000000000006
-57.998	-57.464	-67.733	4.600500000000004	0.767	1.059	4.65	-2.0875000000000004	6.733	8.586	19.266	-7.192999999999999
-40.734	-46.906	-47.43	6.4339999999999975	-2.031	-4.186	-0.222	0.17300000000000004	4.432	4.238	1.987	1.3195000000000001
11.586	10.621	16.254	-1.8514999999999997	-1.99	-8.344	0.328	2.018	-13.745	-12.882	-6.81	-3.898999999999999
3.55	11.175	11.865	-7.97	-0.314	-2.982	-5.664	4.009	-6.546	-13.624	-10.979	5.7555000000000005
0.368	5.676	11.118	-8.029	1.121	1.344	-7.012	3.9549999999999996	-9.199	-7.793	-13.344	1.3695000000000004
-2.649	0.893	6.621	-6.406000000000001	-8.627	0.119	0.32	-8.8465	-10.639	-11.033	-9.156	-0.5444999999999993
-0.156	2.181	-0.431	-1.031	1.689	-4.29	-3.386	5.527	-19.32	-17.942	-11.085	-4.8065
-9.216	-3.445	1.402	-8.1945	-6.78	0.669	-2.297	-5.966	-7.744	-16.331	-18.401	9.622
37.151	26.266	24.237	11.899500000000003	0.531	-2.51	-4.172	3.872	-19.743	-12.759	-17.916	-4.405499999999998
27.85	30.458	33.324	-4.040999999999997	-11.517	-0.326	6.122	-14.415	-12.749	-15.763	-17.561	3.9129999999999985
28.367	29.113	29.589	-0.9839999999999982	-11.336	-8.062	-4.056	-5.277000000000001	-4.63	-7.289	-14.758	6.393499999999999
27.315	30.42	30.636	-3.2129999999999974	-9.024	-9.861	-23.95	7.881500000000001	0.868	-0.607	-4.536	3.4395
-37.663	-33.463	-22.9	-9.481499999999997	4.094	1.93	4.518	0.8700000000000006	0.377	0.004	-12.014	6.382
-6.157	-7.968	-15.697	5.6754999999999995	16.002	25.077	17.323	-5.198000000000004	-15.801	-17.061	-5.424	-4.5585
-19.167	-21.046	-18.242	0.47699999999999676	-3.764	-2.976	-2.63	-0.9609999999999999	-5.796	-7.094	-5.042	0.27199999999999935
-3.637	-9.471	-13.551	7.873999999999999	-6.928	-2.725	-2.689	-4.221	-17.136	-10.526	-2.791	-10.4775
-6.274	-5.046	-12.858	2.678	0.232	-5.434	-1.875	3.8865000000000003	-17.807	-16.061	-4.971	-7.290999999999999
6.765	10.394	19.847	-8.3555	17.15	16.219	20.407	-1.1630000000000038	1.081	2.418	2.162	-1.209
35.029	28.4	32.979	4.339500000000005	-4.935	-6.975	-2.984	0.044500000000000206	12.463	18.547	13.917	-3.769
33.223	31.96	30.602	1.9420000000000002	-3.54	-4.166	-5.598	1.3419999999999996	6.995	16.215	16.564	-9.394499999999997
38.071	34.099	29.877	6.082999999999998	10.661	-3.217	-6.372	15.4555	4.098	7.4	17.058	-8.131
-40.24	-36.679	-28.683	-7.559000000000005	-7.149	-0.912	-4.757	-4.314500000000001	20.687	20.002	31.613	-5.120499999999996
-41.566	-40.442	-37.565	-2.5625	9.776	9.849	-0.407	5.055	17.381	14.73	14.81	2.6110000000000007
10.448	13.08	16.132	-4.158000000000001	-6.096	5.193	3.02	-10.2025	19.733	16.577	7.431	7.728999999999999
9.012	8.527	15.057	-2.7799999999999994	-5.922	-5.81	5.663	-5.8485	19.71	19.091	14.804	2.7624999999999993
12.255	12.229	8.884	1.698500000000001	-18.793	-10.651	-5.919	-10.508	8.132	14.887	19.249	-8.935999999999998
-5.11	-5.234	-22.536	8.775000000000002	15.928	13.804	3.609	7.221500000000001	-3.468	1.872	6.895	-7.8515
-8.255	-7.288	-6.866	-1.1780000000000008	11.041	13.378	13.481	-2.3885000000000005	-12.564	-4.532	1.785	-11.1905
-14.863	-12.761	-8.349	-4.308	13.45	15.706	13.521	-1.1635000000000009	-19.314	-16.619	-10.27	-5.8695
-33.942	-38.362	-37.389	3.933500000000002	-8.777	-6.042	-3.02	-4.2459999999999996	-30.628	-26.764	-20.982	-6.755000000000003
12.359	16.232	11.261	-1.3874999999999993	0.083	3.573	1.388	-2.3975	14.629	13.427	12.352	1.7394999999999996
14.403	12.721	15.149	0.46800000000000175	-0.678	-1.536	3.529	-1.6745	21.032	17.269	14.88	4.9575
-13.873	-11.665	-20.034	1.9764999999999997	22.06	16.018	-0.668	14.384999999999998	6.807	4.584	8.259	0.3855000000000004
-17.948	-12.706	-17.249	-2.9705000000000013	15.566	20.742	2.354	4.018000000000001	8.169	5.829	8.148	1.1805000000000003
-42.559	-44.081	-34.97	-3.0334999999999965	-8.365	-8.819	10.314	-9.1125	8.329	11.943	6.833	-1.0589999999999993
-22.419	-17.939	-18.84	-4.029500000000002	-7.548	-5.925	-9.431	0.129999999999999	-4.821	-5.424	-3.494	-0.3619999999999992
28.331	28.72	31.088	-1.5730000000000004	-1.692	-3.762	-8.096	4.237	3.801	1.247	0.415	2.97
29.483	28.893	29.03	0.5214999999999996	-1.246	-3.448	-4.589	2.7725000000000004	5.3	3.342	0.616	3.3209999999999997
41.025	49.829	35.009	-1.3939999999999984	11.617	8.853	-3.624	9.002500000000001	4.323	1.711	3.576	1.6795000000000004
47.051	45.125	40.795	4.091000000000001	22.748	22.901	10.468	6.063500000000001	6.383	3.789	0.775	4.101
21.509	20.666	17.288	2.532	18.43	5.092	-1.186	16.477	1.806	8.242	9.437	-7.033500000000001
19.926	20.821	18.539	0.24599999999999866	14.282	19.24	3.266	3.029	10.896	1.927	8.762	5.551500000000001
-22.048	-18.094	-23.818	-1.0919999999999952	17.517	16.446	9.343	4.622499999999999	6.461	8.918	7.093	-1.5444999999999993
-25.661	-26.33	-20.569	-2.211500000000001	21.398	14.957	17.385	5.227	-5.576	-1.709	7.395	-8.419
-2.307	-1.99	-11.247	4.3115000000000006	4.778	7.053	5.039	-1.2679999999999998	13.172	13.945	11.802	0.29850000000000065
15.287	12.664	1.813	8.0485	34.754	28.447	14.412	13.324499999999997	-1.218	3.076	11.645	-8.5785
7.693	10.068	7.596	-1.1390000000000011	-6.103	2.921	-0.629	-7.249	20.997	13.753	12.828	7.7065
17.727	14.958	19.757	0.3694999999999986	2.563	2.053	-1.294	2.1835000000000004	-16.797	-15.952	-16.898	-0.3719999999999999
2.896	3.94	8.342	-3.245	-6.663	-9.452	-3.962	0.043999999999999595	-17.389	-14.094	-11.563	-4.560499999999999
-1.786	0.728	-8.094	1.8969999999999998	22.87	11.253	-7.79	21.1385	10.578	8.238	7.231	2.8434999999999997
-6.562	-3.927	-0.269	-4.464	17.343	23.191	11.579	-0.04199999999999804	15.269	10.165	8.938	5.717499999999999
-11.856	-3.95	8.273	-14.0175	-7.054	-7.085	1.197	-4.11	2.72	2.464	2.099	0.4384999999999999
-8.307	-11.922	-9.151	2.2295	-11.933	-8.364	-7.747	-3.8774999999999995	-0.627	2.986	3.11	-3.675
-8.506	-8.519	-12.333	1.92	-2.843	-9.817	-7.762	5.9465	-5.32	-0.793	3.162	-6.5045
12.947	13.042	18.858	-3.003	-3.323	-8.924	-1.318	1.7979999999999996	15.118	19.345	13.135	-1.121999999999998
42.731	45.488	50.299	-5.162500000000001	2.208	11.906	6.481	-6.9855	5.434	9.741	10.822	-4.847499999999999
-34.282	-37.781	-27.145	-1.8189999999999955	18.114	4.457	0.57	15.6005	-9.831	4.245	7.162	-15.5345
-35.596	-36.421	-30.347	-2.211999999999996	19.357	11.67	-0.13	13.587	-10.652	-3.377	7.848	-12.8875
-21.237	-22.07	-16.403	-2.000499999999999	-12.754	-14.225	-12.776	0.7464999999999993	-10.678	-13.494	-13.463	2.8004999999999995
43.593	41.539	39.023	3.3119999999999976	15.389	1.297	-16.619	23.049999999999997	-2.938	1.835	6.039	-6.875
-19.057	-18.923	-13.689	-2.7510000000000012	-21.24	-16.62	-2.318	-11.770999999999997	2.352	5.271	9.468	-5.0175
-28.687	-37.09	-32.985	6.3505	8.848	2.251	-1.218	8.3315	5.773	1.631	-4.078	6.996499999999999
-14.319	-13.121	-11.996	-1.7605000000000004	18.857	23.167	15.441	-0.44700000000000273	-4.787	-5.094	0.349	-2.4145
7.151	10.195	14.704	-5.298500000000001	-13.339	-10.802	-10.301	-2.7874999999999996	-7.812	-7.205	-14.358	2.969500000000001
-22.317	-21.091	-18.301	-2.621000000000002	-4.728	2.31	17.66	-14.713	10.786	9.944	11.765	-0.068500000000002
3.113	0.433	4.337	0.7280000000000002	16.865	5.139	11.226	8.682499999999997	-1.084	-0.608	3.614	-2.5869999999999997
4.791	2.714	1.561	2.6535	12.897	14.339	4.441	3.5069999999999997	-3.978	-2.066	4.831	-5.3605
27.07	28.807	31.24	-2.9534999999999982	3.04	0.823	0.044	2.6065	-5.152	-3.573	-4.247	-1.242
22.292	25.09	25.817	-3.1614999999999966	-0.071	7.353	4.571	-6.0329999999999995	0.86	2.429	-3.016	1.1535000000000002
20.579	22.499	24.85	-3.0955000000000013	-4.799	-3.93	7.593	-6.6305000000000005	-3.413	-2.544	1.563	-2.9225
-0.777	8.642	0.677	-5.4365	8.377	18.829	-6.53	2.227500000000001	-0.209	-6.13	-2.126	3.919
-13.759	-13.601	-12.973	-0.47199999999999953	0.486	-2.032	-5.057	4.0305	12.048	13.82	14.707	-2.2155000000000005
-9.899	-8.446	-7.769	-1.7914999999999992	3.837	8.973	-2.347	0.5239999999999996	-0.442	0.046	-4.071	1.5704999999999998
27.633	28.446	31.59	-2.3850000000000016	-7.841	-10.628	-8.898	1.9219999999999997	3.694	4.319	10.789	-3.8600000000000003
29.115	36.543	34.412	-6.362500000000001	-2.279	5.272	1.323	-5.5765	10.064	8.124	0.737	5.6335
2.251	-1.89	-0.537	3.4645	14.835	19.192	10.627	-0.07450000000000045	-3.492	-10.028	-10.242	6.643000000000002
4.022	6.188	2.89	-0.5169999999999995	32.598	33.687	19.831	5.838999999999999	8.657	4.387	-1.591	7.259
14.277	9.28	18.478	0.3979999999999979	3.997	1.975	-6.651	6.335	-3.535	-2.773	3.301	-3.7990000000000004
22.116	19.075	12.493	6.332000000000001	23.672	13.571	3.594	15.089500000000001	-5.03	-2.921	-2.947	-2.096
28.049	21.063	15.58	9.7275	29.086	20.761	6.091	15.659999999999998	-12.729	-4.893	-2.859	-8.853
44.708	45.66	55.138	-5.6910000000000025	-11.634	-8.241	-10.845	-2.091000000000001	16.755	13.827	7.328	6.177499999999998
-1.727	-3.118	-4.211	1.9375000000000002	1.25	-10.691	-5.48	9.3355	-13.397	-9.282	-13.676	-1.918000000000001
-0.273	-0.947	-4.565	2.483	3.266	-5.871	-5.684	9.0435	-13.261	-12.377	-12.099	-1.0229999999999997
-22.249	-25.778	-32.751	7.015499999999999	17.163	12.879	8.676	6.3855	5.781	4.831	10.867	-2.0680000000000005
13.406	12.252	10.899	1.8305000000000007	2.353	6.278	8.467	-5.019500000000001	5.17	6.216	2.256	0.9340000000000002
-25.873	-25.519	-25.121	-0.5530000000000008	26.914	31.669	7.155	7.5020000000000024	-4.316	1.434	-5.044	-2.511
14.505	11.542	15.532	0.9680000000000017	-11.07	-16.423	-19.066	6.674499999999998	18.298	13.621	-2.457	12.715999999999998
23.767	27.516	18.126	0.9460000000000015	24.89	18.741	5.016	13.011500000000002	-25.419	-26.011	-22.38	-1.2235000000000014
22.89	22.784	25.224	-1.1139999999999972	19.883	26.16	17.588	-1.9910000000000032	-26.284	-22.095	-26.012	-2.2304999999999993
-22.885	-22.165	-18.175	-2.715	11.042	8.181	5.489	4.207000000000001	16.749	13.175	9.568	5.377499999999998
-20.161	-23.101	-22.242	2.5105000000000004	23.987	10.676	14.25	11.523999999999997	-22.589	-21.235	-16.79	-3.5764999999999993
10.892	0.851	12.83	4.051499999999999	0.772	-8.261	-4.274	7.0395	-11.597	-5.142	-5.262	-6.395
30.824	23.643	18.054	9.9755	18.026	-1.746	-1.584	19.691	-6.781	-3.637	-2.687	-3.6189999999999998
32.052	30.474	21.037	6.296500000000002	18.012	15.879	-5.015	12.58	-2.049	-6.667	-0.611	1.5899999999999999
22.976	24.484	27.303	-2.917500000000004	-14.224	-5.265	-16.916	-3.1334999999999997	8.867	11.22	16.897	-5.191499999999998
24.342	23.356	25.299	0.014499999999998181	0.082	3.326	-3.106	-0.028000000000000094	4.32	0.374	-4.484	6.375
31.112	33.351	40.179	-5.653000000000002	0.642	3.095	6.061	-3.9360000000000004	6.47	-0.96	-2.579	8.2395
12.471	16.799	24.513	-8.184999999999999	-0.713	-9.508	-5.678	6.88	20.316	18.525	19.245	1.431000000000001
10.26	11.825	16.332	-3.8185000000000002	9.34	0.442	-10.475	14.3565	17.459	19.721	18.638	-1.7205000000000013
16.899	16.989	11.303	2.753	6.59	13.206	3.408	-1.7170000000000005	11.769	13.161	18.967	-4.295
17.954	24.947	34.676	-11.857500000000002	2.534	5.613	4.818	-2.6815000000000007	-6.095	-7.732	1.792	-3.1249999999999996
15.663	19.761	31.038	-9.7365	3.404	2.146	4.743	-0.0405000000000002	-2.381	-7.094	-2.476	2.4040000000000004
12.496	12.983	16.823	-2.407	-17.846	-3.855	1.976	-16.9065	1.88	4.091	-1.911	0.7899999999999998
9.605	12.48	15.177	-4.2235	-23.389	-17.047	-0.994	-14.3685	0.451	1.108	1.907	-1.0565
16.416	21.474	21.627	-5.134499999999999	-16.196	-18.858	-25.483	5.974499999999999	9.332	6.321	8.053	2.1450000000000005
-6.351	-12.825	-12.282	6.2025	16.965	16.353	4.455	6.561	-9.502	-2.373	-6.494	-5.0685
-0.713	-5.01	-5.413	4.4985	0.832	0.27	8.786	-3.6959999999999997	-18.293	-12.882	-15.167	-4.2684999999999995
52.485	47.833	52.858	2.139499999999998	21.448	10.84	0.992	15.532	3.699	9.2	10.394	-6.098000000000001
-22.725	-18.937	-10.717	-7.898	10.397	2.025	1.18	8.7945	-5.093	-1.47	-5.311	-1.7025000000000001
-36.587	-29.496	-34.294	-4.692000000000007	-6.253	-5.809	-7.014	0.15850000000000009	12.24	8.967	18.769	-1.6279999999999983
-39.706	-40.979	-40.473	1.019999999999996	-23.839	-16.431	-11.393	-9.926999999999998	6.101	3.668	7.811	0.3615000000000004
3.056	-4.394	-11.479	10.9925	10.887	-3.015	-7.171	15.98	9.537	12.18	3.019	1.9375000000000009
17.126	13.489	4.844	7.9595	21.154	13.774	13.849	7.342500000000001	0.213	1.16	9.3	-5.017
12.471	14.95	16.239	-3.1235	3.999	12.97	18.486	-11.729000000000001	6.166	4.344	-0.369	4.1785
15.783	17.261	19.93	-2.8125000000000018	-17.554	-20.908	-19.16	2.4800000000000004	-2.822	-6.179	-27.753	14.144000000000002
-20.407	-24.023	-20.506	1.8574999999999982	11.781	4.197	3.12	8.1225	-31.989	-22.5	-16.947	-12.2655
-17.891	-21.522	-20.152	2.9460000000000015	8.734	15.365	17.731	-7.814000000000002	-37.805	-26.015	-31.762	-8.9165
-18.07	-16.009	-19.887	-0.12199999999999989	9.331	12.922	13.494	-3.8770000000000007	-43.802	-39.177	-30.751	-8.838000000000001
27.735	20.133	6.869	14.234	22.756	17.101	4.725	11.843	0.657	-5.26	6.063	0.25550000000000006
21.529	23.41	24.979	-2.665499999999998	8.488	4.452	8.559	1.9825	8.562	2.368	8.371	3.192499999999999
-15.079	-13.268	-9.77	-3.5600000000000005	-24.432	-25.56	-18.219	-2.5425000000000004	5.481	6.932	7.935	-1.9525000000000006
-25.047	-20.192	-23.717	-3.092500000000001	-1.033	-1.207	-6.709	2.925	7.056	-0.863	2.257	6.359
-15.896	-16.502	-23.761	4.235499999999998	6.016	5.915	-0.172	3.1445	2.986	2.921	5.953	-1.451
-19.514	-22.191	-24.582	3.8724999999999987	0.703	3.603	6.518	-4.3575	34.466	28.647	20.832	9.726500000000001
67.804	62.156	53.776	9.838000000000001	2.15	-6.93	-15.804	13.517000000000001	-9.256	-0.819	-3.619	-7.037
-14.861	-9.929	-4.332	-7.730500000000001	-17.89	-5.851	-2.759	-13.585	-11.696	-9.457	-7.881	-3.0269999999999992
-31.111	-24.565	-26.574	-5.541499999999999	2.769	5.352	6.625	-3.2195	-10.609	-14.794	-15.472	4.523999999999999
-25.974	-28.83	-26.364	1.623000000000001	-9.639	-13.624	-12.888	3.617000000000001	3.933	-0.466	-9.519	8.9255
-31.895	-30.448	-28.023	-2.6594999999999978	-22.395	-13.766	-11.211	-9.9065	-14.701	-7.95	-4.317	-8.5675
-18.649	-23.331	-33.926	9.979500000000002	15.255	12.322	8.477	4.855500000000001	9.567	6.187	14.0	-0.5265000000000004
-10.562	-8.703	-3.726	-4.3475	9.7	7.416	17.524	-2.7700000000000014	-2.612	-4.955	-8.428	4.0795
-12.834	-9.108	-10.507	-3.0264999999999986	8.433	9.203	10.329	-1.3330000000000002	20.957	21.379	18.254	1.1404999999999994
-1.594	7.377	20.162	-15.363499999999998	-24.321	-21.617	-16.215	-5.405000000000001	20.551	14.316	11.447	7.669499999999999
13.194	10.296	18.755	-1.3314999999999984	-10.131	-14.622	-13.375	3.8674999999999997	-12.626	-16.359	-25.107	8.107000000000001
43.648	46.394	47.158	-3.127999999999993	33.878	32.873	21.985	6.449000000000002	0.295	0.815	2.401	-1.313
-23.912	-19.834	-21.683	-3.153500000000001	8.02	5.037	9.762	0.6204999999999998	3.78	-2.164	4.873	2.4254999999999995
-28.258	-21.449	-24.062	-5.502499999999998	-1.023	4.785	-2.207	-2.3120000000000003	-17.602	-8.624	1.084	-13.832
-32.323	-31.719	-22.097	-5.414999999999999	-5.872	-2.35	2.317	-5.8555	-8.173	-16.21	-10.287	5.0755
-25.809	-30.618	-28.32	3.66	-1.003	-5.797	0.111	1.84	-3.579	-7.992	-15.875	8.3545
35.595	26.0	7.234	18.977999999999998	-1.022	-8.996	-23.827	15.3895	5.905	5.131	4.152	1.2634999999999996
29.99	34.15	32.042	-3.106000000000005	9.329	5.114	-3.737	8.640500000000001	9.811	5.23	6.008	4.192
37.291	31.285	35.239	4.028999999999996	6.145	6.82	2.466	1.501999999999999	13.663	10.028	5.639	5.8294999999999995
-30.044	-29.876	-28.153	-1.0295000000000023	3.194	3.424	-4.755	3.8594999999999997	-0.341	-0.068	-2.019	0.7025000000000001
14.466	17.355	12.552	-0.4875000000000007	9.923	3.805	-2.407	9.224	-1.37	-11.217	-8.327	8.402000000000001
25.174	15.554	8.585	13.104499999999998	-1.418	-9.356	-14.543	10.531500000000001	3.71	9.941	12.993	-7.757000000000001
29.053	30.309	26.011	0.8930000000000007	12.925	17.087	9.18	-0.20849999999999902	12.149	18.966	9.505	-2.0865000000000027
25.505	22.135	29.546	-0.3354999999999997	2.617	4.369	14.282	-6.7085	2.609	6.053	15.682	-8.2585
-23.934	-24.711	-18.142	-2.507500000000004	-21.084	-21.877	-19.875	-0.20800000000000196	0.847	5.811	14.223	-9.17
-27.466	-24.015	-22.631	-4.143000000000001	-13.916	-20.807	-20.477	6.725999999999999	-0.275	2.071	10.942	-6.7815
1.253	1.0	3.769	-1.1315000000000002	-5.708	-11.225	3.146	-1.6684999999999999	-11.511	-8.66	-1.505	-6.4285
-2.809	1.341	3.222	-5.0905000000000005	-5.263	-8.42	-2.323	0.10850000000000026	-9.649	-10.467	-6.342	-1.2444999999999986
33.641	25.43	13.562	14.145	1.329	-7.499	-15.517	12.837	17.681	22.513	31.188	-9.1695
19.614	22.899	12.912	1.7085000000000008	-0.462	-9.204	-0.693	4.4865	-6.485	-10.199	-9.988	3.6084999999999985
24.893	21.651	22.949	2.593	-0.52	-1.807	-0.804	0.7854999999999999	-1.848	1.457	-8.023	1.4349999999999998
16.002	16.191	24.879	-4.533000000000001	-8.532	-15.232	-14.053	6.1105	14.74	7.321	11.925	5.116999999999999
-8.075	-10.465	-14.292	4.3035	21.376	9.83	-4.096	18.509	-28.329	-21.232	-19.933	-7.746500000000001
-30.19	-26.888	-26.71	-3.391000000000002	26.788	30.106	26.799	-1.6645000000000003	-10.996	-8.887	-1.146	-5.9795
-44.519	-34.798	-32.28	-10.979999999999997	-14.96	-6.313	-1.494	-11.056500000000002	10.142	5.23	13.432	0.8109999999999999
14.874	11.698	9.976	4.037000000000001	5.946	9.095	5.349	-1.2760000000000007	7.608	-3.425	-11.407	15.024000000000001
39.485	52.684	49.074	-11.393999999999998	-2.926	6.036	11.856	-11.872	7.499	2.126	3.679	4.5965
17.339	18.166	27.453	-5.470500000000001	-20.32	-17.326	-16.456	-3.429000000000002	9.626	3.017	8.37	3.9325
13.4	11.416	16.58	-0.597999999999999	2.394	-5.345	-17.786	13.9595	-3.95	-2.091	3.7	-4.7545
-30.941	-25.088	-18.583	-9.1055	1.925	3.387	4.524	-2.0305	12.278	9.419	4.799	5.1690000000000005
-13.445	-23.569	-27.964	12.3215	17.126	9.477	3.143	10.816	11.237	14.22	10.712	-1.229000000000001
-31.462	-39.408	-39.036	7.760000000000002	-3.465	-11.394	-10.492	7.4780000000000015	3.904	8.718	13.787	-7.348500000000001
-29.852	-26.046	-36.217	1.2794999999999987	-7.64	-2.131	-8.247	-2.4509999999999996	-0.767	4.811	6.788	-6.5665000000000004
-30.744	-24.437	-19.134	-8.9585	14.864	12.654	3.146	6.964	-0.688	3.299	3.437	-4.056
15.827	14.307	20.742	-1.6974999999999998	-10.069	-24.465	-19.44	11.8835	2.177	2.729	5.489	-1.932
49.49	47.006	26.407	12.783500000000004	12.003	20.375	14.239	-5.304000000000002	2.981	4.96	19.382	-9.190000000000001
-27.084	-27.632	-26.521	-0.0074999999999967315	-4.547	-18.869	-13.261	11.517999999999997	-7.02	-8.245	-5.192	-0.3014999999999999
19.336	23.699	16.292	-0.6595000000000013	3.549	11.212	16.057	-10.0855	-11.413	-14.079	-14.524	2.8885000000000005
17.686	15.999	23.2	-1.913499999999999	3.394	1.221	5.803	-0.11799999999999988	-8.089	-9.193	-10.366	1.6904999999999983
19.486	15.904	23.089	-0.010499999999996845	11.935	2.855	4.56	8.227500000000001	-11.821	-7.885	-10.225	-2.766
9.036	14.077	19.953	-7.979000000000001	10.087	19.693	12.562	-6.0405000000000015	-12.123	-16.689	-12.956	2.6995000000000005
1.116	1.085	5.154	-2.0035	10.258	12.941	1.025	3.2749999999999986	4.199	-2.389	-2.804	6.7955
8.645	3.075	5.284	4.4655	0.054	1.569	-0.87	-0.2955	18.516	12.703	10.97	6.679499999999997
25.645	24.32	23.826	1.5719999999999992	22.224	19.73	22.14	1.288999999999998	1.054	7.805	7.9	-6.7985
60.75	64.841	61.127	-2.2339999999999947	-17.564	-22.226	-22.313	4.705500000000001	18.255	11.046	16.14	4.661999999999999
62.572	60.874	65.004	-0.36700000000000443	-19.556	-20.196	-23.872	2.477999999999998	7.832	15.624	10.927	-5.443500000000001
58.33	60.927	64.068	-4.167500000000004	-18.127	-21.626	-21.324	3.3480000000000025	5.686	11.624	12.263	-6.2575
42.4	48.914	56.672	-10.393	-9.776	-14.595	-8.728	1.8855000000000004	-1.109	-0.487	5.183	-3.457
4.073	1.62	4.632	0.9470000000000005	-3.765	-3.602	-7.599	1.8355000000000001	-4.085	-9.121	-6.785	3.8680000000000003
10.57	2.817	3.913	7.205	3.79	-3.661	-4.635	7.938	1.022	-5.33	-9.025	8.1995
10.278	7.687	3.296	4.7865	6.084	0.426	-3.468	7.6049999999999995	7.317	-0.845	-9.555	12.517
16.892	18.903	14.365	0.2579999999999991	-2.362	8.558	6.695	-9.9885	7.367	0.366	9.161	2.6035000000000004
1.574	1.633	-2.192	1.8535000000000001	11.371	6.042	-10.277	13.4885	15.643	6.071	9.141	8.037
24.822	25.131	31.923	-3.705000000000002	-3.847	-5.372	-1.423	-0.4495	1.943	7.86	2.7	-3.337
11.116	15.603	15.617	-4.494	7.371	7.227	3.332	2.0915	5.407	-2.933	-6.922	10.3345
-3.403	-4.622	-2.731	0.27349999999999985	8.701	5.026	-5.249	8.8125	0.153	-4.892	2.294	1.4520000000000002
9.8	6.381	3.76	4.729500000000001	22.259	15.552	17.29	5.838000000000001	11.548	9.61	13.812	-0.16299999999999848
-28.866	-31.096	-27.237	0.30049999999999955	11.022	8.721	6.975	3.1740000000000004	-18.641	-12.633	-11.248	-6.700499999999998
-35.569	-35.125	-30.253	-2.8800000000000026	-10.367	-2.187	9.885	-14.216000000000001	-27.069	-21.982	-16.105	-8.025499999999997
-27.614	-22.115	-34.01	0.44849999999999923	11.455	2.982	-10.86	15.394	-36.332	-36.205	-29.361	-3.5489999999999995
33.66	31.393	17.273	9.326999999999998	0.048	3.143	1.965	-2.506	5.928	-1.053	15.166	-1.1284999999999998
-7.752	-17.6	-8.306	5.201	-15.172	-23.524	-19.655	6.4175	-0.318	10.576	11.121	-11.166500000000001
-7.243	-9.869	-9.724	2.5534999999999997	-7.347	-10.79	-16.909	6.502499999999999	4.935	1.236	3.094	2.7699999999999996
-2.899	-8.499	-6.873	4.787	-6.852	-8.818	-13.251	4.182499999999999	8.93	3.863	-0.873	7.435
2.043	-2.462	-1.429	3.9885	-2.939	7.573	0.804	-7.1275	9.456	1.738	2.107	7.533499999999999
39.43	36.819	35.579	3.2310000000000016	6.521	2.336	-10.799	10.7525	-9.181	-1.615	2.727	-9.736999999999998
28.145	26.213	33.314	-1.618500000000001	-10.533	-17.649	-8.681	2.6319999999999997	-2.829	-0.515	-5.829	0.3429999999999995
-20.786	-16.643	-8.732	-8.098500000000001	9.142	10.88	9.877	-1.2365000000000013	3.737	14.243	12.511	-9.639999999999999
-19.687	-20.293	-10.526	-4.277500000000002	2.832	9.406	13.268	-8.504999999999999	-1.44	5.597	15.287	-11.882
29.494	28.932	23.843	3.1065000000000005	11.524	9.658	7.452	2.9689999999999994	19.177	12.469	4.536	10.6745
31.924	28.643	29.774	2.7154999999999987	19.586	15.634	14.595	4.471499999999999	9.291	8.083	15.632	-2.5664999999999996
1.822	3.125	0.306	0.10650000000000004	-2.019	-15.962	-15.474	13.699	2.646	1.449	0.382	1.7305
3.632	2.174	2.639	1.2255000000000003	-4.043	-2.635	-10.239	2.394	4.884	2.547	1.891	2.665
8.558	2.03	2.936	6.075	1.352	-5.442	-3.856	6.001	1.24	3.711	2.515	-1.873
23.363	19.761	19.37	3.7974999999999994	1.499	9.423	15.441	-10.933	3.45	-0.941	-9.436	8.6385
16.77	23.055	26.934	-8.224500000000003	5.548	16.435	15.651	-10.495	-12.108	-13.338	-13.575	1.3484999999999978
-0.853	-3.878	0.981	0.5955000000000001	-14.395	-25.458	-17.283	6.9755	24.398	19.499	8.438	10.4295
19.746	30.151	26.528	-8.593500000000002	-11.351	-19.002	-17.032	6.665999999999999	25.789	20.793	20.902	4.941500000000001
25.413	24.831	27.601	-0.8030000000000008	1.316	0.878	-16.887	9.320500000000001	14.223	19.469	22.175	-6.599000000000002
19.885	19.992	23.111	-1.6664999999999992	-15.355	-9.144	-1.694	-9.936	18.51	20.891	22.011	-2.940999999999999
-5.005	-3.936	-7.298	0.6120000000000001	1.917	2.104	2.205	-0.23750000000000004	11.278	9.695	7.749	2.556000000000001
2.804	9.316	0.563	-2.135500000000001	21.039	26.066	7.859	4.076500000000003	-7.871	-9.224	-4.639	-0.9395000000000007
-3.923	2.656	4.834	-7.668	41.275	33.213	23.373	12.982	-25.99	-24.916	-12.652	-7.2059999999999995
28.324	20.128	14.367	11.0765	13.656	17.768	11.268	-0.8620000000000001	-2.971	0.906	-1.453	-2.6975000000000002
-32.999	-38.87	-24.317	-1.4055000000000035	16.33	6.632	8.593	8.717499999999998	-1.554	3.842	3.131	-5.0405
-5.703	-6.25	-1.608	-1.774	6.434	0.818	-3.97	8.01	30.998	29.651	30.937	0.7040000000000006
1.107	-4.854	-4.584	5.826	12.997	6.376	-0.998	10.308	22.614	29.374	29.706	-6.925999999999998
-12.722	-10.9	1.333	-7.9384999999999994	14.827	11.151	13.37	2.5664999999999996	-18.501	-17.241	-17.372	-1.1945000000000014
-16.825	-21.807	-15.291	1.7240000000000002	-4.208	0.62	15.363	-12.1995	-15.996	-12.51	-17.117	-1.1824999999999992
25.592	18.941	22.46	4.891500000000001	-4.814	-1.658	0.04	-4.005	-13.099	-6.066	-11.743	-4.1945
58.615	47.07	43.539	13.310499999999998	-4.547	-10.446	-4.927	3.1395	2.851	6.452	9.48	-5.115
50.799	51.433	59.853	-4.844000000000001	-6.951	-16.03	-4.655	3.3915000000000015	8.812	17.245	8.03	-3.8255
-18.928	-27.874	-42.824	16.420999999999996	12.478	5.895	-1.554	10.307500000000001	17.635	18.508	31.601	-7.419499999999996
62.177	63.149	59.404	0.900500000000001	4.301	-8.855	-10.744	14.1005	0.938	-2.624	-1.157	2.8285
58.68	62.415	63.19	-4.122499999999995	23.993	24.979	13.447	4.779999999999998	14.637	11.219	2.452	7.801500000000001
53.534	58.582	62.398	-6.956000000000003	10.06	22.478	24.404	-13.381000000000002	14.588	13.117	8.103	3.9779999999999998
-17.078	-10.531	-6.896	-8.3645	13.09	18.422	10.842	-1.5420000000000016	-6.02	-9.623	-11.104	4.343499999999999
-12.956	-15.89	-7.096	-1.4629999999999992	5.559	13.485	17.154	-9.7605	-10.128	-7.643	-10.733	-0.9399999999999995
-7.736	-6.835	-4.754	-1.9415000000000004	4.335	6.151	14.465	-5.973	-10.693	-16.932	-11.13	3.337999999999999
18.067	20.291	30.367	-7.2620000000000005	-14.592	-15.647	-7.246	-3.1455	13.121	5.317	3.386	8.7695
-12.761	-12.324	-10.873	-1.1624999999999996	8.495	13.847	10.057	-3.4570000000000007	-12.715	-15.75	-16.835	3.5775000000000006
-11.515	-10.825	-12.41	0.10249999999999915	5.735	5.141	12.317	-2.993999999999999	-22.046	-15.318	-14.955	-6.9094999999999995
-21.064	-18.932	-17.549	-2.823500000000003	15.646	11.085	10.718	4.7445	12.42	10.375	7.039	3.712999999999999
-16.172	-19.531	-22.644	4.915499999999998	-11.99	-9.895	6.54	-10.3125	10.25	12.53	9.402	-0.7159999999999993
12.106	1.158	-7.809	15.4315	9.91	3.036	-7.574	12.179	-9.933	-9.633	-12.054	0.910499999999999
-7.687	-8.753	-3.675	-1.4729999999999999	-14.246	-13.006	0.861	-8.1735	-11.302	-11.538	-5.449	-2.8084999999999987
-7.914	-3.972	-6.456	-2.6999999999999993	-11.439	-11.801	-12.629	0.7759999999999998	-7.72	-11.498	-11.683	3.870499999999999
3.606	9.32	16.961	-9.5345	-6.068	-14.882	-3.12	2.933	-7.326	-6.462	-0.418	-3.8859999999999997
2.599	2.401	-3.099	2.9480000000000004	9.626	11.029	3.768	2.227499999999999	-21.263	-32.17	-29.899	9.7715
4.753	6.282	4.506	-0.641	17.217	11.826	15.213	3.697499999999998	-24.007	-17.301	-20.448	-5.132500000000004
-4.969	-6.906	-3.512	0.23999999999999932	-6.292	-2.564	-9.95	-0.03500000000000014	9.947	13.061	11.708	-2.4375
41.192	40.103	40.09	1.0954999999999941	21.007	6.662	-0.003	17.677500000000002	-8.81	-7.222	-2.166	-4.1160000000000005
-7.887	-6.734	-1.322	-3.858999999999999	-18.858	-12.081	-9.633	-8.001000000000001	-15.164	-15.297	-11.419	-1.8059999999999992
6.05	-5.556	-4.661	11.1585	-12.758	-16.254	-10.23	0.48400000000000176	-18.035	-15.784	-14.469	-2.9085
6.185	-1.214	-6.283	9.933499999999999	-10.998	-16.252	-11.927	3.0915	-17.497	-16.968	-14.674	-1.6760000000000002
-19.819	-16.203	-15.838	-3.7985000000000007	-6.609	-1.386	-1.31	-5.261	27.722	18.89	17.652	9.451
-19.891	-16.065	-10.154	-6.781499999999998	16.46	9.818	5.783	8.659500000000001	4.228	4.267	0.934	1.6274999999999995
28.358	31.11	11.454	7.0760000000000005	20.91	12.959	8.025	10.418	1.602	1.501	4.675	-1.486
11.464	16.767	21.501	-7.67	9.632	20.25	15.011	-7.998499999999998	18.008	4.908	6.319	12.394499999999999
-14.328	-18.957	-13.706	2.003499999999999	-17.139	-15.546	-9.513	-4.609500000000001	-3.422	-4.645	-11.548	4.674499999999998
5.844	10.776	-5.686	3.2990000000000004	3.602	6.824	-3.064	1.722	23.768	13.953	22.035	5.774000000000001
2.723	2.45	6.67	-1.8370000000000006	1.454	-0.935	4.051	-0.10400000000000009	14.895	20.105	22.317	-6.315999999999999
6.305	11.392	3.526	-1.154	9.513	3.042	-7.357	11.6705	9.218	4.84	4.507	4.5445
4.041	6.921	8.479	-3.658999999999999	13.699	9.104	-1.912	10.103	5.139	9.292	7.116	-3.0650000000000004
1.349	5.513	8.952	-5.8835	11.182	12.491	7.065	1.404	3.461	3.971	6.603	-1.826
17.254	13.088	12.972	4.224000000000002	-6.266	-3.741	1.948	-5.3695	-10.955	-8.959	-21.14	4.0945
8.891	17.463	13.272	-6.4765	-5.621	-5.583	-1.821	-1.9190000000000005	-10.463	-11.678	-12.276	1.5140000000000011
4.814	11.054	15.613	-8.5195	-2.003	-4.895	-4.793	2.8409999999999993	-10.97	-10.93	-9.848	-0.5810000000000013
4.854	6.645	16.188	-6.562499999999999	-12.222	-3.185	-5.164	-8.0475	-13.278	-10.413	-10.811	-2.6660000000000004
-22.336	-26.408	-25.295	3.515500000000003	5.089	6.853	-2.349	2.8370000000000006	12.388	9.487	13.382	0.9535
40.118	42.558	29.919	3.8795	-9.1	-18.15	-28.774	14.362	12.088	13.467	14.889	-2.0900000000000016
-19.418	-24.569	-17.741	1.7370000000000019	-16.749	-25.095	-14.032	2.814499999999999	-7.894	-8.648	-3.865	-1.6375000000000002
-18.422	-20.831	-22.276	3.131499999999999	-11.977	-20.199	-20.721	8.483	-7.101	-8.979	-4.125	-0.5490000000000004
-29.516	-25.542	-24.607	-4.441499999999998	2.864	5.907	4.454	-2.3165000000000004	6.049	2.637	1.299	4.081
-37.022	-41.9	-51.195	9.525500000000001	-2.676	-3.183	0.045	-1.1070000000000002	2.029	-3.566	0.966	3.3289999999999997
16.656	16.772	10.346	3.0969999999999995	-0.76	-1.638	-4.217	2.1674999999999995	8.213	4.63	6.541	2.6274999999999995
40.856	41.828	40.029	-0.07249999999999801	14.543	6.597	8.103	7.193	1.832	5.961	14.502	-8.3995
18.449	11.49	15.339	5.034500000000001	13.515	7.334	6.645	6.525500000000001	-13.308	-9.862	-13.138	-1.8079999999999998
16.053	14.104	22.863	-2.4304999999999986	21.434	23.007	18.53	0.665499999999998	-11.52	-9.125	-9.453	-2.231
25.208	21.123	7.964	10.664499999999997	11.332	2.727	-7.531	13.734000000000002	-7.479	-8.533	-2.795	-1.8150000000000004
17.923	23.671	22.078	-4.951499999999999	-9.451	-0.327	10.661	-14.618	-0.655	0.159	-2.686	0.6085
4.128	16.888	23.669	-16.1505	-15.824	-9.726	-0.065	-10.9285	-2.44	-4.361	-0.068	-0.22550000000000026
-26.624	-22.745	-17.283	-6.609999999999996	-21.246	-22.71	-18.64	-0.570999999999998	-6.953	-6.007	-2.247	-2.8260000000000005
-29.086	-26.752	-19.868	-5.776	-23.691	-22.205	-22.118	-1.5295000000000023	-15.295	-7.818	-6.009	-8.381499999999999
-19.971	-23.941	-27.745	5.872	-13.603	-11.451	-22.745	3.494999999999999	-10.459	-13.711	-10.77	1.7815000000000012
-27.185	-28.312	-27.483	0.7125000000000021	13.45	14.286	16.527	-1.956500000000002	4.071	2.78	7.15	-0.8940000000000001
7.198	9.392	11.589	-3.2925000000000004	1.377	6.233	1.761	-2.62	9.283	10.678	10.866	-1.4890000000000008
49.193	45.322	42.817	5.123499999999993	-0.857	0.033	-5.551	1.902	-9.424	-14.913	-26.788	11.4265
52.603	48.172	45.167	5.933500000000002	1.393	-0.085	-0.868	1.8695	-5.623	-9.788	-22.214	10.377999999999997
53.223	50.953	52.073	1.7099999999999937	14.607	3.58	-0.599	13.116499999999998	-0.426	-5.72	-4.723	4.7955
-20.847	-23.921	-25.506	3.8664999999999985	-10.501	-10.126	-14.994	2.0589999999999993	10.411	8.296	7.271	2.6274999999999995
-32.288	-25.287	-25.755	-6.766999999999996	-23.873	-14.194	-12.869	-10.3415	12.421	11.615	9.09	2.0685000000000002
-32.649	-30.457	-23.144	-5.848500000000001	-21.436	-20.092	-10.533	-6.1235	8.667	12.743	8.935	-2.1720000000000006
-37.329	-32.653	-29.783	-6.111000000000001	-13.833	-17.23	-19.82	4.691999999999998	7.952	3.887	4.765	3.6260000000000003
41.558	44.699	43.731	-2.6570000000000036	15.011	7.683	11.505	5.416999999999998	-11.37	-18.283	-18.727	7.135000000000003
-19.914	-19.669	-14.166	-2.996500000000001	18.891	7.713	9.873	10.097999999999999	-17.603	-14.411	-16.295	-2.25
11.582	7.531	3.917	5.8580000000000005	7.072	1.819	0.402	5.9615	3.491	4.187	-5.936	4.3655
12.707	18.774	16.657	-5.008499999999998	-8.411	-6.529	2.219	-6.255999999999999	5.867	6.357	2.091	1.6429999999999998
-7.291	1.149	9.625	-12.678	-7.488	-10.404	-10.858	3.143	21.534	24.359	18.131	0.2889999999999979
30.99	32.786	29.421	-0.11350000000000193	-16.58	-9.596	-12.188	-5.687999999999999	9.471	4.417	3.703	5.4110000000000005
29.868	31.991	31.489	-1.8720000000000034	-12.738	-12.323	-10.012	-1.5704999999999991	11.738	10.222	3.203	5.0255
25.012	21.427	29.234	-0.3185000000000002	-16.575	-19.652	-18.958	2.7300000000000004	10.018	8.688	8.142	1.6030000000000015
30.473	30.808	22.494	3.821999999999999	-13.971	-10.397	-18.956	0.7055000000000007	6.095	5.084	9.199	-1.0465
-23.712	-25.694	-17.439	-2.145500000000002	8.405	7.291	3.511	3.0039999999999996	2.148	3.261	8.586	-3.7755000000000005
-11.268	-9.513	-22.895	4.936	22.408	19.049	9.0	8.383500000000002	-0.217	-7.466	0.917	3.0575
-4.041	-9.612	-17.801	9.665499999999998	25.508	22.683	10.72	8.8065	0.227	-3.52	-2.081	3.0275
0.44	-8.302	-13.159	11.170499999999999	19.817	23.817	14.964	0.42650000000000077	4.382	-0.393	-4.863	7.01
-24.383	-29.857	-21.753	1.4220000000000006	15.52	9.886	10.23	5.462	0.271	16.812	7.579	-11.9245
-21.527	-30.252	-28.303	7.750499999999999	12.684	8.653	13.215	1.7499999999999982	8.044	9.981	2.694	1.7065000000000001
-23.894	-21.482	-29.161	1.427500000000002	6.278	15.316	8.143	-5.451500000000002	2.778	8.122	10.077	-6.321499999999999
-18.64	-10.023	-7.777	-9.74	-7.297	3.037	3.115	-10.373	16.08	9.685	2.233	10.120999999999999
-11.225	-6.067	-15.285	-0.5489999999999995	1.97	9.217	-0.19	-2.5435000000000008	8.481	1.503	13.387	1.0359999999999996
-4.377	-9.758	-7.044	4.024	9.577	3.018	9.174	3.481	15.453	9.888	3.268	8.875
-8.538	-5.165	1.723	-6.817	-11.794	-13.465	3.264	-6.6935	-2.652	-7.648	-11.395	6.8694999999999995
-3.459	-9.23	-1.175	1.7435000000000005	-2.849	-13.179	-4.486	5.983499999999999	-5.466	-2.762	-12.27	2.05
-34.002	-37.606	-42.619	6.110499999999995	-1.123	-7.577	-7.853	6.592	-8.327	-4.464	6.776	-9.483
35.513	31.932	39.45	-0.17800000000000438	18.509	26.125	18.101	-3.603999999999999	8.779	11.504	8.775	-1.3605
39.456	37.288	33.95	3.8370000000000033	23.689	28.698	23.011	-2.1655000000000015	17.539	7.803	10.82	8.227500000000001
40.356	39.308	37.225	2.089500000000001	27.806	25.89	26.533	1.5945	19.415	18.241	7.647	6.471
10.381	8.705	2.303	4.877000000000001	29.985	29.267	7.07	11.816499999999998	1.825	0.129	11.716	-4.097499999999999
2.548	10.485	4.798	-5.0935	21.818	31.959	15.352	-1.8374999999999986	6.886	0.806	8.077	2.4445000000000006
-21.356	-13.361	-4.462	-12.444500000000001	-17.494	-7.223	-12.001	-7.882	-5.75	-7.176	-1.475	-1.4245
-27.237	-19.653	-3.965	-15.427999999999999	-8.979	-12.375	0.606	-3.094499999999999	-0.235	-0.884	-5.019	2.7165000000000004
-20.463	-20.181	-24.864	2.0595	1.996	5.413	0.143	-0.782	-3.125	-1.548	2.327	-3.5145
37.319	39.986	46.984	-6.165999999999997	10.979	4.88	-7.721	12.3995	-5.725	-0.394	-8.867	-1.0944999999999991
-9.837	-11.9	-11.836	2.0310000000000006	-0.194	-0.542	4.7	-2.273	-8.065	-15.039	-5.146	2.0275
-8.417	-10.08	-14.632	3.939	7.6	9.388	-0.496	3.154	-9.827	-11.067	1.955	-5.271
-4.712	-3.878	-7.561	1.0075000000000003	12.749	10.534	4.38	5.292	-11.65	-8.389	-11.072	-1.919500000000001
-43.218	-36.634	-28.52	-10.641000000000005	-20.292	-18.352	-9.62	-6.306000000000001	-2.348	-2.844	-0.357	-0.7475
37.172	37.685	40.378	-1.8595000000000041	0.941	-2.004	-9.515	6.7005	-13.323	-20.849	-37.307	15.755000000000003
37.584	41.407	40.049	-3.1439999999999912	11.099	14.695	-2.459	4.981	-10.746	-10.0	-12.28	0.39400000000000013
-0.145	-7.8	-13.631	10.570500000000001	11.533	7.144	-2.489	9.205499999999999	20.059	26.648	31.824	-9.177
0.026	-2.225	-13.132	7.7044999999999995	13.374	10.882	-0.264	8.065000000000001	19.438	22.423	29.755	-6.651
-0.716	-0.024	-10.094	4.342999999999999	21.397	12.955	5.115	12.361999999999998	16.731	19.411	27.393	-6.670999999999999
0.428	-0.868	-2.39	2.057	6.962	18.094	10.654	-7.412000000000001	19.284	17.794	22.283	-0.7545000000000002
-2.131	-6.187	-0.448	1.1865000000000006	9.577	-0.487	13.877	2.8819999999999997	15.277	13.554	18.229	-0.6145000000000014
31.081	20.894	14.923	13.1725	-9.379	-17.08	-23.802	11.062	8.084	11.13	14.568	-4.765000000000001
-5.388	-2.885	-5.882	-1.0045000000000002	8.817	7.334	0.809	4.745500000000001	-11.785	-11.348	-10.173	-1.0244999999999997
-7.963	-7.756	-4.568	-1.8010000000000002	-6.015	-7.529	8.348	-6.4245	-8.991	-8.104	-10.298	0.21000000000000085
-18.729	-14.873	-20.483	-1.0509999999999984	-14.909	-4.4	-9.151	-8.133500000000002	-15.789	-17.186	-15.575	0.5914999999999981
-0.996	1.782	-2.658	-0.558	7.173	8.244	12.889	-3.3934999999999995	-6.326	-10.154	-9.736	3.6190000000000007
22.595	11.396	0.998	16.398	9.079	13.308	7.635	-1.3924999999999983	-13.357	-9.358	-9.124	-4.116
17.358	17.205	17.677	-0.08299999999999841	19.178	15.509	12.215	5.316000000000001	-6.232	-8.906	-10.781	3.6115000000000004
25.797	29.01	21.744	0.41999999999999815	27.95	26.828	7.342	10.864999999999998	2.439	-3.465	-0.178	4.2605
-23.596	-31.24	-32.223	8.135499999999997	7.005	3.62	-0.952	5.670999999999999	-6.366	0.574	21.416	-17.361
-16.947	-11.453	-22.869	0.2140000000000022	11.465	17.107	8.729	-1.4529999999999994	0.816	-3.292	-4.755	4.8395
27.974	36.069	44.17	-12.145500000000002	-12.33	-3.871	-7.396	-6.6965	16.521	14.73	11.139	3.586500000000001
-44.739	-45.429	-37.081	-3.4839999999999947	-7.42	-4.736	-5.245	-2.4295	-27.168	-21.587	-16.777	-7.985999999999997
-39.182	-41.909	-44.947	4.245999999999995	-2.704	-10.138	-5.578	5.154	-37.102	-34.38	-26.567	-6.628499999999995
7.54	6.515	13.937	-2.685999999999999	7.787	8.867	6.539	0.08399999999999963	15.799	19.808	9.553	1.1184999999999992
-9.061	-11.443	-13.862	3.5915	-0.452	-4.402	-10.66	7.079000000000001	-5.455	-11.193	-19.635	9.959000000000001
-2.606	-2.959	0.543	-1.398	-4.007	-11.785	-4.916	4.343500000000001	-14.299	-17.128	-16.048	2.2890000000000015
4.584	4.184	7.798	-1.407	11.765	8.915	5.401	4.607000000000001	17.3	19.942	22.383	-3.8625000000000007
-2.457	4.304	12.544	-10.881	-16.958	-12.586	6.316	-13.822999999999999	11.147	16.784	17.304	-5.896999999999997
0.067	2.567	8.833	-5.633	-23.741	-15.237	-16.524	-7.860499999999998	20.514	15.13	4.868	10.514999999999999
-18.901	-9.374	-17.398	-5.515000000000001	8.175	13.045	4.17	-0.4324999999999992	-19.987	-32.253	-25.687	8.983
-15.74	-13.516	-14.76	-1.6020000000000003	9.378	12.267	5.483	0.5030000000000001	-10.553	-25.682	-28.439	16.507499999999997
-9.14	-5.462	3.607	-8.2125	-5.496	-10.32	-8.057	3.692500000000001	-2.362	-1.105	-1.776	-0.9215
-4.788	-4.525	-9.459	2.2039999999999997	7.599	6.587	3.591	2.51	-15.477	-11.335	-2.759	-8.43
31.163	28.412	33.146	0.38400000000000034	11.199	5.902	6.296	5.1	-22.186	-8.044	4.295	-20.3115
13.224	13.028	23.394	-4.986999999999998	2.835	-1.335	12.598	-2.796500000000001	1.963	-7.393	-24.348	17.8335
-45.171	-48.169	-49.233	3.529999999999994	37.532	29.933	30.135	7.4979999999999976	-5.399	2.201	7.884	-10.441500000000001
-17.613	-22.64	-21.822	4.618000000000002	7.954	4.294	6.516	2.5490000000000004	20.939	19.773	14.722	3.6915000000000013
-18.414	-16.361	-16.835	-1.8160000000000025	1.212	2.014	9.18	-4.385	15.374	17.554	20.237	-3.521499999999998
2.97	-1.764	-6.199	6.9515	-7.379	-12.766	-15.584	6.796000000000001	-10.994	-9.199	-7.432	-2.6784999999999997
4.279	8.602	15.978	-8.011	-26.215	-31.686	-28.691	3.973499999999998	-6.148	-5.743	-5.818	-0.3674999999999997
6.225	5.536	11.959	-2.522499999999999	-21.742	-29.024	-29.699	7.619499999999999	-7.47	-6.881	-3.996	-2.0314999999999994
11.227	5.506	8.676	4.136	-15.42	-23.257	-30.44	11.428500000000001	-5.929	-6.64	-4.461	-0.3785000000000007
17.933	20.594	29.049	-6.8885000000000005	-9.258	-5.308	1.649	-7.4285	-3.191	-5.766	-4.506	1.9450000000000003
28.672	41.843	27.114	-5.806500000000003	-14.776	-15.599	-19.974	3.0105000000000004	20.492	4.37	23.376	6.619
15.658	15.668	19.973	-2.1624999999999996	-10.87	-10.92	-7.011	-1.9044999999999987	11.727	16.219	15.255	-4.010000000000002
-4.577	-7.406	-8.471	3.3614999999999995	0.076	-7.925	-9.837	8.957	-1.709	-2.48	-2.737	0.8995000000000002
-7.162	-5.18	-11.656	1.2559999999999993	10.123	1.986	-10.524	14.392	0.24	-0.683	2.039	-0.43800000000000006
-8.084	-6.433	-8.22	-0.7574999999999994	15.81	4.838	-7.388	17.085	-0.464	0.219	-0.809	-0.16899999999999998
-9.047	-7.449	-5.078	-2.7835	10.827	10.492	-2.322	6.741999999999999	-1.89	0.294	-2.779	-0.6475
0.318	-5.652	-8.589	7.4384999999999994	14.526	14.535	12.188	1.1645000000000003	-4.137	-1.293	-2.17	-2.4054999999999995
-5.834	2.054	-8.532	-2.5949999999999998	2.977	4.957	2.486	-0.7444999999999999	3.943	-2.851	-6.382	8.5595
-30.361	-28.962	-22.113	-4.823499999999999	-1.397	-7.259	-13.301	8.883000000000001	3.148	10.4	17.356	-10.73
17.543	16.249	12.827	3.004999999999999	6.351	6.658	6.045	-0.0004999999999997229	-5.603	-1.779	3.568	-6.4975
11.497	12.26	14.963	-2.1144999999999996	-5.797	-2.569	4.489	-6.757	5.611	3.431	-2.327	5.058999999999999
6.753	11.967	14.068	-6.2645	-3.142	-4.655	1.96	-1.7944999999999998	4.878	4.444	-0.893	3.1025
8.358	1.513	-2.311	8.757000000000001	-15.925	-5.295	4.578	-15.566500000000001	20.543	17.061	15.026	4.499499999999998
6.814	4.908	4.73	1.9949999999999992	-10.122	-5.578	-1.787	-6.4395	24.436	27.756	22.769	-0.8264999999999993
30.163	27.22	17.206	7.949999999999999	4.402	-0.126	-11.527	10.2285	-7.387	-12.645	-10.249	4.06
-23.563	-16.851	-12.101	-9.087	-10.65	-13.675	-11.281	1.8280000000000012	-8.993	-6.665	-5.276	-3.022500000000001
-9.356	-5.144	6.35	-9.959	-5.844	-0.296	-0.827	-5.282500000000001	1.998	-1.803	-7.151	6.4750000000000005
-15.161	-11.774	-18.404	-0.07200000000000095	25.71	23.521	16.579	5.66	2.649	2.411	7.479	-2.2960000000000003
48.289	47.295	48.832	0.2254999999999967	6.283	11.19	-4.414	2.8950000000000005	7.906	0.124	-0.042	7.864999999999999
-27.81	-35.584	-22.155	1.0595000000000034	0.961	-6.612	3.117	2.7085	-20.831	-6.987	-16.884	-8.895499999999998
-29.066	-29.842	-30.468	1.0890000000000022	-21.413	-21.574	-10.772	-5.239999999999998	-18.95	-16.825	-13.084	-3.9955
-30.501	-28.683	-31.923	-0.19800000000000395	-19.931	-21.119	-16.222	-1.2605000000000004	-21.801	-17.771	-12.915	-6.457999999999998
-7.01	-0.236	5.199	-9.4915	6.335	3.183	-4.952	7.2195	30.026	24.755	22.884	6.206500000000002
-9.409	-6.022	-4.007	-4.394500000000001	6.143	4.622	3.987	1.8384999999999998	18.34	18.492	26.88	-4.346
17.379	16.406	6.373	5.989500000000001	19.143	5.946	-2.958	17.649	-2.526	1.432	8.134	-7.309
-1.027	-5.209	-0.801	1.978	16.34	6.937	13.49	6.1265	-8.898	-7.532	4.167	-7.2155
3.674	8.726	16.046	-8.712	-6.736	-2.63	-11.513	0.3355000000000006	-20.765	-16.906	-25.501	0.43849999999999767
-4.144	1.283	11.728	-10.6495	-3.401	-2.599	-4.454	0.12550000000000017	-15.899	-19.596	-20.724	4.261000000000001
-45.705	-50.468	-48.382	3.719999999999999	5.43	4.699	0.148	3.0065	-6.169	-9.216	-5.865	1.3715000000000002
20.428	13.624	9.534	8.849	12.468	9.605	8.068	3.631499999999999	4.423	5.936	1.896	0.5070000000000001
33.254	25.869	8.404	16.1175	-2.637	-4.523	-5.889	2.5689999999999995	-13.738	-18.354	0.2	-4.661
20.943	25.381	30.183	-6.838999999999999	7.317	-8.773	-4.375	13.891	-2.152	2.026	-12.115	2.8925
14.79	12.63	16.462	0.24399999999999977	22.8	16.39	22.041	3.584500000000002	7.839	0.786	-7.225	11.0585
-9.909	-10.424	-9.943	0.27449999999999797	-20.205	-22.281	-24.651	3.261000000000003	8.242	4.794	8.703	1.493500000000001
-4.029	-6.089	-10.252	4.141500000000001	-14.771	-21.438	-21.589	6.7425	-2.762	6.369	5.943	-8.918
-6.597	-10.343	-19.206	8.177499999999998	8.311	3.504	-3.704	8.411	4.81	0.036	11.279	-0.8475000000000001
-1.79	-5.343	-1.586	1.6745	11.641	2.275	10.718	5.1445	7.424	10.378	6.943	-1.2364999999999986
-21.322	-18.284	-15.215	-4.572500000000002	3.125	-6.875	-9.898	11.5115	12.451	9.451	16.365	-0.45699999999999896
16.65	9.895	-4.64	14.022499999999999	-0.68	-4.614	-14.543	8.8985	-7.958	-14.262	-7.125	2.7355
-7.707	-5.099	7.096	-8.7055	-23.942	-13.134	-5.643	-14.5535	-4.512	-3.447	-7.41	0.9165000000000001
14.391	17.603	23.888	-6.3545	-19.809	-17.118	-9.348	-6.5760000000000005	-14.788	-22.581	-28.066	10.535499999999999
23.559	21.355	22.871	1.4460000000000015	-9.067	-7.897	-6.939	-1.649	-3.126	-3.173	-12.005	4.463000000000001
36.995	39.178	32.364	1.2239999999999966	19.53	14.3	-0.736	12.748000000000001	16.199	12.139	14.654	2.802500000000002
-29.71	-29.581	-23.732	-3.0534999999999997	7.682	5.168	6.433	1.8815000000000008	-0.405	2.578	-1.115	-1.1364999999999998
-34.887	-31.212	-29.951	-4.305500000000002	0.582	11.758	-6.456	-2.0689999999999995	2.951	5.018	6.937	-3.0265
50.516	46.139	41.2	6.846499999999999	13.409	4.547	-0.624	11.447500000000002	-17.767	-19.814	-12.83	-1.4450000000000003
-43.632	-49.596	-43.071	2.701500000000003	4.764	-6.824	-9.02	12.686	3.694	4.348	3.646	-0.30299999999999994
-45.71	-45.725	-43.207	-1.2439999999999998	-2.008	-7.231	-0.521	1.8679999999999999	7.799	3.621	3.814	4.0815
-45.304	-45.497	-45.76	0.32450000000000045	-0.243	-8.573	-5.363	6.725	2.89	1.219	5.286	-0.3624999999999998
5.701	8.108	1.648	0.8229999999999995	7.202	19.528	2.777	-3.9505	-1.162	1.708	7.392	-5.712
36.638	39.362	47.434	-6.759999999999998	-4.624	-15.785	-15.76	11.148500000000002	-0.177	-2.399	-5.395	3.7199999999999998
-15.126	-10.733	-3.647	-7.935999999999999	-3.406	0.149	8.729	-7.844999999999999	3.029	-10.906	-5.478	11.221
-13.071	-11.733	-16.019	0.8049999999999997	13.515	17.605	12.686	-1.6304999999999996	11.24	12.765	5.359	2.177999999999999
58.165	53.431	59.099	1.8999999999999986	-8.118	-12.832	-7.039	1.8175000000000008	13.636	8.491	-11.027	14.904
-3.46	-2.677	5.053	-4.648	20.271	11.809	12.593	8.07	-14.871	-9.504	-8.85	-5.694000000000001
-11.219	-12.896	-6.822	-1.3599999999999994	0.151	16.052	13.922	-14.836	-19.547	-19.215	-8.463	-5.708000000000002
-7.732	-12.243	-10.581	3.679999999999999	6.708	5.287	8.462	-0.1664999999999992	-2.158	-10.258	-15.474	10.708
9.714	4.083	-13.951	14.648	-5.228	1.896	2.13	-7.241	21.449	16.225	19.359	3.657
28.012	32.042	31.498	-3.7580000000000027	9.806	9.053	-15.555	13.056999999999999	10.358	4.87	10.653	2.5965000000000007
40.827	46.112	38.224	-1.341000000000001	9.995	12.107	1.529	3.1769999999999996	-23.056	-30.803	-25.162	4.926500000000001
7.276	7.38	0.015	3.5785	4.961	6.913	8.826	-2.9085	-6.923	-4.609	-1.774	-3.7315
-31.321	-34.833	-28.203	0.19699999999999918	-6.15	-8.213	1.066	-2.5765000000000007	10.867	9.649	2.189	4.948000000000001
-19.369	-20.968	-26.418	4.323999999999998	1.29	-2.142	-10.995	7.858499999999999	21.994	22.774	23.33	-1.0579999999999998
-23.899	-24.124	-20.127	-1.773500000000002	0.466	0.097	-0.204	0.5195000000000001	19.785	18.101	21.094	0.1875
-12.947	-7.746	-0.365	-8.891499999999999	5.537	10.564	4.892	-2.191	-8.19	-8.374	-11.955	1.9745000000000008
6.632	3.663	1.986	3.8074999999999997	10.478	12.784	13.31	-2.569000000000001	11.94	6.421	5.746	5.856499999999999
13.031	11.46	20.022	-2.709999999999999	26.679	31.066	31.423	-4.5655	-4.935	-2.699	0.446	-3.8084999999999996
32.072	25.814	11.651	13.339500000000001	1.673	1.897	2.869	-0.71	0.18	-6.948	-2.98	5.144
27.609	34.305	35.026	-7.0565	8.527	5.887	4.969	3.0989999999999993	6.834	5.492	-0.485	4.3305
29.533	31.828	32.073	-2.417499999999997	17.208	21.384	6.767	3.1324999999999985	8.608	4.948	5.939	3.1645000000000003
-39.807	-41.915	-52.559	7.429999999999993	19.093	13.68	7.657	8.4245	-16.234	-15.524	-10.09	-3.427000000000003
-38.012	-41.33	-41.212	3.2590000000000003	8.587	12.488	15.485	-5.3995	-17.272	-16.855	-15.761	-0.9639999999999986
-1.09	-3.607	-4.253	2.84	2.709	2.51	-3.318	3.1130000000000004	17.706	10.547	8.722	8.0715
-2.498	-1.2	-3.785	-0.00550000000000006	-15.39	-12.816	-13.653	-2.1555	10.073	7.138	9.933	1.5375000000000014
-2.14	-1.376	-2.257	-0.3235000000000001	-17.67	-12.9	-13.221	-4.609500000000001	12.66	7.301	9.132	4.4435
30.71	30.683	36.886	-3.0745000000000005	-15.0	-12.993	-15.715	-0.6460000000000008	8.114	19.519	8.255	-5.773
-20.88	-15.748	-9.718	-8.146999999999998	-6.314	-3.086	-1.045	-4.2485	4.539	-6.123	-4.28	9.7405
41.707	45.442	37.022	0.4750000000000014	6.626	5.225	7.355	0.3360000000000003	3.101	-4.585	-7.65	9.218499999999999
44.548	46.473	47.775	-2.5759999999999934	26.69	16.432	11.544	12.702000000000002	-10.41	-5.595	-0.084	-7.570500000000001
-10.796	-8.577	-22.146	4.5655	0.68	0.292	-9.595	5.3315	-12.385	-9.355	-6.886	-4.2645
40.624	32.831	33.881	7.268000000000001	18.836	3.831	4.546	14.647499999999997	-6.978	1.628	-4.845	-5.3695
30.616	24.496	27.705	4.515500000000003	4.794	3.008	9.512	-1.4660000000000002	-4.91	-0.48	-1.632	-3.854
10.199	4.558	9.467	3.1864999999999997	-7.677	-17.897	-14.127	8.335	14.205	13.243	13.215	0.9760000000000009
11.956	13.753	6.002	2.0785	1.66	3.025	-16.577	8.436	15.113	12.931	12.895	2.1999999999999993
-29.736	-38.62	-39.779	9.4635	5.821	-6.464	-2.121	10.1135	-13.887	-6.062	1.06	-11.386
-12.529	-27.427	-25.298	13.833499999999997	9.745	6.059	8.754	2.3385	4.846	10.008	21.022	-10.668999999999999
-17.77	-17.742	-14.364	-1.7169999999999987	13.584	6.506	5.602	7.529999999999999	5.539	8.14	7.661	-2.3615000000000004
-9.759	-10.33	-12.914	1.8629999999999995	21.869	20.372	19.082	2.1419999999999995	3.548	-1.554	1.759	3.4455
33.492	33.18	33.223	0.29050000000000153	-9.278	-8.415	-2.181	-3.9800000000000004	-1.362	-0.562	3.688	-2.9250000000000003
57.283	53.966	52.058	4.271000000000001	3.709	-7.563	-15.014	14.997499999999999	9.533	15.535	14.502	-5.4855
43.049	49.758	54.957	-9.308500000000002	-2.949	-4.068	-5.427	1.7984999999999998	14.123	10.729	14.044	1.7364999999999995
40.383	43.597	53.384	-8.107499999999995	4.013	-0.802	-0.692	4.76	11.107	13.758	10.567	-1.0555000000000003
32.354	31.976	39.019	-3.143500000000003	-16.34	-16.699	-2.219	-6.8809999999999985	9.61	8.406	9.743	0.535499999999999
32.55	31.827	36.214	-1.4705000000000013	-8.236	-16.894	-9.148	4.784999999999998	8.805	8.917	8.623	0.03500000000000014
3.826	6.635	0.982	0.01750000000000007	22.928	11.598	-3.103	18.680500000000002	-13.414	-19.213	-15.225	3.8050000000000015
28.417	26.569	30.281	-0.007999999999995566	5.918	12.801	11.189	-6.077000000000001	3.152	16.344	21.48	-15.759999999999998
-15.21	-12.176	-12.083	-3.0805000000000007	4.075	-7.785	-1.961	8.948	-3.101	-8.274	-5.53	3.8009999999999993
-28.875	-26.717	-27.943	-1.5450000000000017	6.789	3.38	-3.559	6.8785	12.387	12.432	10.254	1.0440000000000005
4.585	6.035	13.784	-5.324500000000001	-10.614	-5.29	-6.922	-4.508000000000001	-6.042	-8.196	-10.555	3.333499999999999
-8.926	-11.634	-17.593	5.6875	8.468	-1.593	-5.64	12.0845	2.177	4.277	7.647	-3.7849999999999997
-6.656	-9.12	-13.009	4.408499999999999	12.454	8.748	-5.011	10.585500000000001	1.003	1.773	6.387	-3.077
-2.417	-6.997	-11.251	6.706999999999999	10.451	11.959	-0.884	4.913500000000001	-2.76	1.306	4.233	-5.5295
14.14	17.669	22.248	-5.8185	6.396	10.708	7.591	-2.7535	-3.222	-5.817	-5.015	2.1940000000000004
11.571	15.169	20.103	-6.065000000000003	24.021	21.959	13.439	6.322000000000003	-7.525	-9.859	-11.53	3.1694999999999993
10.687	16.929	13.969	-4.761999999999999	24.672	25.144	22.646	0.777000000000001	-10.995	-8.738	-9.081	-2.0854999999999997
55.064	57.329	59.106	-3.153500000000001	11.221	9.196	2.721	5.2625	15.676	11.563	15.277	2.2560000000000002
-8.927	-6.814	0.242	-5.641	-3.507	-2.391	-5.416	0.3965000000000001	-24.848	-22.992	-30.786	2.041000000000004
-9.844	-5.98	-9.656	-2.025999999999999	5.674	11.628	7.846	-4.063	11.899	4.238	9.09	5.234999999999999
-15.387	-17.312	-21.822	4.18	-7.199	-7.431	-12.506	2.7695000000000007	7.367	-2.067	-1.025	8.913
-15.526	-15.368	-17.77	1.0429999999999993	-2.51	-6.166	-6.388	3.7670000000000003	10.944	7.489	-2.804	8.601500000000001
9.362	9.398	3.257	3.0345000000000004	1.599	-5.298	0.86	3.8179999999999996	13.986	16.766	14.888	-1.8409999999999975
25.225	22.554	16.582	5.657000000000004	17.238	16.072	15.019	1.692499999999999	12.38	2.937	-5.209	13.516
31.876	29.164	21.962	6.312999999999999	11.738	13.739	16.696	-3.4795000000000016	-6.348	4.226	2.185	-9.5535
37.251	37.36	37.694	-0.27600000000000335	-4.659	-7.815	-4.024	1.2605000000000004	8.673	5.004	8.414	1.9640000000000004
-31.359	-25.958	-33.239	-1.760500000000004	2.265	6.136	5.253	-3.4294999999999995	-4.852	-9.357	-2.142	0.8974999999999991
-37.37	-36.469	-27.821	-5.224999999999994	9.746	6.148	4.898	4.223000000000001	-8.509	-1.53	-7.722	-3.883
-30.12	-34.545	-35.349	4.827000000000002	14.534	8.477	5.419	7.586	-5.679	-10.348	-2.351	0.6705000000000005
-31.806	-31.8	-16.164	-7.824000000000002	19.799	24.138	26.958	-5.749000000000002	15.109	16.825	14.199	-0.40300000000000047
-34.31	-32.22	-27.586	-4.407000000000004	13.783	19.413	25.505	-8.676	13.036	15.366	16.044	-2.6690000000000005
36.212	32.683	13.866	12.937500000000004	-6.39	-10.029	-20.691	8.969999999999999	-19.151	-21.375	-18.558	0.8155000000000001
-48.243	-47.397	-49.809	0.3599999999999923	7.364	4.005	3.289	3.7169999999999996	-3.3	-2.782	8.961	-6.3895
22.321	24.951	23.165	-1.7369999999999983	3.058	-0.198	-2.548	4.431	-18.914	-18.72	-22.894	1.8929999999999971
23.175	19.117	21.837	2.6980000000000004	9.407	10.928	-10.051	8.968499999999999	4.057	-2.005	1.609	4.255000000000001
16.124	13.361	19.699	-0.40600000000000236	21.109	10.032	6.92	12.633000000000003	5.876	4.191	6.077	0.742
29.337	22.452	17.763	9.229499999999998	5.73	10.075	13.058	-5.836499999999999	6.748	-1.454	-12.211	13.5805
23.089	25.714	34.998	-7.2669999999999995	-0.965	14.304	3.223	-9.7285	19.121	8.879	5.824	11.769499999999999
8.219	7.602	10.685	-0.9245000000000001	-13.201	-21.174	-23.022	8.896999999999998	4.087	-1.029	-1.382	5.2924999999999995
31.694	25.865	16.831	10.346	6.945	3.637	-6.214	8.233500000000001	2.393	3.3	4.852	-1.6830000000000007
15.416	8.664	-2.287	12.227500000000001	-2.658	-13.054	-18.706	13.222	-14.164	-15.624	-13.036	0.16600000000000037
16.903	14.041	2.862	8.4515	-3.713	-4.531	-18.739	7.922	-15.845	-15.208	-15.979	-0.25150000000000183
25.004	18.478	10.252	10.639	7.409	-2.066	-10.616	13.75	-29.489	-19.015	-15.084	-12.439499999999999
18.618	15.242	22.769	-0.3874999999999993	5.091	13.843	13.108	-8.3845	-11.547	-14.538	-26.236	8.84
34.539	26.514	14.16	14.202000000000002	4.275	-2.507	-5.088	8.072500000000002	24.365	10.262	-0.387	19.4275
8.439	10.094	11.334	-2.2749999999999986	-6.036	-3.306	0.088	-4.427	-10.189	-4.856	-2.359	-6.5815
-26.876	-23.48	-13.011	-8.630500000000001	9.566	10.873	5.296	1.4815000000000005	-7.209	-11.418	-7.489	2.2445000000000004
-28.69	-30.621	-22.429	-2.1650000000000027	6.535	5.509	10.854	-1.6464999999999996	-13.67	-5.671	-11.36	-5.1545000000000005
-35.192	-34.525	-30.256	-2.801499999999997	15.387	14.982	6.024	4.884	-20.521	-14.738	-8.668	-8.818000000000001
-17.427	-34.622	-31.305	15.536499999999997	32.552	15.712	9.733	19.8295	-24.571	-18.196	-13.589	-8.6785
37.698	31.553	36.542	3.650500000000001	1.65	2.233	4.388	-1.6605000000000003	10.319	17.16	7.209	-1.865499999999999
30.335	32.88	38.1	-5.155000000000001	-9.978	-6.657	6.12	-9.7095	19.791	20.128	18.05	0.7020000000000017
-18.609	-20.898	-7.491	-4.414500000000002	-0.986	3.279	10.284	-7.7675	-2.38	0.479	-4.83	-0.2044999999999999
0.797	3.708	-6.822	2.354	12.065	9.278	-2.86	8.855999999999998	-5.45	-5.679	4.992	-5.1065000000000005
3.126	-6.313	0.933	5.816	6.068	15.346	12.293	-7.7515	-4.312	4.229	-4.946	-3.9535000000000005
-3.866	-5.177	-7.329	2.387	1.01	5.696	8.273	-5.9745	-4.129	2.818	0.947	-6.0115
-0.499	-4.563	2.652	0.4564999999999998	8.96	-0.243	8.774	4.6945000000000014	-0.897	6.903	4.217	-6.457
46.846	50.485	49.312	-3.052500000000002	8.854	4.875	-8.287	10.559999999999999	0.133	-1.902	10.03	-3.931
-27.613	-36.317	-37.07	9.0805	-4.303	-13.68	-16.428	10.751000000000001	5.461	7.161	9.248	-2.743499999999999
-26.132	-25.263	-26.024	-0.4884999999999984	2.408	-2.009	-3.152	4.9885	12.284	10.268	7.583	3.358500000000001
-21.037	-23.203	-26.557	3.843	1.356	-2.45	-0.878	3.0200000000000005	6.073	7.519	10.549	-2.9609999999999985
-24.011	-29.028	-30.764	5.885000000000002	-1.396	-4.442	-0.323	0.9865000000000004	-1.971	2.458	-3.181	-1.6095000000000002
-4.987	-10.222	-15.338	7.792999999999999	-2.407	2.516	-5.225	-1.0525000000000002	6.685	3.361	5.351	2.3289999999999997
-13.26	-10.007	-3.164	-6.6745	-5.3	-9.04	-4.742	1.5910000000000002	15.206	16.679	10.429	1.652000000000001
-16.944	-21.878	-18.499	3.2444999999999986	5.945	-0.166	1.579	5.2385	-11.82	-12.636	-10.966	-0.019000000000001904
-8.635	-12.49	-19.969	7.594500000000002	7.352	10.577	2.36	0.8835000000000006	-8.749	-12.447	-12.385	3.667
2.174	6.818	12.309	-7.3895	-11.712	-13.217	-4.982	-2.612499999999999	-10.419	-10.509	-17.757	3.7140000000000004
5.512	1.814	2.033	3.5885	-9.476	-2.608	-7.218	-4.563000000000001	-12.517	-9.161	-10.299	-2.786999999999999
-13.343	-7.756	-15.442	-1.7439999999999998	3.692	1.629	5.454	0.15050000000000008	-14.312	-10.704	-12.894	-2.513
-21.525	-22.212	-21.296	0.2289999999999992	26.701	23.671	11.542	9.0945	-8.153	-5.579	-2.442	-4.1425
50.511	45.725	37.138	9.079500000000003	1.401	-5.816	-8.476	8.547	-10.437	-24.902	-10.882	7.455
47.282	46.43	44.904	1.6149999999999949	12.096	3.232	-4.808	12.884	-10.507	-17.083	-11.923	3.9960000000000004
40.859	48.267	45.895	-6.222000000000001	30.977	19.597	16.493	12.931999999999999	5.165	-1.209	-7.934	9.7365
-24.693	-23.002	-24.323	-1.0305	-8.448	-6.187	-1.064	-4.8225	-7.293	-3.26	-0.418	-5.454000000000001
23.949	23.065	31.282	-3.224499999999999	-9.467	-11.536	-16.318	4.459999999999999	8.04	4.852	-7.869	9.548499999999999
-25.286	-21.837	-19.569	-4.583000000000002	-0.801	-3.8	-8.266	5.231999999999999	5.379	4.589	5.618	0.2754999999999992
-18.342	-18.012	-24.646	2.987000000000002	36.774	24.494	13.609	17.7225	-2.313	-12.773	-1.144	4.6455
-5.794	-6.058	1.689	-3.6094999999999997	-0.8	-9.715	-5.676	6.8955	2.696	12.57	11.0	-9.089
-6.756	-2.153	-5.303	-3.0280000000000005	-5.759	-3.14	-1.22	-3.579	12.149	7.236	4.643	6.209499999999999
3.895	2.089	-7.684	6.692500000000001	0.331	2.513	-0.31	-0.7705	2.493	-1.789	0.129	3.323
15.832	18.223	5.149	4.146000000000001	11.344	8.844	2.631	5.6065	1.977	-0.62	-0.241	2.4075
-29.475	-31.258	-25.174	-1.2590000000000003	1.155	-3.561	0.871	2.5	2.624	8.532	4.339	-3.8115
-37.847	-32.371	-30.447	-6.438000000000002	0.887	9.082	2.062	-4.6850000000000005	0.831	-2.161	1.679	1.072
-40.249	-38.58	-34.762	-3.578000000000003	-3.711	-2.887	5.627	-5.0809999999999995	-8.68	-7.155	-1.067	-4.569
-5.944	-5.15	-3.502	-1.6179999999999994	10.424	1.264	-3.928	11.756	-12.665	-13.176	-18.014	2.9299999999999997
6.433	6.101	9.333	-1.2840000000000007	-9.763	-14.499	-15.735	5.354000000000001	1.882	2.769	2.571	-0.788
-43.787	-41.106	-32.171	-7.1484999999999985	-5.747	6.346	5.03	-11.435	-7.891	-9.393	-6.369	-0.009999999999999787
-44.489	-41.386	-42.491	-2.5504999999999924	-22.095	-16.401	-8.461	-9.663999999999998	-16.901	-17.898	-10.594	-2.655000000000001
6.201	-2.216	-6.741	10.6795	12.532	4.897	7.709	6.229	-0.197	-1.064	-0.573	0.6214999999999999
6.944	11.477	12.237	-4.912999999999999	5.781	14.201	16.935	-9.786999999999999	1.138	-4.676	0.553	3.1995
8.839	6.546	6.48	2.3260000000000005	13.47	4.963	4.101	8.938	6.459	6.223	1.629	2.5329999999999995
6.892	8.789	10.043	-2.524	4.441	0.628	-11.471	9.8625	31.027	26.5	23.774	5.890000000000001
-21.569	-26.802	-24.119	3.8915000000000006	-5.688	-11.928	-13.949	7.2505000000000015	-13.855	-11.246	-8.943	-3.7605000000000004
-14.419	-16.734	-23.78	5.838000000000001	17.366	7.072	-8.535	18.0975	-16.732	-13.847	-12.832	-3.3924999999999983
50.749	54.342	58.901	-5.872499999999995	-8.294	0.117	3.973	-10.339	7.578	1.57	3.488	5.049
56.353	53.542	51.974	3.595000000000006	0.123	-1.921	-3.735	2.9509999999999996	13.166	11.731	4.67	4.9655000000000005
18.433	25.445	21.734	-5.156500000000001	10.51	8.058	5.71	3.6259999999999994	-7.822	-6.869	-13.395	2.3099999999999996
21.138	17.754	24.225	0.14850000000000207	14.327	10.617	7.129	5.453999999999999	-20.557	-10.739	-9.802	-10.286499999999998
28.399	23.503	21.48	5.907499999999999	19.614	15.43	9.72	7.0390000000000015	-16.29	-21.114	-7.591	-1.9374999999999982
16.914	25.882	25.635	-8.8445	0.757	13.891	17.226	-14.801499999999999	-14.032	-18.979	-19.325	5.120000000000001
14.573	21.464	28.112	-10.214999999999996	3.071	5.541	19.32	-9.3595	-22.058	-16.623	-19.057	-4.218
-18.236	-15.535	-26.047	2.5549999999999997	6.463	1.195	-5.454	8.5925	-3.415	0.437	10.302	-8.7845
-7.343	-0.939	-2.489	-5.629	-3.525	3.292	4.789	-7.5655	1.516	2.901	-2.809	1.4700000000000002
9.515	-0.094	3.39	7.867000000000001	-5.654	-13.778	-22.345	12.407499999999999	17.244	14.075	4.268	8.0725
35.639	36.805	17.257	8.608000000000004	17.439	11.6	-4.05	13.664	5.902	4.463	20.172	-6.415500000000001
-38.535	-38.347	-36.235	-1.2439999999999998	25.896	23.503	14.959	6.664999999999999	-31.42	-30.387	-26.908	-2.772500000000001
-34.357	-38.203	-35.367	2.4279999999999973	18.886	26.803	21.537	-5.2840000000000025	-21.478	-30.331	-31.448	9.411499999999997
-38.971	-39.908	-36.318	-0.857999999999997	15.819	15.183	13.412	1.5215000000000014	-32.65	-25.56	-22.295	-8.722499999999997
21.614	22.243	27.746	-3.380499999999998	17.135	4.058	1.244	14.484000000000002	-2.629	-8.011	-9.358	6.0555
27.967	24.743	24.334	3.4284999999999997	1.741	-3.616	-5.349	6.2235	20.205	18.686	12.927	4.3984999999999985
28.252	29.95	27.636	-0.5410000000000004	2.991	5.248	1.909	-0.5874999999999999	22.83	23.331	20.467	0.9309999999999974
28.949	28.479	29.021	0.19900000000000162	1.569	4.246	2.746	-1.9270000000000005	23.066	22.544	22.108	0.7399999999999984
21.229	17.551	23.269	0.8190000000000026	10.116	8.391	5.519	3.1609999999999996	12.12	9.224	-0.649	7.8325
19.487	19.98	22.606	-1.806000000000001	7.703	12.653	10.178	-3.7125000000000012	18.323	13.223	13.911	4.756
21.464	20.169	20.745	1.006999999999998	6.647	8.189	10.946	-2.9204999999999988	20.4	17.789	13.692	4.659499999999998
7.647	13.014	12.331	-5.025499999999999	-9.794	-2.353	-2.997	-7.119000000000001	-3.064	-5.918	4.68	-2.445
7.913	6.083	10.151	-0.20400000000000063	6.043	2.52	-0.962	5.264	8.315	6.225	1.303	4.551
19.726	9.351	7.544	11.2785	19.607	13.142	6.142	9.965	-1.436	0.823	-4.234	0.2695000000000001
-11.116	-16.06	-17.132	5.48	15.961	9.705	9.782	6.217499999999999	-3.301	-2.115	-3.136	-0.6755
-17.0	-12.235	-16.515	-2.625	11.435	14.817	8.413	-0.17999999999999972	3.195	-2.158	-3.165	5.8565000000000005
1.38	-2.286	-9.53	7.287999999999999	14.474	5.398	-7.219	15.384500000000001	-8.777	-13.13	-5.493	0.5345000000000013
-0.724	7.356	7.985	-8.3945	3.926	18.49	24.118	-17.378	-17.026	-12.993	-14.727	-3.1660000000000004
-3.871	-4.194	7.877	-5.7125	-0.048	1.974	22.468	-12.269	-19.379	-17.367	-12.291	-4.550000000000001
-32.285	-30.867	-28.834	-2.4344999999999963	-2.139	13.601	-0.141	-8.869	-1.541	2.285	1.186	-3.2765
-36.894	-33.595	-30.696	-4.7485	-8.119	-5.363	10.762	-10.8185	-7.551	-5.977	1.346	-5.2355
57.461	62.322	67.221	-7.310500000000005	-6.646	-10.004	-5.723	1.2175000000000002	-12.996	-9.688	-17.909	0.8025000000000002
58.523	57.486	57.955	0.802500000000002	-6.442	-8.153	-8.123	1.6959999999999997	-6.298	-10.435	-9.945	3.8920000000000012
6.802	-3.473	-1.618	9.3475	10.823	4.078	6.45	5.559	-1.941	11.552	2.337	-8.8855
43.482	34.286	25.078	13.799999999999997	12.864	3.752	-6.206	14.091000000000001	11.563	20.937	19.585	-8.698000000000002
-17.55	-23.351	-15.997	2.1239999999999988	14.661	16.137	8.323	2.430999999999999	2.534	5.271	15.74	-7.9715
-17.037	-17.917	-21.208	2.525500000000001	20.885	16.433	14.635	5.351000000000003	7.891	3.299	7.923	2.2800000000000002
-27.28	-23.132	-23.602	-3.9130000000000003	-6.119	-8.104	-0.44	-1.8470000000000004	14.388	14.132	16.578	-0.9670000000000005
11.073	15.166	3.863	1.5585000000000004	3.974	7.99	2.321	-1.1814999999999998	-2.121	-5.29	-10.069	5.5585
7.189	11.832	16.407	-6.9305	-2.463	7.168	12.819	-12.456500000000002	-14.273	-14.953	-14.987	0.6969999999999992
10.183	9.552	15.759	-2.4725	-1.47	2.011	13.863	-9.407	-14.054	-14.916	-14.724	0.766
-35.661	-37.016	-47.565	6.629499999999993	-3.453	2.529	-3.792	-2.8215	16.835	14.413	20.906	-0.8245000000000005
21.712	20.186	24.316	-0.5389999999999979	-9.208	-4.852	2.734	-8.149000000000001	29.776	28.152	27.39	2.004999999999999
10.404	1.736	-0.761	9.9165	5.464	-4.831	2.559	6.6000000000000005	0.301	7.733	15.455	-11.293
-1.415	4.336	11.507	-9.336500000000001	11.221	13.835	18.433	-4.913	13.839	16.506	7.531	1.820500000000001
19.11	13.109	7.747	8.681999999999999	10.775	7.675	-0.934	7.4045000000000005	1.185	4.59	4.11	-3.1649999999999996
-21.496	-13.748	-13.26	-7.991999999999999	-9.255	-2.397	-10.135	-2.9890000000000008	-24.314	-26.088	-26.333	1.8964999999999996
-16.579	-17.621	-17.772	1.1174999999999997	-11.183	-23.358	-13.873	7.432500000000001	-18.877	-20.693	-28.001	5.470000000000002
7.695	3.993	9.661	0.8680000000000003	-0.797	-1.221	1.464	-0.9185	-7.402	-2.102	0.5	-6.601
5.937	5.251	4.865	0.8790000000000004	-7.478	-1.181	0.214	-6.9944999999999995	-11.112	-8.651	-2.833	-5.37
-0.219	3.257	5.382	-4.5385	5.469	10.239	22.102	-10.7015	1.859	-3.739	-10.876	9.1665
-28.719	-25.913	-25.099	-3.213000000000001	17.133	9.605	19.159	2.7509999999999994	-10.89	-10.005	-11.829	0.027000000000001023
-31.661	-29.647	-25.579	-4.048000000000002	16.878	16.219	10.392	3.5725	-11.222	-10.246	-10.825	-0.6865000000000006
-8.91	-10.476	-9.358	1.0070000000000014	5.735	2.096	15.007	-2.8165000000000004	-17.912	-24.789	-23.884	6.424500000000002
22.162	22.801	30.541	-4.509	7.246	-0.308	-9.229	12.0145	-3.385	-0.544	-1.059	-2.5835
-6.248	-10.973	-12.449	5.463	26.889	17.389	6.156	15.1165	-2.055	-1.626	4.476	-3.4800000000000004
-8.912	-6.833	-11.461	0.23499999999999943	9.498	23.849	14.867	-9.860000000000001	-0.508	-1.248	-0.095	0.16349999999999998
25.076	26.735	29.946	-3.264499999999998	-11.572	-13.482	-16.716	3.527000000000001	5.028	3.9	7.806	-0.8250000000000002
19.286	7.878	-3.761	17.227500000000003	10.906	2.478	-7.349	13.3415	3.219	14.142	14.234	-10.969
0.411	3.71	-1.741	-0.5734999999999999	20.943	32.786	19.716	-5.308	-19.408	-18.478	-15.712	-2.3130000000000024
20.325	24.309	27.84	-5.749500000000001	-0.338	-4.608	-9.57	6.751	0.77	0.006	-1.285	1.4095
23.984	21.99	26.83	-0.4259999999999948	1.501	-1.103	-8.788	6.4465	-2.297	0.971	-1.501	-2.032
41.854	31.361	36.536	7.905499999999996	13.835	-8.865	-8.01	22.2725	10.317	14.469	8.608	-1.221499999999999
-26.749	-24.988	-29.894	0.6920000000000002	7.284	6.14	-5.19	6.809	-0.006	4.443	11.923	-8.189
19.073	16.087	13.347	4.356000000000002	1.857	3.779	4.446	-2.2554999999999996	8.451	17.14	15.091	-7.6645
21.561	18.705	12.039	6.189	9.908	0.66	6.737	6.209499999999999	1.407	11.099	19.432	-13.8585
22.367	22.421	19.657	1.3279999999999994	13.62	13.221	3.743	5.138	11.176	7.923	7.869	3.2800000000000002
24.589	26.028	22.405	0.3724999999999987	11.297	18.093	13.259	-4.379	16.907	17.958	9.714	3.0710000000000015
-3.777	0.558	0.426	-4.269	-1.672	2.16	-4.943	-0.2805000000000002	-3.24	-5.755	-4.52	1.897499999999999
-15.598	-10.816	-3.007	-8.6865	2.579	-0.556	1.969	1.8725	-5.43	-6.014	-4.539	-0.1534999999999993
17.423	20.073	16.606	-0.9165000000000028	27.345	31.68	27.795	-2.392500000000002	-9.932	-13.117	-14.561	3.907
-29.878	-25.619	-28.979	-2.5790000000000006	6.583	10.817	-0.544	1.4465000000000003	-4.339	-4.184	-6.753	1.1295000000000002
-26.846	-29.491	-25.189	0.4939999999999998	9.112	10.004	3.123	2.5485000000000007	-10.09	-3.374	-9.01	-3.8979999999999997
-24.477	-28.362	-24.366	1.886999999999997	4.797	7.847	8.155	-3.2039999999999997	-13.726	-7.214	-6.904	-6.667000000000001
-32.702	-27.498	-27.952	-4.976999999999997	-6.745	2.358	8.154	-12.001000000000001	-10.954	-14.276	-7.402	-0.11500000000000021
-31.404	-30.068	-29.233	-1.753499999999999	-15.3	-11.523	-0.676	-9.200500000000002	-9.012	-11.628	-13.169	3.3865
36.419	28.22	18.457	13.080499999999997	-11.621	-10.737	-7.17	-2.6675000000000004	-15.56	-14.407	0.353	-8.533000000000001
45.139	31.423	21.745	18.555000000000003	-7.061	-12.924	-8.835	3.8185000000000002	-14.508	-14.354	-5.747	-4.4575
46.68	43.03	40.023	5.153500000000001	5.296	2.035	-8.956	8.756499999999999	-5.941	-8.726	-13.668	5.255999999999999
21.862	10.38	13.402	9.970999999999998	1.469	-2.465	3.968	0.7175	-5.062	0.911	-0.115	-5.46
31.775	35.321	33.381	-2.5760000000000005	19.943	9.526	5.755	12.302500000000002	-5.934	-3.911	1.9	-4.9285
3.626	4.051	-7.505	5.353	9.028	3.901	-5.791	9.973	-0.738	-7.418	-5.917	5.929500000000001
-48.435	-46.399	-40.694	-4.8885000000000005	3.385	3.149	2.749	0.43599999999999994	-9.87	-22.635	-25.855	14.375000000000002
-32.715	-43.41	-46.879	12.42949999999999	-0.396	1.969	2.521	-2.641	-15.855	-9.631	-20.5	-0.7895000000000003
-2.445	-12.123	-14.18	10.706499999999998	3.615	-5.573	-1.458	7.1305000000000005	-5.464	-3.547	-5.186	-1.0975000000000001
-9.691	-10.45	-12.478	1.772999999999998	-1.521	0.231	8.125	-5.699	-20.94	-20.249	-12.855	-4.388000000000002
5.269	6.913	12.722	-4.548499999999999	8.857	-3.001	-0.588	10.651499999999999	17.255	13.284	6.455	7.385499999999999
11.249	7.26	7.105	4.0665000000000004	-6.803	3.447	8.995	-13.024000000000001	16.912	22.132	17.462	-2.8850000000000016
8.189	10.182	19.328	-6.565999999999999	-4.081	-6.267	-12.952	5.5285	-4.114	-2.569	2.322	-3.9905
-4.56	4.494	10.892	-12.253	-8.611	-1.208	-6.567	-4.7235000000000005	-6.701	-4.104	-2.33	-3.4839999999999995
1.901	-3.164	7.826	-0.4299999999999995	-1.181	-6.85	-3.4	3.944	-10.367	-7.415	-4.094	-4.612500000000001
-27.575	-24.947	-13.981	-8.111	-1.863	-1.835	2.201	-2.0460000000000003	0.475	1.734	0.869	-0.8264999999999999
-27.119	-31.87	-29.897	3.764499999999998	-2.546	-4.912	0.725	-0.4524999999999997	-12.148	-16.076	-21.512	6.646000000000001
7.795	8.261	7.326	0.0015000000000000568	11.004	-1.412	-13.737	18.5785	-0.263	-4.689	-1.494	2.8285
-13.665	-7.975	-1.726	-8.814499999999999	-17.304	-6.209	-9.951	-9.223999999999998	14.044	10.905	13.395	1.894000000000002
-19.547	-29.613	-30.599	10.559000000000001	-7.221	-10.974	-3.913	0.22250000000000014	15.291	13.27	16.27	0.5210000000000008
-21.475	-14.202	-28.719	-0.014500000000001734	19.184	7.184	-10.654	20.919	-0.542	3.579	14.482	-9.5725
-21.519	-17.849	-23.2	-0.9944999999999986	20.206	14.589	-7.801	16.811999999999998	1.445	-0.663	12.564	-4.5055
-23.443	-21.145	-18.078	-3.831500000000002	20.866	18.556	-1.288	12.232	2.743	-0.003	8.766	-1.6385
-23.343	-22.315	-16.662	-3.854499999999998	18.465	20.563	8.189	4.089	2.54	1.889	3.755	-0.28200000000000003
48.798	47.003	51.151	-0.27899999999999636	-10.307	-6.031	-6.0	-4.291500000000001	27.235	21.872	10.551	11.023499999999999
-3.572	1.968	0.59	-4.851	-35.706	-32.854	-26.212	-6.173000000000002	-4.124	-6.762	2.018	-1.7519999999999998
-37.559	-45.681	-42.731	6.647000000000006	6.602	2.869	1.251	4.542	-18.31	-2.961	0.168	-16.9135
-42.342	-37.376	-44.48	-1.4140000000000015	5.124	8.151	3.483	-0.6930000000000005	-9.751	-17.29	-5.252	1.5199999999999996
11.589	9.461	3.998	4.859500000000001	5.278	5.827	-9.231	6.9799999999999995	9.254	7.817	7.081	1.8049999999999997
8.248	8.895	10.986	-1.6925000000000008	10.281	3.388	-0.252	8.713000000000001	11.348	10.963	9.808	0.9625000000000004
-8.335	-5.61	8.179	-9.6195	15.204	15.568	9.636	2.6020000000000003	6.545	11.944	7.296	-3.075000000000001
40.184	35.204	37.556	3.804000000000002	15.809	2.907	5.485	11.613	7.085	7.017	0.767	3.1929999999999996
-34.317	-31.184	-31.013	-3.218499999999999	-0.317	-6.221	-4.478	5.0325	-3.311	-10.616	-5.54	4.7669999999999995
13.83	5.085	5.839	8.368	2.289	-2.898	3.207	2.1345	-31.02	-36.371	-30.08	2.205499999999997
-10.366	-11.87	-8.856	-0.0030000000000001137	10.948	9.324	22.307	-4.8675	-13.556	-2.533	-4.244	-10.1675
6.227	3.274	13.083	-1.9514999999999993	-7.432	-10.515	-5.233	0.44200000000000017	18.966	19.238	7.128	5.783000000000001
5.58	3.742	7.339	0.03950000000000031	-0.693	8.553	9.493	-9.716	0.913	3.714	3.896	-2.8919999999999995
9.017	5.758	5.427	3.4245	-7.358	-4.087	11.465	-11.047	-3.318	-1.314	1.412	-3.367
11.188	7.038	4.548	5.3950000000000005	4.751	-7.44	6.37	5.2860000000000005	-4.733	-3.232	2.761	-4.4975
2.272	10.142	6.538	-6.068	6.687	8.345	-5.165	5.0969999999999995	0.413	-3.835	-1.795	3.2279999999999998
-16.625	-16.158	-26.518	4.713000000000001	8.48	8.747	2.229	2.992000000000001	-1.21	-4.799	-1.713	2.0460000000000003
8.934	17.225	22.409	-10.883000000000001	-0.466	-9.489	-7.396	7.976500000000001	-9.003	-7.88	-4.802	-2.662000000000001
-4.852	-4.475	-11.863	3.317	15.771	8.584	8.497	7.230500000000001	6.094	3.65	6.634	0.952
-2.072	-1.692	-6.64	2.0939999999999994	36.936	24.169	12.789	18.457	6.042	7.065	5.565	-0.2730000000000006
0.284	-4.875	-1.388	3.4154999999999998	9.213	22.486	32.274	-18.167	0.033	7.19	7.002	-7.063
-0.083	-3.921	-2.199	2.9769999999999994	-15.884	-17.737	-6.763	-3.6340000000000003	-8.653	-13.128	-18.836	7.328999999999999
2.639	5.135	2.802	-1.3295	3.871	0.519	-12.624	9.9235	-3.555	-7.18	-3.874	1.972
-2.928	2.747	4.821	-6.712	-5.42	1.227	-0.548	-5.7595	-5.836	-5.139	-5.247	-0.6430000000000007
54.311	52.307	54.018	1.1484999999999985	5.668	3.161	-5.481	6.828	-7.32	-8.179	-14.184	3.8614999999999995
13.671	18.121	19.778	-5.278500000000001	3.294	11.864	7.003	-6.1395	-3.609	-10.424	-23.333	13.269499999999999
-7.822	-4.303	-11.449	0.05399999999999938	1.297	3.31	-4.894	2.089	-9.882	-5.106	-8.519	-3.0694999999999997
-21.131	-21.364	-20.902	0.0020000000000024443	-9.322	-7.568	-0.413	-5.331499999999999	-7.772	-0.776	-0.481	-7.1435
29.287	28.64	18.582	5.675999999999998	5.136	6.157	2.723	0.6960000000000006	5.59	8.735	2.692	-0.12349999999999994
30.109	29.753	26.866	1.7995000000000019	26.431	11.521	-1.912	21.6265	8.511	4.425	9.979	1.3089999999999993
10.864	3.043	10.473	4.106	2.752	0.363	2.935	1.1029999999999998	6.978	15.273	8.646	-4.9815000000000005
36.129	36.871	25.514	4.936499999999995	29.674	15.33	7.912	18.052999999999997	0.659	1.493	5.461	-2.8180000000000005
32.379	36.692	34.527	-3.2304999999999993	17.982	28.955	11.906	-2.4484999999999992	-6.158	-0.682	2.383	-7.008500000000001
31.638	31.588	37.044	-2.678000000000001	9.927	12.612	24.268	-8.513000000000002	-0.521	-5.114	-0.458	2.265
34.986	32.111	33.604	2.1284999999999954	6.346	9.889	22.134	-9.665499999999998	2.644	-0.901	-3.172	4.6805
-0.865	-6.999	-17.294	11.2815	-8.073	-16.181	-15.383	7.709	0.535	2.365	2.555	-1.9249999999999998
0.631	-4.072	-13.836	9.585	-4.086	-12.367	-16.191	10.193	8.223	1.19	5.089	5.083500000000001
5.17	4.362	6.42	-0.22100000000000009	4.494	-0.309	8.344	0.4764999999999997	10.945	6.016	1.479	7.1975
7.068	4.703	4.814	2.3095	7.033	-0.96	8.79	3.1180000000000008	12.857	10.019	0.522	7.586499999999999
0.319	-1.273	-9.763	5.837	23.073	29.153	21.647	-2.326999999999998	-4.676	-3.996	-7.771	1.2074999999999996
51.242	47.665	36.248	9.285499999999999	8.297	6.338	4.8	2.7280000000000006	12.6	17.232	18.643	-5.3375
49.597	50.328	44.469	2.198500000000003	3.289	6.542	4.386	-2.1750000000000003	20.099	14.476	19.098	3.312000000000001
36.22	42.743	48.756	-9.529499999999999	4.52	17.952	7.417	-8.1645	26.219	28.782	26.533	-1.4384999999999977
33.649	35.891	45.254	-6.923499999999997	17.642	6.58	16.003	6.3505	24.274	25.894	26.63	-1.9879999999999995
33.947	34.003	42.831	-4.469999999999999	20.989	9.09	16.207	8.3405	27.554	23.346	27.494	2.133999999999997
14.345	10.839	16.429	0.7110000000000003	-22.444	-23.215	-32.228	5.2775	-31.544	-29.602	-16.808	-8.339000000000002
18.179	20.116	12.111	2.0654999999999966	-14.605	-14.275	-24.355	4.710000000000001	-28.088	-29.908	-28.203	0.9675000000000011
26.553	17.765	16.524	9.4085	-26.204	-17.18	-18.462	-8.383000000000003	-26.957	-29.77	-30.316	3.0859999999999985
-26.013	-21.889	-23.722	-3.2074999999999996	-3.217	1.955	2.008	-5.1985	12.155	4.724	9.052	5.2669999999999995
24.252	23.724	26.99	-1.1050000000000004	7.157	4.432	10.066	-0.09200000000000053	5.429	11.482	6.743	-3.6835000000000004
18.184	24.648	31.833	-10.056499999999996	-8.419	-7.216	-8.281	-0.6705000000000005	-9.993	-4.682	5.89	-10.597
-22.19	-27.578	-23.448	3.322999999999997	-1.12	-7.052	-3.324	4.068	-30.705	-26.59	-27.508	-3.655999999999999
1.906	-1.443	-7.293	6.274	10.724	1.707	-7.748	13.7445	-6.27	-2.84	7.032	-8.366
52.902	48.341	43.067	7.198	-4.578	-5.034	6.886	-5.5040000000000004	-13.631	-7.467	0.285	-10.040000000000001
61.111	56.655	53.1	6.233499999999999	14.55	0.856	-4.647	16.445500000000003	0.264	4.458	-5.664	0.8669999999999998
66.525	65.077	56.35	5.811500000000009	26.816	23.49	0.552	14.795	20.693	5.402	3.402	16.291
-21.371	-17.895	-18.963	-2.9419999999999966	-0.762	-4.691	5.911	-1.3719999999999999	-14.21	-19.601	-15.06	3.1205
5.72	22.113	27.483	-19.078000000000003	-1.634	1.705	2.529	-3.751	13.029	17.987	10.17	-1.0494999999999983
9.168	5.571	22.78	-5.0075	7.929	2.773	1.201	5.942	2.4	7.611	17.592	-10.2015
7.139	9.559	11.862	-3.5714999999999995	7.374	7.863	0.747	3.068999999999999	6.868	2.785	13.742	-1.3955000000000002
6.045	8.561	7.427	-1.9489999999999998	4.959	8.373	2.337	-0.3959999999999999	7.829	5.62	7.85	1.0940000000000003
7.916	9.465	12.527	-3.0799999999999983	-1.878	-8.802	-0.498	2.7719999999999994	4.665	10.342	-8.37	3.6789999999999994
3.72	5.368	7.633	-2.7805000000000004	-11.936	-16.867	4.602	-5.8035	15.526	16.521	15.286	-0.3775000000000013
18.998	13.849	21.877	1.1350000000000016	7.368	0.389	-4.851	9.599	-12.346	-12.906	-20.011	4.112500000000001
44.094	39.425	37.439	5.661999999999999	29.945	32.154	19.73	4.003	10.511	12.806	9.597	-0.6905000000000001
-31.221	-28.208	-25.308	-4.463000000000001	3.15	2.945	-9.165	6.26	5.491	9.152	13.543	-5.8565000000000005
-22.606	-29.84	-27.409	6.018499999999996	9.332	2.782	-2.529	9.2055	-1.082	5.286	11.909	-9.6795
-27.498	-21.819	-29.023	-2.0770000000000017	10.479	14.598	2.837	1.761499999999998	-7.561	-3.468	5.86	-8.757
-11.577	-11.667	-10.725	-0.3810000000000002	12.426	12.326	8.967	1.7795000000000005	12.377	6.328	0.859	8.7835
-10.955	-11.558	-11.104	0.37599999999999945	13.186	13.362	13.336	-0.16300000000000026	12.06	11.485	2.976	4.829500000000001
42.668	53.328	54.973	-11.482500000000002	-2.892	-5.561	-17.864	8.820500000000001	-0.575	-1.716	1.98	-0.707
47.163	50.472	48.515	-2.3305000000000007	24.393	7.911	-3.592	22.2335	15.295	8.073	-0.946	11.7315
32.386	28.65	28.174	3.9740000000000038	-6.275	-5.766	-4.388	-1.1980000000000004	-10.127	-16.989	-16.654	6.6945
31.547	31.546	27.234	2.157	11.291	-5.182	-6.484	17.124000000000002	-17.383	-11.037	-17.692	-3.0184999999999995
28.642	30.859	30.486	-2.0305	11.114	14.149	-5.251	6.665000000000001	-15.12	-17.169	-13.272	0.10050000000000203
21.352	25.801	31.461	-7.279	9.508	5.935	9.857	1.612	-14.879	-14.083	-15.213	-0.23099999999999987
3.684	4.527	3.981	-0.5699999999999994	-12.248	-12.303	-19.894	3.850500000000002	-3.415	-3.809	-3.375	0.17700000000000005
10.138	5.945	4.364	4.983499999999999	-13.894	-8.324	-12.385	-3.5395000000000003	3.083	-3.32	-3.76	6.623
-19.211	-12.734	-13.557	-6.065499999999998	19.34	19.102	17.912	0.833000000000002	-1.616	6.535	14.748	-12.2575
-21.574	-25.927	-14.133	-1.5440000000000005	23.901	26.142	17.925	1.8674999999999997	-4.57	-3.245	5.462	-5.6785
-22.629	-23.351	-18.773	-1.5670000000000037	24.998	24.789	22.918	1.1445000000000007	-1.65	-4.364	-0.887	0.9754999999999998
-17.67	-19.687	-22.844	3.5955000000000013	22.674	21.045	24.539	-0.1180000000000021	-2.934	-2.439	-3.388	-0.020500000000000185
10.386	3.015	-3.386	10.571499999999999	9.281	6.414	10.445	0.8514999999999997	9.651	18.577	7.372	-3.323500000000001
21.607	20.467	28.236	-2.744500000000002	-16.39	-15.203	-19.637	1.0300000000000011	0.032	5.503	-0.042	-2.6985
-31.582	-28.727	-22.755	-5.841000000000001	-10.655	1.599	-6.63	-8.1395	0.943	-3.376	-11.252	8.257
48.982	45.051	41.768	5.572499999999998	12.974	13.773	13.365	-0.5949999999999989	11.581	13.468	3.186	3.2539999999999996
1.469	7.123	-10.836	3.3255	10.68	15.07	6.781	-0.24549999999999983	2.693	1.158	10.722	-3.2469999999999994
-23.475	-27.431	-24.36	2.420499999999997	17.272	9.578	8.392	8.286999999999999	-11.484	-1.616	4.759	-13.0555
-3.796	-8.28	-4.93	2.8089999999999997	-8.869	-11.252	-13.628	3.5710000000000015	0.364	0.798	2.708	-1.3890000000000002
-2.008	1.285	-2.537	-1.3820000000000001	-18.287	-15.554	-16.796	-2.1119999999999983	1.814	5.0	12.714	-7.042999999999999
-27.012	-24.687	-20.327	-4.504999999999999	2.65	12.104	21.599	-14.201500000000001	-24.588	-19.398	-21.575	-4.1015000000000015
28.552	30.647	28.192	-0.8674999999999997	10.748	10.929	3.441	3.562999999999999	10.591	-3.508	-14.082	19.386
15.525	22.251	25.899	-8.550000000000002	11.635	24.431	8.657	-4.909000000000001	2.761	3.997	4.625	-1.5499999999999998
19.05	18.571	15.311	2.108999999999998	-27.87	-30.851	-27.362	1.236499999999996	33.042	30.993	32.361	1.365000000000002
-37.474	-27.254	-29.325	-9.184499999999996	-18.555	-9.85	-16.363	-5.448499999999999	-2.111	-6.054	1.984	-0.07600000000000007
28.442	32.783	34.44	-5.169499999999999	1.13	-4.482	2.63	2.056	15.883	16.137	4.91	5.359499999999999
29.433	29.951	34.419	-2.7520000000000024	-2.147	0.118	-2.897	-0.7574999999999998	16.459	16.273	11.09	2.7775
-6.222	-3.018	-23.149	6.8615	2.165	12.761	1.597	-5.013999999999999	12.231	8.61	20.087	-2.1174999999999997
-19.407	-12.85	-6.381	-9.7915	14.899	2.693	10.282	8.4115	6.438	11.874	9.661	-4.3295
-7.674	-6.33	-5.935	-1.5415	3.054	-1.507	-10.289	8.952	6.299	13.941	11.808	-6.575500000000001
-18.384	-19.259	-16.625	-0.44200000000000017	-4.769	-4.897	-3.771	-0.4350000000000005	1.719	6.05	2.99	-2.8009999999999993
0.839	0.986	4.829	-2.0685	-5.1	-4.605	-0.251	-2.6719999999999993	-21.754	-26.493	-34.121	8.553
17.972	10.067	0.999	12.439	18.635	6.295	-5.365	18.17	-35.675	-28.697	-24.127	-9.262999999999998
11.448	12.845	17.166	-3.557500000000001	-6.347	-9.129	11.339	-7.452000000000001	-30.182	-26.847	-35.386	0.9345000000000034
-18.51	-23.054	-27.67	6.852	22.757	16.119	5.465	11.965000000000002	0.868	0.341	-0.843	1.119
-26.23	-30.637	-33.811	5.994000000000003	-3.602	-2.491	-10.546	2.9164999999999996	-7.724	-6.23	6.654	-7.936
-21.833	-23.156	-31.316	5.402999999999999	5.794	2.323	-5.253	7.2589999999999995	-5.424	-6.442	-3.928	-0.23899999999999988
21.015	24.406	21.236	-1.8059999999999974	8.789	4.787	3.001	4.895	21.787	24.108	19.902	-0.21800000000000352
-19.945	-20.035	-14.903	-2.475999999999999	-10.128	-0.797	9.794	-14.6265	-10.176	-8.573	-12.259	0.2400000000000002
12.737	15.325	22.244	-6.047500000000001	11.176	16.339	6.683	-0.3349999999999991	-2.613	-11.755	-1.397	3.9630000000000005
34.71	28.74	32.397	4.141500000000001	-0.34	-0.852	-10.127	5.149500000000001	5.798	10.469	16.424	-7.6485
-37.72	-33.196	-20.931	-10.656500000000001	1.282	-1.781	-1.794	3.0695	3.302	9.961	4.234	-3.7955
-15.974	-19.769	-22.11	4.965499999999999	-5.004	0.291	6.764	-8.5315	15.216	6.601	7.258	8.2865
-10.305	-16.483	-22.842	9.357500000000002	-1.73	-2.279	5.017	-3.099	18.531	9.062	8.462	9.768999999999998
-6.611	-10.036	-11.551	4.1825	4.622	3.893	8.293	-1.471	13.228	14.039	8.744	1.8364999999999991
-2.359	-1.97	-1.474	-0.637	8.788	14.025	7.888	-2.1685	-13.994	-15.993	-9.449	-1.2729999999999997
8.028	17.171	15.38	-8.2475	2.182	18.727	22.444	-18.4035	-10.455	-11.857	-12.983	1.9649999999999999
2.646	9.748	19.014	-11.735	-5.803	5.31	23.338	-20.127	-21.47	-10.555	-13.118	-9.633499999999998
5.737	6.539	6.563	-0.8140000000000001	-0.828	3.349	3.455	-4.23	12.445	8.013	3.51	6.6835
10.81	5.361	11.818	2.2205000000000013	16.806	3.734	5.071	12.403500000000001	0.979	0.894	-3.778	2.421
2.281	0.703	-4.148	4.0035	-9.347	-15.157	-12.002	4.2325	-3.707	-11.775	-16.442	10.401499999999999
7.227	-3.258	-1.68	9.696	17.332	5.384	-11.041	20.1605	-14.083	-9.159	-2.714	-8.1465
11.369	16.407	18.244	-5.956499999999998	8.075	4.053	5.955	3.0709999999999997	17.45	15.342	9.973	4.792499999999999
6.429	3.295	3.499	3.032	3.203	5.736	-0.073	0.37150000000000016	13.777	10.589	4.392	6.286499999999998
8.267	4.961	2.332	4.6205	5.89	4.335	1.788	2.8284999999999996	16.461	12.643	7.294	6.492499999999998
-42.389	-46.348	-39.182	0.37599999999999767	4.007	-0.817	3.36	2.7354999999999996	23.263	20.522	22.271	1.866500000000002
-10.735	-11.006	-20.337	4.9365000000000006	6.667	4.389	7.929	0.5079999999999991	-13.94	-19.845	-10.056	1.0104999999999986
-24.192	-14.156	-12.124	-11.052	-6.81	3.712	5.248	-11.29	-13.766	-15.553	-18.405	3.212999999999999
19.304	11.915	3.542	11.575499999999998	-0.076	-4.328	-6.29	5.2330000000000005	-6.989	-10.397	3.767	-3.6739999999999995
47.22	53.474	54.283	-6.658500000000004	7.319	11.486	-1.423	2.2874999999999996	2.265	-4.079	3.415	2.597
44.213	41.928	43.943	1.2775000000000034	7.948	5.947	5.684	2.1325000000000003	11.453	8.708	7.605	3.296499999999998
-33.313	-36.566	-33.103	1.5215000000000032	9.563	8.038	7.085	2.0015	-15.713	-3.414	-0.851	-13.580499999999999
11.153	6.725	1.158	7.211500000000001	15.892	11.994	10.739	4.525499999999999	-21.133	-19.316	-19.072	-1.939
-8.285	-8.775	-2.014	-2.8905000000000003	1.765	-3.36	6.098	0.3959999999999999	-6.175	-5.796	-7.651	0.5484999999999998
32.375	33.219	26.915	2.308	-6.775	-7.274	-5.62	-0.3280000000000003	-0.455	-4.741	-10.643	7.237
34.214	33.321	28.983	3.0619999999999976	-7.858	-7.515	-5.9	-1.1505	-0.122	-2.199	-9.433	5.694
33.209	33.755	31.938	0.36250000000000426	-6.879	-8.135	-6.856	0.6165000000000003	-0.611	-0.16	-5.171	2.0545
35.793	34.307	33.714	1.7824999999999989	4.255	-5.59	-7.931	11.0155	-8.25	-1.795	-0.919	-6.893
28.512	34.943	34.014	-5.966499999999996	8.163	5.497	-7.288	9.0585	-0.503	-5.987	-0.52	2.7504999999999997
0.513	-6.4	-5.086	6.256	2.642	4.524	-2.973	1.8664999999999998	17.423	16.163	7.947	5.3679999999999986
-50.875	-44.607	-38.939	-9.102000000000004	-0.177	4.307	5.834	-5.2475	23.741	24.374	20.868	1.120000000000001
-12.349	-11.21	-5.462	-4.013	-9.188	-8.74	-8.443	-0.5965000000000007	4.251	7.572	11.036	-5.053
-10.873	-6.443	-11.625	-1.8390000000000004	-7.416	-14.008	-9.235	4.205499999999999	6.249	4.971	5.807	0.8599999999999994
20.961	18.006	22.754	0.580999999999996	21.189	11.528	4.318	13.266	-4.488	-12.749	-12.842	8.307500000000001
8.301	13.27	10.577	-3.6225000000000005	7.354	12.925	-4.707	3.245	4.625	-5.71	0.541	7.2095
11.186	9.539	11.654	0.589500000000001	5.886	7.328	5.253	-0.40449999999999964	7.325	3.537	-4.255	7.684
-6.206	-7.632	-8.82	2.0199999999999987	4.396	-7.924	-14.021	15.368500000000001	11.906	17.58	19.102	-6.4350000000000005
-3.468	-5.623	-7.045	2.8659999999999997	8.581	5.211	-12.951	12.451	8.547	11.19	17.95	-6.023
16.527	12.369	10.108	5.288500000000001	9.281	5.308	8.195	2.5295000000000005	-2.865	-12.513	-25.373	16.078000000000003
33.394	26.911	18.048	10.914499999999997	32.209	15.927	7.299	20.596000000000004	-2.079	-4.231	-2.086	1.0795
45.384	42.628	43.048	2.5459999999999994	21.624	17.447	13.246	6.2775	-6.196	0.787	2.66	-7.919499999999999
14.896	19.796	19.943	-4.973500000000001	5.945	1.017	8.472	1.2005000000000008	-8.18	-7.06	-5.801	-1.7494999999999994
1.324	3.211	15.269	-7.916	-15.903	-4.927	2.687	-14.783000000000001	-15.715	-17.858	-8.164	-2.7040000000000006
-18.434	-19.832	-12.333	-2.3515000000000015	0.719	-1.952	5.581	-1.0955000000000004	14.786	7.023	-1.062	11.8055
-16.312	-11.224	-15.685	-2.8575000000000017	12.979	17.932	7.913	0.05649999999999977	13.725	6.268	14.108	3.536999999999999
9.661	12.06	18.96	-5.849000000000002	-15.21	-16.9	-19.422	2.9510000000000005	-6.533	-6.483	-0.249	-3.1670000000000007
5.194	10.525	17.207	-8.672	-7.56	-15.284	-16.275	8.2195	-6.563	-7.664	-2.484	-1.4889999999999999
5.563	5.383	11.817	-3.037	-5.18	-8.034	-16.747	7.2105	-5.969	-5.9	-6.024	-0.007000000000000561
-14.907	-23.987	-35.133	14.653000000000002	6.338	5.312	-2.592	4.978	-15.914	-12.941	-5.944	-6.471499999999999
19.666	15.471	0.335	11.763	10.712	1.082	4.496	7.923	-3.194	-7.733	8.735	-3.695
-9.545	-10.672	-15.291	3.4365000000000006	-1.204	-6.509	0.919	1.591	-2.12	-3.032	-3.389	1.0904999999999996
-24.238	-16.894	-12.185	-9.6985	-8.799	-2.365	0.448	-7.8405	-21.42	-23.248	-12.664	-3.464000000000002
39.765	40.57	50.197	-5.618499999999997	-17.301	-12.5	-16.285	-2.9084999999999983	6.706	12.018	10.761	-4.6834999999999996
32.893	28.647	24.43	6.354500000000002	14.885	6.074	2.392	10.652000000000001	-26.156	-23.08	-17.876	-5.677999999999997
30.979	31.823	28.076	1.0294999999999987	26.074	13.278	3.401	17.7345	-17.348	-25.765	-21.531	6.300000000000001
28.353	31.452	29.48	-2.1129999999999995	24.517	23.076	7.113	9.4225	-13.655	-18.431	-23.749	7.4350000000000005
-34.171	-27.752	-18.695	-10.947499999999998	1.902	4.096	1.477	-0.8845000000000003	-0.35	-1.034	4.741	-2.2035
12.371	14.709	8.183	0.9250000000000007	9.083	8.743	9.311	0.05599999999999916	-3.181	-14.648	-18.331	13.308499999999999
4.922	11.533	16.224	-8.956499999999998	-9.184	-8.454	-2.955	-3.479499999999999	23.574	24.893	20.997	0.6290000000000013
13.722	15.64	22.916	-5.555999999999999	6.861	-7.179	-11.802	16.3515	-12.988	-11.621	-9.643	-2.355999999999998
5.883	15.022	11.946	-7.601	6.472	6.331	5.813	0.40000000000000036	-12.652	-11.127	-13.646	-0.2654999999999976
7.218	7.117	0.708	3.3055	0.64	-0.193	-2.079	1.7760000000000002	16.126	24.695	13.163	-2.803000000000001
19.918	17.817	21.058	0.48049999999999926	-11.289	-5.857	-6.142	-5.289499999999999	12.191	7.029	17.091	0.13100000000000023
18.212	21.723	19.781	-2.539999999999999	-0.991	-7.192	-8.013	6.6115	24.297	21.043	10.808	8.371500000000001
64.107	69.334	62.663	-1.8915000000000077	-5.951	0.228	-2.608	-4.760999999999999	2.185	-1.683	1.201	2.426
59.824	57.477	67.675	-2.7519999999999953	3.273	-6.911	-4.743	9.1	0.44	3.573	-5.039	1.1729999999999998
-31.521	-34.452	-39.53	5.469999999999999	0.46	-7.66	-6.336	7.458	-8.487	-1.112	-5.674	-5.093999999999999
23.704	29.721	31.051	-6.681999999999999	5.172	7.74	-1.346	1.9749999999999996	7.47	3.418	0.975	5.2735
11.719	11.016	8.875	1.7735000000000003	-7.203	-8.059	-1.184	-2.581500000000001	-12.019	-16.207	-7.196	-0.3175000000000008
2.174	10.43	9.18	-7.631	-8.103	-6.952	-6.164	-1.545	-16.4	-13.773	-10.063	-4.481999999999999
3.898	2.013	-9.968	7.875500000000001	27.664	9.791	7.272	19.1325	-10.214	-6.549	-1.084	-6.3975
29.701	29.644	39.323	-4.782499999999999	0.775	-0.991	-3.704	3.1225	14.523	18.612	5.933	2.2505000000000006
-42.946	-42.122	-34.866	-4.451999999999998	5.73	0.502	-3.962	7.460000000000001	-3.948	3.73	8.862	-10.244
12.584	8.465	3.519	6.592	6.343	1.708	5.368	2.8049999999999997	2.63	9.308	12.086	-8.067
-15.973	-20.2	-16.139	2.1964999999999986	17.397	9.727	10.374	7.346499999999999	3.216	-0.357	-0.136	3.4625000000000004
-8.274	-14.692	-11.586	4.865	19.779	10.658	23.258	2.8210000000000015	4.848	7.999	5.462	-1.8824999999999994
-20.485	-17.742	-20.922	-1.1529999999999987	-4.271	-3.045	-5.266	-0.11549999999999994	-1.398	-2.231	-7.442	3.4385000000000003
39.244	47.968	39.148	-4.314000000000007	-3.732	0.261	-3.735	-1.9950000000000003	-8.086	-16.124	-5.219	2.5854999999999997
32.452	37.038	39.59	-5.862000000000002	-4.157	-5.552	9.772	-6.267	1.477	-0.894	-3.199	3.5235000000000003
33.996	32.529	37.481	-1.0090000000000003	7.738	3.448	-2.582	7.305000000000001	14.425	5.389	-1.584	12.5225
-5.323	-1.446	4.854	-7.027000000000001	-0.936	0.321	2.637	-2.415	8.647	14.705	11.314	-4.362499999999999
-21.611	-19.332	-17.236	-3.3270000000000017	-1.469	3.093	-3.023	-1.504	0.144	3.901	1.866	-2.7394999999999996
41.828	42.075	43.116	-0.7674999999999983	15.01	1.453	-1.144	14.8555	2.519	-0.683	3.428	1.1465
5.428	5.252	9.058	-1.7269999999999994	0.897	0.48	1.618	-0.1519999999999999	3.674	3.167	-6.921	5.551
1.818	3.349	5.253	-2.483	2.409	2.28	-0.775	1.6564999999999999	6.794	4.833	1.308	3.7234999999999996
3.418	-1.233	-3.781	5.925000000000001	6.835	10.154	12.355	-4.4195	-4.258	-3.661	4.534	-4.6945
18.942	29.891	23.331	-7.668999999999997	-4.603	-0.831	1.455	-4.915	2.677	-8.325	-6.259	9.969
19.26	21.675	29.426	-6.290499999999998	-8.791	-6.2	3.389	-7.3855	6.318	-0.685	-11.232	12.276499999999999
23.808	20.133	19.688	3.897500000000001	12.558	2.19	-8.97	15.948	-2.774	-0.689	6.384	-5.6215
21.608	17.167	21.935	2.0569999999999986	-1.417	-3.492	7.191	-3.2664999999999997	11.66	10.953	-1.059	6.713
-46.736	-46.322	-47.529	0.18950000000000244	7.805	10.33	6.234	-0.4770000000000003	4.607	3.119	5.021	0.5369999999999999
22.638	21.464	7.957	7.927500000000002	9.705	4.438	-6.624	10.798	-13.24	-21.757	-16.751	6.014000000000001
25.213	21.748	12.688	7.995000000000001	11.225	8.494	-3.883	8.9195	-7.308	-15.439	-20.359	10.591000000000001
24.175	20.992	25.747	0.8054999999999986	15.516	13.09	5.263	6.339499999999999	-0.17	4.893	-0.232	-2.5004999999999997
28.173	25.349	16.051	7.472999999999999	15.928	7.979	2.184	10.8465	2.918	9.887	6.544	-5.2975
28.435	28.448	24.346	2.0380000000000003	20.08	17.137	5.785	8.618999999999998	11.139	4.937	9.194	4.073499999999999
30.696	28.969	28.739	1.8420000000000023	22.525	21.501	17.66	2.944499999999998	7.824	11.305	5.959	-0.8079999999999998
23.956	15.577	17.283	7.526	13.125	8.499	7.453	5.148999999999999	0.996	5.608	3.709	-3.6625
-56.034	-51.368	-35.692	-12.503999999999998	4.776	-0.228	5.205	2.2874999999999996	-14.372	-10.325	-8.961	-4.728999999999999
-54.878	-54.831	-40.939	-6.992999999999995	-2.391	4.572	1.023	-5.1884999999999994	-18.137	-13.553	-7.604	-7.5585
-6.179	-14.249	-21.414	11.652500000000002	10.051	4.114	-6.788	11.388	-10.611	-9.586	-22.925	5.644500000000001
-4.139	-1.832	-7.811	0.6825000000000001	8.341	5.706	9.225	0.8754999999999988	-6.484	-6.647	-8.747	1.213
2.987	-2.108	-3.655	5.8685	11.675	9.977	7.211	3.0809999999999995	-13.702	-7.982	-6.59	-6.416
3.107	3.437	0.156	1.3105000000000002	12.052	11.338	10.74	1.013	-6.585	-6.989	-10.578	2.1985
27.721	27.548	30.235	-1.1705000000000005	10.801	9.878	17.114	-2.6950000000000003	-1.19	2.147	3.716	-4.121499999999999
34.06	35.868	40.926	-4.337000000000003	-34.775	-21.218	-19.913	-14.209499999999998	22.502	16.858	13.468	7.338999999999999
-25.622	-14.654	-5.062	-15.764	1.732	3.208	5.831	-2.7875000000000005	3.44	-0.045	-6.194	6.5595
-8.207	-14.752	-14.634	6.486000000000001	10.014	6.021	7.148	3.429499999999999	-7.658	-7.393	-9.034	0.5554999999999994
12.814	7.292	3.13	7.603	-4.652	-11.859	-5.657	4.105999999999999	-17.626	-21.515	-0.502	-6.6175000000000015
10.57	10.174	3.778	3.5940000000000003	-3.807	-8.517	-9.559	5.231	-16.669	-21.996	-7.561	-1.8905000000000012
-11.426	-3.664	7.742	-13.465	-35.828	-25.321	-17.162	-14.586500000000001	-18.731	-24.556	-18.555	2.8245000000000005
-45.932	-47.04	-42.635	-1.0945000000000036	-6.455	0.739	4.318	-8.9835	8.909	18.01	13.756	-6.974
-39.031	-42.234	-46.266	5.219000000000001	-0.119	-1.562	-2.712	2.018	-6.8	4.516	12.998	-15.556999999999999
-45.063	-39.057	-41.564	-4.752499999999998	-4.194	-2.558	-1.056	-2.387	-7.029	-6.988	3.332	-5.201
18.524	15.003	9.356	6.3445	1.934	-4.043	-9.951	8.931	15.894	19.241	24.728	-6.0905000000000005
-5.827	-5.896	-22.441	8.3415	19.904	12.22	8.389	9.599499999999999	-10.144	-22.018	-9.359	5.544500000000001
7.789	10.477	11.64	-3.2695000000000007	-8.841	-13.506	-13.074	4.449	13.549	5.852	-0.857	11.051499999999999
-24.873	-36.195	-47.356	16.9025	14.27	10.717	1.701	8.061	9.725	0.335	7.049	6.0329999999999995
-15.91	-18.157	-19.863	3.099999999999998	-7.166	-7.687	-1.387	-2.6290000000000004	8.874	8.991	12.74	-1.9915000000000003
28.048	27.921	23.972	2.101499999999998	8.266	-1.735	-2.734	10.5005	11.131	11.91	19.12	-4.384
36.862	31.486	18.944	11.647000000000002	-2.292	0.092	-5.405	0.3645000000000005	-29.573	-26.025	-18.213	-7.454000000000001
40.445	38.395	32.947	4.773999999999994	-2.504	-6.972	-0.402	1.1830000000000003	-21.128	-27.425	-26.798	5.983499999999999
46.26	45.835	41.991	2.3470000000000013	17.628	14.077	-1.016	11.0975	-17.863	-15.243	-21.458	0.4875000000000007
44.194	50.405	47.337	-4.677	24.135	20.56	18.723	4.493500000000001	-14.986	-16.127	-16.923	1.538999999999998
44.741	47.454	48.565	-3.268500000000003	32.207	21.585	21.328	10.750500000000002	-14.1	-15.57	-17.514	2.442000000000002
11.3	14.627	23.147	-7.587	-1.122	4.389	14.04	-10.3365	12.523	8.212	-0.346	8.59
-4.453	-2.378	-0.506	-3.011	4.627	11.069	4.398	-3.1065000000000005	-4.503	-7.168	-18.7	8.431
8.395	11.305	0.052	2.7165	10.835	7.3	-0.337	7.3535	2.499	1.777	6.246	-1.5124999999999997
-0.141	4.479	5.198	-4.9795	10.476	16.861	11.713	-3.810999999999998	-7.158	-10.728	-3.455	-0.06650000000000045
32.567	28.31	23.362	6.731000000000002	3.497	-10.188	-18.046	17.614	10.337	11.982	14.741	-3.0244999999999997
19.785	18.845	19.628	0.5485000000000007	12.343	6.339	11.159	3.5939999999999994	-0.927	0.467	5.801	-4.061
-41.773	-43.721	-48.055	4.114999999999995	-26.245	-23.141	-23.652	-2.8485000000000014	-13.611	-9.841	-7.849	-4.766000000000002
18.897	15.167	12.219	5.203999999999999	13.211	11.278	7.351	3.8964999999999996	20.487	11.189	6.259	11.762999999999998
43.036	38.282	46.566	0.6120000000000019	-3.31	1.51	-0.551	-3.7895	6.764	6.457	15.67	-4.299499999999999
-18.79	-19.175	-23.056	2.3255000000000017	4.887	4.795	0.117	2.4309999999999996	6.507	13.683	9.048	-4.858500000000001
-24.002	-18.864	-20.597	-4.2715	-5.953	4.338	4.243	-10.243500000000001	4.544	7.137	12.161	-5.1049999999999995
-21.698	-22.164	-19.544	-0.8440000000000012	-11.213	-2.545	4.555	-12.218	0.463	4.098	12.333	-7.7525
-23.908	-24.309	-22.229	-0.6390000000000029	-2.009	-9.985	-9.2	7.583499999999999	-4.871	-3.129	0.268	-3.4405000000000006
-16.926	-22.328	-25.128	6.802000000000003	-0.216	-3.47	-11.109	7.0735	-1.504	-5.136	-0.47	1.299
-10.622	-8.126	-4.622	-4.248	4.278	7.004	17.502	-7.9750000000000005	-4.763	-7.75	-7.299	2.7615
13.205	14.394	14.28	-1.1319999999999997	4.348	9.675	13.46	-7.219500000000001	4.601	-5.434	-16.62	15.628
11.583	14.121	14.64	-2.797500000000001	6.779	6.39	10.633	-1.7325	7.529	2.165	-13.283	13.088
29.796	28.838	13.51	8.622	-0.969	9.929	1.774	-6.8205	6.943	6.229	4.661	1.4979999999999993
17.966	24.07	30.059	-9.098500000000001	6.923	10.333	2.286	0.6135000000000002	14.835	15.409	11.04	1.6105000000000018
-24.069	-23.011	-20.025	-2.5509999999999984	9.461	5.383	6.889	3.325	-3.539	-7.627	-4.454	2.5014999999999996
-23.919	-24.546	-21.851	-0.7205000000000013	14.199	10.187	4.267	6.9719999999999995	-2.807	-4.528	-5.669	2.2914999999999996
48.063	53.928	52.116	-4.958999999999996	-2.086	0.837	-17.311	6.151	-11.602	-8.514	-2.291	-6.1995000000000005
-25.281	-22.854	-38.143	5.217500000000001	12.81	3.577	-9.177	15.61	7.213	5.29	2.149	3.4935
28.829	31.022	32.88	-3.122	-21.919	-12.191	-9.348	-11.1495	-1.977	-3.659	-7.139	3.4219999999999997
-19.089	-23.423	-21.492	3.368500000000001	-14.598	-20.279	-21.507	6.295	2.468	-1.308	-1.183	3.7135
-21.372	-19.584	-16.872	-3.1439999999999984	-10.872	-19.072	-20.776	9.052	-4.349	-2.023	3.588	-5.1315
-8.037	-2.649	2.183	-7.804	30.274	21.231	11.986	13.665500000000002	3.305	2.043	11.624	-3.5285000000000006
-37.248	-40.158	-36.706	1.1840000000000046	-4.966	-8.363	2.637	-2.1030000000000006	-6.232	4.495	0.736	-8.8475
48.691	54.586	56.853	-7.028499999999994	6.156	-4.831	4.304	6.419499999999999	-22.301	-25.801	-16.76	-1.0204999999999984
10.485	17.112	24.5	-10.320999999999998	-18.848	-12.456	-8.206	-8.517	2.811	-2.807	-1.093	4.761
4.147	2.03	4.415	0.9245000000000001	0.205	0.631	11.152	-5.6865	2.584	3.082	1.293	0.3965000000000001
-1.224	-0.759	-8.2	3.2554999999999996	11.533	4.06	-9.453	14.2295	15.536	9.249	12.883	4.470000000000001
-1.218	-0.58	-5.869	2.0065	9.686	7.355	-6.324	9.1705	13.215	12.87	10.322	1.6189999999999998
-11.815	-11.028	-3.25	-4.675999999999999	1.16	-6.191	-8.875	8.693	1.379	5.139	-0.884	-0.7484999999999999
-6.922	-9.3	-4.464	-0.03999999999999915	22.063	15.251	11.107	8.884	19.185	23.942	24.291	-4.931500000000003
28.959	24.628	32.832	0.2289999999999992	-4.871	-4.938	-6.567	0.8814999999999991	5.959	-0.312	-5.602	8.916
22.251	19.179	5.9	9.711500000000001	32.063	14.559	7.633	20.967000000000002	6.245	11.822	9.016	-4.174
46.894	42.403	44.967	3.208999999999996	-15.778	-16.263	-5.884	-4.7044999999999995	9.314	11.087	13.105	-2.782
36.009	35.495	41.017	-2.247	9.05	-0.737	-6.826	12.8315	11.313	12.343	11.441	-0.5789999999999988
-15.744	-16.7	-26.297	5.7545	9.854	8.247	8.289	1.5859999999999985	-13.037	-11.094	-1.58	-6.700000000000001
-17.783	-19.459	-19.566	1.729499999999998	-6.369	3.071	0.397	-8.103	3.148	4.835	5.916	-2.2275000000000005
5.14	2.616	-4.131	5.8975	5.718	-0.246	-2.801	7.2415	3.627	2.19	5.367	-0.1515000000000004
24.458	9.043	-1.217	20.544999999999998	-1.021	5.758	-2.098	-2.851	-5.571	3.135	6.856	-10.5665
26.502	24.386	24.099	2.259499999999999	-0.505	-0.049	1.626	-1.2934999999999999	-11.343	-9.095	-7.237	-3.1769999999999996
-13.284	-13.041	-13.96	0.21649999999999991	7.91	12.724	12.281	-4.592500000000001	11.333	13.409	5.423	1.9169999999999998
-10.553	-13.97	-13.261	3.0625	7.782	10.852	12.627	-3.9574999999999996	3.691	13.645	8.403	-7.333000000000001
9.044	7.443	13.056	-1.205499999999999	19.026	4.709	6.908	13.2175	-0.006	1.131	-0.861	-0.14100000000000001
9.975	11.878	10.41	-1.1690000000000005	10.619	23.315	21.618	-11.8475	-0.042	-7.984	-1.132	4.516
31.342	28.917	24.417	4.674999999999997	1.755	-5.782	-9.059	9.1755	-1.772	-0.61	8.152	-5.542999999999999
25.439	27.729	28.669	-2.759999999999998	2.02	-0.49	-4.651	4.5905000000000005	9.132	1.447	0.151	8.333
-20.167	-17.924	-21.75	-0.33000000000000185	19.288	11.79	1.635	12.575500000000002	-5.026	-6.628	-11.026	3.801
50.847	49.514	48.362	1.908999999999999	-23.176	-11.535	-10.687	-12.064999999999998	-13.396	-13.918	-16.305	1.7154999999999987
52.858	51.61	48.776	2.664999999999999	-25.802	-16.435	-12.658	-11.255500000000001	-14.4	-13.332	-15.39	-0.0389999999999997
6.673	3.87	3.55	2.963	9.051	1.557	2.264	7.1405	7.941	7.29	13.834	-2.6209999999999996
-19.329	-28.412	-28.605	9.179499999999997	10.148	9.912	4.711	2.836499999999999	-10.377	-3.058	2.312	-10.004000000000001
-22.016	-15.52	-16.184	-6.163999999999998	5.916	18.223	15.621	-11.006	-5.808	-10.351	-12.635	5.6850000000000005
-11.284	-13.817	-19.309	5.279000000000002	40.037	27.704	10.898	20.735999999999997	-21.149	-19.95	-8.274	-7.037000000000003
27.014	27.729	12.849	6.724999999999998	17.269	16.921	12.678	2.4694999999999983	10.959	17.182	27.331	-11.2975
41.69	32.375	26.72	12.142499999999998	25.9	21.978	16.784	6.518999999999998	21.219	13.376	16.107	6.477500000000003
45.793	47.145	38.304	3.068499999999993	23.109	30.416	24.69	-4.443999999999999	17.629	14.903	17.222	1.5665000000000013
-51.062	-56.218	-54.401	4.247500000000002	12.919	-3.97	-0.124	14.966000000000001	-7.745	-3.574	-5.515	-3.200500000000001
5.81	9.021	6.497	-1.9490000000000007	10.587	11.818	4.951	2.2025000000000006	-19.512	-21.084	-29.355	5.7075
2.885	-1.381	-1.822	4.4864999999999995	-1.993	-1.667	1.698	-2.0085	8.725	11.717	-0.39	3.0614999999999997
11.016	9.003	13.037	-0.0039999999999995595	9.425	10.117	16.654	-3.9604999999999997	23.688	21.127	20.436	2.9064999999999976
-28.179	-30.622	-22.609	-1.5634999999999977	-10.537	-10.034	-8.117	-1.4614999999999991	8.704	2.708	-5.294	9.997
-9.616	7.13	-5.253	-10.554499999999999	7.687	10.609	9.787	-2.511	0.598	-3.192	2.558	0.9150000000000001
-7.555	-10.841	-19.975	7.8530000000000015	7.42	-2.502	-2.358	9.85	-13.332	-16.694	-5.001	-2.4845000000000006
8.544	8.808	6.243	1.0185000000000004	4.963	9.38	9.472	-4.463	5.09	1.635	3.055	2.7449999999999997
-24.732	-18.848	-9.837	-10.3895	-4.266	2.642	3.12	-7.147	5.22	5.544	-3.306	4.101
-36.386	-31.774	-30.914	-5.042000000000002	-3.588	6.702	9.465	-11.671500000000002	-0.101	-1.195	-2.395	1.694
-10.623	-17.136	-20.28	8.084999999999999	2.698	2.329	-2.504	2.7855	-2.594	-1.809	-6.331	1.4760000000000004
47.105	42.62	43.248	4.170999999999999	8.207	-6.9	-4.898	14.106000000000002	9.202	7.281	5.754	2.6845
7.865	7.339	0.199	4.096	5.024	0.953	-2.305	5.7	-11.622	-19.86	-17.233	6.924500000000002
-5.791	-3.58	8.067	-8.034500000000001	-18.689	-5.207	3.604	-17.8875	4.504	-4.218	-7.9	10.562999999999999
-26.731	-16.598	-19.617	-8.6235	-7.91	6.778	-4.415	-9.0915	14.319	10.192	17.253	0.5965000000000007
-24.637	-23.24	-17.577	-4.2285	-13.058	-1.526	2.682	-13.636	11.268	12.868	13.988	-2.16
-9.852	-17.328	-23.672	10.648	-4.435	-11.039	-11.025	6.597	-1.679	-0.539	10.5	-6.6595
10.772	-5.205	-7.886	17.317500000000003	28.694	16.094	10.948	15.172999999999998	-20.064	-12.45	-10.682	-8.498000000000001
52.411	44.346	45.945	7.265500000000003	-10.667	-15.666	-17.443	5.887500000000001	5.067	-2.807	-11.686	12.313500000000001
46.073	48.761	46.212	-1.4135000000000062	-4.921	-5.061	-14.952	5.085499999999999	4.953	7.097	-3.372	3.0905
47.338	47.976	47.084	-0.19200000000000017	16.829	5.98	6.492	10.593	4.815	4.349	1.726	1.7775000000000003
40.831	47.682	47.592	-6.805999999999997	16.788	15.147	7.651	5.388999999999999	4.179	4.992	1.621	0.8725000000000005
2.348	-5.363	-2.154	6.1065000000000005	-25.377	-11.667	-10.561	-14.262999999999998	18.588	21.311	16.574	-0.3545000000000016
14.13	11.792	12.882	1.793000000000001	-8.602	-6.29	8.687	-9.8005	-10.763	-6.919	-11.06	-1.7735000000000003
-9.276	-12.471	-10.018	1.9685000000000006	12.139	-8.935	-11.114	22.1635	13.472	13.727	17.815	-2.2990000000000013
16.017	16.372	19.561	-1.9495000000000005	16.768	8.004	1.03	12.251000000000001	-6.938	-5.763	3.006	-5.5595
-18.188	-26.336	-17.551	3.7555000000000014	6.238	1.277	5.477	2.861	-8.116	-0.391	0.985	-8.413
-13.931	-13.946	-7.71	-3.1029999999999998	-25.111	-6.365	4.242	-24.049500000000002	-9.589	-4.934	-7.885	-3.179500000000001
-37.967	-28.565	-15.349	-16.009999999999998	-2.02	6.554	5.423	-8.0085	14.574	13.06	14.941	0.5734999999999992
-37.213	-31.099	-31.041	-6.143000000000001	1.816	8.538	15.623	-10.2645	8.792	9.805	5.419	1.1799999999999997
32.276	29.819	35.661	-0.46399999999999864	-17.044	-21.31	-17.13	2.1759999999999984	21.135	18.632	15.076	4.281000000000002
30.062	35.274	32.991	-4.070499999999999	6.181	-9.055	-18.434	19.9255	0.892	7.218	18.202	-11.818000000000001
26.568	29.664	36.486	-6.5070000000000014	11.444	1.844	-13.377	17.210500000000003	-5.452	2.291	13.56	-13.377500000000001
25.039	27.166	35.472	-6.280000000000001	20.437	11.342	-7.149	18.340500000000002	-6.817	-3.627	6.423	-8.215
11.868	20.166	25.906	-11.168000000000001	6.529	10.291	15.301	-6.2669999999999995	-4.917	-7.453	-5.956	1.7875000000000005
-9.661	-3.799	8.29	-11.9065	-19.559	-17.953	-5.132	-8.0165	3.069	2.667	-0.383	1.927
-18.343	-11.82	-15.124	-4.870999999999999	-5.733	0.248	-5.11	-3.3019999999999996	-22.172	-20.309	-1.364	-11.3355
-5.837	-1.358	-0.24	-5.037999999999999	-0.844	2.65	1.777	-3.0574999999999997	12.564	5.036	9.806	5.143000000000001
-10.258	-5.512	3.297	-9.1505	-8.703	5.275	7.381	-15.030999999999999	-6.441	-16.329	-31.821	17.634000000000004
9.476	-4.544	-6.813	15.1545	1.787	-7.842	2.07	4.673	-17.597	-8.171	-14.055	-6.484000000000002
7.081	1.682	0.097	6.1915000000000004	18.741	5.625	1.306	15.2755	-0.252	9.792	12.822	-11.559
-7.023	-1.937	5.511	-8.809999999999999	-1.735	0.276	18.683	-11.2145	5.023	8.847	8.772	-3.7865
-2.911	-5.324	0.076	-0.2869999999999999	1.935	-1.432	5.584	-0.14099999999999957	-3.933	4.398	11.508	-11.886
-0.989	-4.366	-2.046	2.2169999999999996	18.137	0.384	0.775	17.5575	-4.322	-1.839	8.403	-7.604
37.663	40.454	33.962	0.4549999999999983	13.599	12.46	1.085	6.826499999999999	7.832	2.824	3.475	4.6825
12.465	15.329	19.495	-4.946999999999999	-4.908	-16.904	-15.506	11.296999999999997	14.738	16.052	17.447	-2.011499999999998
8.536	15.785	13.71	-6.211500000000001	-9.844	-17.099	-3.017	0.2140000000000004	17.22	14.249	19.503	0.34399999999999764
23.759	16.464	7.361	11.8465	0.645	-11.432	-17.236	14.979	-12.113	-10.673	0.97	-7.2615
21.648	18.608	18.491	3.098499999999998	20.64	12.722	5.423	11.5675	-22.344	-20.517	-19.444	-2.363500000000002
15.145	16.402	19.862	-2.9869999999999983	-4.691	3.174	18.045	-15.3005	-8.096	-16.584	-21.239	10.8155
10.029	15.168	15.862	-5.486000000000001	8.445	4.373	1.108	5.7045	-15.515	-15.598	-11.957	-1.7375000000000007
16.066	14.683	6.917	5.265999999999998	-2.217	-15.739	-17.864	14.5845	1.136	4.729	-3.544	0.5434999999999999
17.278	16.508	14.344	1.8520000000000003	5.346	-0.008	-14.731	12.715499999999999	-2.435	-0.118	3.047	-3.8995
13.026	13.157	16.083	-1.5939999999999994	-2.075	-3.557	0.04	-0.3165000000000002	14.753	9.931	12.823	3.3760000000000012
45.762	47.369	58.98	-7.412499999999994	-25.726	-28.41	-27.317	2.137500000000003	5.173	8.433	3.809	-0.9480000000000004
49.649	47.965	49.918	0.707499999999996	-11.226	-20.55	-27.647	12.8725	5.83	6.035	9.207	-1.7910000000000004
41.073	45.185	48.849	-5.9439999999999955	-6.243	-4.194	-11.61	1.658999999999999	12.6	13.601	8.193	1.7029999999999994
-21.589	-24.836	-30.625	6.141500000000001	16.897	15.696	8.848	4.624999999999998	-22.337	-25.496	-25.209	3.0154999999999994
10.115	15.252	7.423	-1.2225000000000001	19.124	11.514	3.285	11.724499999999999	-1.348	-8.734	-6.273	6.1555
-0.633	-1.172	-7.537	3.7215	27.636	20.674	16.617	8.9905	6.692	11.8	11.694	-5.055
-21.214	-17.747	-11.292	-6.694499999999998	-18.981	-19.089	-10.536	-4.168500000000002	18.295	16.355	16.768	1.7334999999999994
-24.213	-26.332	-17.653	-2.2205000000000013	0.871	-2.817	2.265	1.147	-11.003	-12.591	-12.446	1.5154999999999994
-3.154	1.574	-9.18	0.649	-3.641	-4.339	-3.077	0.06700000000000017	21.887	18.681	12.427	6.333
20.888	27.818	18.121	-2.0814999999999984	13.909	8.149	4.637	7.516000000000002	-5.146	-11.428	-15.778	8.457
51.192	50.765	49.297	1.1610000000000014	-8.183	-3.321	-2.878	-5.0835	-14.97	-15.8	-10.361	-1.8895
46.731	53.205	58.266	-9.0045	4.726	1.389	1.23	3.4165	6.179	3.163	-10.659	9.927
-11.26	-10.585	-9.462	-1.2364999999999995	8.199	3.224	3.431	4.871499999999999	2.327	-1.605	-1.541	3.9
-47.734	-44.882	-42.897	-3.8445000000000036	12.71	15.497	15.577	-2.826999999999998	5.715	6.49	5.118	-0.08900000000000041
13.777	18.304	29.145	-9.9475	-6.551	-14.024	-23.815	12.3685	-21.123	-14.485	-12.315	-7.7230000000000025
-9.342	-9.603	-18.661	4.790000000000001	21.051	18.689	14.721	4.346	-16.677	-19.451	-5.174	-4.3645
11.401	2.625	-1.061	10.619	14.067	11.901	12.607	1.8130000000000006	-15.156	-7.902	-7.533	-7.4385
4.208	4.725	-2.145	2.918	10.128	8.534	-3.609	7.6655	11.349	9.413	10.676	1.3045000000000009
2.334	4.618	1.151	-0.5505	12.809	11.672	1.705	6.120499999999999	12.904	10.21	10.066	2.7659999999999982
-5.23	2.264	4.244	-8.484	9.37	12.71	8.342	-1.1560000000000006	13.971	12.498	10.1	2.6720000000000006
4.087	-0.518	-0.542	4.617	6.189	13.251	17.904	-9.3885	-15.662	-13.609	-8.996	-4.359500000000001
-25.314	-22.586	-21.163	-3.4395000000000024	-5.939	-7.706	-11.369	3.5984999999999996	12.979	13.129	18.894	-3.032499999999999
-22.372	-19.949	-26.113	0.6589999999999989	21.661	20.779	13.961	4.291	6.522	5.211	4.303	1.7650000000000006
-22.113	-21.271	-23.164	0.10450000000000159	12.429	20.538	18.682	-7.180999999999999	2.293	5.549	4.768	-2.8655
-24.444	-22.301	-23.218	-1.6844999999999999	-11.651	-10.859	4.544	-8.4935	1.908	-0.612	-0.839	2.6334999999999997
48.694	49.899	54.009	-3.259999999999998	26.331	21.514	6.391	12.378499999999999	20.607	16.032	14.283	5.4495000000000005
-26.983	-29.918	-36.487	6.2195	11.651	7.839	8.347	3.558	11.229	9.755	4.921	3.8909999999999982
-36.147	-30.979	-28.046	-6.634499999999999	3.411	11.343	10.037	-7.279000000000002	5.504	4.444	10.24	-1.838000000000001
28.636	31.369	31.814	-2.9555000000000007	2.173	-11.455	-27.908	21.8545	7.6	5.187	7.272	1.3704999999999998
6.486	9.416	19.867	-8.1555	7.075	10.499	20.466	-8.407500000000002	-5.737	-7.327	-20.707	8.28
8.68	5.016	9.43	1.4569999999999999	19.143	12.974	16.067	4.6225000000000005	-5.794	-6.237	-3.703	-0.8239999999999998
9.559	7.052	7.106	2.4799999999999995	16.397	20.526	15.618	-1.6750000000000007	6.365	-4.079	-6.287	11.548
24.934	19.355	17.856	6.328500000000002	8.941	-3.726	-9.383	15.4955	0.868	-2.067	1.113	1.3450000000000002
15.784	24.209	20.196	-6.4185	5.296	7.576	-1.236	2.1260000000000003	-6.94	-6.432	-0.685	-3.3815
-45.422	-48.111	-38.119	-2.307000000000002	0.001	-3.918	2.88	0.5200000000000001	1.232	1.673	-9.941	5.3660000000000005
34.397	33.816	32.957	1.0105000000000004	-2.464	1.09	10.341	-8.179499999999999	9.931	10.55	8.734	0.2889999999999997
-0.243	-3.926	6.511	-1.5354999999999999	8.894	4.982	15.276	-1.2349999999999994	-8.971	-4.933	-12.481	-0.26399999999999935
7.912	-0.135	-0.941	8.45	11.496	8.224	11.249	1.759500000000001	-9.785	-7.575	-8.182	-1.9064999999999994
-23.454	-19.6	-15.655	-5.826499999999999	15.704	13.223	11.356	3.4145000000000003	1.696	-3.019	-0.406	3.4085
-11.574	-9.674	-16.526	1.5259999999999998	10.534	20.053	19.283	-9.133999999999999	2.605	-1.645	-3.448	5.1515
12.96	12.12	13.198	0.30100000000000193	10.086	6.287	2.539	5.673	11.995	5.538	3.264	7.593999999999999
-3.978	1.47	-7.092	-1.1670000000000003	2.618	-1.698	5.387	0.7735000000000001	-7.29	-7.887	-2.378	-2.1574999999999998
-10.737	-5.922	1.279	-8.4155	-1.394	3.792	-1.86	-2.36	-2.046	-5.016	-8.773	4.8485
-19.059	-15.746	-10.865	-5.753500000000001	-13.235	-14.469	-5.485	-3.257999999999999	-0.756	-4.952	-1.227	2.3335
-18.171	-14.514	-9.616	-6.106	-9.622	-24.388	-6.152	5.6480000000000015	9.749	5.093	4.26	5.072500000000001
-10.291	-5.651	-0.341	-7.295	-0.894	-9.022	-4.813	6.0235	5.168	7.977	3.366	-0.5034999999999998
-5.57	-6.484	-12.049	3.6965000000000003	12.324	4.035	3.012	8.8005	-2.798	-3.868	6.4	-4.064
-29.493	-35.177	-38.686	7.438500000000001	1.01	-1.154	-7.04	5.106999999999999	2.887	3.921	-6.56	4.2065
-18.76	-32.277	-37.626	16.191499999999994	4.657	0.026	-4.851	7.0695	2.384	5.292	-4.331	1.9035000000000002
-18.402	-23.19	-36.02	11.203000000000003	-0.078	3.146	-3.331	0.014500000000000027	9.337	2.728	1.037	7.4544999999999995
33.467	25.843	24.834	8.128499999999999	17.592	12.298	11.077	5.904499999999999	1.62	5.61	2.942	-2.6559999999999997
-4.408	-3.804	-5.705	0.3464999999999998	16.743	17.524	11.796	2.0829999999999984	-28.649	-20.243	-7.433	-14.811000000000002
-8.303	-17.408	-24.094	12.448	-26.45	-28.511	-15.678	-4.355499999999999	-13.226	-16.238	-13.085	1.4354999999999993
-10.819	-17.264	-21.038	8.331999999999999	-7.255	-3.987	-5.78	-2.3715	11.814	4.371	9.592	4.8325
4.951	2.112	-2.0	4.895	-4.733	-0.411	-1.542	-3.7564999999999995	13.625	11.115	11.526	2.304500000000001
11.177	4.167	0.041	9.073	1.665	-3.692	3.739	1.6415000000000002	3.329	0.61	0.356	2.846
19.56	11.947	3.079	12.046999999999999	3.397	0.273	1.103	2.7089999999999996	2.264	2.286	2.295	-0.026499999999999968
28.369	27.013	36.327	-3.301000000000002	-23.504	-31.293	-27.249	5.7669999999999995	-3.984	-11.557	-19.086	11.3375
26.556	29.403	30.868	-3.5794999999999995	-8.033	-6.435	-8.214	-0.708499999999999	-0.601	1.648	2.27	-2.56
27.304	27.657	30.836	-1.942499999999999	-7.648	-6.523	-8.143	-0.3149999999999995	-12.683	-0.239	2.942	-14.0345
21.469	22.278	23.168	-1.2539999999999978	12.292	10.558	16.576	-1.2750000000000004	21.055	14.355	7.217	10.269
18.186	23.191	22.008	-4.413499999999999	7.796	9.96	11.136	-2.752	16.511	19.242	16.588	-1.404
2.716	3.839	-0.428	1.0105000000000002	0.316	2.709	4.5	-3.2885	-2.961	3.111	10.236	-9.634500000000001
-30.176	-28.061	-23.366	-4.462499999999999	-1.939	-4.584	0.446	0.1299999999999999	-4.325	-5.605	-9.897	3.426
-31.496	-30.275	-25.081	-3.8180000000000014	-15.422	-4.366	-1.151	-12.6635	-13.732	-6.706	-9.203	-5.7775
-34.04	-37.415	-35.762	2.548499999999997	-15.889	-8.411	-10.944	-6.211499999999999	10.273	9.234	12.12	-0.4039999999999999
-25.595	-25.64	-30.815	2.6325000000000003	3.317	-3.918	-11.596	11.074	7.95	5.612	7.385	1.4515000000000002
23.529	23.297	27.514	-1.8765	11.591	2.162	9.177	5.9215	0.541	-1.208	2.76	-0.23499999999999988
-44.07	-47.035	-51.743	5.3189999999999955	-15.304	-9.457	2.608	-11.8795	-5.418	1.237	-0.021	-6.026
-51.352	-47.354	-47.659	-3.845499999999994	-13.238	-15.109	-5.947	-2.709999999999999	-9.256	-5.93	0.409	-6.4955
7.706	-0.834	3.396	6.425000000000001	7.616	6.361	16.413	-3.771000000000001	2.316	3.498	-7.853	4.493499999999999
4.859	5.913	1.257	1.274	17.689	7.747	14.768	6.4315	1.2	2.098	-1.807	1.0545
13.273	9.714	15.171	0.8305000000000007	-16.461	-19.257	-18.771	2.5530000000000044	14.038	12.258	8.697	3.560500000000001
-8.17	-5.733	-2.469	-4.069	-3.905	-8.637	-5.331	3.079	-1.611	3.22	3.557	-4.9995
-3.275	-7.209	-7.96	4.3095	24.552	18.529	6.005	12.285	-8.86	-11.881	-4.707	-0.565999999999999
-1.97	4.613	6.521	-7.537	-1.64	9.4	-3.953	-4.3635	7.86	3.998	15.612	-1.9449999999999994
-47.287	-48.115	-51.059	2.3000000000000043	15.803	9.087	-1.99	12.2545	1.572	1.668	1.831	-0.17749999999999977
-41.574	-40.039	-42.298	-0.4054999999999964	6.343	18.398	19.267	-12.4895	-0.307	-1.195	-2.595	1.588
11.05	8.558	14.199	-0.32849999999999824	-5.529	-5.757	-13.622	4.160499999999999	-1.225	-2.187	-4.738	2.2375000000000003
6.72	3.536	-22.961	16.432499999999997	14.036	11.96	8.056	4.0280000000000005	-5.57	-2.414	11.085	-9.9055
-5.951	-4.945	12.246	-9.6015	-8.121	-9.254	1.578	-4.283000000000001	-4.545	-6.292	-20.064	8.633000000000001
19.162	23.91	21.688	-3.6370000000000005	26.73	33.237	9.204	5.509499999999999	8.683	6.594	-1.998	6.385
31.836	27.387	35.042	0.6214999999999975	-2.5	-6.686	-4.131	2.9085	7.834	2.912	-10.439	11.5975
31.774	34.505	36.824	-3.890500000000003	4.677	4.761	3.479	0.5569999999999995	1.339	5.836	10.429	-6.7935
-2.948	-0.794	2.081	-3.5915	-4.861	-0.257	-2.926	-3.2695	17.3	14.125	13.039	3.718
1.971	2.839	-1.418	1.2605	0.231	-7.392	-2.543	5.1985	11.574	11.52	15.848	-2.110000000000001
-20.636	-12.488	-12.074	-8.355	9.57	5.92	3.466	4.877000000000001	-3.605	-3.235	-8.763	2.3939999999999997
-11.009	-15.02	-12.298	2.6499999999999986	-5.967	-4.741	-5.788	-0.7024999999999997	20.993	21.361	12.699	3.9629999999999974
71.6	71.197	69.146	1.4284999999999854	7.597	8.896	-7.399	6.8485	7.541	4.888	-2.654	6.424
19.306	14.789	12.564	5.6295	4.719	7.989	1.214	0.1175000000000006	-33.326	-31.571	-35.866	0.3924999999999983
16.744	11.255	16.471	2.8810000000000002	-7.778	-1.154	6.144	-10.273	-39.408	-38.048	-32.043	-4.362499999999997
53.203	55.019	52.019	-0.3159999999999954	-0.215	-1.455	1.024	0.0005000000000000282	15.858	12.4	13.616	2.8500000000000014
2.137	9.671	6.177	-5.786999999999999	-11.403	1.049	9.1	-16.4775	28.027	21.604	15.295	9.5775
-5.138	-3.096	-2.611	-2.2844999999999995	9.43	3.712	-6.669	10.9085	17.893	17.672	21.979	-1.9324999999999974
-7.332	-1.728	9.35	-11.143	-7.647	-14.329	-0.545	-0.20999999999999996	-9.644	-8.25	-15.527	2.2445000000000004
-13.062	-11.294	-8.154	-3.337999999999999	-15.203	-15.027	-10.093	-2.6430000000000007	-3.91	-6.301	-8.147	3.314
-15.301	-18.572	-11.884	-0.0730000000000004	-8.975	-16.421	-15.086	6.778499999999999	1.298	-2.845	-5.504	5.4725
-26.262	-30.61	-37.073	7.579499999999996	-6.451	-2.934	-14.117	2.0745000000000013	-0.117	-2.072	5.532	-1.847
42.645	47.685	45.552	-3.9734999999999943	2.778	-8.849	-15.448	14.9265	-11.785	-24.847	-18.689	9.983
43.516	45.881	43.591	-1.220000000000006	17.682	12.23	3.005	10.064499999999999	0.756	-6.664	-13.445	10.810500000000001
37.108	39.968	47.172	-6.462000000000003	14.003	12.706	21.854	-3.277000000000001	-10.622	-7.004	-2.408	-5.916
4.096	14.864	11.615	-9.1435	1.26	4.61	8.307	-5.198500000000001	1.605	3.532	15.659	-7.990500000000001
-40.176	-37.6	-41.06	-0.8460000000000036	15.222	13.277	2.962	7.102499999999999	3.5	-2.003	9.023	-0.009999999999999787
10.209	7.144	7.426	2.9239999999999995	-1.768	-9.242	-13.148	9.427	7.872	3.372	11.623	0.3745000000000003
-1.452	-2.76	-3.637	1.7465000000000002	-3.323	-1.539	-2.944	-1.0815000000000001	-1.876	-0.072	-1.593	-1.0434999999999999
1.899	-1.198	-2.314	3.6550000000000002	18.099	11.017	5.714	9.7335	-7.511	-3.143	0.135	-6.007
68.098	60.992	57.337	8.933499999999995	7.218	2.368	-5.588	8.828	-2.602	8.412	16.826	-15.221
55.899	59.574	69.874	-8.824999999999989	12.745	8.53	13.25	1.8549999999999986	5.372	10.469	3.311	-1.5179999999999998
18.856	14.373	9.952	6.693500000000002	-3.52	-2.737	-6.581	1.1390000000000007	-12.649	-11.979	-10.793	-1.263
-7.339	-11.112	-11.936	4.1850000000000005	12.712	1.973	8.151	7.6499999999999995	22.134	18.617	15.56	5.0455000000000005
-3.716	-7.45	-0.929	0.4734999999999996	-3.141	0.498	0.122	-3.451	11.399	13.024	12.051	-1.1385000000000005
-1.693	-4.34	-3.301	2.1275	-4.942	-3.697	2.952	-4.5695	9.548	11.924	12.002	-2.415000000000001
34.357	38.401	39.226	-4.4565000000000055	11.102	-1.851	-2.134	13.0945	0.662	-1.768	-12.802	7.947
36.522	37.997	38.033	-1.493000000000002	20.602	20.705	-0.517	10.508000000000001	-6.725	-3.983	-2.272	-3.5974999999999997
24.212	22.354	21.121	2.4745000000000026	-14.528	-10.476	-7.725	-5.4275	2.346	-3.463	0.331	3.912
-2.28	6.022	5.051	-7.8165	6.99	7.017	1.365	2.7990000000000004	19.183	18.242	8.65	5.736999999999998
-2.165	-1.928	8.16	-5.281000000000001	2.854	6.253	6.459	-3.502	13.49	19.369	12.558	-2.4734999999999996
-21.286	-20.452	-16.23	-2.9450000000000003	4.538	-1.445	8.881	0.8200000000000003	-19.349	-10.101	-10.125	-9.236
9.374	12.076	12.021	-2.6745	-27.266	-26.13	-22.015	-3.1935000000000002	-3.594	-0.879	0.578	-3.4435
-21.19	-25.984	-33.984	8.794	12.628	15.023	4.848	2.692500000000001	-10.014	3.018	7.027	-15.0365
-0.483	-0.948	-3.79	1.8859999999999997	2.046	-4.922	-10.194	9.604	10.702	15.764	13.216	-3.7879999999999985
-6.129	-5.757	-0.652	-2.9244999999999997	-15.182	-15.227	-20.148	2.5054999999999996	-0.008	-0.696	4.014	-1.6670000000000003
17.897	28.326	38.18	-15.356000000000002	1.009	5.388	-2.361	-0.5045	-18.229	-12.567	-17.169	-3.360999999999999
19.918	19.133	22.728	-1.0125000000000028	0.55	-0.0	13.009	-5.9545	6.314	7.355	0.784	2.2444999999999995
28.518	30.215	19.395	3.713000000000001	20.206	15.417	0.183	12.405999999999999	15.352	10.002	7.008	6.8469999999999995
13.38	25.529	29.31	-14.039499999999999	-5.47	6.558	-0.666	-8.416	-4.555	-7.013	-3.545	0.7240000000000002
6.847	11.601	19.226	-8.566499999999998	9.811	-2.307	1.066	10.4315	-4.185	-4.881	-5.78	1.145500000000001
-38.199	-37.758	-39.935	0.647500000000008	-8.75	-7.501	-5.715	-2.1419999999999995	-2.776	0.326	-4.134	-0.8719999999999997
-21.75	-18.953	-20.539	-2.003999999999998	-9.423	-8.457	-8.872	-0.7584999999999997	22.695	21.934	23.152	0.15200000000000102
-5.13	2.233	5.432	-8.9625	1.227	7.743	2.842	-4.0655	1.812	-0.354	6.962	-1.4919999999999998
-20.201	-14.198	-25.427	-0.3885000000000005	20.533	17.567	13.859	4.82	-15.798	-21.354	-2.171	-4.035500000000001
-17.811	-15.715	-15.766	-2.070499999999999	22.406	20.718	17.766	3.1640000000000015	-20.654	-22.212	-19.772	0.3379999999999974
-1.638	-15.187	-16.413	14.162	28.393	22.573	20.083	7.065000000000001	-24.813	-22.124	-20.883	-3.3095
-3.635	-0.095	-5.413	-0.8809999999999998	16.816	18.243	26.52	-5.5655	-10.979	-16.115	-23.655	8.905999999999999
21.42	9.167	5.321	14.176000000000002	-6.124	-12.855	-15.668	8.1375	-13.87	-0.932	3.726	-15.267
-1.86	-8.349	-1.76	3.1944999999999997	2.844	2.43	4.79	-0.7660000000000005	-9.6	-5.063	-4.002	-5.0675
4.347	4.478	-5.552	4.884	38.346	21.216	2.911	26.282499999999995	-9.203	-11.178	-6.739	-0.2444999999999986
8.333	10.694	6.467	-0.2475000000000005	35.364	33.502	32.49	2.367999999999995	-15.033	-17.35	-10.605	-1.0554999999999986
36.506	42.071	47.527	-8.293	-6.854	-15.1	-14.306	7.848999999999999	4.303	0.248	-1.003	4.6805
27.584	27.22	31.116	-1.5839999999999996	-10.953	-20.904	-18.623	8.810500000000001	-14.14	-7.53	0.603	-10.6765
-9.329	0.119	4.745	-11.761000000000001	1.895	7.104	1.748	-2.531	-6.596	-8.116	-6.2	0.5619999999999994
-5.612	-6.008	-6.077	0.4305000000000003	8.887	7.63	3.366	3.3890000000000002	-10.955	-7.67	-9.196	-2.5220000000000002
21.801	20.175	10.837	6.294999999999998	17.862	12.522	-6.176	14.688999999999998	5.537	6.616	5.502	-0.5219999999999994
-4.816	-13.054	-21.915	12.668500000000002	20.168	17.228	21.092	1.0079999999999991	17.838	15.56	29.005	-4.444499999999998
27.746	27.691	28.658	-0.4285000000000032	-5.148	-9.065	-11.041	4.905000000000001	-8.832	-13.476	-10.467	3.1395
25.012	28.217	27.163	-2.6779999999999973	-7.861	-8.979	-9.636	1.4464999999999995	-3.616	-12.18	-9.859	7.403500000000001
22.415	24.921	27.353	-3.7220000000000013	-19.044	-10.54	-7.807	-9.8705	-8.956	-4.653	-12.383	-0.4380000000000006
31.09	23.105	27.324	5.875499999999999	-4.048	-17.681	-8.439	9.012	-9.939	-6.959	-9.894	-1.5124999999999993
27.019	32.035	28.157	-3.076999999999998	-5.654	3.094	-9.453	-2.4745	-5.927	-10.402	-8.961	3.7545
-36.497	-34.072	-24.397	-7.262499999999999	5.922	5.335	-3.075	4.792	-5.157	-6.681	4.076	-3.8545
-27.245	-30.371	-31.609	3.745000000000001	12.056	4.933	3.716	7.731499999999999	0.752	0.329	1.204	-0.014499999999999957
-21.949	-23.792	-30.289	5.0915	4.546	10.506	5.916	-3.665	0.73	0.021	0.386	0.5265
53.174	54.437	60.83	-4.4594999999999985	11.758	4.084	-4.202	11.817	4.86	-0.904	-2.061	6.3425
49.728	52.341	55.806	-4.345499999999994	3.183	14.655	5.268	-6.778499999999999	5.623	8.741	-0.622	1.5635000000000003
-17.908	-20.478	-34.055	9.3585	17.715	9.546	3.039	11.4225	-9.278	-0.126	-2.052	-8.189
-12.903	-25.859	-30.027	15.040000000000001	3.302	0.727	-4.705	5.291	1.797	7.806	18.054	-11.133
3.178	5.057	14.655	-6.678	6.697	-1.335	12.56	1.0844999999999994	-15.508	-16.927	-11.582	-1.253499999999999
-38.139	-35.591	-36.069	-2.3090000000000046	2.288	5.567	-0.596	-0.19750000000000023	1.611	-2.14	-2.442	3.902
10.446	15.877	19.585	-7.285000000000002	-7.545	-13.889	-7.191	2.994999999999999	3.733	4.83	1.438	0.5990000000000002
13.76	11.124	19.638	-1.6210000000000004	3.284	-5.983	-9.674	11.1125	2.995	4.121	2.959	-0.5449999999999999
17.003	12.057	13.61	4.169499999999999	16.929	13.48	1.695	9.341499999999998	-8.129	-2.259	2.694	-8.346499999999999
19.754	15.121	13.625	5.381	17.882	16.232	7.731	5.900500000000001	-5.944	-5.976	0.725	-3.3185
42.368	44.176	36.318	2.121000000000002	-4.605	0.814	-9.23	-0.39700000000000024	4.597	-2.02	-3.588	7.401000000000001
50.882	54.076	55.888	-4.100000000000001	3.601	6.172	-5.642	3.3360000000000003	8.026	5.606	4.168	3.1389999999999993
-1.838	0.134	-5.655	0.9224999999999999	8.813	7.653	2.795	3.5890000000000004	-11.801	-15.144	-16.843	4.192500000000001
9.542	8.444	6.331	2.1544999999999987	-11.001	-6.801	-3.347	-5.927	-15.098	-16.382	-1.374	-6.220000000000001
-1.891	-6.395	0.486	1.0635	24.157	8.284	-5.024	22.527	-11.105	-11.353	-13.366	1.2545000000000002
-3.548	-6.542	-12.451	5.948500000000001	15.577	13.902	9.198	4.026999999999999	-5.934	-0.473	1.233	-6.314
-0.026	1.865	1.779	-1.848	9.823	14.121	22.263	-8.369	-14.528	-10.132	-11.098	-3.9130000000000003
1.346	-0.983	2.214	0.7305000000000001	12.033	10.572	19.774	-3.1400000000000006	-19.454	-15.142	-9.511	-7.127500000000001
-2.507	-1.136	1.019	-2.4485	7.363	6.064	2.387	3.1375	8.821	5.507	3.024	4.5555
13.485	13.516	1.506	5.973999999999999	-3.742	-9.642	-19.568	10.863	6.274	10.519	10.261	-4.1160000000000005
6.118	9.869	13.777	-5.705	-11.07	-15.562	-13.18	3.3009999999999984	-2.635	-8.961	-13.368	8.5295
1.648	1.693	1.075	0.264	-26.465	-22.392	-19.122	-5.708000000000002	-4.275	-2.018	-3.293	-1.6195000000000004
-33.757	-32.683	-28.774	-3.0284999999999975	-0.9	-1.936	-3.137	1.6365000000000003	-6.866	-3.618	-2.85	-3.6319999999999997
47.168	46.521	53.638	-2.9114999999999966	-0.445	0.223	4.593	-2.8529999999999998	13.228	10.435	7.945	4.0379999999999985
40.885	46.224	46.784	-5.619	-5.059	8.941	0.078	-9.5685	21.261	17.993	12.413	6.058
-12.293	-2.181	2.26	-12.3325	-8.131	4.646	2.123	-11.5155	-10.631	-15.796	-17.849	6.191499999999998
-20.945	-24.945	-24.863	3.9589999999999996	3.894	2.646	4.064	0.5390000000000001	-6.606	-9.73	-9.871	3.1944999999999997
10.829	12.277	16.403	-3.5109999999999992	-15.774	-16.363	-13.846	-0.6694999999999993	-5.806	-6.154	-15.956	5.249
5.766	2.672	-2.11	5.484999999999999	-2.659	-7.654	-4.347	3.341500000000001	16.151	11.992	14.098	3.105999999999998
2.698	4.639	-1.186	0.9714999999999998	-5.524	-5.117	-6.803	0.43599999999999994	21.802	14.568	13.494	7.771000000000001
5.449	3.877	5.364	0.8285	4.009	8.161	-3.258	1.5575000000000006	30.455	25.443	19.827	7.819999999999997
0.828	-3.755	-9.482	7.4464999999999995	25.055	18.512	18.933	6.3325	8.048	18.092	18.734	-10.365
4.689	0.653	1.257	3.734	14.059	22.0	29.314	-11.598	7.919	10.591	8.537	-1.6450000000000005
-11.736	-10.906	2.168	-7.367000000000001	-8.132	-9.038	-5.096	-1.0649999999999995	-25.537	-20.996	-24.347	-2.8654999999999973
-33.401	-28.776	-25.288	-6.369000000000003	-9.062	-9.591	-0.867	-3.833	8.375	3.845	5.268	3.8185000000000002
1.153	5.962	-22.173	9.2585	13.525	9.019	-2.174	10.1025	-5.081	-12.274	-3.856	2.983999999999999
3.297	0.616	-0.262	3.12	11.25	12.897	6.874	1.3644999999999996	3.612	-2.267	-11.39	10.4405
3.47	3.459	1.95	0.7655000000000003	-2.575	7.121	12.952	-12.6115	5.077	5.839	-2.076	3.1955
41.342	42.117	35.077	2.7450000000000045	7.575	10.803	7.042	-1.3474999999999993	11.585	9.6	9.157	2.206500000000002
20.191	6.583	5.588	14.1055	4.511	-1.626	2.369	4.1395	7.22	8.438	15.073	-4.535500000000002
11.776	9.1	15.882	-0.7149999999999999	32.961	16.666	7.563	20.8465	1.537	2.478	2.695	-1.0495
16.058	12.121	9.617	5.189	36.932	28.493	9.951	17.71	9.739	2.928	2.128	7.211
11.549	20.899	12.059	-4.93	25.82	36.536	27.675	-6.285499999999999	14.235	11.225	4.065	6.59
15.66	16.188	15.842	-0.3550000000000004	34.777	29.018	35.768	2.3840000000000003	12.392	13.542	6.621	2.3104999999999993
-15.287	-17.437	-15.312	1.0875000000000004	-1.184	-5.376	-7.612	5.31	-10.797	-6.096	-1.643	-6.9275
9.826	2.992	-2.45	9.555	2.651	2.02	4.059	-0.3885000000000005	-12.466	-11.386	-11.426	-1.0600000000000005
1.162	8.056	1.576	-3.654	3.566	4.271	1.465	0.698	-7.058	-11.307	-13.402	5.2965
-2.287	2.585	5.27	-6.214499999999999	-4.873	4.714	2.23	-8.345	-7.391	-6.999	-11.746	1.9815000000000005
7.479	-0.33	6.256	4.516	-1.78	-3.7	4.145	-2.0024999999999995	-12.233	-7.358	-10.955	-3.076500000000001
8.628	5.648	3.192	4.208	0.54	-5.293	-3.087	4.73	-7.287	-9.944	-9.509	2.4395000000000016
17.398	8.984	4.97	10.421	5.556	0.7	-3.343	6.8774999999999995	-17.631	-8.364	-9.761	-8.5685
-3.18	-1.834	9.704	-7.115	-13.868	-11.546	-4.227	-5.9815000000000005	-2.679	1.445	5.77	-6.2865
-36.798	-41.164	-30.577	-0.927500000000002	-5.25	-9.506	2.343	-1.6684999999999999	-27.082	-25.671	-22.093	-3.200000000000003
-15.487	-13.946	-18.969	0.9704999999999995	5.444	18.103	24.966	-16.090500000000002	27.921	19.313	18.223	9.152999999999999
25.058	32.508	21.178	-1.7850000000000037	5.702	8.894	-8.82	5.665	-7.536	-10.791	7.189	-5.734999999999999
13.125	10.53	21.634	-2.9570000000000007	-11.192	-7.361	4.469	-9.746	-25.564	-23.148	-11.335	-8.322499999999998
-11.581	-17.975	-19.995	7.404	7.852	-3.214	-4.639	11.778500000000001	-17.476	-10.819	-11.564	-6.284499999999998
-12.093	-12.504	-17.454	2.8859999999999992	12.712	9.158	-3.953	10.1095	-4.636	-15.165	-11.065	8.479
-32.652	-31.581	-29.713	-2.0050000000000026	-10.892	-1.372	-12.953	-3.7295	-4.189	-8.534	-3.346	1.7510000000000003
45.71	41.325	31.501	9.296999999999997	-21.874	-28.259	-30.456	7.483500000000003	7.945	4.541	12.538	-0.5945
31.505	31.338	39.812	-4.070000000000004	-5.163	-8.279	-5.591	1.7720000000000002	6.502	7.582	-6.363	5.8925
27.888	31.158	30.443	-2.912499999999998	5.998	-4.147	-5.647	10.895	8.301	5.319	6.205	2.5389999999999997
-25.924	-28.071	-25.649	0.9359999999999999	-3.376	-6.297	-7.393	3.469	-3.619	6.096	8.659	-10.996500000000001
-23.087	-23.313	-28.936	3.037499999999998	-1.228	-0.212	-6.829	2.2924999999999995	-9.132	-9.433	5.427	-7.129
13.27	9.693	5.454	5.6965	9.218	4.317	-1.686	7.9025	0.671	-2.186	5.022	-0.7470000000000001
26.312	33.492	39.025	-9.946499999999997	-7.015	1.708	-3.882	-5.927999999999999	11.634	1.218	-9.716	15.883
27.776	28.026	35.826	-4.150000000000002	-3.348	-5.446	-1.147	-0.05149999999999988	6.473	10.122	-4.464	3.644
24.113	22.635	22.671	1.4600000000000009	-0.736	-0.559	-5.165	2.1260000000000003	-10.163	-7.763	3.323	-7.9430000000000005
-28.266	-26.057	-21.465	-4.504999999999999	10.567	13.124	12.495	-2.2424999999999997	17.046	15.552	14.704	1.9179999999999993
-31.032	-29.869	-24.303	-3.9460000000000015	22.07	15.33	26.847	0.9815000000000005	5.667	6.732	5.961	-0.6795000000000009
-11.664	-5.646	-5.459	-6.1114999999999995	16.515	14.402	4.394	7.117000000000001	5.243	0.989	-4.522	7.009500000000001
13.127	7.626	10.57	4.029	-6.189	-6.636	-8.777	1.5175	4.546	10.152	14.761	-7.910499999999998
27.994	20.148	9.909	12.965499999999999	-4.245	-4.094	-6.369	0.9865000000000004	2.549	-1.241	7.878	-0.7695000000000003
43.909	42.53	41.52	1.8839999999999932	10.856	6.443	6.333	4.468	8.805	5.285	8.688	1.8184999999999993
-30.036	-25.653	-39.139	2.3599999999999994	-9.692	-0.553	-12.982	-2.9245	-2.892	-10.366	-0.384	2.483
-15.846	-17.392	-14.702	0.2010000000000005	18.775	17.09	3.492	8.483999999999998	2.888	4.734	6.044	-2.5009999999999994
34.747	34.124	15.955	9.7075	0.209	-2.281	-10.461	6.58	4.271	7.225	12.981	-5.832
-5.274	-6.462	-13.555	4.7345	13.844	9.019	4.853	6.9079999999999995	-23.255	-21.594	-18.06	-3.428000000000001
18.481	13.98	7.679	7.651500000000002	12.428	5.066	-1.675	10.732500000000002	-3.655	-3.398	-10.288	3.188
3.46	6.121	8.266	-3.7335000000000003	-9.664	-19.986	-18.785	9.7215	-8.463	-8.62	-16.673	4.1835
41.753	39.042	33.506	5.478999999999999	10.113	-0.329	8.67	5.9425	10.832	7.423	0.136	7.0525
49.575	41.369	40.42	8.680500000000002	8.585	9.184	3.583	2.201500000000001	16.408	14.675	6.339	5.901
11.573	19.609	21.388	-8.9255	2.621	9.523	-1.685	-1.2979999999999996	30.188	28.293	23.413	4.334999999999997
-19.622	-15.919	-17.06	-3.1325000000000003	-3.419	3.738	2.041	-6.3085	4.103	5.799	5.118	-1.355500000000001
-23.017	-18.476	-15.353	-6.102499999999999	-0.083	-0.544	4.279	-1.9505	8.76	4.225	4.809	4.243
-16.268	-20.626	-26.361	7.2255	4.847	11.51	0.314	-1.0649999999999995	-3.085	1.829	-3.877	-2.061
-22.513	-18.561	-10.186	-8.139500000000002	10.579	9.001	14.178	-1.0105000000000004	-13.743	-11.369	-12.201	-1.9580000000000002
-31.745	-24.259	-24.984	-7.1235	0.084	9.52	9.493	-9.4225	-7.55	-17.041	-12.274	7.107499999999999
-32.336	-25.671	-25.917	-6.541999999999998	4.577	1.227	-6.48	7.2035	18.24	15.036	6.259	7.592499999999998
45.693	55.491	38.271	-1.1880000000000024	4.543	6.675	-6.231	4.321	11.481	2.142	13.366	3.7270000000000003
48.135	46.372	52.091	-1.096499999999999	2.349	5.603	5.59	-3.2474999999999996	1.768	7.996	4.698	-4.579000000000001
50.256	48.294	50.546	0.8359999999999985	-2.841	4.786	6.741	-8.6045	1.341	3.277	7.015	-3.8049999999999997
-6.884	-5.21	-16.847	4.144500000000001	13.993	8.325	15.226	2.2174999999999994	-11.218	-20.116	-3.278	0.4789999999999992
-4.081	-7.212	-3.905	1.4774999999999991	6.211	2.461	14.274	-2.1564999999999994	-5.959	-5.964	-14.246	4.146000000000001
-1.665	-3.566	-5.948	3.0919999999999996	11.354	6.346	8.212	4.074999999999999	-13.067	-7.674	-7.481	-5.4895
-6.964	-3.262	-5.456	-2.6050000000000004	6.681	9.092	4.145	0.0625	-10.368	-13.754	-6.741	-0.1205000000000016
1.496	-3.36	-5.684	6.018000000000001	25.346	8.267	7.499	17.463	-11.842	-12.616	-12.3	0.6159999999999997
-42.064	-39.614	-47.473	1.4794999999999945	-1.58	7.486	6.377	-8.5115	11.914	9.196	9.27	2.680999999999999
3.779	-3.94	-13.918	12.708	16.954	5.817	5.753	11.169	-11.078	-13.629	-12.682	2.0775000000000006
25.221	26.195	27.324	-1.5385000000000026	28.156	16.432	12.763	13.558499999999999	22.97	19.078	15.83	5.515999999999998
39.147	40.974	49.83	-6.255000000000003	-12.475	-6.732	-2.258	-7.9799999999999995	10.597	8.263	1.854	5.538499999999999
10.337	15.792	23.0	-9.059000000000001	-0.389	3.26	8.9	-6.469	28.135	24.378	9.749	11.0715
15.697	20.587	24.814	-7.003499999999999	-0.601	7.252	0.393	-4.4235	5.472	0.862	4.914	2.5840000000000005
-26.17	-23.555	-22.034	-3.3755000000000024	-9.185	-5.033	-0.399	-6.469	-10.825	-12.709	-10.909	0.9840000000000018
-31.038	-31.424	-23.583	-3.5345000000000013	-5.828	-0.246	-3.535	-3.9375	-20.01	-20.479	-14.555	-2.493000000000002
-11.597	-8.763	-4.215	-5.108	3.828	6.087	3.283	-0.8569999999999998	-7.739	-4.431	-7.596	-1.7254999999999994
23.077	25.79	20.226	0.06900000000000261	5.312	15.846	-2.231	-1.4954999999999998	3.26	-6.361	0.165	6.358
18.584	24.52	24.335	-5.843500000000002	14.583	8.639	12.476	4.025499999999999	-1.569	-0.076	-4.456	0.6970000000000001
-17.819	-20.879	-27.818	6.529500000000002	2.892	-1.376	-0.734	3.947	-10.978	-4.528	-1.58	-7.9239999999999995
-7.523	-0.846	10.963	-12.581499999999998	-14.187	-3.026	-5.64	-9.854	5.081	2.16	0.922	3.54
12.598	12.865	14.159	-0.9139999999999997	-8.732	-13.84	-17.768	7.072000000000001	11.27	5.027	3.642	6.935499999999999
12.349	13.651	13.043	-0.9979999999999993	0.363	-4.321	-13.615	9.331	8.163	10.085	5.205	0.5179999999999998
-36.677	-37.656	-38.639	1.4705000000000013	-0.657	-2.709	9.417	-4.011	4.338	6.094	6.493	-1.9554999999999998
-29.45	-33.252	-30.816	2.5839999999999996	-2.262	-5.334	0.638	0.08599999999999985	-9.812	-8.623	-1.839	-4.5809999999999995
10.335	8.051	7.883	2.3680000000000003	8.192	4.91	1.007	5.2335	-0.395	-1.59	-11.36	6.08
11.967	15.193	8.813	-0.03599999999999959	5.572	8.212	6.004	-1.5359999999999996	-7.701	-3.659	-1.192	-5.275499999999999
10.237	8.963	14.118	-1.3034999999999997	13.687	7.243	7.332	6.3995	-5.12	-4.561	-5.007	-0.3360000000000003
-0.016	4.084	10.805	-7.4605	1.383	8.7	12.595	-9.264500000000002	-10.72	-8.636	-6.656	-3.0740000000000016
20.493	16.712	11.601	6.336499999999997	13.48	17.373	22.581	-6.497	-11.553	-13.478	-4.57	-2.529
23.315	22.439	16.588	3.8015000000000008	11.314	15.831	20.016	-6.609499999999997	-3.245	-11.423	-10.94	7.9365
28.597	24.324	17.973	7.448500000000003	11.69	14.728	16.076	-3.7120000000000015	-7.103	-6.547	-12.836	2.5885
24.176	26.528	28.705	-3.4405	21.2	22.596	16.879	1.4624999999999986	-4.321	1.777	-3.163	-3.6279999999999997
-37.014	-35.695	-33.015	-2.658999999999999	-9.251	-3.308	7.567	-11.3805	-9.119	-12.038	-13.682	3.7409999999999997
-26.814	-30.511	-36.124	6.5035000000000025	1.324	1.315	-4.148	2.7405	3.239	4.981	-5.972	3.7345
-9.485	-1.043	2.577	-10.251999999999999	4.617	-3.224	-2.402	7.43	-11.736	-7.779	4.142	-9.9175
-19.28	-17.776	-23.969	1.5925000000000011	-2.67	-6.889	-15.982	8.7655	1.496	8.916	17.466	-11.695
-28.138	-25.176	-19.335	-5.882500000000004	-25.789	-13.946	-3.505	-17.0635	2.978	3.485	0.588	0.9415000000000004
20.085	17.939	18.258	1.9864999999999995	-18.902	-11.665	-9.658	-8.2405	-6.438	-6.572	-7.939	0.8174999999999999
-0.239	-8.102	-0.818	4.221	11.45	2.332	-3.691	12.1295	-11.055	-14.256	-15.608	3.8770000000000007
6.377	7.865	9.934	-2.5225	1.538	-2.925	5.757	0.12200000000000011	5.746	4.165	-4.267	5.797000000000001
-15.926	-15.229	-13.632	-1.4955000000000016	4.928	-4.305	-0.994	7.5775	-9.514	-12.404	-14.863	4.1195
-9.341	-14.425	-16.186	5.964500000000001	20.712	12.791	-3.418	16.0255	-9.933	-11.115	-12.583	1.9160000000000004
-12.842	-11.907	-13.684	-0.046499999999999986	8.259	12.225	12.448	-4.077500000000001	-17.194	-12.583	-10.216	-5.794499999999999
-18.208	-13.216	-11.728	-5.735999999999999	10.657	7.212	17.419	-1.6585	-18.94	-15.746	-10.952	-5.591000000000001
-18.186	-14.93	-11.531	-4.955500000000001	4.993	8.831	15.745	-7.295	-20.012	-17.58	-11.301	-5.5715
24.291	25.792	32.637	-4.923500000000001	-24.077	-30.37	-21.701	1.9584999999999972	-1.11	-1.19	-4.703	1.8365000000000002
-10.002	-12.045	-4.243	-1.8580000000000005	-17.351	-13.156	0.753	-11.1495	3.238	3.402	0.131	1.4714999999999998
33.466	32.223	37.219	-1.2550000000000026	-10.782	-8.96	-5.251	-3.676499999999999	-16.924	-23.705	-25.623	7.740000000000002
34.445	38.237	32.686	-1.0165000000000006	-2.908	-5.039	-9.312	4.2675	-18.442	-17.064	-21.829	1.0045000000000002
36.493	28.897	30.736	6.676500000000004	4.7	2.529	1.601	2.6350000000000002	9.465	13.292	7.249	-0.8055000000000003
-16.756	-14.272	-20.367	0.5635000000000012	21.66	19.118	22.269	0.9664999999999999	-2.293	-5.475	-8.852	4.8705
-65.504	-65.217	-63.352	-1.2195000000000107	-2.853	-10.262	-3.948	4.252000000000001	-0.893	0.533	4.717	-3.518
-1.09	-3.309	-2.852	1.9904999999999997	21.475	17.966	7.584	8.700000000000001	9.676	8.869	-3.639	7.061
-2.203	0.094	-2.28	-1.1099999999999999	21.936	23.623	18.115	1.0670000000000002	11.126	9.994	6.503	2.8774999999999995
43.341	39.623	35.892	5.583500000000001	-7.82	-15.964	-17.24	8.782	11.102	14.994	6.432	0.38899999999999935
47.075	42.169	36.809	7.586000000000006	3.732	-10.401	-16.675	17.27	4.927	13.353	10.485	-6.992000000000001
13.743	16.473	27.198	-8.0925	15.572	12.07	6.859	6.107499999999998	-7.837	-8.572	-8.597	0.7474999999999987
-24.877	-22.638	-25.873	-0.6214999999999975	6.333	9.725	1.932	0.5045000000000002	10.342	11.686	17.837	-4.419499999999999
25.639	13.414	15.692	11.085999999999999	10.283	6.4	13.182	0.4919999999999991	-15.254	-10.5	-17.519	-1.2445000000000004
29.676	36.996	35.498	-6.5710000000000015	10.674	16.231	12.049	-3.466000000000001	-1.061	-3.497	-11.69	6.5325
46.928	43.741	42.018	4.048499999999997	-2.314	-22.154	-32.298	24.912	-0.97	1.226	3.767	-3.4665
37.689	42.018	43.813	-5.2265000000000015	-4.371	-6.933	-20.06	9.125499999999999	10.903	3.815	1.043	8.474
-14.09	-14.138	-16.453	1.2055000000000007	7.128	0.37	2.541	5.6725	1.871	6.541	6.181	-4.49
-29.002	-24.843	-19.572	-6.794499999999999	20.106	18.832	2.627	9.376500000000002	4.627	-2.648	9.777	1.0625
-28.779	-26.289	-21.784	-4.7425	15.693	20.553	6.761	2.0359999999999996	0.719	1.496	3.612	-1.8350000000000004
-34.954	-32.441	-19.865	-8.801000000000002	-12.155	-10.299	-5.594	-4.208499999999999	-2.265	-2.742	-3.023	0.6175000000000002
-14.868	-11.752	-13.721	-2.131500000000001	3.328	3.819	-0.705	1.771	-10.168	-9.936	-15.615	2.6075000000000017
-4.086	-6.884	-13.914	6.313000000000001	11.007	7.901	-8.815	11.463999999999999	-4.236	-6.162	-8.334	3.0119999999999996
21.345	16.598	13.843	6.124499999999999	15.807	6.394	2.781	11.2195	5.682	4.35	0.966	3.0240000000000005
44.106	44.551	34.066	4.797499999999999	-0.465	1.635	-9.366	3.4005	-9.203	-11.116	-5.774	-0.7579999999999991
33.504	45.364	38.849	-8.6025	-1.908	-0.107	-1.575	-1.067	-2.412	-10.906	-6.889	6.485500000000001
19.905	25.928	39.381	-12.749499999999998	-8.77	-3.79	-0.554	-6.597999999999999	-8.083	-5.893	-6.595	-1.8390000000000004
-45.937	-43.185	-38.691	-4.998999999999995	1.611	3.169	7.473	-3.71	10.813	5.072	1.956	7.299
-24.41	-18.369	-16.558	-6.9465	-13.268	-5.304	-6.485	-7.3735	-1.585	-6.554	0.908	1.238
13.825	13.63	12.723	0.6484999999999985	4.945	-5.217	-7.091	11.099	6.008	0.29	9.521	1.1025
16.28	16.057	6.302	5.100500000000002	7.456	0.037	-8.633	11.754	2.677	-0.619	4.457	0.758
13.335	15.338	15.576	-2.122	13.626	10.02	0.286	8.472999999999999	4.602	3.442	-0.771	3.2665
24.983	23.117	22.222	2.3135000000000012	-1.867	1.486	7.319	-6.2695	-1.094	-9.866	-21.781	14.7295
-4.277	-12.352	-9.179	6.488499999999999	12.783	3.174	10.744	5.824	5.38	4.85	2.938	1.4859999999999998
31.494	37.028	43.391	-8.715499999999999	-17.773	-7.153	-21.261	-3.5660000000000007	9.161	1.343	1.588	7.695499999999999
-15.428	-12.268	-8.966	-4.811	17.3	18.447	13.163	1.495000000000001	-12.136	-9.256	-8.243	-3.386499999999998
-49.899	-51.125	-42.907	-2.8830000000000027	4.062	2.628	11.602	-3.053	3.831	7.066	11.414	-5.409000000000001
-51.63	-49.245	-45.644	-4.185500000000005	13.159	1.714	9.552	7.526000000000001	3.066	4.15	10.811	-4.4145
-45.752	-50.545	-50.481	4.761000000000003	18.101	11.746	3.823	10.316499999999998	9.24	2.372	7.343	4.3825
20.419	10.927	2.239	13.836	-7.797	-2.849	8.313	-10.529	-4.697	3.917	14.969	-14.14
23.838	25.785	8.967	6.462	-5.401	-1.837	-2.826	-3.0694999999999997	7.081	-0.269	6.233	4.099
19.773	22.69	22.545	-2.8445	-5.119	-4.107	-2.818	-1.6564999999999994	10.631	1.261	6.251	6.875
-0.213	-6.622	-3.808	5.002	12.835	3.919	16.518	2.6165000000000003	-31.39	-25.502	-23.829	-6.724499999999999
-29.752	-26.486	-38.678	2.830000000000002	5.828	10.946	0.414	0.14800000000000058	-9.496	-5.443	5.826	-9.6875
30.138	32.407	36.733	-4.4319999999999915	-6.518	-4.901	-2.049	-3.043	-0.719	-5.499	-0.902	2.4815
40.799	42.099	31.586	3.9564999999999984	6.278	7.987	-5.453	5.010999999999999	0.846	-0.149	-2.713	2.277
44.805	41.252	41.311	3.5234999999999985	-0.548	-7.314	6.428	-0.10499999999999998	-6.448	-4.889	0.119	-4.063000000000001
50.859	48.281	42.491	5.473000000000006	19.361	8.498	-4.217	17.2205	8.862	2.524	-4.982	10.091000000000001
-14.184	-15.751	-13.109	0.24600000000000044	6.847	5.889	2.568	2.6185	4.038	2.342	3.241	1.2465000000000002
14.485	17.35	20.91	-4.645000000000003	-13.693	-14.633	0.54	-6.6465	22.972	22.029	10.01	6.952500000000001
14.685	17.455	16.244	-2.1644999999999985	1.207	-4.179	-11.505	9.049000000000001	15.157	16.301	21.445	-3.7159999999999975
14.793	14.586	15.773	-0.3865000000000016	-0.582	1.538	-1.559	-0.5715	21.679	19.091	16.723	3.7719999999999985
-26.233	-25.717	-21.644	-2.552500000000002	-10.008	0.666	-5.422	-7.629999999999999	-26.211	-28.312	-30.27	3.080000000000002
-24.816	-23.444	-25.219	-0.4845000000000006	-8.608	-0.124	-3.174	-6.9590000000000005	-36.244	-34.333	-26.897	-5.629000000000001
-24.53	-27.73	-25.176	1.9229999999999983	-1.148	-1.424	-5.294	2.2110000000000003	-25.623	-31.476	-35.707	7.968499999999995
-25.335	-26.047	-26.515	0.945999999999998	-4.922	-0.249	-5.95	-1.8224999999999998	-23.144	-29.529	-35.026	9.133500000000005
-39.408	-47.068	-48.771	8.511499999999998	4.462	-5.434	-0.205	7.281499999999999	-18.255	-14.628	-7.495	-7.1934999999999985
35.532	37.011	24.372	4.840499999999995	7.653	7.553	2.761	2.4959999999999996	16.916	17.716	19.575	-1.729499999999998
41.234	43.82	38.545	0.051499999999997215	22.068	15.736	10.572	8.914000000000001	15.459	15.512	14.734	0.3359999999999985
7.771	7.002	8.865	-0.16250000000000053	-16.316	-15.865	-25.105	4.1690000000000005	-13.192	-11.303	-30.047	7.4830000000000005
-25.424	-20.196	-31.288	0.3180000000000014	0.001	18.254	12.153	-15.202500000000002	23.877	18.434	25.099	2.1104999999999983
-37.913	-41.687	-34.878	0.36950000000000216	-5.144	-5.288	6.018	-5.509	-0.078	6.227	13.584	-9.9835
-42.631	-39.131	-38.627	-3.7519999999999953	3.244	-6.764	4.004	4.6240000000000006	-2.852	2.643	12.462	-10.4045
6.433	5.685	7.717	-0.2679999999999998	1.445	-4.718	-0.287	3.9475	5.586	6.027	5.696	-0.2754999999999992
56.479	61.109	64.562	-6.356499999999997	5.835	14.767	-0.354	-1.3715000000000002	12.311	6.184	4.54	6.949
2.026	6.267	-2.678	0.2314999999999996	10.518	8.308	6.21	3.2590000000000003	-0.532	-2.804	13.955	-6.1075
-8.7	-11.776	-9.695	2.0355000000000008	5.861	2.697	2.641	3.1919999999999997	-4.835	-3.334	-9.01	1.3369999999999997
-14.956	-16.865	-16.391	1.6720000000000006	2.202	3.815	4.381	-1.896	-6.549	-4.569	-3.216	-2.6565000000000003
54.424	55.592	52.925	0.16550000000000153	-12.026	-13.47	-10.424	-0.07900000000000063	13.038	6.646	2.736	8.347000000000001
-28.522	-28.02	-21.396	-3.814	-8.472	-11.551	-11.882	3.2445000000000004	0.493	-0.927	2.982	-0.5345000000000001
32.61	31.587	39.522	-2.944499999999998	-7.574	-10.772	-3.767	-0.3045	17.472	12.618	4.055	9.1355
33.642	32.647	37.231	-1.296999999999997	-0.541	-6.654	-9.424	7.497999999999999	18.739	16.62	7.48	6.689
31.429	34.32	32.125	-1.793499999999998	4.004	-0.186	-9.951	9.0725	14.578	16.993	13.736	-0.7865000000000002
51.944	40.117	40.631	11.570000000000007	13.982	-0.946	1.821	13.5445	8.221	16.229	18.429	-9.108
-17.572	-17.815	-14.375	-1.4770000000000003	5.111	-0.936	-2.104	6.631	-0.17	-3.366	-5.373	4.1995000000000005
-11.848	-8.741	-17.192	1.1184999999999992	7.758	1.425	1.885	6.103	-0.591	-2.654	-1.639	1.5555
26.23	31.74	33.933	-6.6065000000000005	-1.609	5.944	1.404	-5.2829999999999995	-8.831	-16.252	-23.369	10.979499999999998
-7.975	3.287	-1.051	-9.093	-11.702	-10.469	-5.919	-3.508000000000001	13.952	13.435	11.735	1.366999999999999
-32.155	-30.957	-33.728	0.1875	-9.114	7.896	3.354	-14.739	-7.286	-8.956	-9.269	1.8265000000000011
11.3	10.916	11.705	-0.010500000000000398	26.663	17.856	19.558	7.9559999999999995	-12.007	-4.096	2.914	-11.416
19.838	23.277	25.575	-4.588000000000001	-18.611	-1.706	-2.592	-16.462	8.968	10.723	6.822	0.19549999999999912
15.983	15.286	15.581	0.5495000000000019	12.712	5.202	1.24	9.491	-3.55	-1.937	-2.766	-1.1984999999999997
-5.716	7.939	15.814	-17.5925	-10.022	-7.055	-0.281	-6.354000000000001	-1.159	-6.152	-6.268	5.051
-3.762	-3.101	15.58	-10.0015	-9.29	-8.742	-3.756	-3.0409999999999986	-1.388	-1.755	-7.271	3.125
-0.164	-4.545	7.889	-1.836	0.599	-10.503	-6.698	9.1995	0.857	-0.97	-6.399	4.5415
-41.914	-45.871	-34.644	-1.6565000000000012	-0.283	4.805	18.223	-11.796999999999999	20.484	17.882	10.494	6.296000000000001
-25.751	-28.973	-31.268	4.369499999999999	5.742	5.896	4.021	0.7835000000000001	19.259	17.923	17.272	1.6615000000000038
-18.371	-24.021	-29.07	8.174500000000002	21.054	8.724	5.412	13.985999999999999	8.217	16.907	18.141	-9.307
21.318	17.808	19.659	2.584500000000002	11.353	12.381	12.236	-0.9555000000000007	-31.9	-32.375	-23.984	-3.7204999999999977
22.496	27.706	23.205	-2.959500000000002	-13.082	0.727	-10.598	-8.1465	-0.858	-0.588	5.933	-3.5305
24.146	24.56	35.557	-5.912500000000001	10.666	8.136	17.557	-2.1804999999999986	-2.863	-2.26	-5.628	1.081
-6.907	-0.695	5.766	-9.442499999999999	1.319	3.056	-1.979	0.7805	-5.663	-0.76	-0.804	-4.881
1.959	-4.099	4.242	1.8875000000000002	2.205	3.287	-0.211	0.667	-11.052	-5.196	0.679	-8.7935
0.175	1.487	-2.855	0.859	-1.427	2.376	2.617	-3.9235	-7.209	-10.661	-3.325	-0.2159999999999993
-39.74	-36.04	-28.923	-7.258500000000005	-14.934	-7.153	-1.195	-10.76	12.785	13.563	15.476	-1.7345000000000006
6.467	5.63	7.135	0.08449999999999935	4.058	8.918	-3.397	1.2975000000000003	-8.161	2.72	1.458	-10.25
12.846	20.186	17.516	-6.004999999999999	19.121	16.276	6.055	7.955499999999999	35.427	29.517	26.413	7.462
2.883	-3.344	1.823	3.6435	-19.042	-11.978	-3.473	-11.316500000000001	-3.808	2.372	-0.069	-4.9595
2.321	13.843	9.304	-9.2525	-5.868	-3.175	-8.91	0.1745000000000001	4.084	-3.164	-3.089	7.2105
2.175	6.154	9.351	-5.577500000000001	18.812	9.615	-3.921	15.965	-4.15	-1.458	-0.253	-3.2945
1.314	4.236	5.318	-3.462999999999999	14.353	16.999	-0.424	6.0655	-2.821	-5.073	2.458	-1.5135
-4.981	-0.182	2.434	-6.107	15.093	19.005	17.478	-3.148500000000002	-9.605	-9.872	-5.515	-1.9115000000000002
-34.609	-34.395	-26.335	-4.244	0.954	5.877	16.814	-10.391499999999999	-19.623	-16.942	-28.138	2.916999999999998
-33.136	-36.295	-34.71	2.366499999999995	-16.174	-12.422	3.32	-11.623	-15.49	-17.472	-17.856	2.1740000000000013
-37.465	-35.194	-35.342	-2.1970000000000027	-10.977	-9.403	-11.524	-0.5135000000000005	-15.454	-15.136	-17.658	0.9429999999999978
25.413	26.291	28.524	-1.9944999999999986	-21.915	-21.881	-13.863	-4.042999999999999	0.394	0.424	-5.518	2.941
-30.927	-28.387	-16.162	-8.6525	-8.275	2.049	7.528	-13.063500000000001	-1.021	-5.526	-8.08	5.782
-18.504	-13.987	-24.916	0.947499999999998	5.483	17.648	0.26	-3.471000000000001	-6.272	-10.896	-6.935	2.6434999999999995
-4.74	-3.325	2.216	-4.1855	14.2	18.492	11.425	-0.7585000000000015	-9.214	-11.694	-8.092	0.6790000000000003
-23.858	-27.681	-33.229	6.596999999999998	2.245	10.492	4.056	-5.029000000000001	-2.14	-8.391	-5.404	4.7575
11.614	17.436	12.703	-3.455499999999999	31.414	16.164	16.41	15.127000000000002	20.969	19.448	20.494	0.9980000000000011
19.604	10.145	5.635	11.713999999999999	14.873	2.898	8.257	9.2955	1.79	10.892	8.556	-7.934
-21.327	-20.683	-17.808	-2.081500000000002	0.578	6.832	9.073	-7.3745	-11.604	-9.319	-10.85	-1.519499999999999
39.658	45.067	44.435	-5.0930000000000035	24.957	21.459	12.173	8.141000000000002	3.568	-3.643	1.58	4.5995
-1.283	-1.76	-0.846	0.020000000000000018	-5.426	-2.354	11.442	-9.97	2.237	0.87	-8.836	6.220000000000001
4.574	1.156	-0.208	4.1	-9.996	-7.438	-4.848	-3.8530000000000006	-9.881	-3.207	0.759	-8.657
50.526	44.467	42.407	7.089000000000006	-12.422	-16.965	-12.9	2.5105000000000004	8.616	4.8	4.878	3.7769999999999992
34.286	42.515	47.9	-10.921499999999995	-6.543	-8.344	-9.889	2.5734999999999983	7.73	9.602	8.593	-1.3674999999999997
39.9	36.264	41.396	1.0700000000000003	5.927	-2.995	-8.211	11.53	10.066	4.562	9.856	2.857000000000001
37.263	36.617	39.679	-0.884999999999998	10.784	8.77	5.931	3.4335000000000004	27.866	21.206	10.104	12.211
-47.221	-39.455	-34.685	-10.150999999999996	0.568	-5.768	-5.784	6.343999999999999	0.515	2.431	10.891	-6.146
-15.279	-16.249	-21.937	3.814	-4.051	-2.651	-5.228	-0.11150000000000038	-15.173	-13.406	-5.431	-5.7545
25.783	28.266	28.188	-2.4439999999999955	10.616	12.134	7.798	0.6499999999999986	13.637	12.755	5.108	4.705500000000001
-2.053	-2.061	-1.397	-0.32399999999999984	4.71	-1.7	-5.643	8.381499999999999	-4.125	-6.711	-22.031	10.245999999999999
3.518	-1.617	-1.892	5.2725	8.71	4.116	-2.647	7.975500000000001	-12.575	-6.28	-15.279	-1.7954999999999988
0.307	1.431	1.464	-1.1405	-12.253	-6.113	5.626	-12.0095	-24.799	-19.486	-11.521	-9.295499999999999
0.42	3.795	1.056	-2.0055	-15.447	-15.611	-8.159	-3.5619999999999976	-24.919	-27.294	-21.257	-0.6434999999999995
37.109	35.796	21.343	8.539500000000004	-1.017	3.749	-10.493	2.355	-35.34	-27.515	-34.122	-4.521500000000003
25.828	33.86	36.676	-9.440000000000001	-9.371	-7.109	1.773	-6.703	-22.666	-22.131	-30.236	3.517500000000002
32.289	33.0	30.901	0.33850000000000335	33.659	27.76	14.813	12.372499999999999	20.367	11.397	5.107	12.115
-0.381	1.744	2.123	-2.3145	5.263	10.058	4.766	-2.149	21.442	18.136	14.983	4.8825
-9.803	-3.556	-13.057	-1.496500000000001	3.91	-4.98	0.793	6.003500000000001	4.188	5.151	13.426	-5.100499999999999
-14.732	-14.91	-8.78	-2.8870000000000005	-7.166	-7.373	-8.188	0.6144999999999996	8.863	8.973	8.06	0.3464999999999989
31.061	30.159	35.306	-1.6715000000000018	-4.516	-18.255	-7.973	8.597999999999999	-2.79	-6.86	-3.043	2.1615
-28.32	-25.694	-21.298	-4.824000000000002	-6.717	-0.409	10.693	-11.858999999999998	-2.238	2.61	7.041	-7.0634999999999994
31.027	27.342	34.989	-0.13849999999999696	-5.983	-2.477	5.199	-7.343999999999999	29.652	30.386	16.79	6.064
28.041	30.924	29.053	-1.9475000000000016	0.068	-2.944	0.405	1.3375	21.987	26.495	26.257	-4.389000000000003
6.585	11.143	12.447	-5.21	-0.33	2.189	-4.696	0.9234999999999998	1.43	0.539	-7.45	4.8855
-0.007	3.265	7.58	-5.4295	-2.33	-4.886	-0.716	0.4710000000000001	1.568	-0.878	-0.787	2.4005
-58.524	-54.464	-44.597	-8.993499999999997	5.086	-4.39	6.778	3.8920000000000003	6.535	10.773	14.193	-5.948
-61.486	-58.331	-50.758	-6.941499999999998	-5.118	2.406	-3.364	-4.639	2.359	4.916	11.82	-6.009
-62.434	-63.551	-61.519	0.10099999999999909	-16.369	-11.649	-3.39	-8.849499999999999	-9.138	-2.732	-0.897	-7.323499999999999
-58.602	-62.967	-61.694	3.728500000000004	-13.661	-15.879	-5.885	-2.779	-10.802	-7.925	-2.837	-5.420999999999999
-57.708	-60.47	-62.993	4.0234999999999985	-1.461	-13.411	-14.469	12.479	-18.737	-13.377	-5.915	-9.090999999999998
4.926	-0.677	-3.349	6.939	-1.029	-6.057	-3.574	3.7865	-1.473	3.57	-7.238	0.3610000000000002
48.556	45.234	44.467	3.7055000000000007	-9.532	-7.733	-3.725	-3.803	-5.588	-6.765	-5.09	0.33950000000000014
0.269	-0.136	-0.538	0.6060000000000001	1.507	5.012	-3.944	0.9730000000000001	-6.748	-8.991	-1.848	-1.3285
-0.673	-5.852	-7.715	6.1105	13.075	10.315	15.892	-0.02850000000000108	7.957	9.802	4.213	0.9494999999999996
9.372	18.29	25.513	-12.529499999999999	-1.706	5.874	3.721	-6.503499999999999	2.862	4.484	4.77	-1.7649999999999997
8.434	13.813	22.8	-9.8725	3.866	3.424	4.189	0.05950000000000033	-2.819	4.428	2.316	-6.191
4.947	7.767	16.699	-7.2860000000000005	0.057	3.706	3.923	-3.7575	-5.117	-2.993	4.066	-5.6535
3.264	5.976	12.59	-6.019	2.421	2.198	3.568	-0.4620000000000002	-3.497	-4.431	2.342	-2.4524999999999997
31.451	37.359	42.294	-8.375499999999995	-6.15	-10.49	-12.734	5.462	8.737	4.169	-3.614	8.4595
-35.885	-38.979	-37.932	2.5705000000000027	4.57	-2.822	-0.487	6.224500000000001	-21.539	-19.361	-20.702	-1.5075000000000003
-22.942	-22.916	-33.113	5.072499999999998	12.235	11.08	13.335	0.027499999999999858	13.174	4.961	14.007	3.6899999999999995
44.828	33.897	27.696	14.031500000000001	11.828	6.546	10.482	3.314	6.592	16.208	6.663	-4.8435
49.555	50.707	34.561	6.920999999999999	19.434	14.968	7.532	8.184000000000001	0.56	-1.262	14.476	-6.047000000000001
52.103	49.828	49.437	2.4705000000000013	16.477	16.845	20.651	-2.2709999999999972	12.621	13.54	1.367	5.1675
-14.85	-11.974	-2.414	-7.656	-1.804	1.661	-1.699	-1.7850000000000001	-21.37	-21.714	-15.253	-2.8865000000000016
39.85	35.175	33.624	5.450499999999998	-17.146	-19.382	-25.879	5.484500000000001	8.153	4.092	2.015	5.099500000000001
4.865	5.055	7.626	-1.4755000000000003	16.35	11.099	17.681	1.9600000000000009	-6.138	-1.161	-8.182	-1.4665
13.128	16.734	17.699	-4.088500000000003	10.411	5.095	-8.525	12.126	3.996	0.709	1.456	2.9135
27.849	33.098	28.949	-3.1744999999999983	-25.345	-32.737	-31.34	6.6935	0.866	0.908	0.268	0.2779999999999999
1.923	7.651	10.333	-7.069000000000001	10.356	11.171	13.557	-2.008000000000001	2.866	3.561	0.068	1.0515
-29.851	-29.646	-30.37	0.15700000000000358	2.971	2.986	4.096	-0.5700000000000003	15.352	10.986	11.071	4.323499999999999
-20.173	-11.513	-14.832	-7.000499999999999	27.015	30.37	8.922	7.369	13.098	13.734	11.747	0.35749999999999993
-25.557	-29.836	-28.212	3.4670000000000023	-12.242	-10.185	-11.252	-1.5235000000000003	10.666	21.129	28.326	-14.061499999999999
27.106	27.148	29.846	-1.3909999999999982	5.028	-2.217	4.111	4.0809999999999995	-1.861	2.769	-2.532	-1.9795
6.01	-1.374	-2.774	8.084	9.314	-2.346	-10.575	15.7745	2.897	11.889	14.032	-10.0635
11.233	5.431	6.244	5.3955	15.254	17.912	21.526	-4.465000000000002	-11.334	-8.929	1.84	-7.789499999999999
11.126	13.626	10.27	-0.822000000000001	22.325	15.467	8.963	10.11	-23.822	-31.606	-28.287	6.124500000000001
4.006	3.154	8.084	-1.6129999999999995	-6.217	6.506	10.562	-14.750999999999998	-29.282	-27.7	-29.339	-0.7624999999999993
-36.821	-37.787	-39.772	1.9585000000000008	-6.996	-6.476	-7.534	0.008999999999999453	11.734	11.959	15.594	-2.0424999999999986
56.31	50.58	58.652	1.6940000000000026	-10.43	-9.961	-10.906	0.0035000000000007248	-3.251	-2.63	-3.471	-0.2004999999999999
-23.844	-19.451	-18.653	-4.792000000000002	-16.96	-7.263	-4.36	-11.1485	5.472	-1.201	4.645	3.750000000000001
20.373	22.515	24.776	-3.2724999999999973	1.424	1.202	0.254	0.696	10.21	7.87	2.003	5.2735
7.443	9.142	0.092	2.8259999999999996	20.916	16.62	4.409	10.4015	10.04	8.559	17.828	-3.153500000000001
-15.627	-11.961	-7.095	-6.099	7.467	1.274	6.19	3.7349999999999994	-6.542	-8.872	-11.636	3.7119999999999997
-4.735	-13.887	-10.234	7.325500000000001	19.543	7.794	2.314	14.488999999999999	-16.443	-7.822	-9.999	-7.532500000000001
-17.001	-14.964	-10.836	-4.101000000000001	18.43	11.163	10.318	7.689499999999999	-24.897	-23.242	-12.658	-6.946999999999999
19.124	8.558	5.478	12.105999999999998	14.311	14.58	16.231	-1.0945	8.149	6.088	5.99	2.1099999999999994
13.271	8.815	13.717	2.005000000000001	25.035	19.891	13.14	8.5195	13.859	12.184	6.835	4.349500000000001
23.341	16.974	9.588	10.060000000000002	28.644	25.728	18.681	6.439499999999995	15.846	11.144	11.156	4.696
20.026	25.512	20.825	-3.142500000000002	28.388	28.755	26.731	0.6449999999999996	10.935	14.018	15.618	-3.883000000000001
-7.42	-7.854	-6.011	-0.4874999999999998	-6.135	-9.184	-14.695	5.804499999999999	3.475	0.39	-3.67	5.115
-40.713	-50.558	-49.765	9.448500000000003	-1.487	-8.259	-9.539	7.412000000000001	-1.048	4.836	4.281	-5.6065000000000005
6.404	-4.219	-1.871	9.449	15.085	6.048	10.783	6.669500000000001	-11.874	-8.471	-18.308	1.5154999999999994
4.174	4.594	-4.189	3.9715000000000003	11.26	14.834	8.945	-0.6295000000000002	-13.249	-11.823	-10.127	-2.273999999999999
3.928	3.01	5.003	-0.07850000000000001	3.316	3.904	13.516	-5.394000000000001	-12.614	-12.413	-12.71	-0.05250000000000021
-7.438	-7.127	-16.872	4.5615	10.969	9.926	4.122	3.9449999999999994	-0.76	-7.436	8.167	-1.1255
-9.081	-6.359	2.619	-7.210999999999999	-0.358	9.148	22.808	-16.336	-1.576	5.313	3.122	-5.7935
-6.17	-4.333	-4.264	-1.8714999999999993	3.113	5.945	13.764	-6.7415	7.977	-0.62	-1.897	9.2355
5.202	6.976	6.686	-1.6289999999999996	5.176	6.409	3.181	0.3810000000000002	3.088	0.616	-8.879	7.2195
33.601	36.213	42.914	-5.962500000000006	-7.246	-13.286	-16.923	7.858499999999998	2.354	-2.124	-0.524	3.678
33.525	35.097	40.093	-4.07	1.598	-10.823	-15.701	14.860000000000001	4.822	-0.575	0.639	4.79
35.09	38.381	38.49	-3.3455000000000013	-2.786	10.609	6.973	-11.577	10.266	7.342	5.05	4.07
-1.812	3.035	1.433	-4.046	24.507	19.371	11.576	9.033500000000002	-17.988	-18.145	-17.486	-0.17249999999999943
6.493	4.161	2.836	2.9945000000000004	-3.507	-1.154	7.282	-6.571	-5.2	-7.546	-2.825	-0.014499999999999957
27.182	22.275	23.243	4.422999999999998	-1.514	5.117	7.632	-7.8885	-6.824	-13.184	-4.197	1.8665000000000003
39.742	38.881	31.529	4.536999999999999	14.877	3.886	-3.936	14.902000000000001	-1.031	-5.407	2.235	0.5550000000000002
40.718	40.733	33.965	3.3689999999999998	25.088	15.082	-0.257	17.6755	2.287	-0.678	-3.164	4.208
16.504	17.185	14.917	0.45300000000000296	-9.688	-8.822	-3.02	-3.7670000000000012	10.941	12.059	11.242	-0.7095000000000002
-3.786	-1.448	4.666	-5.3950000000000005	5.365	15.807	10.844	-7.9605	-0.945	-11.556	-12.637	11.151499999999999
-0.59	-3.912	3.569	-0.4185	7.344	10.91	13.876	-5.049	0.324	-4.466	-14.22	9.667
22.288	18.659	15.58	5.168500000000002	15.745	18.562	8.702	2.1129999999999978	-13.092	-12.819	-8.871	-2.247
14.867	19.906	-7.958	8.893	18.177	7.824	3.65	12.44	5.311	1.887	18.585	-4.925000000000001
0.948	-14.884	-20.695	18.7375	-0.646	-9.846	-11.028	9.791	-7.672	-4.783	-12.89	1.1645000000000012
-15.553	-5.912	5.923	-15.5585	-18.698	-16.568	-19.89	-0.4690000000000012	1.558	6.954	16.223	-10.0305
-5.338	0.331	2.751	-6.879	-3.951	-6.509	-4.472	1.5395000000000008	-5.373	-8.662	-8.147	3.0315000000000003
-16.828	-18.303	-22.748	3.6975000000000016	2.132	2.791	-10.16	5.8165	-11.665	-15.539	-1.571	-3.1099999999999994
-17.952	-17.207	-22.304	1.803499999999996	-2.717	0.677	-2.432	-1.8395000000000001	-5.459	-11.98	-8.717	4.889500000000002
-20.862	-26.776	-19.708	2.379999999999999	-7.163	-5.675	-5.339	-1.6560000000000006	-7.485	-7.902	-6.507	-0.28050000000000086
-17.306	-24.137	-22.139	5.831999999999997	-2.853	-4.517	-7.575	3.193	-8.267	-8.324	-5.931	-1.1395
-5.542	-4.535	-5.813	-0.3680000000000003	-19.153	-25.546	-17.716	2.4780000000000015	-6.663	-5.264	-0.565	-3.7485
4.417	-0.529	-7.759	8.561	-5.699	-18.523	-12.017	9.571	-4.781	-6.355	-7.67	2.2315000000000005
-23.373	-19.79	-25.124	-0.9160000000000004	12.646	22.237	16.244	-6.5944999999999965	17.176	6.676	9.153	9.261499999999998
-18.654	-20.906	-16.24	-0.08099999999999952	-2.89	-1.288	-7.454	1.4809999999999994	19.341	16.298	12.204	5.090000000000002
24.09	16.199	9.243	11.369	-12.807	-19.346	-7.241	0.4864999999999995	-0.431	10.711	4.503	-8.038
30.355	26.782	25.708	4.110000000000003	-3.116	0.302	2.576	-4.555	6.547	5.116	7.865	0.05649999999999977
46.042	38.614	39.774	6.847999999999999	11.877	8.812	3.597	5.672500000000001	-14.712	-14.558	-32.202	8.668
48.582	50.657	45.539	0.48400000000000176	19.181	18.574	13.642	3.0730000000000004	8.217	-2.251	-14.067	16.376
45.917	51.361	49.682	-4.604500000000002	9.521	11.58	17.923	-5.230499999999999	-4.101	4.247	-2.52	-4.9645
-9.276	-9.197	-3.855	-2.75	8.178	-2.865	-6.701	12.961	4.65	8.441	11.884	-5.512500000000001
-15.281	-13.875	-19.857	1.584999999999999	-4.964	-8.475	-2.681	0.613999999999999	-8.359	-11.086	1.689	-3.6605
-15.791	-16.219	-15.224	-0.06949999999999967	-19.422	-9.77	-0.453	-14.310500000000001	0.625	3.651	-5.9	1.7495000000000003
15.828	15.8	17.33	-0.7369999999999983	17.187	10.357	5.247	9.385000000000002	-21.09	-19.565	-21.22	-0.6975000000000016
17.976	19.084	15.22	0.8239999999999981	24.588	25.307	16.934	3.467500000000001	-9.66	-14.958	-19.475	7.5565
57.66	64.172	63.283	-6.067500000000003	14.019	21.173	12.36	-2.7475000000000005	31.773	29.625	16.431	8.745000000000001
-19.651	-13.292	-3.187	-11.4115	-9.647	-2.023	-3.592	-6.8395	16.92	11.837	-5.524	13.763500000000002
-21.483	-23.321	-22.236	1.2955000000000005	-26.52	-22.093	-15.411	-7.768000000000001	-4.565	3.243	5.522	-8.947500000000002
-15.79	-15.71	-12.806	-1.532	-4.998	-2.669	-7.912	0.29249999999999954	5.023	-0.239	0.713	4.786
0.611	-0.349	-12.233	6.902	12.498	10.265	10.968	1.881499999999999	6.061	3.393	-0.285	4.507
-3.306	-0.838	-1.093	-2.3405	9.091	14.315	9.847	-2.99	6.005	2.846	4.004	2.58
0.23	-3.219	-0.145	1.912	5.807	9.025	13.016	-5.2135	-4.173	4.789	3.988	-8.561499999999999
-2.393	-1.664	-2.838	-0.1419999999999999	5.032	3.837	10.359	-2.066	-12.837	-7.318	3.479	-10.9175
23.835	28.35	34.09	-7.385000000000002	8.162	-0.696	-1.226	9.123000000000001	3.323	0.548	3.114	1.492
-1.334	1.709	-0.977	-1.7000000000000002	1.622	3.725	8.091	-4.286	-17.787	-28.274	-24.797	8.7485
20.263	19.088	8.646	6.396000000000001	-6.957	-1.344	0.052	-6.311	9.235	9.192	17.018	-3.870000000000001
17.65	21.008	18.963	-2.3355000000000032	-2.044	-4.789	-2.258	1.4794999999999998	9.276	11.667	9.714	-1.4145000000000003
10.988	20.44	20.697	-9.5805	0.573	-1.992	-4.262	3.6999999999999997	9.044	9.71	9.603	-0.6125000000000007
46.879	46.193	40.503	3.530999999999999	18.032	7.882	2.415	12.8835	-1.736	5.401	-4.934	-1.9694999999999998
51.116	51.121	51.749	-0.3190000000000026	7.869	6.435	16.305	-3.5009999999999994	0.481	0.456	-9.062	4.784
31.836	34.278	42.21	-6.408000000000001	4.781	-2.479	0.343	5.849	-18.868	-20.452	-30.608	6.662000000000003
27.679	30.858	33.298	-4.3990000000000045	17.368	16.773	0.427	8.767999999999999	-9.295	-12.274	-19.608	6.645999999999999
26.789	23.197	27.743	1.3190000000000026	21.281	12.434	15.302	7.413	-20.734	-18.393	-10.964	-6.055500000000002
-33.994	-43.353	-35.753	5.5589999999999975	12.079	3.497	4.369	8.146	11.792	12.782	13.723	-1.4605000000000015
-33.736	-30.233	-38.387	0.5740000000000052	4.41	14.605	7.935	-6.859999999999999	11.423	12.01	12.229	-0.6964999999999986
29.196	32.064	38.453	-6.0624999999999964	4.982	5.598	6.616	-1.1249999999999991	-0.296	-4.353	-7.69	5.725499999999999
36.11	32.865	30.965	4.195	20.271	13.487	5.327	10.864	-0.67	7.254	-0.947	-3.8234999999999997
36.62	33.852	31.293	4.047499999999999	22.111	17.835	6.393	9.997	1.328	3.239	2.878	-1.7305
23.023	18.992	11.254	7.899999999999999	2.979	1.982	1.725	1.1255000000000002	14.682	12.807	4.452	6.0525
31.909	24.867	14.798	12.0765	13.665	5.917	0.149	10.632	8.181	12.984	10.198	-3.410000000000002
-9.377	-16.375	-15.651	6.6359999999999975	7.247	11.719	11.017	-4.120999999999999	-14.625	-6.141	-9.78	-6.6645
-6.43	-13.442	-15.836	8.209	11.853	10.445	11.779	0.7409999999999997	-18.86	-9.79	-8.81	-9.559999999999999
-7.644	-8.494	-14.92	4.063000000000001	17.008	11.217	10.28	6.259499999999999	-17.673	-18.273	-8.267	-4.402999999999999
-9.607	-10.904	-11.841	1.7654999999999994	-6.757	-7.926	-8.87	1.641	-1.624	-6.58	-9.073	6.202500000000001
14.103	20.85	27.189	-9.916500000000001	-6.482	-11.538	-11.464	5.019000000000001	6.868	11.486	4.676	-1.2129999999999992
23.593	20.784	18.099	4.151500000000002	6.626	-0.161	-14.494	13.9535	3.204	-0.696	-0.496	3.8000000000000003
27.663	22.411	18.854	7.0305	4.549	6.23	-2.619	2.7435	-2.634	2.351	1.315	-4.467
26.987	27.454	23.078	1.721	9.2	4.54	5.459	4.2005	-4.147	-1.368	1.674	-4.3
-41.102	-45.446	-42.576	2.908999999999999	10.334	-2.64	4.565	9.3715	-16.591	-17.385	-16.892	0.5474999999999994
-37.963	-36.252	-45.349	2.8374999999999986	15.768	16.683	-0.625	7.739000000000001	-16.15	-21.385	-16.918	3.0015
30.399	30.515	31.556	-0.6364999999999981	-2.76	-5.267	-8.27	4.0085	-10.647	-16.222	-16.146	5.537000000000001
22.592	22.006	26.637	-1.7295000000000016	-15.309	-16.582	-8.643	-2.6964999999999986	8.797	2.655	0.8	7.069500000000001
18.881	21.144	24.244	-3.812999999999999	-6.828	1.368	-6.024	-4.5	18.317	15.021	12.313	4.649999999999999
9.606	14.076	11.599	-3.2315000000000005	2.011	5.825	-7.368	2.7825	-3.476	-2.618	10.472	-7.403
-1.094	3.988	8.085	-7.1305000000000005	-15.286	-2.77	0.783	-14.2925	-1.23	-1.526	-3.759	1.4125
3.203	0.731	5.439	0.11799999999999988	-15.632	-16.321	-1.678	-6.6324999999999985	-3.898	-3.102	-2.472	-1.1110000000000002
-35.998	-36.223	-28.402	-3.6854999999999976	-15.512	-12.833	-3.885	-7.1530000000000005	12.714	18.059	12.015	-2.3230000000000004
-38.111	-38.442	-38.841	0.5305000000000035	1.353	0.563	5.27	-1.5634999999999997	0.755	1.337	3.801	-1.814
-40.031	-37.705	-39.923	-1.2169999999999987	-3.894	-0.166	-0.192	-3.7150000000000003	-6.477	-1.863	3.948	-7.519500000000001
-38.513	-40.406	-37.461	0.420499999999997	-6.932	-5.049	0.45	-4.6325	-4.274	-5.521	-1.919	-0.5540000000000003
39.138	37.131	27.377	6.884	-2.873	-0.003	-7.934	1.0955	-4.122	-8.744	-15.348	7.9239999999999995
14.477	15.786	16.379	-1.6054999999999993	-32.601	-29.077	-20.652	-7.7364999999999995	5.776	19.306	23.051	-15.4025
18.17	22.747	29.603	-8.004999999999999	3.799	10.887	9.564	-6.426500000000001	-3.936	1.221	-5.944	-1.5745
-10.951	-7.766	8.531	-11.3335	5.832	-5.239	-5.929	11.416	-7.79	-4.082	-8.616	-1.4409999999999998
-20.628	-23.649	-20.451	1.4220000000000006	25.008	16.839	21.206	5.985499999999998	0.397	1.749	-5.086	2.0655
-18.785	-17.164	-18.102	-1.1519999999999975	14.905	17.291	30.825	-9.153	12.297	11.824	19.022	-3.1259999999999977
-15.052	-16.569	-18.467	2.466000000000001	20.37	11.886	14.446	7.204000000000001	10.946	10.469	10.083	0.6699999999999999
-9.018	-12.058	-16.261	5.141499999999999	34.506	25.893	13.838	14.6405	17.415	10.007	9.088	7.8675
25.938	20.419	22.573	4.441999999999997	-12.576	-10.372	-11.333	-1.7235000000000014	-13.089	-13.272	-15.844	1.4689999999999994
-14.886	-14.279	3.441	-9.466999999999999	2.602	-10.432	-1.967	8.8015	5.347	11.356	13.901	-7.2814999999999985
23.556	29.046	33.33	-7.631999999999998	-12.222	-18.317	-14.899	4.386000000000001	-2.147	-4.78	-12.947	6.7165
24.178	27.437	26.615	-2.847999999999999	0.778	8.688	8.783	-7.9575	1.049	-5.273	-10.629	9.0
24.926	22.561	26.497	0.39699999999999847	-0.57	2.54	3.486	-3.5829999999999997	1.99	-0.747	-0.744	2.7355
-48.312	-43.474	-32.59	-10.280000000000001	-18.646	-12.608	-10.91	-6.8870000000000005	-1.336	-1.406	-1.685	0.20950000000000002
-45.959	-44.654	-45.297	-0.9835000000000065	-17.909	-15.2	-15.27	-2.6739999999999995	-10.048	-9.236	-1.768	-4.545999999999999
-37.049	-42.341	-42.066	5.154500000000006	17.65	0.292	-2.315	18.6615	14.42	18.576	20.077	-4.906500000000003
-30.567	-29.891	-40.176	4.4665000000000035	12.438	15.378	7.451	1.0235000000000003	16.61	13.877	16.828	1.2575000000000003
-28.875	-28.996	-37.48	4.3629999999999995	18.173	11.925	14.586	4.917499999999997	12.578	15.201	15.657	-2.851000000000001
36.478	30.901	23.002	9.526500000000002	-6.684	-9.939	-6.071	1.3209999999999988	-19.697	-21.23	-16.587	-0.7884999999999991
13.625	8.262	15.401	1.7934999999999999	-17.242	-11.167	-13.096	-5.110500000000002	5.054	4.734	-2.827	4.1005
-2.453	1.611	8.409	-7.463000000000001	8.181	-1.671	-8.663	13.347999999999999	-24.53	-30.83	-17.031	-0.5995000000000026
0.297	-8.918	-4.122	6.816999999999999	27.471	20.937	9.376	12.314499999999999	1.795	3.299	-0.293	0.29200000000000004
4.934	-1.912	-10.802	11.291	22.577	26.779	12.68	2.8475	3.66	1.177	6.197	-0.027000000000000135
7.837	5.621	4.319	2.866999999999999	12.748	6.026	22.919	-1.7245000000000008	2.737	5.793	4.42	-2.3695000000000004
-19.971	-19.336	-19.232	-0.6870000000000012	-33.966	-30.307	-22.181	-7.722000000000001	17.695	17.117	17.178	0.5474999999999994
16.414	24.476	32.712	-12.18	-29.359	-36.562	-34.155	5.999499999999998	14.324	9.581	-5.179	12.123000000000001
15.147	8.874	21.789	-0.18450000000000166	-5.259	-10.909	-34.161	17.276	-0.616	3.762	11.162	-8.078000000000001
-11.861	-20.775	-20.144	8.598499999999998	0.053	2.255	9.392	-5.770499999999999	-9.2	-0.66	6.378	-12.059
35.955	33.325	24.189	7.197999999999997	13.353	12.042	15.549	-0.4425000000000008	-10.482	-14.185	-7.422	0.32150000000000034
37.335	39.407	36.998	-0.8674999999999997	13.08	15.22	11.961	-0.5105000000000004	-0.024	-5.351	-10.573	7.938
27.277	28.174	34.289	-3.9544999999999995	22.113	20.718	11.03	6.239000000000001	2.933	1.24	0.887	1.8695
18.67	16.256	14.61	3.237000000000002	1.81	1.685	-4.105	3.0200000000000005	0.51	5.944	5.238	-5.081
-0.578	-1.463	1.931	-0.8119999999999999	17.599	9.278	3.163	11.378499999999999	-9.905	-12.433	-17.007	4.815000000000001
-3.252	-0.866	-1.889	-1.8744999999999998	12.188	17.344	6.06	0.48600000000000065	-10.629	-10.245	-13.074	1.0305
27.081	31.969	27.183	-2.495000000000001	2.024	-0.662	-4.362	4.536	9.314	3.082	1.913	6.8165
-1.903	-0.45	-6.781	1.7125	-4.616	-5.72	-1.349	-1.0814999999999997	9.836	3.979	5.446	5.1235
-42.408	-50.426	-39.492	2.551000000000002	8.84	4.166	1.925	5.794499999999999	6.247	11.785	9.206	-4.2485
-43.452	-45.908	-47.061	3.032499999999999	2.784	6.134	1.81	-1.1880000000000006	5.953	8.008	12.175	-4.1385
-47.426	-43.241	-51.987	0.1880000000000024	3.119	6.155	1.018	-0.4674999999999998	4.387	6.051	14.183	-5.730000000000001
-12.865	-7.683	-7.487	-5.28	15.848	4.472	-7.36	17.292	-3.005	-11.276	-9.327	7.296500000000001
29.883	21.936	22.83	7.5	0.41	-4.951	-9.728	7.749499999999999	14.719	21.037	25.789	-8.694
26.373	30.354	27.137	-2.3724999999999987	-3.586	-4.0	-1.98	-0.5959999999999996	16.423	17.909	18.12	-1.5915
15.458	11.189	3.13	8.2985	-14.093	-14.155	2.237	-8.134	9.501	3.137	2.508	6.6785
24.511	24.518	17.219	3.6424999999999983	-1.365	-1.446	-13.005	5.8605	-3.747	-1.095	5.396	-5.8975
-10.314	-7.596	-12.405	-0.3135000000000012	17.175	22.29	17.014	-2.4770000000000003	0.731	1.42	4.148	-2.053
-3.751	-3.866	-8.749	2.5565	25.864	23.779	20.697	3.6260000000000012	3.903	-0.373	1.494	3.3425000000000002
-6.699	-1.767	9.033	-10.332	-8.755	-12.43	-7.858	1.3889999999999993	-4.946	-8.425	-9.935	4.234
0.634	-5.524	3.656	1.568	-8.352	-8.751	-13.212	2.6295	-8.253	-4.377	-6.871	-2.6289999999999996
-2.292	-6.405	-5.757	3.7889999999999997	-11.892	-17.194	-15.909	4.659500000000001	-7.837	-1.678	-2.288	-5.854
39.604	38.478	45.601	-2.4355000000000047	7.011	13.88	11.008	-5.432999999999999	1.693	-0.876	-4.202	4.232
-9.432	-13.198	-7.665	0.9994999999999994	-0.45	-6.382	-4.398	4.9399999999999995	7.608	10.413	7.826	-1.5115000000000007
-62.504	-57.194	-40.58	-13.616999999999997	2.3	-7.366	-3.869	7.9174999999999995	-4.376	-4.274	-5.305	0.4135
-43.921	-43.964	-52.323	4.222500000000004	11.825	10.769	7.552	2.6645000000000003	-18.224	-18.098	-2.317	-8.0165
-27.956	-30.432	-32.739	3.6294999999999966	1.613	-3.753	-2.949	4.964	2.695	-0.903	1.443	2.425
-21.332	-26.543	-28.579	6.228999999999999	-7.511	-6.302	-3.906	-2.407	8.703	11.897	1.96	1.7744999999999997
1.035	-3.987	-16.155	11.106000000000002	11.141	7.436	0.752	7.047	20.666	21.698	20.563	-0.46449999999999747
1.451	5.86	1.349	-2.1535	15.966	17.491	11.13	1.6554999999999982	32.113	24.498	27.157	6.285499999999999
-5.676	-9.463	-2.629	0.3699999999999992	8.85	-10.412	-1.622	14.867	-9.735	-7.618	-3.865	-3.993499999999999
21.731	7.064	6.066	15.166000000000002	9.615	1.006	10.096	4.064	3.822	7.573	2.114	-1.0215000000000005
45.117	50.109	54.21	-7.042500000000004	-4.353	-1.499	8.515	-7.861	-7.411	-6.678	-15.692	3.774000000000001
42.397	42.106	49.981	-3.646500000000003	-1.863	-2.186	0.167	-0.8534999999999999	-6.345	-8.397	-7.614	1.6604999999999999
-29.982	-32.295	-18.56	-4.554499999999997	4.933	-1.786	5.204	3.224	-10.784	-6.19	-18.897	1.7594999999999992
-19.668	-14.815	-8.802	-7.859500000000001	-9.672	-10.064	-16.859	3.7895000000000003	-14.971	-13.696	-5.857	-5.1945
-18.733	-15.689	-18.282	-1.7474999999999987	7.098	2.199	-9.084	10.5405	-27.616	-18.432	-14.671	-11.064500000000002
28.809	26.997	22.797	3.9120000000000026	11.632	-5.198	-11.635	20.048499999999997	0.214	-0.581	5.542	-2.2665
19.53	31.099	28.268	-10.153500000000001	13.175	12.544	3.166	5.32	5.008	1.639	-0.622	4.4995
24.248	20.71	27.243	0.27149999999999963	6.42	10.3	12.754	-5.107000000000001	2.347	3.906	2.762	-0.9870000000000001
13.575	6.765	20.031	0.1769999999999996	1.242	-3.836	1.173	2.5735	7.411	0.206	-7.971	11.2935
32.01	34.146	41.035	-5.580500000000001	-24.218	-20.781	-7.153	-10.251000000000001	-7.867	-8.001	-7.826	0.0464999999999991
-8.269	1.467	2.405	-10.205	6.205	16.544	16.501	-10.3175	13.088	12.707	15.553	-1.0420000000000016
-9.175	-9.068	2.175	-5.7285	7.759	6.391	18.094	-4.483499999999999	7.005	12.291	11.405	-4.842999999999999
-7.205	-6.983	-5.794	-0.8165000000000004	10.839	10.216	9.39	1.0359999999999996	5.153	5.533	13.049	-4.138000000000001
-14.173	-8.158	-9.513	-5.3375	9.892	12.276	7.794	-0.14300000000000068	11.837	5.422	8.757	4.7475000000000005
-42.799	-36.445	-28.818	-10.167499999999997	-11.046	-2.259	-4.062	-7.8854999999999995	0.168	-2.532	4.118	-0.6250000000000001
-25.699	-21.304	-22.405	-3.8445	11.555	3.474	0.173	9.7315	-10.009	-8.292	-11.033	-0.3465000000000007
16.385	20.665	19.469	-3.6819999999999986	-16.446	-10.284	-2.785	-9.9115	15.044	13.597	7.453	4.519
9.67	12.765	19.183	-6.304	-3.684	7.481	9.067	-11.958000000000002	1.038	-13.754	-30.588	23.209
10.569	13.118	7.885	0.06750000000000078	-5.255	1.777	-5.736	-3.2755	-0.598	1.491	-0.094	-1.2965
-25.512	-27.624	-27.744	2.171999999999997	0.748	0.314	-3.834	2.508	8.424	5.251	-0.937	6.2669999999999995
-23.434	-26.203	-28.216	3.7754999999999974	-1.796	0.159	-1.213	-1.2690000000000001	10.046	8.982	4.415	3.3475
-23.655	-19.13	-22.569	-2.805500000000002	-2.939	-2.345	-0.582	-1.4755	16.251	12.242	12.449	3.9055
-17.82	-21.546	-19.957	2.9314999999999998	14.653	-2.078	-0.157	15.7705	12.52	14.328	13.297	-1.2925000000000004
-12.057	-16.594	-15.298	3.889000000000001	-0.594	-16.229	-3.336	9.1885	10.932	7.264	-2.447	8.5235
-14.011	-13.098	-18.249	1.6625000000000014	7.254	-5.863	-13.227	16.799	1.557	10.613	2.616	-5.057499999999999
13.152	4.619	2.394	9.645499999999998	9.538	7.444	9.069	1.2814999999999994	-6.273	-8.935	-5.764	1.0765000000000011
-9.833	-10.128	-4.614	-2.4619999999999997	-12.347	-4.306	-3.856	-8.266	-3.238	2.668	0.414	-4.779
-11.967	-15.516	-16.952	4.267000000000001	-8.396	-4.464	-16.467	2.069499999999998	-2.711	-9.98	-9.406	6.982000000000001
-31.517	-29.354	-17.022	-8.329	-5.776	-4.75	2.123	-4.4625	13.534	14.277	25.063	-6.1359999999999975
1.812	-3.688	-11.692	9.502	16.53	10.454	-1.098	11.852	9.975	10.944	15.099	-3.0465
-7.532	-5.199	2.75	-6.3075	-5.009	-0.828	16.374	-12.782	18.06	16.676	10.276	4.584
-6.09	-8.347	1.85	-2.8415	-4.062	-4.759	10.252	-6.8085	19.767	17.877	12.776	4.4405
-3.669	-6.656	-2.829	1.0734999999999997	-1.718	-4.911	4.031	-1.278	20.208	18.821	15.339	3.1279999999999966
-22.527	-21.731	-26.209	1.4429999999999978	11.159	10.463	18.44	-3.2924999999999986	-2.035	1.189	3.425	-4.3420000000000005
-18.856	-15.308	-17.288	-2.558	16.464	17.522	17.621	-1.1075000000000017	-11.777	-13.84	-4.189	-2.7624999999999993
0.345	2.874	1.689	-1.9365000000000003	3.501	-1.004	-6.131	7.0685	-22.302	-22.318	-31.184	4.449000000000002
-6.495	-5.553	-5.033	-1.202	8.379	4.209	-1.27	6.9094999999999995	0.812	-2.063	0.362	1.6625
13.349	13.006	23.849	-5.078500000000002	-19.563	-18.368	-1.809	-9.474499999999999	9.307	11.676	5.323	0.8074999999999992
1.993	1.379	9.52	-3.4564999999999992	2.849	-7.496	-1.475	7.3345	-1.809	-0.692	-0.277	-1.3245
15.514	10.844	2.077	9.0535	17.159	9.6	-5.982	15.35	-4.81	-3.452	-0.978	-2.5949999999999998
17.4	14.174	6.164	7.230999999999998	8.721	14.769	5.479	-1.4030000000000005	-1.478	-4.178	-2.349	1.7855
-26.555	-24.301	-14.065	-7.372	-14.425	-8.522	-2.789	-8.7695	-18.152	-10.431	-8.684	-8.594500000000002
45.5	37.979	37.711	7.655000000000001	2.946	3.832	4.543	-1.2414999999999998	-5.616	-5.807	-9.665	2.12
-36.082	-34.587	-28.387	-4.594999999999999	1.926	-2.03	-0.061	2.9715	7.753	3.605	2.577	4.662
-30.781	-27.959	-27.226	-3.1884999999999977	-1.647	8.675	13.25	-12.6095	-5.838	1.689	7.388	-10.3765
-29.461	-28.7	-27.05	-1.5859999999999985	-3.003	3.562	14.776	-12.172	-6.868	-3.607	6.427	-8.278
-8.38	-3.873	-10.568	-1.1595000000000013	18.835	8.978	4.212	12.240000000000002	-6.895	-10.343	-13.531	5.042000000000002
-0.106	-0.841	-5.458	3.0435000000000003	9.594	11.673	16.778	-4.631500000000001	-17.764	-8.396	-5.978	-10.576999999999998
11.205	2.894	2.223	8.6465	-6.406	-6.786	-13.96	3.9670000000000014	14.024	20.009	18.609	-5.285000000000002
12.281	5.587	2.613	8.181000000000001	-9.591	-5.11	-13.901	-0.08549999999999969	11.466	20.022	18.038	-7.564000000000002
2.597	6.91	7.819	-4.7675	1.331	0.19	-6.604	4.538	10.854	6.784	17.17	-1.123000000000001
-14.239	-16.142	-12.185	-0.07550000000000168	-12.319	-11.223	-0.903	-6.256	-1.631	2.311	0.294	-2.9335
-23.172	-20.765	-15.536	-5.0215	-1.178	8.837	15.682	-13.4375	-24.314	-20.857	-25.345	-1.213000000000001
-11.466	-7.215	-8.62	-3.5484999999999998	10.6	15.516	25.088	-9.702	-21.687	-27.423	-17.706	0.8774999999999977
-15.841	-11.113	-8.229	-6.17	5.078	10.271	20.63	-10.372499999999999	-20.507	-23.757	-21.063	1.9029999999999987
-18.387	-14.006	-7.765	-7.5015	7.166	8.1	16.834	-5.300999999999998	-19.203	-20.895	-24.947	3.718
-43.068	-31.778	-36.844	-8.756999999999998	6.07	10.186	0.235	0.8595000000000006	-2.931	-5.911	-6.935	3.492
-1.301	-0.468	0.382	-1.258	3.892	5.283	4.149	-0.8240000000000003	-0.687	5.134	10.106	-8.307
4.752	4.21	4.641	0.32650000000000023	5.198	2.657	10.077	-1.1689999999999996	-19.13	-8.507	-3.448	-13.1525
9.283	8.217	12.752	-1.2015000000000011	-9.26	-1.629	2.32	-9.6055	-8.117	-13.226	-16.049	6.520499999999998
-0.482	7.946	10.974	-9.942	-12.811	-9.186	3.37	-9.903	-13.882	-9.672	-15.93	-1.0809999999999995
35.087	21.91	8.266	19.999000000000002	-0.164	-5.534	-10.998	8.102	2.253	9.903	25.514	-15.4555
3.343	9.028	8.694	-5.518000000000001	-5.586	-6.051	-13.965	4.421999999999999	8.753	3.657	0.644	6.6025
0.908	1.999	3.891	-2.0370000000000004	-0.932	-5.68	-5.682	4.749	0.577	1.518	7.329	-3.8465
4.763	1.27	-0.255	4.2555	13.384	2.204	1.345	11.6095	-13.157	-7.891	-7.516	-5.4535
-0.909	4.148	2.348	-4.157	-12.791	-4.374	1.12	-11.164000000000001	1.011	0.764	-1.65	1.4539999999999997
16.753	17.152	14.06	1.1469999999999985	5.585	2.449	3.8	2.4605	17.537	14.983	11.483	4.3039999999999985
20.902	23.483	18.253	0.03399999999999892	25.235	19.593	5.288	12.7945	16.978	14.699	16.179	1.5390000000000015
68.725	72.85	66.487	-0.9435000000000002	13.632	8.453	3.301	7.755	17.499	12.489	0.612	10.9485
59.016	59.021	69.282	-5.1355	13.579	7.221	12.691	3.623000000000001	27.757	25.367	16.287	6.930000000000003
-39.369	-42.256	-34.127	-1.1774999999999949	-10.012	-2.167	6.851	-12.354000000000001	-7.31	-2.186	1.708	-7.071
-9.346	-7.261	-5.185	-3.123	9.963	1.97	1.195	8.3805	0.543	2.745	1.695	-1.677
-13.579	-13.179	-8.85	-2.5645000000000007	-5.967	4.043	5.438	-10.7075	4.553	0.154	1.715	3.6185
-15.791	-16.296	-24.155	4.4345	19.378	7.182	8.051	11.7615	-6.17	-4.216	0.02	-4.071999999999999
4.595	7.027	2.12	0.02149999999999963	-15.878	-15.104	-17.098	0.22299999999999898	10.233	4.256	10.118	3.0460000000000003
2.303	6.864	6.119	-4.1885	-28.635	-15.23	-14.848	-13.596	10.66	12.219	6.92	1.0905000000000005
12.701	16.183	17.162	-3.971499999999999	-1.312	-12.797	-0.133	5.153	7.757	11.077	11.029	-3.296000000000001
11.034	12.11	14.185	-2.1135	24.638	20.674	13.474	7.564000000000004	-5.647	-1.068	0.988	-5.607
-1.009	-13.354	-32.981	22.1585	8.964	7.28	1.936	4.356	17.885	16.23	31.615	-6.037499999999998
-4.411	1.905	-2.931	-3.8979999999999997	17.781	9.829	9.986	7.873499999999998	16.431	21.677	15.978	-2.3964999999999996
5.862	4.762	2.489	2.2365000000000004	14.63	16.063	21.147	-3.974999999999996	4.791	5.956	9.658	-3.016
-15.063	-19.489	-24.278	6.820499999999997	-5.508	-2.791	-8.884	0.32950000000000035	-1.343	-5.124	-0.358	1.3979999999999997
-12.055	-12.562	-17.281	2.8664999999999985	-6.708	-11.157	-4.269	1.005	3.106	5.762	-3.146	1.798
-12.456	-10.23	-16.665	0.9915000000000003	-3.949	-9.402	-6.847	4.1754999999999995	-5.93	4.371	0.761	-8.496
46.995	41.469	29.949	11.285999999999994	-7.298	-18.753	-27.203	15.680000000000001	-15.727	-13.597	-0.865	-8.496
35.754	43.777	36.575	-4.422000000000004	2.889	-4.116	-23.534	16.714	-23.879	-15.19	-8.998	-11.785000000000002
-6.617	-11.506	-14.107	6.1895	-6.217	-9.616	-0.326	-1.2459999999999996	18.311	13.195	2.975	10.225999999999999
24.506	17.917	28.101	1.4969999999999999	4.642	-3.012	-2.404	7.3500000000000005	-17.879	-12.992	-21.637	-0.5644999999999989
-6.617	-7.375	-15.155	4.648000000000001	5.091	6.817	-3.967	3.6660000000000004	12.737	15.892	20.379	-5.3985
-8.358	-3.662	-8.63	-2.2119999999999997	8.982	10.723	5.4	0.9204999999999988	1.868	6.806	15.845	-9.4575
-5.957	2.689	-3.993	-5.305	12.825	0.913	6.557	9.09	-4.765	-3.49	-7.577	0.7685000000000004
-37.412	-37.437	-33.54	-1.923499999999997	-1.239	-1.238	-3.699	1.2294999999999996	-14.117	-9.505	-1.78	-8.4745
-2.165	4.809	-2.244	-3.4475	-1.921	-6.012	-2.878	2.524	9.712	19.939	25.328	-12.921499999999998
47.735	53.787	64.722	-11.519499999999994	1.05	-4.138	1.277	2.4805	-0.77	-5.941	-15.497	9.949
44.823	48.274	60.408	-9.518	-4.421	-0.437	-3.17	-2.6175000000000006	-3.082	-1.798	-13.317	4.4755
38.963	41.523	48.547	-6.071999999999996	-1.806	-7.902	-1.345	2.8175	-2.203	-3.244	-2.6	0.7190000000000003
42.848	41.862	42.24	0.796999999999997	5.131	3.981	-6.425	6.353	9.985	3.076	-3.384	10.139
-37.937	-39.615	-36.874	0.30750000000000455	-5.5	-11.45	-1.168	0.8089999999999993	0.955	-0.81	2.694	0.013000000000000012
5.472	8.015	11.175	-4.123	-0.241	9.372	9.817	-9.8355	-0.389	0.238	-5.62	2.3019999999999996
8.468	7.095	17.418	-3.788499999999999	7.468	4.907	13.838	-1.9044999999999987	-26.397	-22.361	-16.622	-6.905499999999996
6.913	8.047	11.3	-2.7605000000000004	6.693	7.541	10.777	-2.4659999999999993	-25.785	-26.492	-19.812	-2.632999999999999
7.16	8.023	7.309	-0.5060000000000002	9.915	7.496	6.94	2.696999999999999	-23.451	-22.892	-25.676	0.8329999999999984
-33.935	-34.086	-28.837	-2.4735000000000014	10.577	10.019	2.455	4.34	-5.713	-6.218	-3.798	-0.7050000000000001
-27.786	-15.819	-17.376	-11.188500000000001	14.592	20.63	24.467	-7.956499999999997	16.188	15.725	11.681	2.4849999999999994
20.498	22.642	34.621	-8.133500000000002	-26.555	-23.584	-12.759	-8.383499999999998	-6.95	-2.078	-2.248	-4.787
7.77	8.013	15.199	-3.8360000000000003	-27.054	-19.828	-19.24	-7.52	8.514	9.647	-0.24	3.8104999999999993
10.967	14.846	7.762	-0.33699999999999974	-21.11	-17.972	-24.266	0.009000000000000341	5.532	-0.077	9.66	0.7404999999999999
10.068	2.666	-5.796	11.633	2.527	5.836	13.82	-7.300999999999999	-3.533	1.202	-2.523	-2.8724999999999996
-21.695	-29.997	-30.464	8.535499999999999	-0.266	-6.764	-8.834	7.5329999999999995	10.916	12.488	4.501	2.4215
45.588	47.032	35.339	4.402500000000003	16.433	19.821	4.882	4.081499999999998	1.212	-5.618	-3.086	5.564
29.037	34.625	37.892	-7.221499999999999	-6.087	0.734	2.606	-7.757	13.587	13.602	18.159	-2.2935
29.456	29.8	36.824	-3.855999999999998	-5.852	-5.31	2.791	-4.5925	10.023	13.328	14.6	-3.940999999999999
-3.195	4.778	12.377	-11.7725	-10.416	-7.823	-6.949	-3.0300000000000002	8.855	7.838	0.055	4.9085
-19.361	-16.019	-9.552	-6.575500000000002	-9.492	-10.757	-11.946	1.8594999999999988	-6.403	-1.498	3.21	-7.2589999999999995
-5.581	-16.199	-24.037	14.537000000000003	25.716	16.674	11.248	11.755000000000003	-13.17	-13.355	-12.78	-0.10250000000000092
-21.928	-24.71	-11.215	-3.9655000000000022	4.2	-6.006	11.712	1.3470000000000004	-21.611	-17.694	-7.622	-8.953000000000001
45.916	47.708	50.982	-3.429000000000002	-26.805	-19.417	-12.017	-11.088	20.294	13.966	8.642	8.990000000000002
3.759	9.726	8.755	-5.4815000000000005	-2.964	-1.928	-4.795	0.39749999999999996	-7.392	-11.957	-5.868	1.520500000000001
-1.363	5.707	9.771	-9.102	10.721	0.971	-2.762	11.6165	-0.178	5.915	-3.328	-1.4715
-9.703	-15.811	-21.847	9.126000000000001	17.881	13.96	1.104	10.349	-1.41	-1.693	10.66	-5.8935
-13.984	-12.918	-9.954	-2.548	4.204	8.981	12.185	-6.3790000000000004	-5.64	-0.371	5.204	-8.0565
36.933	43.229	28.256	1.1905000000000001	-2.103	-0.923	-17.695	7.206000000000001	17.151	6.493	26.844	0.48249999999999815
32.501	28.515	36.436	0.025500000000000966	16.72	4.935	2.903	12.800999999999998	23.134	22.654	21.812	0.9009999999999998
-6.812	-12.551	-7.91	3.418499999999999	-4.249	-2.677	-4.922	-0.44949999999999957	-2.041	-2.235	-2.496	0.3245
-9.424	-1.821	-1.705	-7.661	13.32	8.238	3.406	7.498	6.64	4.299	4.872	2.0545
-23.038	-25.513	-27.311	3.3739999999999988	9.78	8.917	5.33	2.6564999999999994	10.727	10.264	-1.551	6.370500000000001
-32.851	-34.54	-25.925	-2.6184999999999974	-22.993	-11.55	4.657	-19.546499999999998	1.396	2.562	-1.041	0.6355
-30.477	-29.956	-23.814	-3.5920000000000023	-8.795	-17.14	-9.465	4.5075	-2.615	6.595	10.259	-11.042
16.746	25.108	27.571	-9.593500000000002	26.635	28.171	10.761	7.1690000000000005	20.258	9.02	11.415	10.0405
-8.042	-5.513	-12.046	0.7374999999999989	-4.797	4.786	6.518	-10.448999999999998	-6.894	-15.272	-17.843	9.6635
2.016	-1.881	-6.411	6.162	3.371	1.524	-4.855	5.0365	-22.706	-14.53	-8.324	-11.279
19.188	9.033	4.692	12.325499999999998	1.966	-0.008	2.047	0.9464999999999999	-30.398	-27.485	-27.262	-3.0244999999999997
22.169	13.604	7.317	11.7085	7.02	-0.647	1.805	6.441	-31.062	-28.376	-29.954	-1.897000000000002
-10.87	-6.858	1.363	-8.122499999999999	-17.962	-16.978	-11.647	-3.6494999999999997	-15.94	-17.029	-10.688	-2.0815
-0.206	-4.291	-7.745	5.812	-7.395	-18.435	-16.617	10.131	-11.201	-13.288	-16.702	3.7940000000000005
-1.351	0.721	-5.349	0.9630000000000001	-6.09	-0.935	-17.483	3.1189999999999998	-9.298	-11.055	-13.102	2.7805
-11.085	-3.07	-1.359	-8.8705	-7.495	-3.832	-3.782	-3.688	-7.269	-3.3	-9.169	-1.0344999999999995
22.826	29.407	35.566	-9.660499999999999	10.866	4.621	5.147	5.981999999999999	11.205	11.632	8.977	0.9004999999999992
1.877	7.376	14.384	-9.003	16.456	12.125	17.846	1.4704999999999995	25.714	16.296	12.145	11.4935
-36.568	-36.432	-35.901	-0.40149999999999864	-1.017	-6.802	-9.983	7.375500000000001	0.767	-4.623	-1.092	3.6245
-35.539	-37.105	-36.814	1.420499999999997	-17.285	-6.374	-7.219	-10.4885	-1.304	-2.099	-4.121	1.8060000000000003
2.81	-3.604	-9.48	9.352	5.675	-11.449	-23.099	22.949	-11.356	-6.561	-6.548	-4.8015
2.343	-8.081	-6.04	9.4035	8.221	0.786	2.981	6.3375	1.866	2.131	-4.704	3.1525
14.137	18.474	26.649	-8.424500000000002	11.965	10.765	-5.933	9.549	18.329	15.518	15.708	2.716000000000001
-30.765	-31.444	-32.634	1.274000000000001	-26.118	-13.62	-8.902	-14.857	-3.352	-2.31	-2.007	-1.1934999999999998
25.048	18.74	25.963	2.696499999999997	-0.305	-2.167	7.19	-2.8165000000000004	-12.793	-13.126	-17.752	2.646000000000001
5.335	7.872	8.783	-2.9925000000000006	9.088	9.2	3.486	2.744999999999999	6.169	1.441	-0.222	5.5595
5.916	6.014	9.719	-1.9505	15.12	8.573	6.002	7.8325	1.123	4.463	-1.382	-0.4175000000000002
-0.913	1.362	7.939	-5.5635	-4.689	-5.204	3.057	-3.6155	23.052	15.63	11.291	9.5915
40.404	43.373	18.713	9.361000000000004	-6.411	0.486	-12.738	-0.28500000000000014	4.346	-2.819	-6.015	8.763
-6.962	-13.907	-5.892	2.9375	0.484	-0.859	-4.428	3.1275	-8.942	-5.161	-14.415	0.8460000000000001
-22.211	-15.397	-14.449	-7.2879999999999985	-16.309	-7.314	0.444	-12.874	-15.939	-13.879	-5.885	-6.057
-23.721	-24.917	-15.986	-3.269499999999997	-31.15	-19.653	-8.221	-17.213	-23.898	-15.739	-12.862	-9.5975
-42.271	-35.637	-31.971	-8.466999999999999	6.412	2.992	12.147	-1.1574999999999998	-10.702	-14.407	-15.867	4.4350000000000005
-39.504	-40.295	-35.512	-1.6004999999999967	4.366	10.532	2.411	-2.1055	-11.112	-11.007	-13.429	1.1059999999999999
-35.35	-38.824	-37.887	3.005499999999998	8.794	8.775	4.969	1.9220000000000006	-14.1	-11.137	-13.209	-1.9269999999999996
2.545	0.711	0.452	1.9634999999999998	15.31	6.232	0.42	11.984	-3.022	-1.472	-0.368	-2.102
-5.337	1.932	2.758	-7.6819999999999995	9.742	11.939	5.199	1.1730000000000018	3.319	-1.765	-2.329	5.366
8.238	7.699	3.012	2.8824999999999994	6.524	6.077	3.846	1.5625	-1.741	-8.395	-11.471	8.192
10.098	11.537	8.749	-0.04499999999999993	-2.018	6.782	6.247	-8.532499999999999	5.797	-0.711	-10.388	11.346499999999999
10.066	10.202	11.057	-0.5634999999999994	6.365	-5.298	3.849	7.0895	5.965	3.549	1.458	3.4615
10.566	8.668	9.887	1.2885000000000009	6.009	6.243	0.311	2.732	9.092	12.521	4.794	0.4344999999999999
18.556	16.002	26.107	-2.4984999999999964	-4.536	-8.157	-6.712	2.8985000000000003	1.647	10.106	-1.42	-2.6959999999999997
21.292	20.715	17.087	2.391000000000002	-9.396	-11.214	-7.18	-0.19900000000000162	8.079	4.27	6.83	2.529000000000001
-12.502	-11.894	-15.922	1.4060000000000006	0.524	8.332	9.842	-8.562999999999999	4.203	3.576	1.374	1.7280000000000002
-12.703	-5.519	-10.827	-4.529999999999999	-10.748	-9.836	-1.918	-4.8709999999999996	-0.444	-0.678	2.32	-1.265
15.956	13.871	5.752	6.144499999999999	6.65	13.065	4.989	-2.376999999999999	-14.075	-15.836	-20.493	4.089500000000001
11.573	10.884	14.465	-1.1014999999999997	18.356	14.763	7.506	7.2215000000000025	-13.032	-14.599	-14.528	1.5315000000000012
12.186	15.954	11.848	-1.7149999999999999	17.633	14.947	18.395	0.9619999999999997	-12.269	-10.817	-11.934	-0.8935000000000013
13.788	16.679	25.988	-7.5455000000000005	-0.724	-0.7	2.628	-1.6880000000000002	33.684	38.054	30.863	-0.7745000000000033
29.703	26.015	15.35	9.020499999999998	6.923	4.587	-0.815	5.037	27.691	28.638	36.647	-4.951499999999999
38.409	35.59	30.014	5.606999999999999	23.5	25.423	8.983	6.297000000000001	25.606	25.421	25.027	0.38200000000000145
-26.624	-20.91	-28.658	-1.8399999999999999	9.252	23.658	11.61	-8.382	-0.664	-7.564	-6.007	6.1215
7.759	10.135	12.728	-3.6724999999999994	-0.964	5.578	6.147	-6.826500000000001	-5.554	-12.067	-14.06	7.509500000000001
-14.464	-9.277	-4.364	-7.643500000000001	-1.742	-3.443	-13.49	6.7245	-1.841	-10.867	-11.675	9.430000000000001
30.931	29.282	25.957	3.3114999999999988	-7.777	-7.359	0.365	-4.28	-8.243	-8.31	-13.245	2.5344999999999995
31.017	30.963	27.332	1.8694999999999986	-2.527	-6.251	-6.765	3.981	-6.139	-8.9	-8.615	2.6185
-15.989	-18.785	-18.369	2.5879999999999974	1.227	-6.183	-3.52	6.0785	12.265	8.448	5.35	5.3660000000000005
11.648	0.918	2.393	9.9925	3.968	-11.714	-10.962	15.306000000000001	14.113	18.283	21.055	-5.556000000000001
-30.703	-32.162	-31.189	0.9725000000000001	-11.577	-15.12	-6.701	-0.666500000000001	7.3	10.325	14.231	-4.977999999999999
6.781	3.547	-8.912	9.4635	17.553	12.119	3.931	9.528	-2.89	-6.473	-1.838	1.2654999999999998
45.906	45.703	45.487	0.31099999999999994	-13.318	-13.414	-10.079	-1.5714999999999986	8.09	8.974	16.258	-4.526
41.4	42.195	47.672	-3.5334999999999965	2.904	-9.19	-12.405	13.7015	-6.792	0.318	0.353	-7.1274999999999995
34.283	38.222	41.679	-5.667500000000004	-5.077	2.666	1.02	-6.92	5.126	-0.04	-4.471	7.381500000000001
35.966	35.252	40.774	-2.047000000000004	1.094	-3.084	4.166	0.5529999999999999	1.521	3.156	-4.338	2.112
36.885	35.394	39.135	-0.37950000000000017	-1.876	-1.542	2.332	-2.271	5.548	3.17	-1.369	4.6475
-27.825	-25.511	-21.499	-4.32	0.523	-4.962	-3.888	4.9479999999999995	7.716	3.208	6.808	2.708
-15.29	-19.509	-25.613	7.271000000000001	-2.313	2.675	0.308	-3.8045	12.673	11.838	7.451	3.028500000000001
-41.835	-39.623	-35.369	-4.339000000000006	8.066	7.127	4.464	2.2705	10.71	12.421	9.688	-0.34450000000000003
-10.356	-8.286	-9.75	-1.3379999999999992	6.566	6.986	14.188	-4.021	-6.486	-2.045	7.787	-9.357
18.074	20.17	16.414	-0.21799999999999997	-18.012	-17.158	-13.998	-2.434000000000001	11.405	6.193	10.328	3.144499999999999
22.509	29.618	22.397	-3.4985	5.462	0.107	-12.53	11.6735	15.966	13.344	16.315	1.1364999999999998
-18.579	-11.198	-0.304	-12.828	-11.259	-8.194	-0.836	-6.744	-8.085	-15.445	-4.161	1.718
-19.958	-20.892	-13.658	-2.683	-6.674	-17.171	-9.216	6.5195	-7.501	-11.866	-12.992	4.928
-4.373	-7.056	-14.955	6.632499999999999	14.465	11.681	9.989	3.629999999999999	8.793	5.799	4.532	3.6274999999999995
53.024	55.195	54.088	-1.6174999999999997	-12.693	-19.148	-19.684	6.723000000000001	-20.037	-22.975	-26.782	4.8415000000000035
51.0	54.942	54.23	-3.5859999999999985	0.026	-11.095	-14.372	12.7595	-21.144	-27.203	-22.21	3.5625
47.919	50.723	54.797	-4.841000000000001	-4.355	-4.139	-10.584	3.006499999999999	-15.495	-21.834	-26.079	8.4615
0.402	6.412	12.569	-9.088500000000002	0.221	-3.923	-4.388	4.3765	3.439	10.657	-1.529	-1.125
6.032	2.801	7.509	0.8769999999999998	3.159	-0.116	-4.09	5.262	-7.917	3.453	6.475	-12.881
-4.075	-2.655	1.901	-3.6980000000000004	-21.92	-20.827	-5.126	-8.9435	-10.136	-10.718	-8.942	-0.30599999999999916
-7.091	-8.454	-11.946	3.108999999999999	2.585	-5.187	-6.952	8.654499999999999	-0.667	-2.204	-0.569	0.7195
-17.262	-15.988	-7.692	-5.422000000000001	12.087	3.222	0.756	10.097999999999999	-2.002	-0.74	-1.532	-0.8659999999999997
-12.878	-11.338	-18.823	2.2025000000000006	11.122	14.557	13.579	-2.9460000000000015	-10.524	-7.515	3.049	-8.291
51.78	52.315	43.361	3.9420000000000073	1.587	-0.645	-7.554	5.6865	16.145	8.08	6.475	8.8675
-10.097	-18.296	-24.241	11.1715	-4.786	-10.646	-3.191	2.1325000000000003	-9.665	-10.027	0.284	-4.7935
-18.668	-7.515	-14.459	-7.680999999999999	-18.875	-3.028	-8.042	-13.34	3.602	-6.794	-10.444	12.221
-4.662	1.021	-0.742	-4.8015	-32.052	-21.581	-15.518	-13.502499999999998	-10.666	-14.383	-13.667	3.358999999999998
-6.64	-1.422	0.324	-6.090999999999999	-16.738	-19.696	-14.111	0.16550000000000153	-11.481	-16.17	-12.184	2.6959999999999997
4.655	-0.013	1.33	3.9965	0.392	-7.396	-10.114	9.147	11.265	10.542	4.699	3.6445000000000007
10.214	7.661	6.768	2.999500000000001	-3.201	-5.272	-2.485	0.6774999999999998	-14.93	-13.939	-2.541	-6.6899999999999995
-0.632	0.335	-2.681	0.541	3.224	6.014	-8.024	4.228999999999999	34.253	31.03	29.096	4.189999999999998
56.259	53.79	54.363	2.1825000000000045	12.491	5.424	-10.876	15.216999999999999	6.6	5.155	8.382	-0.16849999999999987
55.583	53.494	54.634	1.5189999999999984	16.516	17.641	8.572	3.4094999999999995	14.716	12.87	5.755	5.403499999999999
47.28	51.099	53.943	-5.241	7.245	14.707	17.542	-8.8795	13.657	18.193	14.355	-2.617000000000001
-10.617	-4.696	11.078	-13.808	7.783	7.374	17.356	-4.582	-2.702	-5.3	-3.636	1.766
-8.266	-11.45	-5.647	0.28250000000000064	-12.944	-8.351	-6.486	-5.525500000000001	-4.772	-8.863	-6.357	2.837999999999999
-8.666	-5.946	-5.801	-2.7925000000000004	5.351	-2.93	-3.254	8.443	-4.351	-8.059	-4.361	1.858999999999999
-43.472	-37.308	-32.733	-8.451500000000003	3.319	7.444	3.303	-2.0545	-3.054	-2.257	6.309	-5.08
2.139	2.966	-3.335	2.3234999999999997	4.335	-3.952	-12.041	12.3315	15.368	14.545	12.129	2.0310000000000006
9.903	6.153	4.813	4.420000000000001	18.174	15.266	5.756	7.663	11.915	13.566	9.415	0.4244999999999983
7.949	4.892	7.364	1.8209999999999997	13.062	5.306	12.976	3.9209999999999994	8.044	11.003	9.548	-2.2315000000000005
9.445	7.518	5.058	3.157	20.945	14.01	5.693	11.0935	0.839	7.676	10.66	-8.328999999999999
-12.61	-13.306	-12.751	0.41849999999999987	-13.508	-10.065	-10.657	-3.1469999999999985	-2.385	-2.299	-2.22	-0.12549999999999972
28.191	31.342	36.999	-5.979500000000005	-0.306	-4.037	-6.524	4.9745	9.707	10.201	9.198	0.007500000000000284
-5.398	-7.89	6.562	-4.734	12.955	8.451	0.703	8.378	-2.93	-2.048	2.974	-3.3930000000000002
-12.12	-11.022	-7.513	-2.852499999999999	5.9	13.556	12.412	-7.084	-3.353	-2.155	-1.927	-1.3120000000000003
-8.472	-9.761	-1.086	-3.0484999999999998	2.395	-0.644	2.82	1.3070000000000002	-8.289	-1.639	8.257	-11.597999999999999
-17.674	-17.31	-12.325	-2.8565000000000005	-13.25	-11.125	-2.959	-6.208	-17.003	-12.478	-8.898	-6.315000000000001
-13.337	-17.655	-14.688	2.834500000000002	-9.842	-12.044	-6.522	-0.5589999999999993	-19.313	-15.581	-9.002	-7.0215
21.859	26.321	23.97	-3.2864999999999966	-9.437	-7.317	-4.653	-3.452	3.74	5.401	16.498	-7.2095
22.094	20.258	25.792	-0.9309999999999974	4.021	-4.752	-7.84	10.317	1.358	0.479	5.247	-1.505
25.189	22.58	21.134	3.3320000000000007	11.638	4.693	-6.051	12.317	7.154	2.282	1.655	5.185499999999999
28.012	24.127	20.87	5.5135000000000005	13.514	8.502	-1.828	10.177	7.65	5.18	0.772	4.674
-7.299	-1.054	4.431	-8.9875	-8.104	-5.74	6.148	-8.308	13.233	12.182	7.64	3.322000000000001
3.953	-1.417	-3.135	6.228999999999999	13.284	5.055	-6.528	14.0205	6.081	9.577	12.532	-4.9735000000000005
0.334	2.74	-5.24	1.584	15.68	10.26	-4.659	12.8795	4.831	6.229	13.428	-4.9975
1.045	2.144	-3.378	1.662	13.725	14.482	0.668	6.15	4.155	5.456	10.796	-3.970999999999999
-2.987	0.754	0.161	-3.4445	13.479	14.545	7.221	2.596	3.603	4.706	8.532	-3.0159999999999996
27.974	17.066	18.277	10.302499999999998	-7.904	-20.059	-22.441	13.346	5.73	11.918	14.784	-7.620999999999999
13.532	13.57	17.965	-2.2355	-8.45	-1.428	-2.93	-6.270999999999999	16.732	17.693	16.08	-0.15449999999999875
14.857	11.756	13.962	1.9979999999999993	-12.881	-10.71	-1.827	-6.6125	6.777	15.059	18.233	-9.869
-37.525	-35.752	-31.245	-4.026499999999999	3.649	5.178	10.213	-4.046499999999999	1.715	-1.688	4.734	0.19199999999999995
22.886	21.588	28.394	-2.1050000000000004	-14.703	-10.014	-11.548	-3.9220000000000006	-14.329	-10.799	-14.404	-1.727500000000001
-6.926	-10.886	-12.845	4.939500000000001	36.724	32.238	19.264	10.972999999999999	-8.725	-12.086	-16.593	5.614500000000001
1.597	-3.954	-12.454	9.801	4.146	-0.043	-5.773	7.054	9.669	5.387	9.753	2.099
-8.395	-0.38	-6.796	-4.8069999999999995	5.713	4.173	-2.281	4.767	13.15	9.348	6.364	5.2940000000000005
-14.285	-6.755	-2.532	-9.6415	5.619	6.178	0.807	2.1264999999999996	8.741	12.52	6.713	-0.8755000000000006
-15.087	-13.536	-2.71	-6.964	-9.832	4.56	4.413	-14.3185	6.371	9.457	10.097	-3.4060000000000006
2.168	-3.542	3.109	2.3845	-20.331	-25.655	-13.675	-0.6660000000000004	9.738	9.952	-5.093	7.3084999999999996
-21.283	-22.215	-24.727	2.187999999999999	12.618	10.066	11.321	1.9245	4.611	5.716	13.595	-5.0445
-23.461	-22.195	-21.242	-1.7424999999999997	17.234	6.499	10.845	8.562000000000001	-9.916	-21.475	-15.928	8.785500000000003
19.628	15.813	11.247	6.097999999999999	1.744	-3.534	-2.072	4.547	4.214	4.002	6.483	-1.0284999999999993
34.524	36.441	35.762	-1.5775000000000006	3.34	-9.021	-16.402	16.0515	-0.807	3.539	4.619	-4.886
29.453	34.3	36.944	-6.1690000000000005	8.56	0.617	-12.301	14.402000000000001	-4.46	0.361	4.31	-6.7955
-18.758	-13.564	-6.296	-8.828	-13.121	-7.044	-3.095	-8.0515	2.946	1.255	-7.13	5.8835
59.339	57.215	42.301	9.580999999999996	4.831	0.643	4.555	2.2320000000000007	-3.961	-9.107	-9.471	5.327999999999999
60.414	60.543	60.845	-0.28000000000000114	-9.509	-3.158	12.069	-13.964500000000001	19.42	17.802	8.699	6.169500000000003
-39.594	-41.092	-37.026	-0.5350000000000037	5.638	12.127	10.732	-5.791500000000001	1.315	4.141	4.985	-3.2480000000000007
-12.405	-17.312	-19.006	5.754	5.19	4.4	9.175	-1.5975000000000001	6.967	2.718	1.511	4.852499999999999
37.607	42.14	45.449	-6.1875	6.445	-3.474	-5.717	11.0405	-4.201	-1.566	-4.586	-1.1249999999999996
42.469	38.756	44.562	0.8100000000000023	12.433	2.728	-7.147	14.6425	-7.343	-4.633	-1.751	-4.151
-10.199	-5.365	-0.03	-7.5015	-1.091	-8.863	-6.857	6.768999999999999	-17.737	-12.84	-17.554	-2.539999999999999
-7.724	-10.545	-4.909	0.0030000000000001137	-2.586	-1.242	-9.535	2.8025000000000007	-16.762	-18.433	-14.152	-0.46950000000000003
-12.135	-22.309	-18.204	8.121500000000003	10.377	6.325	-2.048	8.2385	4.726	7.491	-12.204	7.0825000000000005
-38.587	-41.938	-36.152	0.4579999999999984	-7.516	-17.093	-15.313	8.687	-10.127	-3.239	-8.47	-4.272500000000001
34.695	33.473	44.345	-4.213999999999999	-7.715	-19.04	-17.775	10.692499999999999	0.423	3.465	-4.867	1.124
31.639	34.244	38.365	-4.665500000000005	-6.879	-4.492	-19.089	4.9115	11.738	1.94	0.923	10.3065
36.149	33.129	33.623	2.7730000000000032	-7.514	-13.89	-5.394	2.1279999999999992	20.325	13.3	4.145	11.6025
28.362	34.315	32.654	-5.122499999999999	-14.665	-9.671	-9.287	-5.186	15.699	18.695	11.003	0.8499999999999996
-9.975	-10.747	-22.564	6.6805	17.625	9.203	-2.101	14.074	7.11	7.962	26.418	-10.079999999999998
-1.012	-5.473	-9.837	6.642999999999999	17.97	19.483	15.984	0.2364999999999995	-1.848	2.058	6.322	-6.037999999999999
30.705	37.681	43.474	-9.872500000000002	-4.482	-11.898	-9.129	6.0315	2.574	-1.075	-4.007	5.115
32.798	30.734	39.593	-2.3654999999999973	12.158	-0.793	-12.577	18.843	-5.482	-0.06	-0.4	-5.252
-24.739	-29.315	-32.304	6.070499999999999	-30.855	-27.256	-11.861	-11.296499999999998	-3.732	-3.643	-5.284	0.7314999999999996
-4.768	2.37	7.872	-9.889	11.925	11.376	8.174	2.150000000000002	-13.713	-10.75	-4.039	-6.318499999999999
-9.696	-5.586	-7.601	-3.102499999999999	10.712	12.005	16.669	-3.625	10.483	9.044	11.412	0.254999999999999
7.691	-0.695	7.6	4.2385	-17.548	-31.405	-16.972	6.640500000000003	-4.152	0.822	-0.893	-4.1165
45.924	51.132	51.143	-5.213500000000003	-18.867	-19.658	-13.058	-2.5090000000000003	24.564	15.465	10.2	11.7315
40.102	40.208	46.648	-3.3260000000000005	-6.065	-6.822	-7.75	1.2209999999999992	18.636	16.228	18.83	1.1069999999999993
48.871	40.541	44.082	6.559500000000007	10.45	-6.114	-4.924	15.969	17.094	16.51	16.913	0.3825000000000003
-25.988	-26.987	-31.899	3.4549999999999983	-15.312	-15.039	-7.528	-4.028499999999999	-10.247	-9.398	-0.854	-5.121
-29.914	-25.735	-28.663	-2.7150000000000034	-22.652	-24.539	-25.029	2.131999999999998	0.642	-5.207	-7.703	7.097
-21.199	-28.285	-33.486	9.686499999999999	5.474	-0.993	11.643	0.14900000000000002	6.737	4.627	2.64	3.1035000000000004
32.712	28.036	22.321	7.533500000000004	6.388	-1.757	-0.967	7.75	9.85	2.815	16.85	0.017499999999998295
43.04	36.12	26.123	11.918500000000002	13.607	7.657	-0.662	10.109499999999999	3.368	6.598	5.503	-2.6824999999999997
18.273	21.201	29.322	-6.988499999999998	-4.134	-1.635	15.747	-11.190000000000001	19.654	18.1	16.897	2.1555
25.244	23.18	23.11	2.099	0.114	-10.508	-15.158	12.947	-2.871	-0.799	0.911	-2.927
18.26	25.664	23.981	-6.5625	6.967	2.13	4.18	3.812	-13.873	-12.401	-2.087	-6.629
2.869	1.095	4.61	0.01650000000000018	5.992	8.389	8.228	-2.3164999999999987	-6.48	-4.335	-6.236	-1.1945000000000006
28.049	29.111	30.895	-1.9540000000000006	-7.216	-8.291	-1.039	-2.551	2.524	-1.525	4.131	1.2209999999999999
24.667	25.883	24.6	-0.5745000000000005	-3.257	0.449	-1.807	-2.5780000000000003	-0.12	-7.888	-10.392	9.020000000000001
17.558	24.089	25.478	-7.2255	10.067	1.96	-0.787	9.4805	-4.408	-3.615	-5.299	0.04900000000000038
-32.591	-32.718	-27.992	-2.235999999999997	-20.255	-16.608	-14.214	-4.843999999999998	-1.707	0.726	-1.732	-1.2040000000000002
-27.892	-25.875	-31.341	0.7160000000000011	12.093	10.327	16.226	-1.1834999999999987	0.609	-6.916	3.097	2.5185000000000004
-29.817	-23.737	-28.148	-3.874500000000001	-4.325	7.715	11.957	-14.161000000000001	0.369	-5.311	-1.703	3.8760000000000003
-32.479	-25.718	-27.746	-5.747	-7.449	1.079	12.584	-14.2805	-0.782	-3.066	-0.934	1.218
21.273	17.831	17.471	3.622	-8.468	-0.362	-9.776	-3.399	-6.271	-2.221	-4.744	-2.7885
-15.72	-13.483	-13.124	-2.416500000000001	12.096	7.94	13.545	1.3535000000000004	2.142	2.127	9.923	-3.8830000000000005
-3.846	-9.315	-14.542	8.0825	14.251	14.639	8.572	2.6455	-7.889	0.234	2.762	-9.387
-14.246	-9.604	-1.199	-8.8445	-4.867	3.247	16.68	-14.8305	-7.771	-9.856	-13.842	4.078
-5.712	-10.514	-5.892	2.4909999999999997	-5.183	-6.165	7.899	-6.05	-6.559	-9.074	-13.628	4.791999999999999
-48.567	-56.959	-50.879	5.351999999999997	20.693	7.111	-0.93	17.602500000000003	-13.17	-11.46	-6.508	-4.186
-0.053	5.538	11.248	-8.446000000000002	-2.112	7.383	7.026	-9.3165	8.795	5.302	2.214	5.037
-10.298	-9.507	-3.014	-4.0375000000000005	-13.798	-11.984	-17.678	1.0329999999999995	0.746	-0.388	0.881	0.4995
46.863	56.528	51.023	-6.912500000000001	-10.092	-8.724	-0.907	-5.2765	1.261	-2.452	3.769	0.6024999999999998
-33.518	-45.153	-41.994	10.055499999999995	16.1	22.318	12.709	-1.413499999999999	0.042	1.655	-0.566	-0.5025
-16.924	-19.014	-10.456	-2.189	1.463	-1.133	-2.163	3.1109999999999998	7.121	7.118	1.366	2.8790000000000004
-15.758	-18.249	-13.854	0.2934999999999981	5.187	0.542	-4.437	7.134500000000001	2.346	6.912	4.646	-3.433
9.129	3.92	-4.347	9.3425	6.858	-11.92	-18.053	21.8445	-9.364	5.227	13.597	-18.776
22.494	14.814	11.669	9.2525	8.735	7.178	9.347	0.47250000000000014	-2.761	0.942	5.535	-5.9995
24.636	23.319	11.557	7.198	11.655	9.253	8.089	2.984	2.338	-2.475	6.722	0.21450000000000014
27.232	27.579	23.017	1.9339999999999975	10.282	9.858	8.541	1.0824999999999996	7.066	4.42	-2.689	6.2005
26.223	26.722	28.588	-1.4320000000000022	14.282	17.133	14.214	-1.3915000000000006	6.35	4.02	4.935	1.8725000000000005
26.95	26.256	27.212	0.21599999999999753	13.512	14.809	17.117	-2.4510000000000005	15.534	8.956	4.107	9.002500000000001
-19.045	-17.718	-26.358	2.9929999999999986	2.433	2.42	-1.429	1.9375	-9.612	-23.465	-16.69	10.4655
-10.652	-12.032	-19.509	5.118500000000001	7.019	8.891	2.02	1.5635000000000003	-12.364	-11.079	-20.57	3.4604999999999997
-22.28	-26.167	-16.446	-0.9735000000000014	7.669	-6.537	-3.71	12.7925	-8.119	5.275	2.594	-12.0535
37.715	34.423	36.478	2.264499999999998	15.795	5.551	3.896	11.0715	-7.686	-12.464	-15.017	6.054500000000001
34.891	36.275	35.925	-1.208999999999996	19.824	19.037	6.627	6.992000000000003	0.424	-3.307	-12.471	8.313
-16.122	-17.975	-15.043	0.38700000000000045	-27.555	-25.437	-8.248	-10.712499999999999	-3.215	2.283	5.655	-7.184
-12.317	-15.966	-21.14	6.236000000000001	8.066	16.759	15.505	-8.066	10.937	6.541	2.006	6.663499999999999
-19.07	-14.049	-3.629	-10.231	-3.558	3.197	-5.584	-2.3645	13.521	10.064	7.452	4.763000000000002
-10.976	-15.439	-20.332	6.9094999999999995	2.756	-4.749	0.461	4.8999999999999995	8.95	13.762	6.072	-0.9670000000000005
-14.323	-8.391	-13.563	-3.346	4.927	-1.155	-2.222	6.615499999999999	-0.859	-0.004	11.955	-6.8345
-15.504	-12.404	-9.566	-4.519	-4.361	-0.143	0.424	-4.5015	-10.55	-2.349	0.079	-9.415000000000001
10.227	9.175	9.559	0.8599999999999994	-6.238	-13.184	-1.134	0.9209999999999994	8.915	3.948	-5.405	9.6435
17.642	19.707	14.93	0.32349999999999923	3.553	-4.409	-7.567	9.541	-2.344	-8.091	-11.701	7.552000000000001
13.756	17.297	18.639	-4.212	2.901	5.437	-5.117	2.7409999999999997	-0.146	-3.544	-7.525	5.3885000000000005
12.216	17.089	18.926	-5.791500000000001	-6.702	1.401	11.394	-13.099499999999999	-6.825	-6.319	-3.292	-2.0195
-11.92	-12.118	-9.802	-0.9599999999999991	0.387	6.878	1.162	-3.6329999999999996	-30.836	-37.199	-41.562	8.5445
-15.916	-7.832	-10.299	-6.8505	0.261	4.49	4.377	-4.1725	-39.584	-38.515	-32.955	-3.8490000000000038
8.929	2.89	-0.028	7.498	15.356	4.663	12.155	6.947000000000001	21.928	26.034	15.442	1.1900000000000013
8.904	15.029	17.52	-7.3705	-15.507	-11.007	-18.299	-0.854000000000001	18.53	19.202	12.795	2.531500000000001
29.026	32.677	23.585	0.8949999999999996	-1.219	-5.474	-7.672	5.354	-0.393	5.439	8.603	-7.414
30.774	29.188	33.23	-0.43499999999999517	18.049	7.741	-4.051	16.204	-10.166	-5.2	4.661	-9.8965
-15.076	-12.262	-17.139	-0.3755000000000006	15.441	10.926	9.722	5.117000000000001	-17.908	-21.77	-18.735	2.3444999999999965
-13.056	-13.757	-13.582	0.6135000000000002	20.718	17.363	10.57	6.7515	-20.388	-16.859	-22.002	-0.9574999999999996
-17.042	-14.776	-12.657	-3.3255000000000017	16.163	17.659	15.365	-0.3490000000000002	-12.695	-21.263	-18.028	6.950499999999998
-18.755	-15.474	-15.988	-3.023999999999999	32.215	30.28	17.2	8.475000000000001	-18.024	-17.018	-17.771	-0.6295000000000002
30.886	37.858	35.564	-5.824999999999999	-16.421	-18.56	-10.766	-1.7579999999999991	-0.861	-4.794	-22.947	13.0095
30.058	34.822	35.525	-5.115500000000004	-16.897	-10.622	-15.961	-3.6054999999999993	21.008	8.489	3.538	14.994499999999999
35.486	26.466	33.23	5.637999999999998	0.127	-16.415	-14.557	15.613000000000001	1.858	9.72	13.676	-9.84
33.121	34.925	28.829	1.2440000000000033	9.433	2.142	-16.687	16.7055	10.699	3.92	9.048	4.215
26.783	32.25	32.823	-5.7535000000000025	-10.874	2.54	-1.381	-11.4535	3.559	9.624	5.392	-3.9490000000000007
31.545	25.607	31.646	2.9185000000000016	-6.346	-6.985	1.073	-3.3899999999999997	0.329	0.529	8.584	-4.2275
-26.098	-27.475	-25.257	0.2680000000000007	20.488	13.527	-2.272	14.8605	-4.253	-1.289	7.836	-7.5265
-26.592	-24.876	-27.3	-0.5039999999999978	8.625	20.689	14.002	-8.720500000000001	-4.355	-4.236	-1.63	-1.4220000000000006
-18.35	-17.66	-25.707	3.333500000000001	9.695	4.431	17.963	-1.5020000000000007	-6.729	-7.901	-4.266	-0.6455000000000002
0.088	-5.893	-13.708	9.888499999999999	5.878	5.843	0.113	2.9	3.314	3.428	3.857	-0.3285
36.631	39.655	29.529	2.0390000000000015	13.154	1.979	-12.383	18.356	13.083	3.881	1.076	10.6045
37.301	36.718	36.591	0.6465000000000032	11.442	10.358	-3.31	7.918	16.472	15.89	4.305	6.374500000000001
32.973	31.163	40.999	-3.108000000000004	-5.281	-2.981	-9.384	0.9015000000000004	30.253	28.498	31.149	0.42949999999999733
-18.479	-18.248	-16.862	-0.9239999999999995	15.754	13.742	16.947	0.40949999999999953	5.281	-2.459	5.103	3.9589999999999996
-9.43	-5.961	-17.269	2.1849999999999987	10.895	13.956	11.911	-2.038499999999999	9.135	1.974	6.754	4.771
17.998	20.437	16.878	-0.6594999999999978	-8.566	-22.408	-15.161	10.2185	4.54	8.288	13.08	-6.144000000000001
-34.901	-32.743	-36.82	-0.11950000000000216	20.479	19.995	15.917	2.5229999999999997	-15.536	-10.969	-10.014	-5.044500000000001
-25.451	-32.861	-33.462	7.710500000000003	28.682	20.92	20.58	7.931999999999999	-17.471	-10.709	-12.305	-5.964
-32.972	-29.791	-27.476	-4.338500000000003	18.77	20.241	29.386	-6.043499999999998	-18.764	-13.308	-15.857	-4.1815
-37.499	-35.38	-40.746	0.5640000000000001	-1.254	-0.451	-0.599	-0.729	-0.664	-9.819	-5.007	6.7490000000000006
-2.922	-1.527	2.19	-3.2535000000000003	1.212	-10.13	-8.456	10.504999999999999	23.218	19.873	12.703	6.93
-5.3	-0.664	-1.577	-4.1795	0.574	1.928	-8.963	4.0915	24.135	23.586	18.799	2.9425000000000026
-6.804	-4.848	-2.19	-3.285	0.394	6.88	1.111	-3.6014999999999997	21.899	26.059	23.719	-2.990000000000002
-1.172	0.837	6.306	-4.7435	-1.432	-8.061	-15.288	10.2425	-0.548	0.638	7.356	-4.545
46.55	38.181	39.595	7.661999999999999	-13.505	-12.587	-26.592	6.0845	-10.829	-5.921	-10.747	-2.495000000000001
29.296	30.433	34.79	-3.3155	-29.112	-28.733	-20.417	-4.5369999999999955	-10.165	-8.747	-8.436	-1.5734999999999992
5.87	5.274	8.807	-1.1704999999999997	6.621	8.449	18.61	-6.908499999999998	14.803	12.532	-0.25	8.662
-29.262	-28.658	-27.436	-1.2149999999999999	9.334	9.534	5.714	1.709999999999999	-9.372	-15.583	-18.97	7.904499999999999
-27.278	-29.59	-27.009	1.0215000000000032	7.151	9.035	8.709	-1.721	-12.512	-11.618	-20.861	3.727499999999999
-27.693	-28.432	-29.359	1.202499999999997	-8.002	-6.751	-7.127	-1.0630000000000006	-19.79	-15.852	-18.985	-2.3714999999999975
1.158	1.776	-6.986	3.763	6.759	4.148	5.272	2.0490000000000004	-8.266	-6.453	-0.791	-4.644
-2.172	0.518	4.738	-4.800000000000001	6.098	11.178	10.759	-4.870500000000001	-9.236	-9.385	-12.478	1.6954999999999991
33.862	27.853	24.071	7.899999999999999	4.483	-3.374	-0.44	6.39	1.838	1.711	-7.901	4.933
37.463	37.566	31.101	3.1295	4.163	10.486	0.358	-1.2590000000000003	7.945	6.97	2.189	3.365500000000001
37.096	37.474	34.698	1.009999999999998	3.911	5.812	6.215	-2.1025000000000005	12.126	8.171	3.421	6.33
37.484	37.279	36.768	0.46050000000000324	7.901	4.037	9.347	1.2089999999999996	13.006	10.036	5.376	5.300000000000001
-1.983	-0.043	-0.512	-1.7055	6.122	7.039	2.794	1.2054999999999998	9.521	5.008	3.326	5.354000000000001
26.089	32.659	25.767	-3.1240000000000023	13.202	21.889	8.322	-1.9034999999999993	-4.477	-5.264	-7.649	1.9794999999999998
-29.687	-34.011	-18.853	-3.254999999999999	15.652	5.779	11.895	6.8149999999999995	-5.108	4.379	3.262	-8.9285
19.078	17.176	15.353	2.8135000000000012	-26.781	-16.629	-4.835	-16.049	9.129	14.264	11.502	-3.7539999999999996
50.67	44.511	52.866	1.981499999999997	19.209	3.381	-1.374	18.2055	-0.257	-3.421	-1.71	2.3085
51.032	50.535	45.99	2.7694999999999936	11.75	19.416	4.919	-0.4175000000000004	1.093	2.829	-3.015	1.186
42.421	39.21	45.141	0.24549999999999983	-2.51	-3.726	-2.432	0.569	17.02	19.367	13.38	0.6464999999999996
-15.849	-20.221	-20.756	4.639500000000002	-3.644	-12.186	-8.236	6.567	-19.826	-20.684	-19.358	0.19500000000000028
-11.948	-11.661	-5.678	-3.278500000000001	-6.37	-1.13	-1.28	-5.165	-5.289	-0.209	2.429	-6.398999999999999
-17.287	-19.674	-16.007	0.5534999999999997	-1.803	1.504	6.212	-5.661	-14.364	-13.823	-13.658	-0.6234999999999999
-14.411	-15.625	-19.202	3.0024999999999995	-15.736	-1.614	-3.488	-13.185	9.59	10.939	9.307	-0.5330000000000013
30.225	26.404	26.734	3.655999999999999	0.637	-1.641	-3.693	3.304	10.49	8.03	5.013	3.9685000000000006
11.185	7.33	7.551	3.7445000000000004	3.358	-3.069	-5.658	7.721500000000001	9.851	6.524	-8.354	10.766
28.427	24.409	16.125	8.16	-6.202	-2.128	3.534	-6.904999999999999	10.201	4.34	6.815	4.6235
32.092	36.052	40.556	-6.212000000000003	17.305	17.849	-2.813	9.786999999999999	4.674	3.881	7.137	-0.8349999999999991
4.871	10.808	8.756	-4.911	8.193	4.635	3.778	3.9864999999999995	7.341	7.779	12.547	-2.822
10.189	5.365	11.031	1.9909999999999997	11.868	8.327	6.469	4.470000000000001	5.369	7.403	9.146	-2.9055
5.174	12.735	15.433	-8.91	-19.418	-16.614	-24.604	1.1910000000000025	-9.772	-19.531	-25.568	12.777500000000002
6.913	9.121	7.949	-1.6219999999999999	-14.056	-11.364	-12.334	-2.206999999999999	-13.317	-15.744	-11.296	0.2029999999999994
16.066	12.517	5.384	7.115499999999999	-12.434	-22.587	-16.902	7.310500000000003	-8.162	-7.691	-8.161	-0.23600000000000065
10.455	16.963	4.887	-0.47000000000000064	11.942	9.665	-0.696	7.4575000000000005	-3.483	-8.701	-2.106	1.9205
-1.388	-1.308	13.006	-7.237	10.348	4.068	10.897	2.865500000000001	-5.412	-5.478	-6.095	0.3745000000000003
45.913	44.844	19.671	13.655499999999996	0.429	1.022	-8.053	3.9445	-18.824	-18.002	-11.448	-4.099000000000002
45.98	48.56	49.473	-3.0365000000000038	11.612	8.327	7.141	3.878	-1.068	-4.233	-2.859	2.4779999999999998
-28.966	-31.277	-27.197	0.2710000000000008	14.91	13.205	20.328	-1.8565000000000005	-13.571	-7.34	-12.64	-3.5809999999999995
-29.766	-26.192	-27.71	-2.8149999999999977	-12.275	-9.857	2.796	-8.7445	-23.568	-28.915	-21.435	1.6069999999999958
8.607	15.692	19.058	-8.768	0.944	1.563	-7.862	4.093500000000001	2.737	4.557	9.468	-4.2755
6.808	8.466	12.626	-3.7379999999999995	-13.064	3.018	0.792	-14.969	6.318	9.988	3.816	-0.5839999999999996
5.71	0.664	2.693	4.031499999999999	3.685	0.209	-1.242	4.2015	-11.046	-5.089	0.169	-8.585999999999999
10.474	18.494	11.606	-4.5760000000000005	12.153	6.562	3.588	7.078	10.587	5.966	6.256	4.475999999999999
-20.011	-22.784	-18.183	0.47250000000000014	1.469	-10.469	-7.614	10.510499999999999	-7.204	-5.447	0.88	-4.9205
14.548	17.05	20.264	-4.109	9.122	11.239	14.237	-3.6159999999999997	14.441	12.713	15.92	0.12450000000000117
1.369	3.161	3.947	-2.1850000000000005	12.958	2.904	-4.383	13.6975	16.477	20.579	22.816	-5.220499999999998
-2.393	1.354	5.068	-5.603999999999999	8.257	10.071	-0.783	3.6129999999999995	20.514	17.792	22.935	0.1504999999999974
18.998	17.14	14.957	2.9495000000000005	-19.869	-13.853	-12.161	-6.862	-19.784	-15.342	-14.222	-5.001999999999999
19.296	17.374	16.471	2.3735	-11.665	-17.233	-13.308	3.605500000000001	-22.292	-17.547	-14.294	-6.371500000000001
-21.714	-23.074	-22.189	0.917500000000004	3.81	-1.609	6.506	1.3615	5.041	10.96	13.447	-7.1625
-18.895	-22.295	-22.664	3.584500000000002	0.787	1.546	1.892	-0.9319999999999998	8.614	7.949	12.752	-1.7364999999999995
-14.29	-14.907	-21.162	3.744500000000002	6.005	5.768	1.293	2.4745	1.703	1.108	8.171	-2.9364999999999997
-20.558	-18.01	-15.288	-3.908999999999999	0.264	4.849	6.274	-5.2975	5.057	-0.249	-2.602	6.4825
5.913	-2.505	5.125	4.603	2.07	-6.192	3.08	3.626	-3.172	-1.245	-15.783	5.341999999999999
-2.311	5.605	2.956	-6.5915	-7.626	-7.795	-0.869	-3.2940000000000005	-4.515	-8.9	-1.622	0.7460000000000004
0.779	-3.66	3.933	0.6425000000000002	6.617	0.583	-7.171	9.911	0.618	0.504	-7.778	4.255
3.341	-1.085	-1.233	4.5	-0.2	4.745	-7.703	1.2790000000000001	-4.966	1.238	-5.284	-2.9430000000000005
-0.624	6.691	1.228	-4.5835	-4.443	2.364	2.974	-7.112	-6.4	-11.994	-1.559	0.37649999999999917
36.902	34.592	31.396	3.9080000000000013	9.424	1.269	-17.693	17.636000000000003	4.806	3.613	10.478	-2.2394999999999996
38.136	38.473	35.655	1.0720000000000027	-10.961	-2.42	4.964	-12.233	-9.362	-4.219	3.765	-9.135
-25.813	-28.695	-15.214	-3.8584999999999994	6.758	-2.064	-9.276	12.428	-18.625	-7.641	-0.253	-14.678
14.3	8.946	14.271	2.6915000000000013	13.612	4.878	13.263	4.541500000000001	-1.213	12.419	6.86	-10.8525
0.601	12.008	9.793	-10.299499999999998	7.28	14.173	7.298	-3.4555	6.325	0.729	9.825	1.048000000000001
-2.2	0.579	11.385	-8.182	6.332	7.327	10.071	-2.367	11.38	6.89	6.427	4.721500000000001
-27.921	-30.029	-22.145	-1.8339999999999996	-5.076	7.03	23.38	-20.281	0.474	9.015	6.625	-7.346
-24.865	-29.191	-27.544	3.5025000000000013	1.106	-6.164	13.276	-2.45	0.568	1.931	9.802	-5.298500000000001
-20.284	-21.135	-28.906	4.7364999999999995	21.126	13.996	-4.081	16.1685	2.71	1.851	2.365	0.6019999999999999
24.454	20.527	23.837	2.2719999999999985	-17.774	-11.493	-0.601	-11.727	-26.343	-25.006	-32.946	2.632999999999999
24.001	24.755	22.13	0.5585000000000022	-13.171	-12.674	-11.642	-1.013	-22.639	-24.567	-26.919	3.1040000000000028
12.247	17.435	22.474	-7.7075	-7.088	-3.94	-14.424	2.0940000000000003	-16.89	-15.851	-20.524	1.2974999999999994
-1.681	6.016	10.778	-10.078	-25.564	-20.157	-9.814	-10.5785	-25.959	-23.158	-19.042	-4.858999999999998
-4.79	1.258	9.307	-10.072500000000002	-35.614	-22.38	-14.491	-17.1785	-23.043	-24.684	-21.047	-0.17749999999999844
-15.168	-9.601	-8.848	-5.9434999999999985	-7.472	-2.204	4.659	-8.6995	27.312	23.367	21.334	4.961500000000001
-12.405	-25.969	-16.495	8.827	8.874	-2.501	-9.678	14.9635	5.043	14.128	4.516	-4.278999999999999
-23.45	-23.174	-18.88	-2.4229999999999983	-2.4	-3.02	-9.886	4.052999999999999	-4.549	-7.16	2.848	-2.3930000000000002
-4.08	-8.341	-19.095	9.638	-4.654	-0.568	-1.391	-3.6745	-23.37	-17.574	-7.472	-10.847
13.543	10.953	13.476	1.3284999999999982	17.401	10.897	6.547	8.679	26.385	21.409	15.505	7.928000000000001
-15.729	-14.675	-11.068	-2.857499999999998	18.523	9.729	2.931	12.193	-21.036	-17.309	-16.949	-3.907
-19.072	-9.683	-12.555	-7.952999999999999	1.438	12.063	3.934	-6.5605	-14.941	-17.594	-20.829	4.2705
9.401	5.607	-6.007	9.600999999999999	24.029	7.038	9.551	15.7345	-1.379	1.854	5.832	-5.2219999999999995
22.162	15.499	11.599	8.613	29.748	28.931	26.221	2.1720000000000006	4.42	6.091	-0.621	1.6849999999999996
21.978	25.618	18.689	-0.17549999999999955	-4.957	-4.903	-14.611	4.8	-3.402	-16.635	-6.67	8.250499999999999
10.503	21.398	19.265	-9.828499999999998	-9.55	-3.256	-13.136	-1.354000000000001	0.094	-4.104	-14.125	9.208499999999999
-44.778	-45.547	-43.805	-0.10199999999999676	-8.731	-6.804	-8.657	-1.0004999999999997	5.97	7.039	12.119	-3.609000000000001
20.141	18.375	12.445	4.730999999999998	16.782	15.586	6.637	5.6705000000000005	11.261	13.38	12.48	-1.6690000000000005
-1.772	4.571	9.549	-8.831999999999999	5.851	8.7	11.058	-4.028	-1.334	-11.224	-14.741	11.6485
4.505	4.231	12.89	-4.055500000000001	13.788	14.549	22.587	-4.779999999999998	-4.843	-4.82	-12.58	3.8569999999999993
-2.836	-1.296	10.811	-7.593500000000001	0.247	4.374	13.52	-8.7	-7.206	-11.693	-18.709	7.995
4.991	-2.942	0.963	5.980499999999999	7.283	-1.871	-2.226	9.3315	13.787	20.047	22.41	-7.4415
17.964	9.85	5.084	10.497	-9.893	-8.675	-0.851	-5.130000000000001	16.493	19.165	18.356	-2.267500000000002
27.552	25.385	21.056	4.331499999999998	6.002	5.888	4.268	0.9240000000000004	13.367	14.725	7.765	2.1220000000000017
31.192	25.491	25.111	5.890999999999998	9.459	4.858	5.741	4.1594999999999995	10.33	14.859	9.227	-1.7129999999999992
-31.582	-32.669	-31.11	0.30749999999999744	-19.621	-23.604	-17.757	1.0595000000000034	1.354	3.524	8.578	-4.697
29.242	20.255	33.661	2.2840000000000025	-10.246	-18.213	-12.92	5.320500000000001	-12.832	-15.078	-13.364	1.3889999999999993
39.299	34.681	24.278	9.819500000000001	-5.003	-5.286	-13.812	4.545999999999999	-13.521	-15.864	-14.365	1.5934999999999988
23.254	24.527	29.075	-3.5470000000000006	-32.568	-18.914	-19.748	-13.236999999999995	5.895	6.94	-0.579	2.7144999999999992
21.702	18.806	32.155	-3.7784999999999975	14.277	2.776	-4.943	15.360499999999998	-14.546	-13.931	-10.366	-2.397500000000001
-17.9	-25.056	-31.645	10.450500000000002	29.098	18.946	17.627	10.811499999999999	-2.733	6.379	13.326	-12.5855
-11.578	-10.136	-12.542	-0.23900000000000077	8.031	14.172	18.597	-8.353500000000002	-2.437	-1.26	9.814	-6.714
-8.257	-13.674	-6.199	1.679499999999999	10.831	5.264	9.09	3.654	7.629	4.171	-0.363	5.725
-22.157	-22.597	-22.06	0.1714999999999982	3.67	1.111	5.488	0.37049999999999983	-17.558	-9.754	-5.152	-10.105
-31.528	-24.71	-22.767	-7.789499999999997	4.629	8.034	3.214	-0.995000000000001	-24.598	-18.505	-14.197	-8.247
-24.241	-29.109	-23.481	2.054000000000002	11.483	5.337	6.659	5.485000000000001	-32.319	-22.285	-17.325	-12.514000000000003
-29.821	-29.302	-21.375	-4.482500000000002	-4.671	-6.43	-3.556	0.32200000000000006	8.664	11.728	11.044	-2.7219999999999995
-27.291	-22.831	-15.196	-8.2775	-0.563	8.199	8.261	-8.793000000000001	-6.852	-6.746	-10.396	1.7190000000000012
-30.406	-30.994	-26.705	-1.5564999999999998	3.663	6.983	4.39	-2.0235	-16.125	-14.449	-13.54	-2.1305000000000014
17.233	20.745	9.624	2.0485000000000007	13.127	8.921	-0.307	8.82	8.613	10.735	12.319	-2.9140000000000015
24.036	16.544	17.661	6.933500000000002	21.313	11.713	12.927	8.992999999999999	15.453	11.668	9.587	4.8255
6.472	9.743	3.875	-0.33699999999999974	-17.716	-12.603	-1.473	-10.678	4.076	6.547	7.258	-2.8265000000000002
32.521	35.795	35.994	-3.3735	1.874	2.908	-9.947	5.3934999999999995	10.275	1.113	-6.975	13.206
20.188	23.664	34.243	-8.765500000000003	-10.619	-7.17	3.469	-8.7685	13.969	15.662	4.776	3.7499999999999982
-39.607	-33.287	-30.345	-7.791	-13.943	-6.883	-6.862	-7.070499999999999	-16.941	-20.527	-12.665	-0.34499999999999886
-17.642	-17.219	-16.203	-0.9310000000000009	12.225	8.324	12.098	2.0139999999999993	9.286	6.044	0.927	5.8004999999999995
3.975	5.136	3.932	-0.5589999999999997	-3.452	-1.457	-6.348	0.4504999999999999	-4.443	0.291	-6.448	-1.3644999999999996
5.1	4.796	5.303	0.050499999999999545	2.676	-2.449	-4.117	5.959	-6.148	-2.431	-3.159	-3.3529999999999998
4.697	8.249	4.439	-1.6470000000000002	7.745	8.806	-1.957	4.320500000000001	-12.436	-10.113	-1.741	-6.509
2.514	-0.611	-2.318	3.9785	28.237	25.223	24.52	3.365500000000001	0.678	-0.953	-8.48	5.3945
-2.436	0.931	-0.365	-2.719	21.481	28.144	24.739	-4.960499999999996	2.702	1.363	-1.746	2.8935
-3.844	-0.334	14.743	-11.0485	11.188	-0.903	1.219	11.030000000000001	-3.652	-1.024	-9.616	1.6680000000000001
-13.809	-14.08	-21.042	3.7520000000000007	5.019	7.202	-1.131	1.9835000000000003	-10.812	-6.78	-0.657	-7.093499999999999
-12.435	-14.716	-19.357	4.6015	9.946	0.759	-5.228	12.180499999999999	-0.789	-0.046	-0.415	-0.5585
20.227	20.84	24.983	-2.6845	-21.049	-24.243	-13.268	-2.2935000000000016	-11.498	-12.218	-11.54	0.3810000000000002
33.937	35.856	35.394	-1.6880000000000024	12.634	10.831	-0.175	7.306000000000001	-0.198	-1.322	-5.974	3.45
31.041	33.121	35.388	-3.2135	1.221	12.557	6.526	-8.3205	1.382	0.043	-2.132	2.4265
-3.508	-1.408	-7.878	1.1349999999999998	4.683	6.855	6.695	-2.0920000000000005	-6.789	-2.783	-0.011	-5.3919999999999995
-23.0	-30.114	-30.115	7.1145	23.422	18.0	10.847	8.9985	-5.221	-3.041	5.168	-6.2845
-28.592	-31.915	-26.046	0.3885000000000005	13.948	9.49	20.252	-0.9229999999999983	4.776	3.625	-4.412	5.169499999999999
-23.438	-13.748	-13.401	-9.863499999999998	4.007	4.754	4.874	-0.8070000000000004	16.848	14.182	13.259	3.1274999999999977
9.944	20.627	16.01	-8.3745	-13.654	-12.713	-18.839	2.122	4.377	-2.151	-9.961	10.433
10.049	11.558	17.218	-4.339	-19.855	-13.712	-16.815	-4.5915	0.784	2.594	-5.324	2.149
-22.196	-18.014	-16.344	-5.0169999999999995	-19.462	-10.549	-2.498	-12.9385	-3.145	-3.271	-8.992	2.986500000000001
-17.114	-11.501	1.565	-12.146	-7.601	-1.966	1.095	-7.1655	-11.517	-10.726	-13.893	0.7925000000000004
0.726	-1.658	-8.604	5.856999999999999	24.942	19.868	17.993	6.011500000000002	-0.288	0.947	7.977	-4.75
32.373	43.013	42.803	-10.535000000000004	-4.58	-1.927	7.864	-7.5485	-6.301	-6.676	-9.855	1.9644999999999992
40.275	35.935	45.27	-0.3275000000000077	0.781	-3.909	3.14	1.1654999999999998	-0.893	-7.088	-9.462	7.382000000000001
34.332	35.918	37.715	-2.484500000000004	10.242	3.112	-2.178	9.775	3.354	-0.548	-5.286	6.271
-7.046	-8.127	-15.829	4.932000000000001	-0.627	3.131	-4.311	-0.03699999999999992	3.722	12.937	23.659	-14.575999999999999
31.988	31.661	30.699	0.8079999999999998	-5.646	-13.441	-11.148	6.648499999999999	25.702	21.585	14.337	7.741000000000003
4.392	-0.476	3.66	2.8000000000000003	9.62	4.245	3.71	5.642499999999999	-4.833	1.217	12.216	-11.5495
0.607	6.667	0.977	-3.215	-5.909	11.328	5.117	-14.131499999999999	1.806	-3.45	0.228	3.417
-18.833	-17.61	-21.164	0.554000000000002	15.462	14.123	9.711	3.545	-17.47	-16.315	-9.237	-4.693999999999999
2.728	1.052	-3.292	3.848	4.177	5.354	9.995	-3.4975000000000005	7.013	5.713	-1.15	4.7315
-1.208	2.573	1.169	-3.0789999999999997	-2.503	3.664	4.237	-6.4535	8.466	6.923	4.083	2.962999999999999
-5.849	-3.979	0.674	-4.1965	-6.303	-7.823	-3.293	-0.7450000000000001	11.733	11.32	15.636	-1.7449999999999992
-24.944	-30.545	-8.032	-5.6555	4.669	-5.387	5.225	4.75	5.726	11.18	-4.853	2.5625
-20.98	-19.769	-20.011	-1.0899999999999999	27.915	16.804	20.862	9.082	10.295	7.152	2.756	5.341
40.342	41.456	34.123	2.552499999999995	-9.449	-15.155	-25.286	10.771500000000001	-10.267	-19.311	-13.493	6.135000000000002
32.471	32.388	41.903	-4.674500000000002	-20.569	-13.338	-7.129	-10.3355	0.671	-3.89	-6.845	6.0385
-25.195	-22.58	-35.366	3.7779999999999987	0.105	1.109	-4.85	1.9754999999999998	-9.589	-10.918	2.415	-5.3375
-13.03	-14.599	-17.367	2.953000000000001	8.384	-5.602	-10.97	16.67	6.158	6.319	13.292	-3.6475
-7.253	-5.721	-1.017	-3.8840000000000003	26.653	28.953	35.471	-5.5589999999999975	15.936	18.295	9.642	1.9674999999999994
20.684	17.304	16.669	3.6975000000000016	10.598	0.726	0.212	10.129000000000001	-8.512	-12.932	0.751	-2.4215
-30.888	-30.111	-31.14	-0.2624999999999993	1.336	-0.468	-4.568	3.854	6.324	3.289	-5.864	7.6114999999999995
-32.956	-32.566	-30.26	-1.5429999999999993	-16.049	-16.814	-3.03	-6.126999999999999	9.234	11.028	6.464	0.48799999999999955
12.168	12.281	18.376	-3.1605000000000025	8.676	6.517	10.558	0.1385000000000005	16.46	14.802	16.046	1.0360000000000014
-26.354	-26.479	-34.689	4.23	2.838	4.066	-2.469	2.0395000000000003	4.35	2.087	9.228	-1.3075
-24.499	-26.072	-30.097	3.5854999999999997	9.927	4.024	1.14	7.345	9.928	4.355	4.779	5.361000000000001
51.8	47.621	44.979	5.5	-8.363	-15.522	-6.86	2.828000000000001	-4.645	-6.482	5.351	-4.0794999999999995
41.614	46.743	51.13	-7.322500000000005	0.324	7.434	2.851	-4.8185	-10.137	-3.268	6.46	-11.733
18.177	17.816	26.386	-3.9239999999999995	-18.396	-18.666	-24.745	3.3095	8.738	8.667	8.5	0.15449999999999875
20.273	18.498	22.195	-0.07349999999999923	-5.719	-19.721	-20.731	14.506999999999998	4.983	8.555	8.032	-3.3105
-11.95	-17.478	-22.577	8.077500000000004	5.258	5.977	1.809	1.3649999999999998	-7.352	-5.736	0.848	-4.908
-24.583	-24.718	-13.726	-5.360999999999997	-21.132	-15.06	5.466	-16.335	-13.719	-10.357	-10.497	-3.292
-10.598	-7.284	-10.133	-1.8895000000000017	5.322	7.765	-2.025	2.452	15.704	12.988	23.015	-2.2974999999999994
-14.261	-12.101	-9.64	-3.3904999999999994	6.838	3.147	6.986	1.7715000000000005	24.791	17.995	15.592	7.997499999999999
25.521	38.859	35.112	-11.464500000000001	-3.109	1.2	-11.423	2.0025000000000004	12.926	2.823	3.489	9.77
25.273	25.06	28.523	-1.5184999999999995	2.585	-0.358	-3.721	4.624499999999999	8.149	3.843	4.771	3.8419999999999987
23.723	26.152	25.974	-2.3400000000000034	-13.372	-2.314	-0.867	-11.7815	3.794	2.598	3.226	0.8820000000000001
26.203	19.41	25.342	3.8270000000000017	-0.907	-6.911	-6.0	5.5485	8.992	8.53	2.997	3.2285000000000013
32.49	34.258	25.567	2.5775000000000006	18.275	3.049	-24.849	29.174999999999997	1.098	0.032	5.505	-1.6704999999999999
4.514	6.959	8.742	-3.3365	13.502	4.649	0.116	11.1195	-22.346	-18.92	-7.689	-9.0415
-13.097	-9.586	-9.302	-3.6530000000000005	-9.647	-10.922	-0.096	-4.138	-25.086	-19.495	-13.595	-8.540999999999997
22.788	29.179	29.617	-6.609999999999999	-10.679	-8.358	-10.577	-1.2114999999999991	-1.06	-0.035	-0.888	-0.5985
20.417	26.151	27.049	-6.183	-10.818	-11.269	-9.132	-0.6174999999999997	-5.051	-3.592	-0.377	-3.0665
15.291	17.317	25.176	-5.955499999999997	-20.913	-12.623	-10.984	-9.1095	-2.465	-4.676	-3.174	1.46
18.039	6.471	2.395	13.606000000000002	3.641	-8.445	-17.204	16.4655	-20.881	-18.419	-7.252	-8.0455
-5.921	-5.954	-7.49	0.8009999999999993	19.291	18.312	10.129	5.070499999999999	10.713	18.531	13.794	-5.449500000000002
-1.711	-6.47	-6.53	4.789	16.583	17.374	17.753	-0.9804999999999993	16.073	12.357	18.062	0.8635000000000002
13.349	10.774	-3.597	9.7605	36.313	30.425	17.596	12.302500000000002	8.913	5.079	13.793	-0.5229999999999997
7.462	9.248	10.12	-2.2219999999999995	-10.535	-2.047	7.636	-13.3295	8.168	15.08	13.046	-5.895
6.186	7.688	9.076	-2.1959999999999997	-1.862	-4.898	-3.485	2.3294999999999995	5.008	3.223	13.68	-3.4434999999999993
-28.905	-22.228	-19.374	-8.104	-11.231	-9.816	-15.909	1.6315000000000008	1.184	3.294	2.063	-1.4945000000000002
-38.414	-44.429	-43.825	5.713000000000001	-11.89	-14.953	-1.079	-3.8740000000000006	5.639	-0.591	-0.596	6.2325
-3.044	-6.933	-15.064	7.9544999999999995	16.116	12.742	10.859	4.3155	-1.267	3.844	11.792	-9.084999999999999
20.066	22.858	28.333	-5.529500000000002	5.063	0.46	-0.852	5.2589999999999995	4.437	0.116	-7.051	7.9045000000000005
28.238	29.039	26.796	0.3204999999999991	14.636	19.253	8.333	0.843	9.307	1.459	10.193	3.4810000000000008
28.531	29.685	26.409	0.48400000000000176	12.525	18.225	11.178	-2.1765000000000008	11.51	4.298	8.225	5.2485
11.117	7.425	6.381	4.214	-3.492	-2.766	2.243	-3.2305	-3.101	5.968	-3.206	-4.482
-9.587	-6.64	-11.351	-0.5914999999999999	-14.626	-17.931	-12.356	0.5175000000000001	-4.077	2.363	0.532	-5.5245
18.438	22.895	18.869	-2.443999999999999	2.334	-4.477	-7.709	8.427	-0.696	5.094	18.431	-12.4585
-27.369	-28.426	-30.638	2.1630000000000003	25.326	10.601	7.746	16.1525	-19.08	-14.124	-5.125	-9.455499999999997
-42.355	-42.564	-39.827	-1.1595000000000013	3.043	-0.435	11.533	-2.5059999999999993	-4.648	-5.242	-8.441	2.1935000000000002
-39.75	-40.031	-42.51	1.5204999999999984	-1.764	6.933	0.894	-5.6775	-5.294	-11.221	-4.913	2.7730000000000006
-10.67	-5.862	-5.958	-4.76	-13.166	-4.034	-1.315	-10.4915	12.659	7.286	-1.662	9.847000000000001
23.315	27.763	27.977	-4.555	17.124	18.068	7.059	4.5604999999999976	14.75	12.466	9.929	3.5525
-15.523	-18.159	-24.849	5.980999999999998	12.466	2.754	-8.169	15.1735	5.124	8.712	2.999	-0.7315000000000005
-29.235	-28.337	-25.105	-2.5139999999999993	-6.544	1.592	9.638	-12.158999999999999	3.345	-3.251	3.416	3.2625
-10.239	-16.834	-13.268	4.811999999999999	19.354	4.864	3.598	15.123	-7.725	3.021	-2.55	-7.9605
-12.476	-10.294	-17.101	1.221499999999999	3.823	18.953	2.021	-6.664	-0.142	-4.437	3.315	0.41900000000000015
-13.267	-11.934	-3.673	-5.4635	11.798	13.996	7.861	0.8695000000000004	2.244	-2.723	-5.373	6.292
38.093	41.973	46.893	-6.339999999999996	-6.412	-12.958	-8.419	4.276500000000001	12.378	21.034	11.639	-3.958500000000001
44.349	48.401	45.374	-2.538500000000006	-4.488	5.955	10.043	-12.487	6.715	10.108	12.04	-4.359
31.296	29.334	31.02	1.1189999999999998	-8.15	1.43	-7.683	-5.0235	4.905	5.517	-11.236	7.7645
22.442	26.973	31.547	-6.817999999999998	-12.012	-7.589	-9.562	-3.4365000000000006	-4.367	-3.008	-0.98	-2.373
17.704	25.212	30.72	-10.262	-14.047	-8.773	-9.53	-4.895500000000002	-3.69	-3.61	-2.825	-0.4724999999999997
-22.953	-22.814	-18.29	-2.401	7.849	1.576	2.661	5.7305	-11.578	-11.042	-12.306	0.09600000000000009
-22.628	-26.332	-22.896	1.9860000000000007	11.324	7.944	3.911	5.3965	-21.554	-16.012	-22.113	-2.4914999999999985
-25.76	-24.125	-22.903	-2.246000000000002	13.032	11.339	5.281	4.7219999999999995	-18.29	-19.189	-20.901	1.7550000000000026
-29.273	-24.708	-15.248	-9.295000000000002	-9.584	-12.892	-5.477	-0.39949999999999974	-2.708	-4.477	1.366	-1.1525
36.914	35.111	36.477	1.1200000000000045	-11.371	-22.901	-8.174	4.166499999999999	-0.821	2.088	-3.672	-0.028999999999999915
-48.591	-45.654	-35.443	-8.042499999999997	12.423	6.121	2.255	8.235	-7.246	-6.077	0.73	-4.572500000000001
21.172	4.898	15.215	11.1155	-26.374	-35.113	-24.892	3.628499999999999	2.137	8.751	4.747	-4.612
24.831	26.582	29.112	-3.016000000000002	-16.571	-24.011	-14.026	2.447499999999998	7.618	9.813	9.208	-1.8925
21.697	24.608	26.659	-3.9364999999999988	-5.919	-10.814	-21.77	10.373000000000001	7.755	3.8	9.491	1.1094999999999997
11.475	18.914	31.717	-13.8405	-32.504	-24.663	-6.135	-17.104999999999997	8.559	6.491	-8.871	9.748999999999999
-2.737	-4.49	-2.129	0.5724999999999998	12.749	5.926	18.03	0.770999999999999	11.599	7.691	7.021	4.243
11.16	16.046	13.38	-3.553000000000001	6.516	18.076	23.449	-14.246500000000003	-4.73	-4.034	-3.66	-0.8830000000000005
11.093	13.55	14.731	-3.0474999999999994	5.743	9.027	23.643	-10.592	1.166	-5.485	-4.375	6.096
11.729	10.37	12.518	0.28500000000000014	28.505	13.793	7.42	17.8985	-1.828	0.528	-2.796	-0.6940000000000002
28.583	32.376	30.296	-2.753	-0.98	0.21	1.082	-1.626	24.936	19.098	14.443	8.165500000000002
-0.323	-22.744	-29.964	26.031	11.44	3.73	-3.561	11.3555	-5.992	2.82	5.087	-9.9455
-27.997	-20.55	-12.699	-11.372499999999999	-10.282	-6.817	-2.987	-5.38	-1.092	3.146	0.452	-2.891
39.991	35.967	26.355	8.829999999999998	-19.156	-12.458	-17.913	-3.9704999999999977	-5.496	-4.875	4.767	-5.442
43.001	43.681	37.071	2.625	20.957	10.94	-9.105	20.0395	18.905	4.405	4.143	14.631
44.898	42.252	40.405	3.569499999999998	34.557	23.106	5.166	20.421	11.024	16.664	2.806	1.288999999999998
23.567	13.011	7.247	13.438	11.518	15.114	11.847	-1.9624999999999986	-13.328	-8.174	-6.009	-6.2364999999999995
32.422	29.281	12.216	11.673499999999997	9.35	12.09	15.124	-4.257	-14.049	-14.428	-6.91	-3.379999999999999
34.768	34.415	30.865	2.128	-0.983	6.649	11.164	-9.8895	-12.425	-12.13	-14.284	0.782
10.178	13.819	16.812	-5.137499999999999	0.76	1.203	-4.169	2.2429999999999994	12.048	12.805	1.967	4.662
-26.094	-27.223	-26.672	0.8534999999999968	-0.395	8.857	8.493	-9.07	11.271	15.57	14.634	-3.8309999999999995
7.424	7.027	2.588	2.6165000000000003	6.202	8.72	2.97	0.3569999999999993	-11.899	-16.522	-19.11	5.917
21.558	23.006	19.253	0.42849999999999966	4.76	-1.81	-8.349	9.839500000000001	10.121	4.406	5.284	5.276000000000001
-20.361	-23.153	-18.614	0.5224999999999973	5.438	-0.418	1.941	4.6765	-6.69	-5.046	-1.964	-3.1850000000000005
44.715	44.438	44.037	0.47750000000000625	-2.156	-4.501	-4.045	2.1169999999999995	0.39	2.617	-4.556	1.3595000000000002
10.161	6.056	-4.266	9.266	18.48	11.765	13.454	5.8705	-12.136	-6.841	-11.201	-3.1149999999999984
3.769	-0.185	-11.432	9.5775	16.397	12.459	6.731	6.802	-3.402	-2.648	-0.013	-2.0715000000000003
10.839	20.372	14.198	-6.446	-4.996	-3.729	-4.776	-0.7435000000000009	13.81	1.476	-2.234	14.189
-39.949	-40.239	-41.556	0.9484999999999957	-20.95	-19.498	-20.747	-0.827499999999997	-6.506	-10.275	-5.103	1.1829999999999998
20.197	9.383	10.29	10.3605	5.585	-6.179	-2.112	9.7305	16.107	13.948	9.053	4.606499999999999
33.112	32.957	30.576	1.3455000000000013	18.172	21.199	20.197	-2.526	7.843	18.292	18.493	-10.549499999999998
-6.745	-15.887	-13.824	8.110499999999998	17.309	17.442	7.794	4.691000000000001	11.695	15.622	3.53	2.1189999999999998
-0.436	-4.501	7.652	-2.0115	2.692	-4.405	-0.483	5.136	0.572	-4.841	-18.181	12.083
5.32	8.673	1.12	0.42350000000000065	0.777	9.721	2.718	-5.4425	1.46	0.185	1.785	0.475
29.901	32.627	35.97	-4.397500000000004	2.028	-4.571	-6.988	7.807500000000001	20.689	23.624	30.308	-6.277000000000001
22.039	25.099	31.119	-6.07	-0.256	6.698	10.981	-9.095500000000001	15.347	16.522	17.506	-1.6669999999999998
-8.245	-17.447	-23.53	12.243500000000003	2.422	-4.977	-6.422	8.121500000000001	8.596	19.787	26.367	-14.480999999999998
15.957	16.683	13.241	0.995000000000001	7.912	16.114	9.96	-5.125000000000001	-3.669	-5.163	-3.501	0.6629999999999998
17.777	12.151	16.742	3.3305000000000007	10.556	-0.004	4.417	8.349499999999999	6.412	7.21	-1.746	3.6799999999999997
-10.229	-12.606	-16.227	4.1875	22.201	18.143	21.187	2.5360000000000014	-14.957	-19.419	-18.131	3.817999999999998
-20.266	-11.901	-12.951	-7.839999999999998	6.964	17.876	18.11	-11.029000000000002	-11.382	-11.693	-18.875	3.9019999999999992
-20.285	-22.979	-21.161	1.7850000000000001	10.774	-2.629	-4.915	14.546	-16.068	-26.311	-22.77	8.4725
-22.768	-26.217	-31.978	6.3294999999999995	6.688	1.224	-1.392	6.771999999999999	7.356	4.589	8.148	0.9874999999999998
-7.925	-10.457	-8.095	1.351	6.045	5.451	0.809	2.915	-4.436	-3.598	-3.036	-1.1189999999999998
-19.406	-6.48	-4.006	-14.162999999999998	-4.615	-5.237	1.861	-2.927	3.759	2.971	11.109	-3.281
-6.564	-4.494	-15.446	3.405999999999999	13.599	11.94	1.159	7.0495	1.373	-3.886	1.509	2.5615
-1.644	-0.252	10.957	-6.9965	-4.833	1.168	6.392	-8.613	9.788	18.522	25.463	-12.2045
-16.179	-10.62	-17.401	-2.168499999999998	7.057	9.982	10.293	-3.080499999999999	14.571	9.482	3.118	8.271
-8.071	-14.807	-11.103	4.884	10.794	8.527	10.037	1.5120000000000005	-1.47	12.311	4.742	-9.996500000000001
-13.474	-7.605	-4.26	-7.5415	-4.47	3.233	4.366	-8.2695	7.03	-3.881	-5.235	11.588000000000001
-22.757	-17.327	-15.163	-6.5120000000000005	-4.202	1.525	6.09	-8.0095	5.335	2.524	2.757	2.6944999999999997
-9.042	-2.252	-2.503	-6.6645	-3.616	0.535	-11.959	2.0959999999999996	-28.388	-29.391	-26.355	-0.5150000000000041
-12.682	-20.546	-24.681	9.931500000000002	7.186	1.759	-2.557	7.585	12.468	7.557	9.142	4.118500000000001
2.517	-6.797	-12.699	12.264999999999999	11.09	5.867	5.908	5.2025	10.761	9.401	12.36	-0.11950000000000038
2.173	7.444	1.425	-2.2615	2.215	19.313	10.746	-12.814499999999999	15.922	6.662	8.224	8.479000000000001
54.916	46.073	44.555	9.601999999999997	14.684	1.676	-0.917	14.304499999999999	-10.178	-0.158	8.405	-14.3015
-39.908	-38.233	-34.663	-3.460000000000008	17.414	17.29	7.267	5.135500000000002	4.973	7.452	8.676	-3.091
14.062	8.977	9.037	5.054999999999998	-14.202	-23.888	-11.772	3.628000000000002	7.631	5.241	-4.553	7.287000000000001
28.49	31.537	31.901	-3.2290000000000028	-9.797	-17.305	-12.252	4.9815000000000005	-15.088	-9.673	-7.619	-6.441999999999998
-1.197	-0.741	2.971	-2.3120000000000003	20.776	11.004	3.158	13.695	-23.663	-9.771	-11.831	-12.862
-7.88	-3.359	-4.14	-4.1305	-6.277	3.746	8.522	-12.411000000000001	-12.814	-10.377	-16.548	0.6484999999999985
9.362	6.06	1.599	5.532500000000001	-1.527	-8.442	-14.294	9.841000000000001	22.413	13.218	15.101	8.253499999999999
-34.719	-37.162	-44.534	6.128999999999998	9.261	10.302	5.08	1.5699999999999994	7.064	4.737	1.075	4.1579999999999995
-36.389	-42.575	-41.518	5.657499999999999	10.44	4.219	11.586	2.5374999999999996	-23.103	-11.545	-6.011	-14.325000000000001
34.417	37.807	40.464	-4.718499999999999	3.215	7.948	2.858	-2.1880000000000006	14.633	18.403	12.69	-0.9134999999999991
36.265	39.169	33.583	-0.1109999999999971	27.091	19.334	4.993	14.927500000000002	20.929	21.108	19.533	0.6084999999999958
-18.575	-20.258	-17.401	0.25450000000000017	-5.449	-1.168	8.63	-9.18	-5.957	2.745	-1.851	-6.404
-33.788	-40.021	-43.578	8.011500000000005	-0.072	-13.541	-10.124	11.7605	2.148	-1.334	2.188	1.721
-15.088	-23.887	-19.462	6.586500000000003	4.404	-6.187	-5.661	10.328	-0.846	11.988	5.192	-9.436
-7.767	-7.02	-14.313	2.899499999999999	21.279	21.16	5.176	8.111	-0.122	-0.979	6.553	-2.909
-26.551	-12.732	-24.087	-8.141499999999997	-1.457	9.713	6.417	-9.522	4.499	-3.351	9.527	1.411
-23.969	-23.866	-15.07	-4.501000000000001	8.434	0.395	8.221	4.1259999999999994	-0.609	2.23	0.661	-2.0545
24.765	31.563	24.8	-3.416499999999999	-5.438	-11.591	-27.016	13.8655	-9.597	-9.496	-8.214	-0.7419999999999991
1.49	-3.58	4.487	1.0365	7.09	7.379	15.242	-4.220500000000001	-1.869	10.267	-8.756	-2.6244999999999994
12.601	13.533	-1.42	6.544500000000001	-0.758	-0.651	6.937	-3.9010000000000002	13.43	2.003	5.81	9.5235
9.19	17.742	19.446	-9.404000000000002	19.78	4.321	4.324	15.457500000000001	9.304	9.426	11.492	-1.1549999999999994
21.675	21.799	23.753	-1.100999999999999	13.391	7.064	9.751	4.983500000000001	28.439	26.933	25.181	2.381999999999998
3.985	8.311	2.162	-1.2514999999999996	0.366	-2.744	-8.432	5.954	10.206	8.307	4.51	3.7974999999999994
30.584	22.321	13.15	12.848499999999998	11.582	5.657	-1.829	9.668000000000001	-6.399	-8.665	-1.681	-1.226
7.104	4.572	5.451	2.0925000000000002	2.611	-1.088	-1.836	4.073	3.923	1.207	-14.279	10.459
32.492	40.699	24.644	-0.17949999999999733	12.036	11.604	3.402	4.5329999999999995	-24.863	-34.772	-34.932	9.989000000000004
38.626	33.482	30.512	6.628999999999998	21.949	12.581	11.448	9.934500000000002	-6.172	-11.804	-21.435	10.447499999999998
-15.528	-13.046	-10.731	-3.6395	1.127	-1.733	3.015	0.486	3.043	6.525	10.573	-5.505999999999999
-9.772	-15.826	-22.718	9.499999999999998	-4.67	-6.773	6.596	-4.5815	10.528	10.846	5.879	2.1654999999999998
38.602	33.322	31.111	6.385499999999993	-5.547	-9.086	-12.884	5.438	7.659	5.271	-0.083	5.0649999999999995
0.907	-13.299	-4.117	9.615	7.248	-1.874	-9.804	13.087	22.205	29.735	19.125	-2.2250000000000014
-1.741	1.349	2.298	-3.5645000000000002	-20.695	-9.003	-8.448	-11.9695	25.804	23.59	18.672	4.672999999999998
-26.095	-26.272	-31.376	2.728999999999999	-0.13	-2.94	1.66	0.51	-27.663	-21.147	-14.369	-9.905000000000001
-26.607	-26.704	-27.847	0.6685000000000016	1.637	-1.336	-1.711	3.1605	-29.804	-24.364	-16.339	-9.452499999999997
3.253	5.358	12.286	-5.568999999999999	-1.864	-2.697	-4.594	1.7815	-9.998	-11.058	-14.251	2.6564999999999994
23.157	20.145	18.751	3.7089999999999996	29.935	19.588	14.276	13.002999999999997	15.364	18.278	10.166	1.1420000000000012
9.335	10.206	20.604	-6.0699999999999985	19.083	17.671	9.277	5.608999999999998	-3.151	-4.196	8.897	-5.5015
8.027	8.598	2.39	2.5329999999999986	36.407	32.283	14.043	13.243999999999996	-7.282	-5.066	-1.278	-4.11
-12.213	-14.302	-11.378	0.6270000000000007	-16.468	-17.618	-5.446	-4.936	24.135	22.893	22.319	1.529
54.247	55.122	50.696	1.338000000000001	4.414	-0.795	-8.615	9.119	7.959	2.718	-2.031	7.6155
48.96	51.845	54.999	-4.461999999999996	3.724	-0.242	-0.248	3.9690000000000003	2.162	5.343	3.483	-2.2510000000000003
-29.059	-22.077	-21.671	-7.184999999999999	1.471	-1.877	-4.61	4.7145	8.688	7.856	3.074	3.2230000000000008
-31.129	-31.407	-31.189	0.16900000000000048	-18.532	-29.249	-19.528	5.8565000000000005	-10.504	1.561	2.209	-12.389
-26.905	-30.346	-48.604	12.57	2.281	3.501	-3.436	2.2485	-0.66	-5.765	8.295	-1.9250000000000003
1.478	2.799	5.288	-2.5655	1.256	0.867	0.46	0.5925	-11.346	-6.372	-3.219	-6.5505
-24.655	-27.966	-28.904	3.780000000000001	15.908	8.706	-0.505	11.807500000000001	-11.753	-7.288	-4.368	-5.925
-11.294	-17.567	-23.326	9.1525	18.655	14.504	14.776	4.015000000000001	-17.787	-24.359	-22.804	5.794499999999999
44.308	38.7	34.649	7.633499999999998	-4.029	-8.405	-7.015	3.680999999999999	25.221	24.688	16.607	4.573499999999999
43.879	44.111	35.895	3.8759999999999977	-5.276	-4.134	-10.044	1.8130000000000006	18.789	23.32	22.284	-4.012999999999998
51.079	52.713	45.637	1.9040000000000035	8.849	3.402	-4.281	9.288499999999999	21.378	23.424	20.619	-0.6434999999999995
51.803	51.323	51.426	0.42849999999999966	12.003	6.981	1.237	7.894	34.774	24.004	22.822	11.361
46.069	49.616	51.82	-4.649000000000001	3.725	9.289	7.889	-4.864000000000001	29.174	34.792	24.622	-0.5330000000000013
52.288	47.011	50.867	3.3489999999999966	4.037	3.155	9.074	-2.0774999999999997	18.75	28.743	31.565	-11.404
-24.972	-18.627	-12.704	-9.306500000000002	0.722	3.629	6.662	-4.423500000000001	-9.022	-10.333	-4.917	-1.3970000000000002
34.334	34.395	30.782	1.7454999999999998	8.734	5.147	-4.221	8.271	9.766	5.866	7.317	3.1745
10.965	3.795	-3.388	10.7615	2.102	4.241	-1.615	0.7890000000000001	-13.377	-4.359	-1.776	-10.3095
9.393	9.116	8.375	0.6475000000000009	-7.842	-7.318	-1.249	-3.5584999999999996	-5.073	-8.227	-11.379	4.73
-18.404	-22.118	-26.476	5.892999999999997	6.584	5.471	15.569	-3.936	5.899	7.438	20.174	-7.906999999999999
40.709	44.968	52.625	-8.087499999999999	12.914	12.347	-0.876	7.1785	7.101	2.792	3.721	3.8445
30.635	35.246	40.527	-7.2514999999999965	9.247	10.757	13.396	-2.8294999999999995	4.046	-2.545	3.38	3.6285000000000003
-6.08	-10.942	-11.98	5.381	-2.111	9.237	4.781	-9.120000000000001	2.597	10.474	5.804	-5.542
-25.205	-23.262	-27.058	-0.04499999999999815	-5.915	-12.564	0.964	-0.11500000000000021	5.681	5.869	12.26	-3.383499999999999
-8.212	-7.265	-13.609	2.2249999999999996	6.772	9.851	4.291	-0.2990000000000004	4.367	5.631	7.429	-2.1630000000000003
-15.609	-17.091	-10.085	-2.020999999999999	2.528	-5.123	4.26	2.9595000000000002	-6.658	-1.047	4.304	-8.2865
43.622	37.391	30.582	9.6355	-0.972	-6.037	-6.823	5.458	0.254	4.701	-10.568	3.1875
42.736	40.189	43.097	1.0929999999999964	11.931	-3.264	-0.002	13.563999999999998	9.691	9.233	2.85	3.6495000000000006
-6.899	-6.958	-7.954	0.5569999999999995	9.943	9.141	14.424	-1.8394999999999992	-12.897	-5.908	-10.548	-4.6690000000000005
-7.164	3.219	-2.285	-7.630999999999999	11.061	16.884	12.662	-3.7119999999999997	-10.701	-16.208	-18.83	6.817999999999998
11.198	20.2	22.084	-9.943999999999999	2.73	7.723	8.017	-5.139999999999999	8.621	2.781	-0.246	7.3535
40.957	33.769	35.646	6.249500000000005	1.98	-7.154	-3.07	7.0920000000000005	20.712	27.213	22.328	-4.058499999999999
-6.118	-1.108	-10.981	-0.07350000000000012	0.756	-2.72	-6.613	5.4225	6.084	2.054	16.027	-2.9565
-12.959	-11.228	-2.704	-5.992999999999999	1.345	-2.723	14.475	-4.531	8.571	4.904	0.563	5.8375
-31.219	-26.778	-25.081	-5.289500000000004	-0.586	5.935	4.8	-5.9535	-21.639	-22.831	-20.865	0.20899999999999963
-29.772	-22.886	-23.937	-6.360499999999998	-14.726	-10.755	10.249	-14.473	24.502	18.202	19.06	5.870999999999999
40.315	45.174	39.263	-1.903500000000001	10.626	10.346	8.298	1.3040000000000003	-16.253	-20.091	-17.376	2.4804999999999993
-6.393	-8.224	-4.451	-0.05549999999999944	-1.895	5.887	12.478	-11.077499999999999	5.909	2.34	-7.316	8.397
7.393	6.829	-6.73	7.343500000000001	0.681	7.194	0.236	-3.034	16.098	7.711	4.243	10.120999999999999
-3.325	4.615	3.019	-7.142	-2.571	0.648	4.012	-4.901	15.202	15.942	7.289	3.586499999999999
5.29	-0.861	6.805	2.318	-7.643	-3.407	3.941	-7.91	7.817	13.794	12.947	-5.5535
-32.185	-31.786	-27.852	-2.3659999999999997	8.356	5.154	4.05	3.7539999999999996	3.984	4.018	-2.666	3.308
-18.012	-19.499	-16.749	0.11199999999999832	1.588	5.209	0.325	-1.1789999999999998	14.376	13.767	16.626	-0.8205000000000009
-24.714	-18.327	-20.114	-5.493499999999997	-1.407	1.65	2.49	-3.4770000000000003	13.913	14.821	15.69	-1.3424999999999994
8.997	9.359	10.569	-0.9670000000000005	-4.848	-7.521	-5.334	1.5795000000000003	9.789	13.167	8.751	-1.17
8.227	10.17	9.241	-1.4785000000000004	12.489	10.357	-6.299	10.46	10.354	11.52	11.858	-1.3350000000000009
-27.329	-23.163	-23.273	-4.111000000000001	13.139	7.044	11.707	3.7634999999999987	-4.439	-11.333	0.362	1.0465
-23.691	-26.741	-22.407	0.8829999999999991	12.435	11.698	8.837	2.1675000000000004	-3.165	-4.215	-7.916	2.9005
-29.521	-23.187	-25.93	-4.962499999999999	2.51	16.33	10.563	-10.9365	1.456	-0.268	-4.974	4.077
-25.411	-25.42	-28.512	1.5549999999999997	-9.363	-3.258	1.13	-8.299	6.061	1.634	0.608	4.9399999999999995
-24.436	-25.862	-27.802	2.396000000000001	-6.955	-8.239	0.014	-2.8424999999999994	5.827	4.049	0.252	3.6765
-24.858	-25.126	-26.655	1.0325000000000024	-5.98	-9.124	-1.524	-0.6560000000000006	6.768	5.211	0.537	3.8939999999999997
-25.789	-24.81	-25.494	-0.6370000000000005	-6.405	-6.705	-4.061	-1.0220000000000002	0.779	6.222	1.712	-3.188
-22.947	-29.301	-35.564	9.485499999999998	16.481	1.958	0.761	15.121500000000001	-12.535	-19.919	-8.645	1.7469999999999999
39.06	40.117	44.089	-3.042999999999992	-0.313	0.221	-5.003	2.078	-14.664	-6.045	-14.0	-4.641499999999999
43.459	47.259	51.825	-6.082999999999998	-19.954	-19.939	-11.94	-4.014500000000002	24.946	24.776	19.682	2.7170000000000023
44.129	48.852	45.861	-3.227499999999999	-1.384	-6.988	-18.272	11.245999999999999	23.799	18.053	24.557	2.4939999999999998
31.409	42.989	47.721	-13.945999999999998	0.38	0.123	-7.315	3.976	28.505	25.254	19.955	5.900499999999997
-34.876	-31.542	-33.53	-2.3399999999999963	6.013	17.83	5.759	-5.781499999999999	-22.219	-20.02	-17.828	-3.2950000000000017
-36.56	-30.38	-35.26	-3.740000000000002	12.99	12.056	6.052	3.9360000000000017	-37.611	-38.258	-22.952	-7.005999999999993
-22.63	-24.853	-35.656	7.624500000000001	16.303	17.418	15.033	0.07750000000000057	-6.458	0.937	5.559	-9.706
10.709	7.166	0.758	6.747	3.651	-6.355	-19.212	16.4345	28.474	24.898	18.998	6.526
27.513	34.272	37.903	-8.574499999999997	-22.733	-19.578	-9.062	-8.413	11.181	14.375	3.999	1.9939999999999998
31.894	35.685	30.579	-1.2380000000000067	-16.535	-7.355	-18.92	-3.397499999999999	7.333	7.374	10.278	-1.4930000000000003
10.922	11.449	-7.326	8.8605	6.774	6.359	3.037	2.0759999999999996	-16.301	-19.291	-15.795	1.2420000000000009
34.146	20.503	12.46	17.6645	-13.497	-14.855	-19.237	3.5489999999999995	2.857	8.048	13.745	-8.0395
-7.511	-8.464	3.675	-5.1165	-17.666	-8.074	1.447	-14.352500000000001	9.984	8.012	11.299	0.3285
-21.321	-21.146	-19.548	-0.9740000000000002	11.695	20.631	26.76	-12.000500000000002	0.247	10.624	5.726	-7.928000000000001
15.207	6.232	-2.439	13.310500000000001	32.453	16.885	12.881	17.57	-2.733	-0.043	-0.035	-2.694
9.068	13.619	7.688	-1.5854999999999997	24.255	30.423	19.401	-0.657	-0.55	-1.688	-0.826	0.7069999999999999
15.676	12.15	14.567	2.317500000000001	-5.925	1.449	11.617	-12.458	-10.843	-9.937	-16.073	2.161999999999999
22.841	15.169	14.452	8.0305	6.113	-1.153	2.203	5.588000000000001	-17.263	-11.821	-11.522	-5.591500000000002
20.819	20.969	17.486	1.5915	1.114	6.354	0.559	-2.3425000000000002	-15.851	-16.822	-13.333	-0.7735000000000003
34.191	24.266	19.83	12.143000000000004	27.324	9.373	8.936	18.169500000000003	11.699	13.588	17.949	-4.0695
31.824	32.71	35.176	-2.118999999999996	21.7	28.85	28.89	-7.170000000000002	23.25	26.85	25.232	-2.7910000000000004
-27.166	-20.88	-16.835	-8.308499999999999	8.78	7.841	9.012	0.3534999999999986	8.03	12.369	14.79	-5.5495
-30.997	-38.3	-38.11	7.207999999999998	-0.229	-4.904	-5.158	4.8020000000000005	10.645	11.017	10.001	0.13599999999999923
45.244	45.673	48.816	-2.0005000000000024	17.1	5.184	-0.579	14.797500000000001	8.22	4.906	4.835	3.349500000000001
-12.218	-5.193	-3.581	-7.831	5.515	5.085	4.223	0.8609999999999998	18.364	12.765	17.634	3.1645000000000003
30.368	27.092	24.216	4.713999999999999	5.746	3.568	1.499	3.2125000000000004	-11.751	-14.162	-21.929	6.294500000000001
32.553	33.138	35.167	-1.5995000000000061	-7.056	-11.402	-9.73	3.509999999999999	16.877	23.917	11.262	-0.7125000000000021
35.741	35.623	33.31	1.2745000000000033	-4.95	-1.146	-9.814	0.5300000000000002	18.022	17.188	21.388	-1.2660000000000018
34.598	34.648	35.508	-0.480000000000004	-4.616	-7.411	-2.292	0.23550000000000004	14.502	8.816	15.743	2.2225
-0.861	-1.907	-5.171	2.678	14.178	18.037	-1.656	5.987500000000001	16.433	14.898	22.521	-2.2764999999999986
-8.115	-2.069	-2.396	-5.8825	-0.231	9.641	14.191	-12.147	8.974	15.509	15.461	-6.510999999999999
23.906	15.775	15.847	8.094999999999999	-10.819	-11.326	-16.571	3.1295	-1.159	-1.1	-8.088	3.4349999999999996
-3.305	0.729	8.378	-7.858499999999999	-13.002	-10.385	-1.177	-7.221000000000001	14.556	10.657	11.208	3.623499999999998
-16.647	-20.139	-15.815	1.3300000000000018	-5.694	-12.119	-6.609	3.670000000000001	9.679	10.064	-2.218	5.756
-14.179	-16.878	-20.773	4.646499999999998	-6.578	-7.634	-9.94	2.2089999999999987	3.956	9.804	5.094	-3.493
-21.556	-22.558	-17.131	-1.711500000000001	-3.828	-2.132	2.115	-3.8194999999999997	-6.633	-6.135	-0.67	-3.2305
-22.506	-25.771	-22.38	1.569499999999998	5.66	-1.031	-3.023	7.687	-8.695	-5.917	-6.103	-2.6850000000000005
35.362	39.339	34.721	-1.6679999999999993	-7.967	-5.473	8.002	-9.2315	1.322	-0.189	9.999	-3.583
47.711	39.692	36.878	9.426000000000002	6.398	-5.009	-7.213	12.509	6.707	6.53	1.039	2.9225
36.708	40.634	42.961	-5.089500000000001	14.114	5.256	8.374	7.299	18.592	17.86	9.009	5.157499999999999
-5.211	-5.475	-4.785	-0.0810000000000004	16.753	20.86	24.043	-5.698499999999999	3.703	-0.82	-1.44	4.833
-3.537	-6.447	-5.829	2.601	28.192	22.193	21.201	6.494999999999997	-2.868	3.212	-0.071	-4.4384999999999994
-6.7	-12.104	-23.9	11.302	8.577	9.468	9.174	-0.7439999999999998	17.898	18.869	31.582	-7.327500000000001
20.166	20.636	20.614	-0.45899999999999963	0.842	0.147	3.262	-0.8624999999999999	-0.503	-5.517	-16.33	10.420499999999999
-2.333	1.05	1.308	-3.5120000000000005	-13.758	-9.519	-12.384	-2.8064999999999998	-6.417	-10.317	-4.75	1.1165000000000003
-19.245	-27.901	-21.947	5.6789999999999985	15.799	4.786	3.872	11.469999999999999	-13.142	-5.3	-3.301	-8.8415
-11.251	-5.99	-12.676	-1.9179999999999993	16.331	13.692	10.183	4.3934999999999995	-24.48	-28.596	-13.577	-3.3934999999999995
-32.814	-30.583	-25.704	-4.6705000000000005	6.379	4.647	-1.068	4.589499999999999	-1.008	2.306	-7.531	1.6044999999999998
7.395	3.422	1.949	4.709499999999999	3.333	-5.283	-2.971	7.460000000000001	24.656	29.804	22.892	-1.6920000000000002
8.932	11.236	10.918	-2.1449999999999996	2.36	15.45	10.632	-10.681000000000001	20.656	24.553	23.877	-3.559000000000001
8.26	8.446	13.432	-2.6790000000000003	8.763	4.36	18.693	-2.7635000000000005	24.721	21.447	23.152	2.421499999999998
0.445	-2.235	-1.071	2.098	3.063	9.58	6.977	-5.2155000000000005	-10.658	-18.092	-25.106	10.941
8.534	7.995	3.161	2.9560000000000004	-6.395	4.703	10.691	-14.092	-17.07	-18.511	-17.111	0.7409999999999997
10.076	8.233	4.268	3.8255	-4.514	-0.887	10.881	-9.511	-14.003	-17.828	-18.545	4.183500000000002
-10.175	-18.885	-15.289	6.911999999999999	-19.631	-18.424	-12.652	-4.093	7.279	11.904	2.759	-0.05250000000000021
3.782	10.233	2.953	-2.811	4.551	7.679	3.965	-1.271	-2.33	-8.697	-1.061	2.5489999999999995
13.735	5.056	8.083	7.1655	3.718	1.349	6.637	-0.2749999999999999	-3.168	-2.477	-6.575	1.3579999999999997
-20.594	-18.588	-9.917	-6.3415	1.389	2.031	-3.584	2.1654999999999998	-4.032	-3.397	1.44	-3.0535
4.811	8.789	8.698	-3.932500000000001	-8.673	-5.472	-4.356	-3.7590000000000003	-7.687	-6.327	-1.891	-3.5780000000000003
3.849	7.733	7.216	-3.6254999999999997	-6.688	-2.278	-6.59	-2.2539999999999996	-8.537	-9.605	-6.974	-0.2475000000000005
-17.207	-21.776	-32.048	9.704999999999998	2.29	-0.301	4.264	0.3085	22.963	27.024	24.318	-2.7079999999999984
-0.891	-2.177	1.526	-0.5655	8.365	8.422	9.251	-0.4715000000000007	-26.461	-26.514	-22.883	-1.7624999999999993
-9.135	-9.548	-3.085	-2.8185000000000002	16.951	16.495	22.29	-2.441499999999998	10.07	7.405	3.586	4.5745000000000005
-9.213	-12.888	-8.512	1.487	6.712	1.494	21.097	-4.583500000000001	7.668	3.628	8.902	1.4030000000000005
30.663	31.568	23.01	3.3739999999999988	5.349	5.727	-11.288	8.1295	-10.942	-10.239	-16.151	2.253
-19.821	-26.435	-21.676	4.234499999999997	8.584	2.448	8.98	2.869999999999999	-9.646	-5.541	-2.359	-5.696000000000001
-12.167	-16.676	-10.224	1.2829999999999995	-12.293	-19.248	-23.325	8.993500000000001	0.803	-2.186	-9.772	6.782
45.505	33.307	35.733	10.985000000000007	5.506	3.593	2.935	2.242	12.879	15.077	7.428	1.6265
38.812	45.335	44.898	-6.304500000000004	24.548	15.341	5.869	13.942999999999998	4.951	7.91	12.55	-5.279000000000001
38.314	41.596	45.418	-5.192999999999998	26.937	20.671	7.898	12.652500000000002	7.209	5.349	11.903	-1.4170000000000016
43.964	43.104	41.004	1.9099999999999966	29.708	25.048	20.393	6.987499999999997	2.927	10.703	12.154	-8.5015
6.392	5.492	6.295	0.49850000000000083	-1.539	-2.954	-0.797	0.33650000000000024	2.707	2.228	-5.284	4.234999999999999
5.74	2.832	4.777	1.9355000000000002	2.162	-2.915	-2.053	4.646	-5.305	-1.459	3.398	-6.2745
-28.371	-32.752	-31.853	3.9315000000000033	-36.923	-29.338	-18.831	-12.838500000000003	-4.441	-5.702	-5.083	0.9515000000000002
-22.672	-27.76	-28.334	5.375	-31.964	-36.346	-34.878	3.647999999999996	-4.495	-2.934	-4.899	-0.5785
7.373	-10.641	-16.994	21.1905	5.403	7.498	16.836	-6.764	-11.299	-4.846	-1.297	-8.2275
16.582	14.084	3.613	7.733500000000001	7.696	4.338	11.303	-0.12450000000000117	-14.484	-29.948	-22.225	11.602500000000001
34.911	41.261	34.366	-2.9025000000000034	20.966	24.582	13.282	2.033999999999999	3.094	-3.081	-12.614	10.9415
24.151	31.065	48.473	-15.617999999999999	-11.164	-7.236	-0.019	-7.5365	0.616	1.767	10.513	-5.524
-31.523	-32.032	-31.413	0.1994999999999969	15.669	17.139	14.073	0.06300000000000061	-16.563	-9.272	-9.436	-7.209
11.385	13.163	16.08	-3.2364999999999995	-12.247	-7.932	-9.703	-3.429500000000001	-3.079	-0.853	-4.103	-0.6010000000000004
2.282	-1.003	1.496	2.0355	0.627	0.491	-3.002	1.8824999999999998	0.489	-5.381	-11.472	8.915500000000002
-0.674	5.184	10.124	-8.328	15.075	10.576	5.526	7.023999999999999	24.693	16.043	5.947	13.698000000000002
3.189	-0.231	8.554	-0.9725000000000001	21.926	14.773	8.771	10.153999999999998	19.756	23.554	11.071	2.4435000000000002
2.269	6.871	3.407	-2.87	4.974	7.219	11.962	-4.6165	12.548	12.052	15.641	-1.2984999999999989
38.031	29.089	21.107	12.933	-1.72	-7.586	-18.159	11.152499999999998	7.022	10.312	14.449	-5.358499999999999
22.535	21.863	34.276	-5.534500000000001	2.536	-4.128	0.251	4.4745	12.233	11.518	7.542	2.7029999999999994
16.897	19.153	22.64	-3.999500000000001	-0.179	7.508	-2.379	-2.7434999999999996	10.778	13.017	11.772	-1.6165000000000003
-15.296	-13.684	-0.089	-8.4095	1.191	4.696	9.2	-5.757	-7.492	-11.054	-18.032	7.050999999999999
7.139	1.431	-5.33	9.0885	18.486	9.73	5.918	10.662	9.587	15.552	16.059	-6.218500000000001
-3.365	3.17	7.102	-8.501000000000001	17.459	30.31	23.092	-9.242	18.097	18.074	12.612	2.7540000000000013
64.1	67.354	78.258	-8.706000000000003	6.607	-9.426	-9.136	15.887999999999998	-14.366	-5.988	-9.598	-6.572999999999999
65.192	64.55	75.941	-5.0535	12.423	-2.953	-7.94	17.869500000000002	-13.385	-9.33	-7.344	-5.048
49.63	54.672	63.241	-9.326499999999996	4.847	5.547	12.045	-3.948999999999999	-6.329	-5.251	-12.013	2.303
-5.462	0.381	2.101	-6.702999999999999	-2.744	-0.554	3.907	-4.4205000000000005	-1.322	-4.667	-6.458	4.2405
-8.729	-9.521	-6.136	-0.9004999999999992	-8.16	-3.826	-1.844	-5.325	-0.352	-2.8	-2.499	2.2975
-6.372	-8.575	-8.859	2.344999999999999	0.947	-6.506	-1.999	5.1995000000000005	0.407	-0.882	-3.124	2.41
14.573	5.375	-1.371	12.571000000000002	-1.501	-7.492	-6.095	5.2925	-4.927	-4.628	-10.356	2.5650000000000004
-6.445	-7.86	-0.789	-2.1205	-6.772	-11.597	-5.222	1.6374999999999993	1.116	1.047	0.634	0.2755000000000001
-19.006	-20.768	-16.101	-0.5715000000000003	-35.037	-32.207	-25.194	-6.336500000000001	-13.558	-9.032	-0.642	-8.721
17.927	20.444	12.81	1.3000000000000007	9.264	8.03	-7.762	9.129999999999999	13.044	14.347	10.361	0.6900000000000013
23.126	18.88	18.744	4.314000000000004	0.441	1.883	8.839	-4.920000000000001	10.952	9.784	13.389	-0.634500000000001
59.489	50.845	56.888	5.622499999999995	-2.728	-12.906	-13.118	10.284	-21.063	-7.556	1.287	-17.9285
49.245	54.779	57.257	-6.773000000000003	19.457	14.122	4.772	10.010000000000002	-20.848	-17.49	-25.535	0.6645000000000003
-33.816	-29.724	-20.16	-8.874000000000002	12.571	14.493	23.243	-6.296999999999999	-8.407	-10.239	-10.676	2.0504999999999995
-1.017	2.824	-2.626	-1.1159999999999999	13.705	22.938	16.317	-5.922499999999998	4.092	0.182	-8.427	8.2145
-27.041	-31.972	-25.667	1.778500000000001	-12.941	-16.48	-13.616	2.1069999999999993	14.701	16.951	14.945	-1.2469999999999999
32.377	36.701	44.35	-8.148499999999999	-16.627	-9.087	-6.697	-8.735	4.745	11.909	4.117	-3.268
-6.847	-4.305	-2.217	-3.5860000000000003	-2.745	-8.276	-5.372	4.079	-4.608	-16.363	-19.495	13.321000000000002
8.77	10.426	1.845	2.634499999999999	11.53	8.83	8.77	2.7299999999999986	-19.273	-14.459	6.196	-15.1415
8.891	9.45	8.181	0.0754999999999999	11.243	11.877	8.006	1.301499999999999	-8.866	-17.924	-3.417	1.8045000000000009
-14.456	-9.764	-11.889	-3.6295	-3.496	3.902	-1.679	-4.6075	19.431	15.663	11.881	5.659000000000001
-39.009	-31.668	-25.972	-10.189	-3.549	-0.779	-4.288	-1.0154999999999998	6.916	8.167	13.934	-4.134499999999999
57.888	64.918	63.243	-6.192500000000003	14.372	8.387	3.816	8.2705	5.966	3.811	2.918	2.6015
56.409	57.356	64.068	-4.303000000000004	6.64	9.745	5.86	-1.1625000000000005	8.607	6.518	2.66	4.017999999999999
27.027	16.405	6.022	15.813500000000001	-0.249	-9.378	-18.405	13.6425	-5.725	-0.587	-3.295	-3.784
27.193	28.771	29.101	-1.7429999999999986	3.559	3.875	-1.707	2.475	-10.644	-8.635	-9.314	-1.669500000000001
26.639	29.017	27.923	-1.8309999999999995	-5.831	-0.458	2.523	-6.8635	-8.853	-11.045	-9.014	1.176499999999999
-15.521	-10.666	-6.827	-6.7745	9.767	8.953	0.032	5.2745	-12.588	0.301	-2.411	-11.533
-20.529	-15.29	-9.18	-8.294	9.438	10.495	7.59	0.3955000000000002	-6.664	-11.108	0.942	-1.5809999999999995
-24.79	-21.447	-13.14	-7.4964999999999975	9.397	9.714	9.744	-0.33199999999999896	-4.501	-6.417	-5.905	1.6599999999999993
-36.059	-30.145	-23.987	-8.992999999999999	5.905	-1.453	12.153	0.5549999999999997	-10.477	-6.09	2.935	-8.8995
-37.161	-34.071	-27.714	-6.268500000000003	7.858	3.318	5.639	3.3794999999999993	-7.818	-10.267	1.961	-3.665
21.22	17.46	16.004	4.4879999999999995	-6.944	-0.588	-11.943	-0.6785000000000005	-0.75	-4.249	-10.33	6.5395
2.423	-1.161	-9.298	7.6525	8.878	-5.957	-11.25	17.4815	21.091	24.416	18.585	-0.4095000000000013
10.108	12.361	8.621	-0.3829999999999991	11.817	19.998	11.191	-3.7775	25.938	27.675	22.624	0.7884999999999991
7.349	6.474	11.855	-1.8155000000000001	5.763	8.732	17.073	-7.1395	8.208	19.28	27.482	-15.173
9.533	3.665	-1.956	8.6785	16.91	6.562	-3.269	15.2635	-4.686	-7.691	-7.55	2.9345
-18.819	-19.366	-24.779	3.253499999999999	20.155	23.77	6.773	4.8835000000000015	-24.934	-19.13	-20.544	-5.097000000000001
-15.807	-20.118	-20.567	4.535500000000001	27.604	21.235	15.24	9.366499999999998	-30.984	-22.384	-20.722	-9.431000000000001
-21.659	-23.461	-20.073	0.10800000000000054	17.573	9.123	22.977	1.5229999999999997	-31.117	-29.892	-31.071	-0.6355000000000004
22.039	25.318	3.4	7.6800000000000015	5.35	14.691	5.08	-4.535500000000001	11.478	8.012	13.196	0.8740000000000006
37.162	35.9	33.414	2.5050000000000026	6.85	-1.544	-17.323	16.2835	8.815	1.892	-0.095	7.916499999999999
-23.687	-17.101	-12.938	-8.6675	7.091	14.609	16.494	-8.4605	-2.085	-2.462	6.491	-4.0995
-47.057	-40.677	-35.654	-8.8915	3.39	6.491	5.626	-2.6685000000000003	4.805	7.758	13.838	-5.993
8.527	10.701	10.296	-1.9715000000000007	1.552	-4.096	-11.422	9.311	2.589	-1.225	-1.992	4.1975
-6.395	-0.471	-8.353	-1.9829999999999997	15.169	12.928	9.095	4.157499999999999	10.258	-1.788	12.737	4.783499999999999
-9.02	-9.25	-8.015	-0.3874999999999993	10.338	12.224	12.047	-1.7975000000000012	10.587	13.205	12.262	-2.1464999999999996
-3.123	-3.807	-1.171	-0.6340000000000003	6.709	13.508	-1.298	0.6040000000000001	6.837	13.599	8.81	-4.3675
-21.642	-19.668	-16.615	-3.500499999999999	0.913	1.387	7.96	-3.7604999999999995	-8.95	-5.975	-6.442	-2.7414999999999994
-20.068	-20.553	-13.575	-3.0040000000000013	-4.167	-12.822	-2.656	3.572	5.899	4.917	2.351	2.265
-15.061	-21.315	-23.287	7.240000000000002	2.012	-5.723	-5.587	7.667	-20.247	-19.92	-17.475	-1.5494999999999983
-20.232	-14.879	-20.728	-2.4284999999999997	11.126	9.32	-4.893	8.9125	-18.032	-19.683	-19.698	1.6585
58.648	56.148	62.201	-0.5264999999999986	4.845	3.046	-1.083	3.8634999999999997	17.356	14.49	8.699	5.761500000000002
-27.457	-26.149	-16.825	-5.969999999999999	-7.222	-7.394	-6.9	-0.07500000000000018	-3.199	-0.628	3.815	-4.7924999999999995
-3.501	-2.32	-4.423	-0.12949999999999973	0.715	11.542	4.796	-7.454000000000001	-4.812	-8.405	-8.258	3.519499999999998
-3.166	1.306	-2.895	-2.3715	20.669	10.711	6.723	11.952	-1.252	-4.814	-6.741	4.5255
24.465	21.245	20.342	3.671499999999998	8.412	-0.631	-4.353	10.904	7.215	13.949	12.532	-6.025500000000001
-7.944	-16.15	-23.535	11.898500000000002	9.812	10.871	0.126	4.3134999999999994	22.615	24.132	25.431	-2.1665000000000028
32.716	35.018	28.891	0.7615000000000016	12.724	6.958	-2.523	10.506499999999999	-13.697	-15.19	-16.956	2.3760000000000012
28.215	28.686	34.251	-3.253499999999999	-19.615	-4.545	8.88	-21.7825	-21.197	-14.488	-14.693	-6.6065000000000005
54.854	49.706	51.049	4.4765000000000015	-0.14	-0.806	-8.667	4.5965	-12.039	-8.919	-10.009	-2.5749999999999993
-7.368	-0.06	-2.784	-5.946000000000001	-1.076	5.314	6.144	-6.805	-1.845	-3.325	0.198	-0.28149999999999986
-9.608	-14.268	-14.444	4.748000000000001	-2.813	7.744	0.984	-7.177	6.639	6.529	3.743	1.5030000000000001
-10.734	-9.061	-15.933	1.763	-15.668	-8.151	4.523	-13.854	5.546	4.229	5.792	0.5354999999999999
-15.192	-9.45	-13.13	-3.902000000000001	-16.997	-14.145	4.787	-12.318	5.318	3.723	6.509	0.20199999999999996
5.542	5.098	-5.229	5.6075	15.536	23.956	16.47	-4.677000000000001	-12.98	-8.508	-9.902	-3.775000000000002
-2.576	-0.883	-2.015	-1.127	-13.343	-15.847	-11.614	0.3874999999999993	27.725	24.895	15.544	7.505500000000001
-24.833	-16.47	-7.666	-12.764999999999999	-3.558	-12.929	-8.395	7.103999999999999	-14.448	-18.369	-25.978	7.7255
-27.291	-26.971	-23.403	-2.1040000000000028	-5.476	-12.352	-8.484	4.941999999999999	-22.106	-15.124	-11.909	-8.589500000000001
-23.626	-21.149	-26.37	0.1335000000000015	-7.625	-1.536	-8.451	-2.6315	-18.229	-20.336	-20.092	1.9849999999999994
11.205	2.312	-9.63	14.864	-14.498	-12.487	0.626	-8.567499999999999	-7.472	-6.946	-0.924	-3.5370000000000004
10.747	12.904	9.792	-0.6009999999999991	15.126	10.282	-1.116	10.543	-0.39	-0.962	-4.219	2.2005
21.622	19.889	3.679	9.838000000000001	9.406	10.505	1.491	3.4080000000000004	-1.149	-9.138	-2.723	4.7815
13.281	20.702	23.03	-8.584999999999999	9.667	5.238	5.349	4.3735	-16.75	-4.475	3.303	-16.164
-6.9	-2.022	-7.168	-2.3050000000000006	1.573	-0.662	-0.534	2.1710000000000003	3.391	-2.661	0.909	4.267
-10.588	-19.89	-18.877	8.795499999999999	-25.276	-24.848	-9.892	-7.906000000000002	12.213	12.623	11.912	-0.05450000000000088
19.381	19.073	21.366	-0.8384999999999998	4.133	-1.043	-4.021	6.665	-8.683	-14.79	-16.553	6.9885
8.513	12.542	17.929	-6.722499999999998	-4.731	-6.122	-2.605	-0.3674999999999997	-14.247	-8.756	-3.527	-8.1055
9.463	8.874	16.395	-3.1715	1.028	-6.886	-2.89	5.916	-16.498	-13.216	-3.825	-7.977500000000001
3.159	3.772	4.782	-1.1180000000000003	11.347	-0.104	-5.284	14.041	-4.692	11.732	10.69	-15.902999999999999
1.4	3.172	3.433	-1.9025000000000003	5.015	15.362	-1.721	-1.8055000000000003	-5.892	-8.312	12.215	-7.843500000000001
-46.344	-46.308	-42.218	-2.080999999999996	-20.02	-17.245	-10.395	-6.199999999999999	-1.896	1.774	11.105	-8.3355
-47.788	-44.972	-46.49	-2.056999999999995	-15.922	-13.296	-16.953	-0.7975000000000012	-3.756	-2.729	1.852	-3.3175
-0.55	-1.399	7.175	-3.4379999999999997	-9.757	-7.261	-3.429	-4.412	-0.547	-3.542	-5.419	3.933499999999999
2.645	-1.367	-0.959	3.808	-9.033	-1.955	2.92	-9.5155	0.592	1.337	-4.534	2.1905
13.608	3.884	-4.267	13.7995	6.858	-6.186	1.109	9.3965	-7.692	-0.651	0.589	-7.6610000000000005
7.637	13.216	3.324	-0.633	10.436	10.74	-3.861	6.9965	-8.732	-4.218	-0.827	-6.209499999999999
12.035	6.063	12.003	3.0020000000000007	-10.119	-7.913	12.046	-12.1855	-10.957	-9.491	-8.721	-1.8510000000000009
23.675	21.108	21.888	2.1769999999999996	-2.69	-6.172	-2.651	1.7215000000000003	-9.403	-8.531	-26.094	7.9094999999999995
11.001	9.442	14.865	-1.1525000000000016	6.973	1.576	8.355	2.0074999999999994	-8.382	-1.842	0.268	-7.595
4.441	3.373	9.057	-1.774	10.37	9.774	11.243	-0.1385000000000005	-16.591	-15.545	-20.148	1.2554999999999978
-6.539	-2.667	-6.12	-2.1455	1.145	4.182	-4.268	1.1879999999999997	13.963	5.409	8.731	6.892999999999999
0.558	1.484	-14.321	6.9765	-2.572	-0.642	-6.2	0.8490000000000002	-11.31	-6.563	0.438	-8.2475
-1.051	0.566	-8.961	3.1464999999999996	-22.752	-16.756	-16.258	-6.245000000000001	-8.949	-13.608	-10.022	2.8660000000000014
-1.499	-0.438	-5.786	1.6129999999999995	-23.589	-20.961	-15.396	-5.410499999999999	-9.613	-11.085	-11.777	1.8180000000000014
22.435	24.502	23.914	-1.7729999999999997	20.876	17.775	18.806	2.5854999999999997	4.635	6.047	12.054	-4.4155
23.532	24.72	24.921	-1.288499999999999	3.644	-5.861	-5.351	9.25	6.258	12.273	12.265	-6.011
26.239	34.708	32.523	-7.3764999999999965	20.641	23.234	17.36	0.34399999999999764	23.405	13.963	5.58	13.633500000000002
-13.657	-2.729	-2.263	-11.161	-6.358	-5.261	-15.625	4.085	0.112	0.726	-0.884	0.191
-3.936	-1.082	4.636	-5.713	8.924	2.214	15.709	-0.037499999999999645	-6.655	-0.809	0.558	-6.5295000000000005
29.343	29.109	22.184	3.696499999999997	4.819	6.575	3.964	-0.4504999999999999	11.186	11.333	7.17	1.9344999999999999
31.198	34.463	28.686	-0.37650000000000006	5.816	12.435	5.636	-3.219500000000001	6.539	6.966	11.377	-2.6325000000000003
38.872	33.29	30.884	6.784999999999997	16.34	7.976	7.933	8.3855	6.396	6.259	8.77	-1.1185
15.233	29.991	35.467	-17.496	32.594	29.425	11.839	11.962	4.287	3.238	6.13	-0.39700000000000024
-15.299	-21.91	-25.98	8.646	10.03	11.277	-5.228	7.0055	3.222	9.797	16.446	-9.899500000000002
-20.64	-25.672	-19.277	1.8344999999999985	-9.911	-10.921	-2.577	-3.162	1.777	4.469	4.653	-2.784
15.247	9.691	10.808	4.997499999999999	-9.121	0.067	5.42	-11.8645	14.045	12.118	3.591	6.1905
-18.492	-10.227	-15.879	-5.439	11.757	20.912	5.099	-1.2485	-16.78	-27.395	-8.046	0.9405000000000001
-11.864	-6.748	-17.063	0.041499999999999204	1.836	2.304	-3.758	2.563	-13.477	-13.077	-15.412	0.7675000000000001
-12.902	-8.811	-4.032	-6.480499999999999	18.23	20.481	21.373	-2.696999999999999	-9.104	-10.232	-5.879	-1.0485000000000007
4.002	3.02	4.818	0.08300000000000018	18.023	9.739	1.367	12.469999999999999	-3.638	-1.261	-0.456	-2.7795
-5.759	0.92	3.139	-7.788500000000001	17.659	23.343	9.577	1.198999999999998	-1.5	-4.84	-0.438	1.1389999999999998
1.84	-6.359	1.354	4.3425	14.495	14.867	21.421	-3.648999999999999	-5.181	-0.753	-4.247	-2.681
-12.245	-2.109	-5.875	-8.253	8.442	15.434	16.541	-7.5455000000000005	13.735	4.351	-1.527	12.323
-19.213	-14.803	-14.113	-4.755000000000001	-2.767	1.802	8.106	-7.721	7.495	2.093	11.725	0.5860000000000003
-5.603	-5.161	-5.536	-0.25450000000000017	6.087	-3.843	-2.714	9.3655	11.264	2.939	5.367	7.110999999999999
-5.16	-1.577	6.846	-7.7945	3.806	1.635	13.266	-3.6445	-7.66	-9.33	-15.378	4.693999999999999
-11.589	-11.574	-3.909	-3.8475	-16.22	-7.075	5.495	-15.43	-21.859	-19.241	-16.018	-4.229500000000002
-9.336	-6.83	2.74	-7.291	-11.857	-9.13	-8.601	-2.9914999999999985	11.704	10.463	16.593	-1.823999999999998
49.248	46.214	41.535	5.3735	-12.788	-10.435	-10.219	-2.4610000000000003	-13.706	-6.821	-5.851	-7.369999999999999
56.051	51.055	46.092	7.477500000000006	-11.825	-11.554	-9.394	-1.350999999999999	-16.931	-14.035	-5.084	-7.371500000000001
58.761	58.509	49.622	4.695500000000003	-17.159	-12.133	-10.421	-5.882	-9.386	-14.413	-12.174	3.9075000000000006
35.309	40.704	47.289	-8.6875	-10.355	-16.323	-17.689	6.651	-0.778	-4.506	-9.479	6.214499999999999
43.215	35.896	40.757	4.888500000000008	-12.055	-13.474	-17.396	3.380000000000001	-9.573	-4.165	-5.305	-4.838000000000001
7.284	3.293	-0.895	6.085	21.428	6.107	2.527	17.111	-7.9	-10.361	-19.743	7.151999999999999
6.642	4.009	4.697	2.2890000000000006	18.632	25.204	25.962	-6.950999999999997	-17.161	-13.233	-12.077	-4.506
8.239	5.8	0.593	5.0425	15.936	11.376	10.454	5.021000000000001	1.993	-1.086	2.972	1.0500000000000003
-35.793	-43.378	-44.639	8.215499999999999	-6.852	-12.293	-11.356	4.9725	-5.018	-0.036	5.335	-7.6675
-38.109	-37.604	-44.673	3.0294999999999987	-5.73	-6.93	-12.248	3.858999999999998	-3.11	-3.372	0.986	-1.9169999999999998
-6.848	3.929	-7.825	-4.8999999999999995	-2.233	-2.566	-2.378	0.23899999999999988	-3.208	-9.206	-2.824	2.8069999999999995
-2.639	-5.85	-14.603	7.5875	9.0	12.715	5.677	-0.19599999999999973	-0.922	-0.082	-2.097	0.16749999999999987
8.076	7.85	4.944	1.6790000000000003	13.137	5.159	-1.675	11.395	-14.578	-4.006	-0.266	-12.442
-4.684	1.45	10.401	-10.6095	13.584	21.931	28.269	-11.516000000000002	-11.784	-8.602	-7.362	-3.8020000000000005
-0.019	2.664	0.346	-1.524	6.707	8.127	20.362	-7.537499999999999	-9.141	-11.832	-9.267	1.4085
6.553	10.561	6.925	-2.1900000000000004	-0.797	-3.664	4.02	-0.9749999999999998	7.966	8.192	-1.348	4.5440000000000005
33.58	33.707	37.18	-1.863500000000002	7.211	3.147	-4.786	8.0305	-11.04	-9.051	-14.281	0.6260000000000012
-21.447	-21.905	-23.73	1.3705000000000034	-13.238	-20.579	-13.889	3.996000000000002	7.614	-0.306	2.73	6.402
-25.64	-37.939	-33.439	10.049	4.955	-0.019	4.136	2.8965	-0.845	10.975	6.834	-9.7495
-26.52	-24.33	-21.973	-3.368500000000001	4.881	2.563	11.342	-2.0715000000000003	-1.78	-1.675	-1.83	-0.02750000000000008
25.913	25.613	27.683	-0.7349999999999994	10.699	-0.93	14.553	3.8874999999999993	7.862	15.995	14.821	-7.545999999999999
24.812	26.573	27.063	-2.0059999999999967	18.247	28.398	20.404	-6.154	5.681	6.29	5.618	-0.2730000000000006
3.391	-6.804	-8.501	11.0435	18.607	10.886	-4.453	15.3905	-21.873	-20.064	-11.538	-6.072000000000001
3.311	7.033	-2.499	1.0439999999999996	16.695	17.031	14.017	1.1710000000000012	-13.384	-20.737	-21.006	7.487499999999997
-35.91	-32.358	-32.681	-3.390500000000003	0.959	4.836	7.702	-5.3100000000000005	-2.706	-6.742	-2.402	1.866
23.418	24.24	19.305	1.6454999999999984	4.896	-4.996	-7.487	11.1375	17.778	16.624	15.498	1.7169999999999987
-20.349	-20.315	-15.671	-2.355999999999998	13.309	14.938	8.356	1.661999999999999	-6.217	-3.202	0.008	-4.619999999999999
-1.018	1.054	-6.447	1.6784999999999999	27.89	19.25	3.494	16.518	6.881	4.552	22.466	-6.628
9.483	3.183	0.415	7.684000000000001	23.761	22.041	26.518	-0.5184999999999995	0.101	4.23	4.589	-4.3085
-19.891	-25.674	-13.901	-0.10349999999999682	7.282	-4.039	-6.667	12.635	-12.996	-5.395	-16.503	-2.0470000000000006
-24.364	-17.047	-23.534	-4.073499999999999	1.241	14.025	1.145	-6.343999999999999	-14.007	-11.127	-8.641	-4.122999999999999
-13.892	-10.748	0.991	-9.0135	-6.678	3.692	16.528	-16.788	14.854	4.899	-4.515	14.661999999999999
-8.544	-8.435	-13.216	2.2814999999999994	34.025	27.319	15.531	12.599999999999998	1.017	-6.751	0.421	4.182
28.748	29.72	27.002	0.387000000000004	1.954	-4.66	-17.447	13.0075	4.487	6.579	0.17	1.1125000000000003
40.795	32.21	30.329	9.525500000000001	25.488	9.205	-9.399	25.585	9.008	5.799	4.89	3.663499999999999
35.446	38.435	29.418	1.5194999999999936	27.136	20.742	-4.693	19.1115	9.045	7.517	5.854	2.3594999999999997
-3.608	-8.836	-12.606	7.1129999999999995	17.887	1.201	-7.837	21.205	4.637	2.72	6.77	-0.10800000000000054
-2.774	-3.994	-13.748	6.097	8.698	15.512	-3.929	2.9065000000000003	2.035	5.087	4.254	-2.6354999999999995
-9.636	-7.695	-17.954	3.1885000000000012	-3.025	7.01	10.957	-12.0085	7.048	2.323	2.166	4.8035
-5.529	-7.23	-4.296	0.23399999999999999	-9.879	-0.926	3.49	-11.161	2.009	-1.327	-11.998	8.6715
-8.163	-3.863	-4.701	-3.8810000000000002	2.603	2.077	-7.718	5.423500000000001	-0.918	1.41	1.158	-2.202
2.247	10.738	12.204	-9.224	-9.304	-8.947	0.799	-5.23	0.536	1.218	-13.672	6.763
4.389	7.895	2.491	-0.8039999999999994	4.484	6.059	2.016	0.44650000000000034	10.207	1.79	0.484	9.07
1.8	1.729	6.369	-2.2489999999999997	14.501	12.297	5.267	5.718999999999999	23.113	17.242	5.648	11.668
31.906	22.697	29.636	5.7395	-8.747	-24.026	-23.225	14.878500000000003	-3.138	-2.72	-13.358	4.901
43.92	42.247	41.334	2.1295	-14.371	-18.751	-18.931	4.470000000000001	7.269	1.704	2.549	5.1425
-21.046	-23.635	-15.507	-1.4749999999999979	11.196	9.231	8.63	2.2654999999999994	-10.111	-14.6	-6.176	0.27699999999999925
-17.221	-20.87	-19.098	2.7630000000000017	17.964	11.97	10.841	6.558499999999999	-2.215	-9.558	-13.879	9.503499999999999
-16.561	-15.343	-21.58	1.900500000000001	25.433	21.78	11.781	8.6525	-5.708	-3.339	-10.032	0.9775
13.426	23.09	28.114	-12.176	17.24	19.799	21.358	-3.3385	-9.446	-8.556	-10.555	0.10949999999999882
9.078	11.284	0.488	3.1919999999999993	15.383	16.017	12.598	1.0754999999999981	-7.157	-14.053	-11.339	5.5390000000000015
-10.023	-7.231	1.399	-7.106999999999999	-2.151	3.265	5.971	-6.769	3.847	0.199	-0.76	4.1274999999999995
-12.045	-14.31	-6.955	-1.4124999999999996	14.538	-1.547	2.223	14.200000000000001	-2.297	4.966	1.056	-5.308
-6.892	-5.349	-16.433	3.9989999999999997	11.33	23.056	9.867	-5.131500000000001	-22.858	-23.473	-9.456	-6.3934999999999995
7.547	9.839	4.8	0.22750000000000004	-6.11	-1.784	7.438	-8.937000000000001	-0.331	-1.545	-18.251	9.567
45.701	49.783	48.367	-3.3740000000000023	-24.008	-26.079	-25.72	1.8915000000000006	-4.547	-10.753	-11.098	6.3785
52.322	54.513	49.939	0.09600000000000364	-13.895	-11.319	-18.266	0.8975000000000009	-10.938	-15.291	-7.475	0.4449999999999985
-9.088	-8.375	-4.146	-2.827499999999999	5.548	6.561	6.318	-0.8914999999999997	-3.354	-5.027	-7.208	2.7634999999999996
-12.899	-21.95	-17.63	6.891	6.442	4.078	9.283	-0.23850000000000016	-25.139	-26.776	-23.171	-0.16549999999999798
-8.357	-9.895	-22.799	7.990000000000002	6.008	5.897	4.706	0.7064999999999992	-23.997	-23.269	-23.802	-0.4615000000000009
-7.25	-10.385	-11.091	3.4879999999999995	10.818	7.737	5.526	4.1865	-17.811	-19.253	-24.364	3.9975000000000023
-36.73	-35.018	-33.94	-2.2509999999999977	8.782	13.7	7.067	-1.6014999999999997	-5.162	-5.894	-5.079	0.32449999999999957
6.097	2.909	-4.866	7.0755	17.587	14.552	5.085	7.7684999999999995	11.07	5.332	12.638	2.085000000000001
-21.943	-22.619	-23.179	0.9559999999999995	-9.673	-5.478	-8.137	-2.8655	-7.139	-5.755	-4.285	-2.1190000000000007
19.701	15.195	17.997	3.1050000000000004	-17.721	-20.678	-22.558	3.897000000000002	10.37	10.142	3.401	3.5984999999999996
24.587	25.285	18.62	2.634499999999999	7.121	10.512	-8.01	5.87	26.376	23.911	20.672	4.084500000000002
-3.048	-7.703	-5.39	3.4985	10.615	6.752	13.415	0.5315000000000012	4.664	7.047	7.802	-2.7605000000000004
-13.153	-14.553	-14.04	1.1434999999999995	8.225	8.962	7.639	-0.0754999999999999	3.421	-0.147	4.479	1.255
-13.602	-13.676	-14.869	0.6705000000000005	-0.006	7.79	7.267	-7.5345	-1.836	2.656	1.123	-3.7255000000000003
17.355	6.751	4.936	11.5115	1.486	-3.837	-2.126	4.4675	2.441	7.905	7.564	-5.293500000000001
-17.398	-15.59	-11.999	-3.6035000000000004	-22.333	-20.329	-6.19	-9.073499999999997	5.034	-0.585	-10.816	10.7345
-3.963	-12.515	-15.947	10.268	-9.971	-15.255	-20.695	8.004000000000001	5.555	7.5	0.642	1.484
-39.993	-36.044	-30.912	-6.515000000000008	5.712	11.801	25.798	-13.087499999999999	-10.21	-7.879	-19.136	3.2974999999999994
-42.666	-40.028	-38.402	-3.4509999999999934	12.746	6.585	6.486	6.210500000000001	-18.938	-17.202	-9.758	-5.457999999999998
-14.795	-19.748	-16.833	3.4955000000000016	5.139	-0.282	9.068	0.7460000000000004	32.47	25.893	27.683	5.681999999999999
14.69	12.523	10.945	2.9559999999999995	-0.246	-10.58	1.127	4.480499999999999	-2.049	-1.622	-9.724	3.624
42.373	36.841	35.578	6.163499999999992	-4.644	-16.698	-19.464	13.437	-2.344	-6.501	-2.66	2.236500000000001
42.329	41.017	41.248	1.1965000000000003	19.838	3.245	-8.192	22.311500000000002	-0.697	-2.985	-1.101	1.346
40.525	40.535	41.444	-0.464500000000001	13.406	22.944	4.144	-0.1379999999999999	8.957	4.66	-2.512	7.883000000000001
42.335	42.537	41.309	0.41199999999999903	19.708	16.095	20.285	1.5180000000000007	3.674	7.37	2.161	-1.0915000000000004
13.511	14.407	11.842	0.38649999999999807	20.903	14.499	5.061	11.122999999999998	-2.278	-9.776	-6.33	5.775
23.129	17.728	7.189	10.6705	8.549	14.789	8.866	-3.278500000000001	7.795	8.122	13.807	-3.169500000000001
-9.986	-9.383	-12.639	1.0249999999999986	-6.155	-0.192	-6.121	-2.9985	5.842	11.138	14.986	-7.2200000000000015
-12.183	-15.356	-10.547	0.7684999999999995	3.875	-3.266	-2.979	6.9975000000000005	-7.236	7.368	9.021	-15.430500000000002
-30.342	-26.368	-14.042	-10.137	-10.241	-0.91	5.291	-12.4315	-3.518	-6.752	-8.391	4.0535000000000005
-5.456	-5.079	-11.989	3.0780000000000003	-12.241	-6.654	-15.792	-1.0180000000000007	19.248	15.766	9.804	6.463000000000001
49.086	43.957	42.611	5.802	22.072	11.57	1.052	15.761	-15.582	-11.284	-4.531	-7.6745
47.149	54.309	56.059	-8.034999999999997	-7.169	-1.261	0.32	-6.698499999999999	6.869	7.039	2.671	2.0140000000000002
5.612	5.272	6.368	-0.20800000000000018	3.168	2.117	4.266	-0.023499999999999854	21.768	24.984	27.516	-4.481999999999999
16.99	18.342	13.722	0.9579999999999984	11.135	8.178	6.77	3.6609999999999996	-3.327	-6.664	-3.887	1.9485000000000001
-46.439	-40.446	-36.577	-7.927500000000002	-17.609	-14.472	-7.727	-6.509500000000003	1.259	-6.4	-0.557	4.737500000000001
19.123	27.94	29.468	-9.581	20.4	18.069	8.644	7.043499999999998	-1.907	-4.604	-3.696	2.2430000000000003
30.526	30.045	26.592	2.2074999999999996	11.507	10.2	7.572	2.6210000000000004	-13.071	-10.036	-11.149	-2.4785000000000004
25.161	31.794	22.744	-2.107999999999997	14.779	11.614	-4.324	11.134	18.217	15.376	16.248	2.4049999999999976
-30.348	-31.238	-26.52	-1.4690000000000012	-0.954	-5.975	-5.461	4.764	-6.777	-5.021	-7.926	-0.30350000000000055
-37.35	-37.41	-36.495	-0.39750000000000085	-0.581	-4.663	3.581	-0.039999999999999813	-8.708	-13.005	-15.509	5.549000000000001
-38.352	-38.383	-39.431	0.5549999999999997	35.075	21.317	8.575	20.129000000000005	-5.859	-10.553	-8.804	3.8194999999999997
-7.886	-3.665	-10.065	-1.021	4.946	4.771	-2.131	3.6259999999999994	-5.202	-15.825	-12.937	9.179
-16.014	-9.38	-5.06	-8.793999999999999	2.824	5.536	3.499	-1.6935000000000002	-3.522	-5.875	-16.288	7.5595
-20.902	-17.552	-19.51	-2.371000000000002	7.462	9.274	1.135	2.2575000000000003	-15.529	-19.352	-5.713	-2.9964999999999993
-23.883	-18.034	-18.795	-5.468499999999999	4.221	4.89	9.97	-3.2089999999999996	-18.599	-19.534	-18.144	0.23999999999999844
-25.973	-22.989	-18.035	-5.4609999999999985	14.781	3.022	8.651	8.944500000000001	-16.09	-16.734	-19.543	2.0485000000000007
-16.287	-15.175	-11.938	-2.7304999999999993	33.019	31.64	27.286	3.5559999999999974	-6.854	-1.885	2.596	-7.2095
8.405	10.337	7.105	-0.3160000000000007	16.651	6.805	10.989	7.754	-2.94	-8.484	-6.32	4.462
-0.694	7.12	10.341	-9.424499999999998	16.815	18.048	17.46	-0.9389999999999965	8.194	2.499	-2.389	8.139000000000001
32.249	34.625	37.643	-3.884999999999998	3.616	-5.446	12.954	-0.13800000000000034	12.66	15.156	7.883	1.1404999999999994
19.287	25.595	33.833	-10.427	-16.332	-6.423	-2.425	-11.908000000000001	6.84	9.814	14.324	-5.228999999999999
0.556	4.244	10.98	-7.056	-2.953	-1.857	-3.098	-0.4754999999999998	16.805	7.413	7.576	9.3105
13.485	13.847	25.64	-6.2585000000000015	-27.586	-32.696	-27.734	2.6290000000000013	33.858	32.199	18.849	8.333999999999996
8.979	7.683	11.799	-0.7620000000000005	-22.026	-14.716	-9.781	-9.7775	9.367	12.896	11.969	-3.0655
0.288	-4.961	-10.919	8.228	2.215	2.659	5.222	-1.7255000000000003	28.332	24.026	16.387	8.125500000000002
20.544	20.491	3.863	8.367	28.966	27.678	7.884	11.185000000000002	32.701	27.193	28.694	4.7575
24.433	20.542	16.251	6.036499999999997	31.513	31.162	23.538	4.163	32.246	34.426	28.037	1.0145000000000017
33.351	22.405	21.028	11.6345	-4.247	-2.992	-5.377	-0.0625	13.619	15.145	2.789	4.651999999999999
16.213	26.537	27.468	-10.789499999999997	-13.676	-8.601	-3.375	-7.688	3.857	9.456	15.496	-8.619
4.717	-1.518	10.121	0.41549999999999976	1.274	-6.394	-7.638	8.29	-21.6	-18.043	-10.02	-7.568500000000002
16.707	14.56	10.902	3.976000000000001	-14.565	-12.595	1.956	-9.2455	-9.783	-15.918	-11.051	3.701500000000001
19.924	21.092	13.007	2.874500000000001	-6.334	-13.173	-9.071	4.788	-12.188	-10.689	-13.615	-0.03599999999999959
-16.612	-17.514	-14.41	-0.6499999999999986	16.765	12.656	5.017	7.9285	-3.169	1.986	2.23	-5.277
-15.606	-14.393	-17.311	0.24600000000000044	27.796	28.969	13.432	6.595499999999998	-3.969	-4.58	0.803	-2.0805
-17.746	-24.247	-19.525	4.140000000000001	11.578	14.306	21.328	-6.239000000000001	-0.732	-3.188	-6.044	3.8839999999999995
-16.713	-13.733	-20.464	0.3855000000000004	-10.104	-5.616	-14.178	-0.20699999999999896	22.074	16.864	17.482	4.901
-31.416	-27.26	-21.655	-6.958499999999997	-15.5	-22.767	-17.366	4.566499999999998	11.539	15.61	18.924	-5.728
7.789	13.613	13.531	-5.7829999999999995	-11.936	-15.296	-15.605	3.5145	-11.317	-13.661	-10.308	0.6675000000000004
-3.89	-4.089	3.615	-3.653	-11.659	-9.426	-0.202	-6.845000000000001	-33.8	-30.578	-25.334	-5.843999999999998
20.66	18.666	11.295	5.679500000000001	21.723	16.432	16.477	5.2684999999999995	-13.731	-10.107	6.388	-11.871500000000001
22.858	19.543	21.732	2.2205000000000013	12.731	0.299	-3.464	14.3135	23.372	24.781	19.821	1.070999999999998
24.303	23.174	23.432	1.0000000000000036	8.018	2.506	8.798	2.3660000000000005	28.553	31.429	27.609	-0.9659999999999975
-37.838	-27.012	-22.795	-12.9345	-6.65	-2.201	-5.138	-2.9805	-6.362	-10.1	-16.748	7.061999999999999
-37.482	-31.815	-30.918	-6.115499999999997	-11.017	-11.505	0.345	-5.436999999999999	-8.579	-8.205	-8.342	-0.3055000000000003
16.83	8.295	8.575	8.395	16.45	11.935	0.408	10.2785	-3.983	-0.982	-2.721	-2.1315
11.256	11.794	2.887	3.9154999999999998	-5.609	3.416	-0.283	-7.1754999999999995	14.526	11.684	8.427	4.470500000000001
-38.117	-35.897	-30.357	-4.990000000000002	1.602	5.44	-3.41	0.587	-2.379	-5.473	3.494	-1.3895000000000002
10.679	17.905	14.536	-5.541500000000001	1.93	4.544	1.66	-1.172	10.213	1.527	-0.875	9.886999999999999
-0.973	-3.429	-0.786	1.1345	-7.046	2.408	-5.499	-5.500500000000001	7.701	1.622	9.148	2.316
29.886	25.63	16.16	8.991	25.877	14.392	1.682	17.84	4.262	3.642	-6.911	5.8965
-21.424	-18.868	-22.639	-0.6705000000000005	1.728	-0.009	-0.02	1.7425	-2.792	-4.128	13.015	-7.2355
14.549	19.149	16.412	-3.2315000000000005	-10.423	-7.463	-5.825	-3.779	30.777	21.565	28.533	5.7280000000000015
28.321	19.891	19.199	8.776	16.514	9.878	15.364	3.892999999999999	-11.907	-12.166	-6.273	-2.6875
26.107	33.473	29.934	-5.596499999999999	10.302	13.529	16.342	-4.6335	-8.389	-15.308	-15.137	6.833500000000001
26.888	27.772	25.071	0.4664999999999999	16.64	7.718	14.12	5.721	-6.776	-8.401	-10.506	2.6775
36.648	35.662	37.218	0.2080000000000055	-7.933	-12.45	-26.395	11.4895	-12.513	-11.169	-4.034	-4.9115
2.724	5.474	18.845	-9.4355	3.784	3.242	8.472	-2.0729999999999995	15.168	14.721	-4.15	9.8825
-55.22	-55.732	-57.206	1.2490000000000023	-3.445	0.655	-6.807	-0.3689999999999998	7.776	3.807	4.38	3.6825
-54.377	-57.848	-52.465	0.7794999999999987	2.513	-6.59	-0.207	5.9115	-17.008	-11.89	-0.181	-10.9725
3.018	-1.086	2.503	2.3095	-0.74	-4.021	4.777	-1.118	9.772	6.024	5.834	3.843
9.639	2.401	0.353	8.262	10.031	-1.629	2.751	9.47	10.712	9.179	6.006	3.1194999999999995
-5.801	-5.414	-0.046	-3.071	3.236	-1.468	-1.448	4.694	-13.254	-9.001	-2.025	-7.741
-1.084	-4.666	-4.663	3.5805000000000002	0.618	5.051	-1.357	-1.229	-8.483	-10.999	-8.155	1.0939999999999994
20.226	19.697	6.671	7.042	16.227	8.207	9.568	7.339500000000001	-3.096	-8.752	-8.973	5.766500000000001
-1.717	0.686	7.037	-5.5785	17.497	14.573	7.782	6.3195	-3.743	-9.786	-8.943	5.621499999999999
4.16	1.015	-2.682	4.9935	-6.216	-6.075	-6.577	0.11000000000000032	21.135	21.476	15.636	2.579000000000004
14.073	13.781	4.924	4.7204999999999995	22.013	7.832	-10.746	23.470000000000002	18.195	16.933	21.24	-0.8915000000000006
-5.948	-3.047	-4.601	-2.1240000000000006	-9.76	8.105	2.438	-15.031500000000001	-23.855	-30.677	-33.317	8.142
-3.105	1.253	3.741	-5.602	-1.465	1.963	3.434	-4.1635	-0.093	-6.367	-12.893	9.537
-17.971	-20.098	-15.76	-0.04200000000000159	-3.136	-8.995	-12.019	7.3709999999999996	1.617	-3.392	2.109	2.2584999999999997
4.102	-1.062	-0.168	4.7170000000000005	-7.029	3.241	-5.264	-6.0175	-5.412	-9.279	-14.458	6.456500000000001
13.724	3.837	-0.206	11.9085	-0.686	-5.245	1.35	1.2614999999999998	-2.416	-5.122	-13.663	6.9765
19.703	12.951	-5.349	15.902	27.986	23.062	10.722	11.094000000000001	-16.946	-24.329	-8.997	-0.28300000000000125
-1.144	5.376	6.171	-6.9175	1.299	-2.399	0.231	2.383	12.404	9.628	4.703	5.2385
33.756	25.698	28.699	6.557499999999997	-5.955	-10.617	-17.429	8.068	-17.027	-5.299	-6.541	-11.107000000000001
37.774	32.042	26.633	8.436500000000002	1.401	-7.633	-12.562	11.4985	-10.848	-13.775	-4.922	-1.4995000000000012
39.167	36.355	27.202	7.3885000000000005	10.618	-1.964	-9.878	16.539	-9.367	-13.169	-7.559	0.9969999999999999
41.941	38.47	29.643	7.884500000000003	-4.239	6.009	-8.669	-2.909	-7.188	-10.107	-9.976	2.8534999999999995
56.972	61.94	62.127	-5.061500000000002	-15.692	-17.435	-21.175	3.6129999999999995	-7.924	-20.637	-8.216	6.5025
54.043	59.442	64.047	-7.701500000000003	-10.309	-18.24	-19.21	8.416000000000002	-10.111	-16.479	-11.819	4.038
47.502	55.154	63.933	-12.0415	-8.397	-13.53	-17.33	7.0329999999999995	-16.122	-10.108	-17.009	-2.5634999999999994
-23.858	-13.012	-5.305	-14.6995	-11.398	-3.497	-0.138	-9.5805	-10.556	-11.169	-14.751	2.4040000000000017
-13.77	-15.606	-11.807	-0.06349999999999945	16.212	5.656	4.246	11.261	20.21	23.076	21.784	-2.219999999999999
5.564	4.018	-0.973	4.0415	14.525	8.912	12.595	3.7714999999999996	11.707	13.223	11.807	-0.8079999999999998
-44.018	-45.789	-39.289	-1.4789999999999992	6.211	4.998	-0.71	4.067	5.07	-0.818	3.428	3.7650000000000006
-0.686	0.476	-7.39	2.771	5.913	18.151	13.132	-9.7285	17.283	6.312	7.589	10.332500000000001
16.769	11.966	5.794	7.888999999999999	-7.572	-18.291	-19.005	11.076	-18.326	-8.77	-1.17	-13.356000000000002
18.701	19.323	10.045	4.0169999999999995	-9.697	-14.379	-18.045	6.515000000000001	-6.232	-13.309	-6.708	3.7764999999999995
16.196	15.929	15.956	0.2535000000000025	-7.489	-13.248	-9.818	4.044	9.044	7.05	1.149	4.944500000000001
38.686	37.07	41.402	-0.5500000000000043	16.515	3.173	-1.873	15.865	2.691	3.377	4.082	-1.0385
34.578	37.994	37.837	-3.3374999999999986	15.723	16.837	0.06	7.2745000000000015	8.218	4.717	4.209	3.755000000000001
-16.879	-18.716	-16.083	0.5204999999999984	-3.944	-3.798	4.59	-4.34	-6.921	-5.203	-7.585	-0.5270000000000001
19.287	21.156	18.683	-0.6325000000000003	20.694	16.873	14.172	5.171499999999998	5.92	4.887	-2.575	4.764
36.594	30.443	36.299	3.222999999999999	-7.631	-15.37	-14.979	7.543499999999998	16.968	24.892	17.194	-4.074999999999999
17.803	27.121	33.372	-12.443499999999997	-13.298	-9.495	-11.064	-3.0185000000000013	26.368	22.7	21.239	4.3984999999999985
1.939	1.425	5.463	-1.505	-18.8	-25.756	-22.923	5.5395	15.045	18.456	18.506	-3.4360000000000017
-56.957	-54.845	-46.022	-6.523500000000006	2.662	1.803	0.246	1.6375	0.911	1.74	8.096	-4.007
-5.957	-3.006	-1.302	-3.803	-4.801	-1.369	-12.249	2.008	-11.424	-17.064	-21.155	7.685500000000001
-2.972	-4.682	-2.448	0.5930000000000004	6.699	-1.603	-3.973	9.487	-16.048	-13.441	-18.172	-0.2414999999999985
2.43	1.365	-7.958	5.7265	19.57	19.177	5.23	7.3665	22.024	14.036	22.354	3.8290000000000006
-19.125	-19.07	-37.842	9.331	8.12	15.236	10.127	-4.5615000000000006	11.286	-1.118	20.543	1.5734999999999992
-16.303	-16.042	-19.612	1.5239999999999974	6.825	8.073	12.999	-3.711000000000001	5.738	13.682	2.571	-2.3884999999999996
-26.418	-21.004	-16.467	-7.682499999999997	-7.067	-0.474	7.787	-10.7235	12.711	7.194	11.814	3.2070000000000007
-17.917	-20.404	-26.94	5.754999999999999	-34.168	-32.043	-19.987	-8.152999999999999	16.54	14.94	13.67	2.2349999999999994
18.577	20.643	23.867	-3.678000000000001	6.506	0.932	-15.226	13.653	-11.911	-6.896	-3.737	-6.5945
16.498	18.372	27.681	-6.5284999999999975	-3.872	-16.116	-13.4	10.886	-26.406	-28.49	-28.985	2.3314999999999984
0.594	6.547	14.284	-9.8215	-15.332	-15.71	-7.998	-3.4779999999999998	-26.213	-22.981	-29.903	0.2289999999999992
-33.914	-34.789	-22.263	-5.387999999999998	-18.173	-6.369	-4.29	-12.843499999999999	13.627	7.893	0.233	9.564
-25.139	-19.5	-9.807	-10.485499999999998	0.616	3.158	-7.083	2.5785	-5.971	-5.798	-2.152	-1.996
-8.344	-9.756	-1.564	-2.6839999999999993	-0.109	2.37	-0.63	-0.9790000000000001	-2.956	-4.034	1.841	-1.8595000000000002
-14.725	-14.143	-15.293	-0.006999999999999673	16.925	-0.883	-15.171	24.951999999999998	-23.042	-16.584	-1.837	-13.831500000000002
-5.219	-9.245	-11.089	4.9479999999999995	8.32	2.742	-5.807	9.852500000000001	15.927	2.832	0.828	14.097
-15.622	-12.176	-5.143	-6.9625	-6.105	2.957	8.095	-11.631	-1.751	1.974	-1.423	-2.0265
-13.028	-18.938	-12.208	2.545	11.277	5.427	9.874	3.626499999999999	-6.148	0.784	-6.918	-3.0809999999999995
-18.893	-17.21	-12.679	-3.9484999999999992	-15.144	-12.693	4.657	-11.126000000000001	-9.229	-7.665	-2.428	-4.182499999999999
-20.342	-21.602	-18.027	-0.5274999999999963	-4.061	-13.221	-13.725	9.411999999999999	-6.195	-15.937	-8.432	5.9895
-2.467	-7.911	-1.095	2.036	-0.62	-12.084	-11.22	11.032000000000002	-1.663	0.646	-8.766	2.3969999999999994
8.505	16.975	16.701	-8.333	21.751	12.386	12.72	9.198	13.701	14.786	4.249	4.1835
22.819	22.896	16.858	2.9419999999999966	3.047	3.789	4.052	-0.8734999999999995	1.98	5.692	8.173	-4.952500000000001
23.303	20.242	24.474	0.9450000000000003	8.698	15.343	14.174	-6.060499999999999	-6.958	-7.588	-11.997	2.8345000000000002
-10.455	-7.041	-9.141	-2.363999999999999	-3.939	-3.031	2.644	-3.7455	0.848	-8.598	-13.226	11.760000000000002
6.328	2.151	0.147	5.179	-0.409	3.286	5.966	-5.035	-7.803	-10.16	-8.073	1.3135000000000003
-13.826	-5.481	-4.732	-8.7195	5.926	7.299	6.799	-1.1230000000000002	-18.927	-23.394	-28.148	6.844000000000001
-11.148	-15.906	-7.603	0.6065000000000005	0.619	4.606	5.551	-4.4595	-14.619	-15.687	-22.398	4.423500000000001
-11.567	-11.658	-11.909	0.21649999999999991	9.675	16.247	7.909	-2.4029999999999987	-3.378	-13.424	-11.673	9.1705
16.438	18.714	11.955	1.1035000000000004	2.438	0.934	-5.118	4.53	15.148	5.975	5.634	9.343499999999999
14.423	7.826	14.955	3.0325000000000006	7.805	-3.005	8.724	4.945499999999999	-1.353	4.975	9.522	-8.6015
12.26	10.862	11.319	1.1694999999999993	18.244	0.278	7.017	14.596499999999999	-3.727	0.508	9.051	-8.5065
23.499	21.295	28.313	-1.3050000000000033	-7.463	-11.8	-8.847	2.860499999999999	22.99	17.601	13.262	7.558499999999999
35.923	42.907	37.553	-4.306999999999995	11.154	4.5	2.998	7.404999999999999	18.286	13.269	27.092	-1.8944999999999972
-6.089	-2.01	-0.368	-4.9	3.847	3.227	-12.066	8.2665	-10.686	-18.588	-18.307	7.761499999999998
-7.931	-8.779	-6.423	-0.33000000000000007	4.02	-3.842	-4.441	8.1615	3.393	5.692	3.835	-1.3705000000000007
-26.234	-23.224	-22.803	-3.2205000000000013	-0.548	-2.503	-12.077	6.742	14.723	5.86	13.313	5.1365
-29.51	-27.536	-23.773	-3.855500000000003	3.221	10.297	4.15	-4.0025	6.481	11.172	12.127	-5.1685
-1.132	2.284	-0.034	-2.2569999999999997	3.612	-1.913	2.923	3.107	-9.817	-12.515	-8.385	0.6329999999999991
8.86	6.552	13.793	-1.3125	1.128	-6.568	-3.38	6.102	5.168	6.864	-11.231	7.3515
21.436	11.038	9.304	11.265	19.012	3.553	-6.291	20.381	-10.371	1.383	3.603	-12.864
16.155	16.428	12.856	1.5130000000000017	18.091	25.849	6.21	2.0615000000000023	-16.884	-12.448	-0.351	-10.4845
7.058	3.327	12.909	-1.0600000000000005	12.045	14.756	18.266	-4.465999999999999	-18.156	-19.978	-18.324	0.9950000000000045
-7.339	-7.3	-4.432	-1.4730000000000008	0.355	-6.391	-5.51	6.3055	-3.968	0.458	5.679	-7.0365
-9.597	-8.476	-2.886	-3.9159999999999986	10.023	9.077	6.026	2.4715	-3.308	-5.054	-3.657	1.0475000000000003
5.884	-2.693	-14.402	14.4315	10.976	7.627	15.471	-0.5729999999999986	-4.919	6.067	15.673	-15.789000000000001
2.51	-2.595	-10.067	8.841000000000001	-4.172	-8.453	-9.1	4.604499999999999	0.363	4.317	5.441	-4.516
35.184	38.348	38.838	-3.409000000000006	-8.889	-15.013	-8.424	2.8294999999999995	-6.386	-11.779	-27.937	13.472000000000001
41.841	40.341	35.209	4.065999999999995	-10.581	-13.736	-12.717	2.645500000000002	-10.437	-13.703	-7.52	0.1745000000000001
47.455	43.588	39.67	5.825999999999993	20.818	1.533	-14.204	27.1535	-0.34	-8.43	-12.569	10.159500000000001
-5.598	-8.634	-4.168	0.8029999999999999	-17.109	-10.126	-5.952	-9.070000000000002	18.534	23.655	25.929	-6.258000000000003
-19.084	-22.602	-18.297	1.3655000000000008	-17.113	-20.329	-13.488	-0.20449999999999946	-2.126	-5.854	-1.25	1.4260000000000002
31.995	27.439	15.99	10.2805	-10.965	-13.587	-8.777	0.21699999999999875	-1.422	8.492	15.05	-13.193000000000001
-6.795	-9.944	1.417	-2.5314999999999994	9.055	2.7	-1.788	8.599	8.308	5.183	2.995	4.218999999999999
-4.623	1.018	-0.393	-4.9355	15.614	12.999	8.669	4.780000000000001	-15.808	-13.302	-6.55	-5.882
-23.679	-22.683	-9.669	-7.502999999999997	-2.036	2.972	10.472	-8.758	-8.213	-7.762	-13.521	2.4285000000000014
-19.625	-14.206	-14.158	-5.443000000000001	18.974	26.531	11.05	0.18349999999999866	-14.359	-10.283	-11.393	-3.520999999999999
7.995	12.933	9.761	-3.3519999999999994	-2.871	1.666	-7.451	0.021500000000000075	-19.895	-23.144	-27.216	5.285
29.418	33.261	21.076	2.2494999999999976	5.747	5.869	11.608	-2.9915000000000003	8.078	-2.015	-4.318	11.244499999999999
-33.257	-34.447	-30.785	-0.6409999999999982	0.962	-7.6	-7.01	8.267	12.871	15.441	14.766	-2.2325
-43.391	-43.506	-47.796	2.259999999999998	-3.413	-5.33	-5.374	1.9390000000000005	-8.398	-4.16	0.852	-6.744
7.811	9.803	20.19	-7.185500000000001	-21.744	-20.984	-10.962	-5.770999999999999	17.892	17.064	7.514	5.603
13.846	23.335	20.978	-8.310500000000001	8.398	3.581	-7.847	10.530999999999999	9.922	11.457	3.016	2.6855
39.346	38.83	38.634	0.6139999999999972	-4.027	-10.108	-7.854	4.954	-9.187	-7.723	-11.899	0.6240000000000006
37.97	38.033	39.474	-0.7835000000000036	-11.015	-3.13	-9.087	-4.906500000000001	-6.845	-7.181	-9.977	1.7340000000000009
-14.474	-14.268	-13.893	-0.3934999999999995	2.322	-7.801	4.103	4.171	-6.328	1.675	-4.497	-4.917
-0.655	-3.71	-2.522	2.4609999999999994	28.601	23.374	18.979	7.424500000000002	-5.433	-5.337	-14.858	4.6645
25.236	28.061	32.09	-4.839500000000001	-13.013	-8.917	-12.641	-2.234	17.607	22.1	16.979	-1.932500000000001
-31.585	-27.104	-26.421	-4.822500000000002	-9.255	-0.251	-5.098	-6.580500000000001	13.84	12.66	13.314	0.8529999999999998
-32.494	-29.001	-25.175	-5.405999999999999	-8.758	-5.574	-2.026	-4.957999999999999	14.524	12.841	12.31	1.9484999999999992
31.318	37.588	35.782	-5.367000000000001	-16.076	-8.728	-12.871	-5.2765	6.46	5.822	5.018	1.04
29.234	31.418	36.312	-4.630999999999993	-4.238	-14.906	-11.104	8.767	-2.798	5.502	7.724	-9.411
33.032	32.916	31.347	0.9004999999999939	6.09	10.367	-12.648	7.230499999999999	-4.766	-6.931	3.73	-3.1654999999999998
-54.563	-50.056	-40.561	-9.254500000000007	-8.681	-4.189	2.305	-7.738999999999999	-0.134	4.755	11.509	-8.266
-49.458	-49.855	-40.582	-4.2395	-0.031	0.215	9.298	-4.7875	-35.035	-37.33	-30.612	-1.064
1.542	-4.671	-1.612	4.6835	31.391	31.068	21.073	5.320499999999996	-5.329	-1.071	4.844	-7.2155000000000005
12.642	7.433	6.342	5.7545	-6.905	-15.531	-5.667	3.694	-2.88	2.303	-2.794	-2.6345
13.884	14.929	11.171	0.8339999999999996	-7.927	-16.652	-12.208	6.503	0.282	-3.925	-1.537	3.013
-19.796	-12.853	-9.482	-8.628499999999999	9.344	9.464	17.544	-4.160000000000002	-15.803	-17.872	-9.904	-1.915000000000001
54.487	58.181	53.738	-1.4724999999999966	16.398	23.646	15.479	-3.1645000000000003	22.109	16.584	13.104	7.265000000000002
-1.863	-5.115	-15.232	8.310500000000001	23.362	17.749	3.9	12.5375	-21.788	-17.583	-14.994	-5.499500000000001
-14.245	-18.416	-11.975	0.9504999999999999	26.662	20.287	24.191	4.423000000000002	-11.009	-13.593	-18.716	5.145499999999998
-1.255	-5.345	-14.751	8.793	6.194	-5.978	-7.011	12.688500000000001	19.42	20.43	17.283	0.5635000000000012
53.866	59.696	63.459	-7.711500000000001	18.491	24.143	30.224	-8.692500000000003	-5.092	-5.855	-5.971	0.8210000000000006
-8.696	-9.394	-17.407	4.704500000000001	7.217	4.383	-0.234	5.1425	-17.143	-21.575	-10.345	-1.1829999999999998
-9.731	-8.928	-12.302	0.8840000000000003	2.73	7.721	3.421	-2.8409999999999997	-9.003	-13.238	-20.892	8.061999999999998
-17.519	-15.686	-12.062	-3.6449999999999996	1.683	-1.512	-0.708	2.793	-0.688	-1.51	-1.627	0.8805000000000001
10.633	12.808	8.18	0.13899999999999935	-4.839	-9.541	-11.082	5.4725	22.068	19.24	19.091	2.9025
-13.119	-15.216	-13.186	1.0820000000000007	-14.71	-8.784	-9.98	-5.327999999999999	-0.371	0.451	1.62	-1.4065
16.668	15.167	11.398	3.3855000000000004	34.213	36.355	21.566	5.252500000000005	0.734	2.79	2.685	-2.0035
22.561	14.959	13.297	8.433	31.885	36.177	25.755	0.9190000000000005	-4.228	2.749	2.862	-7.0335
11.154	16.116	12.944	-3.3760000000000012	-2.756	-5.717	-18.564	9.3845	6.623	6.454	-9.615	8.2035
10.088	8.425	8.142	1.804499999999999	-10.083	-4.167	3.919	-9.959	0.185	0.911	-1.762	0.6105
-28.541	-21.716	-19.426	-7.970000000000002	3.997	7.812	0.854	-0.3360000000000003	3.116	-3.145	6.949	1.2140000000000002
-29.563	-28.913	-20.407	-4.902999999999999	2.788	4.321	5.219	-1.9819999999999998	-2.111	2.738	0.933	-3.9465000000000003
-27.601	-24.554	-28.972	-0.838000000000001	3.88	7.703	4.177	-2.0599999999999996	-8.386	-8.846	1.266	-4.595999999999999
-32.395	-25.724	-28.585	-5.240500000000004	2.206	7.25	3.773	-3.3055	-10.16	-8.32	-2.323	-4.8385
28.657	22.356	10.734	12.111999999999998	19.917	4.731	11.186	11.9585	-20.278	-18.979	-12.573	-4.501999999999999
20.528	22.615	22.658	-2.1084999999999994	21.092	16.66	7.921	8.801499999999999	-12.256	-20.011	-18.597	7.048000000000002
-20.486	-18.454	-23.893	0.6875	-3.954	-0.167	-0.668	-3.5365	-0.231	-0.207	3.326	-1.7905000000000002
10.492	14.783	26.428	-10.113499999999998	-14.508	-11.448	-6.769	-5.3995	-8.422	-14.259	-10.62	4.017499999999998
-35.63	-38.175	-40.359	3.6369999999999933	-8.693	-17.627	-11.378	5.8095	2.125	-3.125	5.137	1.1190000000000002
16.762	15.902	24.313	-3.3454999999999977	0.72	3.823	-5.233	1.4249999999999998	25.188	23.583	17.878	4.4575
23.188	15.168	22.769	4.2195	8.385	2.837	-1.538	7.7355	25.259	25.479	19.534	2.7525000000000013
3.501	4.353	16.615	-6.982999999999999	-9.982	-20.429	-23.098	11.781500000000001	-10.939	-10.713	-17.1	2.967500000000001
29.721	29.403	38.797	-4.378999999999994	2.127	-5.213	3.324	3.0715	15.335	10.689	8.088	5.9465
38.743	38.058	34.411	2.508500000000005	8.757	3.147	0.986	6.6905	-7.964	-12.459	-15.729	6.129999999999999
47.388	45.76	38.466	5.274999999999999	29.139	19.343	6.078	16.4285	-8.743	-13.438	-10.436	3.194000000000001
42.3	48.115	39.925	-1.7199999999999989	27.149	27.399	9.235	8.832	-1.976	-10.497	-11.113	8.829
45.897	44.521	46.303	0.48499999999999943	12.493	23.226	22.609	-10.4245	-9.693	-3.961	-11.873	-1.7759999999999998
-30.493	-25.189	-16.631	-9.582999999999998	-5.419	6.353	0.438	-8.814499999999999	-23.583	-14.668	-14.409	-9.0445
-45.626	-38.238	-42.231	-5.391500000000001	6.032	8.038	3.872	0.07699999999999996	-22.38	-17.09	-2.603	-12.533499999999998
-43.205	-46.701	-40.434	0.36249999999999716	-6.077	-3.75	2.491	-5.4475	-17.625	-17.167	-19.122	0.5195000000000007
9.054	10.641	22.26	-7.396500000000001	21.896	19.343	6.78	8.8345	5.298	1.009	-0.796	5.1915000000000004
23.72	18.371	15.157	6.9559999999999995	1.594	-1.797	-3.306	4.1455	7.312	8.897	12.581	-3.4270000000000005
23.572	29.581	22.803	-2.620000000000001	-7.303	-3.829	0.957	-5.867	4.517	3.284	6.601	-0.42549999999999955
2.635	-5.448	-12.392	11.555	1.891	-6.748	-14.895	12.7125	15.453	18.669	23.096	-5.429500000000001
-34.858	-32.716	-30.174	-3.4129999999999967	11.044	7.663	8.198	3.1135	-4.872	-1.395	4.063	-6.2059999999999995
47.229	39.827	26.908	13.8615	21.079	11.866	16.367	6.9625	-1.073	5.843	-6.744	-0.6225
31.723	38.521	41.323	-8.198999999999998	14.507	19.775	14.37	-2.5654999999999983	-2.535	-5.402	3.642	-1.655
13.145	14.651	20.18	-4.270500000000002	-5.692	-12.339	3.92	-1.4825	-14.369	-14.252	-8.725	-2.8804999999999996
17.013	13.353	12.227	4.2230000000000025	16.08	13.453	3.718	7.494499999999999	-15.043	-14.57	-16.28	0.38200000000000145
-4.466	-7.748	-6.738	2.777	14.25	18.171	5.424	2.4525000000000006	4.095	3.687	6.658	-1.0775000000000006
-10.969	-7.072	-6.182	-4.341999999999999	12.548	17.346	9.352	-0.8010000000000002	7.143	4.656	6.251	1.6894999999999998
36.996	39.182	33.772	0.5189999999999984	-15.635	0.926	-1.885	-15.1555	16.093	15.903	15.658	0.3125
36.148	34.405	36.382	0.7545000000000002	11.618	9.933	-5.699	9.501000000000001	9.896	5.793	12.375	0.8120000000000012
8.861	1.037	-6.495	11.59	6.744	5.705	11.328	-1.7725000000000009	6.131	6.814	0.743	2.3525
9.642	11.366	-0.466	4.191999999999999	0.924	5.978	8.435	-6.2825	0.675	3.38	5.701	-3.8655
-20.445	-12.49	-11.241	-8.5795	-21.712	-10.42	-9.219	-11.8925	-2.034	1.314	1.714	-3.548
36.164	36.347	41.232	-2.6255000000000024	-2.203	-2.314	-9.067	3.4875000000000003	-9.639	-11.3	-10.144	1.083000000000002
25.922	25.716	36.607	-5.2395	7.095	-2.796	0.726	8.129999999999999	2.609	-8.26	-11.986	12.732000000000001
12.684	24.44	13.557	-6.314500000000001	3.074	4.357	7.131	-2.67	4.748	-2.909	-9.122	10.7635
20.667	13.873	22.699	2.3810000000000002	6.754	3.356	6.826	1.6630000000000003	-11.885	3.033	-6.171	-10.315999999999999
11.745	10.786	6.211	3.2464999999999993	12.003	11.4	-9.202	10.904	-17.135	-22.326	-22.002	5.029
6.927	11.247	7.231	-2.312000000000001	13.714	13.264	-3.449	8.8065	-25.594	-18.29	-24.663	-4.1175
-2.456	-11.234	-6.871	6.596500000000001	1.345	-2.804	1.034	2.23	0.754	8.853	-4.21	-1.5675
3.927	1.146	-1.436	4.072	14.381	6.82	7.053	7.4445	-8.758	-13.573	-8.795	2.426000000000002
14.906	20.477	29.485	-10.075000000000001	9.582	9.883	1.953	3.6640000000000015	8.419	10.182	7.228	-0.2859999999999996
15.627	14.313	17.17	-0.11450000000000138	21.502	23.237	10.894	4.436499999999999	15.383	11.444	8.938	5.191999999999998
-20.559	-26.728	-29.29	7.449999999999999	-8.092	-7.807	-0.224	-4.0765	-5.403	0.328	4.57	-7.852
-2.652	-4.348	-13.201	6.1225	-11.968	-6.042	-16.218	-0.838000000000001	2.343	2.345	-1.792	2.0665
-24.719	-26.043	-28.47	2.537499999999998	-6.771	-6.377	-12.763	2.7990000000000004	8.696	20.481	25.656	-14.3725
33.686	37.964	40.623	-5.607499999999995	0.278	-0.259	3.848	-1.5165	7.707	12.614	7.375	-2.2875000000000005
28.987	33.006	38.227	-6.629500000000004	5.851	4.769	0.121	3.4059999999999997	12.385	6.23	12.363	3.0885
19.616	25.464	39.704	-12.968000000000004	16.15	26.152	27.735	-10.793500000000002	9.935	13.782	14.306	-4.109
-9.532	-9.176	-6.915	-1.4864999999999995	18.188	16.891	6.649	6.417999999999999	-11.522	-5.773	-3.471	-6.9
25.947	12.378	16.578	11.469	-1.773	-10.318	-1.546	4.159	-0.675	0.309	-4.795	1.5679999999999998
28.916	18.515	14.693	12.312000000000001	1.101	-6.976	-2.296	5.737	0.065	-1.038	-2.023	1.5955
39.33	34.034	16.901	13.862499999999997	9.219	5.371	-7.47	10.2685	-10.281	-5.324	-0.019	-7.609500000000001
24.257	34.37	38.026	-11.940999999999999	-7.444	-5.094	6.537	-8.1655	-5.666	-7.065	-9.187	2.459999999999999
27.565	23.904	33.588	-1.181000000000001	-0.76	-7.046	-4.607	5.0665000000000004	-2.171	-4.001	-7.654	3.6565000000000007
-15.798	-14.436	-21.251	2.0454999999999988	7.767	7.913	-3.874	5.7475000000000005	-5.557	-1.827	-4.286	-2.5005000000000006
-30.217	-29.135	-25.131	-3.083999999999996	2.083	-0.998	0.753	2.2055000000000002	-4.929	-3.361	4.173	-5.335
7.347	9.304	14.217	-4.4135	-1.295	-2.899	-6.231	3.2699999999999996	-15.915	-20.545	-3.663	-3.810999999999998
1.717	7.979	12.353	-8.449	-7.477	-1.133	-6.126	-3.8475	-5.36	-14.934	-15.152	9.683
-0.607	6.248	10.107	-8.7845	-10.217	-3.465	-4.192	-6.3885000000000005	-1.42	-9.565	-19.648	13.1865
2.942	4.356	4.907	-1.6894999999999998	11.843	-1.216	-4.552	14.727	-5.087	-5.753	-9.261	2.42
4.855	4.846	3.596	0.6340000000000003	13.86	5.953	-6.181	13.974	-5.356	-6.396	-5.94	0.8120000000000003
-4.8	-3.127	-1.679	-2.397	-4.843	7.153	-1.93	-7.4544999999999995	-17.158	-16.282	-16.476	-0.7790000000000035
14.341	9.097	1.77	8.907499999999999	16.039	11.108	10.392	5.2890000000000015	15.409	16.2	8.399	3.1095000000000024
18.36	13.845	13.476	4.699499999999999	29.957	26.306	14.961	9.3235	14.951	13.93	14.696	0.6380000000000017
34.123	28.823	19.411	10.005999999999997	27.736	24.925	30.604	-0.028499999999997527	15.83	17.929	15.068	-0.6684999999999999
21.093	27.453	17.865	-1.565999999999999	6.447	-4.241	-8.107	12.620999999999999	-0.889	-3.421	6.679	-2.5180000000000002
13.856	22.207	21.958	-8.2265	-1.946	3.401	-8.169	0.4380000000000004	-1.623	-1.048	1.703	-1.9505
-2.05	-3.441	-3.346	1.3435000000000001	-1.795	-1.041	-2.648	0.0495000000000001	-0.993	0.856	5.706	-4.274
-8.417	-14.572	-18.459	8.0985	16.036	17.477	23.663	-4.533999999999999	-20.45	-25.967	-15.765	0.41600000000000037
-14.166	-11.635	-13.476	-1.6105	10.487	18.808	17.161	-7.4975000000000005	-15.128	-17.217	-24.31	5.6355
4.925	11.005	17.075	-9.114999999999998	29.034	28.419	10.556	9.546499999999998	-9.707	-7.73	-8.184	-1.7500000000000009
1.113	11.281	8.978	-9.0165	29.555	34.363	28.624	-1.9384999999999977	-9.822	-19.147	-8.389	3.9459999999999997
3.425	11.386	4.884	-4.71	-4.937	-9.805	-13.222	6.5765	8.39	5.587	11.192	0.0005000000000006111
9.446	3.814	10.953	2.0625	3.466	-0.28	-10.229	8.7205	9.912	8.88	6.292	2.3260000000000005
8.264	6.557	11.323	-0.6760000000000019	8.039	7.539	-0.248	4.3934999999999995	-6.305	-11.306	-14.196	6.446
8.043	7.905	8.223	-0.021000000000000796	3.865	8.126	3.766	-2.0809999999999995	-14.168	-8.437	-11.924	-3.9875000000000007
-0.102	-2.89	6.509	-1.9115000000000002	5.175	10.522	8.097	-4.1345	-13.597	-11.652	-12.501	-1.5205000000000002
23.416	29.255	31.955	-7.1889999999999965	3.462	8.13	-8.122	3.4579999999999997	17.44	15.313	11.72	3.9235000000000007
21.883	26.117	20.648	-1.4995000000000012	9.026	10.234	6.536	0.641	-2.287	-7.345	-13.127	7.949000000000001
16.748	15.071	17.738	0.34350000000000236	9.515	6.321	13.353	-0.3219999999999992	-10.511	-3.521	-3.408	-7.046499999999999
-22.919	-27.636	-18.775	0.2865000000000002	12.879	3.874	6.224	7.829999999999999	-7.197	-2.838	1.632	-6.594
-30.662	-24.828	-20.164	-8.165999999999997	1.75	8.535	18.05	-11.5425	-9.816	-3.001	-5.835	-5.398000000000001
-28.103	-28.873	-23.827	-1.7530000000000001	0.553	-1.078	10.06	-3.9380000000000006	-14.585	-12.973	-4.244	-5.9765000000000015
-14.402	-10.639	-9.637	-4.263999999999999	-16.996	-3.406	4.972	-17.779	-16.083	-12.527	-19.878	0.11950000000000216
-10.494	-14.466	-10.842	2.16	6.207	5.911	4.21	1.1465000000000005	10.858	11.541	5.002	2.586500000000001
46.525	43.762	44.616	2.3359999999999985	-7.876	-16.564	-9.722	5.267	-4.118	5.178	4.676	-9.045
-13.605	-7.643	-1.686	-8.9405	0.023	4.872	4.831	-4.8285	11.034	5.635	6.88	4.7765
-4.597	-12.334	-5.367	4.2535	11.751	0.439	7.573	7.744999999999999	1.854	10.09	5.239	-5.8105
-1.105	-11.05	-7.025	7.932500000000001	19.115	3.883	6.154	14.096499999999999	-0.721	8.015	5.682	-7.569500000000001
-6.431	-4.106	-9.915	0.5794999999999995	14.512	14.628	2.927	5.734500000000001	3.46	1.722	7.574	-1.1879999999999997
-5.485	-4.819	-5.608	-0.2715000000000005	23.187	17.568	13.721	7.5425	8.02	1.81	3.115	5.557499999999999
-1.136	1.085	5.092	-4.2245	-1.837	1.354	-2.286	-1.371	-5.001	-7.285	-7.886	2.5844999999999994
8.316	13.039	13.387	-4.897	24.425	23.176	17.363	4.1555	-7.3	-8.315	4.763	-5.524
-0.755	4.12	15.437	-10.5335	-17.255	-4.643	9.458	-19.662499999999998	11.431	7.011	1.854	6.998499999999999
-4.969	-20.422	-23.378	16.930999999999997	10.102	0.159	1.231	9.407	-15.424	-5.628	0.097	-12.6585
-17.202	-13.175	-15.811	-2.7090000000000014	12.796	11.008	2.476	6.054	5.292	0.639	0.896	4.5245
-23.373	-21.519	-22.781	-1.2230000000000025	4.773	-0.035	10.905	-0.6619999999999999	18.453	24.492	30.947	-9.2665
0.123	1.962	-4.9	1.5920000000000003	-7.045	-5.144	-5.946	-1.5	6.208	4.927	4.718	1.3855000000000004
23.293	24.002	28.086	-2.7509999999999977	9.15	12.701	9.792	-2.0965000000000007	-13.75	-6.355	-3.6	-8.7725
-6.976	-9.528	-16.779	6.177500000000001	20.758	25.914	19.456	-1.9270000000000032	-2.942	0.096	4.438	-5.209
6.048	4.368	1.308	3.21	22.848	24.501	18.332	1.4314999999999998	-5.909	-2.745	5.021	-7.047
1.874	3.453	4.305	-2.0049999999999994	6.427	6.563	5.586	0.35249999999999915	-33.313	-31.949	-27.004	-3.836500000000001
-13.454	-11.283	-13.06	-1.2825000000000006	5.371	1.827	15.863	-3.4739999999999984	3.986	3.626	2.142	1.1020000000000003
50.256	45.146	45.453	4.956499999999998	3.177	-6.745	-17.257	15.178	14.387	17.581	16.101	-2.4540000000000006
54.959	51.682	46.093	6.0715	19.898	5.896	-8.149	21.0245	20.266	15.296	18.276	3.479999999999997
-1.59	-2.642	2.54	-1.5390000000000001	10.621	11.996	18.378	-4.566000000000001	0.417	2.283	-2.257	0.4040000000000001
-4.921	-1.662	-0.977	-3.6015000000000006	17.864	17.206	4.391	7.0655	1.527	2.144	-4.694	2.8019999999999996
-1.695	-1.779	-1.981	0.18499999999999983	9.199	23.304	16.178	-10.542	3.016	0.948	2.161	1.4615
-10.471	-13.015	-6.087	-0.9199999999999999	-0.893	-2.294	-0.822	0.665	-1.998	-1.65	-1.557	-0.3945000000000001
11.871	9.186	1.226	6.665000000000001	10.936	4.914	6.324	5.317	-13.829	-23.226	-15.325	5.4465
0.759	11.124	11.073	-10.339500000000001	0.959	9.275	8.051	-7.704000000000001	-7.242	-7.683	-18.973	6.085999999999999
-5.942	-5.597	4.435	-5.361	-2.791	2.044	4.317	-5.971500000000001	-12.87	-14.443	-8.858	-1.2194999999999983
31.932	33.068	43.557	-6.380500000000001	6.07	-2.348	1.234	6.627000000000001	14.311	12.081	-2.251	9.396
-33.347	-33.366	-30.492	-1.4179999999999993	-9.317	-8.996	11.551	-10.5945	-9.928	-10.367	-4.408	-2.5404999999999998
17.24	19.32	12.845	1.1574999999999989	-0.559	-3.634	-5.516	4.016	15.478	9.241	3.39	9.1625
37.18	38.994	41.026	-2.8300000000000054	-23.165	-26.687	-28.463	4.410000000000004	-29.789	-32.328	-34.948	3.8490000000000038
-26.837	-32.688	-33.045	6.029500000000002	13.114	0.916	4.131	10.5905	-11.669	-5.265	2.353	-10.213000000000001
-22.322	-26.513	-35.705	8.787000000000003	10.64	8.108	0.897	6.1375	-6.056	-10.69	0.433	-0.9275000000000002
-2.585	-2.532	-7.546	2.4539999999999997	-5.928	-2.816	0.796	-4.918	13.893	10.367	14.939	1.2400000000000002
-10.138	-7.646	-3.16	-4.734999999999999	-12.287	-4.651	-4.205	-7.859000000000001	11.92	13.397	12.003	-0.7799999999999994
21.944	12.608	11.53	9.875	8.357	1.493	4.856	5.182499999999999	-0.964	-0.28	3.112	-2.38
6.122	16.683	20.306	-12.372500000000002	-10.519	1.564	8.472	-15.536999999999999	-0.835	6.489	2.194	-5.1765
-18.718	-12.515	-12.277	-6.321999999999999	-2.091	11.46	-2.652	-6.495	2.359	1.853	7.294	-2.2145
15.241	18.34	26.385	-7.121500000000001	-11.949	-2.571	-8.216	-6.5555	4.131	-4.693	-5.258	9.1065
27.402	22.599	17.33	7.4375	-4.753	-13.446	-6.031	4.9855	-3.038	0.982	-1.2	-2.929
0.846	-0.905	0.766	0.9155	9.926	13.041	14.61	-3.8994999999999997	22.243	20.344	19.949	2.0964999999999954
12.051	14.562	13.672	-2.0660000000000007	2.804	-1.578	-6.745	6.9655000000000005	9.321	4.752	8.939	2.4755000000000003
-0.357	-3.777	-1.189	2.1260000000000003	16.118	18.061	10.167	2.003999999999998	10.127	11.062	3.914	2.639000000000001
51.211	47.487	43.548	5.6935	9.638	10.426	7.914	0.46799999999999997	10.439	12.131	11.512	-1.3825000000000003
48.619	50.675	45.681	0.4410000000000025	18.376	12.012	10.526	7.107000000000001	11.008	10.718	12.065	-0.3835000000000015
37.874	36.837	43.384	-2.2364999999999995	7.373	2.191	12.759	-0.10199999999999942	7.481	7.124	14.336	-3.2490000000000006
-40.004	-36.544	-31.663	-5.900500000000001	0.98	-0.784	-0.276	1.51	-19.181	-14.797	-14.316	-4.624500000000001
-35.299	-42.348	-40.064	5.907000000000004	-9.261	-13.617	-2.935	-0.9849999999999994	-33.004	-25.269	-24.554	-8.092500000000001
-5.287	-6.244	-2.736	-0.7969999999999997	-8.539	-0.437	-2.283	-7.179	-11.397	-8.054	-9.017	-2.8615000000000013
-21.306	-16.066	-17.389	-4.578500000000002	-15.368	-10.405	-7.989	-6.171000000000001	6.782	8.076	10.672	-2.5920000000000005
-7.982	-6.803	-7.32	-0.9204999999999997	-10.184	-7.77	-6.598	-3.0	22.202	18.037	9.888	8.239500000000003
-5.734	-15.311	-23.383	13.613000000000001	12.843	-5.828	-3.849	17.6815	-25.04	-20.545	-25.821	-1.8569999999999993
-13.263	-6.106	-10.537	-4.9415	-1.691	6.898	2.828	-6.553999999999999	-26.132	-28.209	-23.093	-0.48100000000000165
-22.108	-37.748	-35.75	14.640999999999995	22.81	3.42	7.836	17.182	-7.775	-6.861	-5.048	-1.820500000000001
-21.737	-13.404	-12.125	-8.972499999999998	2.291	10.129	4.718	-5.1325	11.401	2.128	1.845	9.4145
-12.997	-7.712	-14.262	-2.01	3.505	6.19	6.23	-2.705000000000001	-2.763	-7.043	-2.536	2.0265000000000004
-17.443	-13.183	-10.818	-5.442500000000003	7.18	7.083	5.439	0.9189999999999996	-5.388	-3.698	-2.61	-2.234
-19.181	-21.372	-19.886	1.4479999999999968	17.893	11.211	11.473	6.551	-8.766	-7.065	-4.5	-2.9834999999999994
1.685	-4.234	0.47	3.567	5.087	-8.118	-3.635	10.9635	-8.584	-4.168	-13.646	0.3230000000000004
-21.87	-17.893	-23.723	-1.0620000000000012	10.55	10.887	4.258	2.977500000000001	18.038	13.787	26.241	-1.975999999999999
-20.171	-20.813	-20.388	0.4295000000000009	0.986	9.703	6.505	-7.117999999999999	16.39	16.458	21.674	-2.6759999999999984
-12.124	-12.872	-19.801	4.2125	9.625	22.023	4.132	-3.4525000000000006	16.497	11.791	14.936	3.1334999999999997
-15.961	-12.819	-13.201	-2.9509999999999987	6.407	7.121	18.538	-6.422499999999999	15.595	19.067	12.444	-0.16050000000000075
29.406	37.732	36.21	-7.565000000000005	9.048	3.089	-7.002	11.0045	-7.8	-7.989	-6.52	-0.5454999999999997
-49.383	-49.242	-47.209	-1.157500000000006	-17.253	-15.382	-2.53	-8.297	-6.289	0.144	1.434	-7.077999999999999
45.665	41.76	40.79	4.390000000000001	-2.587	-7.916	-16.469	9.605500000000001	5.14	19.44	29.938	-19.549
62.1	49.791	41.06	16.674500000000002	16.31	4.462	-10.379	19.2685	-7.29	3.154	23.371	-20.5525
46.847	53.109	53.894	-6.654499999999999	8.249	10.62	8.411	-1.2664999999999988	13.957	5.86	-0.327	11.1905
22.638	26.508	18.124	0.32200000000000273	11.975	18.105	16.907	-5.531000000000001	-9.645	-10.787	-3.079	-2.711999999999999
19.373	22.246	25.584	-4.541999999999998	25.533	18.794	17.042	7.615000000000002	-10.043	-11.42	-10.196	0.7650000000000006
10.727	16.041	19.743	-7.164999999999999	16.407	20.52	22.934	-5.32	-1.767	-3.099	-9.108	4.336500000000001
15.598	12.876	18.871	-0.2754999999999992	14.17	18.879	22.353	-6.446	0.159	-2.045	-6.443	4.403
-11.877	-15.787	-22.792	7.4125	-16.001	-25.053	-26.378	9.714499999999997	0.447	-1.702	-4.162	3.379
26.893	28.477	28.771	-1.7310000000000016	21.388	25.846	16.818	0.05600000000000094	-1.793	3.577	3.497	-5.33
-1.751	-1.364	8.449	-5.2935	-12.336	-14.815	-13.039	1.5909999999999993	13.983	11.524	-1.906	9.174000000000001
-0.649	-2.48	6.68	-2.7489999999999997	-8.968	-15.077	-11.788	4.464500000000001	15.11	12.41	5.032	6.388999999999999
-1.453	5.572	3.516	-5.997000000000001	-7.928	0.592	-5.149	-5.6495	0.19	1.712	7.619	-4.475499999999999
0.11	0.908	1.02	-0.854	-25.333	-16.049	-7.862	-13.377499999999998	1.208	-1.184	-0.863	2.2314999999999996
16.654	2.058	-3.04	17.145	-0.555	7.23	-2.785	-2.7775000000000003	-5.897	-6.796	-12.0	3.5009999999999994
5.401	11.733	10.646	-5.788500000000001	10.386	4.425	4.255	6.045999999999999	-3.109	-6.318	-6.643	3.3714999999999993
33.962	37.166	20.794	4.982000000000006	1.136	-1.304	-9.946	6.761	5.152	0.251	6.014	2.0195
26.534	33.494	36.352	-8.389000000000003	7.083	9.751	1.711	1.3520000000000003	4.778	0.321	2.298	3.4684999999999997
28.497	28.142	33.416	-2.2819999999999965	12.49	10.435	7.772	3.3865	10.745	6.846	1.031	6.8065
-30.62	-26.238	-10.369	-12.316500000000001	15.182	16.785	11.179	1.200000000000001	10.738	13.409	16.729	-4.3309999999999995
-18.291	-16.839	-24.237	2.2469999999999963	0.923	10.773	15.747	-12.337	-14.143	-16.109	-0.561	-5.808
1.039	3.942	-0.154	-0.8550000000000002	-1.875	6.475	7.157	-8.690999999999999	-8.739	-13.239	-25.521	10.641000000000002
-18.515	-11.716	-8.837	-8.238500000000002	-12.064	-6.473	-7.934	-4.8605	4.251	4.21	9.379	-2.543499999999999
8.548	16.761	17.828	-8.7465	9.667	8.578	-0.773	5.7645	-0.949	-1.865	-9.244	4.6055
-36.288	-38.299	-41.14	3.4314999999999998	6.234	0.601	-0.65	6.2585	6.629	10.078	15.477	-6.1485
-24.392	-27.944	-37.629	8.394499999999997	9.137	10.572	2.479	2.6115000000000013	-4.002	-3.991	8.928	-6.4705
-14.491	-21.245	-13.0	2.6315000000000026	5.466	-6.41	6.412	5.465	2.098	7.174	0.716	-1.8470000000000004
14.624	7.633	12.805	4.405000000000001	-18.608	-31.604	-20.226	7.306999999999999	-4.925	0.062	-6.678	-1.617
14.171	17.94	17.167	-3.3825000000000003	11.007	5.485	-11.139	13.834	23.135	18.314	26.702	0.6269999999999989
-9.081	-2.148	-4.302	-5.856	-9.051	-4.416	6.855	-10.2705	10.027	9.871	16.998	-3.4075000000000006
3.177	1.482	-4.998	4.9350000000000005	-15.671	-12.501	-3.065	-7.888	5.535	7.042	5.674	-0.8230000000000004
2.733	5.856	1.526	-0.9579999999999997	4.6	-6.083	-13.121	14.202	5.743	6.611	6.488	-0.8064999999999998
7.185	17.407	7.45	-5.2435	15.167	17.837	3.735	4.381	-0.143	-7.814	6.073	0.7274999999999998
16.457	5.369	3.227	12.159	1.269	-9.312	-15.957	13.9035	0.002	10.758	2.621	-6.6875
-35.418	-37.591	-30.363	-1.4409999999999954	-21.396	-13.322	-3.035	-13.217500000000001	1.427	3.506	0.826	-0.7389999999999999
14.401	16.097	16.699	-1.9970000000000034	37.796	32.979	33.98	4.316499999999998	13.091	13.099	5.465	3.8089999999999993
-6.021	0.577	1.51	-7.0645	-0.146	6.737	9.937	-8.483	2.877	-0.328	4.283	0.8994999999999995
3.361	6.75	-2.015	0.9935000000000005	3.634	0.371	-5.513	6.205	11.2	2.539	3.281	8.29
-3.216	-1.644	-11.588	3.3999999999999995	3.403	7.165	-9.088	4.3645	-10.831	-11.469	2.386	-6.2895
-40.485	-38.725	-30.742	-5.7515	5.829	9.798	9.068	-3.604	9.345	10.386	15.625	-3.660499999999999
-12.659	-11.832	-15.996	1.2550000000000008	4.33	8.562	-3.424	1.7610000000000001	-2.015	-6.588	-7.199	4.878499999999999
-5.712	-10.852	-5.148	2.2880000000000003	13.658	2.324	8.239	8.3765	4.402	7.666	5.147	-2.0045
36.974	44.574	40.481	-5.553500000000007	-5.525	-2.378	5.425	-7.048500000000001	-10.78	-13.854	-3.519	-2.0935000000000006
-16.95	-12.207	-11.319	-5.186999999999998	-7.762	-11.899	-7.123	1.7489999999999997	-14.279	-19.951	-5.002	-1.8025000000000002
19.01	27.076	19.025	-4.040499999999998	4.952	15.302	15.663	-10.5305	-7.773	-13.674	-12.097	5.112500000000001
26.378	18.983	24.706	4.5335	4.067	-1.701	13.004	-1.5844999999999994	-7.617	-3.261	-12.606	0.31650000000000045
20.994	23.121	22.944	-2.038499999999999	4.596	8.452	1.892	-0.5759999999999996	-5.611	-7.006	-5.002	0.3929999999999998
-11.9	-14.029	-20.634	5.431499999999998	-4.886	-5.103	-12.744	4.0375000000000005	13.297	9.212	11.405	2.988500000000002
23.64	18.556	11.153	8.785499999999999	6.967	4.267	-6.673	8.17	-4.528	-4.609	-6.735	1.144000000000001
-12.284	-20.772	-27.036	11.62	16.746	9.588	11.227	6.3385	5.654	3.28	7.627	0.2004999999999999
-2.817	-4.562	-0.332	-0.3700000000000001	11.867	9.17	4.396	5.084000000000001	7.28	11.811	13.309	-5.2799999999999985
6.128	-3.741	-4.205	10.100999999999999	22.56	10.273	5.311	14.767999999999999	-0.609	8.67	14.693	-12.2905
41.557	41.216	39.227	1.3355000000000032	11.103	2.011	-7.123	13.658999999999999	9.16	5.345	3.108	4.9335
-22.064	-18.84	-13.573	-5.857500000000002	-0.066	5.133	8.869	-7.066999999999999	-5.397	2.539	2.994	-8.1635
26.03	22.64	26.395	1.5125000000000028	-14.004	-18.066	-8.833	-0.5544999999999991	21.02	17.285	19.316	2.7195
27.873	23.282	25.147	3.6585	-17.066	-15.585	-13.187	-2.6799999999999997	19.188	20.697	18.223	-0.272000000000002
-49.399	-49.366	-43.956	-2.7379999999999995	-5.732	-6.899	-6.348	0.8914999999999997	-11.557	-7.948	-4.289	-5.4385
-48.3	-41.856	-40.753	-6.995499999999993	-5.547	-3.168	-3.454	-2.2359999999999998	-19.016	-26.523	-20.235	4.3629999999999995
20.002	32.093	35.036	-13.562500000000004	14.225	15.215	-2.888	8.061499999999999	-17.236	-16.099	-19.609	0.6179999999999986
19.251	18.667	28.063	-4.114000000000001	10.946	24.332	14.885	-8.6625	-10.384	-10.739	-16.478	3.224500000000001
21.99	19.228	20.257	2.2474999999999987	16.431	13.334	20.431	-0.45149999999999935	-16.719	-9.786	-14.68	-4.486000000000001
-10.404	-9.534	-4.596	-3.3389999999999995	0.007	0.316	5.01	-2.6559999999999997	19.32	28.689	26.264	-8.156500000000001
-28.813	-27.446	-26.089	-2.0455000000000005	12.35	4.631	2.064	9.0025	21.026	15.886	11.307	7.429500000000001
28.363	11.853	12.033	16.42	7.956	-5.698	-17.755	19.6825	6.881	7.391	10.727	-2.178000000000001
24.848	32.584	19.046	-0.9670000000000023	5.857	10.301	0.254	0.5795000000000003	5.592	5.264	6.801	-0.440500000000001
22.564	33.57	26.735	-7.5885	1.688	11.094	7.497	-7.607500000000001	11.737	-0.414	4.214	9.837
24.286	27.266	22.263	-0.4784999999999968	-8.324	-9.885	-2.528	-2.1174999999999997	2.123	6.926	12.855	-7.767499999999999
-36.741	-27.857	-25.988	-9.8185	12.919	10.968	8.632	3.1189999999999998	8.665	6.962	18.68	-4.156000000000001
-25.925	-25.429	-21.657	-2.3820000000000014	-26.436	-23.591	-17.148	-6.066499999999998	-8.663	-5.603	-5.705	-3.0090000000000003
-28.34	-21.163	-20.582	-7.467499999999998	-6.229	0.69	5.235	-9.191500000000001	-8.961	-9.312	-8.043	-0.28350000000000186
-26.646	-26.143	-18.75	-4.1995000000000005	0.429	-3.656	4.852	-0.1690000000000001	-18.41	-8.854	-10.169	-8.8985
-15.468	-18.829	-17.472	2.682500000000001	21.393	9.115	11.291	11.190000000000001	7.184	11.443	8.14	-2.607499999999999
20.938	18.886	17.914	2.5380000000000003	15.696	7.857	14.15	4.692499999999999	4.9	3.273	-2.224	4.375500000000001
9.815	10.84	19.97	-5.59	-6.468	9.448	14.988	-18.686	17.866	14.772	5.428	7.766
25.577	20.887	15.067	7.600000000000001	-2.293	-2.784	-9.281	3.7395000000000005	-7.057	-1.479	2.842	-7.7385
12.296	13.876	17.322	-3.303000000000001	0.794	13.117	14.748	-13.1385	-12.215	-12.905	-12.854	0.6645000000000003
20.744	12.319	14.842	7.163499999999999	-4.938	3.779	14.77	-14.212499999999999	-14.534	-12.35	-12.45	-2.134000000000002
0.17	-10.154	-9.498	9.996	5.825	-0.83	11.835	0.3224999999999998	16.722	21.593	20.03	-4.089500000000001
1.475	1.407	-1.551	1.5470000000000002	-0.605	1.269	2.669	-2.574	19.902	19.155	14.67	2.9894999999999996
21.901	24.714	22.212	-1.5620000000000012	0.841	-8.495	-13.525	11.850999999999999	-9.418	-2.954	2.705	-9.2935
-30.539	-40.689	-38.703	9.156999999999996	19.88	19.241	7.117	6.700999999999999	-4.079	2.964	-0.432	-5.345
31.7	39.926	39.462	-7.994000000000003	10.459	13.181	8.474	-0.36850000000000094	3.404	10.68	9.092	-6.481999999999999
3.371	9.567	8.893	-5.859	-6.515	0.657	6.676	-10.1815	-5.23	-2.115	-6.299	-1.0229999999999997
-26.868	-29.78	-31.39	3.7170000000000023	-20.886	-6.974	-7.959	-13.4195	-14.245	-12.318	-6.196	-4.9879999999999995
-24.486	-14.846	-8.43	-12.848	-17.885	-10.849	-9.506	-7.707500000000001	8.959	2.203	-2.788	9.2515
-29.338	-20.955	-18.059	-9.831000000000003	-13.577	-6.605	-13.194	-3.6775	-0.239	1.728	4.455	-3.3305
-1.291	-4.37	-10.262	6.025	26.7	17.901	10.139	12.68	-3.294	-12.718	-5.629	5.8795
-2.738	2.75	-5.326	-1.4500000000000002	23.283	31.81	17.758	-1.5009999999999977	-0.007	-0.905	-10.396	5.6435
45.681	46.732	52.835	-4.102500000000006	-19.683	-23.022	-27.748	5.701999999999998	11.183	12.068	12.188	-0.9450000000000003
45.476	45.296	47.388	-0.8659999999999997	-11.555	-18.061	-22.493	8.722000000000001	5.176	9.512	12.471	-5.8155
-26.479	-25.597	-28.023	0.33100000000000307	-10.98	-6.116	-3.877	-5.983500000000001	-16.801	-16.4	-12.114	-2.5439999999999987
-8.851	-10.05	-18.951	5.6495	17.321	20.531	12.878	0.616500000000002	16.237	15.327	19.5	-1.1765000000000008
26.305	23.329	24.63	2.325499999999998	1.175	-6.353	-13.282	10.9925	15.89	19.807	23.662	-5.8444999999999965
5.017	10.142	16.303	-8.2055	7.566	17.552	13.568	-7.993999999999999	-11.251	-16.301	-23.224	8.5115
10.182	6.276	12.547	0.7705000000000002	7.887	7.65	16.419	-4.147500000000002	-18.021	-12.588	-19.445	-2.0045
13.073	8.856	8.753	4.2684999999999995	9.257	6.928	14.642	-1.5280000000000005	-23.039	-15.974	-15.04	-7.532000000000002
16.69	12.941	13.652	3.3935000000000013	1.367	7.55	14.109	-9.462499999999999	-6.548	-12.436	-23.636	11.488000000000001
-15.328	-16.304	-9.968	-2.192	-19.69	-24.157	-20.462	2.6194999999999986	-16.008	-11.865	-3.645	-8.253
-2.379	-0.517	-0.444	-1.8984999999999999	1.125	9.438	13.717	-10.4525	4.934	8.637	5.547	-2.1580000000000004
-12.689	-13.187	-3.823	-4.184000000000001	-4.266	-6.568	1.726	-1.8450000000000002	3.855	18.877	14.653	-12.91
-10.091	-4.433	-4.96	-5.394499999999999	15.395	5.606	-12.297	18.7405	-4.153	-2.108	-1.47	-2.3639999999999994
5.238	-2.749	-2.679	7.952	16.02	3.983	13.116	7.4704999999999995	8.082	14.098	8.646	-3.289999999999999
-1.79	1.786	-0.952	-2.207	17.835	15.956	7.529	6.092500000000001	6.305	9.749	11.895	-4.5169999999999995
30.046	24.538	24.292	5.631	-7.531	-5.13	-6.217	-1.8575	-14.587	-12.655	-19.621	1.5509999999999984
17.297	16.502	12.033	3.0295000000000023	-18.354	-25.604	-18.854	3.875	-5.083	-8.698	1.2	-1.334
-19.596	-19.721	-23.318	1.9235000000000007	10.303	13.741	15.776	-4.455499999999999	8.267	3.587	0.776	6.0855
-20.34	-18.533	-23.907	0.879999999999999	1.285	8.459	13.217	-9.553	12.243	6.639	4.757	6.545
-23.018	-19.523	-21.615	-2.4490000000000016	24.445	23.781	18.4	3.3545000000000016	-3.604	-1.257	6.816	-6.3835
-27.678	-26.702	-27.152	-0.7510000000000012	-4.838	-5.412	-13.017	4.376499999999999	-6.104	-1.552	3.838	-7.247
-27.164	-27.874	-25.407	-0.5235000000000021	-1.659	-5.167	-12.048	6.9485	-9.286	-3.176	1.095	-8.2455
-32.437	-27.382	-26.907	-5.292499999999997	4.139	-2.646	-8.533	9.7285	-0.803	-7.773	-0.281	3.224
25.255	27.343	24.754	-0.7935000000000016	-4.817	-0.98	-8.427	-0.11350000000000016	6.163	9.955	5.49	-1.5594999999999999
22.622	25.653	26.16	-3.2845000000000013	2.843	-1.361	-5.309	6.178	4.995	8.121	8.261	-3.195999999999999
-7.746	-8.841	-5.194	-0.7285000000000004	-3.811	-0.817	0.865	-3.835	2.033	5.227	0.368	-0.7645000000000004
16.518	9.424	3.668	9.972000000000001	39.083	26.616	18.616	16.467	-3.893	2.986	9.239	-10.005500000000001
15.936	18.436	11.042	1.1969999999999992	31.005	36.369	24.91	0.3655000000000008	-1.843	-2.915	3.275	-2.0229999999999997
12.759	12.705	17.406	-2.296499999999998	27.56	30.179	35.582	-5.320499999999999	10.761	2.956	-3.389	10.9775
13.924	13.342	13.249	0.628499999999999	31.484	32.614	29.856	0.24900000000000233	16.077	13.718	4.245	7.095500000000001
-4.04	-3.265	9.736	-7.2755	4.434	-9.166	1.019	8.5075	-2.09	7.647	9.104	-10.465499999999999
-9.791	-4.7	-3.309	-5.7865	-2.713	13.564	-5.612	-6.689	-0.82	-1.853	4.98	-2.3835
-9.33	-10.198	-5.318	-1.572	6.614	-4.018	9.512	3.8669999999999995	6.363	1.7	-1.961	6.493500000000001
-30.491	-30.76	-31.106	0.44200000000000017	2.112	2.302	2.726	-0.40200000000000014	-0.202	-1.827	2.097	-0.337
28.389	17.174	3.308	18.148	1.383	5.372	9.155	-5.8805	10.995	4.809	21.253	-2.0360000000000014
18.225	24.856	31.926	-10.165999999999997	16.175	22.075	11.596	-0.660499999999999	22.764	17.481	13.03	7.508499999999998
23.179	19.467	28.237	-0.6729999999999983	32.62	18.126	19.629	13.742499999999996	15.254	22.423	14.581	-3.2479999999999993
20.115	20.697	21.113	-0.7900000000000027	19.848	32.581	20.95	-6.917500000000004	21.158	17.74	20.226	2.1750000000000043
18.783	19.043	20.95	-1.2134999999999962	14.538	19.181	30.562	-10.3335	21.61	21.457	17.628	2.067499999999999
-1.246	0.203	8.862	-5.778499999999999	-12.206	-16.115	-10.864	1.2835	-10.589	-2.995	-1.777	-8.203
-6.755	-0.438	12.085	-12.5785	-5.295	-4.202	5.833	-6.1105	0.488	-1.11	-4.269	3.1775
-11.624	-5.284	-3.467	-7.248500000000001	-2.075	5.848	-4.834	-2.5820000000000003	-8.385	-7.016	-0.393	-4.6805
-17.362	-17.792	-12.663	-2.1344999999999974	-0.956	2.263	2.597	-3.3859999999999997	11.009	10.329	4.445	3.622
-18.129	-17.255	-17.191	-0.9060000000000024	0.708	-0.512	-0.376	1.152	13.787	12.364	10.163	2.5235000000000003
-15.294	-15.317	-12.836	-1.2175000000000011	-10.444	-7.702	-7.826	-2.6800000000000015	16.228	10.611	8.531	6.657
7.436	6.617	-2.356	5.3055	16.506	14.337	5.413	6.631	-4.13	-5.211	-11.837	4.394000000000001
20.833	13.238	6.335	11.046499999999998	34.211	19.07	15.059	17.1465	-12.453	-10.128	-5.799	-4.4895
21.927	18.454	7.586	8.907	44.824	26.986	14.894	23.883999999999997	-10.098	-12.796	-4.785	-1.307500000000001
14.444	13.81	18.95	-1.9359999999999982	17.596	18.7	34.611	-9.059499999999996	6.679	-2.525	-7.458	11.6705
1.545	-1.687	2.766	1.0055	7.692	8.251	23.027	-7.946999999999999	13.044	14.354	3.012	4.361000000000001
-5.988	-3.299	1.519	-5.098000000000001	11.489	6.993	11.615	2.1850000000000005	11.698	12.162	14.585	-1.6754999999999995
-34.019	-34.034	-30.725	-1.6394999999999982	-5.788	-4.175	-5.281	-1.0600000000000005	11.549	11.014	15.259	-1.5875000000000004
-2.579	-3.223	-2.389	0.22699999999999987	22.741	24.826	20.985	-0.1645000000000003	-0.012	-0.689	9.809	-4.571999999999999
-0.648	-0.838	-4.069	1.8054999999999999	13.314	24.315	23.248	-10.467500000000001	-1.432	-0.503	0.596	-1.4785
-1.332	-2.663	-1.54	0.7694999999999996	14.795	20.77	15.07	-3.1250000000000018	-12.627	-6.828	-2.652	-7.8870000000000005
5.153	3.443	6.914	-0.025500000000000078	-10.068	-19.347	-14.288	6.749500000000003	-8.184	-11.073	-24.453	9.578999999999999
32.618	32.521	37.834	-2.5595	8.548	9.415	1.359	3.1610000000000005	16.525	20.755	11.108	0.5934999999999988
36.155	32.215	36.757	1.668999999999997	14.627	9.658	4.264	7.666	15.112	18.48	15.691	-1.9734999999999996
-7.062	0.816	-15.034	0.04699999999999971	1.365	3.735	-7.595	3.295	13.556	13.397	20.419	-3.352000000000002
-18.457	-18.54	-20.15	0.8879999999999981	-0.312	4.808	-2.816	-1.308	6.581	6.487	7.02	-0.17249999999999943
8.708	2.2	-0.671	7.9435	10.324	-2.74	0.839	11.2745	-4.238	-9.2	-14.757	7.7405
9.601	5.886	3.18	5.0680000000000005	10.922	5.728	-0.077	8.0965	-12.154	-8.417	-8.105	-3.8930000000000007
25.766	35.433	50.792	-17.3465	-10.039	-9.3	-0.603	-5.0874999999999995	27.045	27.513	14.578	5.999500000000001
26.505	25.139	29.174	-0.6515000000000022	3.598	7.436	-8.554	4.157	2.181	11.146	26.318	-16.551
25.832	25.268	26.206	0.09499999999999886	1.154	3.849	0.078	-0.8095000000000001	-2.724	3.883	19.716	-14.5235
21.844	26.07	25.594	-3.9879999999999995	-7.122	0.102	6.157	-10.2515	-7.706	-3.388	8.158	-10.091000000000001
8.813	-0.863	-1.205	9.847000000000001	-1.458	-1.078	4.495	-3.1665	-5.462	-9.266	-5.787	2.0645000000000007
-48.44	-44.12	-35.193	-8.783500000000004	-33.12	-24.87	-11.739	-14.815499999999997	-16.911	-16.991	-12.006	-2.4125000000000014
-14.431	-16.453	-8.335	-2.036999999999999	1.054	0.997	-0.643	0.877	-10.23	-8.079	-8.866	-1.7575000000000003
-16.943	-18.73	-13.816	-0.6700000000000017	-12.612	-9.848	-2.602	-6.387	-18.799	-15.426	-12.857	-4.657499999999999
-16.363	-18.96	-14.41	0.32200000000000273	-5.616	-11.478	-5.701	2.9734999999999996	-19.47	-16.998	-14.383	-3.7794999999999987
-16.556	-21.293	-25.038	6.609500000000001	17.432	15.335	12.353	3.5879999999999974	-8.406	-7.294	-6.383	-1.5675000000000008
5.944	7.396	3.439	0.5264999999999995	12.437	8.038	15.925	0.4554999999999989	-8.253	-6.213	-8.306	-0.9935000000000009
49.513	38.041	28.572	16.2065	2.881	9.973	11.608	-7.909500000000001	0.428	-1.356	3.945	-0.8664999999999998
54.022	52.716	50.976	2.175999999999995	-0.939	6.706	3.938	-6.261	17.761	12.477	12.868	5.0885
-9.144	-13.819	-7.057	1.2940000000000005	-10.945	-12.601	-0.305	-4.492	27.23	30.549	25.032	-0.5605000000000011
-5.353	1.387	10.135	-11.114	-7.437	6.643	6.459	-13.988	0.357	1.129	-1.031	0.30799999999999994
0.42	-0.099	-2.118	1.5285	5.699	-2.463	-0.214	7.0375	-1.597	-7.704	0.482	2.014
-12.255	-5.295	-1.817	-8.699000000000002	-5.419	-9.855	-12.154	5.585500000000001	11.752	3.35	3.017	8.5685
-27.983	-23.763	-21.121	-5.541	-20.978	-24.9	-15.676	-0.6900000000000013	-3.773	-10.658	-6.346	4.728999999999999
31.595	26.916	19.011	8.631499999999999	-3.914	-15.538	-20.579	14.144500000000003	-27.885	-30.857	-35.738	5.412499999999998
-49.221	-43.23	-46.242	-4.484999999999999	-19.441	-17.764	-10.404	-5.356999999999999	-8.485	-5.347	5.877	-8.75
5.969	-1.285	-10.876	12.0495	7.196	3.617	1.27	4.7524999999999995	21.885	24.568	12.353	3.424500000000002
10.543	12.199	4.416	2.2354999999999983	14.139	8.046	5.373	7.429499999999999	13.101	9.968	22.022	-2.8939999999999984
3.734	-0.227	-4.689	6.192	-1.406	7.987	15.599	-13.199	16.144	11.811	14.333	3.071999999999999
30.237	19.759	17.565	11.575	3.935	-1.85	-15.98	12.850000000000001	-11.444	0.484	2.057	-12.714500000000001
-25.051	-14.393	-12.761	-11.473999999999998	-0.683	5.8	7.806	-7.486	-2.93	-8.015	-6.536	4.3454999999999995
-21.816	-23.141	-20.326	-0.08249999999999957	2.185	-9.508	0.204	6.837	-4.586	1.676	-5.647	-2.6005000000000003
-11.868	-17.144	-12.284	2.8459999999999983	10.85	-0.23	0.868	10.530999999999999	-4.306	-3.793	-4.63	-0.09450000000000003
-18.412	-19.512	-17.072	-0.11999999999999744	2.119	8.361	2.663	-3.3930000000000002	0.188	1.139	-1.908	0.5725
-23.073	-19.796	-16.568	-4.890999999999998	4.263	4.1	6.185	-0.8795000000000002	1.732	0.247	-0.698	1.9575
-22.119	-22.939	-20.389	-0.4549999999999983	7.832	3.147	5.213	3.652	-12.197	-6.403	-8.713	-4.638999999999999
-19.644	-15.118	-13.637	-5.266499999999997	-11.574	-7.226	-13.118	-1.4019999999999992	10.306	7.677	14.47	-0.7675000000000001
-32.84	-28.726	-28.929	-4.012500000000003	2.897	3.35	1.361	0.5414999999999996	4.089	8.754	6.179	-3.3774999999999995
7.066	7.098	3.54	1.7469999999999999	10.25	11.489	5.33	1.8404999999999987	6.846	1.029	8.636	2.0135000000000005
8.007	6.68	5.104	2.115	9.603	11.304	6.351	0.7754999999999992	8.289	2.907	7.395	3.138
15.906	14.478	11.614	2.860000000000001	-6.383	-5.504	-9.71	1.2240000000000002	17.95	18.307	22.191	-2.2989999999999995
18.798	17.481	17.531	1.291999999999998	-17.17	-22.78	-5.262	-3.149000000000001	19.251	23.305	21.304	-3.053499999999996
-34.716	-41.745	-45.585	8.948999999999998	-2.672	-11.431	-15.158	10.622499999999999	-3.3	-4.548	-10.274	4.111
8.734	15.118	20.092	-8.871	2.658	2.121	4.779	-0.7920000000000003	-10.672	-14.791	-20.097	6.772000000000002
7.689	10.59	12.022	-3.617000000000001	-0.539	1.836	2.412	-2.6630000000000003	-10.704	-13.159	-13.173	2.4619999999999997
-24.982	-24.12	-32.413	3.2845000000000013	14.682	13.511	-2.706	9.2795	13.288	13.375	7.366	2.9175000000000004
24.728	20.51	20.58	4.183	-21.013	-25.836	-19.12	1.4649999999999999	11.684	9.223	0.426	6.859499999999999
19.72	25.73	19.327	-2.808500000000002	-21.101	-19.398	-23.362	0.2789999999999999	12.935	11.145	9.879	2.423
9.894	13.894	17.584	-5.845000000000001	-2.787	-0.729	-13.147	4.151	-1.495	2.743	9.969	-7.851
26.699	30.026	24.81	-0.7189999999999976	10.908	6.551	-5.626	10.4455	17.474	10.361	8.375	8.106
3.472	9.551	-0.149	-1.2290000000000005	6.121	14.473	6.699	-4.465	9.542	5.509	8.286	2.6445
9.942	15.592	4.078	0.10699999999999932	-13.353	-5.023	0.878	-11.2805	4.538	4.557	9.103	-2.292
2.684	3.461	13.203	-5.647999999999999	-10.285	-8.813	-8.667	-1.545	17.084	11.28	4.765	9.0615
23.156	26.436	28.898	-4.511000000000003	-23.308	-26.229	-15.846	-2.2704999999999984	-0.886	8.353	4.962	-7.5435
-13.99	-9.983	-3.661	-7.168	7.604	7.318	17.687	-4.898500000000001	1.42	11.407	3.905	-6.236
-7.925	-7.073	-12.45	1.8365	16.043	15.359	7.574	4.576499999999999	-10.002	-14.397	-1.25	-2.1785000000000005
-3.001	-5.86	-8.138	3.9980000000000007	28.84	22.637	13.528	10.7575	-7.002	-8.98	-13.069	4.0225
-4.964	-3.094	-6.99	0.0779999999999994	24.129	28.619	16.46	1.589500000000001	-11.61	-8.025	-12.46	-1.3674999999999997
6.9	3.15	5.701	2.474500000000001	6.357	3.726	10.406	-0.7090000000000005	7.495	4.702	3.889	3.1995000000000005
12.226	3.12	5.458	7.937000000000001	12.009	4.42	9.401	5.0985000000000005	6.555	6.882	2.65	1.7889999999999997
3.941	9.841	4.722	-3.3404999999999996	9.786	16.512	4.996	-0.9680000000000017	5.222	2.846	5.924	0.8370000000000006
16.812	25.505	27.304	-9.592499999999998	-5.512	1.438	-21.709	4.623500000000001	12.894	9.104	17.181	-0.24849999999999994
-3.255	-4.397	-4.084	0.9855	5.015	0.85	6.866	1.157	26.383	23.395	24.409	2.480999999999998
-9.579	-3.569	-4.016	-5.7865	1.614	7.42	2.238	-3.215	11.032	18.391	24.391	-10.358999999999998
-13.358	-8.032	-3.819	-7.432500000000001	0.071	2.729	5.154	-3.8705	5.042	11.569	23.401	-12.443
-10.211	-12.233	-5.572	-1.3085000000000004	11.366	3.353	5.485	6.946999999999999	8.259	4.038	15.938	-1.7289999999999992
12.096	15.931	23.819	-7.779	1.527	-2.803	-1.44	3.6485000000000003	1.189	2.056	-14.152	7.237
-5.238	-1.158	6.137	-7.7275	-21.73	-10.77	-3.687	-14.5015	5.018	6.799	3.512	-0.13750000000000018
23.406	24.42	21.902	0.24499999999999744	1.382	0.111	-6.702	4.6775	2.812	1.649	-12.485	8.229999999999999
25.064	23.339	22.397	2.1960000000000015	3.587	0.375	-4.241	5.52	4.998	3.348	-8.247	7.4475
36.708	34.336	24.127	7.4765000000000015	12.518	17.598	2.065	2.6865000000000006	11.797	5.15	3.945	7.2495
39.084	37.758	34.532	2.939000000000007	18.529	11.643	15.967	4.724	13.504	13.116	6.393	3.7494999999999994
-8.218	-13.567	-9.888	3.509499999999999	2.872	-4.66	-1.145	5.7745	20.137	23.645	8.313	4.158000000000001
-25.618	-19.375	-8.699	-11.581	4.534	7.413	-0.741	1.1979999999999995	4.108	7.269	15.288	-7.170500000000001
-23.98	-26.691	-29.625	4.178000000000001	13.816	14.601	6.386	3.3225	-2.088	4.929	5.946	-7.5255
5.571	2.868	4.295	1.9894999999999996	6.641	3.849	6.288	1.5724999999999998	20.816	21.934	24.192	-2.2470000000000034
19.145	20.152	17.8	0.16900000000000048	-5.022	4.718	13.753	-14.2575	21.276	20.116	20.431	1.0025000000000013
19.741	19.877	17.833	0.8860000000000028	4.482	-0.817	11.268	-0.7435	20.33	20.403	21.223	-0.48300000000000054
15.812	23.595	16.378	-4.1745	1.399	-4.525	-4.515	5.919	-0.268	-5.488	9.077	-2.0625
19.727	18.231	20.067	0.5779999999999994	4.36	-1.255	-5.413	7.694000000000001	-3.279	-2.954	3.125	-3.3644999999999996
5.057	11.742	16.601	-9.1145	-22.31	-0.473	4.097	-24.122	3.237	0.19	-2.881	4.5825
5.195	2.382	6.241	0.8835000000000006	-28.296	-31.226	-22.964	-1.2010000000000005	11.138	2.97	0.637	9.3345
-13.989	-24.328	-29.87	13.11	13.445	3.85	0.718	11.161000000000001	-17.325	-8.529	-3.721	-11.2
44.4	44.29	36.366	4.071999999999996	-10.409	-15.636	-23.812	9.315	10.229	12.068	9.887	-0.7484999999999999
20.488	21.647	20.942	-0.8064999999999998	6.218	6.588	-2.82	4.334	2.719	-7.751	-13.046	13.1175
22.273	26.436	25.659	-3.7744999999999997	1.313	8.654	7.564	-6.796	-8.63	-8.244	-5.112	-1.9520000000000008
26.692	21.782	29.56	1.0210000000000008	7.469	2.959	9.237	1.3710000000000004	-10.827	-8.011	-10.273	-1.6850000000000005
33.497	24.801	26.056	8.0685	11.404	5.999	6.99	4.9094999999999995	-10.543	-9.818	-8.795	-1.2364999999999995
29.111	29.194	31.584	-1.2779999999999987	1.239	5.581	8.346	-5.7245	-8.594	-4.902	-9.373	-1.4565000000000001
-14.582	-21.21	-21.943	6.994500000000002	15.477	6.905	8.351	7.849	-18.813	-16.178	-12.521	-4.463499999999998
5.863	10.233	-5.874	3.6835	0.402	-3.449	-14.041	9.147	-11.361	-12.487	2.349	-6.292000000000001
28.509	23.613	21.405	6.0	12.809	13.363	29.092	-8.4185	-1.283	-4.017	-8.073	4.7620000000000005
30.555	33.181	29.126	-0.5985000000000014	19.652	22.151	13.349	1.902000000000001	-6.73	-5.867	-2.383	-2.6050000000000004
37.747	32.806	28.943	6.872500000000002	23.403	26.249	28.099	-3.771000000000001	-0.114	4.095	-0.67	-1.8265
6.132	2.411	7.596	1.1284999999999998	-4.883	-10.05	-5.351	2.8175	-15.345	-19.875	-11.679	0.4320000000000004
-6.326	-3.747	-11.495	1.295	4.206	12.982	5.668	-5.118999999999999	-0.347	-2.081	-2.262	1.8245
-4.966	-3.178	-4.703	-1.0255	-13.866	-14.301	-2.686	-5.372499999999999	-3.86	0.781	4.397	-6.449
3.709	1.299	1.078	2.5205	9.794	4.629	4.007	5.476000000000001	11.071	7.026	3.906	5.6049999999999995
1.753	3.358	2.25	-1.0510000000000004	18.651	17.027	7.457	6.408999999999999	6.487	10.539	9.936	-3.7505000000000006
8.047	10.923	15.033	-4.930999999999999	3.97	10.989	11.869	-7.459	-5.084	6.227	-2.139	-7.128
-43.918	-47.897	-40.444	0.25250000000000483	15.819	9.403	12.596	4.8195	2.207	3.059	4.923	-1.7840000000000003
-41.427	-43.767	-46.563	3.7380000000000067	10.744	15.618	8.801	-1.4655000000000005	2.584	1.528	5.736	-1.0479999999999996
-15.832	-16.958	-24.715	5.0045	15.215	5.162	6.148	9.56	10.509	8.935	3.494	4.2945
-19.831	-18.083	-15.422	-3.078500000000002	1.498	14.003	15.166	-13.086500000000001	-0.372	2.031	7.98	-5.3775
-1.942	-3.321	-11.709	5.5729999999999995	13.656	9.281	11.276	3.3774999999999995	9.541	1.821	-0.342	8.8015
-7.555	-6.286	-7.818	-0.5030000000000001	3.386	3.914	-6.25	4.554	24.618	23.356	19.68	3.099999999999998
10.685	15.237	15.353	-4.609999999999999	3.203	-6.237	-16.36	14.5015	13.03	12.143	9.096	2.410499999999999
3.664	11.584	13.681	-8.9685	9.912	10.837	-4.197	6.5920000000000005	16.47	16.325	12.132	2.2414999999999985
0.264	7.415	12.584	-9.7355	11.447	9.339	4.002	4.776499999999999	14.881	16.411	13.758	-0.20350000000000001
10.899	10.197	3.926	3.8374999999999995	-4.705	10.428	2.346	-11.092	8.804	0.447	13.365	1.8980000000000006
8.181	9.51	8.158	-0.6530000000000005	-12.976	2.38	5.153	-16.7425	5.439	5.875	8.054	-1.5255
2.588	1.723	8.997	-2.7720000000000002	11.356	-0.676	-9.147	16.2675	-21.02	-22.08	-15.329	-2.3155
0.057	-1.897	-14.06	8.0355	-18.084	-16.275	-13.601	-3.146000000000001	6.292	-9.036	-10.093	15.856499999999999
-7.306	-1.963	1.283	-6.966	-2.34	-1.704	0.723	-1.8495	18.256	16.739	16.835	1.4690000000000012
19.972	28.919	34.763	-11.869	-0.973	-12.586	-19.205	14.922499999999998	-5.733	-8.735	-0.356	-1.1875
20.208	20.615	22.276	-1.2375000000000007	20.514	14.888	0.416	12.861999999999998	-11.176	-8.636	-7.347	-3.1845
-16.06	-14.419	-5.886	-5.907499999999999	-10.162	-6.98	-2.78	-5.282000000000001	-19.034	-17.336	-13.213	-3.759499999999999
-8.203	-13.261	-14.966	5.910499999999999	1.555	-6.778	-8.041	8.9645	-21.653	-22.873	-17.902	-1.2654999999999959
-14.64	-9.4	-15.359	-2.2605000000000004	-0.618	-0.946	-8.7	4.204999999999999	-16.598	-23.145	-19.877	4.913
49.126	47.844	37.068	6.669999999999995	6.537	8.752	3.536	0.3929999999999998	4.774	0.818	-3.27	6.0
50.898	58.228	53.932	-5.181999999999995	21.872	16.145	9.69	8.9545	11.774	3.813	1.354	9.1905
-12.259	-15.13	-9.66	0.13599999999999923	-1.982	-6.827	-4.762	3.812499999999999	-11.632	-12.088	-10.343	-0.416500000000001
-30.399	-27.746	-23.266	-4.893000000000001	16.103	12.689	7.602	5.957500000000001	5.378	7.656	11.852	-4.3759999999999994
21.934	16.821	13.592	6.727499999999999	-5.213	-10.129	-4.278	1.9905	13.839	11.462	11.534	2.3409999999999993
-23.616	-32.633	-12.346	-1.1265	6.179	0.839	13.842	-1.1615000000000002	-19.107	-11.742	-24.938	-0.7669999999999995
-19.921	-24.334	-25.206	4.849	-15.285	-10.912	3.581	-11.619499999999999	-14.197	-8.916	-14.282	-2.597999999999999
-25.284	-22.068	-22.863	-2.8185000000000002	-10.345	-12.784	-12.369	2.2314999999999987	-15.47	-16.789	-10.676	-1.737499999999999
30.625	30.989	26.991	1.634999999999998	6.614	3.369	-2.012	5.935499999999999	-4.815	-11.197	-26.587	14.076999999999998
28.652	34.221	29.497	-3.206999999999997	11.136	16.848	6.822	-0.6989999999999998	-11.242	-14.06	-6.371	-1.0265000000000004
10.701	10.883	17.637	-3.5589999999999993	-11.152	-15.774	-14.642	4.055999999999999	27.166	20.827	15.512	8.996500000000001
15.961	15.541	10.616	2.8825000000000003	-1.345	-11.383	-14.304	11.498499999999998	20.85	19.849	23.358	-0.753499999999999
4.193	8.972	9.73	-5.1579999999999995	-24.475	-21.812	-7.903	-9.617500000000001	20.339	18.712	24.514	-1.274000000000001
34.037	30.734	28.462	4.439	1.341	1.719	1.995	-0.5160000000000002	-0.071	-2.901	-3.984	3.3714999999999997
-10.347	-5.494	-10.006	-2.5969999999999995	-9.627	-15.654	-14.112	5.2559999999999985	-10.216	-9.413	-11.169	0.07500000000000107
-19.688	-14.265	-11.652	-6.729499999999998	11.84	3.418	-4.11	12.186	-12.968	-12.57	-15.194	0.9140000000000015
19.583	21.384	21.108	-1.6630000000000038	5.132	3.207	8.977	-0.9600000000000009	-10.482	-4.511	-8.264	-4.0945
21.936	21.939	21.896	0.018499999999999517	17.176	11.136	4.624	9.296	-7.852	-11.72	-4.858	0.4369999999999994
23.163	22.68	21.006	1.3200000000000003	15.821	16.646	4.871	5.062499999999998	-10.319	-8.675	-8.664	-1.6495000000000015
17.604	22.891	21.938	-4.8104999999999976	-2.941	13.041	13.149	-16.035999999999998	-12.965	-10.263	-10.431	-2.6180000000000003
14.775	13.495	10.965	2.545	-4.451	7.823	5.415	-11.07	9.958	7.717	3.76	4.2195
34.871	35.267	35.522	-0.5234999999999985	2.862	5.434	7.126	-3.418	16.99	9.872	5.828	9.139999999999999
36.896	35.786	35.173	1.4164999999999992	-1.633	3.945	4.675	-5.943	15.346	15.669	11.751	1.6359999999999992
-17.758	-19.786	-19.644	1.9570000000000007	27.071	17.339	20.721	8.041	-5.679	0.141	-1.944	-4.7775
13.665	20.584	28.503	-10.878500000000003	-12.503	-12.272	-6.075	-3.3294999999999995	3.717	1.311	-1.076	3.5995
30.335	29.514	28.032	1.5620000000000012	-2.697	-2.124	-0.057	-1.6065	15.178	9.653	-1.361	11.032
31.761	32.739	29.788	0.4974999999999987	1.387	-2.359	-2.315	3.7239999999999998	11.325	8.188	11.495	1.4834999999999994
-18.173	-24.556	-25.855	7.032500000000002	-1.29	-0.575	0.743	-1.374	0.886	6.793	-3.489	-0.7660000000000001
-15.411	-14.043	-22.958	3.0894999999999992	-3.42	-0.494	-0.328	-3.009	0.789	-0.321	5.189	-1.645
49.094	50.351	53.933	-3.0479999999999947	7.169	-4.775	-16.402	17.7575	-4.91	2.542	5.239	-8.8005
-51.152	-48.633	-46.361	-3.655000000000001	2.446	1.815	-4.081	3.5790000000000006	-3.948	-2.625	4.714	-4.9925
-44.781	-45.309	-51.928	3.8374999999999986	15.602	0.849	0.047	15.154	-17.321	-18.695	-16.88	0.4664999999999999
-12.755	-13.898	-18.622	3.5049999999999972	8.728	15.406	1.205	0.42249999999999943	0.123	3.722	9.988	-6.731999999999999
-6.018	-10.51	-13.205	5.8395	-9.427	-3.601	-10.547	-2.3529999999999998	-12.641	-10.746	-5.318	-4.609
17.947	21.139	24.755	-5.0	-21.204	-12.141	-6.133	-12.067	1.176	-1.786	-8.445	6.2915
18.085	19.167	23.974	-3.485500000000002	-29.926	-19.282	-5.378	-17.595999999999997	2.593	0.611	-5.861	5.218
-13.226	-15.084	-15.362	1.996999999999998	9.671	11.353	4.411	1.7889999999999997	7.248	12.837	22.325	-10.332999999999998
-4.833	-4.47	-5.128	-0.034000000000000696	4.933	7.966	1.647	0.12650000000000006	-4.124	-3.894	-1.78	-1.2869999999999995
-23.294	-19.554	-23.653	-1.6905000000000037	7.747	14.283	9.464	-4.1265	2.634	-6.858	1.769	5.1785
-11.332	-12.215	-5.982	-2.233500000000001	13.428	17.375	30.904	-10.711499999999997	1.65	9.386	4.079	-5.0825
51.396	51.857	56.272	-2.6684999999999945	-9.326	-19.917	-24.293	12.779	-11.812	-6.127	-11.727	-2.885
-32.569	-30.696	-28.826	-2.808	-14.941	-14.954	-10.723	-2.102500000000001	13.688	16.075	17.57	-3.1344999999999974
57.444	51.009	57.26	3.3095	2.832	-6.375	-3.37	7.7045	-12.495	-15.26	-10.796	0.5329999999999995
1.43	0.39	8.258	-2.894	1.82	2.559	6.929	-2.9239999999999995	8.472	13.708	6.374	-1.5690000000000008
5.44	6.25	5.542	-0.4559999999999995	1.895	6.897	-0.747	-1.1800000000000002	-14.57	-15.221	-13.823	-0.04800000000000004
-9.383	-7.158	-1.438	-5.084999999999999	-13.531	-14.602	20.654	-16.557000000000002	5.973	10.295	9.921	-4.135000000000001
67.025	65.831	52.696	7.761500000000005	5.937	7.721	3.148	0.5025000000000004	1.425	2.634	0.595	-0.1895
9.071	12.314	24.35	-9.261000000000001	1.407	-2.286	8.26	-1.58	4.768	9.355	5.304	-2.5615000000000006
9.347	9.022	17.069	-3.698500000000001	5.39	3.259	2.929	2.296	2.79	4.001	7.261	-2.841
6.997	9.651	12.859	-4.257999999999999	-1.281	6.812	-0.535	-4.4195	5.285	1.93	7.89	0.375
2.4	5.585	9.229	-5.007	-10.296	-6.078	4.522	-9.517999999999999	0.487	-0.288	3.414	-1.076
6.291	3.022	6.758	1.4010000000000007	-5.558	-9.174	-2.849	0.4535	-1.491	-0.405	1.217	-1.8970000000000002
-0.988	-5.326	-0.877	2.1134999999999997	-7.613	-3.326	0.156	-6.0280000000000005	7.725	14.552	5.985	-2.5435
-5.615	1.478	-0.359	-6.1745	3.456	9.145	-7.046	2.4065000000000003	16.097	8.399	6.378	8.7085
39.404	40.299	45.394	-3.4424999999999955	-39.189	-20.556	-1.938	-27.942	4.607	10.196	7.466	-4.223999999999999
14.587	16.527	14.433	-0.8930000000000007	-13.687	-13.96	-9.415	-1.9994999999999994	0.099	1.104	1.268	-1.087
13.768	13.942	14.949	-0.6774999999999984	-5.355	-13.334	-13.326	7.975	-2.088	0.451	1.893	-3.26
7.329	8.573	11.416	-2.6655000000000006	-27.337	-15.449	-8.837	-15.193999999999999	-14.736	-10.322	-1.646	-8.752
-29.756	-37.129	-40.956	9.286500000000004	16.622	16.844	13.72	1.3399999999999999	-17.004	-8.913	-8.825	-8.135000000000002
-26.965	-26.438	-31.269	1.888499999999997	13.641	15.778	18.487	-3.4915000000000003	-22.843	-23.408	-15.869	-3.2044999999999995
19.994	2.384	7.392	15.106	-1.508	-7.014	-8.703	6.350499999999999	-6.945	0.892	1.027	-7.9045000000000005
-8.343	-18.123	-9.932	5.6845	11.703	6.879	6.052	5.2375	2.472	9.945	15.574	-10.2875
-17.676	-12.598	-9.194	-6.779999999999998	13.264	25.605	17.662	-8.369499999999999	-3.742	-2.515	-1.009	-1.98
15.759	18.69	22.115	-4.6434999999999995	-4.271	6.266	2.965	-8.8865	11.037	11.008	4.747	3.1595000000000013
24.159	37.786	44.102	-16.785000000000004	-1.986	-1.038	0.712	-1.823	-6.291	-14.659	-19.917	10.997
14.338	17.092	32.009	-10.2125	4.699	-5.493	-1.506	8.1985	-0.267	-1.763	-11.09	6.1594999999999995
12.662	22.618	27.824	-12.559	-13.551	-15.461	-25.113	6.735999999999999	20.285	9.262	-3.705	17.5065
-6.345	-4.378	-2.744	-2.784	4.546	2.77	3.166	1.5780000000000003	-15.19	-14.094	-10.1	-3.093
-3.08	-7.663	-3.778	2.6405000000000003	0.127	3.984	2.888	-3.309	-25.273	-15.017	-14.618	-10.4555
-1.712	-1.217	-6.995	2.394	-4.522	0.033	4.54	-6.8085	-29.645	-27.62	-14.811	-8.4295
-8.376	-1.233	-5.882	-4.818499999999999	-2.659	-2.361	2.463	-2.71	-27.363	-30.789	-19.058	-2.439499999999999
1.541	-1.712	-5.505	5.1495	7.763	-0.166	-3.016	9.354	-25.711	-21.991	-27.257	-1.0869999999999962
-38.701	-37.803	-22.961	-8.319000000000003	3.665	4.954	2.237	0.06950000000000012	-0.1	4.01	3.697	-3.9535
-27.705	-22.379	-29.684	-1.673499999999997	-13.154	-4.527	0.592	-11.1865	-9.812	-14.749	-11.383	3.2539999999999996
-16.138	-25.125	-27.453	10.151	1.282	-11.497	-0.458	7.2595	-20.382	-12.832	-12.032	-7.950000000000001
39.848	31.206	21.056	13.716999999999999	4.547	2.809	-6.477	6.381	6.977	-3.07	-19.425	18.2245
29.556	35.249	38.533	-7.335000000000004	-2.613	-0.38	-4.892	0.02300000000000013	4.627	-3.765	-1.617	7.318
-9.335	-2.489	5.213	-10.697000000000001	-0.594	-2.866	2.819	-0.5704999999999999	-10.785	-9.101	-10.641	-0.9139999999999997
-10.709	-16.481	-23.355	9.209	21.102	15.159	25.061	0.9920000000000009	-2.724	4.044	2.389	-5.9405
-38.21	-31.329	-43.948	-0.5715000000000003	-10.545	1.5	4.893	-13.7415	-2.204	-9.96	1.176	2.188
-7.912	-5.767	5.798	-7.9275	-7.273	-6.24	-0.674	-3.8159999999999994	22.609	17.237	1.966	13.007500000000002
34.59	40.525	38.708	-5.026499999999999	-2.16	16.358	-2.713	-8.9825	-16.84	-21.824	-28.196	8.170000000000002
43.372	36.692	36.226	6.912999999999997	17.409	5.369	4.778	12.3355	-6.827	-13.686	-17.444	8.738
10.226	17.149	21.965	-9.331000000000001	26.207	25.539	16.895	4.990000000000002	-22.534	-16.268	-21.235	-3.782499999999999
9.895	11.609	13.476	-2.647500000000001	-12.375	-8.859	-6.54	-4.6754999999999995	17.424	9.944	9.412	7.745999999999999
-29.133	-26.663	-15.773	-7.914999999999999	-12.78	-13.893	-6.153	-2.7569999999999997	0.597	-2.055	-8.585	5.917
-9.471	-7.889	-14.671	1.8089999999999993	3.629	2.147	5.177	-0.03299999999999992	10.556	8.35	5.741	3.5104999999999995
53.783	43.443	35.296	14.413499999999999	8.175	-4.091	-12.44	16.4405	8.728	4.632	-1.632	7.228
48.035	56.204	41.609	-0.8715000000000046	11.507	8.772	-4.365	9.3035	9.872	10.554	5.114	2.0380000000000003
48.288	47.992	54.09	-2.753	11.887	12.975	6.023	2.3880000000000017	3.222	7.278	8.507	-4.6705000000000005
51.535	52.366	44.584	3.059999999999995	17.557	17.134	14.869	1.5554999999999986	10.379	11.396	5.83	1.766
-2.236	-2.054	-1.645	-0.3865000000000003	4.166	2.892	1.436	2.0020000000000007	-3.64	-4.355	5.417	-4.170999999999999
-20.152	-26.177	-23.237	4.555	-1.123	-4.459	5.683	-1.735	3.304	7.213	3.176	-1.8904999999999998
-11.715	-17.323	-25.416	9.654500000000002	19.029	18.106	22.136	-1.0920000000000023	0.367	-2.364	8.388	-2.645
-14.542	-13.138	-24.586	4.3199999999999985	16.189	19.032	17.949	-2.3015000000000008	-0.124	-2.687	3.076	-0.3185000000000001
-18.54	-15.542	-15.554	-2.991999999999999	7.459	7.714	18.643	-5.7195	10.06	9.655	1.894	4.285500000000001
-22.207	-19.576	-16.491	-4.173500000000001	22.192	16.231	7.375	10.389	7.695	7.414	9.77	-0.8969999999999985
-22.856	-22.243	-21.001	-1.2340000000000018	3.213	-1.577	1.29	3.3565	-18.331	-17.595	-14.251	-2.4080000000000013
7.556	-3.457	-4.202	11.3855	7.854	-2.032	-10.07	13.905000000000001	-0.597	-1.769	1.669	-0.547
24.401	25.861	27.9	-2.479499999999998	-3.182	-11.033	-7.579	6.123999999999999	-8.471	-7.927	-1.924	-3.5455000000000005
16.833	7.275	-5.211	15.800999999999998	16.892	7.581	2.67	11.766499999999999	-11.749	-7.478	0.412	-8.216000000000001
9.589	14.925	7.33	-1.5385000000000009	9.176	13.405	8.163	-1.6079999999999988	-4.2	-10.016	-6.827	4.2215
8.401	8.692	15.333	-3.6114999999999995	11.185	15.581	20.382	-6.7965	-2.999	-6.133	-11.589	5.862
-43.933	-46.205	-46.061	2.1999999999999957	10.573	11.253	1.858	4.0175	12.087	3.641	12.796	3.868500000000001
4.536	-0.552	-2.091	5.8575	2.647	0.947	-2.316	3.3314999999999997	-4.605	-6.934	-6.645	2.1845
29.511	29.102	25.343	2.288499999999999	16.358	14.293	-6.468	12.445500000000001	-9.227	-10.304	-4.076	-2.037000000000001
19.607	24.58	28.741	-7.0535	-3.87	10.527	18.064	-18.1655	-11.246	-13.894	-8.815	0.10849999999999937
16.694	19.433	28.453	-7.248999999999999	2.6	-0.665	17.441	-5.788	-6.896	-12.71	-9.494	4.206
-25.473	-27.331	-19.752	-1.9314999999999998	-18.447	-11.202	-7.57	-9.061	-13.312	-8.432	-3.325	-7.433499999999999
-32.891	-30.682	-22.053	-6.5234999999999985	-18.519	-11.572	-15.548	-4.959	-19.157	-12.432	-12.504	-6.689
32.208	28.677	30.516	2.6114999999999995	-8.323	-22.054	-24.676	15.041999999999998	21.832	17.868	18.335	3.7304999999999993
35.349	26.09	10.929	16.839499999999997	1.678	-0.25	3.944	-0.16900000000000004	1.758	3.646	-0.344	0.10699999999999998
-1.956	1.522	9.126	-7.279999999999999	3.035	-3.092	0.284	4.439	-21.429	-21.307	-12.881	-4.334999999999997
-9.176	-4.222	1.247	-7.6884999999999994	0.487	3.43	-1.754	-0.3510000000000001	-20.077	-21.405	-21.346	1.2985000000000007
-4.479	-9.769	-3.896	2.3534999999999995	0.224	-4.54	3.178	0.905	-18.383	-20.754	-21.611	2.799500000000002
-33.727	-31.997	-31.672	-1.8924999999999983	9.911	8.622	-5.127	8.163499999999999	0.058	2.797	8.434	-5.5575
-30.657	-26.214	-31.698	-1.7010000000000005	5.986	12.723	0.996	-0.8735000000000008	-5.04	-8.556	-5.219	1.8474999999999993
-1.309	-3.414	7.277	-3.2405	4.612	7.723	5.991	-2.244999999999999	9.034	15.49	2.569	0.0045000000000001705
3.864	7.232	1.545	-0.5245000000000006	4.366	5.959	6.694	-1.9604999999999997	11.475	6.919	10.121	2.955
12.938	17.804	19.75	-5.839	22.43	20.422	17.963	3.237499999999997	6.751	5.016	2.557	2.9645
14.73	18.973	15.248	-2.380499999999998	21.628	17.851	21.774	1.8155000000000001	0.435	3.808	4.867	-3.9025000000000003
0.434	5.52	5.7	-5.175999999999999	-11.698	-9.374	4.166	-9.094000000000001	7.922	1.578	-11.102	12.684000000000001
7.801	5.413	2.764	3.7125000000000004	-9.498	-10.825	-10.657	1.2430000000000003	10.614	4.865	6.162	5.1005
-45.657	-51.029	-54.495	7.105000000000004	-12.228	-16.125	-17.486	4.577500000000002	-11.499	-12.983	-7.539	-1.2380000000000013
10.011	15.244	20.365	-7.793499999999998	-14.986	-12.34	-8.998	-4.317	8.585	5.34	3.974	3.928000000000001
-13.411	-7.801	0.103	-9.562	-1.924	5.783	2.917	-6.273999999999999	14.695	11.793	6.708	5.4445000000000014
-3.214	-1.38	-11.363	3.1574999999999993	26.993	33.832	26.536	-3.1910000000000025	-23.256	-23.983	-23.341	0.4059999999999988
-5.703	-7.997	-4.552	0.5714999999999995	28.973	24.22	26.147	3.7895000000000003	-26.942	-20.484	-19.941	-6.729500000000002
-4.512	-4.479	-7.913	1.6840000000000002	27.415	29.429	24.575	0.41300000000000026	-28.391	-27.162	-18.955	-5.3325
-18.574	-24.261	-30.925	9.018999999999998	8.445	11.416	5.829	-0.1775000000000002	-8.329	-1.606	3.05	-9.051
-26.07	-21.058	-20.467	-5.307500000000001	5.465	8.67	7.773	-2.756499999999999	0.347	0.443	-4.26	2.2554999999999996
45.784	50.568	59.731	-9.365500000000004	2.175	-4.537	6.902	0.9924999999999997	26.543	19.947	9.399	11.870000000000001
-20.981	-18.048	-14.485	-4.714500000000001	-0.891	12.365	-1.741	-6.203	17.718	12.002	10.546	6.443999999999999
34.703	32.228	22.456	7.361000000000004	18.845	13.465	14.624	4.8004999999999995	5.795	4.548	5.232	0.9049999999999994
30.995	31.957	29.273	0.379999999999999	11.576	19.694	12.874	-4.707999999999998	-3.434	5.379	4.836	-8.5415
27.142	30.497	33.333	-4.773	11.1	11.593	17.71	-3.5515000000000008	-9.895	-7.817	5.62	-8.7965
26.798	24.728	25.209	1.8294999999999995	11.554	17.432	15.054	-4.688999999999998	-5.23	-5.584	-3.573	-0.6515000000000004
-45.961	-46.546	-32.643	-6.366500000000002	9.251	2.677	6.86	4.482499999999999	5.258	3.805	7.985	-0.6370000000000005
-47.061	-44.354	-43.887	-2.9405	12.741	12.339	2.576	5.283499999999999	-0.231	2.527	4.019	-3.504
-47.096	-48.007	-45.998	-0.0934999999999988	-2.669	1.355	11.059	-8.876	-16.393	-10.806	-0.807	-10.586500000000001
-50.092	-46.638	-48.24	-2.6529999999999987	-1.604	-2.087	5.082	-3.1014999999999997	-18.105	-16.055	-5.404	-7.375500000000001
49.564	45.73	36.375	8.511500000000005	-7.291	-14.312	-11.818	5.773999999999999	-2.874	-4.713	-0.527	-0.254
21.09	17.851	19.851	2.2390000000000008	7.091	-1.897	7.672	4.2035	-10.918	-11.041	-8.179	-1.3079999999999998
-3.299	-5.604	6.331	-3.6625	-11.632	-3.474	4.265	-12.0275	20.085	17.295	10.563	6.155999999999999
-9.263	-18.231	-19.008	9.356500000000002	5.145	3.784	6.518	-0.006000000000000227	-16.895	-14.055	-7.416	-6.1594999999999995
-19.664	-15.153	-6.779	-8.698	4.319	11.298	10.637	-6.648500000000001	-7.321	-11.102	-16.567	6.5135000000000005
-9.321	-10.421	-9.754	0.7664999999999988	19.796	21.593	11.756	3.1214999999999975	-4.229	-4.105	12.15	-8.2515
-2.273	-1.399	-3.472	0.1625000000000001	23.236	22.375	10.404	6.8465000000000025	15.888	12.281	10.136	4.679499999999999
31.177	33.216	29.239	-0.050499999999999545	-0.608	-4.467	-5.196	4.2235000000000005	-1.834	-4.532	-9.237	5.0504999999999995
29.239	30.726	32.585	-2.416499999999999	1.171	-0.497	-0.272	1.5555	0.407	-3.583	-1.989	3.193
27.974	28.561	31.001	-1.8069999999999986	-9.687	0.175	-0.23	-9.6595	2.396	1.96	-2.73	2.7809999999999997
8.302	12.298	9.502	-2.5980000000000008	3.085	4.528	-0.072	0.8570000000000002	22.497	18.737	20.949	2.654
10.655	8.22	12.23	0.42999999999999794	-1.464	1.968	3.66	-4.2780000000000005	24.465	23.782	19.278	2.9349999999999987
13.799	15.581	8.655	1.681000000000001	15.859	3.783	1.759	13.088000000000001	24.304	23.076	23.209	1.1615000000000002
15.79	15.163	10.555	2.930999999999999	17.061	11.903	0.406	10.9065	23.827	23.292	24.326	0.018000000000000682
16.64	16.347	15.136	0.8985000000000003	14.954	15.006	15.858	-0.47799999999999976	27.814	20.774	23.546	5.654
-44.563	-45.906	-49.21	2.9949999999999974	7.1	14.352	20.104	-10.128000000000002	-5.633	0.778	2.432	-7.2379999999999995
21.957	24.429	17.331	1.0770000000000017	8.116	9.467	10.647	-1.9410000000000007	11.382	12.714	16.106	-3.0280000000000005
-8.232	4.121	6.824	-13.7045	-12.93	-15.823	-20.072	5.017499999999998	4.173	6.747	15.657	-7.029
-7.385	-3.902	-4.773	-3.0474999999999994	-9.294	-11.704	-12.021	2.5685000000000002	-10.358	-11.262	-2.427	-3.5135000000000005
-7.853	-8.185	-5.502	-1.0094999999999992	-13.184	-20.556	-25.157	9.672500000000001	9.269	5.422	3.464	4.8260000000000005
-0.542	-5.017	-5.263	4.598000000000001	19.288	18.992	21.734	-1.0749999999999993	13.42	10.785	8.373	3.8409999999999993
-19.378	-14.782	-13.921	-5.0265	1.603	5.265	1.974	-2.0164999999999997	-7.754	-9.508	-2.149	-1.9254999999999995
-23.603	-20.675	-15.769	-5.381	-7.924	-4.046	4.125	-7.9635	-8.904	-9.563	-8.902	0.3285
-19.454	-20.695	-22.068	1.927500000000002	-16.89	-15.869	-0.351	-8.780000000000001	11.11	7.227	0.372	7.310499999999999
-14.747	-19.695	-17.433	3.817	-4.597	-10.547	-10.454	5.9035	10.862	6.548	5.423	4.8765
39.687	45.08	41.975	-3.840500000000006	-1.444	-4.743	-11.048	6.4515	-5.424	-11.98	-14.134	7.633
-44.267	-43.023	-38.613	-3.449000000000005	1.482	1.13	9.197	-3.681499999999999	-3.524	-4.633	-8.231	2.9080000000000004
39.416	34.283	29.98	7.284499999999994	-3.225	-13.211	-17.127	11.944	23.644	25.307	25.245	-1.6320000000000014
41.285	40.752	32.164	4.826999999999998	-5.139	-1.808	-14.424	2.9769999999999994	22.392	22.797	26.85	-2.4315000000000033
50.469	43.93	40.841	8.0835	17.278	1.521	-3.394	18.214499999999997	9.598	15.793	23.006	-9.801499999999999
48.739	48.204	41.64	3.817	15.955	12.301	-2.58	11.0945	11.304	11.486	21.055	-4.966499999999998
-19.261	-17.474	-13.149	-3.9495000000000005	16.326	13.281	11.895	3.7379999999999995	-16.61	-12.798	-10.822	-4.800000000000001
-13.861	-19.478	-17.323	4.5395	10.056	13.244	14.456	-3.7940000000000005	-18.68	-14.345	-12.795	-5.109999999999999
-14.246	-13.603	-11.702	-1.5935000000000006	7.751	5.353	7.451	1.349000000000001	-26.41	-23.985	-22.39	-3.2225
-12.76	-15.803	-13.681	1.982000000000001	3.623	5.281	4.469	-1.2519999999999998	17.542	14.707	5.988	7.1945000000000014
-5.025	-6.917	-5.806	1.3364999999999991	-1.81	4.188	5.143	-6.4755	18.676	10.181	7.926	9.622499999999999
12.311	17.07	26.082	-9.265	-27.721	-22.854	-16.003	-8.2925	1.485	2.039	-4.834	2.8825
-2.499	0.088	10.621	-7.8535	6.03	13.571	11.326	-6.418499999999999	5.598	-0.861	-3.564	7.810499999999999
1.124	6.819	0.927	-2.749	1.074	7.863	10.858	-8.2865	5.853	3.516	3.205	2.4924999999999997
20.558	20.543	10.371	5.100999999999999	-1.256	13.53	21.54	-18.791	3.464	5.312	5.147	-1.7654999999999998
-15.371	-11.454	-18.835	-0.2264999999999997	20.302	15.417	7.493	8.847	5.914	7.928	7.502	-1.8010000000000002
-22.694	-15.658	-12.759	-8.485499999999998	10.251	17.117	17.045	-6.830000000000004	19.554	13.239	7.256	9.306499999999998
0.636	-3.138	-17.226	10.817999999999998	9.83	8.007	8.98	1.3364999999999991	15.875	19.912	16.781	-2.471499999999999
-4.808	2.67	10.814	-11.55	-15.754	-15.258	-12.956	-1.6470000000000002	10.556	14.095	13.465	-3.224000000000002
-39.767	-40.985	-35.624	-1.4624999999999986	-0.734	-5.249	-16.576	10.1785	-16.64	-13.518	-10.592	-4.585000000000001
-18.601	-7.349	-2.157	-13.847999999999999	13.591	17.209	19.456	-4.7415	0.852	-6.154	-3.533	5.6955
55.919	52.497	48.182	5.579499999999996	14.003	9.858	9.315	4.416499999999999	22.25	25.14	21.829	-1.2345000000000006
30.014	36.418	45.483	-10.936499999999999	-7.307	1.152	10.738	-13.251999999999999	11.534	14.406	19.322	-5.33
-18.955	-15.69	-13.057	-4.581499999999998	-19.444	-9.682	-3.962	-12.622	-12.617	-15.546	-13.315	1.8134999999999977
46.651	49.125	47.379	-1.600999999999992	1.904	-4.674	-12.483	10.4825	8.497	0.834	0.904	7.628
46.641	46.326	48.3	-0.6720000000000041	8.761	6.165	-2.481	6.918999999999999	4.15	4.637	3.388	0.13750000000000107
26.258	21.407	26.528	2.290499999999998	-0.818	-0.86	4.037	-2.4065	20.094	24.086	20.516	-2.206999999999997
-12.039	-11.345	-23.062	5.164500000000002	14.098	10.475	8.664	4.528500000000001	-17.716	-19.997	-3.037	-6.199000000000002
-1.425	-1.551	-2.412	0.5565	18.224	7.778	-0.531	14.6005	14.942	17.262	20.942	-4.16
44.54	43.092	41.605	2.191499999999998	28.396	15.845	13.298	13.8245	7.075	6.189	-2.418	5.189500000000001
-2.224	1.369	-8.329	1.2560000000000002	1.658	-1.074	-2.695	3.5425	-1.841	-2.132	-1.627	0.0385000000000002
33.138	30.877	36.163	-0.3819999999999979	12.657	10.36	-5.804	10.379000000000001	-3.562	-6.065	6.03	-3.5444999999999998
33.512	34.362	30.69	0.9859999999999971	25.915	15.576	7.401	14.426499999999999	1.55	-1.551	-3.604	4.1275
29.863	34.544	31.915	-3.366500000000002	23.348	21.339	11.788	6.784500000000001	-1.482	-0.035	-5.131	1.1010000000000002
-15.599	-14.173	-19.44	1.2074999999999996	5.924	-2.609	-4.098	9.2775	11.643	14.71	22.443	-6.933500000000002
-16.893	-12.21	-13.762	-3.907	15.148	13.324	3.309	6.8315	21.107	17.749	12.552	5.9565
-28.799	-24.828	-19.723	-6.5234999999999985	-7.457	0.548	8.747	-12.1045	21.852	21.505	24.303	-1.0519999999999996
-9.177	-8.379	-7.327	-1.3239999999999998	-4.827	-9.901	-8.394	4.320500000000001	3.451	9.36	2.05	-2.254
0.357	-8.119	-7.346	8.0895	6.215	-3.269	-10.06	12.8795	-2.648	3.274	8.02	-8.295
14.542	9.227	5.589	7.1339999999999995	19.937	0.412	3.202	18.130000000000003	4.081	7.568	4.911	-2.158499999999999
35.269	30.809	30.535	4.596999999999998	41.296	24.773	14.223	21.798	-1.794	-7.022	-8.102	5.768000000000001
32.236	34.463	29.214	0.3974999999999973	37.466	34.809	17.399	11.362000000000002	2.888	-6.058	-7.301	9.567499999999999
36.702	34.244	29.108	5.025999999999996	36.719	38.956	21.2	6.640999999999998	4.978	-2.398	-7.278	9.815999999999999
2.539	5.433	11.092	-5.7235	-18.305	-16.383	-20.175	-0.0259999999999998	3.726	4.971	7.203	-2.3609999999999998
-8.55	-8.677	-12.486	2.0314999999999994	13.805	14.311	7.483	2.9079999999999995	27.044	31.534	24.989	-1.2174999999999976
-6.434	-10.351	-9.661	3.572	2.51	13.112	12.149	-10.1205	20.051	23.216	30.973	-7.043500000000002
-15.551	-12.842	-3.163	-7.548500000000001	-4.028	-3.607	5.209	-4.828999999999999	16.137	15.355	11.761	2.5790000000000006
-6.55	-6.633	-12.953	3.2429999999999994	5.101	3.319	-3.496	5.1895	15.095	11.844	15.161	1.5925000000000011
-3.692	-3.971	-12.649	4.6179999999999986	-3.411	6.387	-2.692	-5.2585	12.553	12.767	14.49	-1.0754999999999981
-7.283	-4.283	-7.121	-1.5810000000000004	-8.683	-4.881	3.72	-8.1025	9.706	12.037	12.976	-2.8005000000000013
12.333	7.671	7.341	4.827	-11.092	-2.52	-5.253	-7.205500000000001	-6.503	-5.719	-6.752	-0.26750000000000007
26.285	17.214	17.851	8.752500000000001	-5.69	-12.395	1.719	-0.3520000000000003	-6.709	-6.914	-7.116	0.30600000000000005
6.162	9.004	14.147	-5.4135	-1.7	5.005	0.877	-4.641	-3.72	-0.078	5.64	-6.5009999999999994
10.027	7.473	11.162	0.7094999999999985	-10.983	-1.631	5.863	-13.099	-5.765	-3.548	2.48	-5.231
58.524	62.821	56.482	-1.1274999999999977	-0.492	-2.072	-1.947	1.5175	2.146	-0.383	-3.449	4.061999999999999
-25.731	-25.778	-29.185	1.7504999999999953	2.861	-7.746	-18.032	15.75	-23.78	-29.712	-20.574	1.3629999999999995
-23.955	-21.27	-31.512	2.436	-3.662	-1.827	1.02	-3.2584999999999997	-7.117	-0.718	8.44	-10.978
11.537	13.688	9.017	0.18450000000000166	18.874	21.643	23.997	-3.9460000000000015	-5.545	-5.677	-3.859	-0.7770000000000001
13.759	9.06	11.08	3.689	11.297	1.175	-12.971	17.195	-11.169	-15.91	-6.143	-0.14250000000000007
-29.744	-46.446	-52.212	19.585	31.9	17.397	13.128	16.6375	-1.523	-0.445	8.98	-5.7905
-20.806	-26.509	-45.533	15.215	25.613	29.71	18.826	1.3449999999999989	-1.239	0.135	0.393	-1.5030000000000001
32.931	41.24	35.214	-5.2960000000000065	-15.624	-9.795	-7.989	-6.732000000000001	4.471	-3.209	5.83	3.1605
33.615	33.307	38.47	-2.2734999999999985	-3.64	-12.203	-11.738	8.330499999999999	0.228	5.666	-0.649	-2.2805
35.984	33.211	35.296	1.7304999999999993	4.223	-5.202	-12.817	13.232499999999998	1.45	1.461	3.479	-1.0200000000000002
-56.144	-53.798	-58.813	0.16150000000000375	-24.938	-20.209	-12.567	-8.55	-3.329	-1.081	5.087	-5.332000000000001
9.501	15.645	21.296	-8.969500000000002	-7.147	-0.675	-0.001	-6.809	-26.818	-31.972	-21.067	-0.29850000000000065
6.381	8.732	14.944	-5.457000000000001	8.876	1.934	-2.897	9.3575	19.514	15.02	13.386	5.311
19.646	27.183	20.569	-4.229999999999997	-4.458	-0.051	-3.354	-2.7555	-9.03	-20.121	-6.7	4.3805
22.121	21.464	21.58	0.5990000000000002	-8.341	-8.628	-2.289	-2.8824999999999994	-7.683	0.661	-10.807	-2.6099999999999994
25.406	20.981	21.467	4.181999999999999	8.316	-9.701	-3.583	14.958000000000002	-10.251	-2.209	-5.896	-6.198499999999999
24.53	24.596	21.229	1.6174999999999997	5.938	3.356	-6.775	7.6475	-8.04	-9.495	-1.386	-2.5995
-18.454	-21.227	-18.443	1.3810000000000002	18.267	18.23	10.402	3.9510000000000005	2.652	4.499	0.565	0.1200000000000001
10.666	-2.626	-11.335	17.6465	28.194	24.047	26.539	2.901	-5.424	-5.199	-9.142	1.7464999999999993
20.023	24.03	36.127	-10.055500000000002	-7.228	3.278	3.286	-10.51	13.621	9.827	10.051	3.6820000000000004
-33.123	-33.099	-41.38	4.116500000000002	11.172	11.197	4.51	3.318500000000001	9.226	12.314	24.488	-9.174999999999999
13.27	14.066	20.749	-4.137499999999999	-3.514	-11.756	-13.619	9.1735	-12.053	-11.637	-19.098	3.314499999999999
11.521	13.645	16.038	-3.320499999999999	-2.163	-5.229	-16.127	8.514999999999999	-18.989	-12.06	-15.601	-5.1585
16.938	19.086	13.885	0.45250000000000057	8.268	5.251	-2.836	7.0605	-15.503	-19.835	-13.78	1.3045000000000009
5.376	8.879	9.5	-3.8134999999999986	-33.547	-37.177	-28.741	-0.5879999999999939	-4.432	-6.011	-7.284	2.2154999999999996
7.03	3.27	1.838	4.476	43.55	32.31	31.59	11.599999999999994	3.932	3.359	1.18	1.6625
2.607	5.027	2.495	-1.154	31.568	40.641	29.579	-3.541999999999998	2.036	3.816	2.697	-1.2205
31.732	29.101	25.188	4.587499999999999	-13.146	-10.269	-17.18	0.5784999999999982	20.005	17.754	12.507	4.874499999999998
-35.414	-35.13	-38.207	1.2545000000000002	9.651	6.774	-0.562	6.545	-9.303	-7.143	-3.268	-4.097500000000001
-42.158	-41.946	-36.6	-2.885000000000005	-7.372	2.806	9.936	-13.743	-13.637	-8.46	-7.929	-5.442499999999999
44.024	48.105	57.892	-8.974499999999999	1.991	-7.344	-13.944	12.635	-15.195	-19.058	-35.211	11.939499999999999
36.978	41.049	45.906	-6.499499999999998	7.28	-4.285	-3.197	11.021	-15.397	-15.529	-16.836	0.7854999999999972
26.267	29.231	32.529	-4.613000000000003	-2.684	-5.944	6.652	-3.0380000000000003	-19.787	-22.134	-17.762	0.16100000000000136
26.967	27.688	30.453	-2.1035000000000004	3.481	-3.339	-2.195	6.247999999999999	-11.316	-19.726	-20.961	9.027499999999998
-6.084	-1.13	-4.992	-3.0229999999999997	16.063	11.24	-14.09	17.488	2.793	1.073	6.347	-0.9169999999999998
20.394	15.818	15.242	4.863999999999997	31.962	18.632	12.031	16.630499999999998	16.521	11.327	9.071	6.322000000000001
18.965	20.391	18.907	-0.684000000000001	24.003	26.228	26.36	-2.2910000000000004	14.99	15.376	13.843	0.3804999999999996
-23.205	-25.872	-24.217	1.839500000000001	-17.65	-14.2	-6.993	-7.0535	12.26	13.913	11.122	-0.2575000000000003
41.844	42.735	33.642	3.6554999999999964	3.088	3.574	-9.209	5.9055	10.077	-1.048	5.477	7.8625
31.802	28.539	37.233	-1.083999999999996	-9.8	-17.619	-8.764	3.391499999999999	-5.271	1.667	-2.219	-4.995
-18.818	-12.26	-8.34	-8.518	-1.379	0.91	8.687	-6.1775	9.474	5.782	5.548	3.809
-10.411	-8.294	-16.15	1.811	18.383	8.945	4.445	11.687999999999999	-1.003	-8.117	-0.121	3.1160000000000005
-0.472	-14.625	-12.116	12.8985	-8.754	-10.953	-4.646	-0.9544999999999995	8.132	21.252	11.834	-8.411
-10.633	-6.353	-1.357	-6.777999999999999	-3.641	-2.757	-2.729	-0.8979999999999997	6.672	8.208	10.057	-2.4605000000000006
6.509	10.376	0.945	0.8485000000000005	23.551	17.426	7.779	10.9485	-2.55	-3.643	-3.312	0.9275000000000002
3.771	4.424	14.486	-5.684	-19.339	-7.281	-3.72	-13.8385	-5.855	-1.373	-3.633	-3.3520000000000003
-2.923	-4.641	-10.515	4.655	0.862	1.062	7.237	-3.2874999999999996	0.194	4.306	13.116	-8.517
-27.663	-23.364	-14.841	-8.560500000000001	-27.947	-31.351	-21.825	-1.3589999999999982	-5.709	-1.501	1.931	-5.9239999999999995
25.241	25.714	28.268	-1.75	9.514	5.747	-1.088	7.1845	5.374	1.312	8.623	0.4065000000000003
10.591	9.526	19.805	-4.0745000000000005	-11.43	-25.836	-24.335	13.6555	-1.171	-0.861	9.204	-5.3425
4.038	2.335	8.136	-1.1974999999999998	-14.303	-10.658	-3.815	-7.066500000000001	-1.106	6.739	6.017	-7.484
-1.901	-5.209	-13.083	7.245000000000001	20.161	17.156	18.067	2.549500000000002	-22.125	-24.99	-15.887	-1.6865000000000023
4.276	0.27	-4.106	6.194	16.26	13.956	18.158	0.2029999999999994	-13.947	-13.887	-24.035	5.013999999999999
-10.26	2.054	1.605	-12.0895	13.676	20.869	14.724	-4.120500000000002	-11.864	-16.532	-13.907	3.3554999999999993
-14.373	-10.703	3.932	-10.9875	15.125	15.105	18.949	-1.902000000000001	-7.538	-12.053	-15.569	6.273
-11.421	-13.697	-15.073	2.9640000000000004	8.931	16.816	14.0	-6.477	-9.055	-1.111	4.188	-10.593499999999999
2.216	4.124	5.435	-2.5634999999999994	12.687	18.485	16.427	-4.769	-4.828	-1.349	-5.064	-1.6215000000000002
42.817	38.834	28.307	9.246499999999997	2.325	1.331	3.739	-0.20999999999999996	7.425	-3.515	6.389	5.9879999999999995
38.529	40.103	34.599	1.1780000000000044	14.739	6.262	-3.848	13.532	10.362	6.6	6.389	3.8674999999999997
-0.095	-1.148	-1.998	1.478	7.855	11.969	-4.064	3.9025000000000007	0.028	-5.201	10.092	-2.4175000000000004
-19.185	-9.912	-0.531	-13.963499999999998	18.752	14.842	10.638	6.011999999999999	9.348	3.46	-3.054	9.145000000000001
-14.75	-17.41	-2.577	-4.756499999999999	18.726	19.022	10.028	4.2010000000000005	10.641	7.618	0.065	6.7995
-14.495	-12.789	-15.991	-0.10499999999999865	19.012	17.816	17.737	1.2355000000000018	5.585	10.993	6.893	-3.3579999999999997
16.164	17.655	17.053	-1.1899999999999977	2.415	4.001	4.774	-1.9725000000000001	0.762	4.6	4.604	-3.8400000000000003
17.82	16.336	16.675	1.3145000000000024	3.245	1.489	5.631	-0.31499999999999995	0.841	1.858	4.765	-2.4704999999999995
22.502	25.913	29.112	-5.0105	-19.339	1.259	-9.576	-15.180499999999999	-13.671	-22.313	-29.622	12.296500000000002
-14.462	-11.579	-14.154	-1.5954999999999995	10.024	3.379	6.578	5.045499999999999	-6.081	-4.611	-1.374	-3.0885000000000007
17.855	20.518	23.27	-4.038999999999998	-24.316	-22.107	-18.659	-3.933	6.823	5.331	10.778	-1.2315000000000005
0.239	8.466	15.294	-11.640999999999998	2.454	8.833	4.871	-4.398	-9.054	-5.599	-18.51	3.0005000000000006
7.147	-3.621	-2.941	10.428	3.643	-12.789	-4.321	12.198	-20.497	-12.726	-7.963	-10.1525
-14.987	-10.468	-16.149	-1.6784999999999997	19.511	11.689	3.627	11.853	-4.103	-7.232	-9.044	4.035
-24.283	-20.707	-11.975	-7.942	7.259	17.16	14.296	-8.469	7.296	1.642	-6.189	9.569500000000001
41.362	35.931	29.86	8.466500000000003	0.459	-8.982	-21.866	15.883	8.587	5.517	7.641	2.007999999999999
13.358	11.89	9.943	2.4415000000000013	-8.035	-6.063	-7.839	-1.0839999999999996	-14.494	-17.181	-11.821	0.0070000000000014495
-26.854	-13.76	-7.191	-16.3785	14.246	12.339	11.97	2.0915	8.716	15.213	8.593	-3.1869999999999994
-32.917	-23.529	-14.721	-13.792000000000002	-4.049	-10.012	-5.413	3.6635	6.247	-2.474	-2.292	8.629999999999999
29.228	27.543	28.593	1.1600000000000037	10.413	1.315	4.003	7.7540000000000004	21.657	25.331	11.66	3.1615
36.532	30.442	28.989	6.816499999999998	13.153	8.927	1.883	7.748000000000001	22.983	21.881	20.929	1.5779999999999994
-1.347	2.117	0.371	-2.591	1.671	4.732	-6.488	2.5490000000000004	11.182	6.508	13.323	1.2665000000000006
-28.233	-22.472	-22.627	-5.683499999999999	19.648	24.335	20.793	-2.9160000000000004	-7.753	-14.058	-5.616	2.0839999999999996
-25.625	-26.276	-20.195	-2.389499999999998	22.289	19.185	23.38	1.0065000000000026	-4.98	-11.686	-9.606	5.666
-14.363	-19.219	-18.961	4.727	19.829	20.238	17.251	1.0844999999999985	0.907	0.523	-5.69	3.4905000000000004
-9.708	-14.898	-19.525	7.503500000000001	7.398	15.045	18.036	-9.142500000000002	-7.477	-2.337	-0.748	-5.9345
10.09	5.822	7.832	3.263	0.499	-5.487	-6.42	6.4525	9.57	13.256	8.003	-1.0594999999999999
-42.475	-38.731	-39.879	-3.1700000000000017	1.215	-1.465	-10.116	7.0055	10.867	13.799	11.611	-1.8379999999999992
-44.586	-43.097	-38.772	-3.6514999999999986	-8.677	-1.652	-2.125	-6.788499999999999	2.082	7.862	13.871	-8.784500000000001
-34.937	-36.34	-32.838	-0.347999999999999	13.811	12.147	9.63	2.9224999999999994	-0.254	6.03	1.262	-3.9
14.185	12.381	13.101	1.4440000000000008	27.161	27.923	26.593	-0.09699999999999775	25.806	23.927	17.821	4.931999999999999
53.649	51.934	48.937	3.2135000000000034	-6.311	-14.427	-11.159	6.481999999999999	14.417	7.642	1.628	9.782
49.777	48.989	52.193	-0.813999999999993	-12.386	-4.798	-3.289	-8.3425	3.358	11.285	12.532	-8.5505
14.513	17.814	20.389	-4.588500000000002	4.906	0.38	5.967	1.7325	-10.991	-5.82	-11.08	-2.5410000000000004
27.4	26.05	38.251	-4.750500000000002	10.556	-5.508	-10.161	18.3905	-1.928	5.859	-0.014	-4.8505
-31.427	-28.32	-26.64	-3.946999999999999	-2.158	-0.888	3.138	-3.283	-22.678	-20.168	-16.027	-4.580500000000001
-33.089	-32.617	-28.858	-2.3515000000000015	9.735	4.015	-1.032	8.2435	-18.043	-22.082	-20.845	3.4205000000000005
23.243	19.239	3.87	11.688499999999998	5.749	1.122	-8.027	9.2015	11.931	7.706	1.533	7.311499999999999
52.555	47.91	49.285	3.957500000000003	1.156	4.356	2.855	-2.4495000000000005	2.47	13.718	2.292	-5.534999999999998
44.598	51.384	50.482	-6.335000000000001	11.018	3.408	4.947	6.8405000000000005	-4.168	0.394	10.945	-9.8375
38.973	44.794	49.298	-8.073	12.973	10.532	3.075	6.169500000000001	3.015	-3.809	6.545	1.6470000000000002
33.83	37.785	46.971	-8.548000000000002	9.68	12.484	8.33	-0.7270000000000003	11.176	4.392	-3.433	10.6965
31.525	35.009	37.953	-4.956000000000003	16.169	14.898	11.346	3.0470000000000006	12.953	14.148	4.555	3.6014999999999997
29.414	31.617	35.254	-4.021499999999996	18.111	16.9	12.701	3.310500000000001	6.346	12.854	10.718	-5.4399999999999995
7.696	4.047	-0.31	5.8275	-7.34	-9.352	-5.127	-0.10050000000000026	-4.106	-6.735	2.462	-1.9695
24.542	20.409	8.974	9.850500000000002	4.237	4.432	-5.878	4.96	1.137	-4.772	-3.4	5.223000000000001
-15.236	-21.511	-13.437	2.2379999999999995	12.274	2.895	-0.651	11.152	9.984	15.337	9.857	-2.6129999999999995
-17.08	-15.771	-18.875	0.2430000000000021	26.025	15.874	2.401	16.8875	-3.832	6.333	15.2	-14.598500000000001
-22.659	-23.09	-19.626	-1.3009999999999984	-3.328	7.243	16.939	-15.419	-3.174	1.684	9.768	-8.9
0.721	-5.981	2.269	2.577	12.042	16.241	20.431	-6.293999999999999	1.126	1.638	-6.393	3.5035
-23.818	-19.864	-17.738	-5.0169999999999995	7.125	4.713	-1.355	5.446	15.665	16.695	18.811	-2.088000000000001
-32.073	-27.122	-22.144	-7.440000000000001	9.408	16.636	-1.27	1.7249999999999996	12.306	14.88	8.457	0.6374999999999975
4.077	6.641	7.687	-3.0869999999999997	-12.073	-5.924	-5.028	-6.597	4.73	-5.724	-0.668	7.926
37.362	28.897	18.831	13.498000000000005	13.83	2.45	8.412	8.399	-6.146	-2.963	-7.285	-1.0219999999999994
32.219	35.607	30.733	-0.9510000000000005	16.806	17.592	5.079	5.470500000000001	0.943	0.217	-3.843	2.756
30.886	32.988	36.126	-3.671000000000003	4.451	14.652	15.953	-10.851499999999998	5.892	0.418	-2.031	6.6985
-19.634	-23.766	-17.43	0.9639999999999986	17.413	7.892	11.094	7.92	-1.244	1.382	0.611	-2.2405
54.521	52.11	56.649	0.14150000000000063	-20.765	-25.388	-24.278	4.067999999999998	-10.599	-10.523	-14.518	1.9215
57.02	58.019	58.025	-1.0019999999999953	26.526	15.822	2.68	17.275	-14.342	-16.52	-15.173	1.5044999999999984
57.031	58.579	57.872	-1.194499999999998	20.664	22.942	4.765	6.810500000000001	-14.503	-16.154	-16.235	1.6914999999999978
-10.774	-13.813	-17.638	4.951500000000001	3.824	-7.513	-0.049	7.605	3.527	7.573	5.011	-2.7649999999999997
-19.866	-21.283	-23.988	2.7695000000000007	-5.179	-3.805	-9.893	1.67	21.203	24.016	21.37	-1.4899999999999984
16.058	22.836	29.592	-10.155999999999999	3.288	5.998	-5.57	3.074	17.662	14.103	9.936	5.642499999999998
33.837	38.072	36.102	-3.25	-1.985	-0.828	-7.521	2.1895	-7.84	-18.561	-29.234	16.0575
33.431	37.043	35.713	-2.9470000000000027	-11.922	-16.342	-4.502	-1.5000000000000018	-4.214	-8.513	-9.97	5.0275
39.847	33.803	36.358	4.766500000000001	-14.044	-9.496	-14.82	-1.8859999999999992	0.907	-2.497	-8.323	6.317
-7.721	-10.211	-16.895	5.832000000000001	13.356	-0.454	-3.526	15.346	-6.023	-4.023	-3.601	-2.211
-8.569	-7.644	-12.287	1.3964999999999996	-3.714	11.139	-1.68	-8.4435	-6.974	-5.647	-4.511	-1.8949999999999996
-20.534	-26.011	-18.135	1.5390000000000015	-6.949	-16.76	-11.996	7.429	-12.9	-3.099	1.91	-12.3055
-30.232	-29.746	-24.562	-3.0779999999999994	4.036	-0.915	2.935	3.026	-11.919	-11.075	-8.206	-2.278500000000001
-29.596	-30.734	-26.453	-1.0025000000000013	0.758	1.794	1.119	-0.6985000000000001	-12.11	-11.743	-7.893	-2.292
-52.461	-51.078	-28.28	-12.781999999999996	-10.493	-13.512	-14.975	3.7505000000000006	-8.297	-8.131	-13.327	2.4319999999999986
-40.13	-45.041	-45.657	5.218999999999994	-13.735	-19.375	-13.198	2.5515000000000008	-18.179	-16.254	-11.427	-4.338499999999998
15.27	17.723	16.006	-1.5945	-4.776	-3.299	-0.438	-2.9074999999999998	24.701	23.431	26.244	-0.13649999999999807
-11.2	-13.064	-17.651	4.157500000000001	-7.304	-3.402	1.38	-6.293	22.47	28.333	18.912	-1.1524999999999999
-13.778	-13.611	-12.781	-0.581999999999999	5.923	-1.555	-3.941	8.671	25.635	22.308	26.84	1.0610000000000035
-8.325	-18.977	-14.678	8.502500000000001	28.622	14.804	8.645	16.8975	-19.236	-5.651	2.421	-17.621000000000002
-16.059	-9.077	-10.416	-6.3125	9.728	17.415	25.597	-11.778	-23.221	-20.51	-19.463	-3.2345000000000006
10.622	13.65	20.217	-6.311499999999999	-7.276	-3.456	-9.034	-1.0309999999999997	-9.5	-13.382	-10.176	2.279
21.981	19.975	24.876	-0.4444999999999979	-13.58	-5.397	5.095	-13.429	5.337	8.24	11.239	-4.4025
16.821	12.005	-2.853	12.245000000000001	7.867	-4.156	-2.195	11.0425	2.305	-3.012	3.883	1.8695000000000002
20.829	23.043	23.21	-2.2974999999999994	-1.256	0.827	16.28	-9.8095	8.49	9.531	10.152	-1.3514999999999997
9.192	14.423	12.729	-4.384	15.27	12.224	2.512	7.901999999999999	11.326	13.127	18.887	-4.681000000000001
-26.72	-24.21	-20.099	-4.5655	-6.801	-4.915	-2.71	-2.9885	-3.513	-7.606	4.078	-1.749
-24.006	-25.851	-22.474	0.1565000000000012	-1.883	-5.721	-5.546	3.7504999999999997	-2.304	-5.088	-0.662	0.5710000000000002
9.125	11.759	-3.011	4.7509999999999994	3.295	7.674	3.563	-2.3235	-3.121	-11.041	-15.969	10.383999999999999
29.099	43.462	44.609	-14.936499999999999	-28.603	-26.205	-18.476	-6.262500000000003	11.458	6.321	2.88	6.8575
19.241	20.708	28.04	-5.132999999999999	-32.219	-17.341	-22.618	-12.2395	1.579	2.812	1.585	-0.6195000000000002
1.527	10.979	20.09	-14.0075	-34.227	-14.459	-16.781	-18.607	-11.541	-11.732	-2.533	-4.408500000000001
-11.705	-13.411	-10.301	0.1509999999999998	-6.108	-6.806	-7.463	1.0265000000000004	-3.011	-8.233	-2.586	2.3985000000000003
-0.813	-1.632	-4.113	2.0595	-26.314	-26.373	-15.663	-5.295999999999999	5.001	1.268	0.581	4.0765
29.521	33.201	25.864	-0.011499999999998067	28.851	16.596	4.119	18.493499999999997	3.326	-0.115	-7.681	7.224
27.92	28.838	30.569	-1.7834999999999965	19.798	28.097	12.756	-0.6285000000000025	4.067	4.102	-3.067	3.5495
44.105	42.767	46.015	-0.28600000000000847	-7.65	-3.81	-14.707	1.6084999999999994	25.06	15.792	13.617	10.3555
48.646	45.924	43.684	3.8419999999999987	7.248	-3.098	-8.288	12.940999999999999	26.529	25.408	15.547	6.051500000000001
35.064	38.307	47.497	-7.838000000000001	4.841	4.298	5.44	-0.02799999999999958	20.123	20.754	24.702	-2.6050000000000004
-27.818	-21.66	-21.627	-6.174500000000002	0.158	2.893	3.643	-3.11	2.276	0.177	-2.316	3.3454999999999995
-31.805	-30.947	-30.205	-1.2289999999999992	4.697	-3.671	-6.857	9.961	-1.87	-6.957	-10.14	6.6785000000000005
35.86	36.487	39.558	-2.1625000000000014	15.282	13.415	-7.73	12.4395	2.004	-1.605	-9.437	7.525
-0.841	-3.038	-1.489	1.4225	10.617	4.526	-2.5	9.604000000000001	-7.632	-7.98	-8.504	0.6100000000000012
-1.188	-0.884	-3.055	0.7815000000000001	6.575	8.981	0.09	2.0395000000000003	-9.142	-8.565	-7.955	-0.8819999999999997
-1.968	-1.607	-0.985	-0.6719999999999999	0.568	9.834	8.179	-8.4385	-14.037	-10.946	-8.758	-4.1850000000000005
-3.243	-2.274	-0.648	-1.7819999999999998	3.638	3.464	10.598	-3.3930000000000007	-16.312	-12.719	-8.889	-5.508000000000003
20.518	27.353	30.084	-8.200499999999998	5.983	3.788	-15.123	11.6505	-0.209	3.772	11.131	-7.6605
37.32	40.837	35.29	-0.7435000000000045	29.418	36.08	23.171	-0.20749999999999957	11.98	9.158	12.162	1.3200000000000003
-16.561	-11.714	-6.566	-7.420999999999999	21.637	15.802	16.976	5.248000000000001	-5.281	-2.481	-7.818	-0.13149999999999995
37.865	37.299	7.914	15.258500000000002	-9.183	-1.331	-3.652	-6.6915	-23.415	-35.578	-21.985	5.366500000000002
37.422	42.136	42.804	-5.048000000000002	0.637	-4.458	-8.006	6.869	-12.578	-17.581	-18.999	5.712
-19.064	-17.722	-18.746	-0.8299999999999983	5.149	-0.615	-7.134	9.0235	16.008	12.678	17.324	1.006999999999998
-7.726	-8.496	-11.744	2.394000000000001	14.816	14.587	5.747	4.649000000000001	-9.634	-1.147	4.422	-11.2715
-1.345	-9.347	-18.685	12.670999999999998	0.161	-5.856	3.393	1.3925	6.063	4.82	15.944	-4.319000000000002
1.514	14.893	19.506	-15.685500000000001	-13.132	-6.484	-7.945	-5.9174999999999995	-1.306	-5.587	-4.035	3.505
-5.902	-3.464	6.829	-7.5845	-32.769	-25.82	-11.095	-14.311499999999999	-10.11	-9.814	-3.256	-3.5749999999999993
54.396	59.15	61.523	-5.9405	1.814	4.429	-9.674	4.4365	-14.794	-21.65	-12.479	2.2704999999999984
48.124	57.519	60.115	-10.692999999999998	15.573	17.961	5.951	3.617000000000001	-6.925	-12.836	-17.312	8.149000000000001
48.246	49.814	61.864	-7.592999999999996	16.962	15.268	13.041	2.807499999999999	-5.768	-8.356	-16.979	6.899500000000001
-15.63	-12.815	-11.148	-3.6485000000000003	10.038	10.527	12.407	-1.4289999999999985	10.791	11.829	9.743	0.004999999999999005
-6.863	-5.014	-6.267	-1.2225000000000001	-7.77	-0.095	20.025	-17.735	-2.98	6.449	8.697	-10.552999999999999
29.227	24.416	21.213	6.412499999999998	1.259	-5.779	-5.341	6.819000000000001	-15.87	-14.997	-12.877	-1.932999999999998
-18.68	-12.583	-3.772	-10.5025	1.371	9.395	13.187	-9.92	4.577	4.972	14.881	-5.349500000000001
15.268	15.301	18.889	-1.8269999999999982	-4.709	0.125	3.371	-6.457	-3.437	0.999	2.11	-4.9915
6.221	15.4	17.527	-10.2425	-1.334	-2.814	0.609	-0.23150000000000004	-6.295	-2.605	3.474	-6.7295
23.575	41.192	43.719	-18.8805	-16.197	-6.616	0.439	-13.1085	32.16	22.699	16.404	12.608499999999996
28.207	27.842	23.425	2.573500000000003	3.095	-1.862	-15.806	11.929	11.375	4.712	24.931	-3.4465000000000003
43.976	33.903	30.262	11.893500000000003	15.088	1.426	-0.276	14.513	11.542	17.313	12.187	-3.208
-8.124	-4.996	0.498	-5.875	-4.808	-7.319	2.64	-2.4684999999999997	12.857	11.929	9.937	1.9239999999999995
40.127	29.561	34.81	7.941499999999998	15.172	-5.499	-3.139	19.491	-17.562	-7.666	-12.168	-7.645000000000001
46.385	40.189	39.139	6.7209999999999965	14.751	16.202	13.327	-0.013500000000002288	-3.127	-6.633	-15.005	7.692000000000001
19.574	20.242	25.972	-3.5329999999999977	-7.603	2.021	-8.444	-4.391499999999999	-3.093	-5.288	8.782	-4.84
21.769	18.548	25.626	-0.3180000000000014	-6.389	-2.917	-4.492	-2.6845000000000003	-5.225	-3.673	3.062	-4.919499999999999
-3.069	2.048	2.254	-5.22	2.032	-2.477	-3.142	4.8415	-6.218	-10.085	-4.046	0.8475000000000001
-23.039	-18.507	-8.506	-9.5325	-10.803	-5.879	-1.672	-7.027500000000002	1.039	-2.501	-1.757	3.168
-25.233	-24.341	-17.27	-4.427499999999998	-4.456	-7.976	-5.46	2.2619999999999996	-0.0	-1.881	-1.815	1.8479999999999999
-1.85	-5.658	-9.039	5.4985	-6.514	-2.073	-18.26	3.6525000000000007	-1.242	1.944	2.931	-3.6795
-16.662	-19.348	-22.997	4.5105	25.214	17.57	4.248	14.304999999999998	-13.829	-16.143	-10.267	-0.6240000000000006
0.48	-3.619	-10.589	7.584	-16.466	-15.3	-2.638	-7.497	9.288	2.073	0.497	8.003
0.336	-11.443	-11.822	11.9685	7.463	0.411	6.832	3.8415000000000004	6.97	6.538	11.016	-1.8070000000000013
7.397	7.456	-11.145	9.2415	-6.763	7.154	0.795	-10.7375	10.96	8.01	8.276	2.817
-0.7	-4.459	2.967	0.04599999999999982	4.788	4.601	8.794	-1.9094999999999995	5.541	10.702	13.391	-6.5055
39.245	39.978	41.623	-1.555500000000002	2.045	-5.923	-7.254	8.6335	8.747	-0.957	8.373	5.039
-20.561	-21.411	-13.342	-3.1845	13.628	10.335	8.431	4.245000000000001	-1.75	0.669	6.631	-5.4
-9.783	-2.77	7.475	-12.1355	-5.891	1.715	19.628	-16.5625	4.677	0.465	-1.924	5.406499999999999
-13.486	-10.787	-5.477	-5.353999999999999	1.155	-3.496	-1.246	3.526	-8.204	1.017	2.172	-9.7985
-16.972	-17.941	-13.236	-1.3835000000000015	-10.597	0.81	-0.165	-10.9195	-3.147	2.178	-4.838	-1.8169999999999997
-21.272	-20.663	-17.14	-2.3705	-10.588	-10.0	-1.09	-5.042999999999999	1.048	0.887	0.708	0.25050000000000006
48.142	51.058	45.882	-0.32799999999999585	1.394	7.376	-11.405	3.408499999999999	7.798	8.122	2.053	2.7104999999999997
53.749	52.036	49.895	2.7834999999999965	1.637	0.122	6.693	-1.7704999999999997	4.391	5.644	7.81	-2.3360000000000003
49.746	52.78	51.681	-2.484499999999997	7.007	1.383	4.843	3.8939999999999997	9.052	5.994	6.521	2.7944999999999993
1.382	0.508	-6.74	4.498	-3.799	-8.012	-13.34	6.877000000000001	18.435	7.526	-2.284	15.813999999999998
16.827	19.188	15.778	-0.6559999999999988	11.751	12.801	3.88	3.410499999999999	16.734	12.387	10.528	5.276500000000002
-30.741	-32.125	-26.285	-1.5360000000000014	9.244	1.413	-1.997	9.536	2.974	2.386	-3.673	3.6175
-24.848	-22.429	-31.284	2.008499999999998	7.884	11.566	4.789	-0.29349999999999987	2.773	2.523	2.818	0.10250000000000004
-24.819	-24.527	-28.034	1.461500000000001	9.806	9.131	8.99	0.745499999999998	-2.135	2.952	3.529	-5.3755
36.522	34.456	36.338	1.124999999999993	7.393	6.799	13.975	-2.9940000000000007	0.696	4.559	0.378	-1.7725000000000002
6.891	11.496	12.476	-5.095000000000001	-30.402	-19.58	-2.635	-19.294500000000003	8.023	5.819	8.45	0.8885000000000005
6.728	11.02	11.013	-4.288500000000001	-26.426	-24.241	-6.781	-10.915	9.279	5.673	8.93	1.9775
13.714	8.101	2.049	8.639	16.858	3.07	-9.109	19.8775	7.075	6.874	8.431	-0.5774999999999997
-12.382	-13.41	-10.903	-0.22549999999999848	9.582	9.392	1.608	4.082000000000001	-18.334	-18.357	-12.925	-2.6929999999999996
-8.333	-14.146	-10.701	4.0905000000000005	17.395	10.125	4.06	10.3025	-17.006	-19.026	-14.895	-0.04550000000000054
-8.467	1.307	1.072	-9.656500000000001	-8.278	-6.737	-3.923	-2.9480000000000004	-1.83	3.193	-7.325	0.23599999999999977
-6.486	-6.667	2.466	-4.3855	-1.707	-7.973	-4.321	4.44	-10.377	-3.36	-1.616	-7.889000000000001
-21.838	-20.304	-16.946	-3.213000000000001	9.212	2.781	-2.47	9.0565	-9.661	-9.936	-6.018	-1.6839999999999993
-9.187	-7.615	-4.21	-3.2744999999999997	-16.628	-17.329	-6.119	-4.904	1.692	8.281	6.589	-5.743
-10.383	-6.311	-9.385	-2.5349999999999993	8.247	8.947	2.185	2.681	20.22	19.865	17.807	1.3840000000000003
19.632	14.713	13.943	5.304000000000002	-3.046	-5.9	-9.214	4.511000000000001	-28.439	-34.085	-40.994	9.100500000000004
18.711	21.99	18.575	-1.5715000000000003	-3.981	0.124	-2.246	-2.92	-19.802	-22.278	-29.145	5.909500000000001
5.756	10.591	6.891	-2.9849999999999994	7.827	11.394	13.011	-4.375500000000001	3.232	-1.379	-8.581	8.212
7.407	8.053	8.212	-0.7255000000000003	27.877	20.171	13.813	10.884999999999998	15.095	11.224	-0.416	9.691
-1.441	6.251	9.37	-9.2515	23.913	28.412	18.933	0.24050000000000082	17.574	15.939	7.542	5.833500000000001
0.379	1.073	7.837	-4.0760000000000005	20.432	25.91	22.74	-3.8930000000000007	5.513	16.926	12.514	-9.206999999999999
-11.805	-2.938	-14.176	-3.2479999999999993	1.095	7.122	5.507	-5.2195	10.821	0.233	-0.254	10.8315
-19.941	-24.821	-18.765	1.8520000000000003	8.938	3.389	-0.947	7.7170000000000005	-5.226	2.151	4.45	-8.5265
19.796	5.222	7.949	13.2105	10.407	4.594	4.961	5.6295	-7.164	-1.774	-4.228	-4.163
28.337	34.298	24.868	-1.2459999999999987	18.38	22.52	8.48	2.879999999999999	8.067	7.319	3.317	2.7490000000000006
26.617	31.71	28.935	-3.705499999999997	11.735	22.712	10.393	-4.817500000000003	6.319	8.308	3.351	0.4895000000000005
32.049	31.378	33.933	-0.606500000000004	5.178	6.936	0.674	1.3729999999999998	-1.592	-2.437	-9.4	4.326499999999999
16.881	25.116	40.383	-15.868499999999997	-3.686	-5.572	-19.102	8.651	14.074	17.988	23.684	-6.761999999999999
-18.287	-18.939	-7.019	-5.308	-5.365	-9.664	0.021	-0.5435000000000008	-5.458	0.63	-3.422	-4.062
-33.841	-28.498	-31.863	-3.660499999999999	7.228	13.035	-0.008	0.7144999999999992	-12.875	-14.934	-10.343	-0.2364999999999995
22.07	32.137	15.703	-1.8500000000000014	4.943	14.501	6.265	-5.4399999999999995	3.564	1.685	4.851	0.29600000000000026
14.939	20.02	28.012	-9.076999999999998	7.395	4.532	11.62	-0.6810000000000009	7.379	3.104	1.555	5.0495
-5.6	-4.733	-5.846	-0.31049999999999933	7.798	12.775	14.977	-6.078000000000001	10.026	6.298	3.84	4.957
-25.596	-26.125	-29.128	2.0305	2.101	0.497	1.456	1.1245	-3.564	-4.149	-0.212	-1.3835000000000002
17.298	15.722	27.114	-4.120000000000001	-14.276	-17.988	-6.157	-2.2035	1.944	-1.155	-11.39	8.2165
22.686	13.903	25.251	3.108999999999998	-3.458	-16.362	-10.592	10.019	-2.251	1.966	-7.489	0.5105
19.952	23.415	16.228	0.1305000000000014	-23.908	-14.373	-13.24	-10.101500000000001	1.079	0.914	0.381	0.4315
24.376	24.751	22.829	0.5860000000000021	-19.581	-21.34	-12.768	-2.5269999999999975	9.128	2.843	-0.064	7.7385
-10.389	-15.201	-8.362	1.3925000000000018	16.108	17.113	9.32	2.8915000000000006	8.812	10.784	5.28	0.7799999999999994
-19.224	-24.881	-12.798	-0.3844999999999992	-0.862	0.194	9.28	-5.599	-19.218	-14.985	-9.272	-7.089500000000001
-4.11	-12.042	-6.634	5.228000000000001	13.665	4.155	16.325	3.424999999999999	7.728	22.7	18.496	-12.87
-13.788	-4.881	-8.861	-6.917	18.734	25.637	8.704	1.5635000000000012	6.471	-2.886	16.003	-0.08750000000000036
-16.252	-12.577	-8.379	-5.773999999999999	29.341	22.879	27.054	4.374500000000001	-6.33	-9.496	0.154	-1.6589999999999998
-17.129	-9.234	3.42	-14.222000000000001	-20.802	-16.537	-8.081	-8.493	-7.647	-18.176	-33.415	18.1485
-13.286	-14.428	-9.843	-1.1504999999999992	-20.41	-19.411	-16.653	-2.378	-8.287	-11.512	-17.542	6.24
-11.608	-16.427	-14.149	3.6799999999999997	-17.164	-17.183	-19.893	1.3739999999999988	-17.996	-10.434	-10.46	-7.5489999999999995
41.064	43.715	26.069	6.171999999999997	12.31	6.702	-3.226	10.572000000000001	6.797	1.638	3.962	3.997
12.15	17.784	21.896	-7.6899999999999995	-3.178	0.276	-7.665	0.5165000000000002	-9.396	-8.501	-7.237	-1.527000000000001
-20.249	-20.995	-27.093	3.7950000000000017	41.335	32.805	24.026	12.9195	-21.728	-23.435	-20.351	0.16499999999999915
-5.371	-1.908	-4.046	-2.394	-0.385	-1.878	-8.176	4.642	-2.534	5.092	8.221	-9.1905
-22.048	-27.996	-21.966	2.9330000000000034	7.506	-7.846	5.417	8.720500000000001	2.095	10.918	9.67	-8.199
-29.645	-25.862	-23.828	-4.800000000000001	-15.039	-12.944	-13.505	-1.814499999999999	0.395	0.235	9.001	-4.222999999999999
33.122	33.777	18.969	6.748999999999999	18.386	22.224	8.447	3.0504999999999995	6.299	4.87	6.812	0.4580000000000002
31.64	32.102	34.025	-1.423499999999997	8.281	16.125	17.978	-8.7705	16.82	15.425	7.935	5.140000000000001
21.131	20.893	26.315	-2.472999999999999	-19.289	-22.738	-17.695	0.9274999999999984	10.832	9.082	-1.474	7.0280000000000005
24.468	31.869	23.54	-3.2364999999999995	-2.883	-3.02	-12.934	5.093999999999999	0.144	-0.814	4.472	-1.6850000000000003
24.817	25.367	21.399	1.4339999999999975	-6.372	-8.984	3.104	-3.432	4.097	6.167	10.014	-3.9934999999999983
32.575	28.874	24.294	5.991000000000003	11.68	-0.385	-7.058	15.401499999999999	-0.588	-0.119	6.69	-3.8735000000000004
33.044	31.055	27.531	3.7509999999999977	1.396	10.692	-3.34	-2.2800000000000002	2.574	3.967	1.043	0.06899999999999995
31.707	29.615	31.657	1.0710000000000015	26.368	17.961	7.423	13.675999999999998	3.787	-0.108	-5.8	6.741
19.681	9.228	-1.085	15.6095	4.258	-2.731	-8.717	9.982	-0.235	-0.076	-0.087	-0.1535
16.984	18.651	18.897	-1.7899999999999991	-2.149	0.533	7.175	-6.003	10.628	11.36	2.023	3.9365000000000006
13.097	18.483	18.175	-5.232000000000001	7.026	5.597	-0.014	4.2345	11.624	11.792	11.102	0.17700000000000138
-10.214	-17.26	-14.714	5.7730000000000015	11.933	1.244	4.767	8.9275	6.961	10.67	5.211	-0.9794999999999998
-16.228	-10.662	-15.314	-3.240000000000002	18.89	20.788	15.637	0.677500000000002	17.5	13.875	6.62	7.2524999999999995
-27.419	-20.429	-8.984	-12.712500000000002	6.207	7.755	5.218	-0.27949999999999964	0.397	2.511	12.249	-6.9830000000000005
-25.704	-30.892	-27.47	3.4769999999999968	8.546	-0.696	6.226	5.780999999999999	-10.187	-5.539	-0.492	-7.1715
-26.212	-21.31	-28.824	-1.1449999999999996	3.157	11.765	5.658	-5.554500000000001	-14.131	-18.643	-13.959	2.1700000000000017
-31.907	-27.665	-28.756	-3.6965000000000003	8.873	15.572	0.25	0.9619999999999997	-11.754	-12.956	-14.909	2.1785000000000014
-30.595	-30.774	-30.562	0.0730000000000004	1.411	6.636	12.984	-8.399000000000001	-13.388	-12.564	-12.785	-0.7134999999999998
-40.224	-44.879	-45.396	4.913500000000006	4.122	-1.479	-1.444	5.5835	16.383	14.731	5.41	6.3125
-32.215	-29.276	-32.459	-1.3475000000000037	-10.942	-5.112	-3.143	-6.814500000000001	25.6	24.602	19.927	3.3355000000000032
15.222	27.038	20.734	-8.664000000000003	1.636	2.462	3.74	-1.465	-8.985	-12.822	-2.448	-1.3499999999999996
-17.61	-16.499	-6.456	-6.1325	0.109	-5.49	-8.821	7.2645	-16.875	-14.158	-14.398	-2.5970000000000013
-21.57	-22.255	-21.931	0.5229999999999997	5.328	-12.373	-9.393	16.211	-18.622	-25.099	-19.532	3.6935000000000002
36.992	38.964	37.241	-1.1105000000000018	-5.695	-3.943	1.239	-4.343	2.55	-9.196	-12.164	13.23
25.102	33.309	36.783	-9.943999999999999	-11.448	-5.388	-3.241	-7.133500000000001	3.387	2.479	-9.465	6.88
43.388	47.909	51.219	-6.176000000000002	-17.779	-18.574	-18.224	0.620000000000001	-23.498	-31.696	-26.071	5.3855
23.267	22.853	19.072	2.304500000000001	-9.653	-15.917	-17.172	6.891499999999999	4.121	3.634	-7.406	6.007000000000001
28.273	22.322	20.359	6.932500000000001	-11.186	-13.259	-16.322	3.6045	0.15	5.387	-2.938	-1.0744999999999998
4.489	5.111	11.419	-3.7760000000000007	-2.34	-5.235	-10.232	5.3934999999999995	-6.153	1.444	1.71	-7.7299999999999995
-18.46	-22.501	-16.589	1.0850000000000009	3.984	6.199	3.722	-0.9764999999999997	10.526	7.617	11.432	1.0015
4.249	4.501	1.263	1.3669999999999995	18.497	21.377	20.949	-2.6660000000000004	-19.02	-25.708	-11.877	-0.22749999999999915
1.403	4.232	2.382	-1.9040000000000004	22.932	19.175	23.196	1.7464999999999975	-17.542	-19.74	-21.626	3.1409999999999982
-0.537	2.13	3.769	-3.4865	16.233	21.623	21.112	-5.134499999999999	-16.459	-17.674	-24.118	4.437000000000001
1.242	0.412	3.289	-0.6085	3.049	14.194	20.427	-14.261500000000002	-8.724	-16.7	-19.007	9.1295
12.583	8.026	4.819	6.160500000000001	-3.045	-7.652	0.627	0.46750000000000025	-18.983	-17.932	-10.436	-4.799000000000001
6.708	12.029	6.436	-2.5244999999999997	4.069	-4.679	-3.891	8.354	-20.903	-19.398	-13.639	-4.384499999999999
33.421	33.462	38.497	-2.558500000000002	-7.825	-4.656	-24.366	6.685999999999999	25.666	22.138	23.125	3.0344999999999978
8.098	14.936	18.415	-8.577499999999999	18.872	34.989	17.3	-7.272500000000001	-18.186	-20.827	-22.028	3.241500000000002
9.791	15.69	17.147	-6.627499999999998	2.244	4.817	-1.696	0.6835	8.267	8.801	-8.324	8.0285
-26.288	-26.614	-25.504	-0.2289999999999992	0.412	-3.138	5.523	-0.7805	-6.841	-3.033	-8.655	-0.9970000000000008
13.232	17.928	5.98	1.2779999999999987	17.246	6.162	-11.21	19.77	0.538	-0.924	8.674	-3.3369999999999997
1.099	-6.186	-10.15	9.267	-13.245	-9.697	-1.712	-7.5405	11.175	14.492	13.7	-2.9209999999999994
15.261	12.241	9.672	4.304499999999999	25.282	19.473	22.026	4.532500000000002	-7.333	-10.91	-17.635	6.939500000000001
34.816	26.11	17.445	13.038500000000003	33.711	37.289	27.511	1.311	-0.866	-2.418	-8.591	4.6385000000000005
-12.324	-6.587	-9.761	-4.15	-20.403	-6.059	-11.018	-11.864499999999998	-3.757	-3.256	-1.408	-1.4250000000000003
5.509	0.343	-1.267	5.971	5.92	-6.788	-3.456	11.042	-18.868	-7.14	-4.755	-12.920499999999999
20.031	11.591	11.156	8.657499999999999	9.348	7.512	3.928	3.628000000000001	-20.838	-19.738	-18.193	-1.8725000000000023
34.326	28.182	40.097	0.18650000000000233	-4.249	-9.425	-14.62	7.773500000000001	2.881	2.462	5.059	-0.8795000000000006
28.65	36.996	28.78	-4.238000000000007	-1.115	-1.189	-11.071	5.015	2.088	1.172	2.905	0.0495000000000001
30.883	30.853	32.531	-0.809000000000001	-9.973	-1.36	-0.108	-9.239	-1.66	-2.45	0.435	-0.6524999999999999
26.307	30.761	30.561	-4.354000000000003	-10.225	-7.546	0.111	-6.507499999999999	-1.942	-2.454	-0.225	-0.6024999999999998
20.046	25.045	30.626	-7.789500000000004	-2.0	-5.591	-5.558	3.5745000000000005	-5.301	-3.565	-2.322	-2.3575
32.577	33.354	28.59	1.6049999999999969	16.436	7.443	-3.434	14.4315	22.468	20.962	12.83	5.571999999999999
-37.193	-48.413	-50.317	12.171999999999997	24.722	22.587	9.262	8.797500000000001	-32.431	-19.655	-9.984	-17.611499999999996
-41.327	-38.261	-54.457	5.032000000000004	22.16	24.719	16.35	1.6254999999999988	-23.341	-30.351	-10.512	-2.9095000000000013
32.491	22.751	13.879	14.175999999999998	8.395	6.113	8.697	0.9900000000000002	-14.257	-15.613	-14.244	0.6715
30.482	35.406	29.788	-2.115000000000002	11.439	12.108	8.513	1.128499999999999	-5.723	-12.034	-15.403	7.995500000000001
26.924	29.219	35.419	-5.395000000000003	13.036	10.183	12.428	1.7304999999999993	-13.323	-7.508	-13.463	-2.8375000000000004
17.72	21.222	29.76	-7.771000000000001	7.503	11.502	11.392	-3.943999999999999	-13.688	-12.95	-7.945	-3.240500000000001
25.133	28.928	25.449	-2.055500000000002	0.279	1.258	-9.786	4.542999999999999	21.22	19.691	14.067	4.341000000000001
26.426	24.971	28.271	-0.19500000000000384	-0.027	-1.6	-0.944	1.245	16.569	20.495	18.182	-2.7695000000000007
5.928	-3.349	-11.378	13.2915	8.619	13.713	-0.405	1.9649999999999999	1.075	-0.299	-6.16	4.3045
-7.713	-14.76	-21.34	10.337	15.786	11.894	0.893	9.392499999999998	2.629	-4.743	-12.039	11.02
14.177	12.916	13.585	0.926499999999999	-9.219	-10.502	-3.451	-2.242499999999999	9.541	2.267	-1.403	9.109
25.095	17.699	13.108	9.691499999999998	-1.459	-13.224	-9.748	10.027000000000001	-6.951	0.062	3.476	-8.719999999999999
-32.16	-31.707	-30.268	-1.1724999999999959	-16.778	-9.343	-10.709	-6.751999999999999	-24.705	-20.901	-15.019	-6.744999999999997
-15.456	-18.41	-22.759	5.128499999999999	13.657	24.598	18.017	-7.650499999999997	10.409	10.898	15.668	-2.8739999999999988
71.264	63.288	70.851	4.194499999999991	-9.413	-15.569	-19.46	8.101500000000001	-1.691	4.343	4.215	-5.97
59.897	65.91	66.402	-6.2590000000000074	3.414	-4.08	-13.193	12.0505	7.045	0.188	1.776	6.063
67.373	68.553	64.968	0.6124999999999972	13.006	16.484	12.017	-1.2445000000000004	23.638	16.568	12.192	9.258000000000001
-20.389	-21.459	-22.3	1.4905000000000008	-16.006	-15.546	-19.346	1.4399999999999977	-0.876	-0.59	-1.552	0.19499999999999995
-19.531	-21.315	-17.266	-0.24049999999999727	-12.616	-11.92	-2.953	-5.1795	0.614	6.685	5.821	-5.639
15.352	11.706	8.975	5.011500000000002	-13.209	-13.594	-26.664	6.920000000000002	13.513	13.782	13.318	-0.03700000000000081
2.81	9.229	13.859	-8.734	-18.573	-6.617	-9.124	-10.7025	-0.834	1.162	2.387	-2.6085
7.96	6.803	8.064	0.5264999999999995	-15.355	-13.567	-9.039	-4.052	3.942	2.446	1.029	2.2045000000000003
4.111	8.43	5.44	-2.8240000000000007	-14.698	-13.16	-13.661	-1.2875000000000014	0.642	4.49	0.208	-1.7070000000000003
5.406	0.857	7.056	1.4494999999999996	5.615	2.33	1.536	3.6820000000000004	-2.704	0.146	-4.843	-0.35550000000000015
21.021	26.682	34.741	-9.6905	-7.029	-11.875	-20.394	9.1055	-5.028	-3.822	-1.867	-2.1834999999999996
38.084	33.867	30.768	5.766500000000008	-0.461	4.389	0.452	-2.8815	-5.157	-6.299	-9.587	2.7859999999999996
7.141	2.985	-5.293	8.295	10.693	12.065	10.146	-0.41249999999999964	3.516	10.456	8.561	-5.9925
16.107	18.896	12.06	0.6289999999999978	-7.175	-15.246	-4.478	2.6870000000000003	-5.602	-3.304	0.019	-3.9595000000000002
21.035	20.588	16.664	2.408999999999999	-7.548	-0.545	-13.191	-0.6799999999999997	-11.025	-7.78	-0.932	-6.6690000000000005
22.073	20.371	19.298	2.238500000000002	-9.299	-9.061	-5.71	-1.913499999999999	-11.414	-9.543	-6.504	-3.390500000000001
23.313	20.813	22.743	1.5350000000000001	0.668	2.578	1.7	-1.4709999999999996	12.087	6.728	-2.288	9.867
-15.955	-18.344	-8.122	-2.7219999999999995	-12.497	-18.632	-13.364	3.5010000000000012	-14.074	-3.509	-1.069	-11.785
-10.884	-19.0	-9.319	3.275500000000001	-3.503	-17.133	-12.574	11.3505	-13.395	-8.67	-2.16	-7.9799999999999995
47.637	49.467	49.708	-1.9504999999999981	-6.043	-11.066	-13.364	6.172	14.957	5.416	8.299	8.0995
29.191	38.995	48.897	-14.754999999999999	4.843	-1.383	-4.661	7.865	7.679	9.651	11.762	-3.0275
1.07	-1.912	8.158	-2.053	31.692	21.437	25.368	8.2895	-2.296	-7.29	-7.631	5.1645
2.144	0.748	-0.667	2.1035000000000004	25.166	25.355	26.147	-0.5849999999999973	-6.823	-8.032	-4.24	-0.6870000000000003
7.378	7.045	2.051	2.83	21.489	25.451	26.067	-4.27	-0.898	-4.712	-7.107	5.0115
40.153	32.487	34.237	6.790999999999997	20.993	13.485	2.348	13.0765	-11.8	-14.489	-14.094	2.4914999999999985
-28.686	-30.185	-28.68	0.7464999999999975	-38.952	-33.052	-18.664	-13.093999999999998	-6.094	2.334	5.169	-9.845500000000001
-9.582	-20.307	-26.661	13.902000000000001	3.036	9.592	13.668	-8.594	-10.423	-2.488	7.414	-12.886
-24.476	-25.552	-23.499	0.049500000000001876	0.145	2.706	-3.148	0.3660000000000001	-6.59	-7.133	3.338	-4.6925
19.086	20.255	25.47	-3.7764999999999986	4.415	3.956	-0.369	2.6215	0.821	2.488	-1.266	0.20999999999999996
16.49	19.061	19.657	-2.8690000000000033	2.764	-7.466	3.743	4.6255	9.878	5.003	1.832	6.4605
21.473	18.429	18.05	3.2334999999999994	10.077	3.021	-3.754	10.4435	14.686	12.429	6.805	5.068999999999999
10.701	13.528	19.123	-5.624500000000001	-8.744	-3.197	8.372	-11.3315	10.768	22.446	15.416	-8.163
-13.961	-4.517	-2.008	-10.6985	6.745	10.118	8.043	-2.3355000000000006	1.737	-6.088	-8.9	9.231
-19.862	-21.29	-10.299	-4.067499999999999	6.268	0.893	8.517	1.5629999999999997	-3.623	2.322	-2.031	-3.7685000000000004
-19.659	-22.357	-21.723	2.3810000000000002	13.601	9.926	14.339	1.4685000000000006	-9.832	-8.118	0.344	-5.945
-28.267	-20.644	-21.713	-7.0885	-0.584	-0.62	-4.572	2.012	-7.205	-8.256	-1.664	-2.245
21.215	12.158	11.665	9.3035	-3.639	-15.501	-11.942	10.0825	23.502	26.929	30.557	-5.241
15.68	17.668	17.692	-2.0	-5.573	-4.484	-6.887	0.11249999999999893	32.041	32.744	26.534	2.4019999999999975
37.189	36.931	24.887	6.280000000000001	-5.211	-6.434	-10.28	3.145999999999999	-6.178	-4.114	-4.904	-1.6689999999999996
17.881	19.922	31.11	-7.634999999999998	13.225	4.565	-1.099	11.491999999999999	-4.091	-4.396	-6.224	1.2190000000000003
22.982	21.35	18.614	3.0	18.848	10.396	7.883	9.708499999999999	-0.228	-11.54	-4.64	7.862
-32.744	-43.015	-38.949	8.238	6.259	-4.46	-5.673	11.3255	-11.762	-8.279	-3.35	-5.947500000000001
-27.869	-35.083	-41.845	10.594999999999999	15.534	3.525	-5.553	16.548000000000002	-15.543	-11.689	-4.798	-7.299499999999998
-27.22	-34.651	-30.902	5.5565	10.376	7.845	10.679	1.113999999999999	-25.862	-22.976	-14.134	-7.306999999999999
-2.21	-9.64	-15.149	10.1845	3.982	7.04	-3.793	2.3585000000000003	-13.872	-6.476	-15.486	-2.891
-1.045	-5.26	-10.267	6.7185	16.247	9.775	-0.879	11.799	-11.11	-10.827	-5.265	-3.064
-3.134	-2.307	-5.001	0.52	7.029	8.784	10.208	-2.4670000000000005	-10.224	-13.203	-9.917	1.3359999999999985
-11.921	-10.102	-11.134	-1.302999999999999	-2.11	-3.097	-5.961	2.419	4.866	2.968	2.842	1.9609999999999994
-28.469	-21.228	-27.685	-4.012500000000003	-4.857	5.687	3.977	-9.689	-3.4	-13.392	-18.57	12.581
-29.089	-28.033	-24.078	-3.0334999999999965	12.526	15.07	13.368	-1.6930000000000014	-20.68	-18.583	-13.3	-4.7385
-0.685	-2.103	0.487	0.123	3.446	-0.472	0.282	3.5410000000000004	-1.236	2.712	1.137	-3.1605
43.522	33.093	35.614	9.168500000000002	-0.728	-8.357	4.848	1.0264999999999997	3.073	6.646	-9.535	4.5175
54.395	59.656	58.198	-4.5319999999999965	18.801	11.902	5.205	10.247499999999999	-2.373	-8.741	-16.384	10.189499999999999
26.979	26.208	32.319	-2.2845000000000013	9.512	1.814	-3.993	10.6015	14.078	12.045	6.481	4.8149999999999995
34.498	33.169	26.585	4.620999999999999	12.441	6.084	3.806	7.496	12.683	13.292	12.433	-0.17950000000000088
25.402	31.293	36.781	-8.634999999999998	12.273	15.932	13.622	-2.5040000000000013	11.348	5.632	11.45	2.8070000000000004
-8.552	-19.465	-14.176	8.2685	9.188	4.416	13.769	0.09549999999999947	-9.307	-3.4	-7.988	-3.6130000000000004
-8.309	-3.229	-5.695	-3.8469999999999995	16.769	20.601	13.365	-0.2140000000000022	-7.501	-11.923	-8.325	2.6229999999999984
-6.997	-6.231	-13.708	2.9725	4.619	10.589	16.916	-9.133500000000002	-2.686	-7.26	-5.399	3.6434999999999995
-1.978	0.153	8.184	-6.1465	18.445	4.589	1.035	15.633	-1.337	3.452	-0.396	-2.865
30.318	29.215	32.525	-0.551999999999996	8.891	4.65	10.298	1.4169999999999998	11.705	4.625	-5.551	12.168
18.46	21.487	30.922	-7.744499999999999	7.219	5.082	11.761	-1.2024999999999997	20.226	19.865	16.473	2.057000000000002
20.321	22.211	20.557	-1.0629999999999988	8.918	9.375	7.339	0.5609999999999999	17.095	16.667	18.98	-0.7285000000000039
-19.182	-21.772	-24.299	3.8535000000000004	12.705	6.483	-8.685	13.806000000000001	-33.048	-33.432	-25.132	-3.7659999999999982
16.484	21.145	37.172	-12.674499999999995	-0.468	-15.585	-13.879	14.264	1.543	8.914	7.751	-6.789499999999999
2.501	1.506	6.582	-1.5429999999999997	5.284	2.261	8.851	-0.27200000000000113	-13.967	-8.83	-11.827	-3.6385000000000005
14.176	16.048	9.59	1.357000000000001	12.71	23.351	8.375	-3.1529999999999987	19.446	12.009	1.831	12.526000000000002
44.811	42.22	34.165	6.6185000000000045	5.96	4.069	-10.104	8.9775	12.397	10.706	8.492	2.798
-27.888	-24.88	-16.285	-7.305500000000002	-6.382	4.729	7.371	-12.432	13.648	7.005	11.842	4.224499999999999
-15.621	-21.52	-25.297	7.7875	-12.378	-12.45	2.964	-7.635000000000001	2.137	10.508	8.651	-7.442499999999999
-33.711	-35.45	-35.379	1.7035000000000053	-22.409	-13.154	-2.358	-14.652999999999999	-27.41	-23.172	-24.006	-3.8210000000000015
4.329	-1.779	5.74	2.3484999999999996	4.802	4.076	7.923	-1.1974999999999998	0.464	1.551	6.95	-3.7864999999999998
7.093	2.536	5.163	3.2435	19.054	-1.467	-14.886	27.2305	2.533	3.415	19.952	-9.150500000000001
6.968	2.699	-0.289	5.763	-5.352	-7.871	-9.088	3.1274999999999995	10.936	18.288	14.877	-5.6465
-1.179	4.639	7.226	-7.1115	-2.837	8.221	-2.381	-5.757	-0.135	2.251	11.298	-6.9094999999999995
0.819	-4.39	-3.54	4.784	14.414	0.634	-7.176	17.685	-11.592	-3.835	-7.066	-6.141500000000001
-6.364	5.701	6.998	-12.7135	16.511	18.445	20.206	-2.814499999999999	7.505	1.032	-6.511	10.2445
6.086	11.023	19.031	-8.940999999999999	4.57	-6.781	-11.734	13.8275	1.566	-4.387	-3.453	5.486
17.576	20.215	25.463	-5.262999999999998	7.405	-2.843	-14.366	16.0095	17.921	21.218	14.068	0.2779999999999987
20.963	16.363	17.531	4.016000000000002	5.663	0.875	5.926	2.2625	6.152	15.317	18.286	-10.6495
21.305	19.924	21.539	0.5734999999999992	7.358	21.672	19.059	-13.0075	-0.601	7.393	7.636	-8.1155
-12.39	-19.191	-15.341	4.875999999999998	4.645	5.541	9.15	-2.700500000000001	-32.409	-25.149	-25.985	-6.841999999999999
10.887	0.857	3.111	8.903	-13.404	-13.179	-7.995	-2.817	10.325	13.673	10.307	-1.665000000000001
12.272	6.908	3.207	7.2145	-8.181	-14.603	-7.036	2.6385000000000005	10.154	11.369	11.772	-1.4164999999999992
-16.139	-13.306	-18.2	-0.38599999999999923	28.679	24.521	7.739	12.549	-0.027	7.362	13.247	-10.3315
-20.516	-15.83	-15.424	-4.888999999999999	18.872	27.682	15.789	-2.8634999999999984	0.585	0.994	11.216	-5.52
-20.22	-18.104	-13.905	-4.215499999999999	14.003	23.759	22.765	-9.259	-3.089	0.777	7.279	-7.116999999999999
-20.795	-21.438	-16.626	-1.7630000000000017	9.481	12.239	25.924	-9.600499999999998	-9.822	-3.82	1.538	-8.681
-18.434	-20.061	-19.464	1.3284999999999982	25.984	12.11	17.979	10.939500000000002	-10.241	-9.381	-1.06	-5.020499999999999
30.127	33.18	25.721	0.6765000000000008	-9.602	-4.335	-8.145	-3.362	0.462	-8.369	-14.469	11.881
31.123	28.272	31.961	1.0065000000000026	-4.857	-6.98	-4.509	0.8875000000000002	-11.913	-0.67	-8.592	-7.282
20.777	22.127	29.918	-5.2455	1.917	4.211	-2.293	0.958	-12.809	-9.526	-9.424	-3.3339999999999996
20.206	16.699	11.025	6.343999999999998	28.279	19.892	12.108	12.279	-13.447	-5.596	-1.277	-10.010499999999999
-15.635	-14.903	-16.043	-0.1620000000000008	10.209	5.225	7.522	3.8354999999999997	2.043	5.464	9.986	-5.682
-20.011	-16.87	-15.435	-3.8584999999999994	22.039	21.971	10.59	5.7585000000000015	-6.387	-9.758	3.066	-3.041
-12.211	-16.236	-15.137	3.4755000000000003	11.547	13.993	16.049	-3.474	-1.535	-5.969	-3.654	3.2765000000000004
-10.99	-13.779	-14.903	3.351000000000001	9.344	11.924	15.419	-4.327500000000001	-3.224	-4.649	-3.564	0.8825000000000003
-44.699	-51.903	-43.453	2.978999999999999	11.347	1.973	-1.933	11.327	10.707	12.966	17.13	-4.3409999999999975
29.146	34.8	38.228	-7.367999999999995	2.587	6.246	-8.397	3.6625	-17.684	-17.077	-14.888	-1.7014999999999993
-12.678	-22.126	-15.857	6.313500000000001	-10.466	-15.646	-19.372	7.043000000000001	-14.118	-5.245	-5.689	-8.651
-25.004	-12.896	-9.798	-13.657	-17.284	-5.58	-5.26	-11.863999999999999	-6.595	-10.632	-17.513	7.477500000000002
-18.689	-22.39	-17.676	1.3440000000000012	-7.371	-15.735	-10.176	5.5845	-18.212	-14.049	-9.012	-6.6815
-29.836	-30.318	-28.994	-0.17999999999999972	-8.195	0.726	3.439	-10.2775	0.925	7.734	21.535	-13.709499999999998
-3.223	-8.242	-11.29	6.543	15.599	11.913	2.3	8.4925	-0.782	7.216	5.204	-6.992
-7.135	-10.722	-17.978	7.215000000000002	21.566	16.962	-0.004	13.087	-10.555	-13.55	-2.537	-2.5115
26.487	23.552	27.052	1.1849999999999987	-0.227	-4.049	-3.486	3.5405	10.883	15.683	12.591	-3.2540000000000013
46.519	39.456	28.689	12.446499999999993	5.618	-3.38	-13.027	13.8215	7.367	3.068	8.949	1.3585000000000003
35.376	38.822	44.584	-6.327000000000005	9.295	15.314	11.354	-4.039	9.864	12.002	8.454	-0.36400000000000077
38.387	38.941	38.388	-0.2775000000000034	2.939	9.522	14.374	-9.009	0.979	4.976	11.779	-7.398499999999999
6.908	2.038	-5.403	8.5905	7.428	4.79	8.433	0.8165000000000004	31.128	27.251	27.988	3.508499999999998
10.428	16.599	13.115	-4.4289999999999985	2.874	1.771	-4.124	4.0504999999999995	32.693	35.527	31.823	-0.9819999999999993
10.017	5.899	7.272	3.4314999999999998	-11.682	-17.477	-19.108	6.6105	0.001	3.274	-3.778	0.253
20.81	10.208	6.966	12.222999999999999	-2.748	-11.04	-20.263	12.903500000000001	-10.857	-0.679	0.522	-10.7785
12.625	22.072	23.008	-9.915	15.415	14.47	7.821	4.269499999999999	-12.419	-24.727	-15.888	7.8885000000000005
-34.543	-31.569	-24.488	-6.514499999999998	7.697	3.918	8.404	1.5360000000000005	13.259	10.593	8.742	3.5915
-17.519	-21.955	-25.055	5.986000000000001	13.588	9.545	11.302	3.1644999999999985	10.029	14.746	11.659	-3.1735000000000007
8.302	16.314	23.572	-11.640999999999998	-1.829	2.674	1.997	-4.1645	7.924	8.931	12.733	-2.9080000000000004
29.822	25.526	10.434	11.841999999999999	15.184	14.079	2.747	6.770999999999999	7.619	0.849	3.203	5.593
34.998	31.721	20.478	8.898499999999999	1.719	13.988	10.205	-10.3775	15.933	9.197	3.718	9.4755
27.019	30.071	33.672	-4.852499999999999	-22.906	-17.113	-2.684	-13.007499999999999	14.015	14.267	14.777	-0.5069999999999979
11.288	17.303	18.277	-6.501999999999999	-1.1	-9.206	-13.639	10.3225	-6.199	3.877	12.49	-14.3825
-13.249	-15.685	-19.357	4.272	21.677	25.91	9.806	3.818999999999999	19.436	13.77	14.309	5.3965
-5.318	-9.144	-14.044	6.276000000000002	33.351	27.054	25.047	7.3004999999999995	17.666	20.417	16.542	-0.8135000000000012
21.409	16.741	22.54	1.7684999999999995	4.301	-9.688	-10.361	14.3255	-8.776	-3.408	-9.991	-2.0765000000000002
9.209	17.924	19.209	-9.357499999999998	-7.369	-3.358	-3.551	-3.9144999999999994	-14.697	-19.819	-8.242	-0.6664999999999992
-28.767	-33.299	-27.024	1.3945000000000007	-12.233	-13.899	-5.979	-2.2940000000000005	-1.591	-3.07	-5.342	2.6149999999999993
-21.925	-27.612	-30.675	7.218499999999999	-9.065	-17.348	-23.213	11.2155	-29.558	-27.037	-24.812	-3.633499999999998
-0.168	4.066	5.891	-5.1465000000000005	2.838	1.742	-0.795	2.3645	-1.514	-1.965	0.233	-0.648
-11.215	0.286	6.104	-14.41	-0.221	2.228	2.353	-2.5115000000000003	3.25	-1.227	-0.971	4.349
43.055	41.994	42.502	0.806999999999995	12.367	18.179	0.469	3.043000000000001	5.258	-2.58	-3.866	8.481
44.054	41.781	42.394	1.9665000000000035	11.323	8.948	16.203	-1.2524999999999995	-2.472	-1.404	-0.404	-1.568
13.925	15.432	15.13	-1.3559999999999999	10.83	4.844	3.862	6.477	-11.141	-5.479	-0.742	-8.0305
-40.739	-39.824	-38.482	-1.5859999999999985	3.083	2.393	2.579	0.5970000000000004	-4.072	-3.962	-3.551	-0.3155000000000001
-12.185	-15.749	-11.377	1.3780000000000001	1.024	-4.452	-13.09	9.795000000000002	14.732	12.186	10.143	3.567499999999999
56.317	38.357	33.8	20.238500000000002	-3.843	-18.003	-12.095	11.206	8.728	16.801	18.524	-8.934500000000002
36.889	40.433	49.901	-8.277999999999999	-4.717	-4.959	-7.508	1.5164999999999997	21.334	21.595	12.003	4.535
37.629	35.362	39.029	0.4334999999999951	-9.349	-7.879	-4.956	-2.9314999999999998	21.581	17.916	21.039	2.1035000000000004
-1.181	0.722	-8.49	2.7030000000000003	11.468	5.292	-15.581	16.6125	-29.898	-25.962	-10.792	-11.521
-11.841	-8.109	-4.44	-5.5665	-2.218	-4.205	1.618	-0.9245000000000001	-39.033	-44.25	-39.011	2.5974999999999966
-8.84	-11.395	-5.052	-0.6165000000000003	5.384	-2.856	-0.437	7.0305	-34.446	-40.089	-44.797	7.997
-11.449	-9.976	-8.566	-2.177999999999999	9.828	3.662	-2.979	9.4865	-29.324	-36.104	-43.25	10.352999999999998
0.379	-2.524	-7.104	5.193	-0.689	3.516	-0.517	-2.1885	11.096	5.185	2.325	7.341
1.328	0.943	1.501	0.1060000000000001	22.216	13.284	-0.593	15.8705	12.697	8.426	9.335	3.816499999999998
-39.904	-34.508	-27.325	-8.987500000000004	-7.467	-12.302	-7.001	2.1845000000000008	-1.434	-0.439	7.523	-4.976
46.316	45.328	51.537	-2.116500000000002	-11.077	-10.789	-7.455	-1.955	-2.651	2.078	-6.256	-0.5619999999999994
59.715	54.245	45.416	9.884500000000003	-0.512	-6.195	-10.913	8.042	-4.428	-1.962	0.72	-3.807
40.985	54.121	51.981	-12.066000000000003	-11.03	-1.029	-6.97	-7.0305	9.094	0.129	-1.469	9.764
50.604	53.491	45.883	0.9170000000000016	28.9	17.267	-7.855	24.194	7.017	2.729	7.006	2.1495000000000006
21.688	23.405	14.083	2.943999999999999	17.029	17.194	9.227	3.8185000000000002	3.004	-2.05	0.511	3.7735
26.259	22.044	23.197	3.6385000000000005	31.155	17.555	16.85	13.9525	0.622	7.513	-1.398	-2.4355
15.975	17.008	24.628	-4.842999999999998	19.132	22.218	38.564	-11.258999999999997	15.768	11.861	6.125	6.775
35.96	30.888	31.351	4.840499999999999	-6.709	-7.529	-5.562	-0.1634999999999991	-5.973	3.637	15.025	-15.303999999999998
17.557	22.606	37.829	-12.660500000000003	1.142	4.85	2.853	-2.7095	-1.8	-5.324	-4.289	3.0065
-43.715	-44.668	-38.301	-2.2305000000000064	2.851	1.55	2.627	0.7625000000000002	-18.243	-25.23	-19.4	4.071999999999999
48.619	48.123	44.497	2.3089999999999975	-10.598	-14.385	-26.905	10.046999999999999	-0.803	13.987	8.013	-11.803
-14.524	-16.355	-10.02	-1.3364999999999991	20.669	11.515	4.38	12.7215	10.168	11.144	16.055	-3.4314999999999998
-9.848	-14.519	-16.238	5.530499999999998	7.283	17.79	12.775	-7.9994999999999985	14.598	13.344	11.744	2.0540000000000003
43.241	42.859	43.294	0.16450000000000387	-1.516	-7.318	-1.624	2.955	17.465	12.149	14.792	3.9945000000000004
55.575	52.323	45.496	6.6655000000000015	11.691	5.982	-0.091	8.7455	17.312	17.651	17.364	-0.19549999999999912
53.992	54.419	50.541	1.5120000000000005	21.289	11.974	4.647	12.9785	17.862	17.517	17.569	0.31899999999999906
-31.25	-33.035	-35.487	3.0109999999999957	17.894	9.525	7.826	9.218499999999999	-25.217	-25.732	-13.985	-5.358499999999999
-11.963	-11.8	-5.14	-3.4929999999999986	0.607	-4.149	-1.833	3.598	-5.798	-0.182	3.252	-7.333
22.346	17.629	12.327	7.3679999999999986	-1.385	2.388	7.043	-6.1005	-0.395	2.754	2.103	-2.8235
18.46	23.241	22.804	-4.5625	-0.993	9.179	8.149	-9.657	11.828	12.505	9.071	1.0399999999999991
-45.592	-39.869	-40.961	-5.177	10.355	5.501	-3.75	9.4795	-0.299	0.626	-12.935	5.8555
6.68	15.073	6.742	-4.227500000000001	-13.185	-11.723	-15.899	0.6259999999999994	11.118	0.48	-2.251	12.0035
4.47	6.139	11.858	-4.5285	-4.689	-9.819	-11.695	6.068000000000001	4.9	12.904	5.096	-4.1
2.316	8.897	5.415	-4.840000000000001	-13.761	-3.28	-9.101	-7.570499999999999	-0.55	2.987	11.072	-7.5794999999999995
-0.474	3.192	-0.877	-1.6315000000000002	-16.493	-13.194	-8.06	-5.865999999999998	16.544	7.888	10.635	7.282500000000001
19.742	29.794	31.28	-10.794999999999998	-10.048	-2.444	-15.265	-1.1935000000000002	17.376	14.576	11.106	4.535
8.764	13.522	19.076	-7.535	-26.186	-13.349	-8.09	-15.4665	13.35	14.704	17.674	-2.8390000000000004
-36.018	-45.983	-39.387	6.667000000000002	-6.421	-7.313	9.351	-7.440000000000001	-13.409	-1.508	7.043	-16.1765
-33.44	-33.761	-42.144	4.512500000000003	18.648	9.869	-7.086	17.2565	-14.862	-13.284	-6.325	-5.057499999999999
14.753	11.602	3.426	7.239	-2.402	-5.227	-2.712	1.5675	11.101	14.058	10.164	-1.0099999999999998
67.784	60.679	61.066	6.911500000000004	-0.827	-2.89	-5.193	3.2145	6.853	9.927	13.143	-4.682
65.169	71.163	63.978	-2.4014999999999986	-6.822	-3.95	-1.713	-3.9905	20.985	12.244	8.69	10.518
58.796	62.574	66.389	-5.6854999999999976	0.074	4.523	-0.964	-1.7054999999999998	17.073	12.335	16.401	2.705
51.76	54.196	55.583	-3.1295	-1.624	-10.045	-5.061	5.929	-2.009	5.365	17.893	-13.638000000000002
-46.784	-33.005	-31.733	-14.415	5.34	9.772	6.733	-2.9124999999999996	0.996	5.816	13.265	-8.5445
-9.034	-12.823	-24.608	9.681499999999998	12.525	1.611	-0.952	12.195500000000001	6.641	-0.831	7.337	3.388
-8.134	-10.336	-10.399	2.2334999999999994	-0.457	0.413	6.623	-3.975	15.995	11.758	2.33	8.951
16.718	22.094	26.988	-7.823	0.889	1.38	-3.525	1.9615	-1.294	-0.763	-7.608	2.8915
-0.697	4.23	0.935	-3.2795000000000005	-0.026	12.947	2.634	-7.8165	-26.965	-30.254	-15.198	-4.239000000000001
-6.457	-3.702	-1.089	-4.0615	-10.251	-4.126	-0.018	-8.178999999999998	-22.143	-22.961	-24.981	1.8279999999999994
-25.39	-28.815	-25.156	1.5955000000000013	28.707	30.878	23.155	1.6905000000000001	-10.006	-12.578	-10.058	1.3119999999999994
-18.051	-23.686	-26.592	7.088000000000001	30.464	27.819	30.75	1.1794999999999973	-12.86	-14.555	-11.612	0.22350000000000136
-1.522	-7.447	-5.072	4.7375	-0.402	-6.353	0.483	2.533	1.195	3.185	1.185	-0.99
-22.046	-30.642	-21.335	3.9425000000000026	3.125	-8.818	-3.315	9.1915	-4.302	2.76	7.515	-9.439499999999999
-39.939	-32.482	-23.025	-12.185500000000001	-28.343	-12.834	0.07	-21.961	-11.599	-8.348	-5.559	-4.6455
-33.214	-38.157	-28.605	0.1670000000000016	-26.29	-26.062	-7.777	-9.3705	-12.223	-11.427	-6.216	-3.4015000000000004
-36.492	-33.905	-35.865	-1.6069999999999922	-27.503	-24.834	-21.067	-4.552500000000002	-19.036	-13.895	-10.434	-6.871500000000001
-20.677	-16.769	-15.51	-4.537500000000001	18.858	16.854	22.565	-0.8514999999999979	-19.197	-18.997	-18.644	-0.37650000000000006
-11.409	-10.95	-5.862	-3.003000000000002	6.045	-2.182	-0.037	7.1545	3.039	6.056	-4.849	2.4355
-2.509	-0.447	-2.919	-0.8259999999999998	18.658	10.551	2.294	12.235500000000002	16.651	14.617	23.419	-2.367000000000001
-4.699	-7.442	-3.783	0.9135	8.846	1.624	3.057	6.5055	-13.147	-8.212	-5.366	-6.3580000000000005
0.843	-4.522	-7.259	6.7335	11.854	9.723	2.752	5.6164999999999985	-4.242	-11.11	-6.514	4.569999999999999
-41.99	-48.205	-49.541	6.882999999999996	9.649	2.895	-5.909	11.155999999999999	4.484	4.085	4.936	-0.026500000000000412
16.021	10.046	25.559	-1.7815000000000012	-24.317	-22.283	-24.56	-0.8954999999999984	19.56	21.979	6.932	5.104499999999998
19.794	19.571	12.609	3.7040000000000006	-16.626	-20.939	-24.09	5.888499999999997	25.422	21.606	19.423	4.907500000000002
5.892	4.282	5.52	0.9910000000000005	0.5	5.521	8.799	-6.66	26.133	18.066	7.587	13.3065
6.513	8.906	3.859	0.13049999999999962	17.581	11.978	9.001	7.0915	32.984	21.069	18.672	13.113500000000002
9.023	14.876	15.567	-6.198499999999999	-11.551	-15.383	-19.6	5.940500000000002	0.604	3.363	9.024	-5.589499999999999
8.197	10.969	13.548	-4.0615000000000006	-5.146	5.241	3.606	-9.5695	-3.594	3.724	5.981	-8.4465
20.589	17.386	26.428	-1.3180000000000014	-3.007	3.217	4.714	-6.9725	0.956	-1.749	-9.567	6.614000000000001
-4.113	-1.49	-9.428	1.346	13.0	18.501	11.941	-2.221	-3.028	-4.713	-7.546	3.1015
10.611	4.279	-0.311	8.627	15.614	19.038	16.884	-2.3469999999999978	-16.105	-8.258	-6.581	-8.685500000000001
2.646	5.495	9.866	-5.0345	7.015	9.197	10.78	-2.9734999999999987	14.099	11.088	-3.673	10.3915
16.406	20.491	19.474	-3.576500000000003	30.97	42.599	31.527	-6.0930000000000035	9.94	7.719	0.233	5.9639999999999995
61.394	49.693	46.91	13.092500000000001	-3.318	-11.347	-10.537	7.6240000000000006	-9.69	-5.667	-8.928	-2.392499999999999
5.746	5.427	4.192	0.9365000000000006	-5.415	-0.861	-8.87	-0.5495000000000001	-14.52	-18.625	-13.533	1.559000000000001
-39.38	-38.992	-33.104	-3.3320000000000007	-5.102	-8.319	-1.74	-0.07249999999999979	1.11	6.585	5.705	-5.034999999999999
-38.719	-38.643	-35.491	-1.652000000000001	4.084	-4.936	-7.234	10.169	4.497	0.604	7.489	0.4504999999999999
-37.94	-36.919	-38.86	-0.050499999999999545	1.766	4.977	-5.773	2.1639999999999997	4.6	7.276	3.095	-0.5855000000000006
-41.139	-40.091	-35.931	-3.128000000000007	4.796	-5.407	-0.562	7.7805	-2.819	-2.305	-2.889	-0.22199999999999998
-37.171	-41.108	-36.424	1.5949999999999989	14.022	0.198	-3.636	15.741	-4.269	-2.317	-3.927	-1.1470000000000002
5.136	-2.311	-5.022	8.8025	12.267	7.156	-2.957	10.1675	-1.01	-1.577	-10.603	5.08
-18.712	-16.859	0.468	-10.516499999999999	-6.169	-1.493	9.704	-10.2745	-12.11	-10.241	-6.072	-3.9535
13.29	7.736	9.785	4.529499999999999	7.84	-6.726	-17.618	20.012	-10.767	-6.947	-9.913	-2.3369999999999997
-16.301	-13.176	-15.351	-2.037499999999998	-5.137	1.68	-1.506	-5.223999999999999	16.398	20.398	13.888	-0.745000000000001
-29.555	-30.306	-25.245	-1.7794999999999987	-0.984	-7.521	-5.317	5.4350000000000005	5.257	4.032	2.479	2.0014999999999996
-8.298	-9.723	-6.176	-0.3484999999999996	4.359	-0.339	5.38	1.8385000000000002	-1.893	-8.833	-10.251	7.649
-20.945	-23.83	-23.732	2.8359999999999985	-11.265	4.275	3.434	-15.1195	6.263	9.149	6.078	-1.3505000000000003
-21.502	-21.407	-25.364	1.8835000000000015	-10.426	-2.641	-8.974	-4.6185	15.76	16.309	19.405	-2.0969999999999995
53.124	62.14	58.082	-6.987000000000002	28.559	24.566	6.966	12.793000000000001	3.813	0.049	2.786	2.3955
3.755	-0.176	-0.6	4.143	5.708	-0.37	-3.239	7.5125	-7.367	-1.8	-8.577	-2.1784999999999997
-10.109	-5.184	2.024	-8.529	-10.998	-0.983	3.231	-12.122	-3.918	-1.442	-5.588	-0.403
-14.069	-11.173	-6.826	-5.0695000000000014	-9.007	-14.054	-4.321	0.18050000000000033	-6.067	-8.111	-2.268	-0.8774999999999995
-16.814	-17.851	-12.659	-1.559000000000001	-9.021	-1.115	3.047	-9.987	-1.087	4.278	1.946	-4.199
78.67	71.395	56.261	14.841999999999999	1.129	1.975	-4.606	2.4444999999999997	2.434	11.036	9.542	-7.8549999999999995
66.818	73.948	76.776	-8.543999999999997	18.201	12.485	3.72	10.098500000000001	-0.694	-0.76	3.991	-2.3095
69.289	68.481	72.537	-1.2199999999999989	29.889	27.828	13.437	9.256499999999999	-0.344	-1.681	-0.818	0.9055000000000001
-21.765	-17.851	-12.195	-6.742000000000001	2.451	-6.003	-10.19	10.5475	2.792	5.834	6.101	-3.1754999999999995
-31.177	-28.479	-26.045	-3.914999999999999	-10.022	-6.736	-12.795	-0.25650000000000084	8.6	3.002	-2.003	8.1005
19.575	15.369	9.812	6.984500000000001	-14.876	-19.754	-5.724	-2.1369999999999987	2.301	-3.074	-8.083	7.8795
-12.663	-10.061	-5.173	-5.046	-13.344	-10.875	-7.109	-4.3519999999999985	16.005	14.441	14.382	1.5934999999999988
4.773	-0.286	0.612	4.609999999999999	25.471	10.969	21.428	9.2725	-17.403	-19.524	-21.45	3.084000000000003
-25.242	-26.528	-28.204	2.1239999999999988	-6.937	-1.891	-2.244	-4.8695	12.889	11.842	7.739	3.0984999999999996
-2.352	2.72	1.031	-4.2275	-1.282	1.98	13.14	-8.842	0.166	2.481	-4.461	1.1560000000000001
35.75	46.849	54.044	-14.6965	27.449	26.423	28.319	0.07800000000000296	-1.765	-3.131	-12.22	5.910500000000001
-31.509	-34.981	-29.133	0.5480000000000018	-10.743	-10.463	0.569	-5.796000000000001	15.607	13.946	14.942	1.1630000000000003
-31.249	-30.8	-34.482	1.3919999999999995	1.945	-9.254	-7.158	10.151	13.572	14.65	15.574	-1.540000000000001
24.798	21.357	22.387	2.9259999999999984	0.627	1.159	0.783	-0.3440000000000001	3.713	10.034	6.146	-4.377
-36.48	-39.95	-38.901	2.9455000000000027	16.333	17.143	13.123	1.1999999999999993	0.082	4.191	15.286	-9.6565
33.1	30.203	35.586	0.20550000000000068	25.448	19.408	3.492	13.998	-3.8	-1.516	-0.787	-2.6485
-16.363	-16.758	-15.093	-0.4375	-15.317	-8.28	2.796	-12.575	-5.844	1.028	-6.533	-3.0915
-47.779	-50.016	-58.094	6.275999999999996	22.694	15.214	-3.441	16.807499999999997	-18.892	-21.02	-19.17	1.2029999999999994
15.437	19.634	25.222	-6.991000000000001	-3.207	-1.139	-8.182	1.4535	3.593	-3.116	-8.423	9.3625
11.234	13.259	19.727	-5.259000000000002	-5.997	-8.587	-3.462	0.027499999999999858	7.757	5.065	-2.471	6.459999999999999
-21.268	-23.341	-15.182	-2.006499999999999	-3.754	-1.608	7.801	-6.8505	-11.595	-12.482	-15.099	2.195499999999999
-29.448	-26.53	-26.645	-2.860500000000002	-6.427	1.756	-7.901	-3.3545	12.65	4.896	16.901	1.7515
8.564	14.114	6.595	-1.7904999999999998	1.75	2.846	8.07	-3.708	10.941	8.032	7.242	3.3040000000000003
17.847	17.867	17.263	0.28200000000000003	-3.89	-14.489	-12.149	9.428999999999998	13.694	12.784	8.113	3.2455000000000016
42.024	47.026	30.18	3.4209999999999994	1.105	-7.766	-17.349	13.662500000000001	-7.737	-11.157	-1.953	-1.1820000000000004
5.911	7.775	2.73	0.6584999999999992	-1.57	-0.022	-1.314	-0.902	7.176	9.674	-0.839	2.7585000000000006
6.465	3.499	8.623	0.4039999999999999	0.171	-6.439	-9.219	8.0	5.643	5.362	-3.163	4.5435
9.985	9.399	3.295	3.638	-1.837	7.734	1.677	-6.5424999999999995	11.289	6.522	4.28	5.888
17.623	10.376	6.235	9.3175	4.328	-0.806	6.426	1.5180000000000002	8.276	11.756	2.671	1.0625
46.507	40.666	42.079	5.134499999999996	1.436	-2.948	-12.623	9.221499999999999	28.781	20.671	18.798	9.046500000000002
50.948	43.702	42.806	7.694000000000003	9.955	-0.396	-7.36	13.833	29.924	26.826	19.054	6.984000000000002
-11.753	-9.965	-5.763	-3.8890000000000002	-16.418	-10.181	-4.88	-8.8875	1.317	3.097	4.493	-2.4779999999999998
34.401	34.64	25.298	4.432000000000002	5.845	-4.983	-17.493	17.083	-3.976	-4.146	5.361	-4.5835
-4.844	-9.173	-5.781	2.633	-3.217	-3.914	10.588	-6.554	7.046	-5.896	-17.395	18.6915
38.377	28.609	24.463	11.841000000000001	9.051	8.303	13.037	-1.6190000000000015	-3.523	-5.416	-1.562	-0.03399999999999981
33.04	37.492	38.966	-5.189	3.929	4.457	4.534	-0.5665	2.441	1.855	0.352	1.3375
24.098	33.377	38.352	-11.7665	-11.629	-5.315	-11.747	-3.097999999999999	-0.871	-3.967	-19.482	10.853499999999999
-7.123	-8.713	-5.075	-0.2290000000000001	8.886	15.11	13.391	-5.3645	15.904	14.118	17.924	-0.11700000000000088
-1.216	-4.249	-9.0	5.408499999999999	13.771	6.682	-4.022	12.441	4.64	7.24	7.621	-2.7905000000000006
-47.843	-52.96	-49.189	3.231499999999997	-15.991	-11.326	-0.393	-10.131499999999999	-0.992	-1.732	-0.744	0.246
28.469	30.054	34.572	-3.844000000000001	-7.751	-18.293	-21.084	11.937499999999996	21.212	12.932	10.567	9.462499999999999
4.978	16.161	10.769	-8.487	8.883	20.561	17.468	-10.131499999999999	-15.651	-30.38	-31.157	15.1175
-10.6	-14.346	-13.816	3.481	-6.378	-4.305	-5.579	-1.436	-17.145	-17.73	-14.772	-0.8939999999999984
-11.282	-13.152	-12.531	1.5594999999999999	-4.676	-4.473	-7.391	1.2560000000000002	-18.283	-16.578	-17.893	-1.0474999999999994
-13.65	-14.866	-11.677	-0.3785000000000007	8.174	6.035	10.913	-0.3000000000000007	-12.985	-6.439	-10.201	-4.664999999999999
25.164	29.343	18.12	1.432500000000001	-6.402	-1.088	-19.054	3.6689999999999996	13.386	12.356	26.284	-5.934000000000001
-14.644	-12.039	-17.931	0.3409999999999993	1.474	0.254	-3.524	3.109	20.876	16.139	22.857	1.3780000000000037
-12.327	-13.295	-11.746	0.19350000000000023	19.073	12.387	0.239	12.76	14.249	17.688	16.494	-2.8420000000000005
9.136	3.337	4.215	5.359999999999999	-0.3	1.294	2.414	-2.154	8.811	7.659	4.899	2.532
-26.447	-22.307	-21.989	-4.2989999999999995	-13.653	-9.756	-0.813	-8.368500000000001	-0.35	9.033	9.447	-9.589999999999998
-22.02	-25.081	-23.612	2.3264999999999993	20.743	9.604	5.856	13.012999999999998	4.219	6.687	14.557	-6.403
-14.82	-22.046	-23.41	7.908000000000001	27.396	20.031	9.62	12.570500000000003	11.986	5.945	8.862	4.5825000000000005
-15.086	-16.69	-24.317	5.417500000000002	35.704	25.811	12.185	16.706	4.815	9.452	6.439	-3.1304999999999996
-13.647	-13.484	-20.282	3.235999999999999	40.183	37.837	21.615	10.457	10.922	6.307	7.942	3.7975000000000003
28.537	24.81	8.01	12.126999999999999	1.992	-1.438	-16.436	10.928999999999998	10.632	11.366	20.054	-5.077999999999999
-0.099	15.851	27.875	-21.962	-13.554	-15.362	-5.068	-3.3390000000000004	-1.202	8.411	9.41	-10.112499999999999
-18.014	-17.898	-19.075	0.47250000000000014	4.789	8.71	3.998	-1.5650000000000013	2.286	-3.822	1.319	3.5375
-15.174	-17.516	-18.261	2.714500000000001	0.831	3.788	9.333	-5.7295	-4.051	-0.936	-3.078	-2.044
27.952	31.229	25.699	-0.5119999999999969	8.389	10.848	-3.413	4.671499999999999	-7.735	-13.198	-16.141	6.934499999999999
-23.965	-16.817	-19.265	-5.9239999999999995	13.333	8.476	4.679	6.7555	-19.819	-16.785	-6.022	-8.415499999999998
-52.026	-48.598	-50.798	-2.328000000000003	-12.874	-10.176	-13.509	-1.0314999999999994	-11.01	-10.896	-6.369	-2.3774999999999995
-57.029	-49.488	-51.824	-6.373000000000005	-20.14	-10.228	-14.102	-7.975000000000001	-12.373	-11.337	-6.877	-3.266
-54.796	-56.257	-54.446	0.5555000000000021	-10.357	-14.662	-16.781	5.3645	-21.678	-18.24	-12.055	-6.530500000000002
-8.586	-8.969	-8.043	-0.08000000000000007	10.964	9.306	-10.321	11.4715	22.671	16.011	14.391	7.469999999999999
29.793	30.766	26.044	1.3879999999999981	-5.093	0.004	2.649	-6.4195	6.282	-2.203	3.002	5.8825
-2.619	-5.165	-2.411	1.169	-0.554	-2.145	3.771	-1.367	-3.85	-2.103	7.749	-6.673
-10.849	-8.036	-7.407	-3.1275000000000004	-16.963	-9.239	-7.545	-8.571000000000002	11.269	14.264	17.122	-4.4239999999999995
-4.126	3.123	15.201	-13.288	-1.117	-9.205	-5.99	6.4805	-2.179	0.582	-0.097	-2.4215
-5.586	-5.962	-16.674	5.731999999999999	18.598	2.851	-6.973	20.659	-5.678	-4.239	0.183	-3.65
9.066	-0.469	-5.837	12.219000000000001	32.688	32.279	8.1	12.4985	-17.96	-16.16	-4.719	-7.5205
16.5	11.052	2.112	9.918	48.595	38.744	31.915	13.265500000000003	-14.389	-15.049	-16.562	1.416500000000001
23.076	13.243	11.717	10.596	48.856	46.941	39.541	5.615000000000002	-16.58	-12.431	-15.481	-2.6239999999999988
2.857	1.121	8.213	-1.8099999999999996	-12.227	1.997	1.432	-13.941500000000001	5.333	9.662	5.511	-2.2535000000000007
5.371	10.785	18.65	-9.346499999999999	-20.956	-18.253	-8.64	-7.509499999999999	-23.996	-19.446	-13.76	-7.392999999999997
7.086	5.285	1.321	3.7830000000000004	-10.058	-17.545	-15.105	6.267000000000003	4.048	9.769	7.941	-4.807
24.797	21.37	31.466	-1.6209999999999987	-12.076	-21.149	-16.377	6.686999999999998	-1.228	6.604	15.978	-12.519
22.337	22.611	22.687	-0.31200000000000117	-13.556	-5.28	-18.75	-1.5409999999999986	13.492	3.992	5.836	8.578000000000001
29.923	24.499	23.143	6.102	-9.238	-14.996	-8.057	2.288500000000001	8.738	13.498	4.268	-0.14499999999999957
-35.924	-29.611	-31.082	-5.577500000000001	14.003	13.148	19.153	-2.147500000000001	-10.061	-20.027	-10.656	5.2805
-31.833	-32.968	-30.15	-0.27399999999999736	21.967	18.697	14.16	5.538499999999999	-1.943	-10.917	-17.731	12.381000000000002
18.501	19.115	21.784	-1.9484999999999992	13.367	5.003	-3.854	12.7925	13.423	6.683	7.547	6.308
14.942	9.226	14.898	2.879999999999999	-3.554	-8.53	-11.516	6.468999999999999	-1.338	-5.939	-16.18	9.721499999999999
12.577	14.214	15.728	-2.394	12.862	10.223	2.103	6.699	-16.686	-16.1	-1.171	-8.0505
14.77	12.409	16.483	0.32399999999999807	14.078	12.942	5.298	4.957999999999998	-13.394	-18.082	-3.857	-2.4245
-22.331	-21.135	-25.368	0.9205000000000005	25.385	31.621	26.773	-3.8119999999999976	-2.099	-5.899	-5.427	3.564
-19.898	-19.617	-18.184	-0.9974999999999987	22.532	28.234	32.662	-7.916	1.229	3.782	-1.627	0.15149999999999997
-22.57	-20.85	-18.069	-3.110500000000002	19.874	22.893	32.492	-7.8185	1.146	3.321	1.198	-1.1135000000000002
-46.515	-41.145	-33.378	-9.253500000000003	3.439	1.415	4.551	0.45599999999999996	-14.476	-9.815	-3.008	-8.0645
49.683	40.283	36.782	11.150500000000001	-9.8	-10.862	-14.248	2.754999999999999	-21.221	-15.839	-10.099	-8.251999999999999
50.205	52.543	41.012	3.427499999999995	2.006	-3.256	-10.26	8.764	-15.141	-15.798	-15.287	0.4015000000000004
46.793	48.784	51.401	-3.299500000000002	-1.133	8.346	5.421	-8.0165	-12.444	-7.788	-12.656	-2.2219999999999995
15.759	14.697	9.972	3.424500000000002	2.695	-1.579	-5.486	6.227499999999999	-10.174	-14.393	-26.875	10.46
20.658	15.895	14.59	5.4155000000000015	6.136	1.996	-2.902	6.589	-9.518	-11.444	-21.752	7.079999999999998
12.797	18.837	18.351	-5.797000000000001	-12.952	-0.526	4.716	-15.047	-10.809	-8.378	-8.863	-2.1884999999999994
16.518	14.206	19.122	-0.1460000000000008	-21.551	-17.138	1.412	-13.687999999999997	-12.364	-11.068	-7.272	-3.194000000000001
30.298	26.374	13.192	10.514999999999997	25.101	11.105	0.022	19.537499999999998	-0.654	-9.2	-5.205	6.5485
-31.226	-32.512	-31.421	0.7405000000000008	11.194	3.563	-7.557	13.191	-5.199	0.669	2.669	-6.868
-9.033	-6.949	-6.794	-2.1615	-0.58	-8.638	-15.089	11.2835	-5.845	-7.607	-11.132	3.5245000000000006
-34.703	-32.086	-28.263	-4.528500000000001	8.441	3.66	7.403	2.9095000000000013	18.426	13.867	10.935	6.024999999999999
-31.711	-34.151	-30.57	0.6495000000000033	14.078	9.606	4.658	6.946	15.84	17.609	10.167	1.9519999999999982
-16.795	-16.225	-15.183	-1.091000000000001	-12.273	-16.088	-15.274	3.4080000000000013	-5.279	-0.108	-2.845	-3.8024999999999998
20.986	13.265	12.652	8.0275	-0.995	-11.196	-9.858	9.532000000000002	11.37	14.031	10.047	-0.6690000000000023
60.601	46.117	48.058	13.5135	11.025	0.609	-0.086	10.7635	-2.073	7.829	4.019	-7.997
48.113	54.997	60.816	-9.793500000000002	8.091	8.711	13.65	-3.089500000000001	5.471	3.583	-5.052	6.2055
-4.945	-6.668	3.785	-3.5035000000000003	21.707	21.081	19.733	1.3000000000000007	3.846	1.066	-6.49	6.558
-6.026	-14.192	-11.896	7.018000000000001	17.158	18.568	11.261	2.243500000000001	0.329	4.392	-0.268	-1.7330000000000003
-6.504	-3.361	-6.646	-1.5004999999999997	-5.553	-14.488	-19.88	11.630999999999997	6.444	2.866	0.984	4.519
23.135	25.968	26.604	-3.151	11.336	12.046	13.103	-1.2385000000000002	-10.118	-15.683	-19.796	7.621499999999999
6.564	4.717	1.133	3.6390000000000002	8.95	3.011	-0.68	7.7844999999999995	26.498	16.499	21.155	7.671000000000003
13.889	7.3	5.168	7.654999999999999	3.635	7.697	-0.57	0.0714999999999999	21.622	24.572	15.742	1.4649999999999999
16.13	11.683	5.7	7.4384999999999994	11.403	4.081	4.547	7.089	20.704	23.853	18.12	-0.28249999999999886
13.255	15.674	9.496	0.6699999999999999	24.717	13.107	6.343	14.991999999999999	20.503	21.341	23.589	-1.9619999999999997
38.953	40.58	30.772	3.277000000000001	-8.023	-10.321	-20.104	7.189499999999999	-4.379	-3.717	2.159	-3.5999999999999996
21.417	33.206	29.099	-9.735500000000002	-5.027	11.825	8.716	-15.2975	7.51	5.186	3.418	3.208
-29.974	-29.505	-24.506	-2.9685000000000024	1.092	-1.554	0.122	1.808	16.325	18.69	20.986	-3.5130000000000017
-0.314	-4.942	-8.572	6.443	13.251	9.017	4.239	6.622999999999999	-6.37	-7.434	-8.433	1.5635000000000003
5.142	4.133	1.205	2.4730000000000003	19.017	16.535	15.916	2.791499999999999	-7.511	-10.968	-19.671	7.8084999999999996
5.325	8.063	-12.477	7.532	-13.238	-8.776	-3.79	-6.955	-5.207	-12.856	-8.438	5.44
6.354	-0.116	3.318	4.753	-12.826	-20.531	-7.523	1.2009999999999987	12.188	12.806	2.484	4.543000000000001
-43.528	-36.798	-28.168	-11.044999999999995	-13.063	-13.17	-7.958	-2.4990000000000006	14.211	16.895	20.21	-4.341500000000002
-43.87	-42.895	-41.102	-1.8714999999999975	-11.558	-15.765	-9.111	0.8800000000000008	-2.836	-0.687	4.841	-4.913
-37.096	-30.04	-19.307	-12.4225	15.447	21.352	16.805	-3.631499999999999	6.636	5.973	14.862	-3.7815000000000003
-26.132	-34.32	-25.331	3.6934999999999967	10.722	13.982	20.703	-6.620500000000002	2.444	6.157	8.312	-4.7905
-30.675	-29.288	-29.878	-1.0920000000000023	2.38	7.955	11.71	-7.4525	-6.763	-2.617	3.872	-7.390499999999999
23.72	27.738	21.744	-1.0210000000000008	8.274	2.236	0.369	6.971499999999999	-3.288	-9.301	-7.407	5.065999999999999
27.165	27.277	26.377	0.33800000000000097	2.137	4.386	11.055	-5.583499999999999	-14.183	-14.914	-7.388	-3.032
-58.081	-52.469	-43.619	-10.037000000000006	-5.2	-5.08	8.367	-6.843500000000001	-6.286	-3.13	-12.843	1.7005
12.985	20.465	24.68	-9.587499999999999	-3.2	9.734	9.826	-12.98	7.89	2.569	1.198	6.0065
-30.075	-28.6	-32.793	0.621500000000001	-0.903	3.043	9.791	-7.32	-23.56	-15.157	-11.142	-10.410499999999999
1.524	-2.583	-7.25	6.4405	12.261	12.07	11.841	0.30549999999999855	-1.612	-5.479	-7.793	5.024
3.64	0.967	3.15	1.5815000000000001	16.928	12.525	13.521	3.905000000000001	-2.865	-2.509	-3.865	0.32200000000000006
27.36	21.124	13.375	10.110500000000002	1.122	6.08	8.64	-6.238	-2.418	2.041	0.157	-3.5170000000000003
-0.251	3.604	6.021	-5.0635	6.983	12.447	14.668	-6.5745	5.733	9.065	5.283	-1.4409999999999998
-3.03	-0.585	2.778	-4.1265	14.696	13.193	10.543	2.828000000000001	5.274	4.996	8.325	-1.3864999999999998
2.854	-1.002	-1.127	3.9185	7.256	3.085	14.381	-1.4770000000000003	2.634	1.687	5.025	-0.7220000000000004
23.299	10.318	3.406	16.436999999999998	-4.309	-2.689	-16.023	5.047	-2.444	-2.631	2.651	-2.4539999999999997
-32.117	-34.011	-32.655	1.216000000000001	11.377	9.795	10.577	1.1910000000000007	-19.942	-23.73	-12.882	-1.6359999999999992
51.025	54.442	39.484	4.061999999999998	6.693	5.286	-6.482	7.291	-21.667	-14.216	-24.863	-2.1275000000000013
44.559	51.42	48.681	-5.491500000000002	5.034	7.8	1.91	0.17900000000000027	-17.555	-21.082	-15.568	0.7699999999999996
-29.795	-26.145	-21.028	-6.208500000000001	-9.818	-15.165	-6.576	1.0525000000000002	18.27	24.838	26.23	-7.263999999999999
-9.61	-10.23	-10.238	0.6240000000000006	1.572	7.833	6.295	-5.492	-10.377	-8.155	-7.382	-2.608500000000001
-6.188	-10.375	-10.816	4.4075000000000015	-2.41	-1.688	6.998	-5.065	-9.415	-10.168	-7.202	-0.7300000000000004
-4.406	-9.365	-10.024	5.2885	2.8	-2.843	5.746	1.3484999999999996	-4.591	-9.593	-8.896	4.6535
-5.799	-9.182	-2.256	-0.08000000000000007	-13.533	-15.563	-17.452	2.974500000000001	-21.304	-18.56	-16.203	-3.9224999999999994
2.134	-10.109	-13.827	14.102	15.887	-1.315	3.93	14.5795	-22.744	-14.099	-12.919	-9.235
-2.942	-5.747	0.385	-0.2610000000000001	-10.23	3.35	12.148	-17.979	-7.829	-5.145	-8.536	-0.9885000000000002
5.472	6.956	9.037	-2.5245000000000006	-8.442	-3.382	12.527	-13.0145	17.491	14.423	16.797	1.8810000000000002
25.402	29.045	29.458	-3.849499999999999	-0.156	1.143	-0.102	-0.6765	14.194	10.733	21.542	-1.943500000000002
-9.36	-10.338	-8.03	-0.17600000000000016	-3.032	3.815	3.26	-6.5695	-16.862	-17.82	-21.752	2.924000000000003
18.497	11.327	5.405	10.131	-0.816	-9.227	-20.698	14.1465	1.814	7.092	6.336	-4.9
18.095	18.695	5.75	5.872499999999999	8.377	1.025	-15.994	15.8615	0.684	1.892	10.056	-5.289999999999999
12.819	19.111	24.647	-9.059999999999997	-8.358	-3.891	-3.047	-4.889	-5.66	-10.485	-5.245	2.205
-13.05	-15.674	-25.867	7.720499999999998	0.591	0.673	-0.075	0.2919999999999999	3.423	-1.12	-4.026	5.996
-26.673	-21.943	-15.235	-8.084	-0.742	3.268	-5.903	0.5754999999999999	-11.953	-11.44	-8.627	-1.9194999999999993
29.194	28.215	30.682	-0.25450000000000017	5.049	-3.895	-14.516	14.2545	-15.26	-18.267	-19.47	3.6084999999999976
30.241	29.72	28.016	1.373000000000001	0.972	3.978	-12.752	5.359	-15.246	-16.942	-17.468	1.9589999999999979
31.201	29.884	28.419	2.049500000000002	0.99	2.105	-5.678	2.7765	-16.121	-14.844	-17.532	0.06700000000000017
-13.943	-20.799	-24.102	8.507499999999999	11.117	8.398	-1.48	7.658000000000001	19.982	23.773	27.619	-5.713999999999999
14.533	11.199	9.591	4.138	0.939	3.498	2.445	-2.0324999999999998	22.102	16.677	20.038	3.7444999999999986
-10.178	-6.292	-8.297	-2.8835000000000006	8.067	6.267	10.612	-0.3725000000000005	13.449	9.662	13.469	1.8834999999999997
-20.923	-16.837	-20.088	-2.4604999999999997	2.683	-6.862	-4.77	8.498999999999999	-14.282	-18.193	-20.708	5.168499999999998
-33.205	-30.561	-38.318	1.234499999999997	2.132	-1.378	-6.19	5.916	-9.406	-10.906	-4.714	-1.596
13.845	14.136	18.992	-2.7189999999999994	19.322	15.022	2.917	10.3525	-15.388	-15.941	-8.16	-3.3375000000000004
19.226	18.093	14.039	3.16	16.59	19.765	16.455	-1.5199999999999996	-6.941	-8.939	-15.757	5.406999999999999
-7.977	-8.991	-9.079	1.0579999999999998	2.605	-8.428	1.494	6.072000000000001	-0.406	1.536	-5.054	1.3530000000000002
-14.476	-9.783	-9.876	-4.646500000000001	-3.741	0.842	-6.382	-0.9710000000000001	2.782	1.004	-1.55	3.055
-26.19	-25.984	-18.063	-4.166500000000003	-24.785	-19.397	-11.115	-9.529	-0.752	2.756	-0.174	-2.043
0.504	-6.353	-3.479	5.42	8.9	3.668	5.908	4.112	1.558	5.455	0.369	-1.3539999999999999
7.816	10.07	-1.509	3.5355	15.637	25.822	10.116	-2.3320000000000007	-2.599	-11.026	0.881	2.4734999999999996
12.061	10.21	8.164	2.8739999999999988	24.543	26.73	19.993	1.1814999999999998	-1.548	1.457	-3.019	-0.767
1.043	1.441	6.45	-2.9025	-0.012	0.021	-3.251	1.603	-4.476	-11.606	-20.025	11.339500000000001
-1.976	-1.488	-1.053	-0.7055	3.711	0.695	-1.212	3.9695	-6.178	-3.036	-3.583	-2.8685
-3.294	-2.015	-1.431	-1.571	4.32	2.477	-1.542	3.8525000000000005	-5.293	-4.632	-1.961	-1.9965000000000002
-6.965	-4.116	-2.519	-3.6475	2.281	3.499	-0.688	0.8755000000000002	-3.548	-4.732	-2.312	-0.0259999999999998
-2.533	-6.529	-1.642	1.5524999999999998	2.762	2.327	2.184	0.5065	-4.647	-3.288	-4.304	-0.851
6.615	9.597	-4.842	4.237500000000001	8.624	7.227	-0.434	5.227500000000001	7.851	8.213	0.976	3.2565
9.126	7.438	0.9	4.957	17.719	8.02	1.763	12.8275	8.285	8.572	3.547	2.2255000000000003
2.381	9.296	11.821	-8.177499999999998	-4.704	8.511	17.718	-17.8185	5.213	1.917	6.614	0.9474999999999998
-5.513	-4.021	-15.012	4.003500000000001	-10.76	-16.205	-8.455	1.5699999999999985	-7.726	-4.58	-4.789	-3.0415
-14.73	-12.54	-12.294	-2.3130000000000006	1.928	5.934	5.764	-3.9210000000000003	1.081	-2.598	-6.176	5.468
-14.453	-14.294	-11.791	-1.410499999999999	1.958	2.728	7.778	-3.295	0.986	0.53	-5.824	3.633
-8.938	-13.897	-13.752	4.8865	2.953	-3.091	4.246	2.3754999999999997	-3.861	2.532	-0.755	-4.7495
-11.416	-17.711	-15.686	5.282499999999999	-6.629	-18.014	-0.735	2.7455	-5.776	-4.714	-0.73	-3.0539999999999994
1.606	5.239	3.691	-2.859	18.032	19.318	12.805	1.9704999999999977	17.175	15.884	20.002	-0.7679999999999971
13.636	16.592	13.176	-1.248000000000001	4.112	8.793	-2.902	1.1665000000000005	-17.905	-26.24	-27.331	8.880499999999998
-45.471	-39.058	-29.1	-11.391999999999996	-4.231	-10.614	-12.404	7.2780000000000005	1.488	3.67	2.458	-1.576
-22.016	-26.206	-32.886	7.530000000000001	9.142	17.126	15.504	-7.173000000000002	10.979	6.502	8.5	3.4779999999999998
-11.277	-5.458	0.708	-8.902	16.923	9.384	13.987	5.237499999999997	9.504	10.857	15.258	-3.5534999999999997
47.71	43.336	41.941	5.0715	1.035	-6.55	-0.387	4.5035	2.487	3.567	11.92	-5.2565
-24.987	-22.318	-21.298	-3.1789999999999985	12.622	13.689	2.233	4.661	8.388	8.194	14.493	-2.9555000000000007
-16.086	-23.644	-22.839	7.1555	11.119	14.608	11.258	-1.814	-0.802	8.15	9.91	-9.832
-19.019	-16.696	-22.682	0.6700000000000017	0.926	10.739	14.695	-11.791	5.444	0.113	8.369	1.2030000000000003
2.242	4.83	8.253	-4.2995	16.412	15.513	0.981	8.165	-12.968	-8.029	1.603	-9.754999999999999
32.26	38.285	31.356	-2.5604999999999976	0.181	-0.016	-14.207	7.2925	7.248	-0.935	-10.971	13.201
28.78	24.858	19.971	6.365500000000001	5.548	16.299	17.942	-11.5725	24.057	22.377	16.488	4.624500000000001
-36.993	-39.004	-40.501	2.7594999999999956	3.685	-3.34	1.115	4.797499999999999	5.65	12.91	13.637	-7.6235
19.388	17.811	21.454	-0.2444999999999986	-11.978	-11.613	-24.847	6.252000000000001	-7.772	-11.284	-13.227	4.483500000000001
-29.271	-26.293	-26.782	-2.7334999999999994	2.971	0.863	2.266	1.4065	-22.56	-16.702	-2.282	-13.067999999999998
-26.644	-21.513	-14.963	-8.405999999999999	-4.472	-1.248	-5.424	-1.1360000000000001	16.248	11.459	6.535	7.251000000000001
-18.851	-18.9	-26.352	3.7749999999999986	17.356	21.852	19.14	-3.1400000000000006	10.979	1.915	-2.59	11.3165
-9.393	-16.25	-18.031	7.747499999999999	16.278	16.083	23.409	-3.468	13.696	11.857	-1.117	8.326
39.474	44.993	39.568	-2.806500000000007	4.57	0.958	-8.646	8.414000000000001	-16.153	-30.386	-33.843	15.961500000000001
40.856	54.114	58.579	-15.490499999999997	5.274	7.89	7.44	-2.391	-15.85	-15.096	-24.324	3.860000000000001
38.285	37.687	44.858	-2.987499999999997	6.013	4.494	5.076	1.2279999999999998	-24.79	-24.851	-16.116	-4.3065
-20.182	-12.643	-13.344	-7.188499999999998	-4.044	-2.515	-11.656	3.041500000000001	14.07	11.654	16.023	0.23150000000000048
-18.773	-9.487	-7.155	-10.452	2.838	0.228	-3.937	4.6925	6.304	10.766	19.183	-8.670499999999999
-33.012	-25.733	-16.579	-11.856000000000002	-15.986	-13.367	1.25	-9.9275	-3.469	1.4	6.759	-7.548500000000001
11.746	7.459	6.874	4.579500000000001	-8.548	-3.493	-0.275	-6.664	5.088	16.265	20.172	-13.130499999999998
15.474	12.602	7.248	5.5489999999999995	-0.852	-8.42	-2.651	4.6834999999999996	0.37	4.934	17.438	-10.816
5.962	5.038	9.093	-1.1035000000000004	12.509	7.038	7.888	5.046	-0.423	3.431	0.707	-2.492
18.835	18.723	17.215	0.8659999999999997	16.387	26.208	18.351	-5.892499999999998	-2.035	-3.754	-2.422	1.053
29.751	25.821	17.632	8.0245	3.617	6.617	14.867	-7.125000000000001	4.524	3.526	-10.203	7.8625
-23.869	-21.148	-25.891	-0.34949999999999903	-17.904	-12.963	-14.495	-4.175000000000001	12.531	-1.198	-4.51	15.385000000000002
-15.04	-15.899	-21.623	3.721	-17.966	-17.002	-14.254	-2.338000000000001	10.185	8.157	2.101	5.056000000000001
6.566	15.521	18.321	-10.355	-7.358	-1.438	-9.8	-1.738999999999999	-10.722	-0.839	2.994	-11.7995
-20.918	-20.723	-16.854	-2.1295	-5.769	-9.518	-6.851	2.4154999999999998	2.297	5.166	7.728	-4.15
-17.308	-15.547	-17.349	-0.8599999999999994	-9.448	-7.034	-4.892	-3.4850000000000003	9.561	7.686	4.159	3.6385000000000005
60.312	60.528	55.819	2.1384999999999934	-16.345	-20.044	-18.886	3.120000000000001	18.039	17.122	8.668	5.144000000000002
62.471	61.007	57.735	3.1000000000000014	-10.235	-16.062	-17.287	6.4395000000000024	16.858	17.988	14.353	0.6875
62.272	63.253	60.549	0.3710000000000022	-5.267	-7.007	-18.439	7.455999999999999	5.586	13.635	17.535	-9.999
54.295	53.654	57.517	-1.2905000000000015	1.359	3.889	4.747	-2.9589999999999996	11.122	17.309	14.256	-4.660500000000001
-32.783	-24.956	-25.0	-7.805	-2.396	5.179	10.316	-10.1435	3.39	-2.965	0.661	4.542
-39.261	-38.292	-34.486	-2.872000000000007	-25.386	-19.819	-5.457	-12.748	-4.488	1.067	4.666	-7.354500000000001
-40.565	-38.756	-36.678	-2.847999999999999	-27.97	-24.137	-12.686	-9.558499999999999	-5.958	-3.013	4.616	-6.7595
-30.254	-35.114	-39.33	6.967999999999993	-19.812	-22.148	-27.619	5.071499999999997	-4.127	-1.908	-5.069	-0.6384999999999996
15.699	10.313	6.642	7.221499999999999	15.504	7.137	-6.961	15.416	1.253	-2.145	6.74	-1.0445000000000004
45.513	40.928	27.83	11.134	-8.143	-8.076	-18.548	5.168999999999999	-6.612	-4.082	-11.424	1.141
35.261	41.816	46.407	-8.850499999999997	-21.346	-9.552	-6.226	-13.457	-0.967	-0.505	-3.803	1.1869999999999998
33.45	32.131	29.349	2.710000000000001	-6.846	-6.557	-17.743	5.3039999999999985	7.326	1.142	-3.695	8.6025
4.483	5.69	1.936	0.6699999999999995	8.619	0.495	0.072	8.3355	6.586	11.607	11.449	-4.941999999999998
6.926	5.012	4.359	2.240500000000001	2.025	8.869	-0.295	-2.262	10.37	6.418	11.821	1.2504999999999988
27.824	31.464	31.546	-3.6809999999999974	-1.665	4.255	-3.806	-1.8895	-24.186	-31.29	-28.203	5.5604999999999976
-21.033	-33.23	-28.792	9.977999999999998	9.72	2.672	8.877	3.9455	-8.005	-0.186	-1.16	-7.332000000000001
-34.084	-30.379	-27.246	-5.271500000000003	-5.616	-5.566	0.637	-3.1514999999999995	-12.153	-15.802	-9.692	0.5939999999999994
39.495	27.587	16.411	17.495999999999995	7.612	2.071	1.016	6.0685	11.975	11.741	10.993	0.6079999999999988
-25.898	-27.851	-28.771	2.4130000000000003	-7.677	-13.297	-12.964	5.453500000000002	9.225	11.766	9.052	-1.1839999999999993
26.456	23.319	28.889	0.3520000000000003	-4.169	-15.238	-12.612	9.756	20.658	29.771	15.503	-1.9789999999999992
14.389	20.697	25.836	-8.877500000000001	22.696	19.747	13.163	6.241000000000003	22.642	22.662	18.154	2.233999999999998
18.101	8.527	8.946	9.3645	6.008	5.675	0.316	3.0125	-5.824	-9.725	-6.31	2.1935000000000002
-20.962	-16.365	-20.989	-2.285	2.082	4.07	-2.952	1.5229999999999997	2.111	-1.081	-5.157	5.23
-12.446	-12.025	-2.337	-5.265	-2.127	-5.318	-9.089	5.0765	-16.079	-9.103	-5.32	-8.8675
-21.047	-13.721	-11.02	-8.6765	-11.588	-6.613	-5.257	-5.652999999999999	-15.639	-15.42	-9.542	-3.1579999999999995
39.842	32.152	29.328	9.101999999999997	-2.72	-7.106	-1.697	1.6815000000000002	6.772	14.041	16.553	-8.525
41.393	41.934	44.116	-1.631999999999998	17.628	26.105	11.144	-0.996500000000001	23.059	19.389	20.989	2.870000000000001
-34.271	-26.715	-33.024	-4.401499999999999	19.339	30.226	18.508	-5.027999999999999	7.871	4.406	18.893	-3.7784999999999993
-28.369	-25.115	-30.434	-0.5945	16.266	21.491	25.858	-7.408500000000004	7.059	2.448	5.844	2.9130000000000003
-15.121	-12.763	-5.8	-5.839500000000001	21.346	18.971	25.033	-0.6560000000000024	-19.057	-17.458	-11.693	-4.4815000000000005
-10.865	-11.709	-6.642	-1.6895000000000007	3.547	-10.668	-9.011	13.3865	13.406	15.338	3.662	3.9060000000000006
3.371	2.87	-3.517	3.6944999999999997	10.316	3.503	-0.294	8.711500000000001	-16.621	-18.945	-17.634	1.6685000000000016
-26.058	-28.998	-33.942	5.411999999999999	27.514	20.575	9.962	12.2455	-3.087	-8.647	-3.687	3.0799999999999996
-42.62	-39.341	-40.706	-2.596499999999999	31.649	19.153	8.215	17.965000000000003	-11.322	-7.41	-12.621	-1.3064999999999998
0.65	-1.238	-2.319	2.4285	-22.123	-28.868	-21.451	3.0365	2.741	2.28	2.57	0.3160000000000003
20.317	17.525	13.44	4.834500000000002	-1.684	-6.099	-2.592	2.6615	1.478	8.768	9.621	-7.716500000000002
-3.232	-5.243	0.083	-0.6520000000000001	27.372	23.235	29.795	0.8569999999999993	19.974	23.487	21.614	-2.5764999999999993
43.369	40.452	37.885	4.200500000000005	19.61	17.478	12.938	4.4019999999999975	8.869	9.81	6.715	0.6065000000000005
32.051	37.4	50.734	-12.015999999999998	-16.124	-21.317	-26.002	7.5355000000000025	-8.126	-10.49	-26.454	10.346000000000002
-39.521	-29.101	-22.722	-13.6095	-4.415	3.373	3.81	-8.006499999999999	-12.37	-18.221	-17.106	5.2935
-7.178	-1.498	-10.5	-1.1790000000000003	0.314	11.432	12.364	-11.584	20.415	8.114	11.827	10.444499999999998
24.007	27.52	30.833	-5.169499999999996	-5.456	-9.027	-2.25	0.18249999999999922	18.859	14.7	19.781	1.6185000000000045
12.116	3.134	8.666	6.215999999999999	-5.116	-9.593	-6.152	2.756500000000001	15.087	8.809	11.724	4.820499999999999
-1.587	-14.628	-18.909	15.1815	-6.647	-9.894	-5.064	0.8319999999999999	-15.155	-7.114	-6.543	-8.3265
9.189	10.087	1.168	3.5615000000000006	19.937	13.406	-1.623	14.0455	-11.276	-17.717	-15.941	5.553000000000001
0.727	4.715	1.652	-2.4565	-5.2	4.322	-6.776	-3.9730000000000003	-0.846	-7.0	-1.299	3.3034999999999997
0.945	2.087	3.647	-1.9220000000000002	-3.783	-1.729	-0.573	-2.6319999999999997	2.642	-1.86	-6.556	6.85
-11.038	-14.71	-12.531	2.5824999999999996	-13.031	-0.407	-9.55	-8.0525	-1.145	4.306	-1.123	-2.7365
3.754	4.747	7.259	-2.249	12.462	10.674	-0.434	7.342	-6.945	-14.029	-9.53	4.8344999999999985
-2.858	-0.303	-2.804	-1.3045000000000002	20.724	17.421	19.425	2.3009999999999984	13.855	5.621	5.962	8.063500000000001
5.698	10.695	5.407	-2.3529999999999998	1.297	-2.248	-3.925	4.3835	7.223	2.174	4.875	3.6985
4.525	6.198	6.814	-1.9809999999999999	2.216	1.664	-3.258	3.0130000000000003	9.121	7.336	4.202	3.3520000000000003
40.234	30.987	35.539	6.971000000000004	5.52	3.696	-3.549	5.4464999999999995	19.678	18.962	19.65	0.37200000000000344
-4.987	-4.721	-12.037	3.3920000000000012	21.472	16.783	2.497	11.832	-7.351	-10.45	-2.163	-1.0445000000000002
-29.262	-29.534	-24.619	-2.185500000000001	-3.272	-4.744	-5.152	1.6760000000000006	7.275	1.96	0.2	6.195
-34.378	-29.872	-29.796	-4.5440000000000005	7.483	1.98	-3.757	8.3715	4.325	4.913	4.9	-0.5815000000000001
-35.254	-33.591	-32.072	-2.4224999999999923	-5.668	6.917	5.853	-12.053	-2.598	0.649	3.581	-4.713
-27.708	-33.837	-34.457	6.439000000000007	4.327	-3.639	7.495	2.399	-18.114	-7.114	2.151	-15.6325
41.591	44.571	53.494	-7.441499999999998	-14.456	-15.475	-11.456	-0.9905000000000008	0.11	0.397	-1.151	0.487
42.318	41.728	52.804	-4.9480000000000075	-3.833	-14.745	-13.252	10.1655	-1.85	2.217	-1.834	-2.0415
-6.965	-4.913	-5.428	-1.7944999999999993	0.797	-0.106	7.153	-2.7264999999999997	3.896	2.676	-1.575	3.3455
-1.833	1.787	-3.123	-1.1649999999999998	-12.486	-11.32	-21.783	4.0655	-1.766	8.218	13.63	-12.69
-9.758	-10.048	-11.106	0.8190000000000008	7.312	7.932	4.596	1.048	-3.819	-2.99	0.481	-2.5645
-15.79	-14.684	-16.08	-0.40800000000000125	4.364	1.397	0.492	3.4194999999999998	-2.541	-8.002	1.833	0.5435000000000003
-15.858	-15.506	-15.917	-0.14649999999999963	6.683	4.262	0.265	4.4195	-0.454	-4.669	-1.132	2.4464999999999995
-15.455	-14.297	-14.595	-1.0089999999999986	-8.036	-17.275	-2.603	1.9030000000000005	-1.617	-6.593	-5.284	4.3214999999999995
56.336	60.656	66.464	-7.224000000000004	-12.229	0.835	6.787	-16.04	1.417	1.276	5.618	-2.0300000000000002
-33.819	-34.221	-33.595	0.08899999999999864	-0.246	-11.079	-9.085	9.836	4.988	1.945	-1.661	4.846
-3.992	3.554	8.941	-10.2395	-9.755	-10.382	-13.752	2.3119999999999994	-5.686	-14.319	-9.858	6.4025
-5.98	-1.759	5.896	-8.0485	-0.946	-10.33	-11.901	10.169500000000001	-1.028	-8.373	-11.607	8.961999999999998
58.524	58.086	57.256	0.8530000000000015	13.383	6.124	4.298	8.171999999999999	-0.062	4.085	3.857	-4.033
-8.516	-13.212	-16.539	6.359500000000001	22.264	27.198	26.052	-4.361000000000001	-9.651	-5.714	-6.523	-3.5324999999999998
-5.381	-5.274	-14.334	4.423	8.708	19.482	26.918	-14.491999999999999	-8.665	-9.057	-6.752	-0.7604999999999986
-11.405	-10.776	-10.952	-0.5409999999999986	-10.235	-9.488	-6.296	-2.343	-9.678	-6.626	-13.307	0.2884999999999991
-17.052	-16.793	-7.99	-4.660499999999999	-3.554	-11.882	-13.099	8.9365	20.684	20.845	20.694	-0.08549999999999969
37.625	40.562	43.714	-4.512999999999998	4.635	3.248	15.101	-4.5395	-3.092	-5.409	-2.448	0.8364999999999996
17.395	19.177	22.504	-3.445499999999999	22.861	19.623	11.072	7.5135000000000005	-17.559	-16.485	-12.245	-3.1940000000000026
19.169	14.355	20.954	1.5145000000000017	-4.693	-4.074	6.006	-5.659	-24.468	-18.037	-21.835	-4.532
20.46	19.981	21.177	-0.11899999999999977	1.104	2.575	13.39	-6.8785	-14.888	-11.321	-9.74	-4.3575
15.329	18.859	23.705	-5.952999999999999	4.272	0.887	0.308	3.6745	2.975	4.991	2.873	-0.9569999999999999
8.86	13.1	20.935	-8.157499999999999	12.051	6.13	2.6	7.686	1.275	3.172	6.467	-3.5444999999999998
12.01	7.222	6.497	5.150499999999999	21.456	14.009	13.0	7.951499999999999	-18.47	-11.084	-4.778	-10.539
15.536	11.196	5.911	6.9825	33.962	20.398	12.872	17.327000000000005	-15.975	-17.859	-7.648	-3.221499999999999
14.429	20.803	28.228	-10.086500000000003	-17.142	-14.904	-17.981	-0.6994999999999969	19.521	11.906	11.193	7.971500000000001
14.888	14.538	21.997	-3.3794999999999984	-20.044	-16.719	-17.391	-2.9890000000000008	22.517	19.027	10.835	7.5859999999999985
13.704	14.451	18.998	-3.0204999999999984	-24.656	-18.836	-15.762	-7.356999999999999	22.646	21.106	13.944	5.120999999999999
-17.835	-21.05	-8.986	-2.817	19.072	12.66	10.659	7.412499999999998	-18.955	-13.164	-15.23	-4.757999999999999
-22.269	-19.13	-20.345	-2.531500000000001	6.611	15.097	10.846	-6.360499999999999	-9.964	-16.379	-13.582	5.016500000000001
-11.875	-17.64	-22.417	8.153500000000001	-7.924	1.671	7.754	-12.6365	-10.313	-11.498	-13.683	2.277499999999998
23.259	25.264	29.138	-3.942	-17.626	-14.547	-19.791	-0.45700000000000074	10.966	19.015	24.909	-10.996
-6.419	-11.851	-19.548	9.2805	-3.031	0.474	5.678	-6.107	-10.945	-17.536	-20.684	8.165
2.511	3.102	3.644	-0.8620000000000001	6.082	5.331	0.87	2.9814999999999996	-5.083	-7.07	-15.812	6.357999999999999
30.546	31.091	34.567	-2.2830000000000013	-6.454	-12.665	-3.459	1.6079999999999997	8.638	13.674	10.651	-3.5244999999999997
29.38	29.507	31.45	-1.0985000000000014	0.122	-1.625	-10.542	6.2055	7.068	8.386	12.15	-3.200000000000001
28.868	29.18	30.602	-1.0229999999999997	4.262	1.575	-4.432	5.6905	5.267	6.05	8.943	-2.229499999999999
-19.584	-19.934	-33.127	6.946500000000004	4.444	4.934	4.106	-0.07599999999999962	20.887	18.452	25.18	-0.929000000000002
-13.826	-19.994	-24.625	8.4835	1.908	3.858	5.629	-2.8355	20.69	20.463	19.95	0.4835000000000029
-17.236	-20.437	-18.394	2.179500000000001	-5.652	-5.751	-0.271	-2.641	10.291	8.723	16.296	-2.218499999999999
6.356	9.953	6.286	-1.7634999999999987	4.351	7.403	12.015	-5.358	1.895	1.829	-3.659	2.81
-27.471	-16.389	-6.8	-15.8765	-12.595	-9.086	-2.623	-6.740500000000001	-3.226	-9.998	-0.768	2.157
-32.535	-30.848	-29.004	-2.6089999999999947	-1.251	-5.913	-14.705	9.058000000000002	-8.946	-12.125	-8.222	1.227500000000001
-25.273	-30.363	-31.62	5.718500000000002	-8.033	-7.529	-2.903	-2.8169999999999993	-8.772	-8.816	-9.951	0.6115000000000013
-22.375	-16.896	-13.948	-6.952999999999999	5.446	8.752	2.505	-0.182500000000001	-0.121	2.439	5.557	-4.119
35.78	29.903	34.19	3.7335000000000065	19.54	15.159	9.003	7.459	21.1	21.016	17.499	1.8425000000000011
-31.725	-37.997	-40.194	7.3705	-5.462	-8.234	-11.71	4.510000000000002	-24.057	-20.113	-18.139	-4.931000000000001
9.147	2.722	11.093	2.2395000000000005	23.004	25.472	30.473	-4.968499999999999	-14.164	-13.354	-11.84	-1.5670000000000002
16.117	13.251	8.976	5.003500000000001	-9.596	-15.64	-23.458	9.953	-15.811	-8.65	-6.894	-8.039
41.872	39.385	28.963	7.698	10.149	0.259	-7.791	13.915	-5.203	-6.747	9.951	-6.805000000000001
-41.349	-34.826	-35.183	-6.3444999999999965	10.671	18.763	21.434	-9.427500000000002	-6.644	-11.697	-7.706	3.057499999999999
-43.162	-41.295	-40.408	-2.3104999999999976	9.482	14.724	14.323	-5.041500000000001	-12.236	-7.341	-11.829	-2.651
-15.568	-15.159	-13.687	-1.1449999999999996	1.481	2.455	-1.551	1.029	14.347	17.229	18.852	-3.693500000000002
-14.21	-14.636	-13.723	-0.03049999999999997	4.279	0.281	-0.388	4.3325	14.956	15.572	12.932	0.7040000000000006
9.659	18.368	22.139	-10.594499999999998	-0.264	9.183	19.71	-14.7105	4.804	-2.163	-8.652	10.211500000000001
20.778	26.133	17.939	-1.2580000000000027	-7.144	-0.018	-0.511	-6.8795	6.221	6.96	8.279	-1.3985000000000003
-2.943	-4.347	-3.562	1.0115000000000003	-20.257	-16.456	-16.368	-3.8450000000000024	13.576	13.818	16.224	-1.4450000000000003
54.624	48.087	43.325	8.918	-9.721	-12.884	-11.199	2.320499999999999	11.254	9.024	14.976	-0.7460000000000004
33.496	32.525	37.07	-1.3014999999999972	-6.059	-12.028	-7.243	3.5765000000000002	21.378	19.666	13.301	4.894500000000001
-1.737	-1.776	-21.602	9.952	7.77	-0.648	-15.849	16.0185	-11.918	-14.184	2.351	-6.0015
27.695	23.212	7.135	12.5215	-2.142	0.222	3.028	-3.767	-17.161	-4.909	-2.291	-13.561000000000002
13.605	26.679	19.963	-9.715999999999998	3.684	-1.546	2.472	3.221	-10.438	-16.341	-4.443	-0.04600000000000115
15.965	16.178	25.68	-4.964000000000002	1.748	2.488	-0.791	0.8995	-21.883	-12.96	-10.6	-10.102999999999998
6.057	-1.091	-5.613	9.409	15.69	19.189	11.747	0.22199999999999953	17.807	17.655	19.694	-0.8675000000000033
24.391	17.559	31.649	-0.21300000000000097	-24.762	-18.944	-8.176	-11.202000000000002	5.239	9.716	7.881	-3.5595000000000008
19.779	26.95	19.564	-3.477999999999998	-20.578	-15.022	-19.927	-3.1035000000000004	10.928	7.455	8.579	2.9110000000000014
-7.352	-7.015	-3.346	-2.1715	11.979	8.112	12.851	1.4974999999999987	-9.277	-6.918	-7.584	-2.026
-1.075	-1.332	1.24	-1.029	7.761	5.62	8.657	0.6224999999999996	6.375	-5.924	-21.976	20.325
-0.738	-5.075	-1.33	2.4645	1.183	-2.817	6.249	-0.5329999999999997	13.22	10.876	-2.795	9.1795
32.68	29.44	40.246	-2.163000000000004	8.653	5.367	0.064	5.9375	4.937	9.505	7.251	-3.441
2.674	3.436	15.591	-6.839500000000001	11.278	10.624	13.826	-0.947000000000001	3.842	-0.707	-7.524	7.9575
5.167	7.903	5.451	-1.5099999999999998	17.353	14.844	11.731	4.065500000000002	2.551	3.598	-1.441	1.4725000000000001
6.959	7.246	2.915	1.878499999999999	21.058	17.642	10.914	6.780000000000001	-3.652	2.724	1.847	-5.9375
-40.03	-42.69	-39.854	1.2419999999999973	-15.208	-20.152	-2.996	-3.6340000000000003	3.137	11.148	11.289	-8.081499999999998
-35.339	-39.105	-42.049	5.2379999999999995	3.227	-3.129	-18.747	14.165000000000001	2.33	7.485	9.76	-6.2925
26.347	21.04	25.271	3.1915000000000013	5.881	0.032	-0.827	6.2785	-4.852	-7.289	-3.666	0.6254999999999997
-18.254	-17.062	-20.769	0.6615000000000002	2.952	-1.512	0.805	3.3055	22.158	23.513	30.024	-4.610500000000002
-24.904	-24.085	-26.374	0.3255000000000017	23.308	10.942	5.688	14.993	10.42	13.245	11.794	-2.099500000000001
-23.358	-23.751	-26.175	1.6050000000000004	17.956	18.67	6.975	5.133499999999998	6.13	10.336	13.454	-5.765
-19.687	-22.962	-23.547	3.567499999999999	20.434	15.273	17.259	4.168000000000003	1.424	6.252	11.025	-7.214500000000001
51.51	51.43	57.627	-3.018500000000003	-1.683	7.249	-1.425	-4.595	-5.715	-14.231	-20.766	11.7835
31.823	27.297	16.693	9.828	3.835	4.511	-0.855	2.0069999999999997	-24.95	-21.596	-13.88	-7.212
17.514	17.769	22.197	-2.4689999999999976	8.782	10.451	5.356	0.8784999999999998	-10.281	-6.749	-11.445	-1.184000000000001
22.408	18.208	20.067	3.270500000000002	5.087	8.435	9.488	-3.874500000000001	-12.523	-9.854	-9.566	-2.812999999999999
43.591	37.751	41.657	3.8870000000000076	-7.428	-7.938	-12.354	2.717999999999999	1.676	14.25	2.0	-6.449
-23.298	-29.085	-17.222	-0.1444999999999972	-5.202	-10.004	-7.259	3.429499999999999	9.369	11.764	12.351	-2.6885000000000012
-23.475	-25.329	-16.995	-2.3130000000000024	8.674	0.885	10.46	3.001499999999999	-6.8	-8.917	-10.842	3.0795000000000003
-23.124	-25.959	-24.265	1.988000000000003	-9.083	-3.087	2.803	-8.941	-8.716	-8.489	-8.964	0.010500000000002174
-25.828	-24.723	-25.011	-0.9610000000000021	0.445	0.723	-4.424	2.2955	-5.116	-9.12	-8.364	3.6260000000000012
1.569	0.15	-0.117	1.5525	10.105	5.001	6.505	4.352	6.052	12.416	13.92	-7.116
6.082	2.915	1.019	4.115	16.941	15.01	6.644	6.113999999999999	-0.012	5.216	13.662	-9.451
-30.53	-29.382	-30.031	-0.8235000000000028	13.529	6.836	0.776	9.722999999999999	-6.137	-8.205	-1.221	-1.4239999999999995
-23.132	-24.711	-24.883	1.6649999999999956	-12.072	-9.26	-5.891	-4.496499999999999	11.339	18.645	22.623	-9.295
24.187	21.818	27.306	-0.375	-10.852	-18.91	-18.265	7.735499999999998	14.828	6.09	3.259	10.1535
-23.434	-22.332	-13.51	-5.513000000000002	-1.615	1.724	-0.668	-2.143	-11.257	-13.874	-7.116	-0.7619999999999987
-17.542	-22.409	-19.274	3.2994999999999983	9.222	0.094	2.072	8.139	-10.142	-11.287	-8.589	-0.20399999999999885
-18.12	-16.086	-21.684	0.764999999999997	22.958	13.506	1.42	15.494999999999997	-16.48	-16.693	-12.035	-2.1159999999999997
-27.859	-26.324	-18.955	-5.219500000000004	-3.047	10.405	20.71	-18.6045	-25.978	-17.088	-16.109	-9.3795
-1.513	-5.176	4.107	-0.9784999999999999	10.513	-3.237	-8.459	16.361	-14.512	-19.861	-16.859	3.847999999999999
-5.051	-1.561	-4.704	-1.9185000000000003	12.738	12.067	-5.096	9.2525	-19.562	-16.087	-17.921	-2.5580000000000034
-7.085	-2.91	-2.707	-4.2765	22.615	21.142	12.526	5.780999999999999	-19.66	-21.84	-17.819	0.16949999999999932
-10.696	-16.546	-13.34	4.247	-7.696	2.857	8.959	-13.604	11.62	11.148	11.892	0.09999999999999964
21.026	23.798	26.075	-3.910499999999999	-9.498	-12.378	-5.074	-0.7720000000000002	10.602	10.835	16.902	-3.2665000000000006
14.742	15.197	14.991	-0.35199999999999854	-12.441	-12.6	-18.762	3.24	-5.528	-8.354	-3.644	0.4710000000000001
-49.853	-52.567	-52.74	2.8004999999999995	-6.228	-13.546	-8.345	4.717499999999999	4.037	1.198	-2.541	4.7085
-1.945	-2.434	-5.61	2.077	-1.534	6.033	2.305	-5.703	6.331	10.755	8.199	-3.146
-9.365	-5.353	-3.828	-4.774500000000001	8.143	2.668	4.035	4.791500000000001	9.564	5.13	9.548	2.2249999999999996
-12.281	-10.537	-5.281	-4.372	14.731	6.231	3.765	9.733	7.082	6.754	6.815	0.2975000000000003
26.36	32.579	32.262	-6.060500000000005	-0.191	3.642	0.808	-2.416	-0.287	-5.31	-18.098	11.416999999999998
21.248	17.29	10.247	7.479500000000002	18.85	17.003	0.068	10.3145	11.357	2.466	-0.114	10.181
29.161	19.175	13.886	12.630500000000001	23.612	18.633	8.413	10.088999999999999	9.432	9.389	0.265	4.605
-5.108	-2.397	-4.009	-1.9049999999999994	11.984	-1.593	-4.042	14.8015	-0.77	-0.903	1.686	-1.1615
-25.663	-37.194	-26.159	6.0135000000000005	2.244	-6.819	1.621	4.843	-13.692	-5.399	8.27	-15.1275
-19.237	-31.58	-30.505	11.805499999999999	12.36	-3.287	-2.061	15.033999999999999	-20.727	-9.353	4.638	-18.369500000000002
-35.321	-35.386	-32.677	-1.2894999999999968	-23.561	-24.664	-21.994	-0.23199999999999932	-5.103	-5.832	-5.968	0.7970000000000006
17.673	20.958	26.35	-5.981000000000002	-6.41	-11.206	-1.36	-0.12700000000000067	4.235	-0.909	0.867	4.256
-3.206	-2.829	-4.497	0.4570000000000003	13.613	13.74	9.472	2.0069999999999997	4.368	-3.991	3.661	4.533
27.815	33.424	22.512	-0.1529999999999987	-27.184	-24.31	-27.929	-1.0645000000000024	0.458	-1.08	-2.583	2.2895000000000003
-28.413	-26.364	-20.014	-5.224	-5.762	-5.975	-2.312	-1.6185	6.152	5.883	7.219	-0.399
-3.606	-12.652	-6.476	5.958	6.428	7.103	0.441	2.656	-7.934	-6.673	0.701	-4.948
33.87	23.71	16.3	13.864999999999995	6.619	4.851	3.765	2.311	0.336	6.856	6.606	-6.395
25.873	29.738	26.508	-2.2499999999999964	16.869	5.122	5.088	11.764	-1.29	0.26	5.233	-4.0365
28.694	25.418	31.17	0.3999999999999986	19.827	16.341	4.91	9.201500000000001	-6.332	-1.896	0.384	-5.576
14.939	19.358	26.216	-7.847999999999999	23.472	32.868	20.6	-3.2620000000000005	0.239	-7.531	-5.98	6.9944999999999995
35.608	27.528	33.446	5.120999999999999	-3.04	-5.923	-4.313	2.0780000000000003	-2.048	3.297	-6.679	-0.357
23.301	27.134	32.814	-6.673000000000002	-3.125	-5.119	-11.348	5.108499999999999	12.293	9.989	4.658	4.969499999999998
18.86	19.59	25.604	-3.737000000000002	-2.931	-1.295	-3.971	-0.29800000000000004	3.867	11.025	11.034	-7.1625000000000005
-10.779	-7.091	-6.64	-3.9135	1.004	2.252	-0.162	-0.040999999999999925	4.314	2.629	3.736	1.1315
-26.54	-22.516	-21.069	-4.747500000000002	-18.34	-14.012	-16.719	-2.974499999999999	-10.227	-14.607	-5.449	-0.19900000000000162
-28.001	-26.218	-21.589	-4.0975	-28.407	-17.306	-10.237	-14.6355	-14.01	-8.463	-14.788	-2.384500000000001
48.574	45.004	43.352	4.396000000000001	-16.942	-19.811	-14.678	0.302500000000002	1.148	7.606	-8.657	1.6735
54.825	51.142	50.492	4.008000000000003	1.197	-11.989	-25.526	19.9545	2.373	4.072	1.84	-0.5829999999999997
-36.979	-35.717	-38.14	-0.050499999999999545	24.067	27.148	24.513	-1.7635000000000005	-3.462	-4.587	-2.064	-0.1365000000000003
15.604	12.12	23.478	-2.1950000000000003	-19.629	-22.929	-17.56	0.6154999999999973	2.171	7.729	11.529	-7.458
21.545	21.833	22.217	-0.4799999999999969	-2.505	-1.005	-6.994	1.4945	3.373	2.536	-1.562	2.886
32.008	26.06	29.033	4.461500000000001	2.083	4.267	5.391	-2.7460000000000004	19.816	15.61	7.951	8.035499999999999
12.991	15.399	6.859	1.862	-1.656	2.959	1.574	-3.9225000000000003	18.405	7.569	15.927	6.657000000000002
-20.078	-16.074	-23.252	-0.41499999999999915	17.206	26.056	21.491	-6.567499999999999	-18.655	-22.878	-11.827	-1.302500000000002
-23.128	-18.463	-16.403	-5.695	15.86	19.15	24.71	-6.07	-10.514	-18.56	-20.654	9.093
-19.162	-20.267	-18.767	0.3550000000000004	25.321	19.014	17.89	6.869000000000003	-7.551	-8.331	-13.868	3.548499999999999
-17.75	-8.7	-9.522	-8.639	-16.692	-13.735	-10.917	-4.366	-9.523	-14.711	-9.911	2.7880000000000003
4.316	5.739	11.426	-4.2665	9.015	7.095	6.204	2.365500000000001	18.74	22.16	27.799	-6.239500000000003
6.517	2.977	2.531	3.7630000000000003	8.867	1.635	-3.403	9.751000000000001	-8.656	-10.802	-21.789	7.6395
12.946	12.639	17.235	-1.9909999999999997	12.054	2.231	6.06	7.9085	-13.849	-14.517	-19.16	2.9894999999999996
-5.102	-8.635	-17.107	7.768999999999998	0.904	-0.72	-5.246	3.887	-20.053	-15.778	-15.598	-4.365
-22.324	-21.833	-19.69	-1.5625000000000036	-19.517	-5.045	1.804	-17.8965	8.18	8.7	13.308	-2.824
4.666	8.046	15.569	-7.141500000000001	1.169	13.662	24.365	-17.8445	-4.556	-1.71	-3.163	-2.1195000000000004
-56.201	-51.016	-51.564	-4.911000000000001	-5.682	-9.121	-6.44	2.0984999999999996	-2.865	-5.624	2.846	-1.4760000000000004
30.823	22.432	24.235	7.4895	8.901	7.195	8.176	1.2154999999999996	-7.458	6.323	-5.588	-7.8255
35.822	31.469	23.818	8.1785	20.867	10.743	8.724	11.133500000000002	-3.394	-6.312	4.369	-2.4225
40.831	36.082	25.787	9.896500000000003	27.556	21.231	7.986	12.9475	-7.533	-3.55	1.138	-6.327
38.995	35.978	38.126	1.9429999999999978	18.669	18.522	23.491	-2.3374999999999986	-8.728	-3.362	-8.38	-2.8569999999999993
32.759	38.245	35.657	-4.191999999999993	20.877	18.758	19.486	1.754999999999999	-9.33	-6.527	-5.993	-3.0700000000000003
38.544	46.827	40.623	-5.180999999999997	6.294	7.112	-5.986	5.731	-8.595	-14.172	-17.274	7.128
28.493	30.56	36.848	-5.211000000000002	4.504	8.7	1.28	-0.48599999999999977	-13.491	-17.921	-12.592	1.7654999999999994
28.592	30.729	31.61	-2.5775000000000006	-3.862	9.484	7.869	-12.5385	-11.82	-9.746	-12.847	-0.5235000000000003
44.338	42.002	45.074	0.8000000000000043	-0.428	-6.99	-20.088	13.111	24.175	19.887	22.59	2.9364999999999988
10.509	9.692	8.592	1.3670000000000009	18.138	21.579	18.05	-1.6765000000000008	-1.15	-2.579	-19.269	9.774
48.688	43.772	47.579	3.012500000000003	16.401	8.736	0.014	12.026	20.164	16.939	13.229	5.080000000000002
24.562	24.586	25.09	-0.2759999999999998	1.348	-2.234	-4.238	4.5840000000000005	5.957	-0.124	2.97	4.534
24.253	21.906	24.066	1.267000000000003	10.045	-1.901	0.07	10.9605	4.378	9.501	3.109	-1.9269999999999996
32.913	25.854	21.833	9.069499999999998	5.333	8.494	-1.871	2.0215000000000005	-3.752	0.714	9.195	-8.7065
-0.384	-5.054	0.054	2.116	4.743	-1.185	0.173	5.2490000000000006	2.115	-2.781	3.16	1.9255000000000002
2.37	-1.194	-4.727	5.330500000000001	14.898	4.34	-1.11	13.283	-3.13	0.708	-1.605	-2.6814999999999998
-19.076	-18.797	-12.369	-3.4930000000000003	-3.083	-2.035	0.585	-2.358	23.111	25.695	31.902	-5.6875
-18.732	-16.517	-18.613	-1.1670000000000016	2.46	2.073	-2.647	2.747	18.402	17.068	25.538	-2.901
-9.928	-25.497	-34.823	20.232	17.714	8.405	7.337	9.843	3.468	8.428	7.071	-4.2815
12.825	13.263	23.064	-5.3385	-14.323	-6.37	6.902	-14.589	10.068	11.159	8.214	0.38149999999999906
9.673	14.619	13.224	-4.2485	-12.212	-9.556	-9.884	-2.492000000000001	2.344	4.047	10.569	-4.964
-30.694	-30.779	-32.209	0.8000000000000007	6.277	5.976	-3.149	4.8635	-3.319	-1.386	1.663	-3.4575
-30.978	-31.985	-30.75	0.3894999999999982	4.565	1.336	6.077	0.8585000000000003	-3.222	-8.351	-2.031	1.9690000000000007
22.417	13.473	7.075	12.143	11.298	2.44	2.719	8.7185	11.568	7.844	2.639	6.326499999999999
8.994	13.023	16.018	-5.5265	10.909	18.567	12.612	-4.6805	17.631	18.606	16.662	-0.0030000000000001137
6.167	1.479	-1.331	6.093	20.175	15.16	1.832	11.679	-6.091	-2.662	1.14	-5.33
13.728	3.626	-0.273	12.0515	20.911	7.821	8.629	12.686000000000002	-1.364	7.44	5.076	-7.622
15.641	16.299	3.87	5.5565	44.815	29.409	7.38	26.420499999999997	-10.836	-2.988	7.086	-12.885000000000002
-26.488	-29.817	-30.278	3.5595	25.165	11.568	7.964	15.399	-10.477	-0.138	-0.696	-10.06
-24.068	-22.835	-25.579	0.13899999999999935	16.859	8.537	17.985	3.5980000000000025	-7.827	-9.74	-9.618	1.8520000000000003
-24.418	-21.926	-25.72	-0.5949999999999989	18.613	10.281	15.45	5.747499999999999	-9.637	-9.368	-9.104	-0.4009999999999998
47.059	57.821	57.657	-10.68	-9.793	-3.422	-5.921	-5.121499999999999	8.547	2.438	8.956	2.8500000000000005
46.015	53.786	58.503	-10.1295	-7.633	-5.919	-5.01	-2.1685000000000008	8.258	5.419	5.94	2.578499999999999
41.178	43.422	55.173	-8.119500000000002	-17.977	-10.831	-5.242	-9.9405	11.029	9.777	4.319	3.981
-4.031	-4.681	1.218	-2.2994999999999997	7.452	8.778	8.332	-1.1029999999999998	-11.665	-13.934	-7.934	-0.7309999999999999
1.045	-3.857	-3.173	4.5600000000000005	13.955	8.445	8.458	5.503500000000001	-16.236	-12.454	-10.924	-4.547000000000001
10.457	1.957	0.794	9.0815	7.584	4.068	16.409	-2.6544999999999987	-21.312	-19.45	-18.517	-2.328500000000002
-13.048	-12.936	-9.101	-2.0295000000000005	14.592	9.611	4.111	7.731	-10.418	-18.884	-21.306	9.677
0.398	2.599	5.079	-3.441	-1.917	-8.454	-11.855	8.2375	10.085	9.225	5.05	2.9475000000000016
-16.4	-17.532	-16.783	0.7575000000000003	16.587	11.71	12.251	4.6065000000000005	11.705	7.785	-4.862	10.243500000000001
0.77	2.245	-2.338	0.8165	0.541	-6.816	-0.972	4.4350000000000005	11.263	12.473	3.152	3.4505
-4.8	-5.439	1.881	-3.021	5.455	-2.123	-4.541	8.787	4.389	7.809	11.769	-5.3999999999999995
6.799	12.775	8.386	-3.7815000000000003	-4.213	-12.063	-5.362	4.4995	-3.389	-0.824	-3.292	-1.331
9.384	16.56	16.904	-7.347999999999999	0.276	10.728	10.284	-10.23	0.812	-3.14	-0.294	2.529
2.23	8.418	17.011	-10.484499999999999	6.346	3.238	10.983	-0.7645	8.369	3.041	-2.288	7.9925
-3.843	0.467	5.937	-7.045	-3.275	1.187	4.368	-6.0525	9.414	7.436	5.223	3.0845000000000002
-0.945	-2.297	4.364	-1.9785	-3.518	-1.002	5.177	-5.605499999999999	9.307	8.562	6.617	1.7175000000000011
39.299	45.246	40.48	-3.564	-16.255	-14.651	-17.402	-0.22850000000000037	-3.344	-5.41	4.602	-2.94
34.364	38.633	42.957	-6.4310000000000045	-7.604	-11.646	-13.976	5.207	-5.891	-5.073	-2.684	-2.0124999999999997
-13.822	-18.084	-20.978	5.709	-7.511	-18.851	-26.649	15.239	10.038	8.683	20.991	-4.7989999999999995
-5.632	6.034	3.995	-10.6465	-5.751	-9.418	1.993	-2.038500000000001	-13.477	-17.081	-15.913	3.0199999999999996
-17.267	-24.527	-22.966	6.479500000000002	3.227	-0.203	7.191	-0.2669999999999999	-21.241	-16.968	-22.445	-1.5345000000000013
26.135	16.121	3.413	16.368000000000002	3.613	-0.413	-1.717	4.678	-29.382	-27.376	-16.663	-7.362500000000001
13.412	16.732	11.545	-0.7264999999999997	0.191	-2.816	-1.148	2.1729999999999996	-24.623	-26.814	-22.031	-0.20050000000000168
-5.561	-7.897	-7.726	2.2505000000000006	7.987	2.474	1.049	6.2255	-8.619	-10.76	-9.663	1.5925000000000011
-15.495	-12.94	-15.124	-1.4629999999999992	11.157	7.285	2.866	6.0815	17.499	15.267	14.485	2.6229999999999993
-24.841	-29.165	-37.657	8.57	-17.943	-20.287	-21.599	2.9999999999999964	-3.125	-8.962	-8.657	5.6845
-21.087	-21.771	-25.784	2.6905	-8.182	-9.095	-16.508	4.6195	-1.14	-2.636	-2.64	1.498
-27.191	-28.205	-20.437	-2.870000000000001	7.445	-3.677	5.683	6.442	1.977	1.728	1.619	0.3035000000000001
-22.002	-22.812	-20.921	-0.13549999999999685	11.844	8.529	15.973	-0.4070000000000018	-6.724	-12.781	-11.815	5.574
-13.854	-21.741	-21.654	7.843499999999999	13.841	10.908	11.129	2.8225	-14.831	-7.904	-14.386	-3.686
2.74	-10.415	-12.2	14.0475	0.189	-7.545	-5.976	6.9495000000000005	-0.541	4.033	0.383	-2.749
-2.534	1.181	-7.772	0.7615000000000003	-0.189	-1.137	-5.851	3.3049999999999997	-10.077	-9.457	2.912	-6.804499999999999
-8.166	-2.837	1.104	-7.2995	4.082	3.58	-1.029	2.8064999999999998	-7.048	-11.722	-6.363	1.9945000000000004
-12.85	-7.621	-4.068	-7.0055	2.956	3.03	3.459	-0.2885	-9.081	-7.981	-10.26	0.03950000000000031
-5.552	-5.738	-15.263	4.948500000000001	1.365	10.896	-1.185	-3.4905	25.493	19.932	23.19	3.9319999999999986
23.521	28.034	18.865	0.07150000000000034	20.89	7.358	1.79	16.316000000000003	-10.798	-1.353	-2.082	-9.0805
-2.702	-6.19	-0.876	0.8310000000000004	-3.715	-11.568	0.465	1.8365	-8.149	-9.514	-19.116	6.166
-19.107	-21.236	-10.434	-3.2719999999999985	-4.1	-4.807	-8.832	2.719500000000001	-21.922	-16.904	-10.673	-8.133500000000002
-16.829	-18.957	-19.327	2.3130000000000024	16.283	15.055	0.126	8.692500000000003	-32.612	-33.146	-25.003	-3.5375000000000014
-45.15	-51.262	-45.694	3.328000000000003	3.545	1.156	0.16	2.887	20.029	15.29	16.243	4.262500000000001
-38.481	-39.959	-40.332	1.6644999999999968	-13.051	-15.864	-8.883	-0.6775000000000002	18.902	15.482	15.807	3.2575000000000003
41.547	50.184	32.328	0.2909999999999968	-9.456	-19.445	-28.375	14.454	-14.584	-24.951	-15.232	5.5075
-10.807	-20.444	-24.735	11.7825	16.855	8.277	6.215	9.609000000000002	21.79	17.089	21.884	2.3034999999999997
-15.479	-6.054	-19.425	-2.7394999999999996	26.511	25.082	8.147	9.8965	24.201	18.689	18.396	5.6585
-7.786	-10.715	-8.985	2.064	25.183	28.721	24.907	-1.6310000000000002	26.025	29.777	20.358	0.957499999999996
-12.671	-15.095	-21.208	5.480499999999999	19.48	17.928	6.518	7.257	15.498	8.973	20.719	0.6519999999999992
-9.785	-12.241	-17.757	5.214	14.491	18.992	13.054	-1.532	13.338	15.342	13.17	-0.918000000000001
-17.175	-10.158	-9.297	-7.447500000000002	19.175	28.958	18.895	-4.7514999999999965	15.876	7.61	12.09	6.026
19.209	20.266	20.328	-1.0879999999999974	12.543	15.717	13.558	-2.0945	-0.811	1.573	-0.844	-1.1755
48.179	44.012	40.897	5.724500000000006	-9.969	-14.28	-11.089	2.7155000000000005	-11.248	-11.56	-21.31	5.186999999999999
54.808	58.408	55.952	-2.372	-1.603	-7.043	-11.48	7.6585	1.313	-1.607	-14.174	9.2035
-9.58	-6.242	-13.924	0.5030000000000001	8.537	2.193	-1.881	8.381	1.912	0.224	3.695	-0.0475000000000001
-13.214	-11.513	-8.037	-3.439	12.198	9.214	1.062	7.0600000000000005	4.181	3.643	2.593	1.0630000000000002
-10.863	-12.611	-7.657	-0.7289999999999992	16.524	12.517	6.837	6.847000000000001	-4.259	3.147	0.363	-6.014
-7.922	-11.424	-12.103	3.841500000000001	1.686	4.21	13.761	-7.2995	2.145	-3.743	1.094	3.4695
-3.096	-7.265	-11.208	6.140499999999999	5.463	3.281	10.92	-1.6375000000000002	-0.602	1.738	-3.569	0.3135
14.803	12.89	17.235	-0.2594999999999992	-0.739	-4.233	-12.502	7.6285	9.938	13.074	16.286	-4.741999999999999
2.706	4.329	-3.789	2.436	10.805	9.783	4.46	3.6835000000000004	-13.497	-20.77	-18.299	6.037500000000001
-2.122	2.956	1.332	-4.266	8.494	11.42	4.684	0.44200000000000017	-4.715	-13.013	-21.695	12.639
13.682	5.59	0.332	10.721	5.338	1.023	8.393	0.6299999999999999	-6.506	-9.852	-6.231	1.535499999999999
9.79	14.534	5.022	0.011999999999998678	10.26	9.077	2.935	4.254	-0.719	-4.959	-9.252	6.3865
21.469	17.202	6.949	9.3935	-4.92	-2.039	-3.665	-2.0679999999999996	-24.834	-18.64	-13.428	-8.8
24.623	22.32	23.686	1.620000000000001	-9.07	-12.639	-19.33	6.9144999999999985	9.596	9.47	5.846	1.9379999999999997
20.921	23.505	23.087	-2.375	3.281	-12.764	-11.45	15.388	7.804	9.169	9.512	-1.5365000000000002
11.225	11.803	20.305	-4.829000000000002	-10.419	-7.224	2.274	-7.944000000000001	6.764	8.624	8.911	-2.0035
-26.976	-24.01	-29.536	-0.20299999999999585	7.382	11.533	7.199	-1.984	14.828	11.397	8.634	4.8125
-11.289	-10.662	-12.287	0.1855000000000011	-4.608	-1.61	-8.505	0.44950000000000045	23.148	16.364	7.527	11.202499999999999
13.25	11.122	14.322	0.5280000000000005	19.175	8.808	-8.89	19.216	-15.386	-15.092	-12.785	-1.447499999999998
30.645	32.941	41.283	-6.467000000000002	13.736	13.896	16.002	-1.2129999999999992	5.782	11.039	11.149	-5.311999999999999
6.836	11.714	6.939	-2.490499999999999	3.775	2.255	-4.772	5.0335	11.99	8.935	13.275	0.8849999999999998
-20.612	-19.759	-21.973	0.25400000000000134	19.035	19.658	6.359	6.026499999999999	4.911	6.695	15.489	-6.181000000000001
-13.708	-11.817	-10.374	-2.612499999999999	8.749	2.965	-1.775	8.154	-8.403	-9.911	-7.346	0.22549999999999848
22.951	28.062	23.634	-2.8969999999999985	1.367	4.912	8.659	-5.418500000000001	-10.273	-8.595	-9.829	-1.061
-17.145	-13.692	-14.419	-3.0894999999999992	21.008	11.843	13.701	8.235999999999999	-11.771	-13.056	-6.676	-1.9050000000000011
-16.151	-16.778	-13.84	-0.8420000000000005	26.001	16.573	10.946	12.241500000000002	-12.852	-11.713	-9.069	-2.4610000000000003
-17.706	-19.08	-15.068	-0.6320000000000014	-21.457	-17.231	3.395	-14.539	11.966	10.909	-0.879	6.950999999999999
11.33	2.137	-1.442	10.9825	-5.396	-4.926	-3.806	-1.0300000000000002	17.336	24.094	22.039	-5.730500000000003
-1.823	-3.145	0.481	-0.4909999999999999	-10.044	-9.765	-7.201	-1.561	13.571	15.026	10.756	0.6799999999999997
28.796	31.5	38.048	-5.9780000000000015	-10.042	-11.3	-20.18	5.698	3.364	1.459	12.766	-3.7485
27.771	28.163	30.916	-1.7684999999999995	7.481	2.788	-2.301	7.2375	14.608	7.72	5.408	8.044
12.409	22.827	17.831	-7.92	15.498	22.443	23.979	-7.712999999999999	-23.3	-20.625	-15.888	-5.043500000000002
14.597	12.475	23.884	-3.5825000000000014	10.366	14.602	23.403	-8.636499999999998	-24.979	-23.611	-19.826	-3.2605000000000004
-16.279	-17.674	-10.171	-2.3565000000000005	26.214	23.807	21.502	3.5595	-0.358	-2.605	-2.265	2.077
-21.842	-16.768	-11.946	-7.484999999999999	19.482	24.338	24.042	-4.708000000000002	6.302	-1.927	-3.339	8.934999999999999
-23.255	-17.325	-14.468	-7.358499999999999	15.084	24.394	24.818	-9.522000000000002	8.306	0.292	-2.709	9.5145
-34.606	-34.892	-30.052	-2.1340000000000003	-7.994	3.833	12.863	-16.342	-0.039	0.523	3.859	-2.23
-35.187	-32.246	-34.73	-1.698999999999998	6.637	3.801	-0.901	5.186999999999999	5.613	1.738	0.09	4.699000000000001
17.491	7.214	10.903	8.4325	24.551	11.526	8.877	14.349499999999999	-6.454	-5.667	-4.901	-1.17
26.819	27.386	29.899	-1.8234999999999992	-7.131	-9.266	-1.384	-1.806	-2.17	5.207	-0.66	-4.4435
18.569	16.853	22.042	-0.8785000000000025	-4.956	-11.348	-9.441	5.4385	10.806	13.034	2.094	3.241999999999999
23.967	18.95	18.301	5.3415	12.634	-3.488	-10.855	19.805500000000002	11.958	11.506	10.126	1.1420000000000012
-10.539	-19.609	-26.828	12.679499999999999	21.247	12.407	8.798	10.6445	-10.258	2.662	6.779	-14.978499999999999
-17.307	-12.616	-24.231	1.116500000000002	16.795	18.467	10.648	2.2375000000000025	1.619	-6.652	7.254	1.3180000000000003
-5.136	1.873	2.07	-7.1075	10.533	5.764	9.44	2.930999999999999	15.699	19.508	17.442	-2.7760000000000016
-1.554	4.28	6.271	-6.8295	-9.674	0.092	-10.872	-4.284	-4.294	-13.23	-15.492	10.067
-9.287	-4.233	3.201	-8.771	-36.685	-35.386	-25.611	-6.186500000000002	6.911	3.079	-4.696	7.719499999999999
40.096	35.851	23.301	10.519999999999996	5.461	10.326	10.61	-5.007	-2.977	-7.819	-14.442	8.1535
40.646	41.133	36.314	1.9224999999999994	-0.882	-3.727	10.015	-4.026	-3.262	-2.987	-8.179	2.321
29.944	24.469	38.242	-1.4115000000000002	-3.119	-13.789	-15.357	11.454	-12.536	-5.892	-9.648	-4.766
-28.634	-24.579	-8.804	-11.942499999999999	6.264	2.935	0.694	4.4495000000000005	10.239	3.709	-0.936	8.852500000000001
9.265	5.44	10.477	1.3064999999999998	-3.107	-8.005	-0.003	0.8970000000000002	13.393	16.511	13.417	-1.570999999999998
33.063	31.544	37.956	-1.6869999999999976	-15.889	-20.988	-23.214	6.212	23.028	21.643	11.306	6.5535
-4.216	-4.333	-9.589	2.745	3.294	5.47	5.551	-2.2165000000000004	-6.116	-0.386	9.812	-10.829
11.969	6.909	3.634	6.6975	6.187	-13.364	-8.677	17.2075	-16.37	-12.952	-9.057	-5.365500000000001
-2.595	-5.086	-3.878	1.887	8.561	11.583	14.22	-4.3405000000000005	-13.398	-8.564	-13.821	-2.2055000000000007
3.079	3.166	-2.789	2.8905000000000003	19.203	13.572	7.231	8.8015	-16.77	-14.053	-12.354	-3.5664999999999996
35.488	20.754	13.781	18.220499999999998	-2.642	-2.349	-4.336	0.7005000000000003	7.646	9.62	1.627	2.0225
-10.166	-6.09	2.644	-8.443000000000001	8.584	8.84	8.842	-0.25700000000000145	2.548	5.548	-1.381	0.46450000000000014
-10.625	-9.962	-1.806	-4.741	10.835	10.691	9.29	0.8445	8.345	3.543	0.141	6.503
-17.481	-13.321	-10.66	-5.490500000000001	5.759	18.008	14.521	-10.505499999999998	13.56	12.236	7.069	3.9075000000000006
13.95	12.928	20.924	-2.9760000000000026	2.287	-11.277	-7.392	11.621500000000001	0.237	3.322	-1.589	-0.6295000000000001
-0.778	7.255	4.768	-6.7895	0.654	-7.207	-10.956	9.7355	12.682	6.429	-0.945	9.940000000000001
-4.958	-3.348	-9.054	1.2430000000000003	12.743	9.302	-3.274	9.729000000000001	10.56	4.444	-2.472	9.574
15.403	7.632	3.305	9.9345	6.562	-2.862	-2.138	9.062000000000001	20.621	11.767	0.539	14.468
36.275	33.574	26.145	6.4155000000000015	-7.436	0.485	6.258	-10.807500000000001	16.773	19.268	18.463	-2.092500000000001
6.916	11.411	18.497	-8.038	-3.024	-0.617	-5.818	0.19349999999999978	9.365	13.175	-8.378	6.9665
19.611	12.198	8.133	9.445500000000001	33.853	26.724	9.483	15.749500000000001	3.038	-2.715	1.215	3.788
19.598	13.465	14.126	5.802499999999998	22.723	34.83	28.356	-8.870000000000001	-2.98	5.376	-1.008	-5.164
-7.152	-13.312	-8.65	3.8289999999999997	14.245	2.014	5.855	10.3105	-10.956	-8.077	-10.432	-1.7014999999999993
-22.075	-14.636	-7.62	-10.947	-11.555	-6.995	3.456	-9.785499999999999	-22.736	-20.699	-16.699	-4.036999999999999
20.468	17.095	9.627	7.106999999999999	9.882	3.46	0.911	7.6964999999999995	6.923	6.959	7.245	-0.17900000000000027
-18.451	-19.603	-17.708	0.20449999999999946	12.033	7.604	-0.102	8.282	-7.99	-4.259	7.076	-9.3985
24.715	34.286	23.869	-4.362500000000001	14.666	11.738	-3.993	10.793500000000002	13.571	7.62	23.209	-1.8435000000000006
20.737	20.177	29.526	-4.114500000000003	15.567	18.463	13.98	-0.6544999999999987	15.182	16.117	11.186	1.5305
-33.815	-27.726	-24.303	-7.8004999999999995	19.933	17.845	20.491	0.7650000000000006	-2.409	-5.505	0.245	0.22100000000000009
4.342	3.61	5.532	-0.2290000000000001	4.256	8.953	3.418	-1.929499999999999	-2.705	-4.996	-10.899	5.2425
9.312	5.769	5.763	3.5459999999999994	-2.413	4.061	7.536	-8.2115	-9.795	-4.112	-7.226	-4.1259999999999994
8.373	7.243	4.277	2.6129999999999995	-2.266	0.819	7.944	-6.6475	-13.876	-6.019	-4.83	-8.4515
7.364	7.97	5.464	0.6469999999999994	11.731	-0.414	6.333	8.7715	-11.351	-11.841	-4.769	-3.046000000000001
19.151	13.499	4.15	10.3265	1.897	3.624	2.208	-1.0190000000000003	30.961	21.613	23.188	8.560499999999998
37.269	36.179	36.155	1.1019999999999968	20.414	24.208	18.684	-1.0319999999999965	22.028	22.561	25.964	-2.2345000000000006
8.443	9.063	6.187	0.8179999999999996	5.012	11.204	4.205	-2.692500000000001	4.044	0.666	-2.349	4.8854999999999995
-55.35	-53.689	-50.368	-3.3215000000000003	-11.526	-6.764	-1.903	-7.1925	-9.563	-7.201	-0.522	-5.701500000000001
56.508	51.914	51.277	4.912500000000001	19.246	-0.095	-6.631	22.608999999999998	16.827	15.411	11.73	3.2565000000000026
44.898	49.599	53.95	-6.8765	2.746	22.77	9.802	-13.540000000000001	10.776	13.783	15.643	-3.937000000000001
-37.932	-39.425	-35.769	-0.33500000000000796	-15.2	-20.465	-9.774	-0.08050000000000068	-2.183	-1.307	-3.792	0.36650000000000027
18.523	27.764	30.273	-10.4955	-9.565	-8.502	-12.674	1.0230000000000015	-3.831	-2.244	-11.906	3.244
23.985	12.224	14.198	10.774	-7.633	-10.21	-11.849	3.3965000000000005	-5.395	6.156	7.056	-12.001
-3.383	-3.614	3.263	-3.2075	-4.701	-14.138	-6.365	5.5505	-8.053	9.676	4.96	-15.371
8.947	0.728	-4.109	10.6375	10.306	5.045	-7.331	11.449	-10.19	-7.653	0.175	-6.451
12.829	7.896	12.42	2.671000000000001	-3.26	3.659	16.246	-13.212499999999999	-6.303	-14.452	-23.142	12.494
-25.519	-22.904	-27.235	-0.44950000000000045	-16.855	-33.41	-20.441	10.0705	-17.615	-12.601	0.004	-11.316499999999998
-2.889	7.7	-0.594	-6.442	4.593	5.693	9.017	-2.7619999999999996	-0.807	-1.435	0.01	-0.09450000000000003
-3.422	-7.297	-8.237	4.344999999999999	15.27	17.848	13.815	-0.5614999999999988	12.752	13.133	2.896	4.737500000000001
-9.577	-8.873	-9.996	-0.14250000000000007	-11.392	-14.916	-20.246	6.189	12.077	15.418	-0.823	4.7795000000000005
-31.709	-31.287	-27.329	-2.401	5.684	-0.145	-1.311	6.412	-6.461	-2.715	2.618	-6.4125000000000005
-8.518	-0.635	5.69	-11.0455	-1.03	5.288	2.355	-4.851500000000001	-8.001	-14.074	-19.643	8.8575
-8.612	-10.032	-9.059	0.9335000000000004	6.174	-5.541	-3.053	10.471	-14.181	-12.003	-10.511	-2.9239999999999995
-7.921	-8.741	-11.197	2.047999999999999	1.716	1.438	-6.952	4.473	-17.214	-12.396	-10.475	-5.7784999999999975
35.321	28.225	25.07	8.673499999999997	17.911	16.058	14.354	2.705000000000002	-11.495	-6.518	-10.128	-3.171999999999999
31.23	37.575	35.395	-5.254999999999999	14.324	17.521	16.768	-2.820500000000001	2.421	-5.227	-11.588	10.828499999999998
-20.532	-17.567	-17.518	-2.9894999999999996	-1.724	-9.672	5.568	0.3280000000000005	-7.583	-9.84	-1.516	-1.9050000000000002
9.899	9.122	4.744	2.9659999999999993	-15.101	-17.111	-22.257	4.583	3.265	8.173	-2.66	0.5085000000000002
13.485	19.952	11.183	-2.0825000000000014	-9.687	-5.958	-15.816	1.200000000000001	-3.679	-8.717	1.275	0.04200000000000026
6.854	14.022	18.555	-9.4345	-9.469	-6.361	-8.205	-2.186	-2.657	-6.454	-8.018	4.579000000000001
-48.127	-46.693	-42.836	-3.3625000000000043	-2.763	2.67	-0.776	-3.71	-10.212	-16.34	-14.205	5.060500000000001
8.864	12.891	16.422	-5.7925	7.669	-1.791	-10.072	13.6005	27.469	21.171	20.905	6.431000000000001
10.421	6.808	12.254	0.8900000000000006	4.286	6.192	-0.611	1.4954999999999994	21.933	30.338	22.344	-4.408000000000001
-4.869	-6.543	-17.636	7.2204999999999995	7.227	-6.417	-4.332	12.6015	-23.161	-21.585	-10.792	-6.9725
-2.737	-4.255	-15.711	7.246	8.275	5.045	-10.466	10.9855	-23.522	-23.956	-15.504	-3.791999999999998
4.201	-1.856	-10.823	10.5405	15.187	14.075	31.101	-7.401000000000002	10.646	7.846	0.744	6.351000000000001
3.027	-2.619	-0.155	4.414	13.284	1.146	9.707	7.8575	18.641	22.382	18.766	-1.9329999999999998
18.515	9.903	4.692	11.217500000000001	35.514	31.961	18.842	10.112500000000004	25.691	25.482	20.942	2.478999999999999
-13.753	-7.53	-5.006	-7.484999999999999	-0.187	-3.111	3.818	-0.5405	-8.708	-8.653	-6.289	-1.237
-9.403	-11.506	-18.348	5.523999999999999	-6.015	-4.976	-5.35	-0.8519999999999994	12.64	12.012	7.541	2.8635
17.185	16.112	24.799	-3.270500000000002	-7.691	-15.723	-16.414	8.377500000000001	2.457	2.213	-17.524	10.1125
2.775	11.141	12.785	-9.188	-12.005	-4.535	-3.513	-7.981000000000001	-4.397	-7.339	-1.412	-0.02149999999999963
4.033	6.928	12.593	-5.7275	-11.435	-9.672	-0.767	-6.2155000000000005	-11.027	-4.523	-6.249	-5.641
7.543	4.495	10.819	-0.11399999999999988	-21.558	-11.566	-3.327	-14.1115	-14.41	-10.506	-7.534	-5.390000000000001
36.886	30.48	16.419	13.436500000000002	2.108	-5.946	-14.612	12.387	1.681	2.164	2.028	-0.41500000000000004
32.295	36.71	33.83	-2.9749999999999943	21.917	10.65	1.73	15.727	16.897	11.742	4.215	8.918499999999998
24.135	28.953	22.363	-1.5229999999999997	1.593	-6.832	-17.624	13.821	14.636	16.095	16.652	-1.7375000000000007
19.414	26.588	24.028	-5.893999999999998	5.214	-0.506	-15.973	13.4535	13.977	14.791	17.633	-2.2349999999999994
1.943	9.365	17.211	-11.345	21.28	18.487	13.308	5.382500000000002	18.046	16.7	13.57	2.9109999999999996
16.634	21.684	8.045	1.7695000000000007	1.404	-1.935	-15.759	10.251	-12.345	-17.73	0.347	-3.653500000000001
-15.001	-17.001	-16.084	1.541500000000001	-22.442	-17.334	-6.8	-10.375	-13.827	-3.463	-8.011	-8.09
-7.04	-16.774	-15.973	9.3335	-4.923	-21.474	-10.648	11.138	-18.907	-8.881	-6.848	-11.0425
-1.848	9.772	15.241	-14.3545	5.52	13.83	14.185	-8.4875	16.262	14.638	14.025	1.9305000000000003
26.569	28.147	32.463	-3.7360000000000007	6.176	-7.107	-12.429	15.944	-2.002	-4.546	-4.677	2.6094999999999997
-1.429	5.868	6.211	-7.468500000000001	-8.38	-2.854	9.201	-11.553500000000001	12.586	-0.545	-11.377	18.547
39.84	35.912	30.236	6.766000000000005	-4.48	-4.148	-1.867	-1.4725000000000006	-0.764	-14.033	-9.814	11.159500000000001
37.38	36.386	39.003	-0.31450000000000244	3.94	-4.516	-2.855	7.625500000000001	-8.113	1.163	-2.514	-7.4375
-26.559	-27.283	-29.174	1.6694999999999993	-6.638	0.621	-5.369	-4.264	24.574	23.808	22.1	1.620000000000001
46.89	48.433	53.866	-4.259500000000003	-11.267	-12.487	-10.237	0.09500000000000064	5.815	0.157	-14.781	13.127
47.326	46.476	48.449	-0.13649999999999807	-4.831	-10.624	-12.191	6.5765	1.688	5.145	0.095	-0.9319999999999997
-31.959	-25.344	-17.712	-10.431000000000001	0.842	0.503	1.803	-0.31100000000000005	5.201	2.83	0.996	3.2879999999999994
-24.215	-31.857	-26.701	5.064	26.287	11.512	0.753	20.1545	-11.439	-2.824	3.505	-11.7795
-26.942	-25.254	-30.148	0.7590000000000003	14.087	27.082	13.912	-6.41	2.321	-8.772	-3.913	8.6635
-24.39	-23.533	-28.8	1.7764999999999986	-3.954	-7.02	-10.584	4.847999999999999	15.6	16.883	14.01	0.1534999999999993
-32.769	-31.027	-28.336	-3.0874999999999986	-20.416	-7.692	-1.502	-15.818999999999999	3.682	9.088	10.658	-6.190999999999999
-24.842	-32.679	-28.781	5.888000000000002	-15.068	-17.906	-2.792	-4.718999999999999	3.25	5.197	10.899	-4.798
15.009	12.996	9.998	3.5120000000000005	-10.471	-13.724	-5.786	-0.7160000000000011	15.605	19.315	15.929	-2.0169999999999995
20.461	8.465	14.003	9.226999999999999	-18.403	-16.189	-8.486	-6.065499999999998	-1.541	3.678	12.762	-9.761000000000001
-4.591	-0.995	2.391	-5.289	6.904	-5.667	-15.043	17.259	-21.71	-15.858	-10.734	-8.414000000000001
-1.519	2.839	10.638	-8.2575	-20.976	-19.742	-25.734	1.7620000000000005	-8.109	-16.536	-6.976	3.6470000000000002
1.072	-0.159	8.802	-3.2494999999999994	-15.243	-21.253	-23.958	7.362499999999999	-5.897	-11.799	-11.247	5.6259999999999994
-46.012	-54.186	-54.767	8.464500000000001	11.047	7.75	15.398	-0.5269999999999992	-10.719	-6.826	-6.892	-3.8599999999999994
21.65	27.53	32.98	-8.605	6.222	5.338	5.209	0.9485000000000001	-3.887	-5.19	-3.86	0.6380000000000003
-14.507	-9.172	-11.249	-4.2965	-24.909	-14.144	-19.236	-8.218999999999998	4.63	-0.896	-2.279	6.217499999999999
-12.623	-11.751	-10.164	-1.6654999999999998	-21.32	-22.095	-19.412	-0.5665000000000013	0.212	2.123	2.469	-2.084
-11.227	-5.691	-17.483	0.35999999999999943	11.312	20.019	8.239	-2.817	8.855	5.331	14.183	-0.9019999999999992
2.805	-0.54	5.77	0.1900000000000004	10.855	21.711	11.492	-5.746500000000001	13.704	12.865	6.313	4.115
4.985	9.233	8.721	-3.992	-13.848	-10.009	-15.924	-0.8815000000000008	6.011	7.74	7.832	-1.7749999999999995
-38.348	-36.523	-28.196	-5.988499999999995	-6.447	-14.095	-9.831	5.516000000000001	-18.25	-17.473	-11.473	-3.777000000000001
-42.855	-34.874	-37.281	-6.777499999999996	-1.154	4.602	-7.682	0.3860000000000001	-32.264	-28.561	-19.326	-8.320500000000003
25.532	21.519	26.294	1.6254999999999988	5.224	7.386	-0.092	1.577	13.024	13.899	16.436	-2.1435000000000013
23.664	24.923	22.856	-0.2254999999999967	7.961	11.403	6.665	-1.0730000000000004	12.526	15.799	13.608	-2.1775
50.313	48.852	45.392	3.1910000000000025	7.36	6.969	2.913	2.4190000000000005	-7.885	3.522	-7.978	-5.657
36.462	36.21	39.781	-1.5334999999999965	11.238	9.719	12.485	0.13599999999999923	-0.691	-1.022	-5.169	2.4045
25.105	30.729	36.837	-8.678	-0.952	7.171	8.897	-8.986	-5.48	-1.27	-1.256	-4.2170000000000005
26.073	26.818	36.019	-5.345500000000001	-1.48	1.992	10.503	-7.727500000000001	-6.954	-2.906	-1.042	-4.9799999999999995
-12.572	-4.839	-2.921	-8.692	-4.653	0.203	7.441	-8.475	8.558	8.498	10.312	-0.8469999999999995
-26.91	-24.569	-27.355	-0.9480000000000004	-12.517	-18.483	-23.971	8.71	9.248	7.364	-4.522	7.827
24.23	28.462	28.364	-4.183	19.158	16.99	5.752	7.787000000000003	13.939	8.507	11.819	3.776
-2.754	1.074	-11.257	2.3375	3.909	0.563	-8.452	7.8535	-1.425	-5.345	1.602	0.4464999999999997
-11.238	-3.409	-2.177	-8.445	2.221	4.591	-3.222	1.5365	1.065	-1.504	-3.837	3.7355
-14.789	-6.343	-7.206	-8.0145	2.679	10.316	5.844	-5.401	-6.302	-5.391	-1.184	-3.0144999999999995
-12.561	-20.179	-10.708	2.8825000000000003	2.066	3.866	6.67	-3.202	-14.637	-5.962	-6.244	-8.534
-11.736	-15.067	-16.211	3.9029999999999987	11.353	1.514	5.157	8.0175	-17.526	-12.585	-6.208	-8.1295
-20.3	-11.12	-18.634	-5.423000000000002	21.051	9.527	3.476	14.549499999999998	-8.989	-17.448	-7.319	3.394499999999999
37.974	25.482	26.706	11.879999999999995	4.81	12.0	18.248	-10.314	-7.514	-2.577	-5.368	-3.5415
-17.181	-16.37	-11.219	-3.3865000000000016	-8.64	-9.657	-8.746	0.5614999999999988	9.016	11.573	6.275	0.09200000000000053
-17.3	-17.454	-13.548	-1.7989999999999995	17.255	13.599	-1.061	10.985999999999999	19.049	16.579	15.303	3.1079999999999988
-47.591	-45.565	-36.823	-6.3969999999999985	-5.473	-0.478	6.505	-8.4865	-3.201	1.988	-2.059	-3.1654999999999998
2.917	-3.69	2.781	3.3714999999999997	11.378	5.854	3.764	6.569	-20.99	-22.342	-15.914	-1.8619999999999983
18.006	13.667	14.776	3.7845000000000013	-6.825	-4.796	-17.169	4.1575	18.931	13.08	15.942	4.420000000000002
25.032	20.143	12.541	8.690000000000001	-3.153	-6.697	-8.27	4.330499999999999	10.777	16.418	13.803	-4.333500000000001
-2.506	4.255	1.772	-5.5195	7.12	3.772	15.621	-2.5765000000000002	4.248	2.907	3.599	0.9950000000000001
35.087	39.792	38.732	-4.174999999999997	-0.84	0.782	-9.177	3.3575	-15.709	-15.224	-17.679	0.7424999999999997
32.789	40.56	37.369	-6.1754999999999995	6.109	-5.288	-0.422	8.964	-2.396	-11.012	-15.154	10.687000000000001
38.252	32.071	38.959	2.737000000000002	9.222	9.101	-3.326	6.334499999999999	5.483	-0.671	-11.145	11.390999999999998
17.086	19.75	7.488	3.4669999999999987	-3.777	-7.587	-5.061	2.5469999999999997	1.284	2.165	3.254	-1.4255000000000002
20.653	17.38	15.051	4.4375	6.73	-3.5	-9.082	13.021	2.145	1.94	2.779	-0.2144999999999997
-9.709	-6.503	-5.264	-3.8255	6.418	13.564	25.294	-13.011000000000003	1.612	-1.792	2.283	1.3665000000000003
-0.939	-6.935	-7.048	6.0525	8.181	9.139	13.014	-2.8955	6.986	1.679	-0.681	6.487
-0.507	-2.312	-8.779	5.0385	6.126	9.856	8.533	-3.0684999999999993	10.27	4.932	0.082	7.763
-1.244	-3.215	-1.384	1.0555	1.9	5.89	7.904	-4.997	-1.902	2.616	7.497	-6.9585
7.776	5.063	-2.558	6.5235	12.649	5.212	4.56	7.763	-5.69	-7.605	1.11	-2.4425000000000003
-18.591	-24.455	-19.593	3.433	-2.042	-4.574	2.762	-1.136	-15.473	-10.629	-2.933	-8.692
9.649	16.146	21.787	-9.3175	9.378	16.524	5.515	-1.6415000000000006	1.177	-1.073	1.728	0.8495
0.838	1.5	6.484	-3.154	0.153	1.093	9.589	-5.188000000000001	11.501	7.292	9.938	2.8859999999999992
1.85	0.485	6.062	-1.4235000000000002	3.308	-1.031	9.001	-0.677	18.347	10.498	8.095	9.050500000000001
-0.182	0.941	0.826	-1.0655	10.194	1.841	0.611	8.968	12.602	18.893	10.781	-2.2349999999999994
-29.78	-26.138	-24.934	-4.244	-5.107	-12.783	-18.653	10.611	22.031	19.322	18.417	3.1614999999999966
37.339	32.564	21.994	10.059999999999999	14.594	11.777	10.768	3.3214999999999986	11.97	11.568	5.611	3.3805000000000014
37.026	37.349	40.355	-1.8259999999999934	16.834	18.531	17.404	-1.1335000000000015	12.417	7.206	4.99	6.318999999999999
-12.604	-16.189	-13.101	2.0410000000000004	12.449	2.382	1.533	10.4915	5.906	7.133	7.232	-1.2765000000000004
57.335	56.28	51.976	3.2070000000000007	10.156	-1.903	-19.558	20.886499999999998	8.958	10.052	20.376	-6.256
41.931	45.434	56.45	-9.011000000000003	-1.909	3.786	10.088	-8.846	13.372	10.918	9.709	3.0585000000000004
21.853	23.982	28.608	-4.442	5.749	6.83	3.385	0.6414999999999997	-5.358	-7.819	-17.573	7.338
40.699	34.238	39.29	3.9350000000000023	-2.336	3.739	-0.501	-3.955	2.934	2.773	-2.111	2.603
38.399	46.757	34.779	-2.3689999999999998	7.594	0.708	1.856	6.312	5.853	3.075	2.145	3.2429999999999994
32.812	28.946	17.268	9.704999999999998	-3.176	-12.902	-22.917	14.733500000000001	14.455	10.641	14.533	1.8680000000000003
25.172	29.787	34.271	-6.856999999999996	-4.098	-5.9	-6.782	2.2430000000000003	9.426	5.919	2.186	5.3735
-25.949	-21.347	-16.483	-7.0340000000000025	-8.122	-7.03	5.805	-7.509499999999999	-6.749	-5.815	-13.255	2.7860000000000005
5.794	5.943	0.173	2.7359999999999998	5.069	-2.838	1.208	5.884	-20.867	-19.414	-25.399	1.5395000000000003
9.452	6.205	5.093	3.803	-8.337	6.682	5.611	-14.4835	-20.163	-14.583	-16.711	-4.516000000000002
-44.415	-38.586	-26.263	-11.990499999999997	2.585	1.728	6.111	-1.3344999999999998	9.742	8.196	-3.453	7.370500000000001
-52.877	-52.193	-47.872	-2.8445000000000036	4.743	1.368	7.503	0.3075000000000001	-9.399	-4.419	-0.45	-6.964499999999999
-12.962	-11.644	-9.331	-2.474499999999999	4.08	-0.805	-2.578	5.7715	3.11	-0.544	-0.646	3.705
-17.094	-13.727	-11.022	-4.7195	7.405	2.75	-2.718	7.389	4.641	1.639	0.381	3.6310000000000002
20.191	28.698	34.694	-11.505000000000003	-3.341	-6.233	3.877	-2.1630000000000003	9.717	6.161	-1.964	7.618500000000001
9.453	9.059	15.921	-3.036999999999999	-2.901	-7.139	-2.306	1.8215000000000003	-4.849	-10.692	-4.369	2.6814999999999998
18.546	20.357	11.467	2.6340000000000003	18.36	10.579	-2.861	14.501	-2.844	-4.917	-8.537	3.8830000000000005
49.792	52.955	33.865	6.382000000000005	30.194	20.868	1.993	18.7635	3.554	-3.332	12.432	-0.9960000000000009
53.833	50.272	44.861	6.266500000000001	32.007	15.941	1.262	23.405499999999996	7.235	-8.309	-10.467	16.623
-31.965	-23.466	-24.351	-8.0565	-2.784	-4.336	-0.582	-0.32499999999999973	10.079	9.624	19.153	-4.3095
-31.313	-33.956	-29.339	0.334500000000002	-20.497	-16.668	-3.578	-10.374	4.632	8.001	10.356	-4.5465
-16.607	-19.441	-12.905	-0.43400000000000105	-6.868	-9.405	-9.967	2.8179999999999996	-4.021	-4.598	-9.057	2.8065000000000007
-28.308	-23.637	-12.276	-10.351500000000001	-6.977	-9.252	-2.658	-1.0220000000000002	7.68	9.291	9.609	-1.7699999999999996
-23.864	-26.952	-21.122	0.17299999999999827	5.005	-0.991	-9.002	10.0015	4.874	7.006	8.491	-2.8745000000000003
-23.272	-21.802	-26.296	0.777000000000001	-10.415	-3.867	-1.009	-7.976999999999999	4.208	6.277	6.304	-2.0824999999999996
-9.787	-13.917	-21.649	7.996	5.49	0.469	-7.457	8.984	11.851	5.645	5.444	6.3065000000000015
20.607	19.333	8.867	6.507	13.533	9.572	9.44	4.026999999999999	-4.375	-0.729	6.958	-7.4895
42.644	48.122	47.772	-5.303000000000004	28.861	31.113	20.697	2.9559999999999995	20.831	15.405	5.302	10.4775
-20.117	-24.495	-23.41	3.8354999999999997	20.646	6.717	2.022	16.276500000000002	-1.457	7.537	10.681	-10.566
-31.589	-33.649	-29.94	0.20550000000000068	-3.384	2.257	10.586	-9.8055	-24.896	-23.989	-16.424	-4.6895000000000024
20.026	25.33	29.827	-7.552499999999998	6.456	1.694	-3.179	7.1985	7.982	6.439	8.604	0.4605000000000006
21.591	13.449	24.106	2.8135000000000012	-2.237	-1.312	-4.602	0.7200000000000002	12.386	7.295	-10.414	13.9455
13.345	8.322	16.641	0.8635000000000019	-4.689	-0.155	-5.637	-1.7930000000000001	-9.52	-6.758	-4.427	-3.9275
-25.294	-28.399	-24.432	1.121500000000001	22.123	15.776	9.845	9.3125	-12.043	-11.616	-2.079	-5.195499999999999
-17.692	-24.988	-42.432	16.018	2.707	0.337	-5.728	5.4025	-8.167	-8.66	-0.765	-3.4544999999999995
-17.146	-17.331	-31.005	7.0219999999999985	4.921	2.781	-2.419	4.74	-2.384	-8.058	-6.658	4.974
0.135	1.35	2.899	-1.9895000000000003	-6.038	-9.771	-7.367	2.5310000000000006	24.445	23.131	22.627	1.5660000000000025
17.926	20.683	17.981	-1.4060000000000024	22.295	24.602	23.13	-1.570999999999998	7.653	5.88	9.059	0.18349999999999955
-32.567	-30.229	-26.189	-4.3580000000000005	-7.765	-10.563	-8.878	1.9555000000000016	4.642	0.108	3.848	2.6640000000000006
-33.63	-31.352	-29.917	-2.9955	-6.675	-8.507	-2.266	-1.2885	-6.274	-5.958	-2.246	-2.1719999999999997
-31.418	-32.066	-30.697	-0.036499999999996646	-13.816	-8.558	-6.812	-6.131	-7.59	-6.129	-6.307	-1.3719999999999999
-25.452	-24.36	-24.623	-0.9604999999999997	11.185	7.327	2.924	6.059500000000001	-3.71	-9.092	-5.69	3.681
-10.771	-15.054	-37.587	15.549500000000002	18.903	4.296	-4.147	18.8285	-8.817	-6.146	-0.173	-5.657500000000001
-31.582	-31.322	-17.44	-7.2010000000000005	7.051	10.601	17.094	-6.7965	-13.036	-11.866	-7.865	-3.1704999999999988
-28.857	-31.57	-26.004	-0.07000000000000028	19.67	7.912	15.078	8.175000000000002	-14.947	-12.903	-9.44	-3.775499999999999
-17.741	-18.406	-27.864	5.393999999999998	36.997	35.99	17.261	10.371499999999997	-18.377	-16.99	-14.962	-2.401
-9.698	-17.263	-22.51	10.188500000000001	44.228	37.373	28.881	11.101000000000006	-24.249	-18.071	-16.771	-6.827999999999999
20.461	26.142	14.946	-0.08300000000000196	3.26	0.978	-18.032	11.786999999999999	24.45	18.413	21.347	4.569999999999997
-4.695	-5.407	-2.179	-0.9020000000000001	8.958	6.509	10.755	0.32599999999999874	14.091	10.295	-1.276	9.581499999999998
4.231	5.569	6.577	-1.8420000000000005	23.893	17.785	17.673	6.1640000000000015	11.257	9.44	0.496	6.289
6.057	14.948	12.151	-7.4925	20.438	24.917	17.106	-0.5735000000000028	-8.759	-6.563	-8.806	-1.0745000000000005
-62.793	-58.894	-53.96	-6.366	-17.531	-11.829	-6.006	-8.613499999999998	-11.114	-5.767	-3.008	-6.726500000000001
9.663	-3.375	-13.378	18.0395	4.947	-3.677	-4.416	8.993500000000001	-7.208	-9.233	-11.581	3.199
13.394	14.6	14.558	-1.1850000000000005	3.534	-6.637	-9.586	11.645499999999998	7.239	7.02	3.002	2.2280000000000006
44.128	38.824	29.001	10.215499999999999	-17.298	-18.211	-14.876	-0.7545000000000002	-9.99	-12.954	-11.125	2.0495
40.461	37.79	44.562	-0.7150000000000034	6.984	-3.962	-14.481	16.2055	-5.548	-10.831	-5.387	2.561
33.123	36.282	39.19	-4.6129999999999995	11.066	11.644	1.558	4.465000000000001	-11.747	-9.613	-9.263	-2.309000000000001
-11.389	-15.965	-14.308	3.7475000000000005	16.69	11.788	14.301	3.645500000000002	14.805	12.559	14.223	1.4139999999999997
7.597	0.885	-6.673	10.491	26.765	19.082	0.058	17.195	-0.446	0.671	3.033	-2.298
8.13	7.725	-2.233	5.384000000000001	23.956	26.689	13.32	3.9514999999999993	1.036	0.014	1.198	0.43000000000000005
36.181	34.577	35.37	1.207499999999996	-8.064	-0.087	0.657	-8.349	3.143	1.734	-1.728	3.1399999999999997
1.615	9.2	15.118	-10.543999999999999	-5.385	1.762	8.625	-10.5785	-0.065	-3.826	-4.421	4.0584999999999996
-3.248	-0.237	9.313	-7.7860000000000005	-5.833	-3.714	1.769	-4.8605	3.205	0.475	-3.462	4.6985
-34.885	-32.423	-30.321	-3.512999999999998	-3.419	0.178	5.264	-6.140000000000001	7.731	6.175	7.246	1.0205000000000002
-22.093	-24.822	-33.561	7.098499999999998	0.821	1.47	-1.618	0.895	-5.59	0.357	4.106	-7.8215
-38.348	-45.411	-42.628	5.671500000000002	-4.464	-19.48	-12.803	11.6775	7.9	12.112	12.026	-4.168999999999999
-33.88	-36.935	-43.49	6.332500000000003	-2.475	-4.826	-15.272	7.574	3.687	5.905	10.899	-4.715
-46.576	-49.941	-46.229	1.5090000000000003	-27.132	-28.356	-14.415	-5.746500000000001	8.963	11.396	10.045	-1.757500000000002
-29.494	-29.108	-24.224	-2.8279999999999994	-17.214	-10.627	5.248	-14.524499999999998	-27.994	-19.385	-13.272	-11.665499999999998
-5.179	-10.372	-17.697	8.8555	26.387	25.123	23.227	2.2119999999999997	-15.085	-11.378	-11.527	-3.6325000000000003
1.118	-4.472	-12.33	9.519	27.394	26.497	24.129	2.080999999999996	-22.243	-15.82	-10.789	-8.938499999999998
-8.564	-4.321	-2.665	-5.071	-5.447	-7.369	-8.679	2.577000000000001	12.797	16.047	15.6	-3.0264999999999986
32.885	30.154	32.383	1.616499999999995	-11.465	-4.487	-15.717	-1.3629999999999995	-16.174	-13.112	-22.967	1.8655000000000008
20.645	24.411	31.804	-7.462500000000002	-5.838	-5.587	-4.364	-0.8624999999999998	-5.12	-2.613	-8.396	0.38450000000000006
21.337	21.574	27.477	-3.1885000000000012	-6.624	-6.263	-4.579	-1.2030000000000003	-2.486	-4.681	-2.585	1.1469999999999998
23.495	22.532	22.947	0.7555000000000014	3.923	6.023	4.43	-1.3034999999999997	2.917	5.758	1.501	-0.7125000000000004
-39.306	-39.304	-35.498	-1.9050000000000011	-10.008	-5.376	-3.544	-5.547999999999999	1.817	3.653	6.504	-3.2615
13.991	2.236	-6.489	16.1175	10.57	0.703	6.188	7.1245	-9.853	-9.264	3.612	-7.027
27.3	24.606	31.147	-0.5764999999999993	-14.291	-17.061	-13.26	0.8694999999999986	7.981	3.182	2.335	5.2225
23.799	29.012	33.315	-7.3645	-10.385	-5.58	-6.584	-4.303	4.643	0.214	0.394	4.3389999999999995
23.057	26.6	24.485	-2.485500000000002	-9.972	-8.027	-10.87	-0.5235000000000003	4.139	-0.776	3.827	2.6135
-54.381	-51.913	-53.337	-1.7560000000000002	-14.278	-6.452	-9.144	-6.48	-10.516	-11.405	-4.123	-2.7520000000000007
-21.873	-22.823	-20.612	-0.15549999999999997	3.99	4.64	-1.634	2.487	-5.88	-5.882	2.159	-4.0184999999999995
-6.535	-9.515	-8.439	2.442	-12.177	-9.244	-2.446	-6.332	-18.717	-19.554	-23.013	2.5665000000000013
19.567	24.258	27.749	-6.436499999999999	1.23	-0.964	0.209	1.6075	-4.353	-6.608	-11.156	4.529
13.784	17.404	22.695	-6.265500000000001	5.108	3.852	-0.233	3.2984999999999998	-2.95	-3.468	-5.856	1.7119999999999997
8.605	11.891	17.023	-5.852	-2.811	-0.767	4.074	-4.4645	2.62	-5.584	-3.063	6.9435
-47.928	-47.477	-40.915	-3.7319999999999993	-7.072	-10.665	-10.892	3.7064999999999992	11.148	10.465	10.549	0.641
-5.411	-1.257	-2.635	-3.465	-14.938	-6.569	-4.46	-9.4235	-1.621	1.632	1.197	-3.0355
-6.079	-2.953	-2.376	-3.4145	0.326	-11.163	-7.588	9.701500000000001	-2.243	-3.941	1.371	-0.958
27.944	29.875	34.15	-4.068500000000004	20.54	11.629	4.827	12.312	9.893	4.533	1.704	6.774500000000001
-26.545	-23.297	-23.861	-2.966000000000001	-4.338	6.249	2.023	-8.474	-13.783	-7.031	-8.104	-6.2155000000000005
-22.245	-26.422	-20.943	1.4375	2.235	-0.618	6.588	-0.75	-21.443	-11.469	-8.551	-11.433000000000002
9.127	11.937	3.75	1.283500000000001	4.079	1.857	5.268	0.5164999999999997	-21.606	-24.476	-23.417	2.3404999999999987
16.975	16.229	7.732	4.994500000000002	24.694	14.215	2.302	16.435499999999998	-33.889	-31.26	-23.888	-6.315000000000001
11.679	18.916	16.478	-6.0180000000000025	34.72	34.095	17.708	8.8185	-29.722	-36.36	-32.137	4.526499999999999
-6.46	-6.451	1.729	-4.099	11.084	5.56	3.722	6.443	7.379	7.529	-1.326	4.2775
-23.708	-24.464	-34.563	5.805500000000002	-8.07	-7.225	-13.516	2.3004999999999995	2.825	1.447	-1.761	2.982
30.707	38.437	30.835	-3.928999999999995	8.973	14.619	10.646	-3.6594999999999995	-24.945	-33.011	-35.218	9.169500000000006
27.578	25.821	31.889	-1.277000000000001	19.839	9.664	8.051	10.981499999999999	24.386	21.734	20.504	3.2669999999999995
20.466	27.44	30.017	-8.2625	-9.636	-7.692	-10.512	-0.5339999999999989	21.67	22.273	15.685	2.6910000000000025
15.374	15.663	13.866	0.6095000000000006	8.015	0.968	-0.603	7.8325000000000005	8.51	4.911	4.31	3.8994999999999997
8.758	5.267	17.133	-2.442	-6.87	-3.823	-5.723	-2.0970000000000004	-2.457	3.794	-3.321	-2.6935
10.454	8.506	10.259	1.0715000000000003	-6.49	-5.459	-4.579	-1.471	-6.226	-1.505	-0.86	-5.0435
15.9	11.219	6.457	7.062000000000001	-0.444	-6.896	-4.49	5.249	-2.263	-5.983	1.866	-0.20450000000000035
14.782	13.957	7.995	3.805999999999999	3.869	-3.585	-4.697	8.01	-2.566	-3.904	-1.322	0.04700000000000015
-35.743	-25.965	-29.223	-8.149000000000001	12.249	19.795	6.046	-0.6715	-12.493	-19.877	-17.206	6.048499999999999
-37.28	-33.172	-27.698	-6.845000000000002	1.657	13.784	13.541	-12.005500000000001	-14.998	-14.726	-18.587	1.6585000000000019
-12.163	-5.517	-15.969	-1.42	-1.185	4.527	7.075	-6.986000000000001	22.102	14.384	20.526	4.647000000000002
-7.795	-15.122	-8.773	4.1525	13.791	9.062	12.002	3.2590000000000003	24.313	26.417	17.115	2.5470000000000006
16.738	17.372	18.501	-1.1985000000000028	-9.539	-18.461	-11.279	5.3309999999999995	30.864	24.041	24.129	6.779
4.5	8.119	7.065	-3.0920000000000005	-11.879	-4.03	-2.483	-8.622499999999999	6.182	13.408	20.576	-10.81
31.894	28.539	21.196	7.026499999999999	7.273	2.992	-4.564	8.059	-9.137	-5.43	-9.682	-1.5810000000000004
35.919	44.698	26.341	0.3994999999999962	2.367	-2.035	-9.209	7.989	6.361	-6.482	4.406	7.399
31.786	32.604	32.634	-0.8329999999999984	-5.818	4.868	0.925	-8.7145	-5.256	4.288	-1.647	-6.5765
-20.255	-24.437	-13.385	-1.3439999999999976	10.301	10.299	15.994	-2.8454999999999995	-1.932	-3.489	-10.019	4.821999999999999
-14.846	-19.631	-31.866	10.9025	11.014	9.737	7.429	2.430999999999999	-4.281	-7.22	-2.8	0.7290000000000001
-22.155	-19.813	-19.111	-2.6930000000000014	8.855	8.763	9.681	-0.3669999999999991	-12.354	-8.266	-6.419	-5.0115
-24.378	-22.022	-17.73	-4.5020000000000024	8.773	9.237	10.003	-0.8470000000000013	-20.547	-12.147	-5.964	-11.4915
-22.201	-19.629	-22.026	-1.3735	-2.111	2.265	6.265	-6.3759999999999994	-16.506	-17.256	-20.437	2.3404999999999987
11.39	10.417	10.866	0.7484999999999999	-9.16	-8.396	-10.428	0.25200000000000067	9.595	4.223	4.844	5.0615000000000006
24.595	20.53	28.601	0.02949999999999875	9.696	-3.028	2.666	9.876999999999999	-10.025	-8.632	-10.834	-0.2919999999999998
-39.011	-38.475	-38.293	-0.6270000000000024	4.48	8.159	5.573	-2.386	-3.653	-2.423	4.687	-4.785
-47.271	-41.944	-39.257	-6.670500000000004	-8.754	2.299	5.86	-12.8335	-13.489	-7.796	-4.128	-7.527000000000001
-43.881	-45.898	-40.207	-0.8284999999999982	-0.72	-6.021	6.317	-0.8680000000000001	-14.384	-12.175	-5.058	-5.7675
-15.933	-17.921	-11.107	-1.4190000000000005	9.263	5.592	-2.04	7.487	-0.774	-6.363	-14.713	9.764
-14.901	-13.552	-25.303	4.526500000000002	28.156	22.435	25.365	4.256	-3.098	-0.484	-2.789	-1.4614999999999998
-13.109	-17.745	-14.247	2.8870000000000005	6.218	19.928	24.833	-16.162499999999998	-4.82	-2.099	-1.378	-3.0815
66.917	70.201	57.796	2.9185000000000088	-2.098	-8.36	-26.189	15.1765	19.841	14.122	21.959	1.8004999999999995
2.687	-3.839	3.697	2.758	7.691	5.339	7.613	1.214999999999999	-16.431	-12.959	-17.457	-1.2230000000000008
-22.41	-23.215	-18.593	-1.5060000000000002	5.366	10.3	18.617	-9.092500000000001	-23.156	-19.736	-10.836	-7.869999999999997
20.157	10.105	7.309	11.45	-8.428	-10.78	5.163	-5.619500000000001	-3.739	-6.058	-17.428	8.004000000000001
15.004	17.029	9.021	1.9789999999999992	-9.688	-10.16	-2.06	-3.5780000000000003	3.163	-4.528	-13.203	12.0285
11.526	12.564	14.59	-2.051	-2.807	-6.685	-9.941	5.506	10.094	3.61	-4.14	10.359
17.515	16.275	12.836	2.959500000000002	-2.694	-4.097	-5.657	2.1830000000000007	11.206	12.855	4.578	2.4894999999999996
20.65	18.172	12.784	5.171999999999997	4.747	-3.641	-3.284	8.2095	11.105	11.61	8.293	1.153500000000001
17.556	19.512	17.696	-1.0479999999999983	0.513	1.695	-3.157	1.244	15.798	12.806	11.998	3.396000000000001
13.954	14.209	9.101	2.2989999999999995	1.717	20.333	14.093	-15.496	-1.513	3.335	3.007	-4.684
-27.174	-26.179	-29.902	0.866500000000002	19.121	15.461	3.197	9.791999999999998	3.635	7.187	12.478	-6.1975
-23.794	-23.775	-26.434	1.310500000000001	17.03	15.953	15.134	1.4865000000000013	-2.297	3.701	7.368	-7.8315
40.025	32.688	26.881	10.240499999999997	8.264	2.936	2.157	5.717499999999999	12.189	12.089	11.157	0.565999999999999
-19.863	-17.659	-26.969	2.4510000000000005	-0.959	7.169	-3.426	-2.8305	2.916	-2.788	7.028	0.7959999999999998
5.084	5.971	-7.972	6.0845	-10.276	0.36	-7.768	-6.572	-2.732	-3.823	1.113	-1.3770000000000002
14.259	11.244	6.443	5.4155000000000015	-3.753	-3.298	-3.64	-0.2839999999999998	-2.478	-3.811	-3.276	1.0654999999999997
8.773	14.743	13.398	-5.297499999999999	10.956	4.402	-1.297	9.4035	6.664	-0.43	-3.832	8.795
-21.638	-19.166	-7.667	-8.221500000000002	12.184	12.608	13.895	-1.0675000000000008	-10.195	-4.815	-2.195	-6.69
39.685	42.705	44.548	-3.941499999999998	6.017	-1.906	6.088	3.926	6.907	-0.678	1.158	6.667
-13.339	-19.397	-29.226	10.972499999999998	1.635	-4.758	-3.429	5.7284999999999995	-20.104	-21.851	-8.286	-5.035499999999999
-11.272	-16.507	-24.707	9.334999999999999	5.238	-1.627	-2.634	7.368500000000001	-27.343	-19.823	-15.38	-9.741499999999998
-21.121	-24.665	-18.131	0.277000000000001	-8.829	-7.075	2.283	-6.433000000000001	-20.202	-16.663	-18.534	-2.6035000000000004
11.639	13.406	19.094	-4.611000000000001	13.357	1.252	2.235	11.613499999999998	-14.144	-8.471	-5.868	-6.9745
9.61	10.397	13.3	-2.238500000000002	6.114	6.072	19.896	-6.87	-14.789	-10.74	-16.157	-1.3405000000000005
12.093	11.065	10.23	1.4454999999999991	10.752	10.091	6.63	2.3915000000000006	-4.232	-12.658	-11.816	8.004999999999999
40.633	38.889	39.313	1.5320000000000036	12.362	15.28	12.982	-1.7690000000000001	2.658	4.551	-1.925	1.3449999999999998
41.986	40.021	39.624	2.163499999999992	14.962	14.156	14.417	0.6754999999999995	3.81	4.76	0.064	1.3980000000000001
-52.526	-52.069	-47.09	-2.9465000000000003	-1.158	-5.872	5.039	-0.7414999999999998	-18.812	-10.95	-7.893	-9.390500000000001
5.536	6.669	19.392	-7.4945	-0.752	-6.77	-7.914	6.59	-3.495	-3.238	-5.49	0.8689999999999998
4.621	4.141	7.99	-1.4444999999999997	-16.573	-12.437	1.487	-11.098	-6.068	-4.647	-3.627	-1.9309999999999992
-16.241	-10.964	-5.634	-7.942	18.322	17.869	19.361	-0.2930000000000028	-2.267	-8.925	-11.247	7.819000000000001
-17.052	-15.559	-8.11	-5.217500000000001	11.788	16.585	18.477	-5.7429999999999986	2.646	-2.575	-10.178	9.0225
5.701	7.488	7.342	-1.7140000000000004	27.713	29.684	28.98	-1.6189999999999998	-7.441	-3.361	0.915	-6.218
-1.32	-2.269	13.277	-6.824	-28.815	-27.394	-18.147	-6.044500000000003	2.148	2.323	1.271	0.3510000000000002
7.051	0.589	6.366	3.5735	-13.202	-9.258	-7.406	-4.870000000000001	3.149	2.991	5.697	-1.1950000000000003
44.714	45.325	39.395	2.353999999999999	5.197	2.656	-2.339	5.0385	-3.305	-13.458	-6.842	6.845000000000001
2.434	2.575	9.376	-3.5415	28.435	16.371	15.075	12.712	2.459	2.286	3.992	-0.6800000000000002
-9.115	-10.619	-20.122	6.2555	17.464	22.123	14.104	-0.6495000000000033	-4.733	-1.449	3.096	-5.5565
-7.17	-10.711	-10.481	3.426	22.638	23.94	18.473	1.4315000000000033	-3.352	1.659	-4.953	-1.7049999999999996
19.339	14.299	9.211	7.584	-3.223	6.458	17.579	-15.241499999999998	0.429	-0.17	2.838	-0.905
13.651	18.625	9.294	-0.30850000000000044	5.61	4.946	-8.485	7.3795	19.726	19.69	15.269	2.2464999999999975
-50.313	-51.74	-49.932	0.5229999999999961	1.831	2.247	-0.471	0.9430000000000001	2.848	4.617	7.799	-3.3600000000000003
23.233	25.875	10.312	5.139500000000002	9.733	0.039	-10.756	15.0915	-9.998	-6.322	-1.836	-5.919
1.787	1.142	0.041	1.1955	15.639	9.008	3.408	9.431000000000001	-0.847	-5.68	2.769	0.6084999999999998
-6.536	-1.917	1.357	-6.255999999999999	0.466	9.944	11.218	-10.115	-2.724	-0.329	-4.069	-0.5250000000000004
-10.463	-4.764	0.86	-8.511	-3.013	3.047	12.326	-10.6995	-3.03	-0.718	-2.317	-1.5124999999999997
-6.393	-8.269	-5.494	0.48850000000000016	-0.724	-2.645	3.079	-0.9410000000000001	-1.283	-4.426	-0.953	1.4065000000000003
-0.393	-5.524	-8.778	6.758	-1.127	-0.387	-2.201	0.16700000000000004	-5.737	-2.009	-3.56	-2.9525
-6.505	-4.889	-2.889	-2.6159999999999997	-12.419	-12.172	-0.468	-6.099	-6.544	1.707	1.595	-8.195
-4.619	-5.535	-4.359	0.3280000000000003	-6.961	-13.247	-5.252	2.288499999999999	-5.536	-3.968	3.835	-5.4695
-5.555	-5.334	-4.983	-0.39649999999999963	-5.958	-9.122	-10.045	3.6255000000000006	-5.289	-6.207	1.823	-3.0969999999999995
-18.061	-9.296	-13.083	-6.871500000000001	8.294	11.985	2.533	1.035000000000001	-9.103	-16.223	-5.229	1.6229999999999993
-21.114	-15.062	-10.179	-8.493500000000001	6.602	10.684	7.425	-2.452499999999999	-7.142	-10.825	-11.731	4.135999999999998
-25.374	-22.449	-13.082	-7.608499999999996	3.928	2.411	10.913	-2.734	-13.601	-7.845	-12.984	-3.1865000000000006
11.985	16.418	24.092	-8.27	-4.399	2.749	8.005	-9.776	-0.596	-3.141	-2.684	2.3165
4.122	1.762	-3.471	4.9765	8.167	4.553	-5.416	8.5985	-0.842	-5.479	-9.955	6.875000000000001
3.938	1.739	0.559	2.789	8.69	6.98	-1.515	5.9575	-1.241	-2.051	-9.746	4.657500000000001
28.862	32.339	26.522	-0.5685000000000002	-10.969	-15.588	-23.533	8.591500000000002	-13.416	-16.863	-15.903	2.9669999999999987
27.411	30.862	28.064	-2.0519999999999996	-15.08	-12.22	-21.056	1.5580000000000016	-14.959	-14.929	-17.72	1.3655000000000008
18.379	19.317	18.854	-0.7064999999999984	7.937	7.264	1.412	3.599	22.759	23.604	14.344	3.785
15.033	19.388	19.934	-4.628000000000002	11.651	13.869	10.26	-0.4134999999999991	24.325	18.174	22.578	3.9490000000000016
4.755	-5.542	-6.406	10.729	3.239	-9.963	-9.308	12.874500000000001	12.29	20.722	26.945	-11.543500000000002
35.464	34.622	37.476	-0.5850000000000009	13.05	8.781	7.31	5.0045	-4.872	-6.111	-9.496	2.9314999999999998
-26.644	-23.944	-19.653	-4.845500000000001	-29.357	-18.884	-16.484	-11.672999999999998	8.376	4.327	8.752	1.8364999999999991
24.758	17.476	15.041	8.499500000000001	-3.061	-8.226	-9.619	5.8614999999999995	-1.944	-0.788	4.152	-3.626
-11.105	-2.482	-6.291	-6.718500000000001	-7.797	-0.645	-2.367	-6.2909999999999995	-12.635	-17.809	-13.75	3.1445000000000007
2.523	2.126	-7.753	5.336500000000001	10.175	6.301	1.711	6.1690000000000005	-8.927	-10.504	-6.334	-0.5079999999999991
-13.372	-13.523	-19.26	3.0195000000000007	-3.208	-3.499	-3.326	0.2044999999999999	6.836	4.003	-4.199	6.934
-33.252	-35.715	-38.618	3.9144999999999968	-7.127	-10.387	-5.799	0.9660000000000002	3.398	4.486	5.444	-1.5669999999999997
-2.238	-2.619	-2.556	0.34950000000000037	-7.433	1.555	-9.582	-3.4194999999999993	-8.151	-9.331	-11.479	2.2539999999999996
-0.188	-1.879	-3.044	2.2735	-8.491	-2.567	-5.798	-4.3084999999999996	-6.483	-7.297	-13.601	3.966
11.248	6.89	10.386	2.6099999999999994	-1.485	-13.035	-12.621	11.343	17.057	13.441	20.688	-0.007500000000000284
15.086	9.72	15.736	2.3579999999999988	-6.769	-5.61	0.385	-4.156499999999999	-0.568	10.233	11.801	-11.584999999999999
-11.653	-10.03	-3.471	-4.902500000000001	23.918	25.337	17.734	2.3825000000000003	19.233	13.765	10.977	6.862
12.767	13.389	17.646	-2.7505000000000006	-23.786	-17.413	-22.605	-3.777000000000001	-16.126	-18.293	-6.67	-3.6445000000000007
11.178	13.76	14.259	-2.8314999999999984	-19.023	-14.615	-17.905	-2.762999999999998	-16.294	-17.607	-15.645	0.3319999999999972
-50.363	-44.08	-37.788	-9.429000000000002	-11.542	-0.509	1.039	-11.807	0.089	-1.113	-1.816	1.5535
-42.209	-43.072	-44.106	1.3799999999999955	-14.742	-18.888	-30.199	9.8015	-21.763	-24.162	-15.968	-1.698000000000004
-22.413	-24.944	-24.932	2.5249999999999986	-17.462	-15.597	-15.964	-1.6814999999999998	21.504	15.481	8.244	9.6415
28.564	19.96	10.418	13.375	0.008	-7.125	-4.158	5.649500000000001	-7.523	3.909	11.715	-15.334999999999999
20.372	17.337	21.501	0.9529999999999994	-0.934	-11.941	-10.098	10.085500000000001	-10.638	-9.811	-8.475	-1.4949999999999992
-19.286	-16.37	-16.719	-2.741500000000002	19.607	17.557	5.272	8.192499999999999	-20.866	-25.764	-17.465	0.7484999999999999
-17.733	-18.273	-17.977	0.39199999999999946	16.148	26.53	19.254	-6.744000000000003	-21.491	-23.123	-23.401	1.7710000000000008
-13.609	-12.393	-17.359	1.2670000000000012	23.855	28.575	22.233	-1.5489999999999995	-34.682	-34.393	-23.592	-5.6895000000000024
-4.321	0.679	6.914	-8.1175	3.299	11.229	6.854	-5.7425	2.516	-7.383	-12.49	12.4525
15.226	15.455	0.025	7.486000000000001	-3.507	-3.966	3.815	-3.4314999999999998	-0.755	-1.874	2.684	-1.1600000000000001
14.026	15.508	13.216	-0.3359999999999985	-9.305	-5.643	-1.742	-5.6125	-4.579	-1.895	-1.455	-2.904
11.576	16.602	22.421	-7.9354999999999976	-13.765	-7.088	-10.49	-4.976000000000001	11.009	6.644	2.309	6.532500000000001
34.675	28.487	24.866	7.9985	6.658	-1.061	-14.878	14.627500000000001	-7.496	-15.258	-7.912	4.088999999999999
11.325	3.809	9.592	4.624499999999999	-5.314	-9.653	-8.522	3.7735000000000003	-21.995	-13.13	-16.599	-7.130500000000001
8.657	7.723	10.333	-0.37100000000000044	1.156	6.185	-2.362	-0.7554999999999998	-14.99	-12.544	-17.954	0.25900000000000034
7.126	7.521	8.097	-0.6829999999999989	13.812	2.643	4.074	10.4535	-12.902	-13.356	-12.905	0.22850000000000037
15.261	8.944	7.584	6.997	18.764	15.899	3.463	9.083	-5.515	-10.799	-13.232	6.5005
71.136	68.955	67.591	2.8629999999999995	8.538	-0.193	-12.156	14.7125	7.536	6.714	1.501	3.4284999999999997
-35.329	-35.46	-29.731	-2.7334999999999994	-6.248	-9.064	-1.667	-0.8825000000000003	-9.846	-8.373	-0.74	-5.2895
-16.742	-18.378	-15.066	-0.019999999999999574	3.861	3.324	-2.149	3.2735000000000003	-0.623	0.638	0.371	-1.1275
36.609	33.865	38.4	0.4765000000000015	-10.287	-26.805	-20.372	13.301499999999999	6.214	-0.203	-0.693	6.662000000000001
-15.293	-17.898	-21.503	4.407499999999999	-2.958	-3.818	4.436	-3.2670000000000003	-2.709	-5.54	-2.885	1.5035000000000003
-20.517	-19.586	-18.966	-1.2409999999999997	-17.73	-16.308	-14.458	-2.3470000000000013	-15.885	-5.88	2.846	-14.368
0.238	-1.463	1.499	0.21999999999999997	-10.515	-11.161	0.403	-5.136000000000001	3.061	-3.334	3.446	3.005
-0.044	-1.691	-1.117	1.3599999999999999	-5.035	-1.777	-5.709	-1.2920000000000003	6.662	7.459	1.753	2.056
-23.739	-21.929	-20.544	-2.5025000000000013	11.944	9.164	3.86	5.432000000000001	6.726	8.345	24.655	-9.774000000000001
-13.886	-11.156	4.538	-10.576999999999998	-5.241	-6.502	2.058	-3.0189999999999997	-2.064	10.847	7.076	-11.0255
-0.242	-12.03	-2.748	7.146999999999999	3.829	-3.903	-3.674	7.6175	-14.276	0.402	7.599	-18.2765
-1.66	-4.444	-9.007	5.0655	-2.187	2.286	-7.196	0.26800000000000024	-14.159	-10.434	8.448	-13.166
11.415	8.193	14.304	0.1664999999999992	3.986	7.004	16.176	-7.603999999999999	-4.294	-0.248	0.408	-4.374
-25.117	-26.805	-18.326	-2.5515000000000008	-4.309	-12.868	-11.976	8.113	12.958	17.231	9.324	-0.3194999999999997
1.044	-2.337	-9.574	6.999499999999999	-4.628	-6.499	-4.688	0.9654999999999996	21.447	17.848	18.708	3.1690000000000005
40.32	46.636	48.881	-7.438499999999998	-0.004	-9.616	-8.339	8.9735	1.954	5.02	-1.295	0.09150000000000014
58.016	57.698	57.766	0.2839999999999989	14.072	25.434	25.222	-11.256000000000004	-6.063	-5.906	-3.508	-1.3559999999999999
56.503	57.678	58.817	-1.7445000000000022	10.91	19.326	30.458	-13.982	-2.034	-6.089	-2.976	2.498500000000001
-15.666	-19.826	-24.96	6.727	34.455	30.731	14.968	11.6055	-3.859	-11.625	-8.309	6.107999999999999
-20.872	-17.47	-9.849	-7.2125	-15.412	-20.787	-12.408	1.1854999999999993	5.053	4.354	3.548	1.1019999999999999
48.979	45.748	51.765	0.2224999999999966	2.649	-9.91	-11.651	13.4295	9.704	2.963	2.268	7.088500000000001
-18.604	-17.532	-21.883	1.1035000000000004	-6.009	-2.003	-5.064	-2.4755000000000003	-10.158	-10.104	-9.934	-0.13900000000000112
-17.371	-18.128	-12.764	-1.924999999999999	10.979	6.978	8.236	3.371999999999999	0.425	5.653	6.049	-5.426
-11.954	-11.369	-16.299	1.879999999999999	21.201	17.717	12.113	6.286000000000001	3.021	1.809	-0.526	2.3795
-6.799	-11.338	-12.095	4.9174999999999995	18.072	18.964	17.085	0.04749999999999943	11.67	2.819	1.562	9.4795
-7.614	-7.861	-11.792	2.2124999999999995	21.977	18.797	19.175	2.9909999999999997	18.991	9.799	2.422	12.8805
38.169	39.675	42.141	-2.7390000000000043	-7.215	1.193	-9.502	-3.0604999999999993	-2.705	-7.944	-10.586	6.5600000000000005
-20.371	-4.785	-7.616	-14.170499999999999	-1.629	4.35	-8.694	0.5430000000000006	9.807	0.849	-1.809	10.287
-0.498	-5.85	-11.926	8.39	8.354	7.401	2.333	3.486999999999999	0.597	0.198	5.076	-2.04
-4.39	3.048	-6.748	-2.5399999999999996	20.809	16.813	6.102	9.351500000000001	0.887	-0.739	1.445	0.534
39.635	41.173	38.276	-0.08950000000000813	-5.287	-11.823	-22.988	12.118500000000001	16.76	15.933	11.876	2.855500000000003
11.248	11.043	21.831	-5.188999999999998	-8.583	-3.833	1.957	-7.6450000000000005	6.644	6.095	0.803	3.1950000000000003
16.031	12.807	10.964	4.145499999999998	-0.41	-11.219	-6.293	8.346	10.42	10.246	7.166	1.7140000000000004
9.472	19.173	13.423	-6.825999999999999	-2.37	-1.5	-9.001	2.8804999999999996	16.769	12.996	10.11	5.2159999999999975
-31.373	-26.458	-26.391	-4.948500000000003	10.282	10.324	6.627	1.8064999999999998	-15.798	-17.002	-9.352	-2.6210000000000004
-25.295	-31.027	-24.455	2.445999999999998	6.037	8.692	9.817	-3.2175000000000002	-19.786	-16.657	-15.169	-3.873000000000001
22.712	16.065	9.916	9.721499999999999	15.17	13.395	-0.601	8.773	0.024	2.682	-3.774	0.5700000000000001
26.748	23.795	13.715	7.9929999999999986	2.019	13.928	7.556	-8.723	-9.64	-1.583	-0.52	-8.5885
22.641	25.961	25.545	-3.112000000000002	-3.407	-5.956	-3.372	1.2569999999999997	-13.553	-18.707	-19.06	5.330499999999997
22.627	22.338	27.942	-2.5130000000000017	6.797	-2.963	-5.268	10.9125	-16.599	-14.773	-20.409	0.9920000000000009
9.183	9.212	7.359	0.8975000000000009	3.233	-1.318	-1.793	4.7885	9.713	4.12	8.25	3.5279999999999987
25.94	24.902	27.472	-0.2469999999999999	9.693	6.374	15.439	-1.2134999999999998	4.148	-3.603	-6.387	9.143
36.471	32.987	30.64	4.657499999999995	6.64	3.207	14.642	-2.2845000000000004	8.975	10.161	1.975	2.907
49.447	44.275	34.149	10.235	31.222	21.455	4.351	18.319000000000003	10.998	7.943	9.766	2.1434999999999995
-14.756	-12.203	-13.202	-2.0534999999999997	20.99	5.59	2.733	16.8285	8.902	12.578	20.375	-7.574500000000002
-7.866	-8.568	-12.717	2.7765000000000004	-3.614	9.583	25.324	-21.067500000000003	10.311	11.48	11.504	-1.181000000000001
-19.298	-15.48	-10.366	-6.374999999999998	-7.205	-0.643	8.559	-11.163	3.041	1.961	3.387	0.367
14.727	19.135	27.778	-8.729499999999998	-4.953	4.34	1.259	-7.7525	2.44	0.017	-6.02	5.4415
6.001	14.836	18.035	-10.4345	8.745	13.77	16.3	-6.290000000000001	7.841	8.054	5.682	0.9729999999999999
-18.535	-15.399	-22.561	0.4450000000000003	0.264	8.492	0.493	-4.2285	11.731	12.223	14.37	-1.5655000000000001
-17.044	-16.968	-16.504	-0.30799999999999983	6.152	4.612	2.719	2.4865000000000004	2.018	11.048	13.183	-10.0975
-12.243	-13.559	-10.954	0.013499999999998735	8.722	20.06	21.155	-11.885500000000002	-18.739	-19.452	-17.337	-0.34450000000000003
23.238	28.45	33.346	-7.659999999999997	7.753	11.245	6.744	-1.2414999999999985	-24.429	-24.061	-29.776	2.489500000000003
18.769	28.623	23.864	-7.474500000000003	-5.227	5.838	0.405	-8.348500000000001	25.739	21.016	23.412	3.525000000000002
16.408	19.027	24.33	-5.270499999999998	10.996	6.091	1.347	7.277	27.412	21.632	22.994	5.098999999999997
22.576	18.523	14.825	5.902000000000001	1.321	4.631	10.378	-6.1835	14.142	17.274	21.035	-5.012499999999999
-58.056	-55.156	-53.717	-3.619500000000002	1.307	18.097	13.372	-14.4275	2.414	1.801	8.138	-2.5555
-63.861	-58.901	-56.819	-6.000999999999998	-19.775	-7.817	3.49	-17.6115	-8.815	-5.615	0.397	-6.2059999999999995
-53.15	-50.645	-60.554	2.4495000000000076	-20.792	-20.17	-11.803	-4.8055	-11.483	-14.636	-6.682	-0.8240000000000016
-41.304	-51.168	-51.848	10.203999999999994	-19.956	-20.777	-20.165	0.5150000000000006	-21.487	-15.507	-13.992	-6.737499999999997
-22.679	-26.055	-23.525	2.1110000000000007	-1.362	-4.273	-0.315	0.9319999999999999	-2.962	-0.108	1.074	-3.4450000000000003
-9.468	-23.834	-24.606	14.751999999999999	8.023	-1.33	-3.655	10.5155	-13.493	-3.358	1.468	-12.548
-11.755	-3.142	-1.235	-9.566500000000001	25.957	33.471	25.262	-3.4094999999999978	-13.956	-22.047	-18.94	6.537500000000001
-4.041	-1.997	-8.227	1.0709999999999997	12.271	5.182	-5.303	12.3315	12.441	12.14	22.842	-5.049999999999999
71.226	60.162	66.096	8.096999999999994	15.26	-0.967	-10.958	21.2225	-3.5	-0.076	-0.24	-3.342
-13.038	-14.43	-8.158	-1.7439999999999998	18.454	16.693	20.132	0.041499999999999204	-2.195	1.599	-5.345	-0.32200000000000006
-11.268	-11.146	-1.26	-5.065	20.763	24.698	21.891	-2.5314999999999976	-4.364	-6.022	-4.83	1.0620000000000003
-10.539	-9.766	-7.439	-1.9365000000000006	13.7	23.323	22.725	-9.324000000000002	-4.226	-5.546	-4.225	0.6595000000000004
-5.648	-20.016	-19.007	13.863499999999998	1.692	-1.454	4.914	-0.038000000000000034	10.428	13.328	9.627	-1.0494999999999983
-11.03	-8.316	-3.268	-5.2379999999999995	-10.376	-6.01	-0.275	-7.233499999999999	14.373	11.476	14.2	1.5349999999999984
-8.093	-10.36	-3.699	-1.0635000000000003	-4.098	-8.923	-2.355	1.5410000000000004	8.942	12.978	14.514	-4.8039999999999985
-5.291	-8.806	-6.805	2.514499999999999	4.582	-6.487	-5.913	10.782	4.738	10.983	13.203	-7.3549999999999995
7.115	11.555	11.582	-4.4535	24.726	22.802	22.913	1.8684999999999974	1.809	-3.994	-2.244	4.928
-33.261	-31.719	-25.609	-4.597000000000001	-19.166	-8.623	9.551	-19.630000000000003	-10.384	-11.756	-10.198	0.593
-34.851	-30.57	-31.278	-3.9269999999999996	-8.655	-14.636	-16.588	6.957000000000001	-6.464	-9.235	-10.775	3.5409999999999986
13.906	10.474	5.197	6.070500000000001	18.52	10.052	6.461	10.2635	20.271	14.992	23.02	1.2650000000000006
1.122	5.499	3.304	-3.2794999999999996	-3.206	-5.022	-5.466	2.038	-1.884	-0.97	-1.607	-0.5954999999999999
5.711	2.951	-4.431	6.4510000000000005	1.096	1.099	0.127	0.4830000000000001	12.6	9.006	7.373	4.410499999999999
2.41	4.582	11.778	-5.77	-18.092	-14.972	-0.134	-10.538999999999998	5.109	-0.613	-1.234	6.0325
-30.894	-23.665	-26.755	-5.6839999999999975	0.764	7.424	3.705	-4.8005	-14.34	-13.001	-9.332	-3.1735000000000007
-21.466	-23.35	-21.257	0.8374999999999986	12.491	12.035	12.524	0.2115000000000009	15.697	17.417	26.935	-6.479000000000003
-33.806	-32.493	-22.621	-6.248999999999995	10.497	13.505	13.124	-2.817500000000001	18.811	19.063	16.332	1.113500000000002
-33.668	-34.687	-24.284	-4.182500000000001	11.555	9.87	14.964	-0.8620000000000001	17.75	19.471	16.519	-0.24499999999999744
8.531	10.835	7.884	-0.8285	-6.615	-7.522	-13.613	3.952499999999999	20.102	10.512	-3.487	16.5895
8.109	19.649	26.962	-15.196500000000002	-7.093	-2.269	-2.876	-4.5205	13.92	7.645	12.31	3.942500000000001
5.905	3.0	16.51	-3.8500000000000005	-13.098	-11.346	-3.629	-5.610500000000001	7.943	13.924	9.61	-3.824
1.053	6.743	3.968	-4.3025	-6.433	-1.508	-11.93	0.2859999999999996	2.983	1.583	11.931	-3.7739999999999996
0.674	-0.426	6.26	-2.243	-13.504	-9.309	-6.054	-5.8225	1.036	2.948	4.34	-2.608
3.123	-1.238	5.644	0.9199999999999999	-10.107	-12.956	-3.256	-2.0009999999999994	-1.876	2.46	2.07	-4.141
-6.346	2.084	1.168	-7.9719999999999995	-8.643	-9.872	-7.985	0.285499999999999	1.928	-1.436	2.229	1.5314999999999999
-3.367	-2.474	-7.975	1.8575	-10.034	-16.051	-19.602	7.792499999999999	-21.961	-14.608	-11.567	-8.873499999999998
30.358	30.495	41.355	-5.566999999999997	3.084	-6.238	-7.818	10.112	-15.684	-19.069	-20.425	4.063000000000001
5.452	7.265	13.791	-5.0760000000000005	26.88	26.848	16.121	5.395500000000002	12.019	15.245	16.034	-3.620499999999998
5.436	7.987	4.725	-0.9199999999999999	4.041	2.672	-6.951	6.1805	20.871	20.38	14.092	3.634999999999998
-36.885	-38.733	-33.395	-0.820999999999998	1.371	-6.501	0.625	4.309	12.92	10.425	9.043	3.186
20.165	24.393	19.299	-1.681000000000001	-4.077	-7.034	-3.166	1.0229999999999997	-10.496	-16.742	-14.89	5.32
-0.889	-6.254	2.72	0.8779999999999997	-27.011	-23.28	-19.694	-5.523999999999997	-5.242	-12.082	-7.325	4.4615
-7.202	-9.805	-3.815	-0.39200000000000035	-2.509	5.29	2.931	-6.6195	10.954	11.191	7.742	1.4875000000000007
15.754	16.328	14.417	0.38150000000000084	1.121	6.16	10.078	-6.997999999999999	22.231	22.7	21.027	0.3674999999999997
-49.02	-49.583	-41.364	-3.5465000000000018	-1.776	-2.103	-1.628	0.08949999999999991	9.966	11.473	12.62	-2.0805000000000007
-26.937	-37.539	-36.123	9.894000000000002	0.63	-7.551	-7.662	8.236500000000001	-21.425	-11.688	-12.298	-9.432
47.023	53.993	51.89	-5.918500000000002	-5.742	-3.204	-14.172	2.9460000000000006	1.337	-4.942	-8.532	8.074
42.21	40.355	50.105	-3.019999999999996	-17.888	-17.061	-3.827	-7.444000000000003	-1.753	-2.666	-1.986	0.5730000000000002
-6.37	3.243	10.958	-13.470500000000001	6.777	12.016	16.364	-7.413000000000001	8.471	5.215	0.951	5.388
1.412	-4.337	-9.447	8.303999999999998	23.27	15.373	12.095	9.536	5.677	6.486	5.025	-0.07850000000000001
3.134	5.756	-0.313	0.41249999999999964	25.797	29.45	19.217	1.4634999999999998	-1.315	3.206	6.006	-5.920999999999999
0.078	1.79	-1.515	-0.05950000000000007	6.76	12.533	22.264	-10.638499999999999	10.918	9.192	8.388	2.128
4.838	3.043	0.792	2.9205	12.21	8.842	12.67	1.4540000000000006	6.535	7.862	10.657	-2.724499999999999
35.779	42.194	44.463	-7.549500000000002	0.288	-10.702	-10.111	10.694500000000001	-9.364	-8.536	-3.845	-3.1735000000000007
-26.421	-28.768	-28.784	2.3550000000000004	11.315	-1.577	-12.561	18.384	9.208	11.938	19.937	-6.7295
4.891	1.765	5.175	1.4210000000000003	-4.965	-5.482	-6.98	1.266	4.227	-3.108	-0.822	6.192
-11.006	-8.536	-7.291	-3.0925000000000002	-2.853	6.248	9.912	-10.933	1.179	4.333	5.305	-3.6399999999999997
18.612	14.183	20.111	1.4649999999999999	-12.319	-5.919	-3.088	-7.815500000000001	-27.478	-25.171	-22.94	-3.4224999999999994
29.737	31.082	24.457	1.9674999999999976	-1.179	-7.26	-6.554	5.728	-23.016	-23.262	-25.897	1.5635000000000012
-2.563	-3.135	-2.628	0.3184999999999998	37.748	27.459	20.427	13.805	-0.89	3.91	5.248	-5.469
-9.501	-5.468	-5.324	-4.1049999999999995	21.822	29.457	15.93	-0.871500000000001	12.551	8.216	10.986	2.950000000000001
10.274	5.657	-0.398	7.644499999999999	-7.674	-4.945	-1.948	-4.2275	14.739	21.136	25.914	-8.785999999999998
35.212	36.874	32.567	0.49150000000000205	18.42	15.977	4.487	8.188000000000002	3.78	-6.583	1.308	6.4175
33.684	36.961	36.102	-2.8474999999999966	14.687	17.822	16.37	-2.4090000000000007	6.78	7.954	-3.558	4.582000000000001
36.035	35.908	35.347	0.40749999999999886	6.715	16.289	17.946	-10.4025	6.832	7.063	3.089	1.7560000000000002
33.789	37.445	35.95	-2.9085000000000036	-0.206	3.856	13.097	-8.6825	4.659	10.478	6.986	-4.0729999999999995
-38.035	-38.649	-42.399	2.4890000000000043	14.674	14.763	11.807	1.3889999999999993	21.751	15.37	18.452	4.84
35.573	38.716	33.677	-0.6234999999999999	-8.893	3.751	2.814	-12.1755	9.141	7.72	0.046	5.258
31.934	35.66	39.626	-5.709	-2.067	-5.979	6.743	-2.4490000000000003	3.92	7.77	4.561	-2.2455
40.275	42.211	49.435	-5.548000000000002	1.943	14.194	4.292	-7.300000000000001	-11.585	-11.614	-13.363	0.9034999999999993
44.143	40.182	48.468	-0.18200000000000216	2.487	8.917	9.38	-6.6615	-10.324	-10.061	-14.215	1.814
40.688	43.013	42.976	-2.3064999999999998	6.946	4.846	12.163	-1.5585000000000004	-7.751	-9.885	-12.178	3.280500000000001
11.031	15.414	17.438	-5.394999999999998	4.566	-3.077	-1.125	6.667	8.352	5.72	3.854	3.5650000000000004
-17.618	-19.354	-19.436	1.777000000000001	9.064	7.965	9.833	0.16499999999999915	8.202	12.994	12.867	-4.7285
-32.721	-32.057	-31.969	-0.7079999999999913	3.844	4.642	-1.485	2.2655	11.044	12.371	16.646	-3.464500000000001
26.671	21.449	20.76	5.566499999999998	13.584	3.788	8.234	7.5729999999999995	0.406	-8.067	-9.485	9.182
37.938	39.875	34.246	0.8774999999999977	2.12	-0.306	-8.678	6.612	0.923	-2.129	-4.482	4.2285
39.84	34.451	35.4	4.914500000000004	16.437	-6.488	-1.06	20.211000000000002	-6.401	-5.476	0.611	-3.9684999999999997
-1.608	-3.572	4.622	-2.133	-11.712	-13.239	-13.105	1.4600000000000009	-6.917	-2.643	-17.645	3.2270000000000003
-9.967	-9.608	-12.909	1.291500000000001	18.639	7.383	10.104	9.8955	19.252	10.969	15.725	5.904999999999999
32.178	35.376	25.18	1.8999999999999986	-1.655	1.847	0.609	-2.883	9.869	-7.582	10.081	8.6195
41.262	44.229	36.926	0.6844999999999999	1.807	1.021	2.212	0.1904999999999999	9.387	5.189	7.273	3.1560000000000006
-19.597	-21.921	-19.289	1.0079999999999991	-0.347	-13.128	-14.307	13.370500000000002	-4.287	-5.394	-1.503	-0.8384999999999998
-29.257	-29.31	-26.871	-1.1665000000000028	29.128	21.177	26.556	5.261499999999998	-18.851	-11.645	-10.38	-7.8385
-5.674	-7.407	-7.7	1.8794999999999993	-13.078	-6.408	-11.769	-3.9894999999999996	-15.971	-9.206	-8.369	-7.1835
30.619	37.574	36.668	-6.501999999999995	-7.097	-6.167	-10.001	0.9869999999999992	2.976	-2.621	-8.556	8.564499999999999
1.391	-0.166	-3.43	3.189	3.53	12.856	8.08	-6.938000000000001	4.981	8.617	4.07	-1.3625000000000007
38.844	27.865	21.325	14.249000000000002	13.088	10.118	0.532	7.762999999999999	2.694	-2.67	2.356	2.851
54.047	46.888	42.927	9.139499999999998	31.855	27.678	19.373	8.3295	2.821	7.475	4.398	-3.1154999999999995
42.457	46.527	49.747	-5.68	36.005	36.791	30.106	2.556500000000007	17.405	17.103	6.16	5.7735
41.155	43.165	45.729	-3.2920000000000016	32.268	33.4	36.492	-2.6779999999999973	14.727	18.809	16.405	-2.879999999999999
-16.47	-16.349	-14.492	-1.0494999999999983	4.198	9.967	8.167	-4.869	-14.708	-17.382	-13.657	0.8115000000000006
45.038	43.739	31.864	7.2364999999999995	-34.04	-21.168	-24.858	-11.027000000000001	6.261	3.659	5.663	1.6000000000000005
-34.393	-29.136	-33.011	-3.319499999999998	7.46	10.61	4.353	-0.02149999999999963	1.581	1.518	-4.675	3.1595
-35.63	-35.059	-29.708	-3.2465000000000046	2.591	6.804	9.597	-5.6095	3.568	2.183	-0.602	2.7775
14.258	16.819	25.52	-6.9115	36.283	32.951	31.745	3.9350000000000023	-11.094	-8.37	-10.4	-1.7089999999999996
10.187	13.962	19.812	-6.700000000000001	37.398	35.277	32.727	3.396000000000008	-5.405	-10.501	-7.174	3.4325
7.294	11.17	11.924	-4.253000000000001	-4.779	-4.103	3.803	-4.629	-4.574	-8.09	-8.167	3.554499999999999
-5.677	-7.093	-4.501	0.120000000000001	21.309	18.758	17.103	3.378499999999999	0.783	-1.13	-1.046	1.871
16.538	17.596	19.702	-2.1110000000000007	10.132	9.249	6.197	2.408999999999999	-6.694	-7.989	-12.013	3.3069999999999995
23.67	24.804	23.401	-0.43249999999999744	1.586	1.52	-6.25	3.9510000000000005	1.167	-1.451	5.205	-0.71
21.371	25.138	25.396	-3.8960000000000043	-8.806	9.589	3.232	-15.2165	-5.536	-9.324	-0.747	-0.5004999999999997
-52.933	-55.774	-51.34	0.6240000000000023	-9.868	-8.096	-9.664	-0.9880000000000013	2.609	11.138	16.895	-11.4075
19.381	8.714	13.252	8.398	24.451	7.828	-3.273	22.1735	-6.988	0.725	0.039	-7.37
15.092	14.862	19.64	-2.1590000000000007	1.42	15.624	32.175	-22.4795	-4.774	-7.25	-3.165	0.43349999999999955
-14.863	-9.198	-10.268	-5.129999999999999	-9.261	-4.108	-5.855	-4.279499999999999	-13.191	-12.615	-10.155	-1.806000000000001
-22.789	-21.672	-14.79	-4.558	-17.631	-13.736	-8.93	-6.298	-5.41	-4.449	-13.256	3.442499999999999
-35.831	-29.71	-21.684	-10.134	-8.443	-6.348	-2.885	-3.8264999999999993	-6.49	-9.758	-14.214	5.496
-5.842	-12.544	-16.959	8.909500000000001	17.387	19.191	14.273	0.6550000000000011	-10.17	-1.299	-3.401	-7.82
-2.362	-7.345	-12.189	7.404999999999999	16.596	17.219	17.495	-0.7609999999999992	-1.25	-5.917	-2.839	3.128
44.96	47.487	48.307	-2.9370000000000047	-0.688	5.155	6.651	-6.591	18.115	13.95	7.432	7.4239999999999995
1.316	5.301	5.987	-4.328	15.893	13.587	11.353	3.423000000000002	19.245	12.729	-2.374	14.067500000000003
-9.274	1.231	2.094	-10.936499999999999	4.142	22.622	20.886	-17.612	5.026	7.473	9.557	-3.4890000000000008
-10.014	-8.984	-2.271	-4.3865	7.577	0.487	16.462	-0.8974999999999991	-5.369	-0.312	6.657	-8.5415
-7.184	-15.94	-14.667	8.119499999999999	1.102	-13.987	-7.233	11.712	-14.653	-11.949	-12.087	-2.635
-17.768	-16.24	-34.079	7.391500000000001	5.946	10.686	0.975	0.11549999999999994	0.212	-5.947	-1.701	4.036
12.004	16.89	18.682	-5.782000000000002	0.626	-0.486	-0.863	1.3005	25.841	20.031	21.092	5.279500000000002
8.555	14.82	17.05	-7.380000000000001	19.53	21.7	15.456	0.9520000000000017	-13.017	-17.33	-17.6	4.448
4.89	5.226	5.048	-0.24700000000000077	5.148	-7.538	-6.51	12.172	9.915	20.383	21.925	-11.239
-32.669	-38.19	-32.218	2.5350000000000037	13.027	10.027	14.362	0.8324999999999996	-11.656	-10.687	-9.257	-1.684000000000001
-37.325	-32.668	-40.368	-0.8070000000000022	3.69	12.215	9.508	-7.1715	-9.813	-11.868	-5.811	-0.9734999999999996
-17.485	-16.957	-21.194	1.5904999999999987	8.042	1.195	3.134	5.8774999999999995	-10.544	-13.105	-14.85	3.4334999999999987
-17.103	-16.519	-21.153	1.732999999999997	13.676	4.151	1.054	11.0735	-11.477	-11.376	-14.339	1.3804999999999996
-8.966	-10.457	-11.244	1.884500000000001	22.727	25.671	15.563	2.1099999999999994	-2.102	-8.356	-5.301	4.7265
4.572	-3.081	2.171	5.027	-0.661	-2.669	2.236	-0.4445000000000001	-4.928	3.448	1.478	-7.391
-25.674	-26.659	-14.855	-4.917000000000002	4.894	-1.685	-2.459	6.966	1.188	1.675	8.241	-3.7700000000000005
21.889	24.987	26.563	-3.8859999999999992	10.585	-3.928	-7.706	16.402	2.471	-3.768	-10.752	9.731
-38.896	-32.958	-30.422	-7.206000000000003	10.224	16.241	3.036	0.5854999999999997	23.335	18.952	24.15	1.783999999999999
-29.975	-40.684	-36.864	8.799	1.34	-9.49	-4.054	8.112	12.872	14.059	9.795	0.9450000000000003
-22.989	-19.22	-10.438	-8.16	2.511	3.227	11.932	-5.0685	-6.833	-3.957	-12.719	1.504999999999999
37.402	39.457	37.885	-1.2689999999999984	-14.984	-9.457	-7.201	-6.654999999999999	-29.335	-22.994	-31.932	-1.8719999999999999
38.855	38.506	38.322	0.4409999999999954	-13.608	-12.12	-9.077	-3.009500000000001	-29.684	-24.956	-29.233	-2.589500000000001
22.897	14.348	13.914	8.765999999999998	11.804	13.244	3.715	3.3245000000000005	-3.703	-9.238	-7.442	4.6370000000000005
-31.236	-23.676	-25.176	-6.810000000000002	-3.54	11.189	4.996	-11.6325	14.657	13.983	13.585	0.8729999999999993
-4.51	-10.843	-11.579	6.7010000000000005	5.017	0.98	-10.42	9.737	-5.973	-8.673	-10.719	3.723
-29.595	-22.417	-13.961	-11.405999999999999	-12.596	-6.559	0.461	-9.547	-4.311	-5.37	3.711	-3.4814999999999996
31.134	26.235	20.456	7.788499999999999	-13.031	-17.189	-16.548	3.837499999999997	2.125	3.405	-3.4	2.1225
34.909	35.681	30.564	1.7864999999999966	6.917	10.306	-6.306	4.917	12.805	8.908	0.257	8.2225
36.471	34.188	35.1	1.826999999999991	4.785	-0.83	9.331	0.5345000000000004	16.098	18.51	9.896	1.8949999999999978
-43.297	-33.779	-17.158	-17.828499999999995	-3.076	6.427	17.502	-15.0405	21.626	23.937	16.681	1.3170000000000002
-42.735	-42.497	-30.201	-6.385999999999996	-1.797	-1.25	9.808	-6.076	16.756	18.846	22.523	-3.9284999999999997
-34.815	-41.391	-42.29	7.025500000000001	-0.255	7.754	1.238	-4.7509999999999994	17.633	22.295	16.066	-1.547500000000003
-24.15	-26.353	-23.563	0.8079999999999998	3.071	15.073	18.489	-13.709999999999999	14.395	22.048	23.918	-8.587999999999997
11.421	18.484	20.117	-7.8795	-12.697	-8.146	-9.711	-3.7684999999999995	2.775	-5.061	-5.131	7.871
14.508	19.191	21.627	-5.901	-28.901	-17.105	-4.465	-18.116	29.024	23.564	14.804	9.84
11.295	-1.473	-7.888	15.9755	15.291	4.585	-3.998	14.9975	-22.123	-8.964	-0.61	-17.336000000000002
-33.463	-32.309	-30.935	-1.841000000000001	12.304	7.04	-0.824	9.196	11.689	5.337	7.954	5.0435
-36.941	-36.442	-32.373	-2.5335000000000036	11.66	12.087	11.034	0.09949999999999903	12.318	13.143	8.004	1.7445000000000004
-35.768	-37.053	-33.458	-0.5125000000000028	4.892	10.841	13.521	-7.289000000000001	14.06	12.635	10.976	2.2545
-34.292	-35.175	-36.451	1.5210000000000008	9.31	6.149	12.287	0.09200000000000053	13.415	13.184	12.801	0.42249999999999943
20.421	25.636	35.909	-10.351500000000001	-13.146	-21.392	-13.637	4.368499999999997	14.636	3.626	-0.028	12.837
-4.245	-14.748	-11.239	8.7485	8.456	-3.214	2.723	8.7015	4.365	11.246	13.767	-8.141499999999999
5.84	-1.636	-0.934	7.125	-4.676	-2.318	5.031	-6.0325	7.89	13.381	7.307	-2.4540000000000015
41.496	43.55	49.671	-5.1145	-8.495	-12.212	-9.185	2.2035	3.305	2.965	-8.48	6.0625
2.967	1.975	3.027	0.46599999999999975	-1.089	-2.258	-1.642	0.861	-1.343	-4.016	-9.659	5.4945
4.561	4.117	2.131	1.4370000000000003	10.288	1.763	-2.584	10.698500000000001	8.606	3.833	-4.772	9.0755
5.515	7.783	4.568	-0.6604999999999999	8.482	11.503	7.99	-1.2645000000000017	-1.139	3.509	7.58	-6.6835
29.68	30.673	32.108	-1.7104999999999961	15.675	8.637	16.711	3.0010000000000012	0.656	3.456	-0.883	-0.6305
-13.234	-11.397	-15.29	0.10949999999999882	14.185	12.117	12.148	2.0525	7.546	2.746	4.318	4.014
31.159	31.991	24.827	2.75	19.301	20.854	8.527	4.610499999999998	20.31	11.123	12.722	8.3875
-26.843	-23.727	-15.905	-7.027000000000001	-10.336	-5.756	0.487	-7.7015	-21.757	-22.961	-22.269	0.857999999999997
1.998	3.811	5.564	-2.6895	-3.234	2.123	2.747	-5.6690000000000005	23.479	17.963	16.043	6.475999999999999
30.208	22.909	18.597	9.454999999999998	17.224	7.738	8.67	9.02	8.638	11.452	8.01	-1.093
35.034	29.544	19.555	10.484499999999997	17.098	15.229	7.977	5.494999999999999	7.558	8.876	12.555	-3.157499999999999
-38.205	-35.572	-30.303	-5.267499999999998	3.799	-1.291	-2.119	5.504	-18.854	-18.374	-19.336	0.0009999999999976694
-36.504	-30.751	-35.338	-3.4594999999999985	1.086	9.257	6.644	-6.8645	-22.981	-22.276	-20.929	-1.3785000000000025
-28.676	-32.227	-33.065	3.9700000000000024	15.309	0.452	6.698	11.733999999999998	-30.666	-35.382	-35.687	4.868499999999994
-4.046	-3.001	-5.295	0.10199999999999942	-11.222	3.712	11.827	-18.9915	13.11	14.925	18.55	-3.6275000000000013
-26.596	-35.378	-37.783	9.9845	-7.373	-6.666	-3.037	-2.5215000000000005	-18.232	-13.424	-8.347	-7.346499999999999
15.47	14.015	8.054	4.435499999999999	12.253	23.97	14.821	-7.142499999999998	-1.687	-4.842	-7.051	4.2595
22.367	15.727	13.816	7.595500000000001	16.565	17.491	18.229	-1.2949999999999982	0.867	-1.394	-8.083	5.6055
20.507	23.803	15.219	0.9960000000000022	16.854	17.297	19.434	-1.5115000000000016	-2.0	1.898	-3.039	-1.4295
21.442	20.991	20.345	0.7740000000000009	27.647	19.781	15.514	9.999499999999998	-5.151	-1.821	0.036	-4.2585
13.915	20.255	22.607	-7.515999999999998	15.108	27.075	18.851	-7.855	0.4	-4.475	-0.355	2.815
20.229	13.755	20.301	3.2010000000000005	7.224	12.192	25.442	-11.593	-8.963	-1.902	-4.498	-5.762999999999999
-38.444	-38.373	-30.612	-3.951500000000003	-13.111	-11.026	0.139	-7.6675	9.382	12.179	4.438	1.0734999999999992
-36.927	-38.729	-36.289	0.5820000000000007	-13.382	-13.038	-4.295	-4.7155000000000005	-13.386	-13.345	-3.105	-5.161
-18.445	-21.851	-13.773	-0.6330000000000027	-16.095	1.447	8.964	-21.3005	-2.091	4.688	5.704	-7.287
57.397	50.411	42.593	10.894999999999996	-2.952	-6.822	-16.157	8.5375	-13.476	-18.047	-13.317	2.2059999999999995
-10.768	-11.886	-18.597	4.4735	-1.664	-1.275	-6.52	2.2335000000000003	-0.218	-1.174	14.274	-6.768
-12.989	-14.601	-10.834	-0.27149999999999963	-0.539	-8.39	0.029	3.6415	-4.993	1.864	0.824	-6.337000000000001
-16.226	-17.321	-13.563	-0.7839999999999989	-2.918	15.282	2.21	-11.664000000000001	2.769	1.527	-4.808	4.4094999999999995
4.549	4.76	22.002	-8.832	2.175	0.84	12.408	-4.449	19.547	16.287	8.428	7.189500000000001
9.244	8.194	2.95	3.671999999999999	4.665	9.296	14.476	-7.220999999999999	6.891	7.805	12.547	-3.285
48.77	53.657	55.125	-5.620999999999995	3.367	-1.452	-3.695	5.9405	-16.051	-15.973	-19.834	1.8525000000000027
-33.236	-30.226	-24.412	-5.916999999999998	-3.552	-2.075	1.056	-3.0425	-6.541	-7.256	-4.358	-0.734
-26.309	-24.812	-26.601	-0.6025000000000027	7.228	7.354	9.658	-1.2780000000000005	-5.432	-6.842	-9.718	2.847999999999999
14.63	14.608	6.559	4.0465	5.216	-1.331	8.75	1.5065	-1.508	0.673	-5.314	0.8125
15.955	16.091	12.644	1.5875000000000004	15.018	9.928	-0.142	10.125	4.647	0.353	0.641	4.15
-29.336	-23.072	-25.943	-4.828499999999998	-16.972	-10.555	-2.046	-10.671500000000002	-6.627	-5.858	3.312	-5.354
-8.102	-11.396	-14.34	4.766	25.573	15.913	0.398	17.4175	-14.365	-18.306	-13.715	1.6455000000000002
-17.035	-12.912	-8.121	-6.5184999999999995	7.091	10.225	24.019	-10.030999999999999	-18.964	-17.54	-16.295	-2.046499999999998
-15.675	-16.792	-7.942	-3.308	0.189	7.463	21.725	-14.405000000000001	-17.207	-18.902	-15.52	0.003999999999997783
18.587	25.013	34.358	-11.098499999999998	8.988	10.99	19.162	-6.088000000000001	4.902	2.412	-1.719	4.5555
29.716	18.35	23.658	8.712	-15.0	-19.864	-19.618	4.741	3.215	-9.268	-16.997	16.3475
48.502	37.554	25.248	17.101	-4.084	-11.618	-17.229	10.339500000000001	-7.127	-1.667	-1.803	-5.3919999999999995
41.662	43.713	36.88	1.3654999999999973	-9.945	-10.437	-12.071	1.3089999999999993	-1.018	-3.679	-0.332	0.9875
46.095	45.769	42.125	2.147999999999996	-0.618	5.586	-10.172	1.6750000000000003	2.651	0.987	-1.492	2.9034999999999997
-12.631	-15.296	-11.968	1.0009999999999994	4.032	-2.865	-8.039	9.484	-21.73	-15.062	-2.202	-13.098
-12.479	-16.063	-14.174	2.6395	17.244	14.865	10.778	4.422499999999999	-13.181	-13.868	-9.305	-1.5944999999999983
-9.995	-3.28	-1.99	-7.359999999999999	12.684	12.188	21.39	-4.105000000000002	-28.453	-24.906	-20.471	-5.764500000000002
0.388	-4.075	-0.517	2.684	14.839	6.287	5.579	8.906	-11.515	-12.422	-17.428	3.41
-3.642	-2.77	-2.276	-1.1190000000000002	19.028	18.068	6.948	6.519999999999998	-13.28	-9.356	-12.504	-2.3499999999999996
18.175	19.963	19.302	-1.4574999999999996	3.858	-7.785	-8.774	12.1375	26.27	24.298	23.876	2.183
36.153	41.612	54.472	-11.889000000000003	-30.415	-27.733	-24.602	-4.247499999999999	11.081	14.296	14.374	-3.2540000000000013
29.449	34.043	33.792	-4.468500000000002	-24.196	-28.451	-27.973	4.015999999999998	-1.217	-3.697	8.465	-3.601
-44.51	-47.409	-39.364	-1.1235	-29.309	-22.701	-13.181	-11.368000000000002	-12.787	-4.724	4.522	-12.686
-29.314	-33.304	-43.954	9.315000000000005	14.671	14.337	13.907	0.5489999999999995	-11.601	-11.816	-14.166	1.3899999999999988
-34.647	-33.654	-33.131	-1.2545000000000002	14.351	13.362	12.484	1.4280000000000008	-13.452	-17.022	-15.887	3.0024999999999995
1.639	8.947	10.139	-7.903999999999999	-3.202	-4.206	-6.58	2.1910000000000007	-0.615	-7.391	-8.943	7.552
-2.275	-5.324	-1.002	0.8879999999999999	0.357	10.388	22.668	-16.171	5.184	9.601	10.402	-4.8175
14.7	9.667	8.82	5.456499999999998	-11.676	-15.028	-0.157	-4.0835	23.357	27.369	22.099	-1.3770000000000024
58.594	59.814	57.438	-0.03200000000000358	31.58	21.944	25.658	7.778999999999996	7.88	0.357	-3.711	9.557
53.905	58.282	58.685	-4.578499999999998	32.447	34.757	23.372	3.382500000000004	5.042	6.32	0.344	1.7099999999999995
47.647	43.652	35.873	7.884499999999996	0.525	-6.528	-3.303	5.4405	7.627	-2.576	4.167	6.8315
31.438	37.583	45.267	-9.986999999999998	-6.845	-10.42	-3.612	0.17100000000000026	2.949	3.895	1.618	0.1924999999999999
-11.834	-8.961	-8.331	-3.187999999999999	11.372	0.676	6.945	7.5615	-4.949	1.494	-0.378	-5.507
21.815	17.721	8.76	8.5745	-11.65	-24.888	-17.087	9.3375	27.106	27.617	22.808	1.893500000000003
-22.183	-30.836	-34.092	10.280999999999999	-0.451	-1.112	-6.238	3.224	33.073	32.251	28.917	2.4890000000000008
-16.489	-20.472	-21.15	4.321999999999999	0.717	8.164	1.095	-3.9125	31.959	32.987	30.598	0.1664999999999992
-16.42	-13.785	-6.068	-6.493500000000001	0.924	-2.902	7.974	-1.612	30.885	25.762	24.835	5.586500000000001
1.557	-0.849	-1.355	2.659	-8.384	-13.209	-9.107	2.773999999999999	-8.242	-11.099	-8.682	1.6484999999999985
8.017	11.681	19.023	-7.335000000000001	11.059	16.512	17.919	-6.156499999999999	-27.773	-22.718	-26.554	-3.1370000000000005
-23.879	-18.37	-17.257	-6.0655	12.611	17.577	21.93	-7.142500000000002	-8.004	-5.311	-11.596	0.44950000000000045
-4.141	4.051	-0.75	-5.7915	-8.107	-6.319	-12.412	1.2585000000000015	-14.795	-24.103	-24.466	9.489500000000001
-14.137	-11.991	-3.918	-6.182500000000001	-9.753	-7.926	0.279	-5.9295	-11.04	-15.294	-18.101	5.657499999999999
2.588	0.916	-3.427	3.8435	3.499	-4.939	-16.915	14.426	6.645	11.32	11.076	-4.553000000000001
1.973	3.012	0.705	0.11450000000000005	7.972	3.228	-5.127	8.9215	1.855	3.356	11.629	-5.637499999999999
43.271	43.937	41.774	0.41550000000000153	-1.206	-9.839	-13.891	10.659	-2.104	0.284	-4.715	0.11149999999999993
-5.046	-12.074	-14.706	8.344000000000001	7.844	5.955	4.147	2.793	1.17	10.52	12.165	-10.1725
5.127	-0.705	-4.567	7.763	2.408	-16.483	-9.733	15.516	-10.781	-1.478	10.0	-15.042000000000002
3.006	1.658	1.416	1.4689999999999999	-30.612	-12.921	-9.002	-19.650499999999997	-3.09	-9.632	-5.393	4.422499999999999
21.724	22.256	18.155	1.5184999999999995	24.076	15.896	8.728	11.764	-6.699	-5.935	-4.808	-1.3275000000000006
-22.654	-20.467	-14.836	-5.002500000000001	1.345	1.049	2.968	-0.6634999999999998	-3.481	-1.115	-5.549	-0.14899999999999958
58.97	61.771	61.613	-2.7220000000000013	-8.504	-16.692	-18.279	8.981500000000002	12.397	6.687	0.164	8.9715
53.113	56.788	55.739	-3.150499999999994	-7.735	-12.67	-6.809	2.0044999999999993	8.057	7.788	11.503	-1.5884999999999998
12.023	10.674	11.3	1.0359999999999996	21.836	15.934	22.031	2.8535000000000004	-5.841	-7.811	3.768	-3.8195
2.366	-4.13	-3.278	6.07	6.325	-3.478	-1.488	8.808	-1.359	-6.194	-4.336	3.9060000000000006
-5.839	-6.379	4.129	-4.714	12.663	9.236	19.407	-1.6585	4.649	4.301	0.868	2.0645
11.508	16.653	25.179	-9.407999999999998	-2.59	-2.311	1.175	-2.022	-23.186	-20.003	-16.377	-4.996000000000002
16.47	17.86	13.128	0.9759999999999991	-1.257	2.813	-2.664	-1.3315	-23.614	-28.973	-23.627	2.6859999999999964
15.64	23.227	32.49	-12.218499999999999	-0.968	5.74	2.937	-5.3065	15.371	15.216	11.028	2.2490000000000006
-12.384	-21.035	-21.788	9.0275	2.146	-1.658	1.732	2.109	-2.996	4.7	-5.976	-2.358
38.16	34.166	47.397	-2.6214999999999975	-5.373	-12.239	-6.176	3.8344999999999994	-6.003	3.041	7.481	-11.264
-9.273	-7.145	10.166	-10.7835	15.831	14.508	13.809	1.6724999999999994	9.181	7.058	-2.205	6.754499999999999
1.694	-6.916	-5.857	8.0805	26.862	18.777	12.979	10.983999999999998	1.73	5.301	6.993	-4.417
9.271	4.051	-6.356	10.4235	26.854	28.493	17.152	4.031500000000001	2.95	1.578	5.973	-0.8254999999999999
4.441	3.328	6.933	-0.6894999999999998	21.839	22.975	25.888	-2.592500000000001	1.842	1.509	5.035	-1.4300000000000002
4.727	3.083	3.561	1.4050000000000002	23.275	21.808	23.694	0.5240000000000009	1.206	6.035	1.99	-2.8065
3.325	5.277	3.34	-0.9835000000000003	23.716	25.97	22.026	-0.2819999999999965	7.794	2.947	2.761	4.9399999999999995
-6.145	-2.584	-2.62	-3.5429999999999993	10.974	9.728	10.348	0.9359999999999999	4.262	2.804	2.582	1.569
39.894	26.501	24.067	14.61	-5.551	-3.965	-1.071	-3.0330000000000004	10.57	23.473	19.988	-11.160499999999999
27.649	29.26	36.07	-5.015999999999998	-6.159	-13.422	-13.987	7.5455	25.006	22.541	17.775	4.847999999999999
-4.404	-7.401	-0.609	-0.399	0.306	5.686	3.775	-4.4245	0.981	6.335	-4.421	0.024000000000000132
-5.066	-1.005	4.287	-6.707	-21.313	-22.981	-11.506	-4.069499999999998	6.595	3.846	-1.131	5.2375
38.982	30.897	29.356	8.8555	0.271	-10.499	-7.733	9.387	-6.996	-4.195	-8.927	-0.4350000000000005
8.305	1.097	6.237	4.638	-9.227	-11.397	-11.27	2.1065000000000005	6.241	14.694	15.001	-8.6065
-1.411	-5.61	3.735	-0.4734999999999998	5.346	2.115	-2.11	5.3435	-13.574	-5.009	-15.686	-3.2264999999999997
-7.797	-5.113	-3.806	-3.3374999999999995	4.036	4.429	1.718	0.9624999999999995	-9.744	-11.24	-5.861	-1.1935000000000002
-10.333	-6.7	-5.33	-4.318	5.93	0.108	4.618	3.5669999999999997	-16.317	-11.21	-11.093	-5.1655
33.359	24.36	24.582	8.888000000000002	7.282	-6.349	0.648	10.1325	13.642	18.637	18.9	-5.1265
-19.156	-18.986	-19.844	0.25900000000000034	6.559	3.236	-0.058	4.97	1.94	0.575	7.244	-1.9695
-24.443	-27.517	-22.512	0.5714999999999968	16.701	3.946	9.463	9.996500000000001	-5.324	-4.184	-9.967	1.7515
-39.692	-36.792	-36.888	-2.8519999999999968	-19.04	-20.125	-12.338	-2.8084999999999987	-10.438	-15.239	-12.245	3.3040000000000003
25.08	24.683	18.227	3.625	7.988	3.032	-3.283	8.1135	17.97	14.305	18.116	1.7594999999999992
25.448	25.843	19.987	2.5330000000000013	14.297	5.04	-2.181	12.8675	14.502	16.464	14.67	-1.0649999999999995
24.604	27.707	25.805	-2.152000000000001	14.466	21.748	8.982	-0.8990000000000009	26.034	22.491	15.875	6.850999999999999
12.271	9.651	5.961	4.465000000000001	17.73	12.178	9.123	7.0794999999999995	2.252	2.409	7.125	-2.5149999999999997
18.664	10.72	12.481	7.063500000000001	15.999	12.213	17.44	1.1725000000000012	5.076	2.77	-3.02	5.201
50.378	44.916	41.143	7.348500000000001	-0.993	-5.137	0.23	1.4604999999999997	1.569	10.062	3.051	-4.9875
37.602	42.602	52.759	-10.078499999999998	-6.415	8.745	13.675	-17.625	7.311	8.542	-3.585	4.8325
8.175	3.679	0.11	6.280500000000001	10.326	10.836	8.001	0.9075000000000006	-13.247	-17.117	-15.354	2.988500000000002
6.032	6.426	-5.132	5.385	-1.484	-6.068	-11.357	7.228499999999999	-20.882	-21.627	-8.782	-5.677500000000002
-33.161	-26.116	-25.998	-7.103999999999999	6.549	8.374	2.618	1.053	-3.454	3.316	6.424	-8.324
-33.99	-33.203	-26.315	-4.231000000000002	13.032	8.53	6.627	5.4535	-0.24	-2.834	5.418	-1.532
-27.871	-30.168	-30.361	2.3934999999999995	6.049	8.46	-5.634	4.636	-8.64	-7.073	-8.29	-0.9585000000000008
-28.149	-28.171	-33.478	2.6754999999999995	-4.853	7.865	-1.894	-7.8385	-5.83	-7.853	-6.957	1.5749999999999993
24.59	20.078	7.787	10.6575	6.21	4.371	-3.061	5.555	-0.151	-10.32	-15.203	12.6105
23.272	22.856	11.521	6.083499999999997	15.938	5.321	-1.287	13.921000000000001	4.097	-2.96	-14.557	12.8555
16.19	16.184	23.625	-3.7144999999999975	-1.872	-11.652	-14.083	10.9955	11.835	6.76	10.567	3.1715000000000018
1.205	9.094	16.637	-11.6605	-19.287	-19.218	-4.578	-7.388999999999999	1.123	0.807	5.696	-2.1285
-1.128	0.256	5.443	-3.9775	26.043	25.004	25.695	0.6935000000000002	-9.152	-11.259	-19.894	6.4245
-20.489	-17.727	-17.397	-2.927000000000003	-4.077	-0.784	-2.082	-2.644	2.906	4.369	13.959	-6.257999999999999
21.364	23.743	21.311	-1.1630000000000003	1.012	-1.653	1.246	1.2155	14.033	5.269	-10.246	16.5215
26.556	27.37	29.329	-1.793499999999998	14.959	8.02	2.679	9.6095	1.634	-0.8	2.534	0.767
40.201	41.72	31.484	3.5989999999999966	15.292	9.132	3.447	9.0025	-0.494	-1.204	0.787	-0.28550000000000003
33.581	32.345	38.567	-1.875	10.047	13.351	16.339	-4.797999999999998	-4.264	-3.211	-3.413	-0.9520000000000004
44.857	40.25	43.12	3.171999999999997	-6.823	-10.144	-2.853	-0.32450000000000045	4.342	7.272	6.567	-2.5775000000000006
41.716	37.763	43.389	1.1400000000000006	-11.541	-19.65	-15.519	6.043499999999998	6.134	-0.671	-8.137	10.538
-1.314	1.753	2.434	-3.4075	3.901	12.353	13.515	-9.033000000000001	4.412	4.387	-2.043	3.24
15.271	18.892	16.095	-2.2224999999999966	6.395	-0.588	2.434	5.4719999999999995	-6.189	-7.368	-12.818	3.904
12.709	16.188	17.936	-4.352999999999998	-0.523	6.486	-1.288	-3.122	-16.432	-8.042	-10.412	-7.204999999999998
4.633	13.145	17.791	-10.835	3.001	2.699	2.61	0.34650000000000025	-4.965	-13.739	-7.003	5.406000000000001
8.275	12.73	9.077	-2.6285000000000007	15.631	22.09	5.028	2.072000000000001	-2.421	-15.147	-9.755	10.030000000000001
-0.501	1.113	0.255	-1.185	-9.471	-17.119	-11.628	4.9025	7.796	8.748	3.521	1.661500000000001
-35.268	-39.277	-32.696	0.7184999999999988	-9.087	-1.023	-3.0	-7.0755	3.562	3.26	8.988	-2.562
-44.364	-42.996	-35.768	-4.981999999999992	5.853	10.01	12.773	-5.538500000000001	2.105	3.116	5.043	-1.9745000000000004
16.838	14.77	13.976	2.465	3.855	4.724	9.528	-3.2710000000000004	-5.574	-1.993	-2.913	-3.121
20.062	20.93	15.842	1.676000000000002	5.469	0.576	4.956	2.7030000000000003	-3.048	-4.97	-3.548	1.2110000000000003
19.37	21.144	20.87	-1.636999999999997	9.133	15.341	2.788	0.06850000000000023	13.003	5.016	-4.145	12.567499999999999
57.319	58.02	61.437	-2.409499999999994	5.711	0.657	-0.863	5.814	12.833	4.371	1.147	10.074
8.251	9.395	14.176	-3.5344999999999995	11.078	-0.426	-1.26	11.921	-8.029	-8.179	0.339	-4.109
11.611	10.152	12.407	0.3315000000000019	6.126	6.059	8.306	-1.0564999999999989	-4.057	-6.689	-12.449	5.511999999999999
-11.079	-8.422	-3.8	-4.968	4.659	-8.24	-10.012	13.785	-17.68	-18.43	-21.305	2.1875
-17.494	-22.124	-23.632	5.384	9.634	-0.565	-6.09	12.961500000000001	-15.583	-12.491	-15.933	-1.3710000000000004
-2.726	-5.737	-0.957	0.621	7.965	0.881	0.487	7.281	16.15	11.436	9.295	5.784499999999998
8.211	16.687	4.351	-2.308	22.86	25.907	20.911	-0.5489999999999995	8.864	2.958	-4.965	9.8675
27.699	25.466	22.462	3.735000000000003	10.864	17.123	13.33	-4.362500000000001	12.9	10.102	3.831	5.9335
41.8	40.115	29.16	7.162499999999994	30.166	17.984	15.033	13.657499999999999	9.371	8.755	12.973	-1.4930000000000003
34.55	40.912	37.431	-4.6214999999999975	27.906	31.043	16.446	4.161499999999997	15.714	9.641	11.642	5.0725
-35.998	-42.505	-40.785	5.6469999999999985	-6.569	-8.415	-6.575	0.9259999999999993	-22.313	-9.684	-9.956	-12.492999999999999
3.223	1.662	-0.248	2.516	-9.656	-4.024	-3.268	-6.010000000000001	5.004	8.709	8.655	-3.677999999999999
28.061	25.68	20.145	5.1484999999999985	-8.516	-12.088	-11.97	3.513	14.735	12.083	12.561	2.4130000000000003
37.391	28.449	24.152	11.090499999999999	4.05	-6.995	-14.683	14.889	13.567	15.435	6.747	2.475999999999999
-7.384	-10.012	-7.125	1.1844999999999999	14.307	9.867	12.223	3.2619999999999987	-3.641	-2.692	-3.016	-0.7869999999999999
10.377	8.408	21.219	-4.4365000000000006	-16.608	-15.16	-12.792	-2.6320000000000014	-2.802	-6.808	-7.854	4.529
-30.358	-30.464	-27.15	-1.551000000000002	6.938	4.254	18.333	-4.355499999999998	-9.605	-8.809	-10.552	0.07549999999999812
-16.213	-20.595	-27.803	7.985999999999997	11.613	19.518	7.028	-1.6600000000000001	6.455	2.399	6.3	2.1055
-10.811	-13.199	-11.943	1.7599999999999998	-9.858	-5.268	-2.518	-5.965000000000001	9.643	5.7	1.469	6.0585
28.42	28.788	28.503	-0.2254999999999967	0.304	-8.223	-22.26	15.545500000000002	-4.884	-9.518	-4.826	2.2880000000000003
36.91	31.237	28.491	7.045999999999999	11.961	7.351	-8.338	12.4545	-9.111	-9.774	-7.863	-0.2925000000000004
33.267	36.82	32.727	-1.5064999999999955	-5.114	4.88	8.37	-11.739	6.944	-1.984	-9.457	12.6645
34.584	33.281	36.384	-0.24849999999999284	-12.427	-5.105	9.023	-14.386	-3.684	4.902	-6.801	-2.7345
27.286	29.863	21.185	1.7620000000000005	24.307	19.678	17.689	5.623499999999996	0.75	-4.095	5.182	0.20649999999999968
-0.222	6.825	10.012	-8.6405	-5.824	-4.847	-15.846	4.522500000000001	-1.599	-5.881	-5.961	4.322
-3.016	0.812	10.439	-8.6415	-1.705	-4.926	-12.226	6.871	-2.822	-1.872	-6.213	1.2205000000000004
-3.995	-2.335	7.238	-6.4465	-4.696	-2.327	-6.55	-0.2575000000000003	-1.898	-2.005	-5.657	1.933
-8.879	-7.166	-8.367	-1.112499999999999	13.208	19.772	19.696	-6.526000000000002	-1.363	-5.907	-8.195	5.688000000000001
-8.678	-13.174	-12.34	4.078999999999999	7.539	2.627	6.856	2.7974999999999994	4.746	9.42	6.827	-3.3774999999999995
23.771	29.071	36.47	-8.999499999999998	-18.486	-15.942	-22.778	0.8739999999999988	2.411	-2.028	-7.607	7.2285
11.141	12.852	17.062	-3.8160000000000007	-29.656	-28.77	-24.11	-3.216000000000001	12.788	16.924	10.128	-0.7379999999999995
44.117	36.206	29.365	11.331499999999998	25.466	18.508	5.749	13.337500000000002	8.038	4.843	0.67	5.2815
18.538	17.934	18.216	0.4629999999999974	-0.7	-5.044	-7.895	5.7695	10.705	14.122	12.792	-2.7520000000000007
-12.111	-15.941	-15.686	3.7025000000000006	23.357	26.927	16.622	1.5824999999999996	-12.421	-14.424	-16.679	3.1304999999999996
-17.363	-16.618	-14.508	-1.8000000000000007	20.433	13.334	18.547	4.4925	-16.879	-17.502	-12.926	-1.6650000000000027
44.241	40.029	40.185	4.134	9.577	-5.646	-15.339	20.069499999999998	-11.578	-9.596	-15.458	0.9490000000000016
-4.58	-1.077	8.636	-8.3595	9.53	1.767	-4.656	10.974499999999999	7.781	8.567	-4.541	5.768
-5.031	-5.727	-2.751	-0.7919999999999998	-9.737	2.616	6.676	-14.383	-2.584	0.264	7.569	-6.500500000000001
-7.436	-5.774	-5.342	-1.8780000000000001	0.436	7.958	-5.002	-1.0420000000000003	-2.821	-3.599	-3.393	0.6749999999999998
-2.545	1.364	5.045	-5.749499999999999	7.085	7.409	12.685	-2.9620000000000006	18.253	11.546	10.672	7.144
7.942	4.419	2.317	4.574	7.414	13.111	12.885	-5.584000000000001	26.579	22.388	16.563	7.1035
-8.823	-5.431	-3.436	-4.3895	4.986	3.066	-4.468	5.686999999999999	15.648	10.945	5.839	7.256
42.232	37.009	36.562	5.4465	-8.237	-2.319	-2.04	-6.0575	18.714	19.972	17.027	0.21449999999999747
49.955	46.625	37.903	7.6910000000000025	10.425	0.519	-4.092	12.211500000000001	11.86	14.577	19.621	-5.239000000000001
55.428	54.119	45.367	5.685000000000002	5.235	13.138	-0.862	-0.9029999999999996	14.41	10.799	15.158	1.4314999999999998
52.555	55.804	49.674	-0.1840000000000046	5.099	8.515	7.759	-3.0380000000000003	21.176	13.055	12.072	8.612499999999999
8.482	16.375	8.588	-3.999500000000001	8.388	8.816	-0.436	4.1979999999999995	-9.573	-14.042	-9.239	2.067499999999999
8.772	3.898	-1.392	7.519	30.659	22.354	18.733	10.115499999999997	-13.246	-10.387	-9.803	-3.151
-20.825	-18.319	-18.598	-2.3664999999999985	-6.561	3.161	2.914	-9.5985	3.292	-1.275	-1.725	4.792
-18.631	-20.887	-24.797	4.2109999999999985	7.397	7.179	14.518	-3.451500000000001	2.049	4.893	4.346	-2.5705000000000005
7.826	7.773	7.889	-0.004999999999999893	-11.905	-10.395	-7.119	-3.1479999999999997	-4.985	-11.51	-14.907	8.223500000000001
-11.217	-15.77	-20.128	6.7319999999999975	18.085	9.987	8.868	8.6575	-3.929	5.482	5.327	-9.3335
1.903	-1.41	9.907	-2.3455	-8.878	-19.663	-7.431	4.6690000000000005	-0.85	-5.944	-7.394	5.819000000000001
18.577	23.749	30.902	-8.748499999999996	-13.161	-13.389	-18.382	2.724500000000001	-12.631	-9.384	-5.462	-5.208
15.237	20.973	21.667	-6.083	-0.218	-3.523	-10.099	6.593	-15.538	-14.976	-13.476	-1.3119999999999994
-5.996	-5.147	-1.201	-2.822	6.092	3.446	0.879	3.9294999999999995	-0.435	-3.165	-1.212	1.7534999999999998
-17.732	-15.811	-7.286	-6.183499999999999	11.12	4.954	8.035	4.625499999999999	-4.315	2.041	1.43	-6.0505
-19.56	-22.804	-26.723	5.203500000000002	14.971	5.061	-6.029	15.455	-12.282	-9.309	-13.481	-0.8870000000000005
-1.31	-11.827	-17.951	13.578999999999999	16.129	11.1	12.937	4.110500000000002	-4.728	0.756	2.741	-6.4765
-3.771	-6.61	-5.217	2.1425	3.362	2.638	7.955	-1.9344999999999999	0.465	-1.843	-0.87	1.8215000000000001
56.5	54.827	61.974	-1.9004999999999939	-13.124	-31.192	-16.543	10.7435	-17.066	-6.652	-7.807	-9.8365
-30.093	-25.597	-28.316	-3.1365000000000016	-1.886	3.902	-2.051	-2.8114999999999997	-12.78	-17.742	-8.249	0.21550000000000047
26.314	26.152	27.599	-0.5615000000000023	1.978	-11.407	-9.509	12.436	14.0	9.353	-7.885	13.266
27.72	29.848	27.442	-0.9250000000000007	-0.764	1.109	-0.147	-1.245	11.905	11.443	12.817	-0.22499999999999964
38.48	29.462	29.799	8.849499999999999	5.743	0.596	3.07	3.91	13.285	11.31	12.034	1.6129999999999995
-39.111	-37.753	-34.553	-2.9579999999999984	0.533	-9.732	-4.496	7.647	9.924	10.976	7.908	0.4819999999999993
-5.525	-12.051	-10.129	5.5649999999999995	10.677	13.648	10.375	-1.3345000000000002	6.566	8.131	-5.58	5.2905
-19.852	-18.773	-12.063	-4.434000000000001	-11.624	-4.808	-4.987	-6.726500000000001	-10.672	-9.409	-8.897	-1.5190000000000001
-1.561	-17.34	-13.953	14.0855	-32.574	-27.656	-24.745	-6.3735	-11.441	-6.689	1.336	-8.764500000000002
23.728	30.875	30.962	-7.1905	21.487	11.497	7.322	12.077499999999999	8.375	4.518	12.433	-0.10050000000000026
16.405	-1.418	-19.79	27.009	10.216	0.64	4.569	7.6114999999999995	3.607	4.67	26.272	-11.864
14.569	12.427	9.074	3.818500000000002	31.769	30.009	18.918	7.3054999999999986	6.046	2.19	-2.57	6.236000000000001
-15.009	-11.405	-1.594	-8.509500000000001	-2.174	-2.349	1.963	-1.9809999999999999	-5.533	-0.701	3.195	-6.78
7.586	7.579	-10.173	8.883000000000001	10.962	4.97	2.327	7.3134999999999994	-6.805	-9.043	-0.797	-1.8849999999999998
-1.579	-3.814	8.65	-3.997	-7.228	-3.759	7.461	-9.079	-5.75	-7.053	-12.403	3.9779999999999998
-20.34	-19.229	-18.777	-1.3369999999999997	3.553	4.208	-1.5	2.199	-12.475	-20.672	-15.468	5.595000000000001
-12.794	-16.026	-19.529	4.983499999999999	2.11	3.132	4.164	-1.5379999999999998	-11.667	-15.803	-16.999	4.734
50.716	48.313	62.775	-4.827999999999996	4.947	5.873	17.005	-6.492	-8.203	-7.383	-13.449	2.213000000000001
37.984	45.647	50.704	-10.191499999999998	10.411	6.77	6.96	3.5459999999999994	-0.125	-0.238	-6.089	3.0385
36.18	41.949	42.478	-6.0334999999999965	10.061	10.478	8.086	0.7789999999999999	-1.742	-1.379	-0.185	-0.96
16.253	16.566	16.383	-0.22149999999999892	-11.891	-7.202	-0.981	-7.7995	10.89	-0.403	1.851	10.166
-44.285	-41.204	-33.688	-6.838999999999999	3.358	-1.589	2.711	2.797	2.167	7.38	15.892	-9.469
-47.772	-49.586	-45.354	-0.3019999999999996	0.829	-0.369	3.779	-0.8760000000000001	-2.761	0.833	3.759	-5.057
13.947	14.433	23.396	-4.967500000000001	-17.447	-19.581	-13.321	-0.9959999999999987	18.032	9.944	0.049	13.035499999999999
16.722	13.659	19.166	0.3094999999999999	-11.337	-17.672	-15.508	5.253	23.958	16.397	1.589	14.965
23.762	31.639	23.569	-3.8419999999999987	-12.355	-2.176	-7.229	-7.6525	16.118	7.201	18.085	3.474999999999998
4.927	-4.763	-10.985	12.800999999999998	0.083	-7.997	-2.93	5.5465	2.059	-4.838	-8.6	8.777999999999999
-17.646	-22.894	-33.36	10.480999999999998	15.002	14.334	3.999	5.8355000000000015	-3.643	-4.853	-2.19	-0.12150000000000016
-15.767	-18.542	-32.195	9.601500000000001	11.729	16.217	6.159	0.5410000000000004	-7.575	-4.892	-2.366	-3.9459999999999997
-18.843	-16.738	-29.129	4.090500000000002	10.041	14.696	9.378	-1.9959999999999987	-12.474	-4.929	-3.485	-8.267
-2.27	1.094	-0.262	-2.686	-26.59	-15.067	-11.35	-13.381499999999999	-0.865	-1.346	2.976	-1.68
6.453	9.091	4.885	-0.5349999999999993	0.9	0.434	-4.72	3.0429999999999997	-3.662	-6.47	-4.168	1.657
0.288	4.332	9.352	-6.554	1.871	-1.243	-1.571	3.278	-4.229	-3.264	-5.249	0.027499999999999858
4.858	1.372	-0.486	4.414999999999999	-2.308	-2.576	1.367	-1.7034999999999998	1.489	-1.294	-1.036	2.654
17.399	21.549	22.281	-4.515999999999998	18.914	13.846	13.58	5.2010000000000005	-5.067	-4.435	-2.408	-1.6455000000000002
-20.093	-19.9	-29.814	4.763999999999999	13.141	13.022	9.106	2.077	-9.97	-15.941	-18.369	7.1850000000000005
-19.026	-20.028	-23.79	2.882999999999999	-8.548	-1.413	9.658	-12.6705	4.058	6.501	2.887	-0.6360000000000001
-22.957	-20.674	-12.129	-6.555500000000002	-21.097	-20.739	-12.554	-4.450500000000002	6.915	11.62	5.642	-1.7160000000000002
-25.339	-23.422	-18.512	-4.372	-9.702	-18.692	-19.581	9.434499999999998	3.351	5.466	13.105	-5.934500000000001
47.033	39.827	24.724	14.7575	4.31	-4.827	-3.31	8.378499999999999	-4.295	-9.936	0.551	0.39749999999999996
27.08	28.644	8.612	8.451999999999998	4.943	2.034	-12.065	9.958499999999999	-0.221	-5.275	4.727	0.05300000000000002
2.294	4.511	4.718	-2.3204999999999996	-9.894	-1.388	1.07	-9.735	-1.957	-5.735	-3.639	2.7300000000000004
-11.711	-2.319	-1.763	-9.67	6.117	1.563	-1.222	5.9465	-9.935	-4.636	0.445	-7.839500000000001
-18.342	-23.735	-20.679	3.865000000000002	20.497	16.675	15.563	4.378	-2.126	4.079	-1.415	-3.4579999999999997
-15.749	-18.83	-26.076	6.703999999999999	22.796	20.738	13.74	5.556999999999999	-0.196	-0.029	4.686	-2.5245
-31.88	-34.689	-27.05	-1.0104999999999968	2.677	-4.912	0.901	4.6825	-4.957	-1.562	-5.867	-1.2424999999999997
41.035	38.81	39.825	1.717499999999994	-10.829	-5.852	-4.26	-5.773000000000001	10.202	1.4	-0.372	9.688
38.854	40.722	47.73	-5.372	8.349	4.505	-1.282	6.737500000000001	10.831	13.696	10.559	-1.2965
11.493	5.108	6.558	5.66	9.679	3.584	2.246	6.764	0.734	5.471	-0.406	-1.7985000000000002
-30.542	-23.731	-19.089	-9.132000000000001	10.096	20.19	27.436	-13.717000000000002	-14.737	-17.012	-22.237	4.8874999999999975
3.331	3.877	12.219	-4.7170000000000005	-4.349	-14.186	0.888	2.3	0.334	-5.479	-3.08	4.6135
7.914	5.535	6.396	1.9484999999999992	5.177	1.39	-2.319	5.6415	17.015	14.45	4.683	7.448500000000001
-0.067	1.749	6.833	-4.3580000000000005	0.383	6.0	4.958	-5.096	12.402	14.989	15.548	-2.8665000000000003
6.187	7.268	9.42	-2.156999999999999	8.533	11.794	15.979	-5.3535	11.052	7.043	5.911	4.574999999999999
7.679	11.044	6.112	-0.8989999999999991	29.344	19.777	10.088	14.4115	9.984	7.22	10.66	1.0440000000000005
-46.617	-52.921	-52.919	6.303000000000004	-13.964	-23.164	-20.418	7.827	-7.489	-2.388	0.774	-6.682
-2.138	-0.65	2.006	-2.816	33.644	25.675	3.67	18.9715	-7.309	-7.303	-2.418	-2.4485
-21.658	-15.617	-9.605	-9.047	0.395	7.481	7.15	-6.9205000000000005	-0.486	-3.396	-5.302	3.8630000000000004
9.777	7.833	-3.378	7.549499999999999	10.71	-2.299	-2.247	12.983	29.516	34.889	29.163	-2.510000000000005
7.71	12.213	6.885	-1.8389999999999995	-9.679	7.715	-3.329	-11.872	34.506	29.606	32.162	3.622
19.22	22.051	11.514	2.4375	-15.421	-2.714	-4.515	-11.8065	39.554	29.905	31.856	8.6735
20.876	10.133	5.469	13.075000000000001	12.66	-9.187	-4.534	19.5205	-12.326	-4.693	-3.609	-8.175
14.008	13.821	18.383	-2.094000000000001	13.258	3.297	10.066	6.5764999999999985	5.082	3.231	-1.065	3.9989999999999997
-17.513	-13.119	-7.532	-7.187500000000002	-6.678	1.435	12.298	-13.5445	-15.146	-18.428	-17.518	2.826999999999998
-25.571	-22.214	-13.16	-7.884000000000004	-14.207	-8.261	1.863	-11.008000000000001	-16.378	-15.187	-18.512	0.4714999999999989
-28.872	-26.864	-26.839	-2.0204999999999984	12.151	13.743	6.864	1.8475000000000001	0.051	-3.048	2.122	0.5140000000000001
-17.822	-17.909	-22.531	2.3979999999999997	28.268	24.969	18.853	6.356999999999999	-6.196	-7.315	-3.022	-1.0274999999999999
50.059	50.41	49.559	0.07450000000000045	22.435	18.4	5.363	10.5535	11.427	0.609	-3.243	12.744
-31.52	-25.622	-18.063	-9.677499999999998	-18.629	-13.29	-16.026	-3.971000000000002	-2.171	-0.91	-6.137	1.3525
24.283	21.744	15.927	5.447500000000002	19.898	15.239	0.607	11.975	12.057	4.582	12.219	3.656500000000001
27.838	28.801	27.962	-0.5434999999999981	23.865	17.387	25.603	2.3699999999999974	7.474	2.746	-3.952	8.077
7.601	1.642	3.524	5.018	-14.708	-13.591	2.211	-9.018	-1.637	1.409	0.487	-2.585
9.999	7.171	1.812	5.5075	-5.784	-14.985	-5.966	4.6915000000000004	-2.631	-1.244	2.058	-3.038
-19.962	-14.052	-11.01	-7.431000000000001	4.066	16.383	11.294	-9.7725	18.213	11.266	13.683	5.738500000000002
44.338	42.169	42.674	1.9165000000000063	-3.243	-10.732	-14.574	9.409999999999998	-11.663	-16.386	-11.126	2.093
44.838	45.555	42.916	0.6024999999999991	13.763	-2.393	-5.623	17.771	-16.349	-16.559	-12.766	-1.6864999999999988
2.683	10.062	20.889	-12.7925	-9.462	-6.127	-5.601	-3.598	-15.181	-18.716	-23.094	5.724000000000002
-5.459	-3.572	-3.869	-1.7384999999999993	-11.533	-8.409	-8.829	-2.9139999999999997	21.49	21.03	11.355	5.297499999999996
-9.341	0.372	5.501	-12.2775	6.532	12.827	1.791	-0.7770000000000001	-9.362	-9.89	-7.791	-0.5214999999999996
46.862	32.842	30.845	15.018500000000003	22.107	6.92	1.617	17.8385	-5.766	-0.526	-2.712	-4.147
38.563	46.377	48.681	-8.965999999999994	33.074	30.953	22.007	6.593999999999998	-15.284	-17.487	-14.354	0.6364999999999981
-10.885	-5.948	-22.085	3.131500000000001	32.633	34.804	24.387	3.0375000000000014	-2.966	-15.88	-5.382	7.665
-13.48	-9.081	-15.568	-1.1555	25.011	31.339	30.705	-6.010999999999999	3.593	-7.601	-10.514	12.6505
-13.516	-11.73	-9.964	-2.6689999999999987	18.463	29.602	33.149	-12.912500000000001	3.516	-0.007	-13.343	10.190999999999999
-9.186	-12.59	-8.129	1.1735000000000007	17.108	20.748	32.086	-9.309000000000001	1.637	4.773	-8.452	3.4765
41.744	40.248	10.911	16.1645	8.084	9.339	7.04	-0.10550000000000104	-13.136	-22.545	-1.116	-1.3054999999999986
43.652	40.839	40.08	3.1925000000000026	8.836	7.762	9.287	0.31150000000000055	-5.676	-7.776	-19.527	7.9755
46.492	41.118	41.909	4.978499999999997	21.185	9.202	8.425	12.371499999999997	-1.439	-3.557	-8.401	4.54
44.083	44.79	42.101	0.6375000000000028	19.62	17.823	9.388	6.014500000000002	-4.128	-2.704	-5.81	0.12899999999999956
49.129	46.936	46.277	2.522500000000001	12.025	18.366	17.707	-6.0115	4.373	-2.465	-3.095	7.1530000000000005
6.719	10.005	6.925	-1.7459999999999996	4.808	11.032	11.524	-6.469999999999999	-6.384	-15.71	-13.985	8.4635
-19.342	-11.571	-6.418	-10.347499999999998	22.263	27.128	16.438	0.4800000000000004	-16.253	-16.437	-13.932	-1.0685000000000002
-18.58	-18.985	-10.172	-4.001499999999998	9.23	20.555	26.421	-14.258	-17.157	-16.404	-16.544	-0.6829999999999998
-26.158	-23.101	-18.828	-5.1935	-1.804	3.375	17.623	-12.303	-20.259	-18.355	-16.646	-2.758499999999998
-26.704	-25.109	-20.758	-3.7704999999999984	1.332	-0.328	7.625	-2.3164999999999996	-25.035	-20.539	-17.593	-5.968999999999998
-24.47	-24.68	-22.929	-0.6655000000000015	0.952	0.665	3.614	-1.1875	-22.852	-23.167	-18.171	-2.183
-21.887	-25.133	-24.702	3.0305	-1.914	1.103	0.949	-2.94	-18.959	-23.131	-19.799	2.5060000000000002
-7.098	-9.174	-13.875	4.4265	-17.063	-17.052	-8.406	-4.334	-13.011	-16.04	-16.822	3.419999999999998
30.013	32.382	17.025	5.309500000000003	1.419	5.12	12.058	-7.17	-9.572	-9.541	-6.49	-1.5564999999999998
22.452	28.776	31.366	-7.618999999999996	7.821	8.296	5.067	1.1395	-9.635	-12.661	-9.75	1.570500000000001
17.07	20.722	24.642	-5.612000000000002	19.785	13.063	9.706	8.400500000000001	-23.337	-21.531	-10.992	-7.075500000000002
2.654	6.939	17.198	-9.4145	6.184	8.51	16.69	-6.416000000000001	-18.529	-20.656	-23.162	3.379999999999999
1.524	4.847	13.278	-7.5385	10.272	4.126	6.195	5.1114999999999995	14.99	12.838	3.108	7.017
0.819	0.038	-7.237	4.4185	9.565	-6.167	-19.61	22.4535	-0.826	-3.933	-1.26	1.7704999999999997
-42.052	-47.572	-47.889	5.678500000000007	4.88	8.767	7.26	-3.1335000000000006	-10.987	-5.736	-13.835	-1.2014999999999993
-24.382	-35.654	-32.71	9.8	6.453	-2.478	-8.044	11.714	-0.105	-1.233	0.439	0.29200000000000004
10.002	6.935	7.295	2.8870000000000005	6.647	4.958	5.735	1.3004999999999995	5.663	5.559	-7.96	6.8635
44.164	44.91	56.337	-6.4594999999999985	-19.757	-15.037	-16.357	-4.060000000000002	2.39	5.733	-9.086	4.0665000000000004
50.991	46.037	44.398	5.7734999999999985	-2.646	-12.182	-16.831	11.860499999999998	-7.823	-1.454	4.548	-9.370000000000001
48.38	48.088	44.37	2.1510000000000034	-0.495	-7.632	-16.165	11.4035	-3.463	-4.177	2.7	-2.7245000000000004
44.283	45.01	47.935	-2.1894999999999953	-6.475	-3.942	-8.11	-0.44899999999999984	-11.113	-3.655	-3.773	-7.398999999999999
57.965	48.279	45.863	10.894000000000005	14.893	-1.246	-3.505	17.2685	-17.958	-11.684	-5.675	-9.2785
53.232	51.623	52.999	0.9209999999999994	16.48	20.277	7.937	2.3729999999999993	-4.463	-9.272	-14.169	7.257500000000001
-40.807	-34.388	-25.065	-11.0805	-3.838	9.64	8.839	-13.0775	10.647	7.237	11.208	1.4245
-8.274	-8.342	-10.162	0.9780000000000015	-16.192	-8.391	-7.02	-8.4865	7.619	5.847	12.18	-1.3945000000000007
6.734	0.248	-12.112	12.666	-0.703	-3.442	-3.006	2.5210000000000004	-3.391	-5.383	-3.594	1.0975000000000001
23.453	11.066	14.183	10.828499999999998	8.82	7.114	12.774	-1.1239999999999988	8.772	24.075	19.722	-13.126499999999998
-55.347	-57.502	-57.047	1.927500000000002	-9.168	-3.224	-9.48	-2.815999999999999	-35.214	-30.332	-21.185	-9.4555
11.279	7.182	4.59	5.393	7.281	-4.791	-12.503	15.928	-6.595	-4.216	-10.263	0.6444999999999999
27.951	28.895	35.332	-4.162500000000001	5.917	2.556	-8.743	9.0105	-11.977	-12.884	-16.254	2.5920000000000005
26.975	28.236	31.576	-2.9309999999999974	15.245	6.58	-1.379	12.644499999999999	-12.218	-11.046	-17.051	1.830499999999999
-0.368	3.503	4.875	-4.557	0.964	-1.759	-2.473	3.0799999999999996	5.489	6.529	10.895	-3.223
16.398	14.987	8.61	4.599499999999999	19.497	11.5	7.343	10.0755	-13.854	-12.328	-8.035	-3.6724999999999994
14.817	24.996	17.353	-6.357500000000002	11.527	10.92	15.141	-1.5035000000000007	-4.852	-6.457	-7.281	2.0169999999999995
14.278	20.761	18.831	-5.517999999999999	13.757	12.955	9.892	2.333499999999999	-2.7	-5.871	-5.251	2.8609999999999998
16.963	20.71	15.729	-1.256499999999999	16.533	19.605	14.329	-0.4339999999999975	-2.495	1.095	-2.221	-1.932
19.987	15.271	18.192	3.255499999999998	-6.879	-11.648	-7.425	2.6575000000000006	-7.595	-19.387	-24.042	14.119500000000002
6.94	10.523	10.989	-3.816	11.113	1.092	6.134	7.499999999999999	2.748	7.978	7.856	-5.169
-2.645	-2.178	5.795	-4.4535	-18.554	-11.623	-11.832	-6.826499999999999	8.616	7.787	13.553	-2.0540000000000003
-49.184	-50.698	-49.236	0.7830000000000013	-0.933	-15.992	-1.97	8.048	-7.397	1.953	0.081	-8.414
-45.871	-50.055	-46.48	2.396499999999996	20.731	7.019	7.44	13.501500000000002	-9.809	-11.442	-13.761	2.7925000000000004
52.856	57.507	63.873	-7.833999999999996	-21.07	-9.85	-13.331	-9.479500000000002	6.778	6.99	0.941	2.8124999999999996
-6.052	0.66	-1.543	-5.6105	16.883	20.487	12.424	0.42749999999999844	-9.79	-18.53	-15.207	7.078500000000002
5.572	1.929	-4.896	7.0555	6.611	1.032	0.218	5.986	-2.109	6.251	8.841	-9.655
-4.541	3.032	2.527	-7.320500000000001	1.411	-3.28	-4.917	5.509499999999999	19.273	16.092	11.245	5.604500000000002
3.861	0.446	-1.816	4.546	2.606	5.825	2.938	-1.7755	29.864	21.358	19.575	9.3975
23.694	25.429	25.459	-1.75	5.418	4.389	-2.121	4.284	-0.033	0.704	-1.175	0.20250000000000004
-2.314	-8.475	-13.739	8.793	11.168	-2.013	-5.736	15.042499999999999	-6.33	-7.687	-3.83	-0.5715000000000003
-42.926	-40.477	-38.37	-3.502500000000005	3.134	0.433	0.508	2.6635	0.856	-1.841	1.478	1.0375
-42.037	-41.373	-38.728	-1.9864999999999995	8.576	2.007	0.269	7.438000000000001	1.608	-1.075	0.193	2.049
-42.361	-43.651	-41.338	0.13350000000000506	-6.177	2.0	10.573	-12.4635	-0.282	1.714	6.283	-4.2805
-36.593	-41.653	-43.196	5.831499999999991	-1.231	-5.626	6.108	-1.4719999999999998	-5.145	-1.056	5.729	-7.4815
-6.83	-7.172	-12.947	3.2295	-8.076	-12.739	-11.003	3.795	-4.061	-4.415	-11.33	3.8115000000000006
-1.821	-5.651	-9.131	5.57	7.105	-4.782	-14.675	16.8335	-0.54	-2.687	-4.916	3.2615
42.915	50.749	36.962	-0.9405000000000072	-3.96	-1.725	-18.091	5.948000000000001	2.685	-7.33	-5.9	9.3
32.726	38.765	45.857	-9.585	-0.079	4.276	8.339	-6.3865	0.799	0.025	0.513	0.53
-15.126	-17.826	-17.359	2.4665000000000017	-12.984	-0.203	1.413	-13.589	-3.011	2.736	-6.731	-1.0135000000000003
-9.675	-10.594	-6.01	-1.373000000000001	-7.532	-10.987	-12.331	4.126999999999999	6.042	1.916	-4.733	7.4505
-9.252	-7.597	-0.391	-5.258000000000001	-1.045	-0.151	-6.771	2.416	1.508	-3.046	10.86	-2.399
33.987	32.522	30.291	2.5805000000000007	13.488	10.677	-9.798	13.0485	-10.292	-8.259	-8.519	-1.9030000000000005
-16.533	-21.698	-21.668	5.149999999999999	12.253	7.563	5.119	5.912000000000001	13.41	20.917	23.157	-8.626999999999999
23.862	24.339	30.034	-3.3245000000000005	-27.501	-23.243	-22.895	-4.432000000000002	8.382	11.16	8.024	-1.209999999999999
