member_id	start_date	DURATION	INT_MEAN	INT_PEAK	AUC	log_SEVERITY_1	log_SEVERITY_2	MV [D,I]	COMPINDX_k3_ss412	COMPINDX_k4_ss366	COMPINDX_k5_ss389
r10i1181p1f1	1852-07-06	6	1.024	1.197	0.767	2.775687975816727	2.5073652074576183	(6, 1.024)	1	1	1
r10i1181p1f1	1852-08-30	3	1.039	1.065	0.428	1.8561108427283792	1.1706083198612842	(3, 1.039)	1	1	1
r10i1181p1f1	1854-06-29	4	0.9	0.93	0.018	2.1041341542702074	0.13453089295760615	(4, 0.9)	1	1	1
r10i1181p1f1	1856-06-08	9	1.431	1.715	4.818	3.6797630254676545	4.875853596356426	(9, 1.431)	2	2	4
r10i1181p1f1	1856-06-20	4	1.463	1.667	2.267	2.54191690450478	2.951571377768221	(4, 1.463)	0	0	0
r10i1181p1f1	1859-08-04	9	1.036	1.238	1.261	3.3663298463330795	3.5566900178059817	(9, 1.036)	1	3	2
r10i1181p1f1	1860-06-15	4	0.963	1.039	0.27	2.1637826901135866	1.1505720275988207	(4, 0.963)	1	1	1
r10i1181p1f1	1863-06-22	3	1.161	1.364	0.795	1.950575387425793	1.6352891074723162	(3, 1.161)	0	3	3
r10i1181p1f1	1863-07-15	3	1.053	1.07	0.47	1.8674154154423224	1.2361083727856943	(3, 1.053)	1	1	1
r10i1181p1f1	1864-07-26	3	0.96	1.02	0.193	1.7898086218618807	0.6945748697177875	(3, 0.96)	1	1	1
r10i1181p1f1	1865-08-16	5	1.014	1.063	0.589	2.512591905636091	2.026201642535606	(5, 1.014)	1	1	1
r10i1181p1f1	1866-08-19	4	0.957	1.019	0.244	2.158252722104126	1.082482906738226	(4, 0.957)	1	1	1
r10i1181p1f1	1866-08-27	5	1.084	1.153	0.941	2.574098791753401	2.444145402913586	(5, 1.084)	1	1	1
r10i1181p1f1	1868-07-15	4	1.107	1.223	0.843	2.2880804067911638	2.046918349974276	(4, 1.107)	1	3	3
r10i1181p1f1	1869-07-31	4	1.271	1.47	1.501	2.4130525460200167	2.565564552805455	(4, 1.271)	0	0	3
r10i1181p1f1	1870-06-13	3	1.043	1.115	0.441	1.8593537818135162	1.1913443657207363	(3, 1.043)	1	1	1
r10i1181p1f1	1871-06-11	5	1.0	1.117	0.521	2.499823167269985	1.9205860526097789	(5, 1.0)	1	1	1
r10i1181p1f1	1871-07-16	3	1.0	1.12	0.313	1.823928522430647	0.9656124531448094	(3, 1.0)	1	1	1
r10i1181p1f1	1873-06-29	5	0.97	1.136	0.373	2.4718999018290106	1.6429242883567625	(5, 0.97)	1	1	1
r10i1181p1f1	1875-07-13	4	1.18	1.332	1.138	2.3456445824544927	2.31293138504819	(4, 1.18)	0	3	3
r10i1181p1f1	1876-07-23	3	0.943	0.994	0.141	1.7749475601565292	0.5496563521937489	(3, 0.943)	1	1	1
r10i1181p1f1	1876-08-11	3	1.171	1.296	0.825	1.9579367511104981	1.6652180182711651	(3, 1.171)	0	3	3
r10i1181p1f1	1876-08-28	3	0.959	1.032	0.188	1.7889405286417714	0.6815181524944838	(3, 0.959)	1	1	1
r10i1181p1f1	1878-07-02	4	1.17	1.296	1.095	2.337952236831337	2.278292400425001	(4, 1.17)	0	3	3
r10i1181p1f1	1879-06-19	7	1.335	1.609	3.074	3.247445633436049	4.059257423731344	(7, 1.335)	2	0	0
r10i1181p1f1	1880-08-21	4	1.09	1.286	0.778	2.2741856184723477	1.9774088161146843	(4, 1.09)	1	3	3
r10i1181p1f1	1883-07-10	11	1.224	1.549	3.606	3.8211139224750665	4.887014544101123	(11, 1.224)	2	2	4
r10i1181p1f1	1883-08-03	4	1.201	1.355	1.221	2.361608433443507	2.376578772902372	(4, 1.201)	0	3	3
r10i1181p1f1	1884-06-27	6	1.105	1.202	1.256	2.847239051445263	2.968327915962107	(6, 1.105)	1	3	3
r10i1181p1f1	1884-08-15	4	1.149	1.41	1.012	2.3216030988298075	2.207834756448235	(4, 1.149)	0	3	3
r10i1181p1f1	1886-06-23	4	0.965	1.07	0.275	2.1656192379208883	1.1631508098056809	(4, 0.965)	1	1	1
r10i1181p1f1	1889-05-30	5	1.362	1.651	2.33	2.786714909110079	3.297694100937281	(5, 1.362)	0	0	0
r10i1181p1f1	1889-06-23	3	0.968	1.015	0.217	1.7967263712524728	0.7549781688835332	(3, 0.968)	1	1	1
r10i1181p1f1	1890-07-08	4	1.15	1.302	1.017	2.322387720290225	2.2122226529136544	(4, 1.15)	0	3	3
r10i1181p1f1	1892-07-11	3	0.985	1.093	0.267	1.8112695923709663	0.8701934712653576	(3, 0.985)	1	1	1
r10i1181p1f1	1892-08-06	3	1.01	1.082	0.342	1.8322796497164289	1.0214015026319605	(3, 1.01)	1	1	1
r10i1181p1f1	1894-06-11	3	0.995	1.025	0.298	1.8197266593443935	0.9354866739845107	(3, 0.995)	1	1	1
r10i1181p1f1	1895-07-03	4	1.153	1.296	1.027	2.324737897635179	2.2209411039535354	(4, 1.153)	0	3	3
r10i1181p1f1	1895-08-19	3	0.954	0.98	0.174	1.7845887226446142	0.6440254852543897	(3, 0.954)	1	1	1
r10i1181p1f1	1896-06-04	10	0.989	1.1	0.929	3.4742906457638627	3.4137041602660583	(10, 0.989)	1	1	2
r10i1181p1f1	1898-06-20	15	1.128	1.372	3.484	4.197666173994787	5.3151848556	(15, 1.128)	2	2	2
r10i1181p1f1	1898-07-15	12	1.406	1.832	6.117	4.085073761687737	5.542356731559717	(12, 1.406)	2	2	4
r10i1181p1f1	1899-08-29	3	1.173	1.329	0.83	1.959402543353941	1.670120228745518	(3, 1.173)	0	3	3
r10i1181p1f1	1900-06-21	3	1.052	1.12	0.469	1.866612170346783	1.2345976845847308	(3, 1.052)	1	1	1
r10i1181p1f1	1902-06-07	8	1.104	1.19	1.665	3.25735273707622	3.6551843285865817	(8, 1.104)	0	3	2
r10i1181p1f1	1902-07-13	9	1.15	1.483	2.289	3.467297183366679	4.140002843033806	(9, 1.15)	0	3	2
r10i1181p1f1	1903-06-15	3	1.112	1.217	0.649	1.913699997788122	1.475289854816308	(3, 1.112)	1	1	3
r10i1181p1f1	1904-06-30	4	1.162	1.248	1.066	2.3317554702938255	2.2542348320529992	(4, 1.162)	0	3	3
r10i1181p1f1	1905-07-01	4	0.961	0.996	0.262	2.1619427631915795	1.1301109557274807	(4, 0.961)	1	1	1
r10i1181p1f1	1905-08-10	3	0.88	0.921	-0.047	1.7178642673569477	-0.2800038441267813	(3, 0.88)	1	1	1
r10i1181p1f1	1905-08-27	5	1.031	1.09	0.678	2.527880760764362	2.1494654332507044	(5, 1.031)	1	1	1
r10i1181p1f1	1906-06-06	10	1.141	1.361	2.456	3.6131205688668477	4.365205185751454	(10, 1.141)	0	3	2
r10i1181p1f1	1910-06-29	5	1.117	1.213	1.107	2.601832996690327	2.5935096221564495	(5, 1.117)	1	3	3
r10i1181p1f1	1910-08-01	4	0.986	1.053	0.362	2.184702052337329	1.3599503857802886	(4, 0.986)	1	1	1
r10i1181p1f1	1911-07-19	3	1.188	1.373	0.877	1.9703280309734539	1.7150630145343155	(3, 1.188)	0	3	3
r10i1181p1f1	1911-08-02	3	0.992	1.065	0.288	1.8171970405807354	0.9148865055054374	(3, 0.992)	1	1	1
r10i1181p1f1	1915-06-28	8	1.147	1.317	2.01	3.2941186238814852	3.839045954039108	(8, 1.147)	0	3	2
r10i1181p1f1	1915-08-14	5	1.277	1.529	1.908	2.726367676192942	3.106024590602897	(5, 1.277)	0	0	0
r10i1181p1f1	1918-07-28	3	1.017	1.064	0.363	1.83808421800981	1.0599419115922148	(3, 1.017)	1	1	1
r10i1181p1f1	1919-06-03	4	1.083	1.115	0.749	2.268407641192459	1.9447666383532343	(4, 1.083)	1	1	1
r10i1181p1f1	1919-08-19	4	1.012	1.103	0.465	2.207834756448235	1.551808799597464	(4, 1.012)	1	1	1
r10i1181p1f1	1920-08-17	4	1.129	1.283	0.932	2.305779983890565	2.1348762485679367	(4, 1.129)	1	3	3
r10i1181p1f1	1920-08-25	9	1.191	1.616	2.655	3.5012538557280757	4.286135035878288	(9, 1.191)	2	0	2
r10i1181p1f1	1921-06-04	11	1.109	1.424	2.344	3.72471718743697	4.460327675693779	(11, 1.109)	2	2	2
r10i1181p1f1	1922-07-04	4	1.124	1.228	0.912	2.3017847728232765	2.1157734709272265	(4, 1.124)	1	3	3
r10i1181p1f1	1924-05-31	3	1.471	1.688	1.725	2.156812245860361	2.2989146580986284	(3, 1.471)	0	0	0
r10i1181p1f1	1924-08-08	7	1.192	1.354	2.072	3.1387995706779805	3.673105116254159	(7, 1.192)	0	3	2
r10i1181p1f1	1926-06-25	5	1.219	1.388	1.615	2.682994534677954	2.947395074991464	(5, 1.219)	0	3	3
r10i1181p1f1	1927-07-03	8	1.403	1.733	4.058	3.4887889417842852	4.530684307428002	(8, 1.403)	2	2	0
r10i1181p1f1	1927-07-23	5	0.932	1.204	0.183	2.435372927072956	1.1138299765384703	(5, 0.932)	1	1	1
r10i1181p1f1	1927-08-06	4	1.094	1.142	0.792	2.2774723921789706	1.9927937349541638	(4, 1.094)	1	1	1
r10i1181p1f1	1927-08-14	3	1.078	1.185	0.545	1.8872896720494419	1.3433615650014081	(3, 1.078)	1	1	1
r10i1181p1f1	1929-06-01	3	1.01	1.091	0.342	1.8322796497164289	1.0214015026319605	(3, 1.01)	1	1	1
r10i1181p1f1	1930-06-10	3	1.021	1.07	0.375	1.841386049152454	1.0813159518954125	(3, 1.021)	1	1	1
r10i1181p1f1	1930-07-29	3	0.942	0.994	0.138	1.7740664640856596	0.5406187874748858	(3, 0.942)	1	1	1
r10i1181p1f1	1933-06-27	3	0.885	0.918	-0.031	1.7225156544887952	-0.1756407930008334	(3, 0.885)	1	1	1
r10i1181p1f1	1933-07-27	5	1.131	1.424	1.174	2.613370546077847	2.647997180368679	(5, 1.131)	0	3	3
r10i1181p1f1	1933-08-22	5	1.076	1.268	0.903	2.567257899875715	2.406570886811699	(5, 1.076)	1	3	3
r10i1181p1f1	1934-06-28	6	1.221	1.369	1.949	2.9415380310417527	3.3892709790855897	(6, 1.221)	0	3	3
r10i1181p1f1	1934-08-21	4	0.918	0.988	0.09	2.121542717698471	0.5423242908253616	(4, 0.918)	1	1	1
r10i1181p1f1	1935-06-27	5	1.19	1.429	1.473	2.660581476076026	2.8604073108315786	(5, 1.19)	0	3	3
r10i1181p1f1	1938-07-26	3	1.015	1.107	0.358	1.8364292051354612	1.0508994425482807	(3, 1.015)	1	1	1
r10i1181p1f1	1939-06-25	7	1.037	1.242	0.991	3.0059552784667165	2.962877252256471	(7, 1.037)	1	3	2
r10i1181p1f1	1939-08-02	7	1.357	1.601	3.228	3.2631602995057207	4.107316669849797	(7, 1.357)	2	0	0
r10i1181p1f1	1940-07-30	3	1.081	1.253	0.556	1.8896482562540837	1.3581676752688665	(3, 1.081)	1	1	1
r10i1181p1f1	1940-08-06	7	1.008	1.089	0.783	2.9790143674041074	2.7409279514107583	(7, 1.008)	1	1	1
r10i1181p1f1	1943-06-02	13	1.382	1.812	6.315	4.186275314171797	5.693724502272586	(13, 1.382)	2	2	4
r10i1181p1f1	1943-07-04	3	1.164	1.324	0.803	1.9527894920251458	1.6433581403858413	(3, 1.164)	0	3	3
r10i1181p1f1	1943-08-27	6	1.138	1.427	1.453	2.874982614778936	3.107034423681403	(6, 1.138)	0	3	3
r10i1181p1f1	1944-07-30	4	1.328	1.569	1.729	2.453071926267982	2.6967870088234993	(4, 1.328)	0	0	0
r10i1181p1f1	1944-08-07	3	0.982	1.019	0.259	1.8087184623074828	0.8526279775327722	(3, 0.982)	1	1	1
r10i1181p1f1	1945-07-05	12	1.178	1.415	3.385	3.9113936160359355	4.953795471431777	(12, 1.178)	2	2	2
r10i1181p1f1	1945-08-03	3	1.079	1.144	0.548	1.888076485048371	1.3474213846864285	(3, 1.079)	1	1	1
r10i1181p1f1	1948-07-24	3	1.183	1.306	0.861	1.9666994485426734	1.6999890104703193	(3, 1.183)	0	3	3
r10i1181p1f1	1949-06-24	3	0.988	1.085	0.277	1.8138142307275258	0.8917251418628664	(3, 0.988)	1	1	1
r10i1181p1f1	1950-07-05	3	1.133	1.236	0.711	1.9296705251208113	1.5463840214970004	(3, 1.133)	1	3	3
r10i1181p1f1	1952-07-31	3	1.163	1.228	0.801	1.9520520017200835	1.6413469779406025	(3, 1.163)	1	3	3
r10i1181p1f1	1953-06-10	3	1.133	1.251	0.713	1.9296705251208113	1.5485953108071313	(3, 1.133)	1	3	3
r10i1181p1f1	1953-07-27	4	1.118	1.354	0.889	2.29696935420841	2.0933444468488274	(4, 1.118)	0	3	3
r10i1181p1f1	1953-08-04	4	1.449	1.78	2.215	2.5330616916750475	2.929592471049446	(4, 1.449)	0	0	0
r10i1181p1f1	1955-06-01	3	1.09	1.267	0.584	1.896690813917729	1.394895518599486	(3, 1.09)	1	1	3
r10i1181p1f1	1955-06-07	8	1.131	1.278	1.883	3.2805957007813187	3.775227461703862	(8, 1.131)	0	3	2
r10i1181p1f1	1957-06-24	4	1.148	1.276	1.011	2.3208178612551054	2.2069548619787955	(4, 1.148)	0	3	3
r10i1181p1f1	1958-06-01	3	1.151	1.218	0.765	1.9431594319473882	1.6044367481077564	(3, 1.151)	1	3	3
r10i1181p1f1	1958-07-24	3	1.181	1.203	0.855	1.9652443208753656	1.6942771576452456	(3, 1.181)	1	3	3
r10i1181p1f1	1958-07-31	5	1.11	1.255	1.072	2.596013916827673	2.563819824348271	(5, 1.11)	1	3	3
r10i1181p1f1	1958-08-12	4	0.908	0.98	0.047	2.1119087318173375	0.3191807395111519	(4, 0.908)	1	1	1
r10i1181p1f1	1959-06-04	5	1.231	1.505	1.677	2.692123942275254	2.983124629732448	(5, 1.231)	0	0	0
r10i1181p1f1	1959-06-25	4	1.223	1.474	1.31	2.3780635541699513	2.4406063908914204	(4, 1.223)	0	3	3
r10i1181p1f1	1960-08-08	3	0.991	1.045	0.286	1.8163524103314332	0.9107150537881289	(3, 0.991)	1	1	1
r10i1181p1f1	1961-06-18	5	1.152	1.393	1.281	2.630431055091278	2.7292907089163507	(5, 1.152)	0	3	3
r10i1181p1f1	1961-07-14	7	1.096	1.374	1.4	3.058622752657611	3.2931801121212207	(7, 1.096)	0	3	2
r10i1181p1f1	1963-06-01	10	1.201	1.459	3.054	3.663021877368445	4.580631148955199	(10, 1.201)	2	2	2
r10i1181p1f1	1963-07-21	7	1.459	1.798	3.942	3.3329563039325407	4.30415781427728	(7, 1.459)	2	0	0
r10i1181p1f1	1965-06-14	4	1.094	1.383	0.793	2.2774723921789706	1.9938836533181894	(4, 1.094)	0	3	3
r10i1181p1f1	1965-07-16	4	1.026	1.078	0.519	2.2200726714195813	1.6393849888020524	(4, 1.026)	1	1	1
r10i1181p1f1	1968-06-30	6	1.257	1.465	2.167	2.969082894297463	3.4918989470578983	(6, 1.257)	0	0	0
r10i1181p1f1	1968-07-16	7	1.252	1.497	2.493	3.185830368300718	3.853779426926402	(7, 1.252)	0	0	0
r10i1181p1f1	1969-06-20	6	0.939	1.004	0.258	2.6946559108195483	1.5669082360356847	(6, 0.939)	1	1	1
r10i1181p1f1	1969-07-28	3	0.957	1.06	0.184	1.7872020781678604	0.6709486286741467	(3, 0.957)	1	1	1
r10i1181p1f1	1969-08-05	5	0.995	1.061	0.497	2.4952231007448065	1.880476587349281	(5, 0.995)	1	1	1
r10i1181p1f1	1969-08-13	3	1.245	1.376	1.048	2.0107892059008607	1.8633927223480167	(3, 1.245)	0	3	3
r10i1181p1f1	1971-08-17	3	1.066	1.263	0.512	1.8777993092709364	1.297580637895095	(3, 1.066)	1	1	1
r10i1181p1f1	1973-06-06	9	1.373	1.787	4.297	3.6394528374515778	4.762336314775807	(9, 1.373)	2	2	4
r10i1181p1f1	1973-06-22	3	1.05	1.173	0.461	1.8650037419525174	1.2224293103801878	(3, 1.05)	1	1	1
r10i1181p1f1	1973-06-28	9	1.211	1.714	2.839	3.5174088126242187	4.3522501837485805	(9, 1.211)	2	0	0
r10i1181p1f1	1975-07-19	9	1.034	1.188	1.244	3.3644642386059345	3.5435068010981836	(9, 1.034)	1	3	2
r10i1181p1f1	1977-08-24	3	1.137	1.318	0.725	1.9326838233665247	1.5617613343545442	(3, 1.137)	1	3	3
r10i1181p1f1	1978-07-24	7	1.311	1.622	2.908	3.230015934055914	4.004728225961749	(7, 1.311)	2	0	0
r10i1181p1f1	1978-08-12	3	1.097	1.232	0.604	1.9021342734584945	1.4203276194229513	(3, 1.097)	1	1	1
r10i1181p1f1	1980-06-25	3	1.015	1.085	0.358	1.8364292051354612	1.0508994425482807	(3, 1.015)	1	1	1
r10i1181p1f1	1980-07-02	7	1.239	1.406	2.403	3.1758263981643715	3.817804251477064	(7, 1.239)	0	0	2
r10i1181p1f1	1980-07-11	3	0.999	1.009	0.31	1.8230895610787659	0.9596594650996648	(3, 0.999)	1	1	1
r10i1181p1f1	1984-06-01	4	1.38	1.643	1.938	2.488234439880675	2.8036027757689506	(4, 1.38)	0	0	0
r10i1181p1f1	1984-08-10	3	0.927	0.972	0.094	1.7607560064208525	0.3977274681225152	(3, 0.927)	1	1	1
r10i1181p1f1	1984-08-18	8	1.046	1.273	1.2	3.2055181340186425	3.3376503829393194	(8, 1.046)	1	3	2
r10i1181p1f1	1985-07-08	3	1.017	1.155	0.363	1.83808421800981	1.0599419115922148	(3, 1.017)	1	1	1
r10i1181p1f1	1985-07-31	5	1.192	1.325	1.482	2.6621434361518546	2.8661509954173114	(5, 1.192)	0	3	3
r10i1181p1f1	1988-06-11	5	1.038	1.272	0.712	2.53410885629632	2.192815092040572	(5, 1.038)	1	1	1
r10i1181p1f1	1988-07-12	3	1.1	1.16	0.612	1.9044581443609874	1.4303220796589575	(3, 1.1)	1	1	1
r10i1181p1f1	1988-08-23	5	0.968	1.018	0.362	2.4700103327866922	1.6188500864820399	(5, 0.968)	1	1	1
r10i1181p1f1	1990-07-30	5	1.132	1.274	1.18	2.614189585366307	2.65273486896079	(5, 1.132)	0	3	3
r10i1181p1f1	1990-08-25	5	1.265	1.352	1.846	2.717546960968081	3.074492964363732	(5, 1.265)	0	3	3
r10i1181p1f1	1991-07-24	3	0.945	0.964	0.146	1.776707426721953	0.5645397900946423	(3, 0.945)	1	1	1
r10i1181p1f1	1992-06-27	10	1.193	1.523	2.97	3.656510498597268	4.553030707445593	(10, 1.193)	2	2	2
r10i1181p1f1	1997-08-10	7	1.219	1.753	2.263	3.160237556281167	3.7591362785757405	(7, 1.219)	0	0	0
r10i1181p1f1	1998-06-18	8	1.713	2.119	6.534	3.6828806300317414	5.002922578522913	(8, 1.713)	2	2	4
r10i1181p1f1	1998-06-30	3	1.023	1.112	0.381	1.8430328854192755	1.0918340593043026	(3, 1.023)	1	1	1
r10i1181p1f1	1998-07-27	4	1.315	1.529	1.676	2.444084655267745	2.667783607873655	(4, 1.315)	0	0	0
r10i1181p1f1	1999-05-31	3	1.069	1.169	0.519	1.8801803570932276	1.3074684211342518	(3, 1.069)	1	1	1
r10i1181p1f1	2000-06-09	3	1.244	1.348	1.045	2.0100932874778716	1.8609713161181207	(3, 1.244)	0	3	3
r10i1181p1f1	2003-07-21	3	1.073	1.18	0.532	1.8833462940570747	1.3255760241460586	(3, 1.073)	1	1	1
r10i1181p1f1	2009-06-06	13	1.1	1.306	2.654	3.9619436396922674	4.8314985014016	(13, 1.1)	2	2	2
r10i1181p1f1	2010-07-08	3	0.983	1.055	0.261	1.8095695623406716	0.8570483617962074	(3, 0.983)	1	1	1
r10i1231p1f1	1851-07-04	3	1.037	1.151	0.412	1.8544854208953232	1.1444822561168142	(3, 1.037)	1	1	1
r10i1231p1f1	1851-07-11	8	1.336	1.487	3.488	3.4413865074604337	4.381081569351768	(8, 1.336)	2	0	0
r10i1231p1f1	1852-06-06	3	1.184	1.269	0.851	1.96742621912213	1.6904510497143228	(3, 1.184)	0	3	3
r10i1231p1f1	1852-06-14	3	1.299	1.397	1.197	2.047667294277063	1.9768264829675917	(3, 1.299)	0	3	3
r10i1231p1f1	1852-06-30	4	0.988	1.083	0.35	2.186500613973244	1.33500106673234	(4, 0.988)	1	1	1
r10i1231p1f1	1852-07-25	4	1.192	1.36	1.169	2.35479796444098	2.337179737758545	(4, 1.192)	0	3	3
r10i1231p1f1	1853-08-05	4	1.306	1.431	1.624	2.43781504225415	2.638485737716301	(4, 1.306)	0	0	0
r10i1231p1f1	1855-06-06	3	1.094	1.224	0.582	1.8998049895985742	1.392316369876498	(3, 1.094)	1	1	1
r10i1231p1f1	1855-08-20	3	1.036	1.092	0.407	1.8536717181554538	1.136175871860684	(3, 1.036)	1	1	1
r10i1231p1f1	1856-06-05	3	0.963	1.021	0.19	1.7924083891450562	0.6867613144064533	(3, 0.963)	1	1	1
r10i1231p1f1	1856-08-23	4	1.146	1.226	0.984	2.3192455338871527	2.182900250048066	(4, 1.146)	1	3	3
r10i1231p1f1	1857-07-07	3	1.055	1.096	0.464	1.8690199726127856	1.2270098200897182	(3, 1.055)	1	1	1
r10i1231p1f1	1857-07-31	7	1.05	1.174	1.048	3.0178005742494114	3.015987328781857	(7, 1.05)	1	3	1
r10i1231p1f1	1858-06-13	3	1.145	1.224	0.734	1.9386833160041137	1.5715233286018926	(3, 1.145)	1	3	3
r10i1231p1f1	1858-07-03	4	1.106	1.311	0.824	2.2872683888821523	2.0270950613076266	(4, 1.106)	1	3	3
r10i1231p1f1	1858-07-23	5	1.272	1.432	1.858	2.7227018289917884	3.0806739544524726	(5, 1.272)	0	0	0
r10i1231p1f1	1859-06-27	4	1.101	1.243	0.803	2.2831983791938555	2.0047179954838996	(4, 1.101)	1	3	3
r10i1231p1f1	1859-07-05	3	1.048	1.193	0.443	1.8633927223480167	1.1944967045549193	(3, 1.048)	1	1	1
r10i1231p1f1	1860-07-01	3	0.932	0.949	0.097	1.7652125400234207	0.4081460345462895	(3, 0.932)	1	1	1
r10i1231p1f1	1860-07-06	4	1.041	1.098	0.562	2.2330206296081365	1.7040205549200482	(4, 1.041)	1	1	1
r10i1231p1f1	1861-07-16	4	1.14	1.261	0.962	2.3145136638593193	2.162863149818908	(4, 1.14)	1	3	3
r10i1231p1f1	1861-07-28	4	1.258	1.463	1.431	2.403696594362457	2.521559967436036	(4, 1.258)	0	3	3
r10i1231p1f1	1862-06-16	4	1.136	1.347	0.945	2.3113465986626185	2.1471001901536506	(4, 1.136)	0	3	3
r10i1231p1f1	1865-06-24	6	0.957	1.018	0.339	2.712372188050658	1.7887987801806102	(6, 0.957)	1	1	1
r10i1231p1f1	1867-06-23	6	1.122	1.301	1.332	2.86162728493567	3.0241409984150103	(6, 1.122)	0	3	3
r10i1231p1f1	1868-06-05	4	1.185	1.348	1.141	2.349468678892896	2.3153038654018205	(4, 1.185)	0	3	3
r10i1231p1f1	1868-08-10	4	1.189	1.335	1.156	2.352517461742255	2.327082564594433	(4, 1.189)	0	3	3
r10i1231p1f1	1870-08-08	6	1.259	1.458	2.156	2.970591143139973	3.4869651869565828	(6, 1.259)	0	0	0
r10i1231p1f1	1875-06-15	3	1.012	1.086	0.336	1.8339415387115605	1.0101115172736006	(3, 1.012)	1	1	1
r10i1231p1f1	1875-08-21	3	1.064	1.134	0.493	1.8762087885512986	1.2702388418084498	(3, 1.064)	1	1	1
r10i1231p1f1	1876-06-12	3	0.97	1.09	0.209	1.7984483569941683	0.7352463701651437	(3, 0.97)	1	1	1
r10i1231p1f1	1877-06-22	9	1.241	1.522	3.073	3.5411622020069116	4.430471501139684	(9, 1.241)	2	2	2
r10i1231p1f1	1878-08-11	4	1.042	1.111	0.569	2.233877894984255	1.7141582232045032	(4, 1.042)	1	1	1
r10i1231p1f1	1879-07-18	4	1.176	1.325	1.105	2.3425747412102043	2.286455711064162	(4, 1.176)	0	3	3
r10i1231p1f1	1881-06-09	3	1.072	1.147	0.517	1.8825557489911475	1.3046533024514237	(3, 1.072)	1	1	1
r10i1231p1f1	1882-07-20	11	1.259	1.518	3.954	3.848698397261481	4.978478967812675	(11, 1.259)	2	2	4
r10i1231p1f1	1882-08-13	6	1.086	1.214	1.119	2.830909230681918	2.8591031813252656	(6, 1.086)	1	3	3
r10i1231p1f1	1885-07-17	9	1.034	1.186	1.206	3.3644642386059345	3.51339447457897	(9, 1.034)	1	3	2
r10i1231p1f1	1886-08-24	3	1.122	1.287	0.667	1.9213368284541927	1.4964559081980222	(3, 1.122)	1	3	3
r10i1231p1f1	1887-07-01	6	1.275	1.537	2.252	2.9825759338228286	3.529224226319835	(6, 1.275)	0	0	0
r10i1231p1f1	1887-07-17	3	0.953	0.994	0.161	1.7837160842352977	0.6079054405056109	(3, 0.953)	1	1	1
r10i1231p1f1	1889-06-27	7	1.209	1.52	2.163	3.1523510485074655	3.71501786495679	(7, 1.209)	0	0	2
r10i1231p1f1	1891-07-15	9	1.396	1.744	4.46	3.6556328603203005	4.799255609702288	(9, 1.396)	2	2	4
r10i1231p1f1	1891-08-20	8	1.144	1.274	1.949	3.2915969660843003	3.808900776914385	(8, 1.144)	0	3	2
r10i1231p1f1	1893-08-10	3	0.981	1.067	0.243	1.8078666372859462	0.8165433392211622	(3, 0.981)	1	1	1
r10i1231p1f1	1895-07-01	8	1.158	1.243	2.061	3.3033106778692147	3.863570019496861	(8, 1.158)	0	3	2
r10i1231p1f1	1895-08-08	4	1.006	1.065	0.425	2.2025437388138194	1.4816045409242156	(4, 1.006)	1	1	1
r10i1231p1f1	1896-08-18	4	1.371	1.683	1.885	2.4822364212321215	2.77757626375082	(4, 1.371)	0	0	0
r10i1231p1f1	1899-06-13	5	0.979	1.159	0.394	2.48035905428742	1.6873344261893548	(5, 0.979)	1	1	1
r10i1231p1f1	1901-07-03	4	1.092	1.174	0.767	2.275830355685226	1.9651523952777084	(4, 1.092)	1	1	1
r10i1231p1f1	1901-08-07	3	1.158	1.31	0.774	1.9483563696870467	1.6137928111176032	(3, 1.158)	0	3	3
r10i1231p1f1	1901-08-16	6	1.455	1.918	3.333	3.108348448590164	3.911720877315604	(6, 1.455)	2	0	0
r10i1231p1f1	1902-08-01	9	1.227	1.502	2.945	3.530147462753068	4.3884435024699595	(9, 1.227)	2	0	2
r10i1231p1f1	1904-08-23	4	0.985	0.993	0.341	2.1838015570040787	1.3158718968233447	(4, 0.985)	1	1	1
r10i1231p1f1	1905-06-12	5	1.152	1.277	1.26	2.630431055091278	2.7138485752091657	(5, 1.152)	0	3	3
r10i1231p1f1	1905-07-31	5	1.118	1.186	1.092	2.6026615364721923	2.5808932036141434	(5, 1.118)	1	3	3
r10i1231p1f1	1906-06-08	8	1.143	1.333	1.948	3.2907549984455637	3.808398943750961	(8, 1.143)	0	3	2
r10i1231p1f1	1906-07-22	4	1.063	1.234	0.653	2.251712762620289	1.8284127868760904	(4, 1.063)	1	1	1
r10i1231p1f1	1906-08-05	6	1.014	1.164	0.685	2.766488629139443	2.4040041069851177	(6, 1.014)	1	1	1
r10i1231p1f1	1907-06-01	3	1.101	1.114	0.604	1.90523156945898	1.4203276194229513	(3, 1.101)	1	1	1
r10i1231p1f1	1907-06-26	3	1.084	1.248	0.551	1.8920012906264554	1.3514647888571463	(3, 1.084)	1	1	1
r10i1231p1f1	1910-08-25	3	1.288	1.441	1.163	2.0402645892270397	1.9520520017200835	(3, 1.288)	0	3	3
r10i1231p1f1	1915-06-14	3	0.973	1.029	0.22	1.8010257885243162	0.7622783578800849	(3, 0.973)	1	1	1
r10i1231p1f1	1915-06-25	5	1.381	1.687	2.405	2.7997203935551553	3.328222213828119	(5, 1.381)	0	0	0
r10i1231p1f1	1915-07-13	7	1.201	1.326	2.107	3.1459967521072283	3.6894339525235655	(7, 1.201)	0	3	2
r10i1231p1f1	1915-07-28	3	1.115	1.218	0.645	1.9159971769397985	1.4705248215910474	(3, 1.115)	1	1	3
r10i1231p1f1	1915-08-12	3	1.183	1.35	0.85	1.9666994485426734	1.6894922309880402	(3, 1.183)	0	3	3
r10i1231p1f1	1918-07-31	3	1.112	1.161	0.637	1.913699997788122	1.4609260927382746	(3, 1.112)	1	1	1
r10i1231p1f1	1918-08-30	3	0.977	0.998	0.231	1.8044520625451974	0.7885988092895502	(3, 0.977)	1	1	1
r10i1231p1f1	1920-06-13	6	1.33	1.709	2.58	3.0227114478908437	3.6614594693415548	(6, 1.33)	2	0	0
r10i1231p1f1	1920-06-30	3	0.946	0.986	0.139	1.7775861999417792	0.5436403934265805	(3, 0.946)	1	1	1
r10i1231p1f1	1921-07-16	3	1.047	1.217	0.44	1.8625862382302412	1.1897644619901993	(3, 1.047)	1	1	1
r10i1231p1f1	1921-08-04	7	1.17	1.429	1.891	3.120985261190328	3.584124591249257	(7, 1.17)	0	3	2
r10i1231p1f1	1922-06-01	6	1.137	1.437	1.422	2.874153111891285	3.086443096396323	(6, 1.137)	0	3	3
r10i1231p1f1	1925-07-08	5	0.995	1.073	0.473	2.4952231007448065	1.8386908858511601	(5, 0.995)	1	1	1
r10i1231p1f1	1926-06-09	4	1.096	1.247	0.785	2.2791117368084035	1.9851308622085946	(4, 1.096)	1	3	3
r10i1231p1f1	1927-07-20	3	1.153	1.337	0.76	1.9446470292811249	1.599200860414269	(3, 1.153)	0	3	3
r10i1231p1f1	1927-08-15	3	1.145	1.229	0.735	1.9386833160041137	1.5726021354417266	(3, 1.145)	1	3	3
r10i1231p1f1	1927-08-22	7	0.968	1.049	0.479	2.9406217493204534	2.2896218466117806	(7, 0.968)	1	1	1
r10i1231p1f1	1930-07-29	5	1.129	1.219	1.147	2.611730452273528	2.6263953505271127	(5, 1.129)	1	3	3
r10i1231p1f1	1930-08-11	3	1.258	1.351	1.074	2.0197923479787105	1.8841362146551381	(3, 1.258)	0	3	3
r10i1231p1f1	1931-06-01	3	1.023	1.217	0.368	1.8430328854192755	1.0689033465903848	(3, 1.023)	1	1	1
r10i1231p1f1	1931-07-26	3	1.039	1.127	0.418	1.8561108427283792	1.1543596911246021	(3, 1.039)	1	1	1
r10i1231p1f1	1936-07-17	3	1.123	1.237	0.668	1.922097313628501	1.49761876651344	(3, 1.123)	1	1	3
r10i1231p1f1	1937-07-06	3	0.998	1.044	0.293	1.8222498952796893	0.9252396346747167	(3, 0.998)	1	1	1
r10i1231p1f1	1937-07-18	5	0.962	1.015	0.31	2.464320107911848	1.4964719631183692	(5, 0.962)	1	1	1
r10i1231p1f1	1937-08-11	4	1.215	1.381	1.259	2.372111155642656	2.4044193988753135	(4, 1.215)	0	3	3
r10i1231p1f1	1937-08-24	5	1.035	1.219	0.676	2.531444420775833	2.146855973880762	(5, 1.035)	1	1	1
r10i1231p1f1	1939-06-02	5	1.227	1.429	1.636	2.689090057670178	2.9596405349594344	(5, 1.227)	0	3	3
r10i1231p1f1	1939-07-08	5	1.164	1.332	1.319	2.6400508094541792	2.7566415081428493	(5, 1.164)	0	3	3
r10i1231p1f1	1939-08-02	4	1.151	1.277	1.004	2.323171726602434	2.200773826847361	(4, 1.151)	0	3	3
r10i1231p1f1	1944-07-03	3	1.025	1.077	0.374	1.8446770140747886	1.0795521277469189	(3, 1.025)	1	1	1
r10i1231p1f1	1945-08-08	6	1.096	1.311	1.174	2.8395371038458364	2.9043955054327584	(6, 1.096)	0	3	3
r10i1231p1f1	1946-06-09	12	1.249	1.447	4.19	3.9687804890514706	5.165785640999134	(12, 1.249)	2	2	4
r10i1231p1f1	1946-07-04	6	1.164	1.476	1.585	2.8963116574672134	3.1902560566954907	(6, 1.164)	0	3	3
r10i1231p1f1	1946-07-26	3	1.009	1.102	0.326	1.8314476683669307	0.9910069180976439	(3, 1.009)	1	1	1
r10i1231p1f1	1946-08-02	9	1.131	1.405	2.076	3.451161459699603	4.043963132661176	(9, 1.131)	0	3	2
r10i1231p1f1	1948-06-10	3	1.15	1.324	0.75	1.9424148026019987	1.5886461167462513	(3, 1.15)	0	3	3
r10i1231p1f1	1948-08-05	5	1.052	1.149	0.758	2.546449874003082	2.2486248385568355	(5, 1.052)	1	1	1
r10i1231p1f1	1949-07-02	3	1.047	1.161	0.442	1.8625862382302412	1.192921777292329	(3, 1.047)	1	1	1
r10i1231p1f1	1949-07-11	14	1.212	1.411	4.37	4.1664860223008295	5.437707930939753	(14, 1.212)	2	2	4
r10i1231p1f1	1949-08-21	7	1.154	1.29	1.78	3.1078271216923996	3.525361830082773	(7, 1.154)	0	3	2
r10i1231p1f1	1950-06-08	3	1.334	1.507	1.303	2.0708632697743425	2.0503456578987986	(3, 1.334)	0	0	0
r10i1231p1f1	1953-08-05	3	0.992	1.031	0.275	1.8171970405807354	0.887455737113426	(3, 0.992)	1	1	1
r10i1231p1f1	1955-06-27	3	1.054	1.233	0.463	1.8682180158529837	1.22548531356196	(3, 1.054)	1	1	1
r10i1231p1f1	1955-07-16	4	1.207	1.311	1.229	2.366123113798033	2.3825047161699193	(4, 1.207)	0	3	3
r10i1231p1f1	1955-07-23	5	0.985	1.042	0.424	2.485958994977389	1.7475400628641369	(5, 0.985)	1	1	1
r10i1231p1f1	1957-07-09	4	1.236	1.426	1.344	2.387661265349165	2.4640234388715765	(4, 1.236)	0	3	3
r10i1231p1f1	1957-07-21	3	1.03	1.097	0.39	1.8487755481388044	1.1074066529217297	(3, 1.03)	1	1	1
r10i1231p1f1	1957-07-26	3	1.006	1.063	0.319	1.8289475630806293	0.9774131583651543	(3, 1.006)	1	1	1
r10i1231p1f1	1957-08-26	4	1.057	1.22	0.628	2.2466494606637424	1.7957514904975924	(4, 1.057)	1	1	1
r10i1231p1f1	1959-07-12	3	1.067	1.169	0.501	1.878593621977004	1.281842422518679	(3, 1.067)	1	1	1
r10i1231p1f1	1959-08-24	3	0.981	1.047	0.243	1.8078666372859462	0.8165433392211622	(3, 0.981)	1	1	1
r10i1231p1f1	1962-08-22	3	1.108	1.179	0.624	1.9106288604174835	1.4451289374708147	(3, 1.108)	1	1	1
r10i1231p1f1	1964-06-23	6	1.031	1.147	0.784	2.782077532552832	2.52751902063181	(6, 1.031)	1	1	1
r10i1231p1f1	1964-07-20	9	1.091	1.281	1.716	3.4163158527938564	3.8571865995223122	(9, 1.091)	0	3	2
r10i1231p1f1	1966-07-07	6	1.006	1.121	0.637	2.7590677296743498	2.3381404234587704	(6, 1.006)	1	1	1
r10i1231p1f1	1967-06-16	3	1.083	1.133	0.548	1.891217560871479	1.3474213846864285	(3, 1.083)	1	1	1
r10i1231p1f1	1967-08-15	3	1.095	1.178	0.586	1.9005820205481774	1.3974680324230628	(3, 1.095)	1	1	1
r10i1231p1f1	1968-06-21	3	1.061	1.115	0.482	1.8738182540964106	1.25406083097726	(3, 1.061)	1	1	1
r10i1231p1f1	1968-08-24	5	0.96	1.098	0.3	2.462416148211989	1.471118381520608	(5, 0.96)	1	1	1
r10i1231p1f1	1970-07-30	3	0.942	0.967	0.125	1.7740664640856596	0.5004837622947399	(3, 0.942)	1	1	1
r10i1231p1f1	1971-07-25	5	0.978	1.171	0.393	2.4794226744093772	1.685263786509437	(5, 0.978)	1	1	1
r10i1231p1f1	1972-06-01	8	1.069	1.341	1.355	3.2263958294567914	3.455058793299777	(8, 1.069)	0	3	2
r10i1231p1f1	1974-07-04	3	1.236	1.34	1.007	2.0045084361444423	1.8297816262051394	(3, 1.236)	0	3	3
r10i1231p1f1	1978-08-10	14	1.229	1.491	4.608	4.1802004482295745	5.4905141743782275	(14, 1.229)	2	2	4
r10i1231p1f1	1979-06-08	5	1.055	1.143	0.776	2.5490746789668535	2.2696427796572163	(5, 1.055)	1	1	1
r10i1231p1f1	1979-07-16	4	0.947	0.968	0.187	2.1489676043284462	0.9146894505071812	(4, 0.947)	1	1	1
r10i1231p1f1	1980-07-02	4	1.247	1.525	1.39	2.3957110709835296	2.4948569806411682	(4, 1.247)	0	0	3
r10i1231p1f1	1981-07-10	3	1.239	1.385	1.016	2.0066064122360014	1.8372570539560484	(3, 1.239)	0	3	3
r10i1231p1f1	1982-06-13	3	1.176	1.289	0.827	1.9615972110500632	1.6671817872009336	(3, 1.176)	0	3	3
r10i1231p1f1	1985-07-10	3	1.016	1.138	0.347	1.8372570539560484	1.0307134223532146	(3, 1.016)	1	1	1
r10i1231p1f1	1985-08-17	3	1.064	1.083	0.491	1.8762087885512986	1.2673167859082781	(3, 1.064)	1	1	1
r10i1231p1f1	1985-08-26	7	1.155	1.348	1.784	3.1086545972875452	3.527540486204494	(7, 1.155)	0	3	2
r10i1231p1f1	1987-08-03	4	1.035	1.058	0.539	2.2278615467981093	1.6699684121741327	(4, 1.035)	1	1	1
r10i1231p1f1	1988-06-30	5	1.053	1.269	0.767	2.54732557472535	2.2591890273216806	(5, 1.053)	1	3	1
r10i1231p1f1	1989-06-19	6	1.262	1.457	2.173	2.9728492596849274	3.4945798642395918	(6, 1.262)	0	0	0
r10i1231p1f1	1989-08-12	6	1.232	1.37	1.992	2.9500352999136945	3.410365274667038	(6, 1.232)	0	3	3
r10i1231p1f1	1991-07-16	8	1.357	1.777	3.657	3.4564871668621238	4.427817829779663	(8, 1.357)	2	0	0
r10i1231p1f1	1991-08-18	5	0.938	1.058	0.19	2.4412297866508768	1.1391989206527122	(5, 0.938)	1	1	1
r10i1231p1f1	1995-06-07	4	1.498	1.822	2.394	2.56371783021229	3.003303539050309	(4, 1.498)	2	0	0
r10i1231p1f1	1995-07-04	5	1.016	1.213	0.58	2.5144027741510016	2.012847193410308	(5, 1.016)	1	1	1
r10i1231p1f1	1995-07-13	3	1.015	1.082	0.344	1.8364292051354612	1.025136682368824	(3, 1.015)	1	1	1
r10i1231p1f1	1995-07-29	10	1.236	1.793	3.358	3.6910209564521237	4.674596279353131	(10, 1.236)	2	2	4
r10i1231p1f1	1998-06-11	3	1.075	1.258	0.526	1.8849255117711192	1.3172593925889304	(3, 1.075)	1	1	1
r10i1231p1f1	1999-06-08	3	1.22	1.31	0.959	1.993244281711825	1.7889405286417714	(3, 1.22)	0	3	3
r10i1231p1f1	2002-06-04	3	1.289	1.482	1.166	2.0409398314549385	1.9542628429622635	(3, 1.289)	0	3	3
r10i1231p1f1	2002-06-13	3	1.258	1.387	1.073	2.0197923479787105	1.8833462940570747	(3, 1.258)	0	3	3
r10i1231p1f1	2002-06-30	3	1.101	1.152	0.605	1.90523156945898	1.421582403309789	(3, 1.101)	1	1	1
r10i1231p1f1	2002-07-05	10	1.26	1.623	3.601	3.7097770336458082	4.743832554859588	(10, 1.26)	2	2	4
r10i1231p1f1	2002-07-27	7	1.304	1.666	2.826	3.224874515389666	3.9766537554777455	(7, 1.304)	2	0	0
r10i1231p1f1	2002-08-13	3	1.138	1.219	0.715	1.9334357313176844	1.550801721103776	(3, 1.138)	1	3	3
r10i1231p1f1	2002-08-26	3	0.96	1.017	0.18	1.7898086218618807	0.6602661955601928	(3, 0.96)	1	1	1
r10i1231p1f1	2003-08-01	3	1.273	1.384	1.118	2.030080856770745	1.9182890911516206	(3, 1.273)	0	3	3
r10i1231p1f1	2005-06-04	4	1.197	1.343	1.189	2.3585872831093306	2.352517461742255	(4, 1.197)	0	3	3
r10i1231p1f1	2005-06-14	3	1.032	1.138	0.396	1.8504102698672793	1.117655267828818	(3, 1.032)	1	1	1
r10i1231p1f1	2006-06-17	3	0.953	1.053	0.16	1.7837160842352977	0.6050721768288292	(3, 0.953)	1	1	1
r10i1231p1f1	2006-07-13	4	1.163	1.399	1.053	2.332532169361998	2.243259626909231	(4, 1.163)	0	3	3
r10i1231p1f1	2007-07-28	4	1.285	1.531	1.539	2.423031246069913	2.5886658840788526	(4, 1.285)	0	0	0
r10i1231p1f1	2008-08-06	4	0.92	0.952	0.08	2.1234584270966104	0.49469624183610705	(4, 0.92)	1	1	1
r10i1231p1f1	2009-07-07	3	1.154	1.258	0.762	1.9453899989154602	1.6012985063790617	(3, 1.154)	1	3	3
r10i1231p1f1	2009-07-13	5	1.087	1.227	0.934	2.576652109103335	2.4373290274982997	(5, 1.087)	1	3	3
r10i1231p1f1	2009-08-12	3	1.405	1.655	1.516	2.1163270970480506	2.1835050122308313	(3, 1.405)	0	0	0
r10i1231p1f1	2009-08-26	11	1.109	1.366	2.295	3.72471718743697	4.439448401439567	(11, 1.109)	0	2	2
r10i1251p1f1	1852-05-31	3	1.171	1.301	0.798	1.9579367511104981	1.6383226299237716	(3, 1.171)	0	3	3
r10i1251p1f1	1855-08-07	3	1.193	1.264	0.863	1.9739434943828855	1.701885734287855	(3, 1.193)	0	3	3
r10i1251p1f1	1856-08-02	3	1.099	1.197	0.581	1.9036841206135722	1.3910242967152038	(3, 1.099)	1	1	1
r10i1251p1f1	1860-07-16	3	1.027	1.054	0.364	1.8463184440077063	1.061740634693605	(3, 1.027)	1	1	1
r10i1251p1f1	1861-06-10	9	1.144	1.519	2.153	3.4622297634704386	4.0797553215787925	(9, 1.144)	0	3	2
r10i1251p1f1	1861-06-27	4	1.029	1.167	0.496	2.2226757097657437	1.6030173446311777	(4, 1.029)	1	1	1
r10i1251p1f1	1862-08-01	5	1.03	1.125	0.625	2.5269878578958624	2.077904414615964	(5, 1.03)	1	1	1
r10i1251p1f1	1863-08-17	3	1.091	1.193	0.558	1.897470267505701	1.3608363001904369	(3, 1.091)	1	1	1
r10i1251p1f1	1864-06-07	6	0.977	1.104	0.431	2.7316956882298093	1.9925729465196635	(6, 0.977)	1	1	1
r10i1251p1f1	1865-06-05	3	1.069	1.139	0.491	1.8801803570932276	1.2673167859082781	(3, 1.069)	1	1	1
r10i1251p1f1	1867-06-24	3	1.218	1.46	0.939	1.991827299029127	1.7714185082929799	(3, 1.218)	0	3	3
r10i1251p1f1	1867-07-06	8	1.224	1.32	2.553	3.3567562907417097	4.07359401091676	(8, 1.224)	0	3	2
r10i1251p1f1	1867-08-18	3	1.058	1.141	0.458	1.871421991289987	1.2178277230180439	(3, 1.058)	1	1	1
r10i1251p1f1	1870-06-12	4	1.062	1.143	0.629	2.250870657307367	1.797078630705655	(4, 1.062)	1	1	1
r10i1251p1f1	1870-08-12	4	1.116	1.159	0.844	2.295359047902306	2.047950874588465	(4, 1.116)	1	1	1
r10i1251p1f1	1871-07-21	4	1.115	1.22	0.837	2.2945529212967815	2.0407007133634054	(4, 1.115)	1	3	3
r10i1251p1f1	1872-08-10	4	1.016	1.121	0.443	2.2113466125597747	1.5138076814188501	(4, 1.016)	1	1	1
r10i1251p1f1	1873-06-30	9	1.225	1.495	2.882	3.5285639775825963	4.367090646057901	(9, 1.225)	2	0	2
r10i1251p1f1	1875-06-09	4	1.2	1.376	1.179	2.3608540011180215	2.344878005184297	(4, 1.2)	0	3	3
r10i1251p1f1	1876-06-23	3	0.966	0.998	0.184	1.7950014151602462	0.6709486286741467	(3, 0.966)	1	1	1
r10i1251p1f1	1877-06-02	8	1.355	1.479	3.601	3.455058793299777	4.412571947843859	(8, 1.355)	2	0	0
r10i1251p1f1	1877-08-04	16	1.249	1.612	5.508	4.393658718903589	5.867917431012234	(16, 1.249)	2	2	4
r10i1251p1f1	1878-07-25	9	1.016	1.31	0.993	3.3475152714122958	3.3254316258877754	(9, 1.016)	1	3	2
r10i1251p1f1	1879-06-22	3	1.265	1.39	1.079	2.024606827905257	1.888076485048371	(3, 1.265)	0	3	3
r10i1251p1f1	1879-07-13	5	1.192	1.323	1.435	2.6621434361518546	2.8357857818263104	(5, 1.192)	0	3	3
r10i1251p1f1	1879-07-21	3	0.962	1.015	0.17	1.7915425508102527	0.6330499353317208	(3, 0.962)	1	1	1
r10i1251p1f1	1883-05-31	12	1.467	1.843	6.744	4.126844743633471	5.639573909778829	(12, 1.467)	2	2	4
r10i1251p1f1	1883-08-02	6	1.343	1.702	2.629	3.031967204237329	3.6797945915022736	(6, 1.343)	2	0	0
r10i1251p1f1	1886-06-14	7	1.174	1.587	1.884	3.124247920331631	3.5805191182223175	(7, 1.174)	0	0	2
r10i1251p1f1	1886-07-29	4	1.203	1.263	1.192	2.3631155927340783	2.35479796444098	(4, 1.203)	0	3	3
r10i1251p1f1	1886-08-26	3	1.17	1.293	0.795	1.9572030484955636	1.6352891074723162	(3, 1.17)	0	3	3
r10i1251p1f1	1888-06-01	6	1.071	1.154	0.995	2.8178262192924324	2.7487732316482894	(6, 1.071)	1	1	1
r10i1251p1f1	1889-07-24	3	1.221	1.367	0.948	1.9939520208237795	1.7793414330419388	(3, 1.221)	0	3	3
r10i1251p1f1	1889-08-19	4	1.267	1.45	1.446	2.410183103592064	2.53115390095332	(4, 1.267)	0	3	3
r10i1251p1f1	1891-07-21	4	1.253	1.423	1.393	2.4000747142713026	2.4968352206532742	(4, 1.253)	0	3	3
r10i1251p1f1	1892-06-25	3	1.027	1.05	0.364	1.8463184440077063	1.061740634693605	(3, 1.027)	1	1	1
r10i1251p1f1	1894-06-26	4	1.126	1.233	0.884	2.30338477316461	2.088401283051308	(4, 1.126)	1	3	3
r10i1251p1f1	1895-06-02	5	1.136	1.304	1.154	2.6174590507043134	2.6320407875973544	(5, 1.136)	0	3	3
r10i1251p1f1	1895-06-17	3	0.961	1.006	0.167	1.7906759621497192	0.6247384890809111	(3, 0.961)	1	1	1
r10i1251p1f1	1895-07-23	3	1.023	1.117	0.352	1.8430328854192755	1.039939429620377	(3, 1.023)	1	1	1
r10i1251p1f1	1896-07-26	8	1.199	1.34	2.348	3.3368463267051403	3.9913733216614102	(8, 1.199)	0	3	2
r10i1251p1f1	1897-07-17	6	1.178	1.309	1.637	2.9076108353283825	3.2212285851006133	(6, 1.178)	0	3	3
r10i1251p1f1	1899-06-30	3	0.986	1.055	0.243	1.8121185248247058	0.8165433392211622	(3, 0.986)	1	1	1
r10i1251p1f1	1900-07-11	3	1.131	1.292	0.677	1.9281604641562224	1.508024085051131	(3, 1.131)	1	3	3
r10i1251p1f1	1900-07-24	4	1.09	1.193	0.739	2.2741856184723477	1.9332590315017546	(4, 1.09)	1	1	1
r10i1251p1f1	1900-08-17	3	1.021	1.079	0.346	1.841386049152454	1.0288579624396714	(3, 1.021)	1	1	1
r10i1251p1f1	1900-08-26	3	1.065	1.138	0.478	1.8770043651306039	1.2481124165809672	(3, 1.065)	1	1	1
r10i1251p1f1	1901-07-28	6	1.048	1.202	0.859	2.7974271475294903	2.611882129929958	(6, 1.048)	1	1	1
r10i1251p1f1	1901-08-15	3	1.077	1.175	0.514	1.886502239488306	1.300415709247018	(3, 1.077)	1	1	1
r10i1251p1f1	1902-06-05	7	1.479	1.819	4.02	3.346088512779368	4.323489295612533	(7, 1.479)	2	0	0
r10i1251p1f1	1905-06-02	6	1.235	1.365	1.976	2.9523402603016544	3.4025681214502166	(6, 1.235)	0	3	3
r10i1251p1f1	1905-08-21	3	1.082	1.171	0.53	1.8904332164023727	1.3228114916618343	(3, 1.082)	1	1	1
r10i1251p1f1	1906-06-06	4	1.062	1.165	0.626	2.250870657307367	1.7930919144618336	(4, 1.062)	1	1	1
r10i1251p1f1	1906-08-28	3	1.047	1.125	0.425	1.8625862382302412	1.1657613929071542	(3, 1.047)	1	1	1
r10i1251p1f1	1911-08-18	10	1.265	1.433	3.603	3.71364065950128	4.744382969741224	(10, 1.265)	2	2	2
r10i1251p1f1	1918-06-14	7	1.212	1.357	2.146	3.1547235383834935	3.7073202769971263	(7, 1.212)	0	3	2
r10i1251p1f1	1918-06-24	4	1.209	1.394	1.216	2.367623489173268	2.3728571459793772	(4, 1.209)	0	3	3
r10i1251p1f1	1920-08-10	3	1.056	1.118	0.453	1.8698212867532615	1.2101110409918319	(3, 1.056)	1	1	1
r10i1251p1f1	1923-07-22	8	1.046	1.203	1.126	3.2055181340186425	3.2763320080929623	(8, 1.046)	1	3	2
r10i1251p1f1	1923-08-25	4	1.114	1.291	0.834	2.293746144326841	2.037577337581137	(4, 1.114)	1	3	3
r10i1251p1f1	1927-06-07	4	1.255	1.445	1.399	2.401525040848949	2.5007799989442905	(4, 1.255)	0	3	3
r10i1251p1f1	1927-06-14	3	1.165	1.372	0.779	1.9535264388390532	1.6189530470760969	(3, 1.165)	0	3	3
r10i1251p1f1	1927-06-22	7	1.237	1.431	2.319	3.174278404158264	3.783018062271395	(7, 1.237)	0	0	2
r10i1251p1f1	1927-07-02	3	1.247	1.381	1.025	2.0121795915224925	1.8446770140747886	(3, 1.247)	0	3	3
r10i1251p1f1	1927-07-27	7	1.032	1.37	0.887	3.00136177170958	2.8580476906707153	(7, 1.032)	1	3	2
r10i1251p1f1	1927-08-07	21	1.312	1.536	8.537	4.846225366395083	6.712409785155137	(21, 1.312)	2	2	4
r10i1251p1f1	1928-07-09	6	1.083	1.169	1.066	2.828306285797379	2.8134269003195542	(6, 1.083)	1	3	1
r10i1251p1f1	1928-07-29	6	1.104	1.199	1.195	2.846386203028838	2.9211618113165834	(6, 1.104)	1	3	3
r10i1251p1f1	1932-06-09	7	1.151	1.349	1.721	3.1053405786624477	3.4926627871911085	(7, 1.151)	0	3	2
r10i1251p1f1	1934-06-08	5	1.093	1.188	0.938	2.581739268354416	2.4412297866508768	(5, 1.093)	1	3	1
r10i1251p1f1	1934-08-08	6	1.09	1.277	1.106	2.834369317884592	2.848091173131013	(6, 1.09)	1	3	3
r10i1251p1f1	1938-06-05	7	1.108	1.299	1.417	3.0690035142885246	3.3048042149689927	(7, 1.108)	0	3	2
r10i1251p1f1	1938-06-30	3	1.286	1.436	1.141	2.038912735373727	1.93568806891756	(3, 1.286)	0	3	3
r10i1251p1f1	1938-07-19	8	1.13	1.251	1.801	3.279744415329604	3.7317468277396872	(8, 1.13)	0	3	2
r10i1251p1f1	1938-07-29	5	1.155	1.263	1.25	2.6328446831775123	2.706410514842709	(5, 1.155)	0	3	3
r10i1251p1f1	1938-08-14	3	1.246	1.384	1.021	2.011484640358179	1.841386049152454	(3, 1.246)	0	3	3
r10i1251p1f1	1940-06-01	3	1.105	1.21	0.599	1.9083193018307179	1.4140299735257975	(3, 1.105)	1	1	1
r10i1251p1f1	1940-07-15	4	1.078	1.191	0.692	2.264259978672378	1.8773253575577016	(4, 1.078)	1	1	1
r10i1251p1f1	1940-07-31	4	1.065	1.162	0.64	2.253394848803274	1.8115620965242347	(4, 1.065)	1	1	1
r10i1251p1f1	1941-07-13	3	1.086	1.234	0.541	1.8935669098428978	1.3379227052932496	(3, 1.086)	1	1	1
r10i1251p1f1	1943-06-22	3	1.166	1.25	0.783	1.9542628429622635	1.6230621489914792	(3, 1.166)	1	3	3
r10i1251p1f1	1945-06-18	3	0.97	1.016	0.196	1.7984483569941683	0.7023278464110895	(3, 0.97)	1	1	1
r10i1251p1f1	1947-08-09	4	1.376	1.64	1.883	2.4855730943311607	2.7765807435093186	(4, 1.376)	0	0	0
r10i1251p1f1	1950-06-16	3	1.285	1.408	1.139	2.03823612251305	1.9341870743280345	(3, 1.285)	0	3	3
r10i1251p1f1	1950-07-27	3	1.233	1.387	0.983	2.0024060492939144	1.8095695623406716	(3, 1.233)	0	3	3
r10i1251p1f1	1951-07-16	3	1.044	1.123	0.416	1.8601628760179363	1.151078041275708	(3, 1.044)	1	1	1
r10i1251p1f1	1952-06-27	4	0.942	0.982	0.146	2.144292513999452	0.7738050835773997	(4, 0.942)	1	1	1
r10i1251p1f1	1952-07-22	5	1.23	1.458	1.622	2.691366333605301	2.9514935788349446	(5, 1.23)	0	3	3
r10i1251p1f1	1952-08-15	4	1.129	1.243	0.894	2.305779983890565	2.0982632959204235	(4, 1.129)	1	3	3
r10i1251p1f1	1953-06-12	4	1.136	1.215	0.924	2.3113465986626185	2.127278871093996	(4, 1.136)	1	3	3
r10i1251p1f1	1953-06-18	3	1.125	1.183	0.66	1.9236165511600132	1.4882778156924215	(3, 1.125)	1	1	3
r10i1251p1f1	1954-08-03	4	1.018	1.111	0.453	2.2130979264925097	1.5312601313700764	(4, 1.018)	1	1	1
r10i1251p1f1	1955-06-05	5	1.324	1.412	2.092	2.76018524182164	3.1941433243128747	(5, 1.324)	0	0	0
r10i1251p1f1	1955-07-08	5	1.105	1.202	1.001	2.591836601413134	2.5007406467417255	(5, 1.105)	1	3	3
r10i1251p1f1	1956-07-04	3	1.129	1.369	0.672	1.926648119458506	1.502256724370767	(3, 1.129)	0	3	3
r10i1251p1f1	1958-06-11	3	1.135	1.218	0.688	1.9311783092390282	1.5205963963404616	(3, 1.135)	1	3	3
r10i1251p1f1	1959-06-02	4	1.302	1.533	1.587	2.4350158801745354	2.6171038193993863	(4, 1.302)	0	0	0
r10i1251p1f1	1959-07-29	3	1.125	1.273	0.659	1.9236165511600132	1.4871040378774207	(3, 1.125)	1	3	3
r10i1251p1f1	1962-06-12	8	1.193	1.356	2.304	3.332008365174947	3.972808908606453	(8, 1.193)	0	3	2
r10i1251p1f1	1963-06-03	5	1.103	1.238	0.988	2.590160776980125	2.4887472493057423	(5, 1.103)	1	3	3
r10i1251p1f1	1963-07-09	4	1.269	1.409	1.454	2.411618854018168	2.536233276953341	(4, 1.269)	0	3	3
r10i1251p1f1	1963-08-19	5	1.217	1.517	1.56	2.6814648306528506	2.914594353514609	(5, 1.217)	0	3	3
r10i1251p1f1	1964-07-12	3	1.235	1.39	0.989	2.0038081315273124	1.8146610066145417	(3, 1.235)	0	3	3
r10i1251p1f1	1966-07-07	3	1.112	1.232	0.619	1.913699997788122	1.4389860353615849	(3, 1.112)	1	1	3
r10i1251p1f1	1967-08-22	6	1.379	1.609	2.842	3.057160249385185	3.755806505454949	(6, 1.379)	2	0	0
r10i1251p1f1	1968-07-30	8	1.306	1.611	3.205	3.4194107270895353	4.297569331601937	(8, 1.306)	2	0	0
r10i1251p1f1	1969-06-11	3	0.994	1.03	0.265	1.8188841638866633	0.8658309392978649	(3, 0.994)	1	1	1
r10i1251p1f1	1969-07-04	8	1.086	1.4	1.444	3.2415517657246378	3.5167257335785593	(8, 1.086)	0	3	2
r10i1251p1f1	1969-07-14	5	1.326	1.521	2.103	2.7615992265	3.199173187735978	(5, 1.326)	0	0	0
r10i1251p1f1	1969-07-23	5	1.286	1.486	1.904	2.7329325254733114	3.1040200222426306	(5, 1.286)	0	0	0
r10i1251p1f1	1973-06-10	6	1.086	1.257	1.083	2.830909230681918	2.828306285797379	(6, 1.086)	1	3	3
r10i1251p1f1	1974-07-12	3	1.098	1.176	0.579	1.9029094972892788	1.3884351312223295	(3, 1.098)	1	1	1
r10i1251p1f1	1974-07-20	5	1.419	1.624	2.567	2.8252346754556843	3.3911447727828317	(5, 1.419)	0	0	0
r10i1251p1f1	1974-08-15	7	1.158	1.276	1.766	3.1111329236929453	3.5176989360499857	(7, 1.158)	0	3	2
r10i1251p1f1	1977-06-07	6	1.034	1.101	0.772	2.784803465359578	2.5133350794648	(6, 1.034)	1	1	1
r10i1251p1f1	1977-07-19	5	1.065	1.156	0.801	2.5577746019013627	2.2981203659053353	(5, 1.065)	1	1	1
r10i1251p1f1	1978-06-12	4	1.215	1.358	1.241	2.372111155642656	2.3913283028284344	(4, 1.215)	0	3	3
r10i1251p1f1	1978-06-27	5	1.108	1.282	1.014	2.5943450840730553	2.512591905636091	(5, 1.108)	1	3	3
r10i1251p1f1	1978-08-02	4	0.993	1.059	0.35	2.1909829164127435	1.33500106673234	(4, 0.993)	1	1	1
r10i1251p1f1	1979-07-29	3	1.236	1.291	0.992	2.0045084361444423	1.8171970405807354	(3, 1.236)	0	3	3
r10i1251p1f1	1979-08-15	15	1.26	1.571	5.318	4.306755865008557	5.736404159238187	(15, 1.26)	2	2	4
r10i1251p1f1	1984-05-30	8	1.046	1.269	1.13	3.2055181340186425	3.279744415329604	(8, 1.046)	1	3	2
r10i1251p1f1	1984-06-17	13	1.495	1.949	7.666	4.2637200265832815	5.886998156629381	(13, 1.495)	2	2	4
r10i1251p1f1	1984-07-21	9	1.316	1.484	3.693	3.5981885888294327	4.612255029111302	(9, 1.316)	2	2	0
r10i1251p1f1	1984-08-06	8	1.246	1.517	2.723	3.3739550419102926	4.136996185717538	(8, 1.246)	2	0	0
r10i1251p1f1	1984-08-16	11	1.209	1.475	3.337	3.809055027300384	4.8100955589290475	(11, 1.209)	2	2	2
r10i1251p1f1	1986-06-07	5	1.302	1.457	1.983	2.74449800492959	3.142884837744035	(5, 1.302)	0	0	0
r10i1251p1f1	1989-07-08	4	1.077	1.162	0.688	2.263428377792852	1.8724173722455095	(4, 1.077)	1	1	1
r10i1251p1f1	1989-08-25	3	1.39	1.44	1.454	2.1068927686657215	2.146539942428245	(3, 1.39)	0	0	0
r10i1251p1f1	1990-07-06	13	1.409	1.845	6.555	4.20533245514008	5.730901578133882	(13, 1.409)	2	2	4
r10i1251p1f1	1993-06-26	3	1.064	1.215	0.476	1.8762087885512986	1.2451248876848824	(3, 1.064)	1	1	1
r10i1251p1f1	1996-06-15	4	1.123	1.209	0.869	2.3009838116270718	2.073423469354273	(4, 1.123)	1	3	3
r10i1251p1f1	1996-07-06	4	1.172	1.309	1.066	2.3394954470141425	2.2542348320529992	(4, 1.172)	0	3	3
r10i1251p1f1	1997-06-21	3	1.2	1.409	0.884	1.9789832829743619	1.721587106284578	(3, 1.2)	0	3	3
r10i1251p1f1	1997-07-07	6	1.364	1.744	2.752	3.046740169828907	3.724390763061734	(6, 1.364)	2	0	0
r10i1251p1f1	1997-08-10	6	1.153	1.339	1.486	2.887343290078549	3.1284980846118664	(6, 1.153)	0	3	3
r10i1251p1f1	1998-06-17	3	1.079	1.147	0.521	1.888076485048371	1.3102756371655788	(3, 1.079)	1	1	1
r10i1251p1f1	1999-07-25	3	1.066	1.117	0.482	1.8777993092709364	1.25406083097726	(3, 1.066)	1	1	1
r10i1251p1f1	1999-08-24	3	1.171	1.284	0.799	1.9579367511104981	1.6393317625685195	(3, 1.171)	0	3	3
r10i1251p1f1	2002-07-29	4	1.194	1.281	1.154	2.3563154154150134	2.3255200642765415	(4, 1.194)	0	3	3
r10i1251p1f1	2003-06-29	3	1.223	1.342	0.954	1.9953659981339325	1.7845887226446142	(3, 1.223)	0	3	3
r10i1251p1f1	2003-08-17	6	1.053	1.132	0.884	2.801897262276612	2.6384924269250587	(6, 1.053)	1	1	1
r10i1251p1f1	2004-06-09	14	1.491	1.873	8.206	4.370755304866098	6.0657752440487505	(14, 1.491)	2	2	4
r10i1251p1f1	2004-08-09	3	1.213	1.42	0.924	1.9882760330494176	1.7580725218647602	(3, 1.213)	0	3	3
r10i1251p1f1	2005-07-20	4	1.025	1.131	0.479	2.2192034840549946	1.5752604606325138	(4, 1.025)	1	1	1
r10i1251p1f1	2005-08-26	4	1.121	1.135	0.864	2.2993799620450974	2.068380594320411	(4, 1.121)	1	1	1
r10i1251p1f1	2006-06-15	3	1.092	1.179	0.56	1.8982491140189333	1.3634978225030308	(3, 1.092)	1	1	1
r10i1251p1f1	2006-07-30	3	1.002	1.119	0.289	1.8256043365139252	0.9169657240805377	(3, 1.002)	1	1	1
r10i1251p1f1	2008-08-19	4	1.12	1.227	0.858	2.298577071596507	2.0622953828448654	(4, 1.12)	1	3	3
r10i1251p1f1	2010-07-08	4	1.305	1.475	1.598	2.437115985951652	2.6235084992256286	(4, 1.305)	0	0	0
r10i1281p1f1	1852-07-26	6	1.057	1.175	1.02	2.8054590225943836	2.7720183862436882	(6, 1.057)	1	1	1
r10i1281p1f1	1852-08-13	7	1.078	1.198	1.34	3.0428467198871294	3.2510388951080773	(7, 1.078)	1	3	2
r10i1281p1f1	1853-06-01	4	1.035	1.151	0.594	2.2278615467981093	1.7495476204187455	(4, 1.035)	1	1	1
r10i1281p1f1	1855-06-28	5	1.125	1.407	1.19	2.6084421728161775	2.660581476076026	(5, 1.125)	0	3	3
r10i1281p1f1	1855-07-29	3	1.214	1.402	0.982	1.9889872958811943	1.8087184623074828	(3, 1.214)	0	3	3
r10i1281p1f1	1855-08-17	3	0.983	1.002	0.289	1.8095695623406716	0.9169657240805377	(3, 0.983)	1	1	1
r10i1281p1f1	1858-06-04	5	1.372	1.618	2.429	2.7935809802260967	3.337797610542065	(5, 1.372)	0	0	0
r10i1281p1f1	1858-06-11	13	0.974	1.182	1.14	3.8427477422851033	3.996993916960224	(13, 0.974)	1	3	2
r10i1281p1f1	1860-07-06	5	1.274	1.583	1.936	2.724169780877845	3.1199451720303606	(5, 1.274)	0	0	0
r10i1281p1f1	1860-08-08	5	0.962	1.024	0.379	2.464320107911848	1.655815419411518	(5, 0.962)	1	1	1
r10i1281p1f1	1861-06-13	5	1.231	1.409	1.721	2.692123942275254	3.007728280207955	(5, 1.231)	0	3	3
r10i1281p1f1	1861-06-20	12	1.153	1.393	3.201	3.890376602341295	4.898310370115936	(12, 1.153)	2	2	2
r10i1281p1f1	1861-07-04	5	1.161	1.308	1.374	2.6376545325400946	2.7949485553697855	(5, 1.161)	0	3	3
r10i1281p1f1	1862-08-24	3	1.166	1.273	0.84	1.9542628429622635	1.6798531384421636	(3, 1.166)	1	3	3
r10i1281p1f1	1863-07-25	9	0.981	1.063	0.853	3.313713165629035	3.1793446635308684	(9, 0.981)	1	1	2
r10i1281p1f1	1864-06-02	7	1.111	1.327	1.57	3.0715819541238516	3.403754340142452	(7, 1.111)	0	3	2
r10i1281p1f1	1864-07-23	4	1.346	1.473	1.838	2.4653839832991364	2.75391545697416	(4, 1.346)	0	0	0
r10i1281p1f1	1866-06-15	4	1.055	1.085	0.676	2.2449559801574095	1.8575472097660581	(4, 1.055)	1	1	1
r10i1281p1f1	1869-07-04	7	1.316	1.551	3.005	3.2336722588289915	4.036951629618488	(7, 1.316)	2	0	0
r10i1281p1f1	1870-06-01	4	1.23	1.446	1.373	2.3832429960115	2.4835724267748636	(4, 1.23)	0	3	3
r10i1281p1f1	1870-07-11	3	1.031	1.148	0.433	1.8495932430423958	1.1786346881452736	(3, 1.031)	1	1	1
r10i1281p1f1	1870-07-28	12	1.236	1.442	4.188	3.958516346407443	5.165310926228299	(12, 1.236)	2	2	4
r10i1281p1f1	1872-06-09	6	1.045	1.159	0.95	2.79473545580728	2.7055197711874226	(6, 1.045)	1	1	1
r10i1281p1f1	1873-06-14	4	1.011	1.1	0.496	2.2069548619787955	1.6030173446311777	(4, 1.011)	1	1	1
r10i1281p1f1	1873-07-31	3	1.149	1.381	0.787	1.9416696183705373	1.6271544352619451	(3, 1.149)	0	3	3
r10i1281p1f1	1874-06-28	3	1.038	1.12	0.455	1.8552984620613318	1.213204863124527	(3, 1.038)	1	1	1
r10i1281p1f1	1875-07-02	9	1.057	1.326	1.535	3.3857114241267077	3.748209120189931	(9, 1.057)	0	3	2
r10i1281p1f1	1875-08-04	5	1.141	1.459	1.271	2.6215309075023274	2.7219670441761172	(5, 1.141)	0	3	3
r10i1281p1f1	1877-06-15	4	1.159	1.285	1.089	2.3294217469476055	2.2733622343171422	(4, 1.159)	0	3	3
r10i1281p1f1	1877-08-07	6	1.062	1.155	1.055	2.809893456908168	2.80367972820173	(6, 1.062)	1	1	1
r10i1281p1f1	1878-08-21	5	0.998	1.06	0.557	2.497985679152668	1.9778861824087735	(5, 0.998)	1	1	1
r10i1281p1f1	1879-07-04	9	1.138	1.341	2.267	3.4571365339862634	4.130499683811651	(9, 1.138)	0	3	2
r10i1281p1f1	1879-07-15	7	0.952	1.015	0.458	2.924842250233481	2.2494246569263736	(7, 0.952)	1	1	1
r10i1281p1f1	1880-07-15	5	1.106	1.214	1.097	2.592673461659552	2.585116387177589	(5, 1.106)	1	3	3
r10i1281p1f1	1880-08-04	4	0.979	1.066	0.37	2.1783814895347393	1.3762440252663892	(4, 0.979)	1	1	1
r10i1281p1f1	1881-06-17	8	0.98	1.278	0.75	3.1430684440360803	2.888735016302747	(8, 0.98)	1	3	2
r10i1281p1f1	1882-06-02	4	1.215	1.564	1.313	2.372111155642656	2.442694800978691	(4, 1.215)	0	3	3
r10i1281p1f1	1882-06-10	6	1.018	1.137	0.786	2.7701785293644865	2.5298635738492234	(6, 1.018)	1	1	1
r10i1281p1f1	1886-06-23	3	1.06	1.084	0.519	1.8730201376660125	1.3074684211342518	(3, 1.06)	1	1	1
r10i1281p1f1	1886-07-31	3	1.05	1.228	0.489	1.8650037419525174	1.2643861665684624	(3, 1.05)	1	1	1
r10i1281p1f1	1886-08-27	5	0.946	1.028	0.297	2.448985951833117	1.4633852425734344	(5, 0.946)	1	1	1
r10i1281p1f1	1887-06-16	4	1.031	1.197	0.577	2.2244073119300216	1.72561966672351	(4, 1.031)	1	1	1
r10i1281p1f1	1891-07-07	3	1.036	1.145	0.447	1.8536717181554538	1.2007717262228672	(3, 1.036)	1	1	1
r10i1281p1f1	1891-07-23	8	1.225	1.461	2.709	3.357544502804479	4.131924067912616	(8, 1.225)	0	0	2
r10i1281p1f1	1893-06-24	3	1.201	1.336	0.944	1.9797011838168412	1.7758278805804821	(3, 1.201)	0	3	3
r10i1281p1f1	1893-07-21	3	1.066	1.156	0.539	1.8777993092709364	1.335192142118085	(3, 1.066)	1	1	1
r10i1281p1f1	1894-06-27	9	1.428	1.694	4.869	3.677717389407744	4.886303361147034	(9, 1.428)	2	2	4
r10i1281p1f1	1894-07-28	3	0.988	1.042	0.305	1.8138142307275258	0.9496583834350669	(3, 0.988)	1	1	1
r10i1281p1f1	1897-08-11	3	1.226	1.301	1.018	1.9974832224048533	1.8389106984286396	(3, 1.226)	0	3	3
r10i1281p1f1	1898-06-17	6	1.183	1.368	1.779	2.911615513711797	3.3012243096506353	(6, 1.183)	0	3	3
r10i1281p1f1	1899-06-11	4	1.135	1.248	0.993	2.3105532626432224	2.1909829164127435	(4, 1.135)	1	3	3
r10i1281p1f1	1899-07-12	3	0.987	1.182	0.302	1.8129667372033864	0.943609369210124	(3, 0.987)	1	1	1
r10i1281p1f1	1900-07-05	7	1.223	1.514	2.358	3.163374826244585	3.7993193982647684	(7, 1.223)	0	0	0
r10i1281p1f1	1900-08-23	5	1.216	1.37	1.649	2.68069910024658	2.967146592112795	(5, 1.216)	0	3	3
r10i1281p1f1	1904-07-19	3	1.029	1.136	0.428	1.8479571840630418	1.1706083198612842	(3, 1.029)	1	1	1
r10i1281p1f1	1905-07-26	4	1.155	1.348	1.075	2.3263016196113617	2.2617630984737906	(4, 1.155)	0	3	3
r10i1281p1f1	1906-06-18	12	1.451	1.792	6.769	4.116056106943797	5.643260927090967	(12, 1.451)	2	2	4
r10i1281p1f1	1906-08-26	3	1.015	1.183	0.385	1.8364292051354612	1.098785167970973	(3, 1.015)	1	1	1
r10i1281p1f1	1909-06-17	3	1.055	1.119	0.506	1.8690199726127856	1.2890268766635846	(3, 1.055)	1	1	1
r10i1281p1f1	1909-07-07	3	1.016	1.12	0.388	1.8372570539560484	1.1039669733908037	(3, 1.016)	1	1	1
r10i1281p1f1	1912-05-31	12	1.027	1.341	1.688	3.7771555962727468	4.2650551147215285	(12, 1.027)	0	3	2
r10i1281p1f1	1912-07-16	3	1.256	1.435	1.11	2.0184125141151683	1.9121656080879328	(3, 1.256)	0	3	3
r10i1281p1f1	1913-07-25	4	1.019	1.065	0.529	2.213972434637442	1.6547936141548976	(4, 1.019)	1	1	1
r10i1281p1f1	1913-08-25	11	1.065	1.267	1.963	3.6852292858232496	4.285183618275052	(11, 1.065)	0	3	2
r10i1281p1f1	1916-06-29	4	1.1	1.211	0.854	2.2823823856765264	2.0582179052282092	(4, 1.1)	1	1	3
r10i1281p1f1	1917-06-11	10	1.212	1.528	3.254	3.6719063535802374	4.643433855377582	(10, 1.212)	2	2	2
r10i1281p1f1	1918-07-04	7	1.286	1.513	2.798	3.211531050012949	3.966883946580703	(7, 1.286)	0	0	0
r10i1281p1f1	1918-07-15	3	0.911	0.922	0.074	1.7463601496317653	0.3253500995234123	(3, 0.911)	1	1	1
r10i1281p1f1	1919-07-14	3	0.966	1.062	0.237	1.7950014151602462	0.8026686831736185	(3, 0.966)	1	1	1
r10i1281p1f1	1919-08-14	5	1.086	1.321	0.999	2.575801727495439	2.4989048452565896	(5, 1.086)	1	3	3
r10i1281p1f1	1920-08-01	3	1.314	1.509	1.282	2.057674382091276	2.0362035327569803	(3, 1.314)	0	0	0
r10i1281p1f1	1921-06-05	4	1.116	1.194	0.918	2.295359047902306	2.121542717698471	(4, 1.116)	1	3	3
r10i1281p1f1	1923-08-08	3	1.189	1.281	0.908	1.9710521701375956	1.7436377015999622	(3, 1.189)	0	3	3
r10i1281p1f1	1924-08-02	4	1.065	1.237	0.715	2.253394848803274	1.9050881545350582	(4, 1.065)	1	1	1
r10i1281p1f1	1926-08-25	3	1.055	1.134	0.504	1.8690199726127856	1.2861592859929931	(3, 1.055)	1	1	1
r10i1281p1f1	1927-07-23	3	1.135	1.414	0.745	1.9311783092390282	1.5833266728259545	(3, 1.135)	0	3	3
r10i1281p1f1	1928-06-02	3	1.116	1.213	0.689	1.9167617321445913	1.5217315345498066	(3, 1.116)	1	1	3
r10i1281p1f1	1928-06-10	3	1.026	1.116	0.419	1.8454980658277378	1.1559964864047214	(3, 1.026)	1	1	1
r10i1281p1f1	1928-06-28	3	0.972	1.016	0.255	1.800167382597555	0.8437281541849686	(3, 0.972)	1	1	1
r10i1281p1f1	1928-08-04	3	0.993	1.088	0.318	1.8180409580317884	0.9754560194208632	(3, 0.993)	1	1	1
r10i1281p1f1	1931-06-07	3	1.155	1.281	0.804	1.9461324169557104	1.6443622068489345	(3, 1.155)	1	3	3
r10i1281p1f1	1933-06-07	8	1.334	1.719	3.577	3.439936385071263	4.405966166230107	(8, 1.334)	2	0	0
r10i1281p1f1	1933-06-24	3	1.084	1.149	0.593	1.8920012906264554	1.4064200702060552	(3, 1.084)	1	1	1
r10i1281p1f1	1933-08-06	3	1.162	1.292	0.826	1.951313967121635	1.666200384784523	(3, 1.162)	0	3	3
r10i1281p1f1	1933-08-23	5	1.027	1.154	0.7	2.5243043556474545	2.1777288673443547	(5, 1.027)	1	1	1
r10i1281p1f1	1934-07-26	3	1.128	1.264	0.724	1.925891088549062	1.5606707623481586	(3, 1.128)	1	3	3
r10i1281p1f1	1934-08-03	6	1.095	1.195	1.248	2.8386776586406683	2.962267481345029	(6, 1.095)	1	3	3
r10i1281p1f1	1935-08-03	6	1.027	1.107	0.842	2.778431357943475	2.5933739977808408	(6, 1.027)	1	1	1
r10i1281p1f1	1938-06-13	9	1.249	1.521	3.26	3.5474022915893606	4.488861063587708	(9, 1.249)	2	2	2
r10i1281p1f1	1938-07-01	3	0.921	0.948	0.103	1.7553818168389415	0.42866307551745364	(3, 0.921)	1	1	1
r10i1281p1f1	1938-08-26	4	1.21	1.425	1.293	2.3683728335320486	2.428688969789772	(4, 1.21)	0	3	3
r10i1281p1f1	1939-07-11	5	1.221	1.433	1.67	2.68452190228223	2.9791539906861666	(5, 1.221)	0	3	3
r10i1281p1f1	1939-08-12	3	1.093	1.197	0.62	1.8990273544023255	1.4402176383123728	(3, 1.093)	1	1	1
r10i1281p1f1	1940-07-25	7	0.985	1.076	0.687	2.9571190509100775	2.619103720636762	(7, 0.985)	1	1	1
r10i1281p1f1	1942-07-02	8	1.079	1.364	1.536	3.235338879673345	3.5767100468330963	(8, 1.079)	0	3	2
r10i1281p1f1	1943-06-09	10	1.464	1.753	5.771	3.856420332568999	5.2121876576929	(10, 1.464)	2	2	4
r10i1281p1f1	1943-08-06	8	1.006	1.115	0.955	3.1681373870437928	3.118356161491472	(8, 1.006)	1	1	1
r10i1281p1f1	1944-06-28	6	1.035	1.186	0.89	2.7857104608566283	2.6447748978728107	(6, 1.035)	1	1	1
r10i1281p1f1	1944-07-14	3	1.252	1.486	1.095	2.0156471213943736	1.9005820205481774	(3, 1.252)	0	3	3
r10i1281p1f1	1948-07-23	3	1.089	1.25	0.607	1.8959107523079055	1.4240872574909593	(3, 1.089)	1	1	1
r10i1281p1f1	1948-08-03	4	1.132	1.306	0.983	2.3081694712879464	2.181998130004928	(4, 1.132)	0	3	3
r10i1281p1f1	1950-06-22	6	1.034	1.289	0.882	2.784803465359578	2.6363894682363367	(6, 1.034)	1	3	1
r10i1281p1f1	1950-07-09	4	1.007	1.065	0.483	2.203427521460827	1.5818611446638657	(4, 1.007)	1	1	1
r10i1281p1f1	1952-06-19	5	1.141	1.313	1.272	2.6215309075023274	2.7227018289917884	(5, 1.141)	0	3	3
r10i1281p1f1	1952-06-30	7	1.284	1.583	2.785	3.2100373920946708	3.9623153133707634	(7, 1.284)	2	0	0
r10i1281p1f1	1954-07-30	3	1.085	1.203	0.595	1.8927844066300867	1.4089631445905442	(3, 1.085)	1	1	1
r10i1281p1f1	1954-08-10	8	1.384	1.63	3.983	3.4755731432605774	4.5122322112112645	(8, 1.384)	2	2	0
r10i1281p1f1	1958-05-27	12	1.191	1.551	3.656	3.922150355930209	5.030288015119951	(12, 1.191)	2	2	4
r10i1281p1f1	1958-06-17	5	1.587	2.22	3.501	2.9308309880366226	3.692432383631605	(5, 1.587)	2	0	0
r10i1281p1f1	1958-07-07	4	1.121	1.203	0.94	2.2993799620450974	2.1424163408412245	(4, 1.121)	1	3	3
r10i1281p1f1	1959-07-28	4	1.244	1.355	1.428	2.3935220879861476	2.519630085846386	(4, 1.244)	0	3	3
r10i1281p1f1	1959-08-07	3	1.021	1.207	0.403	1.841386049152454	1.129480726926565	(3, 1.021)	1	1	1
r10i1281p1f1	1959-08-14	3	1.051	1.188	0.494	1.8658082795298527	1.2716966740794537	(3, 1.051)	1	1	1
r10i1281p1f1	1962-06-23	4	1.235	1.369	1.393	2.3869262414277967	2.4968352206532742	(4, 1.235)	0	3	3
r10i1281p1f1	1964-07-26	3	1.173	1.291	0.86	1.959402543353941	1.6990392977679638	(3, 1.173)	0	3	3
r10i1281p1f1	1966-06-27	3	0.941	0.972	0.163	1.7731845909998287	0.6135479988357051	(3, 0.941)	1	1	1
r10i1281p1f1	1967-06-16	3	1.068	1.166	0.543	1.879387304251124	1.340645832792137	(3, 1.068)	1	1	1
r10i1281p1f1	1967-07-04	3	1.043	1.163	0.47	1.8593537818135162	1.2361083727856943	(3, 1.043)	1	1	1
r10i1281p1f1	1967-07-15	3	1.059	1.17	0.517	1.8722213837369455	1.3046533024514237	(3, 1.059)	1	1	1
r10i1281p1f1	1967-08-11	4	1.069	1.183	0.73	2.256750556650246	1.922787731634459	(4, 1.069)	1	1	1
r10i1281p1f1	1968-07-28	4	1.205	1.294	1.274	2.3646204839134985	2.41519923736318	(4, 1.205)	0	3	3
r10i1281p1f1	1968-08-03	9	1.15	1.422	2.372	3.467297183366679	4.175063963963476	(9, 1.15)	0	3	2
r10i1281p1f1	1968-08-27	3	1.136	1.26	0.749	1.9319313496243482	1.5875844892727533	(3, 1.136)	1	3	3
r10i1281p1f1	1975-07-19	4	1.087	1.135	0.802	2.2717134293269585	2.003639828263554	(4, 1.087)	1	1	1
r10i1281p1f1	1977-07-15	3	1.205	1.491	0.954	1.982567644443634	1.7845887226446142	(3, 1.205)	0	3	3
r10i1281p1f1	1978-08-15	17	1.095	1.336	3.549	4.3535192739426645	5.520497781036405	(17, 1.095)	2	2	2
r10i1281p1f1	1979-06-17	3	1.123	1.242	0.708	1.922097313628501	1.5430578920360207	(3, 1.123)	1	3	3
r10i1281p1f1	1979-07-17	7	1.31	1.718	2.965	3.22928306211433	4.023789193191852	(7, 1.31)	2	0	0
r10i1281p1f1	1980-06-01	7	1.134	1.339	1.732	3.091132172389385	3.4988408643286504	(7, 1.134)	0	3	2
r10i1281p1f1	1980-07-18	4	0.99	1.024	0.415	2.188295946591918	1.463255402256019	(4, 0.99)	1	1	1
r10i1281p1f1	1980-07-31	4	1.214	1.377	1.309	2.3713646083888715	2.4399092838572645	(4, 1.214)	0	3	3
r10i1281p1f1	1980-08-15	3	1.048	1.162	0.483	1.8633927223480167	1.2555424222802944	(3, 1.048)	1	1	1
r10i1281p1f1	1981-06-15	6	1.045	1.231	0.949	2.79473545580728	2.7045370100944326	(6, 1.045)	1	3	1
r10i1281p1f1	1981-07-09	3	1.104	1.221	0.652	1.907548262098765	1.478848788142316	(3, 1.104)	1	1	3
r10i1281p1f1	1982-06-18	14	1.333	1.964	6.251	4.260237603483523	5.794376717179492	(14, 1.333)	2	2	4
r10i1281p1f1	1986-06-01	7	1.333	1.693	3.123	3.246004705727718	4.074800981360608	(7, 1.333)	2	0	0
r10i1281p1f1	1987-08-09	4	1.079	1.193	0.772	2.265090888566465	1.970742124756495	(4, 1.079)	1	1	1
r10i1281p1f1	1988-06-08	17	1.376	1.861	8.321	4.5793156883136845	6.370315541549552	(17, 1.376)	2	2	4
r10i1281p1f1	1988-07-25	4	0.935	1.021	0.196	2.1377104498038118	0.9431273858277147	(4, 0.935)	1	1	1
r10i1281p1f1	1988-08-02	3	0.94	0.988	0.161	1.7723019395273694	0.6079054405056109	(3, 0.94)	1	1	1
r10i1281p1f1	1990-07-31	6	1.259	1.501	2.233	2.970591143139973	3.5210009989769593	(6, 1.259)	0	0	0
r10i1281p1f1	1992-06-06	7	1.206	1.37	2.234	3.149972916534755	3.7465410788793565	(7, 1.206)	0	3	2
r10i1281p1f1	1993-07-09	3	1.08	1.203	0.581	1.888862679459286	1.3910242967152038	(3, 1.08)	1	1	1
r10i1281p1f1	1996-06-23	6	0.99	1.215	0.621	2.7440586496928523	2.315185254656363	(6, 0.99)	1	1	1
r10i1281p1f1	1996-08-27	3	1.004	1.037	0.353	1.827277346942111	1.041774460569922	(3, 1.004)	1	1	1
r10i1281p1f1	1998-06-01	3	1.122	1.22	0.706	1.9213368284541927	1.5408343102643483	(3, 1.122)	1	1	3
r10i1281p1f1	2000-08-25	3	1.194	1.245	0.923	1.9746650211180787	1.7571764243814418	(3, 1.194)	0	3	3
r10i1281p1f1	2001-08-07	5	1.126	1.255	1.199	2.6092652569342474	2.6675911632823714	(5, 1.126)	0	3	3
r10i1281p1f1	2002-06-25	4	0.918	0.941	0.125	2.121542717698471	0.6931471805599453	(4, 0.918)	1	1	1
r10i1281p1f1	2002-07-28	3	1.061	1.094	0.523	1.8738182540964106	1.3130749947901585	(3, 1.061)	1	1	1
r10i1281p1f1	2003-06-01	11	1.129	1.326	2.672	3.7421633935485827	4.589876185092543	(11, 1.129)	2	2	2
r10i1281p1f1	2003-06-29	9	1.203	1.375	2.846	3.510978113753473	4.354681131278401	(9, 1.203)	0	0	2
r10i1281p1f1	2003-07-15	4	1.4	1.658	2.054	2.501435951739211	2.8583075976423187	(4, 1.4)	0	0	0
r10i1281p1f1	2005-06-09	5	1.363	1.714	2.381	2.78740364154172	3.318554241731756	(5, 1.363)	0	0	0
r10i1281p1f1	2007-08-06	3	1.041	1.175	0.464	1.8577336268521103	1.2270098200897182	(3, 1.041)	1	1	1
r10i1281p1f1	2008-07-01	10	1.096	1.234	2.092	3.573989318730489	4.207001126627913	(10, 1.096)	0	3	2
r10i1281p1f1	2008-08-05	4	1.226	1.383	1.357	2.3802866006578975	2.472834068553731	(4, 1.226)	0	3	3
r10i1281p1f1	2008-08-11	5	1.415	1.792	2.64	2.822579411966787	3.4182543248124007	(5, 1.415)	2	0	0
r10i1281p1f1	2008-08-27	3	0.981	1.003	0.284	1.8078666372859462	0.9065261281443051	(3, 0.981)	1	1	1
r10i1281p1f1	2009-07-09	3	1.139	1.228	0.758	1.9341870743280345	1.5970988050799664	(3, 1.139)	1	3	3
r10i1281p1f1	2010-06-10	3	1.047	1.26	0.482	1.8625862382302412	1.25406083097726	(3, 1.047)	1	1	1
r10i1281p1f1	2010-07-26	4	1.211	1.36	1.297	2.36912161679429	2.431505873060885	(4, 1.211)	0	3	3
r10i1301p1f1	1851-08-21	4	1.121	1.286	0.901	2.2993799620450974	2.1051092884284137	(4, 1.121)	1	3	3
r10i1301p1f1	1852-06-17	7	1.295	1.517	2.796	3.2182250385447317	3.966182437060401	(7, 1.295)	0	0	0
r10i1301p1f1	1852-08-10	5	1.37	1.533	2.368	2.792211532259115	3.313278132812375	(5, 1.37)	0	0	0
r10i1301p1f1	1853-07-08	9	1.164	1.379	2.411	3.4790222471254606	4.191123360048552	(9, 1.164)	0	3	2
r10i1301p1f1	1858-06-23	11	1.25	1.685	3.893	3.8416775954029028	4.963039180546286	(11, 1.25)	2	2	4
r10i1301p1f1	1858-07-31	3	1.053	1.131	0.47	1.8674154154423224	1.2361083727856943	(3, 1.053)	1	1	1
r10i1301p1f1	1859-07-29	9	1.116	1.244	1.979	3.438236229097142	3.996970587590846	(9, 1.116)	0	3	2
r10i1301p1f1	1861-06-29	5	1.204	1.449	1.539	2.671464306665527	2.9017810397414996	(5, 1.204)	0	3	3
r10i1301p1f1	1861-07-08	4	1.374	1.75	1.913	2.4842397608002966	2.791410476480369	(4, 1.374)	0	0	0
r10i1301p1f1	1861-07-28	6	1.13	1.305	1.405	2.8683272452960096	3.074968434440504	(6, 1.13)	0	3	3
r10i1301p1f1	1864-06-06	8	1.261	1.648	2.923	3.3855141344283695	4.206779096184567	(8, 1.261)	2	0	0
r10i1301p1f1	1864-06-21	5	1.083	1.223	0.934	2.573246235150007	2.4373290274982997	(5, 1.083)	1	3	3
r10i1301p1f1	1866-08-08	6	1.35	1.581	2.722	3.0369158147024864	3.713695631731661	(6, 1.35)	0	0	0
r10i1301p1f1	1867-06-14	6	1.019	1.273	0.736	2.7710988809381947	2.469534662545203	(6, 1.019)	1	1	1
r10i1301p1f1	1867-07-19	4	0.971	1.031	0.3	2.1711087302056598	1.2237754316221157	(4, 0.971)	1	1	1
r10i1301p1f1	1867-08-03	4	1.278	1.529	1.527	2.41805434280016	2.581428216778622	(4, 1.278)	0	0	0
r10i1301p1f1	1869-06-16	3	1.21	1.327	0.942	1.986139204138294	1.7740664640856596	(3, 1.21)	0	3	3
r10i1301p1f1	1871-07-13	3	1.173	1.279	0.831	1.959402543353941	1.6710977936234879	(3, 1.173)	0	3	3
r10i1301p1f1	1872-07-15	3	1.115	1.251	0.656	1.9159971769397985	1.483574415196268	(3, 1.115)	1	1	3
r10i1301p1f1	1872-07-22	5	1.035	1.109	0.693	2.531444420775833	2.1688223069757675	(5, 1.035)	1	1	1
r10i1301p1f1	1873-06-05	3	1.158	1.243	0.785	1.9483563696870467	1.6251103854761164	(3, 1.158)	1	3	3
r10i1301p1f1	1873-07-03	4	1.193	1.295	1.189	2.3555569777601515	2.352517461742255	(4, 1.193)	0	3	3
r10i1301p1f1	1874-08-08	4	1.106	1.302	0.839	2.2872683888821523	2.0427775573082445	(4, 1.106)	1	3	3
r10i1301p1f1	1876-06-04	5	1.079	1.221	0.915	2.569828721564884	2.418589748007356	(5, 1.079)	1	3	1
r10i1301p1f1	1877-07-13	6	0.962	1.037	0.399	2.7172381817270383	1.9263017904745143	(6, 0.962)	1	1	1
r10i1301p1f1	1878-06-03	18	1.307	1.728	7.404	4.613261014832261	6.339345049958527	(18, 1.307)	2	2	4
r10i1301p1f1	1878-07-28	3	1.101	1.201	0.615	1.90523156945898	1.4340443988225668	(3, 1.101)	1	1	1
r10i1301p1f1	1879-06-16	3	1.186	1.232	0.869	1.968878177611425	1.7075544154332227	(3, 1.186)	1	3	3
r10i1301p1f1	1882-08-03	4	1.104	1.186	0.834	2.285642372263734	2.037577337581137	(4, 1.104)	1	1	1
r10i1301p1f1	1883-07-29	14	1.044	1.242	2.072	4.019765839681814	4.6962714979719165	(14, 1.044)	2	2	2
r10i1301p1f1	1888-08-05	4	1.007	1.148	0.443	2.203427521460827	1.5138076814188501	(4, 1.007)	1	1	1
r10i1301p1f1	1889-07-24	9	1.046	1.317	1.346	3.3756060319952463	3.620118698543144	(9, 1.046)	0	3	2
r10i1301p1f1	1893-07-13	4	1.089	1.177	0.771	2.2733622343171422	1.9696266756726293	(4, 1.089)	1	1	1
r10i1301p1f1	1894-07-10	3	1.04	1.08	0.432	1.8569225639687479	1.1770345600233627	(3, 1.04)	1	1	1
r10i1301p1f1	1897-06-01	3	1.1	1.217	0.611	1.9044581443609874	1.4290782211885045	(3, 1.1)	1	1	1
r10i1301p1f1	1897-06-07	4	1.233	1.425	1.348	2.38545457081634	2.4667426791603293	(4, 1.233)	0	3	3
r10i1301p1f1	1898-05-29	7	0.968	1.047	0.501	2.9406217493204534	2.3300689136488852	(7, 0.968)	1	1	1
r10i1301p1f1	1898-06-07	4	1.017	1.088	0.484	2.2122226529136544	1.5835045304075959	(4, 1.017)	1	1	1
r10i1301p1f1	1898-06-13	3	1.136	1.247	0.721	1.9319313496243482	1.5573918920344425	(3, 1.136)	1	3	3
r10i1301p1f1	1898-07-30	4	1.042	1.222	0.584	2.233877894984255	1.7355417892298264	(4, 1.042)	1	1	1
r10i1301p1f1	1899-07-07	10	1.245	1.501	3.486	3.698095774783576	4.711663053394847	(10, 1.245)	2	2	2
r10i1301p1f1	1901-06-12	10	1.194	1.393	2.983	3.657326743364421	4.557352346287616	(10, 1.194)	2	2	2
r10i1301p1f1	1902-07-04	3	1.002	1.113	0.318	1.8256043365139252	0.9754560194208632	(3, 1.002)	1	1	1
r10i1301p1f1	1904-06-23	5	1.172	1.324	1.38	2.646412949743369	2.799040094911151	(5, 1.172)	0	3	3
r10i1301p1f1	1904-07-07	11	1.298	1.404	4.419	3.878564846956983	5.088939965702133	(11, 1.298)	2	2	4
r10i1301p1f1	1904-08-13	3	1.144	1.441	0.743	1.9379353448911276	1.581190946873066	(3, 1.144)	0	3	3
r10i1301p1f1	1906-08-27	3	1.012	1.119	0.349	1.8339415387115605	1.034414045815845	(3, 1.012)	1	1	1
r10i1301p1f1	1908-06-21	4	1.32	1.515	1.694	2.4475508632442313	2.6777284412158213	(4, 1.32)	0	0	0
r10i1301p1f1	1909-06-27	6	1.324	1.566	2.57	3.018410493576786	3.6576759448011202	(6, 1.324)	0	0	0
r10i1301p1f1	1909-08-12	4	1.208	1.443	1.247	2.3668735828764076	2.3957110709835296	(4, 1.208)	0	3	3
r10i1301p1f1	1910-07-10	3	1.049	1.161	0.459	1.8641985565732526	1.2193639394076574	(3, 1.049)	1	1	1
r10i1301p1f1	1910-07-20	3	1.045	1.161	0.448	1.8609713161181207	1.202334348401582	(3, 1.045)	1	1	1
r10i1301p1f1	1913-07-08	3	1.095	1.151	0.597	1.9005820205481774	1.4114997681491706	(3, 1.095)	1	1	1
r10i1301p1f1	1914-08-08	6	1.162	1.338	1.595	2.8946870163547627	3.1962872875340027	(6, 1.162)	0	3	3
r10i1301p1f1	1915-06-07	3	1.041	1.115	0.435	1.8577336268521103	1.1818272835835466	(3, 1.041)	1	1	1
r10i1301p1f1	1915-07-05	3	1.023	1.122	0.381	1.8430328854192755	1.0918340593043026	(3, 1.023)	1	1	1
r10i1301p1f1	1915-08-09	5	1.328	1.539	2.159	2.76301121464842	3.2243947203940557	(5, 1.328)	0	0	0
r10i1301p1f1	1916-07-26	3	0.959	1.055	0.188	1.7889405286417714	0.6815181524944838	(3, 0.959)	1	1	1
r10i1301p1f1	1917-06-21	5	1.396	1.69	2.502	2.8098697238147503	3.366371623678065	(5, 1.396)	0	0	0
r10i1301p1f1	1918-06-16	8	1.294	1.579	3.187	3.410483386136129	4.292014094685467	(8, 1.294)	2	0	0
r10i1301p1f1	1920-06-17	5	1.386	1.567	2.449	2.8031149619497384	3.3457076589407304	(5, 1.386)	0	0	0
r10i1301p1f1	1920-06-24	3	1.038	1.134	0.426	1.8552984620613318	1.1673796469293618	(3, 1.038)	1	1	1
r10i1301p1f1	1920-07-21	3	0.997	1.004	0.304	1.821409523849423	0.9476461082426403	(3, 0.997)	1	1	1
r10i1301p1f1	1920-07-27	3	0.979	1.101	0.248	1.8061608073299462	0.8279602892989928	(3, 0.979)	1	1	1
r10i1301p1f1	1920-08-15	3	0.994	1.002	0.293	1.8188841638866633	0.9252396346747167	(3, 0.994)	1	1	1
r10i1301p1f1	1923-08-13	5	1.252	1.47	1.782	2.707902559480301	3.040866509598791	(5, 1.252)	0	0	0
r10i1301p1f1	1923-08-25	3	1.194	1.284	0.893	1.9746650211180787	1.7299131632208489	(3, 1.194)	0	3	3
r10i1301p1f1	1925-07-03	8	1.421	1.792	4.2	3.501150088065383	4.564714284775336	(8, 1.421)	2	2	4
r10i1301p1f1	1925-07-25	4	1.213	1.325	1.266	2.3706175033858727	2.409464454621142	(4, 1.213)	0	3	3
r10i1301p1f1	1925-08-03	3	1.016	1.077	0.36	1.8372570539560484	1.054526248000911	(3, 1.016)	1	1	1
r10i1301p1f1	1926-07-11	3	1.143	1.274	0.741	1.9371868138985564	1.5790506498304957	(3, 1.143)	1	3	3
r10i1301p1f1	1927-05-30	7	1.354	1.628	3.205	3.2610318767069293	4.100284066123774	(7, 1.354)	2	0	0
r10i1301p1f1	1927-08-05	4	1.147	1.304	1.004	2.320032006597766	2.200773826847361	(4, 1.147)	0	3	3
r10i1301p1f1	1930-06-25	3	1.172	1.29	0.829	1.958669915800558	1.6691417072992736	(3, 1.172)	0	3	3
r10i1301p1f1	1932-07-02	3	1.001	1.105	0.315	1.82476678051635	0.9695615147398962	(3, 1.001)	1	1	1
r10i1301p1f1	1932-07-30	3	1.011	1.131	0.345	1.8331109394483338	1.0269990533939195	(3, 1.011)	1	1	1
r10i1301p1f1	1934-06-03	4	1.031	1.148	0.542	2.2244073119300216	1.6744763086133228	(4, 1.031)	1	1	1
r10i1301p1f1	1934-08-18	3	0.942	0.961	0.138	1.7740664640856596	0.5406187874748858	(3, 0.942)	1	1	1
r10i1301p1f1	1935-07-05	4	1.051	1.161	0.621	2.241560391156271	1.7864118629014598	(4, 1.051)	1	1	1
r10i1301p1f1	1935-07-11	5	1.174	1.381	1.39	2.647997180368679	2.805822344369101	(5, 1.174)	0	3	3
r10i1301p1f1	1935-07-19	3	1.163	1.279	0.802	1.9520520017200835	1.6423530647599345	(3, 1.163)	1	3	3
r10i1301p1f1	1935-07-28	3	0.953	1.01	0.171	1.7837160842352977	0.6358051368343263	(3, 0.953)	1	1	1
r10i1301p1f1	1935-08-07	11	1.194	1.512	3.28	3.796848938373373	4.793008351907675	(11, 1.194)	2	2	2
r10i1301p1f1	1939-07-07	4	1.496	1.878	2.401	2.562484784433375	3.006078565608135	(4, 1.496)	2	0	0
r10i1301p1f1	1939-07-16	3	0.978	1.047	0.247	1.80530679991362	0.825687303217429	(3, 0.978)	1	1	1
r10i1301p1f1	1942-06-14	3	1.114	1.134	0.654	1.9152320367430575	1.4812143931105761	(3, 1.114)	1	1	1
r10i1301p1f1	1942-07-18	6	1.179	1.317	1.7	2.908413055028647	3.257511573747407	(6, 1.179)	0	3	3
r10i1301p1f1	1942-08-01	3	1.022	1.086	0.377	1.8422098062945378	1.084834294313253	(3, 1.022)	1	1	1
r10i1301p1f1	1943-05-29	7	1.088	1.206	1.344	3.051641890599911	3.253904236998588	(7, 1.088)	1	3	2
r10i1301p1f1	1945-06-25	3	1.29	1.4	1.181	2.041614618038424	1.9652443208753656	(3, 1.29)	0	3	3
r10i1301p1f1	1947-07-13	3	1.031	1.046	0.406	1.8495932430423958	1.1345062832765256	(3, 1.031)	1	1	1
r10i1301p1f1	1947-08-08	7	1.011	1.19	0.806	2.9818352572077487	2.768036432337489	(7, 1.011)	1	1	1
r10i1301p1f1	1948-07-25	6	1.239	1.468	2.06	2.955405299608027	3.4428412214406636	(6, 1.239)	0	0	0
r10i1301p1f1	1948-08-08	5	1.249	1.481	1.764	2.705663656868713	3.031201707600973	(5, 1.249)	0	0	0
r10i1301p1f1	1948-08-21	3	0.99	1.13	0.283	1.8155070660787613	0.9044250667316702	(3, 0.99)	1	1	1
r10i1301p1f1	1953-08-28	4	1.051	1.15	0.618	2.241560391156271	1.7823823074154581	(4, 1.051)	1	1	1
r10i1301p1f1	1954-07-28	4	1.241	1.494	1.379	2.3913283028284344	2.487569767207484	(4, 1.241)	0	3	3
r10i1301p1f1	1955-07-11	5	1.562	1.912	3.33	2.9158061497324335	3.6436344588166754	(5, 1.562)	2	0	0
r10i1301p1f1	1955-07-30	3	1.007	1.137	0.333	1.8297816262051394	1.0044183630992942	(3, 1.007)	1	1	1
r10i1301p1f1	1956-06-15	3	1.107	1.296	0.633	1.9098596000764794	1.456091954898091	(3, 1.107)	1	3	3
r10i1301p1f1	1956-06-21	3	1.022	1.159	0.378	1.8422098062945378	1.0865888343590457	(3, 1.022)	1	1	1
r10i1301p1f1	1959-07-18	4	1.237	1.408	1.365	2.388395749407157	2.4782176616372036	(4, 1.237)	0	3	3
r10i1301p1f1	1960-06-17	4	1.048	1.24	0.609	2.2390061113511743	1.7701952913122145	(4, 1.048)	1	1	1
r10i1301p1f1	1960-08-17	4	1.057	1.146	0.645	2.2466494606637424	1.8180767775454285	(4, 1.057)	1	1	1
r10i1301p1f1	1961-06-25	3	1.115	1.256	0.657	1.9159971769397985	1.4847523408808556	(3, 1.115)	1	3	3
r10i1301p1f1	1961-07-07	3	1.146	1.331	0.75	1.9394307280744352	1.5886461167462513	(3, 1.146)	0	3	3
r10i1301p1f1	1961-08-01	3	1.034	1.084	0.415	1.8520423236413943	1.1494331690364237	(3, 1.034)	1	1	1
r10i1301p1f1	1962-08-02	3	1.027	1.099	0.394	1.8463184440077063	1.1142507199926883	(3, 1.027)	1	1	1
r10i1301p1f1	1964-07-05	3	1.004	1.081	0.325	1.827277346942111	0.9890762295420122	(3, 1.004)	1	1	1
r10i1301p1f1	1965-08-20	4	1.03	1.196	0.535	2.2235418856535927	1.66392609771817	(4, 1.03)	1	1	1
r10i1301p1f1	1968-07-09	3	1.136	1.241	0.72	1.9319313496243482	1.556296541794345	(3, 1.136)	1	3	3
r10i1301p1f1	1968-07-30	6	1.325	1.687	2.572	3.01912860512168	3.658433795780479	(6, 1.325)	0	0	0
r10i1301p1f1	1969-07-17	6	1.216	1.453	1.918	2.937651637363084	3.373782605977074	(6, 1.216)	0	3	3
r10i1301p1f1	1970-06-06	3	0.898	0.938	0.005	1.734508970370274	0.02564899619611395	(3, 0.898)	1	1	1
r10i1301p1f1	1970-07-23	4	1.118	1.253	0.886	2.29696935420841	2.0903814817181705	(4, 1.118)	1	3	3
r10i1301p1f1	1971-06-13	3	1.166	1.349	0.81	1.9542628429622635	1.6503655261557868	(3, 1.166)	0	3	3
r10i1301p1f1	1972-08-20	5	1.175	1.366	1.393	2.6487883555042697	2.807848081750575	(5, 1.175)	0	3	3
r10i1301p1f1	1973-06-14	9	1.279	1.592	3.446	3.5704618421565946	4.543741490991443	(9, 1.279)	2	2	0
r10i1301p1f1	1975-07-26	3	1.063	1.122	0.501	1.8754125785259108	1.281842422518679	(3, 1.063)	1	1	1
r10i1301p1f1	1977-07-05	3	1.047	1.158	0.453	1.8625862382302412	1.2101110409918319	(3, 1.047)	1	1	1
r10i1301p1f1	1977-08-13	6	0.982	1.083	0.515	2.7364687784196544	2.148142089384356	(6, 0.982)	1	1	1
r10i1301p1f1	1978-07-23	6	1.262	1.608	2.195	2.9728492596849274	3.5043488565587166	(6, 1.262)	0	0	0
r10i1301p1f1	1978-08-19	5	1.013	1.108	0.584	2.5116852401754226	2.018804532310813	(5, 1.013)	1	1	1
r10i1301p1f1	1981-08-01	4	1.178	1.333	1.128	2.344110839822544	2.304982217593767	(4, 1.178)	0	3	3
r10i1301p1f1	1984-06-07	5	1.171	1.334	1.374	2.645619892265607	2.7949485553697855	(5, 1.171)	0	3	3
r10i1301p1f1	1984-08-07	12	1.017	1.291	1.449	3.767595808211048	4.114699306420344	(12, 1.017)	0	3	2
r10i1301p1f1	1987-08-16	3	1.016	1.107	0.361	1.8372570539560484	1.0563347299798889	(3, 1.016)	1	1	1
r10i1301p1f1	1988-06-24	3	1.04	1.143	0.431	1.8569225639687479	1.175431867387346	(3, 1.04)	1	1	1
r10i1301p1f1	1988-07-14	8	1.113	1.311	1.735	3.265160571908775	3.6953228629842916	(8, 1.113)	0	3	2
r10i1301p1f1	1988-08-23	4	1.244	1.479	1.393	2.3935220879861476	2.4968352206532742	(4, 1.244)	0	3	3
r10i1301p1f1	1989-06-21	3	1.171	1.328	0.825	1.9579367511104981	1.6652180182711651	(3, 1.171)	0	3	3
r10i1301p1f1	1989-07-13	3	0.961	1.064	0.194	1.7906759621497192	0.6971658797630093	(3, 0.961)	1	1	1
r10i1301p1f1	1989-07-29	3	1.092	1.17	0.589	1.8982491140189333	1.4013144371330686	(3, 1.092)	1	1	1
r10i1301p1f1	1989-08-18	6	1.143	1.266	1.482	2.879119839376666	3.1259208323161953	(6, 1.143)	0	3	3
r10i1301p1f1	1990-07-31	7	1.111	1.361	1.507	3.0715819541238516	3.364188613807715	(7, 1.111)	0	3	2
r10i1301p1f1	1991-08-15	5	1.104	1.214	1.04	2.5909990402450296	2.5358812107895417	(5, 1.104)	1	3	3
r10i1301p1f1	1992-06-28	4	0.954	1.0	0.232	2.1554762279558335	1.0494220444773381	(4, 0.954)	1	1	1
r10i1301p1f1	1993-08-02	4	1.234	1.471	1.352	2.386190676848843	2.4694545452290786	(4, 1.234)	0	3	3
r10i1301p1f1	1994-07-29	6	1.027	1.186	0.789	2.778431357943475	2.5333701290410557	(6, 1.027)	1	1	1
r10i1301p1f1	1999-06-09	4	1.319	1.724	1.691	2.4468585821504703	2.6760778218589376	(4, 1.319)	0	0	0
r10i1301p1f1	1999-08-21	3	1.099	1.193	0.608	1.9036841206135722	1.425337335643413	(3, 1.099)	1	1	1
r10i1301p1f1	2000-08-09	3	0.993	1.061	0.292	1.8180409580317884	0.9231775660711189	(3, 0.993)	1	1	1
r10i1301p1f1	2001-07-05	10	1.055	1.229	1.594	3.5369521557555395	3.9397686289918403	(10, 1.055)	0	3	2
r10i1301p1f1	2001-07-22	8	1.208	1.625	2.492	3.3440596640861737	4.049826913128995	(8, 1.208)	2	0	0
r10i1301p1f1	2005-07-21	4	1.353	1.613	1.829	2.470131364205846	2.749320095300427	(4, 1.353)	0	0	0
r10i1301p1f1	2006-06-30	4	1.236	1.387	1.358	2.387661265349165	2.473508604835631	(4, 1.236)	0	3	3
r10i1301p1f1	2007-07-25	4	1.102	1.137	0.822	2.28401370740861	2.024985355883777	(4, 1.102)	1	1	1
r10i1301p1f1	2007-08-07	10	1.17	1.439	2.745	3.63755059656692	4.4751130001306905	(10, 1.17)	2	2	2
r10i1301p1f1	2009-06-09	6	1.329	1.461	2.599	3.0219959055421666	3.668608965136049	(6, 1.329)	0	0	0
r10i1301p1f1	2010-07-17	3	1.008	1.1	0.336	1.8306149942480556	1.0101115172736006	(3, 1.008)	1	1	1
r1i1001p1f1	1851-07-20	4	1.563	1.964	2.673	2.6029859378536013	3.1083464179231255	(4, 1.563)	2	0	0
r1i1001p1f1	1851-08-10	10	1.21	1.389	3.158	3.670296854326395	4.613780297446518	(10, 1.21)	2	2	2
r1i1001p1f1	1855-07-24	3	1.166	1.308	0.814	1.9542628429622635	1.654347809921891	(3, 1.166)	0	3	3
r1i1001p1f1	1861-07-31	3	1.033	1.132	0.414	1.85122662970424	1.1477855867341364	(3, 1.033)	1	1	1
r1i1001p1f1	1861-08-15	6	0.997	1.078	0.613	2.7506528583462235	2.303506995307143	(6, 0.997)	1	1	1
r1i1001p1f1	1862-06-14	3	1.048	1.175	0.459	1.8633927223480167	1.2193639394076574	(3, 1.048)	1	1	1
r1i1001p1f1	1864-06-25	3	1.124	1.324	0.687	1.922857220904564	1.519459968127892	(3, 1.124)	1	3	3
r1i1001p1f1	1865-06-06	4	1.148	1.376	1.012	2.3208178612551054	2.207834756448235	(4, 1.148)	0	3	3
r1i1001p1f1	1866-07-04	3	1.069	1.193	0.522	1.8801803570932276	1.3116762955279377	(3, 1.069)	1	1	1
r1i1001p1f1	1866-07-25	16	1.27	1.591	6.012	4.4101280647847565	5.955236152500696	(16, 1.27)	2	2	4
r1i1001p1f1	1866-08-16	10	1.156	1.367	2.611	3.6258312818957354	4.425649539464121	(10, 1.156)	0	2	2
r1i1001p1f1	1867-06-04	4	0.938	0.987	0.174	2.1405366410396467	0.8721298360883852	(4, 0.938)	1	1	1
r1i1001p1f1	1867-08-24	5	0.966	1.073	0.356	2.468117186512716	1.6054702516577286	(5, 0.966)	1	1	1
r1i1001p1f1	1869-06-22	3	1.095	1.21	0.602	1.9005820205481774	1.4178133183003034	(3, 1.095)	1	1	1
r1i1001p1f1	1871-06-06	4	1.258	1.525	1.455	2.403696594362457	2.5368663887187113	(4, 1.258)	0	0	0
r1i1001p1f1	1872-07-25	5	1.115	1.249	1.102	2.6001738548438484	2.5893218104403486	(5, 1.115)	1	3	3
r1i1001p1f1	1874-06-01	7	1.116	1.239	1.55	3.075864634533315	3.391362568879895	(7, 1.116)	0	3	2
r1i1001p1f1	1874-06-24	5	1.474	1.791	2.898	2.861047129567028	3.50857461220195	(5, 1.474)	2	0	0
r1i1001p1f1	1874-07-20	3	1.201	1.293	0.918	1.9797011838168412	1.7526838523822081	(3, 1.201)	0	3	3
r1i1001p1f1	1876-07-21	4	1.07	1.307	0.703	2.25758772706331	1.8906994170829585	(4, 1.07)	1	3	3
r1i1001p1f1	1878-07-24	11	1.001	1.275	1.169	3.62485694826033	3.7761684175124373	(11, 1.001)	1	3	2
r1i1001p1f1	1878-08-11	3	1.098	1.221	0.609	1.9029094972892788	1.426585853051329	(3, 1.098)	1	1	1
r1i1001p1f1	1878-08-18	3	1.185	1.296	0.87	1.9681524618896862	1.708496079343387	(3, 1.185)	0	3	3
r1i1001p1f1	1879-06-24	3	0.983	1.088	0.264	1.8095695623406716	0.8636425156131448	(3, 0.983)	1	1	1
r1i1001p1f1	1879-08-01	4	0.999	1.069	0.418	2.196335293151335	1.4687955826316343	(4, 0.999)	1	1	1
r1i1001p1f1	1882-06-01	5	1.169	1.275	1.373	2.644031887992001	2.7942650015806443	(5, 1.169)	0	3	3
r1i1001p1f1	1882-07-05	3	0.949	1.044	0.161	1.7802178956260757	0.6079054405056109	(3, 0.949)	1	1	1
r1i1001p1f1	1882-07-19	7	1.151	1.307	1.797	3.1053405786624477	3.5345885152557166	(7, 1.151)	0	3	2
r1i1001p1f1	1883-06-13	5	1.254	1.366	1.797	2.7093923812369187	3.048849765029036	(5, 1.254)	0	3	3
r1i1001p1f1	1884-06-24	5	1.248	1.502	1.766	2.704916240680952	3.032280198822761	(5, 1.248)	0	0	0
r1i1001p1f1	1884-08-22	4	1.13	1.279	0.942	2.306577114263583	2.144292513999452	(4, 1.13)	1	3	3
r1i1001p1f1	1889-06-11	6	1.125	1.305	1.381	2.864145033484506	3.058541425602354	(6, 1.125)	0	3	3
r1i1001p1f1	1889-06-20	4	0.991	1.048	0.385	2.189192405638955	1.4060969884160703	(4, 0.991)	1	1	1
r1i1001p1f1	1890-07-15	3	1.071	1.294	0.529	1.8817645784692352	1.3214263541376352	(3, 1.071)	1	1	3
r1i1001p1f1	1892-07-13	3	1.208	1.263	0.94	1.984712110619881	1.7723019395273694	(3, 1.208)	0	3	3
r1i1001p1f1	1892-08-04	4	1.107	1.189	0.848	2.2880804067911638	2.052070344883704	(4, 1.107)	1	1	3
r1i1001p1f1	1893-07-23	4	0.924	0.988	0.117	2.127278871093996	0.6606239888543853	(4, 0.924)	1	1	1
r1i1001p1f1	1894-07-24	3	1.037	1.133	0.427	1.8544854208953232	1.1689952864358697	(3, 1.037)	1	1	1
r1i1001p1f1	1894-08-03	4	0.954	1.076	0.237	2.1554762279558335	1.06333047452347	(4, 0.954)	1	1	1
r1i1001p1f1	1897-08-01	7	1.166	1.32	1.9	3.117711922250305	3.588741179818204	(7, 1.166)	0	3	2
r1i1001p1f1	1899-06-04	4	1.259	1.496	1.456	2.4044193988753135	2.537499099907171	(4, 1.259)	0	0	3
r1i1001p1f1	1899-08-02	4	1.232	1.37	1.35	2.384717922532568	2.468099531471619	(4, 1.232)	0	3	3
r1i1001p1f1	1902-07-14	4	1.271	1.516	1.506	2.4130525460200167	2.5686348653187125	(4, 1.271)	0	0	0
r1i1001p1f1	1902-07-31	7	1.233	1.326	2.366	3.171175208689265	3.8026306665244087	(7, 1.233)	0	3	2
r1i1001p1f1	1903-05-29	7	1.402	1.563	3.549	3.2945546875791387	4.200630646720569	(7, 1.402)	2	0	0
r1i1001p1f1	1903-06-14	6	1.136	1.35	1.446	2.873322920357319	3.1024216912077023	(6, 1.136)	0	3	3
r1i1001p1f1	1903-06-23	3	1.05	1.138	0.466	1.8650037419525174	1.2300518784506422	(3, 1.05)	1	1	1
r1i1001p1f1	1903-07-05	5	1.0	1.09	0.525	2.499823167269985	1.9271172988705352	(5, 1.0)	1	1	1
r1i1001p1f1	1903-07-12	3	1.02	1.062	0.376	1.8405616128750606	1.0830766704452057	(3, 1.02)	1	1	1
r1i1001p1f1	1906-08-05	3	1.119	1.204	0.672	1.9190518967353905	1.502256724370767	(3, 1.119)	1	1	3
r1i1001p1f1	1908-06-17	5	1.285	1.499	1.952	2.7322052224153808	3.127813641793511	(5, 1.285)	0	0	0
r1i1001p1f1	1909-08-06	3	0.99	1.056	0.285	1.8155070660787613	0.9086227843518696	(3, 0.99)	1	1	1
r1i1001p1f1	1912-06-11	7	1.202	1.39	2.154	3.1467932507892873	3.7109500534062296	(7, 1.202)	0	3	2
r1i1001p1f1	1912-07-29	4	1.114	1.204	0.879	2.293746144326841	2.083433562949373	(4, 1.114)	1	3	3
r1i1001p1f1	1913-08-28	3	0.953	1.02	0.176	1.7837160842352977	0.64946841476639	(3, 0.953)	1	1	1
r1i1001p1f1	1915-07-10	3	1.06	1.167	0.496	1.8730201376660125	1.2746059782464818	(3, 1.06)	1	1	1
r1i1001p1f1	1919-06-16	4	1.186	1.324	1.167	2.3502317464613984	2.335632947040246	(4, 1.186)	0	3	3
r1i1001p1f1	1919-08-05	4	1.044	1.182	0.599	2.2355902241697674	1.7564776550834151	(4, 1.044)	1	1	1
r1i1001p1f1	1920-06-20	5	1.184	1.475	1.447	2.6558809039642464	2.843626690427477	(5, 1.184)	0	3	3
r1i1001p1f1	1920-07-28	3	1.01	1.134	0.347	1.8322796497164289	1.0307134223532146	(3, 1.01)	1	1	1
r1i1001p1f1	1921-06-09	5	1.057	1.138	0.81	2.5508207291837395	2.3081769602092033	(5, 1.057)	1	1	1
r1i1001p1f1	1921-07-16	5	1.021	1.17	0.633	2.5189156504934846	2.0890397249901516	(5, 1.021)	1	1	1
r1i1001p1f1	1926-07-18	3	1.055	1.159	0.481	1.8690199726127856	1.2525770413039474	(3, 1.055)	1	1	1
r1i1001p1f1	1926-08-06	7	1.07	1.206	1.226	3.0357544596666983	3.1657213364407006	(7, 1.07)	1	3	2
r1i1001p1f1	1926-08-20	4	1.056	1.136	0.646	2.245803078895061	1.8193746362610284	(4, 1.056)	1	1	1
r1i1001p1f1	1930-06-18	5	1.136	1.316	1.205	2.6174590507043134	2.6722371384416257	(5, 1.136)	0	3	3
r1i1001p1f1	1930-07-18	4	1.168	1.286	1.094	2.3364066414695563	2.2774723921789706	(4, 1.168)	0	3	3
r1i1001p1f1	1931-07-04	6	1.17	1.378	1.653	2.901169803833383	3.2305687659561273	(6, 1.17)	0	3	3
r1i1001p1f1	1933-08-17	3	1.134	1.229	0.718	1.9304247013565112	1.554102235353397	(3, 1.134)	1	3	3
r1i1001p1f1	1935-08-06	3	1.064	1.126	0.507	1.8762087885512986	1.2904575942287915	(3, 1.064)	1	1	1
r1i1001p1f1	1936-06-15	3	1.101	1.19	0.62	1.90523156945898	1.4402176383123728	(3, 1.101)	1	1	1
r1i1001p1f1	1936-06-24	10	1.071	1.229	1.764	3.5515693236266377	4.039229552010843	(10, 1.071)	0	3	2
r1i1001p1f1	1936-07-22	3	0.912	0.927	0.051	1.747265987746805	0.23507510522486685	(3, 0.912)	1	1	1
r1i1001p1f1	1937-06-24	3	0.982	1.039	0.261	1.8087184623074828	0.8570483617962074	(3, 0.982)	1	1	1
r1i1001p1f1	1938-07-15	15	1.176	1.43	4.216	4.238725187650697	5.505036642106497	(15, 1.176)	2	2	4
r1i1001p1f1	1938-08-17	3	1.115	1.245	0.66	1.9159971769397985	1.4882778156924215	(3, 1.115)	1	1	3
r1i1001p1f1	1939-08-15	3	0.972	1.047	0.231	1.800167382597555	0.7885988092895502	(3, 0.972)	1	1	1
r1i1001p1f1	1940-07-14	5	1.099	1.333	1.021	2.5868006793464966	2.5189156504934846	(5, 1.099)	0	3	3
r1i1001p1f1	1941-08-13	3	1.208	1.317	0.941	1.984712110619881	1.7731845909998287	(3, 1.208)	0	3	3
r1i1001p1f1	1944-06-22	6	1.009	1.096	0.684	2.761857024438793	2.4026752762106134	(6, 1.009)	1	1	1
r1i1001p1f1	1945-08-28	5	1.109	1.328	1.073	2.595179848575669	2.5646804520240467	(5, 1.109)	0	3	3
r1i1001p1f1	1946-06-01	4	1.082	1.201	0.748	2.2675794837952306	1.943621818537301	(4, 1.082)	1	1	1
r1i1001p1f1	1946-06-20	6	0.971	1.089	0.456	2.7259377436010537	2.0414545788566505	(6, 0.971)	1	1	1
r1i1001p1f1	1946-07-11	7	1.081	1.27	1.304	3.04549340289013	3.224874515389666	(7, 1.081)	0	3	2
r1i1001p1f1	1946-07-24	5	0.996	1.168	0.508	2.4961448084563664	1.8990600012640089	(5, 0.996)	1	1	1
r1i1001p1f1	1946-08-04	4	1.099	1.312	0.819	2.2815657257699704	2.0218124288431993	(4, 1.099)	1	3	3
r1i1001p1f1	1946-08-25	3	1.086	1.185	0.573	1.8935669098428978	1.3806271674231094	(3, 1.086)	1	1	1
r1i1001p1f1	1947-07-01	7	1.198	1.352	2.121	3.1436034425111297	3.6958915546568045	(7, 1.198)	0	3	2
r1i1001p1f1	1948-08-25	3	1.015	1.104	0.361	1.8364292051354612	1.0563347299798889	(3, 1.015)	1	1	1
r1i1001p1f1	1950-07-30	4	0.953	0.988	0.233	2.1545490141666415	1.0522192490983993	(4, 0.953)	1	1	1
r1i1001p1f1	1950-08-16	8	1.07	1.134	1.403	3.227293742089084	3.4887889417842852	(8, 1.07)	1	3	2
r1i1001p1f1	1951-06-26	3	0.964	0.972	0.208	1.7932734784523279	0.7327522928623	(3, 0.964)	1	1	1
r1i1001p1f1	1951-08-16	3	0.933	0.956	0.114	1.7661014684078697	0.46521805675601735	(3, 0.933)	1	1	1
r1i1001p1f1	1953-06-26	4	1.027	1.048	0.529	2.2209411039535354	1.6547936141548976	(4, 1.027)	1	1	1
r1i1001p1f1	1954-06-20	5	1.28	1.476	1.925	2.7285607513564756	3.1144994595948337	(5, 1.28)	0	0	0
r1i1001p1f1	1954-07-11	8	1.39	1.755	3.964	3.4797654526602826	4.507503121691735	(8, 1.39)	2	2	0
r1i1001p1f1	1955-08-05	6	1.243	1.433	2.09	2.9584609731475835	3.4568402464645014	(6, 1.243)	0	0	0
r1i1001p1f1	1958-08-08	3	1.065	1.173	0.51	1.8770043651306039	1.2947375060561312	(3, 1.065)	1	1	1
r1i1001p1f1	1958-08-26	3	1.084	1.197	0.569	1.8920012906264554	1.3753877821585179	(3, 1.084)	1	1	1
r1i1001p1f1	1959-06-08	4	1.071	1.237	0.705	2.2584241972082757	1.8931119634883424	(4, 1.071)	1	1	1
r1i1001p1f1	1959-06-25	9	1.327	1.61	3.887	3.606285578309916	4.66295784625542	(9, 1.327)	2	2	4
r1i1001p1f1	1959-07-20	4	0.928	0.992	0.133	2.1310847748316744	0.7246458476193163	(4, 0.928)	1	1	1
r1i1001p1f1	1960-06-07	4	1.286	1.445	1.564	2.423740214550513	2.603578179505499	(4, 1.286)	0	0	3
r1i1001p1f1	1960-08-28	3	1.023	1.228	0.386	1.8430328854192755	1.100515421616143	(3, 1.023)	1	1	1
r1i1001p1f1	1961-07-17	3	0.972	1.015	0.232	1.800167382597555	0.7909575786066801	(3, 0.972)	1	1	1
r1i1001p1f1	1962-06-13	3	1.032	1.096	0.413	1.8504102698672793	1.1461352854240012	(3, 1.032)	1	1	1
r1i1001p1f1	1962-07-28	3	1.034	1.12	0.417	1.8520423236413943	1.1527202123527673	(3, 1.034)	1	1	1
r1i1001p1f1	1962-08-13	4	1.067	1.154	0.69	2.255074110322994	1.8748743759385615	(4, 1.067)	1	1	1
r1i1001p1f1	1967-06-22	3	1.028	1.109	0.4	1.8471381497189576	1.1244297867383737	(3, 1.028)	1	1	1
r1i1001p1f1	1967-07-24	4	0.909	0.983	0.057	2.1128763177660734	0.37569294977449424	(4, 0.909)	1	1	1
r1i1001p1f1	1968-06-07	3	0.895	0.909	0.0	1.7317540214284177	0.0	(3, 0.895)	1	1	1
r1i1001p1f1	1969-06-04	3	1.135	1.379	0.72	1.9311783092390282	1.556296541794345	(3, 1.135)	0	3	3
r1i1001p1f1	1972-07-14	6	1.093	1.201	1.187	2.836956549112967	2.914807749383393	(6, 1.093)	1	3	3
r1i1001p1f1	1973-07-07	4	1.078	1.212	0.734	2.264259978672378	1.9274551846819543	(4, 1.078)	1	1	1
r1i1001p1f1	1974-07-09	3	1.081	1.274	0.56	1.8896482562540837	1.3634978225030308	(3, 1.081)	1	1	3
r1i1001p1f1	1977-06-30	5	1.155	1.241	1.302	2.6328446831775123	2.74449800492959	(5, 1.155)	0	3	3
r1i1001p1f1	1978-06-02	7	1.019	1.195	0.872	2.9893189572255676	2.841978698363314	(7, 1.019)	1	1	1
r1i1001p1f1	1978-08-03	10	1.408	1.727	5.136	3.8182587580680067	5.096290411163676	(10, 1.408)	2	2	4
r1i1001p1f1	1979-06-13	6	1.141	1.361	1.481	2.877467002965048	3.1252754800548823	(6, 1.141)	0	3	3
r1i1001p1f1	1979-08-14	3	1.097	1.165	0.608	1.9021342734584945	1.425337335643413	(3, 1.097)	1	1	1
r1i1001p1f1	1983-07-08	4	1.201	1.356	1.226	2.361608433443507	2.3802866006578975	(4, 1.201)	0	3	3
r1i1001p1f1	1983-07-15	4	0.977	1.09	0.327	2.1765682524105587	1.28536844252993	(4, 0.977)	1	1	1
r1i1001p1f1	1984-06-04	10	1.229	1.444	3.344	3.685483505488879	4.670457473193158	(10, 1.229)	2	2	2
r1i1001p1f1	1984-06-20	5	1.095	1.288	1.0	2.583429253381768	2.499823167269985	(5, 1.095)	1	3	3
r1i1001p1f1	1984-07-13	3	1.024	1.105	0.388	1.8438552876418735	1.1039669733908037	(3, 1.024)	1	1	1
r1i1001p1f1	1986-07-31	3	0.966	1.002	0.215	1.7950014151602462	0.7500816000092662	(3, 0.966)	1	1	1
r1i1001p1f1	1987-07-23	3	0.999	1.053	0.313	1.8230895610787659	0.9656124531448094	(3, 0.999)	1	1	1
r1i1001p1f1	1987-08-15	6	1.267	1.524	2.233	2.9766014927749125	3.5210009989769593	(6, 1.267)	0	0	0
r1i1001p1f1	1991-05-30	9	1.309	1.782	3.731	3.593001613220538	4.622391052032409	(9, 1.309)	2	2	4
r1i1001p1f1	1991-06-10	16	1.184	1.424	4.637	4.340892091315326	5.69631465980868	(16, 1.184)	2	2	4
r1i1001p1f1	1991-07-05	14	1.279	1.487	5.375	4.219480016080623	5.643889920652425	(14, 1.279)	2	2	4
r1i1001p1f1	1993-07-22	4	1.015	1.114	0.483	2.21046980408624	1.5818611446638657	(4, 1.015)	1	1	1
r1i1001p1f1	1993-07-29	3	1.204	1.34	0.928	1.9818517992247855	1.7616489034129674	(3, 1.204)	0	3	3
r1i1001p1f1	1999-06-09	10	1.041	1.207	1.461	3.5239844817769965	3.8544124647720124	(10, 1.041)	1	3	2
r1i1001p1f1	2000-06-22	4	1.097	1.222	0.808	2.2799304024292395	2.010091463545043	(4, 1.097)	1	1	3
r1i1001p1f1	2000-07-08	4	1.206	1.321	1.246	2.3653720810928105	2.394981942260013	(4, 1.206)	0	3	3
r1i1001p1f1	2002-07-15	12	1.235	1.499	4.078	3.9577224159707343	5.138848349795478	(12, 1.235)	2	2	4
r1i1001p1f1	2002-08-08	9	1.175	1.442	2.525	3.4881393117959636	4.23663952567299	(9, 1.175)	0	0	2
r1i1001p1f1	2004-06-14	3	0.984	1.043	0.267	1.8104199386185384	0.8701934712653576	(3, 0.984)	1	1	1
r1i1001p1f1	2004-08-03	3	1.008	1.085	0.34	1.8306149942480556	1.0176523190040379	(3, 1.008)	1	1	1
r1i1001p1f1	2006-07-13	3	1.277	1.487	1.146	2.0328066751850744	1.9394307280744352	(3, 1.277)	0	3	3
r1i1001p1f1	2006-08-01	4	1.007	1.065	0.448	2.203427521460827	1.5225719794124384	(4, 1.007)	1	1	1
r1i1001p1f1	2007-07-03	5	1.151	1.264	1.28	2.629625216079756	2.7285607513564756	(5, 1.151)	0	3	3
r1i1001p1f1	2007-08-18	14	1.019	1.328	1.736	3.9959685660633353	4.521106182620413	(14, 1.019)	2	2	2
r1i1231p1f1	1851-08-06	6	1.121	1.307	1.288	2.860786624766768	2.992208910404944	(6, 1.121)	0	3	3
r1i1231p1f1	1852-06-09	6	1.02	1.092	0.684	2.7720183862436882	2.4026752762106134	(6, 1.02)	1	1	1
r1i1231p1f1	1852-07-31	3	1.109	1.231	0.607	1.9113975294518544	1.4240872574909593	(3, 1.109)	1	1	3
r1i1231p1f1	1853-05-31	3	1.256	1.381	1.049	2.0184125141151683	1.8641985565732526	(3, 1.256)	0	3	3
r1i1231p1f1	1853-07-05	3	1.037	1.078	0.392	1.8544854208953232	1.1108345416025405	(3, 1.037)	1	1	1
r1i1231p1f1	1853-07-12	4	1.054	1.171	0.593	2.2441081632350697	1.748155831745923	(4, 1.054)	1	1	1
r1i1231p1f1	1853-07-19	3	1.032	1.133	0.379	1.8504102698672793	1.0883403013850155	(3, 1.032)	1	1	1
r1i1231p1f1	1854-06-15	3	1.088	1.135	0.545	1.895130081726901	1.3433615650014081	(3, 1.088)	1	1	1
r1i1231p1f1	1854-06-30	5	1.015	1.098	0.547	2.5134977497990874	1.9622960100582751	(5, 1.015)	1	1	1
r1i1231p1f1	1856-08-04	4	0.952	0.974	0.183	2.1536209398540875	0.9017860456712733	(4, 0.952)	1	1	1
r1i1231p1f1	1858-07-31	4	0.993	1.029	0.348	2.1909829164127435	1.3307816511896318	(4, 0.993)	1	1	1
r1i1231p1f1	1859-07-26	10	1.293	1.553	3.869	3.735005361491007	4.815013866186292	(10, 1.293)	2	2	4
r1i1231p1f1	1861-06-03	3	1.077	1.13	0.513	1.886502239488306	1.2989991782744164	(3, 1.077)	1	1	1
r1i1231p1f1	1861-07-26	9	1.215	1.375	2.783	3.5206087205426413	4.3325868845691815	(9, 1.215)	0	0	2
r1i1231p1f1	1862-07-21	4	0.961	0.998	0.219	2.1619427631915795	1.0123279200710973	(4, 0.961)	1	1	1
r1i1231p1f1	1864-07-30	3	1.092	1.22	0.558	1.8982491140189333	1.3608363001904369	(3, 1.092)	1	1	1
r1i1231p1f1	1867-06-18	5	1.049	1.149	0.714	2.543818161302775	2.1953074830707733	(5, 1.049)	1	1	1
r1i1231p1f1	1867-07-01	3	0.984	1.029	0.233	1.8104199386185384	0.7933107972213779	(3, 0.984)	1	1	1
r1i1231p1f1	1867-07-06	9	1.054	1.249	1.33	3.3829655200673514	3.6084825170419075	(9, 1.054)	0	3	2
r1i1231p1f1	1867-07-17	4	1.21	1.492	1.218	2.3683728335320486	2.3743474592209366	(4, 1.21)	0	3	3
r1i1231p1f1	1867-07-30	3	1.055	1.208	0.446	1.8690199726127856	1.1992066584340162	(3, 1.055)	1	1	1
r1i1231p1f1	1867-08-04	4	1.05	1.119	0.574	2.2407096892759584	1.721337004931509	(4, 1.05)	1	1	1
r1i1231p1f1	1867-08-25	4	1.068	1.134	0.648	2.2559126847956152	1.8219653112851208	(4, 1.068)	1	1	1
r1i1231p1f1	1868-08-14	3	1.142	1.317	0.707	1.9364377221875966	1.541946719189544	(3, 1.142)	1	3	3
r1i1231p1f1	1869-07-30	7	1.126	1.343	1.542	3.0843753609628224	3.3863625426027766	(7, 1.126)	0	3	2
r1i1231p1f1	1872-06-13	5	1.121	1.324	1.074	2.6051430448944473	2.565540339656682	(5, 1.121)	0	3	3
r1i1231p1f1	1872-06-25	3	1.172	1.312	0.797	1.958669915800558	1.637312477901555	(3, 1.172)	0	3	3
r1i1231p1f1	1872-07-07	5	1.127	1.244	1.103	2.6100876641419672	2.590160776980125	(5, 1.127)	1	3	3
r1i1231p1f1	1872-07-27	5	1.599	1.842	3.463	2.937963504785348	3.6817923254004903	(5, 1.599)	2	0	0
r1i1231p1f1	1872-08-22	3	1.337	1.553	1.294	2.072826685323001	2.044309220199835	(3, 1.337)	0	0	0
r1i1231p1f1	1877-07-22	5	1.288	1.683	1.907	2.7343855466009805	3.105523825102048	(5, 1.288)	0	0	0
r1i1231p1f1	1877-08-18	6	1.197	1.472	1.743	2.9227440383276013	3.281541232699843	(6, 1.197)	0	3	3
r1i1231p1f1	1878-08-07	3	1.028	1.163	0.366	1.8471381497189576	1.0653284036835002	(3, 1.028)	1	1	1
r1i1231p1f1	1879-06-25	4	1.064	1.156	0.633	2.2525541593884806	1.8023696483400706	(4, 1.064)	1	1	1
r1i1231p1f1	1879-07-21	3	1.051	1.247	0.435	1.8658082795298527	1.1818272835835466	(3, 1.051)	1	1	1
r1i1231p1f1	1880-07-26	3	1.152	1.269	0.739	1.9439035072324593	1.57690576208928	(3, 1.152)	1	3	3
r1i1231p1f1	1880-08-29	3	1.157	1.28	0.752	1.947615601525812	1.590765996505396	(3, 1.157)	1	3	3
r1i1231p1f1	1881-07-02	3	1.077	1.193	0.513	1.886502239488306	1.2989991782744164	(3, 1.077)	1	1	1
r1i1231p1f1	1881-07-30	3	1.054	1.111	0.445	1.8682180158529837	1.1976391373679347	(3, 1.054)	1	1	1
r1i1231p1f1	1881-08-23	6	1.278	1.511	2.231	2.9848071788297488	3.520131449349768	(6, 1.278)	0	0	0
r1i1231p1f1	1885-07-30	4	1.062	1.133	0.624	2.250870657307367	1.7904252462149184	(4, 1.062)	1	1	1
r1i1231p1f1	1886-06-26	4	0.967	1.019	0.244	2.167452419002549	1.082482906738226	(4, 0.967)	1	1	1
r1i1231p1f1	1888-08-01	4	1.022	1.103	0.462	2.2165913798270696	1.5467110825257953	(4, 1.022)	1	1	1
r1i1231p1f1	1889-06-17	4	1.11	1.149	0.817	2.2905125117597764	2.019691537274062	(4, 1.11)	1	1	1
r1i1231p1f1	1890-08-15	4	1.019	1.12	0.453	2.213972434637442	1.5312601313700764	(4, 1.019)	1	1	1
r1i1231p1f1	1891-06-06	4	0.999	1.048	0.373	2.196335293151335	1.3822863397223517	(4, 0.999)	1	1	1
r1i1231p1f1	1892-06-28	4	1.257	1.434	1.406	2.402973267025314	2.5053626583553825	(4, 1.257)	0	3	3
r1i1231p1f1	1892-07-14	3	0.941	0.968	0.106	1.7731845909998287	0.438765869287599	(3, 0.941)	1	1	1
r1i1231p1f1	1892-08-09	3	1.214	1.351	0.923	1.9889872958811943	1.7571764243814418	(3, 1.214)	0	3	3
r1i1231p1f1	1892-08-20	3	1.142	1.19	0.708	1.9364377221875966	1.5430578920360207	(3, 1.142)	1	1	3
r1i1231p1f1	1892-08-26	4	1.26	1.477	1.416	2.4051416813191375	2.5118730980178148	(4, 1.26)	0	3	3
r1i1231p1f1	1893-06-26	10	1.212	1.458	3.058	3.6719063535802374	4.581926644178822	(10, 1.212)	2	2	2
r1i1231p1f1	1893-07-08	4	1.171	1.244	1.061	2.3387241396099188	2.2500278422553697	(4, 1.171)	0	3	3
r1i1231p1f1	1894-06-19	5	1.228	1.387	1.609	2.689849392175427	2.943868652297081	(5, 1.228)	0	3	3
r1i1231p1f1	1894-07-06	3	1.147	1.267	0.723	1.9401775819371392	1.5595789996958684	(3, 1.147)	1	3	3
r1i1231p1f1	1894-07-27	5	1.21	1.395	1.521	2.6760923635947345	2.8906659906546777	(5, 1.21)	0	3	3
r1i1231p1f1	1894-08-04	3	1.078	1.143	0.517	1.8872896720494419	1.3046533024514237	(3, 1.078)	1	1	1
r1i1231p1f1	1900-06-02	3	1.016	1.097	0.329	1.8372570539560484	0.9967767186648551	(3, 1.016)	1	1	1
r1i1231p1f1	1900-07-15	3	1.087	1.139	0.542	1.8943488012231606	1.3392851959703287	(3, 1.087)	1	1	1
r1i1231p1f1	1900-07-24	3	1.134	1.247	0.683	1.9304247013565112	1.5149012963880648	(3, 1.134)	1	3	3
r1i1231p1f1	1901-07-25	5	1.003	1.135	0.484	2.5025730842344482	1.858059641738364	(5, 1.003)	1	1	1
r1i1231p1f1	1903-06-17	5	1.113	1.244	1.037	2.598511955670273	2.5332214996909945	(5, 1.113)	1	3	3
r1i1231p1f1	1903-08-08	3	0.944	0.996	0.115	1.7758278805804821	0.46847591827139157	(3, 0.944)	1	1	1
r1i1231p1f1	1904-08-06	3	1.125	1.292	0.655	1.9236165511600132	1.4823951003662912	(3, 1.125)	1	3	3
r1i1231p1f1	1904-08-12	7	1.128	1.224	1.555	3.086068848746832	3.394474937278486	(7, 1.128)	0	3	2
r1i1231p1f1	1904-08-24	3	1.029	1.128	0.368	1.8479571840630418	1.0689033465903848	(3, 1.029)	1	1	1
r1i1231p1f1	1908-06-03	6	1.336	1.531	2.582	3.026993983187969	3.662214459470733	(6, 1.336)	0	0	0
r1i1231p1f1	1908-07-04	3	1.038	1.126	0.395	1.8552984620613318	1.1159544427782997	(3, 1.038)	1	1	1
r1i1231p1f1	1908-08-22	3	1.309	1.465	1.209	2.054349800617799	1.9854259119535547	(3, 1.309)	0	0	3
r1i1231p1f1	1909-06-14	6	0.994	1.12	0.53	2.747832091763299	2.1735438766571153	(6, 0.994)	1	1	1
r1i1231p1f1	1909-07-30	6	1.11	1.27	1.222	2.8514924172693963	2.9423135005724474	(6, 1.11)	0	3	3
r1i1231p1f1	1913-07-28	4	1.181	1.224	1.098	2.3464105725340754	2.2807483983848713	(4, 1.181)	0	3	3
r1i1231p1f1	1915-06-26	6	1.143	1.381	1.42	2.879119839376666	3.085099950178096	(6, 1.143)	0	3	3
r1i1231p1f1	1915-07-23	12	1.324	1.724	5.011	4.026023723108455	5.3437846748151685	(12, 1.324)	2	2	4
r1i1231p1f1	1915-08-24	3	1.046	1.218	0.421	1.8617791031708242	1.159262061528095	(3, 1.046)	1	1	1
r1i1231p1f1	1916-06-01	9	1.109	1.415	1.831	3.4321468023060904	3.920725032722047	(9, 1.109)	0	3	2
r1i1231p1f1	1921-06-25	4	1.235	1.4	1.318	2.3869262414277967	2.4461658214715696	(4, 1.235)	0	3	3
r1i1231p1f1	1921-08-13	6	1.298	1.475	2.352	2.9995562586342963	3.5714238437586814	(6, 1.298)	0	0	0
r1i1231p1f1	1922-06-20	5	0.961	1.027	0.277	2.4633685811946675	1.4102438071028442	(5, 0.961)	1	1	1
r1i1231p1f1	1922-08-14	3	0.983	1.025	0.231	1.8095695623406716	0.7885988092895502	(3, 0.983)	1	1	1
r1i1231p1f1	1923-07-16	10	1.332	1.553	4.262	3.764022603919837	4.911008486137079	(10, 1.332)	2	2	4
r1i1231p1f1	1923-08-01	8	1.073	1.289	1.335	3.229982652614875	3.4406617091226934	(8, 1.073)	0	3	2
r1i1231p1f1	1926-07-17	3	1.079	1.168	0.52	1.888076485048371	1.3088730142073226	(3, 1.079)	1	1	1
r1i1231p1f1	1927-06-20	8	1.191	1.437	2.279	3.330390496009569	3.9621053503413264	(8, 1.191)	0	3	2
r1i1231p1f1	1928-06-14	6	0.96	1.025	0.326	2.7152946246796246	1.7563398584496839	(6, 0.96)	1	1	1
r1i1231p1f1	1928-07-27	9	1.186	1.439	2.517	3.4971740060096406	4.233512125090202	(9, 1.186)	0	0	2
r1i1231p1f1	1928-08-07	6	1.049	1.228	0.86	2.798322770462232	2.612960249048462	(6, 1.049)	1	3	1
r1i1231p1f1	1929-05-31	4	1.001	1.083	0.381	2.1981130713973345	1.3982229319851645	(4, 1.001)	1	1	1
r1i1231p1f1	1929-06-06	5	1.118	1.246	1.057	2.6026615364721923	2.5508207291837395	(5, 1.118)	1	3	3
r1i1231p1f1	1931-07-16	3	1.083	1.152	0.53	1.891217560871479	1.3228114916618343	(3, 1.083)	1	1	1
r1i1231p1f1	1936-08-13	3	0.973	1.066	0.202	1.8010257885243162	0.7176557710420871	(3, 0.973)	1	1	1
r1i1231p1f1	1937-06-01	3	1.049	1.199	0.428	1.8641985565732526	1.1706083198612842	(3, 1.049)	1	1	1
r1i1231p1f1	1937-06-08	10	1.359	1.712	4.529	3.783629327014031	4.971336827508168	(10, 1.359)	2	2	4
r1i1231p1f1	1937-07-22	7	1.09	1.219	1.286	3.053391680093326	3.211531050012949	(7, 1.09)	1	3	2
r1i1231p1f1	1938-07-01	4	1.006	1.185	0.4	2.2025437388138194	1.4350845252893227	(4, 1.006)	1	1	1
r1i1231p1f1	1939-07-23	4	1.215	1.364	1.238	2.372111155642656	2.3891296943942315	(4, 1.215)	0	3	3
r1i1231p1f1	1943-06-09	3	1.041	1.083	0.405	1.8577336268521103	1.1328339025038707	(3, 1.041)	1	1	1
r1i1231p1f1	1944-07-06	3	1.006	1.03	0.299	1.8289475630806293	0.9375235416145502	(3, 1.006)	1	1	1
r1i1231p1f1	1944-07-19	3	1.065	1.195	0.477	1.8770043651306039	1.2466197677986228	(3, 1.065)	1	1	1
r1i1231p1f1	1944-08-13	3	0.982	1.068	0.229	1.8087184623074828	0.7838645133710184	(3, 0.982)	1	1	1
r1i1231p1f1	1944-08-20	3	1.236	1.308	0.99	2.0045084361444423	1.8155070660787613	(3, 1.236)	0	3	3
r1i1231p1f1	1945-06-04	7	1.136	1.227	1.61	3.0928142657524424	3.428086515926617	(7, 1.136)	0	3	2
r1i1231p1f1	1946-07-27	3	1.188	1.344	0.847	1.9703280309734539	1.6866102464375254	(3, 1.188)	0	3	3
r1i1231p1f1	1946-08-26	3	1.035	1.069	0.386	1.8528573527641976	1.100515421616143	(3, 1.035)	1	1	1
r1i1231p1f1	1947-08-11	7	1.215	1.455	2.162	3.157090412871135	3.7145667021745923	(7, 1.215)	0	0	2
r1i1231p1f1	1951-05-28	9	0.974	1.092	0.613	3.306813439434004	2.865110928345553	(9, 0.974)	1	1	2
r1i1231p1f1	1951-08-17	18	1.165	1.537	4.662	4.499455999005839	5.877807028262001	(18, 1.165)	2	2	4
r1i1231p1f1	1955-07-17	3	0.981	1.004	0.224	1.8078666372859462	0.7719297758650956	(3, 0.981)	1	1	1
r1i1231p1f1	1955-07-28	5	0.935	0.986	0.143	2.4383056447063023	0.9550454148800811	(5, 0.935)	1	1	1
r1i1231p1f1	1957-08-22	4	1.287	1.5	1.526	2.4244486807508863	2.580822706617827	(4, 1.287)	0	0	0
r1i1231p1f1	1958-07-20	7	1.067	1.259	1.13	3.033081840201195	3.0877594734778295	(7, 1.067)	1	3	2
r1i1231p1f1	1959-07-05	6	1.276	1.461	2.217	2.9833202354571164	3.514023338196682	(6, 1.276)	0	0	0
r1i1231p1f1	1961-08-21	4	1.029	1.125	0.492	2.2226757097657437	1.5965552866030868	(4, 1.029)	1	1	1
r1i1231p1f1	1963-06-04	4	1.03	1.113	0.498	2.2235418856535927	1.606232781485152	(4, 1.03)	1	1	1
r1i1231p1f1	1963-06-21	6	1.03	1.212	0.745	2.781167234510654	2.4806659331664846	(6, 1.03)	1	1	1
r1i1231p1f1	1964-06-06	8	1.323	1.59	3.338	3.4319229039374073	4.337686975252273	(8, 1.323)	2	0	0
r1i1231p1f1	1966-06-21	7	1.175	1.27	1.881	3.1250619245534623	3.5789699271752826	(7, 1.175)	0	3	2
r1i1231p1f1	1966-07-30	3	1.053	1.093	0.44	1.8674154154423224	1.1897644619901993	(3, 1.053)	1	1	1
r1i1231p1f1	1966-08-18	3	1.293	1.459	1.16	2.043636250061301	1.9498362618267655	(3, 1.293)	0	3	3
r1i1231p1f1	1969-07-08	3	1.119	1.254	0.639	1.9190518967353905	1.463334426473694	(3, 1.119)	1	3	3
r1i1231p1f1	1970-05-30	7	1.686	2.156	5.46	3.472747419975041	4.626154615748098	(7, 1.686)	2	2	4
r1i1231p1f1	1970-07-09	4	1.246	1.343	1.36	2.394981942260013	2.474856313934499	(4, 1.246)	0	3	3
r1i1231p1f1	1971-08-03	10	1.023	1.23	1.167	3.5070607847565713	3.6350508510236543	(10, 1.023)	1	3	2
r1i1231p1f1	1972-07-23	4	1.193	1.481	1.147	2.3555569777601515	2.320032006597766	(4, 1.193)	0	3	3
r1i1231p1f1	1972-08-15	6	1.261	1.573	2.129	2.972097120593302	3.4747508326356606	(6, 1.261)	0	0	0
r1i1231p1f1	1975-06-07	7	1.007	1.099	0.704	2.9780722997119558	2.6417866345949363	(7, 1.007)	1	1	1
r1i1231p1f1	1976-05-31	3	1.122	1.188	0.646	1.9213368284541927	1.4717182102318955	(3, 1.122)	1	1	3
r1i1231p1f1	1976-07-03	3	1.119	1.256	0.638	1.9190518967353905	1.4621309846147317	(3, 1.119)	1	3	3
r1i1231p1f1	1976-07-25	4	1.115	1.293	0.835	2.2945529212967815	2.038619547159581	(4, 1.115)	1	3	3
r1i1231p1f1	1977-07-24	3	1.0	1.031	0.281	1.823928522430647	0.9002096539729642	(3, 1.0)	1	1	1
r1i1231p1f1	1978-07-30	4	1.175	1.34	1.074	2.341805806147327	2.260929417725213	(4, 1.175)	0	3	3
r1i1231p1f1	1981-05-30	5	1.246	1.397	1.701	2.7034197303220164	2.9966197870291538	(5, 1.246)	0	3	3
r1i1231p1f1	1981-06-16	4	1.121	1.188	0.86	2.2993799620450974	2.064327903869788	(4, 1.121)	1	3	3
r1i1231p1f1	1981-08-02	7	1.033	1.232	0.892	3.0022821626362606	2.8633471486442437	(7, 1.033)	1	3	1
r1i1231p1f1	1982-05-28	12	1.219	1.612	3.754	3.944933048628928	5.056569635449334	(12, 1.219)	2	2	4
r1i1231p1f1	1982-06-14	13	1.409	1.748	6.538	4.20533245514008	5.728313204572853	(13, 1.409)	2	2	4
r1i1231p1f1	1982-07-03	3	0.95	0.977	0.133	1.7810935906961989	0.5253722697485572	(3, 0.95)	1	1	1
r1i1231p1f1	1982-07-10	3	1.13	1.29	0.673	1.9274045777056474	1.5034128605724522	(3, 1.13)	1	3	3
r1i1231p1f1	1982-07-29	3	1.079	1.156	0.518	1.888076485048371	1.3060618524041605	(3, 1.079)	1	1	1
r1i1231p1f1	1985-06-05	4	1.072	1.155	0.665	2.259259968255672	1.843719208158766	(4, 1.072)	1	1	1
r1i1231p1f1	1985-07-01	3	1.184	1.3	0.835	1.96742621912213	1.6749985247384984	(3, 1.184)	0	3	3
r1i1231p1f1	1985-07-08	6	1.045	1.22	0.833	2.79473545580728	2.5834351100972532	(6, 1.045)	1	1	1
r1i1231p1f1	1988-06-11	3	1.08	1.174	0.52	1.888862679459286	1.3088730142073226	(3, 1.08)	1	1	1
r1i1231p1f1	1988-07-08	5	1.209	1.354	1.514	2.6753225066682624	2.88630988574445	(5, 1.209)	0	3	3
r1i1231p1f1	1988-08-13	3	1.033	1.111	0.382	1.85122662970424	1.093576371520756	(3, 1.033)	1	1	1
r1i1231p1f1	1990-06-12	3	1.022	1.064	0.348	1.8422098062945378	1.0325654459103046	(3, 1.022)	1	1	1
r1i1231p1f1	1990-06-26	3	0.901	0.942	-0.015	1.7372563504156076	-0.08114746122473067	(3, 0.901)	1	1	1
r1i1231p1f1	1990-07-12	10	1.122	1.541	2.161	3.596784870778206	4.238976081637442	(10, 1.122)	0	2	2
r1i1231p1f1	1990-07-25	10	1.268	1.864	3.617	3.715951690005705	4.748227414402817	(10, 1.268)	2	2	4
r1i1231p1f1	1995-06-17	5	1.28	1.561	1.867	2.7285607513564756	3.085284753661143	(5, 1.28)	0	0	0
r1i1231p1f1	1995-07-05	5	1.234	1.466	1.638	2.694393330535566	2.9607989864977	(5, 1.234)	0	3	3
r1i1231p1f1	1996-07-09	7	1.236	1.445	2.311	3.173503507619822	3.779641099526933	(7, 1.236)	0	0	2
r1i1231p1f1	1996-08-28	3	1.039	1.184	0.4	1.8561108427283792	1.1244297867383737	(3, 1.039)	1	1	1
r1i1231p1f1	1997-07-02	5	1.119	1.279	1.067	2.6034893903441514	2.559505540585122	(5, 1.119)	0	3	3
r1i1231p1f1	2000-07-23	12	1.171	1.324	3.174	3.905553239472899	4.8899031815644785	(12, 1.171)	2	2	2
r1i1231p1f1	2000-08-23	5	1.167	1.235	1.304	2.642441357949358	2.745934329969324	(5, 1.167)	0	3	3
r1i1231p1f1	2001-07-12	8	1.169	1.391	2.104	3.3124190070195088	3.8837898825780455	(8, 1.169)	0	3	2
r1i1231p1f1	2003-06-23	3	1.01	1.031	0.313	1.8322796497164289	0.9656124531448094	(3, 1.01)	1	1	1
r1i1231p1f1	2003-06-28	3	1.126	1.214	0.66	1.9243753052704822	1.4882778156924215	(3, 1.126)	1	1	3
r1i1231p1f1	2004-08-14	4	1.148	1.285	0.967	2.3208178612551054	2.167452419002549	(4, 1.148)	0	3	3
r1i1231p1f1	2007-08-23	4	1.124	1.316	0.872	2.3017847728232765	2.076437032659537	(4, 1.124)	1	3	3
r1i1231p1f1	2008-07-25	4	0.933	0.987	0.108	2.1358218751159437	0.6227247162633994	(4, 0.933)	1	1	1
r1i1231p1f1	2010-07-18	7	1.014	1.207	0.753	2.984648211970734	2.704427323774926	(7, 1.014)	1	1	1
r1i1231p1f1	2010-08-06	3	0.908	0.941	0.007	1.7436377015999622	0.03572718225790625	(3, 0.908)	1	1	1
r1i1251p1f1	1852-05-31	8	1.74	2.257	6.657	3.698129182584415	5.02144805793385	(8, 1.74)	2	2	4
r1i1251p1f1	1852-07-02	3	1.042	1.096	0.403	1.8585440324455398	1.129480726926565	(3, 1.042)	1	1	1
r1i1251p1f1	1854-06-21	13	1.382	2.286	6.163	4.186275314171797	5.669443457095579	(13, 1.382)	2	2	4
r1i1251p1f1	1854-07-21	5	1.145	1.354	1.186	2.6247764972967196	2.657450217657584	(5, 1.145)	0	3	3
r1i1251p1f1	1854-07-28	5	1.323	1.581	2.074	2.759477499017757	3.1858576729492487	(5, 1.323)	0	0	0
r1i1251p1f1	1856-06-04	3	1.137	1.183	0.687	1.9326838233665247	1.519459968127892	(3, 1.137)	1	1	3
r1i1251p1f1	1859-07-28	3	1.265	1.375	1.072	2.024606827905257	1.8825557489911475	(3, 1.265)	0	3	3
r1i1251p1f1	1860-07-27	6	1.14	1.269	1.391	2.876639559178545	3.0654188360675367	(6, 1.14)	0	3	3
r1i1251p1f1	1860-08-16	4	1.001	1.069	0.371	2.1981130713973345	1.3782621894226263	(4, 1.001)	1	1	1
r1i1251p1f1	1862-07-02	5	1.002	1.164	0.471	2.501657285216424	1.8351286308839052	(5, 1.002)	1	1	1
r1i1251p1f1	1863-06-18	4	1.055	1.211	0.586	2.2449559801574095	1.7383586925009398	(4, 1.055)	1	1	1
r1i1251p1f1	1863-06-28	4	1.111	1.197	0.812	2.291321900715335	2.014369544936121	(4, 1.111)	1	1	3
r1i1251p1f1	1864-08-05	3	1.03	1.16	0.367	1.8487755481388044	1.0671174726631902	(3, 1.03)	1	1	1
r1i1251p1f1	1865-06-05	13	1.291	1.527	4.974	4.119231742161264	5.455928437626913	(13, 1.291)	2	2	4
r1i1251p1f1	1866-07-04	9	1.115	1.345	1.864	3.437368577966983	3.9382364122440494	(9, 1.115)	0	3	2
r1i1251p1f1	1866-08-06	5	1.126	1.442	1.091	2.6092652569342474	2.580046422442136	(5, 1.126)	0	3	3
r1i1251p1f1	1866-08-24	3	1.109	1.207	0.603	1.9113975294518544	1.4190712590751862	(3, 1.109)	1	1	1
r1i1251p1f1	1868-08-04	3	1.302	1.362	1.181	2.049676739221073	1.9652443208753656	(3, 1.302)	0	3	3
r1i1251p1f1	1869-08-08	9	1.118	1.272	1.89	3.4399692761626937	3.951820475302212	(9, 1.118)	0	3	2
r1i1251p1f1	1871-07-13	8	1.021	1.071	0.902	3.1823194179019394	3.063854839269247	(8, 1.021)	1	1	1
r1i1251p1f1	1871-08-17	6	1.062	1.163	0.925	2.809893456908168	2.6806562614949883	(6, 1.062)	1	1	1
r1i1251p1f1	1873-07-14	3	1.19	1.368	0.846	1.9717757853036324	1.6856477362196745	(3, 1.19)	0	3	3
r1i1251p1f1	1874-06-23	7	1.533	1.761	4.375	3.380707467085332	4.40703790260231	(7, 1.533)	2	0	0
r1i1251p1f1	1874-07-27	8	1.006	1.13	0.787	3.1681373870437928	2.934270463943111	(8, 1.006)	1	1	1
r1i1251p1f1	1876-07-15	3	1.115	1.223	0.621	1.9159971769397985	1.441447726282995	(3, 1.115)	1	1	3
r1i1251p1f1	1876-08-11	3	0.999	1.075	0.274	1.8230895610787659	0.8853141797945967	(3, 0.999)	1	1	1
r1i1251p1f1	1876-08-22	13	1.211	1.783	3.942	4.0563344739469605	5.224509783609105	(13, 1.211)	2	2	4
r1i1251p1f1	1877-06-01	4	1.193	1.35	1.142	2.3555569777601515	2.316093443018838	(4, 1.193)	0	3	3
r1i1251p1f1	1877-06-12	4	1.13	1.217	0.887	2.306577114263583	2.0913701125451096	(4, 1.13)	1	3	3
r1i1251p1f1	1877-06-21	3	1.085	1.248	0.533	1.8927844066300867	1.326955429670287	(3, 1.085)	1	1	1
r1i1251p1f1	1881-06-28	6	1.038	1.214	0.779	2.788426521923992	2.5216334751591303	(6, 1.038)	1	1	1
r1i1251p1f1	1881-08-24	8	1.083	1.201	1.402	3.2388938253934696	3.4880977106603126	(8, 1.083)	1	3	2
r1i1251p1f1	1882-07-09	3	1.065	1.166	0.471	1.8770043651306039	1.2376167822498452	(3, 1.065)	1	1	1
r1i1251p1f1	1882-08-29	3	1.098	1.21	0.571	1.9029094972892788	1.3780109061816326	(3, 1.098)	1	1	1
r1i1251p1f1	1883-06-17	13	1.108	1.41	2.599	3.9690526662245733	4.810726064486212	(13, 1.108)	2	2	2
r1i1251p1f1	1883-07-31	3	1.122	1.215	0.643	1.9213368284541927	1.4681337632632208	(3, 1.122)	1	1	3
r1i1251p1f1	1883-08-07	3	1.219	1.421	0.932	1.9925360413504454	1.7652125400234207	(3, 1.219)	0	3	3
r1i1251p1f1	1887-06-21	3	1.302	1.423	1.184	2.049676739221073	1.96742621912213	(3, 1.302)	0	3	3
r1i1251p1f1	1889-08-26	3	0.988	1.051	0.239	1.8138142307275258	0.8073149909471471	(3, 0.988)	1	1	1
r1i1251p1f1	1890-06-07	3	1.26	1.519	1.056	2.021170280523964	1.8698212867532615	(3, 1.26)	0	3	3
r1i1251p1f1	1890-08-15	6	1.085	1.392	1.063	2.830042334982768	2.810777988939766	(6, 1.085)	0	3	3
r1i1251p1f1	1891-07-03	4	1.215	1.38	1.226	2.372111155642656	2.3802866006578975	(4, 1.215)	0	3	3
r1i1251p1f1	1892-07-07	4	1.1	1.307	0.77	2.2823823856765264	1.9685099809725544	(4, 1.1)	1	3	3
r1i1251p1f1	1892-08-13	3	1.166	1.287	0.773	1.9542628429622635	1.6127575608495572	(3, 1.166)	1	3	3
r1i1251p1f1	1893-07-21	3	1.055	1.182	0.441	1.8690199726127856	1.1913443657207363	(3, 1.055)	1	1	1
r1i1251p1f1	1893-07-27	5	1.446	1.808	2.688	2.8429756244580964	3.435687487783816	(5, 1.446)	2	0	0
r1i1251p1f1	1894-07-15	4	1.091	1.167	0.731	2.275008325223811	1.923956638839441	(4, 1.091)	1	1	1
r1i1251p1f1	1895-07-06	4	1.204	1.386	1.183	2.363868321410944	2.3479407947148427	(4, 1.204)	0	3	3
r1i1251p1f1	1898-06-24	3	1.195	1.306	0.861	1.9753860276277764	1.6999890104703193	(3, 1.195)	0	3	3
r1i1251p1f1	1898-08-11	3	1.173	1.378	0.795	1.959402543353941	1.6352891074723162	(3, 1.173)	0	3	3
r1i1251p1f1	1899-06-03	3	0.999	1.065	0.272	1.8230895610787659	0.8810172570495237	(3, 0.999)	1	1	1
r1i1251p1f1	1899-06-20	20	1.227	1.654	6.377	4.70724124432981	6.348047871325887	(20, 1.227)	2	2	4
r1i1251p1f1	1900-07-17	4	1.361	1.486	1.813	2.4755294879754035	2.7410980551484103	(4, 1.361)	0	0	0
r1i1251p1f1	1900-08-04	6	1.232	1.398	1.944	2.9500352999136945	3.386789023335253	(6, 1.232)	0	3	3
r1i1251p1f1	1900-08-13	6	1.412	1.718	3.027	3.079709251865037	3.8174404804042745	(6, 1.412)	2	0	0
r1i1251p1f1	1905-06-07	10	1.644	2.282	7.365	3.9700625425914096	5.454901153987128	(10, 1.644)	2	2	4
r1i1251p1f1	1905-06-20	8	1.131	1.26	1.787	3.2805957007813187	3.724130620554573	(8, 1.131)	0	3	2
r1i1251p1f1	1905-06-30	5	1.554	1.833	3.231	2.9109501291692492	3.6142549918158466	(5, 1.554)	2	0	0
r1i1251p1f1	1905-07-10	4	1.411	1.753	2.013	2.508623176405316	2.8393123542826895	(4, 1.411)	0	0	0
r1i1251p1f1	1905-07-17	7	1.105	1.331	1.376	3.06641840891081	3.2765361186985604	(7, 1.105)	0	3	2
r1i1251p1f1	1905-08-06	3	1.119	1.277	0.633	1.9190518967353905	1.456091954898091	(3, 1.119)	1	3	3
r1i1251p1f1	1905-08-14	11	1.402	1.505	5.435	3.9541047664330184	5.294733015888359	(11, 1.402)	2	2	4
r1i1251p1f1	1910-06-28	6	1.128	1.277	1.318	2.8666564588923342	3.0140909611222204	(6, 1.128)	0	3	3
r1i1251p1f1	1910-07-10	3	1.093	1.229	0.555	1.8990273544023255	1.3568306874635405	(3, 1.093)	1	1	1
r1i1251p1f1	1910-08-19	3	0.932	0.944	0.073	1.7652125400234207	0.3215899910789417	(3, 0.932)	1	1	1
r1i1251p1f1	1911-06-21	4	1.124	1.318	0.865	2.3017847728232765	2.0693912058263346	(4, 1.124)	1	3	3
r1i1251p1f1	1912-07-05	5	1.037	1.077	0.645	2.5332214996909945	2.1055135959926994	(5, 1.037)	1	1	1
r1i1251p1f1	1912-08-14	12	1.03	1.222	1.467	3.7800058021396064	4.126844743633471	(12, 1.03)	0	3	2
r1i1251p1f1	1916-06-29	4	0.945	1.06	0.15	2.1471001901536506	0.7884573603642702	(4, 0.945)	1	1	1
r1i1251p1f1	1917-07-25	7	1.163	1.244	1.782	3.115249867255592	3.526451751461328	(7, 1.163)	0	3	2
r1i1251p1f1	1918-08-03	6	1.156	1.226	1.487	2.889797195975079	3.12914136117319	(6, 1.156)	0	3	3
r1i1251p1f1	1920-07-08	4	1.006	1.079	0.393	2.2025437388138194	1.421661504957182	(4, 1.006)	1	1	1
r1i1251p1f1	1921-06-04	4	1.29	1.593	1.526	2.4265710727750367	2.580822706617827	(4, 1.29)	0	0	0
r1i1251p1f1	1921-07-09	7	1.238	1.412	2.312	3.175052700696968	3.7800638440462486	(7, 1.238)	0	0	2
r1i1251p1f1	1921-07-18	4	1.008	1.078	0.401	2.204310523725705	1.4369874754354088	(4, 1.008)	1	1	1
r1i1251p1f1	1921-08-16	8	1.021	1.19	0.901	3.1823194179019394	3.0627974148704746	(8, 1.021)	1	3	2
r1i1251p1f1	1922-06-04	6	0.967	1.01	0.355	2.7220806121214722	1.82735392830324	(6, 0.967)	1	1	1
r1i1251p1f1	1922-07-19	4	1.032	1.071	0.496	2.2252719898913753	1.6030173446311777	(4, 1.032)	1	1	1
r1i1251p1f1	1923-06-08	4	1.069	1.246	0.643	2.256750556650246	1.815475995845371	(4, 1.069)	1	1	1
r1i1251p1f1	1927-07-21	3	1.142	1.168	0.702	1.9364377221875966	1.5363722585757391	(3, 1.142)	1	1	3
r1i1251p1f1	1927-08-10	3	1.009	1.082	0.302	1.8314476683669307	0.943609369210124	(3, 1.009)	1	1	1
r1i1251p1f1	1928-06-20	6	1.124	1.322	1.299	2.863306488110815	3.00028803306717	(6, 1.124)	0	3	3
r1i1251p1f1	1928-07-22	4	1.045	1.111	0.548	2.2364452904895007	1.6834315923424268	(4, 1.045)	1	1	1
r1i1251p1f1	1928-08-05	7	1.262	1.549	2.482	3.1934581998795735	3.8494512588608383	(7, 1.262)	0	0	0
r1i1251p1f1	1928-08-14	6	1.185	1.397	1.661	2.913212905343127	3.235206344174683	(6, 1.185)	0	3	3
r1i1251p1f1	1928-08-24	6	1.157	1.351	1.496	2.890613828283699	3.1349123045307574	(6, 1.157)	0	3	3
r1i1251p1f1	1933-06-22	8	1.055	1.171	1.178	3.2137396546133425	3.3198100590292556	(8, 1.055)	1	3	2
r1i1251p1f1	1936-06-30	6	1.209	1.426	1.809	2.932185185805167	3.317336007950353	(6, 1.209)	0	3	3
r1i1251p1f1	1936-07-24	4	1.017	1.106	0.435	2.2122226529136544	1.4996230464268938	(4, 1.017)	1	1	1
r1i1251p1f1	1936-08-03	3	1.152	1.204	0.732	1.9439035072324593	1.5693622171593682	(3, 1.152)	1	3	3
r1i1251p1f1	1937-06-11	11	1.151	1.529	2.674	3.7610090851388462	4.590616813367839	(11, 1.151)	2	2	2
r1i1251p1f1	1937-07-28	8	1.261	1.476	2.827	3.3855141344283695	4.173890344190967	(8, 1.261)	2	0	0
r1i1251p1f1	1938-08-21	3	1.147	1.216	0.717	1.9401775819371392	1.5530032738697626	(3, 1.147)	1	3	3
r1i1251p1f1	1942-08-02	4	1.055	1.093	0.588	2.2449559801574095	1.7411676831119949	(4, 1.055)	1	1	1
r1i1251p1f1	1944-08-09	3	1.187	1.307	0.838	1.969603367051763	1.677914120115881	(3, 1.187)	0	3	3
r1i1251p1f1	1946-06-11	3	1.154	1.325	0.739	1.9453899989154602	1.57690576208928	(3, 1.154)	0	3	3
r1i1251p1f1	1946-06-18	4	0.955	0.976	0.186	2.1564025828159643	0.911479174876933	(4, 0.955)	1	1	1
r1i1251p1f1	1947-08-12	3	1.061	1.176	0.459	1.8738182540964106	1.2193639394076574	(3, 1.061)	1	1	1
r1i1251p1f1	1950-07-22	4	1.06	1.143	0.608	2.2491843162669305	1.7688319645843502	(4, 1.06)	1	1	1
r1i1251p1f1	1951-06-28	3	1.116	1.272	0.623	1.9167617321445913	1.443903372160198	(3, 1.116)	1	3	3
r1i1251p1f1	1953-06-12	11	1.117	1.519	2.298	3.731732236366537	4.440739329340746	(11, 1.117)	2	2	2
r1i1251p1f1	1953-08-15	3	1.194	1.278	0.857	1.9746650211180787	1.6961847359134596	(3, 1.194)	0	3	3
r1i1251p1f1	1955-06-25	7	1.361	1.791	3.172	3.2659911678983136	4.090106630040982	(7, 1.361)	2	0	0
r1i1251p1f1	1955-07-24	11	1.238	1.545	3.63	3.8322391861330845	4.893598189255977	(11, 1.238)	2	2	4
r1i1251p1f1	1955-08-18	7	1.203	1.302	2.069	3.147589115566067	3.6716930156821093	(7, 1.203)	0	3	2
r1i1251p1f1	1958-06-26	11	1.32	1.646	4.532	3.8950272311334886	5.114036165197097	(11, 1.32)	2	2	4
r1i1251p1f1	1959-07-13	3	1.207	1.328	0.897	1.9839977994098914	1.7335914971028565	(3, 1.207)	0	3	3
r1i1251p1f1	1960-08-09	4	0.909	0.925	0.004	2.1128763177660734	0.03149866705937099	(4, 0.909)	1	1	1
r1i1251p1f1	1960-08-18	5	1.074	1.255	0.831	2.565540339656682	2.3312563603776475	(5, 1.074)	1	3	3
r1i1251p1f1	1961-06-20	4	1.302	1.668	1.574	2.4350158801745354	2.609481384369631	(4, 1.302)	0	0	0
r1i1251p1f1	1965-06-26	5	1.345	1.475	2.187	2.774933293376471	3.2367708822999157	(5, 1.345)	0	0	0
r1i1251p1f1	1965-07-23	3	1.143	1.315	0.705	1.9371868138985564	1.5397206625073199	(3, 1.143)	1	3	3
r1i1251p1f1	1965-08-13	3	1.052	1.098	0.432	1.866612170346783	1.1770345600233627	(3, 1.052)	1	1	1
r1i1251p1f1	1966-08-12	5	1.239	1.384	1.655	2.698164236965281	2.9705920146177442	(5, 1.239)	0	3	3
r1i1251p1f1	1966-08-26	5	1.102	1.245	0.971	2.5893218104403486	2.4728433491079573	(5, 1.102)	1	3	3
r1i1251p1f1	1967-06-26	3	1.012	1.121	0.312	1.8339415387115605	0.9636320587510483	(3, 1.012)	1	1	1
r1i1251p1f1	1967-07-26	5	0.934	0.989	0.132	2.4373290274982997	0.9065655411955797	(5, 0.934)	1	1	1
r1i1251p1f1	1967-08-18	3	0.982	1.07	0.222	1.8087184623074828	0.7671157105610386	(3, 0.982)	1	1	1
r1i1251p1f1	1969-07-17	8	1.081	1.404	1.38	3.2371179322374597	3.4727684742362115	(8, 1.081)	0	3	2
r1i1251p1f1	1971-06-11	3	1.108	1.198	0.6	1.9106288604174835	1.415292679529417	(3, 1.108)	1	1	1
r1i1251p1f1	1974-06-28	6	1.358	1.544	2.7	3.042541544868935	3.70577919153777	(6, 1.358)	0	0	0
r1i1251p1f1	1976-07-11	3	1.134	1.242	0.679	1.9304247013565112	1.5103217479538902	(3, 1.134)	1	3	3
r1i1251p1f1	1976-08-11	3	0.99	1.039	0.247	1.8155070660787613	0.825687303217429	(3, 0.99)	1	1	1
r1i1251p1f1	1977-06-09	4	0.981	1.058	0.291	2.180191444779979	1.2023715229589622	(4, 0.981)	1	1	1
r1i1251p1f1	1977-07-19	3	1.074	1.179	0.497	1.8841362146551381	1.2760574624548071	(3, 1.074)	1	1	1
r1i1251p1f1	1978-07-17	3	1.103	1.196	0.586	1.9067766274057756	1.3974680324230628	(3, 1.103)	1	1	1
r1i1251p1f1	1979-05-28	22	1.213	1.715	6.719	4.837617799698876	6.542944293875828	(22, 1.213)	2	2	4
r1i1251p1f1	1979-07-14	19	1.237	1.785	6.254	4.639061355686899	6.251808552736084	(19, 1.237)	2	2	4
r1i1251p1f1	1980-08-29	3	1.179	1.299	0.813	1.9637870727255824	1.6533537247355978	(3, 1.179)	0	3	3
r1i1251p1f1	1984-07-12	4	0.985	1.059	0.308	2.1838015570040787	1.2424239907001886	(4, 0.985)	1	1	1
r1i1251p1f1	1984-08-06	5	1.243	1.502	1.676	2.701170757242802	2.9825583599345062	(5, 1.243)	0	0	0
r1i1251p1f1	1987-08-01	4	1.136	1.245	0.913	2.3113465986626185	2.1167373264235327	(4, 1.136)	1	3	3
r1i1251p1f1	1988-06-01	5	1.233	1.459	1.627	2.6936374398736525	2.954410831255497	(5, 1.233)	0	3	3
r1i1251p1f1	1988-06-19	4	1.482	1.706	2.297	2.5538106284352113	2.9640351868107366	(4, 1.482)	0	0	0
r1i1251p1f1	1988-08-07	4	0.993	1.082	0.339	2.1909829164127435	1.3115708149239542	(4, 0.993)	1	1	1
r1i1251p1f1	1989-06-18	7	1.392	1.639	3.388	3.2876628374348242	4.154916446855136	(7, 1.392)	2	0	0
r1i1251p1f1	1989-06-27	3	1.032	1.102	0.373	1.8504102698672793	1.0777851870249011	(3, 1.032)	1	1	1
r1i1251p1f1	1989-07-15	4	0.977	1.011	0.276	2.1765682524105587	1.165647690004268	(4, 0.977)	1	1	1
r1i1251p1f1	1991-07-19	3	0.999	1.076	0.275	1.8230895610787659	0.887455737113426	(3, 0.999)	1	1	1
r1i1251p1f1	1993-08-20	3	1.038	1.103	0.389	1.8552984620613318	1.1056882920799471	(3, 1.038)	1	1	1
r1i1251p1f1	1995-07-11	11	1.246	1.45	3.716	3.8385413467492717	4.916839902578128	(11, 1.246)	2	2	4
r1i1251p1f1	1995-08-10	4	1.038	1.152	0.521	2.2304444152163634	1.6424857664803008	(4, 1.038)	1	1	1
r1i1251p1f1	1997-06-05	4	1.445	1.496	2.147	2.5305171610400525	2.900102042538741	(4, 1.445)	0	0	0
r1i1251p1f1	1997-06-30	8	1.292	1.615	3.072	3.4089877167621605	4.255774753677945	(8, 1.292)	2	0	0
r1i1251p1f1	1997-07-16	3	1.156	1.272	0.744	1.9468742842202946	1.5822593800150702	(3, 1.156)	1	3	3
r1i1251p1f1	1997-07-29	7	1.114	1.32	1.443	3.0741537627018283	3.3223249387111764	(7, 1.114)	0	3	2
r1i1251p1f1	1997-08-16	4	1.097	1.298	0.757	2.2799304024292395	1.9538783187044901	(4, 1.097)	1	3	3
r1i1251p1f1	2001-05-29	12	1.297	1.634	4.667	4.005791589183725	5.273017747394097	(12, 1.297)	2	2	4
r1i1251p1f1	2002-08-06	8	1.096	1.205	1.503	3.250360888337935	3.555605392604013	(8, 1.096)	0	3	2
r1i1251p1f1	2003-06-24	3	1.032	1.08	0.371	1.8504102698672793	1.0742419116691944	(3, 1.032)	1	1	1
r1i1251p1f1	2005-06-22	4	1.34	1.558	1.728	2.4612967841488667	2.6962474889830585	(4, 1.34)	0	0	0
r1i1251p1f1	2009-06-13	5	1.507	1.747	2.998	2.881934722132259	3.5415000179149247	(5, 1.507)	2	0	0
r1i1251p1f1	2009-07-02	3	0.959	0.993	0.153	1.7889405286417714	0.5850113287025911	(3, 0.959)	1	1	1
r1i1251p1f1	2009-08-17	6	0.982	1.104	0.445	2.7364687784196544	2.0202404329449717	(6, 0.982)	1	1	1
r1i1251p1f1	2010-07-20	16	1.257	1.577	5.585	4.399964779804894	5.8817612820160186	(16, 1.257)	2	2	4
r1i1251p1f1	2010-08-10	3	1.029	1.183	0.363	1.8479571840630418	1.0599419115922148	(3, 1.029)	1	1	1
r1i1281p1f1	1851-07-15	3	0.995	1.062	0.281	1.8197266593443935	0.9002096539729642	(3, 0.995)	1	1	1
r1i1281p1f1	1851-07-28	4	1.129	1.256	0.91	2.305779983890565	2.1138429683971682	(4, 1.129)	1	3	3
r1i1281p1f1	1853-06-06	6	1.172	1.315	1.625	2.902783955276358	3.2141657495437257	(6, 1.172)	0	3	3
r1i1281p1f1	1856-06-26	3	1.042	1.124	0.423	1.8585440324455398	1.162517007371878	(3, 1.042)	1	1	1
r1i1281p1f1	1857-07-01	4	1.126	1.194	0.9	2.30338477316461	2.1041341542702074	(4, 1.126)	1	3	3
r1i1281p1f1	1857-07-21	3	1.069	1.103	0.505	1.8801803570932276	1.2875941092124685	(3, 1.069)	1	1	1
r1i1281p1f1	1859-08-12	7	1.139	1.403	1.669	3.0953321124697535	3.4629292355153725	(7, 1.139)	0	3	2
r1i1281p1f1	1861-08-08	7	1.129	1.534	1.594	3.0869145183887863	3.4184245754026463	(7, 1.129)	0	3	2
r1i1281p1f1	1864-06-27	4	1.097	1.156	0.786	2.2799304024292395	1.9862291599576571	(4, 1.097)	1	1	1
r1i1281p1f1	1864-07-05	3	1.199	1.292	0.893	1.9782648663799822	1.7299131632208489	(3, 1.199)	0	3	3
r1i1281p1f1	1864-07-20	17	1.581	1.759	11.562	4.716861011983067	6.698777052959998	(17, 1.581)	2	2	4
r1i1281p1f1	1865-06-02	10	1.632	1.952	7.309	3.9628752594366965	5.447301325466652	(10, 1.632)	2	2	4
r1i1281p1f1	1865-07-02	3	1.017	1.167	0.349	1.83808421800981	1.034414045815845	(3, 1.017)	1	1	1
r1i1281p1f1	1865-07-22	3	1.087	1.223	0.558	1.8943488012231606	1.3608363001904369	(3, 1.087)	1	1	1
r1i1281p1f1	1866-06-24	3	1.029	1.115	0.383	1.8479571840630418	1.0953156533644401	(3, 1.029)	1	1	1
r1i1281p1f1	1867-08-19	3	0.989	1.082	0.263	1.8146610066145417	0.8614492922244954	(3, 0.989)	1	1	1
r1i1281p1f1	1869-07-07	3	1.121	1.159	0.662	1.9205757645020043	1.4906212461277157	(3, 1.121)	1	1	1
r1i1281p1f1	1872-08-05	14	1.228	1.543	4.573	4.179398902864161	5.482921271868798	(14, 1.228)	2	2	4
r1i1281p1f1	1873-08-16	3	1.028	1.185	0.38	1.8471381497189576	1.0900887061369329	(3, 1.028)	1	1	1
r1i1281p1f1	1874-06-28	6	1.499	1.814	3.585	3.13682857512763	3.9831992797443574	(6, 1.499)	2	0	0
r1i1281p1f1	1878-07-22	3	1.06	1.202	0.477	1.8730201376660125	1.2466197677986228	(3, 1.06)	1	1	1
r1i1281p1f1	1879-06-06	5	1.339	1.458	2.19	2.770741711900932	3.2380878602943377	(5, 1.339)	0	0	0
r1i1281p1f1	1880-06-06	5	1.229	1.392	1.641	2.690608150529249	2.962534151416443	(5, 1.229)	0	3	3
r1i1281p1f1	1882-08-17	6	1.258	1.554	2.14	2.9698373030705127	3.479745073813181	(6, 1.258)	0	0	0
r1i1281p1f1	1883-06-28	4	0.972	0.998	0.284	2.172020722972929	1.1854014187405006	(4, 0.972)	1	1	1
r1i1281p1f1	1883-08-12	3	0.999	1.111	0.293	1.8230895610787659	0.9252396346747167	(3, 0.999)	1	1	1
r1i1281p1f1	1884-06-18	4	1.025	1.131	0.497	2.2192034840549946	1.6046263554368783	(4, 1.025)	1	1	1
r1i1281p1f1	1886-07-26	8	1.127	1.434	1.806	3.2771862021969076	3.7344529049260653	(8, 1.127)	0	3	2
r1i1281p1f1	1886-08-08	6	1.21	1.729	1.853	2.9329679393545613	3.3405066291684635	(6, 1.21)	0	0	0
r1i1281p1f1	1886-08-30	3	1.067	1.135	0.499	1.878593621977004	1.2789541257012775	(3, 1.067)	1	1	1
r1i1281p1f1	1887-06-15	4	1.012	1.099	0.445	2.207834756448235	1.5173226235262947	(4, 1.012)	1	1	1
r1i1281p1f1	1891-07-22	3	1.106	1.307	0.616	1.9090897475184052	1.435282099195857	(3, 1.106)	1	3	3
r1i1281p1f1	1893-06-23	12	1.169	1.281	3.214	3.9038782761294244	4.9023332050849	(12, 1.169)	2	2	2
r1i1281p1f1	1893-08-24	4	1.054	1.163	0.612	2.2441081632350697	1.7742741548870353	(4, 1.054)	1	1	1
r1i1281p1f1	1894-07-25	7	1.041	1.105	0.982	3.009614951877774	2.954227468485099	(7, 1.041)	1	1	1
r1i1281p1f1	1897-08-02	6	1.146	1.297	1.469	2.8815939830022073	3.1174985917472156	(6, 1.146)	0	3	3
r1i1281p1f1	1900-06-20	6	1.092	1.134	1.144	2.8360948822412784	2.8799452342594507	(6, 1.092)	1	3	1
r1i1281p1f1	1900-06-28	4	1.311	1.469	1.638	2.4413030123058683	2.6464584450955693	(4, 1.311)	0	0	0
r1i1281p1f1	1900-08-25	3	1.256	1.363	1.065	2.0184125141151683	1.8770043651306039	(3, 1.256)	0	3	3
r1i1281p1f1	1901-06-23	3	1.269	1.402	1.103	2.0273475879573266	1.9067766274057756	(3, 1.269)	0	3	3
r1i1281p1f1	1901-07-23	8	1.311	1.542	3.282	3.423107058299955	4.320991072170944	(8, 1.311)	2	0	0
r1i1281p1f1	1901-08-15	3	1.083	1.164	0.547	1.891217560871479	1.3460699419795767	(3, 1.083)	1	1	1
r1i1281p1f1	1901-08-20	4	1.118	1.287	0.87	2.29696935420841	2.0744289998562917	(4, 1.118)	1	3	3
r1i1281p1f1	1902-06-05	6	0.968	1.039	0.401	2.7230462906499606	1.9305749234095217	(6, 0.968)	1	1	1
r1i1281p1f1	1906-08-03	3	1.335	1.449	1.303	2.0715181700506955	2.0503456578987986	(3, 1.335)	0	0	3
r1i1281p1f1	1907-07-27	10	0.988	1.156	0.868	3.473310371523335	3.348097898861492	(10, 0.988)	1	1	2
r1i1281p1f1	1907-08-13	7	1.174	1.36	1.909	3.124247920331631	3.5933365534004946	(7, 1.174)	0	3	2
r1i1281p1f1	1908-08-16	6	1.169	1.325	1.609	2.9003617500024856	3.2046703624335517	(6, 1.169)	0	3	3
r1i1281p1f1	1910-07-09	6	1.123	1.327	1.331	2.862467238988614	3.0234264786047427	(6, 1.123)	0	3	3
r1i1281p1f1	1911-06-19	5	1.301	1.573	2.001	2.7437790680320884	3.151532739516201	(5, 1.301)	0	0	0
r1i1281p1f1	1912-06-05	3	1.041	1.082	0.42	1.8577336268521103	1.1576306069634266	(3, 1.041)	1	1	1
r1i1281p1f1	1912-06-26	6	1.026	1.124	0.752	2.7775177332178704	2.4892387293863374	(6, 1.026)	1	1	1
r1i1281p1f1	1912-07-29	4	1.163	1.299	1.05	2.332532169361998	2.2407096892759584	(4, 1.163)	0	3	3
r1i1281p1f1	1915-07-01	3	1.026	1.087	0.376	1.8454980658277378	1.0830766704452057	(3, 1.026)	1	1	1
r1i1281p1f1	1915-07-25	4	1.298	1.544	1.589	2.432208860787551	2.618271361855424	(4, 1.298)	0	0	0
r1i1281p1f1	1916-08-12	5	1.062	1.113	0.805	2.5551725630984348	2.302602453787012	(5, 1.062)	1	1	1
r1i1281p1f1	1917-08-21	10	0.99	1.079	0.89	3.4752699600077865	3.372258364339703	(10, 0.99)	1	1	2
r1i1281p1f1	1918-06-16	4	1.048	1.162	0.587	2.2390061113511743	1.7397641741096745	(4, 1.048)	1	1	1
r1i1281p1f1	1919-06-02	5	1.162	1.32	1.306	2.638453929697122	2.747368594938016	(5, 1.162)	0	3	3
r1i1281p1f1	1922-07-23	3	1.196	1.303	0.886	1.9761065146616097	1.7234433412910362	(3, 1.196)	0	3	3
r1i1281p1f1	1923-08-13	11	1.099	1.475	2.174	3.7158786019374332	4.385941028883692	(11, 1.099)	2	2	2
r1i1281p1f1	1926-05-31	5	1.349	1.618	2.242	2.7777179519859563	3.2606441373548045	(5, 1.349)	0	0	0
r1i1281p1f1	1926-06-08	7	1.157	1.46	1.789	3.1103074971588542	3.5302571484500462	(7, 1.157)	0	3	2
r1i1281p1f1	1926-07-08	3	0.96	0.974	0.176	1.7898086218618807	0.64946841476639	(3, 0.96)	1	1	1
r1i1281p1f1	1928-07-22	5	1.204	1.387	1.515	2.671464306665527	2.8869333494258425	(5, 1.204)	0	3	3
r1i1281p1f1	1929-08-22	5	0.995	1.006	0.473	2.4952231007448065	1.8386908858511601	(5, 0.995)	1	1	1
r1i1281p1f1	1932-06-17	3	1.234	1.3	1.0	2.0031073361399168	1.823928522430647	(3, 1.234)	0	3	3
r1i1281p1f1	1932-07-13	12	1.356	1.78	5.465	4.0494842420173525	5.43011631400889	(12, 1.356)	2	2	4
r1i1281p1f1	1932-08-15	3	0.932	0.983	0.094	1.7652125400234207	0.3977274681225152	(3, 0.932)	1	1	1
r1i1281p1f1	1933-07-04	7	0.966	1.068	0.456	2.938662875097755	2.245510718731656	(7, 0.966)	1	1	1
r1i1281p1f1	1934-06-24	3	0.997	1.092	0.288	1.821409523849423	0.9148865055054374	(3, 0.997)	1	1	1
r1i1281p1f1	1936-08-06	9	1.088	1.306	1.681	3.4136528229295013	3.837019247562793	(9, 1.088)	0	3	2
r1i1281p1f1	1936-08-30	3	0.991	1.045	0.271	1.8163524103314332	0.8788618519547002	(3, 0.991)	1	1	1
r1i1281p1f1	1938-08-10	3	0.962	0.991	0.183	1.7915425508102527	0.6682886995587678	(3, 0.962)	1	1	1
r1i1281p1f1	1939-06-21	6	1.088	1.263	1.125	2.8326407708079397	2.864145033484506	(6, 1.088)	1	3	3
r1i1281p1f1	1941-08-04	3	0.961	1.022	0.179	1.7906759621497192	0.6575776611843104	(3, 0.961)	1	1	1
r1i1281p1f1	1941-08-27	7	1.26	1.551	2.516	3.1919372811688307	3.8627691476693173	(7, 1.26)	0	0	0
r1i1281p1f1	1943-06-28	3	1.02	1.091	0.358	1.8405616128750606	1.0508994425482807	(3, 1.02)	1	1	1
r1i1281p1f1	1943-07-17	6	1.171	1.45	1.622	2.901977205240445	3.2123922187163214	(6, 1.171)	0	3	3
r1i1281p1f1	1943-08-02	4	1.337	1.591	1.743	2.459246903007423	2.7043098814864868	(4, 1.337)	0	0	0
r1i1281p1f1	1944-07-19	13	1.164	1.518	3.415	4.017449153137922	5.081829422921642	(13, 1.164)	2	2	2
r1i1281p1f1	1944-08-22	5	1.249	1.439	1.739	2.705663656868713	3.017621500051866	(5, 1.249)	0	3	3
r1i1281p1f1	1945-06-19	9	1.178	1.437	2.489	3.490611425490294	4.222488552151756	(9, 1.178)	0	0	2
r1i1281p1f1	1945-07-18	3	1.001	1.056	0.3	1.82476678051635	0.9395562688468609	(3, 1.001)	1	1	1
r1i1281p1f1	1948-05-31	4	0.991	1.038	0.361	2.189192405638955	1.3578948865981926	(4, 0.991)	1	1	1
r1i1281p1f1	1948-06-15	3	1.035	1.1	0.402	1.8528573527641976	1.127799913270613	(3, 1.035)	1	1	1
r1i1281p1f1	1948-06-29	5	1.144	1.289	1.217	2.6239660868625463	2.6814648306528506	(5, 1.144)	0	3	3
r1i1281p1f1	1950-07-30	8	1.41	2.199	4.069	3.4936142272981257	4.533362210433456	(8, 1.41)	2	2	4
r1i1281p1f1	1951-06-13	4	1.096	1.133	0.78	2.2791117368084035	1.979621206397625	(4, 1.096)	1	1	1
r1i1281p1f1	1953-08-14	5	1.513	1.846	3.058	2.8856860331135876	3.560747156565677	(5, 1.513)	2	0	0
r1i1281p1f1	1953-08-29	3	1.121	1.204	0.66	1.9205757645020043	1.4882778156924215	(3, 1.121)	1	1	3
r1i1281p1f1	1954-08-13	3	1.079	1.205	0.534	1.888076485048371	1.3283329350556763	(3, 1.079)	1	1	1
r1i1281p1f1	1955-07-24	3	1.056	1.151	0.465	1.8698212867532615	1.228532006034618	(3, 1.056)	1	1	1
r1i1281p1f1	1955-07-31	3	1.038	1.132	0.41	1.8552984620613318	1.1411679773309156	(3, 1.038)	1	1	1
r1i1281p1f1	1957-08-09	3	0.999	1.08	0.295	1.8230895610787659	0.9293510591754537	(3, 0.999)	1	1	1
r1i1281p1f1	1958-06-02	8	1.168	1.508	2.132	3.311594396760591	3.8967398718264983	(8, 1.168)	0	3	2
r1i1281p1f1	1958-08-28	5	1.358	1.682	2.283	2.78395522603609	3.2780769761735367	(5, 1.358)	0	0	0
r1i1281p1f1	1959-08-09	3	1.089	1.18	0.566	1.8959107523079055	1.371440149364611	(3, 1.089)	1	1	1
r1i1281p1f1	1960-07-13	3	1.02	1.074	0.356	1.8405616128750606	1.0472594354836573	(3, 1.02)	1	1	1
r1i1281p1f1	1960-08-02	4	1.239	1.45	1.353	2.3898631011011062	2.470131364205846	(4, 1.239)	0	3	3
r1i1281p1f1	1961-07-11	3	1.036	1.191	0.406	1.8536717181554538	1.1345062832765256	(3, 1.036)	1	1	1
r1i1281p1f1	1961-07-16	8	1.104	1.407	1.624	3.25735273707622	3.6309040208466183	(8, 1.104)	0	3	2
r1i1281p1f1	1964-06-05	8	1.658	2.089	6.054	3.6510804218417796	4.927155002793387	(8, 1.658)	2	2	4
r1i1281p1f1	1967-08-17	4	1.077	1.135	0.703	2.263428377792852	1.8906994170829585	(4, 1.077)	1	1	1
r1i1281p1f1	1970-07-09	4	0.98	1.049	0.317	2.179286876649552	1.262996144775397	(4, 0.98)	1	1	1
r1i1281p1f1	1973-07-07	4	1.303	1.447	1.61	2.4357164055972285	2.6304489550786583	(4, 1.303)	0	0	0
r1i1281p1f1	1973-07-20	3	0.964	1.055	0.19	1.7932734784523279	0.6867613144064533	(3, 0.964)	1	1	1
r1i1281p1f1	1974-06-08	13	1.76	2.364	11.171	4.424786907709479	6.262653171512016	(13, 1.76)	2	2	4
r1i1281p1f1	1974-06-29	7	1.309	1.816	2.855	3.228549652677523	3.98667285841098	(7, 1.309)	2	0	0
r1i1281p1f1	1974-08-14	3	1.004	1.11	0.311	1.827277346942111	0.9616477346115992	(3, 1.004)	1	1	1
r1i1281p1f1	1975-06-06	5	1.112	1.264	1.054	2.597679969218845	2.5482005092667586	(5, 1.112)	1	3	3
r1i1281p1f1	1975-08-10	3	1.036	1.043	0.404	1.8536717181554538	1.131158720187866	(3, 1.036)	1	1	1
r1i1281p1f1	1977-07-21	4	1.205	1.373	1.218	2.3646204839134985	2.3743474592209366	(4, 1.205)	0	3	3
r1i1281p1f1	1979-06-15	3	1.045	1.135	0.434	1.8609713161181207	1.180232259947073	(3, 1.045)	1	1	1
r1i1281p1f1	1979-08-24	4	0.929	0.994	0.114	2.1320339917990068	0.6481498146292095	(4, 0.929)	1	1	1
r1i1281p1f1	1981-06-26	10	1.113	1.293	2.12	3.5889527694661707	4.2200999767423415	(10, 1.113)	0	3	2
r1i1281p1f1	1981-07-25	3	0.963	0.972	0.186	1.7924083891450562	0.6762473548735383	(3, 0.963)	1	1	1
r1i1281p1f1	1982-08-10	5	1.076	1.246	0.877	2.567257899875715	2.3800236202392933	(5, 1.076)	1	3	3
r1i1281p1f1	1984-06-27	7	1.132	1.301	1.616	3.089447244820177	3.431685810914563	(7, 1.132)	0	3	2
r1i1281p1f1	1984-08-12	3	1.112	1.292	0.632	1.913699997788122	1.4548797602030414	(3, 1.112)	1	3	3
r1i1281p1f1	1988-07-03	7	1.113	1.231	1.484	3.073297227876736	3.3493447947361425	(7, 1.113)	0	3	2
r1i1281p1f1	1991-06-29	10	1.285	1.856	3.841	3.728947594953822	4.807809637036346	(10, 1.285)	2	2	4
r1i1281p1f1	1991-07-25	5	1.276	1.486	1.878	2.725635581039404	3.090891455991652	(5, 1.276)	0	0	0
r1i1281p1f1	1993-06-28	4	1.268	1.509	1.468	2.4109012364775046	2.5450605726077473	(4, 1.268)	0	0	0
r1i1281p1f1	1994-06-14	5	1.38	1.627	2.395	2.799040094911151	3.32420524514273	(5, 1.38)	0	0	0
r1i1281p1f1	1996-08-27	3	1.045	1.097	0.432	1.8609713161181207	1.1770345600233627	(3, 1.045)	1	1	1
r1i1281p1f1	1998-07-27	8	1.194	1.301	2.347	3.3328163192524145	3.99095520799725	(8, 1.194)	0	3	2
r1i1281p1f1	1998-08-19	5	1.233	1.419	1.661	2.6936374398736525	2.974025606934789	(5, 1.233)	0	3	3
r1i1281p1f1	2000-07-18	3	1.308	1.569	1.221	2.0536835559213014	1.9939520208237795	(3, 1.308)	0	0	0
r1i1281p1f1	2002-07-12	4	1.268	1.531	1.47	2.4109012364775046	2.546315277916644	(4, 1.268)	0	0	0
r1i1281p1f1	2002-08-04	3	1.249	1.403	1.044	2.01356804665576	1.8601628760179363	(3, 1.249)	0	3	3
r1i1281p1f1	2002-08-09	6	1.193	1.469	1.752	2.9195770768954343	3.286498441894265	(6, 1.193)	0	3	3
r1i1281p1f1	2003-08-18	3	1.023	1.134	0.365	1.8430328854192755	1.0635361281984803	(3, 1.023)	1	1	1
r1i1281p1f1	2005-07-15	4	1.159	1.325	1.032	2.3294217469476055	2.2252719898913753	(4, 1.159)	0	3	3
r1i1281p1f1	2007-06-07	3	1.001	1.09	0.299	1.82476678051635	0.9375235416145502	(3, 1.001)	1	1	1
r1i1281p1f1	2007-08-25	3	1.008	1.127	0.322	1.8306149942480556	0.9832616972608718	(3, 1.008)	1	1	1
r1i1281p1f1	2008-07-03	4	1.018	1.098	0.468	2.2130979264925097	1.5568806616954243	(4, 1.018)	1	1	1
r1i1281p1f1	2008-07-20	3	0.998	1.06	0.292	1.8222498952796893	0.9231775660711189	(3, 0.998)	1	1	1
r1i1281p1f1	2008-07-29	3	1.161	1.313	0.78	1.950575387425793	1.6199819065811056	(3, 1.161)	0	3	3
r1i1281p1f1	2010-06-04	7	1.5	1.94	4.195	3.3596942095743176	4.365547690249317	(7, 1.5)	2	0	0
r1i1281p1f1	2010-07-27	9	1.044	1.229	1.289	3.3737576659033737	3.578031688778406	(9, 1.044)	1	3	2
r1i1301p1f1	1851-06-10	3	0.936	0.961	0.15	1.7687635222104046	0.5762890776871962	(3, 0.936)	1	1	1
r1i1301p1f1	1851-07-10	3	1.018	1.095	0.397	1.8389106984286396	1.1193532049845927	(3, 1.018)	1	1	1
r1i1301p1f1	1851-07-15	3	1.117	1.217	0.693	1.9175257032512696	1.5262592457129922	(3, 1.117)	1	1	3
r1i1301p1f1	1851-08-14	5	1.157	1.224	1.359	2.6344505381872394	2.7846458611189266	(5, 1.157)	0	3	3
r1i1301p1f1	1852-07-21	8	1.201	1.374	2.522	3.3384537931864458	4.061586247644527	(8, 1.201)	0	3	2
r1i1301p1f1	1854-08-15	5	1.039	1.133	0.768	2.5349954261979355	2.2603559665945054	(5, 1.039)	1	1	1
r1i1301p1f1	1856-06-20	3	1.027	1.048	0.426	1.8463184440077063	1.1673796469293618	(3, 1.027)	1	1	1
r1i1301p1f1	1856-07-06	3	1.015	1.108	0.389	1.8364292051354612	1.1056882920799471	(3, 1.015)	1	1	1
r1i1301p1f1	1857-07-26	4	0.904	1.019	0.074	2.1080289985317484	0.46499108742219125	(4, 0.904)	1	1	1
r1i1301p1f1	1857-08-10	6	0.967	1.083	0.488	2.7220806121214722	2.100726643938013	(6, 0.967)	1	1	1
r1i1301p1f1	1858-08-05	4	1.035	1.115	0.598	2.2278615467981093	1.7550954848564635	(4, 1.035)	1	1	1
r1i1301p1f1	1859-06-16	11	1.066	1.274	1.98	3.686144274210147	4.293688304042474	(11, 1.066)	0	3	2
r1i1301p1f1	1859-07-07	3	1.143	1.369	0.772	1.9371868138985564	1.6117212377276255	(3, 1.143)	0	3	3
r1i1301p1f1	1862-07-05	3	0.933	0.962	0.141	1.7661014684078697	0.5496563521937489	(3, 0.933)	1	1	1
r1i1301p1f1	1865-08-12	7	1.243	1.451	2.501	3.178915215814481	3.856915460823985	(7, 1.243)	0	0	0
r1i1301p1f1	1866-08-19	4	1.222	1.382	1.346	2.377321439108063	2.4653839832991364	(4, 1.222)	0	3	3
r1i1301p1f1	1866-08-25	3	1.069	1.161	0.55	1.8801803570932276	1.350118803218546	(3, 1.069)	1	1	1
r1i1301p1f1	1867-07-03	3	1.234	1.38	1.045	2.0031073361399168	1.8609713161181207	(3, 1.234)	0	3	3
r1i1301p1f1	1867-07-09	10	1.325	1.655	4.393	3.7588759983548945	4.941062666091517	(10, 1.325)	2	2	4
r1i1301p1f1	1867-07-22	5	1.124	1.236	1.193	2.607618410672532	2.6629235022467035	(5, 1.124)	1	3	3
r1i1301p1f1	1868-07-31	3	1.209	1.438	0.969	1.9854259119535547	1.7975877347776366	(3, 1.209)	0	3	3
r1i1301p1f1	1869-06-22	8	0.929	0.99	0.345	3.091990657811883	2.1754854141180973	(8, 0.929)	1	1	1
r1i1301p1f1	1872-06-02	8	1.062	1.206	1.408	3.2200877642466454	3.492237948510531	(8, 1.062)	1	3	2
r1i1301p1f1	1872-07-16	3	1.099	1.169	0.64	1.9036841206135722	1.4645364218009906	(3, 1.099)	1	1	1
r1i1301p1f1	1872-08-03	11	1.035	1.197	1.64	3.6573829365977177	4.108114506843016	(11, 1.035)	0	3	2
r1i1301p1f1	1873-08-02	3	0.995	1.07	0.328	1.8197266593443935	0.994857148389743	(3, 0.995)	1	1	1
r1i1301p1f1	1875-07-23	3	0.912	0.937	0.078	1.747265987746805	0.3402507241173132	(3, 0.912)	1	1	1
r1i1301p1f1	1878-06-09	6	1.03	1.126	0.869	2.781167234510654	2.6226113702042486	(6, 1.03)	1	1	1
r1i1301p1f1	1878-07-31	3	1.057	1.16	0.515	1.8706219593034668	1.3018302364976233	(3, 1.057)	1	1	1
r1i1301p1f1	1878-08-14	7	1.185	1.473	2.098	3.1331657299468514	3.685260507476197	(7, 1.185)	0	3	2
r1i1301p1f1	1878-08-24	6	1.182	1.641	1.78	2.9108158600035026	3.301765569529464	(6, 1.182)	0	0	0
r1i1301p1f1	1880-06-20	3	1.016	1.133	0.392	1.8372570539560484	1.1108345416025405	(3, 1.016)	1	1	1
r1i1301p1f1	1880-08-01	9	1.049	1.375	1.471	3.378372191020211	3.7066456956578806	(9, 1.049)	0	3	2
r1i1301p1f1	1885-07-04	4	1.3	1.437	1.657	2.4336133554004498	2.6571778707284537	(4, 1.3)	0	0	0
r1i1301p1f1	1886-06-12	5	1.051	1.163	0.829	2.5455734057568886	2.3290811288520086	(5, 1.051)	1	1	1
r1i1301p1f1	1887-06-23	8	1.139	1.415	2.024	3.287380020838378	3.8458381592572337	(8, 1.139)	0	3	2
r1i1301p1f1	1889-07-24	3	0.999	1.123	0.339	1.8230895610787659	1.0157724428393355	(3, 0.999)	1	1	1
r1i1301p1f1	1889-08-04	18	1.273	1.53	6.981	4.58716779807561	6.280623796987091	(18, 1.273)	2	2	4
r1i1301p1f1	1890-06-19	3	1.184	1.299	0.896	1.96742621912213	1.7326731813051846	(3, 1.184)	0	3	3
r1i1301p1f1	1893-07-25	3	1.228	1.44	1.028	1.9988922189911715	1.8471381497189576	(3, 1.228)	0	3	3
r1i1301p1f1	1894-07-28	5	1.13	1.237	1.224	2.6125508354141105	2.686808588479392	(5, 1.13)	1	3	3
r1i1301p1f1	1895-07-08	6	1.071	1.32	1.113	2.8178262192924324	2.854035780023434	(6, 1.071)	1	3	3
r1i1301p1f1	1895-08-07	4	1.219	1.395	1.333	2.375091783780794	2.456507175266302	(4, 1.219)	0	3	3
r1i1301p1f1	1895-08-13	3	0.955	1.013	0.209	1.7854606002200222	0.7352463701651437	(3, 0.955)	1	1	1
r1i1301p1f1	1896-06-21	4	1.132	1.291	0.986	2.3081694712879464	2.184702052337329	(4, 1.132)	1	3	3
r1i1301p1f1	1898-06-10	5	1.024	1.11	0.69	2.5216136328339824	2.1649807913102306	(5, 1.024)	1	1	1
r1i1301p1f1	1898-07-16	8	1.134	1.33	1.985	3.283145217632634	3.826801068057175	(8, 1.134)	0	3	2
r1i1301p1f1	1898-08-27	3	0.948	0.957	0.188	1.7793414330419388	0.6815181524944838	(3, 0.948)	1	1	1
r1i1301p1f1	1900-07-31	3	1.17	1.241	0.852	1.9572030484955636	1.6914089499878149	(3, 1.17)	1	3	3
r1i1301p1f1	1900-08-12	8	1.168	1.351	2.26	3.311594396760591	3.9538933286357083	(8, 1.168)	0	3	2
r1i1301p1f1	1904-06-06	8	1.14	1.388	2.035	3.288224833697636	3.851142714737154	(8, 1.14)	0	3	2
r1i1301p1f1	1906-06-20	4	1.109	1.231	0.895	2.289702467163032	2.0992441689760155	(4, 1.109)	1	3	3
r1i1301p1f1	1907-07-10	5	1.071	1.272	0.929	2.5629584553544547	2.4324315833026677	(5, 1.071)	1	3	3
r1i1301p1f1	1907-08-02	11	1.165	1.294	3.071	3.7728194809419944	4.727732025333664	(11, 1.165)	2	2	2
r1i1301p1f1	1907-08-20	5	1.269	1.467	1.916	2.7204958528323155	3.110021712566456	(5, 1.269)	0	0	0
r1i1301p1f1	1911-06-03	14	1.135	1.323	3.496	4.101898225933198	5.215651149145992	(14, 1.135)	2	2	2
r1i1301p1f1	1911-07-11	4	1.003	1.019	0.471	2.199887694755703	1.5619269297630485	(4, 1.003)	1	1	1
r1i1301p1f1	1912-06-24	4	1.193	1.262	1.229	2.3555569777601515	2.3825047161699193	(4, 1.193)	0	3	3
r1i1301p1f1	1914-06-20	6	1.328	1.72	2.656	3.021279850825994	3.6897557835499266	(6, 1.328)	2	0	0
r1i1301p1f1	1914-07-25	3	1.076	1.174	0.57	1.8857141863884672	1.3767002042672838	(3, 1.076)	1	1	1
r1i1301p1f1	1915-08-10	3	1.421	1.614	1.606	2.126293232111315	2.2348436657169133	(3, 1.421)	0	0	0
r1i1301p1f1	1916-08-19	4	0.98	1.023	0.379	2.179286876649552	1.3942625307690675	(4, 0.98)	1	1	1
r1i1301p1f1	1918-06-20	3	1.013	1.084	0.383	1.8347714486521625	1.0953156533644401	(3, 1.013)	1	1	1
r1i1301p1f1	1919-06-30	6	1.085	1.231	1.197	2.830042334982768	2.9227440383276013	(6, 1.085)	1	3	3
r1i1301p1f1	1921-08-14	3	1.056	1.187	0.511	1.8698212867532615	1.2961600824001045	(3, 1.056)	1	1	1
r1i1301p1f1	1923-06-20	4	1.191	1.308	1.22	2.3540383745829616	2.3758355547336385	(4, 1.191)	0	3	3
r1i1301p1f1	1923-08-25	6	0.97	1.087	0.509	2.7249748545964922	2.1377979075900964	(6, 0.97)	1	1	1
r1i1301p1f1	1924-07-30	9	1.179	1.393	2.642	3.491434107174135	4.281294281419739	(9, 1.179)	0	3	2
r1i1301p1f1	1925-06-27	5	1.142	1.268	1.28	2.6223432930337425	2.7285607513564756	(5, 1.142)	0	3	3
r1i1301p1f1	1926-08-08	4	1.118	1.326	0.929	2.29696935420841	2.1320339917990068	(4, 1.118)	0	3	3
r1i1301p1f1	1927-07-06	3	0.965	1.079	0.239	1.794137820026899	0.8073149909471471	(3, 0.965)	1	1	1
r1i1301p1f1	1927-07-30	3	1.048	1.118	0.487	1.8633927223480167	1.2614469334490395	(3, 1.048)	1	1	1
r1i1301p1f1	1927-08-19	4	1.073	1.235	0.749	2.2600950413730936	1.9447666383532343	(4, 1.073)	1	1	1
r1i1301p1f1	1928-06-06	3	1.072	1.225	0.558	1.8825557489911475	1.3608363001904369	(3, 1.072)	1	1	1
r1i1301p1f1	1928-08-22	3	1.072	1.168	0.56	1.8825557489911475	1.3634978225030308	(3, 1.072)	1	1	1
r1i1301p1f1	1933-06-13	9	1.319	1.506	3.901	3.60040336859867	4.666519251214374	(9, 1.319)	2	2	4
r1i1301p1f1	1934-07-16	5	1.156	1.28	1.352	2.63364793302863	2.77980136894787	(5, 1.156)	0	3	3
r1i1301p1f1	1934-08-08	6	1.002	1.158	0.701	2.7553365260951383	2.4250287053286472	(6, 1.002)	1	1	1
r1i1301p1f1	1935-07-16	6	0.995	1.199	0.654	2.7487732316482894	2.3619663775451762	(6, 0.995)	1	1	1
r1i1301p1f1	1936-07-01	3	0.936	1.003	0.151	1.7687635222104046	0.5792049559402574	(3, 0.936)	1	1	1
r1i1301p1f1	1938-08-04	7	1.221	1.436	2.347	3.1618074215702245	3.7947484269987792	(7, 1.221)	0	0	2
r1i1301p1f1	1942-05-30	8	1.602	1.932	5.732	3.617628374903429	4.872907330897057	(8, 1.602)	2	2	4
r1i1301p1f1	1943-07-16	4	1.02	1.162	0.538	2.214846178686039	1.6684612528835614	(4, 1.02)	1	1	1
r1i1301p1f1	1943-07-31	4	1.048	1.173	0.651	2.2390061113511743	1.8258387828809177	(4, 1.048)	1	1	1
r1i1301p1f1	1944-08-22	3	0.922	0.952	0.108	1.7562795231871666	0.44544480345152665	(3, 0.922)	1	1	1
r1i1301p1f1	1945-06-22	3	1.066	1.156	0.542	1.8777993092709364	1.3392851959703287	(3, 1.066)	1	1	1
r1i1301p1f1	1945-07-02	4	1.34	1.562	1.816	2.4612967841488667	2.742644845866709	(4, 1.34)	0	0	0
r1i1301p1f1	1945-08-03	5	0.973	1.175	0.438	2.4747275775790096	1.774441859739079	(5, 0.973)	1	1	1
r1i1301p1f1	1945-08-27	3	1.183	1.336	0.892	1.9666994485426734	1.7289914617709292	(3, 1.183)	0	3	3
r1i1301p1f1	1948-07-01	4	1.021	1.056	0.541	2.215719159972384	1.672975933238088	(4, 1.021)	1	1	1
r1i1301p1f1	1948-07-12	4	1.093	1.231	0.829	2.276651710967541	2.0323499341459854	(4, 1.093)	1	1	3
r1i1301p1f1	1948-08-15	4	0.983	1.065	0.391	2.181998130004928	1.4177930281792617	(4, 0.983)	1	1	1
r1i1301p1f1	1950-07-30	3	1.056	1.169	0.511	1.8698212867532615	1.2961600824001045	(3, 1.056)	1	1	1
r1i1301p1f1	1951-07-08	4	1.147	1.373	1.045	2.320032006597766	2.2364452904895007	(4, 1.147)	0	3	3
r1i1301p1f1	1951-08-26	6	1.183	1.342	1.784	2.911615513711797	3.303927684170638	(6, 1.183)	0	3	3
r1i1301p1f1	1952-07-28	5	1.154	1.327	1.341	2.6320407875973544	2.7721408587849203	(5, 1.154)	0	3	3
r1i1301p1f1	1953-06-08	5	1.356	1.715	2.354	2.7825725232907725	3.3075648639517983	(5, 1.356)	0	0	0
r1i1301p1f1	1954-06-08	3	1.251	1.448	1.098	2.014954576654025	1.9029094972892788	(3, 1.251)	0	3	3
r1i1301p1f1	1955-08-07	6	1.077	1.303	1.146	2.8230799814563214	2.8815939830022073	(6, 1.077)	1	3	3
r1i1301p1f1	1959-06-19	4	1.234	1.51	1.393	2.386190676848843	2.4968352206532742	(4, 1.234)	0	3	3
r1i1301p1f1	1959-07-06	7	1.161	1.407	1.93	3.113605123177954	3.6039776743353245	(7, 1.161)	0	3	2
r1i1301p1f1	1959-08-23	4	1.048	1.173	0.65	2.2390061113511743	1.8245492920510458	(4, 1.048)	1	1	1
r1i1301p1f1	1960-06-22	3	1.128	1.189	0.728	1.925891088549062	1.565025932397384	(3, 1.128)	1	1	3
r1i1301p1f1	1962-07-14	3	1.066	1.225	0.541	1.8777993092709364	1.3379227052932496	(3, 1.066)	1	1	1
r1i1301p1f1	1963-06-16	7	1.137	1.288	1.761	3.093654252583161	3.514947894995932	(7, 1.137)	0	3	2
r1i1301p1f1	1963-07-09	9	1.071	1.336	1.67	3.3984268806994877	3.8305960067324167	(9, 1.071)	0	3	2
r1i1301p1f1	1963-08-09	7	1.325	1.533	3.073	3.240220141978083	4.058937679005104	(7, 1.325)	2	0	0
r1i1301p1f1	1966-08-09	3	1.104	1.198	0.655	1.907548262098765	1.4823951003662912	(3, 1.104)	1	1	1
r1i1301p1f1	1968-08-04	3	1.118	1.303	0.696	1.9182890911516206	1.5296416264070827	(3, 1.118)	1	3	3
r1i1301p1f1	1969-06-08	5	1.502	1.717	3.084	2.878797843974665	3.568973898496847	(5, 1.502)	2	0	0
r1i1301p1f1	1969-06-28	4	1.136	1.208	1.001	2.3113465986626185	2.1981130713973345	(4, 1.136)	1	3	3
r1i1301p1f1	1969-07-28	5	1.204	1.563	1.59	2.671464306665527	2.9326188922153533	(5, 1.204)	0	0	0
r1i1301p1f1	1970-07-20	3	0.99	1.076	0.313	1.8155070660787613	0.9656124531448094	(3, 0.99)	1	1	1
r1i1301p1f1	1971-08-25	4	1.015	1.092	0.517	2.21046980408624	1.6362745663876601	(4, 1.015)	1	1	1
r1i1301p1f1	1972-06-25	4	0.903	0.963	0.068	2.1070567087128094	0.4343764516025845	(4, 0.903)	1	1	1
r1i1301p1f1	1972-08-21	5	1.017	1.148	0.657	2.5153069801743895	2.1217204710852613	(5, 1.017)	1	1	1
r1i1301p1f1	1974-07-04	10	1.089	1.312	2.031	3.5677622207964745	4.177856004995345	(10, 1.089)	0	3	2
r1i1301p1f1	1974-08-02	4	1.034	1.115	0.592	2.2269991060374505	1.746762103297319	(4, 1.034)	1	1	1
r1i1301p1f1	1975-06-09	12	1.143	1.486	3.087	3.881844536949657	4.862322277042216	(12, 1.143)	2	2	2
r1i1301p1f1	1975-06-25	5	1.413	1.801	2.637	2.8212491316245214	3.4171545948652335	(5, 1.413)	2	0	0
r1i1301p1f1	1978-08-12	6	1.03	1.158	0.869	2.781167234510654	2.6226113702042486	(6, 1.03)	1	1	1
r1i1301p1f1	1979-08-19	4	0.991	1.099	0.422	2.189192405638955	1.47613506511968	(4, 0.991)	1	1	1
r1i1301p1f1	1980-06-15	7	1.175	1.51	2.023	3.1250619245534623	3.6497873249090125	(7, 1.175)	0	3	2
r1i1301p1f1	1980-07-04	5	1.063	1.258	0.887	2.5560406618729825	2.3903176788694074	(5, 1.063)	1	3	3
r1i1301p1f1	1980-07-11	4	1.101	1.227	0.861	2.2831983791938555	2.065342617300334	(4, 1.101)	1	3	3
r1i1301p1f1	1980-08-05	3	1.058	1.154	0.518	1.871421991289987	1.3060618524041605	(3, 1.058)	1	1	1
r1i1301p1f1	1981-06-13	4	0.93	1.084	0.177	2.1329823086078656	0.8821132800725685	(4, 0.93)	1	1	1
r1i1301p1f1	1981-07-01	4	0.895	0.957	0.039	2.0992441689760155	0.2715526905218973	(4, 0.895)	1	1	1
r1i1301p1f1	1981-07-24	4	1.237	1.366	1.407	2.388395749407157	2.5060156129982354	(4, 1.237)	0	3	3
r1i1301p1f1	1985-06-21	3	1.304	1.474	1.254	2.051014129423419	2.017030773679079	(3, 1.304)	0	0	3
r1i1301p1f1	1986-07-22	4	1.128	1.296	0.97	2.304982217593767	2.1701959049483	(4, 1.128)	1	3	3
r1i1301p1f1	1987-06-03	5	1.194	1.333	1.54	2.6637029603127123	2.9023949348893647	(5, 1.194)	0	3	3
r1i1301p1f1	1988-06-13	3	1.255	1.308	1.108	2.0177218825479337	1.9106288604174835	(3, 1.255)	0	3	3
r1i1301p1f1	1988-07-18	5	1.165	1.428	1.397	2.6408482940902527	2.8105426972913774	(5, 1.165)	0	3	3
r1i1301p1f1	1989-08-19	5	0.963	1.025	0.389	2.465270730086564	1.6769380840963795	(5, 0.963)	1	1	1
r1i1301p1f1	1990-07-11	3	1.056	1.16	0.512	1.8698212867532615	1.297580637895095	(3, 1.056)	1	1	1
r1i1301p1f1	1990-07-17	4	1.076	1.227	0.763	2.2625960847776825	1.960658005689869	(4, 1.076)	1	1	1
r1i1301p1f1	1990-08-04	5	1.119	1.302	1.166	2.6034893903441514	2.641645143251329	(5, 1.119)	0	3	3
r1i1301p1f1	1991-06-23	5	1.069	1.257	0.915	2.5612334882965984	2.418589748007356	(5, 1.069)	1	3	3
r1i1301p1f1	1994-08-01	4	1.005	1.045	0.478	2.201659174404085	1.5736034594248842	(4, 1.005)	1	1	1
r1i1301p1f1	1997-06-07	4	1.248	1.461	1.449	2.39643966846567	2.5330616916750475	(4, 1.248)	0	3	3
r1i1301p1f1	1997-08-16	4	1.014	1.1	0.515	2.209592226144881	1.6331544390514163	(4, 1.014)	1	1	1
r1i1301p1f1	1998-06-09	4	0.987	1.034	0.405	2.1856017375082266	1.4445632692438664	(4, 0.987)	1	1	1
r1i1301p1f1	1998-08-14	4	0.979	1.061	0.373	2.1783814895347393	1.3822863397223517	(4, 0.979)	1	1	1
r1i1301p1f1	1999-08-25	3	1.282	1.427	1.19	2.0362035327569803	1.9717757853036324	(3, 1.282)	0	3	3
r1i1301p1f1	2001-06-28	9	1.288	1.535	3.623	3.5772772775326342	4.5933101327754295	(9, 1.288)	2	2	0
r1i1301p1f1	2001-07-24	4	0.941	0.968	0.222	2.1433548674234886	1.021011042644558	(4, 0.941)	1	1	1
r1i1301p1f1	2003-06-03	4	1.145	1.227	1.039	2.318458442150336	2.231303890989082	(4, 1.145)	1	3	3
r1i1301p1f1	2003-08-15	4	1.189	1.265	1.213	2.352517461742255	2.3706175033858727	(4, 1.189)	0	3	3
r1i1301p1f1	2005-06-15	6	1.133	1.368	1.483	2.8708282024195855	3.1265657683665555	(6, 1.133)	0	3	3
r1i1301p1f1	2005-06-24	3	1.016	1.095	0.391	1.8372570539560484	1.1091220660640169	(3, 1.016)	1	1	1
r1i1301p1f1	2006-06-28	3	1.118	1.271	0.696	1.9182890911516206	1.5296416264070827	(3, 1.118)	1	3	3
r1i1301p1f1	2007-06-17	3	1.007	1.06	0.365	1.8297816262051394	1.0635361281984803	(3, 1.007)	1	1	1
r1i1301p1f1	2007-08-23	3	1.076	1.19	0.571	1.8857141863884672	1.3780109061816326	(3, 1.076)	1	1	1
r1i1301p1f1	2008-07-06	4	1.094	1.214	0.835	2.2774723921789706	2.038619547159581	(4, 1.094)	1	1	3
r1i1301p1f1	2008-07-15	4	1.066	1.249	0.722	2.2542348320529992	1.9133869573497533	(4, 1.066)	1	1	1
r1i1301p1f1	2008-08-05	3	1.15	1.266	0.793	1.9424148026019987	1.6332616347132483	(3, 1.15)	1	3	3
r1i1301p1f1	2009-07-16	9	1.287	1.674	3.613	3.57652229672082	4.590574180680682	(9, 1.287)	2	2	0
r2i1021p1f1	1851-06-02	3	1.264	1.481	1.073	2.0239204625683063	1.8833462940570747	(3, 1.264)	0	3	3
r2i1021p1f1	1852-07-25	3	1.201	1.348	0.885	1.9797011838168412	1.7225156544887952	(3, 1.201)	0	3	3
r2i1021p1f1	1854-06-04	3	1.058	1.157	0.456	1.871421991289987	1.2147481921777037	(3, 1.058)	1	1	1
r2i1021p1f1	1855-06-16	5	1.587	1.952	3.402	2.9308309880366226	3.6644719060064044	(5, 1.587)	2	0	0
r2i1021p1f1	1855-07-31	3	1.203	1.303	0.889	1.9811354412044515	1.7262212492311553	(3, 1.203)	0	3	3
r2i1021p1f1	1856-06-07	7	0.947	1.156	0.287	2.9198596536890182	1.8429775382416353	(7, 0.947)	1	1	1
r2i1021p1f1	1858-07-25	11	1.38	1.553	5.205	3.938594131873732	5.251714907557537	(11, 1.38)	2	2	4
r2i1021p1f1	1858-08-13	5	1.066	1.196	0.798	2.5586404457617866	2.2947455670765047	(5, 1.066)	1	1	1
r2i1021p1f1	1862-07-22	6	0.974	1.025	0.404	2.7288208601505	1.936950579788824	(6, 0.974)	1	1	1
r2i1021p1f1	1863-06-10	4	1.118	1.252	0.845	2.29696935420841	2.048982334195127	(4, 1.118)	1	3	3
r2i1021p1f1	1869-06-10	8	1.145	1.366	1.909	3.292438225409867	3.7886283828331857	(8, 1.145)	0	3	2
r2i1021p1f1	1869-08-02	3	1.181	1.252	0.823	1.9652443208753656	1.6632503853637837	(3, 1.181)	1	3	3
r2i1021p1f1	1872-08-14	6	1.037	1.142	0.783	2.7875219876526427	2.526344679447269	(6, 1.037)	1	1	1
r2i1021p1f1	1874-07-28	7	1.348	1.518	3.091	3.25676139215715	4.064677499971148	(7, 1.348)	2	0	0
r2i1021p1f1	1875-06-15	6	1.132	1.38	1.353	2.869995244828098	3.0390291740981006	(6, 1.132)	0	3	3
r2i1021p1f1	1875-07-14	5	1.147	1.346	1.203	2.6263953505271127	2.6706908771584983	(5, 1.147)	0	3	3
r2i1021p1f1	1875-08-17	4	0.987	1.027	0.323	2.1856017375082266	1.276479495112684	(4, 0.987)	1	1	1
r2i1021p1f1	1876-06-01	7	1.195	1.517	2.018	3.1412043912398553	3.6473770985156255	(7, 1.195)	0	0	2
r2i1021p1f1	1876-07-06	6	1.1	1.211	1.16	2.842967517195828	2.8930597314878326	(6, 1.1)	1	3	3
r2i1021p1f1	1877-07-29	4	1.039	1.073	0.53	2.231303890989082	1.6563214983329508	(4, 1.039)	1	1	1
r2i1021p1f1	1878-06-13	4	1.135	1.173	0.914	2.3105532626432224	2.1177002537969263	(4, 1.135)	1	3	3
r2i1021p1f1	1878-08-11	4	1.094	1.172	0.751	2.2774723921789706	1.9470523536340902	(4, 1.094)	1	1	1
r2i1021p1f1	1879-07-06	3	1.168	1.243	0.784	1.9557340263295966	1.624086791642793	(3, 1.168)	1	3	3
r2i1021p1f1	1879-07-17	6	1.126	1.252	1.32	2.8649828762889484	3.015532879418852	(6, 1.126)	0	3	3
r2i1021p1f1	1880-06-23	8	1.099	1.235	1.542	3.2529885637653395	3.580499858140221	(8, 1.099)	0	3	2
r2i1021p1f1	1880-07-08	3	1.108	1.189	0.605	1.9106288604174835	1.421582403309789	(3, 1.108)	1	1	1
r2i1021p1f1	1881-06-12	4	1.177	1.277	1.084	2.3433430854662136	2.2692351133124915	(4, 1.177)	0	3	3
r2i1021p1f1	1881-06-23	8	1.349	1.659	3.541	3.450761390154626	4.3959749479565104	(8, 1.349)	2	0	0
r2i1021p1f1	1881-07-27	3	1.13	1.235	0.671	1.9274045777056474	1.5010992499708764	(3, 1.13)	1	3	3
r2i1021p1f1	1881-08-25	4	1.041	1.085	0.537	2.2330206296081365	1.6669518186347072	(4, 1.041)	1	1	1
r2i1021p1f1	1882-07-04	3	1.135	1.273	0.686	1.9311783092390282	1.5183222469767685	(3, 1.135)	1	3	3
r2i1021p1f1	1883-08-02	4	1.084	1.219	0.711	2.2692351133124915	1.9003148757824004	(4, 1.084)	1	1	1
r2i1021p1f1	1884-06-24	3	0.943	0.961	0.11	1.7749475601565292	0.45207942524963096	(3, 0.943)	1	1	1
r2i1021p1f1	1887-06-05	3	1.064	1.107	0.473	1.8762087885512986	1.240626792393481	(3, 1.064)	1	1	1
r2i1021p1f1	1887-07-30	3	1.104	1.235	0.594	1.907548262098765	1.4076924158014976	(3, 1.104)	1	1	3
r2i1021p1f1	1887-08-04	6	1.099	1.232	1.155	2.842111016452669	2.888979896233047	(6, 1.099)	1	3	3
r2i1021p1f1	1891-06-13	3	1.041	1.187	0.405	1.8577336268521103	1.1328339025038707	(3, 1.041)	1	1	1
r2i1021p1f1	1892-06-21	5	1.022	1.086	0.575	2.5198157869724658	2.005350262601847	(5, 1.022)	1	1	1
r2i1021p1f1	1893-06-18	6	1.039	1.151	0.795	2.789330238752442	2.540346565829654	(6, 1.039)	1	1	1
r2i1021p1f1	1893-07-25	9	1.126	1.441	1.98	3.4468715851533296	3.9974664872456134	(9, 1.126)	0	3	2
r2i1021p1f1	1893-08-15	4	1.075	1.146	0.676	2.2617630984737906	1.8575472097660581	(4, 1.075)	1	1	1
r2i1021p1f1	1894-06-05	8	1.477	1.823	4.564	3.538657979597639	4.646998373442247	(8, 1.477)	2	2	4
r2i1021p1f1	1894-07-10	3	1.016	1.107	0.328	1.8372570539560484	0.994857148389743	(3, 1.016)	1	1	1
r2i1021p1f1	1894-07-18	8	1.077	1.217	1.363	3.233556656439579	3.4607600866909953	(8, 1.077)	1	3	2
r2i1021p1f1	1894-08-19	5	1.133	1.293	1.131	2.615007954378356	2.613370546077847	(5, 1.133)	0	3	3
r2i1021p1f1	1898-07-20	3	1.131	1.198	0.675	1.9281604641562224	1.505721130733336	(3, 1.131)	1	1	3
r2i1021p1f1	1899-07-14	7	1.268	1.436	2.532	3.1980071259094855	3.868975541330402	(7, 1.268)	0	0	0
r2i1021p1f1	1901-07-18	3	1.096	1.147	0.57	1.901358448189443	1.3767002042672838	(3, 1.096)	1	1	1
r2i1021p1f1	1902-06-12	8	1.384	1.637	3.824	3.4755731432605774	4.471950088908773	(8, 1.384)	2	0	0
r2i1021p1f1	1906-06-12	4	1.041	1.121	0.537	2.2330206296081365	1.6669518186347072	(4, 1.041)	1	1	1
r2i1021p1f1	1906-07-24	3	1.046	1.086	0.42	1.8617791031708242	1.1576306069634266	(3, 1.046)	1	1	1
r2i1021p1f1	1906-08-01	4	1.201	1.399	1.179	2.361608433443507	2.344878005184297	(4, 1.201)	0	3	3
r2i1021p1f1	1906-08-08	3	1.127	1.322	0.662	1.9251334841096133	1.4906212461277157	(3, 1.127)	1	3	3
r2i1021p1f1	1908-07-27	3	0.984	1.089	0.234	1.8104199386185384	0.7956584911963684	(3, 0.984)	1	1	1
r2i1021p1f1	1912-06-09	3	1.053	1.208	0.438	1.8674154154423224	1.1865971464659641	(3, 1.053)	1	1	1
r2i1021p1f1	1912-07-01	4	0.95	1.023	0.174	2.151762203259462	0.8721298360883852	(4, 0.95)	1	1	1
r2i1021p1f1	1915-06-18	10	1.137	1.31	2.305	3.6097035809422264	4.302584268498337	(10, 1.137)	0	3	2
r2i1021p1f1	1915-07-20	5	1.294	1.368	1.935	2.7387319851476466	3.1194513308906133	(5, 1.294)	0	0	0
r2i1021p1f1	1915-08-28	4	1.146	1.173	0.959	2.3192455338871527	2.1600994446972903	(4, 1.146)	1	3	3
r2i1021p1f1	1916-07-12	3	1.079	1.14	0.517	1.888076485048371	1.3046533024514237	(3, 1.079)	1	1	1
r2i1021p1f1	1918-07-11	4	1.122	1.277	0.863	2.3001822083777355	2.0673689604455667	(4, 1.122)	1	3	3
r2i1021p1f1	1918-07-29	3	1.154	1.255	0.743	1.9453899989154602	1.581190946873066	(3, 1.154)	1	3	3
r2i1021p1f1	1921-06-28	4	1.09	1.28	0.734	2.2741856184723477	1.9274551846819543	(4, 1.09)	1	3	3
r2i1021p1f1	1921-07-10	3	1.005	1.079	0.297	1.8281128037140733	0.9334456490554206	(3, 1.005)	1	1	1
r2i1021p1f1	1922-06-10	4	1.197	1.302	1.161	2.3585872831093306	2.3309781674952634	(4, 1.197)	0	3	3
r2i1021p1f1	1922-06-25	11	1.495	1.752	6.477	4.017137595041744	5.46932333637916	(11, 1.495)	2	2	4
r2i1021p1f1	1922-07-28	4	1.209	1.504	1.209	2.367623489173268	2.367623489173268	(4, 1.209)	0	3	3
r2i1021p1f1	1922-08-22	8	1.112	1.372	1.645	3.2642960391006093	3.6434139075174334	(8, 1.112)	0	3	2
r2i1021p1f1	1925-07-28	3	1.2	1.335	0.88	1.9789832829743619	1.7178642673569477	(3, 1.2)	0	3	3
r2i1021p1f1	1927-06-15	7	1.185	1.493	1.949	3.1331657299468514	3.6135087464220055	(7, 1.185)	0	3	2
r2i1021p1f1	1927-07-20	7	1.309	1.576	2.817	3.228549652677523	3.9735238569445084	(7, 1.309)	2	0	0
r2i1021p1f1	1927-08-14	5	1.1	1.25	0.966	2.587641762809045	2.468117186512716	(5, 1.1)	1	3	3
r2i1021p1f1	1927-08-21	3	1.106	1.15	0.598	1.9090897475184052	1.4127656710796765	(3, 1.106)	1	1	1
r2i1021p1f1	1929-08-05	3	1.254	1.421	1.044	2.017030773679079	1.8601628760179363	(3, 1.254)	0	3	3
r2i1021p1f1	1930-08-25	3	0.997	1.032	0.272	1.821409523849423	0.8810172570495237	(3, 0.997)	1	1	1
r2i1021p1f1	1931-07-20	3	1.044	1.108	0.413	1.8601628760179363	1.1461352854240012	(3, 1.044)	1	1	1
r2i1021p1f1	1933-06-19	3	1.018	1.068	0.336	1.8389106984286396	1.0101115172736006	(3, 1.018)	1	1	1
r2i1021p1f1	1934-06-09	4	1.012	1.098	0.424	2.207834756448235	1.4797847042072294	(4, 1.012)	1	1	1
r2i1021p1f1	1936-06-14	3	0.986	1.026	0.24	1.8121185248247058	0.809630074264434	(3, 0.986)	1	1	1
r2i1021p1f1	1936-07-06	6	1.084	1.17	1.067	2.829174687123373	2.8143083137971336	(6, 1.084)	1	3	1
r2i1021p1f1	1936-07-17	6	1.23	1.523	1.94	2.9484957027744754	3.38479901389745	(6, 1.23)	0	0	0
r2i1021p1f1	1937-07-22	9	1.0	1.094	0.843	3.332204510175204	3.168045581150876	(9, 1.0)	1	1	2
r2i1021p1f1	1937-08-17	4	1.134	1.275	0.91	2.309759296742046	2.1138429683971682	(4, 1.134)	1	3	3
r2i1021p1f1	1939-06-13	4	1.373	1.605	1.867	2.4835724267748636	2.7685807008422425	(4, 1.373)	0	0	0
r2i1021p1f1	1940-06-03	3	1.163	1.228	0.77	1.9520520017200835	1.6096453640113553	(3, 1.163)	1	3	3
r2i1021p1f1	1940-07-07	6	1.166	1.532	1.557	2.8979336634015604	3.1731724849881395	(6, 1.166)	0	3	3
r2i1021p1f1	1942-08-08	7	1.082	1.204	1.232	3.0463740761920235	3.1703979028242055	(7, 1.082)	1	3	2
r2i1021p1f1	1943-07-09	4	1.195	1.324	1.153	2.3570732782781154	2.324737897635179	(4, 1.195)	0	3	3
r2i1021p1f1	1943-08-27	3	1.137	1.448	0.693	1.9326838233665247	1.5262592457129922	(3, 1.137)	0	3	3
r2i1021p1f1	1944-07-29	3	1.238	1.303	0.995	2.00590757581405	1.8197266593443935	(3, 1.238)	0	3	3
r2i1021p1f1	1945-08-12	6	1.244	1.533	2.025	2.9592234348299713	3.426257418607853	(6, 1.244)	0	0	0
r2i1021p1f1	1946-07-27	4	1.197	1.287	1.161	2.3585872831093306	2.3309781674952634	(4, 1.197)	0	3	3
r2i1021p1f1	1949-06-15	8	1.012	1.112	0.843	3.1738343576279937	2.9994709026272335	(8, 1.012)	1	1	1
r2i1021p1f1	1949-07-22	7	1.025	1.181	0.832	2.9948952061552303	2.7978211668775477	(7, 1.025)	1	1	1
r2i1021p1f1	1950-07-04	4	1.299	1.613	1.57	2.4329113546696197	2.6071242825122494	(4, 1.299)	0	0	0
r2i1021p1f1	1951-07-22	3	1.137	1.218	0.693	1.9326838233665247	1.5262592457129922	(3, 1.137)	1	3	3
r2i1021p1f1	1951-07-31	5	1.256	1.419	1.748	2.710879986726104	3.0225316469911925	(5, 1.256)	0	3	3
r2i1021p1f1	1955-08-14	5	1.109	1.235	1.014	2.595179848575669	2.512591905636091	(5, 1.109)	1	3	3
r2i1021p1f1	1956-07-22	8	1.225	1.542	2.549	3.357544502804479	4.072052700123053	(8, 1.225)	0	0	2
r2i1021p1f1	1959-06-06	10	1.3	1.608	3.94	3.7402759707508744	4.83305241051991	(10, 1.3)	2	2	4
r2i1021p1f1	1959-07-10	3	1.128	1.211	0.664	1.925891088549062	1.4929591977335592	(3, 1.128)	1	1	3
r2i1021p1f1	1959-08-20	3	1.086	1.314	0.538	1.8935669098428978	1.333824059440456	(3, 1.086)	1	1	3
r2i1021p1f1	1961-07-18	6	1.537	1.813	3.783	3.1607887431097397	4.0359828043309545	(6, 1.537)	2	0	0
r2i1021p1f1	1962-06-30	3	1.036	1.102	0.389	1.8536717181554538	1.1056882920799471	(3, 1.036)	1	1	1
r2i1021p1f1	1963-06-14	5	1.225	1.343	1.593	2.6875696567008087	2.934403605496902	(5, 1.225)	0	3	3
r2i1021p1f1	1963-07-02	5	1.11	1.258	1.019	2.596013916827673	2.517112943145738	(5, 1.11)	1	3	3
r2i1021p1f1	1966-08-06	5	1.052	1.162	0.728	2.546449874003082	2.212582421606303	(5, 1.052)	1	1	1
r2i1021p1f1	1966-08-23	3	0.944	0.977	0.113	1.7758278805804821	0.461949546878652	(3, 0.944)	1	1	1
r2i1021p1f1	1967-07-19	9	1.107	1.446	1.804	3.43040013347025	3.9061658859437483	(9, 1.107)	0	3	2
r2i1021p1f1	1967-08-03	3	1.166	1.26	0.778	1.9542628429622635	1.6179231279288906	(3, 1.166)	1	3	3
r2i1021p1f1	1971-06-20	6	1.246	1.512	2.039	2.960746616364451	3.4329239785965555	(6, 1.246)	0	0	0
r2i1021p1f1	1972-08-02	6	1.503	1.913	3.578	3.139377903789639	3.9812812299364966	(6, 1.503)	2	0	0
r2i1021p1f1	1974-08-22	5	1.171	1.324	1.321	2.645619892265607	2.7580605089354964	(5, 1.171)	0	3	3
r2i1021p1f1	1975-06-17	5	0.976	1.028	0.346	2.477547280119216	1.5827648482637757	(5, 0.976)	1	1	1
r2i1021p1f1	1975-07-05	3	1.21	1.271	0.909	1.986139204138294	1.7445460080509814	(3, 1.21)	0	3	3
r2i1021p1f1	1975-07-12	3	0.995	1.065	0.264	1.8197266593443935	0.8636425156131448	(3, 0.995)	1	1	1
r2i1021p1f1	1975-08-22	3	1.049	1.19	0.427	1.8641985565732526	1.1689952864358697	(3, 1.049)	1	1	1
r2i1021p1f1	1977-06-07	3	0.986	1.039	0.238	1.8121185248247058	0.8049945355799463	(3, 0.986)	1	1	1
r2i1021p1f1	1978-06-03	3	1.116	1.223	0.628	1.9167617321445913	1.4500162336078397	(3, 1.116)	1	1	3
r2i1021p1f1	1978-06-10	5	1.078	1.183	0.858	2.5689725151390577	2.3601680700223966	(5, 1.078)	1	1	1
r2i1021p1f1	1978-08-26	3	1.139	1.227	0.697	1.9341870743280345	1.5307665490737288	(3, 1.139)	1	3	3
r2i1021p1f1	1979-06-27	3	1.136	1.254	0.689	1.9319313496243482	1.5217315345498066	(3, 1.136)	1	3	3
r2i1021p1f1	1979-07-17	5	1.135	1.303	1.141	2.6166426859552154	2.6215309075023274	(5, 1.135)	0	3	3
r2i1021p1f1	1980-06-17	3	1.202	1.335	0.888	1.980418569647406	1.7252961370721198	(3, 1.202)	0	3	3
r2i1021p1f1	1980-07-21	3	1.103	1.167	0.589	1.9067766274057756	1.4013144371330686	(3, 1.103)	1	1	1
r2i1021p1f1	1980-08-10	3	1.169	1.316	0.788	1.9564688071658214	1.6281748954846222	(3, 1.169)	0	3	3
r2i1021p1f1	1982-07-02	4	1.031	1.096	0.499	2.2244073119300216	1.6078366310671266	(4, 1.031)	1	1	1
r2i1021p1f1	1982-07-15	5	1.34	1.609	2.169	2.7714415300444064	3.2288323820776372	(5, 1.34)	0	0	0
r2i1021p1f1	1982-08-08	3	1.069	1.19	0.486	1.8801803570932276	1.259974070869148	(3, 1.069)	1	1	1
r2i1021p1f1	1985-07-14	7	1.244	1.579	2.362	3.1796859317767954	3.8009764029561484	(7, 1.244)	0	0	0
r2i1021p1f1	1985-08-06	3	1.091	1.17	0.554	1.897470267505701	1.3554919097284417	(3, 1.091)	1	1	1
r2i1021p1f1	1985-08-22	3	1.191	1.314	0.854	1.972498877229363	1.693322002202941	(3, 1.191)	0	3	3
r2i1021p1f1	1987-08-06	3	1.03	1.098	0.37	1.8487755481388044	1.0724655547928086	(3, 1.03)	1	1	1
r2i1021p1f1	1989-05-31	7	1.06	1.138	1.071	3.026817809167095	3.0366437478652695	(7, 1.06)	1	1	1
r2i1021p1f1	1989-07-05	3	1.262	1.412	1.068	2.0225463169834965	1.879387304251124	(3, 1.262)	0	3	3
r2i1021p1f1	1989-07-13	3	1.0	1.078	0.281	1.823928522430647	0.9002096539729642	(3, 1.0)	1	1	1
r2i1021p1f1	1989-07-19	3	1.047	1.118	0.421	1.8625862382302412	1.159262061528095	(3, 1.047)	1	1	1
r2i1021p1f1	1989-08-01	6	1.344	1.738	2.625	3.0326756496678056	3.678310383964168	(6, 1.344)	2	0	0
r2i1021p1f1	1990-08-12	3	1.281	1.418	1.123	2.0355250837068217	1.922097313628501	(3, 1.281)	0	3	3
r2i1021p1f1	1991-06-28	6	1.235	1.359	1.973	2.9523402603016544	3.401099362694029	(6, 1.235)	0	3	3
r2i1021p1f1	1993-05-31	5	0.984	1.028	0.387	2.485027846551623	1.67274909378488	(5, 0.984)	1	1	1
r2i1021p1f1	1994-06-06	9	1.072	1.319	1.49	3.399328970602128	3.7191661467188086	(9, 1.072)	0	3	2
r2i1021p1f1	1996-06-03	3	1.211	1.329	0.914	1.9868519878999251	1.7490752060589894	(3, 1.211)	0	3	3
r2i1021p1f1	1997-06-15	5	1.268	1.673	1.809	2.719759444712057	3.055190797223854	(5, 1.268)	0	0	0
r2i1021p1f1	1997-08-08	3	1.144	1.201	0.712	1.9379353448911276	1.547490277376993	(3, 1.144)	1	3	3
r2i1021p1f1	1998-07-18	4	1.278	1.54	1.485	2.41805434280016	2.5556757206762075	(4, 1.278)	0	0	0
r2i1021p1f1	2000-06-21	7	1.034	1.089	0.894	3.0032017072223884	2.8654590931660007	(7, 1.034)	1	1	1
r2i1021p1f1	2000-08-06	4	1.412	1.687	2.022	2.5092740062362946	2.84351306057648	(4, 1.412)	0	0	0
r2i1021p1f1	2003-05-31	7	1.287	1.444	2.666	3.2122770431740846	3.919495237975754	(7, 1.287)	0	0	0
r2i1021p1f1	2003-08-13	3	1.094	1.183	0.562	1.8998049895985742	1.3661522799138386	(3, 1.094)	1	1	1
r2i1021p1f1	2005-05-28	9	1.202	1.555	2.663	3.510171360889817	4.289102356341655	(9, 1.202)	2	0	2
r2i1021p1f1	2005-06-24	13	1.415	1.941	6.614	4.209518503998111	5.73983313570127	(13, 1.415)	2	2	4
r2i1021p1f1	2005-08-24	14	1.064	1.261	2.209	4.038404143384724	4.759730750458626	(14, 1.064)	2	2	2
r2i1021p1f1	2010-05-29	9	1.11	1.262	1.833	3.4330189939851117	3.9217951025768487	(9, 1.11)	0	3	2
r2i1021p1f1	2010-06-17	6	1.238	1.411	1.992	2.954639920062618	3.410365274667038	(6, 1.238)	0	3	3
r2i1021p1f1	2010-07-02	4	1.083	1.225	0.705	2.268407641192459	1.8931119634883424	(4, 1.083)	1	1	1
r2i1021p1f1	2010-07-24	6	1.592	1.813	4.113	3.19448173466125	4.118199553738441	(6, 1.592)	2	0	0
r2i1231p1f1	1853-06-29	4	1.085	1.214	0.677	2.2700619012884857	1.8587948705642134	(4, 1.085)	1	1	1
r2i1231p1f1	1853-07-13	6	1.137	1.369	1.326	2.874153111891285	3.019846201352415	(6, 1.137)	0	3	3
r2i1231p1f1	1853-07-28	5	1.07	1.183	0.773	2.562096343764399	2.2661703237314206	(5, 1.07)	1	1	1
r2i1231p1f1	1853-08-25	3	1.092	1.149	0.531	1.8982491140189333	1.3241947132336243	(3, 1.092)	1	1	1
r2i1231p1f1	1855-06-01	21	1.215	1.859	6.291	4.770043901083544	6.407554111330979	(21, 1.215)	2	2	4
r2i1231p1f1	1855-07-20	10	1.419	1.586	5.039	3.8258706048189635	5.077341285172117	(10, 1.419)	2	2	4
r2i1231p1f1	1855-08-16	3	1.078	1.149	0.486	1.8872896720494419	1.259974070869148	(3, 1.078)	1	1	1
r2i1231p1f1	1858-08-14	5	1.345	1.607	2.147	2.774933293376471	3.2190434003650523	(5, 1.345)	0	0	0
r2i1231p1f1	1860-07-13	4	1.092	1.271	0.707	2.275830355685226	1.8955187035189074	(4, 1.092)	1	3	3
r2i1231p1f1	1864-07-13	11	1.235	1.452	3.515	3.8298655985213514	4.861650230176632	(11, 1.235)	2	2	2
r2i1231p1f1	1864-07-28	6	1.198	1.292	1.693	2.92353421403142	3.2535445320828806	(6, 1.198)	0	3	3
r2i1231p1f1	1864-08-29	4	1.076	1.219	0.642	2.2625960847776825	1.8141730640649552	(4, 1.076)	1	1	1
r2i1231p1f1	1865-06-09	20	1.177	1.619	5.232	4.666021421002899	6.15052665964636	(20, 1.177)	2	2	4
r2i1231p1f1	1865-08-07	3	0.978	1.025	0.187	1.80530679991362	0.6788862263434363	(3, 0.978)	1	1	1
r2i1231p1f1	1868-06-03	13	1.385	1.688	6.097	4.188410797659392	5.658713975249066	(13, 1.385)	2	2	4
r2i1231p1f1	1868-08-05	5	1.081	1.226	0.83	2.5715389382816234	2.330169336068735	(5, 1.081)	1	3	1
r2i1231p1f1	1868-08-14	3	1.227	1.262	0.936	1.9981879688569144	1.7687635222104046	(3, 1.227)	0	3	3
r2i1231p1f1	1869-07-11	5	1.111	1.26	0.976	2.5968472899895403	2.477547280119216	(5, 1.111)	1	3	3
r2i1231p1f1	1873-08-08	7	1.407	1.998	3.442	3.297982882502654	4.170483229634818	(7, 1.407)	2	0	0
r2i1231p1f1	1874-07-02	6	1.089	1.147	1.043	2.833505417830594	2.792936961100221	(6, 1.089)	1	3	1
r2i1231p1f1	1876-06-06	6	1.2	1.49	1.707	2.925112694769369	3.261462940156281	(6, 1.2)	0	3	3
r2i1231p1f1	1876-07-21	6	1.283	1.615	2.202	2.9885148928055028	3.507437265012394	(6, 1.283)	0	0	0
r2i1231p1f1	1878-08-10	6	1.044	1.138	0.769	2.7938366127765977	2.5097574346816103	(6, 1.044)	1	1	1
r2i1231p1f1	1879-07-25	6	1.072	1.155	0.937	2.8187037653650844	2.6926679203700727	(6, 1.072)	1	1	1
r2i1231p1f1	1880-06-23	14	1.285	2.064	5.168	4.22409154197353	5.604758857813301	(14, 1.285)	2	2	4
r2i1231p1f1	1880-08-06	3	1.188	1.292	0.818	1.9703280309734539	1.6583142979861765	(3, 1.188)	0	3	3
r2i1231p1f1	1881-07-01	4	0.975	1.005	0.24	2.174751721484161	1.0715836162801904	(4, 0.975)	1	1	1
r2i1231p1f1	1882-07-30	3	1.002	1.08	0.259	1.8256043365139252	0.8526279775327722	(3, 1.002)	1	1	1
r2i1231p1f1	1884-06-14	3	1.071	1.135	0.467	1.8817645784692352	1.2315694443596583	(3, 1.071)	1	1	1
r2i1231p1f1	1884-06-26	3	0.958	1.016	0.128	1.7880716811810247	0.5098896919823173	(3, 0.958)	1	1	1
r2i1231p1f1	1887-06-20	3	1.21	1.327	0.884	1.986139204138294	1.721587106284578	(3, 1.21)	0	3	3
r2i1231p1f1	1887-07-05	3	0.974	1.037	0.176	1.8018834582222802	0.64946841476639	(3, 0.974)	1	1	1
r2i1231p1f1	1887-07-25	4	1.331	1.569	1.662	2.4551344914543303	2.659979777857127	(4, 1.331)	0	0	0
r2i1231p1f1	1887-08-13	7	1.207	1.391	2.043	3.150766255748457	3.659370555240217	(7, 1.207)	0	3	2
r2i1231p1f1	1888-08-04	3	1.114	1.191	0.597	1.9152320367430575	1.4114997681491706	(3, 1.114)	1	1	1
r2i1231p1f1	1892-06-01	6	1.105	1.305	1.137	2.847239051445263	2.874153111891285	(6, 1.105)	0	3	3
r2i1231p1f1	1892-06-17	4	1.101	1.222	0.744	2.2831983791938555	1.9390293879630909	(4, 1.101)	1	1	3
r2i1231p1f1	1892-07-09	4	1.108	1.246	0.771	2.288891765862043	1.9696266756726293	(4, 1.108)	1	3	3
r2i1231p1f1	1892-07-15	7	1.08	1.316	1.154	3.044611953319083	3.1078271216923996	(7, 1.08)	0	3	2
r2i1231p1f1	1892-07-27	5	1.288	1.483	1.861	2.7343855466009805	3.0822132508940547	(5, 1.288)	0	0	0
r2i1231p1f1	1892-08-07	6	1.273	1.585	2.143	2.981085666534982	3.481102821844359	(6, 1.273)	0	0	0
r2i1231p1f1	1893-07-01	5	1.071	1.278	0.78	2.5629584553544547	2.2742540433174443	(5, 1.071)	1	3	3
r2i1231p1f1	1893-07-08	3	1.399	1.622	1.451	2.1125640397288246	2.1447161783819926	(3, 1.399)	0	0	0
r2i1231p1f1	1893-08-21	3	1.069	1.19	0.461	1.8801803570932276	1.2224293103801878	(3, 1.069)	1	1	1
r2i1231p1f1	1898-06-17	9	1.266	1.594	3.153	3.5605345881767136	4.45586939309012	(9, 1.266)	2	2	0
r2i1231p1f1	1898-07-04	4	1.178	1.238	1.051	2.344110839822544	2.241560391156271	(4, 1.178)	0	3	3
r2i1231p1f1	1899-08-15	3	1.061	1.124	0.437	1.8738182540964106	1.18500971878511	(3, 1.061)	1	1	1
r2i1231p1f1	1900-07-02	5	1.364	1.612	2.242	2.788091899947457	3.2606441373548045	(5, 1.364)	0	0	0
r2i1231p1f1	1900-07-19	3	1.155	1.315	0.718	1.9461324169557104	1.554102235353397	(3, 1.155)	1	3	3
r2i1231p1f1	1900-08-28	3	1.166	1.248	0.752	1.9542628429622635	1.590765996505396	(3, 1.166)	1	3	3
r2i1231p1f1	1902-06-13	6	1.326	1.48	2.466	3.019846201352415	3.617454616209099	(6, 1.326)	0	0	0
r2i1231p1f1	1902-08-15	4	1.136	1.298	0.882	2.3113465986626185	2.086417155416261	(4, 1.136)	1	3	3
r2i1231p1f1	1902-08-24	5	1.068	1.192	0.765	2.5603698876662255	2.2568510555716577	(5, 1.068)	1	1	1
r2i1231p1f1	1903-06-30	3	1.101	1.208	0.556	1.90523156945898	1.3581676752688665	(3, 1.101)	1	1	1
r2i1231p1f1	1906-07-24	6	1.222	1.458	1.841	2.9423135005724474	3.3342404255346003	(6, 1.222)	0	3	3
r2i1231p1f1	1908-06-18	11	1.177	1.479	2.88	3.782832831166909	4.664105601743284	(11, 1.177)	2	2	2
r2i1231p1f1	1910-06-03	3	1.062	1.246	0.44	1.8746157340449257	1.1897644619901993	(3, 1.062)	1	1	1
r2i1231p1f1	1910-07-14	3	1.012	1.031	0.29	1.8339415387115605	0.9190406284743298	(3, 1.012)	1	1	1
r2i1231p1f1	1910-08-16	6	1.109	1.262	1.161	2.850643190163154	2.893873704928266	(6, 1.109)	0	3	3
r2i1231p1f1	1911-08-12	4	1.039	1.153	0.494	2.231303890989082	1.599791535382295	(4, 1.039)	1	1	1
r2i1231p1f1	1912-07-09	6	1.13	1.338	1.289	2.8683272452960096	2.9929460792512046	(6, 1.13)	0	3	3
r2i1231p1f1	1912-07-20	6	1.061	1.231	0.873	2.809008141786936	2.626871039826935	(6, 1.061)	1	3	1
r2i1231p1f1	1913-06-30	4	0.922	0.974	0.024	2.125370473568236	0.17563256864315802	(4, 0.922)	1	1	1
r2i1231p1f1	1915-06-06	3	1.088	1.168	0.516	1.895130081726901	1.303242765686865	(3, 1.088)	1	1	1
r2i1231p1f1	1915-06-17	4	1.111	1.182	0.784	2.291321900715335	1.9840313568751777	(4, 1.111)	1	1	1
r2i1231p1f1	1915-07-24	3	1.333	1.558	1.251	2.070207940322535	2.014954576654025	(3, 1.333)	0	0	0
r2i1231p1f1	1919-06-24	3	1.177	1.32	0.786	1.962327697904164	1.6261329326363807	(3, 1.177)	0	3	3
r2i1231p1f1	1920-06-04	5	1.232	1.397	1.58	2.692880977408798	2.9266467382514705	(5, 1.232)	0	3	3
r2i1231p1f1	1920-07-22	5	1.011	1.163	0.479	2.5098694393944645	1.8493021398236227	(5, 1.011)	1	1	1
r2i1231p1f1	1920-08-12	6	1.265	1.442	2.095	2.975102288625797	3.4591544822730746	(6, 1.265)	0	0	0
r2i1231p1f1	1921-06-25	3	1.031	1.128	0.348	1.8495932430423958	1.0325654459103046	(3, 1.031)	1	1	1
r2i1231p1f1	1921-07-28	5	1.326	1.493	2.05	2.7615992265	3.1747022521363952	(5, 1.326)	0	0	0
r2i1231p1f1	1921-08-13	3	1.269	1.485	1.06	2.0273475879573266	1.8730201376660125	(3, 1.269)	0	3	3
r2i1231p1f1	1922-06-07	3	1.111	1.168	0.586	1.9129330972319676	1.3974680324230628	(3, 1.111)	1	1	1
r2i1231p1f1	1922-07-03	7	1.344	1.651	2.998	3.253904236998588	4.034660674066577	(7, 1.344)	2	0	0
r2i1231p1f1	1923-06-24	8	1.026	1.088	0.888	3.1870024153934233	3.0489481675362793	(8, 1.026)	1	1	1
r2i1231p1f1	1923-07-13	4	1.504	1.895	2.354	2.567407871299744	2.9872967947328894	(4, 1.504)	2	0	0
r2i1231p1f1	1925-07-25	4	1.222	1.366	1.225	2.377321439108063	2.379546134130174	(4, 1.222)	0	3	3
r2i1231p1f1	1928-07-08	4	1.226	1.391	1.243	2.3802866006578975	2.392791360880195	(4, 1.226)	0	3	3
r2i1231p1f1	1928-07-18	4	1.271	1.485	1.423	2.4130525460200167	2.5164053168473712	(4, 1.271)	0	0	3
r2i1231p1f1	1929-08-27	7	1.21	1.412	2.059	3.153142504042932	3.666971560281021	(7, 1.21)	0	3	2
r2i1231p1f1	1933-06-14	6	1.234	1.483	1.908	2.9515725303368847	3.3687347451266003	(6, 1.234)	0	0	0
r2i1231p1f1	1935-06-11	7	1.259	1.442	2.407	3.1911759534853466	3.8194309327043516	(7, 1.259)	0	0	0
r2i1231p1f1	1935-07-13	5	1.08	1.274	0.823	2.5706841955283615	2.322526899566266	(5, 1.08)	1	3	3
r2i1231p1f1	1936-08-25	3	1.103	1.233	0.564	1.9067766274057756	1.3687997098305686	(3, 1.103)	1	1	3
r2i1231p1f1	1939-06-15	5	1.197	1.388	1.408	2.666037695797924	2.8179156679086597	(5, 1.197)	0	3	3
r2i1231p1f1	1939-07-23	17	1.291	1.659	6.387	4.516227481535802	6.106315924592976	(17, 1.291)	2	2	4
r2i1231p1f1	1945-06-17	4	1.1	1.178	0.737	2.2823823856765264	1.930941533361392	(4, 1.1)	1	1	1
r2i1231p1f1	1947-07-23	10	1.381	1.732	4.657	3.7993257412399917	4.999016527780929	(10, 1.381)	2	2	4
r2i1231p1f1	1948-06-04	7	1.125	1.269	1.466	3.0835275403923856	3.3375722194326882	(7, 1.125)	0	3	2
r2i1231p1f1	1948-06-24	4	1.147	1.287	0.927	2.320032006597766	2.130134655995354	(4, 1.147)	0	3	3
r2i1231p1f1	1948-07-29	4	0.995	1.022	0.316	2.192770226986839	1.260731138144545	(4, 0.995)	1	1	1
r2i1231p1f1	1948-08-21	6	1.1	1.211	1.106	2.842967517195828	2.848091173131013	(6, 1.1)	1	3	3
r2i1231p1f1	1950-06-20	6	1.277	1.527	2.167	2.9840639835184812	3.4918989470578983	(6, 1.277)	0	0	0
r2i1231p1f1	1950-06-28	3	1.104	1.392	0.565	1.907548262098765	1.3701208010874533	(3, 1.104)	1	3	3
r2i1231p1f1	1952-07-25	10	1.028	1.165	1.122	3.5117906131473995	3.596784870778206	(10, 1.028)	1	3	2
r2i1231p1f1	1953-06-07	7	1.387	1.508	3.298	3.284199018536973	4.128420892095337	(7, 1.387)	2	0	0
r2i1231p1f1	1953-06-30	10	1.023	1.291	1.079	3.5070607847565713	3.5587985574815124	(10, 1.023)	0	3	2
r2i1231p1f1	1953-08-08	3	1.245	1.351	0.988	2.0107892059008607	1.8138142307275258	(3, 1.245)	0	3	3
r2i1231p1f1	1959-06-06	6	0.989	1.033	0.442	2.7431130601473512	2.0143757879610553	(6, 0.989)	1	1	1
r2i1231p1f1	1959-06-28	8	1.374	1.784	3.669	3.46854666625083	4.431054782017716	(8, 1.374)	2	0	0
r2i1231p1f1	1961-07-07	10	1.42	1.643	5.045	3.8265597264120483	5.078523872243219	(10, 1.42)	2	2	4
r2i1231p1f1	1961-07-22	5	1.108	1.28	0.962	2.5943450840730553	2.464320107911848	(5, 1.108)	1	3	3
r2i1231p1f1	1961-07-31	14	1.332	1.781	5.835	4.259497734159257	5.725726571830751	(14, 1.332)	2	2	4
r2i1231p1f1	1963-06-07	6	1.583	1.974	4.007	3.1890454331200955	4.092520105512543	(6, 1.583)	2	0	0
r2i1231p1f1	1966-07-19	5	1.087	1.319	0.858	2.576652109103335	2.3601680700223966	(5, 1.087)	1	3	3
r2i1231p1f1	1966-08-12	8	0.945	1.102	0.24	3.1082976793820087	1.8610647487236267	(8, 0.945)	1	1	1
r2i1231p1f1	1968-08-04	5	1.248	1.373	1.661	2.704916240680952	2.974025606934789	(5, 1.248)	0	3	3
r2i1231p1f1	1969-07-01	3	0.952	0.98	0.11	1.7828426836630467	0.45207942524963096	(3, 0.952)	1	1	1
r2i1231p1f1	1972-06-07	3	1.2	1.384	0.854	1.9789832829743619	1.693322002202941	(3, 1.2)	0	3	3
r2i1231p1f1	1972-08-12	3	1.004	1.07	0.267	1.827277346942111	0.8701934712653576	(3, 1.004)	1	1	1
r2i1231p1f1	1973-06-19	3	1.451	1.703	1.607	2.1447161783819926	2.235399545522284	(3, 1.451)	0	0	0
r2i1231p1f1	1974-08-16	13	1.172	1.426	3.338	4.024175628605276	5.059166961667746	(13, 1.172)	2	2	2
r2i1231p1f1	1976-07-21	6	1.201	1.379	1.714	2.925901001769974	3.2653987546996226	(6, 1.201)	0	3	3
r2i1231p1f1	1978-06-30	4	1.39	1.622	1.897	2.4948569806411682	2.7835286622781155	(4, 1.39)	0	0	0
r2i1231p1f1	1978-07-09	9	1.117	1.376	1.813	3.439103128061387	3.9110425249141847	(9, 1.117)	0	3	2
r2i1231p1f1	1981-08-13	4	1.147	1.269	0.927	2.320032006597766	2.130134655995354	(4, 1.147)	1	3	3
r2i1231p1f1	1983-06-28	3	1.102	1.203	0.558	1.9060043968328555	1.3608363001904369	(3, 1.102)	1	1	1
r2i1231p1f1	1984-07-19	4	1.048	1.128	0.529	2.2390061113511743	1.6547936141548976	(4, 1.048)	1	1	1
r2i1231p1f1	1984-08-14	3	1.074	1.254	0.476	1.8841362146551381	1.2451248876848824	(3, 1.074)	1	1	1
r2i1231p1f1	1986-07-26	3	1.023	1.078	0.323	1.8430328854192755	0.9852036336430643	(3, 1.023)	1	1	1
r2i1231p1f1	1989-06-27	7	1.333	1.584	2.92	3.246004705727718	4.008771365067898	(7, 1.333)	2	0	0
r2i1231p1f1	1989-07-26	6	1.104	1.262	1.13	2.846386203028838	2.8683272452960096	(6, 1.104)	1	3	3
r2i1231p1f1	1990-06-07	3	1.125	1.236	0.629	1.9236165511600132	1.4512343346058878	(3, 1.125)	1	1	3
r2i1231p1f1	1990-07-28	7	0.989	1.131	0.512	2.960961533545283	2.3496950558302507	(7, 0.989)	1	1	1
r2i1231p1f1	1994-07-26	3	0.991	1.031	0.226	1.8163524103314332	0.776720776932811	(3, 0.991)	1	1	1
r2i1231p1f1	1996-07-21	3	1.034	1.095	0.355	1.8520423236413943	1.0454344512445997	(3, 1.034)	1	1	1
r2i1231p1f1	1997-08-14	4	1.181	1.351	1.064	2.3464105725340754	2.2525541593884806	(4, 1.181)	0	3	3
r2i1231p1f1	1999-06-15	6	1.219	1.434	1.819	2.9399852855863786	3.3226493999000564	(6, 1.219)	0	3	3
r2i1231p1f1	2000-06-12	7	1.407	1.704	3.439	3.297982882502654	4.169624736419379	(7, 1.407)	2	0	0
r2i1231p1f1	2001-08-14	5	1.03	1.163	0.57	2.5269878578958624	1.997796703012554	(5, 1.03)	1	1	1
r2i1231p1f1	2004-06-09	4	1.074	1.141	0.633	2.260929417725213	1.8023696483400706	(4, 1.074)	1	1	1
r2i1231p1f1	2006-06-02	4	1.093	1.227	0.709	2.276651710967541	1.8979196650564456	(4, 1.093)	1	1	3
r2i1231p1f1	2006-06-09	3	1.201	1.329	0.857	1.9797011838168412	1.6961847359134596	(3, 1.201)	0	3	3
r2i1231p1f1	2006-06-25	9	1.128	1.473	1.91	3.4485897439647557	3.9621456148313565	(9, 1.128)	0	3	2
r2i1231p1f1	2006-07-15	15	1.2	1.84	4.263	4.258639333927857	5.516078136948802	(15, 1.2)	2	2	4
r2i1231p1f1	2006-08-30	3	0.953	0.971	0.112	1.7837160842352977	0.4586703188023558	(3, 0.953)	1	1	1
r2i1251p1f1	1851-06-28	3	1.103	1.259	0.602	1.9067766274057756	1.4178133183003034	(3, 1.103)	1	1	3
r2i1251p1f1	1851-07-06	3	1.086	1.182	0.553	1.8935669098428978	1.3541513372645073	(3, 1.086)	1	1	1
r2i1251p1f1	1851-07-19	4	1.326	1.493	1.695	2.451694515581887	2.67827804276854	(4, 1.326)	0	0	0
r2i1251p1f1	1853-06-22	4	1.383	1.6	1.924	2.4902258112656	2.7967934109365986	(4, 1.383)	0	0	0
r2i1251p1f1	1853-07-03	3	0.937	0.96	0.105	1.769649301018946	0.43540959931762246	(3, 0.937)	1	1	1
r2i1251p1f1	1856-06-11	3	1.114	1.251	0.636	1.9152320367430575	1.459719747345878	(3, 1.114)	1	1	3
r2i1251p1f1	1856-06-26	3	1.218	1.348	0.946	1.991827299029127	1.7775861999417792	(3, 1.218)	0	3	3
r2i1251p1f1	1856-08-29	3	0.953	0.981	0.152	1.7837160842352977	0.5821123565610862	(3, 0.953)	1	1	1
r2i1251p1f1	1859-08-07	9	1.216	1.394	2.82	3.5214071001701877	4.345621952780082	(9, 1.216)	2	0	2
r2i1251p1f1	1860-06-15	4	1.054	1.148	0.608	2.2441081632350697	1.7688319645843502	(4, 1.054)	1	1	1
r2i1251p1f1	1861-06-04	9	1.086	1.251	1.658	3.41187352165939	3.823541457357332	(9, 1.086)	0	3	2
r2i1251p1f1	1861-06-15	11	1.229	1.474	3.6	3.825101454385456	4.885361837887857	(11, 1.229)	2	2	2
r2i1251p1f1	1861-07-27	3	1.055	1.158	0.457	1.8690199726127856	1.21628914303618	(3, 1.055)	1	1	1
r2i1251p1f1	1864-07-16	4	1.018	1.082	0.464	2.2130979264925097	1.5501124463492857	(4, 1.018)	1	1	1
r2i1251p1f1	1864-08-01	10	1.187	1.315	2.851	3.6515989889427494	4.512578205535752	(10, 1.187)	2	2	2
r2i1251p1f1	1866-05-30	8	1.368	1.559	3.723	3.46430695900886	4.4454927859124	(8, 1.368)	2	0	0
r2i1251p1f1	1869-06-13	10	1.182	1.304	2.796	3.6474875561668147	4.493313989873615	(10, 1.182)	2	2	2
r2i1251p1f1	1869-08-01	5	1.047	1.174	0.726	2.542059830547561	2.2101327690423886	(5, 1.047)	1	1	1
r2i1251p1f1	1869-08-08	4	1.205	1.295	1.212	2.3646204839134985	2.369869839799642	(4, 1.205)	0	3	3
r2i1251p1f1	1869-08-18	10	1.105	1.249	2.027	3.5819390284124895	4.175914843662249	(10, 1.105)	0	3	2
r2i1251p1f1	1873-06-14	3	1.22	1.317	0.954	1.993244281711825	1.7845887226446142	(3, 1.22)	0	3	3
r2i1251p1f1	1873-07-14	7	1.495	1.825	4.149	3.356471508521439	4.354662572066701	(7, 1.495)	2	0	0
r2i1251p1f1	1873-08-03	4	1.17	1.317	1.069	2.337952236831337	2.256750556650246	(4, 1.17)	0	3	3
r2i1251p1f1	1874-08-18	4	1.037	1.094	0.541	2.229584200109555	1.672975933238088	(4, 1.037)	1	1	1
r2i1251p1f1	1876-08-23	5	1.114	1.362	1.06	2.599343250495629	2.5534341014866544	(5, 1.114)	0	3	3
r2i1251p1f1	1877-07-29	4	0.923	0.967	0.084	2.1263251275786863	0.5140205146625099	(4, 0.923)	1	1	1
r2i1251p1f1	1880-06-05	5	1.094	1.266	0.961	2.5825846178742236	2.4633685811946675	(5, 1.094)	1	3	3
r2i1251p1f1	1881-06-28	5	1.192	1.39	1.45	2.6621434361518546	2.84557734887139	(5, 1.192)	0	3	3
r2i1251p1f1	1884-08-03	3	1.035	1.122	0.399	1.8528573527641976	1.1227404547234454	(3, 1.035)	1	1	1
r2i1251p1f1	1884-08-12	5	1.173	1.31	1.353	2.6472053787793253	2.7804948778000824	(5, 1.173)	0	3	3
r2i1251p1f1	1885-06-03	5	1.129	1.26	1.133	2.611730452273528	2.615007954378356	(5, 1.129)	0	3	3
r2i1251p1f1	1885-06-18	5	1.106	1.244	1.019	2.592673461659552	2.517112943145738	(5, 1.106)	1	3	3
r2i1251p1f1	1886-06-13	9	1.168	1.436	2.388	3.482347168604923	4.181683663282108	(9, 1.168)	0	3	2
r2i1251p1f1	1886-07-11	4	1.391	1.674	1.955	2.495516828900016	2.8118094353930627	(4, 1.391)	0	0	0
r2i1251p1f1	1886-07-23	3	1.053	1.138	0.451	1.8674154154423224	1.2070076174108926	(3, 1.053)	1	1	1
r2i1251p1f1	1888-07-08	6	1.402	1.81	2.996	3.072929755082743	3.8073739614203403	(6, 1.402)	2	0	0
r2i1251p1f1	1889-06-24	3	1.029	1.117	0.381	1.8479571840630418	1.0918340593043026	(3, 1.029)	1	1	1
r2i1251p1f1	1891-06-05	3	1.182	1.314	0.839	1.965972149383562	1.6788840992529575	(3, 1.182)	0	3	3
r2i1251p1f1	1891-08-09	4	1.038	1.155	0.543	2.2304444152163634	1.6759744362343447	(4, 1.038)	1	1	1
r2i1251p1f1	1891-08-15	3	1.462	1.769	1.68	2.151387114550056	2.275166214706302	(3, 1.462)	0	0	0
r2i1251p1f1	1891-08-23	3	1.094	1.186	0.575	1.8998049895985742	1.3832366016989441	(3, 1.094)	1	1	1
r2i1251p1f1	1893-06-14	7	1.4	1.515	3.485	3.2931801121212207	4.182707990843998	(7, 1.4)	2	0	0
r2i1251p1f1	1893-07-18	3	1.147	1.31	0.734	1.9401775819371392	1.5715233286018926	(3, 1.147)	1	3	3
r2i1251p1f1	1893-07-24	7	1.23	1.43	2.295	3.168841476129223	3.7728527686425135	(7, 1.23)	0	0	2
r2i1251p1f1	1897-06-03	4	1.003	1.044	0.402	2.199887694755703	1.4388868112390611	(4, 1.003)	1	1	1
r2i1251p1f1	1897-07-06	6	1.137	1.212	1.411	2.874153111891285	3.0790333667222445	(6, 1.137)	0	3	3
r2i1251p1f1	1898-08-08	5	0.913	0.943	0.052	2.4165966091624256	0.4582964127796094	(5, 0.913)	1	1	1
r2i1251p1f1	1899-07-18	5	1.209	1.353	1.535	2.6753225066682624	2.8993216835224516	(5, 1.209)	0	3	3
r2i1251p1f1	1903-06-20	7	1.13	1.308	1.597	3.0877594734778295	3.42024331444937	(7, 1.13)	0	3	2
r2i1251p1f1	1903-07-11	3	1.003	1.046	0.302	1.8264411915984637	0.943609369210124	(3, 1.003)	1	1	1
r2i1251p1f1	1904-07-09	6	1.135	1.464	1.394	2.872492039032673	3.0674728696555347	(6, 1.135)	0	3	3
r2i1251p1f1	1904-07-21	8	1.182	1.324	2.238	3.3230775174474454	3.944299649657959	(8, 1.182)	0	3	2
r2i1251p1f1	1904-08-13	8	1.204	1.395	2.414	3.34086015836456	4.018589317217307	(8, 1.204)	0	3	2
r2i1251p1f1	1906-06-16	3	0.952	0.997	0.148	1.7828426836630467	0.5704316895115334	(3, 0.952)	1	1	1
r2i1251p1f1	1908-08-08	5	0.984	1.042	0.409	2.485027846551623	1.7178902659490711	(5, 0.984)	1	1	1
r2i1251p1f1	1908-08-15	7	1.276	1.55	2.616	3.2040403498060464	3.9009417951377423	(7, 1.276)	0	0	0
r2i1251p1f1	1910-07-01	4	1.285	1.482	1.531	2.423031246069913	2.583846597642904	(4, 1.285)	0	0	0
r2i1251p1f1	1910-07-14	9	1.456	1.925	4.985	3.696649191378297	4.909672501670121	(9, 1.456)	2	2	4
r2i1251p1f1	1910-08-07	3	1.053	1.119	0.451	1.8674154154423224	1.2070076174108926	(3, 1.053)	1	1	1
r2i1251p1f1	1916-08-02	3	1.072	1.372	0.51	1.8825557489911475	1.2947375060561312	(3, 1.072)	1	3	3
r2i1251p1f1	1917-06-16	6	1.202	1.418	1.8	2.9266886878321094	3.312529696371228	(6, 1.202)	0	3	3
r2i1251p1f1	1919-06-27	6	1.197	1.391	1.769	2.9227440383276013	3.295795536628084	(6, 1.197)	0	3	3
r2i1251p1f1	1919-07-20	5	1.03	1.215	0.638	2.5269878578958624	2.095936848982456	(5, 1.03)	1	1	1
r2i1251p1f1	1919-08-03	7	1.109	1.548	1.447	3.0698637331509073	3.3249933949598267	(7, 1.109)	0	3	2
r2i1251p1f1	1920-07-01	3	0.915	0.954	0.038	1.7499785892171698	0.18019746255455427	(3, 0.915)	1	1	1
r2i1251p1f1	1921-06-03	4	1.069	1.233	0.666	2.256750556650246	1.8449842304653528	(4, 1.069)	1	1	1
r2i1251p1f1	1921-08-06	3	1.047	1.093	0.433	1.8625862382302412	1.1786346881452736	(3, 1.047)	1	1	1
r2i1251p1f1	1922-06-04	4	1.135	1.291	0.931	2.3105532626432224	2.1339297269639057	(4, 1.135)	1	3	3
r2i1251p1f1	1922-07-19	3	0.948	0.982	0.137	1.7793414330419388	0.53758802374247	(3, 0.948)	1	1	1
r2i1251p1f1	1922-08-26	5	1.041	1.278	0.694	2.536766211461138	2.1700995397944	(5, 1.041)	1	1	1
r2i1251p1f1	1925-07-07	3	1.323	1.435	1.263	2.06363091677193	2.023233625810394	(3, 1.323)	0	0	3
r2i1251p1f1	1925-08-17	3	1.068	1.21	0.498	1.879387304251124	1.277506842909921	(3, 1.068)	1	1	1
r2i1251p1f1	1927-06-01	4	1.192	1.368	1.161	2.35479796444098	2.3309781674952634	(4, 1.192)	0	3	3
r2i1251p1f1	1927-08-03	3	1.146	1.193	0.731	1.9394307280744352	1.568279907510036	(3, 1.146)	1	1	3
r2i1251p1f1	1928-07-25	8	1.138	1.344	1.883	3.2865344936668497	3.775227461703862	(8, 1.138)	0	3	2
r2i1251p1f1	1930-07-04	3	1.09	1.178	0.564	1.896690813917729	1.3687997098305686	(3, 1.09)	1	1	1
r2i1251p1f1	1934-07-12	4	1.153	1.279	1.004	2.324737897635179	2.200773826847361	(4, 1.153)	0	3	3
r2i1251p1f1	1934-08-01	5	1.107	1.209	1.024	2.5935096221564495	2.5216136328339824	(5, 1.107)	1	3	3
r2i1251p1f1	1934-08-21	6	0.997	1.032	0.569	2.7506528583462235	2.2367185418134024	(6, 0.997)	1	1	1
r2i1251p1f1	1935-06-08	3	1.289	1.42	1.161	2.0409398314549385	1.950575387425793	(3, 1.289)	0	3	3
r2i1251p1f1	1935-08-17	3	1.007	1.064	0.313	1.8297816262051394	0.9656124531448094	(3, 1.007)	1	1	1
r2i1251p1f1	1936-07-16	5	1.388	1.687	2.429	2.8044695693990853	3.337797610542065	(5, 1.388)	0	0	0
r2i1251p1f1	1936-08-01	3	1.004	1.047	0.305	1.827277346942111	0.9496583834350669	(3, 1.004)	1	1	1
r2i1251p1f1	1937-05-31	5	1.191	1.344	1.443	2.661362761078819	2.841019879358309	(5, 1.191)	0	3	3
r2i1251p1f1	1938-06-27	4	1.237	1.347	1.339	2.388395749407157	2.4606139572189556	(4, 1.237)	0	3	3
r2i1251p1f1	1939-08-14	4	1.081	1.215	0.714	2.2667506399848296	1.903896969164905	(4, 1.081)	1	1	1
r2i1251p1f1	1940-08-16	4	1.032	1.122	0.52	2.2252719898913753	1.6409365794934714	(4, 1.032)	1	1	1
r2i1251p1f1	1943-07-30	5	1.108	1.18	1.026	2.5943450840730553	2.5234082522455497	(5, 1.108)	1	3	3
r2i1251p1f1	1945-07-09	5	1.058	1.162	0.778	2.5516926123621193	2.2719510694540435	(5, 1.058)	1	1	1
r2i1251p1f1	1945-08-17	3	1.175	1.288	0.819	1.9608661901948141	1.659303466582823	(3, 1.175)	0	3	3
r2i1251p1f1	1946-06-04	3	1.167	1.238	0.794	1.9549987051934683	1.6342758849234178	(3, 1.167)	1	3	3
r2i1251p1f1	1946-08-08	5	1.078	1.141	0.879	2.5689725151390577	2.3820909268330657	(5, 1.078)	1	1	1
r2i1251p1f1	1947-07-15	8	1.156	1.349	2.027	3.3016456677437693	3.8472876490239813	(8, 1.156)	0	3	2
r2i1251p1f1	1950-06-20	18	1.048	1.302	2.63	4.394858625418197	5.307508053143695	(18, 1.048)	2	2	2
r2i1251p1f1	1951-07-23	4	0.891	0.932	-0.044	2.095314890836126	-0.4338645826298623	(4, 0.891)	1	1	1
r2i1251p1f1	1951-07-31	11	1.146	1.307	2.684	3.756757053084103	4.594311749066966	(11, 1.146)	2	2	2
r2i1251p1f1	1952-07-30	3	1.288	1.561	1.156	2.0402645892270397	1.9468742842202946	(3, 1.288)	0	0	0
r2i1251p1f1	1952-08-24	3	1.018	1.091	0.348	1.8389106984286396	1.0325654459103046	(3, 1.018)	1	1	1
r2i1251p1f1	1953-07-23	3	1.077	1.234	0.525	1.886502239488306	1.3158665378822105	(3, 1.077)	1	1	1
r2i1251p1f1	1954-08-24	5	1.145	1.287	1.215	2.6247764972967196	2.6799327830479016	(5, 1.145)	0	3	3
r2i1251p1f1	1956-06-09	13	1.939	2.344	13.472	4.52053922084829	6.449619868076406	(13, 1.939)	2	2	4
r2i1251p1f1	1960-07-04	5	1.346	1.566	2.221	2.7756301853340113	3.251596028111747	(5, 1.346)	0	0	0
r2i1251p1f1	1960-08-11	4	1.239	1.358	1.346	2.3898631011011062	2.4653839832991364	(4, 1.239)	0	3	3
r2i1251p1f1	1961-06-17	13	1.198	1.514	3.843	4.045729355118121	5.199213548930615	(13, 1.198)	2	2	4
r2i1251p1f1	1961-08-04	4	1.156	1.344	1.014	2.327082564594433	2.209592226144881	(4, 1.156)	0	3	3
r2i1251p1f1	1961-08-23	5	1.04	1.14	0.688	2.5358812107895417	2.1624115578251097	(5, 1.04)	1	1	1
r2i1251p1f1	1962-08-06	3	0.955	0.985	0.16	1.7854606002200222	0.6050721768288292	(3, 0.955)	1	1	1
r2i1251p1f1	1962-08-11	3	1.056	1.195	0.461	1.8698212867532615	1.2224293103801878	(3, 1.056)	1	1	1
r2i1251p1f1	1963-06-22	3	1.024	1.105	0.366	1.8438552876418735	1.0653284036835002	(3, 1.024)	1	1	1
r2i1251p1f1	1967-07-16	7	1.374	1.626	3.304	3.2751365333733213	4.130209270836225	(7, 1.374)	2	0	0
r2i1251p1f1	1967-08-15	5	0.991	1.017	0.444	2.491527750883527	1.7857532865114771	(5, 0.991)	1	1	1
r2i1251p1f1	1967-08-24	5	1.149	1.255	1.236	2.628011587306804	2.6959033999037683	(5, 1.149)	0	3	3
r2i1251p1f1	1968-06-25	3	1.047	1.119	0.436	1.8625862382302412	1.1834197671705207	(3, 1.047)	1	1	1
r2i1251p1f1	1970-06-23	3	1.336	1.46	1.302	2.0721726417133604	2.049676739221073	(3, 1.336)	0	0	0
r2i1251p1f1	1970-06-28	3	1.067	1.16	0.493	1.878593621977004	1.2702388418084498	(3, 1.067)	1	1	1
r2i1251p1f1	1972-06-16	3	1.199	1.325	0.891	1.9782648663799822	1.728068910003648	(3, 1.199)	0	3	3
r2i1251p1f1	1973-05-30	6	1.221	1.403	1.913	2.9415380310417527	3.371261860660851	(6, 1.221)	0	3	3
r2i1251p1f1	1973-07-05	8	1.047	1.334	1.156	3.20643498137517	3.3016456677437693	(8, 1.047)	0	3	2
r2i1251p1f1	1975-06-05	3	0.986	1.049	0.252	1.8121185248247058	0.8370009185973868	(3, 0.986)	1	1	1
r2i1251p1f1	1979-06-07	10	1.145	1.433	2.428	3.616525920733977	4.35388563483228	(10, 1.145)	0	2	2
r2i1251p1f1	1979-06-27	8	1.111	1.323	1.671	3.2634307582286954	3.658688607617379	(8, 1.111)	0	3	2
r2i1251p1f1	1979-07-16	4	1.1	1.233	0.793	2.2823823856765264	1.9938836533181894	(4, 1.1)	1	3	3
r2i1251p1f1	1979-07-22	3	0.951	1.01	0.147	1.7819685195953499	0.5674900791066536	(3, 0.951)	1	1	1
r2i1251p1f1	1979-07-29	3	1.233	1.413	0.993	2.0024060492939144	1.8180409580317884	(3, 1.233)	0	3	3
r2i1251p1f1	1979-08-17	3	1.038	1.154	0.409	1.8552984620613318	1.1395067096493494	(3, 1.038)	1	1	1
r2i1251p1f1	1980-08-03	8	1.004	1.077	0.812	3.166231161622881	2.9639042225350036	(8, 1.004)	1	1	1
r2i1251p1f1	1981-06-15	4	1.194	1.401	1.165	2.3563154154150134	2.334083760053417	(4, 1.194)	0	3	3
r2i1251p1f1	1981-06-28	3	1.014	1.107	0.336	1.8356006704133423	1.0101115172736006	(3, 1.014)	1	1	1
r2i1251p1f1	1981-07-10	11	1.094	1.408	2.104	3.7114298402904544	4.353626699092219	(11, 1.094)	0	3	2
r2i1251p1f1	1981-08-25	12	1.037	1.245	1.621	3.7866248595019867	4.225134559661738	(12, 1.037)	0	3	2
r2i1251p1f1	1984-06-09	9	1.319	1.794	3.754	3.60040336859867	4.628476472218326	(9, 1.319)	2	2	4
r2i1251p1f1	1986-06-09	6	1.158	1.243	1.536	2.891429794248112	3.1601655120458694	(6, 1.158)	0	3	3
r2i1251p1f1	1986-06-19	6	1.167	1.295	1.588	2.8987436808456617	3.192069248468763	(6, 1.167)	0	3	3
r2i1251p1f1	1986-07-19	3	1.024	1.191	0.364	1.8438552876418735	1.061740634693605	(3, 1.024)	1	1	1
r2i1251p1f1	1986-08-05	5	1.088	1.177	0.928	2.5775017681767394	2.4314492096762756	(5, 1.088)	1	1	1
r2i1251p1f1	1989-06-30	3	1.072	1.144	0.51	1.8825557489911475	1.2947375060561312	(3, 1.072)	1	1	1
r2i1251p1f1	1989-08-05	5	1.087	1.269	0.924	2.576652109103335	2.427510036055624	(5, 1.087)	1	3	3
r2i1251p1f1	1990-06-28	3	1.238	1.393	1.008	2.00590757581405	1.8306149942480556	(3, 1.238)	0	3	3
r2i1251p1f1	1990-07-10	5	1.211	1.42	1.544	2.6768616282974182	2.9048467537347187	(5, 1.211)	0	3	3
r2i1251p1f1	1990-07-17	4	1.396	1.589	1.976	2.4988095549569915	2.8218549635426995	(4, 1.396)	0	0	0
r2i1251p1f1	1992-06-17	3	1.107	1.203	0.614	1.9098596000764794	1.4328051646484807	(3, 1.107)	1	1	1
r2i1251p1f1	1994-08-07	3	1.056	1.162	0.462	1.8698212867532615	1.2239584793650506	(3, 1.056)	1	1	1
r2i1251p1f1	1994-08-27	7	1.252	1.501	2.451	3.185830368300718	3.8371519320561105	(7, 1.252)	0	0	0
r2i1251p1f1	1995-06-01	5	1.019	1.083	0.586	2.517112943145738	2.021769945694297	(5, 1.019)	1	1	1
r2i1251p1f1	1995-07-22	4	1.069	1.153	0.667	2.256750556650246	1.8462476545121247	(4, 1.069)	1	1	1
r2i1251p1f1	1997-06-25	14	1.38	1.914	6.684	4.294408083106604	5.861154621766281	(14, 1.38)	2	2	4
r2i1251p1f1	1997-08-27	4	0.966	1.013	0.256	2.1665362485307695	1.1144856378244	(4, 0.966)	1	1	1
r2i1251p1f1	2001-07-28	4	1.307	1.507	1.62	2.4385136102182896	2.6361960973342264	(4, 1.307)	0	0	0
r2i1251p1f1	2001-08-19	3	0.986	1.058	0.252	1.8121185248247058	0.8370009185973868	(3, 0.986)	1	1	1
r2i1251p1f1	2002-06-18	5	1.084	1.367	0.91	2.574098791753401	2.4135994324124272	(5, 1.084)	0	3	3
r2i1251p1f1	2002-08-23	7	1.072	1.208	1.186	3.0375322459329426	3.1339725102202522	(7, 1.072)	1	3	2
r2i1251p1f1	2003-06-16	6	0.985	1.079	0.494	2.7393217351239016	2.111459405039261	(6, 0.985)	1	1	1
r2i1251p1f1	2003-08-04	5	0.971	1.059	0.341	2.4728433491079573	1.5712158480056735	(5, 0.971)	1	1	1
r2i1251p1f1	2007-08-24	5	1.45	1.782	2.739	2.84557734887139	3.4538831529125305	(5, 1.45)	2	0	0
r2i1251p1f1	2009-07-09	3	1.093	1.145	0.572	1.8990273544023255	1.3793198924049874	(3, 1.093)	1	1	1
r2i1251p1f1	2010-07-21	7	1.183	1.407	1.968	3.1315502140872518	3.622949834146252	(7, 1.183)	0	3	2
r2i1251p1f1	2010-08-15	3	0.963	0.976	0.181	1.7924083891450562	0.6629475210958692	(3, 0.963)	1	1	1
r2i1281p1f1	1851-06-19	3	0.994	1.105	0.313	1.8188841638866633	0.9656124531448094	(3, 0.994)	1	1	1
r2i1281p1f1	1852-07-03	5	1.268	1.638	1.889	2.719759444712057	3.096466898394814	(5, 1.268)	0	0	0
r2i1281p1f1	1852-08-09	4	1.168	1.304	1.111	2.3364066414695563	2.291321900715335	(4, 1.168)	0	3	3
r2i1281p1f1	1853-06-04	6	1.016	1.206	0.759	2.768335281171458	2.4977386570162534	(6, 1.016)	1	1	1
r2i1281p1f1	1853-06-21	4	0.995	1.092	0.422	2.192770226986839	1.47613506511968	(4, 0.995)	1	1	1
r2i1281p1f1	1853-08-05	3	1.147	1.374	0.77	1.9401775819371392	1.6096453640113553	(3, 1.147)	0	3	3
r2i1281p1f1	1854-06-29	3	1.03	1.192	0.42	1.8487755481388044	1.1576306069634266	(3, 1.03)	1	1	1
r2i1281p1f1	1854-07-04	5	0.988	1.097	0.489	2.4887472493057423	1.8667411151513784	(5, 0.988)	1	1	1
r2i1281p1f1	1857-05-31	5	1.069	1.124	0.894	2.5612334882965984	2.397460983910789	(5, 1.069)	1	1	1
r2i1281p1f1	1857-08-10	3	1.124	1.198	0.701	1.922857220904564	1.535253627775467	(3, 1.124)	1	1	3
r2i1281p1f1	1861-07-29	3	1.04	1.234	0.45	1.8569225639687479	1.20545228641777	(3, 1.04)	1	1	1
r2i1281p1f1	1861-08-24	3	0.933	0.974	0.129	1.7661014684078697	0.5130054437486867	(3, 0.933)	1	1	1
r2i1281p1f1	1864-07-17	3	1.038	1.138	0.443	1.8552984620613318	1.1944967045549193	(3, 1.038)	1	1	1
r2i1281p1f1	1865-07-29	5	1.012	1.126	0.613	2.5107777519264465	2.060965448904759	(5, 1.012)	1	1	1
r2i1281p1f1	1867-06-11	10	1.252	1.417	3.622	3.703564013901387	4.749596856376515	(10, 1.252)	2	2	2
r2i1281p1f1	1871-06-20	3	1.374	1.555	1.453	2.0967304028960037	2.145932390572937	(3, 1.374)	0	0	0
r2i1281p1f1	1872-08-18	3	1.057	1.181	0.501	1.8706219593034668	1.281842422518679	(3, 1.057)	1	1	1
r2i1281p1f1	1874-06-27	3	1.027	1.129	0.412	1.8463184440077063	1.1444822561168142	(3, 1.027)	1	1	1
r2i1281p1f1	1874-07-11	3	0.901	0.971	0.034	1.7372563504156076	0.16268772026803302	(3, 0.901)	1	1	1
r2i1281p1f1	1874-08-18	3	0.929	0.999	0.117	1.7625410038512317	0.4749599721710217	(3, 0.929)	1	1	1
r2i1281p1f1	1875-05-31	7	1.081	1.33	1.34	3.04549340289013	3.2510388951080773	(7, 1.081)	0	3	2
r2i1281p1f1	1875-07-13	3	1.218	1.301	0.985	1.991827299029127	1.8112695923709663	(3, 1.218)	0	3	3
r2i1281p1f1	1876-07-15	5	1.275	1.487	1.925	2.7249029495298647	3.1144994595948337	(5, 1.275)	0	0	0
r2i1281p1f1	1877-06-09	10	1.333	1.99	4.427	3.7647556757971894	4.94871756335228	(10, 1.333)	2	2	4
r2i1281p1f1	1877-07-22	9	1.035	1.147	1.306	3.365397477530968	3.5907703610036172	(9, 1.035)	1	3	2
r2i1281p1f1	1879-08-08	6	1.205	1.398	1.888	2.9290480301505712	3.358561931541743	(6, 1.205)	0	3	3
r2i1281p1f1	1879-08-21	6	1.134	1.34	1.467	2.8716604667701238	3.116196543308726	(6, 1.134)	0	3	3
r2i1281p1f1	1880-06-12	3	1.148	1.262	0.773	1.9409238784254021	1.6127575608495572	(3, 1.148)	1	3	3
r2i1281p1f1	1881-07-07	3	1.002	1.092	0.335	1.8256043365139252	1.008217398267985	(3, 1.002)	1	1	1
r2i1281p1f1	1881-08-05	7	1.239	1.462	2.443	3.1758263981643715	3.833953202325719	(7, 1.239)	0	0	0
r2i1281p1f1	1884-08-12	4	1.064	1.138	0.697	2.2525541593884806	1.8834266577538787	(4, 1.064)	1	1	1
r2i1281p1f1	1885-06-01	3	1.103	1.216	0.638	1.9067766274057756	1.4621309846147317	(3, 1.103)	1	1	1
r2i1281p1f1	1886-07-09	11	1.235	1.617	3.798	3.8298655985213514	4.938508592227415	(11, 1.235)	2	2	4
r2i1281p1f1	1886-07-25	10	1.308	1.636	4.177	3.7462657038237674	4.891013102217663	(10, 1.308)	2	2	4
r2i1281p1f1	1886-08-11	3	1.217	1.385	0.98	1.9911180540358446	1.807014086039882	(3, 1.217)	0	3	3
r2i1281p1f1	1889-08-27	5	1.054	1.202	0.823	2.5482005092667586	2.322526899566266	(5, 1.054)	1	1	1
r2i1281p1f1	1890-06-07	8	1.093	1.321	1.621	3.24772629003732	3.6291040500678817	(8, 1.093)	0	3	2
r2i1281p1f1	1891-06-30	6	1.056	1.207	0.995	2.8045697711340716	2.7487732316482894	(6, 1.056)	1	3	1
r2i1281p1f1	1894-07-11	10	1.18	1.324	2.903	3.645838238265183	4.530456558651239	(10, 1.18)	2	2	2
r2i1281p1f1	1895-08-09	6	1.063	1.215	1.039	2.810777988939766	2.789330238752442	(6, 1.063)	1	3	1
r2i1281p1f1	1896-07-01	3	0.944	1.007	0.163	1.7758278805804821	0.6135479988357051	(3, 0.944)	1	1	1
r2i1281p1f1	1897-08-02	3	1.115	1.249	0.677	1.9159971769397985	1.508024085051131	(3, 1.115)	1	1	3
r2i1281p1f1	1898-06-07	6	1.021	1.333	0.787	2.772937046835834	2.531033792326036	(6, 1.021)	1	3	3
r2i1281p1f1	1899-08-22	3	0.976	1.013	0.258	1.8035965939757768	0.8504104363179789	(3, 0.976)	1	1	1
r2i1281p1f1	1900-06-01	4	1.2	1.388	1.242	2.3608540011180215	2.3920600994216485	(4, 1.2)	0	3	3
r2i1281p1f1	1900-06-07	9	1.172	1.362	2.535	3.4856610716069962	4.240535072368182	(9, 1.172)	0	3	2
r2i1281p1f1	1900-07-15	7	1.098	1.275	1.459	3.0603603802181487	3.3329563039325407	(7, 1.098)	0	3	2
r2i1281p1f1	1905-05-30	14	1.192	1.62	4.226	4.150106848223618	5.4043490362714985	(14, 1.192)	2	2	4
r2i1281p1f1	1906-06-28	4	1.068	1.125	0.714	2.2559126847956152	1.903896969164905	(4, 1.068)	1	1	1
r2i1281p1f1	1910-06-08	4	1.17	1.319	1.121	2.337952236831337	2.2993799620450974	(4, 1.17)	0	3	3
r2i1281p1f1	1910-06-16	4	1.036	1.209	0.584	2.2287232443955904	1.7355417892298264	(4, 1.036)	1	1	1
r2i1281p1f1	1910-08-22	9	1.127	1.311	2.138	3.44773103356771	4.072882558922768	(9, 1.127)	0	3	2
r2i1281p1f1	1914-05-31	4	0.996	1.056	0.425	2.193662685769859	1.4816045409242156	(4, 0.996)	1	1	1
r2i1281p1f1	1914-07-13	10	1.167	1.506	2.776	3.6350508510236543	4.486215777813301	(10, 1.167)	2	2	2
r2i1281p1f1	1914-08-14	3	1.112	1.247	0.667	1.913699997788122	1.4964559081980222	(3, 1.112)	1	1	3
r2i1281p1f1	1915-06-01	3	1.217	1.364	0.982	1.9911180540358446	1.8087184623074828	(3, 1.217)	0	3	3
r2i1281p1f1	1916-06-04	8	1.317	1.676	3.42	3.4275246959790096	4.361642356448053	(8, 1.317)	2	0	0
r2i1281p1f1	1917-07-21	5	0.92	0.979	0.149	2.4235552839596153	0.9805306996631139	(5, 0.92)	1	1	1
r2i1281p1f1	1917-08-15	3	1.02	1.11	0.39	1.8405616128750606	1.1074066529217297	(3, 1.02)	1	1	1
r2i1281p1f1	1919-06-20	5	1.435	1.767	2.728	2.8357857818263104	3.4499865049769864	(5, 1.435)	2	0	0
r2i1281p1f1	1920-06-03	8	1.105	1.287	1.723	3.2582232908632442	3.688555388797981	(8, 1.105)	0	3	2
r2i1281p1f1	1923-06-29	7	1.142	1.498	1.769	3.0978436355535797	3.519345935246879	(7, 1.142)	0	3	2
r2i1281p1f1	1925-06-10	16	1.233	2.01	5.496	4.380926029229848	5.865742581374941	(16, 1.233)	2	2	4
r2i1281p1f1	1925-07-12	5	1.139	1.228	1.247	2.6199041538439554	2.704168265444365	(5, 1.139)	0	3	3
r2i1281p1f1	1925-07-27	3	1.181	1.289	0.873	1.9652443208753656	1.7113157623497717	(3, 1.181)	0	3	3
r2i1281p1f1	1925-08-02	8	1.31	1.636	3.361	3.422368884279035	4.344464276581695	(8, 1.31)	2	0	0
r2i1281p1f1	1925-08-13	3	1.065	1.152	0.524	1.8770043651306039	1.3144717404249726	(3, 1.065)	1	1	1
r2i1281p1f1	1925-08-19	5	1.039	1.193	0.745	2.5349954261979355	2.233165689432369	(5, 1.039)	1	1	1
r2i1281p1f1	1931-06-24	12	1.285	2.194	4.743	3.996666440988837	5.28908895306207	(12, 1.285)	2	2	4
r2i1281p1f1	1931-08-03	6	1.216	1.409	1.958	2.937651637363084	3.393723034802515	(6, 1.216)	0	3	3
r2i1281p1f1	1932-08-25	5	1.094	1.257	1.019	2.5825846178742236	2.517112943145738	(5, 1.094)	1	3	3
r2i1281p1f1	1933-07-12	3	1.125	1.246	0.706	1.9236165511600132	1.5408343102643483	(3, 1.125)	1	3	3
r2i1281p1f1	1934-06-09	4	0.932	1.046	0.168	2.1348762485679367	0.8518588717147662	(4, 0.932)	1	1	1
r2i1281p1f1	1935-08-10	4	1.002	1.05	0.45	2.199000776737475	1.5260563034950494	(4, 1.002)	1	1	1
r2i1281p1f1	1937-07-30	7	1.056	1.213	1.164	3.023220666568475	3.1160712259618326	(7, 1.056)	1	3	2
r2i1281p1f1	1937-08-27	3	1.01	1.131	0.36	1.8322796497164289	1.054526248000911	(3, 1.01)	1	1	1
r2i1281p1f1	1938-06-24	5	1.092	1.391	1.01	2.5808932036141434	2.5089603010807022	(5, 1.092)	0	3	3
r2i1281p1f1	1939-06-26	5	1.271	1.606	1.906	2.7219670441761172	3.1050228087094687	(5, 1.271)	0	0	0
r2i1281p1f1	1939-07-26	6	1.225	1.374	2.013	2.9446363075620363	3.4205076365647447	(6, 1.225)	0	3	3
r2i1281p1f1	1940-07-20	3	1.073	1.121	0.549	1.8833462940570747	1.3487710034605538	(3, 1.073)	1	1	1
r2i1281p1f1	1940-08-02	4	1.27	1.392	1.522	2.412335956953165	2.5783969928753394	(4, 1.27)	0	3	3
r2i1281p1f1	1942-08-27	3	0.992	1.027	0.305	1.8171970405807354	0.9496583834350669	(3, 0.992)	1	1	1
r2i1281p1f1	1943-08-29	3	0.939	0.95	0.146	1.7714185082929799	0.5645397900946423	(3, 0.939)	1	1	1
r2i1281p1f1	1944-07-08	3	1.117	1.292	0.681	1.9175257032512696	1.5126141437016694	(3, 1.117)	1	3	3
r2i1281p1f1	1946-06-09	6	1.166	1.415	1.657	2.8979336634015604	3.2328902434544626	(6, 1.166)	0	3	3
r2i1281p1f1	1947-06-02	3	1.011	1.079	0.365	1.8331109394483338	1.0635361281984803	(3, 1.011)	1	1	1
r2i1281p1f1	1947-06-22	5	1.032	1.109	0.71	2.5287728670685308	2.190316473472632	(5, 1.032)	1	1	1
r2i1281p1f1	1947-08-04	3	1.157	1.388	0.8	1.947615601525812	1.6403398778910998	(3, 1.157)	0	3	3
r2i1281p1f1	1948-07-26	5	0.975	1.102	0.424	2.4766082624091137	1.7475400628641369	(5, 0.975)	1	1	1
r2i1281p1f1	1948-08-03	3	0.965	1.028	0.226	1.794137820026899	0.776720776932811	(3, 0.965)	1	1	1
r2i1281p1f1	1948-08-24	3	1.054	1.105	0.494	1.8682180158529837	1.2716966740794537	(3, 1.054)	1	1	1
r2i1281p1f1	1950-07-10	8	1.361	1.76	3.773	3.4593378077665227	4.4586779557838785	(8, 1.361)	2	0	0
r2i1281p1f1	1952-08-23	5	1.351	1.614	2.306	2.779107378807332	3.2877249338298586	(5, 1.351)	0	0	0
r2i1281p1f1	1953-07-29	3	0.948	1.012	0.175	1.7793414330419388	0.6467506531910276	(3, 0.948)	1	1	1
r2i1281p1f1	1954-08-10	3	1.212	1.349	0.967	1.9875642639627233	1.7958642651405032	(3, 1.212)	0	3	3
r2i1281p1f1	1955-07-29	3	1.056	1.131	0.498	1.8698212867532615	1.277506842909921	(3, 1.056)	1	1	1
r2i1281p1f1	1958-08-27	4	1.008	1.032	0.473	2.204310523725705	1.5652770166483305	(4, 1.008)	1	1	1
r2i1281p1f1	1959-05-31	8	1.032	1.169	1.139	3.192593216922976	3.287380020838378	(8, 1.032)	1	3	2
r2i1281p1f1	1959-07-02	11	1.303	1.666	4.543	3.882330166479461	5.116445852360298	(11, 1.303)	2	2	4
r2i1281p1f1	1959-07-15	3	1.15	1.246	0.781	1.9424148026019987	1.621009708622122	(3, 1.15)	1	3	3
r2i1281p1f1	1959-07-22	4	1.0	1.083	0.44	2.1972245773362196	1.5085119938441398	(4, 1.0)	1	1	1
r2i1281p1f1	1959-07-28	4	1.186	1.368	1.186	2.3502317464613984	2.3502317464613984	(4, 1.186)	0	3	3
r2i1281p1f1	1959-08-13	4	1.1	1.16	0.839	2.2823823856765264	2.0427775573082445	(4, 1.1)	1	1	1
r2i1281p1f1	1959-08-19	11	1.245	1.745	3.909	3.837755745288522	4.967112080681497	(11, 1.245)	2	2	4
r2i1281p1f1	1962-06-09	3	0.954	1.039	0.191	1.7845887226446142	0.6893726222375843	(3, 0.954)	1	1	1
r2i1281p1f1	1962-07-22	3	1.209	1.384	0.957	1.9854259119535547	1.7872020781678604	(3, 1.209)	0	3	3
r2i1281p1f1	1964-08-07	4	1.148	1.353	1.034	2.3208178612551054	2.2269991060374505	(4, 1.148)	0	3	3
r2i1281p1f1	1965-06-11	4	1.156	1.316	1.065	2.327082564594433	2.253394848803274	(4, 1.156)	0	3	3
r2i1281p1f1	1965-07-05	3	1.096	1.316	0.619	1.901358448189443	1.4389860353615849	(3, 1.096)	1	3	3
r2i1281p1f1	1965-07-25	3	1.026	1.089	0.409	1.8454980658277378	1.1395067096493494	(3, 1.026)	1	1	1
r2i1281p1f1	1966-06-13	12	1.359	1.674	5.631	4.051655707098458	5.459910033133615	(12, 1.359)	2	2	4
r2i1281p1f1	1968-06-01	3	0.998	1.189	0.325	1.8222498952796893	0.9890762295420122	(3, 0.998)	1	1	1
r2i1281p1f1	1969-06-21	4	1.275	1.399	1.541	2.4159137783010487	2.589867085424487	(4, 1.275)	0	3	3
r2i1281p1f1	1971-06-21	6	1.268	1.551	2.27	2.9773502528361053	3.536952766369188	(6, 1.268)	0	0	0
r2i1281p1f1	1971-07-12	3	1.139	1.364	0.748	1.9341870743280345	1.5865217335484747	(3, 1.139)	0	3	3
r2i1281p1f1	1972-06-12	7	1.24	1.528	2.448	3.1765994974867566	3.8359536071346665	(7, 1.24)	0	0	0
r2i1281p1f1	1976-07-08	3	1.273	1.508	1.15	2.030080856770745	1.9424148026019987	(3, 1.273)	0	3	3
r2i1281p1f1	1976-08-08	5	1.263	1.557	1.867	2.716069247625865	3.085284753661143	(5, 1.263)	0	0	0
r2i1281p1f1	1976-08-18	8	1.111	1.363	1.766	3.2634307582286954	3.7125964303994663	(8, 1.111)	0	3	2
r2i1281p1f1	1977-06-27	3	1.184	1.297	0.883	1.96742621912213	1.7206576950771912	(3, 1.184)	0	3	3
r2i1281p1f1	1977-07-23	3	0.948	1.029	0.173	1.7793414330419388	0.6412928704789613	(3, 0.948)	1	1	1
r2i1281p1f1	1977-08-23	3	0.952	0.99	0.187	1.7828426836630467	0.6788862263434363	(3, 0.952)	1	1	1
r2i1281p1f1	1979-07-21	4	1.078	1.18	0.754	2.264259978672378	1.950471160382876	(4, 1.078)	1	1	1
r2i1281p1f1	1979-08-07	3	0.997	1.109	0.321	1.821409523849423	0.9813159824230566	(3, 0.997)	1	1	1
r2i1281p1f1	1981-06-26	4	0.92	0.933	0.122	2.1234584270966104	0.681074599325676	(4, 0.92)	1	1	1
r2i1281p1f1	1981-08-13	3	0.932	0.977	0.126	1.7652125400234207	0.5036289126080495	(3, 0.932)	1	1	1
r2i1281p1f1	1983-08-17	4	1.113	1.245	0.893	2.29293871594224	2.097281459808167	(4, 1.113)	1	3	3
r2i1281p1f1	1984-06-06	11	1.078	1.219	2.075	3.6970593266509457	4.339927273103301	(11, 1.078)	0	3	2
r2i1281p1f1	1984-07-13	4	1.058	1.239	0.672	2.247495126676086	1.852540941487914	(4, 1.058)	1	1	1
r2i1281p1f1	1984-07-30	3	0.938	0.992	0.144	1.770534295917709	0.5586129703503369	(3, 0.938)	1	1	1
r2i1281p1f1	1986-07-20	4	1.042	1.177	0.607	2.233877894984255	1.7674667766590104	(4, 1.042)	1	1	1
r2i1281p1f1	1989-08-24	3	1.111	1.213	0.662	1.9129330972319676	1.4906212461277157	(3, 1.111)	1	1	3
r2i1281p1f1	1990-07-18	6	1.129	1.216	1.432	2.8674922010350326	3.0931318993990278	(6, 1.129)	0	3	3
r2i1281p1f1	1991-06-06	3	1.035	1.236	0.434	1.8528573527641976	1.180232259947073	(3, 1.035)	1	1	1
r2i1281p1f1	1992-06-20	3	1.164	1.36	0.822	1.9527894920251458	1.6622651151608299	(3, 1.164)	0	3	3
r2i1281p1f1	1992-08-15	7	1.055	1.217	1.159	3.0223193554895142	3.1119576694599584	(7, 1.055)	1	3	2
r2i1281p1f1	1993-08-05	3	1.144	1.253	0.763	1.9379353448911276	1.6023456816211354	(3, 1.144)	1	3	3
r2i1281p1f1	1994-06-06	3	1.241	1.401	1.052	2.0080026216671287	1.866612170346783	(3, 1.241)	0	3	3
r2i1281p1f1	1995-07-21	3	1.177	1.36	0.86	1.962327697904164	1.6990392977679638	(3, 1.177)	0	3	3
r2i1281p1f1	1996-07-08	4	1.025	1.139	0.539	2.2192034840549946	1.6699684121741327	(4, 1.025)	1	1	1
r2i1281p1f1	1997-06-25	3	1.273	1.404	1.151	2.030080856770745	1.9431594319473882	(3, 1.273)	0	3	3
r2i1281p1f1	1997-08-23	4	0.943	1.0	0.211	2.145229282217839	0.9887974226609031	(4, 0.943)	1	1	1
r2i1281p1f1	1998-06-29	9	1.011	1.105	1.09	3.3427557919629076	3.4154289639088797	(9, 1.011)	1	1	2
r2i1281p1f1	2000-08-07	3	1.027	1.18	0.411	1.8463184440077063	1.1428264897787204	(3, 1.027)	1	1	1
r2i1281p1f1	2002-07-21	8	1.143	1.477	2.022	3.2907549984455637	3.8448706641949255	(8, 1.143)	0	3	2
r2i1281p1f1	2003-06-22	8	1.041	1.215	1.211	3.200921245550296	3.346452593314182	(8, 1.041)	1	3	2
r2i1281p1f1	2003-07-10	3	0.981	1.056	0.273	1.8078666372859462	0.8831680263634194	(3, 0.981)	1	1	1
r2i1281p1f1	2003-08-02	3	0.987	1.009	0.292	1.8129667372033864	0.9231775660711189	(3, 0.987)	1	1	1
r2i1281p1f1	2003-08-08	6	1.07	1.166	1.084	2.8169479024562407	2.829174687123373	(6, 1.07)	1	3	1
r2i1281p1f1	2003-08-18	3	1.022	1.139	0.397	1.8422098062945378	1.1193532049845927	(3, 1.022)	1	1	1
r2i1281p1f1	2004-06-16	7	1.09	1.318	1.404	3.053391680093326	3.2959273761727084	(7, 1.09)	0	3	2
r2i1281p1f1	2008-08-13	3	1.053	1.091	0.489	1.8674154154423224	1.2643861665684624	(3, 1.053)	1	1	1
r2i1281p1f1	2009-08-25	5	1.2	1.409	1.55	2.6683669929878664	2.908513247313477	(5, 1.2)	0	3	3
r2i1281p1f1	2010-06-03	3	0.922	0.951	0.097	1.7562795231871666	0.4081460345462895	(3, 0.922)	1	1	1
r2i1281p1f1	2010-06-14	5	1.084	1.181	0.97	2.574098791753401	2.4718999018290106	(5, 1.084)	1	1	1
r2i1281p1f1	2010-07-10	4	1.326	1.509	1.744	2.451694515581887	2.7048450701532616	(4, 1.326)	0	0	0
r2i1301p1f1	1852-06-30	3	1.054	1.089	0.476	1.8682180158529837	1.2451248876848824	(3, 1.054)	1	1	1
r2i1301p1f1	1852-08-11	6	1.019	1.077	0.739	2.7710988809381947	2.473258870308354	(6, 1.019)	1	1	1
r2i1301p1f1	1852-08-30	3	1.196	1.313	0.903	1.9761065146616097	1.739083752665682	(3, 1.196)	0	3	3
r2i1301p1f1	1853-06-10	3	1.065	1.14	0.508	1.8770043651306039	1.2918862677653262	(3, 1.065)	1	1	1
r2i1301p1f1	1857-07-20	7	1.415	1.829	3.633	3.303443665844034	4.22367696629907	(7, 1.415)	2	0	0
r2i1301p1f1	1858-06-09	5	1.119	1.285	1.119	2.6034893903441514	2.6034893903441514	(5, 1.119)	0	3	3
r2i1301p1f1	1858-06-17	3	0.939	0.98	0.131	1.7714185082929799	0.5192079739249634	(3, 0.939)	1	1	1
r2i1301p1f1	1860-07-09	3	1.043	1.064	0.442	1.8593537818135162	1.192921777292329	(3, 1.043)	1	1	1
r2i1301p1f1	1860-08-14	5	1.055	1.195	0.8	2.5490746789668535	2.2969966979615934	(5, 1.055)	1	1	1
r2i1301p1f1	1861-06-24	5	1.177	1.358	1.408	2.6503688303737603	2.8179156679086597	(5, 1.177)	0	3	3
r2i1301p1f1	1861-08-09	4	0.944	0.977	0.193	2.146165173722744	0.9337376454778757	(4, 0.944)	1	1	1
r2i1301p1f1	1863-06-01	4	1.38	1.664	1.937	2.488234439880675	2.803117927274604	(4, 1.38)	0	0	0
r2i1301p1f1	1863-07-24	5	0.985	1.066	0.449	2.485958994977389	1.7950827093912805	(5, 0.985)	1	1	1
r2i1301p1f1	1865-06-27	4	1.264	1.37	1.475	2.4080256054520426	2.5494451709255714	(4, 1.264)	0	3	3
r2i1301p1f1	1865-08-12	3	1.062	1.2	0.5	1.8746157340449257	1.2803993168919292	(3, 1.062)	1	1	1
r2i1301p1f1	1867-06-23	4	0.906	0.938	0.041	2.1099707467146587	0.28367405105424215	(4, 0.906)	1	1	1
r2i1301p1f1	1867-08-04	5	1.037	1.237	0.707	2.5332214996909945	2.18655680067661	(5, 1.037)	1	1	1
r2i1301p1f1	1869-06-10	4	1.035	1.162	0.556	2.2278615467981093	1.6952485688472114	(4, 1.035)	1	1	1
r2i1301p1f1	1870-08-14	3	1.156	1.226	0.78	1.9468742842202946	1.6199819065811056	(3, 1.156)	1	3	3
r2i1301p1f1	1873-07-13	3	1.039	1.14	0.431	1.8561108427283792	1.175431867387346	(3, 1.039)	1	1	1
r2i1301p1f1	1874-06-06	3	1.169	1.25	0.821	1.9564688071658214	1.6612788732430224	(3, 1.169)	1	3	3
r2i1301p1f1	1875-06-03	14	1.355	2.072	6.437	4.276377752818932	5.823609879554023	(14, 1.355)	2	2	4
r2i1301p1f1	1875-07-03	3	1.117	1.19	0.666	1.9175257032512696	1.4952916960686962	(3, 1.117)	1	1	1
r2i1301p1f1	1875-08-05	4	1.137	1.343	0.967	2.3121393057988575	2.167452419002549	(4, 1.137)	0	3	3
r2i1301p1f1	1877-06-04	3	1.057	1.132	0.483	1.8706219593034668	1.2555424222802944	(3, 1.057)	1	1	1
r2i1301p1f1	1877-06-25	3	1.141	1.278	0.738	1.93568806891756	1.575831590544333	(3, 1.141)	1	3	3
r2i1301p1f1	1877-08-24	3	0.933	0.991	0.111	1.7661014684078697	0.4553803020008931	(3, 0.933)	1	1	1
r2i1301p1f1	1879-07-05	3	1.157	1.317	0.784	1.947615601525812	1.624086791642793	(3, 1.157)	0	3	3
r2i1301p1f1	1879-08-21	4	1.18	1.29	1.138	2.3456445824544927	2.31293138504819	(4, 1.18)	0	3	3
r2i1301p1f1	1881-07-01	3	1.182	1.278	0.859	1.965972149383562	1.6980886822539114	(3, 1.182)	0	3	3
r2i1301p1f1	1881-07-11	7	1.133	1.208	1.659	3.090290063477353	3.4571084801158958	(7, 1.133)	0	3	2
r2i1301p1f1	1881-08-03	3	1.047	1.208	0.453	1.8625862382302412	1.2101110409918319	(3, 1.047)	1	1	1
r2i1301p1f1	1882-07-28	5	1.033	1.111	0.69	2.5296641782283418	2.1649807913102306	(5, 1.033)	1	1	1
r2i1301p1f1	1883-07-30	4	1.083	1.147	0.751	2.268407641192459	1.9470523536340902	(4, 1.083)	1	1	1
r2i1301p1f1	1883-08-05	3	1.075	1.163	0.54	1.8849255117711192	1.3365583557022844	(3, 1.075)	1	1	1
r2i1301p1f1	1885-06-06	5	1.279	1.493	1.917	2.727830260569304	3.110520231298416	(5, 1.279)	0	0	0
r2i1301p1f1	1888-07-16	3	1.145	1.284	0.748	1.9386833160041137	1.5865217335484747	(3, 1.145)	1	3	3
r2i1301p1f1	1888-07-23	6	1.156	1.336	1.564	2.889797195975079	3.1774708165232983	(6, 1.156)	0	3	3
r2i1301p1f1	1889-07-30	3	1.109	1.236	0.64	1.9113975294518544	1.4645364218009906	(3, 1.109)	1	1	3
r2i1301p1f1	1891-06-03	3	1.129	1.269	0.7	1.926648119458506	1.5341337442388472	(3, 1.129)	1	3	3
r2i1301p1f1	1891-06-20	8	1.359	1.551	3.709	3.457913503083175	4.441769569630064	(8, 1.359)	2	0	0
r2i1301p1f1	1891-08-21	6	1.005	1.259	0.658	2.758136233143976	2.367490937707675	(6, 1.005)	1	1	1
r2i1301p1f1	1892-07-31	3	1.222	1.358	0.979	1.9946592593953143	1.8061608073299462	(3, 1.222)	0	3	3
r2i1301p1f1	1895-07-15	4	1.207	1.243	1.246	2.366123113798033	2.394981942260013	(4, 1.207)	0	3	3
r2i1301p1f1	1896-06-12	7	1.102	1.313	1.448	3.063826603439092	3.3256593979016302	(7, 1.102)	0	3	2
r2i1301p1f1	1896-06-30	6	1.193	1.44	1.785	2.9195770768954343	3.3044674831916674	(6, 1.193)	0	3	3
r2i1301p1f1	1896-08-02	6	0.967	1.08	0.427	2.7220806121214722	1.9845252834171758	(6, 0.967)	1	1	1
r2i1301p1f1	1896-08-20	11	1.396	1.671	5.506	3.949898396362275	5.307647193307883	(11, 1.396)	2	2	4
r2i1301p1f1	1897-06-25	9	1.05	1.221	1.387	3.3792925462741055	3.6493326878111034	(9, 1.05)	1	3	2
r2i1301p1f1	1899-06-09	5	1.175	1.444	1.398	2.6487883555042697	2.811215218179267	(5, 1.175)	0	3	3
r2i1301p1f1	1899-07-29	4	1.027	1.107	0.524	2.2209411039535354	1.6471189794017889	(4, 1.027)	1	1	1
r2i1301p1f1	1901-08-09	3	1.018	1.099	0.366	1.8389106984286396	1.0653284036835002	(3, 1.018)	1	1	1
r2i1301p1f1	1902-06-17	6	1.116	1.449	1.323	2.8565726904904096	3.0176918659770933	(6, 1.116)	0	3	3
r2i1301p1f1	1905-06-19	3	1.169	1.223	0.821	1.9564688071658214	1.6612788732430224	(3, 1.169)	1	3	3
r2i1301p1f1	1905-07-04	7	1.313	1.458	2.921	3.2314800686007024	4.00910755660116	(7, 1.313)	0	0	0
r2i1301p1f1	1905-07-13	8	1.316	1.764	3.36	3.426789776947058	4.34417056444306	(8, 1.316)	2	0	0
r2i1301p1f1	1905-08-17	12	1.083	1.289	2.254	3.829064450257278	4.550682537038636	(12, 1.083)	0	2	2
r2i1301p1f1	1906-06-20	3	1.013	1.051	0.353	1.8347714486521625	1.041774460569922	(3, 1.013)	1	1	1
r2i1301p1f1	1909-05-31	11	1.021	1.215	1.381	3.644117756553527	3.939304404515606	(11, 1.021)	1	3	2
r2i1301p1f1	1909-08-14	4	1.101	1.236	0.822	2.2831983791938555	2.024985355883777	(4, 1.101)	1	3	3
r2i1301p1f1	1910-06-12	3	0.976	1.07	0.24	1.8035965939757768	0.809630074264434	(3, 0.976)	1	1	1
r2i1301p1f1	1910-06-22	5	1.406	1.651	2.55	2.8165791648322775	3.3847246722764783	(5, 1.406)	0	0	0
r2i1301p1f1	1910-07-01	4	1.196	1.391	1.203	2.357830567220024	2.3631155927340783	(4, 1.196)	0	3	3
r2i1301p1f1	1910-07-17	6	1.176	1.351	1.681	2.9060044626733057	3.246707059829625	(6, 1.176)	0	3	3
r2i1301p1f1	1910-08-08	6	1.539	1.99	3.862	3.162034041195577	4.056289159373662	(6, 1.539)	2	0	0
r2i1301p1f1	1910-08-29	3	1.111	1.173	0.647	1.9129330972319676	1.4729101763936974	(3, 1.111)	1	1	1
r2i1301p1f1	1911-06-07	4	1.256	1.464	1.441	2.402249416106991	2.527966139248447	(4, 1.256)	0	3	3
r2i1301p1f1	1911-07-21	4	1.304	1.552	1.632	2.4364164406275663	2.643049350884796	(4, 1.304)	0	0	0
r2i1301p1f1	1911-08-11	4	1.037	1.133	0.565	2.229584200109555	1.7083778602890038	(4, 1.037)	1	1	1
r2i1301p1f1	1915-07-21	4	1.223	1.354	1.31	2.3780635541699513	2.4406063908914204	(4, 1.223)	0	3	3
r2i1301p1f1	1916-06-04	5	1.397	1.643	2.509	2.8105426972913774	3.3690691800415573	(5, 1.397)	0	0	0
r2i1301p1f1	1917-06-03	3	1.067	1.129	0.513	1.878593621977004	1.2989991782744164	(3, 1.067)	1	1	1
r2i1301p1f1	1917-08-10	4	1.024	1.069	0.512	2.2183335405464546	1.6284559182698621	(4, 1.024)	1	1	1
r2i1301p1f1	1919-07-07	5	1.04	1.188	0.724	2.5358812107895417	2.2076771009417993	(5, 1.04)	1	1	1
r2i1301p1f1	1919-07-15	7	1.134	1.351	1.669	3.091132172389385	3.4629292355153725	(7, 1.134)	0	3	2
r2i1301p1f1	1920-08-18	5	1.06	1.158	0.821	2.5534341014866544	2.3203325753804465	(5, 1.06)	1	1	1
r2i1301p1f1	1921-06-22	3	0.936	1.033	0.121	1.7687635222104046	0.4878032980053182	(3, 0.936)	1	1	1
r2i1301p1f1	1921-06-28	4	1.002	1.088	0.425	2.199000776737475	1.4816045409242156	(4, 1.002)	1	1	1
r2i1301p1f1	1921-07-08	3	1.078	1.223	0.547	1.8872896720494419	1.3460699419795767	(3, 1.078)	1	1	1
r2i1301p1f1	1922-06-15	6	1.165	1.266	1.619	2.8971229892972574	3.210615536888097	(6, 1.165)	0	3	3
r2i1301p1f1	1922-07-17	5	1.191	1.383	1.476	2.661362761078819	2.862325540241942	(5, 1.191)	0	3	3
r2i1301p1f1	1923-07-17	7	1.471	2.015	4.032	3.3408563055814655	4.326430477862016	(7, 1.471)	2	0	0
r2i1301p1f1	1923-07-30	4	1.058	1.146	0.649	2.247495126676086	1.823258136287426	(4, 1.058)	1	1	1
r2i1301p1f1	1923-08-22	3	0.984	1.059	0.266	1.8104199386185384	0.8680145842403707	(3, 0.984)	1	1	1
r2i1301p1f1	1927-06-04	4	1.122	1.276	0.906	2.3001822083777355	2.1099707467146587	(4, 1.122)	1	3	3
r2i1301p1f1	1927-06-19	7	1.339	1.534	3.103	3.25032127495376	4.068485825528645	(7, 1.339)	2	0	0
r2i1301p1f1	1927-07-18	4	1.15	1.3	1.017	2.322387720290225	2.2122226529136544	(4, 1.15)	0	3	3
r2i1301p1f1	1930-08-11	3	0.986	1.04	0.272	1.8121185248247058	0.8810172570495237	(3, 0.986)	1	1	1
r2i1301p1f1	1932-07-24	4	1.162	1.363	1.064	2.3317554702938255	2.2525541593884806	(4, 1.162)	0	3	3
r2i1301p1f1	1932-08-05	3	0.983	1.001	0.263	1.8095695623406716	0.8614492922244954	(3, 0.983)	1	1	1
r2i1301p1f1	1934-06-15	4	1.222	1.303	1.306	2.377321439108063	2.43781504225415	(4, 1.222)	0	3	3
r2i1301p1f1	1934-06-22	12	1.27	1.59	4.498	3.98514164834432	5.236326790126953	(12, 1.27)	2	2	4
r2i1301p1f1	1935-06-10	3	1.046	1.137	0.452	1.8617791031708242	1.2085605331056195	(3, 1.046)	1	1	1
r2i1301p1f1	1937-07-02	5	0.967	1.052	0.359	2.469064207649989	1.6121825464004593	(5, 0.967)	1	1	1
r2i1301p1f1	1938-07-30	5	1.156	1.482	1.3	2.63364793302863	2.743059613892437	(5, 1.156)	0	3	3
r2i1301p1f1	1938-08-12	3	0.996	1.058	0.3	1.8205684456009843	0.9395562688468609	(3, 0.996)	1	1	1
r2i1301p1f1	1939-06-22	6	1.159	1.397	1.579	2.8922450949548613	3.1866197802495573	(6, 1.159)	0	3	3
r2i1301p1f1	1939-08-03	4	1.308	1.497	1.651	2.4392116905258705	2.6538051862498144	(4, 1.308)	0	0	0
r2i1301p1f1	1940-07-09	5	1.329	1.6	2.166	2.763716461784272	3.227503150096548	(5, 1.329)	0	0	0
r2i1301p1f1	1940-07-21	3	1.056	1.214	0.481	1.8698212867532615	1.2525770413039474	(3, 1.056)	1	1	1
r2i1301p1f1	1946-07-12	12	1.119	1.296	2.676	3.8610655806946945	4.720632584962681	(12, 1.119)	2	2	2
r2i1301p1f1	1946-08-05	8	1.297	1.575	3.209	3.412722704117988	4.298799648922498	(8, 1.297)	2	0	0
r2i1301p1f1	1951-07-01	8	1.206	1.404	2.483	3.342461190829429	4.046271977635117	(8, 1.206)	0	0	2
r2i1301p1f1	1951-08-13	3	1.166	1.241	0.811	1.9542628429622635	1.6513625848260873	(3, 1.166)	1	3	3
r2i1301p1f1	1952-07-31	4	1.186	1.315	1.16	2.3502317464613984	2.330200260027019	(4, 1.186)	0	3	3
r2i1301p1f1	1953-06-22	4	1.08	1.222	0.739	2.265921108622454	1.9332590315017546	(4, 1.08)	1	1	1
r2i1301p1f1	1953-08-02	3	0.993	1.057	0.291	1.8180409580317884	0.9211112365527838	(3, 0.993)	1	1	1
r2i1301p1f1	1957-07-11	10	1.15	1.402	2.543	3.620766367608096	4.3995806683517795	(10, 1.15)	0	2	2
r2i1301p1f1	1957-07-29	3	0.948	1.028	0.158	1.7793414330419388	0.599381453008204	(3, 0.948)	1	1	1
r2i1301p1f1	1958-06-30	8	1.08	1.297	1.473	3.2362288015838536	3.5360250032607268	(8, 1.08)	0	3	2
r2i1301p1f1	1958-07-25	5	1.14	1.306	1.222	2.620717861464038	2.6852847121547896	(5, 1.14)	0	3	3
r2i1301p1f1	1958-08-04	4	1.077	1.209	0.724	2.263428377792852	1.9157454490090462	(4, 1.077)	1	1	1
r2i1301p1f1	1961-07-09	3	1.128	1.264	0.699	1.925891088549062	1.533012605156896	(3, 1.128)	1	3	3
r2i1301p1f1	1962-07-27	3	0.99	1.023	0.282	1.8155070660787613	0.9023195815637634	(3, 0.99)	1	1	1
r2i1301p1f1	1963-06-08	3	0.974	1.069	0.235	1.8018834582222802	0.7980006864112451	(3, 0.974)	1	1	1
r2i1301p1f1	1963-06-13	8	1.287	1.502	3.13	3.4052387269604876	4.274216109130895	(8, 1.287)	2	0	0
r2i1301p1f1	1964-08-04	4	1.225	1.507	1.318	2.379546134130174	2.4461658214715696	(4, 1.225)	0	3	3
r2i1301p1f1	1966-07-13	5	1.062	1.274	0.83	2.5551725630984348	2.330169336068735	(5, 1.062)	1	3	3
r2i1301p1f1	1967-07-22	6	1.092	1.212	1.18	2.8360948822412784	2.9092146316882888	(6, 1.092)	1	3	3
r2i1301p1f1	1968-06-11	15	1.149	1.499	3.8	4.215837271070879	5.401595944779573	(15, 1.149)	2	2	4
r2i1301p1f1	1968-08-02	3	1.014	1.14	0.356	1.8356006704133423	1.0472594354836573	(3, 1.014)	1	1	1
r2i1301p1f1	1969-08-04	7	1.107	1.376	1.48	3.068142554812515	3.346740617992968	(7, 1.107)	0	3	2
r2i1301p1f1	1972-08-18	3	1.029	1.095	0.401	1.8479571840630418	1.1261162697229268	(3, 1.029)	1	1	1
r2i1301p1f1	1974-07-15	4	1.3	1.374	1.617	2.4336133554004498	2.634475420110147	(4, 1.3)	0	3	3
r2i1301p1f1	1974-07-23	6	1.017	1.153	0.73	2.7692573299634	2.4620443777872625	(6, 1.017)	1	1	1
r2i1301p1f1	1976-06-30	7	1.207	1.424	2.179	3.150766255748457	3.7222089235837745	(7, 1.207)	0	3	2
r2i1301p1f1	1976-07-30	7	1.519	1.778	4.368	3.3718466211539715	4.405456158282515	(7, 1.519)	2	0	0
r2i1301p1f1	1976-08-14	6	0.975	1.148	0.476	2.7297800547629945	2.0789092382050702	(6, 0.975)	1	1	1
r2i1301p1f1	1979-07-31	3	1.098	1.178	0.607	1.9029094972892788	1.4240872574909593	(3, 1.098)	1	1	1
r2i1301p1f1	1980-07-10	4	1.086	1.236	0.762	2.2708880062507912	1.9595312450072784	(4, 1.086)	1	1	3
r2i1301p1f1	1982-06-24	3	1.193	1.362	0.894	1.9739434943828855	1.730834015919441	(3, 1.193)	0	3	3
r2i1301p1f1	1985-06-14	10	1.296	1.658	4.0	3.737267596430607	4.848046608492915	(10, 1.296)	2	2	4
r2i1301p1f1	1985-08-01	5	1.076	1.198	0.904	2.567257899875715	2.4075779943369233	(5, 1.076)	1	1	1
r2i1301p1f1	1988-07-22	3	1.002	1.11	0.319	1.8256043365139252	0.9774131583651543	(3, 1.002)	1	1	1
r2i1301p1f1	1988-08-22	4	1.228	1.384	1.331	2.381765890868487	2.4551344914543303	(4, 1.228)	0	3	3
r2i1301p1f1	1989-07-16	4	1.205	1.347	1.24	2.3646204839134985	2.3905959703167587	(4, 1.205)	0	3	3
r2i1301p1f1	1989-08-10	4	1.076	1.193	0.723	2.2625960847776825	1.914566898489602	(4, 1.076)	1	1	1
r2i1301p1f1	1989-08-17	3	1.144	1.396	0.746	1.9379353448911276	1.5843928277372588	(3, 1.144)	0	3	3
r2i1301p1f1	1990-08-08	5	1.169	1.236	1.369	2.644031887992001	2.791526104362557	(5, 1.169)	0	3	3
r2i1301p1f1	1991-08-22	4	1.214	1.459	1.274	2.3713646083888715	2.41519923736318	(4, 1.214)	0	3	3
r2i1301p1f1	1991-08-28	5	0.999	1.084	0.519	2.4989048452565896	1.9173043630723805	(5, 0.999)	1	1	1
r2i1301p1f1	1992-06-13	7	1.22	1.59	2.271	3.161022796985292	3.762583079701887	(7, 1.22)	0	0	0
r2i1301p1f1	1994-07-27	4	1.171	1.356	1.103	2.3387241396099188	2.2848283714047866	(4, 1.171)	0	3	3
r2i1301p1f1	1996-08-13	5	1.24	1.468	1.721	2.698916714880855	3.007728280207955	(5, 1.24)	0	3	3
r2i1301p1f1	1997-06-05	6	1.25	1.537	2.125	2.9637860368073388	3.4729285430240933	(6, 1.25)	0	0	0
r2i1301p1f1	1998-07-02	9	1.151	1.519	2.297	3.468139262415924	4.143436268224812	(9, 1.151)	0	0	2
r2i1301p1f1	1998-07-17	3	1.132	1.291	0.71	1.9289157796740044	1.545276540459473	(3, 1.132)	1	3	3
r2i1301p1f1	2001-08-06	3	1.183	1.277	0.864	1.9666994485426734	1.7028327488148318	(3, 1.183)	0	3	3
r2i1301p1f1	2002-08-17	4	0.96	0.982	0.258	2.1610215286722587	1.1197212518783448	(4, 0.96)	1	1	1
r2i1301p1f1	2003-06-12	4	1.199	1.334	1.214	2.3600989991946526	2.3713646083888715	(4, 1.199)	0	3	3
r2i1301p1f1	2003-07-19	4	1.176	1.388	1.123	2.3425747412102043	2.3009838116270718	(4, 1.176)	0	3	3
r2i1301p1f1	2003-07-29	6	1.341	1.848	2.672	3.030548805911434	3.695612226954284	(6, 1.341)	2	0	0
r2i1301p1f1	2004-08-08	3	0.99	1.018	0.283	1.8155070660787613	0.9044250667316702	(3, 0.99)	1	1	1
r2i1301p1f1	2005-05-31	5	0.993	1.111	0.488	2.49337713276452	1.865010839439894	(5, 0.993)	1	1	1
r2i1301p1f1	2005-07-18	5	1.088	1.189	0.964	2.5775017681767394	2.466220449436937	(5, 1.088)	1	3	1
r2i1301p1f1	2006-06-20	6	1.13	1.287	1.406	2.8683272452960096	3.07564707166832	(6, 1.13)	0	3	3
r2i1301p1f1	2006-07-02	4	1.058	1.13	0.65	2.247495126676086	1.8245492920510458	(4, 1.058)	1	1	1
r2i1301p1f1	2006-07-23	3	1.081	1.111	0.555	1.8896482562540837	1.3568306874635405	(3, 1.081)	1	1	1
r2i1301p1f1	2010-06-28	3	1.253	1.404	1.073	2.0163391868484126	1.8833462940570747	(3, 1.253)	0	3	3
r2i1301p1f1	2010-07-05	3	0.983	0.999	0.263	1.8095695623406716	0.8614492922244954	(3, 0.983)	1	1	1
r2i1301p1f1	2010-08-06	3	1.108	1.21	0.638	1.9106288604174835	1.4621309846147317	(3, 1.108)	1	1	1
r2i1301p1f1	2010-08-17	5	1.056	1.185	0.802	2.549948085161668	2.299242772636481	(5, 1.056)	1	1	1
r3i1041p1f1	1854-06-21	6	1.1	1.376	1.196	2.842967517195828	2.9219532377523487	(6, 1.1)	0	3	3
r3i1041p1f1	1855-07-09	5	1.258	1.426	1.789	2.712365382531928	3.044599961324849	(5, 1.258)	0	3	3
r3i1041p1f1	1855-08-14	6	1.152	1.435	1.509	2.886523981474272	3.1431897522802075	(6, 1.152)	0	3	3
r3i1041p1f1	1857-07-20	4	1.061	1.225	0.643	2.2500278422553697	1.815475995845371	(4, 1.061)	1	1	1
r3i1041p1f1	1858-05-31	4	1.112	1.146	0.847	2.292130635090187	2.051042067158138	(4, 1.112)	1	1	1
r3i1041p1f1	1859-06-07	5	1.144	1.294	1.218	2.6239660868625463	2.682229975164674	(5, 1.144)	0	3	3
r3i1041p1f1	1859-07-27	3	1.124	1.234	0.67	1.922857220904564	1.4999404342713294	(3, 1.124)	1	1	3
r3i1041p1f1	1860-06-04	13	1.303	1.505	5.235	4.1283341981279476	5.506857980289439	(13, 1.303)	2	2	4
r3i1041p1f1	1860-07-10	4	1.443	1.707	2.17	2.529242463608052	2.9101743851923443	(4, 1.443)	0	0	0
r3i1041p1f1	1860-08-03	3	1.056	1.099	0.466	1.8698212867532615	1.2300518784506422	(3, 1.056)	1	1	1
r3i1041p1f1	1863-06-08	5	1.38	1.539	2.395	2.799040094911151	3.32420524514273	(5, 1.38)	0	0	0
r3i1041p1f1	1864-06-30	7	1.313	1.575	2.888	3.2314800686007024	3.997953120647065	(7, 1.313)	2	0	0
r3i1041p1f1	1864-08-06	4	0.984	1.045	0.334	2.182900250048066	1.300736472758244	(4, 0.984)	1	1	1
r3i1041p1f1	1864-08-29	3	1.135	1.21	0.705	1.9311783092390282	1.5397206625073199	(3, 1.135)	1	1	3
r3i1041p1f1	1866-06-11	5	1.238	1.398	1.685	2.697411192400276	2.9876432812120073	(5, 1.238)	0	3	3
r3i1041p1f1	1866-07-22	5	0.979	1.138	0.39	2.48035905428742	1.6790260172111533	(5, 0.979)	1	1	1
r3i1041p1f1	1867-08-05	6	1.128	1.286	1.365	2.8666564588923342	3.0474382299710787	(6, 1.128)	0	3	3
r3i1041p1f1	1868-06-08	11	1.104	1.212	2.244	3.7203076597296203	4.4172437470486745	(11, 1.104)	0	3	2
r3i1041p1f1	1868-07-07	7	1.079	1.327	1.252	3.043729726109189	3.185830368300718	(7, 1.079)	0	3	2
r3i1041p1f1	1870-08-13	7	1.023	1.161	0.86	2.9930399093186377	2.8289349632119993	(7, 1.023)	1	1	1
r3i1041p1f1	1871-06-12	3	1.197	1.293	0.89	1.9768264829675917	1.727145506348632	(3, 1.197)	0	3	3
r3i1041p1f1	1872-07-30	5	0.972	1.004	0.357	2.4737859071330344	1.607712693066041	(5, 0.972)	1	1	1
r3i1041p1f1	1873-08-17	4	1.101	1.191	0.802	2.2831983791938555	2.003639828263554	(4, 1.101)	1	1	1
r3i1041p1f1	1876-06-21	3	1.233	1.335	0.998	2.0024060492939144	1.8222498952796893	(3, 1.233)	0	3	3
r3i1041p1f1	1876-08-05	7	0.997	1.244	0.672	2.9686024864609903	2.598652968651337	(7, 0.997)	1	1	1
r3i1041p1f1	1877-06-04	5	1.143	1.27	1.214	2.623155019130585	2.679165878156786	(5, 1.143)	0	3	3
r3i1041p1f1	1877-07-26	4	1.104	1.28	0.812	2.285642372263734	2.014369544936121	(4, 1.104)	1	3	3
r3i1041p1f1	1878-06-03	4	1.254	1.585	1.414	2.400800140491001	2.510574396536578	(4, 1.254)	0	0	0
r3i1041p1f1	1879-07-01	7	1.253	1.503	2.47	3.1865957750618947	3.8447081574499324	(7, 1.253)	0	0	0
r3i1041p1f1	1880-06-23	4	1.241	1.482	1.361	2.3913283028284344	2.4755294879754035	(4, 1.241)	0	3	3
r3i1041p1f1	1882-08-22	4	0.946	0.989	0.181	2.1480343331454477	0.8952713646500796	(4, 0.946)	1	1	1
r3i1041p1f1	1884-06-04	4	1.12	1.239	0.877	2.298577071596507	2.081439544342509	(4, 1.12)	1	3	3
r3i1041p1f1	1884-07-19	3	1.08	1.177	0.538	1.888862679459286	1.333824059440456	(3, 1.08)	1	1	1
r3i1041p1f1	1884-08-06	6	1.212	1.501	1.868	2.934531610738504	3.3482845673357855	(6, 1.212)	0	0	0
r3i1041p1f1	1884-08-18	4	1.046	1.098	0.583	2.237299626295416	1.7341303563914185	(4, 1.046)	1	1	1
r3i1041p1f1	1887-06-18	5	1.04	1.12	0.695	2.5358812107895417	2.17137514337006	(5, 1.04)	1	1	1
r3i1041p1f1	1887-07-13	4	1.18	1.271	1.118	2.3456445824544927	2.29696935420841	(4, 1.18)	0	3	3
r3i1041p1f1	1887-07-25	6	1.169	1.241	1.608	2.9003617500024856	3.204073896375191	(6, 1.169)	0	3	3
r3i1041p1f1	1892-06-26	3	1.145	1.184	0.734	1.9386833160041137	1.5715233286018926	(3, 1.145)	1	1	3
r3i1041p1f1	1893-06-04	7	1.031	1.096	0.911	3.0004405328829815	2.88323278656392	(7, 1.031)	1	1	1
r3i1041p1f1	1894-06-09	9	1.106	1.245	1.848	3.429525653649013	3.9297843350067883	(9, 1.106)	0	3	2
r3i1041p1f1	1894-08-03	3	0.978	1.053	0.233	1.80530679991362	0.7933107972213779	(3, 0.978)	1	1	1
r3i1041p1f1	1894-08-27	6	1.229	1.437	1.972	2.9477250144067932	3.4006092966610826	(6, 1.229)	0	3	0
r3i1041p1f1	1896-08-04	6	1.097	1.278	1.178	2.840395811039178	2.9076108353283825	(6, 1.097)	0	3	3
r3i1041p1f1	1896-08-12	4	1.395	1.562	1.978	2.498151876538021	2.8228064384003986	(4, 1.395)	0	0	0
r3i1041p1f1	1899-08-01	6	1.105	1.232	1.228	2.847239051445263	2.9469537316204097	(6, 1.105)	1	3	3
r3i1041p1f1	1899-08-09	6	1.072	1.285	1.029	2.8187037653650844	2.7802561070708935	(6, 1.072)	1	3	3
r3i1041p1f1	1902-06-17	6	1.221	1.43	1.924	2.9415380310417527	3.3767991367565733	(6, 1.221)	0	3	3
r3i1041p1f1	1904-05-30	5	1.167	1.279	1.335	2.642441357949358	2.7679375315664663	(5, 1.167)	0	3	3
r3i1041p1f1	1904-06-27	3	1.188	1.281	0.862	1.9703280309734539	1.7009378220741749	(3, 1.188)	0	3	3
r3i1041p1f1	1906-07-05	3	1.008	1.085	0.321	1.8306149942480556	0.9813159824230566	(3, 1.008)	1	1	1
r3i1041p1f1	1908-07-19	5	1.163	1.301	1.311	2.6392526883287366	2.750945283211416	(5, 1.163)	0	3	3
r3i1041p1f1	1911-06-10	6	1.809	2.174	5.45	3.317336007950353	4.395662179018983	(6, 1.809)	2	0	4
r3i1041p1f1	1914-07-09	3	1.04	1.136	0.419	1.8569225639687479	1.1559964864047214	(3, 1.04)	1	1	1
r3i1041p1f1	1916-07-23	3	1.036	1.197	0.407	1.8536717181554538	1.136175871860684	(3, 1.036)	1	1	1
r3i1041p1f1	1917-06-06	4	1.491	1.827	2.362	2.5593955017787398	2.9905187065011036	(4, 1.491)	2	0	0
r3i1041p1f1	1917-07-22	4	1.092	1.221	0.765	2.275830355685226	1.9629077254238845	(4, 1.092)	1	1	1
r3i1041p1f1	1917-08-30	3	1.091	1.157	0.573	1.897470267505701	1.3806271674231094	(3, 1.091)	1	1	1
r3i1041p1f1	1919-06-30	3	1.093	1.194	0.578	1.8990273544023255	1.387138030212125	(3, 1.093)	1	1	1
r3i1041p1f1	1919-07-23	9	1.073	1.291	1.553	3.4002302474719492	3.75959417569916	(9, 1.073)	0	3	2
r3i1041p1f1	1920-06-07	3	1.171	1.307	0.811	1.9579367511104981	1.6513625848260873	(3, 1.171)	0	3	3
r3i1041p1f1	1920-06-29	4	1.194	1.385	1.172	2.3563154154150134	2.3394954470141425	(4, 1.194)	0	3	3
r3i1041p1f1	1921-06-19	6	1.199	1.389	1.788	2.9243237658505423	3.3060851341557984	(6, 1.199)	0	3	3
r3i1041p1f1	1922-07-04	9	1.153	1.338	2.272	3.4698212962039743	4.13266743654126	(9, 1.153)	0	3	2
r3i1041p1f1	1924-06-02	7	1.234	1.461	2.336	3.1719519108191725	3.790156465974178	(7, 1.234)	0	0	0
r3i1041p1f1	1927-08-26	3	1.021	1.103	0.362	1.841386049152454	1.0581399472550679	(3, 1.021)	1	1	1
r3i1041p1f1	1931-06-03	10	1.543	1.976	6.42	3.907893376162736	5.318209331926049	(10, 1.543)	2	2	4
r3i1041p1f1	1931-07-06	5	1.173	1.363	1.365	2.6472053787793253	2.788779684979346	(5, 1.173)	0	3	3
r3i1041p1f1	1931-07-13	4	1.195	1.381	1.176	2.3570732782781154	2.3425747412102043	(4, 1.195)	0	3	3
r3i1041p1f1	1931-08-13	4	1.109	1.223	0.835	2.289702467163032	2.038619547159581	(4, 1.109)	1	3	3
r3i1041p1f1	1933-07-20	6	1.075	1.193	1.049	2.8213317924998065	2.798322770462232	(6, 1.075)	1	3	1
r3i1041p1f1	1934-06-10	4	1.173	1.35	1.09	2.3402661599617343	2.2741856184723477	(4, 1.173)	0	3	3
r3i1041p1f1	1939-08-17	5	1.245	1.445	1.721	2.7026706344750906	3.007728280207955	(5, 1.245)	0	3	3
r3i1041p1f1	1940-06-09	4	1.323	1.575	1.688	2.4496248356433608	2.6744244734525497	(4, 1.323)	0	0	0
r3i1041p1f1	1940-06-21	4	1.055	1.161	0.617	2.2449559801574095	1.7810355058650793	(4, 1.055)	1	1	1
r3i1041p1f1	1940-06-28	4	1.182	1.346	1.127	2.3471759763219207	2.3041838143577427	(4, 1.182)	0	3	3
r3i1041p1f1	1940-08-15	4	1.015	1.073	0.46	2.21046980408624	1.5432981099295553	(4, 1.015)	1	1	1
r3i1041p1f1	1941-06-29	5	1.535	1.856	3.173	2.8993216835224516	3.596633083781843	(5, 1.535)	2	0	0
r3i1041p1f1	1941-07-07	5	1.244	1.44	1.717	2.701920977062884	3.005516431533672	(5, 1.244)	0	3	3
r3i1041p1f1	1941-07-14	10	1.209	1.434	3.083	3.669491132223029	4.589985685393134	(10, 1.209)	2	2	2
r3i1041p1f1	1945-06-04	6	1.515	1.871	3.686	3.1469871257410205	4.010472165319105	(6, 1.515)	2	0	0
r3i1041p1f1	1946-07-23	3	1.051	1.158	0.452	1.8658082795298527	1.2085605331056195	(3, 1.051)	1	1	1
r3i1041p1f1	1947-08-16	4	0.938	0.972	0.151	2.1405366410396467	0.7920871284148489	(4, 0.938)	1	1	1
r3i1041p1f1	1949-06-03	3	1.117	1.244	0.65	1.9175257032512696	1.4764775738150402	(3, 1.117)	1	1	3
r3i1041p1f1	1949-08-17	3	1.12	1.244	0.659	1.9198141208902906	1.4871040378774207	(3, 1.12)	1	1	3
r3i1041p1f1	1953-06-22	3	1.035	1.177	0.404	1.8528573527641976	1.131158720187866	(3, 1.035)	1	1	1
r3i1041p1f1	1955-06-20	4	1.213	1.389	1.251	2.3706175033858727	2.398622281190988	(4, 1.213)	0	3	3
r3i1041p1f1	1955-07-14	12	1.17	1.38	3.234	3.904716108488896	4.908490753348798	(12, 1.17)	2	2	2
r3i1041p1f1	1955-08-15	3	1.103	1.218	0.607	1.9067766274057756	1.4240872574909593	(3, 1.103)	1	1	1
r3i1041p1f1	1959-05-31	3	1.136	1.228	0.708	1.9319313496243482	1.5430578920360207	(3, 1.136)	1	3	3
r3i1041p1f1	1962-06-02	4	1.053	1.132	0.609	2.243259626909231	1.7701952913122145	(4, 1.053)	1	1	1
r3i1041p1f1	1962-06-29	4	1.081	1.261	0.721	2.2667506399848296	1.912205622303922	(4, 1.081)	1	1	3
r3i1041p1f1	1962-07-06	8	1.115	1.352	1.716	3.2668873984998505	3.684586441520799	(8, 1.115)	0	3	2
r3i1041p1f1	1962-08-25	3	1.138	1.223	0.714	1.9334357313176844	1.5496991244861298	(3, 1.138)	1	3	3
r3i1041p1f1	1963-06-26	6	0.965	1.005	0.388	2.72014645294873	1.9024674796953969	(6, 0.965)	1	1	1
r3i1041p1f1	1963-08-13	5	1.31	1.67	2.046	2.7502309682406123	3.1728308564111996	(5, 1.31)	0	0	0
r3i1041p1f1	1968-08-15	4	1.052	1.097	0.607	2.242410369957976	1.7674667766590104	(4, 1.052)	1	1	1
r3i1041p1f1	1968-08-24	3	1.124	1.217	0.671	1.922857220904564	1.5010992499708764	(3, 1.124)	1	1	3
r3i1041p1f1	1970-07-01	3	1.112	1.289	0.635	1.913699997788122	1.4585119449264208	(3, 1.112)	1	3	3
r3i1041p1f1	1970-08-08	5	1.18	1.338	1.395	2.65273486896079	2.8091962971398154	(5, 1.18)	0	3	3
r3i1041p1f1	1974-06-25	9	0.985	1.102	0.765	3.3176345968914647	3.07523637466659	(9, 0.985)	1	1	2
r3i1041p1f1	1974-07-17	4	1.071	1.171	0.682	2.2584241972082757	1.8650099309676478	(4, 1.071)	1	1	1
r3i1041p1f1	1974-07-24	3	1.241	1.369	1.023	2.0080026216671287	1.8430328854192755	(3, 1.241)	0	3	3
r3i1041p1f1	1975-05-26	19	1.255	1.844	6.73	4.653369178390184	6.325026137459664	(19, 1.255)	2	2	4
r3i1041p1f1	1975-08-04	10	1.273	1.484	3.725	3.719791578404471	4.777397995559283	(10, 1.273)	2	2	4
r3i1041p1f1	1978-06-05	6	1.309	1.545	2.449	3.0075764752386984	3.6107233607595854	(6, 1.309)	0	0	0
r3i1041p1f1	1979-06-17	6	1.25	1.568	2.099	2.9637860368073388	3.461002022542526	(6, 1.25)	0	0	0
r3i1041p1f1	1979-07-07	5	1.405	1.65	2.521	2.815910242856531	3.3736766997774406	(5, 1.405)	0	0	0
r3i1041p1f1	1979-08-15	3	1.076	1.169	0.527	1.8857141863884672	1.3186503099495455	(3, 1.076)	1	1	1
r3i1041p1f1	1980-07-31	5	1.198	1.458	1.487	2.6668147311977703	2.8693277337726437	(5, 1.198)	0	3	3
r3i1041p1f1	1981-06-24	6	1.202	1.443	1.807	2.9266886878321094	3.3162699332843664	(6, 1.202)	0	3	3
r3i1041p1f1	1981-07-28	7	1.238	1.54	2.364	3.175052700696968	3.8018038768137337	(7, 1.238)	0	0	0
r3i1041p1f1	1982-06-02	4	1.087	1.12	0.745	2.2717134293269585	1.9401794743463283	(4, 1.087)	1	1	1
r3i1041p1f1	1986-06-19	4	1.046	1.077	0.583	2.237299626295416	1.7341303563914185	(4, 1.046)	1	1	1
r3i1041p1f1	1988-08-16	8	1.184	1.505	2.269	3.324707251751382	3.9577916411535243	(8, 1.184)	0	0	2
r3i1041p1f1	1988-08-28	4	1.067	1.224	0.666	2.255074110322994	1.8449842304653528	(4, 1.067)	1	1	1
r3i1041p1f1	1989-07-03	3	0.962	1.018	0.186	1.7915425508102527	0.6762473548735383	(3, 0.962)	1	1	1
r3i1041p1f1	1989-08-09	8	1.15	1.52	2.0	3.29663393891156	3.834165977327836	(8, 1.15)	0	3	2
r3i1041p1f1	1990-07-27	5	1.29	1.564	1.946	2.7358364595211517	3.124870216267909	(5, 1.29)	0	0	0
r3i1041p1f1	1991-05-31	3	1.14	1.212	0.718	1.9349378532458654	1.554102235353397	(3, 1.14)	1	3	3
r3i1041p1f1	1991-07-02	9	1.269	1.474	3.32	3.5628342555966066	4.506895616719751	(9, 1.269)	2	2	2
r3i1041p1f1	1994-06-01	6	1.16	1.426	1.558	2.8930597314878326	3.1737876646709013	(6, 1.16)	0	3	3
r3i1041p1f1	1997-06-21	3	1.195	1.268	0.884	1.9753860276277764	1.721587106284578	(3, 1.195)	0	3	3
r3i1041p1f1	1997-08-08	3	1.023	1.057	0.367	1.8430328854192755	1.0671174726631902	(3, 1.023)	1	1	1
r3i1041p1f1	1997-08-22	12	1.267	1.498	4.4	3.982820665160255	5.214416956094279	(12, 1.267)	2	2	4
r3i1041p1f1	1998-07-10	3	1.069	1.16	0.505	1.8801803570932276	1.2875941092124685	(3, 1.069)	1	1	1
r3i1041p1f1	1998-07-20	10	1.102	1.197	2.015	3.579296140957447	4.1700686480949125	(10, 1.102)	0	3	2
r3i1041p1f1	1998-08-26	3	1.184	1.275	0.852	1.96742621912213	1.6914089499878149	(3, 1.184)	0	3	3
r3i1041p1f1	2000-07-22	4	1.08	1.227	0.719	2.265921108622454	1.909838757293656	(4, 1.08)	1	1	1
r3i1041p1f1	2001-07-05	3	1.024	1.148	0.372	1.8438552876418735	1.0760151186962577	(3, 1.024)	1	1	1
r3i1041p1f1	2001-07-25	3	1.04	1.108	0.418	1.8569225639687479	1.1543596911246021	(3, 1.04)	1	1	1
r3i1041p1f1	2003-07-06	8	1.254	1.448	2.83	3.3801365142391924	4.174934660115713	(8, 1.254)	0	0	2
r3i1041p1f1	2003-08-22	3	1.228	1.357	0.981	1.9988922189911715	1.8078666372859462	(3, 1.228)	0	3	3
r3i1041p1f1	2006-06-01	4	1.19	1.263	1.16	2.3532782073095637	2.330200260027019	(4, 1.19)	0	3	3
r3i1041p1f1	2006-07-18	4	1.057	1.138	0.625	2.2466494606637424	1.791759469228055	(4, 1.057)	1	1	1
r3i1041p1f1	2006-08-15	4	1.088	1.149	0.748	2.272538171641749	1.943621818537301	(4, 1.088)	1	1	1
r3i1041p1f1	2007-08-11	4	0.986	1.057	0.341	2.184702052337329	1.3158718968233447	(4, 0.986)	1	1	1
r3i1041p1f1	2008-06-12	8	1.197	1.329	2.368	3.335236272114489	3.9996990913883277	(8, 1.197)	0	3	2
r3i1041p1f1	2008-07-31	3	1.077	1.197	0.531	1.886502239488306	1.3241947132336243	(3, 1.077)	1	1	1
r3i1041p1f1	2009-07-16	3	0.939	0.968	0.116	1.7714185082929799	0.471723200581372	(3, 0.939)	1	1	1
r3i1231p1f1	1851-07-20	3	1.275	1.568	1.126	2.0314446947383757	1.9243753052704822	(3, 1.275)	0	0	3
r3i1231p1f1	1852-08-06	5	1.199	1.475	1.498	2.6675911632823714	2.8762812373281745	(5, 1.199)	0	3	3
r3i1231p1f1	1852-08-15	3	1.157	1.264	0.774	1.947615601525812	1.6137928111176032	(3, 1.157)	1	3	3
r3i1231p1f1	1852-08-21	3	1.156	1.259	0.769	1.9468742842202946	1.6086058089442759	(3, 1.156)	1	3	3
r3i1231p1f1	1853-07-22	4	1.038	1.106	0.555	2.2304444152163634	1.6937790608678513	(4, 1.038)	1	1	1
r3i1231p1f1	1854-06-23	16	1.158	1.49	4.143	4.318980332956246	5.584067574149991	(16, 1.158)	2	2	4
r3i1231p1f1	1855-06-30	6	1.235	1.58	2.014	2.9523402603016544	3.4209880497950573	(6, 1.235)	0	0	0
r3i1231p1f1	1855-08-24	3	0.993	1.128	0.281	1.8180409580317884	0.9002096539729642	(3, 0.993)	1	1	1
r3i1231p1f1	1857-06-11	4	1.134	1.185	0.94	2.309759296742046	2.1424163408412245	(4, 1.134)	1	3	3
r3i1231p1f1	1860-06-21	3	1.227	1.447	0.982	1.9981879688569144	1.8087184623074828	(3, 1.227)	0	3	3
r3i1231p1f1	1860-07-21	4	1.263	1.48	1.457	2.4073054037644486	2.538131411025298	(4, 1.263)	0	3	3
r3i1231p1f1	1861-06-09	4	1.198	1.412	1.194	2.3593434268126545	2.3563154154150134	(4, 1.198)	0	3	3
r3i1231p1f1	1861-06-19	6	1.109	1.226	1.261	2.850643190163154	2.972097120593302	(6, 1.109)	1	3	3
r3i1231p1f1	1861-07-03	19	1.367	1.84	8.894	4.738071099682628	6.603392042143363	(19, 1.367)	2	2	4
r3i1231p1f1	1865-07-07	4	1.039	1.17	0.557	2.231303890989082	1.696715920541161	(4, 1.039)	1	1	1
r3i1231p1f1	1865-07-21	6	0.94	1.0	0.242	2.6956484259660325	1.516589702926908	(6, 0.94)	1	1	1
r3i1231p1f1	1865-07-30	4	1.006	1.084	0.428	2.2025437388138194	1.4870442642200337	(4, 1.006)	1	1	1
r3i1231p1f1	1865-08-05	10	1.312	1.569	4.128	3.7492471700248546	4.87930203095116	(10, 1.312)	2	2	4
r3i1231p1f1	1866-07-17	3	0.98	1.042	0.242	1.807014086039882	0.8142442238419348	(3, 0.98)	1	1	1
r3i1231p1f1	1868-06-16	7	1.044	1.307	1.012	3.0123509443605405	2.9827737882605083	(7, 1.044)	1	3	2
r3i1231p1f1	1869-08-11	3	1.004	1.085	0.315	1.827277346942111	0.9695615147398962	(3, 1.004)	1	1	1
r3i1231p1f1	1869-08-19	6	1.209	1.36	1.86	2.932185185805167	3.3441438633602516	(6, 1.209)	0	3	3
r3i1231p1f1	1870-06-24	3	1.044	1.182	0.433	1.8601628760179363	1.1786346881452736	(3, 1.044)	1	1	1
r3i1231p1f1	1872-06-16	5	1.013	1.132	0.568	2.5116852401754226	1.9947592306862751	(5, 1.013)	1	1	1
r3i1231p1f1	1873-06-16	3	1.087	1.164	0.564	1.8943488012231606	1.3687997098305686	(3, 1.087)	1	1	1
r3i1231p1f1	1874-08-21	3	1.034	1.099	0.403	1.8520423236413943	1.129480726926565	(3, 1.034)	1	1	1
r3i1231p1f1	1876-06-07	7	1.213	1.45	2.194	3.155513119164623	3.728903897923078	(7, 1.213)	0	0	2
r3i1231p1f1	1876-07-25	4	1.152	1.273	1.012	2.3239551187302383	2.207834756448235	(4, 1.152)	0	3	3
r3i1231p1f1	1877-06-27	9	1.177	1.312	2.496	3.4897880664440084	4.225255858723933	(9, 1.177)	0	3	2
r3i1231p1f1	1877-08-03	4	1.091	1.184	0.767	2.275008325223811	1.9651523952777084	(4, 1.091)	1	1	1
r3i1231p1f1	1877-08-19	3	1.158	1.287	0.776	1.9483563696870467	1.6158601019613514	(3, 1.158)	1	3	3
r3i1231p1f1	1878-07-02	7	1.119	1.193	1.535	3.078425466489282	3.381966917120871	(7, 1.119)	0	3	2
r3i1231p1f1	1878-07-14	3	1.263	1.462	1.092	2.023233625810394	1.8982491140189333	(3, 1.263)	0	3	3
r3i1231p1f1	1878-08-05	3	0.974	1.041	0.223	1.8018834582222802	0.7695256401133637	(3, 0.974)	1	1	1
r3i1231p1f1	1881-07-30	4	1.093	1.224	0.776	2.276651710967541	1.9751915203060368	(4, 1.093)	1	1	3
r3i1231p1f1	1882-07-26	5	0.961	0.982	0.308	2.4633685811946675	1.4914524104864777	(5, 0.961)	1	1	1
r3i1231p1f1	1883-06-05	3	1.079	1.15	0.539	1.888076485048371	1.335192142118085	(3, 1.079)	1	1	1
r3i1231p1f1	1883-06-14	6	1.268	1.47	2.209	2.9773502528361053	3.5105161645591485	(6, 1.268)	0	0	0
r3i1231p1f1	1883-07-12	3	1.064	1.231	0.496	1.8762087885512986	1.2746059782464818	(3, 1.064)	1	1	1
r3i1231p1f1	1888-06-21	3	1.344	1.549	1.334	2.077393051971457	2.0708632697743425	(3, 1.344)	0	0	0
r3i1231p1f1	1888-07-05	3	0.99	1.121	0.271	1.8155070660787613	0.8788618519547002	(3, 0.99)	1	1	1
r3i1231p1f1	1888-07-11	7	1.079	1.485	1.256	3.043729726109189	3.1888884865256273	(7, 1.079)	0	3	2
r3i1231p1f1	1888-08-15	4	0.985	1.084	0.342	2.1838015570040787	1.3180155203665962	(4, 0.985)	1	1	1
r3i1231p1f1	1889-07-30	3	0.99	1.036	0.272	1.8155070660787613	0.8810172570495237	(3, 0.99)	1	1	1
r3i1231p1f1	1891-06-13	5	1.002	1.172	0.513	2.501657285216424	1.9073941784809825	(5, 1.002)	1	1	1
r3i1231p1f1	1892-06-22	3	1.01	1.111	0.331	1.8322796497164289	1.0006048402055225	(3, 1.01)	1	1	1
r3i1231p1f1	1892-08-28	3	1.099	1.304	0.598	1.9036841206135722	1.4127656710796765	(3, 1.099)	1	3	3
r3i1231p1f1	1893-06-24	3	1.187	1.298	0.862	1.969603367051763	1.7009378220741749	(3, 1.187)	0	3	3
r3i1231p1f1	1896-06-04	10	1.278	1.544	3.787	3.723616778444003	4.793767467417677	(10, 1.278)	2	2	4
r3i1231p1f1	1896-06-19	8	1.268	1.391	2.949	3.390862990432562	4.2155034152713124	(8, 1.268)	0	0	2
r3i1231p1f1	1896-07-29	3	1.059	1.173	0.478	1.8722213837369455	1.2481124165809672	(3, 1.059)	1	1	1
r3i1231p1f1	1896-08-18	3	1.139	1.296	0.719	1.9341870743280345	1.555199990446345	(3, 1.139)	1	3	3
r3i1231p1f1	1897-06-27	5	1.128	1.267	1.142	2.6109093955518152	2.6223432930337425	(5, 1.128)	0	3	3
r3i1231p1f1	1897-07-25	5	1.084	1.201	0.926	2.574098791753401	2.429481562500798	(5, 1.084)	1	3	1
r3i1231p1f1	1897-08-01	4	1.17	1.358	1.083	2.337952236831337	2.268407641192459	(4, 1.17)	0	3	3
r3i1231p1f1	1897-08-07	3	1.039	1.084	0.419	1.8561108427283792	1.1559964864047214	(3, 1.039)	1	1	1
r3i1231p1f1	1902-06-08	3	1.037	1.149	0.414	1.8544854208953232	1.1477855867341364	(3, 1.037)	1	1	1
r3i1231p1f1	1903-06-11	5	1.051	1.201	0.761	2.5455734057568886	2.252158649560168	(5, 1.051)	1	1	1
r3i1231p1f1	1903-06-29	5	0.994	1.065	0.475	2.494300542704326	1.8422404961880365	(5, 0.994)	1	1	1
r3i1231p1f1	1906-07-03	9	1.119	1.252	1.973	3.440834674700653	3.993990014292135	(9, 1.119)	0	3	2
r3i1231p1f1	1906-08-05	9	1.191	1.451	2.627	3.5012538557280757	4.275679521377509	(9, 1.191)	0	0	2
r3i1231p1f1	1906-08-20	3	1.083	1.176	0.551	1.891217560871479	1.3514647888571463	(3, 1.083)	1	1	1
r3i1231p1f1	1908-06-21	5	1.018	1.11	0.594	2.51621036934779	2.03354443705414	(5, 1.018)	1	1	1
r3i1231p1f1	1908-07-01	7	1.395	1.825	3.468	3.289735384303652	4.1778927926325515	(7, 1.395)	2	0	0
r3i1231p1f1	1909-06-09	5	1.378	1.737	2.393	2.797678107628192	3.3233999114449917	(5, 1.378)	0	0	0
r3i1231p1f1	1911-07-17	9	1.365	1.904	4.188	3.63376307155527	4.736864892937656	(9, 1.365)	2	2	4
r3i1231p1f1	1911-08-11	9	1.278	1.761	3.407	3.5697016962846058	4.532481206587784	(9, 1.278)	2	2	0
r3i1231p1f1	1911-08-25	3	1.027	1.108	0.384	1.8463184440077063	1.0970519153584024	(3, 1.027)	1	1	1
r3i1231p1f1	1913-07-15	5	1.206	1.341	1.533	2.673009373409973	2.8980897335254356	(5, 1.206)	0	3	3
r3i1231p1f1	1913-07-24	3	1.185	1.534	0.858	1.9681524618896862	1.6971371622100757	(3, 1.185)	0	3	3
r3i1231p1f1	1914-07-08	9	0.991	1.146	0.824	3.3234880606344457	3.146219106827927	(9, 0.991)	1	1	2
r3i1231p1f1	1916-06-23	3	1.06	1.081	0.483	1.8730201376660125	1.2555424222802944	(3, 1.06)	1	1	1
r3i1231p1f1	1916-08-02	6	1.032	1.107	0.794	2.7829870027060535	2.539187201034902	(6, 1.032)	1	1	1
r3i1231p1f1	1917-06-17	4	1.086	1.276	0.745	2.2708880062507912	1.9401794743463283	(4, 1.086)	1	3	3
r3i1231p1f1	1918-08-19	9	1.021	1.11	1.094	3.352252205478982	3.41897180976132	(9, 1.021)	1	1	2
r3i1231p1f1	1920-06-09	3	1.233	1.384	1.0	2.0024060492939144	1.823928522430647	(3, 1.233)	0	3	3
r3i1231p1f1	1920-07-11	3	1.147	1.219	0.743	1.9401775819371392	1.581190946873066	(3, 1.147)	1	3	3
r3i1231p1f1	1921-07-06	3	1.037	1.12	0.414	1.8544854208953232	1.1477855867341364	(3, 1.037)	1	1	1
r3i1231p1f1	1922-06-15	5	1.264	1.464	1.824	2.716808377251539	3.0630609589416786	(5, 1.264)	0	0	0
r3i1231p1f1	1922-07-30	3	1.1	1.286	0.603	1.9044581443609874	1.4190712590751862	(3, 1.1)	1	3	3
r3i1231p1f1	1923-06-20	3	1.155	1.274	0.766	1.9461324169557104	1.6054806439239695	(3, 1.155)	1	3	3
r3i1231p1f1	1923-06-27	3	1.01	1.12	0.332	1.8322796497164289	1.0025134195209144	(3, 1.01)	1	1	1
r3i1231p1f1	1923-07-05	3	1.017	1.141	0.353	1.83808421800981	1.041774460569922	(3, 1.017)	1	1	1
r3i1231p1f1	1923-07-15	3	1.07	1.241	0.512	1.8809727815008697	1.297580637895095	(3, 1.07)	1	1	1
r3i1231p1f1	1923-08-06	6	0.945	1.021	0.272	2.7005962789593334	1.6089512460756659	(6, 0.945)	1	1	1
r3i1231p1f1	1927-06-10	3	1.071	1.106	0.516	1.8817645784692352	1.303242765686865	(3, 1.071)	1	1	1
r3i1231p1f1	1928-06-06	8	1.165	1.339	2.126	3.309116478224365	3.893978957093892	(8, 1.165)	0	3	2
r3i1231p1f1	1928-06-30	3	1.123	1.233	0.67	1.922097313628501	1.4999404342713294	(3, 1.123)	1	1	3
r3i1231p1f1	1928-08-21	14	1.071	1.32	2.41	4.044846337439455	4.846102732560433	(14, 1.071)	2	2	2
r3i1231p1f1	1929-06-07	5	1.125	1.327	1.13	2.6084421728161775	2.6125508354141105	(5, 1.125)	0	3	3
r3i1231p1f1	1929-06-29	4	1.106	1.148	0.827	2.2872683888821523	2.0302512974890643	(4, 1.106)	1	1	1
r3i1231p1f1	1929-07-24	3	1.065	1.172	0.498	1.8770043651306039	1.277506842909921	(3, 1.065)	1	1	1
r3i1231p1f1	1930-07-26	4	1.019	1.082	0.479	2.213972434637442	1.5752604606325138	(4, 1.019)	1	1	1
r3i1231p1f1	1933-06-13	11	1.12	1.368	2.429	3.7343502442323215	4.49554389342196	(11, 1.12)	2	2	2
r3i1231p1f1	1933-07-10	3	1.137	1.31	0.714	1.9326838233665247	1.5496991244861298	(3, 1.137)	1	3	3
r3i1231p1f1	1935-06-19	4	1.098	1.156	0.795	2.2807483983848713	1.9960599327407849	(4, 1.098)	1	1	1
r3i1231p1f1	1936-07-06	4	0.989	1.044	0.359	2.187398683184928	1.3537711694143306	(4, 0.989)	1	1	1
r3i1231p1f1	1936-07-31	5	1.245	1.467	1.73	2.7026706344750906	3.0126871245548767	(5, 1.245)	0	3	3
r3i1231p1f1	1937-08-14	3	1.039	1.113	0.418	1.8561108427283792	1.1543596911246021	(3, 1.039)	1	1	1
r3i1231p1f1	1939-06-19	4	1.069	1.099	0.679	2.256750556650246	1.8612855318766652	(4, 1.069)	1	1	1
r3i1231p1f1	1940-08-22	4	1.076	1.149	0.709	2.2625960847776825	1.8979196650564456	(4, 1.076)	1	1	1
r3i1231p1f1	1941-07-15	3	1.119	1.213	0.659	1.9190518967353905	1.4871040378774207	(3, 1.119)	1	1	3
r3i1231p1f1	1941-08-24	3	1.078	1.138	0.536	1.8872896720494419	1.331082266299207	(3, 1.078)	1	1	1
r3i1231p1f1	1943-08-17	3	1.08	1.142	0.541	1.888862679459286	1.3379227052932496	(3, 1.08)	1	1	1
r3i1231p1f1	1945-06-15	4	1.357	1.585	1.832	2.472834068553731	2.750854230093775	(4, 1.357)	0	0	0
r3i1231p1f1	1945-06-22	9	1.253	1.518	3.186	3.550507794847184	4.466160960250671	(9, 1.253)	2	2	2
r3i1231p1f1	1946-07-22	5	1.055	1.132	0.78	2.5490746789668535	2.2742540433174443	(5, 1.055)	1	1	1
r3i1231p1f1	1947-08-07	3	1.119	1.261	0.659	1.9190518967353905	1.4871040378774207	(3, 1.119)	1	3	3
r3i1231p1f1	1949-06-27	3	1.062	1.15	0.487	1.8746157340449257	1.2614469334490395	(3, 1.062)	1	1	1
r3i1231p1f1	1949-08-18	5	1.092	1.319	0.964	2.5808932036141434	2.466220449436937	(5, 1.092)	1	3	3
r3i1231p1f1	1950-05-31	5	1.156	1.343	1.284	2.63364793302863	2.731477390002688	(5, 1.156)	0	3	3
r3i1231p1f1	1951-06-16	12	1.22	1.576	3.846	3.945737194034387	5.080629019399991	(12, 1.22)	2	2	4
r3i1231p1f1	1951-07-19	3	1.234	1.278	1.004	2.0031073361399168	1.827277346942111	(3, 1.234)	0	3	3
r3i1231p1f1	1952-08-07	8	1.091	1.266	1.531	3.2459660270800743	3.5735408621661033	(8, 1.091)	0	3	2
r3i1231p1f1	1953-07-07	4	1.093	1.147	0.776	2.276651710967541	1.9751915203060368	(4, 1.093)	1	1	1
r3i1231p1f1	1953-07-14	3	1.228	1.411	0.986	1.9988922189911715	1.8121185248247058	(3, 1.228)	0	3	3
r3i1231p1f1	1953-07-22	5	0.966	1.052	0.335	2.468117186512716	1.5571786489774893	(5, 0.966)	1	1	1
r3i1231p1f1	1954-07-27	3	1.12	1.383	0.662	1.9198141208902906	1.4906212461277157	(3, 1.12)	0	3	3
r3i1231p1f1	1957-06-07	4	1.103	1.174	0.814	2.2848283714047866	2.016501741905962	(4, 1.103)	1	1	1
r3i1231p1f1	1957-08-04	4	1.061	1.104	0.646	2.2500278422553697	1.8193746362610284	(4, 1.061)	1	1	1
r3i1231p1f1	1960-06-08	5	1.268	1.471	1.845	2.719759444712057	3.073976153187677	(5, 1.268)	0	0	0
r3i1231p1f1	1960-06-21	3	0.985	1.009	0.256	1.8112695923709663	0.8459605466729375	(3, 0.985)	1	1	1
r3i1231p1f1	1960-06-26	3	1.207	1.315	0.922	1.9839977994098914	1.7562795231871666	(3, 1.207)	0	3	3
r3i1231p1f1	1960-07-02	5	1.209	1.407	1.546	2.6753225066682624	2.9060704125550525	(5, 1.209)	0	3	3
r3i1231p1f1	1960-08-18	4	1.323	1.549	1.695	2.4496248356433608	2.67827804276854	(4, 1.323)	0	0	0
r3i1231p1f1	1961-06-09	3	1.31	1.528	1.232	2.055015601727822	2.001704270299514	(3, 1.31)	0	0	0
r3i1231p1f1	1966-06-25	10	1.036	1.18	1.372	3.5193121122082074	3.792934231360258	(10, 1.036)	1	3	2
r3i1231p1f1	1968-07-09	3	1.085	1.195	0.558	1.8927844066300867	1.3608363001904369	(3, 1.085)	1	1	1
r3i1231p1f1	1968-08-04	5	1.369	1.51	2.346	2.791526104362557	3.30428542348485	(5, 1.369)	0	0	0
r3i1231p1f1	1968-08-11	3	1.122	1.254	0.669	1.9213368284541927	1.4987802741598806	(3, 1.122)	1	3	3
r3i1231p1f1	1969-06-10	3	1.081	1.275	0.546	1.8896482562540837	1.3447166704034441	(3, 1.081)	1	1	3
r3i1231p1f1	1969-08-01	8	1.084	1.367	1.475	3.239780590696281	3.5373423579994814	(8, 1.084)	0	3	2
r3i1231p1f1	1970-07-07	3	0.981	1.036	0.244	1.8078666372859462	0.8188371807916396	(3, 0.981)	1	1	1
r3i1231p1f1	1972-06-25	5	1.176	1.382	1.385	2.649578905176584	2.8024369694925695	(5, 1.176)	0	3	3
r3i1231p1f1	1973-07-19	6	0.99	1.136	0.543	2.7440586496928523	2.195048609633327	(6, 0.99)	1	1	1
r3i1231p1f1	1975-07-13	5	0.986	1.12	0.433	2.486889277172292	1.764916938981572	(5, 0.986)	1	1	1
r3i1231p1f1	1977-07-27	5	1.211	1.52	1.56	2.6768616282974182	2.914594353514609	(5, 1.211)	0	3	3
r3i1231p1f1	1978-06-10	5	1.203	1.348	1.517	2.6706908771584983	2.888179111878068	(5, 1.203)	0	3	3
r3i1231p1f1	1978-08-04	3	0.995	1.105	0.286	1.8197266593443935	0.9107150537881289	(3, 0.995)	1	1	1
r3i1231p1f1	1978-08-09	12	1.047	1.423	1.773	3.79600529624896	4.3135098904052525	(12, 1.047)	0	3	2
r3i1231p1f1	1980-07-15	4	1.228	1.364	1.316	2.381765890868487	2.4447788586972212	(4, 1.228)	0	3	3
r3i1231p1f1	1980-08-12	6	1.097	1.238	1.184	2.840395811039178	2.912414528484931	(6, 1.097)	1	3	3
r3i1231p1f1	1981-07-05	4	1.026	1.079	0.508	2.2200726714195813	1.6221566848418751	(4, 1.026)	1	1	1
r3i1231p1f1	1982-08-27	3	0.983	1.055	0.251	1.8095695623406716	0.8347484121874346	(3, 0.983)	1	1	1
r3i1231p1f1	1984-06-04	5	1.082	1.223	0.912	2.5723929510735957	2.4155985480318365	(5, 1.082)	1	3	3
r3i1231p1f1	1984-06-18	5	1.149	1.316	1.25	2.628011587306804	2.706410514842709	(5, 1.149)	0	3	3
r3i1231p1f1	1985-07-03	5	1.041	1.103	0.707	2.536766211461138	2.18655680067661	(5, 1.041)	1	1	1
r3i1231p1f1	1986-06-11	3	1.115	1.179	0.646	1.9159971769397985	1.4717182102318955	(3, 1.115)	1	1	1
r3i1231p1f1	1987-06-03	8	1.049	1.242	1.195	3.2082661581080263	3.3336236210670536	(8, 1.049)	1	3	2
r3i1231p1f1	1987-07-01	4	1.141	1.206	0.966	2.3153038654018205	2.1665362485307695	(4, 1.141)	1	3	3
r3i1231p1f1	1987-08-15	4	1.084	1.174	0.74	2.2692351133124915	1.9344157696295783	(4, 1.084)	1	1	1
r3i1231p1f1	1988-07-24	6	1.264	1.441	2.19	2.974351842853057	3.5021369961261453	(6, 1.264)	0	0	0
r3i1231p1f1	1988-08-14	4	1.181	1.326	1.128	2.3464105725340754	2.304982217593767	(4, 1.181)	0	3	3
r3i1231p1f1	1989-07-01	4	1.583	2.005	2.735	2.614764637046214	3.130263166511597	(4, 1.583)	2	0	0
r3i1231p1f1	1989-08-09	6	1.208	1.49	1.853	2.9314018190726503	3.3405066291684635	(6, 1.208)	0	3	0
r3i1231p1f1	1990-08-24	3	1.04	1.22	0.421	1.8569225639687479	1.159262061528095	(3, 1.04)	1	1	1
r3i1231p1f1	1994-06-05	6	1.168	1.457	1.609	2.8995530426925122	3.2046703624335517	(6, 1.168)	0	3	3
r3i1231p1f1	1994-07-25	6	1.221	1.416	1.93	2.9415380310417527	3.3798065954375347	(6, 1.221)	0	3	3
r3i1231p1f1	1995-06-05	6	1.173	1.345	1.644	2.903590054991261	3.2253256528489307	(6, 1.173)	0	3	3
r3i1231p1f1	1995-08-06	5	0.943	1.036	0.217	2.44608443509599	1.2314324404671184	(5, 0.943)	1	1	1
r3i1231p1f1	1996-07-21	5	1.104	1.327	1.025	2.5909990402450296	2.5225113451220658	(5, 1.104)	0	3	3
r3i1231p1f1	1997-06-17	4	1.459	1.852	2.238	2.53939483507207	2.9393735398846066	(4, 1.459)	0	0	0
r3i1231p1f1	1998-07-30	3	1.096	1.129	0.59	1.901358448189443	1.4025932913072967	(3, 1.096)	1	1	1
r3i1231p1f1	2000-08-25	3	0.945	1.021	0.138	1.776707426721953	0.5406187874748858	(3, 0.945)	1	1	1
r3i1231p1f1	2006-06-26	3	1.004	1.064	0.313	1.827277346942111	0.9656124531448094	(3, 1.004)	1	1	1
r3i1231p1f1	2006-08-05	3	0.912	0.936	0.037	1.747265987746805	0.1758486859258415	(3, 0.912)	1	1	1
r3i1231p1f1	2006-08-29	4	1.068	1.159	0.676	2.2559126847956152	1.8575472097660581	(4, 1.068)	1	1	1
r3i1231p1f1	2007-07-17	4	1.0	1.082	0.403	2.1972245773362196	1.4407825464039603	(4, 1.0)	1	1	1
r3i1231p1f1	2008-06-24	4	1.195	1.41	1.183	2.3570732782781154	2.3479407947148427	(4, 1.195)	0	3	3
r3i1231p1f1	2009-06-06	3	1.058	1.11	0.477	1.871421991289987	1.2466197677986228	(3, 1.058)	1	1	1
r3i1231p1f1	2010-05-31	3	0.951	0.969	0.154	1.7819685195953499	0.5879019210914366	(3, 0.951)	1	1	1
r3i1251p1f1	1852-06-07	3	1.157	1.273	0.767	1.947615601525812	1.606523451157975	(3, 1.157)	1	3	3
r3i1251p1f1	1855-07-04	3	1.093	1.266	0.573	1.8990273544023255	1.3806271674231094	(3, 1.093)	1	1	3
r3i1251p1f1	1855-08-23	3	0.973	1.049	0.214	1.8010257885243162	0.7476242949774393	(3, 0.973)	1	1	1
r3i1251p1f1	1856-06-21	15	1.241	1.815	5.094	4.291767968073371	5.693512106124924	(15, 1.241)	2	2	4
r3i1251p1f1	1857-06-07	7	1.035	1.175	0.932	3.0041204070230285	2.9047611518429632	(7, 1.035)	1	1	1
r3i1251p1f1	1858-07-24	4	1.071	1.249	0.678	2.2584241972082757	1.8600409766444606	(4, 1.071)	1	1	1
r3i1251p1f1	1861-06-28	4	0.908	0.928	0.026	2.1119087318173375	0.1889660995126232	(4, 0.908)	1	1	1
r3i1251p1f1	1862-06-12	3	1.17	1.349	0.804	1.9572030484955636	1.6443622068489345	(3, 1.17)	0	3	3
r3i1251p1f1	1864-06-06	6	1.205	1.377	1.819	2.9290480301505712	3.3226493999000564	(6, 1.205)	0	3	3
r3i1251p1f1	1865-06-09	3	0.978	1.046	0.23	1.80530679991362	0.7862344630223982	(3, 0.978)	1	1	1
r3i1251p1f1	1865-07-05	4	1.059	1.147	0.629	2.24834007814165	1.797078630705655	(4, 1.059)	1	1	1
r3i1251p1f1	1866-07-06	5	1.327	1.544	2.127	2.762305469788006	3.2100604005695854	(5, 1.327)	0	0	0
r3i1251p1f1	1867-06-08	4	1.088	1.162	0.745	2.272538171641749	1.9401794743463283	(4, 1.088)	1	1	1
r3i1251p1f1	1867-08-28	3	1.007	1.089	0.317	1.8297816262051394	0.9734950425711832	(3, 1.007)	1	1	1
r3i1251p1f1	1870-06-03	14	1.239	1.557	4.726	4.188180762782567	5.515696412333637	(14, 1.239)	2	2	4
r3i1251p1f1	1870-07-04	5	1.382	1.623	2.4	2.8004002297075288	3.326215746488746	(5, 1.382)	0	0	0
r3i1251p1f1	1870-07-25	3	1.276	1.472	1.124	2.032125916835549	1.922857220904564	(3, 1.276)	0	3	3
r3i1251p1f1	1872-06-29	3	1.283	1.42	1.145	2.0368815218260807	1.9386833160041137	(3, 1.283)	0	3	3
r3i1251p1f1	1872-07-20	3	1.082	1.155	0.54	1.8904332164023727	1.3365583557022844	(3, 1.082)	1	1	1
r3i1251p1f1	1873-05-29	16	1.136	1.449	3.747	4.300057071806631	5.48399993547417	(16, 1.136)	2	2	4
r3i1251p1f1	1873-08-22	3	1.144	1.258	0.727	1.9379353448911276	1.5639389167977003	(3, 1.144)	1	3	3
r3i1251p1f1	1873-08-27	6	1.042	1.16	0.841	2.7920364993218416	2.592274542472039	(6, 1.042)	1	1	1
r3i1251p1f1	1874-06-05	3	1.011	1.037	0.327	1.8331109394483338	0.9929338862767116	(3, 1.011)	1	1	1
r3i1251p1f1	1875-06-24	4	1.174	1.407	1.088	2.341036279368298	2.272538171641749	(4, 1.174)	0	3	3
r3i1251p1f1	1877-06-03	3	0.96	0.991	0.174	1.7898086218618807	0.6440254852543897	(3, 0.96)	1	1	1
r3i1251p1f1	1877-07-13	3	1.187	1.347	0.855	1.969603367051763	1.6942771576452456	(3, 1.187)	0	3	3
r3i1251p1f1	1880-06-29	4	1.012	1.122	0.441	2.207834756448235	1.5102803409008818	(4, 1.012)	1	1	1
r3i1251p1f1	1882-06-16	3	1.111	1.196	0.627	1.9129330972319676	1.4487966470299802	(3, 1.111)	1	1	1
r3i1251p1f1	1882-08-27	4	1.395	1.525	1.974	2.498151876538021	2.820902582518332	(4, 1.395)	0	0	0
r3i1251p1f1	1883-08-10	3	1.084	1.261	0.548	1.8920012906264554	1.3474213846864285	(3, 1.084)	1	1	1
r3i1251p1f1	1883-08-27	4	1.222	1.563	1.283	2.377321439108063	2.4216117994156865	(4, 1.222)	0	3	3
r3i1251p1f1	1886-07-24	3	1.091	1.243	0.568	1.897470267505701	1.3740736353341576	(3, 1.091)	1	1	1
r3i1251p1f1	1887-05-31	4	1.12	1.236	0.874	2.298577071596507	2.0784410413462524	(4, 1.12)	1	3	3
r3i1251p1f1	1887-07-08	6	1.169	1.35	1.605	2.9003617500024856	3.2022823605940474	(6, 1.169)	0	3	3
r3i1251p1f1	1887-08-26	3	1.181	1.263	0.838	1.9652443208753656	1.677914120115881	(3, 1.181)	0	3	3
r3i1251p1f1	1888-07-29	3	1.304	1.532	1.208	2.051014129423419	1.984712110619881	(3, 1.304)	0	0	0
r3i1251p1f1	1889-06-05	3	1.112	1.199	0.631	1.913699997788122	1.4536660943084523	(3, 1.112)	1	1	1
r3i1251p1f1	1889-06-24	3	1.167	1.311	0.797	1.9549987051934683	1.637312477901555	(3, 1.167)	0	3	3
r3i1251p1f1	1889-07-06	4	1.366	1.74	1.857	2.4788885774624374	2.763547977587632	(4, 1.366)	0	0	0
r3i1251p1f1	1889-08-08	5	1.04	1.204	0.692	2.5358812107895417	2.167543440746995	(5, 1.04)	1	1	1
r3i1251p1f1	1889-08-15	5	1.113	1.271	1.054	2.598511955670273	2.5482005092667586	(5, 1.113)	1	3	3
r3i1251p1f1	1891-07-18	3	1.269	1.389	1.103	2.0273475879573266	1.9067766274057756	(3, 1.269)	0	3	3
r3i1251p1f1	1892-08-27	3	0.969	0.999	0.202	1.7975877347776366	0.7176557710420871	(3, 0.969)	1	1	1
r3i1251p1f1	1893-08-26	3	1.055	1.159	0.46	1.8690199726127856	1.2208977994558625	(3, 1.055)	1	1	1
r3i1251p1f1	1894-06-08	4	1.302	1.419	1.6	2.4350158801745354	2.624668592163159	(4, 1.302)	0	0	3
r3i1251p1f1	1896-06-07	4	1.04	1.135	0.553	2.2321626286975	1.6908335506380945	(4, 1.04)	1	1	1
r3i1251p1f1	1897-06-27	7	1.106	1.228	1.428	3.067280853446503	3.31225432583265	(7, 1.106)	0	3	2
r3i1251p1f1	1897-07-07	5	1.412	1.711	2.554	2.8205833272471477	3.3862389965264303	(5, 1.412)	0	0	0
r3i1251p1f1	1897-07-15	3	1.116	1.209	0.643	1.9167617321445913	1.4681337632632208	(3, 1.116)	1	1	3
r3i1251p1f1	1899-06-11	3	1.075	1.169	0.52	1.8849255117711192	1.3088730142073226	(3, 1.075)	1	1	1
r3i1251p1f1	1899-07-19	4	1.208	1.351	1.225	2.3668735828764076	2.379546134130174	(4, 1.208)	0	3	3
r3i1251p1f1	1899-08-09	17	1.139	1.37	4.035	4.392418628237571	5.648355844140254	(17, 1.139)	2	2	4
r3i1251p1f1	1900-08-24	3	0.974	1.004	0.216	1.8018834582222802	0.7525328814917481	(3, 0.974)	1	1	1
r3i1251p1f1	1901-06-24	3	0.965	1.036	0.189	1.794137820026899	0.6841431697898868	(3, 0.965)	1	1	1
r3i1251p1f1	1902-07-04	16	1.31	1.677	6.535	4.440767129696482	6.038443548301976	(16, 1.31)	2	2	4
r3i1251p1f1	1906-06-04	3	1.085	1.224	0.549	1.8927844066300867	1.3487710034605538	(3, 1.085)	1	1	1
r3i1251p1f1	1906-06-16	6	1.212	1.462	1.863	2.934531610738504	3.345698637273221	(6, 1.212)	0	3	3
r3i1251p1f1	1907-06-02	7	1.496	1.901	4.163	3.3571168801317346	4.3579879948170515	(7, 1.496)	2	0	0
r3i1251p1f1	1908-06-30	7	1.035	1.275	0.935	3.0041204070230285	2.907799144476914	(7, 1.035)	1	3	2
r3i1251p1f1	1908-07-16	5	1.286	1.483	1.922	2.7329325254733114	3.113009103944459	(5, 1.286)	0	0	0
r3i1251p1f1	1909-08-05	8	1.158	1.304	2.054	3.3033106778692147	3.8602393700816275	(8, 1.158)	0	3	2
r3i1251p1f1	1911-07-07	4	1.035	1.116	0.533	2.2278615467981093	1.6608911940230162	(4, 1.035)	1	1	1
r3i1251p1f1	1911-07-29	3	0.991	1.026	0.268	1.8163524103314332	0.8723676210616929	(3, 0.991)	1	1	1
r3i1251p1f1	1911-08-14	5	1.087	1.201	0.926	2.576652109103335	2.429481562500798	(5, 1.087)	1	3	1
r3i1251p1f1	1914-05-31	6	1.323	1.537	2.529	3.0176918659770933	3.6420120708370116	(6, 1.323)	0	0	0
r3i1251p1f1	1914-06-11	4	1.063	1.204	0.645	2.251712762620289	1.8180767775454285	(4, 1.063)	1	1	1
r3i1251p1f1	1915-06-21	6	1.261	1.577	2.157	2.972097120593302	3.4874147178239543	(6, 1.261)	0	0	0
r3i1251p1f1	1916-07-17	4	1.118	1.211	0.865	2.29696935420841	2.0693912058263346	(4, 1.118)	1	3	3
r3i1251p1f1	1919-08-08	9	1.219	1.399	2.855	3.523798421702384	4.357797976939809	(9, 1.219)	2	0	2
r3i1251p1f1	1921-07-09	4	1.242	1.338	1.363	2.3920600994216485	2.476874478090736	(4, 1.242)	0	3	3
r3i1251p1f1	1921-08-10	4	0.951	1.022	0.196	2.1526920034194283	0.9431273858277147	(4, 0.951)	1	1	1
r3i1251p1f1	1923-06-06	6	1.306	1.575	2.429	3.005395514906307	3.6027457875870876	(6, 1.306)	0	0	0
r3i1251p1f1	1923-07-30	3	0.975	1.013	0.219	1.8027403929532473	0.7598508781538139	(3, 0.975)	1	1	1
r3i1251p1f1	1924-07-23	8	0.999	1.112	0.776	3.161449639786587	2.920948143110385	(8, 0.999)	1	1	1
r3i1251p1f1	1924-08-29	3	0.97	1.023	0.205	1.7984483569941683	0.7252325198030569	(3, 0.97)	1	1	1
r3i1251p1f1	1928-06-17	5	1.114	1.378	1.061	2.599343250495629	2.5543037100735937	(5, 1.114)	0	3	3
r3i1251p1f1	1928-06-25	7	1.071	1.222	1.186	3.0366437478652695	3.1339725102202522	(7, 1.071)	1	3	2
r3i1251p1f1	1928-07-07	3	1.101	1.122	0.598	1.90523156945898	1.4127656710796765	(3, 1.101)	1	1	1
r3i1251p1f1	1928-08-10	6	1.233	1.562	1.987	2.9508042105099324	3.407935188689224	(6, 1.233)	0	0	0
r3i1251p1f1	1929-06-21	3	1.139	1.242	0.711	1.9341870743280345	1.5463840214970004	(3, 1.139)	1	3	3
r3i1251p1f1	1930-08-05	3	0.948	1.035	0.138	1.7793414330419388	0.5406187874748858	(3, 0.948)	1	1	1
r3i1251p1f1	1933-07-08	5	1.279	1.491	1.888	2.727830260569304	3.0959613225701736	(5, 1.279)	0	0	0
r3i1251p1f1	1933-07-25	7	1.337	1.672	3.049	3.248884487858816	4.051232973442205	(7, 1.337)	2	0	0
r3i1251p1f1	1933-08-16	3	0.946	0.995	0.132	1.7775861999417792	0.5222948716471152	(3, 0.946)	1	1	1
r3i1251p1f1	1933-08-25	5	0.982	1.076	0.402	2.483162944544249	1.703746979433015	(5, 0.982)	1	1	1
r3i1251p1f1	1937-07-03	4	1.332	1.533	1.723	2.4558210688929036	2.6935455148993284	(4, 1.332)	0	0	0
r3i1251p1f1	1937-08-14	4	1.208	1.288	1.226	2.3668735828764076	2.3802866006578975	(4, 1.208)	0	3	3
r3i1251p1f1	1938-08-22	3	1.258	1.357	1.068	2.0197923479787105	1.879387304251124	(3, 1.258)	0	3	3
r3i1251p1f1	1941-07-05	7	1.068	1.411	1.167	3.033973507246866	3.118531262040822	(7, 1.068)	0	3	2
r3i1251p1f1	1942-06-13	3	1.074	1.179	0.518	1.8841362146551381	1.3060618524041605	(3, 1.074)	1	1	1
r3i1251p1f1	1942-08-03	4	1.024	1.213	0.491	2.2183335405464546	1.5949332262312186	(4, 1.024)	1	1	1
r3i1251p1f1	1946-07-02	4	1.227	1.492	1.3	2.381026519300608	2.4336133554004498	(4, 1.227)	0	3	3
r3i1251p1f1	1947-07-07	5	1.196	1.278	1.473	2.665260056144508	2.8604073108315786	(5, 1.196)	0	3	3
r3i1251p1f1	1948-06-06	3	1.155	1.318	0.76	1.9461324169557104	1.599200860414269	(3, 1.155)	0	3	3
r3i1251p1f1	1948-07-18	8	1.059	1.234	1.256	3.2173720788426468	3.3816759303136044	(8, 1.059)	1	3	2
r3i1251p1f1	1948-08-14	8	1.063	1.148	1.293	3.220991356306396	3.4097358310774784	(8, 1.063)	1	3	2
r3i1251p1f1	1949-06-16	4	1.064	1.128	0.648	2.2525541593884806	1.8219653112851208	(4, 1.064)	1	1	1
r3i1251p1f1	1950-06-11	3	1.037	1.125	0.405	1.8544854208953232	1.1328339025038707	(3, 1.037)	1	1	1
r3i1251p1f1	1950-07-29	6	1.227	1.443	1.952	2.9461818534976874	3.39075720105723	(6, 1.227)	0	3	0
r3i1251p1f1	1953-07-04	6	1.16	1.259	1.551	2.8930597314878326	3.169473438275151	(6, 1.16)	0	3	3
r3i1251p1f1	1953-07-26	5	1.052	1.186	0.751	2.546449874003082	2.2403303892137316	(5, 1.052)	1	1	1
r3i1251p1f1	1955-06-29	11	1.119	1.393	2.389	3.7334783362737416	4.479125927444225	(11, 1.119)	2	2	2
r3i1251p1f1	1955-08-12	3	1.055	1.132	0.46	1.8690199726127856	1.2208977994558625	(3, 1.055)	1	1	1
r3i1251p1f1	1958-07-25	4	1.155	1.382	1.014	2.3263016196113617	2.209592226144881	(4, 1.155)	0	3	3
r3i1251p1f1	1959-07-11	4	1.026	1.099	0.498	2.2200726714195813	1.606232781485152	(4, 1.026)	1	1	1
r3i1251p1f1	1960-06-01	12	1.264	1.555	4.351	3.980494282478677	5.203279354115461	(12, 1.264)	2	2	4
r3i1251p1f1	1960-07-03	4	1.024	1.146	0.491	2.2183335405464546	1.5949332262312186	(4, 1.024)	1	1	1
r3i1251p1f1	1960-08-25	7	1.283	1.554	2.667	3.209289725671341	3.919862818154704	(7, 1.283)	0	0	0
r3i1251p1f1	1962-07-12	4	1.151	1.232	0.996	2.323171726602434	2.193662685769859	(4, 1.151)	1	3	3
r3i1251p1f1	1965-06-11	5	1.068	1.15	0.83	2.5603698876662255	2.330169336068735	(5, 1.068)	1	1	1
r3i1251p1f1	1967-06-30	4	1.163	1.238	1.047	2.332532169361998	2.238153232834657	(4, 1.163)	0	3	3
r3i1251p1f1	1967-08-10	7	1.065	1.291	1.145	3.031296117348946	3.1003488666882824	(7, 1.065)	1	3	2
r3i1251p1f1	1968-06-26	3	1.057	1.187	0.467	1.8706219593034668	1.2315694443596583	(3, 1.057)	1	1	1
r3i1251p1f1	1968-07-25	5	1.067	1.163	0.826	2.559505540585122	2.325809383939717	(5, 1.067)	1	1	1
r3i1251p1f1	1969-07-05	3	1.112	1.185	0.631	1.913699997788122	1.4536660943084523	(3, 1.112)	1	1	1
r3i1251p1f1	1969-08-01	3	0.971	1.039	0.208	1.7993082391769442	0.7327522928623	(3, 0.971)	1	1	1
r3i1251p1f1	1974-06-15	3	1.066	1.136	0.493	1.8777993092709364	1.2702388418084498	(3, 1.066)	1	1	1
r3i1251p1f1	1974-07-17	6	1.01	1.099	0.648	2.76278506310971	2.3536218858822937	(6, 1.01)	1	1	1
r3i1251p1f1	1974-08-09	8	1.125	1.321	1.785	3.2754770837176115	3.723037840221408	(8, 1.125)	0	3	2
r3i1251p1f1	1976-08-28	5	1.018	1.089	0.583	2.51621036934779	2.0173185214578293	(5, 1.018)	1	1	1
r3i1251p1f1	1978-07-25	10	1.075	1.154	1.733	3.555190473267616	4.021814582729039	(10, 1.075)	0	3	2
r3i1251p1f1	1980-07-02	5	1.007	1.074	0.529	2.506227916399523	1.9336061646015739	(5, 1.007)	1	1	1
r3i1251p1f1	1980-08-21	3	1.16	1.311	0.775	1.9498362618267655	1.6148269907508113	(3, 1.16)	0	3	3
r3i1251p1f1	1981-06-15	3	1.083	1.152	0.543	1.891217560871479	1.340645832792137	(3, 1.083)	1	1	1
r3i1251p1f1	1981-07-29	4	0.908	0.935	0.025	2.1119087318173375	0.18232155679395462	(4, 0.908)	1	1	1
r3i1251p1f1	1981-08-29	3	0.943	0.967	0.124	1.7749475601565292	0.49732868879281134	(3, 0.943)	1	1	1
r3i1251p1f1	1985-06-07	14	1.124	1.403	3.111	4.09232119389691	5.09964778089558	(14, 1.124)	2	2	2
r3i1251p1f1	1987-07-17	4	1.215	1.41	1.254	2.372111155642656	2.400800140491001	(4, 1.215)	0	3	3
r3i1251p1f1	1987-08-09	9	1.09	1.218	1.698	3.4154289639088797	3.846865626170718	(9, 1.09)	0	3	2
r3i1251p1f1	1989-08-03	6	1.356	1.758	2.724	3.0411380766230938	3.7144122101739097	(6, 1.356)	2	0	0
r3i1251p1f1	1989-08-27	3	1.086	1.132	0.553	1.8935669098428978	1.3541513372645073	(3, 1.086)	1	1	1
r3i1251p1f1	1990-06-10	7	1.025	1.442	0.863	2.9948952061552303	2.832211882180699	(7, 1.025)	0	3	2
r3i1251p1f1	1990-06-23	4	1.354	1.543	1.81	2.470807725408499	2.739548868161581	(4, 1.354)	0	0	0
r3i1251p1f1	1990-07-05	5	1.112	1.448	1.05	2.597679969218845	2.5446961686401695	(5, 1.112)	0	3	3
r3i1251p1f1	1990-07-27	4	1.0	1.064	0.393	2.1972245773362196	1.421661504957182	(4, 1.0)	1	1	1
r3i1251p1f1	1990-08-02	4	1.213	1.375	1.244	2.3706175033858727	2.3935220879861476	(4, 1.213)	0	3	3
r3i1251p1f1	1992-06-17	4	1.261	1.408	1.439	2.405863442447547	2.526688183802955	(4, 1.261)	0	3	3
r3i1251p1f1	1994-07-22	3	0.986	1.016	0.252	1.8121185248247058	0.8370009185973868	(3, 0.986)	1	1	1
r3i1251p1f1	1997-06-02	4	1.09	1.305	0.752	2.2741856184723477	1.948193255069882	(4, 1.09)	1	3	3
r3i1251p1f1	1997-07-18	3	1.076	1.116	0.524	1.8857141863884672	1.3144717404249726	(3, 1.076)	1	1	1
r3i1251p1f1	1999-06-08	8	1.165	1.712	2.106	3.309116478224365	3.8847204639879007	(8, 1.165)	0	0	0
r3i1251p1f1	1999-06-21	5	1.175	1.304	1.366	2.6487883555042697	2.789466997288098	(5, 1.175)	0	3	3
r3i1251p1f1	1999-07-30	8	1.036	1.147	1.072	3.1963031280734184	3.2290871522260782	(8, 1.036)	1	3	2
r3i1251p1f1	2000-08-07	3	1.013	1.11	0.334	1.8347714486521625	1.0063196847660814	(3, 1.013)	1	1	1
r3i1251p1f1	2001-07-24	5	1.108	1.166	1.032	2.5943450840730553	2.5287728670685308	(5, 1.108)	1	3	3
r3i1251p1f1	2001-08-23	3	1.063	1.142	0.483	1.8754125785259108	1.2555424222802944	(3, 1.063)	1	1	1
r3i1251p1f1	2001-08-28	6	1.21	1.553	1.852	2.9329679393545613	3.339985942641165	(6, 1.21)	0	0	0
r3i1251p1f1	2002-06-07	5	1.061	1.132	0.799	2.5543037100735937	2.295871765967698	(5, 1.061)	1	1	1
r3i1251p1f1	2002-07-13	10	1.213	1.417	3.111	3.6727101328154106	4.598935369932227	(10, 1.213)	2	2	2
r3i1251p1f1	2002-07-25	3	1.177	1.343	0.827	1.962327697904164	1.6671817872009336	(3, 1.177)	0	3	3
r3i1251p1f1	2003-07-09	3	0.987	1.01	0.256	1.8129667372033864	0.8459605466729375	(3, 0.987)	1	1	1
r3i1281p1f1	1851-06-02	3	1.047	1.083	0.416	1.8625862382302412	1.151078041275708	(3, 1.047)	1	1	1
r3i1281p1f1	1851-08-08	8	1.153	1.37	1.955	3.2991429430026145	3.811906498800491	(8, 1.153)	0	3	2
r3i1281p1f1	1853-06-10	3	1.118	1.333	0.629	1.9182890911516206	1.4512343346058878	(3, 1.118)	1	3	3
r3i1281p1f1	1853-06-21	4	1.114	1.271	0.82	2.293746144326841	2.0228711901914416	(4, 1.114)	1	3	3
r3i1281p1f1	1854-06-04	4	0.98	1.048	0.283	2.179286876649552	1.1829534371018604	(4, 0.98)	1	1	1
r3i1281p1f1	1854-07-27	3	0.983	1.048	0.223	1.8095695623406716	0.7695256401133637	(3, 0.983)	1	1	1
r3i1281p1f1	1854-08-09	3	1.095	1.285	0.557	1.9005820205481774	1.359502877924259	(3, 1.095)	1	1	3
r3i1281p1f1	1857-07-12	4	1.154	1.323	0.982	2.3255200642765415	2.1810951954063356	(4, 1.154)	0	3	3
r3i1281p1f1	1857-07-27	4	1.122	1.297	0.853	2.3001822083777355	2.057195932732516	(4, 1.122)	1	3	3
r3i1281p1f1	1861-07-01	4	1.475	1.871	2.265	2.5494451709255714	2.9507349076232554	(4, 1.475)	0	0	0
r3i1281p1f1	1861-08-23	6	1.408	1.687	2.997	3.077002966039259	3.8077002745237722	(6, 1.408)	2	0	0
r3i1281p1f1	1864-07-04	4	1.063	1.222	0.615	2.251712762620289	1.7783364488959144	(4, 1.063)	1	1	1
r3i1281p1f1	1865-07-04	5	1.168	1.286	1.297	2.6432369391938733	2.7408981405645343	(5, 1.168)	0	3	3
r3i1281p1f1	1866-06-17	9	1.123	1.466	1.928	3.4442887990931035	3.97134795951283	(9, 1.123)	0	3	2
r3i1281p1f1	1866-06-28	3	1.124	1.273	0.645	1.922857220904564	1.4705248215910474	(3, 1.124)	1	3	3
r3i1281p1f1	1866-08-13	3	1.032	1.102	0.37	1.8504102698672793	1.0724655547928086	(3, 1.032)	1	1	1
r3i1281p1f1	1869-06-24	3	1.079	1.206	0.512	1.888076485048371	1.297580637895095	(3, 1.079)	1	1	1
r3i1281p1f1	1874-07-06	3	1.187	1.355	0.834	1.969603367051763	1.6740247675043176	(3, 1.187)	0	3	3
r3i1281p1f1	1874-07-11	4	1.361	1.511	1.808	2.4755294879754035	2.73851474190603	(4, 1.361)	0	0	0
r3i1281p1f1	1875-06-05	3	1.107	1.181	0.594	1.9098596000764794	1.4076924158014976	(3, 1.107)	1	1	1
r3i1281p1f1	1876-07-31	6	0.977	1.087	0.408	2.7316956882298093	1.9453887117495392	(6, 0.977)	1	1	1
r3i1281p1f1	1877-06-01	3	1.155	1.238	0.737	1.9461324169557104	1.574756263914007	(3, 1.155)	1	3	3
r3i1281p1f1	1877-07-22	5	1.096	1.233	0.934	2.584273176082192	2.4373290274982997	(5, 1.096)	1	3	3
r3i1281p1f1	1879-07-15	4	1.27	1.364	1.445	2.412335956953165	2.5305171610400525	(4, 1.27)	0	3	3
r3i1281p1f1	1881-06-16	5	1.214	1.368	1.524	2.679165878156786	2.892527099508227	(5, 1.214)	0	3	3
r3i1281p1f1	1881-08-03	3	1.089	1.179	0.54	1.8959107523079055	1.3365583557022844	(3, 1.089)	1	1	1
r3i1281p1f1	1882-08-04	9	1.28	1.49	3.339	3.571221410645704	4.5125394133641885	(9, 1.28)	2	2	0
r3i1281p1f1	1882-08-21	4	1.325	1.801	1.663	2.451005098112319	2.6605392184311585	(4, 1.325)	0	0	0
r3i1281p1f1	1883-05-31	5	1.059	1.203	0.751	2.552563736022385	2.2403303892137316	(5, 1.059)	1	1	1
r3i1281p1f1	1885-06-26	7	1.272	1.404	2.54	3.2010282878246885	3.872064352927738	(7, 1.272)	0	0	0
r3i1281p1f1	1885-07-08	3	1.077	1.207	0.505	1.886502239488306	1.2875941092124685	(3, 1.077)	1	1	1
r3i1281p1f1	1886-05-31	4	0.97	1.0	0.245	2.1701959049483	1.085189268335969	(4, 0.97)	1	1	1
r3i1281p1f1	1887-07-01	7	1.09	1.244	1.265	3.053391680093326	3.1957352494833025	(7, 1.09)	0	3	2
r3i1281p1f1	1888-07-06	4	1.136	1.224	0.907	2.3113465986626185	2.110940208739207	(4, 1.136)	1	3	3
r3i1281p1f1	1888-07-21	3	0.976	0.996	0.201	1.8035965939757768	0.7151173770601508	(3, 0.976)	1	1	1
r3i1281p1f1	1890-08-07	5	1.725	2.176	4.082	3.009935247402788	3.8424188204293883	(5, 1.725)	2	0	0
r3i1281p1f1	1891-06-12	4	1.196	1.356	1.149	2.357830567220024	2.3216030988298075	(4, 1.196)	0	3	3
r3i1281p1f1	1892-08-18	5	1.126	1.296	1.088	2.6092652569342474	2.5775017681767394	(5, 1.126)	0	3	3
r3i1281p1f1	1893-07-04	4	1.188	1.402	1.118	2.351756137000495	2.29696935420841	(4, 1.188)	0	3	3
r3i1281p1f1	1893-07-12	10	1.32	1.541	4.114	3.7551835667916342	4.875930664464576	(10, 1.32)	2	2	4
r3i1281p1f1	1896-08-16	4	1.238	1.473	1.317	2.3891296943942315	2.445472580542593	(4, 1.238)	0	3	3
r3i1281p1f1	1899-07-26	9	1.168	1.517	2.333	3.482347168604923	4.15874244847105	(9, 1.168)	0	0	2
r3i1281p1f1	1900-06-22	4	1.122	1.198	0.854	2.3001822083777355	2.0582179052282092	(4, 1.122)	1	3	3
r3i1281p1f1	1900-06-28	7	1.399	1.673	3.434	3.292492115195713	4.168192274558577	(7, 1.399)	2	0	0
r3i1281p1f1	1900-07-19	3	1.115	1.207	0.617	1.9159971769397985	1.4365182695604304	(3, 1.115)	1	1	3
r3i1281p1f1	1900-08-11	6	0.997	1.163	0.53	2.7506528583462235	2.1735438766571153	(6, 0.997)	1	1	1
r3i1281p1f1	1901-06-27	3	1.082	1.122	0.519	1.8904332164023727	1.3074684211342518	(3, 1.082)	1	1	1
r3i1281p1f1	1901-07-25	6	1.002	1.101	0.561	2.7553365260951383	2.2240809691323893	(6, 1.002)	1	1	1
r3i1281p1f1	1902-08-06	4	1.111	1.25	0.807	2.291321900715335	2.0090190773832903	(4, 1.111)	1	3	3
r3i1281p1f1	1907-06-05	3	1.015	1.057	0.319	1.8364292051354612	0.9774131583651543	(3, 1.015)	1	1	1
r3i1281p1f1	1907-06-12	5	0.964	1.031	0.274	2.466220449436937	1.4020232926571967	(5, 0.964)	1	1	1
r3i1281p1f1	1907-06-19	3	0.925	0.93	0.049	1.7589678170762393	0.22682593796872969	(3, 0.925)	1	1	1
r3i1281p1f1	1907-07-07	6	1.266	1.514	2.14	2.9758521716519635	3.479745073813181	(6, 1.266)	0	0	0
r3i1281p1f1	1907-07-28	10	1.352	1.51	4.431	3.778582899276349	4.949614299182314	(10, 1.352)	2	2	4
r3i1281p1f1	1908-06-09	4	1.098	1.197	0.757	2.2807483983848713	1.9538783187044901	(4, 1.098)	1	1	1
r3i1281p1f1	1908-06-15	10	1.071	1.327	1.62	3.5515693236266377	3.955635945054067	(10, 1.071)	0	3	2
r3i1281p1f1	1908-07-11	5	1.121	1.207	1.06	2.6051430448944473	2.5534341014866544	(5, 1.121)	1	3	3
r3i1281p1f1	1911-06-08	3	1.071	1.197	0.486	1.8817645784692352	1.259974070869148	(3, 1.071)	1	1	1
r3i1281p1f1	1911-08-19	5	1.05	1.136	0.708	2.5446961686401695	2.1878115961684848	(5, 1.05)	1	1	1
r3i1281p1f1	1914-07-07	9	1.347	1.58	3.942	3.6208414837066525	4.676876705532726	(9, 1.347)	2	2	4
r3i1281p1f1	1916-06-09	4	0.881	0.99	-0.11	2.0854236133573836	-2.120263536200091	(4, 0.881)	1	1	1
r3i1281p1f1	1916-06-27	3	1.061	1.224	0.455	1.8738182540964106	1.213204863124527	(3, 1.061)	1	1	1
r3i1281p1f1	1917-05-31	6	1.579	1.768	4.022	3.1866197802495573	4.096194291631422	(6, 1.579)	2	0	0
r3i1281p1f1	1917-08-08	8	1.246	1.394	2.697	3.3739550419102926	4.127555967836316	(8, 1.246)	0	0	2
r3i1281p1f1	1918-07-11	3	1.166	1.315	0.772	1.9542628429622635	1.6117212377276255	(3, 1.166)	0	3	3
r3i1281p1f1	1918-08-09	3	0.975	1.034	0.198	1.8027403929532473	0.7074633039401214	(3, 0.975)	1	1	1
r3i1281p1f1	1921-07-15	3	1.137	1.291	0.683	1.9326838233665247	1.5149012963880648	(3, 1.137)	1	3	3
r3i1281p1f1	1921-08-01	4	1.086	1.225	0.71	2.2708880062507912	1.8991179875485544	(4, 1.086)	1	1	1
r3i1281p1f1	1921-08-12	4	1.192	1.257	1.134	2.35479796444098	2.309759296742046	(4, 1.192)	0	3	3
r3i1281p1f1	1922-06-04	11	1.226	1.478	3.487	3.8227108437946247	4.85371460308976	(11, 1.226)	2	2	2
r3i1281p1f1	1922-08-30	3	1.091	1.22	0.545	1.897470267505701	1.3433615650014081	(3, 1.091)	1	1	1
r3i1281p1f1	1926-08-04	4	1.117	1.227	0.83	2.296164525191123	2.033397603178429	(4, 1.117)	1	3	3
r3i1281p1f1	1927-06-18	4	1.082	1.255	0.694	2.2675794837952306	1.8797703465507682	(4, 1.082)	1	1	3
r3i1281p1f1	1928-06-06	5	1.21	1.418	1.505	2.6760923635947345	2.8806811514224093	(5, 1.21)	0	3	3
r3i1281p1f1	1928-06-24	4	1.349	1.542	1.76	2.4674213354469807	2.71336936257981	(4, 1.349)	0	0	0
r3i1281p1f1	1928-06-30	3	1.089	1.182	0.54	1.8959107523079055	1.3365583557022844	(3, 1.089)	1	1	1
r3i1281p1f1	1928-07-06	3	1.08	1.115	0.512	1.888862679459286	1.297580637895095	(3, 1.08)	1	1	1
r3i1281p1f1	1928-07-13	5	1.639	1.988	3.649	2.9613777094014493	3.7328260080977924	(5, 1.639)	2	0	0
r3i1281p1f1	1929-08-07	7	1.281	1.444	2.605	3.207792713716798	3.8968134271228148	(7, 1.281)	0	0	0
r3i1281p1f1	1931-08-26	4	1.46	1.669	2.204	2.5400259490090797	2.9248805325820397	(4, 1.46)	0	0	0
r3i1281p1f1	1933-06-15	4	1.28	1.472	1.483	2.419478844465545	2.5544327124366104	(4, 1.28)	0	0	3
r3i1281p1f1	1933-07-03	5	1.307	1.651	1.988	2.7480849567407475	3.145294543984803	(5, 1.307)	0	0	0
r3i1281p1f1	1934-07-24	6	1.217	1.364	1.848	2.938430125362549	3.33790048114498	(6, 1.217)	0	3	3
r3i1281p1f1	1934-08-28	3	0.927	0.962	0.055	1.7607560064208525	0.25137205803606355	(3, 0.927)	1	1	1
r3i1281p1f1	1935-08-10	3	1.078	1.239	0.507	1.8872896720494419	1.2904575942287915	(3, 1.078)	1	1	1
r3i1281p1f1	1937-08-06	6	1.275	1.505	2.195	2.9825759338228286	3.5043488565587166	(6, 1.275)	0	0	0
r3i1281p1f1	1938-06-05	4	1.086	1.164	0.707	2.2708880062507912	1.8955187035189074	(4, 1.086)	1	1	1
r3i1281p1f1	1939-05-31	3	0.93	0.962	0.062	1.7634323091555903	0.27926785969727214	(3, 0.93)	1	1	1
r3i1281p1f1	1941-07-23	3	1.126	1.319	0.651	1.9243753052704822	1.4776638838106866	(3, 1.126)	1	3	3
r3i1281p1f1	1943-06-15	10	1.152	1.512	2.431	3.6224575243456787	4.355104590830731	(10, 1.152)	2	2	2
r3i1281p1f1	1943-07-24	10	1.139	1.5	2.297	3.6114135343796367	4.299154649306682	(10, 1.139)	2	2	2
r3i1281p1f1	1943-08-07	3	1.098	1.171	0.568	1.9029094972892788	1.3740736353341576	(3, 1.098)	1	1	1
r3i1281p1f1	1943-08-13	6	1.302	1.567	2.356	3.0024801488784725	3.5730753435799896	(6, 1.302)	0	0	0
r3i1281p1f1	1943-08-27	6	1.08	1.134	1.024	2.8256965479050975	2.775687975816727	(6, 1.08)	1	1	1
r3i1281p1f1	1944-06-13	3	1.329	1.454	1.26	2.0675823194866925	2.021170280523964	(3, 1.329)	0	0	3
r3i1281p1f1	1946-07-23	5	1.047	1.112	0.689	2.542059830547561	2.163696999687531	(5, 1.047)	1	1	1
r3i1281p1f1	1949-06-20	5	1.034	1.15	0.624	2.5305546956599763	2.0765037417934287	(5, 1.034)	1	1	1
r3i1281p1f1	1949-07-31	4	1.062	1.174	0.611	2.250870657307367	1.7729163814265751	(4, 1.062)	1	1	1
r3i1281p1f1	1949-08-24	4	1.152	1.225	0.971	2.3239551187302383	2.1711087302056598	(4, 1.152)	1	3	3
r3i1281p1f1	1951-06-07	3	1.184	1.32	0.825	1.96742621912213	1.6652180182711651	(3, 1.184)	0	3	3
r3i1281p1f1	1951-07-15	4	1.347	1.515	1.751	2.4660635619865205	2.708583392263869	(4, 1.347)	0	0	0
r3i1281p1f1	1951-08-01	6	1.346	1.712	2.625	3.034091036619473	3.678310383964168	(6, 1.346)	2	0	0
r3i1281p1f1	1952-08-17	3	1.134	1.203	0.674	1.9304247013565112	1.5045676616666381	(3, 1.134)	1	1	3
r3i1281p1f1	1955-05-30	6	1.033	1.111	0.743	2.7838956464748303	2.4782030032518683	(6, 1.033)	1	1	1
r3i1281p1f1	1956-06-20	6	1.306	1.524	2.384	3.005395514906307	3.5845600985044594	(6, 1.306)	0	0	0
r3i1281p1f1	1957-08-19	3	1.041	1.155	0.397	1.8577336268521103	1.1193532049845927	(3, 1.041)	1	1	1
r3i1281p1f1	1958-06-04	3	0.981	1.042	0.216	1.8078666372859462	0.7525328814917481	(3, 0.981)	1	1	1
r3i1281p1f1	1958-07-25	3	1.314	1.577	1.216	2.057674382091276	1.9904083056570567	(3, 1.314)	0	0	0
r3i1281p1f1	1959-05-31	10	1.175	1.511	2.662	3.6417030030170956	4.444764684141877	(10, 1.175)	2	2	2
r3i1281p1f1	1959-07-08	8	1.727	2.172	6.543	3.6908163060919086	5.004289800083616	(8, 1.727)	2	2	4
r3i1281p1f1	1959-07-19	4	1.233	1.411	1.295	2.38545457081634	2.4300984132930052	(4, 1.233)	0	3	3
r3i1281p1f1	1959-08-02	4	1.68	2.184	3.084	2.67000213346468	3.245400903807556	(4, 1.68)	2	0	0
r3i1281p1f1	1959-08-13	12	1.436	1.855	6.323	4.105834944739401	5.575351099188921	(12, 1.436)	2	2	4
r3i1281p1f1	1965-07-02	3	0.987	1.04	0.234	1.8129667372033864	0.7956584911963684	(3, 0.987)	1	1	1
r3i1281p1f1	1965-07-08	5	1.11	1.173	1.007	2.596013916827673	2.506227916399523	(5, 1.11)	1	3	3
r3i1281p1f1	1965-08-23	3	1.059	1.087	0.45	1.8722213837369455	1.20545228641777	(3, 1.059)	1	1	1
r3i1281p1f1	1965-08-28	4	1.255	1.463	1.383	2.401525040848949	2.4902258112656	(4, 1.255)	0	3	3
r3i1281p1f1	1967-06-09	6	1.181	1.318	1.635	2.910015566337376	3.2200549045485944	(6, 1.181)	0	3	3
r3i1281p1f1	1968-05-31	4	1.016	1.119	0.428	2.2113466125597747	1.4870442642200337	(4, 1.016)	1	1	1
r3i1281p1f1	1968-06-12	3	1.114	1.235	0.614	1.9152320367430575	1.4328051646484807	(3, 1.114)	1	1	3
r3i1281p1f1	1968-08-01	6	1.202	1.424	1.756	2.9266886878321094	3.2886937825965044	(6, 1.202)	0	3	3
r3i1281p1f1	1968-08-12	3	1.074	1.275	0.497	1.8841362146551381	1.2760574624548071	(3, 1.074)	1	1	1
r3i1281p1f1	1968-08-17	3	1.037	1.115	0.386	1.8544854208953232	1.100515421616143	(3, 1.037)	1	1	1
r3i1281p1f1	1969-07-19	9	1.141	1.38	2.086	3.4596863913481686	4.048684494186576	(9, 1.141)	0	3	2
r3i1281p1f1	1969-08-05	3	1.033	1.116	0.373	1.85122662970424	1.0777851870249011	(3, 1.033)	1	1	1
r3i1281p1f1	1969-08-19	3	0.956	0.982	0.14	1.786331718287074	0.5466528967733287	(3, 0.956)	1	1	1
r3i1281p1f1	1971-07-01	3	1.142	1.286	0.698	1.9364377221875966	1.531890207711171	(3, 1.142)	1	3	3
r3i1281p1f1	1973-08-11	3	1.031	1.118	0.365	1.8495932430423958	1.0635361281984803	(3, 1.031)	1	1	1
r3i1281p1f1	1974-06-28	4	1.042	1.183	0.534	2.233877894984255	1.662409797200206	(4, 1.042)	1	1	1
r3i1281p1f1	1975-08-20	3	1.005	1.063	0.29	1.8281128037140733	0.9190406284743298	(3, 1.005)	1	1	1
r3i1281p1f1	1977-08-10	4	1.041	1.219	0.527	2.2330206296081365	1.6517308246243518	(4, 1.041)	1	1	1
r3i1281p1f1	1978-06-05	5	1.184	1.235	1.377	2.6558809039642464	2.7969964177259863	(5, 1.184)	0	3	3
r3i1281p1f1	1978-07-11	7	1.303	1.487	2.755	3.2241378643517766	3.9516919649094264	(7, 1.303)	0	0	0
r3i1281p1f1	1978-07-28	5	1.357	1.632	2.243	2.7832641136467724	3.261072964361203	(5, 1.357)	0	0	0
r3i1281p1f1	1979-08-16	3	0.967	0.984	0.176	1.7958642651405032	0.64946841476639	(3, 0.967)	1	1	1
r3i1281p1f1	1981-06-19	5	1.108	1.206	0.997	2.5943450840730553	2.497065667405072	(5, 1.108)	1	3	3
r3i1281p1f1	1981-07-05	3	1.19	1.354	0.844	1.9717757853036324	1.683719932039788	(3, 1.19)	0	3	3
r3i1281p1f1	1981-07-14	3	0.987	1.063	0.235	1.8129667372033864	0.7980006864112451	(3, 0.987)	1	1	1
r3i1281p1f1	1981-07-22	5	1.075	1.178	0.832	2.566399488517791	2.3323422043476523	(5, 1.075)	1	1	1
r3i1281p1f1	1982-07-14	4	1.037	1.102	0.512	2.229584200109555	1.6284559182698621	(4, 1.037)	1	1	1
r3i1281p1f1	1983-07-31	3	1.0	1.047	0.273	1.823928522430647	0.8831680263634194	(3, 1.0)	1	1	1
r3i1281p1f1	1987-07-21	5	1.245	1.353	1.682	2.7026706344750906	2.985951178763641	(5, 1.245)	0	3	3
r3i1281p1f1	1988-07-29	6	1.192	1.265	1.699	2.918783766920111	3.2569458161153637	(6, 1.192)	0	3	3
r3i1281p1f1	1989-06-13	7	1.088	1.269	1.256	3.051641890599911	3.1888884865256273	(7, 1.088)	0	3	2
r3i1281p1f1	1989-06-24	10	1.167	1.349	2.579	3.6350508510236543	4.413466444087204	(10, 1.167)	0	2	2
r3i1281p1f1	1989-07-09	3	1.07	1.132	0.484	1.8809727815008697	1.2570218217175886	(3, 1.07)	1	1	1
r3i1281p1f1	1993-06-03	5	1.195	1.31	1.431	2.6644818112970086	2.833158423666413	(5, 1.195)	0	3	3
r3i1281p1f1	1993-06-14	3	1.122	1.208	0.639	1.9213368284541927	1.463334426473694	(3, 1.122)	1	1	3
r3i1281p1f1	1994-07-09	10	1.298	1.471	3.895	3.7387729148798203	4.821657351548027	(10, 1.298)	2	2	4
r3i1281p1f1	1994-08-02	4	1.557	1.763	2.594	2.599425103230592	3.0797057073301697	(4, 1.557)	2	0	0
r3i1281p1f1	1999-07-05	3	1.033	1.104	0.372	1.85122662970424	1.0760151186962577	(3, 1.033)	1	1	1
r3i1281p1f1	1999-07-15	3	0.968	1.03	0.177	1.7967263712524728	0.6521788101288601	(3, 0.968)	1	1	1
r3i1281p1f1	1999-07-29	3	1.235	1.335	0.977	2.0038081315273124	1.8044520625451974	(3, 1.235)	0	3	3
r3i1281p1f1	1999-08-13	4	1.344	1.61	1.738	2.4640234388715765	2.7016296332992873	(4, 1.344)	0	0	0
r3i1281p1f1	2000-07-27	3	1.285	1.391	1.128	2.03823612251305	1.925891088549062	(3, 1.285)	0	3	3
r3i1281p1f1	2000-08-16	3	1.179	1.417	0.81	1.9637870727255824	1.6503655261557868	(3, 1.179)	0	3	3
r3i1281p1f1	2001-06-07	4	1.121	1.352	0.847	2.2993799620450974	2.051042067158138	(4, 1.121)	0	3	3
r3i1281p1f1	2001-06-26	5	1.06	1.129	0.756	2.5534341014866544	2.2462620077528546	(5, 1.06)	1	1	1
r3i1281p1f1	2001-07-04	3	1.02	1.065	0.334	1.8405616128750606	1.0063196847660814	(3, 1.02)	1	1	1
r3i1281p1f1	2001-07-26	6	1.035	1.152	0.759	2.7857104608566283	2.4977386570162534	(6, 1.035)	1	1	1
r3i1281p1f1	2002-06-27	3	1.203	1.291	0.884	1.9811354412044515	1.721587106284578	(3, 1.203)	0	3	3
r3i1281p1f1	2003-06-01	8	1.455	1.737	4.368	3.5240900588243615	4.603534423328837	(8, 1.455)	2	2	4
r3i1281p1f1	2005-07-18	3	0.96	1.02	0.154	1.7898086218618807	0.5879019210914366	(3, 0.96)	1	1	1
r3i1281p1f1	2006-07-12	5	1.239	1.58	1.651	2.698164236965281	2.9682963857785345	(5, 1.239)	0	0	0
r3i1281p1f1	2007-06-26	5	1.18	1.385	1.355	2.65273486896079	2.781880454306518	(5, 1.18)	0	3	3
r3i1281p1f1	2008-08-27	5	1.271	1.44	1.813	2.7219670441761172	3.05729557072557	(5, 1.271)	0	0	0
r3i1281p1f1	2009-08-09	4	1.202	1.341	1.173	2.3623622970299065	2.3402661599617343	(4, 1.202)	0	3	3
r3i1301p1f1	1851-07-06	3	1.164	1.268	0.769	1.9527894920251458	1.6086058089442759	(3, 1.164)	1	3	3
r3i1301p1f1	1855-07-31	3	1.058	1.12	0.45	1.871421991289987	1.20545228641777	(3, 1.058)	1	1	1
r3i1301p1f1	1856-05-31	6	1.248	1.484	2.045	2.962267481345029	3.4357675266401126	(6, 1.248)	0	0	0
r3i1301p1f1	1856-07-30	6	1.036	1.136	0.769	2.786616634458246	2.5097574346816103	(6, 1.036)	1	1	1
r3i1301p1f1	1857-08-25	5	1.173	1.42	1.325	2.6472053787793253	2.760892484079883	(5, 1.173)	0	3	3
r3i1301p1f1	1858-07-16	4	1.049	1.102	0.567	2.2398582630857407	1.7112722183153684	(4, 1.049)	1	1	1
r3i1301p1f1	1859-07-04	6	0.992	1.162	0.504	2.745947150585152	2.1290952593291728	(6, 0.992)	1	1	1
r3i1301p1f1	1859-07-14	5	1.398	1.589	2.453	2.811215218179267	3.3472821879770702	(5, 1.398)	0	0	0
r3i1301p1f1	1861-06-12	4	1.028	1.116	0.481	2.221808782966758	1.5785662487670133	(4, 1.028)	1	1	1
r3i1301p1f1	1861-06-28	5	0.975	1.04	0.337	2.4766082624091137	1.5618796430089625	(5, 0.975)	1	1	1
r3i1301p1f1	1863-06-26	3	0.99	1.042	0.247	1.8155070660787613	0.825687303217429	(3, 0.99)	1	1	1
r3i1301p1f1	1864-07-29	4	0.97	1.056	0.25	2.1701959049483	1.0986122886681096	(4, 0.97)	1	1	1
r3i1301p1f1	1865-06-02	7	1.112	1.29	1.428	3.0724399587707545	3.31225432583265	(7, 1.112)	0	3	2
r3i1301p1f1	1865-06-25	6	1.187	1.431	1.679	2.914807749383393	3.2455629220311364	(6, 1.187)	0	3	3
r3i1301p1f1	1865-07-29	4	1.26	1.42	1.411	2.4051416813191375	2.508623176405316	(4, 1.26)	0	3	3
r3i1301p1f1	1867-08-24	3	0.96	1.016	0.157	1.7898086218618807	0.5965239007177077	(3, 0.96)	1	1	1
r3i1301p1f1	1868-08-04	3	1.111	1.365	0.611	1.9129330972319676	1.4290782211885045	(3, 1.111)	1	3	3
r3i1301p1f1	1868-08-20	7	1.019	1.204	0.778	2.9893189572255676	2.7349362853019983	(7, 1.019)	1	1	1
r3i1301p1f1	1869-07-05	3	1.019	1.057	0.333	1.839736496341625	1.0044183630992942	(3, 1.019)	1	1	1
r3i1301p1f1	1870-07-28	4	0.984	1.056	0.306	2.182900250048066	1.2377943528014466	(4, 0.984)	1	1	1
r3i1301p1f1	1874-08-27	4	1.122	1.21	0.857	2.3001822083777355	2.0612775710521647	(4, 1.122)	1	3	3
r3i1301p1f1	1877-08-08	5	1.034	1.159	0.634	2.5305546956599763	2.090422960664328	(5, 1.034)	1	1	1
r3i1301p1f1	1878-06-14	18	1.385	2.226	8.594	4.670667925021705	6.488144450022033	(18, 1.385)	2	2	4
r3i1301p1f1	1880-06-02	3	0.998	1.073	0.273	1.8222498952796893	0.8831680263634194	(3, 0.998)	1	1	1
r3i1301p1f1	1880-06-08	4	1.388	1.491	1.923	2.4935359764860547	2.7963052488570974	(4, 1.388)	0	0	0
r3i1301p1f1	1880-08-08	3	1.183	1.345	0.826	1.9666994485426734	1.666200384784523	(3, 1.183)	0	3	3
r3i1301p1f1	1881-06-05	3	1.075	1.11	0.501	1.8849255117711192	1.281842422518679	(3, 1.075)	1	1	1
r3i1301p1f1	1881-08-05	5	0.97	1.006	0.312	2.4718999018290106	1.5014664456300484	(5, 0.97)	1	1	1
r3i1301p1f1	1881-08-14	3	1.385	1.553	1.431	2.1037281090948614	2.1324720027003963	(3, 1.385)	0	0	0
r3i1301p1f1	1882-06-25	3	0.979	1.033	0.214	1.8061608073299462	0.7476242949774393	(3, 0.979)	1	1	1
r3i1301p1f1	1885-07-29	4	1.182	1.364	1.1	2.3471759763219207	2.2823823856765264	(4, 1.182)	0	3	3
r3i1301p1f1	1888-06-04	5	1.013	1.151	0.527	2.5116852401754226	1.9303669948991304	(5, 1.013)	1	1	1
r3i1301p1f1	1888-07-15	3	1.154	1.346	0.74	1.9453899989154602	1.5779787810277053	(3, 1.154)	0	3	3
r3i1301p1f1	1889-07-03	5	1.413	1.756	2.525	2.8212491316245214	3.3752078341262295	(5, 1.413)	2	0	0
r3i1301p1f1	1890-08-04	3	1.004	1.078	0.289	1.827277346942111	0.9169657240805377	(3, 1.004)	1	1	1
r3i1301p1f1	1890-08-11	6	1.146	1.233	1.433	2.8815939830022073	3.0937983255630623	(6, 1.146)	0	3	3
r3i1301p1f1	1893-07-27	7	1.172	1.407	1.852	3.122617921378473	3.563869366017943	(7, 1.172)	0	3	2
r3i1301p1f1	1895-06-13	14	1.238	1.508	4.633	4.187385591079425	5.495902594478216	(14, 1.238)	2	2	4
r3i1301p1f1	1895-06-29	8	1.174	1.493	2.13	3.3165318893182865	3.8958204136167582	(8, 1.174)	0	3	2
r3i1301p1f1	1896-06-14	5	1.299	1.676	1.956	2.7423396417658368	3.1297711232731027	(5, 1.299)	0	0	0
r3i1301p1f1	1899-07-08	4	0.946	0.996	0.155	2.1480343331454477	0.8064758658669485	(4, 0.946)	1	1	1
r3i1301p1f1	1899-08-22	3	1.078	1.241	0.51	1.8872896720494419	1.2947375060561312	(3, 1.078)	1	1	1
r3i1301p1f1	1900-08-01	3	1.02	1.074	0.338	1.8405616128750606	1.0138890260833204	(3, 1.02)	1	1	1
r3i1301p1f1	1901-06-02	9	1.186	1.357	2.508	3.4971740060096406	4.229982068764199	(9, 1.186)	0	3	2
r3i1301p1f1	1901-07-19	4	1.16	1.292	1.01	2.330200260027019	2.206074192613202	(4, 1.16)	0	3	3
r3i1301p1f1	1902-06-30	3	0.987	1.067	0.238	1.8129667372033864	0.8049945355799463	(3, 0.987)	1	1	1
r3i1301p1f1	1902-07-05	5	1.103	1.198	0.977	2.590160776980125	2.4784854169022004	(5, 1.103)	1	3	3
r3i1301p1f1	1902-07-16	5	1.404	1.65	2.483	2.8152408731246443	3.359012790501516	(5, 1.404)	0	0	0
r3i1301p1f1	1902-07-28	5	1.017	1.065	0.545	2.5153069801743895	1.9591485955220462	(5, 1.017)	1	1	1
r3i1301p1f1	1902-08-08	3	1.033	1.172	0.375	1.85122662970424	1.0813159518954125	(3, 1.033)	1	1	1
r3i1301p1f1	1903-06-03	3	0.959	1.03	0.153	1.7889405286417714	0.5850113287025911	(3, 0.959)	1	1	1
r3i1301p1f1	1906-06-15	4	1.155	1.39	0.99	2.3263016196113617	2.188295946591918	(4, 1.155)	0	3	3
r3i1301p1f1	1908-07-08	5	1.302	1.622	1.973	2.74449800492959	3.138047934934605	(5, 1.302)	0	0	0
r3i1301p1f1	1908-08-01	3	1.037	1.075	0.388	1.8544854208953232	1.1039669733908037	(3, 1.037)	1	1	1
r3i1301p1f1	1909-07-19	3	1.1	1.184	0.579	1.9044581443609874	1.3884351312223295	(3, 1.1)	1	1	1
r3i1301p1f1	1911-07-22	4	1.11	1.228	0.808	2.2905125117597764	2.010091463545043	(4, 1.11)	1	3	3
r3i1301p1f1	1911-08-02	5	1.288	1.456	1.903	2.7343855466009805	3.103518251664181	(5, 1.288)	0	0	0
r3i1301p1f1	1913-06-25	6	0.979	1.146	0.429	2.7336076590601963	1.98855721055675	(6, 0.979)	1	1	1
r3i1301p1f1	1913-07-06	6	1.004	1.1	0.581	2.7572038681187534	2.2553804018486816	(6, 1.004)	1	1	1
r3i1301p1f1	1916-06-09	4	1.088	1.274	0.722	2.272538171641749	1.9133869573497533	(4, 1.088)	1	3	3
r3i1301p1f1	1916-07-17	3	1.051	1.128	0.432	1.8658082795298527	1.1770345600233627	(3, 1.051)	1	1	1
r3i1301p1f1	1917-08-13	4	1.438	1.707	2.121	2.5260485931191754	2.8885923979960872	(4, 1.438)	0	0	0
r3i1301p1f1	1918-05-31	5	1.028	1.199	0.605	2.5251996567669273	2.049511270564143	(5, 1.028)	1	1	1
r3i1301p1f1	1918-06-25	3	1.121	1.188	0.642	1.9205757645020043	1.4669360867411914	(3, 1.121)	1	1	1
r3i1301p1f1	1919-06-04	6	0.951	1.001	0.258	2.7065015674092066	1.5669082360356847	(6, 0.951)	1	1	1
r3i1301p1f1	1919-07-14	3	1.303	1.378	1.188	2.0503456578987986	1.9703280309734539	(3, 1.303)	0	3	3
r3i1301p1f1	1920-06-29	4	1.227	1.367	1.279	2.381026519300608	2.418766847283455	(4, 1.227)	0	3	3
r3i1301p1f1	1920-07-06	4	0.953	1.032	0.181	2.1545490141666415	0.8952713646500796	(4, 0.953)	1	1	1
r3i1301p1f1	1920-07-18	5	1.182	1.473	1.37	2.6543091236540386	2.792211532259115	(5, 1.182)	0	3	3
r3i1301p1f1	1921-06-03	3	1.142	1.306	0.703	1.9364377221875966	1.5374896394392314	(3, 1.142)	1	3	3
r3i1301p1f1	1923-06-12	5	1.079	1.129	0.856	2.569828721564884	2.3580548932776337	(5, 1.079)	1	1	1
r3i1301p1f1	1926-06-09	3	1.379	1.468	1.415	2.0999172501159333	2.1225675612702424	(3, 1.379)	0	0	0
r3i1301p1f1	1926-07-28	4	0.992	1.026	0.338	2.1900880617668994	1.309413316783933	(4, 0.992)	1	1	1
r3i1301p1f1	1928-07-28	3	1.136	1.343	0.686	1.9319313496243482	1.5183222469767685	(3, 1.136)	1	3	3
r3i1301p1f1	1931-06-28	3	1.022	1.102	0.344	1.8422098062945378	1.025136682368824	(3, 1.022)	1	1	1
r3i1301p1f1	1931-07-06	4	1.048	1.112	0.562	2.2390061113511743	1.7040205549200482	(4, 1.048)	1	1	1
r3i1301p1f1	1931-07-16	11	1.381	2.018	5.21	3.939304404515606	5.252670033865986	(11, 1.381)	2	2	4
r3i1301p1f1	1933-07-02	5	1.201	1.366	1.467	2.6691422212482183	2.8565597777813	(5, 1.201)	0	3	3
r3i1301p1f1	1934-06-09	4	1.049	1.117	0.565	2.2398582630857407	1.7083778602890038	(4, 1.049)	1	1	1
r3i1301p1f1	1935-08-20	10	1.161	1.292	2.536	3.6300325352896605	4.396858120682129	(10, 1.161)	0	3	2
r3i1301p1f1	1937-07-02	5	1.039	1.11	0.657	2.5349954261979355	2.1217204710852613	(5, 1.039)	1	1	1
r3i1301p1f1	1937-08-07	6	1.144	1.316	1.419	2.8799452342594507	3.0844276999469877	(6, 1.144)	0	3	3
r3i1301p1f1	1941-05-31	10	1.647	2.476	7.397	3.9718513208739457	5.459218121228135	(10, 1.647)	2	2	4
r3i1301p1f1	1941-07-28	5	1.214	1.289	1.532	2.679165878156786	2.8974731889213006	(5, 1.214)	0	3	3
r3i1301p1f1	1941-08-21	3	1.167	1.266	0.78	1.9549987051934683	1.6199819065811056	(3, 1.167)	1	3	3
r3i1301p1f1	1942-06-08	5	1.382	1.728	2.371	2.8004002297075288	3.314498169517101	(5, 1.382)	0	0	0
r3i1301p1f1	1942-07-18	3	1.217	1.347	0.928	1.9911180540358446	1.7616489034129674	(3, 1.217)	0	3	3
r3i1301p1f1	1945-07-08	4	1.139	1.307	0.928	2.3137228374045016	2.1310847748316744	(4, 1.139)	0	3	3
r3i1301p1f1	1948-07-14	5	1.112	1.288	1.02	2.597679969218845	2.518014703038779	(5, 1.112)	1	3	3
r3i1301p1f1	1949-06-04	8	1.449	1.742	4.334	3.520079878765022	4.5957986628123555	(8, 1.449)	2	2	4
r3i1301p1f1	1949-06-15	10	1.155	1.361	2.478	3.6249889089930813	4.374010093133856	(10, 1.155)	0	3	2
r3i1301p1f1	1952-08-06	11	1.221	1.389	3.451	3.8187137487450986	4.843418237164047	(11, 1.221)	2	2	2
r3i1301p1f1	1956-07-03	7	1.317	1.662	2.866	3.234401922271251	3.990447101750555	(7, 1.317)	2	0	0
r3i1301p1f1	1957-06-28	4	0.963	0.991	0.223	2.1637826901135866	1.0238887424721732	(4, 0.963)	1	1	1
r3i1301p1f1	1959-06-26	3	1.218	1.306	0.93	1.991827299029127	1.7634323091555903	(3, 1.218)	0	3	3
r3i1301p1f1	1962-06-10	8	1.231	1.493	2.592	3.362260772730131	4.088498588747596	(8, 1.231)	0	0	2
r3i1301p1f1	1962-07-24	7	1.362	1.637	3.181	3.266697634607682	4.092892582667711	(7, 1.362)	2	0	0
r3i1301p1f1	1967-07-05	5	1.241	1.48	1.669	2.6996686269991383	2.9785854673249017	(5, 1.241)	0	3	3
r3i1301p1f1	1969-06-19	4	1.039	1.052	0.527	2.231303890989082	1.6517308246243518	(4, 1.039)	1	1	1
r3i1301p1f1	1969-08-10	4	1.221	1.333	1.252	2.376578772902372	2.399348761426354	(4, 1.221)	0	3	3
r3i1301p1f1	1969-08-26	3	1.022	1.075	0.345	1.8422098062945378	1.0269990533939195	(3, 1.022)	1	1	1
r3i1301p1f1	1970-05-30	5	1.214	1.636	1.531	2.679165878156786	2.8968562639553945	(5, 1.214)	0	0	0
r3i1301p1f1	1970-07-29	3	1.089	1.184	0.544	1.8959107523079055	1.3420046207966683	(3, 1.089)	1	1	1
r3i1301p1f1	1972-08-09	4	1.087	1.135	0.718	2.2717134293269585	1.9086532206995543	(4, 1.087)	1	1	1
r3i1301p1f1	1973-06-30	4	1.159	1.314	1.005	2.3294217469476055	2.201659174404085	(4, 1.159)	0	3	3
r3i1301p1f1	1973-07-13	7	1.148	1.198	1.687	3.1028478373206854	3.4733219692100366	(7, 1.148)	0	3	2
r3i1301p1f1	1973-08-29	4	1.212	1.442	1.22	2.369869839799642	2.3758355547336385	(4, 1.212)	0	3	3
r3i1301p1f1	1975-05-31	3	1.076	1.149	0.505	1.8857141863884672	1.2875941092124685	(3, 1.076)	1	1	1
r3i1301p1f1	1975-06-08	5	1.212	1.298	1.524	2.677630301686766	2.892527099508227	(5, 1.212)	0	3	3
r3i1301p1f1	1975-07-12	3	1.221	1.398	0.94	1.9939520208237795	1.7723019395273694	(3, 1.221)	0	3	3
r3i1301p1f1	1975-08-05	5	1.422	1.596	2.575	2.8272215064453143	3.3941517933703	(5, 1.422)	0	0	0
r3i1301p1f1	1977-06-02	3	1.156	1.214	0.745	1.9468742842202946	1.5833266728259545	(3, 1.156)	1	3	3
r3i1301p1f1	1979-06-07	3	1.032	1.096	0.374	1.8504102698672793	1.0795521277469189	(3, 1.032)	1	1	1
r3i1301p1f1	1979-06-14	4	1.079	1.214	0.687	2.265090888566465	1.8711866028593769	(4, 1.079)	1	1	1
r3i1301p1f1	1979-08-19	3	0.994	1.063	0.26	1.8188841638866633	0.8548406121371308	(3, 0.994)	1	1	1
r3i1301p1f1	1981-06-23	5	1.124	1.209	1.082	2.607618410672532	2.5723929510735957	(5, 1.124)	1	3	3
r3i1301p1f1	1981-07-08	8	1.417	1.681	4.078	3.4984163411965925	4.535547900580175	(8, 1.417)	2	2	0
r3i1301p1f1	1981-07-27	3	1.028	1.174	0.362	1.8471381497189576	1.0581399472550679	(3, 1.028)	1	1	1
r3i1301p1f1	1983-08-02	3	1.095	1.244	0.562	1.9005820205481774	1.3661522799138386	(3, 1.095)	1	1	3
r3i1301p1f1	1985-06-02	4	1.152	1.216	0.979	2.3239551187302383	2.1783814895347393	(4, 1.152)	1	3	3
r3i1301p1f1	1985-06-09	4	1.022	1.105	0.46	2.2165913798270696	1.5432981099295553	(4, 1.022)	1	1	1
r3i1301p1f1	1986-06-02	4	0.983	1.042	0.302	2.181998130004928	1.2284702759263233	(4, 0.983)	1	1	1
r3i1301p1f1	1986-06-29	4	1.2	1.521	1.169	2.3608540011180215	2.337179737758545	(4, 1.2)	0	3	3
r3i1301p1f1	1986-07-10	9	1.267	1.498	3.237	3.5613017317412075	4.48186065736242	(9, 1.267)	2	2	2
r3i1301p1f1	1986-08-02	5	1.374	1.817	2.333	2.7949485553697855	3.298933287788018	(5, 1.374)	0	0	0
r3i1301p1f1	1988-08-20	3	1.036	1.054	0.385	1.8536717181554538	1.098785167970973	(3, 1.036)	1	1	1
r3i1301p1f1	1989-07-31	5	1.257	1.363	1.75	2.7116229604290782	3.0236195243432946	(5, 1.257)	0	3	3
r3i1301p1f1	1990-06-25	3	1.057	1.132	0.448	1.8706219593034668	1.202334348401582	(3, 1.057)	1	1	1
r3i1301p1f1	1991-07-14	3	1.07	1.136	0.487	1.8809727815008697	1.2614469334490395	(3, 1.07)	1	1	1
r3i1301p1f1	1994-06-14	3	1.026	1.157	0.354	1.8454980658277378	1.0436061303477935	(3, 1.026)	1	1	1
r3i1301p1f1	1994-06-19	3	1.119	1.221	0.634	1.9190518967353905	1.4573026819560444	(3, 1.119)	1	1	3
r3i1301p1f1	1994-08-13	5	1.08	1.164	0.862	2.5706841955283615	2.364381073962495	(5, 1.08)	1	1	1
r3i1301p1f1	1995-06-01	3	1.127	1.173	0.657	1.9251334841096133	1.4847523408808556	(3, 1.127)	1	1	1
r3i1301p1f1	1995-06-26	4	1.248	1.316	1.363	2.39643966846567	2.476874478090736	(4, 1.248)	0	3	3
r3i1301p1f1	1995-07-13	7	1.091	1.27	1.287	3.0542654280165578	3.2122770431740846	(7, 1.091)	0	3	2
r3i1301p1f1	1996-07-08	6	1.273	1.354	2.194	2.981085666534982	3.503906875685196	(6, 1.273)	0	0	0
r3i1301p1f1	1997-06-03	5	1.204	1.389	1.481	2.671464306665527	2.8655144349484867	(5, 1.204)	0	3	3
r3i1301p1f1	2000-07-28	3	1.222	1.296	0.943	1.9946592593953143	1.7749475601565292	(3, 1.222)	0	3	3
r3i1301p1f1	2004-05-31	6	1.62	2.067	4.273	3.2112081149665253	4.1557534728816625	(6, 1.62)	2	0	0
r3i1301p1f1	2004-07-22	3	1.001	1.154	0.281	1.82476678051635	0.9002096539729642	(3, 1.001)	1	1	1
r3i1301p1f1	2005-07-09	3	1.182	1.377	0.822	1.965972149383562	1.6622651151608299	(3, 1.182)	0	3	3
r3i1301p1f1	2007-05-30	6	1.102	1.323	1.165	2.844678321038225	2.8971229892972574	(6, 1.102)	0	3	3
r3i1301p1f1	2007-06-18	10	1.263	1.731	3.556	3.712097000009284	4.731367443434177	(10, 1.263)	2	2	4
r3i1301p1f1	2007-07-20	4	1.193	1.438	1.141	2.3555569777601515	2.3153038654018205	(4, 1.193)	0	3	3
r3i1301p1f1	2007-08-17	5	1.148	1.289	1.202	2.6272037954445886	2.6699168489952196	(5, 1.148)	0	3	3
r3i1301p1f1	2007-08-24	3	1.163	1.243	0.767	1.9520520017200835	1.606523451157975	(3, 1.163)	1	3	3
r3i1301p1f1	2008-07-30	6	1.027	1.12	0.715	2.778431357943475	2.443069469701959	(6, 1.027)	1	1	1
r4i1061p1f1	1851-07-07	5	1.162	1.301	1.374	2.638453929697122	2.7949485553697855	(5, 1.162)	0	3	3
r4i1061p1f1	1852-06-22	4	0.977	1.046	0.358	2.1765682524105587	1.3517029163502716	(4, 0.977)	1	1	1
r4i1061p1f1	1852-08-01	4	1.059	1.252	0.687	2.24834007814165	1.8711866028593769	(4, 1.059)	1	1	1
r4i1061p1f1	1853-06-30	8	1.194	1.481	2.451	3.3328163192524145	4.033528863875038	(8, 1.194)	0	0	2
r4i1061p1f1	1853-08-24	5	0.997	1.075	0.547	2.497065667405072	1.9622960100582751	(5, 0.997)	1	1	1
r4i1061p1f1	1854-08-04	3	1.065	1.216	0.534	1.8770043651306039	1.3283329350556763	(3, 1.065)	1	1	1
r4i1061p1f1	1857-07-22	5	1.054	1.209	0.834	2.5482005092667586	2.3345103615048095	(5, 1.054)	1	1	1
r4i1061p1f1	1858-08-22	3	1.073	1.202	0.557	1.8833462940570747	1.359502877924259	(3, 1.073)	1	1	1
r4i1061p1f1	1859-06-14	3	1.293	1.469	1.216	2.043636250061301	1.9904083056570567	(3, 1.293)	0	3	3
r4i1061p1f1	1859-06-24	5	1.183	1.326	1.477	2.6550953226207787	2.8629641332260825	(5, 1.183)	0	3	3
r4i1061p1f1	1859-07-03	5	1.066	1.195	0.89	2.5586404457617866	2.3933853456090355	(5, 1.066)	1	1	1
r4i1061p1f1	1859-08-10	6	0.961	0.991	0.444	2.7162668753800063	2.018289370352098	(6, 0.961)	1	1	1
r4i1061p1f1	1859-08-20	5	1.166	1.288	1.392	2.641645143251329	2.807173291810953	(5, 1.166)	0	3	3
r4i1061p1f1	1860-07-17	6	1.014	1.132	0.761	2.766488629139443	2.5001539964140242	(6, 1.014)	1	1	1
r4i1061p1f1	1861-06-07	6	1.238	1.629	2.104	2.954639920062618	3.463306658100591	(6, 1.238)	0	0	0
r4i1061p1f1	1861-06-16	3	0.976	1.031	0.265	1.8035965939757768	0.8658309392978649	(3, 0.976)	1	1	1
r4i1061p1f1	1865-06-30	4	0.996	1.088	0.432	2.193662685769859	1.494251502624983	(4, 0.996)	1	1	1
r4i1061p1f1	1865-08-08	5	0.934	0.984	0.234	2.4373290274982997	1.2854236217804127	(5, 0.934)	1	1	1
r4i1061p1f1	1868-08-12	3	1.029	1.103	0.423	1.8479571840630418	1.162517007371878	(3, 1.029)	1	1	1
r4i1061p1f1	1868-08-24	7	1.117	1.272	1.605	3.0767189740436445	3.425077175543442	(7, 1.117)	0	3	2
r4i1061p1f1	1870-07-02	11	1.239	1.774	3.863	3.833029131670637	4.955357491150865	(11, 1.239)	2	2	4
r4i1061p1f1	1872-06-19	5	1.21	1.52	1.614	2.6760923635947345	2.9468082007864265	(5, 1.21)	0	3	3
r4i1061p1f1	1873-06-15	3	1.158	1.23	0.812	1.9483563696870467	1.6523586503605283	(3, 1.158)	1	3	3
r4i1061p1f1	1878-07-05	3	0.919	0.967	0.095	1.7535839828892075	0.401212398247481	(3, 0.919)	1	1	1
r4i1061p1f1	1878-08-07	4	1.358	1.575	1.882	2.473508604835631	2.776082611494037	(4, 1.358)	0	0	0
r4i1061p1f1	1879-07-17	4	1.082	1.186	0.776	2.2675794837952306	1.9751915203060368	(4, 1.082)	1	1	1
r4i1061p1f1	1880-07-27	3	1.054	1.227	0.5	1.8682180158529837	1.2803993168919292	(3, 1.054)	1	1	1
r4i1061p1f1	1881-08-16	4	1.035	1.088	0.589	2.2278615467981093	1.7425692250372833	(4, 1.035)	1	1	1
r4i1061p1f1	1882-07-19	3	0.972	0.99	0.252	1.800167382597555	0.8370009185973868	(3, 0.972)	1	1	1
r4i1061p1f1	1883-07-14	3	1.349	1.567	1.384	2.0806420230924974	2.1030939735949343	(3, 1.349)	0	0	0
r4i1061p1f1	1884-07-21	3	0.999	1.052	0.335	1.8230895610787659	1.008217398267985	(3, 0.999)	1	1	1
r4i1061p1f1	1884-07-26	4	1.046	1.131	0.633	2.237299626295416	1.8023696483400706	(4, 1.046)	1	1	1
r4i1061p1f1	1885-06-12	4	1.225	1.448	1.348	2.379546134130174	2.4667426791603293	(4, 1.225)	0	3	3
r4i1061p1f1	1887-07-28	4	1.225	1.467	1.35	2.379546134130174	2.468099531471619	(4, 1.225)	0	3	3
r4i1061p1f1	1888-08-29	4	1.069	1.185	0.724	2.256750556650246	1.9157454490090462	(4, 1.069)	1	1	1
r4i1061p1f1	1890-08-14	3	1.191	1.358	0.91	1.972498877229363	1.7454534902300263	(3, 1.191)	0	3	3
r4i1061p1f1	1891-06-06	4	1.349	1.549	1.847	2.4674213354469807	2.7584897978602796	(4, 1.349)	0	0	0
r4i1061p1f1	1891-07-20	4	0.945	1.074	0.229	2.1471001901536506	1.0409831758314734	(4, 0.945)	1	1	1
r4i1061p1f1	1892-07-03	4	1.045	1.171	0.632	2.2364452904895007	1.8010495161351476	(4, 1.045)	1	1	1
r4i1061p1f1	1893-06-03	5	1.099	1.287	1.055	2.5868006793464966	2.5490746789668535	(5, 1.099)	1	3	3
r4i1061p1f1	1895-06-05	4	1.001	1.118	0.452	2.1981130713973345	1.5295285292057985	(4, 1.001)	1	1	1
r4i1061p1f1	1895-06-18	5	0.985	1.068	0.49	2.485958994977389	1.8684684021793267	(5, 0.985)	1	1	1
r4i1061p1f1	1895-08-22	4	1.021	1.128	0.534	2.215719159972384	1.662409797200206	(4, 1.021)	1	1	1
r4i1061p1f1	1898-07-10	3	1.052	1.11	0.494	1.866612170346783	1.2716966740794537	(3, 1.052)	1	1	1
r4i1061p1f1	1898-07-15	3	0.998	1.054	0.333	1.8222498952796893	1.0044183630992942	(3, 0.998)	1	1	1
r4i1061p1f1	1899-06-19	4	1.145	1.206	1.029	2.318458442150336	2.2226757097657437	(4, 1.145)	1	3	3
r4i1061p1f1	1899-07-19	3	1.199	1.306	0.933	1.9782648663799822	1.7661014684078697	(3, 1.199)	0	3	3
r4i1061p1f1	1902-07-11	3	0.918	0.966	0.091	1.7526838523822081	0.38719921135361784	(3, 0.918)	1	1	1
r4i1061p1f1	1902-07-29	3	1.108	1.249	0.662	1.9106288604174835	1.4906212461277157	(3, 1.108)	1	1	3
r4i1061p1f1	1903-06-16	3	1.013	1.169	0.376	1.8347714486521625	1.0830766704452057	(3, 1.013)	1	1	1
r4i1061p1f1	1906-08-20	4	1.068	1.134	0.722	2.2559126847956152	1.9133869573497533	(4, 1.068)	1	1	1
r4i1061p1f1	1906-08-27	7	1.008	1.105	0.84	2.9790143674041074	2.8068100427063354	(7, 1.008)	1	1	1
r4i1061p1f1	1907-07-12	3	0.971	1.08	0.25	1.7993082391769442	0.8324908205356607	(3, 0.971)	1	1	1
r4i1061p1f1	1908-06-15	9	1.0	1.135	1.013	3.332204510175204	3.344662302920277	(9, 1.0)	1	1	2
r4i1061p1f1	1908-07-17	9	1.101	1.34	1.921	3.425141746905614	3.9677793256830003	(9, 1.101)	0	3	2
r4i1061p1f1	1908-08-14	4	1.02	1.106	0.531	2.214846178686039	1.657847051641788	(4, 1.02)	1	1	1
r4i1061p1f1	1912-06-17	5	1.443	1.628	2.775	2.841019879358309	3.4665306864945236	(5, 1.443)	2	0	0
r4i1061p1f1	1912-07-06	5	1.164	1.379	1.384	2.6400508094541792	2.801758517049744	(5, 1.164)	0	3	3
r4i1061p1f1	1912-07-31	3	1.087	1.176	0.599	1.8943488012231606	1.4140299735257975	(3, 1.087)	1	1	1
r4i1061p1f1	1914-07-08	3	1.016	1.082	0.384	1.8372570539560484	1.0970519153584024	(3, 1.016)	1	1	1
r4i1061p1f1	1915-05-31	6	1.13	1.511	1.457	2.8683272452960096	3.109660749103116	(6, 1.13)	0	3	3
r4i1061p1f1	1916-06-08	3	1.021	1.112	0.4	1.841386049152454	1.1244297867383737	(3, 1.021)	1	1	1
r4i1061p1f1	1917-08-09	6	1.168	1.438	1.682	2.8995530426925122	3.2472786382087704	(6, 1.168)	0	3	3
r4i1061p1f1	1918-05-31	10	1.179	1.553	2.915	3.6450125580978776	4.534537332543149	(10, 1.179)	2	2	2
r4i1061p1f1	1919-07-03	4	1.043	1.199	0.623	2.234734426085871	1.7890892406721761	(4, 1.043)	1	1	1
r4i1061p1f1	1921-08-02	4	1.034	1.13	0.587	2.2269991060374505	1.7397641741096745	(4, 1.034)	1	1	1
r4i1061p1f1	1923-08-05	5	1.159	1.339	1.356	2.636053818560595	2.7825725232907725	(5, 1.159)	0	3	3
r4i1061p1f1	1925-06-17	3	1.08	1.124	0.578	1.888862679459286	1.387138030212125	(3, 1.08)	1	1	1
r4i1061p1f1	1925-08-16	4	0.972	1.053	0.338	2.172020722972929	1.309413316783933	(4, 0.972)	1	1	1
r4i1061p1f1	1926-06-14	5	1.041	1.189	0.765	2.536766211461138	2.2568510555716577	(5, 1.041)	1	1	1
r4i1061p1f1	1927-07-04	6	1.035	1.144	0.883	2.7857104608566283	2.637441500385002	(6, 1.035)	1	1	1
r4i1061p1f1	1928-06-16	4	1.007	1.093	0.478	2.203427521460827	1.5736034594248842	(4, 1.007)	1	1	1
r4i1061p1f1	1928-07-21	4	0.982	1.049	0.376	2.1810951954063356	1.3882923637825637	(4, 0.982)	1	1	1
r4i1061p1f1	1929-07-05	5	1.138	1.371	1.251	2.6190897835645344	2.707156815436129	(5, 1.138)	0	3	3
r4i1061p1f1	1929-07-12	3	1.15	1.297	0.787	1.9424148026019987	1.6271544352619451	(3, 1.15)	1	3	3
r4i1061p1f1	1929-08-08	3	1.146	1.257	0.774	1.9394307280744352	1.6137928111176032	(3, 1.146)	1	3	3
r4i1061p1f1	1933-06-06	8	1.412	1.729	4.197	3.494988614545408	4.564007186879026	(8, 1.412)	2	2	4
r4i1061p1f1	1934-06-01	9	1.165	1.606	2.501	3.479854514485432	4.2272278281912445	(9, 1.165)	2	0	2
r4i1061p1f1	1934-06-20	24	1.439	1.992	13.234	5.136922249533567	7.3505124905733	(24, 1.439)	2	2	4
r4i1061p1f1	1934-07-27	4	1.032	1.094	0.576	2.2252719898913753	1.724194149732289	(4, 1.032)	1	1	1
r4i1061p1f1	1934-08-04	4	1.17	1.276	1.129	2.337952236831337	2.305779983890565	(4, 1.17)	0	3	3
r4i1061p1f1	1936-08-27	5	1.465	1.683	2.887	2.8552739700488834	3.504885737696296	(5, 1.465)	2	0	0
r4i1061p1f1	1937-06-05	3	1.214	1.385	0.98	1.9889872958811943	1.807014086039882	(3, 1.214)	0	3	3
r4i1061p1f1	1942-07-30	8	1.233	1.7	2.761	3.363827932689292	4.150635073278266	(8, 1.233)	2	0	0
r4i1061p1f1	1943-07-13	5	1.264	1.598	1.882	2.716808377251539	3.0929224880883144	(5, 1.264)	0	0	0
r4i1061p1f1	1944-06-27	3	1.073	1.184	0.556	1.8833462940570747	1.3581676752688665	(3, 1.073)	1	1	1
r4i1061p1f1	1944-08-12	5	1.143	1.375	1.276	2.623155019130585	2.725635581039404	(5, 1.143)	0	3	3
r4i1061p1f1	1945-06-07	3	1.014	1.115	0.381	1.8356006704133423	1.0918340593043026	(3, 1.014)	1	1	1
r4i1061p1f1	1945-08-15	3	1.095	1.273	0.622	1.9005820205481774	1.4426763029959913	(3, 1.095)	1	1	3
r4i1061p1f1	1950-05-31	12	1.624	1.954	8.841	4.226956544674076	5.909477260630925	(12, 1.624)	2	2	4
r4i1061p1f1	1950-06-25	6	1.239	1.347	2.112	2.955405299608027	3.4669830629142813	(6, 1.239)	0	3	3
r4i1061p1f1	1950-07-04	3	1.076	1.172	0.564	1.8857141863884672	1.3687997098305686	(3, 1.076)	1	1	1
r4i1061p1f1	1950-07-13	10	1.239	1.733	3.518	3.693384795043821	4.720718977220185	(10, 1.239)	2	2	4
r4i1061p1f1	1950-08-05	13	1.297	1.652	5.318	4.123793326946929	5.522525078953639	(13, 1.297)	2	2	4
r4i1061p1f1	1952-07-14	3	1.128	1.178	0.722	1.925891088549062	1.5584860437950268	(3, 1.128)	1	1	3
r4i1061p1f1	1952-08-25	5	1.041	1.153	0.765	2.536766211461138	2.2568510555716577	(5, 1.041)	1	1	1
r4i1061p1f1	1953-06-26	5	1.176	1.431	1.44	2.649578905176584	2.8390603018231353	(5, 1.176)	0	3	3
r4i1061p1f1	1956-06-14	3	0.951	0.961	0.191	1.7819685195953499	0.6893726222375843	(3, 0.951)	1	1	1
r4i1061p1f1	1956-07-03	3	0.987	1.033	0.298	1.8129667372033864	0.9354866739845107	(3, 0.987)	1	1	1
r4i1061p1f1	1958-06-29	3	1.074	1.225	0.56	1.8841362146551381	1.3634978225030308	(3, 1.074)	1	1	1
r4i1061p1f1	1958-08-10	6	1.07	1.315	1.093	2.8169479024562407	2.836956549112967	(6, 1.07)	1	3	3
r4i1061p1f1	1958-08-19	5	0.994	1.083	0.533	2.494300542704326	1.9400531962639518	(5, 0.994)	1	1	1
r4i1061p1f1	1958-08-28	3	0.988	1.032	0.302	1.8138142307275258	0.943609369210124	(3, 0.988)	1	1	1
r4i1061p1f1	1959-07-27	3	1.089	1.304	0.606	1.8959107523079055	1.4228356146869778	(3, 1.089)	1	3	3
r4i1061p1f1	1961-07-18	3	0.988	1.025	0.301	1.8138142307275258	0.9415848724799063	(3, 0.988)	1	1	1
r4i1061p1f1	1961-08-25	3	1.079	1.19	0.573	1.888076485048371	1.3806271674231094	(3, 1.079)	1	1	1
r4i1061p1f1	1962-06-09	3	1.124	1.158	0.709	1.922857220904564	1.5441678315477239	(3, 1.124)	1	1	1
r4i1061p1f1	1963-06-19	4	1.416	1.503	2.113	2.5118730980178148	2.8850241515695694	(4, 1.416)	0	0	0
r4i1061p1f1	1963-07-15	6	1.043	1.152	0.931	2.792936961100221	2.6866801258177277	(6, 1.043)	1	1	1
r4i1061p1f1	1963-08-16	8	1.066	1.269	1.43	3.2236972439184046	3.5072738301917648	(8, 1.066)	0	3	2
r4i1061p1f1	1964-07-18	3	1.012	1.087	0.372	1.8339415387115605	1.0760151186962577	(3, 1.012)	1	1	1
r4i1061p1f1	1964-08-03	3	1.025	1.086	0.412	1.8446770140747886	1.1444822561168142	(3, 1.025)	1	1	1
r4i1061p1f1	1968-07-18	4	1.268	1.557	1.522	2.4109012364775046	2.5783969928753394	(4, 1.268)	0	0	0
r4i1061p1f1	1969-06-11	7	1.367	1.763	3.358	3.270222501062846	4.1461623657305235	(7, 1.367)	2	0	0
r4i1061p1f1	1969-06-25	3	1.179	1.333	0.873	1.9637870727255824	1.7113157623497717	(3, 1.179)	0	3	3
r4i1061p1f1	1969-07-26	5	1.007	1.148	0.599	2.506227916399523	2.0408337077172725	(5, 1.007)	1	1	1
r4i1061p1f1	1970-08-12	4	1.115	1.22	0.909	2.2945529212967815	2.1128763177660734	(4, 1.115)	1	3	3
r4i1061p1f1	1972-06-27	5	1.073	1.175	0.926	2.5646804520240467	2.429481562500798	(5, 1.073)	1	1	1
r4i1061p1f1	1973-06-08	4	1.186	1.324	1.195	2.3502317464613984	2.3570732782781154	(4, 1.186)	0	3	3
r4i1061p1f1	1974-07-16	3	1.171	1.297	0.851	1.9579367511104981	1.6904510497143228	(3, 1.171)	0	3	3
r4i1061p1f1	1977-06-12	6	1.153	1.52	1.593	2.887343290078549	3.195083947916045	(6, 1.153)	0	3	3
r4i1061p1f1	1980-06-08	3	1.047	1.119	0.479	1.8625862382302412	1.2496028406831776	(3, 1.047)	1	1	1
r4i1061p1f1	1981-05-28	10	1.118	1.516	2.306	3.5933115077094238	4.30301214504178	(10, 1.118)	0	2	2
r4i1061p1f1	1982-06-11	8	1.306	1.639	3.349	3.4194107270895353	4.340934024454563	(8, 1.306)	2	0	0
r4i1061p1f1	1982-08-04	3	1.142	1.328	0.763	1.9364377221875966	1.6023456816211354	(3, 1.142)	1	3	3
r4i1061p1f1	1983-07-22	7	1.305	1.589	2.923	3.2256106241722318	4.009779600783313	(7, 1.305)	2	0	0
r4i1061p1f1	1984-07-06	3	0.967	1.018	0.237	1.7958642651405032	0.8026686831736185	(3, 0.967)	1	1	1
r4i1061p1f1	1986-07-11	5	1.163	1.329	1.376	2.6392526883287366	2.796314262805641	(5, 1.163)	0	3	3
r4i1061p1f1	1989-05-30	6	1.366	1.652	2.868	3.048135803165188	3.764701409094471	(6, 1.366)	2	0	0
r4i1061p1f1	1989-08-04	10	1.336	1.644	4.482	3.7669516725677457	4.960977746960185	(10, 1.336)	2	2	4
r4i1061p1f1	1991-06-14	5	1.438	1.808	2.752	2.837751780240757	3.458468791519204	(5, 1.438)	2	0	0
r4i1061p1f1	1991-06-25	4	1.04	1.138	0.611	2.2321626286975	1.7729163814265751	(4, 1.04)	1	1	1
r4i1061p1f1	1991-07-04	13	1.107	1.371	2.851	3.968166796811036	4.90254919275413	(13, 1.107)	2	2	2
r4i1061p1f1	1996-06-04	3	1.097	1.247	0.628	1.9021342734584945	1.4500162336078397	(3, 1.097)	1	1	3
r4i1061p1f1	1998-06-25	3	1.111	1.236	0.669	1.9129330972319676	1.4987802741598806	(3, 1.111)	1	1	3
r4i1061p1f1	1999-06-27	6	0.942	1.015	0.329	2.6976305058796597	1.7639244362458528	(6, 0.942)	1	1	1
r4i1061p1f1	1999-07-05	3	0.904	1.0	0.049	1.7399962030397926	0.22682593796872969	(3, 0.904)	1	1	1
r4i1061p1f1	1999-08-13	3	1.05	1.249	0.488	1.8650037419525174	1.2629176298947784	(3, 1.05)	1	1	1
r4i1061p1f1	2003-07-25	4	1.103	1.15	0.86	2.2848283714047866	2.064327903869788	(4, 1.103)	1	1	1
r4i1061p1f1	2004-06-23	7	1.236	1.614	2.439	3.173503507619822	3.8323499923082807	(7, 1.236)	0	0	0
r4i1061p1f1	2004-07-16	5	1.11	1.328	1.112	2.596013916827673	2.597679969218845	(5, 1.11)	0	3	3
r4i1061p1f1	2006-07-06	3	1.068	1.19	0.542	1.879387304251124	1.3392851959703287	(3, 1.068)	1	1	1
r4i1061p1f1	2007-06-27	3	1.385	1.551	1.493	2.1037281090948614	2.16995107670417	(3, 1.385)	0	0	0
r4i1061p1f1	2007-08-04	10	1.148	1.329	2.607	3.619072346013797	4.4241347449996065	(10, 1.148)	0	3	2
r4i1061p1f1	2007-08-27	3	1.277	1.394	1.167	2.0328066751850744	1.9549987051934683	(3, 1.277)	0	3	3
r4i1061p1f1	2009-06-02	8	1.283	1.539	3.167	3.40222938257914	4.285805197248249	(8, 1.283)	2	0	0
r4i1061p1f1	2009-06-20	4	1.019	1.101	0.525	2.213972434637442	1.6486586255873816	(4, 1.019)	1	1	1
r4i1231p1f1	1851-06-15	4	1.104	1.198	0.801	2.285642372263734	2.0025604973438784	(4, 1.104)	1	1	3
r4i1231p1f1	1852-08-15	3	1.103	1.184	0.598	1.9067766274057756	1.4127656710796765	(3, 1.103)	1	1	1
r4i1231p1f1	1854-06-13	3	1.043	1.167	0.418	1.8593537818135162	1.1543596911246021	(3, 1.043)	1	1	1
r4i1231p1f1	1854-06-23	5	1.332	1.555	2.144	2.765829223852479	3.217701083882033	(5, 1.332)	0	0	0
r4i1231p1f1	1857-07-10	7	1.057	1.239	1.073	3.0241211660172507	3.038419955272531	(7, 1.057)	1	3	2
r4i1231p1f1	1857-08-13	3	1.114	1.229	0.632	1.9152320367430575	1.4548797602030414	(3, 1.114)	1	1	3
r4i1231p1f1	1858-08-02	8	1.211	1.391	2.457	3.346452593314182	4.035930599875799	(8, 1.211)	0	3	2
r4i1231p1f1	1859-06-01	6	1.176	1.412	1.634	2.9060044626733057	3.2194675472958005	(6, 1.176)	0	3	3
r4i1231p1f1	1859-06-15	5	1.075	1.224	0.856	2.566399488517791	2.3580548932776337	(5, 1.075)	1	3	1
r4i1231p1f1	1859-07-19	4	1.208	1.361	1.219	2.3668735828764076	2.375091783780794	(4, 1.208)	0	3	3
r4i1231p1f1	1861-08-19	3	0.943	0.977	0.118	1.7749475601565292	0.4781863008625359	(3, 0.943)	1	1	1
r4i1231p1f1	1863-06-02	7	1.561	1.918	4.605	3.398197037661695	4.457664967066447	(7, 1.561)	2	0	4
r4i1231p1f1	1863-07-10	5	1.174	1.334	1.352	2.647997180368679	2.77980136894787	(5, 1.174)	0	3	3
r4i1231p1f1	1864-06-12	3	1.052	1.147	0.446	1.866612170346783	1.1992066584340162	(3, 1.052)	1	1	1
r4i1231p1f1	1864-06-19	5	1.138	1.239	1.171	2.6190897835645344	2.645619892265607	(5, 1.138)	0	3	3
r4i1231p1f1	1864-06-27	14	1.193	1.468	4.052	4.150932209924814	5.362496793079382	(14, 1.193)	2	2	4
r4i1231p1f1	1865-07-29	3	1.189	1.382	0.858	1.9710521701375956	1.6971371622100757	(3, 1.189)	0	3	3
r4i1231p1f1	1867-08-16	4	1.042	1.166	0.553	2.233877894984255	1.6908335506380945	(4, 1.042)	1	1	1
r4i1231p1f1	1868-08-25	4	1.421	1.672	2.071	2.5151124918450662	2.86607906532712	(4, 1.421)	0	0	0
r4i1231p1f1	1871-05-28	11	1.234	1.608	3.631	3.829073149015866	4.893871569402785	(11, 1.234)	2	2	4
r4i1231p1f1	1871-07-04	13	1.123	1.451	2.852	3.982247388942086	4.902897281015847	(13, 1.123)	2	2	2
r4i1231p1f1	1872-06-13	3	0.973	1.019	0.209	1.8010257885243162	0.7352463701651437	(3, 0.973)	1	1	1
r4i1231p1f1	1872-06-25	6	1.113	1.337	1.259	2.854035780023434	2.970591143139973	(6, 1.113)	0	3	3
r4i1231p1f1	1873-06-12	4	1.256	1.528	1.409	2.402249416106991	2.5073202446249003	(4, 1.256)	0	0	3
r4i1231p1f1	1873-08-21	3	1.012	1.088	0.326	1.8339415387115605	0.9910069180976439	(3, 1.012)	1	1	1
r4i1231p1f1	1873-08-29	3	1.014	1.053	0.331	1.8356006704133423	1.0006048402055225	(3, 1.014)	1	1	1
r4i1231p1f1	1875-07-21	4	1.187	1.308	1.134	2.3509942322017334	2.309759296742046	(4, 1.187)	0	3	3
r4i1231p1f1	1875-08-11	12	1.101	1.294	2.373	3.845193019057913	4.601601401371618	(12, 1.101)	2	2	2
r4i1231p1f1	1878-08-03	3	1.097	1.139	0.58	1.9021342734584945	1.3897305519407763	(3, 1.097)	1	1	1
r4i1231p1f1	1879-07-02	3	1.088	1.134	0.553	1.895130081726901	1.3541513372645073	(3, 1.088)	1	1	1
r4i1231p1f1	1879-07-15	3	1.051	1.087	0.442	1.8658082795298527	1.192921777292329	(3, 1.051)	1	1	1
r4i1231p1f1	1880-08-22	6	0.995	1.19	0.548	2.7487732316482894	2.203198064292921	(6, 0.995)	1	1	1
r4i1231p1f1	1881-06-25	12	1.003	1.129	1.192	3.754056686227484	3.9229730246032317	(12, 1.003)	1	3	2
r4i1231p1f1	1883-08-29	3	1.018	1.074	0.343	1.8389106984286396	1.0232708364453367	(3, 1.018)	1	1	1
r4i1231p1f1	1886-07-22	10	1.222	1.536	3.188	3.679915220340446	4.623141842061073	(10, 1.222)	2	2	2
r4i1231p1f1	1886-08-06	4	1.144	1.238	0.962	2.3176707304120865	2.162863149818908	(4, 1.144)	1	3	3
r4i1231p1f1	1887-08-07	3	1.036	1.074	0.398	1.8536717181554538	1.1210482640359327	(3, 1.036)	1	1	1
r4i1231p1f1	1887-08-17	3	1.143	1.284	0.719	1.9371868138985564	1.555199990446345	(3, 1.143)	1	3	3
r4i1231p1f1	1888-08-09	3	1.099	1.213	0.587	1.9036841206135722	1.3987518118981863	(3, 1.099)	1	1	1
r4i1231p1f1	1889-07-02	3	1.05	1.143	0.439	1.8650037419525174	1.1881820582135112	(3, 1.05)	1	1	1
r4i1231p1f1	1890-08-07	3	1.007	1.064	0.31	1.8297816262051394	0.9596594650996648	(3, 1.007)	1	1	1
r4i1231p1f1	1892-06-19	4	1.058	1.251	0.618	2.247495126676086	1.7823823074154581	(4, 1.058)	1	1	1
r4i1231p1f1	1893-07-03	4	1.372	1.562	1.873	2.4829046471173273	2.771588221906198	(4, 1.372)	0	0	0
r4i1231p1f1	1893-08-06	4	0.979	1.017	0.302	2.1783814895347393	1.2284702759263233	(4, 0.979)	1	1	1
r4i1231p1f1	1894-08-05	6	0.956	1.062	0.316	2.711396141502214	1.7306342365997203	(6, 0.956)	1	1	1
r4i1231p1f1	1896-06-11	7	1.022	1.204	0.827	2.9921109685043787	2.7921618096981757	(7, 1.022)	1	1	1
r4i1231p1f1	1897-06-15	6	1.163	1.44	1.559	2.895499666843295	3.174402466140278	(6, 1.163)	0	3	3
r4i1231p1f1	1898-07-29	14	0.999	1.335	1.335	3.9765144044196177	4.261715701934483	(14, 0.999)	0	2	2
r4i1231p1f1	1899-06-11	4	1.3	1.457	1.587	2.4336133554004498	2.6171038193993863	(4, 1.3)	0	0	0
r4i1231p1f1	1899-07-25	3	1.005	1.085	0.303	1.8281128037140733	0.9456297756327512	(3, 1.005)	1	1	1
r4i1231p1f1	1900-07-22	5	1.035	1.08	0.657	2.531444420775833	2.1217204710852613	(5, 1.035)	1	1	1
r4i1231p1f1	1900-08-17	3	1.199	1.288	0.886	1.9782648663799822	1.7234433412910362	(3, 1.199)	0	3	3
r4i1231p1f1	1902-06-20	4	1.096	1.326	0.768	2.2791117368084035	1.9662728435741978	(4, 1.096)	1	3	3
r4i1231p1f1	1903-06-13	3	1.133	1.273	0.687	1.9296705251208113	1.519459968127892	(3, 1.133)	1	3	3
r4i1231p1f1	1905-08-05	4	1.088	1.155	0.736	2.272538171641749	1.9297807671254297	(4, 1.088)	1	1	1
r4i1231p1f1	1906-07-21	5	1.12	1.263	1.083	2.604316559440932	2.573246235150007	(5, 1.12)	1	3	3
r4i1231p1f1	1906-08-17	3	1.161	1.262	0.772	1.950575387425793	1.6117212377276255	(3, 1.161)	1	3	3
r4i1231p1f1	1911-08-12	3	1.0	1.072	0.288	1.823928522430647	0.9148865055054374	(3, 1.0)	1	1	1
r4i1231p1f1	1912-06-04	6	1.009	1.223	0.635	2.761857024438793	2.3352996794388425	(6, 1.009)	1	1	1
r4i1231p1f1	1912-07-14	3	1.07	1.18	0.498	1.8809727815008697	1.277506842909921	(3, 1.07)	1	1	1
r4i1231p1f1	1913-06-18	9	1.2	1.394	2.666	3.5085558999826545	4.290212835401228	(9, 1.2)	0	0	2
r4i1231p1f1	1913-07-17	3	1.105	1.17	0.606	1.9083193018307179	1.4228356146869778	(3, 1.105)	1	1	1
r4i1231p1f1	1913-08-07	7	1.196	1.386	2.044	3.1420047146614203	3.6598473144481454	(7, 1.196)	0	3	2
r4i1231p1f1	1914-06-24	12	1.085	1.4	2.172	3.830869413247864	4.5140231178627745	(12, 1.085)	2	2	2
r4i1231p1f1	1917-06-18	7	0.984	1.119	0.56	2.9561561188307093	2.431096606778314	(7, 0.984)	1	1	1
r4i1231p1f1	1917-07-18	5	1.148	1.318	1.223	2.6272037954445886	2.6860469405919445	(5, 1.148)	0	3	3
r4i1231p1f1	1917-08-28	3	1.018	1.165	0.343	1.8389106984286396	1.0232708364453367	(3, 1.018)	1	1	1
r4i1231p1f1	1918-07-01	3	1.077	1.222	0.519	1.886502239488306	1.3074684211342518	(3, 1.077)	1	1	1
r4i1231p1f1	1919-06-23	7	1.024	1.191	0.841	2.9939679880026664	2.807927992150787	(7, 1.024)	1	1	1
r4i1231p1f1	1921-08-12	3	1.021	1.069	0.351	1.841386049152454	1.038101025140766	(3, 1.021)	1	1	1
r4i1231p1f1	1923-06-20	3	1.021	1.17	0.353	1.841386049152454	1.041774460569922	(3, 1.021)	1	1	1
r4i1231p1f1	1923-08-04	3	1.128	1.25	0.673	1.925891088549062	1.5034128605724522	(3, 1.128)	1	3	3
r4i1231p1f1	1926-06-21	6	1.076	1.285	1.033	2.8222062689985936	2.7838956464748303	(6, 1.076)	1	3	3
r4i1231p1f1	1926-07-26	5	1.122	1.214	1.093	2.6059688478338074	2.581739268354416	(5, 1.122)	1	3	3
r4i1231p1f1	1929-06-15	5	0.989	1.197	0.428	2.4896749424512117	1.755300420952714	(5, 0.989)	1	1	1
r4i1231p1f1	1932-07-18	3	1.065	1.252	0.485	1.8770043651306039	1.2584990357648542	(3, 1.065)	1	1	1
r4i1231p1f1	1935-07-18	9	1.289	1.703	3.466	3.578031688778406	4.549467183111841	(9, 1.289)	2	2	0
r4i1231p1f1	1935-07-29	3	1.141	1.221	0.711	1.93568806891756	1.5463840214970004	(3, 1.141)	1	3	3
r4i1231p1f1	1936-06-10	4	1.099	1.31	0.782	2.2815657257699704	1.9818287128128356	(4, 1.099)	1	3	3
r4i1231p1f1	1936-06-28	9	1.119	1.424	1.942	3.440834674700653	3.9784472474759283	(9, 1.119)	0	3	2
r4i1231p1f1	1939-06-15	4	1.323	1.61	1.678	2.4496248356433608	2.668893485901016	(4, 1.323)	0	0	0
r4i1231p1f1	1940-08-15	6	1.285	1.46	2.287	2.989994137739644	3.5441975030218877	(6, 1.285)	0	0	0
r4i1231p1f1	1940-08-25	4	1.031	1.108	0.509	2.2244073119300216	1.6237352171349249	(4, 1.031)	1	1	1
r4i1231p1f1	1941-06-22	4	0.95	1.003	0.187	2.151762203259462	0.9146894505071812	(4, 0.95)	1	1	1
r4i1231p1f1	1943-07-30	3	1.092	1.146	0.564	1.8982491140189333	1.3687997098305686	(3, 1.092)	1	1	1
r4i1231p1f1	1944-05-31	5	1.022	1.145	0.589	2.5198157869724658	2.026201642535606	(5, 1.022)	1	1	1
r4i1231p1f1	1945-07-06	5	1.086	1.233	0.913	2.575801727495439	2.4165966091624256	(5, 1.086)	1	3	3
r4i1231p1f1	1947-07-01	6	1.346	1.695	2.656	3.034091036619473	3.6897557835499266	(6, 1.346)	2	0	0
r4i1231p1f1	1948-08-13	3	1.237	1.303	1.0	2.005208250678203	1.823928522430647	(3, 1.237)	0	3	3
r4i1231p1f1	1949-07-04	4	1.166	1.316	1.05	2.3348586535443414	2.2407096892759584	(4, 1.166)	0	3	3
r4i1231p1f1	1949-07-25	4	1.138	1.312	0.936	2.31293138504819	2.1386534013116822	(4, 1.138)	0	3	3
r4i1231p1f1	1950-07-20	14	1.207	1.412	4.243	4.162416311054568	5.408345665536177	(14, 1.207)	2	2	4
r4i1231p1f1	1950-08-12	5	1.225	1.438	1.606	2.6875696567008087	2.942100766588513	(5, 1.225)	0	3	3
r4i1231p1f1	1952-08-23	5	1.33	1.627	2.13	2.7644212118971057	3.211413005590243	(5, 1.33)	0	0	0
r4i1231p1f1	1954-07-13	3	1.138	1.249	0.704	1.9334357313176844	1.538605773156138	(3, 1.138)	1	3	3
r4i1231p1f1	1955-07-29	4	1.183	1.334	1.116	2.3479407947148427	2.295359047902306	(4, 1.183)	0	3	3
r4i1231p1f1	1957-06-13	3	1.077	1.168	0.52	1.886502239488306	1.3088730142073226	(3, 1.077)	1	1	1
r4i1231p1f1	1957-07-02	3	1.064	1.144	0.48	1.8762087885512986	1.2510910467268215	(3, 1.064)	1	1	1
r4i1231p1f1	1957-07-12	3	1.047	1.081	0.43	1.8625862382302412	1.1738266020037689	(3, 1.047)	1	1	1
r4i1231p1f1	1957-08-10	3	1.17	1.404	0.8	1.9572030484955636	1.6403398778910998	(3, 1.17)	0	3	3
r4i1231p1f1	1958-06-11	4	1.276	1.565	1.491	2.416627809034706	2.5593955017787398	(4, 1.276)	0	0	0
r4i1231p1f1	1960-06-26	8	1.134	1.233	1.846	3.283145217632634	3.7558418737872725	(8, 1.134)	0	3	2
r4i1231p1f1	1960-07-20	6	1.268	1.545	2.184	2.9773502528361053	3.499476289503086	(6, 1.268)	0	0	0
r4i1231p1f1	1960-08-15	3	0.986	1.073	0.246	1.8121185248247058	0.8234091388978406	(3, 0.986)	1	1	1
r4i1231p1f1	1961-07-10	3	0.954	1.008	0.15	1.7845887226446142	0.5762890776871962	(3, 0.954)	1	1	1
r4i1231p1f1	1961-08-30	3	1.226	1.353	0.967	1.9974832224048533	1.7958642651405032	(3, 1.226)	0	3	3
r4i1231p1f1	1963-07-20	3	1.065	1.147	0.483	1.8770043651306039	1.2555424222802944	(3, 1.065)	1	1	1
r4i1231p1f1	1963-08-17	6	1.218	1.38	1.886	2.9392080077898486	3.3575389352036114	(6, 1.218)	0	3	3
r4i1231p1f1	1965-08-03	3	1.049	1.103	0.436	1.8641985565732526	1.1834197671705207	(3, 1.049)	1	1	1
r4i1231p1f1	1966-05-31	3	1.092	1.208	0.564	1.8982491140189333	1.3687997098305686	(3, 1.092)	1	1	1
r4i1231p1f1	1968-07-11	3	1.22	1.395	0.948	1.993244281711825	1.7793414330419388	(3, 1.22)	0	3	3
r4i1231p1f1	1968-07-16	3	1.117	1.251	0.639	1.9175257032512696	1.463334426473694	(3, 1.117)	1	1	3
r4i1231p1f1	1968-07-28	5	1.352	1.642	2.241	2.77980136894787	3.26021512637691	(5, 1.352)	0	0	0
r4i1231p1f1	1968-08-05	3	1.159	1.407	0.766	1.9490965895169745	1.6054806439239695	(3, 1.159)	0	3	3
r4i1231p1f1	1968-08-30	3	1.079	1.135	0.527	1.888076485048371	1.3186503099495455	(3, 1.079)	1	1	1
r4i1231p1f1	1969-06-20	4	1.15	1.361	0.986	2.322387720290225	2.184702052337329	(4, 1.15)	0	3	3
r4i1231p1f1	1970-07-09	3	1.159	1.213	0.765	1.9490965895169745	1.6044367481077564	(3, 1.159)	1	3	3
r4i1231p1f1	1970-07-28	6	1.001	1.183	0.584	2.7544015458410613	2.2599919537050113	(6, 1.001)	1	1	1
r4i1231p1f1	1971-07-12	4	0.923	0.941	0.076	2.1263251275786863	0.4749911707567746	(4, 0.923)	1	1	1
r4i1231p1f1	1971-07-29	4	1.315	1.676	1.644	2.444084655267745	2.649855956857484	(4, 1.315)	0	0	0
r4i1231p1f1	1974-06-04	3	1.066	1.211	0.488	1.8777993092709364	1.2629176298947784	(3, 1.066)	1	1	1
r4i1231p1f1	1975-06-20	6	1.289	1.48	2.311	2.9929460792512046	3.554336829607658	(6, 1.289)	0	0	0
r4i1231p1f1	1978-07-30	5	1.053	1.18	0.745	2.54732557472535	2.233165689432369	(5, 1.053)	1	1	1
r4i1231p1f1	1979-06-20	9	1.333	1.64	3.865	3.610674639812545	4.6573355999687704	(9, 1.333)	2	2	4
r4i1231p1f1	1980-06-02	3	1.046	1.089	0.428	1.8617791031708242	1.1706083198612842	(3, 1.046)	1	1	1
r4i1231p1f1	1980-06-14	4	1.036	1.1	0.53	2.2287232443955904	1.6563214983329508	(4, 1.036)	1	1	1
r4i1231p1f1	1980-07-09	5	1.152	1.264	1.243	2.630431055091278	2.701170757242802	(5, 1.152)	0	3	3
r4i1231p1f1	1980-07-17	5	1.221	1.518	1.586	2.68452190228223	2.9302343089149123	(5, 1.221)	0	3	3
r4i1231p1f1	1981-06-04	3	0.956	0.977	0.157	1.786331718287074	0.5965239007177077	(3, 0.956)	1	1	1
r4i1231p1f1	1981-08-04	8	1.16	1.504	2.053	3.304972920343471	3.8597626561585896	(8, 1.16)	0	3	2
r4i1231p1f1	1986-08-07	3	1.03	1.153	0.379	1.8487755481388044	1.0883403013850155	(3, 1.03)	1	1	1
r4i1231p1f1	1987-06-04	5	1.333	1.467	2.145	2.766532487090711	3.2181487229410597	(5, 1.333)	0	0	0
r4i1231p1f1	1987-08-11	3	1.076	1.174	0.517	1.8857141863884672	1.3046533024514237	(3, 1.076)	1	1	1
r4i1231p1f1	1988-06-14	6	1.203	1.443	1.798	2.9274757539332152	3.3114584827330056	(6, 1.203)	0	3	3
r4i1231p1f1	1988-07-22	6	1.171	1.345	1.606	2.901977205240445	3.202879895880992	(6, 1.171)	0	3	3
r4i1231p1f1	1988-08-02	4	1.179	1.292	1.102	2.344878005184297	2.28401370740861	(4, 1.179)	0	3	3
r4i1231p1f1	1989-06-13	4	1.116	1.257	0.851	2.295359047902306	2.0551488491107914	(4, 1.116)	1	3	3
r4i1231p1f1	1991-06-02	3	1.067	1.13	0.491	1.878593621977004	1.2673167859082781	(3, 1.067)	1	1	1
r4i1231p1f1	1993-07-05	3	0.972	1.017	0.205	1.800167382597555	0.7252325198030569	(3, 0.972)	1	1	1
r4i1231p1f1	1994-07-30	7	1.3	1.435	2.774	3.221924649702368	3.958433176960666	(7, 1.3)	0	0	0
r4i1231p1f1	1995-07-04	5	0.997	1.033	0.469	2.497065667405072	1.8315536408772264	(5, 0.997)	1	1	1
r4i1231p1f1	1998-08-02	6	1.257	1.493	2.119	2.969082894297463	3.470188867051334	(6, 1.257)	0	0	0
r4i1231p1f1	1998-08-27	5	1.013	1.103	0.546	2.5116852401754226	1.9607235410669326	(5, 1.013)	1	1	1
r4i1231p1f1	2000-07-03	9	1.026	1.145	1.102	3.35696680674874	3.4260200670935013	(9, 1.026)	1	3	2
r4i1231p1f1	2002-08-07	3	1.073	1.246	0.51	1.8833462940570747	1.2947375060561312	(3, 1.073)	1	1	1
r4i1231p1f1	2005-07-06	4	1.031	1.12	0.511	2.2244073119300216	1.626884826037821	(4, 1.031)	1	1	1
r4i1231p1f1	2006-07-06	4	1.037	1.168	0.534	2.229584200109555	1.662409797200206	(4, 1.037)	1	1	1
r4i1231p1f1	2006-07-13	3	1.2	1.555	0.89	1.9789832829743619	1.727145506348632	(3, 1.2)	0	3	3
r4i1231p1f1	2006-08-09	7	1.197	1.549	2.056	3.1428043980775833	3.6655507657199973	(7, 1.197)	0	0	2
r4i1231p1f1	2008-06-16	6	1.151	1.298	1.487	2.885704001052943	3.12914136117319	(6, 1.151)	0	3	3
r4i1231p1f1	2008-07-28	3	0.984	1.016	0.241	1.8104199386185384	0.811939810347864	(3, 0.984)	1	1	1
r4i1231p1f1	2010-06-30	4	1.122	1.257	0.875	2.3001822083777355	2.0794415416798357	(4, 1.122)	1	3	3
r4i1251p1f1	1852-08-09	6	1.202	1.281	1.9	2.9266886878321094	3.3646780295600047	(6, 1.202)	0	3	3
r4i1251p1f1	1855-06-21	7	1.279	1.403	2.755	3.2062934573571424	3.9516919649094264	(7, 1.279)	0	0	0
r4i1251p1f1	1855-07-04	7	1.099	1.376	1.495	3.061228063052402	3.356471508521439	(7, 1.099)	0	3	2
r4i1251p1f1	1855-07-22	5	1.377	1.666	2.456	2.7969964177259863	3.3484614599493305	(5, 1.377)	0	0	0
r4i1251p1f1	1857-06-15	8	0.992	1.25	0.849	3.154716865266095	3.006211030670164	(8, 0.992)	1	3	2
r4i1251p1f1	1859-06-12	4	1.245	1.467	1.437	2.3942522815198695	2.52540859309733	(4, 1.245)	0	3	3
r4i1251p1f1	1859-07-21	4	1.045	1.166	0.636	2.2364452904895007	1.8063196205593848	(4, 1.045)	1	1	1
r4i1251p1f1	1859-07-30	4	0.901	0.96	0.062	2.1051092884284137	0.4027948795522855	(4, 0.901)	1	1	1
r4i1251p1f1	1859-08-17	3	1.073	1.189	0.563	1.8833462940570747	1.367476870982593	(3, 1.073)	1	1	1
r4i1251p1f1	1859-08-25	5	1.098	1.159	1.062	2.5859588878670148	2.5551725630984348	(5, 1.098)	1	3	1
r4i1251p1f1	1860-07-24	3	1.202	1.402	0.949	1.980418569647406	1.7802178956260757	(3, 1.202)	0	3	3
r4i1251p1f1	1861-06-09	4	1.186	1.448	1.202	2.3502317464613984	2.3623622970299065	(4, 1.186)	0	3	3
r4i1251p1f1	1861-06-21	6	1.381	1.621	2.97	3.058541425602354	3.798852229300108	(6, 1.381)	2	0	0
r4i1251p1f1	1861-06-30	6	1.111	1.374	1.354	2.852340923800849	3.039732635885482	(6, 1.111)	0	3	3
r4i1251p1f1	1861-07-10	4	1.278	1.52	1.568	2.41805434280016	2.6059436448308344	(4, 1.278)	0	0	0
r4i1251p1f1	1861-08-05	4	1.007	1.062	0.484	2.203427521460827	1.5835045304075959	(4, 1.007)	1	1	1
r4i1251p1f1	1861-08-17	3	0.95	0.986	0.192	1.7810935906961989	0.6919771288962269	(3, 0.95)	1	1	1
r4i1251p1f1	1863-08-11	3	0.987	1.094	0.303	1.8129667372033864	0.9456297756327512	(3, 0.987)	1	1	1
r4i1251p1f1	1864-08-01	4	1.001	1.096	0.463	2.1981130713973345	1.5484132105963258	(4, 1.001)	1	1	1
r4i1251p1f1	1866-06-12	4	1.195	1.357	1.236	2.3570732782781154	2.387661265349165	(4, 1.195)	0	3	3
r4i1251p1f1	1867-07-04	4	1.207	1.481	1.284	2.366123113798033	2.422321774596379	(4, 1.207)	0	3	3
r4i1251p1f1	1867-08-24	4	1.045	1.184	0.638	2.2364452904895007	1.8089442939821558	(4, 1.045)	1	1	1
r4i1251p1f1	1868-06-18	7	1.066	1.379	1.26	3.0321893773757806	3.1919372811688307	(7, 1.066)	0	3	2
r4i1251p1f1	1868-06-29	7	1.36	1.645	3.317	3.26528420174087	4.134073154261409	(7, 1.36)	2	0	0
r4i1251p1f1	1869-07-11	3	1.076	1.192	0.572	1.8857141863884672	1.3793198924049874	(3, 1.076)	1	1	1
r4i1251p1f1	1873-06-07	4	1.183	1.305	1.19	2.3479407947148427	2.3532782073095637	(4, 1.183)	0	3	3
r4i1251p1f1	1873-07-31	3	1.133	1.228	0.742	1.9296705251208113	1.5801213709606003	(3, 1.133)	1	3	3
r4i1251p1f1	1873-08-30	3	1.0	1.115	0.342	1.823928522430647	1.0214015026319605	(3, 1.0)	1	1	1
r4i1251p1f1	1874-07-10	3	0.944	0.968	0.174	1.7758278805804821	0.6440254852543897	(3, 0.944)	1	1	1
r4i1251p1f1	1874-07-25	8	1.142	1.304	2.048	3.289912321299899	3.8573756717307335	(8, 1.142)	0	3	2
r4i1251p1f1	1876-06-27	11	1.29	2.085	4.451	3.8725106898859973	5.096111009208588	(11, 1.29)	2	2	4
r4i1251p1f1	1877-06-11	5	0.98	1.42	0.472	2.4812945581783787	1.8369113445742504	(5, 0.98)	1	1	1
r4i1251p1f1	1877-06-23	6	1.361	1.619	2.852	3.0446430609037467	3.759236991851983	(6, 1.361)	2	0	0
r4i1251p1f1	1877-08-01	4	1.12	1.25	0.938	2.298577071596507	2.1405366410396467	(4, 1.12)	1	3	3
r4i1251p1f1	1878-06-14	3	1.089	1.18	0.61	1.8959107523079055	1.4278328136070821	(3, 1.089)	1	1	1
r4i1251p1f1	1878-08-14	5	1.043	1.141	0.785	2.5385338665858783	2.279988380667319	(5, 1.043)	1	1	1
r4i1251p1f1	1879-08-18	6	1.163	1.453	1.666	2.895499666843295	3.238093946819925	(6, 1.163)	0	3	3
r4i1251p1f1	1882-07-20	6	1.142	1.355	1.539	2.8782937626543434	3.162034041195577	(6, 1.142)	0	3	3
r4i1251p1f1	1882-08-11	3	1.065	1.116	0.536	1.8770043651306039	1.331082266299207	(3, 1.065)	1	1	1
r4i1251p1f1	1883-08-14	3	1.184	1.266	0.894	1.96742621912213	1.730834015919441	(3, 1.184)	0	3	3
r4i1251p1f1	1886-06-28	6	1.06	1.136	1.047	2.808122042188279	2.7965307217371977	(6, 1.06)	1	1	1
r4i1251p1f1	1887-08-16	3	0.952	0.972	0.2	1.7828426836630467	0.7125725232330974	(3, 0.952)	1	1	1
r4i1251p1f1	1888-06-23	4	0.966	0.987	0.322	2.1665362485307695	1.2742448573112677	(4, 0.966)	1	1	1
r4i1251p1f1	1889-08-22	5	1.015	1.201	0.645	2.5134977497990874	2.1055135959926994	(5, 1.015)	1	1	1
r4i1251p1f1	1890-07-16	3	1.303	1.416	1.252	2.0503456578987986	2.0156471213943736	(3, 1.303)	0	3	3
r4i1251p1f1	1891-06-20	4	1.191	1.376	1.222	2.3540383745829616	2.377321439108063	(4, 1.191)	0	3	3
r4i1251p1f1	1893-07-20	3	1.113	1.235	0.683	1.914466310658481	1.5149012963880648	(3, 1.113)	1	1	3
r4i1251p1f1	1893-08-05	4	0.975	1.154	0.355	2.174751721484161	1.3454723665996355	(4, 0.975)	1	1	1
r4i1251p1f1	1894-08-27	4	1.085	1.185	0.796	2.2700619012884857	1.9971462989530058	(4, 1.085)	1	1	1
r4i1251p1f1	1895-06-29	3	0.967	1.06	0.243	1.7958642651405032	0.8165433392211622	(3, 0.967)	1	1	1
r4i1251p1f1	1895-07-07	4	1.142	1.301	1.024	2.316093443018838	2.2183335405464546	(4, 1.142)	0	3	3
r4i1251p1f1	1897-06-01	4	1.119	1.215	0.933	2.2977735359968237	2.1358218751159437	(4, 1.119)	1	3	3
r4i1251p1f1	1897-07-08	3	0.972	1.084	0.258	1.800167382597555	0.8504104363179789	(3, 0.972)	1	1	1
r4i1251p1f1	1897-08-07	4	1.019	1.098	0.531	2.213972434637442	1.657847051641788	(4, 1.019)	1	1	1
r4i1251p1f1	1898-06-07	6	1.016	1.186	0.782	2.768335281171458	2.5251689575639396	(6, 1.016)	1	1	1
r4i1251p1f1	1899-07-12	3	1.091	1.214	0.615	1.897470267505701	1.4340443988225668	(3, 1.091)	1	1	1
r4i1251p1f1	1899-07-31	4	1.356	1.691	1.88	2.4721590769654975	2.7750856024383683	(4, 1.356)	0	0	0
r4i1251p1f1	1899-08-08	6	1.154	1.298	1.611	2.8881619279657236	3.2058622282948566	(6, 1.154)	0	3	3
r4i1251p1f1	1900-05-31	3	1.231	1.368	1.037	2.0010019984654726	1.8544854208953232	(3, 1.231)	0	3	3
r4i1251p1f1	1900-06-27	6	1.125	1.382	1.435	2.864145033484506	3.0951298469976907	(6, 1.125)	0	3	3
r4i1251p1f1	1900-07-09	3	1.037	1.104	0.454	1.8544854208953232	1.2116591485246258	(3, 1.037)	1	1	1
r4i1251p1f1	1900-07-23	11	1.06	1.166	1.917	3.6806417435415764	4.261801561212678	(11, 1.06)	0	3	2
r4i1251p1f1	1900-08-17	4	1.323	1.731	1.749	2.4496248356433608	2.7075167254960664	(4, 1.323)	0	0	0
r4i1251p1f1	1905-06-22	5	1.025	1.35	0.696	2.5225113451220658	2.1726491218539916	(5, 1.025)	1	3	3
r4i1251p1f1	1906-08-18	3	0.945	0.986	0.176	1.776707426721953	0.64946841476639	(3, 0.945)	1	1	1
r4i1251p1f1	1907-08-08	15	1.094	1.48	3.127	4.167527746470356	5.207639004491284	(15, 1.094)	2	2	2
r4i1251p1f1	1910-07-11	5	1.225	1.406	1.697	2.6875696567008087	2.9943832034222444	(5, 1.225)	0	3	3
r4i1251p1f1	1911-05-31	4	1.119	1.291	0.933	2.2977735359968237	2.1358218751159437	(4, 1.119)	1	3	3
r4i1251p1f1	1911-07-22	11	1.046	1.248	1.763	3.6676835199810798	4.17928762137324	(11, 1.046)	0	3	2
r4i1251p1f1	1913-06-24	3	1.037	1.239	0.454	1.8544854208953232	1.2116591485246258	(3, 1.037)	1	1	1
r4i1251p1f1	1913-07-30	3	1.058	1.103	0.517	1.871421991289987	1.3046533024514237	(3, 1.058)	1	1	1
r4i1251p1f1	1914-06-24	3	1.005	1.089	0.357	1.8281128037140733	1.0490810952214835	(3, 1.005)	1	1	1
r4i1251p1f1	1915-07-30	5	1.017	1.104	0.658	2.5153069801743895	2.1230592620310627	(5, 1.017)	1	1	1
r4i1251p1f1	1915-08-14	4	1.032	1.191	0.584	2.2252719898913753	1.7355417892298264	(4, 1.032)	1	1	1
r4i1251p1f1	1916-08-03	3	0.953	1.027	0.202	1.7837160842352977	0.7176557710420871	(3, 0.953)	1	1	1
r4i1251p1f1	1918-07-27	17	1.158	1.391	4.623	4.408759327639443	5.783945157356808	(17, 1.158)	2	2	4
r4i1251p1f1	1920-06-28	3	1.337	1.577	1.353	2.072826685323001	2.083233621139891	(3, 1.337)	0	0	0
r4i1251p1f1	1920-07-13	5	0.973	1.061	0.436	2.4747275775790096	1.7706427713806518	(5, 0.973)	1	1	1
r4i1251p1f1	1924-06-19	7	1.175	1.391	2.025	3.1250619245534623	3.6507497912416302	(7, 1.175)	0	3	2
r4i1251p1f1	1924-08-20	3	0.982	1.042	0.29	1.8087184623074828	0.9190406284743298	(3, 0.982)	1	1	1
r4i1251p1f1	1925-06-19	3	1.001	1.052	0.347	1.82476678051635	1.0307134223532146	(3, 1.001)	1	1	1
r4i1251p1f1	1925-07-10	7	1.139	1.308	1.773	3.0953321124697535	3.521537723041541	(7, 1.139)	0	3	2
r4i1251p1f1	1925-07-31	6	1.091	1.205	1.231	2.835232472259433	2.9492657976389745	(6, 1.091)	1	3	3
r4i1251p1f1	1925-08-30	3	0.963	1.054	0.231	1.7924083891450562	0.7885988092895502	(3, 0.963)	1	1	1
r4i1251p1f1	1926-06-02	6	1.149	1.228	1.579	2.88406202034578	3.1866197802495573	(6, 1.149)	0	3	3
r4i1251p1f1	1926-06-15	4	1.063	1.19	0.711	2.251712762620289	1.9003148757824004	(4, 1.063)	1	1	1
r4i1251p1f1	1926-06-23	6	1.14	1.397	1.526	2.876639559178545	3.1539117448166505	(6, 1.14)	0	3	3
r4i1251p1f1	1926-07-26	6	1.157	1.327	1.625	2.890613828283699	3.2141657495437257	(6, 1.157)	0	3	3
r4i1251p1f1	1928-07-29	3	1.111	1.259	0.676	1.9129330972319676	1.5068732708419108	(3, 1.111)	1	1	3
r4i1251p1f1	1928-08-27	3	1.19	1.289	0.913	1.9717757853036324	1.748171006061704	(3, 1.19)	0	3	3
r4i1251p1f1	1932-08-09	3	1.053	1.198	0.502	1.8674154154423224	1.2832834485922338	(3, 1.053)	1	1	1
r4i1251p1f1	1933-06-16	5	1.299	1.533	2.064	2.7423396417658368	3.1812246948310086	(5, 1.299)	0	0	0
r4i1251p1f1	1933-07-16	3	1.092	1.223	0.619	1.8982491140189333	1.4389860353615849	(3, 1.092)	1	1	1
r4i1251p1f1	1935-08-04	4	1.063	1.232	0.709	2.251712762620289	1.8979196650564456	(4, 1.063)	1	1	1
r4i1251p1f1	1936-08-13	8	0.94	1.051	0.433	3.1032302422447584	2.379330514600843	(8, 0.94)	1	1	1
r4i1251p1f1	1941-07-20	4	1.209	1.34	1.295	2.367623489173268	2.4300984132930052	(4, 1.209)	0	3	3
r4i1251p1f1	1942-06-20	5	1.324	1.466	2.19	2.76018524182164	3.2380878602943377	(5, 1.324)	0	0	0
r4i1251p1f1	1942-07-06	3	1.038	1.108	0.458	1.8552984620613318	1.2178277230180439	(3, 1.038)	1	1	1
r4i1251p1f1	1942-07-24	3	1.003	1.09	0.353	1.8264411915984637	1.041774460569922	(3, 1.003)	1	1	1
r4i1251p1f1	1942-07-31	3	1.044	1.145	0.474	1.8601628760179363	1.242128406708616	(3, 1.044)	1	1	1
r4i1251p1f1	1942-08-05	6	1.086	1.278	1.201	2.830909230681918	2.925901001769974	(6, 1.086)	1	3	3
r4i1251p1f1	1945-06-29	4	1.009	1.105	0.494	2.205192746985396	1.599791535382295	(4, 1.009)	1	1	1
r4i1251p1f1	1946-08-08	5	1.215	1.387	1.648	2.6799327830479016	2.966571199140058	(5, 1.215)	0	3	3
r4i1251p1f1	1947-07-12	4	1.253	1.459	1.471	2.4000747142713026	2.546942040707453	(4, 1.253)	0	3	3
r4i1251p1f1	1947-08-01	9	0.967	1.202	0.736	3.299865776072587	3.038408547834427	(9, 0.967)	1	1	2
r4i1251p1f1	1948-06-28	3	0.892	0.92	0.019	1.7289914617709292	0.09415214229348472	(3, 0.892)	1	1	1
r4i1251p1f1	1949-08-24	12	1.103	1.341	2.602	3.8469691297147657	4.692843175015596	(12, 1.103)	2	2	2
r4i1251p1f1	1950-08-07	3	1.008	1.075	0.368	1.8306149942480556	1.0689033465903848	(3, 1.008)	1	1	1
r4i1251p1f1	1951-08-07	5	1.221	1.366	1.675	2.68452190228223	2.9819917692933875	(5, 1.221)	0	3	3
r4i1251p1f1	1951-08-23	3	1.117	1.194	0.693	1.9175257032512696	1.5262592457129922	(3, 1.117)	1	1	3
r4i1251p1f1	1952-06-25	4	1.358	1.491	1.888	2.473508604835631	2.7790676883374905	(4, 1.358)	0	0	0
r4i1251p1f1	1952-07-03	4	1.067	1.106	0.726	2.255074110322994	1.918098391271073	(4, 1.067)	1	1	1
r4i1251p1f1	1954-07-05	3	1.231	1.435	1.036	2.0010019984654726	1.8536717181554538	(3, 1.231)	0	3	3
r4i1251p1f1	1955-06-11	5	1.17	1.256	1.422	2.6448262053484672	2.8272215064453143	(5, 1.17)	0	3	3
r4i1251p1f1	1958-06-07	4	1.053	1.182	0.668	2.243259626909231	1.847509484332547	(4, 1.053)	1	1	1
r4i1251p1f1	1958-07-15	5	1.204	1.358	1.59	2.671464306665527	2.9326188922153533	(5, 1.204)	0	3	3
r4i1251p1f1	1959-07-01	4	1.039	1.095	0.612	2.231303890989082	1.7742741548870353	(4, 1.039)	1	1	1
r4i1251p1f1	1959-07-19	3	1.075	1.14	0.567	1.8849255117711192	1.3727577592551778	(3, 1.075)	1	1	1
r4i1251p1f1	1962-08-08	4	1.305	1.516	1.676	2.437115985951652	2.667783607873655	(4, 1.305)	0	0	0
r4i1251p1f1	1963-07-02	3	1.131	1.212	0.735	1.9281604641562224	1.5726021354417266	(3, 1.131)	1	1	3
r4i1251p1f1	1963-07-08	10	1.327	1.448	4.417	3.760349161884684	4.946472199363682	(10, 1.327)	2	2	4
r4i1251p1f1	1964-08-04	7	1.006	1.147	0.84	2.977129343691336	2.8068100427063354	(7, 1.006)	1	1	1
r4i1251p1f1	1967-06-11	3	0.938	0.989	0.157	1.770534295917709	0.5965239007177077	(3, 0.938)	1	1	1
r4i1251p1f1	1967-08-03	4	1.055	1.15	0.676	2.2449559801574095	1.8575472097660581	(4, 1.055)	1	1	1
r4i1251p1f1	1968-06-25	5	1.383	1.763	2.487	2.8010796039966817	3.3605665251311585	(5, 1.383)	0	0	0
r4i1251p1f1	1969-06-12	3	1.222	1.411	1.01	1.9946592593953143	1.8322796497164289	(3, 1.222)	0	3	3
r4i1251p1f1	1969-06-20	19	1.218	1.905	6.305	4.623733215412136	6.259914676118104	(19, 1.218)	2	2	4
r4i1251p1f1	1969-07-14	8	1.268	1.731	3.062	3.390862990432562	4.252560551011527	(8, 1.268)	2	0	0
r4i1251p1f1	1970-07-31	7	1.16	1.485	1.922	3.112781735581887	3.5999372544415844	(7, 1.16)	0	3	2
r4i1251p1f1	1972-07-30	3	1.009	1.153	0.37	1.8314476683669307	1.0724655547928086	(3, 1.009)	1	1	1
r4i1251p1f1	1973-07-12	3	1.029	1.191	0.429	1.8479571840630418	1.1722187555994614	(3, 1.029)	1	1	1
r4i1251p1f1	1974-06-29	8	1.029	1.144	1.144	3.189801723285829	3.2915969660843003	(8, 1.029)	1	1	2
r4i1251p1f1	1974-07-14	3	1.18	1.402	0.881	1.9645159622469717	1.7187962772257745	(3, 1.18)	0	3	3
r4i1251p1f1	1976-06-12	3	0.974	1.019	0.266	1.8018834582222802	0.8680145842403707	(3, 0.974)	1	1	1
r4i1251p1f1	1977-07-08	7	1.204	1.523	2.229	3.1483843474457704	3.7443533680513306	(7, 1.204)	0	0	2
r4i1251p1f1	1978-07-31	3	0.99	1.055	0.314	1.8155070660787613	0.9675889333270213	(3, 0.99)	1	1	1
r4i1251p1f1	1979-08-19	4	1.039	1.097	0.613	2.231303890989082	1.7756300872981714	(4, 1.039)	1	1	1
r4i1251p1f1	1980-07-30	4	1.014	1.105	0.512	2.209592226144881	1.6284559182698621	(4, 1.014)	1	1	1
r4i1251p1f1	1980-08-05	3	1.078	1.172	0.576	1.8872896720494419	1.3845387698406983	(3, 1.078)	1	1	1
r4i1251p1f1	1980-08-17	6	1.073	1.224	1.123	2.819580542025772	2.862467238988614	(6, 1.073)	1	3	3
r4i1251p1f1	1982-06-02	3	1.221	1.361	1.006	1.9939520208237795	1.8289475630806293	(3, 1.221)	0	3	3
r4i1251p1f1	1982-06-18	10	1.087	1.329	2.018	3.5659759043927552	4.171533404295395	(10, 1.087)	0	3	2
r4i1251p1f1	1982-07-18	3	1.196	1.277	0.932	1.9761065146616097	1.7652125400234207	(3, 1.196)	0	3	3
r4i1251p1f1	1984-08-29	3	1.091	1.3	0.616	1.897470267505701	1.435282099195857	(3, 1.091)	1	3	3
r4i1251p1f1	1985-07-11	6	1.145	1.449	1.553	2.880769948427343	3.1707079747978293	(6, 1.145)	0	3	3
r4i1251p1f1	1987-05-29	11	1.221	1.429	3.69	3.8187137487450986	4.909870131319827	(11, 1.221)	2	2	2
r4i1251p1f1	1987-06-21	6	0.976	1.105	0.544	2.730738330202779	2.196683822315051	(6, 0.976)	1	1	1
r4i1251p1f1	1987-07-17	3	1.137	1.347	0.755	1.9326838233665247	1.5939374138423597	(3, 1.137)	0	3	3
r4i1251p1f1	1987-08-10	6	1.048	1.227	0.976	2.7974271475294903	2.730738330202779	(6, 1.048)	1	3	1
r4i1251p1f1	1989-08-22	3	1.021	1.087	0.406	1.841386049152454	1.1345062832765256	(3, 1.021)	1	1	1
r4i1251p1f1	1991-06-09	8	1.296	1.673	3.285	3.4119768218236617	4.321892597385245	(8, 1.296)	2	0	0
r4i1251p1f1	1991-07-07	6	1.145	1.275	1.557	2.880769948427343	3.1731724849881395	(6, 1.145)	0	3	3
r4i1251p1f1	1991-07-31	3	1.132	1.282	0.738	1.9289157796740044	1.575831590544333	(3, 1.132)	1	3	3
r4i1251p1f1	1993-06-15	6	0.973	1.07	0.521	2.727860744600272	2.158380363673423	(6, 0.973)	1	1	1
r4i1251p1f1	1993-07-24	11	1.233	1.435	3.825	3.8282800710360956	4.945541867412523	(11, 1.233)	2	2	4
r4i1251p1f1	1993-08-20	3	0.993	1.11	0.323	1.8180409580317884	0.9852036336430643	(3, 0.993)	1	1	1
r4i1251p1f1	1993-08-25	4	1.004	1.094	0.475	2.200773826847361	1.5686159179138452	(4, 1.004)	1	1	1
r4i1251p1f1	1994-08-16	4	1.021	1.113	0.54	2.215719159972384	1.6714733033535532	(4, 1.021)	1	1	1
r4i1251p1f1	1996-06-26	5	1.064	1.28	0.89	2.556908007705628	2.3933853456090355	(5, 1.064)	1	3	3
r4i1251p1f1	1996-07-25	3	1.179	1.332	0.881	1.9637870727255824	1.7187962772257745	(3, 1.179)	0	3	3
r4i1251p1f1	1999-06-08	3	0.986	0.989	0.3	1.8121185248247058	0.9395562688468609	(3, 0.986)	1	1	1
r4i1251p1f1	2001-06-02	7	1.272	1.818	2.702	3.2010282878246885	3.93264373519263	(7, 1.272)	2	0	0
r4i1251p1f1	2001-08-05	3	1.287	1.455	1.204	2.039588890738971	1.9818517992247855	(3, 1.287)	0	3	3
r4i1251p1f1	2001-08-11	3	0.953	1.01	0.201	1.7837160842352977	0.7151173770601508	(3, 0.953)	1	1	1
r4i1251p1f1	2002-07-01	4	1.04	1.235	0.617	2.2321626286975	1.7810355058650793	(4, 1.04)	1	1	1
r4i1251p1f1	2003-07-18	4	1.204	1.536	1.272	2.363868321410944	2.413768621954661	(4, 1.204)	0	3	3
r4i1251p1f1	2004-06-25	3	1.185	1.26	0.896	1.9681524618896862	1.7326731813051846	(3, 1.185)	0	3	3
r4i1251p1f1	2005-07-19	3	1.016	1.13	0.39	1.8372570539560484	1.1074066529217297	(3, 1.016)	1	1	1
r4i1251p1f1	2009-08-20	7	1.022	1.271	0.951	2.9921109685043787	2.9238477150470326	(7, 1.022)	1	3	2
r4i1251p1f1	2010-06-18	3	0.922	0.939	0.109	1.7562795231871666	0.44876761661628767	(3, 0.922)	1	1	1
r4i1281p1f1	1852-06-13	3	1.017	1.051	0.337	1.83808421800981	1.012002055374001	(3, 1.017)	1	1	1
r4i1281p1f1	1853-08-07	5	1.189	1.439	1.421	2.6597995801896714	2.826559667962716	(5, 1.189)	0	3	3
r4i1281p1f1	1853-08-16	5	1.088	1.169	0.914	2.5775017681767394	2.4175936751601155	(5, 1.088)	1	1	1
r4i1281p1f1	1853-08-27	5	1.018	1.067	0.565	2.51621036934779	1.990185652625193	(5, 1.018)	1	1	1
r4i1281p1f1	1855-07-13	4	1.33	1.55	1.701	2.454447442303292	2.681569323852613	(4, 1.33)	0	0	0
r4i1281p1f1	1856-07-09	4	1.065	1.158	0.641	2.253394848803274	1.8128684324382902	(4, 1.065)	1	1	1
r4i1281p1f1	1856-08-02	4	1.184	1.304	1.118	2.3487050286075988	2.29696935420841	(4, 1.184)	0	3	3
r4i1281p1f1	1857-05-28	9	1.264	1.737	3.23	3.5589985332594165	4.479720335270676	(9, 1.264)	2	2	0
r4i1281p1f1	1861-06-18	5	1.014	1.071	0.548	2.512591905636091	1.9638660102724568	(5, 1.014)	1	1	1
r4i1281p1f1	1862-07-10	4	1.031	1.058	0.504	2.2244073119300216	1.6158175193981394	(4, 1.031)	1	1	1
r4i1281p1f1	1864-08-27	3	1.108	1.296	0.61	1.9106288604174835	1.4278328136070821	(3, 1.108)	1	3	3
r4i1281p1f1	1865-08-15	5	1.209	1.377	1.52	2.6753225066682624	2.8900448505232386	(5, 1.209)	0	3	3
r4i1281p1f1	1866-06-20	6	1.04	1.184	0.813	2.7902331396141338	2.560988521025557	(6, 1.04)	1	1	1
r4i1281p1f1	1868-06-30	4	1.213	1.262	1.231	2.3706175033858727	2.3839807311980397	(4, 1.213)	0	3	3
r4i1281p1f1	1868-07-09	5	1.246	1.475	1.708	2.7034197303220164	3.000521811774528	(5, 1.246)	0	0	3
r4i1281p1f1	1868-07-17	4	1.532	1.787	2.509	2.584450280124262	3.0479451450009254	(4, 1.532)	2	0	0
r4i1281p1f1	1870-06-16	3	0.99	1.068	0.256	1.8155070660787613	0.8459605466729375	(3, 0.99)	1	1	1
r4i1281p1f1	1870-08-07	4	1.112	1.251	0.829	2.292130635090187	2.0323499341459854	(4, 1.112)	1	3	3
r4i1281p1f1	1870-08-21	4	1.032	1.064	0.508	2.2252719898913753	1.6221566848418751	(4, 1.032)	1	1	1
r4i1281p1f1	1872-06-19	9	1.165	1.425	2.346	3.479854514485432	4.1642126061894285	(9, 1.165)	0	3	2
r4i1281p1f1	1874-07-30	8	1.033	1.144	1.025	3.193521985830801	3.186067568689292	(8, 1.033)	1	1	2
r4i1281p1f1	1877-07-28	6	0.982	1.106	0.466	2.7364687784196544	2.060357254720222	(6, 0.982)	1	1	1
r4i1281p1f1	1878-06-29	3	1.092	1.174	0.563	1.8982491140189333	1.367476870982593	(3, 1.092)	1	1	1
r4i1281p1f1	1878-07-06	5	1.907	2.351	5.013	3.105523825102048	4.043876258243944	(5, 1.907)	2	0	0
r4i1281p1f1	1878-07-21	3	1.045	1.08	0.421	1.8609713161181207	1.159262061528095	(3, 1.045)	1	1	1
r4i1281p1f1	1879-06-03	4	1.064	1.17	0.638	2.2525541593884806	1.8089442939821558	(4, 1.064)	1	1	1
r4i1281p1f1	1881-07-06	4	1.168	1.362	1.052	2.3364066414695563	2.242410369957976	(4, 1.168)	0	3	3
r4i1281p1f1	1882-08-06	3	0.982	1.037	0.233	1.8087184623074828	0.7933107972213779	(3, 0.982)	1	1	1
r4i1281p1f1	1883-08-08	4	1.065	1.081	0.641	2.253394848803274	1.8128684324382902	(4, 1.065)	1	1	1
r4i1281p1f1	1886-06-20	11	1.119	1.421	2.361	3.7334783362737416	4.46747083296098	(11, 1.119)	2	2	2
r4i1281p1f1	1886-07-12	3	1.04	1.16	0.406	1.8569225639687479	1.1345062832765256	(3, 1.04)	1	1	1
r4i1281p1f1	1886-07-20	4	1.062	1.214	0.629	2.250870657307367	1.797078630705655	(4, 1.062)	1	1	1
r4i1281p1f1	1886-08-25	5	1.137	1.265	1.161	2.618274749545595	2.6376545325400946	(5, 1.137)	0	3	3
r4i1281p1f1	1887-06-30	4	1.204	1.354	1.198	2.363868321410944	2.3593434268126545	(4, 1.204)	0	3	3
r4i1281p1f1	1887-07-23	4	1.182	1.391	1.109	2.3471759763219207	2.289702467163032	(4, 1.182)	0	3	3
r4i1281p1f1	1887-08-10	3	1.072	1.186	0.501	1.8825557489911475	1.281842422518679	(3, 1.072)	1	1	1
r4i1281p1f1	1889-06-02	7	1.058	1.275	1.071	3.0250208552962725	3.0366437478652695	(7, 1.058)	1	3	2
r4i1281p1f1	1891-07-17	6	1.285	1.504	2.282	2.989994137739644	3.5420721410958653	(6, 1.285)	0	0	0
r4i1281p1f1	1891-08-22	11	1.056	1.181	1.659	3.6769564964215475	4.119444990818133	(11, 1.056)	0	3	2
r4i1281p1f1	1892-06-21	10	1.309	1.541	4.038	3.7470119041450074	4.857427950768505	(10, 1.309)	2	2	4
r4i1281p1f1	1894-06-15	3	1.084	1.182	0.538	1.8920012906264554	1.333824059440456	(3, 1.084)	1	1	1
r4i1281p1f1	1895-08-19	3	1.056	1.101	0.453	1.8698212867532615	1.2101110409918319	(3, 1.056)	1	1	1
r4i1281p1f1	1897-06-14	3	1.115	1.226	0.63	1.9159971769397985	1.4524509536388943	(3, 1.115)	1	1	3
r4i1281p1f1	1898-07-21	3	1.07	1.236	0.494	1.8809727815008697	1.2716966740794537	(3, 1.07)	1	1	1
r4i1281p1f1	1900-07-19	8	1.208	1.321	2.428	3.3440596640861737	4.024268398311983	(8, 1.208)	0	3	2
r4i1281p1f1	1901-06-30	7	1.106	1.424	1.407	3.067280853446503	3.297982882502654	(7, 1.106)	0	3	2
r4i1281p1f1	1901-07-29	8	1.165	1.398	2.083	3.309116478224365	3.87396613456843	(8, 1.165)	0	3	2
r4i1281p1f1	1902-05-31	5	1.266	1.552	1.804	2.7182849995812974	3.0525535852197683	(5, 1.266)	0	0	0
r4i1281p1f1	1902-07-03	3	1.079	1.159	0.523	1.888076485048371	1.3130749947901585	(3, 1.079)	1	1	1
r4i1281p1f1	1902-07-21	3	1.07	1.228	0.495	1.8809727815008697	1.2731523841689367	(3, 1.07)	1	1	1
r4i1281p1f1	1902-08-19	4	1.127	1.21	0.888	2.3041838143577427	2.092357766946382	(4, 1.127)	1	3	3
r4i1281p1f1	1903-06-10	4	1.053	1.112	0.593	2.243259626909231	1.748155831745923	(4, 1.053)	1	1	1
r4i1281p1f1	1904-08-14	3	1.232	1.449	0.981	2.001704270299514	1.8078666372859462	(3, 1.232)	0	3	3
r4i1281p1f1	1908-08-04	5	1.34	1.625	2.175	2.7714415300444064	3.231485557180855	(5, 1.34)	0	0	0
r4i1281p1f1	1909-06-02	4	0.999	1.082	0.379	2.196335293151335	1.3942625307690675	(4, 0.999)	1	1	1
r4i1281p1f1	1909-06-12	6	1.068	1.294	0.979	2.8151889510691026	2.7336076590601963	(6, 1.068)	1	3	3
r4i1281p1f1	1909-07-23	4	1.07	1.148	0.66	2.25758772706331	1.8373699804801074	(4, 1.07)	1	1	1
r4i1281p1f1	1909-08-13	9	1.389	1.652	4.355	3.650736160335893	4.7756300030168575	(9, 1.389)	2	2	4
r4i1281p1f1	1910-06-17	3	1.172	1.294	0.803	1.958669915800558	1.6433581403858413	(3, 1.172)	0	3	3
r4i1281p1f1	1910-07-11	15	1.163	1.655	3.872	4.227770452035812	5.42028219186665	(15, 1.163)	2	2	4
r4i1281p1f1	1913-08-03	7	1.025	1.162	0.845	2.9948952061552303	2.81238733357888	(7, 1.025)	1	1	1
r4i1281p1f1	1914-06-14	11	1.192	1.636	3.164	3.7952101446505333	4.757305772908952	(11, 1.192)	2	2	2
r4i1281p1f1	1916-06-17	6	1.112	1.299	1.241	2.8531887109793	2.9569343035199487	(6, 1.112)	0	3	3
r4i1281p1f1	1916-08-18	3	1.045	1.208	0.422	1.8609713161181207	1.1608908587834577	(3, 1.045)	1	1	1
r4i1281p1f1	1917-08-11	3	1.226	1.295	0.962	1.9974832224048533	1.7915425508102527	(3, 1.226)	0	3	3
r4i1281p1f1	1921-08-25	5	1.077	1.205	0.863	2.5681155749955287	2.3654315574337117	(5, 1.077)	1	1	1
r4i1281p1f1	1922-07-27	5	1.31	1.46	2.024	2.7502309682406123	3.1624751069191763	(5, 1.31)	0	0	0
r4i1281p1f1	1922-08-10	6	1.254	1.414	2.093	2.9668162471598656	3.4582294305328496	(6, 1.254)	0	0	0
r4i1281p1f1	1923-07-06	8	0.99	1.062	0.684	3.1527848599740644	2.8019747684561707	(8, 0.99)	1	1	1
r4i1281p1f1	1923-08-08	8	1.237	1.558	2.66	3.3669549038256266	4.113966277968481	(8, 1.237)	2	0	0
r4i1281p1f1	1928-06-08	4	1.186	1.306	1.124	2.3502317464613984	2.3017847728232765	(4, 1.186)	0	3	3
r4i1281p1f1	1928-06-19	4	1.278	1.553	1.494	2.41805434280016	2.561250216375334	(4, 1.278)	0	0	0
r4i1281p1f1	1928-07-23	3	1.054	1.102	0.447	1.8682180158529837	1.2007717262228672	(3, 1.054)	1	1	1
r4i1281p1f1	1928-08-02	5	0.99	1.03	0.427	2.4906017757796937	1.7533659700456914	(5, 0.99)	1	1	1
r4i1281p1f1	1928-08-16	3	1.004	1.036	0.298	1.827277346942111	0.9354866739845107	(3, 1.004)	1	1	1
r4i1281p1f1	1929-06-04	5	0.99	1.002	0.424	2.4906017757796937	1.7475400628641369	(5, 0.99)	1	1	1
r4i1281p1f1	1930-08-12	4	1.052	1.145	0.589	2.242410369957976	1.7425692250372833	(4, 1.052)	1	1	1
r4i1281p1f1	1931-08-15	5	1.365	1.624	2.3	2.788779684979346	3.2852170354810806	(5, 1.365)	0	0	0
r4i1281p1f1	1933-08-28	7	1.144	1.306	1.672	3.0995144868028164	3.4646688757506614	(7, 1.144)	0	3	2
r4i1281p1f1	1934-07-20	3	1.053	1.144	0.444	1.8674154154423224	1.196069155321417	(3, 1.053)	1	1	1
r4i1281p1f1	1934-07-26	7	1.014	1.192	0.766	2.984648211970734	2.720408095468763	(7, 1.014)	1	1	1
r4i1281p1f1	1934-08-08	4	0.994	1.143	0.355	2.191876971009624	1.3454723665996355	(4, 0.994)	1	1	1
r4i1281p1f1	1934-08-15	4	1.343	1.612	1.752	2.46334247187216	2.7091162992842075	(4, 1.343)	0	0	0
r4i1281p1f1	1938-06-13	5	1.318	1.489	2.066	2.7559312519452974	3.1821530092047894	(5, 1.318)	0	0	0
r4i1281p1f1	1939-08-17	3	1.1	1.245	0.586	1.9044581443609874	1.3974680324230628	(3, 1.1)	1	1	3
r4i1281p1f1	1941-06-07	3	1.124	1.231	0.658	1.922857220904564	1.4859288806888242	(3, 1.124)	1	1	3
r4i1281p1f1	1942-06-23	4	1.299	1.398	1.579	2.4329113546696197	2.6124199700869597	(4, 1.299)	0	3	3
r4i1281p1f1	1942-07-10	4	1.214	1.375	1.238	2.3713646083888715	2.3891296943942315	(4, 1.214)	0	3	3
r4i1281p1f1	1942-08-09	8	1.278	1.456	2.983	3.3984549220018527	4.226798487784497	(8, 1.278)	2	0	0
r4i1281p1f1	1943-07-27	5	1.309	1.569	2.02	2.7495161426591728	3.160580667084216	(5, 1.309)	0	0	0
r4i1281p1f1	1945-06-06	3	0.986	1.059	0.242	1.8121185248247058	0.8142442238419348	(3, 0.986)	1	1	1
r4i1281p1f1	1947-06-22	4	1.282	1.549	1.51	2.420901319812088	2.5710843460290524	(4, 1.282)	0	0	0
r4i1281p1f1	1948-08-09	3	1.239	1.46	1.003	2.0066064122360014	1.8264411915984637	(3, 1.239)	0	3	3
r4i1281p1f1	1950-07-16	4	0.942	1.032	0.15	2.144292513999452	0.7884573603642702	(4, 0.942)	1	1	1
r4i1281p1f1	1951-07-22	3	1.134	1.2	0.689	1.9304247013565112	1.5217315345498066	(3, 1.134)	1	1	3
r4i1281p1f1	1952-07-11	5	0.964	1.035	0.297	2.466220449436937	1.4633852425734344	(5, 0.964)	1	1	1
r4i1281p1f1	1952-08-24	7	1.286	1.574	2.672	3.211531050012949	3.921698695049123	(7, 1.286)	0	0	0
r4i1281p1f1	1953-06-02	7	1.131	1.23	1.584	3.088603715220474	3.4123381105448254	(7, 1.131)	0	3	2
r4i1281p1f1	1954-08-09	3	1.009	1.066	0.313	1.8314476683669307	0.9656124531448094	(3, 1.009)	1	1	1
r4i1281p1f1	1955-07-01	4	1.091	1.303	0.744	2.275008325223811	1.9390293879630909	(4, 1.091)	1	3	3
r4i1281p1f1	1955-08-12	3	1.099	1.211	0.583	1.9036841206135722	1.3936067757387784	(3, 1.099)	1	1	1
r4i1281p1f1	1956-06-05	6	0.999	1.187	0.567	2.752528958674856	2.2335740897300402	(6, 0.999)	1	1	1
r4i1281p1f1	1956-07-27	5	0.984	1.062	0.394	2.485027846551623	1.6873344261893548	(5, 0.984)	1	1	1
r4i1281p1f1	1958-07-08	6	1.25	1.39	2.074	2.9637860368073388	3.449398494889232	(6, 1.25)	0	3	0
r4i1281p1f1	1960-07-20	3	1.106	1.155	0.605	1.9090897475184052	1.421582403309789	(3, 1.106)	1	1	1
r4i1281p1f1	1961-07-12	3	0.952	1.018	0.141	1.7828426836630467	0.5496563521937489	(3, 0.952)	1	1	1
r4i1281p1f1	1962-08-23	7	0.964	1.115	0.412	2.93670015615428	2.1552846874989378	(7, 0.964)	1	1	1
r4i1281p1f1	1963-06-20	4	1.002	1.105	0.388	2.199000776737475	1.4119621078684685	(4, 1.002)	1	1	1
r4i1281p1f1	1966-06-15	7	1.031	1.178	0.883	3.0004405328829815	2.853787810299083	(7, 1.031)	1	1	1
r4i1281p1f1	1966-06-24	4	1.083	1.202	0.714	2.268407641192459	1.903896969164905	(4, 1.083)	1	1	1
r4i1281p1f1	1966-08-14	3	1.106	1.258	0.603	1.9090897475184052	1.4190712590751862	(3, 1.106)	1	1	3
r4i1281p1f1	1967-06-03	5	1.204	1.379	1.495	2.671464306665527	2.8743896173734145	(5, 1.204)	0	3	3
r4i1281p1f1	1967-07-17	4	1.135	1.321	0.921	2.3105532626432224	2.124414907322567	(4, 1.135)	0	3	3
r4i1281p1f1	1967-08-01	9	1.166	1.422	2.355	3.4806860897524112	4.167982185683979	(9, 1.166)	0	3	2
r4i1281p1f1	1967-08-30	3	0.942	0.951	0.111	1.7740664640856596	0.4553803020008931	(3, 0.942)	1	1	1
r4i1281p1f1	1968-06-23	3	1.188	1.414	0.849	1.9703280309734539	1.6885324920460172	(3, 1.188)	0	3	3
r4i1281p1f1	1969-07-07	3	1.077	1.182	0.516	1.886502239488306	1.303242765686865	(3, 1.077)	1	1	1
r4i1281p1f1	1972-06-05	3	0.98	1.037	0.225	1.807014086039882	0.774328145607613	(3, 0.98)	1	1	1
r4i1281p1f1	1972-06-15	5	0.925	1.007	0.103	2.428496285142698	0.7662001359992369	(5, 0.925)	1	1	1
r4i1281p1f1	1972-07-08	5	1.091	1.154	0.931	2.580046422442136	2.434393440113265	(5, 1.091)	1	1	1
r4i1281p1f1	1974-06-02	5	1.01	1.135	0.525	2.5089603010807022	1.9271172988705352	(5, 1.01)	1	1	1
r4i1281p1f1	1974-08-08	6	1.169	1.322	1.585	2.9003617500024856	3.1902560566954907	(6, 1.169)	0	3	3
r4i1281p1f1	1977-08-15	8	1.224	1.465	2.557	3.3567562907417097	4.075132949726998	(8, 1.224)	0	0	2
r4i1281p1f1	1978-06-28	3	1.16	1.247	0.767	1.9498362618267655	1.606523451157975	(3, 1.16)	1	3	3
r4i1281p1f1	1979-07-09	3	1.266	1.549	1.082	2.025292722467937	1.8904332164023727	(3, 1.266)	0	0	3
r4i1281p1f1	1979-07-15	3	1.23	1.419	0.976	2.000299233099087	1.8035965939757768	(3, 1.23)	0	3	3
r4i1281p1f1	1979-08-17	3	1.063	1.115	0.476	1.8754125785259108	1.2451248876848824	(3, 1.063)	1	1	1
r4i1281p1f1	1980-06-08	3	0.949	0.984	0.133	1.7802178956260757	0.5253722697485572	(3, 0.949)	1	1	1
r4i1281p1f1	1981-07-28	8	1.359	1.647	3.638	3.457913503083175	4.422671129905427	(8, 1.359)	2	0	0
r4i1281p1f1	1986-06-09	4	1.043	1.112	0.555	2.234734426085871	1.6937790608678513	(4, 1.043)	1	1	1
r4i1281p1f1	1986-07-25	4	1.183	1.35	1.115	2.3479407947148427	2.2945529212967815	(4, 1.183)	0	3	3
r4i1281p1f1	1986-08-05	3	1.186	1.347	0.843	1.968878177611425	1.6827546344954722	(3, 1.186)	0	3	3
r4i1281p1f1	1987-07-26	4	1.036	1.128	0.525	2.2287232443955904	1.6486586255873816	(4, 1.036)	1	1	1
r4i1281p1f1	1988-07-11	4	1.033	1.079	0.511	2.2261359208306395	1.626884826037821	(4, 1.033)	1	1	1
r4i1281p1f1	1988-07-17	4	1.129	1.232	0.897	2.305779983890565	2.1012030334613487	(4, 1.129)	1	3	3
r4i1281p1f1	1990-07-25	11	1.184	1.518	3.07	3.788627980542398	4.727409227069922	(11, 1.184)	2	2	2
r4i1281p1f1	1991-06-02	3	0.972	1.028	0.203	1.800167382597555	0.720187737891169	(3, 0.972)	1	1	1
r4i1281p1f1	1992-06-24	4	1.179	1.338	1.098	2.344878005184297	2.2807483983848713	(4, 1.179)	0	3	3
r4i1281p1f1	1993-07-09	10	1.264	1.418	3.597	3.712869127615831	4.742730815392082	(10, 1.264)	2	2	2
r4i1281p1f1	1998-06-08	10	1.263	1.49	3.578	3.712097000009284	4.737480912359824	(10, 1.263)	2	2	2
r4i1281p1f1	2001-06-25	3	1.047	1.066	0.426	1.8625862382302412	1.1673796469293618	(3, 1.047)	1	1	1
r4i1281p1f1	2001-07-06	9	0.952	1.111	0.424	3.2848133669194794	2.521559967436036	(9, 0.952)	1	1	1
r4i1281p1f1	2001-08-04	3	1.007	1.093	0.307	1.8297816262051394	0.9536708266555438	(3, 1.007)	1	1	1
r4i1281p1f1	2001-08-11	3	1.025	1.139	0.36	1.8446770140747886	1.054526248000911	(3, 1.025)	1	1	1
r4i1281p1f1	2004-07-18	6	1.438	1.722	3.199	3.097123810759921	3.871524002969095	(6, 1.438)	2	0	0
r4i1281p1f1	2004-08-28	4	1.117	1.306	0.849	2.296164525191123	2.053097566340234	(4, 1.117)	1	3	3
r4i1281p1f1	2006-06-12	3	1.089	1.175	0.554	1.8959107523079055	1.3554919097284417	(3, 1.089)	1	1	1
r4i1281p1f1	2009-06-20	6	1.243	1.478	2.032	2.9584609731475835	3.4295962539696774	(6, 1.243)	0	0	0
r4i1281p1f1	2010-06-14	3	1.148	1.354	0.729	1.9409238784254021	1.5661117676770642	(3, 1.148)	0	3	3
r4i1281p1f1	2010-08-24	5	1.174	1.405	1.345	2.647997180368679	2.774933293376471	(5, 1.174)	0	3	3
r4i1301p1f1	1852-06-19	13	1.179	1.719	3.588	4.03002440655726	5.130947476571644	(13, 1.179)	2	2	4
r4i1301p1f1	1852-07-30	8	1.111	1.227	1.666	3.2634307582286954	3.6557692285317414	(8, 1.111)	0	3	2
r4i1301p1f1	1852-08-16	6	1.083	1.318	1.079	2.828306285797379	2.8248251195808636	(6, 1.083)	0	3	3
r4i1301p1f1	1853-08-04	5	1.018	1.103	0.573	2.51621036934779	2.002335682055498	(5, 1.018)	1	1	1
r4i1301p1f1	1857-06-12	4	1.332	1.658	1.715	2.4558210688929036	2.6892071133007303	(4, 1.332)	0	0	0
r4i1301p1f1	1857-07-28	4	1.11	1.264	0.826	2.2905125117597764	2.0292003252430892	(4, 1.11)	1	3	3
r4i1301p1f1	1858-07-09	3	1.126	1.292	0.667	1.9243753052704822	1.4964559081980222	(3, 1.126)	1	3	3
r4i1301p1f1	1858-08-06	3	1.02	1.171	0.352	1.8405616128750606	1.039939429620377	(3, 1.02)	1	1	1
r4i1301p1f1	1859-07-18	5	1.28	1.485	1.884	2.7285607513564756	3.093936459319007	(5, 1.28)	0	0	0
r4i1301p1f1	1860-06-16	3	1.25	1.359	1.039	2.014261551963053	1.8561108427283792	(3, 1.25)	0	3	3
r4i1301p1f1	1860-08-13	5	1.01	1.187	0.536	2.5089603010807022	1.944861339203555	(5, 1.01)	1	1	1
r4i1301p1f1	1861-08-18	8	1.363	1.519	3.681	3.4607600866909953	4.434281290193818	(8, 1.363)	2	0	0
r4i1301p1f1	1864-06-11	3	1.084	1.176	0.544	1.8920012906264554	1.3420046207966683	(3, 1.084)	1	1	1
r4i1301p1f1	1864-06-29	8	1.35	1.757	3.572	3.4514789077145642	4.404584452121289	(8, 1.35)	2	0	0
r4i1301p1f1	1864-07-11	13	1.108	1.467	2.659	3.9690526662245733	4.833365682223684	(13, 1.108)	2	2	2
r4i1301p1f1	1864-07-26	6	1.095	1.276	1.15	2.8386776586406683	2.884883347711904	(6, 1.095)	1	3	3
r4i1301p1f1	1865-07-25	3	1.097	1.242	0.582	1.9021342734584945	1.392316369876498	(3, 1.097)	1	1	3
r4i1301p1f1	1866-06-03	4	1.229	1.366	1.303	2.3825047161699193	2.4357164055972285	(4, 1.229)	0	3	3
r4i1301p1f1	1870-06-12	4	1.229	1.465	1.304	2.3825047161699193	2.4364164406275663	(4, 1.229)	0	3	3
r4i1301p1f1	1870-07-01	4	1.265	1.376	1.448	2.4087452888224363	2.5324261657559766	(4, 1.265)	0	3	3
r4i1301p1f1	1870-07-08	3	1.154	1.373	0.751	1.9453899989154602	1.5897066183619926	(3, 1.154)	0	3	3
r4i1301p1f1	1871-06-13	6	1.27	1.406	2.204	2.97884609312963	3.5083179183308832	(6, 1.27)	0	0	0
r4i1301p1f1	1871-08-04	11	0.987	1.098	0.92	3.6111501923919134	3.542819704872548	(11, 0.987)	1	1	2
r4i1301p1f1	1872-06-29	5	1.246	1.421	1.712	2.7034197303220164	3.0027447231262783	(5, 1.246)	0	3	3
r4i1301p1f1	1872-07-21	4	1.159	1.31	1.025	2.3294217469476055	2.2192034840549946	(4, 1.159)	0	3	3
r4i1301p1f1	1872-08-20	12	1.296	1.565	4.712	4.005034332505494	5.282564751672924	(12, 1.296)	2	2	4
r4i1301p1f1	1875-06-09	4	1.034	1.049	0.525	2.2269991060374505	1.6486586255873816	(4, 1.034)	1	1	1
r4i1301p1f1	1875-07-02	3	1.109	1.244	0.618	1.9113975294518544	1.4377529136943206	(3, 1.109)	1	1	3
r4i1301p1f1	1878-07-17	5	1.226	1.363	1.614	2.688330146137854	2.9468082007864265	(5, 1.226)	0	3	3
r4i1301p1f1	1878-08-11	4	1.168	1.338	1.061	2.3364066414695563	2.2500278422553697	(4, 1.168)	0	3	3
r4i1301p1f1	1878-08-17	4	0.967	1.022	0.255	2.167452419002549	1.1118575154181303	(4, 0.967)	1	1	1
r4i1301p1f1	1880-06-15	5	1.058	1.205	0.773	2.5516926123621193	2.2661703237314206	(5, 1.058)	1	1	1
r4i1301p1f1	1880-06-26	3	1.153	1.249	0.75	1.9446470292811249	1.5886461167462513	(3, 1.153)	1	3	3
r4i1301p1f1	1882-06-08	3	1.047	1.136	0.431	1.8625862382302412	1.175431867387346	(3, 1.047)	1	1	1
r4i1301p1f1	1882-06-13	10	1.128	1.336	2.251	3.601972399138012	4.279202761937398	(10, 1.128)	0	3	2
r4i1301p1f1	1882-06-27	3	1.043	1.076	0.42	1.8593537818135162	1.1576306069634266	(3, 1.043)	1	1	1
r4i1301p1f1	1882-08-24	4	1.199	1.404	1.182	2.3600989991946526	2.3471759763219207	(4, 1.199)	0	3	3
r4i1301p1f1	1883-06-20	3	0.996	1.053	0.278	1.8205684456009843	0.8938530282047964	(3, 0.996)	1	1	1
r4i1301p1f1	1885-06-22	3	1.012	1.068	0.328	1.8339415387115605	0.994857148389743	(3, 1.012)	1	1	1
r4i1301p1f1	1885-07-08	12	1.142	1.404	2.873	3.880987312918135	4.791055113790212	(12, 1.142)	2	2	2
r4i1301p1f1	1885-07-22	4	1.325	1.54	1.689	2.451005098112319	2.674975893372781	(4, 1.325)	0	0	0
r4i1301p1f1	1886-07-24	6	1.167	1.469	1.584	2.8987436808456617	3.1896509281089624	(6, 1.167)	0	3	3
r4i1301p1f1	1886-08-11	3	0.995	1.092	0.275	1.8197266593443935	0.887455737113426	(3, 0.995)	1	1	1
r4i1301p1f1	1890-06-02	12	1.017	1.101	1.372	3.767595808211048	4.0610112799409155	(12, 1.017)	1	3	2
r4i1301p1f1	1891-06-14	3	1.101	1.221	0.595	1.90523156945898	1.4089631445905442	(3, 1.101)	1	1	1
r4i1301p1f1	1891-07-30	5	1.075	1.115	0.862	2.566399488517791	2.364381073962495	(5, 1.075)	1	1	1
r4i1301p1f1	1892-06-27	3	1.243	1.367	1.019	2.009396884415142	1.839736496341625	(3, 1.243)	0	3	3
r4i1301p1f1	1892-08-02	4	1.013	1.067	0.439	2.208713877383975	1.5067405141957577	(4, 1.013)	1	1	1
r4i1301p1f1	1892-08-15	6	1.233	1.618	1.977	2.9508042105099324	3.403057228703738	(6, 1.233)	0	0	0
r4i1301p1f1	1893-07-08	6	1.18	1.347	1.662	2.9092146316882888	3.235784532148913	(6, 1.18)	0	3	3
r4i1301p1f1	1894-06-28	5	1.252	1.558	1.747	2.707902559480301	3.021987264189106	(5, 1.252)	0	0	0
r4i1301p1f1	1894-07-10	4	1.072	1.183	0.674	2.259259968255672	1.8550472084639735	(4, 1.072)	1	1	1
r4i1301p1f1	1894-07-25	5	1.159	1.375	1.278	2.636053818560595	2.7270992357752313	(5, 1.159)	0	3	3
r4i1301p1f1	1895-06-09	5	1.344	1.549	2.203	2.7742359154218232	3.2437748072715475	(5, 1.344)	0	0	0
r4i1301p1f1	1897-08-27	5	1.178	1.344	1.374	2.6511581320815965	2.7949485553697855	(5, 1.178)	0	3	3
r4i1301p1f1	1898-08-12	3	1.172	1.324	0.805	1.958669915800558	1.6453652661737146	(3, 1.172)	0	3	3
r4i1301p1f1	1899-06-11	4	1.15	1.309	0.989	2.322387720290225	2.187398683184928	(4, 1.15)	0	3	3
r4i1301p1f1	1900-07-08	7	1.238	1.438	2.342	3.175052700696968	3.792663785601711	(7, 1.238)	0	0	2
r4i1301p1f1	1901-06-01	7	1.119	1.217	1.511	3.078425466489282	3.3667478045766037	(7, 1.119)	0	3	2
r4i1301p1f1	1901-06-30	7	1.047	1.302	1.007	3.015079471608623	2.9780722997119558	(7, 1.047)	1	3	2
r4i1301p1f1	1901-07-17	4	0.918	0.947	0.059	2.121542717698471	0.38662202030668447	(4, 0.918)	1	1	1
r4i1301p1f1	1903-06-12	5	1.265	1.372	1.812	2.717546960968081	3.056769792523632	(5, 1.265)	0	3	3
r4i1301p1f1	1906-07-06	4	0.916	0.962	0.05	2.119623331312668	0.33647223662121295	(4, 0.916)	1	1	1
r4i1301p1f1	1907-06-18	8	1.258	1.648	2.837	3.3832129802282034	4.177367164415614	(8, 1.258)	2	0	0
r4i1301p1f1	1910-07-29	4	1.078	1.137	0.699	2.264259978672378	1.8858567926071705	(4, 1.078)	1	1	1
r4i1301p1f1	1910-08-25	5	1.535	1.725	3.16	2.8993216835224516	3.5926403792437998	(5, 1.535)	2	0	0
r4i1301p1f1	1911-07-15	5	1.169	1.387	1.329	2.644031887992001	2.763716461784272	(5, 1.169)	0	3	3
r4i1301p1f1	1911-08-07	3	1.13	1.272	0.68	1.9274045777056474	1.511468602712419	(3, 1.13)	1	3	3
r4i1301p1f1	1912-06-13	6	1.153	1.341	1.501	2.887343290078549	3.138104051842993	(6, 1.153)	0	3	3
r4i1301p1f1	1912-07-05	4	1.093	1.213	0.759	2.276651710967541	1.9561433253353424	(4, 1.093)	1	1	1
r4i1301p1f1	1912-07-11	3	1.168	1.349	0.794	1.9557340263295966	1.6342758849234178	(3, 1.168)	0	3	3
r4i1301p1f1	1913-05-31	3	1.142	1.275	0.717	1.9364377221875966	1.5530032738697626	(3, 1.142)	1	3	3
r4i1301p1f1	1917-08-04	10	1.374	1.794	4.705	3.7943581014349976	5.009202026865467	(10, 1.374)	2	2	4
r4i1301p1f1	1921-06-30	9	1.122	1.521	1.967	3.4434263858798655	3.9910005306115734	(9, 1.122)	0	3	2
r4i1301p1f1	1922-06-05	4	1.152	1.334	0.994	2.3239551187302383	2.191876971009624	(4, 1.152)	0	3	3
r4i1301p1f1	1922-06-13	7	1.025	1.117	0.85	2.9948952061552303	2.817933690724599	(7, 1.025)	1	1	1
r4i1301p1f1	1922-07-11	5	1.503	1.968	2.999	2.8794260073004456	3.5418238581217247	(5, 1.503)	2	0	0
r4i1301p1f1	1923-07-28	5	1.248	1.491	1.727	2.704916240680952	3.01103690716943	(5, 1.248)	0	0	0
r4i1301p1f1	1924-06-12	3	1.127	1.219	0.671	1.9251334841096133	1.5010992499708764	(3, 1.127)	1	1	3
r4i1301p1f1	1924-07-03	5	1.427	1.813	2.62	2.830524144307154	3.410899843687732	(5, 1.427)	2	0	0
r4i1301p1f1	1926-08-20	3	1.077	1.15	0.521	1.886502239488306	1.3102756371655788	(3, 1.077)	1	1	1
r4i1301p1f1	1927-06-16	3	1.011	1.141	0.322	1.8331109394483338	0.9832616972608718	(3, 1.011)	1	1	1
r4i1301p1f1	1927-07-15	3	1.232	1.435	0.988	2.001704270299514	1.8138142307275258	(3, 1.232)	0	3	3
r4i1301p1f1	1927-08-20	4	1.084	1.199	0.723	2.2692351133124915	1.914566898489602	(4, 1.084)	1	1	1
r4i1301p1f1	1928-08-11	4	1.209	1.358	1.222	2.367623489173268	2.377321439108063	(4, 1.209)	0	3	3
r4i1301p1f1	1929-06-20	4	1.008	1.084	0.419	2.204310523725705	1.4706355095536414	(4, 1.008)	1	1	1
r4i1301p1f1	1929-07-01	3	1.018	1.135	0.344	1.8389106984286396	1.025136682368824	(3, 1.018)	1	1	1
r4i1301p1f1	1930-07-22	4	1.398	1.583	1.978	2.5001236155928606	2.8228064384003986	(4, 1.398)	0	0	0
r4i1301p1f1	1931-06-05	7	1.089	1.228	1.298	3.0525171680669785	3.2204464472881194	(7, 1.089)	1	3	2
r4i1301p1f1	1932-06-03	3	1.125	1.295	0.667	1.9236165511600132	1.4964559081980222	(3, 1.125)	1	3	3
r4i1301p1f1	1932-06-08	4	1.05	1.12	0.588	2.2407096892759584	1.7411676831119949	(4, 1.05)	1	1	1
r4i1301p1f1	1932-06-15	11	1.076	1.33	1.898	3.6952484046878924	4.2519819047566125	(11, 1.076)	0	3	2
r4i1301p1f1	1933-08-10	4	1.237	1.45	1.337	2.388395749407157	2.459246903007423	(4, 1.237)	0	3	3
r4i1301p1f1	1935-07-08	3	1.058	1.158	0.465	1.871421991289987	1.228532006034618	(3, 1.058)	1	1	1
r4i1301p1f1	1935-08-02	3	1.033	1.111	0.389	1.85122662970424	1.1056882920799471	(3, 1.033)	1	1	1
r4i1301p1f1	1937-06-18	3	1.104	1.193	0.601	1.907548262098765	1.4165537931171266	(3, 1.104)	1	1	1
r4i1301p1f1	1937-07-15	3	1.372	1.53	1.407	2.0954528148814386	2.1175783092527807	(3, 1.372)	0	0	0
r4i1301p1f1	1939-07-18	3	1.162	1.337	0.778	1.951313967121635	1.6179231279288906	(3, 1.162)	0	3	3
r4i1301p1f1	1939-08-05	6	0.99	1.052	0.523	2.7440586496928523	2.161769959686133	(6, 0.99)	1	1	1
r4i1301p1f1	1942-06-06	3	1.114	1.245	0.633	1.9152320367430575	1.456091954898091	(3, 1.114)	1	1	3
r4i1301p1f1	1942-06-18	3	1.009	1.148	0.318	1.8314476683669307	0.9754560194208632	(3, 1.009)	1	1	1
r4i1301p1f1	1942-08-20	5	1.164	1.241	1.303	2.6400508094541792	2.7452164253281373	(5, 1.164)	0	3	3
r4i1301p1f1	1943-08-05	4	1.133	1.264	0.921	2.308964699958085	2.124414907322567	(4, 1.133)	1	3	3
r4i1301p1f1	1944-08-15	6	1.184	1.344	1.685	2.912414528484931	3.248991415745556	(6, 1.184)	0	3	3
r4i1301p1f1	1947-06-07	5	0.989	1.042	0.43	2.4896749424512117	1.7591581325313324	(5, 0.989)	1	1	1
r4i1301p1f1	1947-08-09	3	0.922	0.939	0.056	1.7562795231871666	0.2554051332269767	(3, 0.922)	1	1	1
r4i1301p1f1	1948-06-01	3	1.109	1.247	0.617	1.9113975294518544	1.4365182695604304	(3, 1.109)	1	1	3
r4i1301p1f1	1948-06-27	8	1.066	1.265	1.306	3.2236972439184046	3.4194107270895353	(8, 1.066)	0	3	2
r4i1301p1f1	1950-06-11	5	1.291	1.644	1.937	2.73656112731346	3.1204387694114097	(5, 1.291)	0	0	0
r4i1301p1f1	1950-08-15	3	1.149	1.239	0.737	1.9416696183705373	1.574756263914007	(3, 1.149)	1	3	3
r4i1301p1f1	1952-07-12	6	1.085	1.149	1.09	2.830042334982768	2.834369317884592	(6, 1.085)	1	3	1
r4i1301p1f1	1953-07-26	3	1.25	1.387	1.04	2.014261551963053	1.8569225639687479	(3, 1.25)	0	3	3
r4i1301p1f1	1954-07-31	5	1.039	1.205	0.681	2.5349954261979355	2.153366899160765	(5, 1.039)	1	1	1
r4i1301p1f1	1954-08-17	3	0.988	1.09	0.255	1.8138142307275258	0.8437281541849686	(3, 0.988)	1	1	1
r4i1301p1f1	1955-06-15	6	1.263	1.457	2.161	2.973600833488488	3.4892108232345325	(6, 1.263)	0	0	0
r4i1301p1f1	1957-08-01	7	1.101	1.234	1.385	3.0629611733614484	3.282810124529656	(7, 1.101)	0	3	2
r4i1301p1f1	1957-08-27	4	1.0	1.073	0.389	2.1972245773362196	1.413909528152864	(4, 1.0)	1	1	1
r4i1301p1f1	1959-07-11	4	1.063	1.112	0.638	2.251712762620289	1.8089442939821558	(4, 1.063)	1	1	1
r4i1301p1f1	1959-08-03	4	1.1	1.257	0.788	2.2823823856765264	1.9884221432926674	(4, 1.1)	1	3	3
r4i1301p1f1	1959-08-24	5	1.236	1.454	1.664	2.6959033999037683	2.9757379921060383	(5, 1.236)	0	3	3
r4i1301p1f1	1960-05-29	8	1.212	1.472	2.472	3.3472489656106346	4.041909823985851	(8, 1.212)	0	0	2
r4i1301p1f1	1961-07-19	3	1.063	1.18	0.478	1.8754125785259108	1.2481124165809672	(3, 1.063)	1	1	1
r4i1301p1f1	1962-06-20	4	1.103	1.204	0.799	2.2848283714047866	2.000398334339383	(4, 1.103)	1	1	3
r4i1301p1f1	1962-07-02	6	1.316	1.503	2.475	3.012646960694591	3.6209999629550036	(6, 1.316)	0	0	0
r4i1301p1f1	1962-07-16	5	1.14	1.294	1.184	2.620717861464038	2.6558809039642464	(5, 1.14)	0	3	3
r4i1301p1f1	1962-07-27	3	1.082	1.268	0.536	1.8904332164023727	1.331082266299207	(3, 1.082)	1	1	1
r4i1301p1f1	1963-08-21	3	1.093	1.22	0.569	1.8990273544023255	1.3753877821585179	(3, 1.093)	1	1	1
r4i1301p1f1	1964-06-27	3	1.259	1.493	1.068	2.020481551588581	1.879387304251124	(3, 1.259)	0	3	3
r4i1301p1f1	1966-08-26	5	1.071	1.154	0.838	2.5629584553544547	2.3388326238607178	(5, 1.071)	1	1	1
r4i1301p1f1	1967-06-05	6	1.116	1.281	1.275	2.8565726904904096	2.9825759338228286	(6, 1.116)	0	3	3
r4i1301p1f1	1967-07-20	3	0.996	1.048	0.278	1.8205684456009843	0.8938530282047964	(3, 0.996)	1	1	1
r4i1301p1f1	1970-06-15	3	0.971	0.995	0.202	1.7993082391769442	0.7176557710420871	(3, 0.971)	1	1	1
r4i1301p1f1	1970-07-01	3	1.136	1.261	0.699	1.9319313496243482	1.533012605156896	(3, 1.136)	1	3	3
r4i1301p1f1	1970-08-04	4	1.292	1.601	1.556	2.427983502388379	2.5988303961063144	(4, 1.292)	0	0	0
r4i1301p1f1	1970-08-14	4	1.236	1.495	1.33	2.387661265349165	2.454447442303292	(4, 1.236)	0	3	3
r4i1301p1f1	1972-06-30	3	1.006	1.089	0.307	1.8289475630806293	0.9536708266555438	(3, 1.006)	1	1	1
r4i1301p1f1	1972-07-08	4	1.066	1.168	0.652	2.2542348320529992	1.8271266130653463	(4, 1.066)	1	1	1
r4i1301p1f1	1973-05-30	5	1.401	1.825	2.491	2.8132300713878053	3.362117849414057	(5, 1.401)	2	0	0
r4i1301p1f1	1974-07-30	13	1.205	1.554	3.92	4.051453775235086	5.218943438928501	(13, 1.205)	2	2	4
r4i1301p1f1	1976-06-11	3	0.96	0.971	0.172	1.7898086218618807	0.6385527680544896	(3, 0.96)	1	1	1
r4i1301p1f1	1978-07-07	3	1.198	1.305	0.885	1.9775459332921197	1.7225156544887952	(3, 1.198)	0	3	3
r4i1301p1f1	1980-07-08	3	1.092	1.264	0.568	1.8982491140189333	1.3740736353341576	(3, 1.092)	1	1	3
r4i1301p1f1	1980-08-07	3	1.024	1.081	0.364	1.8438552876418735	1.061740634693605	(3, 1.024)	1	1	1
r4i1301p1f1	1980-08-16	3	1.038	1.096	0.405	1.8552984620613318	1.1328339025038707	(3, 1.038)	1	1	1
r4i1301p1f1	1980-08-22	3	1.26	1.349	1.072	2.021170280523964	1.8825557489911475	(3, 1.26)	0	3	3
r4i1301p1f1	1981-06-12	5	1.191	1.343	1.441	2.661362761078819	2.839713921088169	(5, 1.191)	0	3	3
r4i1301p1f1	1981-08-04	4	0.978	1.08	0.298	2.1774752819512013	1.219058441743977	(4, 0.978)	1	1	1
r4i1301p1f1	1984-06-26	3	1.015	1.138	0.337	1.8364292051354612	1.012002055374001	(3, 1.015)	1	1	1
r4i1301p1f1	1986-06-27	4	1.221	1.307	1.273	2.376578772902372	2.4144841854914545	(4, 1.221)	0	3	3
r4i1301p1f1	1988-08-04	3	1.083	1.188	0.541	1.891217560871479	1.3379227052932496	(3, 1.083)	1	1	1
r4i1301p1f1	1989-07-05	3	1.125	1.26	0.664	1.9236165511600132	1.4929591977335592	(3, 1.125)	1	3	3
r4i1301p1f1	1989-07-23	5	0.942	1.075	0.193	2.44511538898544	1.1498773554482424	(5, 0.942)	1	1	1
r4i1301p1f1	1989-08-05	5	1.417	1.586	2.568	2.823907925014001	3.391521145221957	(5, 1.417)	0	0	0
r4i1301p1f1	1990-07-08	3	1.019	1.078	0.347	1.839736496341625	1.0307134223532146	(3, 1.019)	1	1	1
r4i1301p1f1	1992-06-11	4	1.076	1.18	0.692	2.2625960847776825	1.8773253575577016	(4, 1.076)	1	1	1
r4i1301p1f1	1994-06-12	3	1.151	1.36	0.742	1.9431594319473882	1.5801213709606003	(3, 1.151)	0	3	3
r4i1301p1f1	1994-07-25	3	1.308	1.473	1.214	2.0536835559213014	1.9889872958811943	(3, 1.308)	0	0	3
r4i1301p1f1	1994-07-31	3	1.188	1.381	0.855	1.9703280309734539	1.6942771576452456	(3, 1.188)	0	3	3
r4i1301p1f1	1996-06-25	6	1.115	1.344	1.272	2.85572776856802	2.980339699226557	(6, 1.115)	0	3	3
r4i1301p1f1	1996-08-23	5	0.953	0.987	0.249	2.4557235961249573	1.3307564479088283	(5, 0.953)	1	1	1
r4i1301p1f1	1999-06-02	3	1.08	1.128	0.532	1.888862679459286	1.3255760241460586	(3, 1.08)	1	1	1
r4i1301p1f1	1999-06-07	3	1.263	1.415	1.08	2.023233625810394	1.888862679459286	(3, 1.263)	0	3	3
r4i1301p1f1	1999-06-28	4	1.309	1.507	1.626	2.4399092838572645	2.6396285949835505	(4, 1.309)	0	0	0
r4i1301p1f1	2000-08-26	4	1.034	1.081	0.522	2.2269991060374505	1.6440325571985994	(4, 1.034)	1	1	1
r4i1301p1f1	2003-08-24	4	1.322	1.511	1.676	2.448933989329183	2.667783607873655	(4, 1.322)	0	0	0
r4i1301p1f1	2006-07-16	3	1.039	1.09	0.406	1.8561108427283792	1.1345062832765256	(3, 1.039)	1	1	1
r4i1301p1f1	2006-07-25	4	1.362	1.633	1.837	2.476202209157854	2.7534059028230073	(4, 1.362)	0	0	0
r4i1301p1f1	2006-07-31	10	1.225	1.528	3.217	3.6823054258918053	4.632108784974993	(10, 1.225)	2	2	2
r4i1301p1f1	2007-06-04	8	1.44	1.73	4.293	3.514034293600482	4.586389947831265	(8, 1.44)	2	2	4
r4i1301p1f1	2009-06-18	6	0.966	1.117	0.375	2.7211140001564913	1.873547103057025	(6, 0.966)	1	1	1
r5i1081p1f1	1852-08-01	3	0.981	1.034	0.219	1.8078666372859462	0.7598508781538139	(3, 0.981)	1	1	1
r5i1081p1f1	1853-08-14	3	0.979	1.069	0.212	1.8061608073299462	0.7426914953404987	(3, 0.979)	1	1	1
r5i1081p1f1	1853-08-23	3	1.225	1.32	0.95	1.9967779789349385	1.7810935906961989	(3, 1.225)	0	3	3
r5i1081p1f1	1854-06-02	4	1.319	1.453	1.644	2.4468585821504703	2.649855956857484	(4, 1.319)	0	0	0
r5i1081p1f1	1855-06-14	3	1.122	1.31	0.643	1.9213368284541927	1.4681337632632208	(3, 1.122)	1	3	3
r5i1081p1f1	1855-07-11	8	1.319	1.564	3.286	3.4289929157069383	4.322192925269824	(8, 1.319)	2	0	0
r5i1081p1f1	1858-07-21	5	1.105	1.224	0.985	2.591836601413134	2.485958994977389	(5, 1.105)	1	3	3
r5i1081p1f1	1859-07-30	4	1.154	1.239	0.983	2.3255200642765415	2.181998130004928	(4, 1.154)	1	3	3
r5i1081p1f1	1860-07-18	4	0.992	1.067	0.334	2.1900880617668994	1.300736472758244	(4, 0.992)	1	1	1
r5i1081p1f1	1860-08-13	9	1.249	1.539	3.068	3.5474022915893606	4.428862509510913	(9, 1.249)	2	2	2
r5i1081p1f1	1861-06-04	12	1.218	1.47	3.726	3.944128256053181	5.049130817542772	(12, 1.218)	2	2	4
r5i1081p1f1	1861-08-14	8	1.091	1.312	1.466	3.2459660270800743	3.531400547015882	(8, 1.091)	0	3	2
r5i1081p1f1	1863-07-14	4	1.016	1.075	0.433	2.2113466125597747	1.4960452250790097	(4, 1.016)	1	1	1
r5i1081p1f1	1864-07-24	6	1.429	1.872	3.128	3.091129952013059	3.849552179642254	(6, 1.429)	2	0	0
r5i1081p1f1	1864-08-16	5	1.145	1.336	1.183	2.6247764972967196	2.6550953226207787	(5, 1.145)	0	3	3
r5i1081p1f1	1865-06-25	4	1.32	1.558	1.647	2.4475508632442313	2.651550393862725	(4, 1.32)	0	0	0
r5i1081p1f1	1868-06-27	4	1.131	1.354	0.893	2.307373609725843	2.097281459808167	(4, 1.131)	0	3	3
r5i1081p1f1	1868-07-20	4	1.141	1.353	0.933	2.3153038654018205	2.1358218751159437	(4, 1.141)	0	3	3
r5i1081p1f1	1870-05-28	9	1.286	1.498	3.398	3.5757667454822917	4.529864573872926	(9, 1.286)	2	2	0
r5i1081p1f1	1870-07-30	6	1.101	1.311	1.156	2.8438232849732055	2.889797195975079	(6, 1.101)	0	3	3
r5i1081p1f1	1871-06-08	6	1.079	1.169	1.025	2.8248251195808636	2.7766032730187584	(6, 1.079)	1	3	1
r5i1081p1f1	1871-07-04	4	1.223	1.409	1.259	2.3780635541699513	2.4044193988753135	(4, 1.223)	0	3	3
r5i1081p1f1	1871-08-19	5	1.207	1.356	1.496	2.6737810124916086	2.8750205550225307	(5, 1.207)	0	3	3
r5i1081p1f1	1873-07-07	5	1.402	1.584	2.469	2.8139007879919227	3.3535556291937247	(5, 1.402)	0	0	0
r5i1081p1f1	1873-07-31	4	0.961	1.048	0.213	2.1619427631915795	0.9947321581807176	(4, 0.961)	1	1	1
r5i1081p1f1	1873-08-06	3	1.052	1.115	0.432	1.866612170346783	1.1770345600233627	(3, 1.052)	1	1	1
r5i1081p1f1	1875-06-11	4	1.107	1.23	0.795	2.2880804067911638	1.9960599327407849	(4, 1.107)	1	3	3
r5i1081p1f1	1875-06-24	7	1.323	1.677	2.902	3.2387687575678688	4.002700509724151	(7, 1.323)	2	0	0
r5i1081p1f1	1876-07-11	4	1.031	1.142	0.493	2.2244073119300216	1.5981747201553897	(4, 1.031)	1	1	1
r5i1081p1f1	1879-05-31	3	1.015	1.21	0.322	1.8364292051354612	0.9832616972608718	(3, 1.015)	1	1	1
r5i1081p1f1	1880-06-10	12	1.153	1.412	2.938	3.890376602341295	4.813243684680855	(12, 1.153)	2	2	2
r5i1081p1f1	1880-06-28	9	0.983	1.229	0.675	3.3156758034619114	2.9562115153917077	(9, 0.983)	1	1	2
r5i1081p1f1	1880-08-20	4	1.369	1.635	1.845	2.4808986283904613	2.757475084429733	(4, 1.369)	0	0	0
r5i1081p1f1	1881-07-18	3	1.013	1.177	0.315	1.8347714486521625	0.9695615147398962	(3, 1.013)	1	1	1
r5i1081p1f1	1882-07-26	3	1.012	1.064	0.313	1.8339415387115605	0.9656124531448094	(3, 1.012)	1	1	1
r5i1081p1f1	1883-07-08	4	1.22	1.358	1.247	2.3758355547336385	2.3957110709835296	(4, 1.22)	0	3	3
r5i1081p1f1	1883-07-17	3	1.103	1.21	0.584	1.9067766274057756	1.394895518599486	(3, 1.103)	1	1	1
r5i1081p1f1	1883-08-04	3	1.189	1.282	0.843	1.9710521701375956	1.6827546344954722	(3, 1.189)	0	3	3
r5i1081p1f1	1883-08-20	4	1.094	1.192	0.744	2.2774723921789706	1.9390293879630909	(4, 1.094)	1	1	1
r5i1081p1f1	1885-07-02	3	0.965	1.01	0.17	1.794137820026899	0.6330499353317208	(3, 0.965)	1	1	1
r5i1081p1f1	1888-07-16	5	1.148	1.237	1.198	2.6272037954445886	2.6668147311977703	(5, 1.148)	0	3	3
r5i1081p1f1	1889-07-26	7	1.186	1.51	1.944	3.1339725102202522	3.611009363623725	(7, 1.186)	0	3	2
r5i1081p1f1	1889-08-05	3	1.459	1.609	1.653	2.149572177219438	2.260641631816534	(3, 1.459)	0	0	0
r5i1081p1f1	1889-08-22	4	1.094	1.231	0.742	2.2774723921789706	1.9367252394782408	(4, 1.094)	1	1	3
r5i1081p1f1	1890-06-26	3	1.092	1.193	0.551	1.8982491140189333	1.3514647888571463	(3, 1.092)	1	1	1
r5i1081p1f1	1891-08-27	4	1.065	1.144	0.629	2.253394848803274	1.797078630705655	(4, 1.065)	1	1	1
r5i1081p1f1	1892-08-06	3	1.035	1.128	0.382	1.8528573527641976	1.093576371520756	(3, 1.035)	1	1	1
r5i1081p1f1	1893-07-07	6	1.182	1.312	1.646	2.9108158600035026	3.226493167100773	(6, 1.182)	0	3	3
r5i1081p1f1	1893-08-05	3	1.002	1.078	0.283	1.8256043365139252	0.9044250667316702	(3, 1.002)	1	1	1
r5i1081p1f1	1895-06-11	5	1.068	1.206	0.8	2.5603698876662255	2.2969966979615934	(5, 1.068)	1	1	1
r5i1081p1f1	1899-07-02	6	1.287	1.475	2.273	2.9914711977398647	3.5382350691463413	(6, 1.287)	0	0	0
r5i1081p1f1	1900-07-21	4	1.051	1.133	0.574	2.241560391156271	1.721337004931509	(4, 1.051)	1	1	1
r5i1081p1f1	1901-06-10	7	1.249	1.425	2.39	3.1835306266418097	3.812499188259886	(7, 1.249)	0	0	0
r5i1081p1f1	1901-06-21	9	1.33	1.668	3.799	3.6084825170419075	4.640276678098054	(9, 1.33)	2	2	4
r5i1081p1f1	1902-06-15	6	1.016	1.193	0.648	2.768335281171458	2.3536218858822937	(6, 1.016)	1	1	1
r5i1081p1f1	1902-07-30	3	1.101	1.164	0.579	1.90523156945898	1.3884351312223295	(3, 1.101)	1	1	1
r5i1081p1f1	1905-07-01	3	1.085	1.229	0.531	1.8927844066300867	1.3241947132336243	(3, 1.085)	1	1	1
r5i1081p1f1	1905-08-13	3	1.26	1.521	1.057	2.021170280523964	1.8706219593034668	(3, 1.26)	0	3	3
r5i1081p1f1	1907-06-09	4	0.948	1.019	0.16	2.1499000053283974	0.8241754429663495	(4, 0.948)	1	1	1
r5i1081p1f1	1909-06-23	5	1.098	1.234	0.951	2.5859588878670148	2.453803182665835	(5, 1.098)	1	3	3
r5i1081p1f1	1909-08-15	4	1.245	1.517	1.349	2.3942522815198695	2.4674213354469807	(4, 1.245)	0	3	3
r5i1081p1f1	1910-06-09	3	1.08	1.186	0.516	1.888862679459286	1.303242765686865	(3, 1.08)	1	1	1
r5i1081p1f1	1910-07-18	4	1.126	1.236	0.873	2.30338477316461	2.0774395390091627	(4, 1.126)	1	3	3
r5i1081p1f1	1913-06-28	4	1.064	1.148	0.625	2.2525541593884806	1.791759469228055	(4, 1.064)	1	1	1
r5i1081p1f1	1913-08-08	3	0.996	1.045	0.263	1.8205684456009843	0.8614492922244954	(3, 0.996)	1	1	1
r5i1081p1f1	1915-07-14	3	1.413	1.601	1.516	2.121322580009314	2.1835050122308313	(3, 1.413)	0	0	0
r5i1081p1f1	1916-08-25	3	1.046	1.073	0.414	1.8617791031708242	1.1477855867341364	(3, 1.046)	1	1	1
r5i1081p1f1	1919-06-05	10	1.266	1.394	3.583	3.7144115965841586	4.738865140169232	(10, 1.266)	2	2	2
r5i1081p1f1	1919-07-25	3	1.105	1.231	0.592	1.9083193018307179	1.405146103684702	(3, 1.105)	1	1	3
r5i1081p1f1	1920-08-02	5	0.913	1.022	0.025	2.4165966091624256	0.24647601761751797	(5, 0.913)	1	1	1
r5i1081p1f1	1922-08-15	3	0.956	1.029	0.143	1.786331718287074	0.5556363355199463	(3, 0.956)	1	1	1
r5i1081p1f1	1923-06-07	10	1.516	2.049	6.08	3.8905977005969072	5.264069970962679	(10, 1.516)	2	2	4
r5i1081p1f1	1923-07-10	7	1.097	1.238	1.324	3.059491943856525	3.239494713087541	(7, 1.097)	0	3	2
r5i1081p1f1	1923-08-12	3	1.132	1.253	0.672	1.9289157796740044	1.502256724370767	(3, 1.132)	1	3	3
r5i1081p1f1	1923-08-18	5	1.051	1.132	0.717	2.5455734057568886	2.199034460657382	(5, 1.051)	1	1	1
r5i1081p1f1	1924-06-25	6	1.201	1.314	1.759	2.925901001769974	3.290337131087615	(6, 1.201)	0	3	3
r5i1081p1f1	1924-07-15	7	1.309	1.548	2.808	3.228549652677523	3.9703841313807873	(7, 1.309)	2	0	0
r5i1081p1f1	1924-08-01	3	1.046	1.111	0.414	1.8617791031708242	1.1477855867341364	(3, 1.046)	1	1	1
r5i1081p1f1	1924-08-27	7	1.258	1.535	2.452	3.190414045740376	3.837551054801645	(7, 1.258)	0	0	0
r5i1081p1f1	1926-06-30	5	1.218	1.373	1.548	2.682229975164674	2.9072925758642865	(5, 1.218)	0	3	3
r5i1081p1f1	1926-08-14	6	1.045	1.114	0.82	2.79473545580728	2.568902267829357	(6, 1.045)	1	1	1
r5i1081p1f1	1930-06-25	5	1.324	1.652	2.081	2.76018524182164	3.1890880334131024	(5, 1.324)	0	0	0
r5i1081p1f1	1930-07-11	3	1.03	1.095	0.367	1.8487755481388044	1.0671174726631902	(3, 1.03)	1	1	1
r5i1081p1f1	1931-06-06	6	1.325	1.682	2.505	3.01912860512168	3.63272782008425	(6, 1.325)	0	0	0
r5i1081p1f1	1931-08-27	6	1.076	1.255	1.011	2.8222062689985936	2.763712241323328	(6, 1.076)	1	3	3
r5i1081p1f1	1932-07-31	4	1.073	1.176	0.661	2.2600950413730936	1.8386430551269055	(4, 1.073)	1	1	1
r5i1081p1f1	1933-07-26	4	1.239	1.536	1.325	2.3898631011011062	2.451005098112319	(4, 1.239)	0	3	3
r5i1081p1f1	1934-07-13	5	1.17	1.448	1.311	2.6448262053484672	2.750945283211416	(5, 1.17)	0	3	3
r5i1081p1f1	1936-08-06	3	0.987	1.016	0.237	1.8129667372033864	0.8026686831736185	(3, 0.987)	1	1	1
r5i1081p1f1	1936-08-12	3	1.012	1.058	0.313	1.8339415387115605	0.9656124531448094	(3, 1.012)	1	1	1
r5i1081p1f1	1938-07-13	4	1.098	1.214	0.759	2.2807483983848713	1.9561433253353424	(4, 1.098)	1	1	3
r5i1081p1f1	1939-06-09	4	0.956	1.087	0.191	2.157328080336907	0.927428476284611	(4, 0.956)	1	1	1
r5i1081p1f1	1940-06-07	4	1.141	1.23	0.931	2.3153038654018205	2.1339297269639057	(4, 1.141)	1	3	3
r5i1081p1f1	1940-07-19	3	1.072	1.153	0.491	1.8825557489911475	1.2673167859082781	(3, 1.072)	1	1	1
r5i1081p1f1	1940-08-04	13	1.248	1.481	4.414	4.085916880417929	5.337027099599539	(13, 1.248)	2	2	4
r5i1081p1f1	1941-06-12	3	1.241	1.362	1.0	2.0080026216671287	1.823928522430647	(3, 1.241)	0	3	3
r5i1081p1f1	1941-06-26	5	1.333	1.445	2.124	2.766532487090711	3.208705963530309	(5, 1.333)	0	0	0
r5i1081p1f1	1941-07-04	5	1.277	1.637	1.845	2.726367676192942	3.073976153187677	(5, 1.277)	0	0	0
r5i1081p1f1	1946-06-26	4	1.005	1.085	0.387	2.201659174404085	1.4100108877372066	(4, 1.005)	1	1	1
r5i1081p1f1	1946-07-04	4	1.112	1.246	0.815	2.292130635090187	2.017566137961748	(4, 1.112)	1	3	3
r5i1081p1f1	1947-06-11	5	1.287	1.507	1.897	2.7336592999459226	3.100502329421088	(5, 1.287)	0	0	0
r5i1081p1f1	1947-06-26	5	1.156	1.328	1.241	2.63364793302863	2.6996686269991383	(5, 1.156)	0	3	3
r5i1081p1f1	1947-07-17	3	0.958	0.974	0.149	1.7880716811810247	0.5733646722177641	(3, 0.958)	1	1	1
r5i1081p1f1	1947-08-09	8	1.403	1.687	3.961	3.4887889417842852	4.506754374717295	(8, 1.403)	2	0	0
r5i1081p1f1	1948-06-01	6	1.602	1.959	4.165	3.2004876094511516	4.13055994131796	(6, 1.602)	2	0	0
r5i1081p1f1	1948-06-23	3	0.991	1.108	0.25	1.8163524103314332	0.8324908205356607	(3, 0.991)	1	1	1
r5i1081p1f1	1949-07-20	13	1.086	1.181	2.309	3.94937992331282	4.693435908450431	(13, 1.086)	2	2	2
r5i1081p1f1	1949-08-20	6	1.104	1.408	1.177	2.846386203028838	2.9068079715549477	(6, 1.104)	0	3	3
r5i1081p1f1	1953-06-05	5	1.056	1.14	0.738	2.549948085161668	2.2247414728928736	(5, 1.056)	1	1	1
r5i1081p1f1	1953-07-03	3	1.144	1.249	0.708	1.9379353448911276	1.5430578920360207	(3, 1.144)	1	3	3
r5i1081p1f1	1953-08-06	4	1.182	1.311	1.096	2.3471759763219207	2.2791117368084035	(4, 1.182)	0	3	3
r5i1081p1f1	1954-06-03	5	1.351	1.525	2.215	2.779107378807332	3.248995745413039	(5, 1.351)	0	0	0
r5i1081p1f1	1954-06-25	4	1.248	1.4	1.358	2.39643966846567	2.473508604835631	(4, 1.248)	0	3	3
r5i1081p1f1	1954-07-26	4	1.108	1.244	0.798	2.288891765862043	1.9993154972005511	(4, 1.108)	1	3	3
r5i1081p1f1	1955-07-05	8	1.168	1.329	2.077	3.311594396760591	3.871141532155371	(8, 1.168)	0	3	2
r5i1081p1f1	1956-06-12	4	1.142	1.199	0.937	2.316093443018838	2.139595464499583	(4, 1.142)	1	3	3
r5i1081p1f1	1956-08-19	3	1.016	1.052	0.323	1.8372570539560484	0.9852036336430643	(3, 1.016)	1	1	1
r5i1081p1f1	1958-07-01	4	1.144	1.343	0.942	2.3176707304120865	2.144292513999452	(4, 1.144)	0	3	3
r5i1081p1f1	1958-07-11	3	1.093	1.131	0.555	1.8990273544023255	1.3568306874635405	(3, 1.093)	1	1	1
r5i1081p1f1	1959-08-18	5	1.134	1.319	1.13	2.6158256542101648	2.6125508354141105	(5, 1.134)	0	3	3
r5i1081p1f1	1961-06-15	8	1.125	1.464	1.734	3.2754770837176115	3.6947606527735335	(8, 1.125)	0	3	2
r5i1081p1f1	1962-07-30	3	1.101	1.259	0.579	1.90523156945898	1.3884351312223295	(3, 1.101)	1	1	3
r5i1081p1f1	1963-06-24	3	1.236	1.406	0.984	2.0045084361444423	1.8104199386185384	(3, 1.236)	0	3	3
r5i1081p1f1	1964-05-28	12	1.43	1.991	6.262	4.101717047141178	5.565693863258531	(12, 1.43)	2	2	4
r5i1081p1f1	1964-07-11	10	1.247	1.556	3.393	3.6996611823867	4.684868966921112	(10, 1.247)	2	2	2
r5i1081p1f1	1964-08-09	4	1.069	1.222	0.644	2.256750556650246	1.8167772322033429	(4, 1.069)	1	1	1
r5i1081p1f1	1964-08-16	3	1.169	1.367	0.782	1.9564688071658214	1.6220364553706417	(3, 1.169)	0	3	3
r5i1081p1f1	1964-08-24	4	1.034	1.147	0.504	2.2269991060374505	1.6158175193981394	(4, 1.034)	1	1	1
r5i1081p1f1	1966-07-21	5	1.258	1.419	1.75	2.712365382531928	3.0236195243432946	(5, 1.258)	0	3	3
r5i1081p1f1	1966-08-21	5	1.078	1.183	0.849	2.5689725151390577	2.3506234093097103	(5, 1.078)	1	1	1
r5i1081p1f1	1968-06-23	5	1.235	1.369	1.633	2.6951486502583273	2.9579003374900905	(5, 1.235)	0	3	3
r5i1081p1f1	1969-05-30	7	1.286	1.54	2.645	3.211531050012949	3.911744677185652	(7, 1.286)	0	0	0
r5i1081p1f1	1970-06-05	4	1.028	1.137	0.48	2.221808782966758	1.5769147207285403	(4, 1.028)	1	1	1
r5i1081p1f1	1970-07-20	4	1.195	1.35	1.15	2.3570732782781154	2.322387720290225	(4, 1.195)	0	3	3
r5i1081p1f1	1971-07-05	3	1.304	1.483	1.187	2.051014129423419	1.969603367051763	(3, 1.304)	0	0	3
r5i1081p1f1	1971-07-26	7	1.071	1.226	1.144	3.0366437478652695	3.0995144868028164	(7, 1.071)	1	3	2
r5i1081p1f1	1972-06-24	6	1.075	1.253	1.003	2.8213317924998065	2.7562706329776616	(6, 1.075)	1	3	3
r5i1081p1f1	1976-07-13	4	1.389	1.577	1.922	2.494196696695093	2.7958168483589882	(4, 1.389)	0	0	0
r5i1081p1f1	1976-08-13	4	1.236	1.485	1.312	2.387661265349165	2.441999148776724	(4, 1.236)	0	3	3
r5i1081p1f1	1976-08-30	3	0.994	1.058	0.257	1.8188841638866633	0.8481879666831477	(3, 0.994)	1	1	1
r5i1081p1f1	1977-06-14	8	1.248	1.606	2.718	3.3755039959254374	4.135187666927233	(8, 1.248)	2	0	0
r5i1081p1f1	1977-06-24	4	1.285	1.559	1.507	2.423031246069913	2.569247798221751	(4, 1.285)	0	0	0
r5i1081p1f1	1977-08-04	8	1.316	1.503	3.263	3.426789776947058	4.315262460799369	(8, 1.316)	2	0	0
r5i1081p1f1	1979-06-12	3	1.092	1.273	0.553	1.8982491140189333	1.3541513372645073	(3, 1.092)	1	1	3
r5i1081p1f1	1979-07-08	3	1.239	1.458	0.994	2.0066064122360014	1.8188841638866633	(3, 1.239)	0	3	3
r5i1081p1f1	1979-08-28	4	0.962	1.045	0.218	2.162863149818908	1.0094167098636389	(4, 0.962)	1	1	1
r5i1081p1f1	1981-06-12	8	1.104	1.154	1.572	3.25735273707622	3.599236422469781	(8, 1.104)	1	3	2
r5i1081p1f1	1984-06-01	4	1.176	1.232	1.072	2.3425747412102043	2.259259968255672	(4, 1.176)	0	3	3
r5i1081p1f1	1984-06-23	6	1.185	1.47	1.662	2.913212905343127	3.235784532148913	(6, 1.185)	0	3	3
r5i1081p1f1	1985-07-03	5	1.368	1.714	2.302	2.7908402063323368	3.2860537006313004	(5, 1.368)	0	0	0
r5i1081p1f1	1985-08-18	3	1.103	1.197	0.586	1.9067766274057756	1.3974680324230628	(3, 1.103)	1	1	1
r5i1081p1f1	1986-06-05	6	1.299	1.537	2.348	3.00028803306717	3.569769611973254	(6, 1.299)	0	0	0
r5i1081p1f1	1987-07-27	3	1.093	1.182	0.556	1.8990273544023255	1.3581676752688665	(3, 1.093)	1	1	1
r5i1081p1f1	1989-08-10	5	0.985	1.066	0.387	2.485958994977389	1.67274909378488	(5, 0.985)	1	1	1
r5i1081p1f1	1990-07-01	3	1.396	1.525	1.465	2.110677187487719	2.153198763849829	(3, 1.396)	0	0	0
r5i1081p1f1	1990-07-23	15	1.159	1.486	3.767	4.224375477645292	5.392913309425201	(15, 1.159)	2	2	4
r5i1081p1f1	1990-08-15	3	1.089	1.241	0.542	1.8959107523079055	1.3392851959703287	(3, 1.089)	1	1	1
r5i1081p1f1	1991-06-10	5	1.051	1.219	0.713	2.5455734057568886	2.1940620640571025	(5, 1.051)	1	1	1
r5i1081p1f1	1991-08-15	4	1.015	1.066	0.429	2.21046980408624	1.4888509494449826	(4, 1.015)	1	1	1
r5i1081p1f1	1993-06-19	3	0.907	0.983	-0.003	1.7427285693782244	-0.015711234881929055	(3, 0.907)	1	1	1
r5i1081p1f1	1995-07-02	3	1.041	1.086	0.398	1.8577336268521103	1.1210482640359327	(3, 1.041)	1	1	1
r5i1081p1f1	1996-08-06	3	1.202	1.274	0.882	1.980418569647406	1.7197274192609726	(3, 1.202)	0	3	3
r5i1081p1f1	1997-06-10	6	1.026	1.105	0.711	2.7775177332178704	2.437948090942354	(6, 1.026)	1	1	1
r5i1081p1f1	1997-07-30	5	1.199	1.347	1.456	2.6675911632823714	2.8494672875326525	(5, 1.199)	0	3	3
r5i1081p1f1	1997-08-12	3	1.076	1.152	0.503	1.8857141863884672	1.2847224010973517	(3, 1.076)	1	1	1
r5i1081p1f1	2000-07-27	8	1.131	1.344	1.781	3.2805957007813187	3.720848690510468	(8, 1.131)	0	3	2
r5i1081p1f1	2001-07-15	17	1.153	1.371	4.158	4.404484964914944	5.678279501674923	(17, 1.153)	2	2	4
r5i1081p1f1	2002-06-12	7	1.19	1.388	1.971	3.1371931380810274	3.6244324178250498	(7, 1.19)	0	3	2
r5i1081p1f1	2002-07-09	3	1.05	1.141	0.425	1.8650037419525174	1.1657613929071542	(3, 1.05)	1	1	1
r5i1081p1f1	2007-06-21	5	1.099	1.277	0.955	2.5868006793464966	2.457640328663985	(5, 1.099)	1	3	3
r5i1081p1f1	2007-08-02	3	1.125	1.213	0.651	1.9236165511600132	1.4776638838106866	(3, 1.125)	1	1	3
r5i1081p1f1	2007-08-08	4	0.977	1.085	0.275	2.1765682524105587	1.1631508098056809	(4, 0.977)	1	1	1
r5i1081p1f1	2008-07-18	3	1.093	1.169	0.554	1.8990273544023255	1.3554919097284417	(3, 1.093)	1	1	1
r5i1081p1f1	2008-08-06	3	1.252	1.306	1.033	2.0156471213943736	1.85122662970424	(3, 1.252)	0	3	3
r5i1081p1f1	2008-08-20	4	1.096	1.203	0.753	2.2791117368084035	1.9493328563328156	(4, 1.096)	1	1	1
r5i1081p1f1	2008-08-27	3	1.048	1.199	0.421	1.8633927223480167	1.159262061528095	(3, 1.048)	1	1	1
r5i1231p1f1	1851-07-02	10	1.149	1.347	2.437	3.619919715524549	4.357538054302034	(10, 1.149)	0	3	2
r5i1231p1f1	1851-07-23	5	1.131	1.27	1.13	2.613370546077847	2.6125508354141105	(5, 1.131)	0	3	3
r5i1231p1f1	1851-07-30	3	0.956	0.969	0.152	1.786331718287074	0.5821123565610862	(3, 0.956)	1	1	1
r5i1231p1f1	1851-08-06	4	1.169	1.301	1.057	2.337179737758545	2.2466494606637424	(4, 1.169)	0	3	3
r5i1231p1f1	1851-08-12	6	0.982	1.083	0.463	2.7364687784196544	2.0547238747866032	(6, 0.982)	1	1	1
r5i1231p1f1	1852-06-12	4	1.411	1.747	2.024	2.508623176405316	2.844444159340209	(4, 1.411)	0	0	0
r5i1231p1f1	1852-08-15	3	1.163	1.326	0.773	1.9520520017200835	1.6127575608495572	(3, 1.163)	0	3	3
r5i1231p1f1	1852-08-29	5	1.112	1.268	1.032	2.597679969218845	2.5287728670685308	(5, 1.112)	1	3	3
r5i1231p1f1	1853-06-05	5	1.209	1.418	1.521	2.6753225066682624	2.8906659906546777	(5, 1.209)	0	3	3
r5i1231p1f1	1855-07-17	3	1.204	1.284	0.896	1.9818517992247855	1.7326731813051846	(3, 1.204)	0	3	3
r5i1231p1f1	1857-08-20	3	1.008	1.059	0.308	1.8306149942480556	0.9556710269834212	(3, 1.008)	1	1	1
r5i1231p1f1	1860-06-13	4	0.976	1.088	0.283	2.1756603994203787	1.1829534371018604	(4, 0.976)	1	1	1
r5i1231p1f1	1860-06-24	5	1.249	1.619	1.719	2.705663656868713	3.0066229674050087	(5, 1.249)	0	0	0
r5i1231p1f1	1860-07-03	7	1.043	1.249	0.963	3.0114397783526936	2.9357173501901404	(7, 1.043)	1	3	2
r5i1231p1f1	1860-07-14	11	1.265	1.566	3.956	3.85335169625699	4.978981176269527	(11, 1.265)	2	2	4
r5i1231p1f1	1862-06-10	3	1.076	1.228	0.513	1.8857141863884672	1.2989991782744164	(3, 1.076)	1	1	1
r5i1231p1f1	1863-08-11	5	1.007	1.09	0.51	2.506227916399523	1.9024020117817628	(5, 1.007)	1	1	1
r5i1231p1f1	1864-08-12	6	1.109	1.237	1.221	2.850643190163154	2.9415380310417527	(6, 1.109)	1	3	3
r5i1231p1f1	1867-08-22	3	1.147	1.235	0.726	1.9401775819371392	1.5628507183091673	(3, 1.147)	1	3	3
r5i1231p1f1	1868-06-18	5	1.333	1.587	2.142	2.766532487090711	3.216805204172934	(5, 1.333)	0	0	0
r5i1231p1f1	1868-06-27	3	1.249	1.404	1.031	2.01356804665576	1.8495932430423958	(3, 1.249)	0	3	3
r5i1231p1f1	1869-07-17	3	1.118	1.301	0.639	1.9182890911516206	1.463334426473694	(3, 1.118)	1	3	3
r5i1231p1f1	1870-07-11	3	1.07	1.144	0.495	1.8809727815008697	1.2731523841689367	(3, 1.07)	1	1	1
r5i1231p1f1	1870-08-20	5	1.109	1.249	1.019	2.595179848575669	2.517112943145738	(5, 1.109)	1	3	3
r5i1231p1f1	1872-08-01	5	1.263	1.471	1.79	2.716069247625865	3.0451321755394916	(5, 1.263)	0	0	0
r5i1231p1f1	1873-06-04	7	1.327	1.67	2.956	3.241669422924157	4.020803616201338	(7, 1.327)	2	0	0
r5i1231p1f1	1874-08-10	5	0.985	1.058	0.399	2.485958994977389	1.6976237955252094	(5, 0.985)	1	1	1
r5i1231p1f1	1874-08-17	3	1.153	1.278	0.743	1.9446470292811249	1.581190946873066	(3, 1.153)	1	3	3
r5i1231p1f1	1875-06-11	3	1.117	1.212	0.637	1.9175257032512696	1.4609260927382746	(3, 1.117)	1	1	3
r5i1231p1f1	1875-06-26	3	0.982	1.004	0.231	1.8087184623074828	0.7885988092895502	(3, 0.982)	1	1	1
r5i1231p1f1	1876-06-02	3	0.938	0.983	0.099	1.770534295917709	0.4150319263855319	(3, 0.938)	1	1	1
r5i1231p1f1	1879-08-06	3	1.222	1.269	0.951	1.9946592593953143	1.7819685195953499	(3, 1.222)	0	3	3
r5i1231p1f1	1881-06-26	4	1.048	1.192	0.571	2.2390061113511743	1.7170359230321184	(4, 1.048)	1	1	1
r5i1231p1f1	1881-07-09	4	1.093	1.168	0.752	2.276651710967541	1.948193255069882	(4, 1.093)	1	1	1
r5i1231p1f1	1881-07-28	4	1.082	1.131	0.706	2.2675794837952306	1.894316057553147	(4, 1.082)	1	1	1
r5i1231p1f1	1881-08-09	3	0.962	0.999	0.171	1.7915425508102527	0.6358051368343263	(3, 0.962)	1	1	1
r5i1231p1f1	1882-06-13	3	1.14	1.235	0.705	1.9349378532458654	1.5397206625073199	(3, 1.14)	1	3	3
r5i1231p1f1	1882-07-10	8	1.208	1.395	2.425	3.3440596640861737	4.023054164514706	(8, 1.208)	0	3	2
r5i1231p1f1	1883-06-16	4	1.099	1.197	0.777	2.2815657257699704	1.9763007827603225	(4, 1.099)	1	1	1
r5i1231p1f1	1883-06-28	7	1.121	1.36	1.512	3.0801290517787883	3.367386580223982	(7, 1.121)	0	3	2
r5i1231p1f1	1885-08-03	4	1.12	1.182	0.859	2.298577071596507	2.063312159749952	(4, 1.12)	1	1	3
r5i1231p1f1	1887-08-04	5	0.992	1.069	0.436	2.4924528693506303	1.7706427713806518	(5, 0.992)	1	1	1
r5i1231p1f1	1888-07-02	4	0.934	0.963	0.117	2.1367666082991055	0.6606239888543853	(4, 0.934)	1	1	1
r5i1231p1f1	1889-06-27	3	0.993	1.093	0.265	1.8180409580317884	0.8658309392978649	(3, 0.993)	1	1	1
r5i1231p1f1	1890-06-07	6	1.216	1.298	1.864	2.937651637363084	3.3462163585251643	(6, 1.216)	0	3	3
r5i1231p1f1	1890-07-14	4	0.963	1.005	0.234	2.1637826901135866	1.0550086511859778	(4, 0.963)	1	1	1
r5i1231p1f1	1890-07-21	8	1.138	1.364	1.86	3.2865344936668497	3.7632212257396156	(8, 1.138)	0	3	2
r5i1231p1f1	1891-08-01	9	1.123	1.37	1.962	3.4442887990931035	3.9885024491333647	(9, 1.123)	0	3	2
r5i1231p1f1	1892-08-23	4	1.037	1.11	0.529	2.229584200109555	1.6547936141548976	(4, 1.037)	1	1	1
r5i1231p1f1	1893-06-04	3	1.099	1.26	0.581	1.9036841206135722	1.3910242967152038	(3, 1.099)	1	1	3
r5i1231p1f1	1894-05-31	5	1.24	1.357	1.674	2.698916714880855	2.981424857445313	(5, 1.24)	0	3	3
r5i1231p1f1	1894-06-15	4	1.088	1.149	0.731	2.272538171641749	1.923956638839441	(4, 1.088)	1	1	1
r5i1231p1f1	1894-07-30	4	0.979	1.059	0.294	2.1783814895347393	1.2095571826198366	(4, 0.979)	1	1	1
r5i1231p1f1	1896-07-14	6	1.389	1.806	2.905	3.0640471326723953	3.777224666948517	(6, 1.389)	2	0	0
r5i1231p1f1	1896-08-27	5	1.338	1.539	2.163	2.7700414036690306	3.226172148905848	(5, 1.338)	0	0	0
r5i1231p1f1	1897-08-10	3	1.009	1.091	0.313	1.8314476683669307	0.9656124531448094	(3, 1.009)	1	1	1
r5i1231p1f1	1899-07-27	6	1.096	1.19	1.144	2.8395371038458364	2.8799452342594507	(6, 1.096)	1	3	3
r5i1231p1f1	1900-05-31	7	1.434	1.73	3.703	3.316294749178647	4.242484639286373	(7, 1.434)	2	0	0
r5i1231p1f1	1900-06-21	6	1.13	1.345	1.347	2.8683272452960096	3.0347979795584026	(6, 1.13)	0	3	3
r5i1231p1f1	1901-07-29	10	1.255	1.408	3.497	3.705898422268421	4.7147852860371575	(10, 1.255)	2	2	2
r5i1231p1f1	1905-06-08	5	1.169	1.496	1.322	2.644031887992001	2.7587692549592173	(5, 1.169)	0	3	3
r5i1231p1f1	1905-07-03	3	1.109	1.241	0.612	1.9113975294518544	1.4303220796589575	(3, 1.109)	1	1	3
r5i1231p1f1	1905-07-09	3	1.431	1.683	1.579	2.1324720027003963	2.2197169039122184	(3, 1.431)	0	0	0
r5i1231p1f1	1909-07-30	5	1.314	1.571	2.043	2.7530851717417453	3.1714250077596633	(5, 1.314)	0	0	0
r5i1231p1f1	1911-06-01	3	0.873	0.942	-0.097	1.7113157623497717	-0.7012333557366278	(3, 0.873)	1	1	1
r5i1231p1f1	1911-06-19	4	1.014	1.096	0.434	2.209592226144881	1.497835735852798	(4, 1.014)	1	1	1
r5i1231p1f1	1911-07-23	3	1.128	1.22	0.668	1.925891088549062	1.49761876651344	(3, 1.128)	1	1	3
r5i1231p1f1	1911-08-06	3	1.111	1.341	0.618	1.9129330972319676	1.4377529136943206	(3, 1.111)	1	3	3
r5i1231p1f1	1912-07-01	5	1.136	1.242	1.152	2.6174590507043134	2.630431055091278	(5, 1.136)	0	3	3
r5i1231p1f1	1914-07-03	9	1.1	1.319	1.752	3.4242626545931514	3.877514372964483	(9, 1.1)	0	3	2
r5i1231p1f1	1915-08-02	6	1.348	1.652	2.659	3.0355044230820503	3.690856482414005	(6, 1.348)	2	0	0
r5i1231p1f1	1918-07-17	3	1.022	1.072	0.351	1.8422098062945378	1.038101025140766	(3, 1.022)	1	1	1
r5i1231p1f1	1919-06-20	8	1.17	1.451	2.122	3.3132429378565673	3.8921341033521077	(8, 1.17)	0	3	2
r5i1231p1f1	1920-07-09	5	1.07	1.218	0.822	2.562096343764399	2.3214303393555644	(5, 1.07)	1	1	1
r5i1231p1f1	1920-07-16	4	1.167	1.299	1.047	2.335632947040246	2.238153232834657	(4, 1.167)	0	3	3
r5i1231p1f1	1922-06-23	9	1.122	1.225	1.948	3.4434263858798655	3.9814744384263614	(9, 1.122)	0	3	2
r5i1231p1f1	1926-06-01	9	1.134	1.344	2.058	3.453726578673996	4.035408097998791	(9, 1.134)	0	3	2
r5i1231p1f1	1926-06-13	3	1.092	1.134	0.562	1.8982491140189333	1.3661522799138386	(3, 1.092)	1	1	1
r5i1231p1f1	1926-06-30	12	1.678	2.441	9.27	4.259197060230581	5.956735058825091	(12, 1.678)	2	2	4
r5i1231p1f1	1926-08-02	4	1.171	1.419	1.062	2.3387241396099188	2.250870657307367	(4, 1.171)	0	3	3
r5i1231p1f1	1926-08-20	3	1.037	1.138	0.397	1.8544854208953232	1.1193532049845927	(3, 1.037)	1	1	1
r5i1231p1f1	1928-06-14	4	1.16	1.241	1.019	2.330200260027019	2.213972434637442	(4, 1.16)	1	3	3
r5i1231p1f1	1928-07-02	5	1.334	1.565	2.143	2.7672352560973157	3.2172532443525363	(5, 1.334)	0	0	0
r5i1231p1f1	1931-06-18	9	1.113	1.318	1.871	3.4356310139800446	3.941911850287012	(9, 1.113)	0	3	2
r5i1231p1f1	1932-07-16	3	1.079	1.153	0.522	1.888076485048371	1.3116762955279377	(3, 1.079)	1	1	1
r5i1231p1f1	1932-07-31	9	1.072	1.179	1.503	3.399328970602128	3.7276433321647198	(9, 1.072)	1	3	2
r5i1231p1f1	1933-08-11	3	1.078	1.147	0.519	1.8872896720494419	1.3074684211342518	(3, 1.078)	1	1	1
r5i1231p1f1	1934-07-04	3	0.999	1.045	0.283	1.8230895610787659	0.9044250667316702	(3, 0.999)	1	1	1
r5i1231p1f1	1935-07-21	8	1.099	1.277	1.548	3.2529885637653395	3.5842753609869065	(8, 1.099)	0	3	2
r5i1231p1f1	1937-06-13	4	1.141	1.326	0.942	2.3153038654018205	2.144292513999452	(4, 1.141)	0	3	3
r5i1231p1f1	1937-07-05	6	1.148	1.341	1.455	2.88324001784647	3.108348448590164	(6, 1.148)	0	3	3
r5i1231p1f1	1937-07-24	5	1.333	1.452	2.14	2.766532487090711	3.2159085211436502	(5, 1.333)	0	0	0
r5i1231p1f1	1938-06-17	4	1.267	1.385	1.446	2.410183103592064	2.53115390095332	(4, 1.267)	0	3	3
r5i1231p1f1	1939-06-11	5	1.309	1.566	2.021	2.7495161426591728	3.1610546136087665	(5, 1.309)	0	0	0
r5i1231p1f1	1939-06-24	3	1.09	1.151	0.554	1.896690813917729	1.3554919097284417	(3, 1.09)	1	1	1
r5i1231p1f1	1939-08-16	3	1.091	1.233	0.558	1.897470267505701	1.3608363001904369	(3, 1.091)	1	1	1
r5i1231p1f1	1941-06-25	3	1.139	1.263	0.701	1.9341870743280345	1.535253627775467	(3, 1.139)	1	3	3
r5i1231p1f1	1941-07-23	3	1.008	1.139	0.308	1.8306149942480556	0.9556710269834212	(3, 1.008)	1	1	1
r5i1231p1f1	1944-07-08	4	1.021	1.107	0.463	2.215719159972384	1.5484132105963258	(4, 1.021)	1	1	1
r5i1231p1f1	1945-08-08	4	1.044	1.134	0.555	2.2355902241697674	1.6937790608678513	(4, 1.044)	1	1	1
r5i1231p1f1	1946-06-11	3	1.201	1.391	0.888	1.9797011838168412	1.7252961370721198	(3, 1.201)	0	3	3
r5i1231p1f1	1946-06-26	6	1.094	1.183	1.135	2.837817474154023	2.872492039032673	(6, 1.094)	1	3	3
r5i1231p1f1	1948-07-09	4	1.288	1.61	1.531	2.425156645382226	2.583846597642904	(4, 1.288)	0	0	0
r5i1231p1f1	1948-07-22	5	1.461	2.002	2.782	2.852697384024988	3.468971461698478	(5, 1.461)	2	0	0
r5i1231p1f1	1948-08-06	10	1.035	1.406	1.3	3.51837501284616	3.7402759707508744	(10, 1.035)	0	3	2
r5i1231p1f1	1948-08-29	5	1.137	1.288	1.161	2.618274749545595	2.6376545325400946	(5, 1.137)	0	3	3
r5i1231p1f1	1952-06-15	5	1.196	1.316	1.454	2.665260056144508	2.848172321876267	(5, 1.196)	0	3	3
r5i1231p1f1	1953-06-02	9	1.169	1.422	2.377	3.48317667448207	4.177137331162236	(9, 1.169)	0	3	2
r5i1231p1f1	1953-07-09	9	1.057	1.289	1.368	3.3857114241267077	3.6359005293230497	(9, 1.057)	0	3	2
r5i1231p1f1	1953-07-21	3	1.166	1.219	0.783	1.9542628429622635	1.6230621489914792	(3, 1.166)	1	3	3
r5i1231p1f1	1953-08-06	4	1.103	1.188	0.791	2.2848283714047866	1.9917026273718292	(4, 1.103)	1	1	1
r5i1231p1f1	1953-08-24	5	1.414	1.621	2.544	2.8219144930013615	3.3824488774920316	(5, 1.414)	0	0	0
r5i1231p1f1	1954-06-29	4	1.157	1.216	1.006	2.327862900178314	2.2025437388138194	(4, 1.157)	1	3	3
r5i1231p1f1	1954-07-18	3	0.979	1.028	0.223	1.8061608073299462	0.7695256401133637	(3, 0.979)	1	1	1
r5i1231p1f1	1954-08-06	3	1.038	1.105	0.398	1.8552984620613318	1.1210482640359327	(3, 1.038)	1	1	1
r5i1231p1f1	1955-06-14	4	1.046	1.108	0.563	2.237299626295416	1.7054751006310425	(4, 1.046)	1	1	1
r5i1231p1f1	1958-07-16	6	1.209	1.428	1.822	2.932185185805167	3.3242379277765726	(6, 1.209)	0	3	3
r5i1231p1f1	1958-07-31	5	1.389	1.717	2.419	2.8051461856340905	3.3338189986106563	(5, 1.389)	0	0	0
r5i1231p1f1	1959-07-29	3	1.087	1.221	0.546	1.8943488012231606	1.3447166704034441	(3, 1.087)	1	1	1
r5i1231p1f1	1960-06-16	3	1.168	1.291	0.788	1.9557340263295966	1.6281748954846222	(3, 1.168)	0	3	3
r5i1231p1f1	1960-08-18	3	1.151	1.328	0.737	1.9431594319473882	1.574756263914007	(3, 1.151)	0	3	3
r5i1231p1f1	1963-07-08	7	1.155	1.535	1.747	3.1086545972875452	3.5072044717359523	(7, 1.155)	0	3	2
r5i1231p1f1	1966-06-05	7	1.31	1.472	2.834	3.22928306211433	3.979427687242062	(7, 1.31)	0	0	0
r5i1231p1f1	1966-06-27	4	1.077	1.249	0.687	2.263428377792852	1.8711866028593769	(4, 1.077)	1	1	1
r5i1231p1f1	1966-07-26	3	1.163	1.359	0.773	1.9520520017200835	1.6127575608495572	(3, 1.163)	0	3	3
r5i1231p1f1	1967-06-04	3	1.057	1.129	0.455	1.8706219593034668	1.213204863124527	(3, 1.057)	1	1	1
r5i1231p1f1	1969-07-08	8	1.084	1.234	1.433	3.239780590696281	3.5093067724412013	(8, 1.084)	0	3	2
r5i1231p1f1	1969-07-25	4	1.208	1.349	1.213	2.3668735828764076	2.3706175033858727	(4, 1.208)	0	3	3
r5i1231p1f1	1969-08-14	3	0.991	1.049	0.257	1.8163524103314332	0.8481879666831477	(3, 0.991)	1	1	1
r5i1231p1f1	1970-07-01	3	1.322	1.595	1.251	2.062970828995383	2.014954576654025	(3, 1.322)	0	0	0
r5i1231p1f1	1971-06-05	14	1.269	1.654	5.1	4.211746564308129	5.591562700631545	(14, 1.269)	2	2	4
r5i1231p1f1	1971-07-31	3	1.316	1.449	1.234	2.0590011260458523	2.0031073361399168	(3, 1.316)	0	0	3
r5i1231p1f1	1973-07-01	3	1.027	1.096	0.366	1.8463184440077063	1.0653284036835002	(3, 1.027)	1	1	1
r5i1231p1f1	1975-07-08	3	1.088	1.187	0.548	1.895130081726901	1.3474213846864285	(3, 1.088)	1	1	1
r5i1231p1f1	1975-07-13	3	1.19	1.402	0.855	1.9717757853036324	1.6942771576452456	(3, 1.19)	0	3	3
r5i1231p1f1	1975-08-25	4	1.167	1.284	1.046	2.335632947040246	2.237299626295416	(4, 1.167)	0	3	3
r5i1231p1f1	1979-06-26	5	1.177	1.24	1.361	2.6503688303737603	2.7860257019991295	(5, 1.177)	0	3	3
r5i1231p1f1	1979-07-28	4	1.258	1.498	1.412	2.403696594362457	2.5092740062362946	(4, 1.258)	0	3	3
r5i1231p1f1	1980-07-07	7	1.252	1.462	2.43	3.185830368300718	3.8287333444619396	(7, 1.252)	0	0	0
r5i1231p1f1	1980-07-30	3	1.049	1.123	0.433	1.8641985565732526	1.1786346881452736	(3, 1.049)	1	1	1
r5i1231p1f1	1980-08-06	3	1.178	1.323	0.82	1.9630576515367082	1.6602916576917774	(3, 1.178)	0	3	3
r5i1231p1f1	1980-08-13	3	1.136	1.264	0.694	1.9319313496243482	1.5273879775882544	(3, 1.136)	1	3	3
r5i1231p1f1	1981-07-20	5	0.988	1.162	0.417	2.4887472493057423	1.733812815353315	(5, 0.988)	1	1	1
r5i1231p1f1	1986-08-06	4	1.352	1.644	1.789	2.4694545452290786	2.7286368347105983	(4, 1.352)	0	0	0
r5i1231p1f1	1988-06-14	3	1.326	1.454	1.261	2.0656085698259683	2.0218585354382537	(3, 1.326)	0	0	3
r5i1231p1f1	1989-08-26	3	1.091	1.196	0.559	1.897470267505701	1.3621679468091001	(3, 1.091)	1	1	1
r5i1231p1f1	1990-07-15	4	1.094	1.165	0.757	2.2774723921789706	1.9538783187044901	(4, 1.094)	1	1	1
r5i1231p1f1	1990-08-01	6	1.174	1.295	1.615	2.9043955054327584	3.208241706831641	(6, 1.174)	0	3	3
r5i1231p1f1	1994-08-17	9	1.201	1.481	2.661	3.5093639566504433	4.28836135128538	(9, 1.201)	2	0	2
r5i1231p1f1	1996-07-24	7	1.106	1.295	1.407	3.067280853446503	3.297982882502654	(7, 1.106)	0	3	2
r5i1231p1f1	1997-07-08	5	1.051	1.247	0.732	2.5455734057568886	2.2174637975089415	(5, 1.051)	1	1	1
r5i1231p1f1	1997-08-22	4	1.203	1.311	1.192	2.3631155927340783	2.35479796444098	(4, 1.203)	0	3	3
r5i1231p1f1	1999-07-24	7	1.411	1.798	3.541	3.3007170016880503	4.198407802992982	(7, 1.411)	2	0	0
r5i1231p1f1	2000-08-19	5	1.287	1.451	1.911	2.7336592999459226	3.1075253842646813	(5, 1.287)	0	0	0
r5i1231p1f1	2003-05-30	9	1.406	1.73	4.512	3.662586812159012	4.810752436356598	(9, 1.406)	2	2	4
r5i1231p1f1	2003-06-30	4	1.017	1.057	0.448	2.2122226529136544	1.5225719794124384	(4, 1.017)	1	1	1
r5i1231p1f1	2004-07-15	3	0.999	1.07	0.281	1.8230895610787659	0.9002096539729642	(3, 0.999)	1	1	1
r5i1231p1f1	2009-08-02	3	1.206	1.387	0.903	1.9832829775946443	1.739083752665682	(3, 1.206)	0	3	3
r5i1231p1f1	2009-08-14	4	1.126	1.252	0.883	2.30338477316461	2.0874097113290127	(4, 1.126)	1	3	3
r5i1231p1f1	2010-06-06	5	1.289	1.476	1.919	2.735111266204581	3.1115165238184486	(5, 1.289)	0	0	0
r5i1231p1f1	2010-07-17	3	0.981	1.082	0.228	1.8078666372859462	0.7814889337128141	(3, 0.981)	1	1	1
r5i1231p1f1	2010-08-23	3	1.152	1.236	0.741	1.9439035072324593	1.5790506498304957	(3, 1.152)	1	3	3
r5i1251p1f1	1851-06-21	8	1.198	1.358	2.407	3.3360416234442525	4.015737636214289	(8, 1.198)	0	3	2
r5i1251p1f1	1851-07-15	6	1.054	1.183	0.945	2.8027888923872153	2.7005962789593334	(6, 1.054)	1	1	1
r5i1251p1f1	1852-06-14	3	1.334	1.468	1.312	2.0708632697743425	2.0563458755484163	(3, 1.334)	0	0	0
r5i1251p1f1	1852-08-23	3	1.103	1.222	0.62	1.9067766274057756	1.4402176383123728	(3, 1.103)	1	1	1
r5i1251p1f1	1854-06-05	4	1.111	1.214	0.856	2.291321900715335	2.060258722263062	(4, 1.111)	1	3	3
r5i1251p1f1	1854-08-23	4	1.321	1.509	1.695	2.4482426654164087	2.67827804276854	(4, 1.321)	0	0	0
r5i1251p1f1	1855-08-05	3	1.088	1.221	0.572	1.895130081726901	1.3793198924049874	(3, 1.088)	1	1	1
r5i1251p1f1	1855-08-27	4	1.072	1.116	0.701	2.259259968255672	1.8882810362186768	(4, 1.072)	1	1	1
r5i1251p1f1	1857-07-27	9	1.421	1.938	4.72	3.672927901899867	4.855461869221313	(9, 1.421)	2	2	4
r5i1251p1f1	1858-08-20	3	0.994	1.056	0.293	1.8188841638866633	0.9252396346747167	(3, 0.994)	1	1	1
r5i1251p1f1	1862-07-13	3	1.037	1.149	0.421	1.8544854208953232	1.159262061528095	(3, 1.037)	1	1	1
r5i1251p1f1	1864-08-23	4	0.986	1.079	0.357	2.184702052337329	1.349630376748299	(4, 0.986)	1	1	1
r5i1251p1f1	1869-07-06	4	1.095	1.309	0.791	2.278292400425001	1.9917026273718292	(4, 1.095)	1	3	3
r5i1251p1f1	1869-07-14	5	1.027	1.16	0.652	2.5243043556474545	2.114999498229336	(5, 1.027)	1	1	1
r5i1251p1f1	1870-08-21	4	1.116	1.244	0.875	2.295359047902306	2.0794415416798357	(4, 1.116)	1	3	3
r5i1251p1f1	1870-08-28	3	1.117	1.286	0.659	1.9175257032512696	1.4871040378774207	(3, 1.117)	1	3	3
r5i1251p1f1	1874-06-08	3	1.191	1.289	0.882	1.972498877229363	1.7197274192609726	(3, 1.191)	0	3	3
r5i1251p1f1	1874-06-16	6	1.188	1.407	1.747	2.9156042185937303	3.2837474711579246	(6, 1.188)	0	3	3
r5i1251p1f1	1874-07-07	6	1.143	1.279	1.476	2.879119839376666	3.122042456733163	(6, 1.143)	0	3	3
r5i1251p1f1	1874-08-11	3	1.015	1.05	0.354	1.8364292051354612	1.0436061303477935	(3, 1.015)	1	1	1
r5i1251p1f1	1875-06-02	12	1.198	1.569	3.618	3.927894874646734	5.0199084037583335	(12, 1.198)	2	2	4
r5i1251p1f1	1875-06-27	8	1.68	2.055	6.264	3.663922108247391	4.961011763300267	(8, 1.68)	2	2	4
r5i1251p1f1	1875-07-17	3	1.037	1.194	0.422	1.8544854208953232	1.1608908587834577	(3, 1.037)	1	1	1
r5i1251p1f1	1875-07-23	3	1.345	1.613	1.344	2.0780436912094906	2.077393051971457	(3, 1.345)	0	0	0
r5i1251p1f1	1875-08-15	9	1.22	1.348	2.908	3.52459425980608	4.3759582592722746	(9, 1.22)	2	0	2
r5i1251p1f1	1876-07-17	3	0.973	0.994	0.229	1.8010257885243162	0.7838645133710184	(3, 0.973)	1	1	1
r5i1251p1f1	1876-08-08	3	0.934	0.959	0.112	1.766989607300396	0.4586703188023558	(3, 0.934)	1	1	1
r5i1251p1f1	1878-06-14	4	1.014	1.145	0.469	2.209592226144881	1.5585655820603437	(4, 1.014)	1	1	1
r5i1251p1f1	1882-06-09	3	1.031	1.114	0.404	1.8495932430423958	1.131158720187866	(3, 1.031)	1	1	1
r5i1251p1f1	1882-06-21	3	0.979	1.034	0.247	1.8061608073299462	0.825687303217429	(3, 0.979)	1	1	1
r5i1251p1f1	1882-07-03	3	1.243	1.505	1.037	2.009396884415142	1.8544854208953232	(3, 1.243)	0	3	3
r5i1251p1f1	1883-07-25	7	1.098	1.157	1.411	3.0603603802181487	3.3007170016880503	(7, 1.098)	1	3	2
r5i1251p1f1	1883-08-06	3	1.493	1.65	1.788	2.16995107670417	2.3312425699211676	(3, 1.493)	0	0	0
r5i1251p1f1	1883-08-25	4	1.151	1.196	1.017	2.323171726602434	2.2122226529136544	(4, 1.151)	1	3	3
r5i1251p1f1	1887-05-30	8	1.097	1.489	1.598	3.2512375475573747	3.6151955710189942	(8, 1.097)	0	3	2
r5i1251p1f1	1887-06-14	7	1.1	1.23	1.421	3.062094993665796	3.3075197724980563	(7, 1.1)	0	3	2
r5i1251p1f1	1887-07-18	3	1.148	1.231	0.753	1.9409238784254021	1.591824253554307	(3, 1.148)	1	3	3
r5i1251p1f1	1887-08-22	3	1.081	1.152	0.551	1.8896482562540837	1.3514647888571463	(3, 1.081)	1	1	1
r5i1251p1f1	1887-08-29	5	1.007	1.07	0.551	2.506227916399523	1.96856127546869	(5, 1.007)	1	1	1
r5i1251p1f1	1889-07-12	3	1.031	1.119	0.401	1.8495932430423958	1.1261162697229268	(3, 1.031)	1	1	1
r5i1251p1f1	1890-06-05	4	1.26	1.461	1.452	2.4051416813191375	2.534965849660737	(4, 1.26)	0	3	3
r5i1251p1f1	1891-07-08	6	1.097	1.192	1.198	2.840395811039178	2.92353421403142	(6, 1.097)	1	3	3
r5i1251p1f1	1891-08-08	4	1.24	1.394	1.37	2.3905959703167587	2.481567748522486	(4, 1.24)	0	3	3
r5i1251p1f1	1893-08-10	5	1.108	1.185	1.057	2.5943450840730553	2.5508207291837395	(5, 1.108)	1	3	3
r5i1251p1f1	1895-07-11	3	1.114	1.217	0.65	1.9152320367430575	1.4764775738150402	(3, 1.114)	1	1	3
r5i1251p1f1	1895-08-28	3	1.016	1.112	0.356	1.8372570539560484	1.0472594354836573	(3, 1.016)	1	1	1
r5i1251p1f1	1896-07-15	3	1.051	1.21	0.464	1.8658082795298527	1.2270098200897182	(3, 1.051)	1	1	1
r5i1251p1f1	1896-08-14	7	1.174	1.424	1.94	3.124247920331631	3.609005349841345	(7, 1.174)	0	3	2
r5i1251p1f1	1898-06-10	4	1.35	1.5	1.812	2.468099531471619	2.740581926104695	(4, 1.35)	0	0	0
r5i1251p1f1	1898-06-20	4	1.293	1.523	1.586	2.428688969789772	2.6165195365898923	(4, 1.293)	0	0	0
r5i1251p1f1	1899-08-12	3	0.986	1.06	0.268	1.8121185248247058	0.8723676210616929	(3, 0.986)	1	1	1
r5i1251p1f1	1901-07-26	13	1.075	1.276	2.31	3.9393964910135546	4.693864939324394	(13, 1.075)	2	2	2
r5i1251p1f1	1902-06-10	4	1.422	1.645	2.102	2.515759113270765	2.8800969299550663	(4, 1.422)	0	0	0
r5i1251p1f1	1902-07-26	5	0.997	1.077	0.5	2.497065667405072	1.8855791363077765	(5, 0.997)	1	1	1
r5i1251p1f1	1903-07-06	4	1.111	1.273	0.858	2.291321900715335	2.0622953828448654	(4, 1.111)	1	3	3
r5i1251p1f1	1905-06-27	4	1.165	1.251	1.073	2.334083760053417	2.2600950413730936	(4, 1.165)	0	3	3
r5i1251p1f1	1906-06-10	6	1.197	1.55	1.801	2.9227440383276013	3.3130648731854198	(6, 1.197)	0	0	0
r5i1251p1f1	1906-08-13	4	1.273	1.406	1.505	2.4144841854914545	2.5680215564985067	(4, 1.273)	0	3	3
r5i1251p1f1	1906-08-19	5	0.957	1.047	0.301	2.4595533943666106	1.473682862145749	(5, 0.957)	1	1	1
r5i1251p1f1	1907-08-08	4	1.211	1.417	1.255	2.36912161679429	2.401525040848949	(4, 1.211)	0	3	3
r5i1251p1f1	1908-06-04	4	1.131	1.237	0.937	2.307373609725843	2.139595464499583	(4, 1.131)	1	3	3
r5i1251p1f1	1908-06-27	3	1.033	1.139	0.408	1.85122662970424	1.1378426775644224	(3, 1.033)	1	1	1
r5i1251p1f1	1908-08-23	5	1.003	1.135	0.531	2.5025730842344482	1.936834875950922	(5, 1.003)	1	1	1
r5i1251p1f1	1910-07-01	4	1.153	1.266	1.024	2.324737897635179	2.2183335405464546	(4, 1.153)	0	3	3
r5i1251p1f1	1911-06-02	5	1.432	1.648	2.677	2.8338159106469982	3.43171914660576	(5, 1.432)	0	0	0
r5i1251p1f1	1911-07-31	3	0.986	1.056	0.267	1.8121185248247058	0.8701934712653576	(3, 0.986)	1	1	1
r5i1251p1f1	1912-05-31	3	1.053	1.123	0.469	1.8674154154423224	1.2345976845847308	(3, 1.053)	1	1	1
r5i1251p1f1	1912-07-19	6	1.063	1.261	0.997	2.810777988939766	2.7506528583462235	(6, 1.063)	1	3	3
r5i1251p1f1	1912-08-14	3	1.138	1.221	0.723	1.9334357313176844	1.5595789996958684	(3, 1.138)	1	3	3
r5i1251p1f1	1912-08-22	4	1.224	1.346	1.307	2.3788051189054547	2.4385136102182896	(4, 1.224)	0	3	3
r5i1251p1f1	1914-06-29	11	1.02	1.288	1.35	3.6431634761675764	3.9170479220969976	(11, 1.02)	0	3	2
r5i1251p1f1	1917-06-08	3	1.11	1.225	0.64	1.9121656080879328	1.4645364218009906	(3, 1.11)	1	1	3
r5i1251p1f1	1917-07-25	3	1.147	1.267	0.749	1.9401775819371392	1.5875844892727533	(3, 1.147)	1	3	3
r5i1251p1f1	1919-07-03	4	1.279	1.534	1.529	2.418766847283455	2.5826381382813355	(4, 1.279)	0	0	0
r5i1251p1f1	1919-08-01	3	1.078	1.34	0.544	1.8872896720494419	1.3420046207966683	(3, 1.078)	1	3	3
r5i1251p1f1	1921-06-28	5	0.962	1.078	0.323	2.464320107911848	1.5284989230135204	(5, 0.962)	1	1	1
r5i1251p1f1	1922-08-13	3	1.034	1.105	0.412	1.8520423236413943	1.1444822561168142	(3, 1.034)	1	1	1
r5i1251p1f1	1923-06-17	6	1.146	1.268	1.493	2.8815939830022073	3.13299235478952	(6, 1.146)	0	3	3
r5i1251p1f1	1924-08-18	3	1.252	1.486	1.065	2.0156471213943736	1.8770043651306039	(3, 1.252)	0	3	3
r5i1251p1f1	1925-07-17	5	1.149	1.377	1.26	2.628011587306804	2.7138485752091657	(5, 1.149)	0	3	3
r5i1251p1f1	1926-07-06	4	1.207	1.404	1.241	2.366123113798033	2.3913283028284344	(4, 1.207)	0	3	3
r5i1251p1f1	1926-07-13	3	1.231	1.32	1.003	2.0010019984654726	1.8264411915984637	(3, 1.231)	0	3	3
r5i1251p1f1	1926-07-29	3	1.169	1.347	0.816	1.9564688071658214	1.65633302058119	(3, 1.169)	0	3	3
r5i1251p1f1	1927-08-13	4	1.222	1.503	1.301	2.377321439108063	2.43431486367194	(4, 1.222)	0	3	3
r5i1251p1f1	1927-08-28	6	1.19	1.374	1.758	2.9171952564473336	3.2897896482684614	(6, 1.19)	0	3	3
r5i1251p1f1	1930-06-26	10	1.312	1.824	4.15	3.7492471700248546	4.884577034755657	(10, 1.312)	2	2	4
r5i1251p1f1	1931-06-25	5	1.151	1.46	1.272	2.629625216079756	2.7227018289917884	(5, 1.151)	0	3	3
r5i1251p1f1	1931-08-17	3	1.099	1.218	0.606	1.9036841206135722	1.4228356146869778	(3, 1.099)	1	1	1
r5i1251p1f1	1932-06-03	6	1.129	1.245	1.392	2.8674922010350326	3.066103982820912	(6, 1.129)	0	3	3
r5i1251p1f1	1932-08-16	5	1.263	1.424	1.828	2.716069247625865	3.065149249765396	(5, 1.263)	0	3	3
r5i1251p1f1	1932-08-26	3	1.091	1.19	0.581	1.897470267505701	1.3910242967152038	(3, 1.091)	1	1	1
r5i1251p1f1	1933-07-17	10	1.225	1.539	3.282	3.6823054258918053	4.651919724799275	(10, 1.225)	2	2	2
r5i1251p1f1	1936-06-23	3	1.435	1.7	1.613	2.134932860799873	2.238728350893738	(3, 1.435)	0	0	0
r5i1251p1f1	1936-07-18	3	1.229	1.352	0.996	1.9995959735061966	1.8205684456009843	(3, 1.229)	0	3	3
r5i1251p1f1	1937-06-13	3	0.977	1.024	0.242	1.8044520625451974	0.8142442238419348	(3, 0.977)	1	1	1
r5i1251p1f1	1938-06-02	3	0.994	1.098	0.291	1.8188841638866633	0.9211112365527838	(3, 0.994)	1	1	1
r5i1251p1f1	1938-06-12	3	1.04	1.117	0.43	1.8569225639687479	1.1738266020037689	(3, 1.04)	1	1	1
r5i1251p1f1	1943-07-22	5	1.071	1.22	0.868	2.5629584553544547	2.3706674855400593	(5, 1.071)	1	1	1
r5i1251p1f1	1945-07-17	7	1.053	1.202	1.09	3.0205142925795414	3.053391680093326	(7, 1.053)	1	3	2
r5i1251p1f1	1946-07-07	4	1.136	1.305	0.955	2.3113465986626185	2.1564025828159643	(4, 1.136)	0	3	3
r5i1251p1f1	1947-06-07	3	1.037	1.126	0.419	1.8544854208953232	1.1559964864047214	(3, 1.037)	1	1	1
r5i1251p1f1	1947-06-16	4	1.34	1.667	1.771	2.4612967841488667	2.7191879455126657	(4, 1.34)	0	0	0
r5i1251p1f1	1947-07-05	3	1.028	1.096	0.392	1.8471381497189576	1.1108345416025405	(3, 1.028)	1	1	1
r5i1251p1f1	1948-07-13	3	1.417	1.548	1.559	2.1238109944799253	2.208362500522112	(3, 1.417)	0	0	0
r5i1251p1f1	1950-08-16	3	0.987	1.064	0.269	1.8129667372033864	0.874537054183594	(3, 0.987)	1	1	1
r5i1251p1f1	1951-07-05	3	1.034	1.182	0.411	1.8520423236413943	1.1428264897787204	(3, 1.034)	1	1	1
r5i1251p1f1	1951-07-24	4	1.324	1.521	1.71	2.450315205018381	2.6864860231863696	(4, 1.324)	0	0	0
r5i1251p1f1	1954-06-26	4	1.126	1.254	0.917	2.30338477316461	2.1205834850110112	(4, 1.126)	1	3	3
r5i1251p1f1	1955-06-18	4	0.937	1.0	0.161	2.139595464499583	0.8276780735175515	(4, 0.937)	1	1	1
r5i1251p1f1	1955-07-02	4	1.162	1.327	1.061	2.3317554702938255	2.2500278422553697	(4, 1.162)	0	3	3
r5i1251p1f1	1955-08-13	8	1.27	1.472	2.981	3.3923859947425536	4.226137591636426	(8, 1.27)	2	0	0
r5i1251p1f1	1956-06-02	7	1.073	1.322	1.231	3.038419955272531	3.169619992284691	(7, 1.073)	0	3	2
r5i1251p1f1	1956-07-17	3	0.979	1.025	0.247	1.8061608073299462	0.825687303217429	(3, 0.979)	1	1	1
r5i1251p1f1	1957-06-09	8	1.13	1.462	1.861	3.279744415329604	3.763746244420679	(8, 1.13)	0	3	2
r5i1251p1f1	1957-07-22	5	1.311	1.502	2.069	2.750945283211416	3.1835438669485097	(5, 1.311)	0	0	0
r5i1251p1f1	1961-08-13	6	1.509	1.915	3.672	3.1431897522802075	4.0067358798447374	(6, 1.509)	2	0	0
r5i1251p1f1	1963-07-03	4	0.975	1.014	0.311	2.174751721484161	1.2493285060467332	(4, 0.975)	1	1	1
r5i1251p1f1	1963-08-29	4	1.165	1.28	1.073	2.334083760053417	2.2600950413730936	(4, 1.165)	0	3	3
r5i1251p1f1	1965-06-28	7	1.316	1.662	2.936	3.2336722588289915	4.014136913564594	(7, 1.316)	2	0	0
r5i1251p1f1	1967-06-09	5	1.036	1.193	0.697	2.5323333549845457	2.1739214793815895	(5, 1.036)	1	1	1
r5i1251p1f1	1967-07-11	11	1.149	1.477	2.777	3.759310441273697	4.628036130953478	(11, 1.149)	2	2	2
r5i1251p1f1	1970-08-23	4	1.435	1.834	2.152	2.5241273629412815	2.9023003287614384	(4, 1.435)	0	0	0
r5i1251p1f1	1972-07-09	8	1.225	1.492	2.621	3.357544502804479	4.09943922820536	(8, 1.225)	0	0	2
r5i1251p1f1	1972-07-20	4	1.001	1.041	0.416	2.1981130713973345	1.4651055415441803	(4, 1.001)	1	1	1
r5i1251p1f1	1973-05-31	4	0.935	1.017	0.151	2.1377104498038118	0.7920871284148489	(4, 0.935)	1	1	1
r5i1251p1f1	1973-08-15	3	1.091	1.142	0.581	1.897470267505701	1.3910242967152038	(3, 1.091)	1	1	1
r5i1251p1f1	1977-07-01	5	1.089	1.189	0.963	2.5783507059424244	2.465270730086564	(5, 1.089)	1	3	1
r5i1251p1f1	1977-07-09	3	1.038	1.169	0.423	1.8552984620613318	1.162517007371878	(3, 1.038)	1	1	1
r5i1251p1f1	1978-06-06	17	1.139	1.458	4.122	4.392418628237571	5.669613658335858	(17, 1.139)	2	2	4
r5i1251p1f1	1978-07-20	5	1.0	1.167	0.517	2.499823167269985	1.9140118685805274	(5, 1.0)	1	1	1
r5i1251p1f1	1979-07-07	10	1.025	1.165	1.277	3.5089554015103896	3.7228529081130466	(10, 1.025)	1	3	2
r5i1251p1f1	1979-08-03	4	1.111	1.172	0.855	2.291321900715335	2.0592388343623163	(4, 1.111)	1	1	1
r5i1251p1f1	1980-06-18	8	1.361	1.602	3.71	3.4593378077665227	4.442035973860032	(8, 1.361)	2	0	0
r5i1251p1f1	1980-07-21	5	1.386	1.622	2.446	2.8031149619497384	3.3445251330890406	(5, 1.386)	0	0	0
r5i1251p1f1	1980-08-07	11	1.228	1.364	3.645	3.8243052190218507	4.897691064780681	(11, 1.228)	2	2	2
r5i1251p1f1	1980-08-28	3	1.008	1.036	0.332	1.8306149942480556	1.0025134195209144	(3, 1.008)	1	1	1
r5i1251p1f1	1984-07-12	3	1.114	1.142	0.653	1.9152320367430575	1.4800322901371412	(3, 1.114)	1	1	1
r5i1251p1f1	1985-06-20	9	1.088	1.211	1.721	3.4136528229295013	3.8600347327570184	(9, 1.088)	0	3	2
r5i1251p1f1	1985-08-11	3	1.018	1.071	0.363	1.8389106984286396	1.0599419115922148	(3, 1.018)	1	1	1
r5i1251p1f1	1987-07-02	5	1.059	1.154	0.811	2.552563736022385	2.3092881421563094	(5, 1.059)	1	1	1
r5i1251p1f1	1987-07-23	3	0.998	1.058	0.303	1.8222498952796893	0.9456297756327512	(3, 0.998)	1	1	1
r5i1251p1f1	1987-08-07	5	1.146	1.368	1.246	2.625586251497603	2.7034197303220164	(5, 1.146)	0	3	3
r5i1251p1f1	1988-06-17	4	1.118	1.277	0.885	2.29696935420841	2.089391872533004	(4, 1.118)	1	3	3
r5i1251p1f1	1989-06-11	5	1.109	1.187	1.06	2.595179848575669	2.5534341014866544	(5, 1.109)	1	3	3
r5i1251p1f1	1989-06-26	7	0.966	1.033	0.481	2.938662875097755	2.2933672049389524	(7, 0.966)	1	1	1
r5i1251p1f1	1989-07-20	6	1.157	1.324	1.56	2.890613828283699	3.1750168898610367	(6, 1.157)	0	3	3
r5i1251p1f1	1990-08-10	3	1.024	1.101	0.382	1.8438552876418735	1.093576371520756	(3, 1.024)	1	1	1
r5i1251p1f1	1990-08-29	3	1.159	1.298	0.787	1.9490965895169745	1.6271544352619451	(3, 1.159)	1	3	3
r5i1251p1f1	1991-07-19	6	1.115	1.268	1.307	2.85572776856802	3.0061230303215485	(6, 1.115)	0	3	3
r5i1251p1f1	1992-06-11	5	1.387	1.589	2.451	2.8037924950445623	3.346495233351579	(5, 1.387)	0	0	0
r5i1251p1f1	1996-08-16	3	1.379	1.447	1.447	2.0999172501159333	2.1422793074686015	(3, 1.379)	0	0	0
r5i1251p1f1	1998-07-22	4	0.991	1.06	0.375	2.189192405638955	1.3862943611198906	(4, 0.991)	1	1	1
r5i1251p1f1	1999-07-20	4	1.148	1.339	1.004	2.3208178612551054	2.200773826847361	(4, 1.148)	0	3	3
r5i1251p1f1	1999-07-26	3	1.124	1.348	0.681	1.922857220904564	1.5126141437016694	(3, 1.124)	1	3	3
r5i1251p1f1	2000-06-03	3	1.055	1.222	0.475	1.8690199726127856	1.2436277695586093	(3, 1.055)	1	1	1
r5i1251p1f1	2000-08-18	4	1.007	1.07	0.44	2.203427521460827	1.5085119938441398	(4, 1.007)	1	1	1
r5i1251p1f1	2003-07-01	6	1.34	1.638	2.659	3.0298388515892083	3.690856482414005	(6, 1.34)	0	0	0
r5i1251p1f1	2005-08-11	4	1.17	1.377	1.094	2.337952236831337	2.2774723921789706	(4, 1.17)	0	3	3
r5i1251p1f1	2006-07-23	6	1.005	1.073	0.646	2.758136233143976	2.3508248431446694	(6, 1.005)	1	1	1
r5i1251p1f1	2006-08-14	3	1.056	1.211	0.477	1.8698212867532615	1.2466197677986228	(3, 1.056)	1	1	1
r5i1251p1f1	2007-06-06	6	1.36	1.628	2.78	3.0439430461519064	3.7342707273929845	(6, 1.36)	2	0	0
r5i1251p1f1	2009-07-24	5	0.994	1.033	0.486	2.494300542704326	1.8615412804706546	(5, 0.994)	1	1	1
r5i1281p1f1	1852-06-25	4	1.265	1.33	1.479	2.4087452888224363	2.5519420511241586	(4, 1.265)	0	3	3
r5i1281p1f1	1855-06-09	7	1.34	1.744	3.111	3.2510388951080773	4.071016675612454	(7, 1.34)	2	0	0
r5i1281p1f1	1856-07-13	3	1.343	1.794	1.344	2.076741989126375	2.077393051971457	(3, 1.343)	0	0	0
r5i1281p1f1	1856-07-27	4	1.149	1.262	1.014	2.3216030988298075	2.209592226144881	(4, 1.149)	0	3	3
r5i1281p1f1	1857-06-26	7	1.456	1.783	3.928	3.3309715132886604	4.300648154667559	(7, 1.456)	2	0	0
r5i1281p1f1	1860-07-04	4	1.225	1.427	1.321	2.379546134130174	2.4482426654164087	(4, 1.225)	0	3	3
r5i1281p1f1	1860-08-13	4	1.08	1.222	0.74	2.265921108622454	1.9344157696295783	(4, 1.08)	1	1	1
r5i1281p1f1	1861-06-02	8	1.395	1.967	3.997	3.483245667961299	4.515702548395648	(8, 1.395)	2	2	4
r5i1281p1f1	1861-07-18	3	1.179	1.364	0.851	1.9637870727255824	1.6904510497143228	(3, 1.179)	0	3	3
r5i1281p1f1	1861-07-24	6	1.02	1.088	0.749	2.7720183862436882	2.4855736692866586	(6, 1.02)	1	1	1
r5i1281p1f1	1862-07-24	5	1.196	1.427	1.506	2.665260056144508	2.881308133207262	(5, 1.196)	0	3	3
r5i1281p1f1	1863-06-20	3	1.184	1.301	0.868	1.96742621912213	1.7066118639562837	(3, 1.184)	0	3	3
r5i1281p1f1	1863-06-28	8	1.097	1.238	1.617	3.2512375475573747	3.6266990380789146	(8, 1.097)	0	3	2
r5i1281p1f1	1864-07-30	4	1.047	1.095	0.609	2.238153232834657	1.7701952913122145	(4, 1.047)	1	1	1
r5i1281p1f1	1865-06-01	4	1.292	1.576	1.586	2.427983502388379	2.6165195365898923	(4, 1.292)	0	0	0
r5i1281p1f1	1869-07-06	4	1.137	1.248	0.967	2.3121393057988575	2.167452419002549	(4, 1.137)	1	3	3
r5i1281p1f1	1871-05-30	5	1.007	1.156	0.561	2.506227916399523	1.984054827018744	(5, 1.007)	1	1	1
r5i1281p1f1	1871-07-11	4	1.048	1.105	0.614	2.2390061113511743	1.7769841836459006	(4, 1.048)	1	1	1
r5i1281p1f1	1871-07-28	11	1.227	1.472	3.648	3.8235083491622497	4.898507633522671	(11, 1.227)	2	2	2
r5i1281p1f1	1872-07-17	4	0.93	1.029	0.138	2.1329823086078656	0.7438402948754634	(4, 0.93)	1	1	1
r5i1281p1f1	1875-06-07	7	1.064	1.243	1.18	3.030402058695201	3.129122036185426	(7, 1.064)	1	3	2
r5i1281p1f1	1875-07-29	3	1.052	1.159	0.47	1.866612170346783	1.2361083727856943	(3, 1.052)	1	1	1
r5i1281p1f1	1875-08-06	4	1.028	1.15	0.532	2.221808782966758	1.6593702811823094	(4, 1.028)	1	1	1
r5i1281p1f1	1875-08-28	3	1.076	1.193	0.543	1.8857141863884672	1.340645832792137	(3, 1.076)	1	1	1
r5i1281p1f1	1876-06-05	7	1.199	1.312	2.13	3.144401848982396	3.7000209576147616	(7, 1.199)	0	3	2
r5i1281p1f1	1879-06-03	3	0.947	0.992	0.157	1.778464201597214	0.5965239007177077	(3, 0.947)	1	1	1
r5i1281p1f1	1879-07-31	3	1.097	1.178	0.605	1.9021342734584945	1.421582403309789	(3, 1.097)	1	1	1
r5i1281p1f1	1881-06-16	19	1.12	1.352	4.273	4.540710269958877	5.871796409751827	(19, 1.12)	2	2	4
r5i1281p1f1	1881-07-27	4	1.243	1.37	1.392	2.392791360880195	2.4961762420462312	(4, 1.243)	0	3	3
r5i1281p1f1	1881-08-08	11	1.018	1.192	1.349	3.641252179089742	3.91632165824883	(11, 1.018)	1	3	2
r5i1281p1f1	1882-06-16	4	1.211	1.502	1.265	2.36912161679429	2.4087452888224363	(4, 1.211)	0	3	3
r5i1281p1f1	1882-07-02	5	1.36	1.596	2.327	2.785336019554116	3.2964533765970594	(5, 1.36)	0	0	0
r5i1281p1f1	1882-07-24	5	1.03	1.104	0.673	2.5269878578958624	2.14292897283693	(5, 1.03)	1	1	1
r5i1281p1f1	1883-06-30	6	1.093	1.223	1.19	2.836956549112967	2.9171952564473336	(6, 1.093)	1	3	3
r5i1281p1f1	1884-08-07	3	1.084	1.387	0.566	1.8920012906264554	1.371440149364611	(3, 1.084)	1	3	3
r5i1281p1f1	1886-07-06	5	1.153	1.244	1.292	2.631236245249124	2.737285270342615	(5, 1.153)	0	3	3
r5i1281p1f1	1887-07-21	3	1.075	1.164	0.539	1.8849255117711192	1.335192142118085	(3, 1.075)	1	1	1
r5i1281p1f1	1890-07-18	3	1.057	1.143	0.486	1.8706219593034668	1.259974070869148	(3, 1.057)	1	1	1
r5i1281p1f1	1891-08-13	6	0.945	1.059	0.298	2.7005962789593334	1.682630316744215	(6, 0.945)	1	1	1
r5i1281p1f1	1892-06-25	7	1.123	1.291	1.593	3.081829739800499	3.4178175932410015	(7, 1.123)	0	3	2
r5i1281p1f1	1893-06-23	6	1.145	1.39	1.501	2.880769948427343	3.138104051842993	(6, 1.145)	0	3	3
r5i1281p1f1	1894-06-08	7	1.181	1.504	1.999	3.129932084112445	3.6381648894859775	(7, 1.181)	0	3	2
r5i1281p1f1	1896-08-13	4	1.306	1.521	1.646	2.43781504225415	2.6509859004805323	(4, 1.306)	0	0	0
r5i1281p1f1	1898-06-06	4	0.97	1.038	0.298	2.1701959049483	1.219058441743977	(4, 0.97)	1	1	1
r5i1281p1f1	1898-08-23	3	1.052	1.167	0.47	1.866612170346783	1.2361083727856943	(3, 1.052)	1	1	1
r5i1281p1f1	1900-06-03	3	1.409	1.596	1.541	2.118827957881691	2.1980321271124335	(3, 1.409)	0	0	0
r5i1281p1f1	1901-07-06	3	1.126	1.276	0.694	1.9243753052704822	1.5273879775882544	(3, 1.126)	1	3	3
r5i1281p1f1	1901-08-07	3	0.961	1.032	0.198	1.7906759621497192	0.7074633039401214	(3, 0.961)	1	1	1
r5i1281p1f1	1902-07-08	10	1.054	1.21	1.585	3.5360314494669094	3.9342169069100197	(10, 1.054)	0	3	2
r5i1281p1f1	1902-08-13	5	1.09	1.207	0.976	2.579198923624043	2.477547280119216	(5, 1.09)	1	3	3
r5i1281p1f1	1904-05-31	9	1.218	1.433	2.908	3.523001949735914	4.3759582592722746	(9, 1.218)	2	0	2
r5i1281p1f1	1904-07-24	5	1.244	1.569	1.744	2.701920977062884	3.0203523354052146	(5, 1.244)	0	0	0
r5i1281p1f1	1904-08-26	4	1.127	1.18	0.929	2.3041838143577427	2.1320339917990068	(4, 1.127)	1	3	3
r5i1281p1f1	1906-06-06	11	1.409	1.903	5.654	3.958989939489288	5.334042372075714	(11, 1.409)	2	2	4
r5i1281p1f1	1906-06-22	5	0.985	1.059	0.448	2.485958994977389	1.793223774875645	(5, 0.985)	1	1	1
r5i1281p1f1	1907-08-27	3	1.064	1.13	0.508	1.8762087885512986	1.2918862677653262	(3, 1.064)	1	1	1
r5i1281p1f1	1914-05-28	10	1.124	1.436	2.285	3.598517038669397	4.293988064868403	(10, 1.124)	0	3	2
r5i1281p1f1	1914-07-19	7	1.321	1.692	2.984	3.237315263578768	4.03006295715463	(7, 1.321)	2	0	0
r5i1281p1f1	1915-06-04	4	1.069	1.182	0.695	2.256750556650246	1.8809906029559977	(4, 1.069)	1	1	1
r5i1281p1f1	1915-07-13	4	1.271	1.513	1.505	2.4130525460200167	2.5680215564985067	(4, 1.271)	0	0	0
r5i1281p1f1	1917-07-19	3	1.162	1.247	0.801	1.951313967121635	1.6413469779406025	(3, 1.162)	1	3	3
r5i1281p1f1	1919-06-13	5	1.104	1.272	1.043	2.5909990402450296	2.5385338665858783	(5, 1.104)	1	3	3
r5i1281p1f1	1919-06-25	7	1.379	1.474	3.385	3.278631830702987	4.1540444792296265	(7, 1.379)	2	0	0
r5i1281p1f1	1920-06-02	4	1.035	1.085	0.561	2.2278615467981093	1.7025638904235842	(4, 1.035)	1	1	1
r5i1281p1f1	1920-08-09	4	1.286	1.569	1.564	2.423740214550513	2.603578179505499	(4, 1.286)	0	0	0
r5i1281p1f1	1923-08-12	6	1.076	1.247	1.086	2.8222062689985936	2.830909230681918	(6, 1.076)	1	3	3
r5i1281p1f1	1925-05-29	15	1.333	1.672	6.569	4.362337851491786	5.947053865787234	(15, 1.333)	2	2	4
r5i1281p1f1	1925-06-27	3	1.079	1.177	0.552	1.888076485048371	1.3528089652533486	(3, 1.079)	1	1	1
r5i1281p1f1	1925-07-23	5	0.964	1.061	0.343	2.466220449436937	1.57585146588251	(5, 0.964)	1	1	1
r5i1281p1f1	1926-07-01	4	1.139	1.25	0.975	2.3137228374045016	2.174751721484161	(4, 1.139)	1	3	3
r5i1281p1f1	1927-08-14	3	1.044	1.251	0.446	1.8601628760179363	1.1992066584340162	(3, 1.044)	1	1	1
r5i1281p1f1	1929-06-23	5	1.479	1.669	2.92	2.8642400970919235	3.515911787114676	(5, 1.479)	2	0	0
r5i1281p1f1	1930-07-24	7	1.077	1.217	1.275	3.041962933275942	3.2032881844321466	(7, 1.077)	1	3	2
r5i1281p1f1	1933-06-17	4	1.022	1.116	0.508	2.2165913798270696	1.6221566848418751	(4, 1.022)	1	1	1
r5i1281p1f1	1934-06-20	4	1.031	1.143	0.542	2.2244073119300216	1.6744763086133228	(4, 1.031)	1	1	1
r5i1281p1f1	1935-07-22	3	1.018	1.131	0.37	1.8389106984286396	1.0724655547928086	(3, 1.018)	1	1	1
r5i1281p1f1	1937-06-29	3	0.977	1.057	0.247	1.8044520625451974	0.825687303217429	(3, 0.977)	1	1	1
r5i1281p1f1	1937-08-16	3	1.054	1.132	0.475	1.8682180158529837	1.2436277695586093	(3, 1.054)	1	1	1
r5i1281p1f1	1938-07-08	9	1.321	1.584	3.836	3.6018771679920754	4.649875829371942	(9, 1.321)	2	2	4
r5i1281p1f1	1938-08-18	13	1.254	1.704	4.671	4.090632629727113	5.3933542822009315	(13, 1.254)	2	2	4
r5i1281p1f1	1940-08-05	3	1.178	1.307	0.849	1.9630576515367082	1.6885324920460172	(3, 1.178)	0	3	3
r5i1281p1f1	1945-08-22	4	1.133	1.255	0.952	2.308964699958085	2.1536209398540875	(4, 1.133)	1	3	3
r5i1281p1f1	1946-06-03	3	1.182	1.35	0.86	1.965972149383562	1.6990392977679638	(3, 1.182)	0	3	3
r5i1281p1f1	1946-07-25	3	1.195	1.327	0.9	1.9753860276277764	1.736341395488426	(3, 1.195)	0	3	3
r5i1281p1f1	1947-06-14	3	1.007	1.022	0.335	1.8297816262051394	1.008217398267985	(3, 1.007)	1	1	1
r5i1281p1f1	1947-06-24	11	1.139	1.283	2.681	3.750773669616607	4.593204701168301	(11, 1.139)	2	2	2
r5i1281p1f1	1950-07-16	4	1.079	1.147	0.734	2.265090888566465	1.9274551846819543	(4, 1.079)	1	1	1
r5i1281p1f1	1952-06-01	3	1.41	1.705	1.543	2.119452197075461	2.1991852304697743	(3, 1.41)	0	0	0
r5i1281p1f1	1952-06-23	8	1.125	1.43	1.84	3.2754770837176115	3.752662548025633	(8, 1.125)	0	3	2
r5i1281p1f1	1952-07-27	4	1.123	1.309	0.913	2.3009838116270718	2.1167373264235327	(4, 1.123)	1	3	3
r5i1281p1f1	1953-08-07	3	1.006	1.105	0.333	1.8289475630806293	1.0044183630992942	(3, 1.006)	1	1	1
r5i1281p1f1	1954-05-30	5	1.332	1.627	2.186	2.765829223852479	3.236331503923784	(5, 1.332)	0	0	0
r5i1281p1f1	1954-08-07	5	1.17	1.404	1.376	2.6448262053484672	2.796314262805641	(5, 1.17)	0	3	3
r5i1281p1f1	1955-06-24	4	1.372	1.55	1.909	2.4829046471173273	2.7894458393062043	(4, 1.372)	0	0	0
r5i1281p1f1	1960-06-25	7	1.138	1.324	1.7	3.094493534428141	3.4807612239800885	(7, 1.138)	0	3	2
r5i1281p1f1	1960-07-31	3	1.053	1.137	0.473	1.8674154154423224	1.240626792393481	(3, 1.053)	1	1	1
r5i1281p1f1	1961-08-14	4	1.11	1.217	0.862	2.2905125117597764	2.0663563021311804	(4, 1.11)	1	3	3
r5i1281p1f1	1964-06-25	8	1.112	1.246	1.736	3.2642960391006093	3.695884757292324	(8, 1.112)	0	3	2
r5i1281p1f1	1965-08-16	5	1.102	1.249	1.033	2.5893218104403486	2.5296641782283418	(5, 1.102)	1	3	3
r5i1281p1f1	1966-05-31	3	1.13	1.267	0.706	1.9274045777056474	1.5408343102643483	(3, 1.13)	1	3	3
r5i1281p1f1	1966-07-23	5	1.053	1.208	0.789	2.54732557472535	2.2845522920969223	(5, 1.053)	1	1	1
r5i1281p1f1	1967-07-27	4	1.069	1.123	0.695	2.256750556650246	1.8809906029559977	(4, 1.069)	1	1	1
r5i1281p1f1	1967-08-02	4	0.989	1.036	0.377	2.187398683184928	1.390286382389428	(4, 0.989)	1	1	1
r5i1281p1f1	1968-07-16	4	0.93	1.015	0.139	2.1329823086078656	0.7476353658440151	(4, 0.93)	1	1	1
r5i1281p1f1	1969-07-18	3	1.151	1.368	0.768	1.9431594319473882	1.6075651720777713	(3, 1.151)	0	3	3
r5i1281p1f1	1970-06-25	4	1.224	1.397	1.317	2.3788051189054547	2.445472580542593	(4, 1.224)	0	3	3
r5i1281p1f1	1970-08-23	4	0.999	1.126	0.416	2.196335293151335	1.4651055415441803	(4, 0.999)	1	1	1
r5i1281p1f1	1972-06-20	12	1.092	1.304	2.36	3.837161250646609	4.596163323110094	(12, 1.092)	2	2	2
r5i1281p1f1	1973-06-21	3	0.959	1.001	0.192	1.7889405286417714	0.6919771288962269	(3, 0.959)	1	1	1
r5i1281p1f1	1973-07-09	5	1.127	1.346	1.158	2.6100876641419672	2.635252499687377	(5, 1.127)	0	3	3
r5i1281p1f1	1974-06-14	4	1.088	1.301	0.773	2.272538171641749	1.9718563309998984	(4, 1.088)	1	3	3
r5i1281p1f1	1974-08-24	4	0.932	1.0	0.147	2.1348762485679367	0.7774883289936961	(4, 0.932)	1	1	1
r5i1281p1f1	1975-06-08	3	1.024	1.068	0.388	1.8438552876418735	1.1039669733908037	(3, 1.024)	1	1	1
r5i1281p1f1	1976-08-02	3	1.092	1.163	0.592	1.8982491140189333	1.405146103684702	(3, 1.092)	1	1	1
r5i1281p1f1	1977-06-29	3	1.053	1.155	0.473	1.8674154154423224	1.240626792393481	(3, 1.053)	1	1	1
r5i1281p1f1	1977-08-18	3	1.234	1.3	1.017	2.0031073361399168	1.83808421800981	(3, 1.234)	0	3	3
r5i1281p1f1	1979-06-07	8	1.068	1.443	1.386	3.2254971098527596	3.4769725334645205	(8, 1.068)	0	3	2
r5i1281p1f1	1979-06-17	5	1.188	1.41	1.463	2.659017072463714	2.853986506886148	(5, 1.188)	0	3	3
r5i1281p1f1	1979-07-17	5	1.555	1.847	3.299	2.911558422888499	3.6345273096017796	(5, 1.555)	2	0	0
r5i1281p1f1	1979-08-01	6	1.234	1.468	2.035	2.9515725303368847	3.4310237778507284	(6, 1.234)	0	0	0
r5i1281p1f1	1979-08-17	4	1.082	1.222	0.749	2.2675794837952306	1.9447666383532343	(4, 1.082)	1	1	1
r5i1281p1f1	1979-08-28	4	1.057	1.145	0.647	2.2466494606637424	1.820670812722475	(4, 1.057)	1	1	1
r5i1281p1f1	1983-08-21	7	1.189	1.372	2.057	3.1363889530103717	3.6660245882376437	(7, 1.189)	0	3	2
r5i1281p1f1	1984-08-18	3	1.228	1.321	0.999	1.9988922189911715	1.8230895610787659	(3, 1.228)	0	3	3
r5i1281p1f1	1985-06-27	4	1.29	1.545	1.579	2.4265710727750367	2.6124199700869597	(4, 1.29)	0	0	0
r5i1281p1f1	1985-07-24	4	1.262	1.699	1.466	2.4065846830125306	2.5438042910354857	(4, 1.262)	0	0	0
r5i1281p1f1	1987-06-02	6	1.305	1.616	2.462	3.0046674698270235	3.615874862868291	(6, 1.305)	0	0	0
r5i1281p1f1	1988-07-22	3	1.099	1.136	0.613	1.9036841206135722	1.4315643928674042	(3, 1.099)	1	1	1
r5i1281p1f1	1988-08-21	3	0.962	0.978	0.201	1.7915425508102527	0.7151173770601508	(3, 0.962)	1	1	1
r5i1281p1f1	1989-08-23	4	0.914	1.0	0.074	2.1177002537969263	0.46499108742219125	(4, 0.914)	1	1	1
r5i1281p1f1	1990-08-12	5	1.147	1.238	1.259	2.6263953505271127	2.7131072538530865	(5, 1.147)	0	3	3
r5i1281p1f1	1991-06-11	4	1.629	1.92	2.935	2.6413404356298273	3.1978564576441255	(4, 1.629)	2	0	0
r5i1281p1f1	1991-07-24	4	1.092	1.21	0.789	2.275830355685226	1.989516834151849	(4, 1.092)	1	1	1
r5i1281p1f1	1992-07-04	3	1.026	1.104	0.393	1.8454980658277378	1.1125440895812542	(3, 1.026)	1	1	1
r5i1281p1f1	1992-07-31	7	1.035	1.178	0.978	3.0041204070230285	2.9503589727190116	(7, 1.035)	1	1	1
r5i1281p1f1	1993-06-01	4	1.28	1.401	1.538	2.419478844465545	2.5880647418906264	(4, 1.28)	0	3	3
r5i1281p1f1	1993-07-07	7	1.076	1.228	1.265	3.0410783648950126	3.1957352494833025	(7, 1.076)	1	3	2
r5i1281p1f1	1996-08-24	3	0.942	0.956	0.14	1.7740664640856596	0.5466528967733287	(3, 0.942)	1	1	1
r5i1281p1f1	1998-08-15	3	1.207	1.389	0.937	1.9839977994098914	1.769649301018946	(3, 1.207)	0	3	3
r5i1281p1f1	1999-06-22	7	1.226	1.458	2.319	3.1657213364407006	3.783018062271395	(7, 1.226)	0	0	2
r5i1281p1f1	1999-07-30	3	1.2	1.258	0.915	1.9789832829743619	1.7499785892171698	(3, 1.2)	0	3	3
r5i1281p1f1	2000-07-15	3	0.979	1.046	0.252	1.8061608073299462	0.8370009185973868	(3, 0.979)	1	1	1
r5i1281p1f1	2001-06-13	3	1.112	1.229	0.651	1.913699997788122	1.4776638838106866	(3, 1.112)	1	1	3
r5i1281p1f1	2002-07-26	10	1.268	1.615	3.732	3.715951690005705	4.779259637435772	(10, 1.268)	2	2	4
r5i1281p1f1	2004-06-01	6	1.519	1.821	3.746	3.1495107204994373	4.0263285609205415	(6, 1.519)	2	0	0
r5i1281p1f1	2004-06-27	5	1.274	1.74	1.897	2.724169780877845	3.100502329421088	(5, 1.274)	0	0	0
r5i1281p1f1	2004-07-11	10	1.04	1.556	1.454	3.523051752714316	3.849711702014232	(10, 1.04)	0	3	2
r5i1281p1f1	2004-07-23	4	1.047	1.154	0.609	2.238153232834657	1.7701952913122145	(4, 1.047)	1	1	1
r5i1281p1f1	2006-06-28	5	0.941	1.066	0.228	2.444145402913586	1.2666989794420151	(5, 0.941)	1	1	1
r5i1281p1f1	2009-05-31	6	0.983	1.077	0.529	2.737420668647765	2.1718703520043596	(6, 0.983)	1	1	1
r5i1281p1f1	2009-06-12	5	1.331	1.586	2.177	2.76512546568698	3.2323683868869586	(5, 1.331)	0	0	0
r5i1301p1f1	1853-06-25	13	1.188	1.443	3.658	4.037494346147856	5.150155963039289	(13, 1.188)	2	2	4
r5i1301p1f1	1853-07-17	3	1.129	1.232	0.666	1.926648119458506	1.4952916960686962	(3, 1.129)	1	3	3
r5i1301p1f1	1854-06-08	3	1.028	1.164	0.362	1.8471381497189576	1.0581399472550679	(3, 1.028)	1	1	1
r5i1301p1f1	1854-06-20	6	1.192	1.333	1.708	2.918783766920111	3.2620261486721263	(6, 1.192)	0	3	3
r5i1301p1f1	1854-07-08	8	1.233	1.577	2.612	3.363827932689292	4.096056649076228	(8, 1.233)	2	0	0
r5i1301p1f1	1854-08-09	3	1.263	1.334	1.069	2.023233625810394	1.8801803570932276	(3, 1.263)	0	3	3
r5i1301p1f1	1854-08-14	3	0.967	0.986	0.18	1.7958642651405032	0.6602661955601928	(3, 0.967)	1	1	1
r5i1301p1f1	1854-08-20	4	1.034	1.217	0.51	2.2269991060374505	1.6253112615903906	(4, 1.034)	1	1	1
r5i1301p1f1	1854-08-27	3	1.028	1.061	0.364	1.8471381497189576	1.061740634693605	(3, 1.028)	1	1	1
r5i1301p1f1	1855-06-05	3	1.047	1.141	0.422	1.8625862382302412	1.1608908587834577	(3, 1.047)	1	1	1
r5i1301p1f1	1856-06-04	8	1.357	1.588	3.599	3.4564871668621238	4.412023129653938	(8, 1.357)	2	0	0
r5i1301p1f1	1859-07-01	7	1.224	1.47	2.222	3.164157608259382	3.7412825099305103	(7, 1.224)	0	0	2
r5i1301p1f1	1859-07-27	9	1.108	1.268	1.811	3.431273849244625	3.909960880709698	(9, 1.108)	0	3	2
r5i1301p1f1	1859-08-12	9	1.316	2.007	3.684	3.5981885888294327	4.609839268836354	(9, 1.316)	2	2	4
r5i1301p1f1	1860-07-11	15	1.353	1.696	6.697	4.377041693113662	5.966301963084204	(15, 1.353)	2	2	4
r5i1301p1f1	1860-08-11	7	1.165	1.391	1.806	3.11689191059157	3.5394389826568324	(7, 1.165)	0	3	2
r5i1301p1f1	1861-06-09	4	1.063	1.194	0.626	2.251712762620289	1.7930919144618336	(4, 1.063)	1	1	1
r5i1301p1f1	1864-06-23	5	1.328	1.505	2.107	2.76301121464842	3.2009959744839307	(5, 1.328)	0	0	0
r5i1301p1f1	1865-07-09	7	0.998	1.119	0.642	2.9695535134720257	2.556452312833384	(7, 0.998)	1	1	1
r5i1301p1f1	1865-08-06	5	1.19	1.351	1.416	2.660581476076026	2.8232438891087424	(5, 1.19)	0	3	3
r5i1301p1f1	1867-06-01	3	0.931	0.972	0.073	1.7643228207421962	0.3215899910789417	(3, 0.931)	1	1	1
r5i1301p1f1	1868-06-04	3	1.138	1.289	0.693	1.9334357313176844	1.5262592457129922	(3, 1.138)	1	3	3
r5i1301p1f1	1868-08-22	5	1.061	1.165	0.77	2.5543037100735937	2.2626857678266235	(5, 1.061)	1	1	1
r5i1301p1f1	1869-08-04	3	1.06	1.12	0.458	1.8730201376660125	1.2178277230180439	(3, 1.06)	1	1	1
r5i1301p1f1	1870-06-28	3	0.99	1.063	0.249	1.8155070660787613	0.8302281206292933	(3, 0.99)	1	1	1
r5i1301p1f1	1870-07-17	3	1.055	1.132	0.446	1.8690199726127856	1.1992066584340162	(3, 1.055)	1	1	1
r5i1301p1f1	1871-07-02	3	1.054	1.081	0.443	1.8682180158529837	1.1944967045549193	(3, 1.054)	1	1	1
r5i1301p1f1	1871-07-19	5	1.05	1.227	0.717	2.5446961686401695	2.199034460657382	(5, 1.05)	1	1	1
r5i1301p1f1	1871-08-08	5	1.139	1.317	1.161	2.6199041538439554	2.6376545325400946	(5, 1.139)	0	3	3
r5i1301p1f1	1874-07-14	5	1.158	1.46	1.257	2.635252499687377	2.7116229604290782	(5, 1.158)	0	3	3
r5i1301p1f1	1874-08-24	4	1.086	1.247	0.716	2.2708880062507912	1.9062779226706468	(4, 1.086)	1	1	3
r5i1301p1f1	1875-06-27	4	1.053	1.16	0.586	2.243259626909231	1.7383586925009398	(4, 1.053)	1	1	1
r5i1301p1f1	1877-06-02	4	1.156	1.266	0.995	2.327082564594433	2.192770226986839	(4, 1.156)	0	3	3
r5i1301p1f1	1879-07-27	3	1.001	1.072	0.281	1.82476678051635	0.9002096539729642	(3, 1.001)	1	1	1
r5i1301p1f1	1880-06-20	3	0.937	0.961	0.09	1.769649301018946	0.3836650154753524	(3, 0.937)	1	1	1
r5i1301p1f1	1882-07-13	12	1.37	1.708	5.558	4.059577645758443	5.446917188788016	(12, 1.37)	2	2	4
r5i1301p1f1	1883-06-08	4	1.211	1.252	1.217	2.36912161679429	2.373602580229326	(4, 1.211)	0	3	3
r5i1301p1f1	1883-06-27	6	1.097	1.144	1.139	2.840395811039178	2.8758114301617943	(6, 1.097)	1	3	1
r5i1301p1f1	1883-08-11	12	1.291	1.624	4.609	4.0012394235913655	5.260576724624958	(12, 1.291)	2	2	4
r5i1301p1f1	1888-07-13	5	1.366	1.809	2.297	2.789466997288098	3.2839607237736916	(5, 1.366)	0	0	0
r5i1301p1f1	1888-07-28	4	1.029	1.116	0.49	2.2226757097657437	1.5933085305042167	(4, 1.029)	1	1	1
r5i1301p1f1	1889-06-22	10	1.626	2.053	7.194	3.959262153190168	5.431511067228298	(10, 1.626)	2	2	4
r5i1301p1f1	1893-07-18	3	1.228	1.345	0.963	1.9988922189911715	1.7924083891450562	(3, 1.228)	0	3	3
r5i1301p1f1	1897-06-17	3	1.106	1.256	0.599	1.9090897475184052	1.4140299735257975	(3, 1.106)	1	1	3
r5i1301p1f1	1897-06-25	3	1.096	1.15	0.568	1.901358448189443	1.3740736353341576	(3, 1.096)	1	1	1
r5i1301p1f1	1897-08-04	13	1.234	1.578	4.25	4.074826205054226	5.299350372660382	(13, 1.234)	2	2	4
r5i1301p1f1	1897-08-26	3	1.059	1.127	0.457	1.8722213837369455	1.21628914303618	(3, 1.059)	1	1	1
r5i1301p1f1	1899-06-04	3	0.999	1.01	0.276	1.8230895610787659	0.88959271796353	(3, 0.999)	1	1	1
r5i1301p1f1	1899-06-28	3	1.101	1.225	0.582	1.90523156945898	1.392316369876498	(3, 1.101)	1	1	1
r5i1301p1f1	1899-08-11	8	1.387	1.804	3.843	3.477671494891084	4.476849917817773	(8, 1.387)	2	0	0
r5i1301p1f1	1900-07-30	5	1.087	1.196	0.9	2.576652109103335	2.4035434643043256	(5, 1.087)	1	3	1
r5i1301p1f1	1900-08-14	4	1.209	1.463	1.21	2.367623489173268	2.3683728335320486	(4, 1.209)	0	3	3
r5i1301p1f1	1901-05-31	4	1.207	1.308	1.202	2.366123113798033	2.3623622970299065	(4, 1.207)	0	3	3
r5i1301p1f1	1904-06-10	5	1.011	1.078	0.52	2.5098694393944645	1.9189465540262531	(5, 1.011)	1	1	1
r5i1301p1f1	1906-07-18	4	1.217	1.309	1.242	2.373602580229326	2.3920600994216485	(4, 1.217)	0	3	3
r5i1301p1f1	1907-05-30	5	1.164	1.379	1.286	2.6400508094541792	2.7329325254733114	(5, 1.164)	0	3	3
r5i1301p1f1	1907-07-11	3	0.981	1.028	0.221	1.8078666372859462	0.7646999592153298	(3, 0.981)	1	1	1
r5i1301p1f1	1908-06-16	5	1.015	1.129	0.539	2.5134977497990874	1.9496464744846287	(5, 1.015)	1	1	1
r5i1301p1f1	1911-07-02	5	1.069	1.235	0.81	2.5612334882965984	2.3081769602092033	(5, 1.069)	1	1	1
r5i1301p1f1	1911-08-03	6	1.137	1.226	1.379	2.874153111891285	3.057160249385185	(6, 1.137)	0	3	3
r5i1301p1f1	1911-08-14	3	1.022	1.085	0.345	1.8422098062945378	1.0269990533939195	(3, 1.022)	1	1	1
r5i1301p1f1	1912-05-31	4	0.972	1.033	0.26	2.172020722972929	1.1249295969854831	(4, 0.972)	1	1	1
r5i1301p1f1	1912-07-20	3	1.045	1.12	0.414	1.8609713161181207	1.1477855867341364	(3, 1.045)	1	1	1
r5i1301p1f1	1912-07-25	5	0.99	1.032	0.418	2.4906017757796937	1.7357854254463077	(5, 0.99)	1	1	1
r5i1301p1f1	1915-07-21	5	1.235	1.434	1.642	2.6951486502583273	2.963111871300977	(5, 1.235)	0	3	3
r5i1301p1f1	1917-07-21	3	1.197	1.398	0.869	1.9768264829675917	1.7075544154332227	(3, 1.197)	0	3	3
r5i1301p1f1	1917-08-11	5	1.045	1.206	0.689	2.540298402618647	2.163696999687531	(5, 1.045)	1	1	1
r5i1301p1f1	1921-06-11	12	1.134	1.431	2.732	3.874102937468001	4.741160741709313	(12, 1.134)	2	2	2
r5i1301p1f1	1922-07-25	4	1.194	1.389	1.148	2.3563154154150134	2.3208178612551054	(4, 1.194)	0	3	3
r5i1301p1f1	1922-08-16	3	1.048	1.206	0.423	1.8633927223480167	1.162517007371878	(3, 1.048)	1	1	1
r5i1301p1f1	1924-06-17	5	1.007	1.069	0.503	2.506227916399523	1.8906557813803269	(5, 1.007)	1	1	1
r5i1301p1f1	1926-08-17	4	1.107	1.171	0.801	2.2880804067911638	2.0025604973438784	(4, 1.107)	1	1	1
r5i1301p1f1	1927-06-26	4	1.042	1.116	0.539	2.233877894984255	1.6699684121741327	(4, 1.042)	1	1	1
r5i1301p1f1	1927-08-07	5	1.22	1.331	1.565	2.683758510086538	2.917621095156035	(5, 1.22)	0	3	3
r5i1301p1f1	1928-07-26	8	1.245	1.547	2.703	3.3731796642506917	4.129742402909854	(8, 1.245)	2	0	0
r5i1301p1f1	1929-06-06	4	1.111	1.311	0.815	2.291321900715335	2.017566137961748	(4, 1.111)	1	3	3
r5i1301p1f1	1931-06-27	4	1.011	1.104	0.416	2.2069548619787955	1.4651055415441803	(4, 1.011)	1	1	1
r5i1301p1f1	1933-06-02	5	1.057	1.189	0.75	2.5508207291837395	2.239139831696678	(5, 1.057)	1	1	1
r5i1301p1f1	1933-07-08	3	1.119	1.272	0.635	1.9190518967353905	1.4585119449264208	(3, 1.119)	1	3	3
r5i1301p1f1	1933-07-14	5	1.46	1.857	2.766	2.852052198869197	3.4633837677233132	(5, 1.46)	2	0	0
r5i1301p1f1	1933-08-27	3	1.035	1.179	0.384	1.8528573527641976	1.0970519153584024	(3, 1.035)	1	1	1
r5i1301p1f1	1935-06-15	5	1.257	1.649	1.75	2.7116229604290782	3.0236195243432946	(5, 1.257)	0	0	0
r5i1301p1f1	1935-07-11	5	1.234	1.303	1.634	2.694393330535566	2.9584807398545956	(5, 1.234)	0	3	3
r5i1301p1f1	1936-07-30	9	1.057	1.317	1.351	3.3857114241267077	3.6237274114772	(9, 1.057)	0	3	2
r5i1301p1f1	1936-08-26	6	1.072	1.212	0.993	2.8187037653650844	2.7468900652995654	(6, 1.072)	1	3	1
r5i1301p1f1	1937-06-13	4	1.227	1.506	1.281	2.381026519300608	2.420190335068309	(4, 1.227)	0	3	3
r5i1301p1f1	1939-06-02	3	1.251	1.351	1.031	2.014954576654025	1.8495932430423958	(3, 1.251)	0	3	3
r5i1301p1f1	1939-07-27	5	1.085	1.273	0.892	2.5749506221231435	2.395425241111921	(5, 1.085)	1	3	3
r5i1301p1f1	1940-07-10	3	1.082	1.232	0.525	1.8904332164023727	1.3158665378822105	(3, 1.082)	1	1	1
r5i1301p1f1	1941-07-29	3	1.14	1.212	0.7	1.9349378532458654	1.5341337442388472	(3, 1.14)	1	3	3
r5i1301p1f1	1943-07-13	3	1.327	1.49	1.26	2.0662669193286147	2.021170280523964	(3, 1.327)	0	0	0
r5i1301p1f1	1944-06-08	3	0.955	0.981	0.145	1.7854606002200222	0.5615807711150981	(3, 0.955)	1	1	1
r5i1301p1f1	1944-08-05	3	1.045	1.158	0.415	1.8609713161181207	1.1494331690364237	(3, 1.045)	1	1	1
r5i1301p1f1	1944-08-15	5	0.981	1.033	0.371	2.482229187719702	1.638590049136696	(5, 0.981)	1	1	1
r5i1301p1f1	1945-06-11	4	1.072	1.126	0.659	2.259259968255672	1.8360952830481068	(4, 1.072)	1	1	1
r5i1301p1f1	1950-06-08	3	1.131	1.223	0.672	1.9281604641562224	1.502256724370767	(3, 1.131)	1	1	3
r5i1301p1f1	1950-07-09	9	1.349	1.793	3.983	3.622285488663952	4.6871279817861105	(9, 1.349)	2	2	4
r5i1301p1f1	1950-07-28	3	0.945	0.99	0.116	1.776707426721953	0.471723200581372	(3, 0.945)	1	1	1
r5i1301p1f1	1951-06-21	8	1.199	1.518	2.338	3.3368463267051403	3.9871842972691267	(8, 1.199)	0	0	2
r5i1301p1f1	1953-06-18	3	1.075	1.227	0.505	1.8849255117711192	1.2875941092124685	(3, 1.075)	1	1	1
r5i1301p1f1	1953-08-19	3	1.043	1.081	0.407	1.8593537818135162	1.136175871860684	(3, 1.043)	1	1	1
r5i1301p1f1	1955-07-09	4	1.544	1.921	2.547	2.591666186359534	3.0622687973542355	(4, 1.544)	2	0	0
r5i1301p1f1	1955-07-15	4	1.218	1.477	1.246	2.3743474592209366	2.394981942260013	(4, 1.218)	0	3	3
r5i1301p1f1	1955-08-16	10	1.296	1.758	3.893	3.737267596430607	4.8211478782346004	(10, 1.296)	2	2	4
r5i1301p1f1	1956-06-17	7	1.204	1.558	2.083	3.1483843474457704	3.678265824959558	(7, 1.204)	0	0	0
r5i1301p1f1	1956-07-18	3	1.195	1.34	0.865	1.9753860276277764	1.7037788673537406	(3, 1.195)	0	3	3
r5i1301p1f1	1956-07-28	3	1.062	1.206	0.466	1.8746157340449257	1.2300518784506422	(3, 1.062)	1	1	1
r5i1301p1f1	1959-08-21	3	0.975	0.999	0.204	1.8027403929532473	0.7227133100718068	(3, 0.975)	1	1	1
r5i1301p1f1	1961-06-11	3	0.987	1.064	0.241	1.8129667372033864	0.811939810347864	(3, 0.987)	1	1	1
r5i1301p1f1	1961-08-22	4	1.111	1.257	0.815	2.291321900715335	2.017566137961748	(4, 1.111)	1	3	3
r5i1301p1f1	1962-07-03	3	1.131	1.204	0.673	1.9281604641562224	1.5034128605724522	(3, 1.131)	1	1	3
r5i1301p1f1	1962-07-27	4	1.212	1.294	1.221	2.369869839799642	2.376578772902372	(4, 1.212)	0	3	3
r5i1301p1f1	1963-06-22	4	1.163	1.305	1.023	2.332532169361998	2.2174628395772107	(4, 1.163)	0	3	3
r5i1301p1f1	1963-08-04	5	1.228	1.53	1.607	2.689849392175427	2.9426904091617625	(5, 1.228)	0	0	0
r5i1301p1f1	1964-06-19	4	1.365	1.507	1.831	2.4782176616372036	2.7503431132924616	(4, 1.365)	0	0	0
r5i1301p1f1	1966-07-24	3	1.034	1.2	0.383	1.8520423236413943	1.0953156533644401	(3, 1.034)	1	1	1
r5i1301p1f1	1967-06-17	4	1.242	1.433	1.342	2.3920600994216485	2.462661040840681	(4, 1.242)	0	3	3
r5i1301p1f1	1969-08-07	6	0.933	0.959	0.159	2.688680043724249	1.2050162241586257	(6, 0.933)	1	1	1
r5i1301p1f1	1971-06-01	3	1.21	1.311	0.909	1.986139204138294	1.7445460080509814	(3, 1.21)	0	3	3
r5i1301p1f1	1972-06-20	3	0.998	1.077	0.273	1.8222498952796893	0.8831680263634194	(3, 0.998)	1	1	1
r5i1301p1f1	1972-06-29	6	1.445	1.626	3.226	3.101760989063421	3.8797543982824263	(6, 1.445)	2	0	0
r5i1301p1f1	1973-06-06	3	1.171	1.253	0.792	1.9579367511104981	1.6322463547550794	(3, 1.171)	1	3	3
r5i1301p1f1	1973-07-20	7	1.342	1.455	3.047	3.2524725923260003	4.050588227039383	(7, 1.342)	2	0	0
r5i1301p1f1	1975-07-23	8	1.029	1.285	0.977	3.189801723285829	3.1401350136636017	(8, 1.029)	1	3	2
r5i1301p1f1	1975-08-07	3	1.133	1.219	0.679	1.9296705251208113	1.5103217479538902	(3, 1.133)	1	1	3
r5i1301p1f1	1978-06-26	9	1.064	1.316	1.415	3.392089362631428	3.6688042896828854	(9, 1.064)	0	3	2
r5i1301p1f1	1978-08-03	5	1.42	1.695	2.567	2.8258973911598266	3.3911447727828317	(5, 1.42)	0	0	0
r5i1301p1f1	1978-08-20	4	1.056	1.093	0.596	2.245803078895061	1.7523253999826478	(4, 1.056)	1	1	1
r5i1301p1f1	1979-05-30	8	1.324	1.997	3.338	3.432654061577535	4.337686975252273	(8, 1.324)	2	0	0
r5i1301p1f1	1979-06-11	6	1.305	1.594	2.39	3.0046674698270235	3.5870040503787815	(6, 1.305)	0	0	0
r5i1301p1f1	1979-06-23	7	1.65	2.04	5.201	3.451840673532374	4.578044262110391	(7, 1.65)	2	2	4
r5i1301p1f1	1979-08-12	6	1.081	1.257	1.047	2.826567217503135	2.7965307217371977	(6, 1.081)	1	3	3
r5i1301p1f1	1979-08-20	6	1.197	1.466	1.743	2.9227440383276013	3.281541232699843	(6, 1.197)	0	3	3
r5i1301p1f1	1981-06-07	6	1.024	1.128	0.703	2.775687975816727	2.4276259698026257	(6, 1.024)	1	1	1
r5i1301p1f1	1984-06-28	3	1.255	1.424	1.043	2.0177218825479337	1.8593537818135162	(3, 1.255)	0	3	3
r5i1301p1f1	1984-08-12	3	1.014	1.104	0.321	1.8356006704133423	0.9813159824230566	(3, 1.014)	1	1	1
r5i1301p1f1	1984-08-30	3	1.054	1.082	0.442	1.8682180158529837	1.192921777292329	(3, 1.054)	1	1	1
r5i1301p1f1	1985-07-09	8	1.31	1.772	3.222	3.422368884279035	4.302787758400627	(8, 1.31)	2	0	0
r5i1301p1f1	1987-06-13	3	1.033	1.096	0.379	1.85122662970424	1.0883403013850155	(3, 1.033)	1	1	1
r5i1301p1f1	1987-06-21	4	1.15	1.238	0.974	2.322387720290225	2.17384221710132	(4, 1.15)	1	3	3
r5i1301p1f1	1987-07-29	3	0.966	0.997	0.177	1.7950014151602462	0.6521788101288601	(3, 0.966)	1	1	1
r5i1301p1f1	1989-06-19	8	1.128	1.376	1.768	3.2780396672759706	3.7137006743464323	(8, 1.128)	0	3	2
r5i1301p1f1	1990-07-15	4	1.036	1.121	0.518	2.2287232443955904	1.6378309869353183	(4, 1.036)	1	1	1
r5i1301p1f1	1991-06-02	8	1.05	1.18	1.145	3.2091804905545187	3.292438225409867	(8, 1.05)	1	3	2
r5i1301p1f1	1994-07-17	8	1.088	1.179	1.45	3.2433198092376583	3.5207493598776045	(8, 1.088)	1	3	2
r5i1301p1f1	1995-07-03	5	0.973	1.068	0.329	2.4747275775790096	1.5429415983071706	(5, 0.973)	1	1	1
r5i1301p1f1	1996-06-03	5	1.166	1.456	1.296	2.641645143251329	2.7401766099921643	(5, 1.166)	0	3	3
r5i1301p1f1	1996-07-08	4	1.305	1.564	1.593	2.437115985951652	2.6206023652418997	(4, 1.305)	0	0	0
r5i1301p1f1	2000-08-17	4	1.381	1.704	1.895	2.488898671057538	2.7825390530929495	(4, 1.381)	0	0	0
r5i1301p1f1	2002-07-13	4	1.204	1.263	1.19	2.363868321410944	2.3532782073095637	(4, 1.204)	0	3	3
r5i1301p1f1	2003-06-10	3	1.032	1.051	0.376	1.8504102698672793	1.0830766704452057	(3, 1.032)	1	1	1
r5i1301p1f1	2004-07-30	4	1.291	1.546	1.538	2.427277536951364	2.5880647418906264	(4, 1.291)	0	0	0
r5i1301p1f1	2004-08-16	5	0.995	1.082	0.439	2.4952231007448065	1.7763360051885835	(5, 0.995)	1	1	1
r5i1301p1f1	2006-07-23	3	1.053	1.23	0.439	1.8674154154423224	1.1881820582135112	(3, 1.053)	1	1	1
r5i1301p1f1	2007-07-14	4	1.093	1.233	0.743	2.276651710967541	1.937877977358049	(4, 1.093)	1	1	3
r5i1301p1f1	2009-07-17	11	1.13	1.265	2.46	3.743027764983358	4.50808496683031	(11, 1.13)	0	3	2
r5i1301p1f1	2009-08-10	8	1.085	1.165	1.429	3.2406665703430306	3.5065952633248174	(8, 1.085)	1	3	2
r5i1301p1f1	2010-07-03	4	1.095	1.264	0.752	2.278292400425001	1.948193255069882	(4, 1.095)	1	3	3
r6i1101p1f1	1851-06-07	4	1.047	1.141	0.583	2.238153232834657	1.7341303563914185	(4, 1.047)	1	1	1
r6i1101p1f1	1854-07-23	3	1.186	1.244	0.854	1.968878177611425	1.693322002202941	(3, 1.186)	1	3	3
r6i1101p1f1	1854-08-13	9	1.192	1.477	2.616	3.502067832047117	4.27154190149861	(9, 1.192)	2	0	2
r6i1101p1f1	1859-08-26	3	1.201	1.275	0.898	1.9797011838168412	1.734508970370274	(3, 1.201)	0	3	3
r6i1101p1f1	1860-05-29	8	1.136	1.414	1.873	3.2848412915480587	3.7700250619201654	(8, 1.136)	0	3	2
r6i1101p1f1	1860-07-20	10	1.176	1.263	2.746	3.6425314192118465	4.475473085042754	(10, 1.176)	0	3	2
r6i1101p1f1	1860-08-03	3	1.067	1.158	0.498	1.878593621977004	1.277506842909921	(3, 1.067)	1	1	1
r6i1101p1f1	1860-08-09	9	1.105	1.44	1.837	3.428650408443456	3.9239318132522825	(9, 1.105)	0	3	2
r6i1101p1f1	1861-06-13	7	1.152	1.401	1.755	3.1061701135172544	3.511636624417623	(7, 1.152)	0	3	2
r6i1101p1f1	1863-07-20	3	1.052	1.139	0.453	1.866612170346783	1.2101110409918319	(3, 1.052)	1	1	1
r6i1101p1f1	1865-06-04	3	1.047	1.061	0.436	1.8625862382302412	1.1834197671705207	(3, 1.047)	1	1	1
r6i1101p1f1	1865-07-16	3	1.072	1.187	0.511	1.8825557489911475	1.2961600824001045	(3, 1.072)	1	1	1
r6i1101p1f1	1865-08-11	4	1.109	1.261	0.829	2.289702467163032	2.0323499341459854	(4, 1.109)	1	3	3
r6i1101p1f1	1868-05-30	5	1.339	1.448	2.189	2.770741711900932	3.237649060315881	(5, 1.339)	0	0	0
r6i1101p1f1	1870-08-03	5	1.042	1.169	0.701	2.5376504295990374	2.1789947820864826	(5, 1.042)	1	1	1
r6i1101p1f1	1871-05-30	6	1.57	1.916	4.014	3.181140452533803	4.094236405793239	(6, 1.57)	2	0	0
r6i1101p1f1	1871-08-12	3	0.969	1.059	0.204	1.7975877347776366	0.7227133100718068	(3, 0.969)	1	1	1
r6i1101p1f1	1872-06-23	5	1.167	1.462	1.33	2.642441357949358	2.7644212118971057	(5, 1.167)	0	3	3
r6i1101p1f1	1872-08-17	4	1.025	1.083	0.496	2.2192034840549946	1.6030173446311777	(4, 1.025)	1	1	1
r6i1101p1f1	1873-06-17	3	1.034	1.119	0.399	1.8520423236413943	1.1227404547234454	(3, 1.034)	1	1	1
r6i1101p1f1	1873-07-30	4	0.977	1.066	0.301	2.1765682524105587	1.2261256089670693	(4, 0.977)	1	1	1
r6i1101p1f1	1873-08-06	4	1.057	1.218	0.624	2.2466494606637424	1.7904252462149184	(4, 1.057)	1	1	1
r6i1101p1f1	1874-06-19	3	1.048	1.178	0.439	1.8633927223480167	1.1881820582135112	(3, 1.048)	1	1	1
r6i1101p1f1	1874-07-04	3	1.039	1.21	0.412	1.8561108427283792	1.1444822561168142	(3, 1.039)	1	1	1
r6i1101p1f1	1878-07-23	4	1.201	1.287	1.2	2.361608433443507	2.3608540011180215	(4, 1.201)	0	3	3
r6i1101p1f1	1878-08-10	4	1.121	1.249	0.878	2.2993799620450974	2.0824370506596344	(4, 1.121)	1	3	3
r6i1101p1f1	1879-07-19	3	1.209	1.273	0.922	1.9854259119535547	1.7562795231871666	(3, 1.209)	0	3	3
r6i1101p1f1	1883-06-18	3	1.103	1.239	0.605	1.9067766274057756	1.421582403309789	(3, 1.103)	1	1	3
r6i1101p1f1	1883-06-28	5	1.092	1.432	0.954	2.5808932036141434	2.456682421627354	(5, 1.092)	0	3	3
r6i1101p1f1	1883-07-14	3	1.195	1.342	0.881	1.9753860276277764	1.7187962772257745	(3, 1.195)	0	3	3
r6i1101p1f1	1883-08-17	4	1.094	1.317	0.772	2.2774723921789706	1.970742124756495	(4, 1.094)	1	3	3
r6i1101p1f1	1885-06-13	3	0.93	0.951	0.087	1.7634323091555903	0.3729868608302447	(3, 0.93)	1	1	1
r6i1101p1f1	1885-08-16	4	1.205	1.474	1.215	2.3646204839134985	2.372111155642656	(4, 1.205)	0	3	3
r6i1101p1f1	1886-07-28	3	1.197	1.429	0.887	1.9768264829675917	1.7243701682880426	(3, 1.197)	0	3	3
r6i1101p1f1	1887-06-11	5	1.025	1.085	0.617	2.5225113451220658	2.066643711507374	(5, 1.025)	1	1	1
r6i1101p1f1	1889-06-19	3	1.484	1.615	1.749	2.1645969489671297	2.311353595794552	(3, 1.484)	0	0	0
r6i1101p1f1	1889-08-17	3	1.22	1.322	0.957	1.993244281711825	1.7872020781678604	(3, 1.22)	0	3	3
r6i1101p1f1	1889-08-23	5	0.925	1.017	0.12	2.428496285142698	0.8508518744621021	(5, 0.925)	1	1	1
r6i1101p1f1	1891-08-02	4	1.403	1.65	2.007	2.5034012324241646	2.836502047983434	(4, 1.403)	0	0	0
r6i1101p1f1	1892-07-09	7	1.049	1.254	1.034	3.0168943624979687	3.0032017072223884	(7, 1.049)	1	3	2
r6i1101p1f1	1892-08-17	7	1.036	1.22	0.942	3.0050382635889656	2.914852106505384	(7, 1.036)	1	3	1
r6i1101p1f1	1897-06-16	5	1.219	1.544	1.59	2.682994534677954	2.9326188922153533	(5, 1.219)	0	0	0
r6i1101p1f1	1900-08-19	4	1.39	1.603	1.956	2.4948569806411682	2.8122900890913334	(4, 1.39)	0	0	0
r6i1101p1f1	1901-07-03	3	1.095	1.191	0.581	1.9005820205481774	1.3910242967152038	(3, 1.095)	1	1	1
r6i1101p1f1	1901-07-28	3	0.93	0.969	0.085	1.7634323091555903	0.3658042142010592	(3, 0.93)	1	1	1
r6i1101p1f1	1901-08-07	5	1.501	1.798	2.997	2.8781692858116847	3.5411760728016715	(5, 1.501)	2	0	0
r6i1101p1f1	1901-08-30	3	0.913	0.937	0.034	1.748171006061704	0.16268772026803302	(3, 0.913)	1	1	1
r6i1101p1f1	1902-06-04	5	1.154	1.353	1.261	2.6320407875973544	2.7145893474149636	(5, 1.154)	0	3	3
r6i1101p1f1	1902-08-01	3	1.035	1.114	0.402	1.8528573527641976	1.127799913270613	(3, 1.035)	1	1	1
r6i1101p1f1	1903-07-15	3	1.13	1.249	0.687	1.9274045777056474	1.519459968127892	(3, 1.13)	1	3	3
r6i1101p1f1	1905-06-25	9	1.283	1.49	3.436	3.5734966605703717	4.540866303987271	(9, 1.283)	2	2	0
r6i1101p1f1	1905-08-19	3	0.992	1.114	0.273	1.8171970405807354	0.8831680263634194	(3, 0.992)	1	1	1
r6i1101p1f1	1906-08-05	3	1.107	1.194	0.617	1.9098596000764794	1.4365182695604304	(3, 1.107)	1	1	1
r6i1101p1f1	1909-07-04	10	1.279	1.562	3.779	3.724380065722425	4.791670273697444	(10, 1.279)	2	2	4
r6i1101p1f1	1909-07-21	6	1.152	1.445	1.506	2.886523981474272	3.141285644307438	(6, 1.152)	0	3	3
r6i1101p1f1	1909-08-06	3	1.057	1.126	0.467	1.8706219593034668	1.2315694443596583	(3, 1.057)	1	1	1
r6i1101p1f1	1911-06-01	12	1.163	1.281	3.144	3.898836487009571	4.880478207698783	(12, 1.163)	2	2	2
r6i1101p1f1	1911-07-03	8	1.197	1.406	2.368	3.335236272114489	3.9996990913883277	(8, 1.197)	0	3	2
r6i1101p1f1	1913-08-18	4	1.011	1.113	0.439	2.2069548619787955	1.5067405141957577	(4, 1.011)	1	1	1
r6i1101p1f1	1916-06-03	19	1.253	1.591	6.69	4.651789492205479	6.319075575924339	(19, 1.253)	2	2	4
r6i1101p1f1	1916-07-28	3	1.09	1.109	0.567	1.896690813917729	1.3727577592551778	(3, 1.09)	1	1	1
r6i1101p1f1	1919-07-12	5	1.168	1.231	1.335	2.6432369391938733	2.7679375315664663	(5, 1.168)	0	3	3
r6i1101p1f1	1922-06-02	5	1.21	1.431	1.543	2.6760923635947345	2.9042343623632667	(5, 1.21)	0	3	3
r6i1101p1f1	1922-06-13	4	1.134	1.264	0.931	2.309759296742046	2.1339297269639057	(4, 1.134)	1	3	3
r6i1101p1f1	1922-06-27	7	1.202	1.39	2.103	3.1467932507892873	3.687581238050552	(7, 1.202)	0	3	2
r6i1101p1f1	1922-08-13	8	1.174	1.377	2.184	3.3165318893182865	3.920353782413952	(8, 1.174)	0	3	2
r6i1101p1f1	1922-08-28	6	1.185	1.429	1.701	2.913212905343127	3.2580770114787296	(6, 1.185)	0	3	3
r6i1101p1f1	1923-07-15	6	1.024	1.219	0.734	2.775687975816727	2.4670441295798295	(6, 1.024)	1	1	1
r6i1101p1f1	1923-08-29	3	1.034	1.1	0.399	1.8520423236413943	1.1227404547234454	(3, 1.034)	1	1	1
r6i1101p1f1	1925-07-22	3	1.024	1.126	0.368	1.8438552876418735	1.0689033465903848	(3, 1.024)	1	1	1
r6i1101p1f1	1929-07-23	4	0.97	1.023	0.273	2.1701959049483	1.1581382679821366	(4, 0.97)	1	1	1
r6i1101p1f1	1929-08-02	3	1.057	1.111	0.467	1.8706219593034668	1.2315694443596583	(3, 1.057)	1	1	1
r6i1101p1f1	1930-06-10	4	1.036	1.152	0.539	2.2287232443955904	1.6699684121741327	(4, 1.036)	1	1	1
r6i1101p1f1	1930-08-25	3	1.058	1.141	0.469	1.871421991289987	1.2345976845847308	(3, 1.058)	1	1	1
r6i1101p1f1	1931-06-14	3	1.038	1.183	0.41	1.8552984620613318	1.1411679773309156	(3, 1.038)	1	1	1
r6i1101p1f1	1931-08-10	7	1.329	1.608	2.992	3.243116606494291	4.032692811841684	(7, 1.329)	2	0	0
r6i1101p1f1	1931-08-29	3	0.955	0.981	0.162	1.7854606002200222	0.6107306994734419	(3, 0.955)	1	1	1
r6i1101p1f1	1933-06-08	5	1.09	1.177	0.945	2.579198923624043	2.4480197147077707	(5, 1.09)	1	1	1
r6i1101p1f1	1934-06-29	4	1.268	1.51	1.468	2.4109012364775046	2.5450605726077473	(4, 1.268)	0	0	0
r6i1101p1f1	1935-08-20	4	1.161	1.315	1.038	2.3309781674952634	2.2304444152163634	(4, 1.161)	0	3	3
r6i1101p1f1	1936-06-06	5	1.243	1.531	1.707	2.701170757242802	2.9999653109939644	(5, 1.243)	0	0	0
r6i1101p1f1	1936-08-08	3	1.212	1.398	0.933	1.9875642639627233	1.7661014684078697	(3, 1.212)	0	3	3
r6i1101p1f1	1937-07-17	4	1.153	1.352	1.007	2.324737897635179	2.203427521460827	(4, 1.153)	0	3	3
r6i1101p1f1	1937-08-21	3	0.976	1.004	0.223	1.8035965939757768	0.7695256401133637	(3, 0.976)	1	1	1
r6i1101p1f1	1939-06-02	6	1.002	1.151	0.602	2.7553365260951383	2.2872233991346334	(6, 1.002)	1	1	1
r6i1101p1f1	1939-06-24	5	1.109	1.193	1.04	2.595179848575669	2.5358812107895417	(5, 1.109)	1	3	3
r6i1101p1f1	1940-05-31	9	1.455	1.722	4.987	3.6959791912291595	4.9100706671647565	(9, 1.455)	2	2	4
r6i1101p1f1	1941-06-26	9	1.471	1.768	5.13	3.7066456956578806	4.938136283280016	(9, 1.471)	2	2	4
r6i1101p1f1	1943-08-10	3	1.098	1.222	0.591	1.9029094972892788	1.4038705121021573	(3, 1.098)	1	1	1
r6i1101p1f1	1944-07-11	3	0.962	0.993	0.182	1.7915425508102527	0.6656216763465012	(3, 0.962)	1	1	1
r6i1101p1f1	1944-08-09	4	1.064	1.224	0.65	2.2525541593884806	1.8245492920510458	(4, 1.064)	1	1	1
r6i1101p1f1	1946-06-11	9	1.56	1.857	5.924	3.763986926600742	5.0810813314482886	(9, 1.56)	2	2	4
r6i1101p1f1	1946-07-04	5	1.211	1.366	1.547	2.6768616282974182	2.906681680920052	(5, 1.211)	0	3	3
r6i1101p1f1	1947-06-04	3	0.991	1.045	0.27	1.8163524103314332	0.8767017910517952	(3, 0.991)	1	1	1
r6i1101p1f1	1949-06-19	3	1.058	1.139	0.471	1.871421991289987	1.2376167822498452	(3, 1.058)	1	1	1
r6i1101p1f1	1951-07-29	6	1.044	1.206	0.858	2.7938366127765977	2.610802847216013	(6, 1.044)	1	1	1
r6i1101p1f1	1951-08-11	3	1.201	1.311	0.898	1.9797011838168412	1.734508970370274	(3, 1.201)	0	3	3
r6i1101p1f1	1951-08-17	4	1.118	1.345	0.869	2.29696935420841	2.073423469354273	(4, 1.118)	0	3	3
r6i1101p1f1	1952-06-25	8	1.06	1.292	1.269	3.218278126996317	3.391624782530296	(8, 1.06)	0	3	2
r6i1101p1f1	1952-07-07	6	1.464	1.96	3.373	3.1142402863779064	3.923413356665897	(6, 1.464)	2	0	0
r6i1101p1f1	1955-06-18	9	1.017	1.116	1.042	3.348464455009952	3.371905877026756	(9, 1.017)	1	1	2
r6i1101p1f1	1960-06-26	9	1.031	1.19	1.17	3.361659284814664	3.48400549284947	(9, 1.031)	1	3	2
r6i1101p1f1	1960-07-25	3	1.109	1.184	0.623	1.9113975294518544	1.443903372160198	(3, 1.109)	1	1	1
r6i1101p1f1	1962-07-01	4	1.019	1.074	0.471	2.213972434637442	1.5619269297630485	(4, 1.019)	1	1	1
r6i1101p1f1	1965-07-22	4	1.262	1.444	1.442	2.4065846830125306	2.52860450505372	(4, 1.262)	0	3	3
r6i1101p1f1	1965-08-13	3	0.95	0.971	0.147	1.7810935906961989	0.5674900791066536	(3, 0.95)	1	1	1
r6i1101p1f1	1967-06-14	5	1.017	1.121	0.577	2.5153069801743895	2.008355782758758	(5, 1.017)	1	1	1
r6i1101p1f1	1968-07-31	3	1.185	1.368	0.851	1.9681524618896862	1.6904510497143228	(3, 1.185)	0	3	3
r6i1101p1f1	1969-06-22	6	1.076	1.164	1.049	2.8222062689985936	2.798322770462232	(6, 1.076)	1	3	1
r6i1101p1f1	1969-07-03	5	1.268	1.412	1.835	2.719759444712057	3.0687932979072436	(5, 1.268)	0	3	3
r6i1101p1f1	1969-07-19	3	0.933	0.949	0.096	1.7661014684078697	0.4046852257988881	(3, 0.933)	1	1	1
r6i1101p1f1	1972-08-01	4	1.046	1.09	0.578	2.237299626295416	1.7270431545083638	(4, 1.046)	1	1	1
r6i1101p1f1	1973-06-03	10	1.251	1.38	3.492	3.7027846652148453	4.713367297738235	(10, 1.251)	2	2	2
r6i1101p1f1	1975-06-24	3	1.072	1.25	0.513	1.8825557489911475	1.2989991782744164	(3, 1.072)	1	1	1
r6i1101p1f1	1975-07-12	5	1.293	1.34	1.957	2.738008889368074	3.1302598955200343	(5, 1.293)	0	3	3
r6i1101p1f1	1977-07-15	6	1.095	1.251	1.162	2.8386776586406683	2.8946870163547627	(6, 1.095)	1	3	3
r6i1101p1f1	1978-06-28	6	1.127	1.325	1.353	2.865820017700442	3.0390291740981006	(6, 1.127)	0	3	3
r6i1101p1f1	1982-06-23	4	1.414	1.684	2.052	2.510574396536578	2.8573893239322463	(4, 1.414)	0	0	0
r6i1101p1f1	1982-07-26	3	0.977	1.057	0.227	1.8044520625451974	0.7791076972350053	(3, 0.977)	1	1	1
r6i1101p1f1	1983-07-19	4	0.957	1.034	0.223	2.158252722104126	1.0238887424721732	(4, 0.957)	1	1	1
r6i1101p1f1	1984-06-07	4	1.034	1.155	0.531	2.2269991060374505	1.657847051641788	(4, 1.034)	1	1	1
r6i1101p1f1	1984-06-22	5	1.064	1.19	0.814	2.556908007705628	2.3126142987982994	(5, 1.064)	1	1	1
r6i1101p1f1	1984-07-09	3	0.983	1.022	0.245	1.8095695623406716	0.82112577269258	(3, 0.983)	1	1	1
r6i1101p1f1	1985-06-16	4	1.136	1.247	0.94	2.3113465986626185	2.1424163408412245	(4, 1.136)	1	3	3
r6i1101p1f1	1986-07-10	4	1.071	1.2	0.68	2.2584241972082757	1.8625285401162623	(4, 1.071)	1	1	1
r6i1101p1f1	1987-08-07	4	1.141	1.348	0.958	2.3153038654018205	2.1591765096986895	(4, 1.141)	0	3	3
r6i1101p1f1	1988-08-09	4	1.094	1.253	0.77	2.2774723921789706	1.9685099809725544	(4, 1.094)	1	3	3
r6i1101p1f1	1989-07-13	5	1.346	1.61	2.222	2.7756301853340113	3.2520287519552844	(5, 1.346)	0	0	0
r6i1101p1f1	1990-06-02	7	1.531	1.742	4.407	3.379446428834913	4.4142370420273975	(7, 1.531)	2	0	0
r6i1101p1f1	1990-08-08	3	1.232	1.302	0.991	2.001704270299514	1.8163524103314332	(3, 1.232)	0	3	3
r6i1101p1f1	1990-08-16	5	1.17	1.465	1.345	2.6448262053484672	2.774933293376471	(5, 1.17)	0	3	3
r6i1101p1f1	1993-06-08	8	1.217	1.39	2.528	3.3512213416483436	4.063921611311505	(8, 1.217)	0	0	2
r6i1101p1f1	1996-08-01	6	1.159	1.245	1.546	2.8922450949548613	3.166380412607738	(6, 1.159)	0	3	3
r6i1101p1f1	1996-08-21	3	1.269	1.537	1.104	2.0273475879573266	1.907548262098765	(3, 1.269)	0	0	3
r6i1101p1f1	1997-06-23	3	1.157	1.215	0.766	1.947615601525812	1.6054806439239695	(3, 1.157)	1	3	3
r6i1101p1f1	1997-07-18	6	1.219	1.355	1.905	2.9399852855863786	3.367215404683885	(6, 1.219)	0	3	3
r6i1101p1f1	1999-05-31	4	1.25	1.385	1.394	2.3978952727983707	2.4974937652934717	(4, 1.25)	0	3	3
r6i1101p1f1	2000-06-11	5	1.046	1.256	0.724	2.5411795044115975	2.2076771009417993	(5, 1.046)	1	1	1
r6i1101p1f1	2001-06-06	10	1.143	1.693	2.414	3.614824694352379	4.348177444340227	(10, 1.143)	2	2	2
r6i1101p1f1	2001-07-06	3	1.135	1.285	0.702	1.9311783092390282	1.5363722585757391	(3, 1.135)	1	3	3
r6i1101p1f1	2001-07-24	5	0.956	1.008	0.272	2.458597318992776	1.396505165324087	(5, 0.956)	1	1	1
r6i1101p1f1	2001-08-07	4	1.002	1.109	0.403	2.199000776737475	1.4407825464039603	(4, 1.002)	1	1	1
r6i1101p1f1	2005-08-11	4	1.19	1.446	1.153	2.3532782073095637	2.324737897635179	(4, 1.19)	0	3	3
r6i1101p1f1	2006-06-22	7	1.361	1.488	3.219	3.2659911678983136	4.104570668448689	(7, 1.361)	2	0	0
r6i1101p1f1	2008-05-30	6	1.117	1.36	1.296	2.8574168991223767	2.9980911013251266	(6, 1.117)	0	3	3
r6i1101p1f1	2008-06-22	3	1.139	1.377	0.712	1.9341870743280345	1.547490277376993	(3, 1.139)	0	3	3
r6i1101p1f1	2008-07-26	4	1.129	1.23	0.91	2.305779983890565	2.1138429683971682	(4, 1.129)	1	3	3
r6i1101p1f1	2009-06-20	3	1.054	1.124	0.458	1.8682180158529837	1.2178277230180439	(3, 1.054)	1	1	1
r6i1101p1f1	2010-07-13	5	1.366	1.676	2.324	2.789466997288098	3.2952111109474114	(5, 1.366)	0	0	0
r6i1231p1f1	1851-07-12	8	1.328	1.672	3.345	3.4355733579204757	4.3397544988188335	(8, 1.328)	2	0	0
r6i1231p1f1	1852-06-15	7	1.246	1.427	2.356	3.18122558397792	3.798489865156181	(7, 1.246)	0	0	2
r6i1231p1f1	1852-08-23	6	1.402	1.794	2.955	3.072929755082743	3.793902608511631	(6, 1.402)	2	0	0
r6i1231p1f1	1854-06-28	3	1.033	1.151	0.368	1.85122662970424	1.0689033465903848	(3, 1.033)	1	1	1
r6i1231p1f1	1856-07-12	3	1.09	1.284	0.539	1.896690813917729	1.335192142118085	(3, 1.09)	1	1	3
r6i1231p1f1	1857-07-05	5	1.024	1.093	0.568	2.5216136328339824	1.9947592306862751	(5, 1.024)	1	1	1
r6i1231p1f1	1858-07-31	5	1.017	1.171	0.538	2.5153069801743895	1.9480539722054848	(5, 1.017)	1	1	1
r6i1231p1f1	1860-06-14	5	1.338	1.655	2.139	2.7700414036690306	3.2154598779334838	(5, 1.338)	0	0	0
r6i1231p1f1	1860-08-13	6	1.011	1.034	0.608	2.763712241323328	2.296138214626911	(6, 1.011)	1	1	1
r6i1231p1f1	1861-08-21	7	1.034	1.163	0.869	3.0032017072223884	2.838733680405581	(7, 1.034)	1	1	1
r6i1231p1f1	1867-06-01	11	1.1	1.256	2.092	3.7167659842103316	4.347980714935286	(11, 1.1)	0	3	2
r6i1231p1f1	1867-06-16	21	1.408	1.749	10.459	4.916307018488183	6.915239544926345	(21, 1.408)	2	2	4
r6i1231p1f1	1867-07-24	12	1.094	1.504	2.215	3.8389516712401877	4.533414439815092	(12, 1.094)	2	2	2
r6i1231p1f1	1867-08-20	4	1.158	1.36	0.994	2.3286426273133354	2.191876971009624	(4, 1.158)	0	3	3
r6i1231p1f1	1867-08-28	3	1.009	1.07	0.299	1.8314476683669307	0.9375235416145502	(3, 1.009)	1	1	1
r6i1231p1f1	1870-07-22	3	1.004	1.103	0.282	1.827277346942111	0.9023195815637634	(3, 1.004)	1	1	1
r6i1231p1f1	1871-07-03	5	1.059	1.225	0.745	2.552563736022385	2.233165689432369	(5, 1.059)	1	1	1
r6i1231p1f1	1871-08-03	4	1.351	1.569	1.766	2.468777267858117	2.7165473313561566	(4, 1.351)	0	0	0
r6i1231p1f1	1872-07-24	3	1.07	1.206	0.481	1.8809727815008697	1.2525770413039474	(3, 1.07)	1	1	1
r6i1231p1f1	1872-08-14	3	1.43	1.57	1.562	2.131855840787614	2.210073901633758	(3, 1.43)	0	0	0
r6i1231p1f1	1873-07-04	3	1.138	1.273	0.684	1.9334357313176844	1.5160429140673506	(3, 1.138)	1	3	3
r6i1231p1f1	1877-05-30	8	1.26	1.538	2.803	3.384747671245642	4.165496321448899	(8, 1.26)	2	0	0
r6i1231p1f1	1877-08-01	4	1.146	1.294	0.945	2.3192455338871527	2.1471001901536506	(4, 1.146)	0	3	3
r6i1231p1f1	1879-06-29	4	1.066	1.158	0.625	2.2542348320529992	1.791759469228055	(4, 1.066)	1	1	1
r6i1231p1f1	1879-08-01	8	1.213	1.489	2.425	3.348044704202884	4.023054164514706	(8, 1.213)	0	0	2
r6i1231p1f1	1879-08-15	3	1.049	1.233	0.417	1.8641985565732526	1.1527202123527673	(3, 1.049)	1	1	1
r6i1231p1f1	1880-06-14	10	1.351	1.574	4.409	3.777859897630741	4.944672271099366	(10, 1.351)	2	2	4
r6i1231p1f1	1880-07-08	7	1.031	1.145	0.846	3.0004405328829815	2.813499068704359	(7, 1.031)	1	1	1
r6i1231p1f1	1883-08-08	3	1.022	1.049	0.337	1.8422098062945378	1.012002055374001	(3, 1.022)	1	1	1
r6i1231p1f1	1885-06-04	4	1.045	1.108	0.54	2.2364452904895007	1.6714733033535532	(4, 1.045)	1	1	1
r6i1231p1f1	1885-06-17	5	1.249	1.502	1.696	2.705663656868713	2.993823275035162	(5, 1.249)	0	0	0
r6i1231p1f1	1886-06-25	3	1.225	1.389	0.946	1.9967779789349385	1.7775861999417792	(3, 1.225)	0	3	3
r6i1231p1f1	1886-07-14	4	1.157	1.267	0.987	2.327862900178314	2.1856017375082266	(4, 1.157)	0	3	3
r6i1231p1f1	1886-08-22	4	1.084	1.148	0.697	2.2692351133124915	1.8834266577538787	(4, 1.084)	1	1	1
r6i1231p1f1	1888-08-03	4	1.142	1.34	0.929	2.316093443018838	2.1320339917990068	(4, 1.142)	0	3	3
r6i1231p1f1	1889-07-15	5	1.256	1.427	1.732	2.710879986726104	3.0137857585191217	(5, 1.256)	0	3	3
r6i1231p1f1	1891-06-10	4	1.411	1.722	2.003	2.508623176405316	2.834624113159234	(4, 1.411)	0	0	0
r6i1231p1f1	1892-08-02	4	1.135	1.265	0.901	2.3105532626432224	2.1051092884284137	(4, 1.135)	1	3	3
r6i1231p1f1	1893-07-07	3	1.035	1.069	0.374	1.8528573527641976	1.0795521277469189	(3, 1.035)	1	1	1
r6i1231p1f1	1894-07-03	3	1.079	1.195	0.507	1.888076485048371	1.2904575942287915	(3, 1.079)	1	1	1
r6i1231p1f1	1894-08-08	3	1.174	1.27	0.791	1.960134634557113	1.6312300429558206	(3, 1.174)	1	3	3
r6i1231p1f1	1896-06-03	7	1.27	1.502	2.518	3.1995188477940677	3.8635470566731938	(7, 1.27)	0	0	0
r6i1231p1f1	1896-07-23	5	0.955	1.068	0.224	2.457640328663985	1.2540182188531128	(5, 0.955)	1	1	1
r6i1231p1f1	1897-08-11	4	1.092	1.242	0.73	2.275830355685226	1.922787731634459	(4, 1.092)	1	1	3
r6i1231p1f1	1898-06-05	5	1.14	1.342	1.153	2.620717861464038	2.631236245249124	(5, 1.14)	0	3	3
r6i1231p1f1	1901-08-09	3	1.042	1.208	0.396	1.8585440324455398	1.117655267828818	(3, 1.042)	1	1	1
r6i1231p1f1	1903-06-01	5	1.243	1.741	1.665	2.701170757242802	2.976308136168441	(5, 1.243)	0	0	0
r6i1231p1f1	1903-07-19	7	1.185	1.403	1.923	3.1331657299468514	3.600443200603564	(7, 1.185)	0	3	2
r6i1231p1f1	1906-07-12	4	1.007	1.15	0.39	2.203427521460827	1.415853163361435	(4, 1.007)	1	1	1
r6i1231p1f1	1907-08-10	3	1.116	1.202	0.619	1.9167617321445913	1.4389860353615849	(3, 1.116)	1	1	3
r6i1231p1f1	1909-06-18	6	0.985	1.189	0.452	2.7393217351239016	2.0337923135459555	(6, 0.985)	1	1	1
r6i1231p1f1	1911-06-21	5	1.049	1.134	0.698	2.543818161302775	2.175192220072486	(5, 1.049)	1	1	1
r6i1231p1f1	1911-07-21	4	1.114	1.334	0.816	2.293746144326841	2.0186294022830786	(4, 1.114)	1	3	3
r6i1231p1f1	1911-08-28	6	1.028	1.178	0.711	2.779344148720799	2.437948090942354	(6, 1.028)	1	1	1
r6i1231p1f1	1912-08-02	3	0.978	1.016	0.206	1.80530679991362	0.727745399061087	(3, 0.978)	1	1	1
r6i1231p1f1	1913-06-01	5	1.088	1.252	0.89	2.5775017681767394	2.3933853456090355	(5, 1.088)	1	3	3
r6i1231p1f1	1914-06-26	4	1.129	1.271	0.875	2.305779983890565	2.0794415416798357	(4, 1.129)	1	3	3
r6i1231p1f1	1914-08-05	3	1.004	1.071	0.281	1.827277346942111	0.9002096539729642	(3, 1.004)	1	1	1
r6i1231p1f1	1916-07-26	4	1.295	1.533	1.542	2.4300984132930052	2.590467145448493	(4, 1.295)	0	0	0
r6i1231p1f1	1916-08-04	3	1.169	1.288	0.777	1.9564688071658214	1.6168921469545445	(3, 1.169)	0	3	3
r6i1231p1f1	1917-06-27	5	1.182	1.319	1.359	2.6543091236540386	2.7846458611189266	(5, 1.182)	0	3	3
r6i1231p1f1	1917-07-13	3	1.018	1.051	0.323	1.8389106984286396	0.9852036336430643	(3, 1.018)	1	1	1
r6i1231p1f1	1918-06-19	8	1.077	1.283	1.336	3.233556656439579	3.4413865074604337	(8, 1.077)	0	3	2
r6i1231p1f1	1918-08-21	5	1.107	1.192	0.984	2.5935096221564495	2.485027846551623	(5, 1.107)	1	3	3
r6i1231p1f1	1919-06-12	5	1.036	1.221	0.631	2.5323333549845457	2.0862675003520454	(5, 1.036)	1	1	1
r6i1231p1f1	1919-07-25	4	1.105	1.22	0.779	2.286455711064162	1.9785156230898755	(4, 1.105)	1	3	3
r6i1231p1f1	1921-08-18	11	1.161	1.36	2.757	3.7694592912990195	4.62087895484104	(11, 1.161)	2	2	2
r6i1231p1f1	1924-06-14	6	1.391	1.68	2.885	3.0654188360675367	3.770474819964528	(6, 1.391)	2	0	0
r6i1231p1f1	1924-08-28	3	1.015	1.059	0.316	1.8364292051354612	0.9715302127344428	(3, 1.015)	1	1	1
r6i1231p1f1	1934-06-29	7	1.307	1.51	2.78	3.227081218160558	3.960552573994387	(7, 1.307)	0	0	0
r6i1231p1f1	1934-07-09	3	0.998	1.096	0.264	1.8222498952796893	0.8636425156131448	(3, 0.998)	1	1	1
r6i1231p1f1	1935-06-14	12	1.431	1.656	6.259	4.102404542060454	5.565216502577479	(12, 1.431)	2	2	4
r6i1231p1f1	1936-08-17	3	0.996	1.021	0.259	1.8205684456009843	0.8526279775327722	(3, 0.996)	1	1	1
r6i1231p1f1	1940-07-15	4	1.259	1.371	1.398	2.4044193988753135	2.5001236155928606	(4, 1.259)	0	3	3
r6i1231p1f1	1940-07-25	3	1.037	1.11	0.382	1.8544854208953232	1.093576371520756	(3, 1.037)	1	1	1
r6i1231p1f1	1940-08-01	3	1.189	1.495	0.838	1.9710521701375956	1.677914120115881	(3, 1.189)	0	3	3
r6i1231p1f1	1940-08-08	4	1.216	1.402	1.223	2.3728571459793772	2.3780635541699513	(4, 1.216)	0	3	3
r6i1231p1f1	1941-06-18	3	1.129	1.336	0.657	1.926648119458506	1.4847523408808556	(3, 1.129)	1	3	3
r6i1231p1f1	1941-06-23	3	0.966	1.006	0.17	1.7950014151602462	0.6330499353317208	(3, 0.966)	1	1	1
r6i1231p1f1	1941-07-01	3	1.053	1.168	0.431	1.8674154154423224	1.175431867387346	(3, 1.053)	1	1	1
r6i1231p1f1	1942-06-24	3	0.968	1.042	0.175	1.7967263712524728	0.6467506531910276	(3, 0.968)	1	1	1
r6i1231p1f1	1943-08-05	3	1.111	1.29	0.604	1.9129330972319676	1.4203276194229513	(3, 1.111)	1	3	3
r6i1231p1f1	1944-07-02	3	1.062	1.144	0.457	1.8746157340449257	1.21628914303618	(3, 1.062)	1	1	1
r6i1231p1f1	1945-06-24	3	1.1	1.169	0.571	1.9044581443609874	1.3780109061816326	(3, 1.1)	1	1	1
r6i1231p1f1	1946-06-01	3	1.02	1.13	0.33	1.8405616128750606	0.9986926112483865	(3, 1.02)	1	1	1
r6i1231p1f1	1947-08-23	3	1.009	1.096	0.298	1.8314476683669307	0.9354866739845107	(3, 1.009)	1	1	1
r6i1231p1f1	1948-06-17	3	1.179	1.402	0.808	1.9637870727255824	1.6483684214720404	(3, 1.179)	0	3	3
r6i1231p1f1	1948-07-27	4	1.454	1.728	2.176	2.536233276953341	2.912785352733065	(4, 1.454)	0	0	0
r6i1231p1f1	1949-07-22	4	1.198	1.382	1.151	2.3593434268126545	2.323171726602434	(4, 1.198)	0	3	3
r6i1231p1f1	1949-08-05	6	1.076	1.167	0.999	2.8222062689985936	2.752528958674856	(6, 1.076)	1	3	1
r6i1231p1f1	1950-08-06	5	1.324	1.642	2.07	2.76018524182164	3.1840070566427205	(5, 1.324)	0	0	0
r6i1231p1f1	1952-08-23	6	1.389	1.692	2.875	3.0640471326723953	3.767082734069648	(6, 1.389)	2	0	0
r6i1231p1f1	1953-06-08	4	0.958	1.0	0.194	2.1591765096986895	0.9368773654825435	(4, 0.958)	1	1	1
r6i1231p1f1	1953-07-01	3	0.996	1.077	0.258	1.8205684456009843	0.8504104363179789	(3, 0.996)	1	1	1
r6i1231p1f1	1953-08-28	3	1.101	1.164	0.573	1.90523156945898	1.3806271674231094	(3, 1.101)	1	1	1
r6i1231p1f1	1954-06-30	3	0.996	1.044	0.258	1.8205684456009843	0.8504104363179789	(3, 0.996)	1	1	1
r6i1231p1f1	1957-06-15	3	1.247	1.392	1.012	2.0121795915224925	1.8339415387115605	(3, 1.247)	0	3	3
r6i1231p1f1	1957-06-27	3	1.026	1.131	0.348	1.8454980658277378	1.0325654459103046	(3, 1.026)	1	1	1
r6i1231p1f1	1958-08-12	4	1.233	1.601	1.292	2.38545457081634	2.427983502388379	(4, 1.233)	0	0	0
r6i1231p1f1	1960-06-11	6	1.033	1.123	0.737	2.7838956464748303	2.4707776068504104	(6, 1.033)	1	1	1
r6i1231p1f1	1960-07-01	6	1.402	1.717	2.952	3.072929755082743	3.7929097376992122	(6, 1.402)	2	0	0
r6i1231p1f1	1960-07-20	3	0.958	1.002	0.143	1.7880716811810247	0.5556363355199463	(3, 0.958)	1	1	1
r6i1231p1f1	1960-08-28	3	1.119	1.175	0.629	1.9190518967353905	1.4512343346058878	(3, 1.119)	1	1	1
r6i1231p1f1	1962-06-19	4	1.229	1.4	1.276	2.3825047161699193	2.416627809034706	(4, 1.229)	0	3	3
r6i1231p1f1	1963-06-06	3	1.039	1.144	0.386	1.8561108427283792	1.100515421616143	(3, 1.039)	1	1	1
r6i1231p1f1	1963-07-12	4	1.13	1.236	0.881	2.306577114263583	2.0854236133573836	(4, 1.13)	1	3	3
r6i1231p1f1	1964-07-06	4	1.104	1.169	0.776	2.285642372263734	1.9751915203060368	(4, 1.104)	1	1	1
r6i1231p1f1	1966-07-20	3	1.124	1.165	0.644	1.922857220904564	1.4693300070719546	(3, 1.124)	1	1	1
r6i1231p1f1	1968-06-06	12	1.508	1.99	7.184	4.153970769357574	5.7025593003427355	(12, 1.508)	2	2	4
r6i1231p1f1	1968-08-20	6	1.333	1.588	2.538	3.024855008051226	3.6454715618292415	(6, 1.333)	0	0	0
r6i1231p1f1	1969-08-23	3	1.137	1.247	0.682	1.9326838233665247	1.5137583739281508	(3, 1.137)	1	3	3
r6i1231p1f1	1976-06-16	3	1.141	1.287	0.694	1.93568806891756	1.5273879775882544	(3, 1.141)	1	3	3
r6i1231p1f1	1977-06-08	7	1.236	1.621	2.283	3.173503507619822	3.7677311074281343	(7, 1.236)	0	0	0
r6i1231p1f1	1977-08-02	3	1.281	1.431	1.113	2.0355250837068217	1.914466310658481	(3, 1.281)	0	3	3
r6i1231p1f1	1977-08-24	6	1.114	1.27	1.223	2.8548821321488385	2.943088369216089	(6, 1.114)	0	3	3
r6i1231p1f1	1978-06-03	4	1.294	1.453	1.536	2.4293939398577415	2.586861372310994	(4, 1.294)	0	0	3
r6i1231p1f1	1980-07-05	4	1.04	1.151	0.521	2.2321626286975	1.6424857664803008	(4, 1.04)	1	1	1
r6i1231p1f1	1980-08-17	6	0.987	1.031	0.465	2.7412191944027295	2.058482985306532	(6, 0.987)	1	1	1
r6i1231p1f1	1983-08-12	4	1.09	1.315	0.722	2.2741856184723477	1.9133869573497533	(4, 1.09)	1	3	3
r6i1231p1f1	1984-06-07	4	0.986	1.014	0.303	2.184702052337329	1.2308094582794957	(4, 0.986)	1	1	1
r6i1231p1f1	1984-08-24	5	1.156	1.25	1.23	2.63364793302863	2.691366333605301	(5, 1.156)	0	3	3
r6i1231p1f1	1987-06-15	5	1.294	1.582	1.919	2.7387319851476466	3.1115165238184486	(5, 1.294)	0	0	0
r6i1231p1f1	1987-06-29	4	0.954	0.987	0.177	2.1554762279558335	0.8821132800725685	(4, 0.954)	1	1	1
r6i1231p1f1	1987-08-26	6	1.253	1.508	2.06	2.9660595549657884	3.4428412214406636	(6, 1.253)	0	0	0
r6i1231p1f1	1988-06-04	5	1.037	1.116	0.637	2.5332214996909945	2.094561224560585	(5, 1.037)	1	1	1
r6i1231p1f1	1988-07-20	4	1.463	1.894	2.211	2.54191690450478	2.9278816066458164	(4, 1.463)	0	0	0
r6i1231p1f1	1988-07-26	3	1.462	1.708	1.656	2.151387114550056	2.262265931615575	(3, 1.462)	0	0	0
r6i1231p1f1	1989-07-25	3	1.151	1.257	0.725	1.9431594319473882	1.5617613343545442	(3, 1.151)	1	3	3
r6i1231p1f1	1990-06-18	4	1.024	1.083	0.455	2.2183335405464546	1.534714366238164	(4, 1.024)	1	1	1
r6i1231p1f1	1992-08-11	7	0.969	1.03	0.417	2.941599749362835	2.165957263008459	(7, 0.969)	1	1	1
r6i1231p1f1	1995-06-11	3	1.179	1.243	0.806	1.9637870727255824	1.6463673203785967	(3, 1.179)	1	3	3
r6i1231p1f1	1996-06-25	3	1.142	1.242	0.696	1.9364377221875966	1.5296416264070827	(3, 1.142)	1	3	3
r6i1231p1f1	1996-07-25	3	1.117	1.19	0.623	1.9175257032512696	1.443903372160198	(3, 1.117)	1	1	1
r6i1231p1f1	1999-08-08	5	1.308	1.543	1.992	2.74880080573658	3.1472181368766208	(5, 1.308)	0	0	0
r6i1231p1f1	2001-06-02	8	1.847	2.254	7.493	3.756370780067916	5.139012299796236	(8, 1.847)	2	2	4
r6i1231p1f1	2001-06-15	6	1.505	1.785	3.572	3.1406501351017333	3.9796342540370926	(6, 1.505)	2	0	0
r6i1231p1f1	2001-07-04	7	1.031	1.246	0.848	3.0004405328829815	2.8157188379465223	(7, 1.031)	1	3	1
r6i1231p1f1	2001-08-02	3	0.985	0.993	0.226	1.8112695923709663	0.776720776932811	(3, 0.985)	1	1	1
r6i1231p1f1	2002-06-24	5	1.12	1.27	1.053	2.604316559440932	2.54732557472535	(5, 1.12)	1	3	3
r6i1231p1f1	2002-08-02	3	0.956	0.975	0.138	1.786331718287074	0.5406187874748858	(3, 0.956)	1	1	1
r6i1231p1f1	2003-06-07	3	1.03	1.123	0.36	1.8487755481388044	1.054526248000911	(3, 1.03)	1	1	1
r6i1231p1f1	2006-08-04	4	0.99	1.044	0.322	2.188295946591918	1.2742448573112677	(4, 0.99)	1	1	1
r6i1231p1f1	2007-06-10	6	1.127	1.336	1.305	2.865820017700442	3.0046674698270235	(6, 1.127)	0	3	3
r6i1231p1f1	2007-07-09	3	1.524	1.718	1.842	2.1881766897282877	2.3581439892020852	(3, 1.524)	0	0	0
r6i1231p1f1	2007-07-26	6	1.072	1.145	0.976	2.8187037653650844	2.730738330202779	(6, 1.072)	1	1	1
r6i1231p1f1	2010-07-31	8	1.214	1.373	2.43	3.3488398100986534	4.025077069191997	(8, 1.214)	0	3	2
r6i1251p1f1	1851-08-10	8	1.038	1.203	1.121	3.1981529350911755	3.2720500584594854	(8, 1.038)	1	3	2
r6i1251p1f1	1852-06-15	4	1.002	1.117	0.416	2.199000776737475	1.4651055415441803	(4, 1.002)	1	1	1
r6i1251p1f1	1853-06-25	4	1.027	1.094	0.519	2.2209411039535354	1.6393849888020524	(4, 1.027)	1	1	1
r6i1251p1f1	1855-06-01	7	1.357	1.644	3.214	3.2631602995057207	4.10304184755492	(7, 1.357)	2	0	0
r6i1251p1f1	1855-07-08	9	1.122	1.506	2.017	3.4434263858798655	4.015644009011728	(9, 1.122)	0	3	2
r6i1251p1f1	1855-08-29	5	1.111	1.181	1.067	2.5968472899895403	2.559505540585122	(5, 1.111)	1	3	3
r6i1251p1f1	1857-07-06	3	1.198	1.381	0.901	1.9775459332921197	1.7372563504156076	(3, 1.198)	0	3	3
r6i1251p1f1	1859-06-20	7	1.055	1.091	1.106	3.0223193554895142	3.067280853446503	(7, 1.055)	1	1	1
r6i1251p1f1	1860-06-18	3	1.111	1.195	0.641	1.9129330972319676	1.4657369740698964	(3, 1.111)	1	1	1
r6i1251p1f1	1860-08-19	7	1.112	1.194	1.499	3.0724399587707545	3.3590504996924118	(7, 1.112)	0	3	2
r6i1251p1f1	1861-06-12	3	0.941	0.97	0.132	1.7731845909998287	0.5222948716471152	(3, 0.941)	1	1	1
r6i1251p1f1	1861-08-13	3	1.151	1.192	0.759	1.9431594319473882	1.5981503850765946	(3, 1.151)	1	3	3
r6i1251p1f1	1862-07-12	3	0.992	1.133	0.283	1.8171970405807354	0.9044250667316702	(3, 0.992)	1	1	1
r6i1251p1f1	1862-07-25	6	1.051	1.115	0.923	2.800111613492538	2.6786402158801463	(6, 1.051)	1	1	1
r6i1251p1f1	1866-06-10	3	1.146	1.258	0.744	1.9394307280744352	1.5822593800150702	(3, 1.146)	1	3	3
r6i1251p1f1	1866-07-20	3	0.977	1.028	0.238	1.8044520625451974	0.8049945355799463	(3, 0.977)	1	1	1
r6i1251p1f1	1867-08-09	9	1.134	1.291	2.128	3.453726578673996	4.068274334488917	(9, 1.134)	0	3	2
r6i1251p1f1	1868-06-16	3	1.258	1.454	1.082	2.0197923479787105	1.8904332164023727	(3, 1.258)	0	3	3
r6i1251p1f1	1868-06-21	4	1.098	1.19	0.802	2.2807483983848713	2.003639828263554	(4, 1.098)	1	1	1
r6i1251p1f1	1871-06-19	5	1.14	1.227	1.214	2.620717861464038	2.679165878156786	(5, 1.14)	0	3	3
r6i1251p1f1	1871-06-30	8	1.369	1.839	3.771	3.4650148263309495	4.4581538734246795	(8, 1.369)	2	0	0
r6i1251p1f1	1871-07-19	5	1.333	1.636	2.177	2.766532487090711	3.2323683868869586	(5, 1.333)	0	0	0
r6i1251p1f1	1872-06-10	3	1.016	1.041	0.354	1.8372570539560484	1.0436061303477935	(3, 1.016)	1	1	1
r6i1251p1f1	1872-08-09	4	1.338	1.597	1.761	2.4599306637178233	2.7138997258911015	(4, 1.338)	0	0	0
r6i1251p1f1	1877-08-16	3	1.133	1.182	0.706	1.9296705251208113	1.5408343102643483	(3, 1.133)	1	1	3
r6i1251p1f1	1878-06-22	8	1.086	1.44	1.506	3.2415517657246378	3.557542509039789	(8, 1.086)	0	3	2
r6i1251p1f1	1878-07-19	6	1.32	1.525	2.533	3.015532879418852	3.643551100118205	(6, 1.32)	0	0	0
r6i1251p1f1	1880-06-21	6	1.11	1.244	1.275	2.8514924172693963	2.9825759338228286	(6, 1.11)	0	3	3
r6i1251p1f1	1882-08-23	3	1.066	1.122	0.507	1.8777993092709364	1.2904575942287915	(3, 1.066)	1	1	1
r6i1251p1f1	1886-06-14	4	1.559	1.848	2.644	2.600613457499971	3.0979277858686607	(4, 1.559)	2	0	0
r6i1251p1f1	1886-08-02	5	1.015	1.187	0.588	2.5134977497990874	2.024726591394645	(5, 1.015)	1	1	1
r6i1251p1f1	1887-06-17	5	1.006	1.076	0.543	2.505315459888837	1.9559912434818807	(5, 1.006)	1	1	1
r6i1251p1f1	1891-08-19	6	1.088	1.209	1.144	2.8326407708079397	2.8799452342594507	(6, 1.088)	1	3	3
r6i1251p1f1	1893-06-06	3	1.18	1.315	0.848	1.9645159622469717	1.6875718311202226	(3, 1.18)	0	3	3
r6i1251p1f1	1893-06-21	5	1.359	1.6	2.307	2.7846458611189266	3.288142306084439	(5, 1.359)	0	0	0
r6i1251p1f1	1893-08-21	4	1.064	1.101	0.668	2.2525541593884806	1.847509484332547	(4, 1.064)	1	1	1
r6i1251p1f1	1894-07-11	3	1.159	1.245	0.784	1.9490965895169745	1.624086791642793	(3, 1.159)	1	3	3
r6i1251p1f1	1897-08-30	3	1.208	1.313	0.932	1.984712110619881	1.7652125400234207	(3, 1.208)	0	3	3
r6i1251p1f1	1898-07-28	4	1.052	1.078	0.618	2.242410369957976	1.7823823074154581	(4, 1.052)	1	1	1
r6i1251p1f1	1898-08-03	4	1.048	1.189	0.602	2.2390061113511743	1.7606127402312182	(4, 1.048)	1	1	1
r6i1251p1f1	1900-06-06	3	0.954	0.966	0.171	1.7845887226446142	0.6358051368343263	(3, 0.954)	1	1	1
r6i1251p1f1	1900-08-02	3	1.066	1.173	0.506	1.8777993092709364	1.2890268766635846	(3, 1.066)	1	1	1
r6i1251p1f1	1902-06-11	5	1.125	1.332	1.137	2.6084421728161775	2.618274749545595	(5, 1.125)	0	3	3
r6i1251p1f1	1902-06-22	10	1.348	1.782	4.5	3.775687751004547	4.964957743667777	(10, 1.348)	2	2	4
r6i1251p1f1	1902-07-12	3	1.065	1.164	0.504	1.8770043651306039	1.2861592859929931	(3, 1.065)	1	1	1
r6i1251p1f1	1902-07-19	3	0.987	1.027	0.269	1.8129667372033864	0.874537054183594	(3, 0.987)	1	1	1
r6i1251p1f1	1905-06-14	5	1.039	1.108	0.707	2.5349954261979355	2.18655680067661	(5, 1.039)	1	1	1
r6i1251p1f1	1905-07-03	3	1.087	1.186	0.57	1.8943488012231606	1.3767002042672838	(3, 1.087)	1	1	1
r6i1251p1f1	1906-08-11	8	1.271	1.443	2.985	3.393146627951496	4.227458947437312	(8, 1.271)	2	0	0
r6i1251p1f1	1907-07-07	8	1.006	1.167	0.87	3.1681373870437928	3.0294500264376607	(8, 1.006)	1	1	2
r6i1251p1f1	1908-08-19	6	1.179	1.47	1.688	2.908413055028647	3.250701264690762	(6, 1.179)	0	3	3
r6i1251p1f1	1911-07-25	3	1.07	1.131	0.518	1.8809727815008697	1.3060618524041605	(3, 1.07)	1	1	1
r6i1251p1f1	1911-08-01	3	1.072	1.114	0.523	1.8825557489911475	1.3130749947901585	(3, 1.072)	1	1	1
r6i1251p1f1	1912-06-05	3	1.038	1.175	0.421	1.8552984620613318	1.159262061528095	(3, 1.038)	1	1	1
r6i1251p1f1	1914-08-03	5	1.119	1.266	1.109	2.6034893903441514	2.595179848575669	(5, 1.119)	1	3	3
r6i1251p1f1	1917-06-22	4	1.01	1.037	0.449	2.206074192613202	1.5243156590172653	(4, 1.01)	1	1	1
r6i1251p1f1	1917-07-17	4	0.978	1.003	0.32	2.1774752819512013	1.269760544863939	(4, 0.978)	1	1	1
r6i1251p1f1	1917-07-24	8	1.124	1.488	1.81	3.274621427821134	3.7366125065548554	(8, 1.124)	0	3	2
r6i1251p1f1	1917-08-07	4	1.212	1.351	1.258	2.369869839799642	2.403696594362457	(4, 1.212)	0	3	3
r6i1251p1f1	1920-07-11	3	1.059	1.122	0.486	1.8722213837369455	1.259974070869148	(3, 1.059)	1	1	1
r6i1251p1f1	1921-06-16	4	1.197	1.44	1.198	2.3585872831093306	2.3593434268126545	(4, 1.197)	0	3	3
r6i1251p1f1	1921-08-26	3	1.311	1.337	1.241	2.0556809598416574	2.0080026216671287	(3, 1.311)	0	3	3
r6i1251p1f1	1922-07-17	3	1.308	1.468	1.231	2.0536835559213014	2.0010019984654726	(3, 1.308)	0	0	3
r6i1251p1f1	1923-06-22	5	1.125	1.352	1.136	2.6084421728161775	2.6174590507043134	(5, 1.125)	0	3	3
r6i1251p1f1	1923-07-16	4	0.984	1.068	0.346	2.182900250048066	1.3265443567141166	(4, 0.984)	1	1	1
r6i1251p1f1	1925-07-08	3	1.18	1.264	0.848	1.9645159622469717	1.6875718311202226	(3, 1.18)	0	3	3
r6i1251p1f1	1927-05-29	11	1.292	1.506	4.338	3.8740276688213138	5.070555051059253	(11, 1.292)	2	2	4
r6i1251p1f1	1928-06-25	8	1.099	1.282	1.616	3.2529885637653395	3.626096880230722	(8, 1.099)	0	3	2
r6i1251p1f1	1928-07-14	5	1.223	1.719	1.629	2.6860469405919445	2.9555753534860068	(5, 1.223)	0	0	0
r6i1251p1f1	1929-07-20	3	1.057	1.145	0.478	1.8706219593034668	1.2481124165809672	(3, 1.057)	1	1	1
r6i1251p1f1	1929-08-27	5	1.525	1.954	3.135	2.893146700204186	3.5849170036881257	(5, 1.525)	2	0	0
r6i1251p1f1	1932-08-09	3	1.231	1.31	0.999	2.0010019984654726	1.8230895610787659	(3, 1.231)	0	3	3
r6i1251p1f1	1932-08-16	5	1.128	1.208	1.154	2.6109093955518152	2.6320407875973544	(5, 1.128)	1	3	3
r6i1251p1f1	1933-06-05	5	1.145	1.351	1.237	2.6247764972967196	2.696657580331772	(5, 1.145)	0	3	3
r6i1251p1f1	1933-07-22	3	1.065	1.162	0.501	1.8770043651306039	1.281842422518679	(3, 1.065)	1	1	1
r6i1251p1f1	1935-06-20	6	0.981	1.066	0.501	2.735515981233144	2.123837083484101	(6, 0.981)	1	1	1
r6i1251p1f1	1935-07-03	7	1.058	1.314	1.123	3.0250208552962725	3.081829739800499	(7, 1.058)	0	3	2
r6i1251p1f1	1939-08-06	9	1.398	1.666	4.503	3.657027524664754	4.808772035961983	(9, 1.398)	2	2	4
r6i1251p1f1	1941-07-05	4	1.318	1.523	1.68	2.4461658214715696	2.67000213346468	(4, 1.318)	0	0	0
r6i1251p1f1	1941-08-12	4	1.043	1.178	0.581	2.234734426085871	1.7313015001909409	(4, 1.043)	1	1	1
r6i1251p1f1	1942-06-15	5	1.223	1.468	1.626	2.6860469405919445	2.9538280612031107	(5, 1.223)	0	3	3
r6i1251p1f1	1942-06-26	4	1.443	1.793	2.182	2.529242463608052	2.9153895208714524	(4, 1.443)	0	0	0
r6i1251p1f1	1942-08-20	3	1.09	1.202	0.577	1.896690813917729	1.3858392445454837	(3, 1.09)	1	1	1
r6i1251p1f1	1942-08-29	3	1.128	1.223	0.69	1.925891088549062	1.5228653856812704	(3, 1.128)	1	1	3
r6i1251p1f1	1944-06-05	3	1.235	1.426	1.013	2.0038081315273124	1.8347714486521625	(3, 1.235)	0	3	3
r6i1251p1f1	1944-07-15	4	1.171	1.366	1.094	2.3387241396099188	2.2774723921789706	(4, 1.171)	0	3	3
r6i1251p1f1	1946-07-19	6	1.012	1.088	0.69	2.7646385606737636	2.4106219023419406	(6, 1.012)	1	1	1
r6i1251p1f1	1946-08-12	5	1.096	1.208	0.991	2.584273176082192	2.491527750883527	(5, 1.096)	1	3	3
r6i1251p1f1	1947-07-30	5	1.178	1.313	1.403	2.6511581320815965	2.814571055036787	(5, 1.178)	0	3	3
r6i1251p1f1	1949-07-26	3	0.962	1.074	0.194	1.7915425508102527	0.6971658797630093	(3, 0.962)	1	1	1
r6i1251p1f1	1950-07-03	3	1.172	1.302	0.825	1.958669915800558	1.6652180182711651	(3, 1.172)	0	3	3
r6i1251p1f1	1952-06-24	3	1.169	1.214	0.815	1.9564688071658214	1.6553409078841297	(3, 1.169)	1	3	3
r6i1251p1f1	1952-07-10	3	1.141	1.292	0.73	1.93568806891756	1.5671964251972268	(3, 1.141)	1	3	3
r6i1251p1f1	1952-08-29	3	1.083	1.132	0.555	1.891217560871479	1.3568306874635405	(3, 1.083)	1	1	1
r6i1251p1f1	1954-08-11	3	1.098	1.218	0.6	1.9029094972892788	1.415292679529417	(3, 1.098)	1	1	1
r6i1251p1f1	1955-06-14	3	1.197	1.358	0.898	1.9768264829675917	1.734508970370274	(3, 1.197)	0	3	3
r6i1251p1f1	1955-06-19	3	1.168	1.318	0.811	1.9557340263295966	1.6513625848260873	(3, 1.168)	0	3	3
r6i1251p1f1	1955-07-05	3	1.308	1.59	1.232	2.0536835559213014	2.001704270299514	(3, 1.308)	0	0	0
r6i1251p1f1	1955-07-30	16	1.115	1.339	3.477	4.281653660527095	5.409536685848843	(16, 1.115)	2	2	2
r6i1251p1f1	1955-08-17	4	1.433	1.692	2.143	2.5228444891283925	2.8983399275453414	(4, 1.433)	0	0	0
r6i1251p1f1	1959-06-05	10	1.122	1.476	2.248	3.596784870778206	4.277887619910335	(10, 1.122)	0	3	2
r6i1251p1f1	1960-07-23	15	1.146	1.434	3.721	4.213261528385187	5.380683060775852	(15, 1.146)	2	2	4
r6i1251p1f1	1961-06-14	5	1.149	1.327	1.257	2.628011587306804	2.7116229604290782	(5, 1.149)	0	3	3
r6i1251p1f1	1961-06-25	4	1.057	1.148	0.637	2.2466494606637424	1.807632818384345	(4, 1.057)	1	1	1
r6i1251p1f1	1961-07-01	5	1.021	1.125	0.615	2.5189156504934846	2.063808610533925	(5, 1.021)	1	1	1
r6i1251p1f1	1961-07-19	3	1.061	1.127	0.491	1.8738182540964106	1.2673167859082781	(3, 1.061)	1	1	1
r6i1251p1f1	1961-07-24	3	1.189	1.296	0.873	1.9710521701375956	1.7113157623497717	(3, 1.189)	0	3	3
r6i1251p1f1	1964-08-24	7	1.033	1.115	0.95	3.0022821626362606	2.922852189775591	(7, 1.033)	1	1	1
r6i1251p1f1	1968-06-15	6	1.237	1.405	2.034	2.9538739542626247	3.4305481629460544	(6, 1.237)	0	3	3
r6i1251p1f1	1968-07-13	4	1.318	1.464	1.68	2.4461658214715696	2.67000213346468	(4, 1.318)	0	0	0
r6i1251p1f1	1968-08-10	5	1.238	1.483	1.701	2.697411192400276	2.9966197870291538	(5, 1.238)	0	3	3
r6i1251p1f1	1969-06-27	4	1.029	1.174	0.528	2.2226757097657437	1.65326339197413	(4, 1.029)	1	1	1
r6i1251p1f1	1969-07-05	3	1.097	1.139	0.6	1.9021342734584945	1.415292679529417	(3, 1.097)	1	1	1
r6i1251p1f1	1970-06-23	6	1.02	1.272	0.737	2.7720183862436882	2.4707776068504104	(6, 1.02)	1	1	1
r6i1251p1f1	1973-05-31	8	1.237	1.555	2.719	3.3669549038256266	4.135549632439157	(8, 1.237)	2	0	0
r6i1251p1f1	1973-06-19	3	1.009	1.131	0.334	1.8314476683669307	1.0063196847660814	(3, 1.009)	1	1	1
r6i1251p1f1	1974-07-07	6	1.279	1.491	2.288	2.9855498222119112	3.544622033884631	(6, 1.279)	0	0	0
r6i1251p1f1	1974-07-28	4	1.348	1.607	1.8	2.4667426791603293	2.7343675094195836	(4, 1.348)	0	0	0
r6i1251p1f1	1977-07-18	8	1.075	1.24	1.421	3.2317712512142944	3.501150088065383	(8, 1.075)	0	3	2
r6i1251p1f1	1977-08-01	5	1.248	1.506	1.752	2.704916240680952	3.0247062195042265	(5, 1.248)	0	0	0
r6i1251p1f1	1979-06-28	3	1.015	1.047	0.353	1.8364292051354612	1.041774460569922	(3, 1.015)	1	1	1
r6i1251p1f1	1979-07-08	3	1.259	1.395	1.084	2.020481551588581	1.8920012906264554	(3, 1.259)	0	3	3
r6i1251p1f1	1979-08-07	9	1.324	1.564	3.841	3.60408380240922	4.65116597333025	(9, 1.324)	2	2	4
r6i1251p1f1	1982-08-01	5	0.944	0.97	0.234	2.447052543065204	1.2854236217804127	(5, 0.944)	1	1	1
r6i1251p1f1	1987-06-23	5	1.148	1.325	1.25	2.6272037954445886	2.706410514842709	(5, 1.148)	0	3	3
r6i1251p1f1	1987-08-11	8	1.078	1.219	1.447	3.2344481650963663	3.5187395704227913	(8, 1.078)	0	3	2
r6i1251p1f1	1988-06-18	14	1.274	1.722	5.274	4.215620765960287	5.62498820750304	(14, 1.274)	2	2	4
r6i1251p1f1	1988-07-25	3	1.056	1.173	0.476	1.8698212867532615	1.2451248876848824	(3, 1.056)	1	1	1
r6i1251p1f1	1988-08-10	5	1.306	1.498	2.041	2.747368594938016	3.1704866761175214	(5, 1.306)	0	0	0
r6i1251p1f1	1993-07-20	4	1.007	1.111	0.437	2.203427521460827	1.50318811259139	(4, 1.007)	1	1	1
r6i1251p1f1	1994-07-18	3	1.13	1.174	0.698	1.9274045777056474	1.531890207711171	(3, 1.13)	1	1	3
r6i1251p1f1	1995-08-08	3	1.053	1.071	0.466	1.8674154154423224	1.2300518784506422	(3, 1.053)	1	1	1
r6i1251p1f1	1996-06-08	3	0.986	1.072	0.265	1.8121185248247058	0.8658309392978649	(3, 0.986)	1	1	1
r6i1251p1f1	1996-06-17	3	1.069	1.161	0.513	1.8801803570932276	1.2989991782744164	(3, 1.069)	1	1	1
r6i1251p1f1	1996-06-22	3	1.1	1.22	0.608	1.9044581443609874	1.425337335643413	(3, 1.1)	1	1	1
r6i1251p1f1	1996-06-30	4	0.992	1.103	0.38	2.1900880617668994	1.3962446919730587	(4, 0.992)	1	1	1
r6i1251p1f1	1996-07-19	4	1.272	1.509	1.497	2.413768621954661	2.563101497373057	(4, 1.272)	0	0	0
r6i1251p1f1	2001-06-17	3	1.124	1.191	0.678	1.922857220904564	1.5091735764092173	(3, 1.124)	1	1	3
r6i1251p1f1	2001-08-27	8	1.034	1.218	1.089	3.1944498929273033	3.2442026601325082	(8, 1.034)	1	3	2
r6i1251p1f1	2003-07-26	5	1.203	1.366	1.528	2.6706908771584983	2.895003202186707	(5, 1.203)	0	3	3
r6i1251p1f1	2006-05-31	20	1.374	1.724	9.524	4.819428750798846	6.748586562669377	(20, 1.374)	2	2	4
r6i1251p1f1	2008-06-19	6	1.158	1.384	1.561	2.891429794248112	3.1756309362970874	(6, 1.158)	0	3	3
r6i1251p1f1	2010-08-07	6	1.15	1.428	1.514	2.884883347711904	3.1463552307114115	(6, 1.15)	0	3	3
r6i1281p1f1	1851-06-14	9	1.17	1.315	2.394	3.48400549284947	4.184154796531613	(9, 1.17)	0	3	2
r6i1281p1f1	1852-08-03	4	0.994	1.048	0.362	2.191876971009624	1.3599503857802886	(4, 0.994)	1	1	1
r6i1281p1f1	1858-06-17	4	1.013	1.099	0.436	2.208713877383975	1.501407168220395	(4, 1.013)	1	1	1
r6i1281p1f1	1858-08-17	3	1.037	1.164	0.399	1.8544854208953232	1.1227404547234454	(3, 1.037)	1	1	1
r6i1281p1f1	1859-08-20	5	1.162	1.267	1.292	2.638453929697122	2.737285270342615	(5, 1.162)	0	3	3
r6i1281p1f1	1860-08-13	3	1.12	1.153	0.65	1.9198141208902906	1.4764775738150402	(3, 1.12)	1	1	1
r6i1281p1f1	1861-07-25	6	1.433	1.943	3.174	3.0937983255630623	3.8638423913381317	(6, 1.433)	2	0	0
r6i1281p1f1	1861-08-06	4	1.106	1.237	0.81	2.2872683888821523	2.012232791986386	(4, 1.106)	1	3	3
r6i1281p1f1	1865-07-25	5	1.127	1.315	1.118	2.6100876641419672	2.6026615364721923	(5, 1.127)	0	3	3
r6i1281p1f1	1867-07-16	5	1.065	1.139	0.81	2.5577746019013627	2.3081769602092033	(5, 1.065)	1	1	1
r6i1281p1f1	1867-08-04	7	1.064	1.234	1.124	3.030402058695201	3.0826790004122553	(7, 1.064)	1	3	2
r6i1281p1f1	1869-08-05	3	0.916	0.964	0.039	1.7508811570107512	0.18452740918301824	(3, 0.916)	1	1	1
r6i1281p1f1	1874-05-28	16	1.178	1.369	4.385	4.335877978647901	5.640629659650933	(16, 1.178)	2	2	4
r6i1281p1f1	1874-06-20	4	0.946	0.995	0.168	2.1480343331454477	0.8518588717147662	(4, 0.946)	1	1	1
r6i1281p1f1	1874-07-16	10	1.29	1.71	3.862	3.732737997238583	4.81321766876494	(10, 1.29)	2	2	4
r6i1281p1f1	1878-06-11	6	1.105	1.382	1.208	2.847239051445263	2.9314018190726503	(6, 1.105)	0	3	3
r6i1281p1f1	1881-08-12	16	1.147	1.351	3.888	4.309563462940166	5.520788691969041	(16, 1.147)	2	2	4
r6i1281p1f1	1883-07-09	11	1.432	1.766	5.818	3.9748752374104708	5.362499667996118	(11, 1.432)	2	2	4
r6i1281p1f1	1884-05-31	10	1.31	2.167	4.068	3.7477575480664878	4.864772603261639	(10, 1.31)	2	2	4
r6i1281p1f1	1886-07-28	3	1.057	1.142	0.459	1.8706219593034668	1.2193639394076574	(3, 1.057)	1	1	1
r6i1281p1f1	1886-08-04	6	1.119	1.373	1.294	2.8591031813252656	2.9966237941797833	(6, 1.119)	0	3	3
r6i1281p1f1	1887-06-24	4	1.115	1.256	0.844	2.2945529212967815	2.047950874588465	(4, 1.115)	1	3	3
r6i1281p1f1	1887-07-26	4	1.32	1.531	1.667	2.4475508632442313	2.6627738562325747	(4, 1.32)	0	0	0
r6i1281p1f1	1891-07-28	3	1.072	1.195	0.504	1.8825557489911475	1.2861592859929931	(3, 1.072)	1	1	1
r6i1281p1f1	1891-08-28	7	1.097	1.164	1.354	3.059491943856525	3.2610318767069293	(7, 1.097)	1	3	2
r6i1281p1f1	1892-07-12	5	1.179	1.412	1.375	2.6519468112835596	2.795631642232295	(5, 1.179)	0	3	3
r6i1281p1f1	1895-07-10	7	1.219	1.464	2.209	3.160237556281167	3.7355543475078625	(7, 1.219)	0	0	2
r6i1281p1f1	1895-08-01	7	1.031	1.256	0.893	3.0004405328829815	2.8644036784437263	(7, 1.031)	1	3	2
r6i1281p1f1	1896-08-17	3	1.047	1.175	0.431	1.8625862382302412	1.175431867387346	(3, 1.047)	1	1	1
r6i1281p1f1	1897-06-03	3	0.998	1.088	0.283	1.8222498952796893	0.9044250667316702	(3, 0.998)	1	1	1
r6i1281p1f1	1897-08-02	3	1.081	1.172	0.532	1.8896482562540837	1.3255760241460586	(3, 1.081)	1	1	1
r6i1281p1f1	1898-06-30	3	1.196	1.324	0.877	1.9761065146616097	1.7150630145343155	(3, 1.196)	0	3	3
r6i1281p1f1	1898-07-13	3	1.227	1.375	0.97	1.9981879688569144	1.7984483569941683	(3, 1.227)	0	3	3
r6i1281p1f1	1898-08-19	3	0.957	1.021	0.159	1.7872020781678604	0.6022308629552546	(3, 0.957)	1	1	1
r6i1281p1f1	1899-06-15	9	1.186	1.518	2.546	3.4971740060096406	4.244802718782959	(9, 1.186)	2	0	2
r6i1281p1f1	1899-07-27	4	1.248	1.53	1.38	2.39643966846567	2.488234439880675	(4, 1.248)	0	0	3
r6i1281p1f1	1900-07-25	4	1.23	1.378	1.306	2.3832429960115	2.43781504225415	(4, 1.23)	0	3	3
r6i1281p1f1	1901-08-13	12	1.097	1.28	2.322	3.84163130593032	4.5800957063888275	(12, 1.097)	0	2	2
r6i1281p1f1	1903-06-11	4	1.202	1.322	1.193	2.3623622970299065	2.3555569777601515	(4, 1.202)	0	3	3
r6i1281p1f1	1905-07-04	3	1.139	1.261	0.706	1.9341870743280345	1.5408343102643483	(3, 1.139)	1	3	3
r6i1281p1f1	1905-07-27	4	1.302	1.563	1.593	2.4350158801745354	2.6206023652418997	(4, 1.302)	0	0	0
r6i1281p1f1	1906-08-09	5	1.012	1.151	0.543	2.5107777519264465	1.9559912434818807	(5, 1.012)	1	1	1
r6i1281p1f1	1907-06-01	4	1.111	1.24	0.831	2.291321900715335	2.0344441757491003	(4, 1.111)	1	3	3
r6i1281p1f1	1911-06-10	8	1.219	1.418	2.52	3.352805884232947	4.060806579531398	(8, 1.219)	0	0	2
r6i1281p1f1	1911-07-09	7	1.122	1.326	1.532	3.0809797573320687	3.380077146737293	(7, 1.122)	0	3	2
r6i1281p1f1	1911-08-16	4	1.197	1.323	1.174	2.3585872831093306	2.341036279368298	(4, 1.197)	0	3	3
r6i1281p1f1	1912-06-10	5	1.383	1.615	2.4	2.8010796039966817	3.326215746488746	(5, 1.383)	0	0	0
r6i1281p1f1	1914-06-23	3	0.951	0.972	0.144	1.7819685195953499	0.5586129703503369	(3, 0.951)	1	1	1
r6i1281p1f1	1914-07-01	7	1.121	1.4	1.519	3.0801290517787883	3.3718466211539715	(7, 1.121)	0	3	2
r6i1281p1f1	1914-08-02	16	1.082	1.734	2.853	4.252031838057695	5.212715904252311	(16, 1.082)	2	2	4
r6i1281p1f1	1914-08-21	3	0.979	1.027	0.226	1.8061608073299462	0.776720776932811	(3, 0.979)	1	1	1
r6i1281p1f1	1915-07-12	4	1.115	1.291	0.847	2.2945529212967815	2.051042067158138	(4, 1.115)	1	3	3
r6i1281p1f1	1918-07-22	5	1.066	1.179	0.812	2.5586404457617866	2.3103980907484516	(5, 1.066)	1	1	1
r6i1281p1f1	1920-07-02	7	1.313	1.542	2.863	3.2314800686007024	3.989419174568379	(7, 1.313)	2	0	0
r6i1281p1f1	1920-07-17	3	1.063	1.2	0.479	1.8754125785259108	1.2496028406831776	(3, 1.063)	1	1	1
r6i1281p1f1	1920-08-07	4	1.0	1.08	0.385	2.1972245773362196	1.4060969884160703	(4, 1.0)	1	1	1
r6i1281p1f1	1921-06-13	5	1.444	1.952	2.701	2.8416722194770903	3.440357132576978	(5, 1.444)	2	0	0
r6i1281p1f1	1921-07-02	3	0.979	1.014	0.225	1.8061608073299462	0.774328145607613	(3, 0.979)	1	1	1
r6i1281p1f1	1921-08-03	3	1.112	1.137	0.627	1.913699997788122	1.4487966470299802	(3, 1.112)	1	1	1
r6i1281p1f1	1921-08-09	4	1.351	1.66	1.791	2.468777267858117	2.7296812212285047	(4, 1.351)	0	0	0
r6i1281p1f1	1923-05-31	8	1.089	1.199	1.486	3.2442026601325082	3.5445569508677615	(8, 1.089)	0	3	2
r6i1281p1f1	1926-08-09	3	0.962	1.006	0.176	1.7915425508102527	0.64946841476639	(3, 0.962)	1	1	1
r6i1281p1f1	1927-06-03	3	1.296	1.416	1.177	2.0456538033324905	1.962327697904164	(3, 1.296)	0	3	3
r6i1281p1f1	1927-06-10	3	1.261	1.347	1.074	2.0218585354382537	1.8841362146551381	(3, 1.261)	0	3	3
r6i1281p1f1	1927-07-20	8	1.109	1.366	1.64	3.2616979471074847	3.640449526813999	(8, 1.109)	0	3	2
r6i1281p1f1	1927-08-21	9	1.027	1.176	1.107	3.3579070655632894	3.43040013347025	(9, 1.027)	1	3	2
r6i1281p1f1	1929-06-14	3	1.028	1.117	0.374	1.8471381497189576	1.0795521277469189	(3, 1.028)	1	1	1
r6i1281p1f1	1929-07-08	6	1.025	1.144	0.726	2.7766032730187584	2.457019502814444	(6, 1.025)	1	1	1
r6i1281p1f1	1931-06-06	6	1.184	1.274	1.681	2.912414528484931	3.246707059829625	(6, 1.184)	0	3	3
r6i1281p1f1	1931-06-30	5	1.106	1.237	1.013	2.592673461659552	2.5116852401754226	(5, 1.106)	1	3	3
r6i1281p1f1	1931-07-14	3	1.285	1.428	1.145	2.03823612251305	1.9386833160041137	(3, 1.285)	0	3	3
r6i1281p1f1	1935-06-06	4	1.074	1.17	0.683	2.260929417725213	1.8662483212187944	(4, 1.074)	1	1	1
r6i1281p1f1	1935-07-29	3	1.383	1.478	1.438	2.1024594357119963	2.136774538372966	(3, 1.383)	0	0	0
r6i1281p1f1	1936-07-01	3	1.201	1.33	0.894	1.9797011838168412	1.730834015919441	(3, 1.201)	0	3	3
r6i1281p1f1	1938-07-19	5	1.011	1.095	0.537	2.5098694393944645	1.9464589298171644	(5, 1.011)	1	1	1
r6i1281p1f1	1939-06-28	3	1.131	1.273	0.682	1.9281604641562224	1.5137583739281508	(3, 1.131)	1	3	3
r6i1281p1f1	1940-07-19	3	1.21	1.388	0.92	1.986139204138294	1.754483303889884	(3, 1.21)	0	3	3
r6i1281p1f1	1940-08-09	3	1.01	1.147	0.319	1.8322796497164289	0.9774131583651543	(3, 1.01)	1	1	1
r6i1281p1f1	1941-06-03	4	1.336	1.523	1.73	2.4585626744483986	2.6973262377392344	(4, 1.336)	0	0	0
r6i1281p1f1	1942-08-12	3	1.037	1.092	0.4	1.8544854208953232	1.1244297867383737	(3, 1.037)	1	1	1
r6i1281p1f1	1943-07-15	6	1.111	1.268	1.244	2.852340923800849	2.9592234348299713	(6, 1.111)	0	3	3
r6i1281p1f1	1945-06-14	3	1.088	1.168	0.553	1.895130081726901	1.3541513372645073	(3, 1.088)	1	1	1
r6i1281p1f1	1945-07-22	3	1.075	1.122	0.515	1.8849255117711192	1.3018302364976233	(3, 1.075)	1	1	1
r6i1281p1f1	1945-08-11	3	1.026	1.122	0.369	1.8454980658277378	1.0706860368566677	(3, 1.026)	1	1	1
r6i1281p1f1	1946-07-04	3	1.193	1.266	0.869	1.9739434943828855	1.7075544154332227	(3, 1.193)	0	3	3
r6i1281p1f1	1950-06-05	4	1.09	1.137	0.747	2.2741856184723477	1.9424756866066786	(4, 1.09)	1	1	1
r6i1281p1f1	1951-07-17	3	1.113	1.247	0.63	1.914466310658481	1.4524509536388943	(3, 1.113)	1	1	3
r6i1281p1f1	1952-08-16	3	1.203	1.301	0.898	1.9811354412044515	1.734508970370274	(3, 1.203)	0	3	3
r6i1281p1f1	1954-06-03	6	1.316	1.474	2.475	3.012646960694591	3.6209999629550036	(6, 1.316)	0	0	0
r6i1281p1f1	1954-07-26	10	1.179	1.54	2.755	3.6450125580978776	4.478708027772217	(10, 1.179)	2	2	2
r6i1281p1f1	1955-06-30	3	1.151	1.383	0.743	1.9431594319473882	1.581190946873066	(3, 1.151)	0	3	3
r6i1281p1f1	1958-07-01	3	0.96	1.036	0.169	1.7898086218618807	0.6302871217160615	(3, 0.96)	1	1	1
r6i1281p1f1	1959-06-18	11	1.193	1.485	3.186	3.7960298772175243	4.764175625827267	(11, 1.193)	2	2	2
r6i1281p1f1	1959-08-09	3	1.024	1.041	0.362	1.8438552876418735	1.0581399472550679	(3, 1.024)	1	1	1
r6i1281p1f1	1960-08-26	5	0.931	1.008	0.136	2.434393440113265	0.9244676990489515	(5, 0.931)	1	1	1
r6i1281p1f1	1961-08-06	3	0.987	1.026	0.249	1.8129667372033864	0.8302281206292933	(3, 0.987)	1	1	1
r6i1281p1f1	1962-06-21	6	1.282	1.656	2.269	2.9877744489663094	3.536524966449554	(6, 1.282)	0	0	0
r6i1281p1f1	1962-07-10	6	1.357	1.636	2.72	3.0418400569613837	3.712978539436511	(6, 1.357)	2	0	0
r6i1281p1f1	1962-08-03	5	1.442	1.964	2.69	2.840367113414099	3.4364073155033545	(5, 1.442)	2	0	0
r6i1281p1f1	1964-06-14	4	1.22	1.349	1.264	2.3758355547336385	2.4080256054520426	(4, 1.22)	0	3	3
r6i1281p1f1	1966-05-31	3	0.905	0.987	0.004	1.7409078216071425	0.020571556781201587	(3, 0.905)	1	1	1
r6i1281p1f1	1967-06-18	9	1.245	1.407	3.074	3.5442871141299888	4.4307929890360525	(9, 1.245)	2	2	2
r6i1281p1f1	1969-06-17	4	1.041	1.157	0.549	2.2330206296081365	1.684916373610006	(4, 1.041)	1	1	1
r6i1281p1f1	1969-06-25	17	1.232	1.544	5.587	4.469972539910408	5.972812802791475	(17, 1.232)	2	2	4
r6i1281p1f1	1972-07-26	3	1.003	1.042	0.299	1.8264411915984637	0.9375235416145502	(3, 1.003)	1	1	1
r6i1281p1f1	1973-07-23	4	1.107	1.262	0.815	2.2880804067911638	2.017566137961748	(4, 1.107)	1	3	3
r6i1281p1f1	1975-06-29	5	1.216	1.547	1.562	2.68069910024658	2.9158061497324335	(5, 1.216)	0	0	0
r6i1281p1f1	1975-07-06	4	0.989	1.091	0.34	2.187398683184928	1.3137236682850553	(4, 0.989)	1	1	1
r6i1281p1f1	1976-07-03	3	1.073	1.152	0.509	1.8833462940570747	1.2933129031053585	(3, 1.073)	1	1	1
r6i1281p1f1	1976-08-17	3	1.014	1.039	0.331	1.8356006704133423	1.0006048402055225	(3, 1.014)	1	1	1
r6i1281p1f1	1978-07-13	10	1.377	1.678	4.73	3.796490112362724	5.0144661690887	(10, 1.377)	2	2	4
r6i1281p1f1	1978-08-03	8	1.132	1.276	1.83	3.28144626216246	3.747341105602382	(8, 1.132)	0	3	2
r6i1281p1f1	1978-08-14	4	1.2	1.51	1.184	2.3608540011180215	2.3487050286075988	(4, 1.2)	0	3	3
r6i1281p1f1	1980-06-12	5	1.074	1.182	0.853	2.565540339656682	2.3548767316535493	(5, 1.074)	1	1	1
r6i1281p1f1	1981-07-05	3	1.302	1.437	1.194	2.049676739221073	1.9746650211180787	(3, 1.302)	0	3	3
r6i1281p1f1	1986-05-31	9	1.294	1.577	3.513	3.581795231504262	4.56279490240541	(9, 1.294)	2	2	0
r6i1281p1f1	1986-06-22	13	1.167	1.587	3.423	4.0199768866059165	5.084154779167958	(13, 1.167)	2	2	4
r6i1281p1f1	1986-07-20	3	1.281	1.362	1.133	2.0355250837068217	1.9296705251208113	(3, 1.281)	0	3	3
r6i1281p1f1	1986-08-27	7	1.413	1.895	3.568	3.3020812631029317	4.205890181805111	(7, 1.413)	2	0	0
r6i1281p1f1	1987-06-15	5	1.107	1.352	1.016	2.5935096221564495	2.5144027741510016	(5, 1.107)	0	3	3
r6i1281p1f1	1989-08-07	7	1.263	1.394	2.516	3.1942177926659245	3.8627691476693173	(7, 1.263)	0	0	0
r6i1281p1f1	1990-06-24	3	1.28	1.398	1.131	2.034846174051035	1.9281604641562224	(3, 1.28)	0	3	3
r6i1281p1f1	1990-07-01	3	1.122	1.427	0.656	1.9213368284541927	1.483574415196268	(3, 1.122)	0	3	3
r6i1281p1f1	1993-07-05	5	1.26	1.444	1.78	2.7138485752091657	3.039797243927016	(5, 1.26)	0	0	0
r6i1281p1f1	1994-06-11	6	1.122	1.402	1.314	2.86162728493567	3.0112008721140695	(6, 1.122)	0	3	3
r6i1281p1f1	1994-07-27	4	0.918	1.094	0.056	2.121542717698471	0.3701832939635246	(4, 0.918)	1	1	1
r6i1281p1f1	1998-06-07	4	1.037	1.084	0.532	2.229584200109555	1.6593702811823094	(4, 1.037)	1	1	1
r6i1281p1f1	1999-08-09	5	1.093	1.196	0.947	2.581739268354416	2.4499512562454306	(5, 1.093)	1	3	3
r6i1281p1f1	1999-08-18	3	0.977	0.994	0.219	1.8044520625451974	0.7598508781538139	(3, 0.977)	1	1	1
r6i1281p1f1	2001-06-10	3	1.088	1.187	0.553	1.895130081726901	1.3541513372645073	(3, 1.088)	1	1	1
r6i1281p1f1	2001-08-19	16	1.063	1.441	2.547	4.234570165206006	5.099915207122274	(16, 1.063)	2	2	2
r6i1281p1f1	2002-06-25	4	1.331	1.741	1.71	2.4551344914543303	2.6864860231863696	(4, 1.331)	0	0	0
r6i1281p1f1	2003-07-29	3	1.132	1.295	0.684	1.9289157796740044	1.5160429140673506	(3, 1.132)	1	3	3
r6i1281p1f1	2005-08-14	3	1.146	1.259	0.726	1.9394307280744352	1.5628507183091673	(3, 1.146)	1	3	3
r6i1281p1f1	2007-07-21	3	1.245	1.313	1.023	2.0107892059008607	1.8430328854192755	(3, 1.245)	0	3	3
r6i1281p1f1	2008-08-06	4	1.33	1.469	1.705	2.454447442303292	2.6837575085331657	(4, 1.33)	0	0	0
r6i1301p1f1	1851-06-09	7	1.175	1.275	1.955	3.1250619245534623	3.616499783138611	(7, 1.175)	0	3	2
r6i1301p1f1	1851-06-30	3	0.992	1.039	0.291	1.8171970405807354	0.9211112365527838	(3, 0.992)	1	1	1
r6i1301p1f1	1852-07-21	5	1.086	1.233	0.955	2.575801727495439	2.457640328663985	(5, 1.086)	1	3	3
r6i1301p1f1	1852-08-08	8	1.273	1.581	3.023	3.3946661608780238	4.2399255063175945	(8, 1.273)	2	0	0
r6i1301p1f1	1854-07-09	3	1.137	1.276	0.726	1.9326838233665247	1.5628507183091673	(3, 1.137)	1	3	3
r6i1301p1f1	1854-07-26	3	1.146	1.236	0.752	1.9394307280744352	1.590765996505396	(3, 1.146)	1	3	3
r6i1301p1f1	1855-07-13	3	1.017	1.097	0.365	1.83808421800981	1.0635361281984803	(3, 1.017)	1	1	1
r6i1301p1f1	1857-07-22	3	0.991	1.046	0.288	1.8163524103314332	0.9148865055054374	(3, 0.991)	1	1	1
r6i1301p1f1	1858-07-06	7	1.018	1.152	0.854	2.9883865518132873	2.822348733666245	(7, 1.018)	1	1	1
r6i1301p1f1	1859-06-17	11	1.141	1.521	2.697	3.7524868640211104	4.599094844975159	(11, 1.141)	2	2	2
r6i1301p1f1	1859-06-30	4	1.178	1.355	1.132	2.344110839822544	2.3081694712879464	(4, 1.178)	0	3	3
r6i1301p1f1	1859-07-07	7	1.233	1.517	2.36	3.171175208689265	3.8001482438184873	(7, 1.233)	0	0	0
r6i1301p1f1	1859-08-17	5	1.194	1.317	1.49	2.6637029603127123	2.87122894404304	(5, 1.194)	0	3	3
r6i1301p1f1	1860-08-03	5	1.094	1.303	0.991	2.5825846178742236	2.491527750883527	(5, 1.094)	1	3	3
r6i1301p1f1	1861-08-20	7	1.203	1.317	2.155	3.147589115566067	3.7114028504699195	(7, 1.203)	0	3	2
r6i1301p1f1	1866-06-10	4	1.194	1.29	1.192	2.3563154154150134	2.35479796444098	(4, 1.194)	0	3	3
r6i1301p1f1	1868-07-28	11	1.093	1.302	2.167	3.7105377080431947	4.382756182585347	(11, 1.093)	0	3	2
r6i1301p1f1	1869-06-17	4	1.318	1.562	1.691	2.4461658214715696	2.6760778218589376	(4, 1.318)	0	0	0
r6i1301p1f1	1869-07-06	3	1.236	1.566	1.022	2.0045084361444423	1.8422098062945378	(3, 1.236)	0	3	3
r6i1301p1f1	1871-07-23	4	1.195	1.413	1.199	2.3570732782781154	2.3600989991946526	(4, 1.195)	0	3	3
r6i1301p1f1	1872-07-30	8	1.441	1.8	4.36	3.5147078330104393	4.601719620740699	(8, 1.441)	2	2	4
r6i1301p1f1	1873-06-09	7	1.141	1.361	1.721	3.097007161857512	3.4926627871911085	(7, 1.141)	0	3	2
r6i1301p1f1	1873-06-24	6	1.284	1.731	2.33	2.9892547887932457	3.5622915170724774	(6, 1.284)	0	0	0
r6i1301p1f1	1873-08-22	4	1.165	1.347	1.077	2.334083760053417	2.263428377792852	(4, 1.165)	0	3	3
r6i1301p1f1	1878-06-29	4	0.942	0.969	0.184	2.144292513999452	0.9050275395954444	(4, 0.942)	1	1	1
r6i1301p1f1	1878-07-05	3	0.937	0.967	0.123	1.769649301018946	0.4941636292871946	(3, 0.937)	1	1	1
r6i1301p1f1	1878-07-14	4	1.043	1.183	0.589	2.234734426085871	1.7425692250372833	(4, 1.043)	1	1	1
r6i1301p1f1	1880-08-07	4	1.274	1.544	1.515	2.41519923736318	2.574137783515943	(4, 1.274)	0	0	0
r6i1301p1f1	1880-08-16	4	1.061	1.2	0.662	2.2500278422553697	1.839914511115102	(4, 1.061)	1	1	1
r6i1301p1f1	1881-07-02	3	0.95	0.985	0.165	1.7810935906961989	0.6191588972606237	(3, 0.95)	1	1	1
r6i1301p1f1	1882-06-06	5	1.287	1.534	1.955	2.7336592999459226	3.129282112011033	(5, 1.287)	0	0	0
r6i1301p1f1	1882-06-21	4	0.913	1.011	0.07	2.1167373264235327	0.44468582126144574	(4, 0.913)	1	1	1
r6i1301p1f1	1882-07-08	3	0.961	1.028	0.198	1.7906759621497192	0.7074633039401214	(3, 0.961)	1	1	1
r6i1301p1f1	1882-07-27	4	1.203	1.426	1.229	2.3631155927340783	2.3825047161699193	(4, 1.203)	0	3	3
r6i1301p1f1	1883-06-26	5	1.112	1.203	1.084	2.597679969218845	2.574098791753401	(5, 1.112)	1	3	3
r6i1301p1f1	1883-07-16	5	1.241	1.413	1.726	2.6996686269991383	3.0104862289928818	(5, 1.241)	0	3	3
r6i1301p1f1	1883-08-04	6	1.023	1.125	0.765	2.7747718400781585	2.504967243756837	(6, 1.023)	1	1	1
r6i1301p1f1	1884-06-19	5	1.254	1.549	1.791	2.7093923812369187	3.045664106652828	(5, 1.254)	0	0	0
r6i1301p1f1	1889-05-30	8	1.099	1.465	1.631	3.2529885637653395	3.635091395749178	(8, 1.099)	0	3	2
r6i1301p1f1	1889-07-10	6	1.096	1.299	1.203	2.8395371038458364	2.9274757539332152	(6, 1.096)	0	3	3
r6i1301p1f1	1889-07-19	13	1.096	1.436	2.607	3.9583700843185508	4.81377445859161	(13, 1.096)	2	2	2
r6i1301p1f1	1889-08-06	6	1.091	1.32	1.172	2.835232472259433	2.902783955276358	(6, 1.091)	0	3	3
r6i1301p1f1	1889-08-22	12	1.588	1.94	8.313	4.204870519656299	5.848070162464369	(12, 1.588)	2	2	4
r6i1301p1f1	1890-06-22	6	1.194	1.431	1.791	2.920369758028874	3.3077001725509434	(6, 1.194)	0	3	3
r6i1301p1f1	1895-07-01	3	0.943	0.966	0.143	1.7749475601565292	0.5556363355199463	(3, 0.943)	1	1	1
r6i1301p1f1	1895-07-23	3	1.237	1.432	1.025	2.005208250678203	1.8446770140747886	(3, 1.237)	0	3	3
r6i1301p1f1	1897-07-26	7	0.964	1.078	0.481	2.93670015615428	2.2933672049389524	(7, 0.964)	1	1	1
r6i1301p1f1	1897-08-23	4	1.082	1.342	0.747	2.2675794837952306	1.9424756866066786	(4, 1.082)	1	3	3
r6i1301p1f1	1898-08-28	5	1.091	1.199	0.975	2.580046422442136	2.4766082624091137	(5, 1.091)	1	3	3
r6i1301p1f1	1899-06-20	6	1.092	1.381	1.177	2.8360948822412784	2.9068079715549477	(6, 1.092)	0	3	3
r6i1301p1f1	1899-07-08	4	1.125	1.301	0.918	2.302585092994046	2.121542717698471	(4, 1.125)	1	3	3
r6i1301p1f1	1899-07-14	7	1.39	1.757	3.461	3.286278749307541	4.175903304951413	(7, 1.39)	2	0	0
r6i1301p1f1	1899-08-18	4	0.994	1.1	0.393	2.191876971009624	1.421661504957182	(4, 0.994)	1	1	1
r6i1301p1f1	1902-06-09	9	1.16	1.46	2.377	3.4756862336528944	4.177137331162236	(9, 1.16)	0	3	2
r6i1301p1f1	1902-07-19	3	1.026	1.151	0.391	1.8454980658277378	1.1091220660640169	(3, 1.026)	1	1	1
r6i1301p1f1	1905-07-10	8	1.098	1.192	1.621	3.252113438918528	3.6291040500678817	(8, 1.098)	0	3	2
r6i1301p1f1	1907-06-22	4	1.246	1.512	1.402	2.394981942260013	2.5027465679163314	(4, 1.246)	0	3	3
r6i1301p1f1	1907-07-20	3	1.008	1.178	0.337	1.8306149942480556	1.012002055374001	(3, 1.008)	1	1	1
r6i1301p1f1	1907-08-18	4	0.998	1.035	0.408	2.195445217436142	1.4502076868635434	(4, 0.998)	1	1	1
r6i1301p1f1	1908-07-02	3	1.194	1.314	0.896	1.9746650211180787	1.7326731813051846	(3, 1.194)	0	3	3
r6i1301p1f1	1909-08-11	3	1.423	1.626	1.584	2.127532044180204	2.22253547436642	(3, 1.423)	0	0	0
r6i1301p1f1	1909-08-19	8	1.265	1.818	2.952	3.388574125974599	4.216505187097334	(8, 1.265)	2	0	0
r6i1301p1f1	1910-06-29	5	1.32	1.54	2.125	2.7573512602345582	3.2091576464073652	(5, 1.32)	0	0	0
r6i1301p1f1	1911-07-30	5	1.099	1.191	1.017	2.5868006793464966	2.5153069801743895	(5, 1.099)	1	3	3
r6i1301p1f1	1912-06-07	3	1.035	1.074	0.42	1.8528573527641976	1.1576306069634266	(3, 1.035)	1	1	1
r6i1301p1f1	1912-06-26	4	1.143	1.262	0.992	2.31688239769487	2.1900880617668994	(4, 1.143)	1	3	3
r6i1301p1f1	1918-06-14	7	1.293	1.505	2.781	3.2167413531611913	3.96090537053731	(7, 1.293)	0	0	0
r6i1301p1f1	1918-07-09	3	1.031	1.129	0.407	1.8495932430423958	1.136175871860684	(3, 1.031)	1	1	1
r6i1301p1f1	1918-07-18	4	1.157	1.388	1.045	2.327862900178314	2.2364452904895007	(4, 1.157)	0	3	3
r6i1301p1f1	1918-07-30	13	1.284	1.517	5.056	4.113883460137635	5.472210479564455	(13, 1.284)	2	2	4
r6i1301p1f1	1922-06-02	5	1.27	1.575	1.872	2.7212317190546886	3.0878371522921615	(5, 1.27)	0	0	0
r6i1301p1f1	1924-07-26	9	1.144	1.389	2.234	3.4622297634704386	4.1160734376856665	(9, 1.144)	0	3	2
r6i1301p1f1	1925-07-07	4	1.022	1.126	0.505	2.2165913798270696	1.6174060820832772	(4, 1.022)	1	1	1
r6i1301p1f1	1925-08-11	3	0.958	1.034	0.187	1.7880716811810247	0.6788862263434363	(3, 0.958)	1	1	1
r6i1301p1f1	1925-08-17	3	1.006	1.112	0.332	1.8289475630806293	1.0025134195209144	(3, 1.006)	1	1	1
r6i1301p1f1	1926-07-09	4	1.027	1.131	0.524	2.2209411039535354	1.6471189794017889	(4, 1.027)	1	1	1
r6i1301p1f1	1927-08-24	6	1.261	1.464	2.191	2.972097120593302	3.5025797597719297	(6, 1.261)	0	0	0
r6i1301p1f1	1928-06-03	3	1.085	1.21	0.567	1.8927844066300867	1.3727577592551778	(3, 1.085)	1	1	1
r6i1301p1f1	1928-07-30	3	1.109	1.275	0.641	1.9113975294518544	1.4657369740698964	(3, 1.109)	1	3	3
r6i1301p1f1	1929-07-01	3	1.021	1.153	0.376	1.841386049152454	1.0830766704452057	(3, 1.021)	1	1	1
r6i1301p1f1	1933-08-04	6	1.085	1.252	1.134	2.830042334982768	2.8716604667701238	(6, 1.085)	1	3	3
r6i1301p1f1	1933-08-27	3	1.028	1.173	0.396	1.8471381497189576	1.117655267828818	(3, 1.028)	1	1	1
r6i1301p1f1	1935-06-13	4	0.983	1.043	0.35	2.181998130004928	1.33500106673234	(4, 0.983)	1	1	1
r6i1301p1f1	1936-08-02	5	0.979	1.117	0.415	2.48035905428742	1.7298558830759783	(5, 0.979)	1	1	1
r6i1301p1f1	1937-06-24	4	1.315	1.566	1.679	2.444084655267745	2.669447963320268	(4, 1.315)	0	0	0
r6i1301p1f1	1938-08-07	6	1.231	1.369	2.012	2.9492657976389745	3.420026992426625	(6, 1.231)	0	3	3
r6i1301p1f1	1940-06-04	4	0.964	1.128	0.272	2.1647013856306594	1.1556225433848892	(4, 0.964)	1	1	1
r6i1301p1f1	1940-07-01	3	1.226	1.42	0.991	1.9974832224048533	1.8163524103314332	(3, 1.226)	0	3	3
r6i1301p1f1	1942-07-30	3	0.977	0.983	0.243	1.8044520625451974	0.8165433392211622	(3, 0.977)	1	1	1
r6i1301p1f1	1944-08-02	3	1.129	1.332	0.7	1.926648119458506	1.5341337442388472	(3, 1.129)	1	3	3
r6i1301p1f1	1945-06-08	7	1.126	1.306	1.611	3.0843753609628224	3.428687298791875	(7, 1.126)	0	3	2
r6i1301p1f1	1945-07-02	3	1.122	1.197	0.679	1.9213368284541927	1.5103217479538902	(3, 1.122)	1	1	3
r6i1301p1f1	1946-07-07	3	1.038	1.191	0.429	1.8552984620613318	1.1722187555994614	(3, 1.038)	1	1	1
r6i1301p1f1	1949-08-01	3	1.285	1.37	1.168	2.03823612251305	1.9557340263295966	(3, 1.285)	0	3	3
r6i1301p1f1	1949-08-07	3	1.301	1.44	1.217	2.0490073727916243	1.9911180540358446	(3, 1.301)	0	3	3
r6i1301p1f1	1951-07-14	5	1.136	1.324	1.204	2.6174590507043134	2.671464306665527	(5, 1.136)	0	3	3
r6i1301p1f1	1952-07-09	3	0.999	1.046	0.311	1.8230895610787659	0.9616477346115992	(3, 0.999)	1	1	1
r6i1301p1f1	1957-06-27	4	0.999	1.079	0.413	2.196335293151335	1.4595448228594832	(4, 0.999)	1	1	1
r6i1301p1f1	1958-07-05	3	1.153	1.369	0.772	1.9446470292811249	1.6117212377276255	(3, 1.153)	0	3	3
r6i1301p1f1	1958-07-10	10	1.337	1.649	4.412	3.7676826011522437	4.9453476239126255	(10, 1.337)	2	2	4
r6i1301p1f1	1959-06-16	5	1.248	1.4	1.764	2.704916240680952	3.031201707600973	(5, 1.248)	0	3	3
r6i1301p1f1	1959-08-10	5	1.044	1.132	0.745	2.5394165238006385	2.233165689432369	(5, 1.044)	1	1	1
r6i1301p1f1	1960-08-30	3	0.998	1.096	0.307	1.8222498952796893	0.9536708266555438	(3, 0.998)	1	1	1
r6i1301p1f1	1966-06-23	3	1.111	1.213	0.647	1.9129330972319676	1.4729101763936974	(3, 1.111)	1	1	3
r6i1301p1f1	1966-07-16	9	1.07	1.282	1.572	3.3975239762958465	3.7714727524177896	(9, 1.07)	0	3	2
r6i1301p1f1	1967-08-24	3	0.952	0.977	0.168	1.7828426836630467	0.6275166538090645	(3, 0.952)	1	1	1
r6i1301p1f1	1969-06-03	5	1.373	1.584	2.389	2.7942650015806443	3.3217872957469785	(5, 1.373)	0	0	0
r6i1301p1f1	1969-06-15	7	1.016	1.111	0.843	2.986519128789091	2.810160148578521	(7, 1.016)	1	1	1
r6i1301p1f1	1969-07-19	7	1.399	1.601	3.525	3.292492115195713	4.193947237292538	(7, 1.399)	2	0	0
r6i1301p1f1	1972-07-23	4	0.962	1.056	0.266	2.162863149818908	1.1403938226830648	(4, 0.962)	1	1	1
r6i1301p1f1	1973-06-23	17	1.265	1.766	6.277	4.49610711854732	6.088982465798804	(17, 1.265)	2	2	4
r6i1301p1f1	1973-07-31	13	1.486	1.888	7.675	4.257766976929192	5.888168228721151	(13, 1.486)	2	2	4
r6i1301p1f1	1973-08-23	6	1.074	1.241	1.071	2.820456550622518	2.8178262192924324	(6, 1.074)	1	3	3
r6i1301p1f1	1977-07-13	3	1.011	1.115	0.347	1.8331109394483338	1.0307134223532146	(3, 1.011)	1	1	1
r6i1301p1f1	1978-06-09	9	1.461	1.744	5.091	3.6999924751175057	4.930559808107739	(9, 1.461)	2	2	4
r6i1301p1f1	1978-07-10	4	1.101	1.191	0.823	2.2831983791938555	2.026040764952721	(4, 1.101)	1	1	1
r6i1301p1f1	1978-07-25	3	0.959	1.072	0.191	1.7889405286417714	0.6893726222375843	(3, 0.959)	1	1	1
r6i1301p1f1	1978-08-02	4	1.166	1.478	1.081	2.3348586535443414	2.2667506399848296	(4, 1.166)	0	3	3
r6i1301p1f1	1979-07-22	3	1.147	1.263	0.754	1.9401775819371392	1.5928813918790299	(3, 1.147)	1	3	3
r6i1301p1f1	1979-07-27	4	0.997	1.064	0.407	2.1945543487803407	1.4483297520393432	(4, 0.997)	1	1	1
r6i1301p1f1	1979-08-13	15	1.193	1.46	4.465	4.2528718931012115	5.562192257184452	(15, 1.193)	2	2	4
r6i1301p1f1	1983-06-27	5	1.112	1.411	1.082	2.597679969218845	2.5723929510735957	(5, 1.112)	0	3	3
r6i1301p1f1	1985-07-17	9	1.01	1.167	1.03	3.341801171705499	3.360722549096437	(9, 1.01)	1	3	2
r6i1301p1f1	1985-08-07	7	1.041	1.144	1.017	3.009614951877774	2.9874532762097195	(7, 1.041)	1	1	1
r6i1301p1f1	1985-08-16	5	1.314	1.659	2.095	2.7530851717417453	3.1955176162014896	(5, 1.314)	0	0	0
r6i1301p1f1	1985-08-28	4	1.088	1.247	0.769	2.272538171641749	1.967392037871213	(4, 1.088)	1	1	3
r6i1301p1f1	1989-06-01	14	1.33	1.815	6.077	4.25801635126305	5.766233591029405	(14, 1.33)	2	2	4
r6i1301p1f1	1989-08-07	7	1.121	1.245	1.577	3.0801290517787883	3.4080554354546533	(7, 1.121)	0	3	2
r6i1301p1f1	1990-06-29	3	0.949	0.961	0.159	1.7802178956260757	0.6022308629552546	(3, 0.949)	1	1	1
r6i1301p1f1	1990-07-04	9	0.986	1.074	0.811	3.318612556655737	3.1310058976115602	(9, 0.986)	1	1	2
r6i1301p1f1	1990-07-26	4	1.147	1.292	1.006	2.320032006597766	2.2025437388138194	(4, 1.147)	0	3	3
r6i1301p1f1	1990-08-14	4	1.059	1.185	0.655	2.24834007814165	1.8309801823813363	(4, 1.059)	1	1	1
r6i1301p1f1	1994-05-30	7	1.065	1.205	1.186	3.031296117348946	3.1339725102202522	(7, 1.065)	1	3	2
r6i1301p1f1	1994-07-16	4	1.065	1.166	0.677	2.253394848803274	1.8587948705642134	(4, 1.065)	1	1	1
r6i1301p1f1	1994-08-22	5	0.957	1.054	0.305	2.4595533943666106	1.4838755206799918	(5, 0.957)	1	1	1
r6i1301p1f1	1995-06-05	5	1.139	1.2	1.216	2.6199041538439554	2.68069910024658	(5, 1.139)	1	3	3
r6i1301p1f1	1995-08-24	3	1.007	1.095	0.333	1.8297816262051394	1.0044183630992942	(3, 1.007)	1	1	1
r6i1301p1f1	1995-08-29	3	1.179	1.264	0.851	1.9637870727255824	1.6904510497143228	(3, 1.179)	0	3	3
r6i1301p1f1	1996-06-23	5	1.199	1.36	1.518	2.6675911632823714	2.888801411615567	(5, 1.199)	0	3	3
r6i1301p1f1	1996-06-30	10	1.66	2.143	7.65	3.9795659305482363	5.49270846336683	(10, 1.66)	2	2	4
r6i1301p1f1	1996-07-28	6	1.502	1.876	3.638	3.1387411806536503	3.997603497790772	(6, 1.502)	2	0	0
r6i1301p1f1	1996-08-30	3	1.062	1.134	0.5	1.8746157340449257	1.2803993168919292	(3, 1.062)	1	1	1
r6i1301p1f1	1999-06-06	4	1.045	1.194	0.599	2.2364452904895007	1.7564776550834151	(4, 1.045)	1	1	1
r6i1301p1f1	2000-08-19	3	0.983	1.044	0.261	1.8095695623406716	0.8570483617962074	(3, 0.983)	1	1	1
r6i1301p1f1	2001-06-03	5	1.022	1.164	0.633	2.5198157869724658	2.0890397249901516	(5, 1.022)	1	1	1
r6i1301p1f1	2001-07-05	8	1.194	1.279	2.387	3.3328163192524145	4.007544878717519	(8, 1.194)	0	3	2
r6i1301p1f1	2001-07-16	3	1.182	1.267	0.859	1.965972149383562	1.6980886822539114	(3, 1.182)	0	3	3
r6i1301p1f1	2001-07-24	12	1.068	1.364	2.071	3.815422371937827	4.4669403826913285	(12, 1.068)	0	2	2
r6i1301p1f1	2001-08-24	6	1.462	1.829	3.4	3.1129339857721545	3.931229195141314	(6, 1.462)	2	0	0
r6i1301p1f1	2002-08-11	4	1.068	1.248	0.688	2.2559126847956152	1.8724173722455095	(4, 1.068)	1	1	1
r6i1301p1f1	2004-06-19	4	1.269	1.414	1.495	2.411618854018168	2.561867690924129	(4, 1.269)	0	3	3
r6i1301p1f1	2006-06-11	6	1.097	1.459	1.211	2.840395811039178	2.933750080680026	(6, 1.097)	0	3	3
r6i1301p1f1	2006-07-09	8	1.282	1.605	3.089	3.4014756293275807	4.261215299532022	(8, 1.282)	2	0	0
r6i1301p1f1	2006-08-24	3	1.22	1.261	0.973	1.993244281711825	1.8010257885243162	(3, 1.22)	0	3	3
r6i1301p1f1	2007-06-02	4	1.162	1.301	1.064	2.3317554702938255	2.2525541593884806	(4, 1.162)	0	3	3
r6i1301p1f1	2008-07-24	3	1.023	1.121	0.382	1.8430328854192755	1.093576371520756	(3, 1.023)	1	1	1
r6i1301p1f1	2009-07-30	5	1.126	1.222	1.154	2.6092652569342474	2.6320407875973544	(5, 1.126)	1	3	3
r7i1121p1f1	1853-08-02	9	1.184	1.478	2.509	3.4955373940365164	4.2303749131810395	(9, 1.184)	0	0	2
r7i1121p1f1	1853-08-27	5	0.95	0.997	0.224	2.4528415911678723	1.2540182188531128	(5, 0.95)	1	1	1
r7i1121p1f1	1855-07-17	3	1.089	1.153	0.552	1.8959107523079055	1.3528089652533486	(3, 1.089)	1	1	1
r7i1121p1f1	1859-06-16	5	1.365	1.517	2.298	2.788779684979346	3.284379669736083	(5, 1.365)	0	0	0
r7i1121p1f1	1859-06-26	3	1.005	1.041	0.299	1.8281128037140733	0.9375235416145502	(3, 1.005)	1	1	1
r7i1121p1f1	1860-06-16	11	1.348	1.77	4.873	3.915594866558109	5.186161809226792	(11, 1.348)	2	2	4
r7i1121p1f1	1860-07-17	4	1.062	1.125	0.624	2.250870657307367	1.7904252462149184	(4, 1.062)	1	1	1
r7i1121p1f1	1860-08-25	3	0.987	1.013	0.246	1.8129667372033864	0.8234091388978406	(3, 0.987)	1	1	1
r7i1121p1f1	1863-08-06	4	1.004	1.096	0.396	2.200773826847361	1.4274363044510658	(4, 1.004)	1	1	1
r7i1121p1f1	1864-07-22	3	1.12	1.194	0.643	1.9198141208902906	1.4681337632632208	(3, 1.12)	1	1	3
r7i1121p1f1	1864-08-11	4	1.013	1.04	0.432	2.208713877383975	1.494251502624983	(4, 1.013)	1	1	1
r7i1121p1f1	1864-08-18	3	1.078	1.19	0.518	1.8872896720494419	1.3060618524041605	(3, 1.078)	1	1	1
r7i1121p1f1	1866-08-07	3	1.12	1.205	0.645	1.9198141208902906	1.4705248215910474	(3, 1.12)	1	1	3
r7i1121p1f1	1866-08-14	6	1.079	1.216	1.04	2.8248251195808636	2.7902331396141338	(6, 1.079)	1	3	3
r7i1121p1f1	1867-06-30	11	1.247	1.529	3.761	3.839326331524804	4.928789347466008	(11, 1.247)	2	2	4
r7i1121p1f1	1868-08-26	3	1.184	1.329	0.835	1.96742621912213	1.6749985247384984	(3, 1.184)	0	3	3
r7i1121p1f1	1870-06-01	7	1.113	1.551	1.45	3.073297227876736	3.326990074580725	(7, 1.113)	0	3	2
r7i1121p1f1	1873-06-08	10	1.312	1.405	4.066	3.7492471700248546	4.8642846344612165	(10, 1.312)	2	2	4
r7i1121p1f1	1873-07-06	4	1.385	1.596	1.917	2.4915511925066687	2.7933712614223096	(4, 1.385)	0	0	0
r7i1121p1f1	1874-07-25	11	1.34	1.659	4.778	3.9097614382085517	5.16658530119998	(11, 1.34)	2	2	4
r7i1121p1f1	1874-08-15	3	1.004	1.098	0.297	1.827277346942111	0.9334456490554206	(3, 1.004)	1	1	1
r7i1121p1f1	1874-08-22	3	1.139	1.219	0.701	1.9341870743280345	1.535253627775467	(3, 1.139)	1	3	3
r7i1121p1f1	1877-06-20	3	1.107	1.14	0.605	1.9098596000764794	1.421582403309789	(3, 1.107)	1	1	1
r7i1121p1f1	1877-07-26	5	1.224	1.41	1.595	2.686808588479392	2.9355916472476244	(5, 1.224)	0	3	3
r7i1121p1f1	1880-06-21	4	1.021	1.204	0.46	2.215719159972384	1.5432981099295553	(4, 1.021)	1	1	1
r7i1121p1f1	1884-07-24	8	1.041	1.209	1.088	3.200921245550296	3.2433198092376583	(8, 1.041)	1	3	2
r7i1121p1f1	1885-07-06	6	1.127	1.377	1.327	2.865820017700442	3.020563283008034	(6, 1.127)	0	3	3
r7i1121p1f1	1886-05-31	3	1.038	1.174	0.398	1.8552984620613318	1.1210482640359327	(3, 1.038)	1	1	1
r7i1121p1f1	1886-07-31	8	0.958	1.077	0.423	3.1213540826599524	2.3581519945632596	(8, 0.958)	1	1	1
r7i1121p1f1	1886-08-21	6	1.203	1.379	1.786	2.9274757539332152	3.3050069909869104	(6, 1.203)	0	3	3
r7i1121p1f1	1887-06-15	4	1.039	1.167	0.535	2.231303890989082	1.66392609771817	(4, 1.039)	1	1	1
r7i1121p1f1	1887-07-30	4	1.15	1.284	0.98	2.322387720290225	2.179286876649552	(4, 1.15)	0	3	3
r7i1121p1f1	1891-06-09	4	1.055	1.117	0.597	2.2449559801574095	1.753711401590525	(4, 1.055)	1	1	1
r7i1121p1f1	1891-07-01	4	1.164	1.348	1.035	2.3333082656368864	2.2278615467981093	(4, 1.164)	0	3	3
r7i1121p1f1	1891-08-12	9	1.104	1.265	1.789	3.427774396512608	3.8979849311242187	(9, 1.104)	0	3	2
r7i1121p1f1	1894-08-26	3	1.046	1.168	0.422	1.8617791031708242	1.1608908587834577	(3, 1.046)	1	1	1
r7i1121p1f1	1896-07-13	8	1.389	1.708	3.871	3.479067953808157	4.484027238133417	(8, 1.389)	2	0	0
r7i1121p1f1	1896-08-21	6	1.152	1.374	1.48	2.886523981474272	3.124629711045064	(6, 1.152)	0	3	3
r7i1121p1f1	1899-06-21	3	1.003	1.107	0.294	1.8264411915984637	0.9272974599000251	(3, 1.003)	1	1	1
r7i1121p1f1	1899-07-08	4	1.135	1.281	0.92	2.3105532626432224	2.1234584270966104	(4, 1.135)	1	3	3
r7i1121p1f1	1899-07-16	3	1.147	1.296	0.725	1.9401775819371392	1.5617613343545442	(3, 1.147)	1	3	3
r7i1121p1f1	1899-07-29	7	1.541	1.77	4.446	3.385735777818229	4.422941492517631	(7, 1.541)	2	0	0
r7i1121p1f1	1900-06-03	7	1.09	1.319	1.293	3.053391680093326	3.2167413531611913	(7, 1.09)	0	3	2
r7i1121p1f1	1901-07-18	3	1.14	1.229	0.703	1.9349378532458654	1.5374896394392314	(3, 1.14)	1	3	3
r7i1121p1f1	1901-08-07	3	1.054	1.113	0.446	1.8682180158529837	1.1992066584340162	(3, 1.054)	1	1	1
r7i1121p1f1	1904-08-10	3	1.025	1.036	0.357	1.8446770140747886	1.0490810952214835	(3, 1.025)	1	1	1
r7i1121p1f1	1905-07-25	3	1.064	1.157	0.477	1.8762087885512986	1.2466197677986228	(3, 1.064)	1	1	1
r7i1121p1f1	1907-06-20	6	1.142	1.293	1.42	2.8782937626543434	3.085099950178096	(6, 1.142)	0	3	3
r7i1121p1f1	1907-07-11	10	1.189	1.472	2.835	3.6532388406137377	4.50701224347743	(10, 1.189)	2	2	2
r7i1121p1f1	1908-07-11	4	1.285	1.498	1.518	2.423031246069913	2.575965380734967	(4, 1.285)	0	0	0
r7i1121p1f1	1908-07-30	5	1.249	1.49	1.717	2.705663656868713	3.005516431533672	(5, 1.249)	0	0	0
r7i1121p1f1	1910-07-06	4	1.352	1.516	1.788	2.4694545452290786	2.7281142321379517	(4, 1.352)	0	0	0
r7i1121p1f1	1911-07-05	3	1.222	1.341	0.951	1.9946592593953143	1.7819685195953499	(3, 1.222)	0	3	3
r7i1121p1f1	1911-08-24	5	1.514	1.749	3.042	2.88630988574445	3.55565069962621	(5, 1.514)	2	0	0
r7i1121p1f1	1912-06-24	4	1.047	1.214	0.567	2.238153232834657	1.7112722183153684	(4, 1.047)	1	1	1
r7i1121p1f1	1913-06-11	3	0.963	0.969	0.172	1.7924083891450562	0.6385527680544896	(3, 0.963)	1	1	1
r7i1121p1f1	1914-08-17	3	1.037	1.098	0.393	1.8544854208953232	1.1125440895812542	(3, 1.037)	1	1	1
r7i1121p1f1	1914-08-25	3	1.046	1.134	0.421	1.8617791031708242	1.159262061528095	(3, 1.046)	1	1	1
r7i1121p1f1	1917-07-15	3	0.917	0.926	0.034	1.7517829109102498	0.16268772026803302	(3, 0.917)	1	1	1
r7i1121p1f1	1918-07-19	6	1.164	1.306	1.55	2.8963116574672134	3.168855598012869	(6, 1.164)	0	3	3
r7i1121p1f1	1919-06-16	18	1.177	1.54	4.889	4.509590411416764	5.925220213894223	(18, 1.177)	2	2	4
r7i1121p1f1	1919-08-20	8	1.221	1.5	2.527	3.354387920013961	4.063532762581832	(8, 1.221)	0	0	2
r7i1121p1f1	1921-07-06	5	1.165	1.339	1.295	2.6408482940902527	2.7394545584375005	(5, 1.165)	0	3	3
r7i1121p1f1	1923-07-31	7	1.119	1.288	1.493	3.078425466489282	3.355179514441694	(7, 1.119)	0	3	2
r7i1121p1f1	1927-07-26	3	1.506	1.789	1.8	2.177634556278633	2.337283515301593	(3, 1.506)	0	0	0
r7i1121p1f1	1928-06-16	7	1.056	1.235	1.054	3.023220666568475	3.0214172313159864	(7, 1.056)	1	3	2
r7i1121p1f1	1929-07-12	3	1.066	1.088	0.481	1.8777993092709364	1.2525770413039474	(3, 1.066)	1	1	1
r7i1121p1f1	1932-08-17	3	0.962	0.992	0.169	1.7915425508102527	0.6302871217160615	(3, 0.962)	1	1	1
r7i1121p1f1	1933-06-07	8	1.324	1.693	3.346	3.432654061577535	4.340049510685973	(8, 1.324)	2	0	0
r7i1121p1f1	1934-06-08	5	1.016	1.106	0.551	2.5144027741510016	1.96856127546869	(5, 1.016)	1	1	1
r7i1121p1f1	1934-06-20	3	1.023	1.169	0.352	1.8430328854192755	1.039939429620377	(3, 1.023)	1	1	1
r7i1121p1f1	1934-06-26	3	1.181	1.292	0.825	1.9652443208753656	1.6652180182711651	(3, 1.181)	0	3	3
r7i1121p1f1	1934-07-13	6	1.303	1.392	2.384	3.0032097875874415	3.5845600985044594	(6, 1.303)	0	0	0
r7i1121p1f1	1934-07-27	6	1.233	1.581	1.968	2.9508042105099324	3.3986466273454083	(6, 1.233)	0	0	0
r7i1121p1f1	1940-06-26	10	1.188	1.463	2.821	3.6524192509173936	4.5021164830723315	(10, 1.188)	2	2	2
r7i1121p1f1	1940-08-01	9	1.141	1.465	2.122	3.4596863913481686	4.0654991721082645	(9, 1.141)	0	3	2
r7i1121p1f1	1942-08-07	4	1.047	1.136	0.564	2.238153232834657	1.7069275337113574	(4, 1.047)	1	1	1
r7i1121p1f1	1943-07-19	7	1.126	1.268	1.543	3.0843753609628224	3.3869889147992764	(7, 1.126)	0	3	2
r7i1121p1f1	1943-07-29	5	1.491	1.767	2.93	2.871861878402808	3.519229152910815	(5, 1.491)	2	0	0
r7i1121p1f1	1944-08-27	3	1.307	1.452	1.204	2.0530168670468605	1.9818517992247855	(3, 1.307)	0	3	3
r7i1121p1f1	1946-06-30	3	1.186	1.26	0.841	1.968878177611425	1.680821239503429	(3, 1.186)	0	3	3
r7i1121p1f1	1946-07-26	3	1.207	1.257	0.905	1.9839977994098914	1.7409078216071425	(3, 1.207)	0	3	3
r7i1121p1f1	1948-05-29	7	1.271	1.645	2.559	3.2002738526105015	3.8793622677987036	(7, 1.271)	2	0	0
r7i1121p1f1	1949-07-07	3	1.01	1.052	0.314	1.8322796497164289	0.9675889333270213	(3, 1.01)	1	1	1
r7i1121p1f1	1949-08-07	3	1.071	1.134	0.497	1.8817645784692352	1.2760574624548071	(3, 1.071)	1	1	1
r7i1121p1f1	1950-08-14	3	0.983	1.085	0.231	1.8095695623406716	0.7885988092895502	(3, 0.983)	1	1	1
r7i1121p1f1	1951-06-24	5	1.108	1.256	1.012	2.5943450840730553	2.5107777519264465	(5, 1.108)	1	3	3
r7i1121p1f1	1951-07-16	4	0.975	1.009	0.279	2.174751721484161	1.173101140658849	(4, 0.975)	1	1	1
r7i1121p1f1	1954-05-29	8	1.379	1.612	3.789	3.4720660761654045	4.462860756081244	(8, 1.379)	2	0	0
r7i1121p1f1	1955-06-26	5	0.978	1.035	0.361	2.4794226744093772	1.6166325090216476	(5, 0.978)	1	1	1
r7i1121p1f1	1955-07-11	3	1.014	1.102	0.327	1.8356006704133423	0.9929338862767116	(3, 1.014)	1	1	1
r7i1121p1f1	1955-07-24	3	1.112	1.164	0.621	1.913699997788122	1.441447726282995	(3, 1.112)	1	1	1
r7i1121p1f1	1955-08-02	5	1.16	1.212	1.272	2.636854495835966	2.7227018289917884	(5, 1.16)	0	3	3
r7i1121p1f1	1955-08-27	5	1.169	1.39	1.317	2.644031887992001	2.755220490925305	(5, 1.169)	0	3	3
r7i1121p1f1	1958-06-18	3	1.071	1.158	0.496	1.8817645784692352	1.2746059782464818	(3, 1.071)	1	1	1
r7i1121p1f1	1959-06-15	4	1.134	1.27	0.915	2.309759296742046	2.1186622548331173	(4, 1.134)	1	3	3
r7i1121p1f1	1959-06-23	6	1.155	1.3	1.498	2.888979896233047	3.136190226185424	(6, 1.155)	0	3	3
r7i1121p1f1	1962-06-06	3	0.952	0.989	0.138	1.7828426836630467	0.5406187874748858	(3, 0.952)	1	1	1
r7i1121p1f1	1962-07-22	4	1.376	1.548	1.883	2.4855730943311607	2.7765807435093186	(4, 1.376)	0	0	0
r7i1121p1f1	1964-07-27	4	1.089	1.222	0.734	2.2733622343171422	1.9274551846819543	(4, 1.089)	1	1	1
r7i1121p1f1	1966-07-10	3	0.993	1.056	0.264	1.8180409580317884	0.8636425156131448	(3, 0.993)	1	1	1
r7i1121p1f1	1967-06-20	4	1.087	1.187	0.725	2.2717134293269585	1.916922612182061	(4, 1.087)	1	1	1
r7i1121p1f1	1970-06-15	6	1.359	1.544	2.722	3.0432425410361312	3.713695631731661	(6, 1.359)	0	0	0
r7i1121p1f1	1972-07-25	11	1.118	1.31	2.339	3.7326056674282015	4.4582169996452015	(11, 1.118)	0	3	2
r7i1121p1f1	1972-08-20	5	1.36	1.617	2.272	2.785336019554116	3.273429622560245	(5, 1.36)	0	0	0
r7i1121p1f1	1974-08-13	5	1.176	1.287	1.352	2.649578905176584	2.77980136894787	(5, 1.176)	0	3	3
r7i1121p1f1	1976-06-16	4	1.085	1.223	0.719	2.2700619012884857	1.909838757293656	(4, 1.085)	1	1	1
r7i1121p1f1	1978-06-17	5	1.176	1.361	1.354	2.649578905176584	2.781187906031063	(5, 1.176)	0	3	3
r7i1121p1f1	1978-08-07	6	1.043	1.14	0.826	2.792936961100221	2.575635987266414	(6, 1.043)	1	1	1
r7i1121p1f1	1979-06-06	4	1.15	1.217	0.978	2.322387720290225	2.1774752819512013	(4, 1.15)	1	3	3
r7i1121p1f1	1979-06-22	3	1.05	1.145	0.433	1.8650037419525174	1.1786346881452736	(3, 1.05)	1	1	1
r7i1121p1f1	1979-07-05	11	1.374	1.734	5.149	3.9343218690702098	5.240954698619322	(11, 1.374)	2	2	4
r7i1121p1f1	1979-08-13	3	1.054	1.096	0.445	1.8682180158529837	1.1976391373679347	(3, 1.054)	1	1	1
r7i1121p1f1	1980-07-27	7	1.002	1.12	0.676	2.9733486027149634	2.604147526274723	(7, 1.002)	1	1	1
r7i1121p1f1	1983-06-25	3	1.147	1.246	0.725	1.9401775819371392	1.5617613343545442	(3, 1.147)	1	3	3
r7i1121p1f1	1984-06-01	3	1.228	1.317	0.968	1.9988922189911715	1.7967263712524728	(3, 1.228)	0	3	3
r7i1121p1f1	1984-06-09	4	1.134	1.332	0.913	2.309759296742046	2.1167373264235327	(4, 1.134)	0	3	3
r7i1121p1f1	1984-07-11	3	1.432	1.59	1.578	2.1330877851914485	2.219152235245174	(3, 1.432)	0	0	0
r7i1121p1f1	1984-08-03	3	0.969	0.982	0.192	1.7975877347776366	0.6919771288962269	(3, 0.969)	1	1	1
r7i1121p1f1	1986-07-02	5	1.174	1.307	1.343	2.647997180368679	2.7735380507917475	(5, 1.174)	0	3	3
r7i1121p1f1	1987-08-28	3	1.089	1.181	0.55	1.8959107523079055	1.350118803218546	(3, 1.089)	1	1	1
r7i1121p1f1	1988-08-01	5	1.105	1.214	0.997	2.591836601413134	2.497065667405072	(5, 1.105)	1	3	3
r7i1121p1f1	1989-06-02	4	1.243	1.372	1.348	2.392791360880195	2.4667426791603293	(4, 1.243)	0	3	3
r7i1121p1f1	1989-06-20	4	1.103	1.262	0.79	2.2848283714047866	1.9906103279732201	(4, 1.103)	1	3	3
r7i1121p1f1	1989-08-10	5	0.999	1.067	0.466	2.4989048452565896	1.8261670775002767	(5, 0.999)	1	1	1
r7i1121p1f1	1990-06-29	4	1.148	1.284	0.97	2.3208178612551054	2.1701959049483	(4, 1.148)	0	3	3
r7i1121p1f1	1992-06-02	10	1.483	2.233	5.779	3.869044055106538	5.213565395075407	(10, 1.483)	2	2	4
r7i1121p1f1	1995-07-19	6	1.068	1.208	0.975	2.8151889510691026	2.7297800547629945	(6, 1.068)	1	3	1
r7i1121p1f1	1995-08-19	3	1.143	1.26	0.714	1.9371868138985564	1.5496991244861298	(3, 1.143)	1	3	3
r7i1121p1f1	1995-08-27	4	1.152	1.307	0.987	2.3239551187302383	2.1856017375082266	(4, 1.152)	0	3	3
r7i1121p1f1	1996-07-22	3	1.273	1.399	1.104	2.030080856770745	1.907548262098765	(3, 1.273)	0	3	3
r7i1121p1f1	1996-08-23	4	1.183	1.345	1.109	2.3479407947148427	2.289702467163032	(4, 1.183)	0	3	3
r7i1121p1f1	1998-06-29	3	1.02	1.154	0.345	1.8405616128750606	1.0269990533939195	(3, 1.02)	1	1	1
r7i1121p1f1	2001-06-14	12	1.292	1.601	4.644	4.001999558355368	5.268102741565006	(12, 1.292)	2	2	4
r7i1121p1f1	2002-07-06	3	1.357	1.523	1.354	2.0858185201642803	2.083880472575465	(3, 1.357)	0	0	0
r7i1121p1f1	2002-07-24	11	1.267	1.539	3.976	3.8548979965094206	4.983989437678265	(11, 1.267)	2	2	4
r7i1121p1f1	2002-08-09	17	1.104	1.555	3.372	4.361600004093443	5.469548092164406	(17, 1.104)	2	2	4
r7i1121p1f1	2006-06-10	3	0.987	1.048	0.246	1.8129667372033864	0.8234091388978406	(3, 0.987)	1	1	1
r7i1121p1f1	2007-08-15	4	1.253	1.444	1.389	2.4000747142713026	2.494196696695093	(4, 1.253)	0	3	3
r7i1121p1f1	2009-06-02	5	1.149	1.25	1.218	2.628011587306804	2.682229975164674	(5, 1.149)	0	3	3
r7i1121p1f1	2009-07-01	3	1.179	1.287	0.822	1.9637870727255824	1.6622651151608299	(3, 1.179)	0	3	3
r7i1231p1f1	1851-07-14	5	1.028	1.084	0.631	2.5251996567669273	2.0862675003520454	(5, 1.028)	1	1	1
r7i1231p1f1	1851-08-13	8	1.502	1.715	4.796	3.5549588523559423	4.6961171510022774	(8, 1.502)	2	2	4
r7i1231p1f1	1853-06-03	12	1.254	1.798	4.226	3.972700352529269	5.174292195463937	(12, 1.254)	2	2	4
r7i1231p1f1	1853-07-02	5	1.345	1.618	2.214	2.774933293376471	3.248561706837597	(5, 1.345)	0	0	0
r7i1231p1f1	1855-08-20	5	0.951	1.006	0.243	2.453803182665835	1.3128691615406747	(5, 0.951)	1	1	1
r7i1231p1f1	1857-06-08	3	1.12	1.195	0.654	1.9198141208902906	1.4812143931105761	(3, 1.12)	1	1	3
r7i1231p1f1	1857-08-28	4	0.954	0.984	0.206	2.1554762279558335	0.9738046380747618	(4, 0.954)	1	1	1
r7i1231p1f1	1858-06-24	6	1.382	1.73	2.88	3.0592312990011097	3.7687802152972383	(6, 1.382)	2	0	0
r7i1231p1f1	1858-07-27	3	1.252	1.346	1.05	2.0156471213943736	1.8650037419525174	(3, 1.252)	0	3	3
r7i1231p1f1	1858-08-10	5	0.958	1.083	0.28	2.4605085565333504	1.4183972953065578	(5, 0.958)	1	1	1
r7i1231p1f1	1863-06-18	3	1.034	1.113	0.396	1.8520423236413943	1.117655267828818	(3, 1.034)	1	1	1
r7i1231p1f1	1863-07-22	6	1.279	1.458	2.263	2.9855498222119112	3.5339543165240426	(6, 1.279)	0	0	0
r7i1231p1f1	1864-08-16	3	1.079	1.15	0.529	1.888076485048371	1.3214263541376352	(3, 1.079)	1	1	1
r7i1231p1f1	1866-08-28	4	0.961	0.996	0.235	2.1619427631915795	1.0577902941478545	(4, 0.961)	1	1	1
r7i1231p1f1	1867-06-10	3	1.176	1.253	0.823	1.9615972110500632	1.6632503853637837	(3, 1.176)	1	3	3
r7i1231p1f1	1867-06-24	3	1.216	1.481	0.943	1.9904083056570567	1.7749475601565292	(3, 1.216)	0	3	3
r7i1231p1f1	1867-07-06	13	1.166	1.434	3.429	4.01913501852112	5.085895254686266	(13, 1.166)	2	2	2
r7i1231p1f1	1867-08-23	4	1.18	1.278	1.11	2.3456445824544927	2.2905125117597764	(4, 1.18)	0	3	3
r7i1231p1f1	1869-06-20	12	1.305	1.573	4.83	4.011829087013109	5.307174672610675	(12, 1.305)	2	2	4
r7i1231p1f1	1869-07-05	4	0.97	1.041	0.27	2.1701959049483	1.1505720275988207	(4, 0.97)	1	1	1
r7i1231p1f1	1869-08-01	5	1.162	1.32	1.298	2.638453929697122	2.741619150905877	(5, 1.162)	0	3	3
r7i1231p1f1	1869-08-11	6	1.279	1.503	2.263	2.9855498222119112	3.5339543165240426	(6, 1.279)	0	0	0
r7i1231p1f1	1870-06-14	4	1.059	1.153	0.629	2.24834007814165	1.797078630705655	(4, 1.059)	1	1	1
r7i1231p1f1	1871-07-11	3	1.001	1.086	0.297	1.82476678051635	0.9334456490554206	(3, 1.001)	1	1	1
r7i1231p1f1	1875-06-16	6	1.073	1.387	1.025	2.819580542025772	2.7766032730187584	(6, 1.073)	0	3	3
r7i1231p1f1	1876-05-30	9	1.157	1.419	2.292	3.473176899787652	4.141291759329268	(9, 1.157)	0	3	2
r7i1231p1f1	1876-07-02	3	1.079	1.163	0.529	1.888076485048371	1.3214263541376352	(3, 1.079)	1	1	1
r7i1231p1f1	1877-06-28	7	1.472	1.601	3.989	3.3415118305652642	4.315850958914475	(7, 1.472)	2	0	0
r7i1231p1f1	1877-08-22	7	1.1	1.18	1.381	3.062094993665796	3.280026536004749	(7, 1.1)	1	3	2
r7i1231p1f1	1882-06-29	10	1.087	1.277	1.846	3.5659759043927552	4.08388413567183	(10, 1.087)	0	3	2
r7i1231p1f1	1882-07-31	9	1.071	1.256	1.522	3.3984268806994877	3.7399052127169803	(9, 1.071)	0	3	2
r7i1231p1f1	1882-08-17	4	1.199	1.451	1.188	2.3600989991946526	2.351756137000495	(4, 1.199)	0	3	3
r7i1231p1f1	1883-06-16	12	1.139	1.485	2.838	3.8784112229867427	4.778900313630114	(12, 1.139)	2	2	2
r7i1231p1f1	1883-07-01	4	1.053	1.145	0.602	2.243259626909231	1.7606127402312182	(4, 1.053)	1	1	1
r7i1231p1f1	1883-07-19	3	0.993	1.034	0.273	1.8180409580317884	0.8831680263634194	(3, 0.993)	1	1	1
r7i1231p1f1	1883-07-26	5	1.037	1.105	0.672	2.5332214996909945	2.141616538032485	(5, 1.037)	1	1	1
r7i1231p1f1	1883-08-20	3	1.018	1.061	0.348	1.8389106984286396	1.0325654459103046	(3, 1.018)	1	1	1
r7i1231p1f1	1886-07-28	3	1.148	1.37	0.736	1.9409238784254021	1.573679779711439	(3, 1.148)	0	3	3
r7i1231p1f1	1887-06-25	5	1.348	1.649	2.228	2.7770225139639684	3.254621170126104	(5, 1.348)	0	0	0
r7i1231p1f1	1888-07-01	4	0.999	1.045	0.389	2.196335293151335	1.413909528152864	(4, 0.999)	1	1	1
r7i1231p1f1	1888-08-21	3	1.08	1.202	0.534	1.888862679459286	1.3283329350556763	(3, 1.08)	1	1	1
r7i1231p1f1	1889-07-17	8	1.032	1.247	1.04	3.192593216922976	3.1999993266399156	(8, 1.032)	1	3	2
r7i1231p1f1	1891-06-26	3	1.098	1.167	0.587	1.9029094972892788	1.3987518118981863	(3, 1.098)	1	1	1
r7i1231p1f1	1893-08-01	3	1.009	1.064	0.321	1.8314476683669307	0.9813159824230566	(3, 1.009)	1	1	1
r7i1231p1f1	1893-08-20	6	1.008	1.165	0.636	2.760928123712019	2.3367210601767905	(6, 1.008)	1	1	1
r7i1231p1f1	1894-05-31	3	1.082	1.222	0.54	1.8904332164023727	1.3365583557022844	(3, 1.082)	1	1	1
r7i1231p1f1	1894-07-08	6	1.104	1.353	1.211	2.846386203028838	2.933750080680026	(6, 1.104)	0	3	3
r7i1231p1f1	1896-08-06	9	1.285	1.539	3.446	3.575010622954424	4.543741490991443	(9, 1.285)	2	2	0
r7i1231p1f1	1897-07-29	7	1.15	1.377	1.733	3.1045103551082263	3.4994006196418486	(7, 1.15)	0	3	2
r7i1231p1f1	1900-06-15	4	1.218	1.481	1.262	2.3743474592209366	2.4065846830125306	(4, 1.218)	0	3	3
r7i1231p1f1	1900-06-29	6	1.005	1.18	0.617	2.758136233143976	2.3093631726025574	(6, 1.005)	1	1	1
r7i1231p1f1	1900-07-17	3	1.0	1.057	0.292	1.823928522430647	0.9231775660711189	(3, 1.0)	1	1	1
r7i1231p1f1	1900-07-24	3	1.224	1.356	0.965	1.9960722377456375	1.794137820026899	(3, 1.224)	0	3	3
r7i1231p1f1	1901-06-13	3	0.995	1.046	0.278	1.8197266593443935	0.8938530282047964	(3, 0.995)	1	1	1
r7i1231p1f1	1901-06-30	4	1.082	1.245	0.717	2.2675794837952306	1.9074662769400255	(4, 1.082)	1	1	3
r7i1231p1f1	1901-08-04	6	1.032	1.135	0.779	2.7829870027060535	2.5216334751591303	(6, 1.032)	1	1	1
r7i1231p1f1	1905-05-31	6	1.016	1.075	0.685	2.768335281171458	2.4040041069851177	(6, 1.016)	1	1	1
r7i1231p1f1	1905-07-15	4	1.103	1.205	0.805	2.2848283714047866	2.0068708488450007	(4, 1.103)	1	1	3
r7i1231p1f1	1909-07-19	6	1.091	1.192	1.136	2.835232472259433	2.873322920357319	(6, 1.091)	1	3	3
r7i1231p1f1	1910-05-28	12	1.626	1.963	8.686	4.228169359719985	5.891838224907437	(12, 1.626)	2	2	4
r7i1231p1f1	1910-06-25	3	1.011	1.105	0.327	1.8331109394483338	0.9929338862767116	(3, 1.011)	1	1	1
r7i1231p1f1	1910-08-24	3	0.998	1.117	0.287	1.8222498952796893	0.9128029547713848	(3, 0.998)	1	1	1
r7i1231p1f1	1911-06-30	9	1.082	1.194	1.62	3.4083053931215335	3.8008679560619836	(9, 1.082)	0	3	2
r7i1231p1f1	1911-07-21	4	1.08	1.167	0.709	2.265921108622454	1.8979196650564456	(4, 1.08)	1	1	1
r7i1231p1f1	1911-08-18	3	1.021	1.046	0.357	1.841386049152454	1.0490810952214835	(3, 1.021)	1	1	1
r7i1231p1f1	1913-08-11	4	0.98	1.054	0.313	2.179286876649552	1.253905173074145	(4, 0.98)	1	1	1
r7i1231p1f1	1914-06-19	4	1.102	1.164	0.8	2.28401370740861	2.0014800002101243	(4, 1.102)	1	1	1
r7i1231p1f1	1915-06-02	3	1.035	1.105	0.4	1.8528573527641976	1.1244297867383737	(3, 1.035)	1	1	1
r7i1231p1f1	1917-06-19	17	1.241	1.521	5.766	4.477168156888767	6.004269857127643	(17, 1.241)	2	2	4
r7i1231p1f1	1917-07-27	10	1.215	1.419	3.124	3.6743157556951775	4.603063509539311	(10, 1.215)	2	2	2
r7i1231p1f1	1918-08-18	3	0.969	1.057	0.2	1.7975877347776366	0.7125725232330974	(3, 0.969)	1	1	1
r7i1231p1f1	1922-07-02	4	1.289	1.448	1.547	2.425864109154217	2.5934620563423456	(4, 1.289)	0	0	3
r7i1231p1f1	1922-07-23	7	1.124	1.256	1.555	3.0826790004122553	3.394474937278486	(7, 1.124)	0	3	2
r7i1231p1f1	1923-07-01	6	1.514	2.042	3.673	3.1463552307114115	4.00700322082667	(6, 1.514)	2	0	0
r7i1231p1f1	1925-06-23	4	1.273	1.509	1.484	2.4144841854914545	2.555054409690082	(4, 1.273)	0	0	0
r7i1231p1f1	1926-08-13	6	1.088	1.292	1.116	2.8326407708079397	2.8565726904904096	(6, 1.088)	1	3	3
r7i1231p1f1	1927-08-13	4	1.122	1.229	0.88	2.3001822083777355	2.084429083190875	(4, 1.122)	1	3	3
r7i1231p1f1	1930-07-21	3	1.212	1.453	0.93	1.9875642639627233	1.7634323091555903	(3, 1.212)	0	3	3
r7i1231p1f1	1934-07-16	6	1.47	1.832	3.407	3.118148980769016	3.9332455912034665	(6, 1.47)	2	0	0
r7i1231p1f1	1934-08-01	3	1.215	1.326	0.939	1.9896980531777022	1.7714185082929799	(3, 1.215)	0	3	3
r7i1231p1f1	1934-08-07	3	1.305	1.394	1.209	2.0516821543923536	1.9854259119535547	(3, 1.305)	0	3	3
r7i1231p1f1	1935-06-07	5	1.463	1.839	2.806	2.853986506886148	3.477294893407349	(5, 1.463)	2	0	0
r7i1231p1f1	1935-07-03	4	0.98	1.036	0.312	2.179286876649552	1.251619457793289	(4, 0.98)	1	1	1
r7i1231p1f1	1935-08-12	3	1.116	1.255	0.642	1.9167617321445913	1.4669360867411914	(3, 1.116)	1	3	3
r7i1231p1f1	1937-06-25	3	1.077	1.204	0.526	1.886502239488306	1.3172593925889304	(3, 1.077)	1	1	1
r7i1231p1f1	1937-07-06	3	1.234	1.363	0.995	2.0031073361399168	1.8197266593443935	(3, 1.234)	0	3	3
r7i1231p1f1	1938-07-11	4	1.116	1.187	0.854	2.295359047902306	2.0582179052282092	(4, 1.116)	1	1	3
r7i1231p1f1	1939-08-11	3	1.194	1.348	0.875	1.9746650211180787	1.7131911436783835	(3, 1.194)	0	3	3
r7i1231p1f1	1939-08-17	3	1.02	1.07	0.354	1.8405616128750606	1.0436061303477935	(3, 1.02)	1	1	1
r7i1231p1f1	1939-08-22	5	0.989	1.105	0.433	2.4896749424512117	1.764916938981572	(5, 0.989)	1	1	1
r7i1231p1f1	1943-06-27	3	1.302	1.521	1.2	2.049676739221073	1.9789832829743619	(3, 1.302)	0	0	3
r7i1231p1f1	1944-08-05	6	1.141	1.299	1.434	2.877467002965048	3.0944643078990266	(6, 1.141)	0	3	3
r7i1231p1f1	1944-08-21	7	1.433	1.644	3.717	3.3156224779520054	4.246204095985997	(7, 1.433)	2	0	0
r7i1231p1f1	1945-06-05	6	1.106	1.256	1.226	2.848091173131013	2.945409379118862	(6, 1.106)	0	3	3
r7i1231p1f1	1945-06-22	6	1.152	1.334	1.497	2.886523981474272	3.1355514694935467	(6, 1.152)	0	3	3
r7i1231p1f1	1945-06-30	6	1.268	1.593	2.192	2.9773502528361053	3.5030223274648264	(6, 1.268)	0	0	0
r7i1231p1f1	1945-07-12	3	1.263	1.339	1.082	2.023233625810394	1.8904332164023727	(3, 1.263)	0	3	3
r7i1231p1f1	1951-07-15	3	1.085	1.255	0.549	1.8927844066300867	1.3487710034605538	(3, 1.085)	1	1	1
r7i1231p1f1	1951-08-28	5	1.089	1.262	0.934	2.5783507059424244	2.4373290274982997	(5, 1.089)	1	3	3
r7i1231p1f1	1952-08-01	3	1.177	1.319	0.825	1.962327697904164	1.6652180182711651	(3, 1.177)	0	3	3
r7i1231p1f1	1952-08-11	3	0.972	1.07	0.21	1.800167382597555	0.7377342425188093	(3, 0.972)	1	1	1
r7i1231p1f1	1953-07-03	10	1.128	1.45	2.254	3.601972399138012	4.280516176637342	(10, 1.128)	0	3	2
r7i1231p1f1	1954-08-21	4	1.051	1.178	0.594	2.241560391156271	1.7495476204187455	(4, 1.051)	1	1	1
r7i1231p1f1	1956-06-14	6	1.377	1.513	2.851	3.055777162881527	3.75889447229873	(6, 1.377)	0	0	0
r7i1231p1f1	1957-07-31	3	1.106	1.222	0.612	1.9090897475184052	1.4303220796589575	(3, 1.106)	1	1	3
r7i1231p1f1	1959-07-03	4	1.133	1.338	0.922	2.308964699958085	2.125370473568236	(4, 1.133)	0	3	3
r7i1231p1f1	1963-06-10	4	1.115	1.232	0.851	2.2945529212967815	2.0551488491107914	(4, 1.115)	1	3	3
r7i1231p1f1	1963-06-27	4	1.327	1.551	1.699	2.45238345808244	2.6804734333319757	(4, 1.327)	0	0	0
r7i1231p1f1	1965-06-13	5	1.315	1.501	2.065	2.753797451543958	3.181688959738842	(5, 1.315)	0	0	0
r7i1231p1f1	1965-07-04	5	0.977	1.023	0.374	2.4784854169022004	1.6450843836505786	(5, 0.977)	1	1	1
r7i1231p1f1	1965-07-13	4	1.104	1.218	0.807	2.285642372263734	2.0090190773832903	(4, 1.104)	1	3	3
r7i1231p1f1	1966-08-07	3	1.119	1.297	0.651	1.9190518967353905	1.4776638838106866	(3, 1.119)	1	3	3
r7i1231p1f1	1967-07-21	4	1.218	1.255	1.261	2.3743474592209366	2.405863442447547	(4, 1.218)	0	3	3
r7i1231p1f1	1968-06-30	3	1.015	1.048	0.338	1.8364292051354612	1.0138890260833204	(3, 1.015)	1	1	1
r7i1231p1f1	1972-06-03	4	1.549	1.843	2.588	2.5946575137471193	3.077496575356631	(4, 1.549)	2	0	0
r7i1231p1f1	1972-07-01	5	1.38	1.717	2.387	2.799040094911151	3.3209800116498736	(5, 1.38)	0	0	0
r7i1231p1f1	1972-07-08	5	1.108	1.332	1.028	2.5943450840730553	2.5251996567669273	(5, 1.108)	0	3	3
r7i1231p1f1	1972-07-17	6	1.209	1.439	1.843	2.932185185805167	3.335287523362873	(6, 1.209)	0	3	3
r7i1231p1f1	1973-07-04	7	1.2	1.339	2.086	3.1451996185092757	3.6796686809856953	(7, 1.2)	0	3	2
r7i1231p1f1	1973-08-21	8	1.319	1.552	3.336	3.4289929157069383	4.337095468241586	(8, 1.319)	2	0	0
r7i1231p1f1	1976-07-24	8	1.073	1.327	1.363	3.229982652614875	3.4607600866909953	(8, 1.073)	0	3	2
r7i1231p1f1	1977-06-12	6	1.031	1.211	0.775	2.782077532552832	2.516899970321259	(6, 1.031)	1	1	1
r7i1231p1f1	1979-06-23	5	1.202	1.318	1.497	2.6699168489952196	2.875651094840324	(5, 1.202)	0	3	3
r7i1231p1f1	1979-07-01	3	1.15	1.353	0.745	1.9424148026019987	1.5833266728259545	(3, 1.15)	0	3	3
r7i1231p1f1	1979-08-17	5	1.092	1.212	0.947	2.5808932036141434	2.4499512562454306	(5, 1.092)	1	3	3
r7i1231p1f1	1980-07-12	3	1.054	1.105	0.456	1.8682180158529837	1.2147481921777037	(3, 1.054)	1	1	1
r7i1231p1f1	1981-08-12	3	1.001	1.114	0.296	1.82476678051635	0.9314004498222589	(3, 1.001)	1	1	1
r7i1231p1f1	1981-08-20	5	1.302	1.582	1.998	2.74449800492959	3.150096606065442	(5, 1.302)	0	0	0
r7i1231p1f1	1983-06-01	4	1.191	1.371	1.157	2.3540383745829616	2.327862900178314	(4, 1.191)	0	3	3
r7i1231p1f1	1984-06-22	3	1.22	1.464	0.955	1.993244281711825	1.7854606002200222	(3, 1.22)	0	3	3
r7i1231p1f1	1984-07-24	4	1.172	1.392	1.081	2.3394954470141425	2.2667506399848296	(4, 1.172)	0	3	3
r7i1231p1f1	1986-06-08	3	1.101	1.281	0.596	1.90523156945898	1.4102322606770266	(3, 1.101)	1	1	3
r7i1231p1f1	1986-07-01	7	1.111	1.377	1.459	3.0715819541238516	3.3329563039325407	(7, 1.111)	0	3	2
r7i1231p1f1	1986-08-18	3	1.037	1.058	0.403	1.8544854208953232	1.129480726926565	(3, 1.037)	1	1	1
r7i1231p1f1	1986-08-26	4	1.301	1.488	1.596	2.43431486367194	2.6223470589092384	(4, 1.301)	0	0	0
r7i1231p1f1	1988-08-09	3	1.196	1.363	0.881	1.9761065146616097	1.7187962772257745	(3, 1.196)	0	3	3
r7i1231p1f1	1989-07-13	3	1.355	1.546	1.359	2.0845269058647236	2.0871084683480854	(3, 1.355)	0	0	0
r7i1231p1f1	1989-08-06	4	1.097	1.304	0.778	2.2799304024292395	1.9774088161146843	(4, 1.097)	1	3	3
r7i1231p1f1	1990-08-06	5	0.98	1.087	0.388	2.4812945581783787	1.6748457823940046	(5, 0.98)	1	1	1
r7i1231p1f1	1991-07-12	7	1.139	1.271	1.655	3.0953321124697535	3.454770657972754	(7, 1.139)	0	3	2
r7i1231p1f1	1992-06-17	3	1.129	1.209	0.681	1.926648119458506	1.5126141437016694	(3, 1.129)	1	1	3
r7i1231p1f1	1994-06-21	6	1.158	1.331	1.534	2.891429794248112	3.158917883455487	(6, 1.158)	0	3	3
r7i1231p1f1	1994-08-15	3	1.111	1.208	0.627	1.9129330972319676	1.4487966470299802	(3, 1.111)	1	1	1
r7i1231p1f1	1995-06-03	8	1.284	1.496	3.055	3.402982568114627	4.250304446291885	(8, 1.284)	2	0	0
r7i1231p1f1	1995-08-12	11	0.996	1.214	1.028	3.619983217327356	3.6507723420395557	(11, 0.996)	1	3	2
r7i1231p1f1	1998-07-12	5	1.302	1.58	2.001	2.74449800492959	3.151532739516201	(5, 1.302)	0	0	0
r7i1231p1f1	1999-08-13	7	1.076	1.135	1.214	3.0410783648950126	3.156302076999776	(7, 1.076)	1	3	2
r7i1231p1f1	2000-08-04	3	0.999	1.056	0.292	1.8230895610787659	0.9231775660711189	(3, 0.999)	1	1	1
r7i1231p1f1	2001-08-01	4	1.054	1.138	0.608	2.2441081632350697	1.7688319645843502	(4, 1.054)	1	1	1
r7i1231p1f1	2002-08-24	5	0.941	1.103	0.194	2.444145402913586	1.153411643392153	(5, 0.941)	1	1	1
r7i1231p1f1	2003-07-06	3	1.282	1.471	1.139	2.0362035327569803	1.9341870743280345	(3, 1.282)	0	3	3
r7i1231p1f1	2003-08-25	3	1.11	1.252	0.624	1.9121656080879328	1.4451289374708147	(3, 1.11)	1	1	3
r7i1231p1f1	2004-06-04	15	1.358	2.16	6.843	4.380684118430159	5.987813830271825	(15, 1.358)	2	2	4
r7i1231p1f1	2004-06-25	5	1.246	1.432	1.72	2.7034197303220164	3.007175776521023	(5, 1.246)	0	3	3
r7i1231p1f1	2004-07-16	6	0.931	0.996	0.172	2.6866801258177277	1.260695257271877	(6, 0.931)	1	1	1
r7i1231p1f1	2004-07-28	3	1.132	1.298	0.689	1.9289157796740044	1.5217315345498066	(3, 1.132)	1	3	3
r7i1231p1f1	2005-06-09	3	0.956	1.022	0.16	1.786331718287074	0.6050721768288292	(3, 0.956)	1	1	1
r7i1231p1f1	2006-07-26	5	1.043	1.122	0.706	2.5385338665858783	2.1853004286946285	(5, 1.043)	1	1	1
r7i1231p1f1	2010-06-07	4	1.255	1.522	1.413	2.401525040848949	2.5099244127632883	(4, 1.255)	0	0	3
r7i1231p1f1	2010-08-04	5	1.219	1.471	1.583	2.682994534677954	2.9284421324152365	(5, 1.219)	0	3	3
r7i1251p1f1	1852-06-25	5	1.432	1.806	2.625	2.8338159106469982	3.4127435409683295	(5, 1.432)	2	0	0
r7i1251p1f1	1852-07-17	6	1.267	1.414	2.155	2.9766014927749125	3.4865154539203256	(6, 1.267)	0	0	0
r7i1251p1f1	1852-07-25	5	1.239	1.47	1.658	2.698164236965281	2.9723102844700673	(5, 1.239)	0	3	3
r7i1251p1f1	1852-08-11	8	1.061	1.282	1.229	3.2191833549697977	3.3606911529251566	(8, 1.061)	0	3	2
r7i1251p1f1	1853-08-01	4	1.074	1.129	0.668	2.260929417725213	1.847509484332547	(4, 1.074)	1	1	1
r7i1251p1f1	1853-08-08	4	1.086	1.23	0.717	2.2708880062507912	1.9074662769400255	(4, 1.086)	1	1	1
r7i1251p1f1	1854-06-05	5	1.21	1.355	1.515	2.6760923635947345	2.8869333494258425	(5, 1.21)	0	3	3
r7i1251p1f1	1855-06-23	4	1.079	1.252	0.688	2.265090888566465	1.8724173722455095	(4, 1.079)	1	1	1
r7i1251p1f1	1858-07-20	11	1.38	1.563	5.204	3.938594131873732	5.251523772775081	(11, 1.38)	2	2	4
r7i1251p1f1	1860-07-17	4	1.102	1.163	0.778	2.28401370740861	1.9774088161146843	(4, 1.102)	1	1	1
r7i1251p1f1	1860-08-23	3	1.088	1.217	0.542	1.895130081726901	1.3392851959703287	(3, 1.088)	1	1	1
r7i1251p1f1	1861-07-07	3	1.068	1.182	0.482	1.879387304251124	1.25406083097726	(3, 1.068)	1	1	1
r7i1251p1f1	1861-07-28	5	0.931	1.037	0.117	2.434393440113265	0.8364245742442725	(5, 0.931)	1	1	1
r7i1251p1f1	1863-06-22	4	1.271	1.531	1.455	2.4130525460200167	2.5368663887187113	(4, 1.271)	0	0	0
r7i1251p1f1	1864-08-25	3	1.033	1.119	0.377	1.85122662970424	1.084834294313253	(3, 1.033)	1	1	1
r7i1251p1f1	1865-06-17	5	1.169	1.343	1.31	2.644031887992001	2.7502309682406123	(5, 1.169)	0	3	3
r7i1251p1f1	1869-08-27	3	1.12	1.275	0.639	1.9198141208902906	1.463334426473694	(3, 1.12)	1	3	3
r7i1251p1f1	1870-06-25	4	1.064	1.246	0.628	2.2525541593884806	1.7957514904975924	(4, 1.064)	1	1	1
r7i1251p1f1	1870-07-06	3	1.042	1.177	0.404	1.8585440324455398	1.131158720187866	(3, 1.042)	1	1	1
r7i1251p1f1	1871-07-01	3	1.116	1.229	0.626	1.9167617321445913	1.447575571244297	(3, 1.116)	1	1	3
r7i1251p1f1	1872-06-18	3	1.076	1.274	0.507	1.8857141863884672	1.2904575942287915	(3, 1.076)	1	1	1
r7i1251p1f1	1872-06-25	6	1.123	1.286	1.293	2.862467238988614	2.9958893324451923	(6, 1.123)	0	3	3
r7i1251p1f1	1872-08-08	3	1.076	1.245	0.506	1.8857141863884672	1.2890268766635846	(3, 1.076)	1	1	1
r7i1251p1f1	1872-08-22	11	1.112	1.447	2.255	3.727353601050884	4.422074865013016	(11, 1.112)	2	2	2
r7i1251p1f1	1875-06-04	3	1.15	1.233	0.728	1.9424148026019987	1.565025932397384	(3, 1.15)	1	3	3
r7i1251p1f1	1876-07-03	6	1.128	1.252	1.325	2.8666564588923342	3.01912860512168	(6, 1.128)	0	3	3
r7i1251p1f1	1876-07-18	4	1.177	1.234	1.08	2.3433430854662136	2.265921108622454	(4, 1.177)	0	3	3
r7i1251p1f1	1877-06-14	5	1.145	1.32	1.19	2.6247764972967196	2.660581476076026	(5, 1.145)	0	3	3
r7i1251p1f1	1878-08-09	3	1.155	1.284	0.742	1.9461324169557104	1.5801213709606003	(3, 1.155)	1	3	3
r7i1251p1f1	1879-06-24	3	1.041	1.098	0.4	1.8577336268521103	1.1244297867383737	(3, 1.041)	1	1	1
r7i1251p1f1	1879-07-29	4	1.105	1.254	0.79	2.286455711064162	1.9906103279732201	(4, 1.105)	1	3	3
r7i1251p1f1	1880-06-07	4	1.187	1.349	1.118	2.3509942322017334	2.29696935420841	(4, 1.187)	0	3	3
r7i1251p1f1	1881-07-02	10	1.454	1.912	5.465	3.849711702014232	5.158011502511468	(10, 1.454)	2	2	4
r7i1251p1f1	1882-07-30	3	1.084	1.142	0.531	1.8920012906264554	1.3241947132336243	(3, 1.084)	1	1	1
r7i1251p1f1	1882-08-19	3	0.987	1.009	0.238	1.8129667372033864	0.8049945355799463	(3, 0.987)	1	1	1
r7i1251p1f1	1884-06-22	3	1.177	1.295	0.809	1.962327697904164	1.6493674723672203	(3, 1.177)	0	3	3
r7i1251p1f1	1887-06-16	7	1.398	1.714	3.436	3.291803644604537	4.168765505560032	(7, 1.398)	2	0	0
r7i1251p1f1	1887-06-29	6	1.004	1.095	0.577	2.7572038681187534	2.2491983973402982	(6, 1.004)	1	1	1
r7i1251p1f1	1887-07-12	5	1.204	1.394	1.481	2.671464306665527	2.8655144349484867	(5, 1.204)	0	3	3
r7i1251p1f1	1887-07-26	7	1.007	1.122	0.698	2.9780722997119558	2.6338395194794986	(7, 1.007)	1	1	1
r7i1251p1f1	1887-08-13	7	1.25	1.388	2.4	3.184297794990596	3.8165825017015003	(7, 1.25)	0	0	2
r7i1251p1f1	1887-08-23	3	1.181	1.337	0.821	1.9652443208753656	1.6612788732430224	(3, 1.181)	0	3	3
r7i1251p1f1	1889-06-05	7	1.213	1.471	2.143	3.155513119164623	3.705955706885189	(7, 1.213)	0	0	2
r7i1251p1f1	1889-07-04	7	1.135	1.347	1.593	3.091973572750632	3.4178175932410015	(7, 1.135)	0	3	2
r7i1251p1f1	1891-05-31	3	1.26	1.442	1.056	2.021170280523964	1.8698212867532615	(3, 1.26)	0	3	3
r7i1251p1f1	1891-06-13	4	1.219	1.459	1.247	2.375091783780794	2.3957110709835296	(4, 1.219)	0	3	3
r7i1251p1f1	1891-08-10	4	1.221	1.331	1.254	2.376578772902372	2.400800140491001	(4, 1.221)	0	3	3
r7i1251p1f1	1895-07-11	3	1.014	1.057	0.321	1.8356006704133423	0.9813159824230566	(3, 1.014)	1	1	1
r7i1251p1f1	1897-05-30	5	1.094	1.211	0.932	2.5825846178742236	2.435372927072956	(5, 1.094)	1	3	3
r7i1251p1f1	1898-08-18	4	1.158	1.292	1.003	2.3286426273133354	2.199887694755703	(4, 1.158)	0	3	3
r7i1251p1f1	1899-06-10	3	1.031	1.108	0.371	1.8495932430423958	1.0742419116691944	(3, 1.031)	1	1	1
r7i1251p1f1	1900-06-04	4	1.142	1.404	0.938	2.316093443018838	2.1405366410396467	(4, 1.142)	0	3	3
r7i1251p1f1	1900-06-23	4	1.152	1.291	0.978	2.3239551187302383	2.1774752819512013	(4, 1.152)	0	3	3
r7i1251p1f1	1900-07-07	5	1.191	1.477	1.419	2.661362761078819	2.8252346754556843	(5, 1.191)	0	3	3
r7i1251p1f1	1902-07-05	5	1.12	1.265	1.063	2.604316559440932	2.5560406618729825	(5, 1.12)	1	3	3
r7i1251p1f1	1904-06-14	5	1.107	1.204	0.997	2.5935096221564495	2.497065667405072	(5, 1.107)	1	3	3
r7i1251p1f1	1904-08-21	3	1.075	1.192	0.502	1.8849255117711192	1.2832834485922338	(3, 1.075)	1	1	1
r7i1251p1f1	1904-08-27	3	1.14	1.281	0.698	1.9349378532458654	1.531890207711171	(3, 1.14)	1	3	3
r7i1251p1f1	1907-07-04	3	1.055	1.116	0.444	1.8690199726127856	1.196069155321417	(3, 1.055)	1	1	1
r7i1251p1f1	1908-06-22	4	1.345	1.564	1.751	2.464703942470481	2.708583392263869	(4, 1.345)	0	0	0
r7i1251p1f1	1909-07-19	4	0.956	1.027	0.195	2.157328080336907	0.9400072584914712	(4, 0.956)	1	1	1
r7i1251p1f1	1911-06-25	3	0.985	0.99	0.234	1.8112695923709663	0.7956584911963684	(3, 0.985)	1	1	1
r7i1251p1f1	1911-07-24	4	1.063	1.176	0.622	2.251712762620289	1.7877514478305163	(4, 1.063)	1	1	1
r7i1251p1f1	1911-08-07	4	1.321	1.45	1.653	2.4482426654164087	2.654930678771549	(4, 1.321)	0	0	0
r7i1251p1f1	1914-07-11	4	1.222	1.481	1.258	2.377321439108063	2.403696594362457	(4, 1.222)	0	3	3
r7i1251p1f1	1914-07-22	6	1.244	1.422	2.019	2.9592234348299713	3.4233866600797995	(6, 1.244)	0	0	0
r7i1251p1f1	1915-07-05	4	0.963	1.038	0.224	2.1637826901135866	1.026758184900126	(4, 0.963)	1	1	1
r7i1251p1f1	1915-08-15	3	1.073	1.127	0.497	1.8833462940570747	1.2760574624548071	(3, 1.073)	1	1	1
r7i1251p1f1	1915-08-21	5	1.139	1.251	1.161	2.6199041538439554	2.6376545325400946	(5, 1.139)	0	3	3
r7i1251p1f1	1918-06-24	6	1.087	1.193	1.078	2.831775375523783	2.8239529312069283	(6, 1.087)	1	3	3
r7i1251p1f1	1918-08-14	7	1.343	1.653	3.052	3.253188670863081	4.052199314282246	(7, 1.343)	2	0	0
r7i1251p1f1	1919-07-14	4	1.289	1.489	1.528	2.425864109154217	2.582033360518723	(4, 1.289)	0	0	0
r7i1251p1f1	1923-06-18	5	1.167	1.283	1.296	2.642441357949358	2.7401766099921643	(5, 1.167)	0	3	3
r7i1251p1f1	1923-07-07	3	1.077	1.095	0.508	1.886502239488306	1.2918862677653262	(3, 1.077)	1	1	1
r7i1251p1f1	1925-06-13	4	1.025	1.142	0.471	2.2192034840549946	1.5619269297630485	(4, 1.025)	1	1	1
r7i1251p1f1	1925-07-13	4	1.296	1.429	1.555	2.4308023907947995	2.5982353350950036	(4, 1.296)	0	0	3
r7i1251p1f1	1926-06-05	12	1.213	1.47	3.668	3.9400945490437156	5.033543529889119	(12, 1.213)	2	2	4
r7i1251p1f1	1926-08-11	10	1.209	1.61	3.018	3.669491132223029	4.568895542658685	(10, 1.209)	2	2	2
r7i1251p1f1	1928-07-02	5	1.306	1.458	1.994	2.747368594938016	3.148178547520999	(5, 1.306)	0	0	0
r7i1251p1f1	1928-08-15	6	1.288	1.429	2.286	2.992208910404944	3.5437727918561444	(6, 1.288)	0	0	0
r7i1251p1f1	1931-06-30	3	1.02	1.084	0.336	1.8405616128750606	1.0101115172736006	(3, 1.02)	1	1	1
r7i1251p1f1	1932-08-03	3	1.072	1.149	0.494	1.8825557489911475	1.2716966740794537	(3, 1.072)	1	1	1
r7i1251p1f1	1932-08-09	6	1.208	1.409	1.803	2.9314018190726503	3.31413436833679	(6, 1.208)	0	3	3
r7i1251p1f1	1933-06-19	4	1.003	1.087	0.382	2.199887694755703	1.400197266288882	(4, 1.003)	1	1	1
r7i1251p1f1	1934-06-08	16	1.128	1.293	3.525	4.293086125377234	5.423186348593906	(16, 1.128)	2	2	2
r7i1251p1f1	1934-07-19	4	1.141	1.353	0.935	2.3153038654018205	2.1377104498038118	(4, 1.141)	0	3	3
r7i1251p1f1	1934-08-30	3	1.035	1.052	0.382	1.8528573527641976	1.093576371520756	(3, 1.035)	1	1	1
r7i1251p1f1	1935-07-11	7	1.076	1.21	1.182	3.0410783648950126	3.1307414763928896	(7, 1.076)	1	3	2
r7i1251p1f1	1936-08-10	3	1.009	1.065	0.306	1.8314476683669307	0.95166661750653	(3, 1.009)	1	1	1
r7i1251p1f1	1937-07-22	5	1.008	1.071	0.502	2.507139541092265	1.888966428330514	(5, 1.008)	1	1	1
r7i1251p1f1	1937-08-03	3	0.949	0.969	0.125	1.7802178956260757	0.5004837622947399	(3, 0.949)	1	1	1
r7i1251p1f1	1941-06-04	3	1.008	1.106	0.301	1.8306149942480556	0.9415848724799063	(3, 1.008)	1	1	1
r7i1251p1f1	1941-06-17	9	1.063	1.218	1.404	3.391180715275501	3.661199885007194	(9, 1.063)	0	3	2
r7i1251p1f1	1941-07-18	6	1.025	1.168	0.704	2.7766032730187584	2.4289220767434236	(6, 1.025)	1	1	1
r7i1251p1f1	1942-07-02	4	1.181	1.318	1.094	2.3464105725340754	2.2774723921789706	(4, 1.181)	0	3	3
r7i1251p1f1	1942-08-18	7	1.161	1.297	1.775	3.113605123177954	3.522631818092061	(7, 1.161)	0	3	2
r7i1251p1f1	1944-07-29	3	0.99	1.071	0.247	1.8155070660787613	0.825687303217429	(3, 0.99)	1	1	1
r7i1251p1f1	1945-07-04	3	1.02	1.161	0.339	1.8405616128750606	1.0157724428393355	(3, 1.02)	1	1	1
r7i1251p1f1	1945-07-11	5	1.047	1.228	0.696	2.542059830547561	2.1726491218539916	(5, 1.047)	1	1	1
r7i1251p1f1	1945-08-01	3	1.214	1.365	0.92	1.9889872958811943	1.754483303889884	(3, 1.214)	0	3	3
r7i1251p1f1	1945-08-07	10	1.148	1.348	2.404	3.619072346013797	4.344080123735872	(10, 1.148)	0	3	2
r7i1251p1f1	1947-07-14	4	1.042	1.092	0.537	2.233877894984255	1.6669518186347072	(4, 1.042)	1	1	1
r7i1251p1f1	1949-08-04	3	1.059	1.186	0.454	1.8722213837369455	1.2116591485246258	(3, 1.059)	1	1	1
r7i1251p1f1	1952-08-07	5	1.117	1.203	1.048	2.601832996690327	2.542939382390999	(5, 1.117)	1	3	3
r7i1251p1f1	1956-05-26	15	1.259	1.708	5.279	4.305972603736828	5.729067387475112	(15, 1.259)	2	2	4
r7i1251p1f1	1956-07-11	5	1.213	1.456	1.528	2.678398384671134	2.895003202186707	(5, 1.213)	0	3	3
r7i1251p1f1	1960-07-05	5	1.17	1.245	1.314	2.6448262053484672	2.7530851717417453	(5, 1.17)	0	3	3
r7i1251p1f1	1961-08-18	3	1.146	1.247	0.715	1.9394307280744352	1.550801721103776	(3, 1.146)	1	3	3
r7i1251p1f1	1962-05-30	5	1.235	1.389	1.636	2.6951486502583273	2.9596405349594344	(5, 1.235)	0	3	3
r7i1251p1f1	1963-07-04	6	1.11	1.385	1.215	2.8514924172693963	2.9368725428478584	(6, 1.11)	0	3	3
r7i1251p1f1	1963-07-29	5	1.371	1.575	2.318	2.792896490666054	3.292721940368728	(5, 1.371)	0	0	0
r7i1251p1f1	1966-07-10	13	1.137	1.569	2.989	3.994407339862696	4.949475279183333	(13, 1.137)	2	2	2
r7i1251p1f1	1966-08-15	4	1.119	1.25	0.847	2.2977735359968237	2.051042067158138	(4, 1.119)	1	3	3
r7i1251p1f1	1966-08-24	4	1.118	1.288	0.841	2.29696935420841	2.044850096910217	(4, 1.118)	1	3	3
r7i1251p1f1	1967-06-19	5	1.253	1.438	1.727	2.7086477478046924	3.01103690716943	(5, 1.253)	0	3	3
r7i1251p1f1	1967-08-25	3	1.326	1.413	1.256	2.0656085698259683	2.0184125141151683	(3, 1.326)	0	3	3
r7i1251p1f1	1968-08-05	3	1.129	1.331	0.664	1.926648119458506	1.4929591977335592	(3, 1.129)	1	3	3
r7i1251p1f1	1969-08-04	3	1.265	1.449	1.073	2.024606827905257	1.8833462940570747	(3, 1.265)	0	3	3
r7i1251p1f1	1971-08-17	4	1.054	1.147	0.586	2.2441081632350697	1.7383586925009398	(4, 1.054)	1	1	1
r7i1251p1f1	1971-08-25	5	1.261	1.512	1.77	2.7145893474149636	3.0344336980961013	(5, 1.261)	0	0	0
r7i1251p1f1	1973-06-08	4	1.065	1.133	0.632	2.253394848803274	1.8010495161351476	(4, 1.065)	1	1	1
r7i1251p1f1	1973-07-13	5	1.123	1.184	1.077	2.606793969385326	2.5681155749955287	(5, 1.123)	1	3	3
r7i1251p1f1	1973-08-11	4	1.322	1.481	1.66	2.448933989329183	2.658859956911438	(4, 1.322)	0	0	0
r7i1251p1f1	1976-07-11	14	1.17	1.386	3.671	4.131774377728893	5.264236866461319	(14, 1.17)	2	2	4
r7i1251p1f1	1978-07-06	9	1.17	1.47	2.359	3.48400549284947	4.169653003999929	(9, 1.17)	0	0	2
r7i1251p1f1	1978-08-04	3	1.089	1.161	0.545	1.8959107523079055	1.3433615650014081	(3, 1.089)	1	1	1
r7i1251p1f1	1979-07-13	3	0.927	0.932	0.058	1.7607560064208525	0.26342281209819585	(3, 0.927)	1	1	1
r7i1251p1f1	1979-07-18	4	0.999	1.104	0.366	2.196335293151335	1.3681303904922195	(4, 0.999)	1	1	1
r7i1251p1f1	1981-06-04	4	1.041	1.123	0.536	2.2330206296081365	1.6654401025493852	(4, 1.041)	1	1	1
r7i1251p1f1	1981-08-07	5	1.023	1.122	0.58	2.5207151139343873	2.012847193410308	(5, 1.023)	1	1	1
r7i1251p1f1	1981-08-23	4	1.113	1.158	0.825	2.29293871594224	2.028148247292285	(4, 1.113)	1	1	1
r7i1251p1f1	1984-06-11	5	0.981	1.032	0.367	2.482229187719702	1.6298648034081604	(5, 0.981)	1	1	1
r7i1251p1f1	1986-06-11	3	1.195	1.275	0.862	1.9753860276277764	1.7009378220741749	(3, 1.195)	0	3	3
r7i1251p1f1	1986-08-15	4	1.311	1.575	1.615	2.4413030123058683	2.6333266549062735	(4, 1.311)	0	0	0
r7i1251p1f1	1987-06-10	7	1.268	1.52	2.526	3.1980071259094855	3.8666526553500664	(7, 1.268)	0	0	0
r7i1251p1f1	1987-06-27	10	1.064	1.271	1.566	3.5452005868399263	3.9223943992701047	(10, 1.064)	0	3	2
r7i1251p1f1	1987-08-19	3	1.18	1.264	0.819	1.9645159622469717	1.659303466582823	(3, 1.18)	0	3	3
r7i1251p1f1	1988-07-11	3	0.986	1.024	0.236	1.8121185248247058	0.8003374085641805	(3, 0.986)	1	1	1
r7i1251p1f1	1990-07-04	5	1.15	1.315	1.212	2.628818727167972	2.677630301686766	(5, 1.15)	0	3	3
r7i1251p1f1	1996-06-09	6	1.107	1.246	1.195	2.8489425693235604	2.9211618113165834	(6, 1.107)	1	3	3
r7i1251p1f1	1996-07-01	3	1.253	1.482	1.037	2.0163391868484126	1.8544854208953232	(3, 1.253)	0	3	3
r7i1251p1f1	1996-07-31	3	0.93	0.973	0.069	1.7634323091555903	0.30640655785500803	(3, 0.93)	1	1	1
r7i1251p1f1	1996-08-18	3	1.069	1.145	0.485	1.8801803570932276	1.2584990357648542	(3, 1.069)	1	1	1
r7i1251p1f1	1998-07-16	4	1.179	1.326	1.088	2.344878005184297	2.272538171641749	(4, 1.179)	0	3	3
r7i1251p1f1	1998-08-17	4	1.01	1.073	0.412	2.206074192613202	1.4576843572065634	(4, 1.01)	1	1	1
r7i1251p1f1	1998-08-28	3	1.138	1.247	0.692	1.9334357313176844	1.525129238362278	(3, 1.138)	1	3	3
r7i1251p1f1	2001-05-30	6	0.993	1.084	0.512	2.7468900652995654	2.1429833736897184	(6, 0.993)	1	1	1
r7i1251p1f1	2001-08-04	3	1.052	1.21	0.433	1.866612170346783	1.1786346881452736	(3, 1.052)	1	1	1
r7i1251p1f1	2003-08-01	6	1.274	1.496	2.197	2.9818310777909534	3.505232232695825	(6, 1.274)	0	0	0
r7i1251p1f1	2003-08-23	3	1.076	1.197	0.507	1.8857141863884672	1.2904575942287915	(3, 1.076)	1	1	1
r7i1251p1f1	2003-08-30	3	1.206	1.267	0.896	1.9832829775946443	1.7326731813051846	(3, 1.206)	0	3	3
r7i1251p1f1	2005-05-28	10	1.119	1.461	2.113	3.5941809801547513	4.216841314681406	(10, 1.119)	0	3	2
r7i1251p1f1	2007-08-16	3	0.992	1.093	0.255	1.8171970405807354	0.8437281541849686	(3, 0.992)	1	1	1
r7i1251p1f1	2007-08-21	5	1.046	1.156	0.691	2.5411795044115975	2.166262936924905	(5, 1.046)	1	1	1
r7i1251p1f1	2008-07-07	4	1.051	1.134	0.576	2.241560391156271	1.724194149732289	(4, 1.051)	1	1	1
r7i1251p1f1	2009-07-30	3	1.077	1.169	0.51	1.886502239488306	1.2947375060561312	(3, 1.077)	1	1	1
r7i1251p1f1	2009-08-06	4	1.093	1.237	0.743	2.276651710967541	1.937877977358049	(4, 1.093)	1	1	3
r7i1251p1f1	2010-06-18	4	1.082	1.16	0.697	2.2675794837952306	1.8834266577538787	(4, 1.082)	1	1	1
r7i1251p1f1	2010-06-28	4	1.073	1.116	0.661	2.2600950413730936	1.8386430551269055	(4, 1.073)	1	1	1
r7i1251p1f1	2010-08-19	3	0.982	1.103	0.225	1.8087184623074828	0.774328145607613	(3, 0.982)	1	1	1
r7i1281p1f1	1852-07-10	3	1.073	1.179	0.524	1.8833462940570747	1.3144717404249726	(3, 1.073)	1	1	1
r7i1281p1f1	1853-07-25	3	1.211	1.493	0.938	1.9868519878999251	1.770534295917709	(3, 1.211)	0	3	3
r7i1281p1f1	1855-06-11	6	1.525	1.785	3.763	3.1532842116730038	4.030775871314831	(6, 1.525)	2	0	0
r7i1281p1f1	1855-07-06	6	1.041	1.111	0.856	2.791135225981212	2.6086407809359966	(6, 1.041)	1	1	1
r7i1281p1f1	1856-06-21	6	1.041	1.156	0.86	2.791135225981212	2.612960249048462	(6, 1.041)	1	1	1
r7i1281p1f1	1856-08-01	7	1.145	1.349	1.725	3.1003488666882824	3.494913779376485	(7, 1.145)	0	3	2
r7i1281p1f1	1856-08-14	6	1.187	1.379	1.733	2.914807749383393	3.276004246864646	(6, 1.187)	0	3	3
r7i1281p1f1	1856-08-22	3	1.027	1.093	0.387	1.8463184440077063	1.1022426866539408	(3, 1.027)	1	1	1
r7i1281p1f1	1859-06-13	3	1.119	1.249	0.662	1.9190518967353905	1.4906212461277157	(3, 1.119)	1	3	3
r7i1281p1f1	1860-07-04	5	1.27	1.504	1.861	2.7212317190546886	3.0822132508940547	(5, 1.27)	0	0	0
r7i1281p1f1	1861-06-12	6	1.169	1.341	1.628	2.9003617500024856	3.215936140527322	(6, 1.169)	0	3	3
r7i1281p1f1	1861-08-06	3	0.945	1.011	0.139	1.776707426721953	0.5436403934265805	(3, 0.945)	1	1	1
r7i1281p1f1	1861-08-11	16	1.234	1.622	5.379	4.381726589664879	5.844286170849473	(16, 1.234)	2	2	4
r7i1281p1f1	1864-07-20	3	1.12	1.223	0.667	1.9198141208902906	1.4964559081980222	(3, 1.12)	1	1	3
r7i1281p1f1	1866-06-27	11	1.298	1.733	4.395	3.878564846956983	5.083527733201545	(11, 1.298)	2	2	4
r7i1281p1f1	1867-06-27	3	1.132	1.185	0.7	1.9289157796740044	1.5341337442388472	(3, 1.132)	1	1	3
r7i1281p1f1	1868-07-03	3	1.18	1.289	0.846	1.9645159622469717	1.6856477362196745	(3, 1.18)	0	3	3
r7i1281p1f1	1869-07-15	3	1.233	1.442	1.005	2.0024060492939144	1.8281128037140733	(3, 1.233)	0	3	3
r7i1281p1f1	1869-07-28	3	1.017	1.189	0.357	1.83808421800981	1.0490810952214835	(3, 1.017)	1	1	1
r7i1281p1f1	1870-07-24	7	1.082	1.438	1.287	3.0463740761920235	3.2122770431740846	(7, 1.082)	0	3	2
r7i1281p1f1	1871-06-12	8	1.034	1.384	1.09	3.1944498929273033	3.245084732289115	(8, 1.034)	0	3	2
r7i1281p1f1	1874-06-02	4	1.055	1.121	0.629	2.2449559801574095	1.797078630705655	(4, 1.055)	1	1	1
r7i1281p1f1	1874-06-09	3	1.051	1.155	0.459	1.8658082795298527	1.2193639394076574	(3, 1.051)	1	1	1
r7i1281p1f1	1874-06-28	4	1.044	1.22	0.583	2.2355902241697674	1.7341303563914185	(4, 1.044)	1	1	1
r7i1281p1f1	1874-07-14	3	1.194	1.33	0.888	1.9746650211180787	1.7252961370721198	(3, 1.194)	0	3	3
r7i1281p1f1	1876-07-20	3	1.076	1.151	0.534	1.8857141863884672	1.3283329350556763	(3, 1.076)	1	1	1
r7i1281p1f1	1878-07-19	3	1.234	1.368	1.008	2.0031073361399168	1.8306149942480556	(3, 1.234)	0	3	3
r7i1281p1f1	1879-05-31	3	1.131	1.214	0.699	1.9281604641562224	1.533012605156896	(3, 1.131)	1	1	3
r7i1281p1f1	1879-06-23	5	1.237	1.469	1.694	2.696657580331772	2.9927024768229487	(5, 1.237)	0	3	3
r7i1281p1f1	1879-08-23	3	1.15	1.283	0.755	1.9424148026019987	1.5939374138423597	(3, 1.15)	1	3	3
r7i1281p1f1	1880-06-14	4	1.217	1.377	1.274	2.373602580229326	2.41519923736318	(4, 1.217)	0	3	3
r7i1281p1f1	1880-07-02	3	1.215	1.302	0.95	1.9896980531777022	1.7810935906961989	(3, 1.215)	0	3	3
r7i1281p1f1	1880-07-22	3	1.029	1.081	0.391	1.8479571840630418	1.1091220660640169	(3, 1.029)	1	1	1
r7i1281p1f1	1882-06-24	3	0.978	1.063	0.24	1.80530679991362	0.809630074264434	(3, 0.978)	1	1	1
r7i1281p1f1	1884-08-10	6	0.998	1.146	0.597	2.7515913484795305	2.2797331917661383	(6, 0.998)	1	1	1
r7i1281p1f1	1886-07-23	5	1.24	1.426	1.712	2.698916714880855	3.0027447231262783	(5, 1.24)	0	3	3
r7i1281p1f1	1887-06-21	5	1.392	1.784	2.469	2.807173291810953	3.3535556291937247	(5, 1.392)	2	0	0
r7i1281p1f1	1889-06-09	3	0.967	1.047	0.205	1.7958642651405032	0.7252325198030569	(3, 0.967)	1	1	1
r7i1281p1f1	1890-08-23	4	1.184	1.335	1.145	2.3487050286075988	2.318458442150336	(4, 1.184)	0	3	3
r7i1281p1f1	1891-06-12	4	1.178	1.312	1.12	2.344110839822544	2.298577071596507	(4, 1.178)	0	3	3
r7i1281p1f1	1891-07-29	7	0.977	1.124	0.552	2.9493895059243997	2.4179815555783173	(7, 0.977)	1	1	1
r7i1281p1f1	1892-07-25	18	1.267	1.659	6.644	4.582491594876237	6.231240775464052	(18, 1.267)	2	2	4
r7i1281p1f1	1896-07-04	4	1.282	1.484	1.535	2.420901319812088	2.5862591440482876	(4, 1.282)	0	0	0
r7i1281p1f1	1898-06-18	13	1.321	1.542	5.503	4.141834390107037	5.556586846105219	(13, 1.321)	2	2	4
r7i1281p1f1	1898-07-03	4	1.146	1.26	0.993	2.3192455338871527	2.1909829164127435	(4, 1.146)	1	3	3
r7i1281p1f1	1898-07-18	3	1.045	1.231	0.441	1.8609713161181207	1.1913443657207363	(3, 1.045)	1	1	1
r7i1281p1f1	1902-08-01	3	1.34	1.437	1.325	2.074786253423948	2.0649497866137057	(3, 1.34)	0	0	3
r7i1281p1f1	1905-06-11	11	1.304	1.543	4.46	3.8830815320527927	5.098118634339925	(11, 1.304)	2	2	4
r7i1281p1f1	1905-07-14	4	1.001	1.051	0.413	2.1981130713973345	1.4595448228594832	(4, 1.001)	1	1	1
r7i1281p1f1	1905-08-03	5	1.257	1.627	1.797	2.7116229604290782	3.048849765029036	(5, 1.257)	0	0	0
r7i1281p1f1	1908-06-28	5	1.568	1.741	3.347	2.9194327525194956	3.648593711708222	(5, 1.568)	2	0	0
r7i1281p1f1	1908-08-26	5	1.298	1.468	1.997	2.741619150905877	3.1496174362204905	(5, 1.298)	0	0	0
r7i1281p1f1	1911-06-22	4	1.236	1.501	1.353	2.387661265349165	2.470131364205846	(4, 1.236)	0	3	3
r7i1281p1f1	1911-07-26	14	1.088	1.364	2.657	4.0603210257848685	4.942942801558686	(14, 1.088)	2	2	2
r7i1281p1f1	1913-06-12	8	1.384	1.617	3.89	3.4755731432605774	4.488868389129304	(8, 1.384)	2	0	0
r7i1281p1f1	1913-07-18	3	1.107	1.218	0.627	1.9098596000764794	1.4487966470299802	(3, 1.107)	1	1	3
r7i1281p1f1	1913-08-13	3	1.037	1.101	0.416	1.8544854208953232	1.151078041275708	(3, 1.037)	1	1	1
r7i1281p1f1	1919-06-10	3	1.156	1.236	0.773	1.9468742842202946	1.6127575608495572	(3, 1.156)	1	3	3
r7i1281p1f1	1919-08-09	4	1.03	1.106	0.527	2.2235418856535927	1.6517308246243518	(4, 1.03)	1	1	1
r7i1281p1f1	1920-07-07	13	1.148	1.411	3.254	4.003858924882788	5.033844075001006	(13, 1.148)	2	2	2
r7i1281p1f1	1921-07-04	3	1.013	1.101	0.346	1.8347714486521625	1.0288579624396714	(3, 1.013)	1	1	1
r7i1281p1f1	1921-08-15	3	1.055	1.121	0.471	1.8690199726127856	1.2376167822498452	(3, 1.055)	1	1	1
r7i1281p1f1	1922-06-01	4	0.881	0.981	-0.068	2.0854236133573836	-0.785262469467751	(4, 0.881)	1	1	1
r7i1281p1f1	1922-06-15	4	1.445	1.726	2.187	2.5305171610400525	2.917554492489967	(4, 1.445)	0	0	0
r7i1281p1f1	1925-07-23	5	1.419	1.654	2.603	2.8252346754556843	3.404605724229986	(5, 1.419)	0	0	0
r7i1281p1f1	1929-06-12	3	1.125	1.303	0.681	1.9236165511600132	1.5126141437016694	(3, 1.125)	1	3	3
r7i1281p1f1	1929-06-19	4	0.996	1.111	0.392	2.193662685769859	1.419729137206128	(4, 0.996)	1	1	1
r7i1281p1f1	1929-08-23	3	0.985	1.03	0.26	1.8112695923709663	0.8548406121371308	(3, 0.985)	1	1	1
r7i1281p1f1	1930-08-05	12	0.987	1.072	1.071	3.7383555622483766	3.8181657167367025	(12, 0.987)	1	3	2
r7i1281p1f1	1931-06-08	7	1.328	1.531	3.006	3.242393276501737	4.037278480956212	(7, 1.328)	2	0	0
r7i1281p1f1	1931-06-17	5	1.021	1.13	0.613	2.5189156504934846	2.060965448904759	(5, 1.021)	1	1	1
r7i1281p1f1	1931-06-26	10	1.287	1.603	3.885	3.730465480360414	4.819107385376301	(10, 1.287)	2	2	4
r7i1281p1f1	1931-07-08	7	1.115	1.378	1.52	3.07500956450283	3.3724821491229218	(7, 1.115)	0	3	2
r7i1281p1f1	1931-08-11	4	1.118	1.256	0.881	2.29696935420841	2.0854236133573836	(4, 1.118)	1	3	3
r7i1281p1f1	1931-08-20	4	1.117	1.248	0.877	2.296164525191123	2.081439544342509	(4, 1.117)	1	3	3
r7i1281p1f1	1934-08-09	7	1.284	1.655	2.699	3.2100373920946708	3.9315546061949207	(7, 1.284)	2	0	0
r7i1281p1f1	1935-07-19	4	1.375	1.644	1.907	2.4849066497880004	2.7884620713960713	(4, 1.375)	0	0	0
r7i1281p1f1	1936-06-14	11	1.108	1.295	2.307	3.7238368360385534	4.444602144092746	(11, 1.108)	0	3	2
r7i1281p1f1	1937-07-16	3	1.05	1.165	0.455	1.8650037419525174	1.213204863124527	(3, 1.05)	1	1	1
r7i1281p1f1	1941-06-26	4	1.151	1.277	1.013	2.323171726602434	2.208713877383975	(4, 1.151)	0	3	3
r7i1281p1f1	1942-06-07	7	1.151	1.295	1.771	3.1053405786624477	3.5204424296358066	(7, 1.151)	0	3	2
r7i1281p1f1	1943-07-08	3	1.038	1.198	0.418	1.8552984620613318	1.1543596911246021	(3, 1.038)	1	1	1
r7i1281p1f1	1943-08-05	6	1.305	1.672	2.443	3.0046674698270235	3.6083367640665114	(6, 1.305)	0	0	0
r7i1281p1f1	1944-08-07	5	1.178	1.414	1.4	2.6511581320815965	2.812558904620976	(5, 1.178)	0	3	3
r7i1281p1f1	1946-06-30	3	1.162	1.208	0.791	1.951313967121635	1.6312300429558206	(3, 1.162)	1	3	3
r7i1281p1f1	1951-05-31	4	1.328	1.569	1.719	2.453071926267982	2.691378666814238	(4, 1.328)	0	0	0
r7i1281p1f1	1952-06-10	4	1.167	1.286	1.076	2.335632947040246	2.2625960847776825	(4, 1.167)	0	3	3
r7i1281p1f1	1952-06-26	12	1.087	1.604	2.261	3.832671124215951	4.553750620701523	(12, 1.087)	2	2	2
r7i1281p1f1	1952-07-25	6	0.947	0.994	0.29	2.702568585695862	1.6605324960440906	(6, 0.947)	1	1	1
r7i1281p1f1	1952-08-02	6	1.209	1.336	1.868	2.932185185805167	3.3482845673357855	(6, 1.209)	0	3	3
r7i1281p1f1	1952-08-17	4	1.183	1.263	1.139	2.3479407947148427	2.3137228374045016	(4, 1.183)	0	3	3
r7i1281p1f1	1955-07-16	3	0.945	1.006	0.141	1.776707426721953	0.5496563521937489	(3, 0.945)	1	1	1
r7i1281p1f1	1957-06-03	3	1.19	1.234	0.877	1.9717757853036324	1.7150630145343155	(3, 1.19)	1	3	3
r7i1281p1f1	1957-06-12	4	1.125	1.328	0.908	2.302585092994046	2.1119087318173375	(4, 1.125)	0	3	3
r7i1281p1f1	1958-06-11	5	1.48	1.644	2.91	2.864877469012313	3.512583379763676	(5, 1.48)	2	0	0
r7i1281p1f1	1958-07-06	3	1.099	1.253	0.602	1.9036841206135722	1.4178133183003034	(3, 1.099)	1	1	3
r7i1281p1f1	1958-07-21	3	1.046	1.165	0.443	1.8617791031708242	1.1944967045549193	(3, 1.046)	1	1	1
r7i1281p1f1	1958-08-07	8	1.05	1.245	1.218	3.2091804905545187	3.3520139267875124	(8, 1.05)	1	3	2
r7i1281p1f1	1959-06-29	4	0.951	1.017	0.213	2.1526920034194283	0.9947321581807176	(4, 0.951)	1	1	1
r7i1281p1f1	1959-07-11	3	1.112	1.297	0.642	1.913699997788122	1.4669360867411914	(3, 1.112)	1	3	3
r7i1281p1f1	1960-08-07	5	1.292	1.583	1.969	2.737285270342615	3.1361066039676357	(5, 1.292)	0	0	0
r7i1281p1f1	1963-06-08	6	1.007	1.28	0.653	2.759998359326369	2.360580455427102	(6, 1.007)	1	1	1
r7i1281p1f1	1964-06-20	4	1.363	1.523	1.859	2.476874478090736	2.764556550542517	(4, 1.363)	0	0	0
r7i1281p1f1	1964-07-09	3	1.14	1.211	0.724	1.9349378532458654	1.5606707623481586	(3, 1.14)	1	3	3
r7i1281p1f1	1965-08-18	5	0.952	1.043	0.271	2.4547638503938067	1.3937346408426847	(5, 0.952)	1	1	1
r7i1281p1f1	1966-06-07	3	1.06	1.173	0.486	1.8730201376660125	1.259974070869148	(3, 1.06)	1	1	1
r7i1281p1f1	1967-06-25	3	1.158	1.264	0.779	1.9483563696870467	1.6189530470760969	(3, 1.158)	1	3	3
r7i1281p1f1	1967-07-17	3	0.979	1.051	0.243	1.8061608073299462	0.8165433392211622	(3, 0.979)	1	1	1
r7i1281p1f1	1967-08-29	3	0.974	0.992	0.227	1.8018834582222802	0.7791076972350053	(3, 0.974)	1	1	1
r7i1281p1f1	1969-07-17	3	1.014	1.174	0.346	1.8356006704133423	1.0288579624396714	(3, 1.014)	1	1	1
r7i1281p1f1	1970-07-22	4	1.119	1.271	0.885	2.2977735359968237	2.089391872533004	(4, 1.119)	1	3	3
r7i1281p1f1	1973-06-20	9	1.379	1.526	4.325	3.6436990170333945	4.768776024586105	(9, 1.379)	2	2	4
r7i1281p1f1	1976-07-23	8	1.243	1.384	2.763	3.3716271029657703	4.151347782364229	(8, 1.243)	0	0	2
r7i1281p1f1	1976-08-11	3	1.117	1.18	0.658	1.9175257032512696	1.4859288806888242	(3, 1.117)	1	1	1
r7i1281p1f1	1976-08-17	4	1.12	1.305	0.886	2.298577071596507	2.0903814817181705	(4, 1.12)	1	3	3
r7i1281p1f1	1978-07-16	5	1.076	1.259	0.889	2.567257899875715	2.392363835292399	(5, 1.076)	1	3	3
r7i1281p1f1	1979-07-10	7	1.2	1.282	2.113	3.1451996185092757	3.692206604055817	(7, 1.2)	0	3	2
r7i1281p1f1	1979-08-20	4	1.122	1.228	0.895	2.3001822083777355	2.0992441689760155	(4, 1.122)	1	3	3
r7i1281p1f1	1981-07-06	6	1.046	1.224	0.888	2.795633491644655	2.6426851233175923	(6, 1.046)	1	1	1
r7i1281p1f1	1984-05-31	8	1.289	1.54	3.126	3.4067400098927654	4.272955152105309	(8, 1.289)	2	0	0
r7i1281p1f1	1984-06-18	4	1.12	1.359	0.886	2.298577071596507	2.0903814817181705	(4, 1.12)	0	3	3
r7i1281p1f1	1984-06-29	3	0.994	1.066	0.287	1.8188841638866633	0.9128029547713848	(3, 0.994)	1	1	1
r7i1281p1f1	1984-08-10	12	1.104	1.357	2.476	3.8478560034788	4.643673210789427	(12, 1.104)	2	2	2
r7i1281p1f1	1986-07-13	3	1.121	1.159	0.668	1.9205757645020043	1.49761876651344	(3, 1.121)	1	1	1
r7i1281p1f1	1986-07-18	3	1.206	1.438	0.925	1.9832829775946443	1.7589678170762393	(3, 1.206)	0	3	3
r7i1281p1f1	1988-06-07	5	1.201	1.431	1.516	2.6691422212482183	2.8875564246424537	(5, 1.201)	0	3	3
r7i1281p1f1	1988-07-12	5	1.04	1.15	0.71	2.5358812107895417	2.190316473472632	(5, 1.04)	1	1	1
r7i1281p1f1	1989-06-27	8	1.272	1.684	2.989	3.3939066830372715	4.228778559560812	(8, 1.272)	2	0	0
r7i1281p1f1	1989-07-21	4	1.165	1.263	1.067	2.334083760053417	2.255074110322994	(4, 1.165)	0	3	3
r7i1281p1f1	1989-08-15	11	1.013	1.199	1.262	3.636457892918233	3.851027753405736	(11, 1.013)	1	3	2
r7i1281p1f1	1990-06-30	3	1.099	1.216	0.603	1.9036841206135722	1.4190712590751862	(3, 1.099)	1	1	1
r7i1281p1f1	1991-08-11	3	1.163	1.359	0.795	1.9520520017200835	1.6352891074723162	(3, 1.163)	0	3	3
r7i1281p1f1	1993-06-19	3	1.243	1.388	1.036	2.009396884415142	1.8536717181554538	(3, 1.243)	0	3	3
r7i1281p1f1	1994-07-14	3	0.915	0.927	0.051	1.7499785892171698	0.23507510522486685	(3, 0.915)	1	1	1
r7i1281p1f1	1998-06-16	4	1.158	1.259	1.039	2.3286426273133354	2.231303890989082	(4, 1.158)	0	3	3
r7i1281p1f1	1998-07-09	11	1.028	1.177	1.431	3.6507723420395557	3.9741897941991913	(11, 1.028)	1	3	2
r7i1281p1f1	1998-07-31	3	1.376	1.561	1.433	2.0980063607618704	2.133703188727767	(3, 1.376)	0	0	0
r7i1281p1f1	1998-08-26	3	1.003	1.089	0.315	1.8264411915984637	0.9695615147398962	(3, 1.003)	1	1	1
r7i1281p1f1	1999-06-09	3	1.062	1.148	0.492	1.8746157340449257	1.2687788811593197	(3, 1.062)	1	1	1
r7i1281p1f1	1999-07-03	6	1.279	1.518	2.284	2.9855498222119112	3.5429228280025873	(6, 1.279)	0	0	0
r7i1281p1f1	1999-08-14	4	1.302	1.585	1.617	2.4350158801745354	2.634475420110147	(4, 1.302)	0	0	0
r7i1281p1f1	2003-06-15	17	1.207	1.513	5.253	4.449708697967595	5.911331610604088	(17, 1.207)	2	2	4
r7i1281p1f1	2006-07-12	6	1.312	1.516	2.482	3.0097526893325997	3.6237487910156356	(6, 1.312)	0	0	0
r7i1281p1f1	2006-08-08	4	1.029	1.136	0.525	2.2226757097657437	1.6486586255873816	(4, 1.029)	1	1	1
r7i1281p1f1	2008-06-08	10	1.325	1.489	4.269	3.7588759983548945	4.912637483471311	(10, 1.325)	2	2	4
r7i1281p1f1	2008-07-23	9	1.078	1.196	1.618	3.4047244874383122	3.7996602534572945	(9, 1.078)	0	3	2
r7i1281p1f1	2008-08-15	7	1.057	1.457	1.11	3.0241211660172507	3.070723212672748	(7, 1.057)	0	3	2
r7i1281p1f1	2009-06-30	3	0.965	0.983	0.202	1.794137820026899	0.7176557710420871	(3, 0.965)	1	1	1
r7i1281p1f1	2009-07-08	4	1.018	1.062	0.478	2.2130979264925097	1.5736034594248842	(4, 1.018)	1	1	1
r7i1281p1f1	2009-08-02	6	1.024	1.173	0.758	2.775687975816727	2.496528796089665	(6, 1.024)	1	1	1
r7i1301p1f1	1851-06-07	3	1.121	1.206	0.647	1.9205757645020043	1.4729101763936974	(3, 1.121)	1	1	3
r7i1301p1f1	1851-07-31	5	1.262	1.556	1.785	2.7153295712834686	3.0424682674159484	(5, 1.262)	0	0	0
r7i1301p1f1	1851-08-18	6	1.169	1.344	1.582	2.9003617500024856	3.1884395712849125	(6, 1.169)	0	3	3
r7i1301p1f1	1852-07-16	5	1.013	1.089	0.539	2.5116852401754226	1.9496464744846287	(5, 1.013)	1	1	1
r7i1301p1f1	1855-06-27	4	1.162	1.326	1.024	2.3317554702938255	2.2183335405464546	(4, 1.162)	0	3	3
r7i1301p1f1	1855-08-19	3	0.981	1.025	0.226	1.8078666372859462	0.776720776932811	(3, 0.981)	1	1	1
r7i1301p1f1	1858-08-20	5	1.208	1.461	1.515	2.6745520566054433	2.8869333494258425	(5, 1.208)	0	3	3
r7i1301p1f1	1859-06-05	4	0.997	1.029	0.365	2.1945543487803407	1.366091653802371	(4, 0.997)	1	1	1
r7i1301p1f1	1859-07-23	4	1.125	1.183	0.877	2.302585092994046	2.081439544342509	(4, 1.125)	1	3	3
r7i1301p1f1	1861-07-05	4	1.087	1.203	0.725	2.2717134293269585	1.916922612182061	(4, 1.087)	1	1	1
r7i1301p1f1	1861-07-24	6	1.258	1.516	2.114	2.9698373030705127	3.4679000561253623	(6, 1.258)	0	0	0
r7i1301p1f1	1861-08-22	5	1.248	1.372	1.71	2.704916240680952	3.001633885117136	(5, 1.248)	0	3	3
r7i1301p1f1	1864-05-28	12	1.412	1.622	6.075	4.089260623660492	5.535494022616215	(12, 1.412)	2	2	4
r7i1301p1f1	1864-06-30	4	1.244	1.366	1.354	2.3935220879861476	2.470807725408499	(4, 1.244)	0	3	3
r7i1301p1f1	1864-08-12	6	1.044	1.275	0.83	2.7938366127765977	2.580100074220639	(6, 1.044)	1	3	1
r7i1301p1f1	1866-06-26	8	1.226	1.633	2.562	3.3583320940782735	4.077053298739884	(8, 1.226)	2	0	0
r7i1301p1f1	1867-06-05	10	1.2	1.677	2.945	3.6622102698940258	4.54466700089998	(10, 1.2)	2	2	2
r7i1301p1f1	1867-07-10	4	1.168	1.231	1.049	2.3364066414695563	2.2398582630857407	(4, 1.168)	0	3	3
r7i1301p1f1	1867-08-11	3	1.378	1.502	1.416	2.0992806926337417	2.1231894711408397	(3, 1.378)	0	0	0
r7i1301p1f1	1868-08-14	5	1.058	1.233	0.76	2.5516926123621193	2.2509820995493453	(5, 1.058)	1	1	1
r7i1301p1f1	1871-06-27	7	1.105	1.291	1.396	3.06641840891081	3.290425279813192	(7, 1.105)	0	3	2
r7i1301p1f1	1873-05-30	6	1.395	1.61	2.935	3.0681566110193286	3.787264772882855	(6, 1.395)	2	0	0
r7i1301p1f1	1873-08-26	4	0.986	1.016	0.323	2.184702052337329	1.276479495112684	(4, 0.986)	1	1	1
r7i1301p1f1	1874-07-03	5	0.959	1.085	0.266	2.4614628072358524	1.3797656982223676	(5, 0.959)	1	1	1
r7i1301p1f1	1875-07-31	3	1.207	1.431	0.905	1.9839977994098914	1.7409078216071425	(3, 1.207)	0	3	3
r7i1301p1f1	1875-08-19	10	0.992	1.108	0.862	3.477225716014066	3.341406096526475	(10, 0.992)	1	1	2
r7i1301p1f1	1876-07-27	3	1.038	1.121	0.397	1.8552984620613318	1.1193532049845927	(3, 1.038)	1	1	1
r7i1301p1f1	1877-07-06	3	1.108	1.254	0.608	1.9106288604174835	1.425337335643413	(3, 1.108)	1	1	3
r7i1301p1f1	1878-07-12	4	0.963	1.001	0.232	2.1637826901135866	1.0494220444773381	(4, 0.963)	1	1	1
r7i1301p1f1	1879-06-30	5	0.993	1.126	0.437	2.49337713276452	1.7725441196928249	(5, 0.993)	1	1	1
r7i1301p1f1	1879-07-27	3	0.987	1.01	0.245	1.8129667372033864	0.82112577269258	(3, 0.987)	1	1	1
r7i1301p1f1	1880-06-26	5	1.179	1.36	1.366	2.6519468112835596	2.789466997288098	(5, 1.179)	0	3	3
r7i1301p1f1	1881-05-31	5	1.234	1.375	1.643	2.694393330535566	2.9636892576179457	(5, 1.234)	0	3	3
r7i1301p1f1	1883-06-29	3	1.261	1.389	1.066	2.0218585354382537	1.8777993092709364	(3, 1.261)	0	3	3
r7i1301p1f1	1886-06-15	4	1.212	1.333	1.224	2.369869839799642	2.3788051189054547	(4, 1.212)	0	3	3
r7i1301p1f1	1886-07-14	3	1.022	1.069	0.351	1.8422098062945378	1.038101025140766	(3, 1.022)	1	1	1
r7i1301p1f1	1886-08-27	4	1.258	1.44	1.411	2.403696594362457	2.508623176405316	(4, 1.258)	0	3	3
r7i1301p1f1	1887-08-21	3	1.101	1.149	0.587	1.90523156945898	1.3987518118981863	(3, 1.101)	1	1	1
r7i1301p1f1	1890-07-26	3	1.083	1.238	0.533	1.891217560871479	1.326955429670287	(3, 1.083)	1	1	1
r7i1301p1f1	1890-08-03	3	1.131	1.283	0.675	1.9281604641562224	1.505721130733336	(3, 1.131)	1	3	3
r7i1301p1f1	1892-07-07	9	1.01	1.181	0.944	3.341801171705499	3.276691800244945	(9, 1.01)	1	3	2
r7i1301p1f1	1892-07-18	4	1.236	1.399	1.321	2.387661265349165	2.4482426654164087	(4, 1.236)	0	3	3
r7i1301p1f1	1892-07-24	10	1.201	1.514	2.95	3.663021877368445	4.5463453476982245	(10, 1.201)	2	2	2
r7i1301p1f1	1892-08-06	3	1.237	1.353	0.996	2.005208250678203	1.8205684456009843	(3, 1.237)	0	3	3
r7i1301p1f1	1892-08-17	15	1.21	1.436	4.567	4.26682125775357	5.5846938025221124	(15, 1.21)	2	2	4
r7i1301p1f1	1893-06-11	3	1.047	1.115	0.424	1.8625862382302412	1.1641405158936269	(3, 1.047)	1	1	1
r7i1301p1f1	1893-06-28	3	1.331	1.467	1.277	2.068895991639963	2.0328066751850744	(3, 1.331)	0	0	0
r7i1301p1f1	1893-07-25	3	1.325	1.429	1.259	2.0649497866137057	2.020481551588581	(3, 1.325)	0	0	3
r7i1301p1f1	1894-06-16	3	1.062	1.096	0.469	1.8746157340449257	1.2345976845847308	(3, 1.062)	1	1	1
r7i1301p1f1	1897-06-01	7	1.097	1.239	1.343	3.059491943856525	3.253188670863081	(7, 1.097)	0	3	2
r7i1301p1f1	1897-06-27	3	1.025	1.071	0.358	1.8446770140747886	1.0508994425482807	(3, 1.025)	1	1	1
r7i1301p1f1	1897-08-08	5	1.423	1.704	2.588	2.8278829071874334	3.3990189983353676	(5, 1.423)	0	0	0
r7i1301p1f1	1897-08-15	4	1.24	1.482	1.339	2.3905959703167587	2.4606139572189556	(4, 1.24)	0	3	3
r7i1301p1f1	1898-06-07	4	1.265	1.456	1.437	2.4087452888224363	2.52540859309733	(4, 1.265)	0	3	3
r7i1301p1f1	1901-08-23	6	0.964	1.011	0.352	2.7191779686866515	1.820237159245649	(6, 0.964)	1	1	1
r7i1301p1f1	1902-06-18	16	1.251	1.585	5.53	4.3952389661460165	5.871892411967137	(16, 1.251)	2	2	4
r7i1301p1f1	1902-07-21	3	1.21	1.352	0.914	1.986139204138294	1.7490752060589894	(3, 1.21)	0	3	3
r7i1301p1f1	1902-08-12	4	1.033	1.125	0.509	2.2261359208306395	1.6237352171349249	(4, 1.033)	1	1	1
r7i1301p1f1	1905-07-18	4	1.143	1.283	0.948	2.31688239769487	2.1499000053283974	(4, 1.143)	0	3	3
r7i1301p1f1	1906-06-08	9	1.312	1.859	3.659	3.5952278980324808	4.603098040576913	(9, 1.312)	2	2	4
r7i1301p1f1	1906-08-02	4	1.366	1.516	1.844	2.4788885774624374	2.7569673413368245	(4, 1.366)	0	0	0
r7i1301p1f1	1907-08-12	3	0.959	0.986	0.162	1.7889405286417714	0.6107306994734419	(3, 0.959)	1	1	1
r7i1301p1f1	1908-07-02	7	1.205	1.522	2.093	3.1491789474341987	3.682934378580967	(7, 1.205)	0	0	2
r7i1301p1f1	1908-08-01	5	1.238	1.399	1.661	2.697411192400276	2.974025606934789	(5, 1.238)	0	3	3
r7i1301p1f1	1908-08-20	4	1.046	1.156	0.562	2.237299626295416	1.7040205549200482	(4, 1.046)	1	1	1
r7i1301p1f1	1910-06-06	3	1.229	1.358	0.972	1.9995959735061966	1.800167382597555	(3, 1.229)	0	3	3
r7i1301p1f1	1910-08-08	4	1.117	1.235	0.848	2.296164525191123	2.052070344883704	(4, 1.117)	1	3	3
r7i1301p1f1	1914-06-28	5	1.187	1.402	1.406	2.6582339519398657	2.8165791648322775	(5, 1.187)	0	3	3
r7i1301p1f1	1914-07-08	11	1.26	1.598	3.903	3.8494754523432935	4.9655866864365645	(11, 1.26)	2	2	4
r7i1301p1f1	1915-08-19	11	1.257	1.49	3.862	3.847142473304692	4.955100415801028	(11, 1.257)	2	2	4
r7i1301p1f1	1918-06-22	8	1.044	1.165	1.105	3.2036819136182624	3.2582232908632442	(8, 1.044)	1	3	2
r7i1301p1f1	1918-08-05	4	1.212	1.317	1.226	2.369869839799642	2.3802866006578975	(4, 1.212)	0	3	3
r7i1301p1f1	1919-08-03	4	1.038	1.171	0.531	2.2304444152163634	1.657847051641788	(4, 1.038)	1	1	1
r7i1301p1f1	1920-06-13	3	0.972	1.023	0.2	1.800167382597555	0.7125725232330974	(3, 0.972)	1	1	1
r7i1301p1f1	1920-06-26	3	1.027	1.076	0.365	1.8463184440077063	1.0635361281984803	(3, 1.027)	1	1	1
r7i1301p1f1	1920-07-27	4	1.048	1.106	0.568	2.2390061113511743	1.712716261887602	(4, 1.048)	1	1	1
r7i1301p1f1	1921-07-09	4	1.249	1.358	1.372	2.397167735479994	2.4829046471173273	(4, 1.249)	0	3	3
r7i1301p1f1	1922-07-14	3	0.96	1.0	0.162	1.7898086218618807	0.6107306994734419	(3, 0.96)	1	1	1
r7i1301p1f1	1922-08-06	7	1.45	1.823	3.812	3.326990074580725	4.271084291568352	(7, 1.45)	2	0	0
r7i1301p1f1	1924-07-11	5	1.131	1.219	1.128	2.613370546077847	2.6109093955518152	(5, 1.131)	1	3	3
r7i1301p1f1	1924-08-22	4	0.975	1.045	0.277	2.174751721484161	1.16813835131672	(4, 0.975)	1	1	1
r7i1301p1f1	1925-06-15	10	1.296	1.634	3.909	3.737267596430607	4.825216415437266	(10, 1.296)	2	2	4
r7i1301p1f1	1925-08-21	3	1.071	1.108	0.497	1.8817645784692352	1.2760574624548071	(3, 1.071)	1	1	1
r7i1301p1f1	1927-07-23	4	1.183	1.441	1.11	2.3479407947148427	2.2905125117597764	(4, 1.183)	0	3	3
r7i1301p1f1	1927-07-31	3	1.326	1.574	1.26	2.0656085698259683	2.021170280523964	(3, 1.326)	0	0	0
r7i1301p1f1	1929-07-28	3	1.061	1.219	0.466	1.8738182540964106	1.2300518784506422	(3, 1.061)	1	1	1
r7i1301p1f1	1929-08-17	3	0.971	1.004	0.197	1.7993082391769442	0.7048988717874869	(3, 0.971)	1	1	1
r7i1301p1f1	1930-07-29	3	1.41	1.542	1.514	2.119452197075461	2.1823336747840143	(3, 1.41)	0	0	0
r7i1301p1f1	1932-06-09	3	1.026	1.133	0.361	1.8454980658277378	1.0563347299798889	(3, 1.026)	1	1	1
r7i1301p1f1	1933-07-14	4	1.029	1.097	0.494	2.2226757097657437	1.599791535382295	(4, 1.029)	1	1	1
r7i1301p1f1	1934-06-09	3	1.196	1.388	0.872	1.9761065146616097	1.7103767511387091	(3, 1.196)	0	3	3
r7i1301p1f1	1934-07-05	3	1.008	1.029	0.307	1.8306149942480556	0.9536708266555438	(3, 1.008)	1	1	1
r7i1301p1f1	1934-07-28	6	1.131	1.363	1.352	2.8691615928398186	3.0383252171038535	(6, 1.131)	0	3	3
r7i1301p1f1	1935-06-10	3	1.184	1.312	0.835	1.96742621912213	1.6749985247384984	(3, 1.184)	0	3	3
r7i1301p1f1	1935-08-05	5	1.238	1.399	1.664	2.697411192400276	2.9757379921060383	(5, 1.238)	0	3	3
r7i1301p1f1	1935-08-15	3	1.071	1.147	0.496	1.8817645784692352	1.2746059782464818	(3, 1.071)	1	1	1
r7i1301p1f1	1935-08-24	3	1.025	1.146	0.359	1.8446770140747886	1.0527144894884186	(3, 1.025)	1	1	1
r7i1301p1f1	1936-06-10	4	1.057	1.191	0.604	2.2466494606637424	1.763359994706357	(4, 1.057)	1	1	1
r7i1301p1f1	1936-07-11	4	1.131	1.331	0.903	2.307373609725843	2.1070567087128094	(4, 1.131)	0	3	3
r7i1301p1f1	1939-08-15	3	0.984	1.078	0.235	1.8104199386185384	0.7980006864112451	(3, 0.984)	1	1	1
r7i1301p1f1	1941-06-04	14	1.492	2.089	8.209	4.371417297847512	6.066139915194499	(14, 1.492)	2	2	4
r7i1301p1f1	1941-06-21	3	0.978	1.021	0.218	1.80530679991362	0.7574174914276915	(3, 0.978)	1	1	1
r7i1301p1f1	1941-07-07	4	1.042	1.067	0.545	2.233877894984255	1.6789639750827106	(4, 1.042)	1	1	1
r7i1301p1f1	1941-08-08	11	1.444	1.814	5.924	3.9830641170118875	5.380471096009639	(11, 1.444)	2	2	4
r7i1301p1f1	1947-06-21	9	1.536	2.097	5.679	3.7488450352813705	5.039112605588578	(9, 1.536)	2	2	4
r7i1301p1f1	1947-07-10	3	1.219	1.389	0.941	1.9925360413504454	1.7731845909998287	(3, 1.219)	0	3	3
r7i1301p1f1	1947-08-15	10	1.071	1.221	1.657	3.5515693236266377	3.977790911106332	(10, 1.071)	0	3	2
r7i1301p1f1	1949-05-30	8	1.358	1.555	3.62	3.457200589277005	4.4177707529667956	(8, 1.358)	2	0	0
r7i1301p1f1	1949-07-11	7	1.237	1.529	2.321	3.174278404158264	3.78386052410544	(7, 1.237)	0	0	0
r7i1301p1f1	1952-08-21	6	1.131	1.187	1.351	2.8691615928398186	3.03762076420504	(6, 1.131)	1	3	3
r7i1301p1f1	1954-05-28	9	1.364	1.663	4.13	3.6330495691532656	4.72304210658298	(9, 1.364)	2	2	4
r7i1301p1f1	1955-06-19	4	1.056	1.096	0.604	2.245803078895061	1.763359994706357	(4, 1.056)	1	1	1
r7i1301p1f1	1955-07-08	4	1.278	1.417	1.49	2.41805434280016	2.558776498354456	(4, 1.278)	0	3	3
r7i1301p1f1	1957-06-09	3	1.38	1.613	1.423	2.1005534026504553	2.127532044180204	(3, 1.38)	0	0	0
r7i1301p1f1	1957-07-09	3	1.142	1.304	0.708	1.9364377221875966	1.5430578920360207	(3, 1.142)	1	3	3
r7i1301p1f1	1957-07-19	5	1.113	1.266	1.038	2.598511955670273	2.53410885629632	(5, 1.113)	1	3	3
r7i1301p1f1	1958-08-11	3	1.044	1.134	0.416	1.8601628760179363	1.151078041275708	(3, 1.044)	1	1	1
r7i1301p1f1	1960-08-02	3	1.029	1.145	0.369	1.8479571840630418	1.0706860368566677	(3, 1.029)	1	1	1
r7i1301p1f1	1963-06-13	7	1.027	1.261	0.854	2.9967470672388288	2.822348733666245	(7, 1.027)	1	3	2
r7i1301p1f1	1963-08-08	7	1.426	1.617	3.641	3.3109038821069	4.225844404427551	(7, 1.426)	2	0	0
r7i1301p1f1	1966-06-03	5	1.028	1.179	0.612	2.5251996567669273	2.059540830995181	(5, 1.028)	1	1	1
r7i1301p1f1	1968-06-11	4	1.007	1.076	0.408	2.203427521460827	1.4502076868635434	(4, 1.007)	1	1	1
r7i1301p1f1	1968-07-04	3	1.062	1.108	0.47	1.8746157340449257	1.2361083727856943	(3, 1.062)	1	1	1
r7i1301p1f1	1968-07-23	12	1.345	1.781	5.278	4.0414816167225665	5.395454693812081	(12, 1.345)	2	2	4
r7i1301p1f1	1969-08-25	4	1.188	1.411	1.129	2.351756137000495	2.305779983890565	(4, 1.188)	0	3	3
r7i1301p1f1	1973-07-17	3	1.144	1.265	0.714	1.9379353448911276	1.5496991244861298	(3, 1.144)	1	3	3
r7i1301p1f1	1973-08-17	6	1.166	1.282	1.564	2.8979336634015604	3.1774708165232983	(6, 1.166)	0	3	3
r7i1301p1f1	1976-07-28	6	1.087	1.246	1.09	2.831775375523783	2.834369317884592	(6, 1.087)	1	3	3
r7i1301p1f1	1976-08-19	3	0.998	1.032	0.276	1.8222498952796893	0.88959271796353	(3, 0.998)	1	1	1
r7i1301p1f1	1979-06-30	3	1.129	1.23	0.67	1.926648119458506	1.4999404342713294	(3, 1.129)	1	3	3
r7i1301p1f1	1980-05-30	6	1.371	1.704	2.794	3.0516163886263787	3.739174343901852	(6, 1.371)	2	0	0
r7i1301p1f1	1980-06-22	4	1.011	1.089	0.422	2.2069548619787955	1.47613506511968	(4, 1.011)	1	1	1
r7i1301p1f1	1980-07-22	3	1.102	1.191	0.591	1.9060043968328555	1.4038705121021573	(3, 1.102)	1	1	1
r7i1301p1f1	1980-08-25	6	1.261	1.528	2.133	2.972097120593302	3.4765698075472278	(6, 1.261)	0	0	0
r7i1301p1f1	1982-06-12	3	1.087	1.218	0.545	1.8943488012231606	1.3433615650014081	(3, 1.087)	1	1	1
r7i1301p1f1	1984-06-05	3	1.305	1.592	1.198	2.0516821543923536	1.9775459332921197	(3, 1.305)	0	0	0
r7i1301p1f1	1984-06-28	3	1.044	1.143	0.415	1.8601628760179363	1.1494331690364237	(3, 1.044)	1	1	1
r7i1301p1f1	1987-07-21	6	1.122	1.192	1.299	2.86162728493567	3.00028803306717	(6, 1.122)	1	3	3
r7i1301p1f1	1988-07-21	5	1.145	1.275	1.199	2.6247764972967196	2.6675911632823714	(5, 1.145)	0	3	3
r7i1301p1f1	1988-08-19	5	1.129	1.326	1.116	2.611730452273528	2.601003769861007	(5, 1.129)	0	3	3
r7i1301p1f1	1989-07-12	5	0.972	1.056	0.33	2.4737859071330344	1.5453285606034657	(5, 0.972)	1	1	1
r7i1301p1f1	1989-08-05	9	1.16	1.477	2.293	3.4756862336528944	4.141721029179653	(9, 1.16)	0	3	2
r7i1301p1f1	1993-08-12	4	1.022	1.125	0.467	2.2165913798270696	1.5551928975817046	(4, 1.022)	1	1	1
r7i1301p1f1	1995-05-31	7	1.249	1.455	2.402	3.1835306266418097	3.8173971673818565	(7, 1.249)	0	0	0
r7i1301p1f1	1995-07-09	6	1.059	1.205	0.918	2.8072351567207137	2.6735822478962725	(6, 1.059)	1	3	1
r7i1301p1f1	1995-07-19	5	1.322	1.637	2.081	2.7587692549592173	3.1890880334131024	(5, 1.322)	0	0	0
r7i1301p1f1	1995-08-02	5	1.107	1.187	1.008	2.5935096221564495	2.507139541092265	(5, 1.107)	1	3	3
r7i1301p1f1	1996-08-29	5	1.23	1.363	1.623	2.691366333605301	2.9520777105452387	(5, 1.23)	0	3	3
r7i1301p1f1	1997-06-02	3	0.994	1.049	0.265	1.8188841638866633	0.8658309392978649	(3, 0.994)	1	1	1
r7i1301p1f1	1999-08-11	4	1.025	1.074	0.479	2.2192034840549946	1.5752604606325138	(4, 1.025)	1	1	1
r7i1301p1f1	2000-07-06	10	1.426	1.621	5.202	3.830684512991389	5.108981369278705	(10, 1.426)	2	2	4
r7i1301p1f1	2000-07-20	4	1.158	1.312	1.008	2.3286426273133354	2.204310523725705	(4, 1.158)	0	3	3
r7i1301p1f1	2004-06-04	7	1.223	1.39	2.221	3.163374826244585	3.7408430450891554	(7, 1.223)	0	3	2
r7i1301p1f1	2005-06-01	3	1.017	1.084	0.334	1.83808421800981	1.0063196847660814	(3, 1.017)	1	1	1
r7i1301p1f1	2005-06-16	3	1.244	1.33	1.015	2.0100932874778716	1.8364292051354612	(3, 1.244)	0	3	3
r7i1301p1f1	2007-06-15	3	1.061	1.14	0.466	1.8738182540964106	1.2300518784506422	(3, 1.061)	1	1	1
r7i1301p1f1	2007-08-22	3	1.262	1.381	1.071	2.0225463169834965	1.8817645784692352	(3, 1.262)	0	3	3
r7i1301p1f1	2008-07-03	4	1.069	1.157	0.654	2.256750556650246	1.8296973085684471	(4, 1.069)	1	1	1
r7i1301p1f1	2008-08-10	3	1.075	1.121	0.509	1.8849255117711192	1.2933129031053585	(3, 1.075)	1	1	1
r7i1301p1f1	2009-07-21	4	1.075	1.148	0.676	2.2617630984737906	1.8575472097660581	(4, 1.075)	1	1	1
r7i1301p1f1	2010-06-04	8	1.264	1.549	2.866	3.3878100054729128	4.187382117877103	(8, 1.264)	2	0	0
r7i1301p1f1	2010-07-07	3	0.965	1.027	0.18	1.794137820026899	0.6602661955601928	(3, 0.965)	1	1	1
r8i1141p1f1	1853-06-16	4	0.915	0.934	0.053	2.1186622548331173	0.353469812989784	(4, 0.915)	1	1	1
r8i1141p1f1	1853-08-04	3	1.012	1.129	0.33	1.8339415387115605	0.9986926112483865	(3, 1.012)	1	1	1
r8i1141p1f1	1854-06-22	4	1.038	1.117	0.544	2.2304444152163634	1.6774703228259273	(4, 1.038)	1	1	1
r8i1141p1f1	1855-06-07	3	1.086	1.111	0.552	1.8935669098428978	1.3528089652533486	(3, 1.086)	1	1	1
r8i1141p1f1	1856-06-11	6	1.246	1.551	2.06	2.960746616364451	3.4428412214406636	(6, 1.246)	0	0	0
r8i1141p1f1	1856-06-19	3	0.956	1.094	0.161	1.786331718287074	0.6079054405056109	(3, 0.956)	1	1	1
r8i1141p1f1	1856-07-05	3	1.008	1.066	0.318	1.8306149942480556	0.9754560194208632	(3, 1.008)	1	1	1
r8i1141p1f1	1856-08-14	5	1.304	1.424	2.008	2.745934329969324	3.154875718507553	(5, 1.304)	0	0	0
r8i1141p1f1	1856-08-21	4	1.064	1.225	0.647	2.2525541593884806	1.820670812722475	(4, 1.064)	1	1	1
r8i1141p1f1	1857-06-03	3	1.003	1.007	0.303	1.8264411915984637	0.9456297756327512	(3, 1.003)	1	1	1
r8i1141p1f1	1857-07-05	3	1.011	1.155	0.325	1.8331109394483338	0.9890762295420122	(3, 1.011)	1	1	1
r8i1141p1f1	1858-06-24	5	1.08	1.273	0.888	2.5706841955283615	2.3913412804253253	(5, 1.08)	1	3	3
r8i1141p1f1	1859-05-31	4	1.229	1.37	1.306	2.3825047161699193	2.43781504225415	(4, 1.229)	0	3	3
r8i1141p1f1	1861-08-09	5	1.07	1.359	0.839	2.562096343764399	2.339910276690138	(5, 1.07)	1	3	3
r8i1141p1f1	1862-07-15	5	1.106	1.228	1.02	2.592673461659552	2.518014703038779	(5, 1.106)	1	3	3
r8i1141p1f1	1863-08-03	4	1.154	1.346	1.006	2.3255200642765415	2.2025437388138194	(4, 1.154)	0	3	3
r8i1141p1f1	1864-07-04	3	0.95	0.978	0.144	1.7810935906961989	0.5586129703503369	(3, 0.95)	1	1	1
r8i1141p1f1	1865-07-13	8	1.278	1.434	3.007	3.3984549220018527	4.234695358911629	(8, 1.278)	2	0	0
r8i1141p1f1	1866-06-16	6	1.351	1.69	2.691	3.03762076420504	3.7025224977846043	(6, 1.351)	2	0	0
r8i1141p1f1	1866-07-12	3	1.047	1.138	0.436	1.8625862382302412	1.1834197671705207	(3, 1.047)	1	1	1
r8i1141p1f1	1866-08-02	4	1.072	1.125	0.678	2.259259968255672	1.8600409766444606	(4, 1.072)	1	1	1
r8i1141p1f1	1868-07-31	6	1.119	1.294	1.301	2.8591031813252656	3.001749977408111	(6, 1.119)	0	3	3
r8i1141p1f1	1870-06-01	6	1.465	1.786	3.375	3.11489279732958	3.923994407221209	(6, 1.465)	2	0	0
r8i1141p1f1	1870-06-28	3	1.012	1.096	0.329	1.8339415387115605	0.9967767186648551	(3, 1.012)	1	1	1
r8i1141p1f1	1870-07-17	6	1.051	1.273	0.892	2.800111613492538	2.646860314376101	(6, 1.051)	1	3	3
r8i1141p1f1	1871-06-21	5	1.198	1.423	1.481	2.6668147311977703	2.8655144349484867	(5, 1.198)	0	3	3
r8i1141p1f1	1871-08-14	4	1.016	1.103	0.454	2.2113466125597747	1.532988740270694	(4, 1.016)	1	1	1
r8i1141p1f1	1873-06-23	5	1.151	1.35	1.243	2.629625216079756	2.701170757242802	(5, 1.151)	0	3	3
r8i1141p1f1	1874-06-23	5	1.128	1.387	1.128	2.6109093955518152	2.6109093955518152	(5, 1.128)	0	3	3
r8i1141p1f1	1875-08-12	6	1.339	1.838	2.623	3.0291283928737256	3.6775674532998948	(6, 1.339)	2	0	0
r8i1141p1f1	1877-07-07	3	1.116	1.214	0.643	1.9167617321445913	1.4681337632632208	(3, 1.116)	1	1	3
r8i1141p1f1	1880-07-24	5	1.265	1.665	1.816	2.717546960968081	3.058871248707158	(5, 1.265)	0	0	0
r8i1141p1f1	1881-08-13	5	1.114	1.248	1.06	2.599343250495629	2.5534341014866544	(5, 1.114)	1	3	3
r8i1141p1f1	1884-06-16	5	0.937	1.006	0.172	2.440256022427791	1.072616801760831	(5, 0.937)	1	1	1
r8i1141p1f1	1884-06-28	3	1.042	1.104	0.419	1.8585440324455398	1.1559964864047214	(3, 1.042)	1	1	1
r8i1141p1f1	1889-06-28	3	1.143	1.257	0.721	1.9371868138985564	1.5573918920344425	(3, 1.143)	1	3	3
r8i1141p1f1	1890-07-03	3	0.948	0.981	0.137	1.7793414330419388	0.53758802374247	(3, 0.948)	1	1	1
r8i1141p1f1	1892-08-02	3	0.935	1.013	0.098	1.7678769581021123	0.41159490739250393	(3, 0.935)	1	1	1
r8i1141p1f1	1894-08-08	4	1.03	1.128	0.511	2.2235418856535927	1.626884826037821	(4, 1.03)	1	1	1
r8i1141p1f1	1895-08-20	3	1.029	1.108	0.379	1.8479571840630418	1.0883403013850155	(3, 1.029)	1	1	1
r8i1141p1f1	1897-06-15	4	1.103	1.286	0.802	2.2848283714047866	2.003639828263554	(4, 1.103)	1	3	3
r8i1141p1f1	1897-07-02	5	1.097	1.273	0.972	2.585116387177589	2.4737859071330344	(5, 1.097)	1	3	3
r8i1141p1f1	1900-07-28	3	1.039	1.139	0.411	1.8561108427283792	1.1428264897787204	(3, 1.039)	1	1	1
r8i1141p1f1	1901-07-16	3	0.982	1.049	0.241	1.8087184623074828	0.811939810347864	(3, 0.982)	1	1	1
r8i1141p1f1	1902-06-24	4	1.12	1.362	0.871	2.298577071596507	2.075433520282297	(4, 1.12)	0	3	3
r8i1141p1f1	1903-07-19	6	1.158	1.425	1.537	2.891429794248112	3.1607887431097397	(6, 1.158)	0	3	3
r8i1141p1f1	1904-06-14	9	1.275	1.42	3.359	3.567417785576744	4.518446040470825	(9, 1.275)	2	2	2
r8i1141p1f1	1907-06-11	3	1.127	1.253	0.676	1.9251334841096133	1.5068732708419108	(3, 1.127)	1	3	3
r8i1141p1f1	1909-06-13	8	1.14	1.4	1.904	3.288224833697636	3.7860651913270167	(8, 1.14)	0	3	2
r8i1141p1f1	1909-08-08	8	1.088	1.415	1.484	3.2433198092376583	3.5432490723005228	(8, 1.088)	0	3	2
r8i1141p1f1	1909-08-18	3	0.981	1.098	0.235	1.8078666372859462	0.7980006864112451	(3, 0.981)	1	1	1
r8i1141p1f1	1910-07-20	5	1.507	1.923	3.024	2.881934722132259	3.549885966221144	(5, 1.507)	2	0	0
r8i1141p1f1	1910-07-28	3	0.926	0.953	0.071	1.759862311451134	0.31402709127072925	(3, 0.926)	1	1	1
r8i1141p1f1	1911-08-17	4	1.027	1.12	0.499	2.2209411039535354	1.6078366310671266	(4, 1.027)	1	1	1
r8i1141p1f1	1913-07-09	8	1.062	1.281	1.282	3.2200877642466454	3.4014756293275807	(8, 1.062)	0	3	2
r8i1141p1f1	1917-06-21	6	1.293	1.418	2.347	2.9958893324451923	3.569355626097524	(6, 1.293)	0	0	0
r8i1141p1f1	1919-06-08	6	1.193	1.308	1.747	2.9195770768954343	3.2837474711579246	(6, 1.193)	0	3	3
r8i1141p1f1	1919-07-16	7	1.236	1.589	2.341	3.173503507619822	3.7922463353269453	(7, 1.236)	0	0	0
r8i1141p1f1	1920-06-08	3	1.055	1.114	0.458	1.8690199726127856	1.2178277230180439	(3, 1.055)	1	1	1
r8i1141p1f1	1922-06-26	5	1.107	1.282	1.025	2.5935096221564495	2.5225113451220658	(5, 1.107)	1	3	3
r8i1141p1f1	1923-06-22	6	1.18	1.335	1.67	2.9092146316882888	3.2403980403811032	(6, 1.18)	0	3	3
r8i1141p1f1	1924-08-11	4	1.074	1.139	0.686	2.260929417725213	1.8699543168131119	(4, 1.074)	1	1	1
r8i1141p1f1	1926-08-02	4	1.128	1.3	0.904	2.304982217593767	2.1080289985317484	(4, 1.128)	1	3	3
r8i1141p1f1	1927-06-14	4	1.277	1.486	1.5	2.417341330292234	2.5649493574615367	(4, 1.277)	0	0	3
r8i1141p1f1	1928-08-09	4	1.292	1.482	1.56	2.427983502388379	2.601207105484161	(4, 1.292)	0	0	0
r8i1141p1f1	1928-08-17	4	1.041	1.116	0.556	2.2330206296081365	1.6952485688472114	(4, 1.041)	1	1	1
r8i1141p1f1	1929-06-15	8	1.227	1.5	2.596	3.3591190655401797	4.090014777664229	(8, 1.227)	0	0	2
r8i1141p1f1	1931-07-13	4	1.287	1.577	1.539	2.4244486807508863	2.5886658840788526	(4, 1.287)	0	0	0
r8i1141p1f1	1932-07-15	3	0.959	0.972	0.169	1.7889405286417714	0.6302871217160615	(3, 0.959)	1	1	1
r8i1141p1f1	1932-07-30	11	1.213	1.418	3.421	3.8122849778682215	4.834756199889167	(11, 1.213)	2	2	2
r8i1141p1f1	1933-08-18	4	1.165	1.286	1.05	2.334083760053417	2.2407096892759584	(4, 1.165)	0	3	3
r8i1141p1f1	1937-08-01	3	1.105	1.18	0.609	1.9083193018307179	1.426585853051329	(3, 1.105)	1	1	1
r8i1141p1f1	1938-07-20	5	1.072	1.136	0.85	2.563819824348271	2.3516884371055298	(5, 1.072)	1	1	1
r8i1141p1f1	1938-07-31	3	1.083	1.134	0.543	1.891217560871479	1.340645832792137	(3, 1.083)	1	1	1
r8i1141p1f1	1938-08-08	4	1.126	1.389	0.896	2.30338477316461	2.1002240808623647	(4, 1.126)	0	3	3
r8i1141p1f1	1938-08-20	8	1.194	1.654	2.332	3.3328163192524145	3.9846624336709766	(8, 1.194)	0	0	0
r8i1141p1f1	1939-06-01	3	1.225	1.3	0.968	1.9967779789349385	1.7967263712524728	(3, 1.225)	0	3	3
r8i1141p1f1	1939-07-04	3	1.086	1.285	0.551	1.8935669098428978	1.3514647888571463	(3, 1.086)	1	1	3
r8i1141p1f1	1940-06-04	5	1.092	1.307	0.95	2.5808932036141434	2.4528415911678723	(5, 1.092)	1	3	3
r8i1141p1f1	1940-06-14	7	1.059	1.238	1.097	3.025919735862031	3.059491943856525	(7, 1.059)	1	3	2
r8i1141p1f1	1941-06-14	6	1.166	1.321	1.585	2.8979336634015604	3.1902560566954907	(6, 1.166)	0	3	3
r8i1141p1f1	1943-08-30	3	1.077	1.163	0.524	1.886502239488306	1.3144717404249726	(3, 1.077)	1	1	1
r8i1141p1f1	1944-07-09	3	1.163	1.28	0.782	1.9520520017200835	1.6220364553706417	(3, 1.163)	1	3	3
r8i1141p1f1	1944-07-16	14	1.146	1.385	3.415	4.111384407813906	5.192337990889535	(14, 1.146)	2	2	2
r8i1141p1f1	1944-08-11	5	1.423	1.814	2.604	2.8278829071874334	3.4049770652185627	(5, 1.423)	2	0	0
r8i1141p1f1	1945-07-26	4	1.142	1.331	0.958	2.316093443018838	2.1591765096986895	(4, 1.142)	0	3	3
r8i1141p1f1	1946-06-19	6	1.164	1.318	1.573	2.8963116574672134	3.182970233026341	(6, 1.164)	0	3	3
r8i1141p1f1	1950-07-19	3	1.027	1.107	0.374	1.8463184440077063	1.0795521277469189	(3, 1.027)	1	1	1
r8i1141p1f1	1951-07-23	3	1.283	1.517	1.144	2.0368815218260807	1.9379353448911276	(3, 1.283)	0	0	3
r8i1141p1f1	1953-06-28	3	1.075	1.129	0.518	1.8849255117711192	1.3060618524041605	(3, 1.075)	1	1	1
r8i1141p1f1	1954-06-08	8	1.07	1.257	1.341	3.227293742089084	3.4450026400392497	(8, 1.07)	0	3	2
r8i1141p1f1	1954-06-29	10	1.037	1.336	1.347	3.5202483342371242	3.7749626523688202	(10, 1.037)	0	3	2
r8i1141p1f1	1954-07-19	4	1.129	1.267	0.906	2.305779983890565	2.1099707467146587	(4, 1.129)	1	3	3
r8i1141p1f1	1954-08-06	6	1.303	1.484	2.407	3.0032097875874415	3.5938963196195166	(6, 1.303)	0	0	0
r8i1141p1f1	1955-08-22	8	1.158	1.296	2.044	3.3033106778692147	3.8554619733428805	(8, 1.158)	0	3	2
r8i1141p1f1	1956-07-19	11	1.281	1.58	4.166	3.865655662195138	5.030357183772631	(11, 1.281)	2	2	4
r8i1141p1f1	1959-06-18	4	1.057	1.187	0.62	2.2466494606637424	1.7850704810772584	(4, 1.057)	1	1	1
r8i1141p1f1	1960-07-02	4	1.202	1.48	1.198	2.3623622970299065	2.3593434268126545	(4, 1.202)	0	3	3
r8i1141p1f1	1960-07-20	3	1.097	1.227	0.585	1.9021342734584945	1.396182602739468	(3, 1.097)	1	1	1
r8i1141p1f1	1960-08-06	5	1.064	1.214	0.81	2.556908007705628	2.3081769602092033	(5, 1.064)	1	1	1
r8i1141p1f1	1961-06-09	6	1.333	1.547	2.588	3.024855008051226	3.6644760158107905	(6, 1.333)	0	0	0
r8i1141p1f1	1961-06-26	5	1.196	1.376	1.471	2.665260056144508	2.859126443945479	(5, 1.196)	0	3	3
r8i1141p1f1	1962-08-11	3	0.959	0.972	0.169	1.7889405286417714	0.6302871217160615	(3, 0.959)	1	1	1
r8i1141p1f1	1963-06-05	3	1.12	1.241	0.654	1.9198141208902906	1.4812143931105761	(3, 1.12)	1	1	3
r8i1141p1f1	1963-07-08	4	0.997	1.025	0.381	2.1945543487803407	1.3982229319851645	(4, 0.997)	1	1	1
r8i1141p1f1	1963-07-14	3	1.084	1.15	0.547	1.8920012906264554	1.3460699419795767	(3, 1.084)	1	1	1
r8i1141p1f1	1966-06-10	6	1.052	1.203	0.901	2.8010048364522198	2.6561912414569924	(6, 1.052)	1	1	1
r8i1141p1f1	1966-07-25	4	1.026	1.143	0.496	2.2200726714195813	1.6030173446311777	(4, 1.026)	1	1	1
r8i1141p1f1	1966-08-01	7	1.486	1.814	4.085	3.3506443443638587	4.339318210138522	(7, 1.486)	2	0	0
r8i1141p1f1	1969-07-07	4	1.031	1.088	0.514	2.2244073119300216	1.6315907170752337	(4, 1.031)	1	1	1
r8i1141p1f1	1970-06-12	3	1.183	1.314	0.844	1.9666994485426734	1.683719932039788	(3, 1.183)	0	3	3
r8i1141p1f1	1970-06-30	4	1.27	1.435	1.471	2.412335956953165	2.546942040707453	(4, 1.27)	0	3	3
r8i1141p1f1	1970-07-30	7	0.961	1.042	0.411	2.933748835784026	2.1531364355385256	(7, 0.961)	1	1	1
r8i1141p1f1	1971-07-02	3	1.218	1.336	0.949	1.991827299029127	1.7802178956260757	(3, 1.218)	0	3	3
r8i1141p1f1	1971-07-13	3	1.302	1.448	1.2	2.049676739221073	1.9789832829743619	(3, 1.302)	0	3	3
r8i1141p1f1	1971-08-07	4	1.069	1.095	0.668	2.256750556650246	1.847509484332547	(4, 1.069)	1	1	1
r8i1141p1f1	1971-08-22	5	1.19	1.353	1.439	2.660581476076026	2.8384062550605225	(5, 1.19)	0	3	3
r8i1141p1f1	1972-08-06	9	1.029	1.323	1.143	3.359784935081608	3.4613826913088537	(9, 1.029)	0	3	2
r8i1141p1f1	1975-05-31	4	1.189	1.331	1.147	2.352517461742255	2.320032006597766	(4, 1.189)	0	3	3
r8i1141p1f1	1976-06-29	7	0.994	1.078	0.643	2.9657439666414716	2.557888073721652	(7, 0.994)	1	1	1
r8i1141p1f1	1979-07-17	3	1.061	1.109	0.475	1.8738182540964106	1.2436277695586093	(3, 1.061)	1	1	1
r8i1141p1f1	1979-07-29	8	1.102	1.229	1.595	3.255609352606355	3.613367076175951	(8, 1.102)	0	3	2
r8i1141p1f1	1980-07-27	10	1.098	1.561	1.959	3.5757613904668006	4.142325182334046	(10, 1.098)	0	3	2
r8i1141p1f1	1981-06-15	13	1.139	1.477	3.078	3.996132467756275	4.978611486881469	(13, 1.139)	2	2	2
r8i1141p1f1	1984-07-06	4	1.431	1.683	2.114	2.521559967436036	2.8854708792964536	(4, 1.431)	0	0	0
r8i1141p1f1	1984-08-09	3	1.062	1.255	0.478	1.8746157340449257	1.2481124165809672	(3, 1.062)	1	1	1
r8i1141p1f1	1985-06-04	4	1.332	1.561	1.718	2.4558210688929036	2.690836220367522	(4, 1.332)	0	0	0
r8i1141p1f1	1985-08-16	4	1.041	1.177	0.555	2.2330206296081365	1.6937790608678513	(4, 1.041)	1	1	1
r8i1141p1f1	1987-07-10	4	1.101	1.2	0.795	2.2831983791938555	1.9960599327407849	(4, 1.101)	1	1	1
r8i1141p1f1	1989-08-01	5	1.064	1.171	0.809	2.556908007705628	2.307064542163119	(5, 1.064)	1	1	1
r8i1141p1f1	1991-06-02	6	1.527	1.813	3.747	3.1545388844094036	4.02659071563474	(6, 1.527)	2	0	0
r8i1141p1f1	1991-06-12	5	1.128	1.267	1.131	2.6109093955518152	2.613370546077847	(5, 1.128)	0	3	3
r8i1141p1f1	1991-06-21	7	1.139	1.367	1.657	3.0953321124697535	3.455940252220716	(7, 1.139)	0	3	2
r8i1141p1f1	1991-07-03	3	0.96	1.003	0.173	1.7898086218618807	0.6412928704789613	(3, 0.96)	1	1	1
r8i1141p1f1	1992-07-07	8	1.252	1.442	2.797	3.3785947247087247	4.163386760055255	(8, 1.252)	0	0	2
r8i1141p1f1	1992-08-29	4	1.111	1.245	0.836	2.291321900715335	2.0396606716679915	(4, 1.111)	1	3	3
r8i1141p1f1	1995-07-07	3	1.094	1.154	0.575	1.8998049895985742	1.3832366016989441	(3, 1.094)	1	1	1
r8i1141p1f1	1997-06-06	3	1.05	1.124	0.442	1.8650037419525174	1.192921777292329	(3, 1.05)	1	1	1
r8i1141p1f1	1997-07-20	4	1.118	1.276	0.863	2.29696935420841	2.0673689604455667	(4, 1.118)	1	3	3
r8i1141p1f1	1998-06-10	5	1.069	1.187	0.834	2.5612334882965984	2.3345103615048095	(5, 1.069)	1	1	1
r8i1141p1f1	1998-08-10	9	1.393	1.707	4.415	3.653537209966645	4.7891986185737325	(9, 1.393)	2	2	4
r8i1141p1f1	2000-06-17	15	1.023	1.242	1.82	4.10150105082035	4.670325192229626	(15, 1.023)	2	2	2
r8i1141p1f1	2000-07-30	4	1.277	1.4	1.499	2.417341330292234	2.5643337834193223	(4, 1.277)	0	3	3
r8i1141p1f1	2001-06-14	5	1.396	1.61	2.468	2.8098697238147503	3.353164690020119	(5, 1.396)	0	0	0
r8i1141p1f1	2001-06-27	3	1.008	1.067	0.318	1.8306149942480556	0.9754560194208632	(3, 1.008)	1	1	1
r8i1141p1f1	2001-07-21	4	1.049	1.248	0.589	2.2398582630857407	1.7425692250372833	(4, 1.049)	1	1	1
r8i1141p1f1	2006-06-14	5	1.277	1.513	1.876	2.726367676192942	3.089874390936577	(5, 1.277)	0	0	0
r8i1141p1f1	2006-07-15	5	1.128	1.263	1.128	2.6109093955518152	2.6109093955518152	(5, 1.128)	0	3	3
r8i1141p1f1	2007-06-13	4	1.139	1.274	0.946	2.3137228374045016	2.1480343331454477	(4, 1.139)	1	3	3
r8i1141p1f1	2010-08-12	11	1.191	1.491	3.183	3.7943897395707435	4.763241602114296	(11, 1.191)	2	2	2
r8i1231p1f1	1853-07-22	3	1.092	1.202	0.565	1.8982491140189333	1.3701208010874533	(3, 1.092)	1	1	1
r8i1231p1f1	1854-06-10	8	1.422	1.853	4.148	3.5018323586622437	4.552386578557393	(8, 1.422)	2	2	4
r8i1231p1f1	1854-07-24	3	1.116	1.252	0.637	1.9167617321445913	1.4609260927382746	(3, 1.116)	1	1	3
r8i1231p1f1	1857-06-16	4	1.251	1.515	1.39	2.398622281190988	2.4948569806411682	(4, 1.251)	0	3	3
r8i1231p1f1	1858-07-07	3	0.957	1.016	0.16	1.7872020781678604	0.6050721768288292	(3, 0.957)	1	1	1
r8i1231p1f1	1858-07-27	3	1.077	1.127	0.519	1.886502239488306	1.3074684211342518	(3, 1.077)	1	1	1
r8i1231p1f1	1858-08-24	3	0.974	1.013	0.209	1.8018834582222802	0.7352463701651437	(3, 0.974)	1	1	1
r8i1231p1f1	1862-06-09	11	1.188	1.625	3.129	3.7919244781972328	4.746278253749294	(11, 1.188)	2	2	2
r8i1231p1f1	1864-08-27	3	1.039	1.116	0.404	1.8561108427283792	1.131158720187866	(3, 1.039)	1	1	1
r8i1231p1f1	1865-06-01	5	1.191	1.447	1.434	2.661362761078819	2.8351295891601755	(5, 1.191)	0	3	3
r8i1231p1f1	1865-06-14	8	1.284	1.471	3.041	3.402982568114627	4.2457769091683994	(8, 1.284)	2	0	0
r8i1231p1f1	1867-06-01	3	1.199	1.443	0.887	1.9782648663799822	1.7243701682880426	(3, 1.199)	0	3	3
r8i1231p1f1	1868-06-28	3	1.142	1.327	0.715	1.9364377221875966	1.550801721103776	(3, 1.142)	1	3	3
r8i1231p1f1	1868-07-14	3	1.259	1.374	1.066	2.020481551588581	1.8777993092709364	(3, 1.259)	0	3	3
r8i1231p1f1	1868-07-19	7	1.05	1.167	1.023	3.0178005742494114	2.9930399093186377	(7, 1.05)	1	3	1
r8i1231p1f1	1869-07-26	4	1.09	1.213	0.744	2.2741856184723477	1.9390293879630909	(4, 1.09)	1	1	1
r8i1231p1f1	1870-06-07	3	1.144	1.254	0.721	1.9379353448911276	1.5573918920344425	(3, 1.144)	1	3	3
r8i1231p1f1	1870-07-31	6	0.966	1.253	0.374	2.7211140001564913	1.871287426410356	(6, 0.966)	1	1	1
r8i1231p1f1	1871-08-20	5	1.294	1.463	1.949	2.7387319851476466	3.1263430119995474	(5, 1.294)	0	0	0
r8i1231p1f1	1872-07-27	4	1.357	1.603	1.813	2.472834068553731	2.7410980551484103	(4, 1.357)	0	0	0
r8i1231p1f1	1875-07-28	4	1.032	1.13	0.514	2.2252719898913753	1.6315907170752337	(4, 1.032)	1	1	1
r8i1231p1f1	1876-06-12	4	1.005	1.095	0.405	2.201659174404085	1.4445632692438664	(4, 1.005)	1	1	1
r8i1231p1f1	1876-06-22	4	1.489	1.775	2.341	2.558157111527593	2.9820389464219885	(4, 1.489)	0	0	0
r8i1231p1f1	1876-08-16	3	1.154	1.275	0.75	1.9453899989154602	1.5886461167462513	(3, 1.154)	1	3	3
r8i1231p1f1	1878-06-19	4	1.125	1.325	0.884	2.302585092994046	2.088401283051308	(4, 1.125)	0	3	3
r8i1231p1f1	1878-08-11	3	1.074	1.213	0.509	1.8841362146551381	1.2933129031053585	(3, 1.074)	1	1	1
r8i1231p1f1	1879-07-15	4	1.158	1.351	1.018	2.3286426273133354	2.2130979264925097	(4, 1.158)	0	3	3
r8i1231p1f1	1879-07-23	5	1.437	1.748	2.665	2.8370968768031672	3.4273720109761916	(5, 1.437)	2	0	0
r8i1231p1f1	1879-07-31	4	1.111	1.29	0.828	2.291321900715335	2.031301166351901	(4, 1.111)	1	3	3
r8i1231p1f1	1881-08-04	7	1.177	1.461	1.914	3.1266879478812584	3.5958804433050338	(7, 1.177)	0	3	2
r8i1231p1f1	1882-07-14	3	1.06	1.109	0.469	1.8730201376660125	1.2345976845847308	(3, 1.06)	1	1	1
r8i1231p1f1	1883-08-04	5	1.045	1.165	0.707	2.540298402618647	2.18655680067661	(5, 1.045)	1	1	1
r8i1231p1f1	1884-07-12	3	1.06	1.147	0.467	1.8730201376660125	1.2315694443596583	(3, 1.06)	1	1	1
r8i1231p1f1	1885-06-14	5	1.016	1.144	0.563	2.5144027741510016	1.9871249381924374	(5, 1.016)	1	1	1
r8i1231p1f1	1886-07-24	4	1.216	1.367	1.249	2.3728571459793772	2.397167735479994	(4, 1.216)	0	3	3
r8i1231p1f1	1886-08-14	4	1.015	1.075	0.445	2.21046980408624	1.5173226235262947	(4, 1.015)	1	1	1
r8i1231p1f1	1888-06-14	4	1.414	1.797	2.039	2.510574396536578	2.8513999026640713	(4, 1.414)	0	0	0
r8i1231p1f1	1888-06-26	3	1.108	1.242	0.613	1.9106288604174835	1.4315643928674042	(3, 1.108)	1	1	3
r8i1231p1f1	1888-08-06	5	1.312	1.625	2.039	2.7516590883005363	3.169547463182099	(5, 1.312)	0	0	0
r8i1231p1f1	1889-06-27	7	1.358	1.812	3.176	3.2638687682535124	4.0913457895208225	(7, 1.358)	2	0	0
r8i1231p1f1	1889-07-22	6	1.3	1.575	2.374	3.001019272397774	3.580473525228121	(6, 1.3)	0	0	0
r8i1231p1f1	1889-08-27	6	1.126	1.302	1.333	2.8649828762889484	3.024855008051226	(6, 1.126)	0	3	3
r8i1231p1f1	1894-06-03	14	1.149	1.421	3.437	4.113956006597677	5.1987239123594495	(14, 1.149)	2	2	2
r8i1231p1f1	1894-07-02	3	1.043	1.062	0.416	1.8593537818135162	1.151078041275708	(3, 1.043)	1	1	1
r8i1231p1f1	1894-07-07	4	1.058	1.235	0.618	2.247495126676086	1.7823823074154581	(4, 1.058)	1	1	1
r8i1231p1f1	1894-07-18	3	1.088	1.199	0.552	1.895130081726901	1.3528089652533486	(3, 1.088)	1	1	1
r8i1231p1f1	1894-07-24	6	1.177	1.345	1.637	2.9068079715549477	3.2212285851006133	(6, 1.177)	0	3	3
r8i1231p1f1	1896-06-24	4	0.978	1.011	0.295	2.1774752819512013	1.2119409739751128	(4, 0.978)	1	1	1
r8i1231p1f1	1896-07-01	5	0.99	1.119	0.432	2.4906017757796937	1.763001019342689	(5, 0.99)	1	1	1
r8i1231p1f1	1896-08-06	4	1.023	1.08	0.477	2.2174628395772107	1.57194370800652	(4, 1.023)	1	1	1
r8i1231p1f1	1897-06-15	3	0.985	1.019	0.244	1.8112695923709663	0.8188371807916396	(3, 0.985)	1	1	1
r8i1231p1f1	1900-06-23	5	1.293	1.406	1.948	2.738008889368074	3.125852321063687	(5, 1.293)	0	0	0
r8i1231p1f1	1900-06-30	4	1.248	1.369	1.377	2.39643966846567	2.4862390950217788	(4, 1.248)	0	3	3
r8i1231p1f1	1900-07-16	3	1.172	1.344	0.803	1.958669915800558	1.6433581403858413	(3, 1.172)	0	3	3
r8i1231p1f1	1900-08-27	4	1.096	1.215	0.768	2.2791117368084035	1.9662728435741978	(4, 1.096)	1	1	3
r8i1231p1f1	1901-05-31	5	1.25	1.485	1.73	2.706410514842709	3.0126871245548767	(5, 1.25)	0	0	0
r8i1231p1f1	1902-08-23	4	1.098	1.234	0.777	2.2807483983848713	1.9763007827603225	(4, 1.098)	1	3	3
r8i1231p1f1	1904-07-08	3	1.105	1.237	0.602	1.9083193018307179	1.4178133183003034	(3, 1.105)	1	1	3
r8i1231p1f1	1905-05-30	10	1.361	1.662	4.575	3.785066498335075	4.981372641606607	(10, 1.361)	2	2	4
r8i1231p1f1	1906-08-10	8	1.165	1.562	2.091	3.309116478224365	3.8777199029918368	(8, 1.165)	0	0	2
r8i1231p1f1	1908-08-03	3	1.055	1.131	0.455	1.8690199726127856	1.213204863124527	(3, 1.055)	1	1	1
r8i1231p1f1	1909-06-07	4	1.221	1.391	1.268	2.376578772902372	2.4109012364775046	(4, 1.221)	0	3	3
r8i1231p1f1	1909-06-21	5	1.337	1.546	2.167	2.7693406046617954	3.2279464237700806	(5, 1.337)	0	0	0
r8i1231p1f1	1909-07-04	5	1.122	1.384	1.093	2.6059688478338074	2.581739268354416	(5, 1.122)	0	3	3
r8i1231p1f1	1910-08-12	3	1.069	1.11	0.495	1.8801803570932276	1.2731523841689367	(3, 1.069)	1	1	1
r8i1231p1f1	1911-06-09	5	1.168	1.31	1.323	2.6432369391938733	2.759477499017757	(5, 1.168)	0	3	3
r8i1231p1f1	1911-08-30	3	1.129	1.212	0.676	1.926648119458506	1.5068732708419108	(3, 1.129)	1	1	3
r8i1231p1f1	1914-06-28	11	1.118	1.192	2.357	3.7326056674282015	4.465794674743566	(11, 1.118)	0	3	2
r8i1231p1f1	1916-08-06	4	1.239	1.427	1.342	2.3898631011011062	2.462661040840681	(4, 1.239)	0	3	3
r8i1231p1f1	1917-07-29	3	0.971	1.007	0.201	1.7993082391769442	0.7151173770601508	(3, 0.971)	1	1	1
r8i1231p1f1	1918-07-16	3	1.137	1.154	0.698	1.9326838233665247	1.531890207711171	(3, 1.137)	1	1	1
r8i1231p1f1	1920-06-26	4	1.422	1.684	2.073	2.515759113270765	2.8669893976612655	(4, 1.422)	0	0	0
r8i1231p1f1	1920-07-10	3	1.109	1.216	0.617	1.9113975294518544	1.4365182695604304	(3, 1.109)	1	1	3
r8i1231p1f1	1921-06-03	10	1.16	1.36	2.564	3.6291936954668964	4.407704118298999	(10, 1.16)	0	2	2
r8i1231p1f1	1921-07-23	4	1.115	1.21	0.846	2.2945529212967815	2.0500127309890237	(4, 1.115)	1	3	3
r8i1231p1f1	1921-08-19	8	1.125	1.51	1.772	3.2754770837176115	3.7159055108948835	(8, 1.125)	0	3	2
r8i1231p1f1	1924-06-17	11	1.067	1.525	1.798	3.6870584261585693	4.198647595497208	(11, 1.067)	0	3	2
r8i1231p1f1	1925-07-04	6	1.323	1.544	2.515	3.0176918659770933	3.636606738634259	(6, 1.323)	0	0	0
r8i1231p1f1	1925-07-30	5	1.037	1.061	0.664	2.5332214996909945	2.131054585071517	(5, 1.037)	1	1	1
r8i1231p1f1	1927-08-03	5	1.138	1.235	1.171	2.6190897835645344	2.645619892265607	(5, 1.138)	0	3	3
r8i1231p1f1	1927-08-18	3	0.995	1.029	0.275	1.8197266593443935	0.887455737113426	(3, 0.995)	1	1	1
r8i1231p1f1	1929-06-26	5	1.143	1.387	1.196	2.623155019130585	2.665260056144508	(5, 1.143)	0	3	3
r8i1231p1f1	1929-08-04	9	1.354	1.59	4.052	3.6258864047860144	4.704146365070694	(9, 1.354)	2	2	4
r8i1231p1f1	1930-08-26	3	1.042	1.077	0.414	1.8585440324455398	1.1477855867341364	(3, 1.042)	1	1	1
r8i1231p1f1	1931-06-09	5	1.161	1.345	1.287	2.6376545325400946	2.7336592999459226	(5, 1.161)	0	3	3
r8i1231p1f1	1931-06-29	5	0.912	0.973	0.04	2.4155985480318365	0.3696400494024986	(5, 0.912)	1	1	1
r8i1231p1f1	1934-07-07	5	1.129	1.232	1.125	2.611730452273528	2.6084421728161775	(5, 1.129)	1	3	3
r8i1231p1f1	1936-06-27	10	1.264	1.868	3.602	3.712869127615831	4.744107800169973	(10, 1.264)	2	2	4
r8i1231p1f1	1936-08-02	5	1.095	1.188	0.958	2.583429253381768	2.4605085565333504	(5, 1.095)	1	3	1
r8i1231p1f1	1937-06-10	5	1.005	1.119	0.505	2.5044021700408257	1.894025949770022	(5, 1.005)	1	1	1
r8i1231p1f1	1937-06-20	4	1.085	1.187	0.723	2.2700619012884857	1.914566898489602	(4, 1.085)	1	1	1
r8i1231p1f1	1937-07-02	3	1.018	1.03	0.343	1.8389106984286396	1.0232708364453367	(3, 1.018)	1	1	1
r8i1231p1f1	1937-08-23	3	0.961	1.029	0.171	1.7906759621497192	0.6358051368343263	(3, 0.961)	1	1	1
r8i1231p1f1	1938-06-09	4	1.305	1.569	1.604	2.437115985951652	2.6269847483809894	(4, 1.305)	0	0	0
r8i1231p1f1	1938-07-20	5	1.018	1.171	0.572	2.51621036934779	2.0008249770332482	(5, 1.018)	1	1	1
r8i1231p1f1	1938-07-28	13	1.303	1.718	5.185	4.1283341981279476	5.49730011709776	(13, 1.303)	2	2	4
r8i1231p1f1	1938-08-28	4	1.014	1.108	0.439	2.209592226144881	1.5067405141957577	(4, 1.014)	1	1	1
r8i1231p1f1	1940-07-14	3	1.184	1.303	0.84	1.96742621912213	1.6798531384421636	(3, 1.184)	0	3	3
r8i1231p1f1	1942-06-04	3	1.158	1.253	0.763	1.9483563696870467	1.6023456816211354	(3, 1.158)	1	3	3
r8i1231p1f1	1942-07-05	9	1.358	1.664	4.087	3.6287578307725554	4.712669412971537	(9, 1.358)	2	2	4
r8i1231p1f1	1942-08-29	5	1.15	1.273	1.232	2.628818727167972	2.692880977408798	(5, 1.15)	0	3	3
r8i1231p1f1	1945-07-13	5	1.073	1.118	0.847	2.5646804520240467	2.348489944813307	(5, 1.073)	1	1	1
r8i1231p1f1	1945-07-27	7	1.121	1.195	1.52	3.0801290517787883	3.3724821491229218	(7, 1.121)	0	3	2
r8i1231p1f1	1946-06-01	3	0.991	1.028	0.26	1.8163524103314332	0.8548406121371308	(3, 0.991)	1	1	1
r8i1231p1f1	1948-06-17	5	1.326	1.654	2.109	2.7615992265	3.2019061234132646	(5, 1.326)	0	0	0
r8i1231p1f1	1948-08-03	4	0.986	1.035	0.329	2.184702052337329	1.2897834607390468	(4, 0.986)	1	1	1
r8i1231p1f1	1949-08-20	4	0.944	0.988	0.159	2.146165173722744	0.820660500858905	(4, 0.944)	1	1	1
r8i1231p1f1	1952-06-09	3	0.992	1.042	0.266	1.8171970405807354	0.8680145842403707	(3, 0.992)	1	1	1
r8i1231p1f1	1953-06-10	5	1.215	1.342	1.557	2.6799327830479016	2.912773901387395	(5, 1.215)	0	3	3
r8i1231p1f1	1953-08-19	3	1.03	1.235	0.378	1.8487755481388044	1.0865888343590457	(3, 1.03)	1	1	1
r8i1231p1f1	1954-06-15	4	1.115	1.269	0.843	2.2945529212967815	2.046918349974276	(4, 1.115)	1	3	3
r8i1231p1f1	1957-07-15	3	1.03	1.063	0.378	1.8487755481388044	1.0865888343590457	(3, 1.03)	1	1	1
r8i1231p1f1	1959-07-09	4	1.043	1.191	0.555	2.234734426085871	1.6937790608678513	(4, 1.043)	1	1	1
r8i1231p1f1	1959-07-26	8	1.049	1.154	1.16	3.2082661581080263	3.304972920343471	(8, 1.049)	1	3	2
r8i1231p1f1	1960-06-09	15	1.39	1.728	7.285	4.4036866385319975	6.050252790063746	(15, 1.39)	2	2	4
r8i1231p1f1	1960-08-18	10	1.112	1.258	2.081	3.5880787373394516	4.201807837152799	(10, 1.112)	0	3	2
r8i1231p1f1	1962-06-07	4	1.178	1.276	1.096	2.344110839822544	2.2791117368084035	(4, 1.178)	0	3	3
r8i1231p1f1	1962-06-30	10	1.069	1.185	1.651	3.5497538196339624	3.9742313920856036	(10, 1.069)	0	3	2
r8i1231p1f1	1963-08-11	3	1.093	1.239	0.567	1.8990273544023255	1.3727577592551778	(3, 1.093)	1	1	1
r8i1231p1f1	1965-06-17	5	1.191	1.388	1.436	2.661362761078819	2.836441544185978	(5, 1.191)	0	3	3
r8i1231p1f1	1966-07-16	3	1.117	1.187	0.64	1.9175257032512696	1.4645364218009906	(3, 1.117)	1	1	1
r8i1231p1f1	1969-05-30	17	1.33	1.737	7.247	4.545668751484723	6.232374320260303	(17, 1.33)	2	2	4
r8i1231p1f1	1969-08-02	3	1.068	1.179	0.493	1.879387304251124	1.2702388418084498	(3, 1.068)	1	1	1
r8i1231p1f1	1970-08-21	4	1.067	1.106	0.652	2.255074110322994	1.8271266130653463	(4, 1.067)	1	1	1
r8i1231p1f1	1972-07-11	3	1.084	1.176	0.539	1.8920012906264554	1.335192142118085	(3, 1.084)	1	1	1
r8i1231p1f1	1973-08-07	3	1.054	1.111	0.451	1.8682180158529837	1.2070076174108926	(3, 1.054)	1	1	1
r8i1231p1f1	1975-08-13	3	1.001	1.124	0.291	1.82476678051635	0.9211112365527838	(3, 1.001)	1	1	1
r8i1231p1f1	1976-06-13	6	0.938	1.018	0.206	2.6936624096079824	1.3931630481070862	(6, 0.938)	1	1	1
r8i1231p1f1	1978-06-27	4	0.968	1.078	0.256	2.1683677508742374	1.1144856378244	(4, 0.968)	1	1	1
r8i1231p1f1	1980-06-01	5	1.122	1.248	1.092	2.6059688478338074	2.5808932036141434	(5, 1.122)	1	3	3
r8i1231p1f1	1982-06-25	4	1.028	1.108	0.496	2.221808782966758	1.6030173446311777	(4, 1.028)	1	1	1
r8i1231p1f1	1982-08-28	3	1.051	1.181	0.441	1.8658082795298527	1.1913443657207363	(3, 1.051)	1	1	1
r8i1231p1f1	1985-06-18	3	1.032	1.081	0.385	1.8504102698672793	1.098785167970973	(3, 1.032)	1	1	1
r8i1231p1f1	1985-07-20	13	1.059	1.3	2.016	3.9246948653870644	4.559066432371726	(13, 1.059)	2	2	2
r8i1231p1f1	1986-06-29	3	1.158	1.258	0.764	1.9483563696870467	1.603391761434228	(3, 1.158)	1	3	3
r8i1231p1f1	1986-07-05	8	1.204	1.474	2.402	3.34086015836456	4.013695730862984	(8, 1.204)	0	0	2
r8i1231p1f1	1986-08-29	3	1.009	1.074	0.317	1.8314476683669307	0.9734950425711832	(3, 1.009)	1	1	1
r8i1231p1f1	1987-08-14	4	1.025	1.085	0.485	2.2192034840549946	1.5851452198650557	(4, 1.025)	1	1	1
r8i1231p1f1	1988-07-13	5	1.182	1.453	1.39	2.6543091236540386	2.805822344369101	(5, 1.182)	0	3	3
r8i1231p1f1	1989-05-31	3	1.19	1.418	0.859	1.9717757853036324	1.6980886822539114	(3, 1.19)	0	3	3
r8i1231p1f1	1989-06-12	5	1.154	1.418	1.252	2.6320407875973544	2.707902559480301	(5, 1.154)	0	3	3
r8i1231p1f1	1990-07-22	4	1.182	1.312	1.114	2.3471759763219207	2.293746144326841	(4, 1.182)	0	3	3
r8i1231p1f1	1994-06-21	4	1.088	1.296	0.736	2.272538171641749	1.9297807671254297	(4, 1.088)	1	3	3
r8i1231p1f1	1995-06-11	5	1.159	1.468	1.276	2.636053818560595	2.725635581039404	(5, 1.159)	0	3	3
r8i1231p1f1	1995-07-05	5	1.272	1.666	1.841	2.7227018289917884	3.07190623339722	(5, 1.272)	0	0	0
r8i1231p1f1	1995-07-29	3	0.948	0.978	0.133	1.7793414330419388	0.5253722697485572	(3, 0.948)	1	1	1
r8i1231p1f1	1995-08-12	5	1.182	1.362	1.39	2.6543091236540386	2.805822344369101	(5, 1.182)	0	3	3
r8i1231p1f1	1998-08-02	3	1.16	1.268	0.77	1.9498362618267655	1.6096453640113553	(3, 1.16)	1	3	3
r8i1231p1f1	1998-08-08	4	1.016	1.094	0.448	2.2113466125597747	1.5225719794124384	(4, 1.016)	1	1	1
r8i1231p1f1	1999-06-07	4	1.046	1.138	0.568	2.237299626295416	1.712716261887602	(4, 1.046)	1	1	1
r8i1231p1f1	2001-06-15	3	0.994	1.124	0.27	1.8188841638866633	0.8767017910517952	(3, 0.994)	1	1	1
r8i1231p1f1	2001-08-17	3	1.003	1.015	0.298	1.8264411915984637	0.9354866739845107	(3, 1.003)	1	1	1
r8i1231p1f1	2002-07-07	3	0.946	0.961	0.127	1.7775861999417792	0.5067642019569778	(3, 0.946)	1	1	1
r8i1231p1f1	2002-07-16	4	1.247	1.397	1.374	2.3957110709835296	2.4842397608002966	(4, 1.247)	0	3	3
r8i1231p1f1	2002-08-22	3	1.207	1.422	0.911	1.9839977994098914	1.7463601496317653	(3, 1.207)	0	3	3
r8i1231p1f1	2004-08-25	7	1.134	1.272	1.614	3.091132172389385	3.4304874847784474	(7, 1.134)	0	3	2
r8i1231p1f1	2005-08-05	6	1.232	1.377	1.972	2.9500352999136945	3.4006092966610826	(6, 1.232)	0	3	3
r8i1231p1f1	2008-06-21	3	1.026	1.075	0.366	1.8454980658277378	1.0653284036835002	(3, 1.026)	1	1	1
r8i1231p1f1	2008-06-29	4	1.155	1.249	1.003	2.3263016196113617	2.199887694755703	(4, 1.155)	1	3	3
r8i1231p1f1	2010-07-12	5	1.073	1.213	0.846	2.5646804520240467	2.347421503257298	(5, 1.073)	1	1	1
r8i1251p1f1	1851-06-08	12	1.561	1.833	7.859	4.187979877416754	5.792075653765412	(12, 1.561)	2	2	4
r8i1251p1f1	1851-06-23	3	1.017	1.086	0.332	1.83808421800981	1.0025134195209144	(3, 1.017)	1	1	1
r8i1251p1f1	1851-08-26	5	1.078	1.288	0.86	2.5689725151390577	2.3622767906660798	(5, 1.078)	1	3	3
r8i1251p1f1	1852-07-07	3	1.104	1.207	0.592	1.907548262098765	1.405146103684702	(3, 1.104)	1	1	1
r8i1251p1f1	1854-08-13	7	1.319	1.578	2.889	3.2358596538693307	3.998292968305331	(7, 1.319)	2	0	0
r8i1251p1f1	1859-07-16	9	1.138	1.4	2.086	3.4571365339862634	4.048684494186576	(9, 1.138)	0	3	2
r8i1251p1f1	1860-06-08	5	1.119	1.263	1.062	2.6034893903441514	2.5551725630984348	(5, 1.119)	1	3	3
r8i1251p1f1	1860-08-17	9	1.009	1.119	0.921	3.340845639277408	3.2529680250359703	(9, 1.009)	1	1	2
r8i1251p1f1	1861-06-20	4	1.015	1.089	0.435	2.21046980408624	1.4996230464268938	(4, 1.015)	1	1	1
r8i1251p1f1	1861-07-02	6	1.373	1.808	2.801	3.053005237826713	3.741617164489111	(6, 1.373)	2	0	0
r8i1251p1f1	1861-08-11	4	1.041	1.161	0.539	2.2330206296081365	1.6699684121741327	(4, 1.041)	1	1	1
r8i1251p1f1	1861-08-21	5	1.006	1.07	0.498	2.505315459888837	1.8821803315296821	(5, 1.006)	1	1	1
r8i1251p1f1	1864-07-22	4	1.048	1.128	0.568	2.2390061113511743	1.712716261887602	(4, 1.048)	1	1	1
r8i1251p1f1	1864-08-03	4	0.963	0.979	0.225	2.1637826901135866	1.0296194171811583	(4, 0.963)	1	1	1
r8i1251p1f1	1864-08-11	6	1.056	1.128	0.901	2.8045697711340716	2.6561912414569924	(6, 1.056)	1	1	1
r8i1251p1f1	1866-06-25	12	1.151	1.474	2.937	3.888676003017979	4.8129060243694175	(12, 1.151)	2	2	2
r8i1251p1f1	1866-07-09	5	1.121	1.26	1.075	2.6051430448944473	2.566399488517791	(5, 1.121)	1	3	3
r8i1251p1f1	1866-08-16	3	1.198	1.303	0.875	1.9775459332921197	1.7131911436783835	(3, 1.198)	0	3	3
r8i1251p1f1	1868-07-04	7	1.057	1.294	1.054	3.0241211660172507	3.0214172313159864	(7, 1.057)	1	3	2
r8i1251p1f1	1871-06-13	4	0.973	1.031	0.269	2.172931884767175	1.1480371719956328	(4, 0.973)	1	1	1
r8i1251p1f1	1872-07-22	4	1.029	1.074	0.492	2.2226757097657437	1.5965552866030868	(4, 1.029)	1	1	1
r8i1251p1f1	1873-06-25	8	1.03	1.181	0.993	3.190733087259543	3.155681469970923	(8, 1.03)	1	3	2
r8i1251p1f1	1873-07-13	3	1.234	1.378	0.984	2.0031073361399168	1.8104199386185384	(3, 1.234)	0	3	3
r8i1251p1f1	1873-07-26	5	1.093	1.226	0.932	2.581739268354416	2.435372927072956	(5, 1.093)	1	3	3
r8i1251p1f1	1874-06-22	3	1.096	1.158	0.568	1.901358448189443	1.3740736353341576	(3, 1.096)	1	1	1
r8i1251p1f1	1874-07-03	4	1.544	1.86	2.552	2.591666186359534	3.0641383062180516	(4, 1.544)	2	0	0
r8i1251p1f1	1874-08-16	3	1.051	1.083	0.434	1.8658082795298527	1.180232259947073	(3, 1.051)	1	1	1
r8i1251p1f1	1877-07-27	7	1.073	1.331	1.169	3.038419955272531	3.1201679304148024	(7, 1.073)	0	3	2
r8i1251p1f1	1878-06-23	4	1.075	1.167	0.675	2.2617630984737906	1.8562979903656263	(4, 1.075)	1	1	1
r8i1251p1f1	1878-08-04	3	0.996	1.094	0.27	1.8205684456009843	0.8767017910517952	(3, 0.996)	1	1	1
r8i1251p1f1	1878-08-30	3	1.145	1.298	0.716	1.9386833160041137	1.5519031033409696	(3, 1.145)	1	3	3
r8i1251p1f1	1879-07-25	4	1.301	1.596	1.579	2.43431486367194	2.6124199700869597	(4, 1.301)	0	0	0
r8i1251p1f1	1881-08-15	4	1.067	1.135	0.644	2.255074110322994	1.8167772322033429	(4, 1.067)	1	1	1
r8i1251p1f1	1883-08-23	4	1.049	1.171	0.571	2.2398582630857407	1.7170359230321184	(4, 1.049)	1	1	1
r8i1251p1f1	1884-08-30	3	1.172	1.306	0.797	1.958669915800558	1.637312477901555	(3, 1.172)	0	3	3
r8i1251p1f1	1886-08-11	3	1.023	1.126	0.352	1.8430328854192755	1.039939429620377	(3, 1.023)	1	1	1
r8i1251p1f1	1887-06-20	4	1.142	1.289	0.942	2.316093443018838	2.144292513999452	(4, 1.142)	0	3	3
r8i1251p1f1	1888-06-07	16	1.201	1.457	4.709	4.3549637151241924	5.711671276076438	(16, 1.201)	2	2	4
r8i1251p1f1	1888-07-14	4	1.117	1.252	0.842	2.296164525191123	2.045884758150993	(4, 1.117)	1	3	3
r8i1251p1f1	1890-07-12	3	1.318	1.494	1.237	2.060326112082957	2.005208250678203	(3, 1.318)	0	0	0
r8i1251p1f1	1890-08-11	3	1.081	1.163	0.524	1.8896482562540837	1.3144717404249726	(3, 1.081)	1	1	1
r8i1251p1f1	1892-06-07	3	1.077	1.192	0.512	1.886502239488306	1.297580637895095	(3, 1.077)	1	1	1
r8i1251p1f1	1892-08-03	3	1.18	1.245	0.821	1.9645159622469717	1.6612788732430224	(3, 1.18)	1	3	3
r8i1251p1f1	1894-07-16	4	1.162	1.258	1.024	2.3317554702938255	2.2183335405464546	(4, 1.162)	0	3	3
r8i1251p1f1	1895-06-09	6	1.116	1.297	1.257	2.8565726904904096	2.969082894297463	(6, 1.116)	0	3	3
r8i1251p1f1	1895-08-19	3	1.212	1.327	0.916	1.9875642639627233	1.7508811570107512	(3, 1.212)	0	3	3
r8i1251p1f1	1896-06-01	3	1.027	1.102	0.361	1.8463184440077063	1.0563347299798889	(3, 1.027)	1	1	1
r8i1251p1f1	1898-06-07	4	1.542	1.786	2.544	2.590467145448493	3.0611454121022232	(4, 1.542)	2	0	0
r8i1251p1f1	1898-06-20	5	1.285	1.475	1.896	2.7322052224153808	3.0999987902144874	(5, 1.285)	0	0	0
r8i1251p1f1	1898-06-30	5	1.118	1.327	1.06	2.6026615364721923	2.5534341014866544	(5, 1.118)	0	3	3
r8i1251p1f1	1899-07-26	9	1.084	1.241	1.602	3.410091048832275	3.789945762848739	(9, 1.084)	0	3	2
r8i1251p1f1	1900-06-07	9	1.207	1.351	2.705	3.5141986324159347	4.304537954360682	(9, 1.207)	0	3	2
r8i1251p1f1	1900-06-26	4	1.023	1.049	0.465	2.2174628395772107	1.551808799597464	(4, 1.023)	1	1	1
r8i1251p1f1	1902-07-24	5	0.983	1.309	0.384	2.4840958302803102	1.6664325215876066	(5, 0.983)	1	1	1
r8i1251p1f1	1907-06-29	3	1.104	1.181	0.593	1.907548262098765	1.4064200702060552	(3, 1.104)	1	1	1
r8i1251p1f1	1907-07-19	4	1.011	1.088	0.421	2.2069548619787955	1.4743052384426039	(4, 1.011)	1	1	1
r8i1251p1f1	1908-08-12	4	1.139	1.309	0.93	2.3137228374045016	2.1329823086078656	(4, 1.139)	0	3	3
r8i1251p1f1	1909-06-02	7	1.053	1.128	1.029	3.0205142925795414	2.998595505270994	(7, 1.053)	1	1	1
r8i1251p1f1	1909-06-18	3	1.274	1.386	1.104	2.0307630082612924	1.907548262098765	(3, 1.274)	0	3	3
r8i1251p1f1	1909-06-26	9	1.222	1.627	2.839	3.5261840384551597	4.3522501837485805	(9, 1.222)	2	0	2
r8i1251p1f1	1910-07-20	7	1.158	1.396	1.759	3.1111329236929453	3.5138453559671015	(7, 1.158)	0	3	2
r8i1251p1f1	1910-08-06	3	0.98	1.055	0.22	1.807014086039882	0.7622783578800849	(3, 0.98)	1	1	1
r8i1251p1f1	1911-07-29	3	1.144	1.241	0.713	1.9379353448911276	1.5485953108071313	(3, 1.144)	1	3	3
r8i1251p1f1	1915-06-05	3	1.121	1.279	0.644	1.9205757645020043	1.4693300070719546	(3, 1.121)	1	3	3
r8i1251p1f1	1917-07-09	3	1.071	1.19	0.494	1.8817645784692352	1.2716966740794537	(3, 1.071)	1	1	1
r8i1251p1f1	1917-07-17	4	1.105	1.173	0.795	2.286455711064162	1.9960599327407849	(4, 1.105)	1	1	1
r8i1251p1f1	1917-08-02	4	1.149	1.291	0.972	2.3216030988298075	2.172020722972929	(4, 1.149)	0	3	3
r8i1251p1f1	1918-08-06	3	1.028	1.087	0.365	1.8471381497189576	1.0635361281984803	(3, 1.028)	1	1	1
r8i1251p1f1	1919-06-05	10	1.263	1.715	3.567	3.712097000009284	4.734428849702514	(10, 1.263)	2	2	4
r8i1251p1f1	1919-08-01	3	1.197	1.355	0.871	1.9768264829675917	1.709436857356783	(3, 1.197)	0	3	3
r8i1251p1f1	1919-08-12	5	1.197	1.3	1.455	2.666037695797924	2.8488200143214515	(5, 1.197)	0	3	3
r8i1251p1f1	1924-08-05	3	0.996	1.041	0.27	1.8205684456009843	0.8767017910517952	(3, 0.996)	1	1	1
r8i1251p1f1	1925-06-11	4	1.111	1.298	0.819	2.291321900715335	2.0218124288431993	(4, 1.111)	1	3	3
r8i1251p1f1	1926-07-14	3	0.975	1.011	0.206	1.8027403929532473	0.727745399061087	(3, 0.975)	1	1	1
r8i1251p1f1	1926-08-01	4	0.997	1.039	0.363	2.1945543487803407	1.362001668550846	(4, 0.997)	1	1	1
r8i1251p1f1	1926-08-21	4	1.094	1.225	0.751	2.2774723921789706	1.9470523536340902	(4, 1.094)	1	1	3
r8i1251p1f1	1927-06-19	5	1.083	1.247	0.884	2.573246235150007	2.3872405725857537	(5, 1.083)	1	3	3
r8i1251p1f1	1927-07-03	5	1.418	1.794	2.56	2.8245715202681683	3.3885061918550066	(5, 1.418)	2	0	0
r8i1251p1f1	1928-07-28	3	1.086	1.158	0.538	1.8935669098428978	1.333824059440456	(3, 1.086)	1	1	1
r8i1251p1f1	1931-07-01	5	1.3	1.708	1.968	2.743059613892437	3.1356206817840904	(5, 1.3)	0	0	0
r8i1251p1f1	1933-08-01	3	1.036	1.159	0.388	1.8536717181554538	1.1039669733908037	(3, 1.036)	1	1	1
r8i1251p1f1	1934-06-01	8	1.142	1.462	1.889	3.289912321299899	3.778335959756932	(8, 1.142)	0	3	2
r8i1251p1f1	1934-06-12	7	0.961	1.111	0.386	2.933748835784026	2.0978731367093504	(7, 0.961)	1	1	1
r8i1251p1f1	1934-06-29	5	0.997	1.127	0.453	2.497065667405072	1.8024840825964799	(5, 0.997)	1	1	1
r8i1251p1f1	1934-07-29	5	1.104	1.167	0.988	2.5909990402450296	2.4887472493057423	(5, 1.104)	1	3	1
r8i1251p1f1	1935-07-09	7	1.17	1.39	1.845	3.120985261190328	3.560189982800597	(7, 1.17)	0	3	2
r8i1251p1f1	1935-07-25	5	1.048	1.413	0.71	2.542939382390999	2.190316473472632	(5, 1.048)	1	3	3
r8i1251p1f1	1935-08-16	5	1.007	1.079	0.502	2.506227916399523	1.888966428330514	(5, 1.007)	1	1	1
r8i1251p1f1	1936-06-19	5	0.974	1.02	0.34	2.4756683621159254	1.5688899557265628	(5, 0.974)	1	1	1
r8i1251p1f1	1938-07-10	5	1.144	1.263	1.186	2.6239660868625463	2.657450217657584	(5, 1.144)	0	3	3
r8i1251p1f1	1940-07-28	7	1.173	1.318	1.869	3.1234332529670885	3.5727490509326736	(7, 1.173)	0	3	2
r8i1251p1f1	1942-08-20	3	0.938	0.958	0.094	1.770534295917709	0.3977274681225152	(3, 0.938)	1	1	1
r8i1251p1f1	1943-06-10	6	1.209	1.562	1.819	2.932185185805167	3.3226493999000564	(6, 1.209)	0	0	0
r8i1251p1f1	1943-06-24	4	1.233	1.465	1.306	2.38545457081634	2.43781504225415	(4, 1.233)	0	3	3
r8i1251p1f1	1943-07-12	4	1.197	1.355	1.161	2.3585872831093306	2.3309781674952634	(4, 1.197)	0	3	3
r8i1251p1f1	1944-06-04	3	1.156	1.244	0.75	1.9468742842202946	1.5886461167462513	(3, 1.156)	1	3	3
r8i1251p1f1	1946-07-18	6	1.388	1.688	2.891	3.0633605747401496	3.7725045622059534	(6, 1.388)	2	0	0
r8i1251p1f1	1946-07-27	3	0.988	1.077	0.246	1.8138142307275258	0.8234091388978406	(3, 0.988)	1	1	1
r8i1251p1f1	1947-07-14	4	1.061	1.178	0.619	2.2500278422553697	1.7837272975307907	(4, 1.061)	1	1	1
r8i1251p1f1	1948-06-01	4	1.162	1.363	1.023	2.3317554702938255	2.2174628395772107	(4, 1.162)	0	3	3
r8i1251p1f1	1948-06-08	5	1.016	1.106	0.548	2.5144027741510016	1.9638660102724568	(5, 1.016)	1	1	1
r8i1251p1f1	1948-08-11	3	1.012	1.061	0.318	1.8339415387115605	0.9754560194208632	(3, 1.012)	1	1	1
r8i1251p1f1	1950-08-12	6	1.043	1.199	0.823	2.792936961100221	2.5722747954093594	(6, 1.043)	1	1	1
r8i1251p1f1	1952-07-14	5	1.118	1.287	1.059	2.6026615364721923	2.552563736022385	(5, 1.118)	0	3	3
r8i1251p1f1	1953-06-07	9	1.087	1.345	1.625	3.4127635680335198	3.803880846808443	(9, 1.087)	0	3	2
r8i1251p1f1	1954-07-22	5	1.142	1.293	1.179	2.6223432930337425	2.6519468112835596	(5, 1.142)	0	3	3
r8i1251p1f1	1955-08-13	11	1.164	1.376	2.837	3.771980491457801	4.649205347148111	(11, 1.164)	2	2	2
r8i1251p1f1	1960-06-19	16	1.23	1.533	5.182	4.378520495344594	5.8070848738445555	(16, 1.23)	2	2	4
r8i1251p1f1	1960-07-09	5	1.573	2.069	3.334	2.92244490692875	3.6448035564120453	(5, 1.573)	2	0	0
r8i1251p1f1	1960-07-20	6	1.063	1.192	0.939	2.810777988939766	2.6946559108195483	(6, 1.063)	1	3	1
r8i1251p1f1	1960-08-16	13	1.157	1.728	3.262	4.011526141297937	5.036283595479204	(13, 1.157)	2	2	4
r8i1251p1f1	1961-06-02	8	1.309	1.751	3.225	3.4216301649546765	4.303705837036856	(8, 1.309)	2	0	0
r8i1251p1f1	1961-07-13	3	0.962	1.005	0.167	1.7915425508102527	0.6247384890809111	(3, 0.962)	1	1	1
r8i1251p1f1	1961-08-04	4	1.306	1.506	1.597	2.43781504225415	2.622927947685375	(4, 1.306)	0	0	0
r8i1251p1f1	1962-06-19	3	1.142	1.227	0.708	1.9364377221875966	1.5430578920360207	(3, 1.142)	1	3	3
r8i1251p1f1	1966-06-20	4	0.995	1.04	0.356	2.192770226986839	1.34755353280346	(4, 0.995)	1	1	1
r8i1251p1f1	1966-07-23	9	1.204	1.64	2.681	3.511784216291563	4.295746808217716	(9, 1.204)	2	0	2
r8i1251p1f1	1968-06-04	6	1.249	1.5	2.057	2.9630270473274924	3.441430479790723	(6, 1.249)	0	0	0
r8i1251p1f1	1968-07-22	8	1.276	1.631	2.961	3.396941139681625	4.21950449533254	(8, 1.276)	2	0	0
r8i1251p1f1	1969-06-29	3	1.07	1.139	0.493	1.8809727815008697	1.2702388418084498	(3, 1.07)	1	1	1
r8i1251p1f1	1971-07-11	3	1.096	1.219	0.57	1.901358448189443	1.3767002042672838	(3, 1.096)	1	1	1
r8i1251p1f1	1971-08-21	3	1.266	1.41	1.079	2.025292722467937	1.888076485048371	(3, 1.266)	0	3	3
r8i1251p1f1	1973-08-17	3	1.127	1.197	0.663	1.9251334841096133	1.4917909051826959	(3, 1.127)	1	1	3
r8i1251p1f1	1974-06-12	3	1.031	1.112	0.375	1.8495932430423958	1.0813159518954125	(3, 1.031)	1	1	1
r8i1251p1f1	1975-05-31	12	1.178	1.617	3.262	3.9113936160359355	4.917048115640535	(12, 1.178)	2	2	4
r8i1251p1f1	1975-06-16	17	1.299	1.547	6.682	4.522337790665745	6.151370193381045	(17, 1.299)	2	2	4
r8i1251p1f1	1975-07-14	7	0.98	1.092	0.519	2.9522950912583257	2.3619868038864746	(7, 0.98)	1	1	1
r8i1251p1f1	1976-08-10	4	1.012	1.106	0.421	2.207834756448235	1.4743052384426039	(4, 1.012)	1	1	1
r8i1251p1f1	1977-07-16	10	1.086	1.466	1.794	3.5650815481667824	4.055798815766831	(10, 1.086)	0	3	2
r8i1251p1f1	1978-06-08	5	1.056	1.151	0.749	2.549948085161668	2.237947855062715	(5, 1.056)	1	1	1
r8i1251p1f1	1978-07-28	4	1.389	1.665	1.929	2.494196696695093	2.7992306531862026	(4, 1.389)	0	0	0
r8i1251p1f1	1981-06-19	3	1.011	1.12	0.314	1.8331109394483338	0.9675889333270213	(3, 1.011)	1	1	1
r8i1251p1f1	1982-07-15	4	1.123	1.245	0.868	2.3009838116270718	2.0724169267428714	(4, 1.123)	1	3	3
r8i1251p1f1	1984-08-02	5	1.233	1.508	1.633	2.6936374398736525	2.9579003374900905	(5, 1.233)	0	0	0
r8i1251p1f1	1987-07-31	6	1.253	1.429	2.08	2.9660595549657884	3.4521956455470657	(6, 1.253)	0	0	0
r8i1251p1f1	1989-06-20	5	1.18	1.359	1.367	2.65273486896079	2.790153837523084	(5, 1.18)	0	3	3
r8i1251p1f1	1989-07-02	5	1.277	1.421	1.855	2.726367676192942	3.0791322849240017	(5, 1.277)	0	0	0
r8i1251p1f1	1989-07-12	5	1.445	1.784	2.695	2.8423241343256467	3.438204621145787	(5, 1.445)	2	0	0
r8i1251p1f1	1989-08-16	3	1.225	1.439	0.955	1.9967779789349385	1.7854606002200222	(3, 1.225)	0	3	3
r8i1251p1f1	1989-08-25	4	1.049	1.16	0.57	2.2398582630857407	1.715598108262491	(4, 1.049)	1	1	1
r8i1251p1f1	1990-06-14	5	1.087	1.215	0.902	2.576652109103335	2.4055627639983177	(5, 1.087)	1	3	3
r8i1251p1f1	1990-07-17	5	1.354	1.663	2.237	2.781187906031063	3.2584972395889293	(5, 1.354)	0	0	0
r8i1251p1f1	1990-08-25	4	0.961	0.992	0.219	2.1619427631915795	1.0123279200710973	(4, 0.961)	1	1	1
r8i1251p1f1	1994-08-01	3	1.051	1.128	0.434	1.8658082795298527	1.180232259947073	(3, 1.051)	1	1	1
r8i1251p1f1	1999-07-24	4	1.044	1.152	0.552	2.2355902241697674	1.689357535609974	(4, 1.044)	1	1	1
r8i1251p1f1	2001-07-23	12	1.373	1.778	5.595	4.061727327027952	5.4535236994361185	(12, 1.373)	2	2	4
r8i1251p1f1	2005-07-14	5	1.052	1.128	0.731	2.546449874003082	2.2162456855744743	(5, 1.052)	1	1	1
r8i1251p1f1	2005-08-10	3	0.946	0.968	0.118	1.7775861999417792	0.4781863008625359	(3, 0.946)	1	1	1
r8i1251p1f1	2005-08-23	5	1.05	1.205	0.72	2.5446961686401695	2.202747599443002	(5, 1.05)	1	1	1
r8i1281p1f1	1851-07-14	4	1.096	1.211	0.782	2.2791117368084035	1.9818287128128356	(4, 1.096)	1	1	1
r8i1281p1f1	1851-07-24	3	0.971	1.054	0.212	1.7993082391769442	0.7426914953404987	(3, 0.971)	1	1	1
r8i1281p1f1	1852-06-10	4	1.041	1.13	0.561	2.2330206296081365	1.7025638904235842	(4, 1.041)	1	1	1
r8i1281p1f1	1852-06-28	5	0.988	1.082	0.436	2.4887472493057423	1.7706427713806518	(5, 0.988)	1	1	1
r8i1281p1f1	1855-06-10	3	1.104	1.156	0.61	1.907548262098765	1.4278328136070821	(3, 1.104)	1	1	1
r8i1281p1f1	1856-07-22	5	1.026	1.091	0.627	2.5234082522455497	2.0806998883122527	(5, 1.026)	1	1	1
r8i1281p1f1	1856-08-13	5	1.206	1.338	1.529	2.673009373409973	2.8956212710590035	(5, 1.206)	0	3	3
r8i1281p1f1	1858-07-17	3	1.063	1.12	0.488	1.8754125785259108	1.2629176298947784	(3, 1.063)	1	1	1
r8i1281p1f1	1858-08-07	3	1.277	1.368	1.13	2.0328066751850744	1.9274045777056474	(3, 1.277)	0	3	3
r8i1281p1f1	1859-06-09	4	1.035	1.082	0.537	2.2278615467981093	1.6669518186347072	(4, 1.035)	1	1	1
r8i1281p1f1	1859-08-26	3	0.975	1.028	0.225	1.8027403929532473	0.774328145607613	(3, 0.975)	1	1	1
r8i1281p1f1	1861-06-07	3	0.977	1.024	0.228	1.8044520625451974	0.7814889337128141	(3, 0.977)	1	1	1
r8i1281p1f1	1861-07-18	5	0.983	1.014	0.411	2.4840958302803102	1.7218947345220266	(5, 0.983)	1	1	1
r8i1281p1f1	1861-08-03	6	1.154	1.381	1.521	2.8881619279657236	3.150770133690646	(6, 1.154)	0	3	3
r8i1281p1f1	1864-06-25	3	1.036	1.088	0.406	1.8536717181554538	1.1345062832765256	(3, 1.036)	1	1	1
r8i1281p1f1	1864-08-04	3	0.992	1.061	0.276	1.8171970405807354	0.88959271796353	(3, 0.992)	1	1	1
r8i1281p1f1	1864-08-09	5	1.129	1.265	1.144	2.611730452273528	2.6239660868625463	(5, 1.129)	0	3	3
r8i1281p1f1	1868-07-04	3	1.072	1.167	0.515	1.8825557489911475	1.3018302364976233	(3, 1.072)	1	1	1
r8i1281p1f1	1868-07-09	5	1.081	1.242	0.901	2.5715389382816234	2.4045536238476415	(5, 1.081)	1	3	3
r8i1281p1f1	1868-07-23	4	1.084	1.219	0.732	2.2692351133124915	1.9251241812954787	(4, 1.084)	1	1	1
r8i1281p1f1	1869-06-25	7	1.209	1.389	2.157	3.1523510485074655	3.7123078299855425	(7, 1.209)	0	3	2
r8i1281p1f1	1869-07-04	3	1.066	1.162	0.498	1.8777993092709364	1.277506842909921	(3, 1.066)	1	1	1
r8i1281p1f1	1869-08-22	4	1.148	1.183	0.989	2.3208178612551054	2.187398683184928	(4, 1.148)	1	3	3
r8i1281p1f1	1870-06-01	10	1.064	1.369	1.631	3.5452005868399263	3.962273980899599	(10, 1.064)	0	3	2
r8i1281p1f1	1871-07-31	5	0.974	1.006	0.37	2.4756683621159254	1.636415864499357	(5, 0.974)	1	1	1
r8i1281p1f1	1876-06-13	3	0.922	0.936	0.063	1.7562795231871666	0.2831902010587624	(3, 0.922)	1	1	1
r8i1281p1f1	1877-06-11	6	1.235	1.361	2.008	2.9523402603016544	3.4181021023497435	(6, 1.235)	0	3	3
r8i1281p1f1	1877-07-01	3	1.117	1.215	0.651	1.9175257032512696	1.4776638838106866	(3, 1.117)	1	1	3
r8i1281p1f1	1878-07-14	3	1.237	1.398	1.009	2.005208250678203	1.8314476683669307	(3, 1.237)	0	3	3
r8i1281p1f1	1879-07-09	5	0.997	1.116	0.482	2.497065667405072	1.8545658388342283	(5, 0.997)	1	1	1
r8i1281p1f1	1879-07-23	6	1.098	1.203	1.183	2.84125378148708	2.911615513711797	(6, 1.098)	1	3	3
r8i1281p1f1	1879-08-14	3	1.07	1.182	0.508	1.8809727815008697	1.2918862677653262	(3, 1.07)	1	1	1
r8i1281p1f1	1879-08-19	3	1.079	1.25	0.534	1.888076485048371	1.3283329350556763	(3, 1.079)	1	1	1
r8i1281p1f1	1880-06-07	6	1.192	1.427	1.751	2.918783766920111	3.285948852841109	(6, 1.192)	0	3	3
r8i1281p1f1	1880-06-23	3	1.112	1.234	0.634	1.913699997788122	1.4573026819560444	(3, 1.112)	1	1	3
r8i1281p1f1	1882-08-01	4	1.1	1.245	0.797	2.2823823856765264	1.9982314862542927	(4, 1.1)	1	3	3
r8i1281p1f1	1886-06-16	6	1.335	1.702	2.61	3.02628149971202	3.672724903472622	(6, 1.335)	2	0	0
r8i1281p1f1	1886-08-30	3	1.04	1.182	0.418	1.8569225639687479	1.1543596911246021	(3, 1.04)	1	1	1
r8i1281p1f1	1887-05-31	5	1.088	1.17	0.94	2.5775017681767394	2.4431744750551587	(5, 1.088)	1	1	1
r8i1281p1f1	1887-08-25	4	1.016	1.077	0.462	2.2113466125597747	1.5467110825257953	(4, 1.016)	1	1	1
r8i1281p1f1	1888-08-09	7	0.981	1.1	0.566	2.953261746631858	2.440821236663891	(7, 0.981)	1	1	1
r8i1281p1f1	1890-07-09	7	1.168	1.247	1.873	3.1193499310631956	3.574826979236746	(7, 1.168)	0	3	2
r8i1281p1f1	1891-06-19	7	1.147	1.413	1.727	3.1020155407897922	3.496037378204011	(7, 1.147)	0	3	2
r8i1281p1f1	1891-07-25	4	1.142	1.271	0.967	2.316093443018838	2.167452419002549	(4, 1.142)	1	3	3
r8i1281p1f1	1897-06-21	4	1.284	1.509	1.532	2.422321774596379	2.584450280124262	(4, 1.284)	0	0	0
r8i1281p1f1	1897-08-04	6	1.072	1.255	1.03	2.8187037653650844	2.781167234510654	(6, 1.072)	1	3	3
r8i1281p1f1	1897-08-15	5	1.128	1.273	1.139	2.6109093955518152	2.6199041538439554	(5, 1.128)	0	3	3
r8i1281p1f1	1898-05-30	7	1.21	1.311	2.166	3.153142504042932	3.7163701333004022	(7, 1.21)	0	3	2
r8i1281p1f1	1898-06-18	4	1.102	1.242	0.804	2.28401370740861	2.0057950015115376	(4, 1.102)	1	3	3
r8i1281p1f1	1898-07-03	10	1.239	1.407	3.384	3.693384795043821	4.682237480924436	(10, 1.239)	2	2	2
r8i1281p1f1	1898-07-22	6	1.3	1.415	2.394	3.001019272397774	3.588630039645045	(6, 1.3)	0	0	0
r8i1281p1f1	1901-07-12	4	1.022	1.063	0.485	2.2165913798270696	1.5851452198650557	(4, 1.022)	1	1	1
r8i1281p1f1	1902-06-21	4	1.414	1.556	2.052	2.510574396536578	2.8573893239322463	(4, 1.414)	0	0	0
r8i1281p1f1	1903-06-02	4	1.216	1.42	1.263	2.3728571459793772	2.4073054037644486	(4, 1.216)	0	3	3
r8i1281p1f1	1903-07-23	7	0.938	1.001	0.261	2.9108279356585087	1.7636664712827104	(7, 0.938)	1	1	1
r8i1281p1f1	1903-08-23	3	1.047	1.093	0.441	1.8625862382302412	1.1913443657207363	(3, 1.047)	1	1	1
r8i1281p1f1	1905-07-03	4	1.117	1.205	0.864	2.296164525191123	2.068380594320411	(4, 1.117)	1	3	3
r8i1281p1f1	1905-08-22	3	1.163	1.281	0.788	1.9520520017200835	1.6281748954846222	(3, 1.163)	1	3	3
r8i1281p1f1	1909-06-04	3	1.115	1.236	0.644	1.9159971769397985	1.4693300070719546	(3, 1.115)	1	1	3
r8i1281p1f1	1911-07-18	4	1.454	1.723	2.216	2.536233276953341	2.9300197301886097	(4, 1.454)	0	0	0
r8i1281p1f1	1911-08-05	8	1.059	1.185	1.265	3.2173720788426468	3.388574125974599	(8, 1.059)	1	3	2
r8i1281p1f1	1911-08-25	3	0.973	1.007	0.218	1.8010257885243162	0.7574174914276915	(3, 0.973)	1	1	1
r8i1281p1f1	1915-06-10	4	1.267	1.499	1.468	2.410183103592064	2.5450605726077473	(4, 1.267)	0	0	3
r8i1281p1f1	1915-06-21	8	1.422	1.782	4.172	3.5018323586622437	4.5580951791081565	(8, 1.422)	2	2	4
r8i1281p1f1	1915-07-21	3	1.048	1.095	0.443	1.8633927223480167	1.1944967045549193	(3, 1.048)	1	1	1
r8i1281p1f1	1917-08-24	12	1.08	1.351	2.157	3.826350882485013	4.507169257633078	(12, 1.08)	0	2	2
r8i1281p1f1	1919-06-01	3	1.063	1.088	0.489	1.8754125785259108	1.2643861665684624	(3, 1.063)	1	1	1
r8i1281p1f1	1919-07-14	5	1.063	1.157	0.815	2.5560406618729825	2.3137205636985585	(5, 1.063)	1	1	1
r8i1281p1f1	1921-06-10	14	1.131	1.454	3.233	4.098426271736768	5.137883888279489	(14, 1.131)	2	2	2
r8i1281p1f1	1921-06-26	6	1.241	1.545	2.041	2.9569343035199487	3.433872726646447	(6, 1.241)	0	0	0
r8i1281p1f1	1921-07-06	4	1.303	1.481	1.609	2.4357164055972285	2.629872420038186	(4, 1.303)	0	0	0
r8i1281p1f1	1921-07-26	3	1.067	1.103	0.498	1.878593621977004	1.277506842909921	(3, 1.067)	1	1	1
r8i1281p1f1	1921-08-07	8	1.005	1.08	0.833	3.1671847285451875	2.988135408271969	(8, 1.005)	1	1	1
r8i1281p1f1	1922-07-22	14	1.086	1.396	2.595	4.058512854311919	4.919502072959141	(14, 1.086)	2	2	2
r8i1281p1f1	1926-06-25	6	1.259	1.728	2.151	2.970591143139973	3.484714496444239	(6, 1.259)	0	0	0
r8i1281p1f1	1926-07-05	4	1.366	1.495	1.861	2.4788885774624374	2.7655641073028168	(4, 1.366)	0	0	0
r8i1281p1f1	1926-08-06	6	1.225	1.469	1.947	2.9446363075620363	3.388278935875497	(6, 1.225)	0	0	0
r8i1281p1f1	1926-08-20	4	1.02	1.154	0.48	2.214846178686039	1.5769147207285403	(4, 1.02)	1	1	1
r8i1281p1f1	1927-06-01	7	1.123	1.439	1.557	3.081829739800499	3.3957171773790544	(7, 1.123)	0	3	2
r8i1281p1f1	1929-06-22	5	1.257	1.479	1.782	2.7116229604290782	3.040866509598791	(5, 1.257)	0	0	0
r8i1281p1f1	1929-07-13	6	1.279	1.401	2.271	2.9855498222119112	3.537380383354307	(6, 1.279)	0	0	0
r8i1281p1f1	1929-08-13	6	1.017	1.068	0.699	2.7692573299634	2.422424677501893	(6, 1.017)	1	1	1
r8i1281p1f1	1931-07-14	7	1.071	1.25	1.191	3.0366437478652695	3.1379966769576804	(7, 1.071)	1	3	2
r8i1281p1f1	1932-05-31	3	0.925	0.944	0.072	1.7589678170762393	0.31781569083948485	(3, 0.925)	1	1	1
r8i1281p1f1	1935-08-09	3	1.05	1.18	0.447	1.8650037419525174	1.2007717262228672	(3, 1.05)	1	1	1
r8i1281p1f1	1936-08-11	4	1.158	1.334	1.029	2.3286426273133354	2.2226757097657437	(4, 1.158)	0	3	3
r8i1281p1f1	1937-07-03	3	1.095	1.199	0.584	1.9005820205481774	1.394895518599486	(3, 1.095)	1	1	1
r8i1281p1f1	1938-06-29	3	0.989	1.036	0.267	1.8146610066145417	0.8701934712653576	(3, 0.989)	1	1	1
r8i1281p1f1	1939-07-06	4	1.056	1.216	0.623	2.245803078895061	1.7890892406721761	(4, 1.056)	1	1	1
r8i1281p1f1	1940-07-15	3	1.201	1.348	0.9	1.9797011838168412	1.736341395488426	(3, 1.201)	0	3	3
r8i1281p1f1	1942-08-02	3	1.018	1.115	0.352	1.8389106984286396	1.039939429620377	(3, 1.018)	1	1	1
r8i1281p1f1	1942-08-09	4	1.021	1.082	0.482	2.215719159972384	1.580215053757197	(4, 1.021)	1	1	1
r8i1281p1f1	1944-07-09	8	1.09	1.218	1.517	3.245084732289115	3.56461333697967	(8, 1.09)	0	3	2
r8i1281p1f1	1945-06-15	4	1.175	1.324	1.097	2.341805806147327	2.2799304024292395	(4, 1.175)	0	3	3
r8i1281p1f1	1946-06-30	3	1.22	1.407	0.959	1.993244281711825	1.7889405286417714	(3, 1.22)	0	3	3
r8i1281p1f1	1947-07-10	7	1.039	1.23	0.97	3.007786789322495	2.942576793855585	(7, 1.039)	1	3	2
r8i1281p1f1	1947-08-18	6	1.101	1.291	1.202	2.8438232849732055	2.9266886878321094	(6, 1.101)	0	3	3
r8i1281p1f1	1949-07-31	3	0.953	1.005	0.159	1.7837160842352977	0.6022308629552546	(3, 0.953)	1	1	1
r8i1281p1f1	1949-08-12	3	1.047	1.233	0.441	1.8625862382302412	1.1913443657207363	(3, 1.047)	1	1	1
r8i1281p1f1	1952-06-01	4	1.103	1.235	0.809	2.2848283714047866	2.0111627009265414	(4, 1.103)	1	3	3
r8i1281p1f1	1952-06-07	3	1.034	1.17	0.399	1.8520423236413943	1.1227404547234454	(3, 1.034)	1	1	1
r8i1281p1f1	1952-06-12	5	1.259	1.589	1.792	2.7131072538530865	3.0461957549658782	(5, 1.259)	0	0	0
r8i1281p1f1	1952-08-01	3	1.114	1.165	0.641	1.9152320367430575	1.4657369740698964	(3, 1.114)	1	1	1
r8i1281p1f1	1952-08-23	3	1.046	1.209	0.435	1.8617791031708242	1.1818272835835466	(3, 1.046)	1	1	1
r8i1281p1f1	1954-07-11	3	1.084	1.229	0.55	1.8920012906264554	1.350118803218546	(3, 1.084)	1	1	1
r8i1281p1f1	1955-06-04	6	1.242	1.389	2.049	2.9576979296737567	3.4376587431556658	(6, 1.242)	0	3	3
r8i1281p1f1	1955-07-12	6	1.136	1.236	1.413	2.873322920357319	3.0803846804956367	(6, 1.136)	0	3	3
r8i1281p1f1	1955-07-23	3	1.191	1.354	0.872	1.972498877229363	1.7103767511387091	(3, 1.191)	0	3	3
r8i1281p1f1	1957-06-02	4	1.154	1.35	1.014	2.3255200642765415	2.209592226144881	(4, 1.154)	0	3	3
r8i1281p1f1	1957-06-11	5	1.139	1.273	1.193	2.6199041538439554	2.6629235022467035	(5, 1.139)	0	3	3
r8i1281p1f1	1959-08-09	9	1.172	1.417	2.446	3.4856610716069962	4.205319288664396	(9, 1.172)	0	3	2
r8i1281p1f1	1960-07-15	4	1.219	1.337	1.275	2.375091783780794	2.4159137783010487	(4, 1.219)	0	3	3
r8i1281p1f1	1960-08-29	3	1.126	1.235	0.678	1.9243753052704822	1.5091735764092173	(3, 1.126)	1	3	3
r8i1281p1f1	1961-06-23	3	0.942	0.949	0.125	1.7740664640856596	0.5004837622947399	(3, 0.942)	1	1	1
r8i1281p1f1	1961-07-11	3	1.209	1.33	0.927	1.9854259119535547	1.7607560064208525	(3, 1.209)	0	3	3
r8i1281p1f1	1962-07-08	3	1.032	1.12	0.395	1.8504102698672793	1.1159544427782997	(3, 1.032)	1	1	1
r8i1281p1f1	1963-06-04	4	1.26	1.445	1.439	2.4051416813191375	2.526688183802955	(4, 1.26)	0	3	3
r8i1281p1f1	1965-08-18	5	1.086	1.189	0.927	2.575801727495439	2.4304658700428847	(5, 1.086)	1	1	1
r8i1281p1f1	1968-06-09	3	0.945	0.951	0.133	1.776707426721953	0.5253722697485572	(3, 0.945)	1	1	1
r8i1281p1f1	1969-06-11	4	1.006	1.078	0.423	2.2025437388138194	1.4779615496457144	(4, 1.006)	1	1	1
r8i1281p1f1	1970-08-21	6	1.182	1.403	1.689	2.9108158600035026	3.2512705652705276	(6, 1.182)	0	3	3
r8i1281p1f1	1971-07-07	10	1.191	1.512	2.903	3.6548760075731512	4.530456558651239	(10, 1.191)	2	2	2
r8i1281p1f1	1971-08-06	4	1.082	1.156	0.727	2.2675794837952306	1.9192727895270145	(4, 1.082)	1	1	1
r8i1281p1f1	1974-06-17	7	1.184	1.346	1.985	3.1323582982534526	3.631322226067533	(7, 1.184)	0	3	2
r8i1281p1f1	1975-06-04	3	1.131	1.175	0.691	1.9281604641562224	1.5239979526502576	(3, 1.131)	1	1	3
r8i1281p1f1	1975-06-17	6	1.077	1.344	1.058	2.8230799814563214	2.806347483989051	(6, 1.077)	0	3	3
r8i1281p1f1	1975-07-19	7	1.364	1.518	3.244	3.268109072501454	4.11217990882156	(7, 1.364)	2	0	0
r8i1281p1f1	1976-06-23	8	1.324	1.587	3.386	3.432654061577535	4.351779182539653	(8, 1.324)	2	0	0
r8i1281p1f1	1978-05-28	9	1.393	1.726	4.429	3.653537209966645	4.792338312499649	(9, 1.393)	2	2	4
r8i1281p1f1	1978-08-16	4	0.972	1.089	0.287	2.172020722972929	1.1927096120472251	(4, 0.972)	1	1	1
r8i1281p1f1	1980-06-11	6	1.149	1.357	1.49	2.88406202034578	3.131068711749189	(6, 1.149)	0	3	3
r8i1281p1f1	1980-07-23	8	1.281	1.479	3.042	3.400721307503466	4.246100985357555	(8, 1.281)	2	0	0
r8i1281p1f1	1981-06-17	8	1.24	1.429	2.718	3.369293732073817	4.135187666927233	(8, 1.24)	0	0	2
r8i1281p1f1	1981-08-01	4	1.127	1.261	0.905	2.3041838143577427	2.1090003439213802	(4, 1.127)	1	3	3
r8i1281p1f1	1981-08-21	6	1.233	1.354	1.994	2.9508042105099324	3.411335657976493	(6, 1.233)	0	3	3
r8i1281p1f1	1982-06-30	8	0.985	1.137	0.678	3.1479384530509855	2.7937010750875078	(8, 0.985)	1	1	1
r8i1281p1f1	1982-08-15	7	1.227	1.437	2.285	3.166502284519074	3.768586541330415	(7, 1.227)	0	0	2
r8i1281p1f1	1986-06-15	3	1.151	1.342	0.75	1.9431594319473882	1.5886461167462513	(3, 1.151)	0	3	3
r8i1281p1f1	1988-06-27	6	1.447	1.804	3.279	3.103081957112869	3.8957159898263245	(6, 1.447)	2	0	0
r8i1281p1f1	1993-07-06	4	0.947	0.997	0.187	2.1489676043284462	0.9146894505071812	(4, 0.947)	1	1	1
r8i1281p1f1	1993-07-30	3	0.972	1.03	0.214	1.800167382597555	0.7476242949774393	(3, 0.972)	1	1	1
r8i1281p1f1	1994-06-19	8	1.207	1.336	2.455	3.343260746847361	4.035130661963941	(8, 1.207)	0	3	2
r8i1281p1f1	1997-07-19	6	1.046	1.186	0.873	2.795633491644655	2.626871039826935	(6, 1.046)	1	1	1
r8i1281p1f1	1997-07-31	3	1.024	1.185	0.369	1.8438552876418735	1.0706860368566677	(3, 1.024)	1	1	1
r8i1281p1f1	1997-08-05	4	1.233	1.435	1.33	2.38545457081634	2.454447442303292	(4, 1.233)	0	3	3
r8i1281p1f1	1997-08-14	7	1.191	1.415	2.03	3.1379966769576804	3.653151912113929	(7, 1.191)	0	3	2
r8i1281p1f1	1999-06-11	4	0.941	0.989	0.163	2.1433548674234886	0.8346467428336448	(4, 0.941)	1	1	1
r8i1281p1f1	1999-08-25	3	1.145	1.254	0.733	1.9386833160041137	1.5704433566808502	(3, 1.145)	1	3	3
r8i1281p1f1	2000-08-08	3	1.23	1.385	0.989	2.000299233099087	1.8146610066145417	(3, 1.23)	0	3	3
r8i1281p1f1	2003-08-03	5	0.951	1.0	0.254	2.453803182665835	1.3454219308029631	(5, 0.951)	1	1	1
r8i1281p1f1	2006-07-12	5	1.335	1.597	2.173	2.7679375315664663	3.2306019473977354	(5, 1.335)	0	0	0
r8i1281p1f1	2006-08-04	5	1.092	1.2	0.957	2.5808932036141434	2.4595533943666106	(5, 1.092)	1	3	3
r8i1281p1f1	2009-06-24	6	0.95	0.976	0.295	2.7055197711874226	1.6744007519220734	(6, 0.95)	1	1	1
r8i1281p1f1	2010-06-22	3	0.912	0.946	0.034	1.747265987746805	0.16268772026803302	(3, 0.912)	1	1	1
r8i1281p1f1	2010-08-11	3	1.129	1.293	0.685	1.926648119458506	1.517183229941733	(3, 1.129)	1	3	3
r8i1301p1f1	1851-06-09	5	1.321	1.521	2.042	2.7580605089354964	3.170955951996872	(5, 1.321)	0	0	0
r8i1301p1f1	1851-07-04	3	1.247	1.36	1.003	2.0121795915224925	1.8264411915984637	(3, 1.247)	0	3	3
r8i1301p1f1	1851-08-26	4	0.998	1.105	0.343	2.195445217436142	1.3201545586153456	(4, 0.998)	1	1	1
r8i1301p1f1	1852-08-19	3	1.101	1.168	0.566	1.90523156945898	1.371440149364611	(3, 1.101)	1	1	1
r8i1301p1f1	1853-07-01	4	1.293	1.484	1.522	2.428688969789772	2.5783969928753394	(4, 1.293)	0	0	0
r8i1301p1f1	1854-07-30	8	1.231	1.607	2.545	3.362260772730131	4.070509010022661	(8, 1.231)	2	0	0
r8i1301p1f1	1855-06-13	3	0.96	1.038	0.141	1.7898086218618807	0.5496563521937489	(3, 0.96)	1	1	1
r8i1301p1f1	1857-07-28	6	1.002	1.164	0.538	2.7553365260951383	2.1868321953040617	(6, 1.002)	1	1	1
r8i1301p1f1	1858-06-05	3	1.034	1.077	0.364	1.8520423236413943	1.061740634693605	(3, 1.034)	1	1	1
r8i1301p1f1	1858-07-06	4	1.437	1.623	2.099	2.52540859309733	2.878748918068172	(4, 1.437)	0	0	0
r8i1301p1f1	1858-07-12	6	1.257	1.49	2.063	2.969082894297463	3.444249975701964	(6, 1.257)	0	0	0
r8i1301p1f1	1859-06-21	3	1.164	1.326	0.753	1.9527894920251458	1.591824253554307	(3, 1.164)	0	3	3
r8i1301p1f1	1859-08-03	9	1.059	1.346	1.312	3.3875378468761896	3.5952278980324808	(9, 1.059)	0	3	2
r8i1301p1f1	1860-08-19	5	1.217	1.396	1.523	2.6814648306528506	2.891907114669218	(5, 1.217)	0	3	3
r8i1301p1f1	1864-06-07	5	1.085	1.158	0.862	2.5749506221231435	2.364381073962495	(5, 1.085)	1	1	1
r8i1301p1f1	1864-07-06	3	1.023	1.057	0.33	1.8430328854192755	0.9986926112483865	(3, 1.023)	1	1	1
r8i1301p1f1	1864-07-23	6	1.187	1.363	1.647	2.914807749383393	3.227076413465659	(6, 1.187)	0	3	3
r8i1301p1f1	1865-06-13	4	1.29	1.496	1.507	2.4265710727750367	2.569247798221751	(4, 1.29)	0	0	0
r8i1301p1f1	1867-08-08	13	1.151	1.439	3.097	4.006421201042509	4.984723120803901	(13, 1.151)	2	2	2
r8i1301p1f1	1867-08-27	6	1.089	1.178	1.059	2.833505417830594	2.8072351567207137	(6, 1.089)	1	3	1
r8i1301p1f1	1870-06-28	3	1.138	1.159	0.675	1.9334357313176844	1.505721130733336	(3, 1.138)	1	1	3
r8i1301p1f1	1870-07-07	3	1.068	1.194	0.465	1.879387304251124	1.228532006034618	(3, 1.068)	1	1	1
r8i1301p1f1	1871-06-12	5	1.51	1.714	2.985	2.8838121366636518	3.537280523924592	(5, 1.51)	2	0	0
r8i1301p1f1	1871-07-23	9	1.242	1.576	2.959	3.5419443459902387	4.3931272937447865	(9, 1.242)	2	0	2
r8i1301p1f1	1871-08-26	3	1.152	1.223	0.717	1.9439035072324593	1.5530032738697626	(3, 1.152)	1	3	3
r8i1301p1f1	1874-06-30	3	1.12	1.259	0.622	1.9198141208902906	1.4426763029959913	(3, 1.12)	1	3	3
r8i1301p1f1	1876-06-29	4	1.194	1.358	1.125	2.3563154154150134	2.302585092994046	(4, 1.194)	0	3	3
r8i1301p1f1	1879-05-31	4	1.048	1.104	0.542	2.2390061113511743	1.6744763086133228	(4, 1.048)	1	1	1
r8i1301p1f1	1879-07-23	3	1.267	1.365	1.062	2.0259781469017057	1.8746157340449257	(3, 1.267)	0	3	3
r8i1301p1f1	1879-07-29	4	1.265	1.532	1.41	2.4087452888224363	2.5079719227189963	(4, 1.265)	0	0	0
r8i1301p1f1	1879-08-09	8	1.12	1.302	1.658	3.271191463916895	3.6510804218417796	(8, 1.12)	0	3	2
r8i1301p1f1	1882-06-24	6	1.21	1.377	1.784	2.9329679393545613	3.303927684170638	(6, 1.21)	0	3	3
r8i1301p1f1	1882-07-22	4	1.174	1.327	1.046	2.341036279368298	2.237299626295416	(4, 1.174)	0	3	3
r8i1301p1f1	1884-06-14	3	0.954	0.978	0.123	1.7845887226446142	0.4941636292871946	(3, 0.954)	1	1	1
r8i1301p1f1	1884-06-21	3	0.999	1.044	0.26	1.8230895610787659	0.8548406121371308	(3, 0.999)	1	1	1
r8i1301p1f1	1884-08-24	7	1.069	1.154	1.091	3.03486437993067	3.0542654280165578	(7, 1.069)	1	3	1
r8i1301p1f1	1887-06-21	6	1.181	1.322	1.608	2.910015566337376	3.204073896375191	(6, 1.181)	0	3	3
r8i1301p1f1	1888-08-12	4	1.245	1.396	1.329	2.3942522815198695	2.4537599207911636	(4, 1.245)	0	3	3
r8i1301p1f1	1888-08-19	3	1.13	1.215	0.651	1.9274045777056474	1.4776638838106866	(3, 1.13)	1	1	3
r8i1301p1f1	1889-07-12	4	1.285	1.474	1.487	2.423031246069913	2.5569171857642727	(4, 1.285)	0	0	3
r8i1301p1f1	1890-07-08	4	1.16	1.357	0.989	2.330200260027019	2.187398683184928	(4, 1.16)	0	3	3
r8i1301p1f1	1893-06-04	5	1.314	1.512	2.009	2.7530851717417453	3.1553523759538358	(5, 1.314)	0	0	0
r8i1301p1f1	1894-06-01	4	0.931	0.949	0.074	2.1339297269639057	0.46499108742219125	(4, 0.931)	1	1	1
r8i1301p1f1	1894-06-30	5	1.518	1.814	3.025	2.888801411615567	3.5502071025100235	(5, 1.518)	2	0	0
r8i1301p1f1	1895-08-08	8	1.202	1.537	2.315	3.339256558483672	3.97748242147992	(8, 1.202)	0	0	2
r8i1301p1f1	1898-06-05	3	1.137	1.155	0.671	1.9326838233665247	1.5010992499708764	(3, 1.137)	1	1	1
r8i1301p1f1	1898-06-23	4	1.152	1.257	0.956	2.3239551187302383	2.157328080336907	(4, 1.152)	1	3	3
r8i1301p1f1	1900-06-21	4	1.026	1.131	0.455	2.2200726714195813	1.534714366238164	(4, 1.026)	1	1	1
r8i1301p1f1	1900-07-10	3	0.98	1.048	0.202	1.807014086039882	0.7176557710420871	(3, 0.98)	1	1	1
r8i1301p1f1	1900-07-29	3	0.999	1.052	0.259	1.8230895610787659	0.8526279775327722	(3, 0.999)	1	1	1
r8i1301p1f1	1901-06-13	5	1.05	1.169	0.685	2.5446961686401695	2.158545288236952	(5, 1.05)	1	1	1
r8i1301p1f1	1901-07-31	5	1.045	1.154	0.662	2.540298402618647	2.1283965738678257	(5, 1.045)	1	1	1
r8i1301p1f1	1901-08-09	4	1.134	1.275	0.884	2.309759296742046	2.088401283051308	(4, 1.134)	1	3	3
r8i1301p1f1	1904-07-09	3	1.036	1.183	0.37	1.8536717181554538	1.0724655547928086	(3, 1.036)	1	1	1
r8i1301p1f1	1904-08-10	4	1.163	1.247	1.002	2.332532169361998	2.199000776737475	(4, 1.163)	0	3	3
r8i1301p1f1	1905-06-30	4	1.344	1.595	1.726	2.4640234388715765	2.6951675752711965	(4, 1.344)	0	0	0
r8i1301p1f1	1906-07-19	4	1.106	1.35	0.774	2.2872683888821523	1.9729692971693191	(4, 1.106)	1	3	3
r8i1301p1f1	1906-07-25	5	1.2	1.347	1.436	2.6683669929878664	2.836441544185978	(5, 1.2)	0	3	3
r8i1301p1f1	1910-08-01	11	1.276	1.664	4.0	3.8618269101065157	4.989966428998757	(11, 1.276)	2	2	4
r8i1301p1f1	1912-07-05	4	1.139	1.23	0.905	2.3137228374045016	2.1090003439213802	(4, 1.139)	1	3	3
r8i1301p1f1	1913-07-02	4	1.1	1.203	0.749	2.2823823856765264	1.9447666383532343	(4, 1.1)	1	1	1
r8i1301p1f1	1913-08-03	3	1.013	1.13	0.301	1.8347714486521625	0.9415848724799063	(3, 1.013)	1	1	1
r8i1301p1f1	1914-06-18	4	1.047	1.128	0.535	2.238153232834657	1.66392609771817	(4, 1.047)	1	1	1
r8i1301p1f1	1915-07-18	3	0.979	1.034	0.199	1.8061608073299462	0.7100211765982832	(3, 0.979)	1	1	1
r8i1301p1f1	1916-06-17	4	1.047	1.175	0.538	2.238153232834657	1.6684612528835614	(4, 1.047)	1	1	1
r8i1301p1f1	1917-07-29	9	1.204	1.429	2.62	3.511784216291563	4.273048472104136	(9, 1.204)	0	0	2
r8i1301p1f1	1917-08-23	5	1.094	1.222	0.907	2.5825846178742236	2.4105932455823904	(5, 1.094)	1	3	3
r8i1301p1f1	1920-07-24	5	1.296	1.471	1.918	2.7401766099921643	3.1110185016332754	(5, 1.296)	0	0	0
r8i1301p1f1	1920-08-14	5	1.161	1.292	1.241	2.6376545325400946	2.6996686269991383	(5, 1.161)	0	3	3
r8i1301p1f1	1921-06-10	7	1.284	1.6	2.599	3.2100373920946708	3.894554385700785	(7, 1.284)	0	0	0
r8i1301p1f1	1921-07-25	3	1.261	1.387	1.044	2.0218585354382537	1.8601628760179363	(3, 1.261)	0	3	3
r8i1301p1f1	1921-08-11	3	0.994	1.081	0.245	1.8188841638866633	0.82112577269258	(3, 0.994)	1	1	1
r8i1301p1f1	1921-08-17	3	1.071	1.137	0.476	1.8817645784692352	1.2451248876848824	(3, 1.071)	1	1	1
r8i1301p1f1	1922-06-26	4	1.22	1.358	1.229	2.3758355547336385	2.3825047161699193	(4, 1.22)	0	3	3
r8i1301p1f1	1924-06-30	3	1.097	1.211	0.553	1.9021342734584945	1.3541513372645073	(3, 1.097)	1	1	1
r8i1301p1f1	1925-07-14	5	1.116	1.214	1.018	2.601003769861007	2.51621036934779	(5, 1.116)	1	3	3
r8i1301p1f1	1926-06-02	5	1.26	1.348	1.736	2.7138485752091657	3.0159794120746404	(5, 1.26)	0	3	3
r8i1301p1f1	1926-06-15	18	1.219	1.889	5.518	4.5442732603910425	6.045943365888517	(18, 1.219)	2	2	4
r8i1301p1f1	1926-07-15	3	1.065	1.19	0.456	1.8770043651306039	1.2147481921777037	(3, 1.065)	1	1	1
r8i1301p1f1	1926-08-08	4	1.359	1.663	1.784	2.4741826864250247	2.7260210864234464	(4, 1.359)	0	0	0
r8i1301p1f1	1926-08-17	5	1.195	1.416	1.413	2.6644818112970086	2.8212491316245214	(5, 1.195)	0	3	3
r8i1301p1f1	1926-08-26	3	1.203	1.418	0.87	1.9811354412044515	1.708496079343387	(3, 1.203)	0	3	3
r8i1301p1f1	1927-06-12	4	1.14	1.384	0.911	2.3145136638593193	2.114808685517127	(4, 1.14)	0	3	3
r8i1301p1f1	1931-06-24	4	1.325	1.607	1.65	2.451005098112319	2.653241964607215	(4, 1.325)	0	0	0
r8i1301p1f1	1931-08-04	3	1.052	1.179	0.418	1.866612170346783	1.1543596911246021	(3, 1.052)	1	1	1
r8i1301p1f1	1932-08-20	3	1.08	1.202	0.503	1.888862679459286	1.2847224010973517	(3, 1.08)	1	1	1
r8i1301p1f1	1933-08-08	3	1.192	1.259	0.837	1.9732214466709417	1.676943199205704	(3, 1.192)	0	3	3
r8i1301p1f1	1934-06-12	8	1.033	1.1	0.96	3.193521985830801	3.1233477153131455	(8, 1.033)	1	1	2
r8i1301p1f1	1934-06-25	3	1.136	1.273	0.67	1.9319313496243482	1.4999404342713294	(3, 1.136)	1	3	3
r8i1301p1f1	1935-08-14	5	1.224	1.471	1.558	2.686808588479392	2.913381087064909	(5, 1.224)	0	3	3
r8i1301p1f1	1938-07-06	3	1.108	1.26	0.586	1.9106288604174835	1.3974680324230628	(3, 1.108)	1	1	3
r8i1301p1f1	1938-08-03	5	1.166	1.286	1.264	2.641645143251329	2.716808377251539	(5, 1.166)	0	3	3
r8i1301p1f1	1938-08-18	4	1.145	1.277	0.928	2.318458442150336	2.1310847748316744	(4, 1.145)	1	3	3
r8i1301p1f1	1939-06-24	3	1.101	1.155	0.564	1.90523156945898	1.3687997098305686	(3, 1.101)	1	1	1
r8i1301p1f1	1939-07-03	7	1.243	1.578	2.312	3.178915215814481	3.7800638440462486	(7, 1.243)	0	0	0
r8i1301p1f1	1940-06-16	14	1.076	1.307	2.285	4.049422627099853	4.793271837493858	(14, 1.076)	2	2	2
r8i1301p1f1	1940-07-05	3	1.122	1.294	0.627	1.9213368284541927	1.4487966470299802	(3, 1.122)	1	3	3
r8i1301p1f1	1940-07-13	7	1.218	1.427	2.14	3.1594516984894843	3.7045892721769995	(7, 1.218)	0	3	2
r8i1301p1f1	1940-08-05	8	1.094	1.214	1.446	3.2486052609307206	3.51806874198926	(8, 1.094)	0	3	2
r8i1301p1f1	1940-08-26	7	1.021	1.212	0.755	2.991181163956664	2.7069025881113444	(7, 1.021)	1	1	1
r8i1301p1f1	1941-08-05	4	1.034	1.107	0.486	2.2269991060374505	1.586783221869294	(4, 1.034)	1	1	1
r8i1301p1f1	1943-07-27	6	0.96	1.009	0.284	2.7152946246796246	1.6436326553208611	(6, 0.96)	1	1	1
r8i1301p1f1	1945-07-09	4	1.312	1.466	1.596	2.441999148776724	2.6223470589092384	(4, 1.312)	0	0	0
r8i1301p1f1	1945-07-16	4	1.111	1.162	0.792	2.291321900715335	1.9927937349541638	(4, 1.111)	1	1	1
r8i1301p1f1	1945-08-03	3	1.086	1.198	0.521	1.8935669098428978	1.3102756371655788	(3, 1.086)	1	1	1
r8i1301p1f1	1946-08-20	7	1.389	1.754	3.336	3.285585986192915	4.1396936478401685	(7, 1.389)	2	0	0
r8i1301p1f1	1949-06-17	3	1.103	1.228	0.571	1.9067766274057756	1.3780109061816326	(3, 1.103)	1	1	1
r8i1301p1f1	1949-07-26	6	1.026	1.162	0.678	2.7775177332178704	2.3946649950318912	(6, 1.026)	1	1	1
r8i1301p1f1	1954-06-15	5	1.045	1.076	0.659	2.540298402618647	2.1243962630117896	(5, 1.045)	1	1	1
r8i1301p1f1	1955-07-07	4	1.16	1.38	0.99	2.330200260027019	2.188295946591918	(4, 1.16)	0	3	3
r8i1301p1f1	1955-08-07	3	1.112	1.294	0.598	1.913699997788122	1.4127656710796765	(3, 1.112)	1	3	3
r8i1301p1f1	1958-06-30	6	1.252	1.47	2.033	2.9653022897550105	3.430072321724199	(6, 1.252)	0	0	0
r8i1301p1f1	1960-08-05	4	1.547	1.799	2.537	2.5934620563423456	3.058519261652756	(4, 1.547)	2	0	0
r8i1301p1f1	1960-08-23	4	1.098	1.189	0.741	2.2807483983848713	1.935571171260134	(4, 1.098)	1	1	1
r8i1301p1f1	1961-07-09	9	1.036	1.237	1.111	3.3663298463330795	3.4338904256086735	(9, 1.036)	1	3	2
r8i1301p1f1	1961-08-26	3	1.087	1.22	0.523	1.8943488012231606	1.3130749947901585	(3, 1.087)	1	1	1
r8i1301p1f1	1965-06-19	8	1.269	1.479	2.848	3.391624782530296	4.181177756271967	(8, 1.269)	2	0	0
r8i1301p1f1	1966-06-30	3	1.05	1.12	0.413	1.8650037419525174	1.1461352854240012	(3, 1.05)	1	1	1
r8i1301p1f1	1966-08-05	4	1.025	1.174	0.449	2.2192034840549946	1.5243156590172653	(4, 1.025)	1	1	1
r8i1301p1f1	1970-06-03	3	1.115	1.22	0.606	1.9159971769397985	1.4228356146869778	(3, 1.115)	1	1	3
r8i1301p1f1	1970-07-18	5	1.317	1.587	2.021	2.755220490925305	3.1610546136087665	(5, 1.317)	0	0	0
r8i1301p1f1	1972-08-16	5	1.161	1.323	1.24	2.6376545325400946	2.698916714880855	(5, 1.161)	0	3	3
r8i1301p1f1	1972-08-24	5	1.497	1.735	2.92	2.875651094840324	3.515911787114676	(5, 1.497)	2	0	0
r8i1301p1f1	1973-07-14	3	1.219	1.315	0.918	1.9925360413504454	1.7526838523822081	(3, 1.219)	0	3	3
r8i1301p1f1	1974-06-05	6	1.047	1.113	0.803	2.7965307217371977	2.549573411196917	(6, 1.047)	1	1	1
r8i1301p1f1	1974-07-02	6	1.101	1.253	1.131	2.8438232849732055	2.8691615928398186	(6, 1.101)	1	3	3
r8i1301p1f1	1977-07-15	3	1.22	1.295	0.921	1.993244281711825	1.7553818168389415	(3, 1.22)	0	3	3
r8i1301p1f1	1982-08-01	4	1.622	1.873	2.835	2.6373415728317555	3.164630810015805	(4, 1.622)	2	0	0
r8i1301p1f1	1986-07-28	3	1.171	1.348	0.775	1.9579367511104981	1.6148269907508113	(3, 1.171)	0	3	3
r8i1301p1f1	1986-08-23	4	1.094	1.188	0.724	2.2774723921789706	1.9157454490090462	(4, 1.094)	1	1	1
r8i1301p1f1	1987-08-23	5	1.057	1.158	0.723	2.5508207291837395	2.2064470018184537	(5, 1.057)	1	1	1
r8i1301p1f1	1988-06-22	6	1.256	1.44	2.061	2.968327915962107	3.443311026738775	(6, 1.256)	0	0	0
r8i1301p1f1	1988-07-06	4	1.017	1.093	0.418	2.2122226529136544	1.4687955826316343	(4, 1.017)	1	1	1
r8i1301p1f1	1988-07-24	5	1.262	1.462	1.745	2.7153295712834686	3.020897608719568	(5, 1.262)	0	0	0
r8i1301p1f1	1988-08-17	3	1.041	1.115	0.386	1.8577336268521103	1.100515421616143	(3, 1.041)	1	1	1
r8i1301p1f1	1989-05-31	12	1.129	1.351	2.596	3.8697760102825667	4.690555765971102	(12, 1.129)	2	2	2
r8i1301p1f1	1989-08-02	5	1.098	1.144	0.928	2.5859588878670148	2.4314492096762756	(5, 1.098)	1	1	1
r8i1301p1f1	1991-06-12	6	1.066	1.163	0.919	2.8134269003195542	2.6745958902068003	(6, 1.066)	1	1	1
r8i1301p1f1	1991-08-21	6	1.106	1.318	1.162	2.848091173131013	2.8946870163547627	(6, 1.106)	0	3	3
r8i1301p1f1	1995-06-29	4	1.28	1.483	1.471	2.419478844465545	2.546942040707453	(4, 1.28)	0	0	3
r8i1301p1f1	1996-06-04	4	1.084	1.289	0.685	2.2692351133124915	1.8687205103641835	(4, 1.084)	1	3	3
r8i1301p1f1	1996-08-09	3	1.201	1.322	0.865	1.9797011838168412	1.7037788673537406	(3, 1.201)	0	3	3
r8i1301p1f1	1999-06-24	6	1.397	1.777	2.904	3.069522692836393	3.7768882544714453	(6, 1.397)	2	0	0
r8i1301p1f1	2000-06-12	5	1.12	1.36	1.037	2.604316559440932	2.5332214996909945	(5, 1.12)	0	3	3
r8i1301p1f1	2000-06-24	4	1.107	1.232	0.776	2.2880804067911638	1.9751915203060368	(4, 1.107)	1	3	3
r8i1301p1f1	2001-07-23	7	1.124	1.386	1.481	3.0826790004122553	3.347392298242465	(7, 1.124)	0	3	2
r8i1301p1f1	2002-08-02	3	0.975	1.039	0.188	1.8027403929532473	0.6815181524944838	(3, 0.975)	1	1	1
r8i1301p1f1	2004-06-26	7	1.138	1.292	1.574	3.094493534428141	3.4062143736619013	(7, 1.138)	0	3	2
r8i1301p1f1	2004-08-03	7	1.139	1.322	1.585	3.0953321124697535	3.412948426766106	(7, 1.139)	0	3	2
r8i1301p1f1	2004-08-17	3	1.114	1.234	0.605	1.9152320367430575	1.421582403309789	(3, 1.114)	1	1	3
r8i1301p1f1	2007-06-15	3	1.163	1.23	0.75	1.9520520017200835	1.5886461167462513	(3, 1.163)	1	3	3
r8i1301p1f1	2008-06-05	3	0.978	1.019	0.196	1.80530679991362	0.7023278464110895	(3, 0.978)	1	1	1
r8i1301p1f1	2008-07-08	7	1.06	1.132	1.029	3.026817809167095	2.998595505270994	(7, 1.06)	1	1	1
r8i1301p1f1	2008-07-17	5	1.128	1.206	1.075	2.6109093955518152	2.566399488517791	(5, 1.128)	1	3	3
r8i1301p1f1	2008-08-12	5	1.185	1.254	1.363	2.656665868654067	2.78740364154172	(5, 1.185)	0	3	3
r8i1301p1f1	2008-08-21	4	1.014	1.057	0.406	2.209592226144881	1.4464482839396378	(4, 1.014)	1	1	1
r8i1301p1f1	2010-07-08	3	1.271	1.449	1.074	2.028715156208546	1.8841362146551381	(3, 1.271)	0	3	3
r9i1161p1f1	1851-05-30	7	1.211	1.335	2.205	3.153933333671879	3.733785214371139	(7, 1.211)	0	3	2
r9i1161p1f1	1851-07-23	8	1.014	1.26	0.946	3.1757261582508165	3.109308092610182	(8, 1.014)	1	3	2
r9i1161p1f1	1852-08-04	3	1.077	1.242	0.543	1.886502239488306	1.340645832792137	(3, 1.077)	1	1	1
r9i1161p1f1	1855-07-24	3	1.026	1.098	0.391	1.8454980658277378	1.1091220660640169	(3, 1.026)	1	1	1
r9i1161p1f1	1856-06-22	4	1.208	1.31	1.25	2.3668735828764076	2.3978952727983707	(4, 1.208)	0	3	3
r9i1161p1f1	1856-08-23	4	1.084	1.195	0.752	2.2692351133124915	1.948193255069882	(4, 1.084)	1	1	1
r9i1161p1f1	1857-06-02	5	1.09	1.185	0.97	2.579198923624043	2.4718999018290106	(5, 1.09)	1	3	1
r9i1161p1f1	1857-07-12	4	1.303	1.517	1.63	2.4357164055972285	2.641910398597665	(4, 1.303)	0	0	0
r9i1161p1f1	1857-08-04	5	1.271	1.485	1.875	2.7219670441761172	3.0893654702378397	(5, 1.271)	0	0	0
r9i1161p1f1	1858-07-12	6	1.252	1.418	2.137	2.9653022897550105	3.478385479795618	(6, 1.252)	0	0	0
r9i1161p1f1	1859-06-03	4	1.088	1.146	0.77	2.272538171641749	1.9685099809725544	(4, 1.088)	1	1	1
r9i1161p1f1	1859-06-15	6	0.992	1.143	0.578	2.745947150585152	2.250747485018103	(6, 0.992)	1	1	1
r9i1161p1f1	1861-08-01	4	1.314	1.491	1.673	2.4433899695850667	2.6661164777292643	(4, 1.314)	0	0	0
r9i1161p1f1	1862-06-16	3	1.155	1.245	0.777	1.9461324169557104	1.6168921469545445	(3, 1.155)	1	3	3
r9i1161p1f1	1862-07-02	3	1.058	1.135	0.488	1.871421991289987	1.2629176298947784	(3, 1.058)	1	1	1
r9i1161p1f1	1863-07-24	4	0.996	1.131	0.399	2.193662685769859	1.4331779470187411	(4, 0.996)	1	1	1
r9i1161p1f1	1863-08-22	4	1.089	1.173	0.773	2.2733622343171422	1.9718563309998984	(4, 1.089)	1	1	1
r9i1161p1f1	1864-06-16	8	1.217	1.435	2.568	3.3512213416483436	4.079352860307277	(8, 1.217)	0	0	2
r9i1161p1f1	1864-07-06	4	1.003	1.103	0.428	2.199887694755703	1.4870442642200337	(4, 1.003)	1	1	1
r9i1161p1f1	1864-08-28	3	1.031	1.139	0.405	1.8495932430423958	1.1328339025038707	(3, 1.031)	1	1	1
r9i1161p1f1	1865-07-28	3	0.974	0.986	0.233	1.8018834582222802	0.7933107972213779	(3, 0.974)	1	1	1
r9i1161p1f1	1869-06-07	5	1.008	1.07	0.562	2.507139541092265	1.9855910608029552	(5, 1.008)	1	1	1
r9i1161p1f1	1869-06-17	6	1.146	1.483	1.501	2.8815939830022073	3.138104051842993	(6, 1.146)	0	3	3
r9i1161p1f1	1870-07-15	3	1.371	1.684	1.425	2.0948134082656926	2.1287693234923526	(3, 1.371)	0	0	0
r9i1161p1f1	1871-06-18	3	0.983	1.082	0.261	1.8095695623406716	0.8570483617962074	(3, 0.983)	1	1	1
r9i1161p1f1	1871-08-04	9	1.33	1.499	3.911	3.6084825170419075	4.669055368746616	(9, 1.33)	2	2	4
r9i1161p1f1	1871-08-15	3	1.062	1.163	0.499	1.8746157340449257	1.2789541257012775	(3, 1.062)	1	1	1
r9i1161p1f1	1873-06-23	5	1.056	1.139	0.799	2.549948085161668	2.295871765967698	(5, 1.056)	1	1	1
r9i1161p1f1	1875-07-03	15	1.258	1.621	5.426	4.305188728485943	5.756444860811199	(15, 1.258)	2	2	4
r9i1161p1f1	1877-06-03	3	1.156	1.408	0.78	1.9468742842202946	1.6199819065811056	(3, 1.156)	0	3	3
r9i1161p1f1	1879-06-13	9	1.232	1.717	3.025	3.53409524031307	4.414917258867856	(9, 1.232)	2	2	0
r9i1161p1f1	1879-07-22	9	1.085	1.247	1.703	3.4109826823969525	3.8497432646577	(9, 1.085)	0	3	2
r9i1161p1f1	1879-08-23	4	1.026	1.225	0.522	2.2200726714195813	1.6440325571985994	(4, 1.026)	1	1	1
r9i1161p1f1	1880-07-23	3	1.152	1.229	0.767	1.9439035072324593	1.606523451157975	(3, 1.152)	1	3	3
r9i1161p1f1	1883-06-21	6	1.043	1.163	0.885	2.792936961100221	2.6395422501778953	(6, 1.043)	1	1	1
r9i1161p1f1	1884-08-28	4	1.136	1.293	0.962	2.3113465986626185	2.162863149818908	(4, 1.136)	0	3	3
r9i1161p1f1	1885-07-09	5	1.357	1.555	2.308	2.7832641136467724	3.2885595042120936	(5, 1.357)	0	0	0
r9i1161p1f1	1885-07-30	3	0.963	1.057	0.203	1.7924083891450562	0.720187737891169	(3, 0.963)	1	1	1
r9i1161p1f1	1885-08-17	5	1.099	1.246	1.015	2.5868006793464966	2.5134977497990874	(5, 1.099)	1	3	3
r9i1161p1f1	1886-07-09	6	1.072	1.271	1.054	2.8187037653650844	2.8027888923872153	(6, 1.072)	1	3	3
r9i1161p1f1	1888-08-01	5	1.131	1.27	1.178	2.613370546077847	2.6511581320815965	(5, 1.131)	0	3	3
r9i1161p1f1	1888-08-19	5	1.24	1.43	1.723	2.698916714880855	3.008832372643273	(5, 1.24)	0	3	3
r9i1161p1f1	1890-07-22	8	1.242	1.385	2.771	3.3708499174692643	4.154193550000423	(8, 1.242)	0	0	2
r9i1161p1f1	1892-08-18	4	1.07	1.206	0.696	2.25758772706331	1.882209372150127	(4, 1.07)	1	1	1
r9i1161p1f1	1892-08-26	3	1.092	1.165	0.588	1.8982491140189333	1.4000339453964148	(3, 1.092)	1	1	1
r9i1161p1f1	1893-06-21	5	1.286	1.625	1.948	2.7329325254733114	3.125852321063687	(5, 1.286)	0	0	0
r9i1161p1f1	1893-07-27	12	1.186	1.574	3.484	3.918026830082625	4.982422087038311	(12, 1.186)	2	2	4
r9i1161p1f1	1893-08-17	8	1.286	1.461	3.125	3.4044872394536423	4.272639664252711	(8, 1.286)	2	0	0
r9i1161p1f1	1894-06-28	4	1.13	1.227	0.935	2.306577114263583	2.1377104498038118	(4, 1.13)	1	3	3
r9i1161p1f1	1896-05-31	6	1.117	1.279	1.328	2.8574168991223767	3.021279850825994	(6, 1.117)	0	3	3
r9i1161p1f1	1898-07-19	4	0.947	0.984	0.204	2.1489676043284462	0.9677440134630707	(4, 0.947)	1	1	1
r9i1161p1f1	1899-07-29	3	1.036	1.092	0.421	1.8536717181554538	1.159262061528095	(3, 1.036)	1	1	1
r9i1161p1f1	1900-08-11	5	1.021	1.122	0.624	2.5189156504934846	2.0765037417934287	(5, 1.021)	1	1	1
r9i1161p1f1	1902-06-22	5	1.31	1.736	2.069	2.7502309682406123	3.1835438669485097	(5, 1.31)	0	0	0
r9i1161p1f1	1903-07-09	7	1.124	1.397	1.596	3.0826790004122553	3.4196374355607917	(7, 1.124)	0	3	2
r9i1161p1f1	1903-07-19	3	1.107	1.156	0.634	1.9098596000764794	1.4573026819560444	(3, 1.107)	1	1	1
r9i1161p1f1	1903-07-29	3	1.12	1.264	0.672	1.9198141208902906	1.502256724370767	(3, 1.12)	1	3	3
r9i1161p1f1	1903-08-05	7	1.041	1.103	1.016	3.009614951877774	2.986519128789091	(7, 1.041)	1	1	1
r9i1161p1f1	1905-07-05	3	1.005	1.079	0.329	1.8281128037140733	0.9967767186648551	(3, 1.005)	1	1	1
r9i1161p1f1	1905-07-14	4	1.045	1.135	0.598	2.2364452904895007	1.7550954848564635	(4, 1.045)	1	1	1
r9i1161p1f1	1907-06-26	7	1.146	1.238	1.75	3.1011825509643174	3.508868831868892	(7, 1.146)	0	3	2
r9i1161p1f1	1907-08-09	6	1.037	1.229	0.847	2.7875219876526427	2.598853215062506	(6, 1.037)	1	1	1
r9i1161p1f1	1908-06-06	3	1.155	1.268	0.778	1.9461324169557104	1.6179231279288906	(3, 1.155)	1	3	3
r9i1161p1f1	1908-08-14	10	0.94	1.116	0.44	3.4250899997270263	2.702301824447141	(10, 0.94)	1	1	2
r9i1161p1f1	1909-06-05	3	0.988	1.015	0.276	1.8138142307275258	0.88959271796353	(3, 0.988)	1	1	1
r9i1161p1f1	1911-06-02	5	1.055	1.269	0.794	2.5490746789668535	2.2902280452578925	(5, 1.055)	1	3	1
r9i1161p1f1	1911-07-31	7	1.018	1.099	0.857	2.9883865518132873	2.8256472707317752	(7, 1.018)	1	1	1
r9i1161p1f1	1912-06-26	3	1.32	1.49	1.272	2.0616493448548585	2.0293982396318806	(3, 1.32)	0	0	0
r9i1161p1f1	1914-06-19	6	1.589	1.983	4.161	3.192672915869643	4.12961454751605	(6, 1.589)	2	0	0
r9i1161p1f1	1914-07-08	3	1.171	1.269	0.825	1.9579367511104981	1.6652180182711651	(3, 1.171)	1	3	3
r9i1161p1f1	1914-07-17	4	1.107	1.271	0.845	2.2880804067911638	2.048982334195127	(4, 1.107)	1	3	3
r9i1161p1f1	1914-08-16	5	0.97	1.086	0.37	2.4718999018290106	1.636415864499357	(5, 0.97)	1	1	1
r9i1161p1f1	1916-06-13	3	1.069	1.105	0.52	1.8801803570932276	1.3088730142073226	(3, 1.069)	1	1	1
r9i1161p1f1	1918-07-09	4	1.164	1.347	1.073	2.3333082656368864	2.2600950413730936	(4, 1.164)	0	3	3
r9i1161p1f1	1921-06-29	4	1.196	1.416	1.201	2.357830567220024	2.361608433443507	(4, 1.196)	0	3	3
r9i1161p1f1	1921-07-29	5	1.235	1.458	1.695	2.6951486502583273	2.9932630329526266	(5, 1.235)	0	3	3
r9i1161p1f1	1921-08-06	4	1.162	1.33	1.065	2.3317554702938255	2.253394848803274	(4, 1.162)	0	3	3
r9i1161p1f1	1922-07-09	4	1.13	1.268	0.938	2.306577114263583	2.1405366410396467	(4, 1.13)	1	3	3
r9i1161p1f1	1923-06-17	10	1.187	1.448	2.916	3.6515989889427494	4.534876646540358	(10, 1.187)	2	2	2
r9i1161p1f1	1923-07-09	4	1.141	1.3	0.98	2.3153038654018205	2.179286876649552	(4, 1.141)	0	3	3
r9i1161p1f1	1925-06-23	6	1.025	1.271	0.772	2.7766032730187584	2.5133350794648	(6, 1.025)	1	1	1
r9i1161p1f1	1926-06-14	6	0.963	1.029	0.406	2.7182085455534524	1.9411785460016502	(6, 0.963)	1	1	1
r9i1161p1f1	1928-08-15	3	1.056	1.129	0.482	1.8698212867532615	1.25406083097726	(3, 1.056)	1	1	1
r9i1161p1f1	1931-06-11	4	1.205	1.4	1.238	2.3646204839134985	2.3891296943942315	(4, 1.205)	0	3	3
r9i1161p1f1	1931-06-19	4	0.985	1.049	0.355	2.1838015570040787	1.3454723665996355	(4, 0.985)	1	1	1
r9i1161p1f1	1931-07-05	4	0.997	1.102	0.406	2.1945543487803407	1.4464482839396378	(4, 0.997)	1	1	1
r9i1161p1f1	1931-07-24	4	1.064	1.119	0.673	2.2525541593884806	1.8537948601475076	(4, 1.064)	1	1	1
r9i1161p1f1	1931-08-01	3	1.207	1.359	0.934	1.9839977994098914	1.766989607300396	(3, 1.207)	0	3	3
r9i1161p1f1	1931-08-16	4	0.963	0.993	0.27	2.1637826901135866	1.1505720275988207	(4, 0.963)	1	1	1
r9i1161p1f1	1932-08-15	6	1.116	1.408	1.32	2.8565726904904096	3.015532879418852	(6, 1.116)	0	3	3
r9i1161p1f1	1933-06-12	6	1.235	1.452	2.036	2.9523402603016544	3.4314991666533974	(6, 1.235)	0	0	0
r9i1161p1f1	1933-06-30	7	1.072	1.313	1.234	3.0375322459329426	3.1719519108191725	(7, 1.072)	0	3	2
r9i1161p1f1	1935-06-04	5	1.285	1.638	1.945	2.7322052224153808	3.1243788019343564	(5, 1.285)	0	0	0
r9i1161p1f1	1938-06-22	6	1.354	1.756	2.746	3.039732635885482	3.7222608680921003	(6, 1.354)	2	0	0
r9i1161p1f1	1939-05-26	20	1.26	1.702	7.287	4.73354428066156	6.4812234589042115	(20, 1.26)	2	2	4
r9i1161p1f1	1939-06-18	10	1.231	1.529	3.349	3.687068765723502	4.671937585445868	(10, 1.231)	2	2	2
r9i1161p1f1	1939-07-18	11	1.389	1.714	5.424	3.9449684968794405	5.292717222430449	(11, 1.389)	2	2	4
r9i1161p1f1	1940-06-25	3	1.156	1.272	0.781	1.9468742842202946	1.621009708622122	(3, 1.156)	1	3	3
r9i1161p1f1	1943-08-29	5	0.976	1.069	0.402	2.477547280119216	1.703746979433015	(5, 0.976)	1	1	1
r9i1161p1f1	1945-06-09	3	0.996	1.037	0.3	1.8205684456009843	0.9395562688468609	(3, 0.996)	1	1	1
r9i1161p1f1	1945-06-16	3	1.039	1.139	0.429	1.8561108427283792	1.1722187555994614	(3, 1.039)	1	1	1
r9i1161p1f1	1945-07-27	4	0.995	1.04	0.395	2.192770226986839	1.425515074273172	(4, 0.995)	1	1	1
r9i1161p1f1	1948-06-30	3	1.014	1.108	0.354	1.8356006704133423	1.0436061303477935	(3, 1.014)	1	1	1
r9i1161p1f1	1948-08-06	6	1.145	1.395	1.495	2.880769948427343	3.1342727307748186	(6, 1.145)	0	3	3
r9i1161p1f1	1948-08-24	5	1.097	1.299	1.008	2.585116387177589	2.507139541092265	(5, 1.097)	1	3	3
r9i1161p1f1	1949-08-16	3	1.072	1.191	0.529	1.8825557489911475	1.3214263541376352	(3, 1.072)	1	1	1
r9i1161p1f1	1949-08-23	4	1.068	1.171	0.688	2.2559126847956152	1.8724173722455095	(4, 1.068)	1	1	1
r9i1161p1f1	1953-07-25	4	1.097	1.193	0.803	2.2799304024292395	2.0047179954838996	(4, 1.097)	1	1	1
r9i1161p1f1	1955-07-05	9	1.196	1.558	2.7	3.5053171278838486	4.302712827954156	(9, 1.196)	2	0	2
r9i1161p1f1	1955-08-09	3	1.274	1.358	1.136	2.0307630082612924	1.9319313496243482	(3, 1.274)	0	3	3
r9i1161p1f1	1956-06-04	3	1.053	1.107	0.47	1.8674154154423224	1.2361083727856943	(3, 1.053)	1	1	1
r9i1161p1f1	1956-06-16	4	1.066	1.214	0.682	2.2542348320529992	1.8650099309676478	(4, 1.066)	1	1	1
r9i1161p1f1	1956-08-22	15	1.184	1.659	4.327	4.245407397111436	5.530919975924428	(15, 1.184)	2	2	4
r9i1161p1f1	1958-07-12	3	1.02	1.068	0.372	1.8405616128750606	1.0760151186962577	(3, 1.02)	1	1	1
r9i1161p1f1	1959-07-31	3	1.186	1.4	0.869	1.968878177611425	1.7075544154332227	(3, 1.186)	0	3	3
r9i1161p1f1	1960-07-13	4	1.459	1.801	2.251	2.53939483507207	2.9448599431802345	(4, 1.459)	0	0	0
r9i1161p1f1	1961-06-25	9	1.068	1.25	1.547	3.3957157180929167	3.755813541091036	(9, 1.068)	0	3	2
r9i1161p1f1	1962-07-17	4	0.925	0.974	0.118	2.128231705849268	0.6647477060382473	(4, 0.925)	1	1	1
r9i1161p1f1	1962-08-21	3	1.1	1.224	0.612	1.9044581443609874	1.4303220796589575	(3, 1.1)	1	1	1
r9i1161p1f1	1963-06-05	4	1.326	1.582	1.722	2.451694515581887	2.6930042428969387	(4, 1.326)	0	0	0
r9i1161p1f1	1963-08-06	4	1.129	1.278	0.933	2.305779983890565	2.1358218751159437	(4, 1.129)	1	3	3
r9i1161p1f1	1966-05-31	3	1.139	1.167	0.73	1.9341870743280345	1.5671964251972268	(3, 1.139)	1	1	3
r9i1161p1f1	1967-07-18	5	1.251	1.5	1.774	2.707156815436129	3.0365825697740596	(5, 1.251)	0	0	0
r9i1161p1f1	1968-06-04	11	1.237	1.431	3.755	3.831448616088221	4.927204314124198	(11, 1.237)	2	2	2
r9i1161p1f1	1968-06-25	5	1.229	1.307	1.664	2.690608150529249	2.9757379921060383	(5, 1.229)	0	3	3
r9i1161p1f1	1968-07-02	6	1.117	1.297	1.329	2.8574168991223767	3.0219959055421666	(6, 1.117)	0	3	3
r9i1161p1f1	1968-07-20	3	1.002	1.098	0.317	1.8256043365139252	0.9734950425711832	(3, 1.002)	1	1	1
r9i1161p1f1	1968-07-31	9	1.121	1.474	2.03	3.442563228268052	4.021953064800342	(9, 1.121)	0	3	2
r9i1161p1f1	1969-08-14	3	1.128	1.226	0.695	1.925891088549062	1.5285154368641591	(3, 1.128)	1	1	3
r9i1161p1f1	1969-08-21	6	1.098	1.248	1.214	2.84125378148708	2.936092840871068	(6, 1.098)	1	3	3
r9i1161p1f1	1969-08-29	3	1.038	1.279	0.426	1.8552984620613318	1.1673796469293618	(3, 1.038)	1	1	1
r9i1161p1f1	1972-06-11	5	1.081	1.158	0.924	2.5715389382816234	2.427510036055624	(5, 1.081)	1	1	1
r9i1161p1f1	1972-06-21	6	1.615	1.899	4.317	3.208241706831641	4.165838266735491	(6, 1.615)	2	0	0
r9i1161p1f1	1972-07-06	11	1.235	1.631	3.731	3.8298655985213514	4.9208389373460975	(11, 1.235)	2	2	4
r9i1161p1f1	1975-07-21	3	1.137	1.215	0.724	1.9326838233665247	1.5606707623481586	(3, 1.137)	1	3	3
r9i1161p1f1	1977-06-09	3	1.007	1.093	0.333	1.8297816262051394	1.0044183630992942	(3, 1.007)	1	1	1
r9i1161p1f1	1977-06-15	7	0.965	1.035	0.485	2.9376819971591464	2.300816099353446	(7, 0.965)	1	1	1
r9i1161p1f1	1978-08-13	3	0.996	1.081	0.302	1.8205684456009843	0.943609369210124	(3, 0.996)	1	1	1
r9i1161p1f1	1978-08-22	4	1.084	1.161	0.753	2.2692351133124915	1.9493328563328156	(4, 1.084)	1	1	1
r9i1161p1f1	1979-07-16	7	1.412	1.624	3.614	3.301399365046624	4.21851039431091	(7, 1.412)	2	0	0
r9i1161p1f1	1979-08-11	8	0.992	1.1	0.768	3.154716865266095	2.911146475437515	(8, 0.992)	1	1	1
r9i1161p1f1	1981-06-14	7	1.114	1.24	1.527	3.0741537627018283	3.3769195716315936	(7, 1.114)	0	3	2
r9i1161p1f1	1982-06-19	4	1.278	1.464	1.529	2.41805434280016	2.5826381382813355	(4, 1.278)	0	0	3
r9i1161p1f1	1984-07-09	4	0.98	1.06	0.335	2.179286876649552	1.3029127521808397	(4, 0.98)	1	1	1
r9i1161p1f1	1986-08-18	4	1.091	1.162	0.782	2.275008325223811	1.9818287128128356	(4, 1.091)	1	1	1
r9i1161p1f1	1987-08-10	5	1.009	1.126	0.565	2.5080503354822934	1.990185652625193	(5, 1.009)	1	1	1
r9i1161p1f1	1988-06-24	3	1.153	1.189	0.772	1.9446470292811249	1.6117212377276255	(3, 1.153)	1	3	3
r9i1161p1f1	1992-06-14	3	1.07	1.146	0.523	1.8809727815008697	1.3130749947901585	(3, 1.07)	1	1	1
r9i1161p1f1	1994-07-03	11	1.117	1.667	2.434	3.731732236366537	4.4975773153342224	(11, 1.117)	2	2	2
r9i1161p1f1	1996-07-19	3	1.075	1.301	0.538	1.8849255117711192	1.333824059440456	(3, 1.075)	1	1	3
r9i1161p1f1	1996-07-25	4	1.223	1.416	1.31	2.3780635541699513	2.4406063908914204	(4, 1.223)	0	3	3
r9i1161p1f1	1997-06-11	4	1.033	1.153	0.547	2.2261359208306395	1.6819446032208485	(4, 1.033)	1	1	1
r9i1161p1f1	1997-08-22	3	1.009	1.111	0.338	1.8314476683669307	1.0138890260833204	(3, 1.009)	1	1	1
r9i1161p1f1	1998-07-05	3	0.976	1.087	0.241	1.8035965939757768	0.811939810347864	(3, 0.976)	1	1	1
r9i1161p1f1	2000-07-19	4	1.069	1.173	0.691	2.256750556650246	1.8761006176618058	(4, 1.069)	1	1	1
r9i1161p1f1	2000-08-22	4	0.978	1.004	0.33	2.1774752819512013	1.2919836816486494	(4, 0.978)	1	1	1
r9i1161p1f1	2001-06-13	3	1.313	1.518	1.253	2.057010349436034	2.0163391868484126	(3, 1.313)	0	0	0
r9i1161p1f1	2001-08-18	5	1.03	1.097	0.67	2.5269878578958624	2.1389864896374844	(5, 1.03)	1	1	1
r9i1161p1f1	2006-08-30	3	1.282	1.419	1.158	2.0362035327569803	1.9483563696870467	(3, 1.282)	0	3	3
r9i1161p1f1	2007-06-30	3	1.027	1.08	0.392	1.8463184440077063	1.1108345416025405	(3, 1.027)	1	1	1
r9i1161p1f1	2007-08-16	3	1.046	1.11	0.451	1.8617791031708242	1.2070076174108926	(3, 1.046)	1	1	1
r9i1161p1f1	2008-06-23	3	1.079	1.168	0.55	1.888076485048371	1.350118803218546	(3, 1.079)	1	1	1
r9i1161p1f1	2008-07-16	9	1.079	1.248	1.647	3.4056209167219347	3.8170307750725376	(9, 1.079)	0	3	2
r9i1161p1f1	2008-08-09	8	1.069	1.212	1.385	3.2263958294567914	3.476273083149147	(8, 1.069)	1	3	2
r9i1161p1f1	2009-06-02	4	1.433	1.608	2.148	2.5228444891283925	2.9005420865502423	(4, 1.433)	0	0	0
r9i1161p1f1	2009-07-06	3	1.028	1.053	0.398	1.8471381497189576	1.1210482640359327	(3, 1.028)	1	1	1
r9i1161p1f1	2009-07-21	4	1.089	1.214	0.774	2.2733622343171422	1.9729692971693191	(4, 1.089)	1	1	1
r9i1231p1f1	1851-08-05	9	1.001	1.138	0.917	3.3331683312646834	3.2487840806068657	(9, 1.001)	1	1	2
r9i1231p1f1	1852-07-09	10	1.07	1.277	1.711	3.550661983637087	4.00926896069108	(10, 1.07)	0	3	2
r9i1231p1f1	1857-06-28	4	1.378	1.569	1.918	2.486904652450673	2.793860857515321	(4, 1.378)	0	0	0
r9i1231p1f1	1857-08-03	9	1.085	1.303	1.675	3.4109826823969525	3.8335207772731885	(9, 1.085)	0	3	2
r9i1231p1f1	1857-08-17	5	1.133	1.294	1.169	2.615007954378356	2.644031887992001	(5, 1.133)	0	3	3
r9i1231p1f1	1857-08-29	3	1.044	1.127	0.437	1.8601628760179363	1.18500971878511	(3, 1.044)	1	1	1
r9i1231p1f1	1858-06-24	4	1.187	1.36	1.154	2.3509942322017334	2.3255200642765415	(4, 1.187)	0	3	3
r9i1231p1f1	1860-07-19	4	1.249	1.436	1.4	2.397167735479994	2.501435951739211	(4, 1.249)	0	3	3
r9i1231p1f1	1861-07-15	3	1.193	1.317	0.882	1.9739434943828855	1.7197274192609726	(3, 1.193)	0	3	3
r9i1231p1f1	1863-06-27	3	1.234	1.376	1.006	2.0031073361399168	1.8289475630806293	(3, 1.234)	0	3	3
r9i1231p1f1	1864-08-12	16	1.098	1.292	3.183	4.2665035434183425	5.321604113323226	(16, 1.098)	2	2	2
r9i1231p1f1	1865-07-31	3	1.008	1.035	0.327	1.8306149942480556	0.9929338862767116	(3, 1.008)	1	1	1
r9i1231p1f1	1866-07-16	5	1.018	1.31	0.599	2.51621036934779	2.0408337077172725	(5, 1.018)	1	1	1
r9i1231p1f1	1866-08-17	3	1.261	1.453	1.086	2.0218585354382537	1.8935669098428978	(3, 1.261)	0	3	3
r9i1231p1f1	1869-07-02	4	1.105	1.258	0.824	2.286455711064162	2.0270950613076266	(4, 1.105)	1	3	3
r9i1231p1f1	1871-06-04	8	1.312	1.67	3.309	3.4238446878218998	4.329075688802542	(8, 1.312)	2	0	0
r9i1231p1f1	1871-06-14	5	1.056	1.185	0.785	2.549948085161668	2.279988380667319	(5, 1.056)	1	1	1
r9i1231p1f1	1871-06-21	5	1.332	1.602	2.167	2.765829223852479	3.2279464237700806	(5, 1.332)	0	0	0
r9i1231p1f1	1872-08-21	3	1.288	1.515	1.169	2.0402645892270397	1.9564688071658214	(3, 1.288)	0	0	3
r9i1231p1f1	1874-06-05	8	1.091	1.195	1.542	3.2459660270800743	3.580499858140221	(8, 1.091)	0	3	2
r9i1231p1f1	1875-06-08	3	1.048	1.174	0.447	1.8633927223480167	1.2007717262228672	(3, 1.048)	1	1	1
r9i1231p1f1	1876-06-23	4	1.148	1.312	0.998	2.3208178612551054	2.195445217436142	(4, 1.148)	0	3	3
r9i1231p1f1	1876-08-18	3	0.949	0.987	0.15	1.7802178956260757	0.5762890776871962	(3, 0.949)	1	1	1
r9i1231p1f1	1876-08-23	4	0.927	0.939	0.114	2.130134655995354	0.6481498146292095	(4, 0.927)	1	1	1
r9i1231p1f1	1877-08-25	5	1.146	1.202	1.238	2.625586251497603	2.697411192400276	(5, 1.146)	1	3	3
r9i1231p1f1	1879-07-22	8	1.167	1.342	2.148	3.310769105958373	3.9040652606312634	(8, 1.167)	0	3	2
r9i1231p1f1	1880-07-18	5	0.997	1.046	0.492	2.497065667405072	1.871914051358716	(5, 0.997)	1	1	1
r9i1231p1f1	1881-08-17	8	1.051	1.133	1.221	3.2100939877608172	3.354387920013961	(8, 1.051)	1	3	2
r9i1231p1f1	1882-06-26	8	1.339	1.805	3.522	3.4435577557984622	4.390661281915226	(8, 1.339)	2	0	0
r9i1231p1f1	1882-07-29	3	1.006	1.086	0.323	1.8289475630806293	0.9852036336430643	(3, 1.006)	1	1	1
r9i1231p1f1	1882-08-14	4	1.489	1.732	2.362	2.558157111527593	2.9905187065011036	(4, 1.489)	0	0	0
r9i1231p1f1	1882-08-23	3	1.178	1.409	0.837	1.9630576515367082	1.676943199205704	(3, 1.178)	0	3	3
r9i1231p1f1	1883-07-14	5	1.247	1.561	1.74	2.704168265444365	3.0181682640453302	(5, 1.247)	0	0	0
r9i1231p1f1	1886-05-30	9	1.218	1.552	2.877	3.523001949735914	4.36537628372987	(9, 1.218)	2	0	2
r9i1231p1f1	1886-06-22	4	1.574	1.706	2.7	2.609481384369631	3.1179499062782403	(4, 1.574)	2	0	0
r9i1231p1f1	1886-07-10	8	1.015	1.287	0.93	3.176670718161576	3.093017674420157	(8, 1.015)	1	3	2
r9i1231p1f1	1888-08-02	3	0.991	1.056	0.277	1.8163524103314332	0.8917251418628664	(3, 0.991)	1	1	1
r9i1231p1f1	1890-06-16	5	1.035	1.099	0.683	2.531444420775833	2.1559594456592914	(5, 1.035)	1	1	1
r9i1231p1f1	1890-07-10	3	1.11	1.203	0.634	1.9121656080879328	1.4573026819560444	(3, 1.11)	1	1	1
r9i1231p1f1	1890-07-28	3	0.927	0.94	0.085	1.7607560064208525	0.3658042142010592	(3, 0.927)	1	1	1
r9i1231p1f1	1891-07-20	3	1.065	1.303	0.499	1.8770043651306039	1.2789541257012775	(3, 1.065)	1	1	1
r9i1231p1f1	1891-07-31	7	1.306	1.544	2.854	3.2263461914972056	3.9863290379692273	(7, 1.306)	2	0	0
r9i1231p1f1	1892-06-16	4	1.146	1.351	0.987	2.3192455338871527	2.1856017375082266	(4, 1.146)	0	3	3
r9i1231p1f1	1892-06-27	3	1.2	1.354	0.904	1.9789832829743619	1.7399962030397926	(3, 1.2)	0	3	3
r9i1231p1f1	1892-08-16	6	1.067	1.283	1.007	2.8143083137971336	2.759998359326369	(6, 1.067)	1	3	3
r9i1231p1f1	1892-08-25	11	1.328	1.519	4.72	3.9009469909685937	5.15444214112378	(11, 1.328)	2	2	4
r9i1231p1f1	1893-06-07	3	0.996	1.002	0.292	1.8205684456009843	0.9231775660711189	(3, 0.996)	1	1	1
r9i1231p1f1	1899-06-08	18	1.154	1.51	4.587	4.4900750237308005	5.861634498828399	(18, 1.154)	2	2	4
r9i1231p1f1	1899-07-23	11	1.382	1.935	5.319	3.9400141730283025	5.273268239690889	(11, 1.382)	2	2	4
r9i1231p1f1	1899-08-13	5	1.248	1.544	1.748	2.704916240680952	3.0225316469911925	(5, 1.248)	0	0	0
r9i1231p1f1	1901-06-24	5	1.226	1.372	1.637	2.688330146137854	2.9602199284798036	(5, 1.226)	0	3	3
r9i1231p1f1	1901-08-17	5	1.145	1.276	1.231	2.6247764972967196	2.692123942275254	(5, 1.145)	0	3	3
r9i1231p1f1	1907-06-17	11	1.228	1.535	3.621	3.8243052190218507	4.89113439894865	(11, 1.228)	2	2	4
r9i1231p1f1	1908-07-24	4	1.149	1.313	0.999	2.3216030988298075	2.196335293151335	(4, 1.149)	0	3	3
r9i1231p1f1	1909-08-08	3	1.039	1.103	0.422	1.8561108427283792	1.1608908587834577	(3, 1.039)	1	1	1
r9i1231p1f1	1910-06-06	3	0.977	0.991	0.236	1.8044520625451974	0.8003374085641805	(3, 0.977)	1	1	1
r9i1231p1f1	1910-06-15	9	1.334	1.707	3.919	3.611404280834525	4.671079641964912	(9, 1.334)	2	2	4
r9i1231p1f1	1910-08-05	3	0.977	1.036	0.234	1.8044520625451974	0.7956584911963684	(3, 0.977)	1	1	1
r9i1231p1f1	1915-07-21	5	0.948	0.995	0.246	2.4509156297436787	1.3218527985682815	(5, 0.948)	1	1	1
r9i1231p1f1	1918-06-26	3	1.106	1.223	0.621	1.9090897475184052	1.441447726282995	(3, 1.106)	1	1	3
r9i1231p1f1	1918-07-19	3	1.044	1.091	0.436	1.8601628760179363	1.1834197671705207	(3, 1.044)	1	1	1
r9i1231p1f1	1918-08-24	3	1.097	1.161	0.595	1.9021342734584945	1.4089631445905442	(3, 1.097)	1	1	1
r9i1231p1f1	1919-06-16	4	1.109	1.28	0.84	2.289702467163032	2.0438143640366846	(4, 1.109)	1	3	3
r9i1231p1f1	1919-07-15	4	1.01	1.154	0.445	2.206074192613202	1.5173226235262947	(4, 1.01)	1	1	1
r9i1231p1f1	1919-08-05	12	1.258	1.416	4.306	3.975825217721621	5.192940509964465	(12, 1.258)	2	2	4
r9i1231p1f1	1919-08-24	6	1.317	1.6	2.508	3.0133692215505374	3.633893076296766	(6, 1.317)	0	0	0
r9i1231p1f1	1920-06-05	6	1.065	1.156	0.998	2.8125447092668407	2.7515913484795305	(6, 1.065)	1	1	1
r9i1231p1f1	1920-06-13	3	1.192	1.322	0.879	1.9732214466709417	1.7169313880353239	(3, 1.192)	0	3	3
r9i1231p1f1	1920-08-14	4	1.137	1.367	0.953	2.3121393057988575	2.1545490141666415	(4, 1.137)	0	3	3
r9i1231p1f1	1924-08-23	7	1.012	1.213	0.79	2.9827737882605083	2.7492564258085723	(7, 1.012)	1	1	1
r9i1231p1f1	1925-07-08	7	1.246	1.454	2.429	3.18122558397792	3.8283306860938633	(7, 1.246)	0	0	0
r9i1231p1f1	1926-06-05	3	1.143	1.274	0.733	1.9371868138985564	1.5704433566808502	(3, 1.143)	1	3	3
r9i1231p1f1	1926-08-22	3	1.029	1.117	0.389	1.8479571840630418	1.1056882920799471	(3, 1.029)	1	1	1
r9i1231p1f1	1926-08-30	3	0.998	1.093	0.298	1.8222498952796893	0.9354866739845107	(3, 0.998)	1	1	1
r9i1231p1f1	1929-06-19	7	1.262	1.671	2.545	3.1934581998795735	3.873990026456886	(7, 1.262)	2	0	0
r9i1231p1f1	1929-07-24	3	1.117	1.203	0.655	1.9175257032512696	1.4823951003662912	(3, 1.117)	1	1	3
r9i1231p1f1	1929-07-31	3	1.119	1.209	0.66	1.9190518967353905	1.4882778156924215	(3, 1.119)	1	1	3
r9i1231p1f1	1929-08-08	3	1.106	1.237	0.622	1.9090897475184052	1.4426763029959913	(3, 1.106)	1	1	3
r9i1231p1f1	1931-08-09	3	1.194	1.274	0.885	1.9746650211180787	1.7225156544887952	(3, 1.194)	0	3	3
r9i1231p1f1	1936-07-11	11	1.211	1.543	3.438	3.8106713066563196	4.839673896230458	(11, 1.211)	2	2	2
r9i1231p1f1	1936-08-14	8	1.164	1.511	2.12	3.308289139035762	3.8912103986024906	(8, 1.164)	0	3	2
r9i1231p1f1	1937-08-23	3	1.098	1.154	0.597	1.9029094972892788	1.4114997681491706	(3, 1.098)	1	1	1
r9i1231p1f1	1939-07-08	10	1.161	1.499	2.624	3.6300325352896605	4.4305568341365875	(10, 1.161)	2	2	2
r9i1231p1f1	1940-06-11	7	1.237	1.461	2.367	3.174278404158264	3.803043805178001	(7, 1.237)	0	0	0
r9i1231p1f1	1941-08-08	8	1.221	1.459	2.582	3.354387920013961	4.084698028478665	(8, 1.221)	0	0	2
r9i1231p1f1	1942-08-01	3	0.996	1.055	0.291	1.8205684456009843	0.9211112365527838	(3, 0.996)	1	1	1
r9i1231p1f1	1945-06-04	3	1.103	1.146	0.611	1.9067766274057756	1.4290782211885045	(3, 1.103)	1	1	1
r9i1231p1f1	1945-06-27	3	0.99	1.024	0.272	1.8155070660787613	0.8810172570495237	(3, 0.99)	1	1	1
r9i1231p1f1	1945-07-03	9	1.444	1.823	4.907	3.688579409104934	4.894019077441739	(9, 1.444)	2	2	4
r9i1231p1f1	1947-06-12	5	1.155	1.255	1.282	2.6328446831775123	2.730020134026829	(5, 1.155)	0	3	3
r9i1231p1f1	1951-06-06	4	1.197	1.429	1.192	2.3585872831093306	2.35479796444098	(4, 1.197)	0	3	3
r9i1231p1f1	1951-06-26	3	1.158	1.252	0.779	1.9483563696870467	1.6189530470760969	(3, 1.158)	1	3	3
r9i1231p1f1	1951-07-17	8	1.105	1.495	1.646	3.2582232908632442	3.6440057306086646	(8, 1.105)	0	3	2
r9i1231p1f1	1951-07-30	3	1.201	1.375	0.906	1.9797011838168412	1.741818609882932	(3, 1.201)	0	3	3
r9i1231p1f1	1951-08-05	3	1.237	1.308	1.014	2.005208250678203	1.8356006704133423	(3, 1.237)	0	3	3
r9i1231p1f1	1951-08-15	4	1.048	1.162	0.598	2.2390061113511743	1.7550954848564635	(4, 1.048)	1	1	1
r9i1231p1f1	1952-08-20	3	1.058	1.099	0.477	1.871421991289987	1.2466197677986228	(3, 1.058)	1	1	1
r9i1231p1f1	1953-07-27	5	1.258	1.417	1.796	2.712365382531928	3.0483195262188634	(5, 1.258)	0	3	3
r9i1231p1f1	1955-07-14	4	1.212	1.325	1.252	2.369869839799642	2.399348761426354	(4, 1.212)	0	3	3
r9i1231p1f1	1956-06-16	4	1.159	1.312	1.043	2.3294217469476055	2.234734426085871	(4, 1.159)	0	3	3
r9i1231p1f1	1957-06-14	3	1.031	1.071	0.397	1.8495932430423958	1.1193532049845927	(3, 1.031)	1	1	1
r9i1231p1f1	1958-05-28	10	1.079	1.32	1.801	3.5587985574815124	4.059625791535158	(10, 1.079)	0	3	2
r9i1231p1f1	1959-08-05	3	1.004	1.023	0.316	1.827277346942111	0.9715302127344428	(3, 1.004)	1	1	1
r9i1231p1f1	1960-06-08	3	1.098	1.183	0.598	1.9029094972892788	1.4127656710796765	(3, 1.098)	1	1	1
r9i1231p1f1	1961-08-02	9	1.267	1.695	3.314	3.5613017317412075	4.505106727231111	(9, 1.267)	2	2	0
r9i1231p1f1	1963-07-03	7	1.081	1.146	1.274	3.04549340289013	3.202535452879611	(7, 1.081)	1	3	2
r9i1231p1f1	1966-06-04	6	1.108	1.194	1.258	2.8497932412572187	2.9698373030705127	(6, 1.108)	1	3	3
r9i1231p1f1	1968-07-19	3	0.917	0.926	0.054	1.7517829109102498	0.24732265126092096	(3, 0.917)	1	1	1
r9i1231p1f1	1968-08-12	7	1.148	1.412	1.746	3.1028478373206854	3.5066490688786716	(7, 1.148)	0	3	2
r9i1231p1f1	1969-06-10	4	1.083	1.174	0.735	2.268407641192459	1.9286186519452522	(4, 1.083)	1	1	1
r9i1231p1f1	1969-07-16	3	1.05	1.119	0.454	1.8650037419525174	1.2116591485246258	(3, 1.05)	1	1	1
r9i1231p1f1	1969-08-09	6	1.018	1.286	0.716	2.7701785293644865	2.444345726654094	(6, 1.018)	1	1	1
r9i1231p1f1	1970-06-27	4	1.054	1.213	0.622	2.2441081632350697	1.7877514478305163	(4, 1.054)	1	1	1
r9i1231p1f1	1970-07-15	4	0.956	0.983	0.229	2.157328080336907	1.0409831758314734	(4, 0.956)	1	1	1
r9i1231p1f1	1975-07-03	5	1.313	1.56	2.073	2.752372384235367	3.185395339846767	(5, 1.313)	0	0	0
r9i1231p1f1	1978-07-29	9	1.111	1.231	1.914	3.4338904256086735	3.964197911082255	(9, 1.111)	0	3	2
r9i1231p1f1	1980-07-06	8	1.134	1.337	1.882	3.283145217632634	3.7747084379604807	(8, 1.134)	0	3	2
r9i1231p1f1	1981-07-24	3	1.06	1.139	0.484	1.8730201376660125	1.2570218217175886	(3, 1.06)	1	1	1
r9i1231p1f1	1982-06-12	10	1.414	1.999	5.149	3.8224178554747295	5.098802915678939	(10, 1.414)	2	2	4
r9i1231p1f1	1982-07-15	4	1.182	1.38	1.132	2.3471759763219207	2.3081694712879464	(4, 1.182)	0	3	3
r9i1231p1f1	1983-08-07	4	1.106	1.239	0.83	2.2872683888821523	2.033397603178429	(4, 1.106)	1	3	3
r9i1231p1f1	1987-08-24	4	0.94	1.034	0.163	2.1424163408412245	0.8346467428336448	(4, 0.94)	1	1	1
r9i1231p1f1	1988-06-22	6	1.148	1.226	1.495	2.88324001784647	3.1342727307748186	(6, 1.148)	0	3	3
r9i1231p1f1	1989-07-10	8	1.305	1.82	3.25	3.4186698184710207	4.311323890268321	(8, 1.305)	2	0	0
r9i1231p1f1	1989-07-30	3	1.151	1.284	0.758	1.9431594319473882	1.5970988050799664	(3, 1.151)	1	3	3
r9i1231p1f1	1989-08-07	4	1.188	1.498	1.157	2.351756137000495	2.327862900178314	(4, 1.188)	0	3	3
r9i1231p1f1	1989-08-28	3	1.143	1.222	0.732	1.9371868138985564	1.5693622171593682	(3, 1.143)	1	3	3
r9i1231p1f1	1995-06-21	3	1.006	1.036	0.322	1.8289475630806293	0.9832616972608718	(3, 1.006)	1	1	1
r9i1231p1f1	2001-07-08	4	1.044	1.162	0.582	2.2355902241697674	1.7327169285942716	(4, 1.044)	1	1	1
r9i1231p1f1	2001-07-19	20	1.14	1.441	4.826	4.634386208846625	6.069930386893714	(20, 1.14)	2	2	4
r9i1231p1f1	2002-07-30	3	1.019	1.079	0.362	1.839736496341625	1.0581399472550679	(3, 1.019)	1	1	1
r9i1231p1f1	2002-08-05	5	1.124	1.201	1.129	2.607618410672532	2.611730452273528	(5, 1.124)	1	3	3
r9i1231p1f1	2002-08-17	6	1.06	1.141	0.968	2.808122042188279	2.7230462906499606	(6, 1.06)	1	1	1
r9i1231p1f1	2004-07-05	4	1.107	1.214	0.832	2.2880804067911638	2.0354896541506533	(4, 1.107)	1	3	3
r9i1231p1f1	2005-06-25	5	1.141	1.258	1.21	2.6215309075023274	2.6760923635947345	(5, 1.141)	0	3	3
r9i1231p1f1	2008-08-18	3	1.162	1.252	0.791	1.951313967121635	1.6312300429558206	(3, 1.162)	1	3	3
r9i1231p1f1	2010-06-06	6	1.16	1.328	1.568	2.8930597314878326	3.179918736167272	(6, 1.16)	0	3	3
r9i1251p1f1	1852-06-25	4	1.078	1.24	0.753	2.264259978672378	1.9493328563328156	(4, 1.078)	1	1	1
r9i1251p1f1	1852-07-24	5	1.283	1.416	1.966	2.730749027464107	3.1346481284816967	(5, 1.283)	0	0	0
r9i1251p1f1	1854-06-22	3	1.089	1.22	0.599	1.8959107523079055	1.4140299735257975	(3, 1.089)	1	1	1
r9i1251p1f1	1855-08-07	3	1.036	1.115	0.44	1.8536717181554538	1.1897644619901993	(3, 1.036)	1	1	1
r9i1251p1f1	1856-06-07	6	1.054	1.244	0.984	2.8027888923872153	2.7383716536424836	(6, 1.054)	1	3	1
r9i1251p1f1	1856-07-08	4	1.363	1.685	1.892	2.476874478090736	2.7810528006519104	(4, 1.363)	0	0	0
r9i1251p1f1	1857-07-14	3	0.982	1.059	0.276	1.8087184623074828	0.88959271796353	(3, 0.982)	1	1	1
r9i1251p1f1	1858-08-10	6	1.078	1.214	1.132	2.8239529312069283	2.869995244828098	(6, 1.078)	1	3	3
r9i1251p1f1	1859-08-29	3	1.066	1.176	0.528	1.8777993092709364	1.3200392953459477	(3, 1.066)	1	1	1
r9i1251p1f1	1860-06-24	11	1.09	1.219	2.199	3.7078565259378853	4.397233386874877	(11, 1.09)	0	3	2
r9i1251p1f1	1866-08-02	4	1.046	1.142	0.626	2.237299626295416	1.7930919144618336	(4, 1.046)	1	1	1
r9i1251p1f1	1867-06-13	3	1.047	1.115	0.472	1.8625862382302412	1.2391229198413687	(3, 1.047)	1	1	1
r9i1251p1f1	1867-07-16	6	1.165	1.31	1.651	2.8971229892972574	3.2294060031025333	(6, 1.165)	0	3	3
r9i1251p1f1	1867-08-10	5	1.462	1.699	2.864	2.8533421531852725	3.497128381984113	(5, 1.462)	2	0	0
r9i1251p1f1	1867-08-29	3	1.036	1.071	0.439	1.8536717181554538	1.1881820582135112	(3, 1.036)	1	1	1
r9i1251p1f1	1868-08-23	3	1.136	1.255	0.738	1.9319313496243482	1.575831590544333	(3, 1.136)	1	3	3
r9i1251p1f1	1871-06-04	4	1.185	1.298	1.181	2.349468678892896	2.3464105725340754	(4, 1.185)	0	3	3
r9i1251p1f1	1873-06-09	6	1.136	1.256	1.477	2.873322920357319	3.1226898981334075	(6, 1.136)	0	3	3
r9i1251p1f1	1873-06-22	5	1.19	1.437	1.501	2.660581476076026	2.8781692858116847	(5, 1.19)	0	3	3
r9i1251p1f1	1874-08-20	8	1.083	1.271	1.548	3.2388938253934696	3.5842753609869065	(8, 1.083)	0	3	2
r9i1251p1f1	1874-08-30	3	1.072	1.125	0.547	1.8825557489911475	1.3460699419795767	(3, 1.072)	1	1	1
r9i1251p1f1	1877-08-13	5	0.932	0.96	0.213	2.435372927072956	1.218293490862219	(5, 0.932)	1	1	1
r9i1251p1f1	1879-07-05	3	1.119	1.28	0.687	1.9190518967353905	1.519459968127892	(3, 1.119)	1	3	3
r9i1251p1f1	1880-08-12	3	1.002	1.041	0.336	1.8256043365139252	1.0101115172736006	(3, 1.002)	1	1	1
r9i1251p1f1	1881-07-16	4	1.075	1.267	0.741	2.2617630984737906	1.935571171260134	(4, 1.075)	1	1	3
r9i1251p1f1	1881-08-28	3	0.985	1.031	0.286	1.8112695923709663	0.9107150537881289	(3, 0.985)	1	1	1
r9i1251p1f1	1883-06-27	5	1.151	1.322	1.308	2.629625216079756	2.74880080573658	(5, 1.151)	0	3	3
r9i1251p1f1	1886-07-17	3	1.123	1.248	0.701	1.922097313628501	1.535253627775467	(3, 1.123)	1	3	3
r9i1251p1f1	1886-08-24	4	1.19	1.392	1.204	2.3532782073095637	2.363868321410944	(4, 1.19)	0	3	3
r9i1251p1f1	1887-07-13	3	0.959	1.013	0.209	1.7889405286417714	0.7352463701651437	(3, 0.959)	1	1	1
r9i1251p1f1	1887-08-17	5	1.056	1.226	0.832	2.549948085161668	2.3323422043476523	(5, 1.056)	1	1	1
r9i1251p1f1	1888-07-16	14	1.312	1.66	5.917	4.244584216525075	5.739636676841945	(14, 1.312)	2	2	4
r9i1251p1f1	1889-06-12	8	1.165	1.324	2.206	3.309116478224365	3.930178824489901	(8, 1.165)	0	3	2
r9i1251p1f1	1889-06-27	3	1.15	1.268	0.78	1.9424148026019987	1.6199819065811056	(3, 1.15)	1	3	3
r9i1251p1f1	1890-08-16	3	1.178	1.298	0.865	1.9630576515367082	1.7037788673537406	(3, 1.178)	0	3	3
r9i1251p1f1	1892-06-03	4	1.375	1.672	1.94	2.4849066497880004	2.804571768092832	(4, 1.375)	0	0	0
r9i1251p1f1	1892-07-24	4	1.358	1.622	1.872	2.473508604835631	2.771087596113514	(4, 1.358)	0	0	0
r9i1251p1f1	1892-08-14	4	1.16	1.295	1.083	2.330200260027019	2.268407641192459	(4, 1.16)	0	3	3
r9i1251p1f1	1893-07-31	4	1.076	1.168	0.744	2.2625960847776825	1.9390293879630909	(4, 1.076)	1	1	1
r9i1251p1f1	1896-06-18	4	1.059	1.162	0.677	2.24834007814165	1.8587948705642134	(4, 1.059)	1	1	1
r9i1251p1f1	1897-08-10	9	1.057	1.317	1.508	3.3857114241267077	3.7308847482589664	(9, 1.057)	0	3	2
r9i1251p1f1	1899-06-29	5	1.194	1.371	1.524	2.6637029603127123	2.892527099508227	(5, 1.194)	0	3	3
r9i1251p1f1	1902-06-09	5	1.312	1.588	2.114	2.7516590883005363	3.2041778781967816	(5, 1.312)	0	0	0
r9i1251p1f1	1904-06-07	8	1.257	1.463	2.938	3.38244475058618	4.211821642042244	(8, 1.257)	2	0	2
r9i1251p1f1	1904-06-17	5	1.055	1.234	0.826	2.5490746789668535	2.325809383939717	(5, 1.055)	1	1	1
r9i1251p1f1	1905-08-08	3	1.001	1.073	0.333	1.82476678051635	1.0044183630992942	(3, 1.001)	1	1	1
r9i1251p1f1	1905-08-14	3	1.155	1.318	0.797	1.9461324169557104	1.637312477901555	(3, 1.155)	0	3	3
r9i1251p1f1	1906-08-29	4	1.012	1.053	0.49	2.207834756448235	1.5933085305042167	(4, 1.012)	1	1	1
r9i1251p1f1	1907-08-14	3	1.163	1.318	0.82	1.9520520017200835	1.6602916576917774	(3, 1.163)	0	3	3
r9i1251p1f1	1910-07-01	3	1.167	1.431	0.832	1.9549987051934683	1.672074403801572	(3, 1.167)	0	3	3
r9i1251p1f1	1912-06-16	3	1.182	1.352	0.878	1.965972149383562	1.7159976376371986	(3, 1.182)	0	3	3
r9i1251p1f1	1914-07-13	6	0.974	1.06	0.507	2.7288208601505	2.134325931318101	(6, 0.974)	1	1	1
r9i1251p1f1	1914-08-23	3	1.067	1.236	0.532	1.878593621977004	1.3255760241460586	(3, 1.067)	1	1	1
r9i1251p1f1	1915-07-14	5	0.994	1.147	0.522	2.494300542704326	1.9222228676367863	(5, 0.994)	1	1	1
r9i1251p1f1	1916-06-08	4	1.329	1.415	1.756	2.4537599207911636	2.7112450919987294	(4, 1.329)	0	0	0
r9i1251p1f1	1916-06-14	3	0.966	0.98	0.228	1.7950014151602462	0.7814889337128141	(3, 0.966)	1	1	1
r9i1251p1f1	1917-07-18	5	1.157	1.25	1.336	2.6344505381872394	2.7686393141908745	(5, 1.157)	0	3	3
r9i1251p1f1	1920-07-26	3	1.121	1.198	0.695	1.9205757645020043	1.5285154368641591	(3, 1.121)	1	1	3
r9i1251p1f1	1921-06-04	4	0.981	1.113	0.366	2.180191444779979	1.3681303904922195	(4, 0.981)	1	1	1
r9i1251p1f1	1921-07-21	3	0.952	1.027	0.187	1.7828426836630467	0.6788862263434363	(3, 0.952)	1	1	1
r9i1251p1f1	1923-07-02	5	1.078	1.294	0.941	2.5689725151390577	2.444145402913586	(5, 1.078)	1	3	3
r9i1251p1f1	1923-08-05	3	1.316	1.486	1.28	2.0590011260458523	2.034846174051035	(3, 1.316)	0	0	3
r9i1251p1f1	1923-08-25	5	0.945	1.081	0.277	2.4480197147077707	1.4102438071028442	(5, 0.945)	1	1	1
r9i1251p1f1	1926-06-21	5	1.286	1.525	1.982	2.7329325254733114	3.142402198909383	(5, 1.286)	0	0	0
r9i1251p1f1	1926-07-05	4	1.207	1.421	1.271	2.366123113798033	2.4130525460200167	(4, 1.207)	0	3	3
r9i1251p1f1	1926-08-04	6	0.937	1.062	0.284	2.6926679203700727	1.6436326553208611	(6, 0.937)	1	1	1
r9i1251p1f1	1927-07-15	4	1.191	1.364	1.206	2.3540383745829616	2.3653720810928105	(4, 1.191)	0	3	3
r9i1251p1f1	1928-06-01	4	1.167	1.267	1.111	2.335632947040246	2.291321900715335	(4, 1.167)	0	3	3
r9i1251p1f1	1928-08-04	4	0.974	1.082	0.337	2.17384221710132	1.3072511537794378	(4, 0.974)	1	1	1
r9i1251p1f1	1930-06-24	3	1.155	1.312	0.797	1.9461324169557104	1.637312477901555	(3, 1.155)	0	3	3
r9i1251p1f1	1931-07-11	5	1.085	1.353	0.975	2.5749506221231435	2.4766082624091137	(5, 1.085)	0	3	3
r9i1251p1f1	1931-08-04	3	1.018	1.056	0.385	1.8389106984286396	1.098785167970973	(3, 1.018)	1	1	1
r9i1251p1f1	1931-08-11	7	1.356	1.605	3.263	3.2624513284740893	4.11792445346399	(7, 1.356)	2	0	0
r9i1251p1f1	1931-08-24	3	1.214	1.334	0.973	1.9889872958811943	1.8010257885243162	(3, 1.214)	0	3	3
r9i1251p1f1	1933-05-30	6	1.052	1.141	0.974	2.8010048364522198	2.7288208601505	(6, 1.052)	1	1	1
r9i1251p1f1	1934-06-20	6	1.277	1.694	2.325	2.9840639835184812	3.5602043054495462	(6, 1.277)	0	0	0
r9i1251p1f1	1934-07-26	10	1.114	1.283	2.242	3.5898260383278013	4.275252135659472	(10, 1.114)	0	3	2
r9i1251p1f1	1935-07-04	4	1.274	1.354	1.537	2.41519923736318	2.5874632381130924	(4, 1.274)	0	3	3
r9i1251p1f1	1939-06-11	10	1.067	1.158	1.778	3.547935013590745	4.04699605233097	(10, 1.067)	0	3	2
r9i1251p1f1	1939-06-27	8	1.152	1.481	2.098	3.2983073075662066	3.8809929311483424	(8, 1.152)	0	3	2
r9i1251p1f1	1939-07-22	5	1.214	1.456	1.623	2.679165878156786	2.9520777105452387	(5, 1.214)	0	3	3
r9i1251p1f1	1941-07-02	3	0.976	1.033	0.26	1.8035965939757768	0.8548406121371308	(3, 0.976)	1	1	1
r9i1251p1f1	1945-07-19	9	1.136	1.465	2.219	3.4554330098038295	4.109446616631728	(9, 1.136)	0	3	2
r9i1251p1f1	1946-08-13	7	1.174	1.358	1.991	3.124247920331631	3.6342605312729948	(7, 1.174)	0	3	2
r9i1251p1f1	1948-08-16	4	0.985	1.072	0.382	2.1838015570040787	1.400197266288882	(4, 0.985)	1	1	1
r9i1251p1f1	1951-07-22	9	1.212	1.516	2.901	3.518209750060429	4.373578549883853	(9, 1.212)	2	0	2
r9i1251p1f1	1952-06-27	3	1.211	1.474	0.964	1.9868519878999251	1.7932734784523279	(3, 1.211)	0	3	3
r9i1251p1f1	1952-07-06	3	1.131	1.252	0.723	1.9281604641562224	1.5595789996958684	(3, 1.131)	1	3	3
r9i1251p1f1	1956-06-03	21	1.109	1.378	4.617	4.679568737118043	6.098776937843288	(21, 1.109)	2	2	4
r9i1251p1f1	1956-07-05	5	1.275	1.376	1.927	2.7249029495298647	3.1154917974792937	(5, 1.275)	0	3	3
r9i1251p1f1	1956-08-17	4	0.998	1.065	0.434	2.195445217436142	1.497835735852798	(4, 0.998)	1	1	1
r9i1251p1f1	1957-07-24	3	1.484	1.845	1.783	2.1645969489671297	2.3287146989255767	(3, 1.484)	0	0	0
r9i1251p1f1	1961-07-08	4	1.064	1.11	0.699	2.2525541593884806	1.8858567926071705	(4, 1.064)	1	1	1
r9i1251p1f1	1962-06-19	5	1.137	1.332	1.239	2.618274749545595	2.698164236965281	(5, 1.137)	0	3	3
r9i1251p1f1	1962-06-28	6	1.115	1.269	1.354	2.85572776856802	3.039732635885482	(6, 1.115)	0	3	3
r9i1251p1f1	1962-07-12	6	1.049	1.203	0.954	2.798322770462232	2.7094411857470853	(6, 1.049)	1	1	1
r9i1251p1f1	1962-07-23	3	1.029	1.097	0.418	1.8479571840630418	1.1543596911246021	(3, 1.029)	1	1	1
r9i1251p1f1	1962-08-05	9	1.071	1.153	1.631	3.3984268806994877	3.8074843741530238	(9, 1.071)	1	3	2
r9i1251p1f1	1962-08-19	4	1.128	1.355	0.955	2.304982217593767	2.1564025828159643	(4, 1.128)	0	3	3
r9i1251p1f1	1968-06-20	3	1.129	1.166	0.72	1.926648119458506	1.556296541794345	(3, 1.129)	1	1	1
r9i1251p1f1	1968-08-09	3	1.037	1.087	0.444	1.8544854208953232	1.196069155321417	(3, 1.037)	1	1	1
r9i1251p1f1	1969-07-22	12	1.122	1.445	2.786	3.8636866853264227	4.760564479612358	(12, 1.122)	2	2	2
r9i1251p1f1	1970-05-31	7	1.442	1.775	3.865	3.3216567105597172	4.28470044775385	(7, 1.442)	2	0	0
r9i1251p1f1	1971-06-14	11	1.094	1.244	2.248	3.7114298402904544	4.419003218862754	(11, 1.094)	0	3	2
r9i1251p1f1	1971-07-20	4	1.121	1.291	0.927	2.2993799620450974	2.130134655995354	(4, 1.121)	1	3	3
r9i1251p1f1	1971-08-19	8	1.025	1.136	1.085	3.186067568689292	3.2406665703430306	(8, 1.025)	1	1	2
r9i1251p1f1	1974-06-02	3	0.972	1.065	0.248	1.800167382597555	0.8279602892989928	(3, 0.972)	1	1	1
r9i1251p1f1	1974-08-09	8	1.158	1.364	2.145	3.3033106778692147	3.9026958314773994	(8, 1.158)	0	3	2
r9i1251p1f1	1978-07-13	7	1.12	1.41	1.614	3.0792776219093465	3.4304874847784474	(7, 1.12)	0	3	2
r9i1251p1f1	1979-07-20	6	1.297	1.562	2.443	2.99882394831543	3.6083367640665114	(6, 1.297)	0	0	0
r9i1251p1f1	1980-07-15	4	1.023	1.079	0.533	2.2174628395772107	1.6608911940230162	(4, 1.023)	1	1	1
r9i1251p1f1	1983-07-01	3	1.054	1.256	0.494	1.8682180158529837	1.2716966740794537	(3, 1.054)	1	1	1
r9i1251p1f1	1983-07-15	3	0.99	1.052	0.302	1.8155070660787613	0.943609369210124	(3, 0.99)	1	1	1
r9i1251p1f1	1984-08-04	8	0.99	1.066	0.805	3.1527848599740644	2.955694902561458	(8, 0.99)	1	1	1
r9i1251p1f1	1985-07-02	3	1.054	1.085	0.492	1.8682180158529837	1.2687788811593197	(3, 1.054)	1	1	1
r9i1251p1f1	1985-07-29	3	1.308	1.391	1.256	2.0536835559213014	2.0184125141151683	(3, 1.308)	0	3	3
r9i1251p1f1	1985-08-05	8	1.041	1.146	1.215	3.200921245550296	3.349634284303266	(8, 1.041)	1	3	2
r9i1251p1f1	1990-07-12	12	1.343	1.722	5.447	4.040019688282264	5.426831673245129	(12, 1.343)	2	2	4
r9i1251p1f1	1991-06-06	3	1.108	1.146	0.657	1.9106288604174835	1.4847523408808556	(3, 1.108)	1	1	1
r9i1251p1f1	1991-07-01	4	0.981	1.047	0.364	2.180191444779979	1.3640487521725708	(4, 0.981)	1	1	1
r9i1251p1f1	1991-07-17	9	1.152	1.375	2.364	3.4689806329646156	4.1717376087958735	(9, 1.152)	0	3	2
r9i1251p1f1	1991-08-10	7	1.061	1.362	1.202	3.027715076660122	3.1467932507892873	(7, 1.061)	0	3	2
r9i1251p1f1	1993-06-22	4	1.364	1.579	1.898	2.477546295381708	2.7840230998654443	(4, 1.364)	0	0	0
r9i1251p1f1	1995-08-11	3	1.128	1.235	0.715	1.925891088549062	1.550801721103776	(3, 1.128)	1	3	3
r9i1251p1f1	2001-07-24	3	1.032	1.131	0.427	1.8504102698672793	1.1689952864358697	(3, 1.032)	1	1	1
r9i1251p1f1	2002-08-07	5	1.126	1.314	1.184	2.6092652569342474	2.6558809039642464	(5, 1.126)	0	3	3
r9i1251p1f1	2002-08-23	7	1.099	1.236	1.465	3.061228063052402	3.3369141059899734	(7, 1.099)	0	3	2
r9i1251p1f1	2005-07-07	3	0.956	0.987	0.199	1.786331718287074	0.7100211765982832	(3, 0.956)	1	1	1
r9i1251p1f1	2006-06-12	5	0.982	1.215	0.462	2.483162944544249	1.8189395591424056	(5, 0.982)	1	1	1
r9i1251p1f1	2006-07-16	3	1.019	1.135	0.389	1.839736496341625	1.1056882920799471	(3, 1.019)	1	1	1
r9i1251p1f1	2007-07-29	8	1.047	1.176	1.256	3.20643498137517	3.3816759303136044	(8, 1.047)	1	3	2
r9i1251p1f1	2008-06-22	3	1.007	1.099	0.353	1.8297816262051394	1.041774460569922	(3, 1.007)	1	1	1
r9i1251p1f1	2008-08-18	4	0.999	1.046	0.438	2.196335293151335	1.5049658908373893	(4, 0.999)	1	1	1
r9i1251p1f1	2009-05-31	3	0.926	0.942	0.108	1.759862311451134	0.44544480345152665	(3, 0.926)	1	1	1
r9i1251p1f1	2010-08-08	3	1.066	1.21	0.528	1.8777993092709364	1.3200392953459477	(3, 1.066)	1	1	1
r9i1281p1f1	1852-06-11	5	1.231	1.578	1.645	2.692123942275254	2.964843031088409	(5, 1.231)	0	0	0
r9i1281p1f1	1855-08-15	5	1.065	1.106	0.813	2.5577746019013627	2.3115068087205146	(5, 1.065)	1	1	1
r9i1281p1f1	1855-08-29	4	1.145	1.28	0.972	2.318458442150336	2.172020722972929	(4, 1.145)	0	3	3
r9i1281p1f1	1856-06-08	7	1.205	1.364	2.118	3.1491789474341987	3.694511288964822	(7, 1.205)	0	3	2
r9i1281p1f1	1856-06-30	11	1.225	1.54	3.55	3.8219127019045245	4.871482018265262	(11, 1.225)	2	2	4
r9i1281p1f1	1858-06-28	9	1.293	1.461	3.517	3.5810436552465283	4.563921016908441	(9, 1.293)	2	2	0
r9i1281p1f1	1861-06-05	6	1.022	1.215	0.721	2.7738548642652177	2.4507026926751645	(6, 1.022)	1	1	1
r9i1281p1f1	1862-05-31	3	0.931	0.953	0.087	1.7643228207421962	0.3729868608302447	(3, 0.931)	1	1	1
r9i1281p1f1	1862-07-02	4	1.094	1.212	0.766	2.2774723921789706	1.9640306901685083	(4, 1.094)	1	1	1
r9i1281p1f1	1862-08-15	7	1.09	1.26	1.317	3.053391680093326	3.234401922271251	(7, 1.09)	0	3	2
r9i1281p1f1	1863-08-12	5	1.569	1.838	3.333	2.9200359096845747	3.64451141012472	(5, 1.569)	2	0	0
r9i1281p1f1	1864-08-07	3	0.983	1.037	0.242	1.8095695623406716	0.8142442238419348	(3, 0.983)	1	1	1
r9i1281p1f1	1865-07-02	5	1.005	1.121	0.516	2.5044021700408257	1.912361547196274	(5, 1.005)	1	1	1
r9i1281p1f1	1866-06-09	3	1.094	1.198	0.576	1.8998049895985742	1.3845387698406983	(3, 1.094)	1	1	1
r9i1281p1f1	1866-07-21	3	1.186	1.268	0.852	1.968878177611425	1.6914089499878149	(3, 1.186)	0	3	3
r9i1281p1f1	1867-06-19	4	1.108	1.256	0.822	2.288891765862043	2.024985355883777	(4, 1.108)	1	3	3
r9i1281p1f1	1867-07-07	5	1.009	1.066	0.537	2.5080503354822934	1.9464589298171644	(5, 1.009)	1	1	1
r9i1281p1f1	1869-07-15	4	1.101	1.168	0.794	2.2831983791938555	1.994972385053386	(4, 1.101)	1	1	1
r9i1281p1f1	1870-06-07	4	1.099	1.152	0.789	2.2815657257699704	1.989516834151849	(4, 1.099)	1	1	1
r9i1281p1f1	1870-08-05	3	1.126	1.267	0.671	1.9243753052704822	1.5010992499708764	(3, 1.126)	1	3	3
r9i1281p1f1	1870-08-27	8	1.107	1.323	1.641	3.259962128139107	3.6410431063757374	(8, 1.107)	0	3	2
r9i1281p1f1	1872-06-24	4	1.265	1.428	1.453	2.4087452888224363	2.5355997641035186	(4, 1.265)	0	3	3
r9i1281p1f1	1874-08-03	3	0.992	1.099	0.27	1.8171970405807354	0.8767017910517952	(3, 0.992)	1	1	1
r9i1281p1f1	1876-06-04	5	0.973	1.145	0.355	2.4747275775790096	1.603222770402268	(5, 0.973)	1	1	1
r9i1281p1f1	1876-07-13	7	1.068	1.372	1.164	3.033973507246866	3.1160712259618326	(7, 1.068)	0	3	2
r9i1281p1f1	1877-08-06	4	1.095	1.17	0.772	2.278292400425001	1.970742124756495	(4, 1.095)	1	1	1
r9i1281p1f1	1879-07-08	7	1.139	1.548	1.657	3.0953321124697535	3.455940252220716	(7, 1.139)	0	3	2
r9i1281p1f1	1879-08-20	3	1.01	1.137	0.323	1.8322796497164289	0.9852036336430643	(3, 1.01)	1	1	1
r9i1281p1f1	1880-07-09	3	1.425	1.653	1.569	2.1287693234923526	2.2140558174401415	(3, 1.425)	0	0	0
r9i1281p1f1	1880-08-03	14	1.044	1.229	1.984	4.019765839681814	4.6532770269838215	(14, 1.044)	2	2	2
r9i1281p1f1	1881-07-06	4	1.097	1.169	0.782	2.2799304024292395	1.9818287128128356	(4, 1.097)	1	1	1
r9i1281p1f1	1885-06-22	9	1.23	1.369	2.955	3.5325179989895132	4.391791304728794	(9, 1.23)	2	0	2
r9i1281p1f1	1886-07-09	5	1.4	1.663	2.489	2.812558904620976	3.3613424880984564	(5, 1.4)	0	0	0
r9i1281p1f1	1887-06-04	3	1.067	1.168	0.495	1.878593621977004	1.2731523841689367	(3, 1.067)	1	1	1
r9i1281p1f1	1887-06-17	10	1.439	1.872	5.368	3.8395636081163573	5.140206734436367	(10, 1.439)	2	2	4
r9i1281p1f1	1887-06-30	4	1.138	1.213	0.942	2.31293138504819	2.144292513999452	(4, 1.138)	1	3	3
r9i1281p1f1	1887-08-01	7	1.24	1.481	2.367	3.1765994974867566	3.803043805178001	(7, 1.24)	0	0	0
r9i1281p1f1	1887-08-18	8	1.113	1.257	1.688	3.265160571908775	3.66855122597443	(8, 1.113)	0	3	2
r9i1281p1f1	1887-08-30	3	0.973	1.043	0.214	1.8010257885243162	0.7476242949774393	(3, 0.973)	1	1	1
r9i1281p1f1	1889-07-18	3	1.215	1.39	0.939	1.9896980531777022	1.7714185082929799	(3, 1.215)	0	3	3
r9i1281p1f1	1890-06-04	6	1.305	1.664	2.421	3.0046674698270235	3.599536852940666	(6, 1.305)	0	0	0
r9i1281p1f1	1890-07-18	6	1.157	1.281	1.531	2.890613828283699	3.157043517123863	(6, 1.157)	0	3	3
r9i1281p1f1	1893-06-17	5	1.153	1.302	1.255	2.631236245249124	2.7101364606027474	(5, 1.153)	0	3	3
r9i1281p1f1	1893-08-09	5	0.958	1.002	0.278	2.4605085565333504	1.4129690297788955	(5, 0.958)	1	1	1
r9i1281p1f1	1894-06-13	6	0.931	1.008	0.173	2.6866801258177277	1.2648525520916196	(6, 0.931)	1	1	1
r9i1281p1f1	1895-06-06	4	1.125	1.268	0.893	2.302585092994046	2.097281459808167	(4, 1.125)	1	3	3
r9i1281p1f1	1896-06-27	3	1.084	1.21	0.547	1.8920012906264554	1.3460699419795767	(3, 1.084)	1	1	1
r9i1281p1f1	1896-07-12	3	1.1	1.168	0.593	1.9044581443609874	1.4064200702060552	(3, 1.1)	1	1	1
r9i1281p1f1	1896-07-31	4	1.132	1.183	0.918	2.3081694712879464	2.121542717698471	(4, 1.132)	1	3	3
r9i1281p1f1	1900-05-31	5	1.057	1.215	0.776	2.5508207291837395	2.2696427796572163	(5, 1.057)	1	1	1
r9i1281p1f1	1901-06-07	4	1.128	1.207	0.906	2.304982217593767	2.1099707467146587	(4, 1.128)	1	3	3
r9i1281p1f1	1901-08-02	4	0.995	1.077	0.373	2.192770226986839	1.3822863397223517	(4, 0.995)	1	1	1
r9i1281p1f1	1904-08-18	4	1.153	1.314	1.003	2.324737897635179	2.199887694755703	(4, 1.153)	0	3	3
r9i1281p1f1	1906-06-27	3	1.063	1.156	0.484	1.8754125785259108	1.2570218217175886	(3, 1.063)	1	1	1
r9i1281p1f1	1906-07-02	4	1.05	1.146	0.594	2.2407096892759584	1.7495476204187455	(4, 1.05)	1	1	1
r9i1281p1f1	1906-07-24	7	1.116	1.481	1.501	3.075864634533315	3.360337505360355	(7, 1.116)	0	3	2
r9i1281p1f1	1911-07-13	6	1.102	1.355	1.198	2.844678321038225	2.92353421403142	(6, 1.102)	0	3	3
r9i1281p1f1	1911-08-17	6	1.042	1.179	0.84	2.7920364993218416	2.591173877030652	(6, 1.042)	1	1	1
r9i1281p1f1	1912-06-10	4	1.092	1.209	0.76	2.275830355685226	1.9572739077056285	(4, 1.092)	1	1	1
r9i1281p1f1	1912-07-29	3	0.906	0.924	0.013	1.741818609882932	0.06536628609734432	(3, 0.906)	1	1	1
r9i1281p1f1	1913-06-07	5	1.54	1.939	3.19	2.9023949348893647	3.6018303738986845	(5, 1.54)	2	0	0
r9i1281p1f1	1914-07-29	3	1.189	1.349	0.86	1.9710521701375956	1.6990392977679638	(3, 1.189)	0	3	3
r9i1281p1f1	1915-08-06	11	1.09	1.261	2.065	3.7078565259378853	4.335159479319339	(11, 1.09)	0	3	2
r9i1281p1f1	1915-08-19	5	1.017	1.094	0.577	2.5153069801743895	2.008355782758758	(5, 1.017)	1	1	1
r9i1281p1f1	1918-06-08	4	1.246	1.272	1.375	2.394981942260013	2.4849066497880004	(4, 1.246)	0	3	3
r9i1281p1f1	1918-06-16	3	0.959	1.032	0.172	1.7889405286417714	0.6385527680544896	(3, 0.959)	1	1	1
r9i1281p1f1	1919-06-28	4	1.219	1.283	1.27	2.375091783780794	2.412335956953165	(4, 1.219)	0	3	3
r9i1281p1f1	1919-07-05	14	1.312	1.72	5.742	4.244584216525075	5.709712702736691	(14, 1.312)	2	2	4
r9i1281p1f1	1921-07-05	4	1.053	1.13	0.605	2.243259626909231	1.7647307968401358	(4, 1.053)	1	1	1
r9i1281p1f1	1921-08-10	5	1.319	1.463	2.083	2.7566415081428493	3.1900090801088297	(5, 1.319)	0	0	0
r9i1281p1f1	1922-08-30	3	0.998	1.042	0.288	1.8222498952796893	0.9148865055054374	(3, 0.998)	1	1	1
r9i1281p1f1	1924-06-03	3	1.094	1.196	0.577	1.8998049895985742	1.3858392445454837	(3, 1.094)	1	1	1
r9i1281p1f1	1926-06-10	5	1.304	1.517	2.008	2.745934329969324	3.154875718507553	(5, 1.304)	0	0	0
r9i1281p1f1	1926-07-31	3	1.438	1.504	1.609	2.136774538372966	2.236510378983909	(3, 1.438)	0	0	0
r9i1281p1f1	1927-06-29	9	1.237	1.659	3.017	3.538027494189377	4.412301200113297	(9, 1.237)	2	2	0
r9i1281p1f1	1927-08-12	6	1.083	1.197	1.088	2.828306285797379	2.8326407708079397	(6, 1.083)	1	3	3
r9i1281p1f1	1928-06-06	3	1.076	1.244	0.523	1.8857141863884672	1.3130749947901585	(3, 1.076)	1	1	1
r9i1281p1f1	1928-07-21	5	1.105	1.262	1.014	2.591836601413134	2.512591905636091	(5, 1.105)	1	3	3
r9i1281p1f1	1932-07-20	8	1.367	1.828	3.717	3.463598590255657	4.443898818918856	(8, 1.367)	2	0	0
r9i1281p1f1	1933-06-02	6	1.067	1.416	0.989	2.8143083137971336	2.7431130601473512	(6, 1.067)	0	3	3
r9i1281p1f1	1933-06-13	5	1.162	1.354	1.3	2.638453929697122	2.743059613892437	(5, 1.162)	0	3	3
r9i1281p1f1	1933-06-24	4	0.967	1.004	0.261	2.167452419002549	1.1275236321625297	(4, 0.967)	1	1	1
r9i1281p1f1	1933-07-22	3	1.142	1.322	0.72	1.9364377221875966	1.556296541794345	(3, 1.142)	1	3	3
r9i1281p1f1	1934-07-06	3	1.098	1.121	0.589	1.9029094972892788	1.4013144371330686	(3, 1.098)	1	1	1
r9i1281p1f1	1935-07-05	4	1.203	1.474	1.205	2.3631155927340783	2.3646204839134985	(4, 1.203)	0	3	3
r9i1281p1f1	1938-05-29	9	1.073	1.325	1.539	3.4002302474719492	3.750750357821899	(9, 1.073)	0	3	2
r9i1281p1f1	1939-06-25	11	1.141	1.461	2.624	3.7524868640211104	4.571934529267058	(11, 1.141)	2	2	2
r9i1281p1f1	1939-07-13	3	0.981	1.061	0.236	1.8078666372859462	0.8003374085641805	(3, 0.981)	1	1	1
r9i1281p1f1	1939-08-04	6	1.294	1.521	2.355	2.9966237941797833	3.5726627242528672	(6, 1.294)	0	0	0
r9i1281p1f1	1941-07-23	15	1.127	1.46	3.373	4.196792592724145	5.28296812941997	(15, 1.127)	2	2	2
r9i1281p1f1	1942-07-01	3	1.146	1.212	0.731	1.9394307280744352	1.568279907510036	(3, 1.146)	1	3	3
r9i1281p1f1	1942-08-20	7	1.08	1.125	1.245	3.044611953319083	3.1804560541934412	(7, 1.08)	1	3	2
r9i1281p1f1	1943-06-09	7	1.016	1.197	0.801	2.986519128789091	2.7622054775148337	(7, 1.016)	1	1	1
r9i1281p1f1	1944-08-16	4	1.232	1.406	1.318	2.384717922532568	2.4461658214715696	(4, 1.232)	0	3	3
r9i1281p1f1	1945-07-22	3	1.005	1.082	0.308	1.8281128037140733	0.9556710269834212	(3, 1.005)	1	1	1
r9i1281p1f1	1949-05-31	3	1.048	1.164	0.437	1.8633927223480167	1.18500971878511	(3, 1.048)	1	1	1
r9i1281p1f1	1949-07-20	4	1.331	1.479	1.715	2.4551344914543303	2.6892071133007303	(4, 1.331)	0	0	0
r9i1281p1f1	1949-08-17	4	1.066	1.164	0.658	2.2542348320529992	1.834818958688502	(4, 1.066)	1	1	1
r9i1281p1f1	1949-08-30	3	1.045	1.264	0.43	1.8609713161181207	1.1738266020037689	(3, 1.045)	1	1	1
r9i1281p1f1	1951-06-03	6	1.568	1.756	3.998	3.179918736167272	4.0903090965035735	(6, 1.568)	2	0	0
r9i1281p1f1	1952-07-27	3	1.115	1.158	0.639	1.9159971769397985	1.463334426473694	(3, 1.115)	1	1	1
r9i1281p1f1	1953-06-07	6	1.038	1.134	0.818	2.788426521923992	2.5666475806316336	(6, 1.038)	1	1	1
r9i1281p1f1	1953-06-17	4	1.028	1.116	0.502	2.221808782966758	1.6126328033306196	(4, 1.028)	1	1	1
r9i1281p1f1	1954-06-22	6	1.268	1.468	2.196	2.9773502528361053	3.5047906421714425	(6, 1.268)	0	0	0
r9i1281p1f1	1955-07-25	4	1.245	1.503	1.372	2.3942522815198695	2.4829046471173273	(4, 1.245)	0	3	3
r9i1281p1f1	1958-08-07	4	1.022	1.131	0.481	2.2165913798270696	1.5785662487670133	(4, 1.022)	1	1	1
r9i1281p1f1	1959-06-20	3	1.11	1.226	0.624	1.9121656080879328	1.4451289374708147	(3, 1.11)	1	1	3
r9i1281p1f1	1960-07-21	7	1.389	1.707	3.409	3.285585986192915	4.160999023427709	(7, 1.389)	2	0	0
r9i1281p1f1	1961-06-29	11	1.117	1.249	2.36	3.731732236366537	4.46705205672426	(11, 1.117)	0	3	2
r9i1281p1f1	1961-07-17	5	1.322	1.724	2.099	2.7587692549592173	3.197347072368209	(5, 1.322)	0	0	0
r9i1281p1f1	1961-08-06	6	0.935	0.983	0.197	2.6906759699408616	1.3597698961792928	(6, 0.935)	1	1	1
r9i1281p1f1	1961-08-17	4	0.98	1.047	0.314	2.179286876649552	1.2561856757728702	(4, 0.98)	1	1	1
r9i1281p1f1	1966-08-15	6	0.974	1.084	0.431	2.7288208601505	1.9925729465196635	(6, 0.974)	1	1	1
r9i1281p1f1	1968-07-12	3	1.004	1.073	0.305	1.827277346942111	0.9496583834350669	(3, 1.004)	1	1	1
r9i1281p1f1	1968-07-20	4	1.257	1.482	1.419	2.402973267025314	2.5138179932824203	(4, 1.257)	0	3	3
r9i1281p1f1	1968-07-29	3	1.162	1.298	0.779	1.951313967121635	1.6189530470760969	(3, 1.162)	0	3	3
r9i1281p1f1	1969-06-07	4	1.499	1.831	2.387	2.5643337834193223	3.000520790285788	(4, 1.499)	2	0	0
r9i1281p1f1	1969-07-28	3	1.026	1.105	0.372	1.8454980658277378	1.0760151186962577	(3, 1.026)	1	1	1
r9i1281p1f1	1970-06-10	6	1.124	1.333	1.333	2.863306488110815	3.024855008051226	(6, 1.124)	0	3	3
r9i1281p1f1	1970-08-18	4	1.022	1.14	0.479	2.2165913798270696	1.5752604606325138	(4, 1.022)	1	1	1
r9i1281p1f1	1973-08-17	3	0.891	0.923	-0.033	1.728068910003648	-0.188105889777904	(3, 0.891)	1	1	1
r9i1281p1f1	1974-06-13	4	1.208	1.445	1.223	2.3668735828764076	2.3780635541699513	(4, 1.208)	0	3	3
r9i1281p1f1	1975-06-06	4	1.157	1.369	1.021	2.327862900178314	2.215719159972384	(4, 1.157)	0	3	3
r9i1281p1f1	1975-07-12	3	1.013	1.069	0.332	1.8347714486521625	1.0025134195209144	(3, 1.013)	1	1	1
r9i1281p1f1	1976-07-04	3	1.129	1.233	0.681	1.926648119458506	1.5126141437016694	(3, 1.129)	1	3	3
r9i1281p1f1	1977-06-21	12	1.233	1.737	3.977	3.956132661614847	5.1139183662468435	(12, 1.233)	2	2	4
r9i1281p1f1	1977-07-15	8	1.191	1.358	2.314	3.330390496009569	3.9770584580742034	(8, 1.191)	0	3	2
r9i1281p1f1	1977-08-13	7	1.213	1.543	2.176	3.155513119164623	3.7208645331401224	(7, 1.213)	0	0	0
r9i1281p1f1	1981-06-24	4	1.164	1.335	1.05	2.3333082656368864	2.2407096892759584	(4, 1.164)	0	3	3
r9i1281p1f1	1981-07-31	7	1.371	1.52	3.284	3.2730334756941564	4.124235528364778	(7, 1.371)	2	0	0
r9i1281p1f1	1985-07-25	3	0.981	1.116	0.238	1.8078666372859462	0.8049945355799463	(3, 0.981)	1	1	1
r9i1281p1f1	1986-06-27	4	0.994	1.082	0.368	2.191876971009624	1.372195436740389	(4, 0.994)	1	1	1
r9i1281p1f1	1986-07-15	12	1.28	1.542	4.541	3.9928395823602125	5.2457908131253275	(12, 1.28)	2	2	4
r9i1281p1f1	1986-07-31	5	1.175	1.363	1.367	2.6487883555042697	2.790153837523084	(5, 1.175)	0	3	3
r9i1281p1f1	1986-08-09	8	1.036	1.112	1.073	3.1963031280734184	3.229982652614875	(8, 1.036)	1	1	2
r9i1281p1f1	1987-06-13	3	1.139	1.23	0.712	1.9341870743280345	1.547490277376993	(3, 1.139)	1	3	3
r9i1281p1f1	1987-08-08	4	0.965	0.991	0.252	2.1656192379208883	1.1039314501457096	(4, 0.965)	1	1	1
r9i1281p1f1	1988-06-18	3	1.087	1.244	0.554	1.8943488012231606	1.3554919097284417	(3, 1.087)	1	1	1
r9i1281p1f1	1990-08-11	4	1.103	1.242	0.804	2.2848283714047866	2.0057950015115376	(4, 1.103)	1	3	3
r9i1281p1f1	1993-06-10	3	1.052	1.171	0.451	1.866612170346783	1.2070076174108926	(3, 1.052)	1	1	1
r9i1281p1f1	1995-06-18	6	1.325	1.632	2.54	3.01912860512168	3.646238715013726	(6, 1.325)	0	0	0
r9i1281p1f1	1996-08-24	4	0.984	1.04	0.327	2.182900250048066	1.28536844252993	(4, 0.984)	1	1	1
r9i1281p1f1	1997-07-19	5	1.079	1.172	0.886	2.569828721564884	2.3892930284796647	(5, 1.079)	1	1	1
r9i1281p1f1	1997-08-20	4	1.179	1.304	1.109	2.344878005184297	2.289702467163032	(4, 1.179)	0	3	3
r9i1281p1f1	1998-06-16	8	1.347	1.633	3.557	3.4493248086909447	4.400427817927733	(8, 1.347)	2	0	0
r9i1281p1f1	1998-07-28	3	1.074	1.139	0.515	1.8841362146551381	1.3018302364976233	(3, 1.074)	1	1	1
r9i1281p1f1	1999-07-04	3	1.089	1.15	0.56	1.8959107523079055	1.3634978225030308	(3, 1.089)	1	1	1
r9i1281p1f1	2001-06-20	3	1.308	1.534	1.218	2.0536835559213014	1.991827299029127	(3, 1.308)	0	0	0
r9i1281p1f1	2001-08-01	3	1.126	1.316	0.671	1.9243753052704822	1.5010992499708764	(3, 1.126)	1	3	3
r9i1281p1f1	2002-07-03	3	1.055	1.113	0.459	1.8690199726127856	1.2193639394076574	(3, 1.055)	1	1	1
r9i1281p1f1	2003-08-06	6	1.022	1.085	0.718	2.7738548642652177	2.4468933644325	(6, 1.022)	1	1	1
r9i1281p1f1	2006-06-11	3	1.182	1.279	0.839	1.965972149383562	1.6788840992529575	(3, 1.182)	0	3	3
r9i1281p1f1	2006-07-10	5	1.041	1.132	0.694	2.536766211461138	2.1700995397944	(5, 1.041)	1	1	1
r9i1281p1f1	2006-07-22	3	1.293	1.422	1.174	2.043636250061301	1.960134634557113	(3, 1.293)	0	3	3
r9i1281p1f1	2007-06-27	3	1.021	1.11	0.357	1.841386049152454	1.0490810952214835	(3, 1.021)	1	1	1
r9i1281p1f1	2009-06-12	3	1.03	1.17	0.384	1.8487755481388044	1.0970519153584024	(3, 1.03)	1	1	1
r9i1281p1f1	2010-07-25	5	1.17	1.256	1.341	2.6448262053484672	2.7721408587849203	(5, 1.17)	0	3	3
r9i1301p1f1	1852-08-25	3	0.952	0.974	0.157	1.7828426836630467	0.5965239007177077	(3, 0.952)	1	1	1
r9i1301p1f1	1854-08-16	7	1.054	1.402	1.079	3.0214172313159864	3.043729726109189	(7, 1.054)	0	3	2
r9i1301p1f1	1857-05-30	10	1.732	2.084	8.321	4.021247728743568	5.576453234015428	(10, 1.732)	2	2	4
r9i1301p1f1	1857-08-03	3	1.068	1.144	0.506	1.879387304251124	1.2890268766635846	(3, 1.068)	1	1	1
r9i1301p1f1	1861-08-01	4	1.057	1.192	0.63	2.2466494606637424	1.7984040119467237	(4, 1.057)	1	1	1
r9i1301p1f1	1862-06-05	6	1.223	1.43	1.942	2.943088369216089	3.3857945136334653	(6, 1.223)	0	3	3
r9i1301p1f1	1862-07-09	4	1.449	1.696	2.2	2.5330616916750475	2.9231615807191558	(4, 1.449)	0	0	0
r9i1301p1f1	1865-07-13	7	1.243	1.544	2.404	3.178915215814481	3.818211169922242	(7, 1.243)	0	0	0
r9i1301p1f1	1865-08-06	4	1.143	1.261	0.975	2.31688239769487	2.174751721484161	(4, 1.143)	1	3	3
r9i1301p1f1	1867-06-14	5	1.07	1.213	0.851	2.562096343764399	2.3527523318237953	(5, 1.07)	1	1	1
r9i1301p1f1	1867-07-14	6	1.034	1.218	0.808	2.784803465359578	2.555297254114354	(6, 1.034)	1	1	1
r9i1301p1f1	1867-08-05	3	1.196	1.331	0.89	1.9761065146616097	1.727145506348632	(3, 1.196)	0	3	3
r9i1301p1f1	1868-08-17	3	0.943	0.975	0.129	1.7749475601565292	0.5130054437486867	(3, 0.943)	1	1	1
r9i1301p1f1	1872-06-10	3	1.247	1.449	1.042	2.0121795915224925	1.8585440324455398	(3, 1.247)	0	3	3
r9i1301p1f1	1872-07-21	5	1.248	1.534	1.74	2.704916240680952	3.0181682640453302	(5, 1.248)	0	0	0
r9i1301p1f1	1876-06-03	5	1.086	1.17	0.933	2.575801727495439	2.436351455576661	(5, 1.086)	1	1	1
r9i1301p1f1	1876-06-11	4	1.367	1.644	1.871	2.479559043461405	2.770586719569108	(4, 1.367)	0	0	0
r9i1301p1f1	1876-07-15	3	1.543	1.798	1.932	2.1991852304697743	2.4014314205852973	(3, 1.543)	0	0	0
r9i1301p1f1	1877-08-12	3	0.993	1.128	0.28	1.8180409580317884	0.8980952651732401	(3, 0.993)	1	1	1
r9i1301p1f1	1878-06-23	4	1.272	1.456	1.489	2.413768621954661	2.558157111527593	(4, 1.272)	0	3	3
r9i1301p1f1	1878-06-29	3	1.086	1.193	0.561	1.8935669098428978	1.3648259319761944	(3, 1.086)	1	1	1
r9i1301p1f1	1878-07-04	5	1.135	1.292	1.18	2.6166426859552154	2.65273486896079	(5, 1.135)	0	3	3
r9i1301p1f1	1880-08-06	5	1.139	1.233	1.195	2.6199041538439554	2.6644818112970086	(5, 1.139)	0	3	3
r9i1301p1f1	1881-06-17	3	1.191	1.38	0.873	1.972498877229363	1.7113157623497717	(3, 1.191)	0	3	3
r9i1301p1f1	1881-06-30	5	1.259	1.469	1.797	2.7131072538530865	3.048849765029036	(5, 1.259)	0	0	0
r9i1301p1f1	1882-07-19	5	1.185	1.303	1.429	2.656665868654067	2.8318421514150005	(5, 1.185)	0	3	3
r9i1301p1f1	1883-08-16	4	1.154	1.247	1.018	2.3255200642765415	2.2130979264925097	(4, 1.154)	1	3	3
r9i1301p1f1	1886-06-09	4	1.24	1.451	1.36	2.3905959703167587	2.474856313934499	(4, 1.24)	0	3	3
r9i1301p1f1	1887-07-12	5	1.41	1.535	2.552	2.819250387128433	3.385482121048669	(5, 1.41)	0	0	0
r9i1301p1f1	1888-06-25	5	1.117	1.26	1.086	2.601832996690327	2.575801727495439	(5, 1.117)	1	3	3
r9i1301p1f1	1888-07-08	4	0.991	1.025	0.365	2.189192405638955	1.366091653802371	(4, 0.991)	1	1	1
r9i1301p1f1	1889-06-22	5	1.349	1.675	2.248	2.7777179519859563	3.2632143453337337	(5, 1.349)	0	0	0
r9i1301p1f1	1890-06-07	3	1.111	1.258	0.635	1.9129330972319676	1.4585119449264208	(3, 1.111)	1	1	3
r9i1301p1f1	1891-08-04	5	1.161	1.38	1.305	2.6376545325400946	2.7466517195931477	(5, 1.161)	0	3	3
r9i1301p1f1	1892-08-28	4	1.071	1.222	0.685	2.2584241972082757	1.8687205103641835	(4, 1.071)	1	1	1
r9i1301p1f1	1893-06-18	3	1.3	1.409	1.201	2.0483375580106298	1.9797011838168412	(3, 1.3)	0	3	3
r9i1301p1f1	1893-07-01	5	1.062	1.152	0.814	2.5551725630984348	2.3126142987982994	(5, 1.062)	1	1	1
r9i1301p1f1	1895-06-03	3	1.147	1.34	0.743	1.9401775819371392	1.581190946873066	(3, 1.147)	0	3	3
r9i1301p1f1	1896-06-04	5	1.257	1.409	1.788	2.7116229604290782	3.0440674637073983	(5, 1.257)	0	3	3
r9i1301p1f1	1896-07-20	8	1.439	1.843	4.316	3.5133603002294103	4.591678904169801	(8, 1.439)	2	2	4
r9i1301p1f1	1898-06-24	3	1.017	1.078	0.354	1.83808421800981	1.0436061303477935	(3, 1.017)	1	1	1
r9i1301p1f1	1900-07-03	5	1.181	1.377	1.409	2.6535223060921123	2.818583250202954	(5, 1.181)	0	3	3
r9i1301p1f1	1901-05-31	3	1.028	1.084	0.386	1.8471381497189576	1.100515421616143	(3, 1.028)	1	1	1
r9i1301p1f1	1901-07-13	4	1.034	1.06	0.54	2.2269991060374505	1.6714733033535532	(4, 1.034)	1	1	1
r9i1301p1f1	1901-08-08	3	1.198	1.338	0.894	1.9775459332921197	1.730834015919441	(3, 1.198)	0	3	3
r9i1301p1f1	1902-06-30	9	1.195	1.546	2.657	3.504505793193851	4.286877691870173	(9, 1.195)	2	0	2
r9i1301p1f1	1902-07-29	3	1.155	1.216	0.768	1.9461324169557104	1.6075651720777713	(3, 1.155)	1	3	3
r9i1301p1f1	1904-08-07	4	0.997	1.12	0.392	2.1945543487803407	1.419729137206128	(4, 0.997)	1	1	1
r9i1301p1f1	1907-08-05	4	1.008	1.05	0.435	2.204310523725705	1.4996230464268938	(4, 1.008)	1	1	1
r9i1301p1f1	1908-08-14	3	1.024	1.066	0.372	1.8438552876418735	1.0760151186962577	(3, 1.024)	1	1	1
r9i1301p1f1	1909-06-16	10	1.456	1.774	5.561	3.851057033414458	5.175326007427798	(10, 1.456)	2	2	4
r9i1301p1f1	1909-06-28	4	1.105	1.217	0.822	2.286455711064162	2.024985355883777	(4, 1.105)	1	3	3
r9i1301p1f1	1909-07-27	3	1.019	1.096	0.36	1.839736496341625	1.054526248000911	(3, 1.019)	1	1	1
r9i1301p1f1	1910-08-21	4	1.239	1.334	1.358	2.3898631011011062	2.473508604835631	(4, 1.239)	0	3	3
r9i1301p1f1	1911-07-01	6	1.037	1.131	0.826	2.7875219876526427	2.575635987266414	(6, 1.037)	1	1	1
r9i1301p1f1	1912-06-24	3	1.107	1.189	0.623	1.9098596000764794	1.443903372160198	(3, 1.107)	1	1	1
r9i1301p1f1	1912-07-11	3	1.045	1.125	0.438	1.8609713161181207	1.1865971464659641	(3, 1.045)	1	1	1
r9i1301p1f1	1913-07-22	6	1.033	1.228	0.801	2.7838956464748303	2.5472746689500902	(6, 1.033)	1	1	1
r9i1301p1f1	1913-08-29	4	1.118	1.315	0.875	2.29696935420841	2.0794415416798357	(4, 1.118)	1	3	3
r9i1301p1f1	1915-08-03	3	1.166	1.299	0.801	1.9542628429622635	1.6413469779406025	(3, 1.166)	0	3	3
r9i1301p1f1	1917-07-05	4	1.133	1.207	0.934	2.308964699958085	2.1367666082991055	(4, 1.133)	1	3	3
r9i1301p1f1	1921-06-17	5	1.299	1.428	1.998	2.7423396417658368	3.150096606065442	(5, 1.299)	0	0	0
r9i1301p1f1	1921-08-05	3	1.022	1.084	0.366	1.8422098062945378	1.0653284036835002	(3, 1.022)	1	1	1
r9i1301p1f1	1923-06-29	3	1.074	1.193	0.523	1.8841362146551381	1.3130749947901585	(3, 1.074)	1	1	1
r9i1301p1f1	1923-07-09	3	1.169	1.405	0.81	1.9564688071658214	1.6503655261557868	(3, 1.169)	0	3	3
r9i1301p1f1	1924-06-11	5	0.992	1.175	0.464	2.4924528693506303	1.8225598479348308	(5, 0.992)	1	1	1
r9i1301p1f1	1926-07-20	7	1.14	1.296	1.685	3.0961699878873983	3.4721725404434416	(7, 1.14)	0	3	2
r9i1301p1f1	1926-08-18	4	1.148	1.213	0.996	2.3208178612551054	2.193662685769859	(4, 1.148)	1	3	3
r9i1301p1f1	1927-06-26	4	1.085	1.199	0.742	2.2700619012884857	1.9367252394782408	(4, 1.085)	1	1	1
r9i1301p1f1	1929-07-29	4	1.337	1.509	1.749	2.459246903007423	2.7075167254960664	(4, 1.337)	0	0	0
r9i1301p1f1	1932-07-27	3	1.131	1.243	0.695	1.9281604641562224	1.5285154368641591	(3, 1.131)	1	3	3
r9i1301p1f1	1934-06-29	3	1.009	1.058	0.328	1.8314476683669307	0.994857148389743	(3, 1.009)	1	1	1
r9i1301p1f1	1934-08-20	3	0.988	1.038	0.266	1.8138142307275258	0.8680145842403707	(3, 0.988)	1	1	1
r9i1301p1f1	1935-06-14	6	1.261	1.697	2.17	2.972097120593302	3.4932403040630926	(6, 1.261)	0	0	0
r9i1301p1f1	1935-06-22	4	1.082	1.143	0.729	2.2675794837952306	1.9216174564862687	(4, 1.082)	1	1	1
r9i1301p1f1	1935-06-28	8	1.414	1.601	4.115	3.4963611154446608	4.54448365981372	(8, 1.414)	2	2	0
r9i1301p1f1	1935-07-09	3	1.009	1.089	0.328	1.8314476683669307	0.994857148389743	(3, 1.009)	1	1	1
r9i1301p1f1	1940-06-06	6	1.256	1.607	2.136	2.968327915962107	3.4779318707023945	(6, 1.256)	0	0	0
r9i1301p1f1	1940-06-26	3	1.006	1.058	0.32	1.8289475630806293	0.9793664743973505	(3, 1.006)	1	1	1
r9i1301p1f1	1940-07-14	6	1.337	1.559	2.622	3.0277059593926148	3.6771957808854516	(6, 1.337)	0	0	0
r9i1301p1f1	1940-07-22	3	1.213	1.333	0.941	1.9882760330494176	1.7731845909998287	(3, 1.213)	0	3	3
r9i1301p1f1	1940-08-19	4	1.058	1.131	0.633	2.247495126676086	1.8023696483400706	(4, 1.058)	1	1	1
r9i1301p1f1	1944-07-14	4	1.213	1.349	1.253	2.3706175033858727	2.4000747142713026	(4, 1.213)	0	3	3
r9i1301p1f1	1946-06-07	11	1.432	1.799	5.853	3.9748752374104708	5.368469417355075	(11, 1.432)	2	2	4
r9i1301p1f1	1946-06-23	3	1.271	1.361	1.113	2.028715156208546	1.914466310658481	(3, 1.271)	0	3	3
r9i1301p1f1	1946-07-13	9	1.382	1.562	4.345	3.6458153646429095	4.773350559227015	(9, 1.382)	2	2	4
r9i1301p1f1	1946-07-25	3	1.134	1.255	0.703	1.9304247013565112	1.5374896394392314	(3, 1.134)	1	3	3
r9i1301p1f1	1946-07-30	4	1.438	1.593	2.154	2.5260485931191754	2.9031782919433833	(4, 1.438)	0	0	0
r9i1301p1f1	1946-08-07	4	1.051	1.137	0.606	2.241560391156271	1.7660997224474775	(4, 1.051)	1	1	1
r9i1301p1f1	1951-08-17	7	1.115	1.355	1.509	3.07500956450283	3.3654690278741097	(7, 1.115)	0	3	2
r9i1301p1f1	1952-06-02	6	0.981	1.121	0.488	2.735515981233144	2.100726643938013	(6, 0.981)	1	1	1
r9i1301p1f1	1952-06-20	5	1.145	1.422	1.226	2.6247764972967196	2.688330146137854	(5, 1.145)	0	3	3
r9i1301p1f1	1952-07-15	4	1.091	1.154	0.767	2.275008325223811	1.9651523952777084	(4, 1.091)	1	1	1
r9i1301p1f1	1952-08-11	3	1.239	1.391	1.019	2.0066064122360014	1.839736496341625	(3, 1.239)	0	3	3
r9i1301p1f1	1953-05-30	5	1.195	1.351	1.478	2.6644818112970086	2.8636023186694626	(5, 1.195)	0	3	3
r9i1301p1f1	1955-07-22	3	1.212	1.359	0.937	1.9875642639627233	1.769649301018946	(3, 1.212)	0	3	3
r9i1301p1f1	1956-06-03	3	1.176	1.364	0.829	1.9615972110500632	1.6691417072992736	(3, 1.176)	0	3	3
r9i1301p1f1	1956-07-29	3	0.995	1.056	0.285	1.8197266593443935	0.9086227843518696	(3, 0.995)	1	1	1
r9i1301p1f1	1960-06-10	5	1.03	1.107	0.651	2.5269878578958624	2.1136498660296876	(5, 1.03)	1	1	1
r9i1301p1f1	1961-06-01	4	1.29	1.351	1.56	2.4265710727750367	2.601207105484161	(4, 1.29)	0	3	3
r9i1301p1f1	1961-06-23	3	1.149	1.25	0.747	1.9416696183705373	1.585457847172754	(3, 1.149)	1	3	3
r9i1301p1f1	1961-06-30	11	1.473	1.759	6.314	4.002581394757594	5.443944069671956	(11, 1.473)	2	2	4
r9i1301p1f1	1961-07-15	13	1.318	1.597	5.437	4.139596976782383	5.544567765307787	(13, 1.318)	2	2	4
r9i1301p1f1	1961-08-02	16	1.368	1.789	7.5	4.4835899500833225	6.175867270105761	(16, 1.368)	2	2	4
r9i1301p1f1	1961-08-26	8	1.148	1.26	1.988	3.2949577654000435	3.828278395654946	(8, 1.148)	0	3	2
r9i1301p1f1	1962-06-22	7	1.114	1.447	1.503	3.0741537627018283	3.361622856773516	(7, 1.114)	0	3	2
r9i1301p1f1	1967-08-16	4	0.959	1.054	0.238	2.1600994446972903	1.0660890969625496	(4, 0.959)	1	1	1
r9i1301p1f1	1968-06-24	3	1.304	1.476	1.213	2.051014129423419	1.9882760330494176	(3, 1.304)	0	0	3
r9i1301p1f1	1969-06-01	5	1.079	1.281	0.899	2.569828721564884	2.4025322833067877	(5, 1.079)	1	3	3
r9i1301p1f1	1971-08-17	3	1.029	1.214	0.389	1.8479571840630418	1.1056882920799471	(3, 1.029)	1	1	1
r9i1301p1f1	1972-07-10	7	1.161	1.49	1.832	3.113605123177954	3.553320716759652	(7, 1.161)	0	3	2
r9i1301p1f1	1973-07-27	5	1.088	1.176	0.942	2.5775017681767394	2.44511538898544	(5, 1.088)	1	1	1
r9i1301p1f1	1973-08-06	9	1.068	1.247	1.519	3.3957157180929167	3.73797909420028	(9, 1.068)	0	3	2
r9i1301p1f1	1974-06-26	3	1.1	1.266	0.602	1.9044581443609874	1.4178133183003034	(3, 1.1)	1	1	3
r9i1301p1f1	1977-06-09	3	1.002	1.045	0.308	1.8256043365139252	0.9556710269834212	(3, 1.002)	1	1	1
r9i1301p1f1	1977-07-19	4	1.123	1.156	0.895	2.3009838116270718	2.0992441689760155	(4, 1.123)	1	1	3
r9i1301p1f1	1977-07-25	3	1.032	1.11	0.399	1.8504102698672793	1.1227404547234454	(3, 1.032)	1	1	1
r9i1301p1f1	1977-08-21	4	1.152	1.324	1.009	2.3239551187302383	2.205192746985396	(4, 1.152)	0	3	3
r9i1301p1f1	1979-06-02	4	1.543	1.861	2.574	2.591066845616391	3.0723228757157033	(4, 1.543)	2	0	0
r9i1301p1f1	1980-08-19	3	1.013	1.062	0.341	1.8347714486521625	1.0195286678642046	(3, 1.013)	1	1	1
r9i1301p1f1	1982-07-27	4	1.064	1.155	0.659	2.2525541593884806	1.8360952830481068	(4, 1.064)	1	1	1
r9i1301p1f1	1984-06-19	5	1.377	1.716	2.386	2.7969964177259863	3.320576125079365	(5, 1.377)	0	0	0
r9i1301p1f1	1984-08-01	7	1.172	1.447	1.911	3.122617921378473	3.594354886058927	(7, 1.172)	0	3	2
r9i1301p1f1	1986-08-15	6	1.357	1.726	2.745	3.0418400569613837	3.721905444135298	(6, 1.357)	2	0	0
r9i1301p1f1	1987-06-11	3	1.239	1.432	1.02	2.0066064122360014	1.8405616128750606	(3, 1.239)	0	3	3
r9i1301p1f1	1988-06-18	4	1.02	1.119	0.482	2.214846178686039	1.580215053757197	(4, 1.02)	1	1	1
r9i1301p1f1	1990-06-17	4	1.122	1.256	0.892	2.3001822083777355	2.096298658746259	(4, 1.122)	1	3	3
r9i1301p1f1	1990-07-20	12	1.221	1.457	3.853	3.9465406933095615	5.082436144799222	(12, 1.221)	2	2	4
r9i1301p1f1	1995-08-13	8	1.208	1.599	2.471	3.3440596640861737	4.041512319383116	(8, 1.208)	0	0	0
r9i1301p1f1	1996-06-09	4	1.092	1.327	0.771	2.275830355685226	1.9696266756726293	(4, 1.092)	1	3	3
r9i1301p1f1	1997-06-22	4	1.057	1.174	0.63	2.2466494606637424	1.7984040119467237	(4, 1.057)	1	1	1
r9i1301p1f1	1997-06-28	3	1.05	1.192	0.452	1.8650037419525174	1.2085605331056195	(3, 1.05)	1	1	1
r9i1301p1f1	1997-08-07	4	1.169	1.335	1.078	2.337179737758545	2.264259978672378	(4, 1.169)	0	3	3
r9i1301p1f1	1997-08-18	3	1.0	1.141	0.302	1.823928522430647	0.943609369210124	(3, 1.0)	1	1	1
r9i1301p1f1	2002-07-01	3	1.004	1.037	0.312	1.827277346942111	0.9636320587510483	(3, 1.004)	1	1	1
r9i1301p1f1	2002-07-14	3	1.119	1.255	0.659	1.9190518967353905	1.4871040378774207	(3, 1.119)	1	3	3
r9i1301p1f1	2003-05-31	6	1.148	1.279	1.489	2.88324001784647	3.130426674211007	(6, 1.148)	0	3	3
r9i1301p1f1	2003-07-31	20	1.194	1.555	5.897	4.680227625733391	6.269936299227464	(20, 1.194)	2	2	4
r9i1301p1f1	2004-07-31	3	1.015	1.076	0.346	1.8364292051354612	1.0288579624396714	(3, 1.015)	1	1	1
r9i1301p1f1	2006-06-06	5	0.984	1.074	0.422	2.485027846551623	1.7436371826705077	(5, 0.984)	1	1	1
r9i1301p1f1	2006-07-22	4	1.189	1.286	1.157	2.352517461742255	2.327862900178314	(4, 1.189)	0	3	3
r9i1301p1f1	2007-07-08	4	1.052	1.094	0.608	2.242410369957976	1.7688319645843502	(4, 1.052)	1	1	1
r9i1301p1f1	2009-08-10	3	1.201	1.355	0.903	1.9797011838168412	1.739083752665682	(3, 1.201)	0	3	3
r9i1301p1f1	2010-08-11	8	0.999	1.092	0.797	3.161449639786587	2.946229551312884	(8, 0.999)	1	1	1
