member_id	start_date	DURATION	INT_MEAN	INT_PEAK	AUC	log_SEVERITY_1	log_SEVERITY_2	MV [D,I]	COMPINDX_k3_ss404	COMPINDX_k4_ss356	COMPINDX_k5_ss377
r10i1181p1f1	1851-06-16	4	1.286	1.38	0.981	2.423740214550513	2.180191444779979	(4, 1.286)	1	1	1
r10i1181p1f1	1852-08-03	5	1.379	1.879	1.691	2.798359333145824	2.991018920625303	(5, 1.379)	2	3	3
r10i1181p1f1	1852-08-21	4	1.872	2.476	3.321	2.771087596113514	3.316655679785574	(4, 1.872)	2	2	0
r10i1181p1f1	1853-06-14	7	1.504	1.82	3.237	3.3622649134624236	4.110055151372094	(7, 1.504)	2	2	2
r10i1181p1f1	1853-07-31	6	1.607	2.267	3.397	3.2034770743327283	3.930363779195889	(6, 1.607)	2	2	0
r10i1181p1f1	1854-07-13	4	1.332	1.445	1.163	2.4558210688929036	2.332532169361998	(4, 1.332)	1	1	1
r10i1181p1f1	1854-07-22	6	1.211	1.401	1.018	2.933750080680026	2.7701785293644865	(6, 1.211)	1	1	1
r10i1181p1f1	1855-07-05	4	1.39	1.542	1.395	2.4948569806411682	2.498151876538021	(4, 1.39)	1	3	3
r10i1181p1f1	1857-08-16	6	1.719	2.134	4.065	3.2682005968547645	4.106652751841267	(6, 1.719)	0	2	0
r10i1181p1f1	1859-08-11	3	1.318	1.509	0.832	2.060326112082957	1.672074403801572	(3, 1.318)	1	1	1
r10i1181p1f1	1860-07-21	7	1.21	1.366	1.185	3.153142504042932	3.1331657299468514	(7, 1.21)	1	1	1
r10i1181p1f1	1861-07-26	6	1.244	1.475	1.215	2.9592234348299713	2.9368725428478584	(6, 1.244)	1	1	1
r10i1181p1f1	1863-06-22	16	1.891	2.428	13.601	4.804217746697632	6.7701745560173725	(16, 1.891)	0	0	4
r10i1181p1f1	1864-08-17	7	1.353	1.566	2.182	3.2603213945414127	3.7235515090680606	(7, 1.353)	2	3	2
r10i1181p1f1	1865-06-15	3	1.181	1.291	0.418	1.9652443208753656	1.1543596911246021	(3, 1.181)	1	1	1
r10i1181p1f1	1866-08-25	5	1.208	1.291	0.836	2.6745520566054433	2.33667382792493	(5, 1.208)	1	1	1
r10i1181p1f1	1867-07-12	3	1.458	1.536	1.251	2.1489664653709726	2.014954576654025	(3, 1.458)	1	3	3
r10i1181p1f1	1867-08-18	4	1.504	1.772	1.85	2.567407871299744	2.760009940032921	(4, 1.504)	2	3	3
r10i1181p1f1	1869-08-11	5	1.604	2.121	2.815	2.940920437380773	3.4803984054748676	(5, 1.604)	2	2	0
r10i1181p1f1	1870-06-11	4	1.346	1.633	1.221	2.4653839832991364	2.376578772902372	(4, 1.346)	1	3	3
r10i1181p1f1	1870-06-18	4	1.226	1.475	0.738	2.3802866006578975	1.932100953781127	(4, 1.226)	1	1	1
r10i1181p1f1	1873-06-12	3	1.192	1.321	0.452	1.9732214466709417	1.2085605331056195	(3, 1.192)	1	1	1
r10i1181p1f1	1873-08-24	3	1.396	1.666	1.064	2.110677187487719	1.8762087885512986	(3, 1.396)	1	3	3
r10i1181p1f1	1874-07-16	4	1.199	1.292	0.629	2.3600989991946526	1.797078630705655	(4, 1.199)	1	1	1
r10i1181p1f1	1874-08-01	6	1.606	1.862	3.387	3.202879895880992	3.927473638339909	(6, 1.606)	2	2	0
r10i1181p1f1	1874-08-24	6	1.136	1.3	0.568	2.873322920357319	2.2351475517185753	(6, 1.136)	1	1	1
r10i1181p1f1	1875-07-06	4	1.325	1.549	1.136	2.451005098112319	2.3113465986626185	(4, 1.325)	1	3	3
r10i1181p1f1	1875-07-20	3	1.22	1.397	0.536	1.993244281711825	1.331082266299207	(3, 1.22)	1	1	1
r10i1181p1f1	1876-07-16	3	1.18	1.396	0.415	1.9645159622469717	1.1494331690364237	(3, 1.18)	1	1	1
r10i1181p1f1	1876-07-22	4	1.667	1.972	2.501	2.6627738562325747	3.0449033175604403	(4, 1.667)	2	2	0
r10i1181p1f1	1877-06-12	3	1.328	1.48	0.861	2.066924835692335	1.6999890104703193	(3, 1.328)	1	1	1
r10i1181p1f1	1880-06-08	4	1.367	1.475	1.301	2.479559043461405	2.43431486367194	(4, 1.367)	1	3	3
r10i1181p1f1	1882-07-25	7	1.289	1.408	1.738	3.2137673620518545	3.502194705941745	(7, 1.289)	1	3	1
r10i1181p1f1	1882-08-04	4	1.35	1.68	1.235	2.468099531471619	2.3869262414277967	(4, 1.35)	1	3	3
r10i1181p1f1	1884-06-21	10	1.436	1.715	3.949	3.837521572494653	4.8353159230793255	(10, 1.436)	0	0	2
r10i1181p1f1	1884-08-14	5	1.232	1.666	0.953	2.692880977408798	2.4557235961249573	(5, 1.232)	1	3	3
r10i1181p1f1	1885-07-16	4	1.47	1.971	1.714	2.546315277916644	2.68866348730202	(4, 1.47)	2	3	3
r10i1181p1f1	1885-07-31	7	1.379	1.45	2.365	3.278631830702987	3.802217357116722	(7, 1.379)	2	3	2
r10i1181p1f1	1887-08-28	4	1.576	1.946	2.139	2.6106578550935606	2.8965747020207724	(4, 1.576)	2	2	0
r10i1181p1f1	1890-06-14	7	1.241	1.439	1.401	3.1773719995882614	3.293867636032372	(7, 1.241)	1	1	1
r10i1181p1f1	1891-07-15	10	1.681	2.035	6.401	3.9919036224413404	5.315259991400934	(10, 1.681)	0	0	4
r10i1181p1f1	1892-06-23	12	1.588	2.072	6.56	4.204870519656299	5.612010983162458	(12, 1.588)	0	0	4
r10i1181p1f1	1892-07-10	5	1.448	1.802	2.036	2.844277332785745	3.1681369877280963	(5, 1.448)	2	3	3
r10i1181p1f1	1892-08-03	7	1.752	2.097	4.977	3.5099768683388226	4.534482986289338	(7, 1.752)	0	2	0
r10i1181p1f1	1896-08-05	3	1.147	1.238	0.316	1.9401775819371392	0.9715302127344428	(3, 1.147)	1	1	1
r10i1181p1f1	1896-08-27	3	1.439	1.733	1.194	2.137387677939668	1.9746650211180787	(3, 1.439)	2	3	3
r10i1181p1f1	1897-06-14	3	1.225	1.358	0.551	1.9967779789349385	1.3514647888571463	(3, 1.225)	1	1	1
r10i1181p1f1	1897-06-23	3	1.137	1.163	0.287	1.9326838233665247	0.9128029547713848	(3, 1.137)	1	1	1
r10i1181p1f1	1899-07-30	7	1.619	2.007	4.045	3.4334806119402606	4.329607026928167	(7, 1.619)	0	2	0
r10i1181p1f1	1899-08-08	5	1.321	1.496	1.398	2.7580605089354964	2.811215218179267	(5, 1.321)	1	3	3
r10i1181p1f1	1903-07-04	8	1.467	2.103	3.403	3.5320624943867274	4.356722929719506	(8, 1.467)	0	2	2
r10i1181p1f1	1903-08-10	3	1.619	2.039	1.732	2.2420461120737913	2.302558692258338	(3, 1.619)	2	2	0
r10i1181p1f1	1904-06-22	4	1.172	1.51	0.522	2.3394954470141425	1.6440325571985994	(4, 1.172)	1	1	1
r10i1181p1f1	1905-08-07	5	1.184	1.412	0.713	2.6558809039642464	2.1940620640571025	(5, 1.184)	1	1	1
r10i1181p1f1	1905-08-23	3	1.262	1.33	0.662	2.0225463169834965	1.4906212461277157	(3, 1.262)	1	1	1
r10i1181p1f1	1905-08-29	3	1.323	1.545	0.846	2.06363091677193	1.6856477362196745	(3, 1.323)	1	1	3
r10i1181p1f1	1906-08-22	6	1.47	1.96	2.574	3.118148980769016	3.6591910728566366	(6, 1.47)	2	2	0
r10i1181p1f1	1907-07-04	3	1.101	1.149	0.179	1.90523156945898	0.6575776611843104	(3, 1.101)	1	1	1
r10i1181p1f1	1910-06-30	5	1.493	1.663	2.259	2.8731265465709366	3.267909304419192	(5, 1.493)	2	3	3
r10i1181p1f1	1911-06-28	4	1.197	1.293	0.622	2.3585872831093306	1.7877514478305163	(4, 1.197)	1	1	1
r10i1181p1f1	1913-06-08	4	1.252	1.448	0.842	2.399348761426354	2.045884758150993	(4, 1.252)	1	1	1
r10i1181p1f1	1913-06-27	3	1.345	1.529	0.912	2.0780436912094906	1.747265987746805	(3, 1.345)	1	1	3
r10i1181p1f1	1913-08-17	4	1.24	1.314	0.797	2.3905959703167587	1.9982314862542927	(4, 1.24)	1	1	1
r10i1181p1f1	1913-08-23	3	1.364	1.576	0.969	2.090326077682387	1.7975877347776366	(3, 1.364)	1	3	3
r10i1181p1f1	1914-06-10	3	1.155	1.244	0.342	1.9461324169557104	1.0214015026319605	(3, 1.155)	1	1	1
r10i1181p1f1	1914-06-20	3	1.311	1.354	0.809	2.0556809598416574	1.6493674723672203	(3, 1.311)	1	1	1
r10i1181p1f1	1914-07-20	5	1.57	1.99	2.644	2.9206387032703733	3.419718752635426	(5, 1.57)	2	2	0
r10i1181p1f1	1914-08-11	6	1.359	1.662	1.904	3.0432425410361312	3.3667084444595403	(6, 1.359)	2	3	3
r10i1181p1f1	1915-06-22	6	1.531	1.843	2.942	3.157043517123863	3.789593030596063	(6, 1.531)	2	2	0
r10i1181p1f1	1915-08-05	3	1.126	1.234	0.254	1.9243753052704822	0.8414907669685061	(3, 1.126)	1	1	1
r10i1181p1f1	1916-07-15	7	1.232	1.412	1.339	3.1703979028242055	3.25032127495376	(7, 1.232)	1	1	1
r10i1181p1f1	1918-06-02	6	1.246	1.413	1.227	2.960746616364451	2.9461818534976874	(6, 1.246)	1	1	1
r10i1181p1f1	1919-08-10	11	1.401	1.784	3.96	3.9534049323250127	4.979984837175957	(11, 1.401)	0	0	2
r10i1181p1f1	1920-07-27	8	1.572	2.028	4.245	3.599236422469781	4.575261189546436	(8, 1.572)	0	2	0
r10i1181p1f1	1920-08-16	5	1.705	1.901	3.32	2.99885137949087	3.6407057211073033	(5, 1.705)	2	2	0
r10i1181p1f1	1920-08-26	7	1.208	1.415	1.165	3.1515589660739396	3.11689191059157	(7, 1.208)	1	1	1
r10i1181p1f1	1921-06-07	5	1.585	1.927	2.722	2.929637273554657	3.4478546434074833	(5, 1.585)	2	2	0
r10i1181p1f1	1921-07-08	14	1.821	2.486	10.917	4.568400526099583	6.3506543316222395	(14, 1.821)	0	0	4
r10i1181p1f1	1924-08-08	3	1.386	1.541	1.034	2.1043618427217843	1.8520423236413943	(3, 1.386)	1	3	3
r10i1181p1f1	1924-08-13	3	1.375	1.597	1.0	2.097368585337483	1.823928522430647	(3, 1.375)	1	3	3
r10i1181p1f1	1924-08-18	3	1.29	1.423	0.745	2.041614618038424	1.5833266728259545	(3, 1.29)	1	1	1
r10i1181p1f1	1925-07-09	5	1.167	1.287	0.63	2.642441357949358	2.084878500735483	(5, 1.167)	1	1	1
r10i1181p1f1	1927-06-28	4	1.205	1.365	0.656	2.3646204839134985	1.8322614125373848	(4, 1.205)	1	1	1
r10i1181p1f1	1928-06-08	5	1.429	1.674	1.938	2.8318421514150005	3.120932123274279	(5, 1.429)	2	3	3
r10i1181p1f1	1930-06-05	7	1.248	1.453	1.451	3.1827628692938577	3.327654749496132	(7, 1.248)	1	1	1
r10i1181p1f1	1931-07-09	4	1.325	1.528	1.135	2.451005098112319	2.3105532626432224	(4, 1.325)	1	1	3
r10i1181p1f1	1931-07-31	5	1.33	1.452	1.443	2.7644212118971057	2.841019879358309	(5, 1.33)	1	3	3
r10i1181p1f1	1932-07-03	3	1.156	1.231	0.343	1.9468742842202946	1.0232708364453367	(3, 1.156)	1	1	1
r10i1181p1f1	1932-07-09	3	1.215	1.396	0.52	1.9896980531777022	1.3088730142073226	(3, 1.215)	1	1	1
r10i1181p1f1	1932-07-30	6	1.693	2.447	3.909	3.2535445320828806	4.068177375279777	(6, 1.693)	0	2	0
r10i1181p1f1	1932-08-10	3	1.435	1.666	1.182	2.134932860799873	1.965972149383562	(3, 1.435)	2	3	3
r10i1181p1f1	1933-08-12	3	1.482	1.832	1.322	2.1634032397365477	2.062970828995383	(3, 1.482)	2	3	3
r10i1181p1f1	1934-06-28	3	1.233	1.353	0.576	2.0024060492939144	1.3845387698406983	(3, 1.233)	1	1	1
r10i1181p1f1	1935-06-26	4	1.473	1.771	1.727	2.548194389023919	2.695707677903824	(4, 1.473)	2	3	3
r10i1181p1f1	1936-06-22	9	1.491	1.758	4.053	3.719820795353485	4.704390891528316	(9, 1.491)	0	0	2
r10i1181p1f1	1936-08-04	5	1.272	1.354	1.154	2.7227018289917884	2.6320407875973544	(5, 1.272)	1	1	1
r10i1181p1f1	1938-05-31	3	1.122	1.164	0.243	1.9213368284541927	0.8165433392211622	(3, 1.122)	1	1	1
r10i1181p1f1	1938-07-05	5	1.263	1.4	1.109	2.716069247625865	2.595179848575669	(5, 1.263)	1	1	1
r10i1181p1f1	1941-08-22	4	1.544	2.095	2.009	2.591666186359534	2.8374396945593974	(4, 1.544)	2	2	0
r10i1181p1f1	1942-06-20	6	1.436	1.701	2.37	3.0957949434486465	3.578834208401073	(6, 1.436)	2	3	3
r10i1181p1f1	1943-06-29	3	1.353	1.547	0.937	2.083233621139891	1.769649301018946	(3, 1.353)	1	1	3
r10i1181p1f1	1943-07-16	17	1.471	1.88	7.309	4.645414436492689	6.240876528856498	(17, 1.471)	0	0	4
r10i1181p1f1	1944-07-28	3	1.109	1.124	0.205	1.9113975294518544	0.7252325198030569	(3, 1.109)	1	1	1
r10i1181p1f1	1945-06-22	10	1.506	1.792	4.645	3.8841152117016695	4.996453859989872	(10, 1.506)	0	0	2
r10i1181p1f1	1945-08-14	3	1.344	1.467	0.909	2.077393051971457	1.7445460080509814	(3, 1.344)	1	1	1
r10i1181p1f1	1948-07-11	12	1.425	2.018	4.608	4.098272464883222	5.260360861082781	(12, 1.425)	0	0	2
r10i1181p1f1	1948-08-27	3	1.234	1.249	0.579	2.0031073361399168	1.3884351312223295	(3, 1.234)	1	1	1
r10i1181p1f1	1950-07-06	5	1.274	1.562	1.164	2.724169780877845	2.6400508094541792	(5, 1.274)	1	3	1
r10i1181p1f1	1952-07-14	3	1.264	1.473	0.668	2.0239204625683063	1.49761876651344	(3, 1.264)	1	1	1
r10i1181p1f1	1953-07-26	8	1.744	2.407	5.621	3.7003685817103635	4.853503482462473	(8, 1.744)	0	0	4
r10i1181p1f1	1953-08-17	4	1.663	1.786	2.487	2.6605392184311585	3.0395577530940208	(4, 1.663)	2	2	0
r10i1181p1f1	1954-06-13	6	1.163	1.452	0.728	2.895499666843295	2.4595350964685943	(6, 1.163)	1	1	1
r10i1181p1f1	1955-06-20	7	1.283	1.502	1.694	3.209289725671341	3.477334597331323	(7, 1.283)	1	3	2
r10i1181p1f1	1955-07-28	6	1.584	1.949	3.259	3.1896509281089624	3.889722638956758	(6, 1.584)	2	2	0
r10i1181p1f1	1956-08-01	3	1.292	1.521	0.751	2.042962826728956	1.5897066183619926	(3, 1.292)	1	1	1
r10i1181p1f1	1956-08-25	6	1.181	1.32	0.84	2.910015566337376	2.591173877030652	(6, 1.181)	1	1	1
r10i1181p1f1	1957-07-28	5	1.21	1.413	0.846	2.6760923635947345	2.347421503257298	(5, 1.21)	1	1	1
r10i1181p1f1	1957-08-15	3	1.31	1.626	0.807	2.055015601727822	1.6473683714759333	(3, 1.31)	1	1	3
r10i1181p1f1	1957-08-30	3	1.468	1.614	1.281	2.155007137010737	2.0355250837068217	(3, 1.468)	2	3	3
r10i1181p1f1	1960-06-15	5	1.253	1.499	1.061	2.7086477478046924	2.5543037100735937	(5, 1.253)	1	1	1
r10i1181p1f1	1961-08-03	3	1.471	1.739	1.288	2.156812245860361	2.0402645892270397	(3, 1.471)	2	3	3
r10i1181p1f1	1962-07-15	12	1.647	2.591	7.27	4.2408158929183095	5.714419780394408	(12, 1.647)	0	0	4
r10i1181p1f1	1964-08-24	4	1.328	1.573	1.146	2.453071926267982	2.3192455338871527	(4, 1.328)	1	3	3
r10i1181p1f1	1965-07-14	5	1.516	1.783	2.373	2.8875564246424537	3.3153107011655187	(5, 1.516)	2	3	3
r10i1181p1f1	1969-07-06	5	1.191	1.276	0.749	2.661362761078819	2.237947855062715	(5, 1.191)	1	1	1
r10i1181p1f1	1969-07-22	6	1.946	2.497	5.43	3.3877825449700554	4.39203112024724	(6, 1.946)	0	2	0
r10i1181p1f1	1972-08-16	4	1.404	1.56	1.449	2.504055468626761	2.5330616916750475	(4, 1.404)	1	3	3
r10i1181p1f1	1973-06-01	3	1.242	1.335	0.604	2.008699996037192	1.4203276194229513	(3, 1.242)	1	1	1
r10i1181p1f1	1973-06-18	15	1.534	2.108	7.389	4.5011126743431795	6.0643945792090195	(15, 1.534)	0	0	4
r10i1181p1f1	1974-08-08	3	1.239	1.34	0.593	2.0066064122360014	1.4064200702060552	(3, 1.239)	1	1	1
r10i1181p1f1	1975-07-15	11	1.364	1.695	3.549	3.9271606185342853	4.871202447358434	(11, 1.364)	0	0	2
r10i1181p1f1	1975-07-29	7	1.302	1.725	1.827	3.223400670259069	3.550666075714068	(7, 1.302)	2	3	2
r10i1181p1f1	1977-07-08	4	1.754	1.97	2.853	2.7101812621111643	3.170693475941653	(4, 1.754)	2	2	0
r10i1181p1f1	1978-08-11	3	1.484	1.503	1.328	2.1645969489671297	2.066924835692335	(3, 1.484)	2	3	3
r10i1181p1f1	1980-07-08	6	1.24	1.438	1.191	2.95617009379558	2.917989827104379	(6, 1.24)	1	1	1
r10i1181p1f1	1980-07-24	8	1.415	1.763	2.994	3.497046660130524	4.230425629668685	(8, 1.415)	2	3	2
r10i1181p1f1	1981-08-01	4	1.26	1.383	0.874	2.4051416813191375	2.0784410413462524	(4, 1.26)	1	1	1
r10i1181p1f1	1981-08-20	3	1.354	1.463	0.94	2.083880472575465	1.7723019395273694	(3, 1.354)	1	1	3
r10i1181p1f1	1981-08-26	3	1.226	1.368	0.555	1.9974832224048533	1.3568306874635405	(3, 1.226)	1	1	1
r10i1181p1f1	1984-06-04	8	1.418	1.835	3.014	3.4991004788615787	4.236986915010173	(8, 1.418)	2	3	2
r10i1181p1f1	1984-08-05	15	1.529	2.273	7.311	4.497884184942125	6.05380703058265	(15, 1.529)	0	0	4
r10i1181p1f1	1986-06-26	4	1.169	1.319	0.51	2.337179737758545	1.6253112615903906	(4, 1.169)	1	1	1
r10i1181p1f1	1986-07-07	5	1.358	1.557	1.584	2.78395522603609	2.929039881530229	(5, 1.358)	1	3	3
r10i1181p1f1	1986-07-17	6	2.082	2.58	6.242	3.453126293119207	4.529781438494774	(6, 2.082)	0	2	4
r10i1181p1f1	1986-07-26	3	1.537	1.748	1.487	2.195721923773198	2.1663848452922383	(3, 1.537)	2	3	3
r10i1181p1f1	1986-08-22	4	1.433	1.801	1.568	2.5228444891283925	2.6059436448308344	(4, 1.433)	2	3	3
r10i1181p1f1	1989-06-13	3	1.351	1.462	0.929	2.0819386616635143	1.7625410038512317	(3, 1.351)	1	1	1
r10i1181p1f1	1989-08-04	11	1.257	1.456	2.373	3.847142473304692	4.472482516216712	(11, 1.257)	1	3	2
r10i1181p1f1	1989-08-17	5	1.337	1.576	1.478	2.7693406046617954	2.8636023186694626	(5, 1.337)	1	3	3
r10i1181p1f1	1993-06-14	7	1.492	1.865	3.158	3.3545328908939136	4.085757439565242	(7, 1.492)	2	2	2
r10i1181p1f1	1994-07-24	5	1.494	2.023	2.263	2.8737582813906437	3.2696111118841764	(5, 1.494)	2	2	0
r10i1181p1f1	1995-07-19	9	1.679	1.987	5.738	3.835854450192099	5.049381535731368	(9, 1.679)	0	0	4
r10i1181p1f1	1995-08-04	4	1.485	1.823	1.776	2.5556757206762075	2.721821605186128	(4, 1.485)	2	3	3
r10i1181p1f1	1996-08-13	6	1.765	2.036	4.345	3.2936157484098896	4.172203311321868	(6, 1.765)	0	2	0
r10i1181p1f1	1998-06-23	3	1.193	1.241	0.456	1.9739434943828855	1.2147481921777037	(3, 1.193)	1	1	1
r10i1181p1f1	1998-07-08	5	1.281	1.43	1.199	2.7292907089163507	2.6675911632823714	(5, 1.281)	1	1	1
r10i1181p1f1	2000-08-24	6	1.309	1.766	1.604	3.0075764752386984	3.2016844680451966	(6, 1.309)	2	3	3
r10i1181p1f1	2002-07-14	3	1.443	1.686	1.204	2.1398364837060835	1.9818517992247855	(3, 1.443)	2	3	3
r10i1181p1f1	2003-06-17	11	1.549	1.924	5.586	4.051993096623456	5.322001308983019	(11, 1.549)	0	0	4
r10i1181p1f1	2003-07-07	6	1.653	2.214	3.673	3.2305687659561273	4.00700322082667	(6, 1.653)	2	2	0
r10i1181p1f1	2003-07-26	11	1.418	1.689	4.142	3.965236012107678	5.024617477504451	(11, 1.418)	0	0	2
r10i1181p1f1	2003-08-10	6	1.445	1.645	2.422	3.101760989063421	3.59993853335489	(6, 1.445)	2	3	3
r10i1181p1f1	2006-07-24	5	1.409	1.644	1.84	2.818583250202954	3.0713880832923093	(5, 1.409)	2	3	3
r10i1181p1f1	2006-08-16	5	1.245	1.618	1.019	2.7026706344750906	2.517112943145738	(5, 1.245)	1	1	1
r10i1181p1f1	2007-08-30	3	1.466	1.776	1.276	2.1538019183334955	2.032125916835549	(3, 1.466)	2	3	3
r10i1181p1f1	2009-06-11	6	1.651	2.057	3.658	3.2294060031025333	4.002985582171286	(6, 1.651)	2	2	0
r10i1181p1f1	2010-06-09	3	1.209	1.305	0.502	1.9854259119535547	1.2832834485922338	(3, 1.209)	1	1	1
r10i1231p1f1	1851-06-16	9	1.502	1.706	4.071	3.7269937862225944	4.708782173861799	(9, 1.502)	0	0	2
r10i1231p1f1	1851-08-22	6	1.241	1.387	1.149	2.9569343035199487	2.88406202034578	(6, 1.241)	1	1	1
r10i1231p1f1	1852-07-24	8	1.245	1.444	1.567	3.3731796642506917	3.5961379394478095	(8, 1.245)	1	3	2
r10i1231p1f1	1853-06-22	3	1.16	1.239	0.334	1.9498362618267655	1.0063196847660814	(3, 1.16)	1	1	1
r10i1231p1f1	1853-07-14	5	1.425	1.595	1.88	2.8292043977637307	3.0919074876763166	(5, 1.425)	2	3	3
r10i1231p1f1	1853-07-30	3	1.473	1.731	1.272	2.158013844065666	2.0293982396318806	(3, 1.473)	2	3	3
r10i1231p1f1	1855-08-20	6	1.471	1.607	2.532	3.1187989470598616	3.6431665647982356	(6, 1.471)	2	3	3
r10i1231p1f1	1856-06-03	7	1.237	1.303	1.313	3.174278404158264	3.2314800686007024	(7, 1.237)	1	1	1
r10i1231p1f1	1856-08-25	3	1.029	1.156	-0.061	1.8479571840630418	-0.3812096121882997	(3, 1.029)	1	1	1
r10i1231p1f1	1857-07-27	8	1.651	1.915	4.812	3.6469596036194476	4.699417351849873	(8, 1.651)	0	0	0
r10i1231p1f1	1858-05-31	3	1.25	1.282	0.602	2.014261551963053	1.4178133183003034	(3, 1.25)	1	1	1
r10i1231p1f1	1858-06-23	11	1.285	1.792	2.595	3.868708144038808	4.560936698109959	(11, 1.285)	2	3	2
r10i1231p1f1	1858-07-24	8	1.568	2.004	4.148	3.5967584045759473	4.552386578557393	(8, 1.568)	0	2	0
r10i1231p1f1	1861-08-24	9	1.445	1.757	3.566	3.6892543838190095	4.577613977217045	(9, 1.445)	2	3	2
r10i1231p1f1	1863-06-26	3	1.211	1.309	0.486	1.9868519878999251	1.259974070869148	(3, 1.211)	1	1	1
r10i1231p1f1	1864-07-21	9	1.78	2.147	6.579	3.893044038830343	5.185333421811174	(9, 1.78)	0	0	4
r10i1231p1f1	1864-08-12	3	1.382	1.524	0.999	2.1018244949350686	1.8230895610787659	(3, 1.382)	1	3	3
r10i1231p1f1	1864-08-28	6	1.433	1.73	2.305	3.0937983255630623	3.5518116197209775	(6, 1.433)	2	3	3
r10i1231p1f1	1865-06-19	6	1.756	2.184	4.238	3.2886937825965044	4.147658212989812	(6, 1.756)	0	2	0
r10i1231p1f1	1865-08-07	5	1.278	1.566	1.142	2.7270992357752313	2.6223432930337425	(5, 1.278)	1	3	3
r10i1231p1f1	1866-06-16	9	1.434	2.05	3.465	3.681804485441973	4.549181675779236	(9, 1.434)	0	0	2
r10i1231p1f1	1869-05-30	8	1.424	1.973	2.995	3.503195504962424	4.230754718399508	(8, 1.424)	2	3	2
r10i1231p1f1	1869-07-30	5	1.909	2.47	4.3	3.106525105463166	3.893359144422848	(5, 1.909)	0	2	0
r10i1231p1f1	1869-08-20	12	1.35	1.801	3.615	4.045127114671678	5.0190843538180205	(12, 1.35)	0	0	2
r10i1231p1f1	1870-06-30	4	1.302	1.482	1.011	2.4350158801745354	2.2069548619787955	(4, 1.302)	1	1	1
r10i1231p1f1	1870-08-09	5	1.697	1.826	3.237	2.9943832034222444	3.616060349132576	(5, 1.697)	2	2	0
r10i1231p1f1	1870-08-25	5	1.508	1.942	2.296	2.882560918689416	3.2835416022220154	(5, 1.508)	2	2	0
r10i1231p1f1	1873-07-09	4	1.405	1.612	1.425	2.50470927708418	2.517696472610991	(4, 1.405)	2	3	3
r10i1231p1f1	1874-06-13	3	1.306	1.515	0.771	2.052349733401824	1.6106838395258545	(3, 1.306)	1	1	1
r10i1231p1f1	1875-08-08	7	1.893	2.5	5.906	3.5851523432493497	4.703934853102082	(7, 1.893)	0	0	4
r10i1231p1f1	1875-08-29	3	1.291	1.415	0.726	2.042288949592007	1.5628507183091673	(3, 1.291)	1	1	1
r10i1231p1f1	1876-06-13	3	1.6	1.79	1.654	2.2315018821618717	2.261183358285748	(3, 1.6)	2	3	3
r10i1231p1f1	1876-06-30	4	1.32	1.48	1.085	2.4475508632442313	2.2700619012884857	(4, 1.32)	1	1	1
r10i1231p1f1	1877-06-10	5	1.132	1.213	0.415	2.614189585366307	1.7298558830759783	(5, 1.132)	1	1	1
r10i1231p1f1	1877-06-27	3	1.269	1.375	0.658	2.0273475879573266	1.4859288806888242	(3, 1.269)	1	1	1
r10i1231p1f1	1877-07-30	4	1.44	1.756	1.563	2.5273273656719524	2.6029859378536013	(4, 1.44)	2	3	3
r10i1231p1f1	1880-07-26	3	1.194	1.295	0.434	1.9746650211180787	1.180232259947073	(3, 1.194)	1	1	1
r10i1231p1f1	1881-06-09	6	1.611	1.986	3.369	3.2058622282948566	3.922250241714103	(6, 1.611)	2	2	0
r10i1231p1f1	1881-08-08	4	1.37	1.72	1.283	2.481567748522486	2.4216117994156865	(4, 1.37)	2	3	3
r10i1231p1f1	1882-07-15	10	1.45	1.824	4.01	3.8470155972589817	4.850523928190021	(10, 1.45)	0	0	2
r10i1231p1f1	1882-08-14	3	1.266	1.343	0.651	2.025292722467937	1.4776638838106866	(3, 1.266)	1	1	1
r10i1231p1f1	1886-06-09	4	1.307	1.649	1.03	2.4385136102182896	2.2235418856535927	(4, 1.307)	1	3	3
r10i1231p1f1	1886-06-24	4	1.802	2.212	3.013	2.7354059311120653	3.2230271959906767	(4, 1.802)	2	2	0
r10i1231p1f1	1888-08-05	3	1.24	1.414	0.573	2.007304760626642	1.3806271674231094	(3, 1.24)	1	1	1
r10i1231p1f1	1888-08-28	6	1.524	1.902	2.847	3.152656284484222	3.75752321968236	(6, 1.524)	2	2	0
r10i1231p1f1	1889-08-17	3	1.275	1.425	0.679	2.0314446947383757	1.5103217479538902	(3, 1.275)	1	1	1
r10i1231p1f1	1890-07-18	5	1.1	1.144	0.256	2.587641762809045	1.351228427814882	(5, 1.1)	1	1	1
r10i1231p1f1	1891-06-19	7	1.539	1.998	3.426	3.384481068514346	4.1658960589532334	(7, 1.539)	2	2	0
r10i1231p1f1	1891-08-21	6	1.514	1.83	2.788	3.1463552307114115	3.7370757376206045	(6, 1.514)	2	3	0
r10i1231p1f1	1892-07-01	3	1.298	1.47	0.748	2.0469965809886865	1.5865217335484747	(3, 1.298)	1	1	1
r10i1231p1f1	1893-06-23	11	1.813	2.392	8.4	4.206831348500267	5.728332412447346	(11, 1.813)	0	0	4
r10i1231p1f1	1893-08-01	4	1.674	2.027	2.499	2.666672496648232	3.044141412761679	(4, 1.674)	2	2	0
r10i1231p1f1	1894-08-20	5	1.33	1.522	1.405	2.7644212118971057	2.815910242856531	(5, 1.33)	1	3	3
r10i1231p1f1	1895-07-29	5	1.306	1.44	1.284	2.747368594938016	2.731477390002688	(5, 1.306)	1	1	1
r10i1231p1f1	1896-07-23	4	1.453	1.713	1.617	2.5355997641035186	2.634475420110147	(4, 1.453)	2	3	3
r10i1231p1f1	1897-06-16	3	1.282	1.437	0.7	2.0362035327569803	1.5341337442388472	(3, 1.282)	1	1	1
r10i1231p1f1	1898-06-14	4	1.39	1.524	1.362	2.4948569806411682	2.476202209157854	(4, 1.39)	1	3	3
r10i1231p1f1	1900-08-11	3	1.36	1.508	0.932	2.0877528189887515	1.7652125400234207	(3, 1.36)	1	1	3
r10i1231p1f1	1901-06-29	5	1.772	2.096	3.615	3.0355087111411554	3.7236897028876186	(5, 1.772)	2	2	0
r10i1231p1f1	1902-06-26	4	1.755	2.017	2.824	2.7107133185216936	3.160907671512975	(4, 1.755)	2	2	0
r10i1231p1f1	1902-07-09	8	1.335	1.885	2.288	3.4406617091226934	3.9659718424748407	(8, 1.335)	2	3	2
r10i1231p1f1	1902-07-20	7	1.286	1.634	1.66	3.211531050012949	3.457692082678097	(7, 1.286)	1	3	2
r10i1231p1f1	1904-08-13	5	1.363	1.641	1.57	2.78740364154172	2.9206387032703733	(5, 1.363)	2	3	3
r10i1231p1f1	1905-06-12	4	1.669	2.07	2.478	2.6638893053164403	3.0361061676922643	(4, 1.669)	2	2	0
r10i1231p1f1	1905-08-23	8	1.448	1.835	3.193	3.5194099491471964	4.293869271399778	(8, 1.448)	2	3	2
r10i1231p1f1	1906-08-05	5	1.542	1.831	2.462	2.9036215957388096	3.3508158400288135	(5, 1.542)	2	3	0
r10i1231p1f1	1908-06-14	5	1.62	1.905	2.854	2.9503242907871545	3.4937367578154808	(5, 1.62)	2	2	0
r10i1231p1f1	1908-06-27	4	1.74	2.056	2.765	2.702702594775615	3.1406980438041767	(4, 1.74)	2	2	0
r10i1231p1f1	1909-07-30	3	1.323	1.45	0.821	2.06363091677193	1.6612788732430224	(3, 1.323)	1	1	1
r10i1231p1f1	1910-07-21	4	1.455	1.729	1.623	2.5368663887187113	2.6379138189131797	(4, 1.455)	2	3	3
r10i1231p1f1	1910-07-30	3	1.424	1.698	1.123	2.128150875193778	1.922097313628501	(3, 1.424)	2	3	3
r10i1231p1f1	1912-06-25	13	1.314	1.533	3.449	4.136605950517535	5.091675058623237	(13, 1.314)	0	0	2
r10i1231p1f1	1912-08-27	3	1.146	1.316	0.291	1.9394307280744352	0.9211112365527838	(3, 1.146)	1	1	1
r10i1231p1f1	1913-08-14	6	1.272	1.5	1.336	2.980339699226557	3.026993983187969	(6, 1.272)	1	3	1
r10i1231p1f1	1914-06-28	8	1.255	1.463	1.649	3.3809065185016003	3.6457791012525025	(8, 1.255)	1	3	2
r10i1231p1f1	1914-07-12	7	1.296	1.481	1.724	3.2189660565563183	3.4943515061799473	(7, 1.296)	1	3	2
r10i1231p1f1	1915-06-10	3	1.304	1.366	0.766	2.051014129423419	1.6054806439239695	(3, 1.304)	1	1	1
r10i1231p1f1	1915-06-17	4	1.42	1.562	1.485	2.514465452029545	2.5556757206762075	(4, 1.42)	2	3	3
r10i1231p1f1	1915-07-12	3	1.271	1.451	0.666	2.028715156208546	1.4952916960686962	(3, 1.271)	1	1	1
r10i1231p1f1	1916-07-26	6	1.27	1.633	1.322	2.97884609312963	3.016972721580367	(6, 1.27)	1	3	3
r10i1231p1f1	1916-08-20	7	1.58	1.831	3.719	3.4098931139667554	4.246734319405374	(7, 1.58)	2	2	0
r10i1231p1f1	1917-05-30	7	1.269	1.477	1.539	3.1987632725146313	3.384481068514346	(7, 1.269)	1	3	1
r10i1231p1f1	1919-07-26	6	1.466	2.042	2.503	3.115544882788335	3.631950227579335	(6, 1.466)	2	2	0
r10i1231p1f1	1919-08-10	3	1.392	1.506	1.029	2.108155833588867	1.8479571840630418	(3, 1.392)	1	3	3
r10i1231p1f1	1920-06-09	7	1.255	1.523	1.439	3.1881248332806065	3.31964934274751	(7, 1.255)	1	3	1
r10i1231p1f1	1921-07-31	3	1.296	1.505	0.74	2.0456538033324905	1.5779787810277053	(3, 1.296)	1	1	1
r10i1231p1f1	1922-05-30	6	1.532	1.909	2.897	3.157668696343347	3.774530192937708	(6, 1.532)	2	2	0
r10i1231p1f1	1922-06-29	9	1.361	1.581	2.809	3.6309060023384347	4.341764379303769	(9, 1.361)	2	3	2
r10i1231p1f1	1922-08-18	7	1.156	1.37	0.748	3.1094813887329087	2.698212224162541	(7, 1.156)	1	1	1
r10i1231p1f1	1924-07-11	3	1.705	1.945	1.969	2.2884293597712166	2.4186977672897023	(3, 1.705)	2	2	0
r10i1231p1f1	1925-06-13	7	1.592	1.836	3.803	3.4172102424282365	4.268753586944986	(7, 1.592)	2	2	0
r10i1231p1f1	1927-06-17	7	1.425	1.817	2.63	3.3102279757409065	3.9061715517500826	(7, 1.425)	2	3	2
r10i1231p1f1	1929-07-11	7	1.655	2.158	4.241	3.454770657972754	4.376315597345756	(7, 1.655)	0	2	0
r10i1231p1f1	1929-07-20	3	1.27	1.328	0.663	2.0280316058632835	1.4917909051826959	(3, 1.27)	1	1	1
r10i1231p1f1	1929-08-17	10	1.71	2.479	6.612	4.008694948318997	5.34753505308025	(10, 1.71)	0	0	4
r10i1231p1f1	1931-07-03	4	1.127	1.22	0.31	2.3041838143577427	1.247032293786383	(4, 1.127)	1	1	1
r10i1231p1f1	1935-06-15	10	1.758	2.126	7.086	4.035882497806411	5.416451429473945	(10, 1.758)	0	0	4
r10i1231p1f1	1935-07-01	9	1.703	2.345	5.884	3.8497432646577	5.074348474734039	(9, 1.703)	0	0	4
r10i1231p1f1	1935-07-31	11	1.593	1.822	5.985	4.07952218827484	5.390668596032773	(11, 1.593)	0	0	4
r10i1231p1f1	1935-08-21	4	1.545	1.928	1.983	2.5922651681085	2.8251811723589517	(4, 1.545)	2	2	0
r10i1231p1f1	1935-08-27	3	1.435	1.639	1.157	2.134932860799873	1.947615601525812	(3, 1.435)	2	3	3
r10i1231p1f1	1936-07-10	5	1.296	1.399	1.236	2.7401766099921643	2.6959033999037683	(5, 1.296)	1	1	1
r10i1231p1f1	1937-08-06	9	1.484	1.994	3.918	3.7152292294367184	4.670826831791233	(9, 1.484)	0	0	2
r10i1231p1f1	1940-06-26	3	1.149	1.291	0.299	1.9416696183705373	0.9375235416145502	(3, 1.149)	1	1	1
r10i1231p1f1	1940-07-05	5	1.24	1.473	0.955	2.698916714880855	2.457640328663985	(5, 1.24)	1	1	1
r10i1231p1f1	1941-06-04	4	1.247	1.37	0.79	2.3957110709835296	1.9906103279732201	(4, 1.247)	1	1	1
r10i1231p1f1	1941-06-13	5	1.418	1.535	1.845	2.8245715202681683	3.073976153187677	(5, 1.418)	2	3	3
r10i1231p1f1	1942-06-29	6	1.57	1.92	3.127	3.181140452533803	3.8492392436202474	(6, 1.57)	2	2	0
r10i1231p1f1	1945-08-06	4	1.241	1.409	0.769	2.3913283028284344	1.967392037871213	(4, 1.241)	1	1	1
r10i1231p1f1	1946-06-09	10	1.559	1.904	5.101	3.9180032624325762	5.089494430519061	(10, 1.559)	0	0	4
r10i1231p1f1	1946-07-03	6	1.526	1.72	2.863	3.1539117448166505	3.762996984114629	(6, 1.526)	2	3	3
r10i1231p1f1	1946-07-31	3	1.411	1.57	1.087	2.1200760468377458	1.8943488012231606	(3, 1.411)	1	3	3
r10i1231p1f1	1946-08-17	10	1.409	1.648	3.598	3.818953143336005	4.743006364076401	(10, 1.409)	2	3	2
r10i1231p1f1	1948-06-18	3	1.115	1.161	0.198	1.9159971769397985	0.7074633039401214	(3, 1.115)	1	1	1
r10i1231p1f1	1949-07-16	3	1.424	1.543	1.125	2.128150875193778	1.9236165511600132	(3, 1.424)	1	3	3
r10i1231p1f1	1949-08-15	5	1.572	1.805	2.612	2.921843201455584	3.4079428393598374	(5, 1.572)	2	2	0
r10i1231p1f1	1952-06-11	3	1.243	1.375	0.581	2.009396884415142	1.3910242967152038	(3, 1.243)	1	1	1
r10i1231p1f1	1952-07-20	3	1.374	1.691	0.976	2.0967304028960037	1.8035965939757768	(3, 1.374)	1	3	3
r10i1231p1f1	1952-08-11	6	1.54	1.725	2.943	3.1626561091831285	3.789925196768984	(6, 1.54)	2	3	0
r10i1231p1f1	1953-06-17	3	1.277	1.322	0.684	2.0328066751850744	1.5160429140673506	(3, 1.277)	1	1	1
r10i1231p1f1	1954-06-22	3	1.23	1.351	0.543	2.000299233099087	1.340645832792137	(3, 1.23)	1	1	1
r10i1231p1f1	1954-08-06	3	1.629	1.993	1.739	2.247551369450845	2.3061894956319393	(3, 1.629)	2	2	0
r10i1231p1f1	1957-07-14	7	1.495	1.689	3.121	3.356471508521439	4.074171257411577	(7, 1.495)	2	3	2
r10i1231p1f1	1958-06-08	4	1.353	1.751	1.215	2.470131364205846	2.372111155642656	(4, 1.353)	2	3	3
r10i1231p1f1	1958-06-27	10	1.343	1.58	2.943	3.7720569886806397	4.543994872668197	(10, 1.343)	2	3	2
r10i1231p1f1	1959-08-24	3	1.54	1.836	1.472	2.1974550764323966	2.1574132254427836	(3, 1.54)	2	3	3
r10i1231p1f1	1961-06-09	3	1.349	1.43	0.898	2.0806420230924974	1.734508970370274	(3, 1.349)	1	1	1
r10i1231p1f1	1961-06-19	8	1.224	1.454	1.4	3.3567562907417097	3.4867138133575004	(8, 1.224)	1	3	2
r10i1231p1f1	1961-08-02	3	1.267	1.509	0.653	2.0259781469017057	1.4800322901371412	(3, 1.267)	1	1	1
r10i1231p1f1	1962-08-09	4	1.565	1.913	2.063	2.604170070614818	2.862429426239571	(4, 1.565)	2	2	0
r10i1231p1f1	1963-06-14	7	1.471	1.604	2.953	3.3408563055814655	4.019806439764727	(7, 1.471)	2	3	2
r10i1231p1f1	1963-08-08	3	1.148	1.238	0.298	1.9409238784254021	0.9354866739845107	(3, 1.148)	1	1	1
r10i1231p1f1	1963-08-23	3	1.382	1.487	1.0	2.1018244949350686	1.823928522430647	(3, 1.382)	1	1	3
r10i1231p1f1	1966-07-10	5	1.335	1.805	1.43	2.7679375315664663	2.832500504112271	(5, 1.335)	2	3	3
r10i1231p1f1	1967-07-11	6	1.372	1.708	1.934	3.0523110543392895	3.3818065547232723	(6, 1.372)	2	3	3
r10i1231p1f1	1968-06-21	6	1.421	1.622	2.228	3.0857717487924132	3.5188257055446384	(6, 1.421)	2	3	3
r10i1231p1f1	1968-08-21	14	1.4	2.186	4.917	4.308601878047164	5.555159532218422	(14, 1.4)	0	0	4
r10i1231p1f1	1969-05-29	13	1.314	1.881	3.444	4.136605950517535	5.090233236446042	(13, 1.314)	0	0	2
r10i1231p1f1	1969-07-27	13	1.969	2.887	11.953	4.53572681301971	6.33018961409852	(13, 1.969)	0	0	4
r10i1231p1f1	1970-07-31	3	1.312	1.396	0.787	2.0563458755484163	1.6271544352619451	(3, 1.312)	1	1	1
r10i1231p1f1	1971-07-01	6	1.324	1.718	1.65	3.018410493576786	3.2288241142758576	(6, 1.324)	2	3	3
r10i1231p1f1	1973-06-23	3	1.38	1.537	0.993	2.1005534026504553	1.8180409580317884	(3, 1.38)	1	3	3
r10i1231p1f1	1974-07-05	3	1.149	1.262	0.298	1.9416696183705373	0.9354866739845107	(3, 1.149)	1	1	1
r10i1231p1f1	1974-08-03	6	1.619	2.032	3.42	3.210615536888097	3.936979573850542	(6, 1.619)	2	2	0
r10i1231p1f1	1974-08-11	6	1.476	1.722	2.56	3.122042456733163	3.6538780508183932	(6, 1.476)	2	3	3
r10i1231p1f1	1976-08-15	3	1.274	1.482	0.675	2.0307630082612924	1.505721130733336	(3, 1.274)	1	1	1
r10i1231p1f1	1979-07-01	15	1.616	2.387	8.504	4.552624700695251	6.204634033684658	(15, 1.616)	0	0	4
r10i1231p1f1	1979-08-01	3	1.36	1.534	0.932	2.0877528189887515	1.7652125400234207	(3, 1.36)	1	1	3
r10i1231p1f1	1979-08-22	6	1.502	1.678	2.718	3.1387411806536503	3.7122609325509703	(6, 1.502)	2	3	3
r10i1231p1f1	1980-06-30	4	1.167	1.231	0.473	2.335632947040246	1.5652770166483305	(4, 1.167)	1	1	1
r10i1231p1f1	1982-08-26	4	1.254	1.447	0.818	2.400800140491001	2.020752545331156	(4, 1.254)	1	1	1
r10i1231p1f1	1983-06-09	3	1.169	1.393	0.359	1.9564688071658214	1.0527144894884186	(3, 1.169)	1	1	1
r10i1231p1f1	1985-07-05	3	1.342	1.539	0.88	2.0760905021222955	1.7178642673569477	(3, 1.342)	1	1	3
r10i1231p1f1	1985-07-21	3	1.344	1.582	0.886	2.077393051971457	1.7234433412910362	(3, 1.344)	1	1	3
r10i1231p1f1	1985-08-03	10	1.323	1.485	2.742	3.7574006614121327	4.474031966773373	(10, 1.323)	2	3	2
r10i1231p1f1	1987-08-02	4	1.711	1.948	2.648	2.6870308338781346	3.099371308313477	(4, 1.711)	2	2	0
r10i1231p1f1	1988-07-02	4	1.744	2.235	2.779	2.7048450701532616	3.1455306386423856	(4, 1.744)	2	2	0
r10i1231p1f1	1989-07-30	5	1.235	1.35	0.93	2.6951486502583273	2.4334129928181576	(5, 1.235)	1	1	1
r10i1231p1f1	1990-06-28	7	1.168	1.469	0.831	3.1193499310631956	2.79669185480769	(7, 1.168)	1	1	1
r10i1231p1f1	1990-08-02	3	1.421	1.7	1.117	2.126293232111315	1.9175257032512696	(3, 1.421)	2	3	3
r10i1231p1f1	1991-08-17	4	1.054	1.144	0.019	2.2441081632350697	0.1414995622736995	(4, 1.054)	1	1	1
r10i1231p1f1	1991-08-29	5	1.367	1.522	1.59	2.790153837523084	2.9326188922153533	(5, 1.367)	1	3	3
r10i1231p1f1	1992-06-14	3	1.169	1.229	0.359	1.9564688071658214	1.0527144894884186	(3, 1.169)	1	1	1
r10i1231p1f1	1992-07-23	3	1.499	1.634	1.349	2.1735046352904637	2.0806420230924974	(3, 1.499)	2	3	3
r10i1231p1f1	1994-08-06	3	1.479	1.608	1.29	2.161609999865051	2.041614618038424	(3, 1.479)	2	3	3
r10i1231p1f1	1995-08-03	3	1.059	1.079	0.029	1.8722213837369455	0.14036038958163513	(3, 1.059)	1	1	1
r10i1231p1f1	1996-08-14	3	1.349	1.521	0.899	2.0806420230924974	1.7354256026520178	(3, 1.349)	1	1	3
r10i1231p1f1	1997-07-27	10	1.477	2.168	4.283	3.865074805654663	4.9158875387917025	(10, 1.477)	0	0	2
r10i1231p1f1	1997-08-30	3	1.434	1.649	1.153	2.1343182137754835	1.9446470292811249	(3, 1.434)	2	3	3
r10i1231p1f1	1999-06-09	3	1.228	1.334	0.536	1.9988922189911715	1.331082266299207	(3, 1.228)	1	1	1
r10i1231p1f1	1999-07-05	6	1.351	1.396	1.812	3.03762076420504	3.318932992007635	(6, 1.351)	1	3	3
r10i1231p1f1	2002-07-07	4	1.228	1.346	0.716	2.381765890868487	1.9062779226706468	(4, 1.228)	1	1	1
r10i1231p1f1	2002-07-23	15	1.686	2.125	9.55	4.594591921164061	6.320417269238821	(15, 1.686)	0	0	4
r10i1231p1f1	2002-08-14	6	1.328	1.866	1.673	3.021279850825994	3.242122633296822	(6, 1.328)	2	3	3
r10i1231p1f1	2004-06-13	6	1.191	1.313	0.854	2.917989827104379	2.6064740299950047	(6, 1.191)	1	1	1
r10i1231p1f1	2004-08-29	5	1.493	1.73	2.219	2.8731265465709366	3.250730018269435	(5, 1.493)	2	3	3
r10i1231p1f1	2007-06-13	9	1.113	1.184	0.578	3.4356310139800446	2.809764075839839	(9, 1.113)	1	1	1
r10i1231p1f1	2007-07-24	5	1.982	2.31	4.666	3.142402198909383	3.973446666329128	(5, 1.982)	0	2	0
r10i1231p1f1	2007-08-07	3	1.26	1.373	0.632	2.021170280523964	1.4548797602030414	(3, 1.26)	1	1	1
r10i1251p1f1	1851-06-05	6	1.422	1.565	2.186	3.086443096396323	3.500363978538688	(6, 1.422)	2	3	3
r10i1251p1f1	1853-07-04	3	1.415	1.685	1.072	2.1225675612702424	1.8825557489911475	(3, 1.415)	2	3	3
r10i1251p1f1	1853-07-24	4	1.378	1.598	1.282	2.486904652450673	2.420901319812088	(4, 1.378)	1	3	3
r10i1251p1f1	1855-07-28	7	1.327	1.543	1.883	3.241669422924157	3.5800029878265973	(7, 1.327)	1	3	2
r10i1251p1f1	1857-07-04	5	1.165	1.306	0.533	2.6408482940902527	1.9400531962639518	(5, 1.165)	1	1	1
r10i1251p1f1	1859-06-01	5	1.445	1.535	1.934	2.8423241343256467	3.1189572457512926	(5, 1.445)	2	3	3
r10i1251p1f1	1859-08-11	4	1.446	1.888	1.552	2.53115390095332	2.5964480245209076	(4, 1.446)	2	3	3
r10i1251p1f1	1859-08-18	3	1.163	1.285	0.315	1.9520520017200835	0.9695615147398962	(3, 1.163)	1	1	1
r10i1251p1f1	1859-08-29	3	1.199	1.242	0.423	1.9782648663799822	1.162517007371878	(3, 1.199)	1	1	1
r10i1251p1f1	1860-06-12	10	1.414	1.66	3.561	3.8224178554747295	4.732760153689317	(10, 1.414)	2	0	2
r10i1251p1f1	1860-06-28	6	1.503	1.69	2.671	3.139377903789639	3.695247202349156	(6, 1.503)	2	3	3
r10i1251p1f1	1861-07-01	5	1.383	1.665	1.624	2.8010796039966817	2.952661501244864	(5, 1.383)	2	3	3
r10i1251p1f1	1861-08-27	3	1.226	1.291	0.505	1.9974832224048533	1.2875941092124685	(3, 1.226)	1	1	1
r10i1251p1f1	1862-07-29	4	1.417	1.671	1.438	2.5125218168209735	2.5260485931191754	(4, 1.417)	2	3	3
r10i1251p1f1	1863-07-19	10	1.348	1.555	2.897	3.775687751004547	4.528409909900153	(10, 1.348)	2	3	2
r10i1251p1f1	1863-07-31	7	1.182	1.341	0.87	3.1307414763928896	2.8398165234954016	(7, 1.182)	1	1	1
r10i1251p1f1	1863-08-18	3	1.154	1.249	0.288	1.9453899989154602	0.9148865055054374	(3, 1.154)	1	1	1
r10i1251p1f1	1863-08-24	5	1.69	2.116	3.161	2.9904571047783253	3.592948076977059	(5, 1.69)	2	2	0
r10i1251p1f1	1864-06-13	4	1.21	1.378	0.608	2.3683728335320486	1.7688319645843502	(4, 1.21)	1	1	1
r10i1251p1f1	1865-07-29	3	1.241	1.288	0.548	2.0080026216671287	1.3474213846864285	(3, 1.241)	1	1	1
r10i1251p1f1	1866-08-22	3	1.386	1.644	0.983	2.1043618427217843	1.8095695623406716	(3, 1.386)	1	3	3
r10i1251p1f1	1867-07-09	3	1.254	1.388	0.587	2.017030773679079	1.3987518118981863	(3, 1.254)	1	1	1
r10i1251p1f1	1868-08-09	4	1.349	1.611	1.163	2.4674213354469807	2.332532169361998	(4, 1.349)	1	3	3
r10i1251p1f1	1868-08-27	3	1.218	1.292	0.479	1.991827299029127	1.2496028406831776	(3, 1.218)	1	1	1
r10i1251p1f1	1869-06-03	3	1.292	1.422	0.703	2.042962826728956	1.5374896394392314	(3, 1.292)	1	1	1
r10i1251p1f1	1871-06-25	3	1.268	1.353	0.63	2.0266631018505987	1.4524509536388943	(3, 1.268)	1	1	1
r10i1251p1f1	1871-07-18	7	1.455	2.04	2.779	3.3303090400201523	3.9601996529421357	(7, 1.455)	2	2	2
r10i1251p1f1	1871-08-23	4	1.498	1.739	1.761	2.56371783021229	2.7138997258911015	(4, 1.498)	2	3	3
r10i1251p1f1	1872-08-12	3	1.419	1.884	1.082	2.12505288348338	1.8904332164023727	(3, 1.419)	2	3	3
r10i1251p1f1	1874-06-22	3	1.26	1.375	0.607	2.021170280523964	1.4240872574909593	(3, 1.26)	1	1	1
r10i1251p1f1	1874-06-29	5	1.425	1.65	1.834	2.8292043977637307	3.068273531901434	(5, 1.425)	2	3	3
r10i1251p1f1	1874-08-13	3	1.211	1.255	0.458	1.9868519878999251	1.2178277230180439	(3, 1.211)	1	1	1
r10i1251p1f1	1875-06-09	5	1.706	2.042	3.24	2.9994085003478332	3.616961807017034	(5, 1.706)	2	2	0
r10i1251p1f1	1876-05-31	3	1.409	1.562	1.053	2.118827957881691	1.8674154154423224	(3, 1.409)	1	3	3
r10i1251p1f1	1876-06-27	8	1.471	1.74	3.305	3.534705910809028	4.327882084293993	(8, 1.471)	2	3	2
r10i1251p1f1	1877-07-08	10	1.401	1.554	3.426	3.8133845133494986	4.694458933642009	(10, 1.401)	2	3	2
r10i1251p1f1	1877-08-06	3	1.257	1.335	0.597	2.019102669039607	1.4114997681491706	(3, 1.257)	1	1	1
r10i1251p1f1	1877-08-11	14	1.459	1.794	5.616	4.3493367682090796	5.6875991291351955	(14, 1.459)	0	0	4
r10i1251p1f1	1878-07-21	6	1.704	2.067	3.879	3.259771408880947	4.0606054848215125	(6, 1.704)	2	2	0
r10i1251p1f1	1880-08-29	3	1.333	1.391	0.826	2.070207940322535	1.666200384784523	(3, 1.333)	1	1	1
r10i1251p1f1	1882-07-21	3	1.567	1.849	1.527	2.2129197442127446	2.1899229574343737	(3, 1.567)	2	3	3
r10i1251p1f1	1882-08-13	3	1.31	1.378	0.755	2.055015601727822	1.5939374138423597	(3, 1.31)	1	1	1
r10i1251p1f1	1882-08-23	4	1.19	1.252	0.529	2.3532782073095637	1.6547936141548976	(4, 1.19)	1	1	1
r10i1251p1f1	1883-05-31	3	1.514	1.7	1.367	2.1823336747840143	2.0922516855351465	(3, 1.514)	2	3	3
r10i1251p1f1	1883-07-07	7	1.193	1.502	0.947	3.139601820277081	2.9198596536890182	(7, 1.193)	1	1	1
r10i1251p1f1	1883-08-16	5	1.488	1.807	2.148	2.86996187223652	3.21949043908809	(5, 1.488)	2	3	3
r10i1251p1f1	1884-08-24	4	1.266	1.478	0.831	2.409464454621142	2.0344441757491003	(4, 1.266)	1	1	1
r10i1251p1f1	1886-07-30	3	1.342	1.526	0.852	2.0760905021222955	1.6914089499878149	(3, 1.342)	1	1	3
r10i1251p1f1	1886-08-09	4	1.23	1.353	0.689	2.3832429960115	1.8736466287002391	(4, 1.23)	1	1	1
r10i1251p1f1	1887-07-04	4	1.485	1.735	1.708	2.5556757206762075	2.6853955105374037	(4, 1.485)	2	3	3
r10i1251p1f1	1888-06-27	10	1.715	2.227	6.57	4.011561720940399	5.341193133543764	(10, 1.715)	0	0	4
r10i1251p1f1	1889-07-11	6	1.702	1.964	3.866	3.258642129670895	4.057306442753111	(6, 1.702)	2	2	0
r10i1251p1f1	1889-07-23	4	1.254	1.335	0.783	2.400800140491001	1.9829306412989922	(4, 1.254)	1	1	1
r10i1251p1f1	1889-08-08	4	1.877	2.397	3.276	2.7735882225728647	3.303511047704894	(4, 1.877)	2	2	0
r10i1251p1f1	1889-08-16	6	1.879	2.477	4.928	3.353950184112072	4.296285079046286	(6, 1.879)	0	2	0
r10i1251p1f1	1889-08-26	3	1.112	1.131	0.162	1.913699997788122	0.6107306994734419	(3, 1.112)	1	1	1
r10i1251p1f1	1890-06-10	4	1.197	1.336	0.557	2.3585872831093306	1.696715920541161	(4, 1.197)	1	1	1
r10i1251p1f1	1890-06-19	4	1.441	1.613	1.534	2.527966139248447	2.5856565528881434	(4, 1.441)	2	3	3
r10i1251p1f1	1891-07-17	9	1.253	1.571	1.758	3.550507794847184	3.880862521178522	(9, 1.253)	1	3	2
r10i1251p1f1	1892-06-17	4	1.287	1.447	0.915	2.4244486807508863	2.1186622548331173	(4, 1.287)	1	1	1
r10i1251p1f1	1894-06-26	3	1.202	1.269	0.431	1.980418569647406	1.175431867387346	(3, 1.202)	1	1	1
r10i1251p1f1	1894-08-06	6	1.541	1.702	2.899	3.163277790442658	3.775204492388852	(6, 1.541)	2	3	3
r10i1251p1f1	1894-08-21	12	1.53	1.84	5.66	4.168228430100953	5.465025083041027	(12, 1.53)	0	0	4
r10i1251p1f1	1896-07-30	8	1.456	2.213	3.184	3.524756861466198	4.2910852140998	(8, 1.456)	0	2	0
r10i1251p1f1	1897-07-20	3	1.337	1.543	0.836	2.072826685323001	1.6759713346918745	(3, 1.337)	1	1	3
r10i1251p1f1	1898-06-25	7	1.448	1.649	2.733	3.3256593979016302	3.943829151024648	(7, 1.448)	2	3	2
r10i1251p1f1	1900-07-22	3	1.414	1.62	1.069	2.121945264387058	1.8801803570932276	(3, 1.414)	1	3	3
r10i1251p1f1	1900-08-18	3	1.352	1.372	0.882	2.0825863510166935	1.7197274192609726	(3, 1.352)	1	1	1
r10i1251p1f1	1901-05-31	4	1.188	1.262	0.521	2.351756137000495	1.6424857664803008	(4, 1.188)	1	1	1
r10i1251p1f1	1901-07-24	4	1.125	1.218	0.267	2.302585092994046	1.1429481024881614	(4, 1.125)	1	1	1
r10i1251p1f1	1902-06-10	4	1.302	1.349	0.975	2.4350158801745354	2.174751721484161	(4, 1.302)	1	1	1
r10i1251p1f1	1905-06-25	5	1.384	1.661	1.631	2.801758517049744	2.956738521181724	(5, 1.384)	2	3	3
r10i1251p1f1	1905-08-28	5	1.712	2.083	3.272	3.0027447231262783	3.626527131153278	(5, 1.712)	2	2	0
r10i1251p1f1	1906-07-10	3	1.384	1.543	0.978	2.1030939735949343	1.80530679991362	(3, 1.384)	1	3	3
r10i1251p1f1	1907-07-26	8	1.357	1.544	2.393	3.4564871668621238	4.010009761388895	(8, 1.357)	2	3	2
r10i1251p1f1	1908-06-22	3	1.206	1.333	0.443	1.9832829775946443	1.1944967045549193	(3, 1.206)	1	1	1
r10i1251p1f1	1909-06-03	3	1.276	1.395	0.655	2.032125916835549	1.4823951003662912	(3, 1.276)	1	1	1
r10i1251p1f1	1910-06-23	3	1.297	1.472	0.718	2.0463254175420507	1.554102235353397	(3, 1.297)	1	1	1
r10i1251p1f1	1911-07-04	3	1.398	1.644	1.02	2.111935484477859	1.8405616128750606	(3, 1.398)	1	3	3
r10i1251p1f1	1911-08-13	6	1.366	1.528	1.847	3.048135803165188	3.3373784355069995	(6, 1.366)	1	3	3
r10i1251p1f1	1912-06-04	6	1.158	1.225	0.598	2.891429794248112	2.2812357282207674	(6, 1.158)	1	1	1
r10i1251p1f1	1913-06-26	9	1.285	1.634	2.048	3.575010622954424	4.030623484664248	(9, 1.285)	2	3	2
r10i1251p1f1	1914-07-24	4	1.431	1.652	1.491	2.521559967436036	2.5593955017787398	(4, 1.431)	2	3	3
r10i1251p1f1	1914-07-30	3	1.355	1.55	0.891	2.0845269058647236	1.728068910003648	(3, 1.355)	1	1	3
r10i1251p1f1	1914-08-07	4	1.237	1.354	0.716	2.388395749407157	1.9062779226706468	(4, 1.237)	1	1	1
r10i1251p1f1	1915-06-05	8	1.168	1.302	0.882	3.311594396760591	3.0424909371565363	(8, 1.168)	1	1	1
r10i1251p1f1	1916-08-02	3	1.568	1.713	1.532	2.2134879421592317	2.1928266440992212	(3, 1.568)	2	3	3
r10i1251p1f1	1918-06-16	6	1.391	1.573	1.998	3.0654188360675367	3.4132736042246923	(6, 1.391)	2	3	3
r10i1251p1f1	1918-06-25	3	1.539	1.952	1.444	2.1968776925726012	2.140447749317067	(3, 1.539)	2	3	3
r10i1251p1f1	1921-08-16	8	1.281	1.739	1.787	3.400721307503466	3.724130620554573	(8, 1.281)	2	3	2
r10i1251p1f1	1922-06-23	3	1.505	1.771	1.341	2.177045610799638	2.0754385904061903	(3, 1.505)	2	3	3
r10i1251p1f1	1922-07-12	5	1.285	1.459	1.136	2.7322052224153808	2.6174590507043134	(5, 1.285)	1	1	1
r10i1251p1f1	1922-07-25	10	1.427	1.73	3.686	3.831370326322915	4.766962064956027	(10, 1.427)	0	0	2
r10i1251p1f1	1923-08-26	4	1.846	2.196	3.153	2.757982569850419	3.2666750220014737	(4, 1.846)	2	2	0
r10i1251p1f1	1926-06-03	3	1.433	1.623	1.126	2.133703188727767	1.9243753052704822	(3, 1.433)	2	3	3
r10i1251p1f1	1926-07-04	4	1.092	1.106	0.137	2.275830355685226	0.7400307664587957	(4, 1.092)	1	1	1
r10i1251p1f1	1927-06-22	5	1.376	1.599	1.592	2.796314262805641	2.9338090549107845	(5, 1.376)	2	3	3
r10i1251p1f1	1927-07-21	3	1.294	1.649	0.707	2.044309220199835	1.541946719189544	(3, 1.294)	1	1	3
r10i1251p1f1	1927-08-07	4	1.539	1.985	1.925	2.5886658840788526	2.797281334830153	(4, 1.539)	2	2	0
r10i1251p1f1	1927-08-25	4	1.331	1.623	1.091	2.4551344914543303	2.275008325223811	(4, 1.331)	1	3	3
r10i1251p1f1	1928-08-20	6	1.527	2.32	2.812	3.1545388844094036	3.745443866547812	(6, 1.527)	2	2	0
r10i1251p1f1	1929-07-14	3	1.329	1.594	0.812	2.0675823194866925	1.6523586503605283	(3, 1.329)	1	1	3
r10i1251p1f1	1932-06-02	7	1.317	1.414	1.816	3.234401922271251	3.5448009403899556	(7, 1.317)	1	3	2
r10i1251p1f1	1932-07-16	8	1.448	1.862	3.118	3.5194099491471964	4.270428457968147	(8, 1.448)	2	3	2
r10i1251p1f1	1933-07-23	3	1.111	1.138	0.158	1.9129330972319676	0.599381453008204	(3, 1.111)	1	1	1
r10i1251p1f1	1933-08-14	4	1.646	2.05	2.351	2.6509859004805323	2.9860858965021855	(4, 1.646)	2	2	0
r10i1251p1f1	1934-06-20	9	1.303	1.68	2.206	3.588534119165061	4.103667633682952	(9, 1.303)	2	3	2
r10i1251p1f1	1934-08-28	7	1.348	1.692	2.033	3.25676139215715	3.654590419818634	(7, 1.348)	2	3	2
r10i1251p1f1	1935-06-02	6	1.121	1.207	0.379	2.860786624766768	1.8825350917970147	(6, 1.121)	1	1	1
r10i1251p1f1	1937-07-31	3	1.138	1.177	0.239	1.9334357313176844	0.8073149909471471	(3, 1.138)	1	1	1
r10i1251p1f1	1938-06-01	5	1.443	1.609	1.923	2.841019879358309	3.113506135997655	(5, 1.443)	2	3	3
r10i1251p1f1	1938-06-08	3	1.228	1.41	0.511	1.9988922189911715	1.2961600824001045	(3, 1.228)	1	1	1
r10i1251p1f1	1938-06-23	8	1.928	2.466	6.957	3.798309029280868	5.065243043285774	(8, 1.928)	0	0	4
r10i1251p1f1	1938-07-27	5	1.656	2.04	2.991	2.971165099347932	3.539230195274564	(5, 1.656)	2	2	0
r10i1251p1f1	1941-08-10	3	1.239	1.379	0.544	2.0066064122360014	1.3420046207966683	(3, 1.239)	1	1	1
r10i1251p1f1	1941-08-21	6	1.478	2.017	2.521	3.123336920624489	3.638926888162377	(6, 1.478)	2	2	0
r10i1251p1f1	1943-07-12	4	1.355	1.589	1.189	2.4714836294558595	2.352517461742255	(4, 1.355)	1	3	3
r10i1251p1f1	1944-08-15	3	1.543	1.736	1.457	2.1991852304697743	2.1483603864132905	(3, 1.543)	2	3	3
r10i1251p1f1	1945-06-18	4	1.479	1.991	1.682	2.5519420511241586	2.671109553289927	(4, 1.479)	2	3	3
r10i1251p1f1	1946-06-18	5	1.265	1.375	1.037	2.717546960968081	2.5332214996909945	(5, 1.265)	1	1	1
r10i1251p1f1	1946-07-12	5	1.857	2.279	3.994	3.0801603286471657	3.8210973049659938	(5, 1.857)	0	2	0
r10i1251p1f1	1946-07-22	4	1.661	2.183	2.414	2.6594200241341435	3.011211844402377	(4, 1.661)	2	2	0
r10i1251p1f1	1948-07-09	3	1.435	1.609	1.131	2.134932860799873	1.9281604641562224	(3, 1.435)	2	3	3
r10i1251p1f1	1948-07-30	5	1.52	1.787	2.309	2.8900448505232386	3.288976528358053	(5, 1.52)	2	3	3
r10i1251p1f1	1950-06-05	4	1.295	1.455	0.946	2.4300984132930052	2.1480343331454477	(4, 1.295)	1	1	1
r10i1251p1f1	1950-06-30	3	1.521	1.71	1.388	2.1864273672360484	2.1056281063918063	(3, 1.521)	2	3	3
r10i1251p1f1	1950-08-27	6	1.578	1.956	3.121	3.186012446573146	3.847359568187183	(6, 1.578)	2	2	0
r10i1251p1f1	1952-06-01	5	1.474	1.656	2.08	2.861047129567028	3.188627191747147	(5, 1.474)	2	3	3
r10i1251p1f1	1952-07-26	4	1.715	2.017	2.629	2.6892071133007303	3.092495941986299	(4, 1.715)	2	2	0
r10i1251p1f1	1952-08-03	7	1.232	1.487	1.221	3.1703979028242055	3.1618074215702245	(7, 1.232)	1	1	1
r10i1251p1f1	1952-08-16	4	1.595	1.934	2.148	2.6217658325051976	2.9005420865502423	(4, 1.595)	2	2	0
r10i1251p1f1	1953-06-19	4	1.517	1.766	1.838	2.5753565527100726	2.75391545697416	(4, 1.517)	2	3	3
r10i1251p1f1	1954-06-06	3	1.294	1.362	0.709	2.044309220199835	1.5441678315477239	(3, 1.294)	1	1	1
r10i1251p1f1	1954-08-18	4	1.317	1.618	1.038	2.445472580542593	2.2304444152163634	(4, 1.317)	1	3	3
r10i1251p1f1	1955-06-15	3	1.347	1.473	0.868	2.0793437010668283	1.7066118639562837	(3, 1.347)	1	1	1
r10i1251p1f1	1957-07-06	3	1.417	1.601	1.077	2.1238109944799253	1.886502239488306	(3, 1.417)	1	3	3
r10i1251p1f1	1957-08-13	7	1.245	1.435	1.31	3.1804560541934412	3.22928306211433	(7, 1.245)	1	1	1
r10i1251p1f1	1959-07-14	3	1.195	1.274	0.411	1.9753860276277764	1.1428264897787204	(3, 1.195)	1	1	1
r10i1251p1f1	1960-08-07	5	1.216	1.552	0.792	2.68069910024658	2.2879616082270986	(5, 1.216)	1	1	1
r10i1251p1f1	1960-08-21	3	1.221	1.333	0.488	1.9939520208237795	1.2629176298947784	(3, 1.221)	1	1	1
r10i1251p1f1	1960-08-28	3	1.367	1.431	0.926	2.0922516855351465	1.759862311451134	(3, 1.367)	1	1	1
r10i1251p1f1	1962-06-10	3	1.379	1.489	0.963	2.0999172501159333	1.7924083891450562	(3, 1.379)	1	1	3
r10i1251p1f1	1962-08-29	5	1.242	1.426	0.919	2.7004199741703525	2.422564147334184	(5, 1.242)	1	1	1
r10i1251p1f1	1963-07-15	4	1.359	1.548	1.204	2.4741826864250247	2.363868321410944	(4, 1.359)	1	3	3
r10i1251p1f1	1964-08-30	3	1.831	2.166	2.318	2.3527224527141732	2.5683804886876755	(3, 1.831)	2	2	0
r10i1251p1f1	1965-06-09	3	1.125	1.205	0.202	1.9236165511600132	0.7176557710420871	(3, 1.125)	1	1	1
r10i1251p1f1	1965-06-17	7	1.354	1.634	2.071	3.2610318767069293	3.6726346375873704	(7, 1.354)	2	3	2
r10i1251p1f1	1965-08-04	4	1.653	2.041	2.382	2.654930678771549	2.9985283608559925	(4, 1.653)	2	2	0
r10i1251p1f1	1966-07-07	3	1.539	1.87	1.443	2.1968776925726012	2.1398364837060835	(3, 1.539)	2	3	3
r10i1251p1f1	1968-07-11	4	1.236	1.316	0.713	2.387661265349165	1.9027043631797818	(4, 1.236)	1	1	1
r10i1251p1f1	1969-07-01	4	1.386	1.808	1.313	2.4922132249704383	2.442694800978691	(4, 1.386)	2	3	3
r10i1251p1f1	1969-07-21	5	1.345	1.611	1.433	2.774933293376471	2.834472965622476	(5, 1.345)	1	3	3
r10i1251p1f1	1970-07-01	3	1.412	1.578	1.061	2.1206995076541357	1.8738182540964106	(3, 1.412)	1	3	3
r10i1251p1f1	1970-08-23	4	1.293	1.498	0.941	2.428688969789772	2.1433548674234886	(4, 1.293)	1	1	1
r10i1251p1f1	1972-08-10	5	1.334	1.47	1.38	2.7672352560973157	2.799040094911151	(5, 1.334)	1	3	3
r10i1251p1f1	1973-06-01	6	1.253	1.35	1.17	2.9660595549657884	2.901169803833383	(6, 1.253)	1	1	1
r10i1251p1f1	1973-06-14	3	1.377	1.667	0.957	2.0986437296880074	1.7872020781678604	(3, 1.377)	1	3	3
r10i1251p1f1	1973-06-28	5	1.365	1.597	1.537	2.788779684979346	2.9005521176859115	(5, 1.365)	1	3	3
r10i1251p1f1	1974-07-07	8	1.378	1.727	2.563	3.471363184384746	4.0774369264098675	(8, 1.378)	2	3	2
r10i1251p1f1	1974-08-14	5	1.685	1.945	3.135	2.9876432812120073	3.5849170036881257	(5, 1.685)	2	2	0
r10i1251p1f1	1976-07-08	3	1.498	1.667	1.32	2.1729132517628136	2.0616493448548585	(3, 1.498)	2	3	3
r10i1251p1f1	1978-06-27	3	1.052	1.115	-0.018	1.866612170346783	-0.09819816398862144	(3, 1.052)	1	1	1
r10i1251p1f1	1979-07-15	17	1.823	2.481	13.006	4.858099049372184	6.816327144319367	(17, 1.823)	0	0	4
r10i1251p1f1	1979-08-11	13	1.913	2.533	11.119	4.507187439421264	6.25799630820546	(13, 1.913)	0	0	4
r10i1251p1f1	1979-08-28	3	1.375	1.55	0.952	2.097368585337483	1.7828426836630467	(3, 1.375)	1	3	3
r10i1251p1f1	1980-06-29	5	1.447	1.726	1.947	2.843626690427477	3.125361389232022	(5, 1.447)	2	3	3
r10i1251p1f1	1980-08-25	3	1.507	1.899	1.348	2.1782231551049995	2.0799930727846583	(3, 1.507)	2	3	3
r10i1251p1f1	1984-06-02	13	1.523	1.673	6.051	4.282017189010207	5.6511671839456605	(13, 1.523)	0	0	4
r10i1251p1f1	1984-06-23	3	1.508	1.727	1.349	2.1788114076865774	2.0806420230924974	(3, 1.508)	2	3	3
r10i1251p1f1	1984-08-05	12	1.572	2.595	6.169	4.19489572447692	5.550788681243233	(12, 1.572)	0	0	4
r10i1251p1f1	1986-08-18	3	1.3	1.384	0.726	2.0483375580106298	1.5628507183091673	(3, 1.3)	1	1	1
r10i1251p1f1	1988-07-31	3	1.366	1.625	0.924	2.0916102281588795	1.7580725218647602	(3, 1.366)	1	3	3
r10i1251p1f1	1989-06-04	3	1.232	1.402	0.522	2.001704270299514	1.3116762955279377	(3, 1.232)	1	1	1
r10i1251p1f1	1989-06-10	6	1.492	1.821	2.605	3.1323515515106597	3.6708561222647296	(6, 1.492)	2	3	3
r10i1251p1f1	1989-07-01	7	1.422	1.63	2.551	3.3081975112157753	3.8762959505006456	(7, 1.422)	2	3	2
r10i1251p1f1	1989-08-25	4	1.395	1.565	1.347	2.498151876538021	2.4660635619865205	(4, 1.395)	1	3	3
r10i1251p1f1	1990-07-11	6	1.651	1.871	3.556	3.2294060031025333	3.975229010761147	(6, 1.651)	2	2	0
r10i1251p1f1	1991-06-16	3	1.103	1.121	0.134	1.9067766274057756	0.5284402265182326	(3, 1.103)	1	1	1
r10i1251p1f1	1991-07-01	3	1.09	1.153	0.096	1.896690813917729	0.4046852257988881	(3, 1.09)	1	1	1
r10i1251p1f1	1991-07-11	3	1.192	1.335	0.403	1.9732214466709417	1.129480726926565	(3, 1.192)	1	1	1
r10i1251p1f1	1992-07-23	5	1.485	1.789	2.134	2.8680582491735835	3.2132136376958407	(5, 1.485)	2	3	3
r10i1251p1f1	1993-08-11	6	1.15	1.249	0.555	2.884883347711904	2.2144968647865335	(6, 1.15)	1	1	1
r10i1251p1f1	1993-08-19	8	1.226	1.405	1.34	3.3583320940782735	3.444280458880142	(8, 1.226)	1	1	2
r10i1251p1f1	1996-05-31	3	1.568	1.84	1.531	2.2134879421592317	2.1922465808862563	(3, 1.568)	2	3	3
r10i1251p1f1	1996-06-20	5	1.544	1.719	2.428	2.9048467537347187	3.3374004609144907	(5, 1.544)	2	3	3
r10i1251p1f1	1996-07-20	4	1.632	1.958	2.295	2.643049350884796	2.963209081848431	(4, 1.632)	2	2	0
r10i1251p1f1	1997-07-07	4	1.432	1.547	1.496	2.5222024345316973	2.562484784433375	(4, 1.432)	2	3	3
r10i1251p1f1	1997-07-26	4	1.697	2.046	2.555	2.6793763405176025	3.0652583362026014	(4, 1.697)	2	2	0
r10i1251p1f1	1997-08-08	5	1.306	1.412	1.241	2.747368594938016	2.6996686269991383	(5, 1.306)	1	1	1
r10i1251p1f1	1998-06-14	4	1.325	1.467	1.067	2.451005098112319	2.255074110322994	(4, 1.325)	1	1	1
r10i1251p1f1	1998-07-07	3	1.34	1.565	0.846	2.074786253423948	1.6856477362196745	(3, 1.34)	1	1	3
r10i1251p1f1	1998-08-19	4	1.558	1.768	1.999	2.600019456888505	2.8327426450595286	(4, 1.558)	2	3	3
r10i1251p1f1	2000-06-20	3	1.22	1.31	0.486	1.993244281711825	1.259974070869148	(3, 1.22)	1	1	1
r10i1251p1f1	2002-06-19	7	1.168	1.271	0.77	3.1193499310631956	2.7252743151656125	(7, 1.168)	1	1	1
r10i1251p1f1	2002-07-25	10	1.5	1.995	4.416	3.88020545111777	4.946247385424312	(10, 1.5)	0	0	2
r10i1251p1f1	2002-08-18	7	1.391	1.716	2.33	3.286971032833657	3.787642843889346	(7, 1.391)	2	3	2
r10i1251p1f1	2003-07-18	4	1.467	1.705	1.638	2.5444326291020274	2.6464584450955693	(4, 1.467)	2	3	3
r10i1251p1f1	2004-07-25	5	1.527	1.782	2.345	2.8943847510690137	3.303874736200007	(5, 1.527)	2	3	3
r10i1251p1f1	2008-07-12	10	1.811	2.439	7.532	4.0650676182284355	5.4772279181554895	(10, 1.811)	0	0	4
r10i1251p1f1	2008-08-16	5	1.377	1.6	1.596	2.7969964177259863	2.9361851392506564	(5, 1.377)	2	3	3
r10i1251p1f1	2009-06-10	3	1.602	1.978	1.631	2.232617051309159	2.2486487933045867	(3, 1.602)	2	2	0
r10i1251p1f1	2009-07-26	3	1.256	1.499	0.594	2.0184125141151683	1.4076924158014976	(3, 1.256)	1	1	1
r10i1251p1f1	2010-06-15	5	1.321	1.54	1.316	2.7580605089354964	2.754509224364745	(5, 1.321)	1	3	3
r10i1251p1f1	2010-07-04	4	1.247	1.391	0.756	2.3957110709835296	1.9527438886338784	(4, 1.247)	1	1	1
r10i1281p1f1	1851-07-11	4	1.537	1.776	1.975	2.5874632381130924	2.8213788864092133	(4, 1.537)	2	3	3
r10i1281p1f1	1855-06-24	5	1.591	1.832	2.737	2.9332141506239635	3.4531757999147557	(5, 1.591)	2	2	0
r10i1281p1f1	1855-07-26	6	1.687	1.952	3.864	3.250131639823221	4.056797930421565	(6, 1.687)	2	2	0
r10i1281p1f1	1856-06-01	3	1.51	1.679	1.402	2.1799868757431247	2.114447338462442	(3, 1.51)	2	3	3
r10i1281p1f1	1856-08-16	9	1.76	2.196	6.456	3.8819760840758493	5.166567243663038	(9, 1.76)	0	0	4
r10i1281p1f1	1857-07-24	8	1.364	1.472	2.572	3.461470468292801	4.080882968828083	(8, 1.364)	2	3	2
r10i1281p1f1	1858-06-03	4	1.353	1.635	1.242	2.470131364205846	2.3920600994216485	(4, 1.353)	1	3	3
r10i1281p1f1	1858-06-20	3	1.35	1.536	0.921	2.081290552536939	1.7553818168389415	(3, 1.35)	1	1	3
r10i1281p1f1	1861-06-22	9	2.181	2.947	10.245	4.092459453186702	5.6262352617549665	(9, 2.181)	0	0	4
r10i1281p1f1	1861-07-20	12	1.858	2.313	9.774	4.35972490977468	6.0095439999941895	(12, 1.858)	0	0	4
r10i1281p1f1	1861-08-28	3	1.244	1.364	0.604	2.0100932874778716	1.4203276194229513	(3, 1.244)	1	1	1
r10i1281p1f1	1862-06-30	3	1.371	1.509	0.985	2.0948134082656926	1.8112695923709663	(3, 1.371)	1	1	3
r10i1281p1f1	1864-07-29	4	1.319	1.448	1.104	2.4468585821504703	2.285642372263734	(4, 1.319)	1	1	1
r10i1281p1f1	1865-08-18	4	1.242	1.275	0.796	2.3920600994216485	1.9971462989530058	(4, 1.242)	1	1	1
r10i1281p1f1	1866-07-19	3	1.246	1.394	0.61	2.011484640358179	1.4278328136070821	(3, 1.246)	1	1	1
r10i1281p1f1	1866-07-29	3	1.167	1.206	0.372	1.9549987051934683	1.0760151186962577	(3, 1.167)	1	1	1
r10i1281p1f1	1866-08-06	4	1.42	1.585	1.51	2.514465452029545	2.5710843460290524	(4, 1.42)	2	3	3
r10i1281p1f1	1869-07-06	4	1.372	1.871	1.318	2.4829046471173273	2.4461658214715696	(4, 1.372)	2	3	3
r10i1281p1f1	1870-07-11	3	1.589	1.932	1.639	2.2253461228047464	2.253026484832841	(3, 1.589)	2	2	0
r10i1281p1f1	1870-07-28	5	1.765	2.164	3.612	3.0317410986047744	3.7228795363817695	(5, 1.765)	2	2	0
r10i1281p1f1	1871-06-26	8	1.281	1.51	1.906	3.400721307503466	3.787091256458098	(8, 1.281)	1	3	2
r10i1281p1f1	1871-07-17	7	1.401	1.812	2.508	3.293867636032372	3.859651446070228	(7, 1.401)	2	3	2
r10i1281p1f1	1871-08-24	5	1.247	1.36	1.02	2.704168265444365	2.518014703038779	(5, 1.247)	1	1	1
r10i1281p1f1	1873-07-29	4	1.397	1.678	1.415	2.49946680111933	2.511223958105374	(4, 1.397)	2	3	3
r10i1281p1f1	1875-07-07	3	1.492	1.725	1.347	2.169357587297304	2.0793437010668283	(3, 1.492)	2	3	3
r10i1281p1f1	1875-07-13	3	1.382	1.496	1.016	2.1018244949350686	1.8372570539560484	(3, 1.382)	1	1	3
r10i1281p1f1	1875-07-30	3	1.318	1.438	0.825	2.060326112082957	1.6652180182711651	(3, 1.318)	1	1	1
r10i1281p1f1	1876-06-06	3	1.247	1.383	0.613	2.0121795915224925	1.4315643928674042	(3, 1.247)	1	1	1
r10i1281p1f1	1877-08-02	3	1.304	1.364	0.783	2.051014129423419	1.6230621489914792	(3, 1.304)	1	1	1
r10i1281p1f1	1877-08-08	3	1.142	1.271	0.296	1.9364377221875966	0.9314004498222589	(3, 1.142)	1	1	1
r10i1281p1f1	1877-08-22	3	1.43	1.545	1.161	2.131855840787614	1.950575387425793	(3, 1.43)	1	3	3
r10i1281p1f1	1880-08-06	3	1.389	1.588	1.038	2.106260637450084	1.8552984620613318	(3, 1.389)	1	3	3
r10i1281p1f1	1880-08-26	6	1.319	1.445	1.658	3.0148121801615604	3.233469771733858	(6, 1.319)	1	3	3
r10i1281p1f1	1882-08-22	3	1.516	1.677	1.419	2.1835050122308313	2.12505288348338	(3, 1.516)	2	3	3
r10i1281p1f1	1885-06-26	3	1.179	1.272	0.409	1.9637870727255824	1.1395067096493494	(3, 1.179)	1	1	1
r10i1281p1f1	1885-07-06	8	1.543	1.938	3.998	3.581130099335782	4.515949969393401	(8, 1.543)	0	2	2
r10i1281p1f1	1885-07-24	15	1.356	1.786	4.697	4.3792287399876475	5.612657344710476	(15, 1.356)	0	0	2
r10i1281p1f1	1886-08-28	5	1.16	1.267	0.586	2.636854495835966	2.021769945694297	(5, 1.16)	1	1	1
r10i1281p1f1	1887-06-15	6	1.305	1.446	1.572	3.0046674698270235	3.1823606781305664	(6, 1.305)	1	3	1
r10i1281p1f1	1887-06-27	3	1.267	1.57	0.672	2.0259781469017057	1.502256724370767	(3, 1.267)	1	1	1
r10i1281p1f1	1890-07-30	3	1.773	2.254	2.19	2.323639705392334	2.516047840632158	(3, 1.773)	2	2	0
r10i1281p1f1	1891-07-09	8	1.789	2.371	5.97	3.725222208022303	4.9132846835326465	(8, 1.789)	0	0	4
r10i1281p1f1	1891-07-24	6	1.618	2.158	3.452	3.2100226074526725	3.946111949560251	(6, 1.618)	2	2	0
r10i1281p1f1	1891-08-03	5	1.356	1.592	1.562	2.7825725232907725	2.9158061497324335	(5, 1.356)	1	3	3
r10i1281p1f1	1891-08-20	15	1.403	2.343	5.402	4.412882344607442	5.752025951461187	(15, 1.403)	0	0	4
r10i1281p1f1	1894-06-28	11	1.335	1.62	3.206	3.9060981892444167	4.7703802549014185	(11, 1.335)	2	3	2
r10i1281p1f1	1895-07-10	3	1.191	1.4	0.443	1.972498877229363	1.1944967045549193	(3, 1.191)	1	1	1
r10i1281p1f1	1897-08-09	7	1.693	2.285	4.55	3.4767623495879127	4.445789612077881	(7, 1.693)	0	2	0
r10i1281p1f1	1899-06-10	4	1.094	1.272	0.204	2.2774723921789706	0.9677440134630707	(4, 1.094)	1	1	1
r10i1281p1f1	1900-08-11	5	1.25	1.307	1.035	2.706410514842709	2.531444420775833	(5, 1.25)	1	1	1
r10i1281p1f1	1900-08-19	4	1.826	2.285	3.13	2.7477836033208103	3.2596338173403683	(4, 1.826)	2	2	0
r10i1281p1f1	1901-08-20	3	1.156	1.367	0.338	1.9468742842202946	1.0138890260833204	(3, 1.156)	1	1	1
r10i1281p1f1	1903-08-01	3	1.356	1.541	0.939	2.085172921547925	1.7714185082929799	(3, 1.356)	1	1	3
r10i1281p1f1	1905-06-22	6	1.343	1.433	1.798	3.031967204237329	3.3114584827330056	(6, 1.343)	1	3	3
r10i1281p1f1	1905-07-25	5	1.295	1.545	1.259	2.7394545584375005	2.7131072538530865	(5, 1.295)	1	3	3
r10i1281p1f1	1906-07-12	9	1.585	2.268	4.879	3.7795196556150525	4.888339591657979	(9, 1.585)	0	0	4
r10i1281p1f1	1906-08-17	4	1.548	1.938	2.018	2.594059963684523	2.8416482581712756	(4, 1.548)	2	2	0
r10i1281p1f1	1907-06-27	5	1.404	1.61	1.807	2.8152408731246443	3.0541367468617335	(5, 1.404)	2	3	3
r10i1281p1f1	1908-06-23	4	1.453	1.659	1.639	2.5355997641035186	2.6470254992644353	(4, 1.453)	2	3	3
r10i1281p1f1	1909-06-22	3	1.19	1.25	0.44	1.9717757853036324	1.1897644619901993	(3, 1.19)	1	1	1
r10i1281p1f1	1909-08-11	3	1.304	1.367	0.784	2.051014129423419	1.624086791642793	(3, 1.304)	1	1	1
r10i1281p1f1	1912-08-04	3	1.095	1.165	0.155	1.9005820205481774	0.5907841820329575	(3, 1.095)	1	1	1
r10i1281p1f1	1915-06-23	6	1.612	1.971	3.416	3.2064576289443503	3.935832140415066	(6, 1.612)	2	2	0
r10i1281p1f1	1916-07-01	3	1.215	1.352	0.516	1.9896980531777022	1.303242765686865	(3, 1.215)	1	1	1
r10i1281p1f1	1916-07-16	3	1.224	1.293	0.542	1.9960722377456375	1.3392851959703287	(3, 1.224)	1	1	1
r10i1281p1f1	1916-07-22	3	1.381	1.602	1.014	2.101189150752198	1.8356006704133423	(3, 1.381)	1	3	3
r10i1281p1f1	1917-06-17	4	1.151	1.26	0.434	2.323171726602434	1.497835735852798	(4, 1.151)	1	1	1
r10i1281p1f1	1919-06-02	6	1.346	1.498	1.819	3.034091036619473	3.3226493999000564	(6, 1.346)	1	3	3
r10i1281p1f1	1919-08-09	3	1.389	1.522	1.038	2.106260637450084	1.8552984620613318	(3, 1.389)	1	3	3
r10i1281p1f1	1920-06-11	3	1.221	1.328	0.534	1.9939520208237795	1.3283329350556763	(3, 1.221)	1	1	1
r10i1281p1f1	1920-06-27	6	1.36	1.593	1.904	3.0439430461519064	3.3667084444595403	(6, 1.36)	2	3	3
r10i1281p1f1	1920-07-26	7	1.761	2.182	5.028	3.514947894995932	4.544569109801893	(7, 1.761)	0	2	0
r10i1281p1f1	1921-06-27	3	1.405	1.599	1.085	2.1163270970480506	1.8927844066300867	(3, 1.405)	1	3	3
r10i1281p1f1	1923-08-29	3	1.252	1.423	0.627	2.0156471213943736	1.4487966470299802	(3, 1.252)	1	1	1
r10i1281p1f1	1924-07-26	7	1.479	1.848	3.049	3.346088512779368	4.051232973442205	(7, 1.479)	2	3	2
r10i1281p1f1	1924-08-17	3	1.178	1.205	0.405	1.9630576515367082	1.1328339025038707	(3, 1.178)	1	1	1
r10i1281p1f1	1924-08-25	3	1.26	1.535	0.651	2.021170280523964	1.4776638838106866	(3, 1.26)	1	1	1
r10i1281p1f1	1929-06-30	7	1.676	2.078	4.431	3.466983698397952	4.419602587480069	(7, 1.676)	0	2	0
r10i1281p1f1	1929-08-05	4	1.5	1.771	1.83	2.5649493574615367	2.7498317351171653	(4, 1.5)	2	3	3
r10i1281p1f1	1929-08-28	4	1.295	1.397	1.009	2.4300984132930052	2.205192746985396	(4, 1.295)	1	1	1
r10i1281p1f1	1930-07-18	8	1.315	1.453	2.175	3.4260543174118725	3.916306457745134	(8, 1.315)	1	3	2
r10i1281p1f1	1930-08-24	7	1.787	2.139	5.207	3.5291713690216393	4.579185381631612	(7, 1.787)	0	2	0
r10i1281p1f1	1932-08-10	6	1.411	1.583	2.211	3.0790333667222445	3.511394111792457	(6, 1.411)	2	3	3
r10i1281p1f1	1933-06-20	5	1.308	1.489	1.327	2.74880080573658	2.762305469788006	(5, 1.308)	1	3	3
r10i1281p1f1	1933-07-02	4	1.307	1.52	1.057	2.4385136102182896	2.2466494606637424	(4, 1.307)	1	1	1
r10i1281p1f1	1934-08-04	6	1.601	1.861	3.348	3.1998886425487245	3.916121593788701	(6, 1.601)	2	2	0
r10i1281p1f1	1935-07-06	3	1.164	1.279	0.364	1.9527894920251458	1.061740634693605	(3, 1.164)	1	1	1
r10i1281p1f1	1935-07-15	4	1.11	1.355	0.267	2.2905125117597764	1.1429481024881614	(4, 1.11)	1	1	1
r10i1281p1f1	1938-08-29	3	1.262	1.414	0.656	2.0225463169834965	1.483574415196268	(3, 1.262)	1	1	1
r10i1281p1f1	1941-08-17	4	1.182	1.263	0.555	2.3471759763219207	1.6937790608678513	(4, 1.182)	1	1	1
r10i1281p1f1	1942-06-14	3	1.348	1.694	0.915	2.0799930727846583	1.7499785892171698	(3, 1.348)	1	3	3
r10i1281p1f1	1942-08-18	5	1.267	1.59	1.121	2.719022493895208	2.6051430448944473	(5, 1.267)	1	3	3
r10i1281p1f1	1943-07-04	3	1.399	1.572	1.066	2.1125640397288246	1.8777993092709364	(3, 1.399)	1	3	3
r10i1281p1f1	1943-07-15	3	1.358	1.536	0.944	2.086463702251958	1.7758278805804821	(3, 1.358)	1	1	3
r10i1281p1f1	1943-08-11	5	1.403	1.862	1.799	2.814571055036787	3.049909399934455	(5, 1.403)	2	3	3
r10i1281p1f1	1944-06-01	7	1.262	1.542	1.532	3.1934581998795735	3.380077146737293	(7, 1.262)	1	3	2
r10i1281p1f1	1944-06-19	4	1.211	1.341	0.671	2.36912161679429	1.851285448542082	(4, 1.211)	1	1	1
r10i1281p1f1	1944-06-26	3	1.259	1.361	0.647	2.020481551588581	1.4729101763936974	(3, 1.259)	1	1	1
r10i1281p1f1	1944-07-27	5	1.704	1.904	3.307	2.9982939480772313	3.6368854934739234	(5, 1.704)	2	2	0
r10i1281p1f1	1944-08-24	6	1.537	1.761	2.963	3.1607887431097397	3.79654545465991	(6, 1.537)	2	3	0
r10i1281p1f1	1946-08-06	3	1.214	1.354	0.514	1.9889872958811943	1.300415709247018	(3, 1.214)	1	1	1
r10i1281p1f1	1948-07-31	6	1.648	2.176	3.629	3.227659319852503	3.995172077064735	(6, 1.648)	2	2	0
r10i1281p1f1	1949-08-17	3	1.341	1.554	0.893	2.0754385904061903	1.7299131632208489	(3, 1.341)	1	1	3
r10i1281p1f1	1950-06-21	6	1.312	1.486	1.612	3.0097526893325997	3.2064576289443503	(6, 1.312)	1	3	3
r10i1281p1f1	1950-07-03	5	1.184	1.528	0.705	2.6558809039642464	2.184042476256241	(5, 1.184)	1	1	1
r10i1281p1f1	1950-07-22	5	1.232	1.438	0.946	2.692880977408798	2.448985951833117	(5, 1.232)	1	1	1
r10i1281p1f1	1951-08-07	3	1.089	1.114	0.138	1.8959107523079055	0.5406187874748858	(3, 1.089)	1	1	1
r10i1281p1f1	1954-08-06	4	2.058	2.385	4.061	2.8601416192476425	3.5111871657036438	(4, 2.058)	0	2	0
r10i1281p1f1	1954-08-14	4	1.333	1.471	1.16	2.456507175266302	2.330200260027019	(4, 1.333)	1	1	3
r10i1281p1f1	1955-06-27	3	1.224	1.299	0.543	1.9960722377456375	1.340645832792137	(3, 1.224)	1	1	1
r10i1281p1f1	1957-06-05	5	1.395	1.732	1.758	2.8091962971398154	3.0279592374640303	(5, 1.395)	2	3	3
r10i1281p1f1	1958-06-18	3	1.472	1.837	1.287	2.1574132254427836	2.039588890738971	(3, 1.472)	2	3	3
r10i1281p1f1	1959-06-08	4	1.275	1.45	0.926	2.4159137783010487	2.12918363357465	(4, 1.275)	1	1	1
r10i1281p1f1	1959-07-15	12	1.536	2.159	5.917	4.172081860175325	5.509246914001714	(12, 1.536)	0	0	4
r10i1281p1f1	1959-08-17	16	1.337	1.701	4.701	4.460930232269347	5.709976584819528	(16, 1.337)	0	0	2
r10i1281p1f1	1960-06-22	5	1.221	1.368	0.89	2.68452190228223	2.3933853456090355	(5, 1.221)	1	1	1
r10i1281p1f1	1961-08-08	3	1.307	1.427	0.793	2.0530168670468605	1.6332616347132483	(3, 1.307)	1	1	1
r10i1281p1f1	1961-08-18	3	1.184	1.247	0.422	1.96742621912213	1.1608908587834577	(3, 1.184)	1	1	1
r10i1281p1f1	1965-08-12	4	1.11	1.202	0.266	2.2905125117597764	1.1403938226830648	(4, 1.11)	1	1	1
r10i1281p1f1	1965-08-18	3	1.471	1.72	1.283	2.156812245860361	2.0368815218260807	(3, 1.471)	2	3	3
r10i1281p1f1	1966-06-22	8	1.495	1.797	3.619	3.5504213282444934	4.417497804418482	(8, 1.495)	2	2	2
r10i1281p1f1	1967-07-01	3	1.302	1.444	0.778	2.049676739221073	1.6179231279288906	(3, 1.302)	1	1	1
r10i1281p1f1	1967-07-17	3	1.231	1.392	0.565	2.0010019984654726	1.3701208010874533	(3, 1.231)	1	1	1
r10i1281p1f1	1968-07-22	3	1.404	1.527	1.083	2.1157009033810676	1.891217560871479	(3, 1.404)	1	3	3
r10i1281p1f1	1968-08-09	7	1.467	1.65	2.971	3.338229900046935	4.025774637284401	(7, 1.467)	2	3	2
r10i1281p1f1	1969-07-21	5	1.321	1.542	1.389	2.7580605089354964	2.8051461856340905	(5, 1.321)	1	3	3
r10i1281p1f1	1969-08-05	6	1.121	1.194	0.469	2.860786624766768	2.0659590773755143	(6, 1.121)	1	1	1
r10i1281p1f1	1970-06-24	9	1.465	1.62	3.798	3.7026590775223083	4.640015958413691	(9, 1.465)	2	3	2
r10i1281p1f1	1971-07-09	3	1.291	1.404	0.743	2.042288949592007	1.581190946873066	(3, 1.291)	1	1	1
r10i1281p1f1	1971-07-16	3	1.434	1.589	1.174	2.1343182137754835	1.960134634557113	(3, 1.434)	1	3	3
r10i1281p1f1	1973-06-07	4	1.199	1.375	0.626	2.3600989991946526	1.7930919144618336	(4, 1.199)	1	1	1
r10i1281p1f1	1973-08-28	6	1.16	1.252	0.699	2.8930597314878326	2.422424677501893	(6, 1.16)	1	1	1
r10i1281p1f1	1976-06-06	4	1.311	1.5	1.071	2.4413030123058683	2.2584241972082757	(4, 1.311)	1	1	1
r10i1281p1f1	1977-07-10	7	1.19	1.373	1.027	3.1371931380810274	2.9967470672388288	(7, 1.19)	1	1	1
r10i1281p1f1	1978-06-13	10	1.249	1.646	2.062	3.701224143318399	4.192773590822016	(10, 1.249)	2	3	2
r10i1281p1f1	1978-07-16	13	1.425	1.807	4.959	4.216456545972926	5.452921118331281	(13, 1.425)	0	0	2
r10i1281p1f1	1979-06-26	3	1.347	1.473	0.91	2.0793437010668283	1.7454534902300263	(3, 1.347)	1	1	1
r10i1281p1f1	1979-07-15	3	1.372	1.551	0.988	2.0954528148814386	1.8138142307275258	(3, 1.372)	1	3	3
r10i1281p1f1	1979-07-22	3	1.537	1.724	1.483	2.195721923773198	2.1640002724695444	(3, 1.537)	2	3	3
r10i1281p1f1	1981-08-11	3	1.203	1.328	0.48	1.9811354412044515	1.2510910467268215	(3, 1.203)	1	1	1
r10i1281p1f1	1983-08-11	7	1.477	1.755	3.04	3.3447830252403534	4.048328335369087	(7, 1.477)	2	3	2
r10i1281p1f1	1985-07-05	6	1.14	1.232	0.58	2.876639559178545	2.2538384798892257	(6, 1.14)	1	1	1
r10i1281p1f1	1986-08-06	8	1.553	2.161	4.078	3.587410760976579	4.535547900580175	(8, 1.553)	0	2	0
r10i1281p1f1	1988-06-13	5	1.691	2.081	3.242	2.991018920625303	3.6175623277972395	(5, 1.691)	2	2	0
r10i1281p1f1	1988-08-22	7	1.455	1.963	2.883	3.3303090400201523	3.9962521477474335	(7, 1.455)	2	2	2
r10i1281p1f1	1990-07-09	10	1.467	1.706	4.235	3.8584241769101144	4.904700234961641	(10, 1.467)	0	0	2
r10i1281p1f1	1990-07-30	7	1.473	2.299	3.009	3.3421669261175464	4.038258394467039	(7, 1.473)	2	2	0
r10i1281p1f1	1990-08-30	3	1.373	1.44	0.99	2.096091812917599	1.8155070660787613	(3, 1.373)	1	1	3
r10i1281p1f1	1991-06-14	3	1.155	1.178	0.335	1.9461324169557104	1.008217398267985	(3, 1.155)	1	1	1
r10i1281p1f1	1991-07-10	5	1.471	1.689	2.138	2.859126443945479	3.2150110333522406	(5, 1.471)	2	3	3
r10i1281p1f1	1994-07-31	3	1.447	1.653	1.211	2.1422793074686015	1.9868519878999251	(3, 1.447)	2	3	3
r10i1281p1f1	1995-07-06	9	1.779	2.23	6.62	3.892493540819642	5.191511362230227	(9, 1.779)	0	0	4
r10i1281p1f1	1996-06-15	5	1.551	1.778	2.541	2.909123024727858	3.3813090349327544	(5, 1.551)	2	3	3
r10i1281p1f1	1996-06-23	3	1.365	1.493	0.967	2.0909683590509247	1.7958642651405032	(3, 1.365)	1	1	3
r10i1281p1f1	1997-08-15	3	1.414	1.532	1.111	2.121945264387058	1.9129330972319676	(3, 1.414)	1	3	3
r10i1281p1f1	1999-07-11	4	1.456	1.647	1.651	2.537499099907171	2.6538051862498144	(4, 1.456)	2	3	3
r10i1281p1f1	1999-08-16	3	1.487	1.768	1.331	2.1663848452922383	2.068895991639963	(3, 1.487)	2	3	3
r10i1281p1f1	2000-08-21	6	1.306	1.652	1.577	3.005395514906307	3.185404743818375	(6, 1.306)	1	3	3
r10i1281p1f1	2001-06-11	4	1.273	1.379	0.919	2.4144841854914545	2.122501031140283	(4, 1.273)	1	1	1
r10i1281p1f1	2001-07-21	6	1.5	2.013	2.744	3.137466516840404	3.72154989380739	(6, 1.5)	2	2	0
r10i1281p1f1	2003-07-01	5	1.359	1.847	1.581	2.7846458611189266	2.927245561204165	(5, 1.359)	2	3	3
r10i1281p1f1	2003-07-14	6	1.421	1.836	2.271	3.0857717487924132	3.537380383354307	(6, 1.421)	2	3	3
r10i1281p1f1	2003-08-03	3	1.471	1.801	1.284	2.156812245860361	2.0375590515374253	(3, 1.471)	2	3	3
r10i1281p1f1	2005-06-28	5	1.207	1.3	0.821	2.6737810124916086	2.3203325753804465	(5, 1.207)	1	1	1
r10i1281p1f1	2007-06-08	5	1.085	1.161	0.208	2.5749506221231435	1.2016232552759663	(5, 1.085)	1	1	1
r10i1281p1f1	2007-07-25	5	1.265	1.408	1.107	2.717546960968081	2.5935096221564495	(5, 1.265)	1	1	1
r10i1281p1f1	2007-08-01	3	1.272	1.343	0.687	2.0293982396318806	1.519459968127892	(3, 1.272)	1	1	1
r10i1281p1f1	2007-08-29	3	1.19	1.265	0.441	1.9717757853036324	1.1913443657207363	(3, 1.19)	1	1	1
r10i1281p1f1	2008-06-27	17	1.596	2.439	9.403	4.726219896551899	6.492364914107769	(17, 1.596)	0	0	4
r10i1281p1f1	2008-07-21	4	1.226	1.438	0.731	2.3802866006578975	1.923956638839441	(4, 1.226)	1	1	1
r10i1281p1f1	2008-07-31	3	1.252	1.368	0.627	2.0156471213943736	1.4487966470299802	(3, 1.252)	1	1	1
r10i1281p1f1	2008-08-25	3	1.325	1.521	0.846	2.0649497866137057	1.6856477362196745	(3, 1.325)	1	1	1
r10i1281p1f1	2009-08-17	3	1.607	2.003	1.691	2.235399545522284	2.2810236821176586	(3, 1.607)	2	2	0
r10i1281p1f1	2009-08-22	4	1.518	1.728	1.902	2.575965380734967	2.7859984091496988	(4, 1.518)	2	3	3
r10i1281p1f1	2010-07-20	3	1.138	1.204	0.285	1.9334357313176844	0.9086227843518696	(3, 1.138)	1	1	1
r10i1301p1f1	1852-06-10	4	1.184	1.239	0.53	2.3487050286075988	1.6563214983329508	(4, 1.184)	1	1	1
r10i1301p1f1	1852-07-06	9	1.479	1.667	3.846	3.7119365836892997	4.652454454961535	(9, 1.479)	2	3	2
r10i1301p1f1	1855-08-12	11	1.385	1.716	3.668	3.942140460934951	4.903934451277154	(11, 1.385)	0	0	2
r10i1301p1f1	1856-06-11	5	1.441	1.613	1.943	2.839713921088169	3.1233952482092167	(5, 1.441)	2	3	3
r10i1301p1f1	1856-06-29	7	1.831	2.038	5.451	3.5527903520207538	4.624521071816335	(7, 1.831)	0	2	0
r10i1301p1f1	1856-07-21	5	1.146	1.193	0.471	2.625586251497603	1.8351286308839052	(5, 1.146)	1	1	1
r10i1301p1f1	1856-07-28	10	1.777	2.403	7.247	4.046443298234678	5.438819304764821	(10, 1.777)	0	0	4
r10i1301p1f1	1856-08-23	4	1.386	1.55	1.337	2.4922132249704383	2.459246903007423	(4, 1.386)	1	3	3
r10i1301p1f1	1858-06-24	3	1.479	1.607	1.281	2.161609999865051	2.0355250837068217	(3, 1.479)	2	3	3
r10i1301p1f1	1858-06-30	3	1.17	1.263	0.353	1.9572030484955636	1.041774460569922	(3, 1.17)	1	1	1
r10i1301p1f1	1861-06-19	4	1.421	1.56	1.477	2.5151124918450662	2.5506943903260035	(4, 1.421)	2	3	3
r10i1301p1f1	1861-06-26	6	1.512	1.951	2.762	3.145090241515181	3.7279305379146943	(6, 1.512)	2	2	0
r10i1301p1f1	1861-07-18	5	1.327	1.497	1.373	2.762305469788006	2.7942650015806443	(5, 1.327)	1	3	3
r10i1301p1f1	1861-08-16	5	1.319	1.626	1.334	2.7566415081428493	2.7672352560973157	(5, 1.319)	1	3	3
r10i1301p1f1	1861-08-29	5	1.145	1.253	0.466	2.6247764972967196	1.8261670775002767	(5, 1.145)	1	1	1
r10i1301p1f1	1864-06-08	3	1.28	1.397	0.685	2.034846174051035	1.517183229941733	(3, 1.28)	1	1	1
r10i1301p1f1	1864-06-21	3	1.482	1.641	1.291	2.1634032397365477	2.042288949592007	(3, 1.482)	2	3	3
r10i1301p1f1	1865-06-01	4	1.147	1.201	0.381	2.320032006597766	1.3982229319851645	(4, 1.147)	1	1	1
r10i1301p1f1	1865-07-30	3	1.974	2.439	2.765	2.4210083576532426	2.7322458738991906	(3, 1.974)	2	2	0
r10i1301p1f1	1866-06-18	3	1.527	1.79	1.425	2.1899229574343737	2.1287693234923526	(3, 1.527)	2	3	3
r10i1301p1f1	1867-06-28	3	1.252	1.354	0.6	2.0156471213943736	1.415292679529417	(3, 1.252)	1	1	1
r10i1301p1f1	1869-06-09	3	1.303	1.496	0.752	2.0503456578987986	1.590765996505396	(3, 1.303)	1	1	1
r10i1301p1f1	1870-06-03	3	1.178	1.22	0.378	1.9630576515367082	1.0865888343590457	(3, 1.178)	1	1	1
r10i1301p1f1	1870-08-02	4	1.368	1.584	1.264	2.4802290602368893	2.4080256054520426	(4, 1.368)	1	3	3
r10i1301p1f1	1871-06-09	3	1.348	1.408	0.888	2.0799930727846583	1.7252961370721198	(3, 1.348)	1	1	1
r10i1301p1f1	1871-07-25	3	1.54	1.867	1.464	2.1974550764323966	2.1525952453512627	(3, 1.54)	2	3	3
r10i1301p1f1	1872-06-29	4	1.142	1.24	0.358	2.316093443018838	1.3517029163502716	(4, 1.142)	1	1	1
r10i1301p1f1	1873-06-30	9	1.343	1.479	2.616	3.6179472032459334	4.27154190149861	(9, 1.343)	2	3	2
r10i1301p1f1	1874-07-12	5	1.366	1.694	1.572	2.789466997288098	2.921843201455584	(5, 1.366)	2	3	3
r10i1301p1f1	1874-08-07	5	1.684	1.984	3.159	2.9870795651372353	3.5923325868035034	(5, 1.684)	2	2	0
r10i1301p1f1	1877-07-18	6	1.46	2.049	2.451	3.1116259765128715	3.6115176289235817	(6, 1.46)	2	2	0
r10i1301p1f1	1878-05-31	3	1.303	1.439	0.752	2.0503456578987986	1.590765996505396	(3, 1.303)	1	1	1
r10i1301p1f1	1878-07-19	11	1.354	1.838	3.319	3.9199477143621526	4.804731075151868	(11, 1.354)	0	0	2
r10i1301p1f1	1879-07-16	3	1.321	1.453	0.808	2.0623103052151466	1.6483684214720404	(3, 1.321)	1	1	1
r10i1301p1f1	1879-08-17	8	1.494	1.796	3.537	3.5497714264951985	4.394858625418197	(8, 1.494)	2	3	2
r10i1301p1f1	1881-06-07	7	1.237	1.409	1.298	3.174278404158264	3.2204464472881194	(7, 1.237)	1	1	1
r10i1301p1f1	1881-06-26	6	1.594	1.975	3.251	3.1956857987282925	3.887315204638372	(6, 1.594)	2	2	0
r10i1301p1f1	1883-07-17	3	1.448	1.546	1.189	2.1428890821423843	1.9710521701375956	(3, 1.448)	1	3	3
r10i1301p1f1	1883-07-24	3	1.534	1.843	1.445	2.1939857620799903	2.1410586415106487	(3, 1.534)	2	3	3
r10i1301p1f1	1883-08-02	3	1.997	2.392	2.835	2.431568844719579	2.7556391436730285	(3, 1.997)	2	2	0
r10i1301p1f1	1883-08-07	9	1.418	1.602	3.296	3.6708682213120847	4.499720777490524	(9, 1.418)	2	3	2
r10i1301p1f1	1885-08-19	6	1.112	1.241	0.363	2.8531887109793	1.846088023681802	(6, 1.112)	1	1	1
r10i1301p1f1	1886-06-04	3	1.331	1.512	0.836	2.068895991639963	1.6759713346918745	(3, 1.331)	1	1	3
r10i1301p1f1	1888-07-01	3	1.368	1.573	0.949	2.0928927317076034	1.7802178956260757	(3, 1.368)	1	3	3
r10i1301p1f1	1891-06-14	3	1.613	1.771	1.683	2.238728350893738	2.2767671114735957	(3, 1.613)	2	3	3
r10i1301p1f1	1892-06-12	4	1.292	1.372	0.96	2.427983502388379	2.1610215286722587	(4, 1.292)	1	1	1
r10i1301p1f1	1893-07-05	12	1.812	2.431	9.126	4.334979909774763	5.941120002717328	(12, 1.812)	0	0	4
r10i1301p1f1	1894-07-11	3	1.412	1.626	1.079	2.1206995076541357	1.888076485048371	(3, 1.412)	1	3	3
r10i1301p1f1	1896-08-08	3	1.385	1.522	0.998	2.1037281090948614	1.8222498952796893	(3, 1.385)	1	3	3
r10i1301p1f1	1897-06-06	6	1.493	1.723	2.646	3.13299235478952	3.6860780126491948	(6, 1.493)	2	3	3
r10i1301p1f1	1898-06-07	4	1.339	1.535	1.15	2.4606139572189556	2.322387720290225	(4, 1.339)	1	3	3
r10i1301p1f1	1898-07-06	4	1.345	1.667	1.174	2.464703942470481	2.341036279368298	(4, 1.345)	1	3	3
r10i1301p1f1	1899-06-04	9	1.258	1.453	1.852	3.5543761607754574	3.9319040610212954	(9, 1.258)	1	3	2
r10i1301p1f1	1899-07-01	4	1.74	1.934	2.75	2.702702594775615	3.1354942159291497	(4, 1.74)	2	2	0
r10i1301p1f1	1900-08-10	3	1.322	1.453	0.81	2.062970828995383	1.6503655261557868	(3, 1.322)	1	1	1
r10i1301p1f1	1901-08-18	3	1.337	1.502	0.855	2.072826685323001	1.6942771576452456	(3, 1.337)	1	1	3
r10i1301p1f1	1902-08-19	15	1.78	2.37	10.916	4.64831257760342	6.453880545935406	(15, 1.78)	0	0	4
r10i1301p1f1	1904-06-01	7	1.33	1.43	1.947	3.243839413658721	3.612509742807339	(7, 1.33)	1	3	2
r10i1301p1f1	1904-06-22	6	1.623	1.842	3.424	3.212983745217806	3.9381256921913694	(6, 1.623)	2	2	0
r10i1301p1f1	1904-07-08	5	1.696	2.086	3.22	2.993823275035162	3.610936681055843	(5, 1.696)	2	2	0
r10i1301p1f1	1906-06-05	4	1.277	1.404	0.899	2.417341330292234	2.103158068297152	(4, 1.277)	1	1	1
r10i1301p1f1	1906-06-16	4	1.152	1.266	0.402	2.3239551187302383	1.4388868112390611	(4, 1.152)	1	1	1
r10i1301p1f1	1908-08-29	5	1.925	2.284	4.364	3.1144994595948337	3.9078343104620368	(5, 1.925)	0	2	0
r10i1301p1f1	1909-06-28	4	1.427	1.754	1.499	2.518985963440863	2.5643337834193223	(4, 1.427)	2	3	3
r10i1301p1f1	1909-08-10	3	1.073	1.231	0.064	1.8833462940570747	0.2870972177475239	(3, 1.073)	1	1	1
r10i1301p1f1	1910-06-27	4	1.251	1.368	0.797	2.398622281190988	1.9982314862542927	(4, 1.251)	1	1	1
r10i1301p1f1	1910-07-11	4	1.441	1.727	1.554	2.527966139248447	2.5976399197752396	(4, 1.441)	2	3	3
r10i1301p1f1	1913-08-23	5	1.351	1.529	1.495	2.779107378807332	2.8743896173734145	(5, 1.351)	1	3	3
r10i1301p1f1	1914-05-31	3	1.47	1.739	1.255	2.1562109048842784	2.0177218825479337	(3, 1.47)	2	3	3
r10i1301p1f1	1914-06-12	5	1.407	1.615	1.773	2.817247639650511	3.0360457846041458	(5, 1.407)	2	3	3
r10i1301p1f1	1914-07-03	4	1.582	1.874	2.12	2.6141789854921393	2.8881470628740535	(4, 1.582)	2	2	0
r10i1301p1f1	1914-07-16	5	1.467	1.855	2.077	2.8565597777813	3.187243391127188	(5, 1.467)	2	3	3
r10i1301p1f1	1914-08-02	3	1.351	1.526	0.897	2.0819386616635143	1.7335914971028565	(3, 1.351)	1	1	3
r10i1301p1f1	1914-08-23	6	2.061	2.419	6.055	3.443311026738775	4.499698134724988	(6, 2.061)	0	2	4
r10i1301p1f1	1915-06-05	6	1.114	1.22	0.371	2.8548821321488385	1.8644775971462844	(6, 1.114)	1	1	1
r10i1301p1f1	1918-07-20	3	1.318	1.426	0.798	2.060326112082957	1.6383226299237716	(3, 1.318)	1	1	1
r10i1301p1f1	1919-07-26	8	1.343	1.612	2.332	3.4464454396013253	3.9846624336709766	(8, 1.343)	2	3	2
r10i1301p1f1	1922-07-08	10	1.384	1.723	3.322	3.8014471985665996	4.663918826859584	(10, 1.384)	2	3	2
r10i1301p1f1	1922-08-25	5	1.604	1.969	2.761	2.940920437380773	3.461631190902781	(5, 1.604)	2	2	0
r10i1301p1f1	1923-08-05	3	1.389	1.51	1.012	2.106260637450084	1.8339415387115605	(3, 1.389)	1	3	3
r10i1301p1f1	1923-08-20	3	1.168	1.193	0.348	1.9557340263295966	1.0325654459103046	(3, 1.168)	1	1	1
r10i1301p1f1	1925-07-02	3	1.415	1.606	1.088	2.1225675612702424	1.895130081726901	(3, 1.415)	1	3	3
r10i1301p1f1	1926-06-06	9	1.508	2.078	4.104	3.7308847482589664	4.716783114511592	(9, 1.508)	0	0	2
r10i1301p1f1	1926-06-29	7	1.559	1.919	3.549	3.3969578762335555	4.200630646720569	(7, 1.559)	2	2	0
r10i1301p1f1	1926-07-10	3	1.524	1.767	1.417	2.1881766897282877	2.1238109944799253	(3, 1.524)	2	3	3
r10i1301p1f1	1927-07-30	6	1.496	2.035	2.667	3.1349123045307574	3.693785770038118	(6, 1.496)	2	2	0
r10i1301p1f1	1928-07-16	3	1.354	1.388	0.907	2.083880472575465	1.7427285693782244	(3, 1.354)	1	1	1
r10i1301p1f1	1929-07-11	3	1.417	1.579	1.097	2.1238109944799253	1.9021342734584945	(3, 1.417)	1	3	3
r10i1301p1f1	1930-05-30	8	1.267	1.385	1.724	3.390100617565174	3.689121097528301	(8, 1.267)	1	3	2
r10i1301p1f1	1930-08-09	6	1.763	2.357	4.266	3.2925240699038487	4.154139655074943	(6, 1.763)	0	2	0
r10i1301p1f1	1932-06-07	3	1.229	1.324	0.532	1.9995959735061966	1.3255760241460586	(3, 1.229)	1	1	1
r10i1301p1f1	1932-06-29	3	1.226	1.291	0.521	1.9974832224048533	1.3102756371655788	(3, 1.226)	1	1	1
r10i1301p1f1	1932-07-30	5	1.247	1.381	0.974	2.704168265444365	2.4756683621159254	(5, 1.247)	1	1	1
r10i1301p1f1	1934-08-29	3	1.422	1.545	1.11	2.126912829977665	1.9121656080879328	(3, 1.422)	1	3	3
r10i1301p1f1	1935-06-09	7	1.394	1.58	2.395	3.2890450125096917	3.814542929160328	(7, 1.394)	2	3	2
r10i1301p1f1	1935-08-21	3	1.202	1.333	0.452	1.980418569647406	1.2085605331056195	(3, 1.202)	1	1	1
r10i1301p1f1	1936-06-01	5	1.301	1.449	1.244	2.7437790680320884	2.701920977062884	(5, 1.301)	1	1	1
r10i1301p1f1	1936-07-31	3	1.235	1.311	0.55	2.0038081315273124	1.350118803218546	(3, 1.235)	1	1	1
r10i1301p1f1	1938-07-17	5	1.186	1.348	0.671	2.657450217657584	2.1403023784790554	(5, 1.186)	1	1	1
r10i1301p1f1	1939-07-17	3	1.443	1.647	1.174	2.1398364837060835	1.960134634557113	(3, 1.443)	2	3	3
r10i1301p1f1	1940-07-04	4	1.639	1.987	2.349	2.6470254992644353	2.9852778156501323	(4, 1.639)	2	2	0
r10i1301p1f1	1941-07-13	5	1.149	1.199	0.484	2.628011587306804	1.858059641738364	(5, 1.149)	1	1	1
r10i1301p1f1	1941-08-07	4	1.418	1.579	1.465	2.5131701150608596	2.543175557911976	(4, 1.418)	2	3	3
r10i1301p1f1	1942-08-16	3	1.163	1.239	0.334	1.9520520017200835	1.0063196847660814	(3, 1.163)	1	1	1
r10i1301p1f1	1943-05-29	9	1.689	2.231	5.735	3.8416649167418497	5.04886192356845	(9, 1.689)	0	0	4
r10i1301p1f1	1943-08-25	3	1.461	1.801	1.228	2.150782501365733	1.9988922189911715	(3, 1.461)	2	3	3
r10i1301p1f1	1944-08-03	5	1.277	1.596	1.126	2.726367676192942	2.6092652569342474	(5, 1.277)	1	3	3
r10i1301p1f1	1946-07-03	11	1.234	1.452	2.0	3.829073149015866	4.303602085868203	(11, 1.234)	1	3	2
r10i1301p1f1	1946-07-23	4	1.44	1.693	1.551	2.5273273656719524	2.595851543739727	(4, 1.44)	2	3	3
r10i1301p1f1	1947-07-15	3	1.254	1.342	0.605	2.017030773679079	1.421582403309789	(3, 1.254)	1	1	1
r10i1301p1f1	1947-08-09	9	1.582	1.916	4.768	3.7776684169279955	4.865501616417073	(9, 1.582)	0	0	2
r10i1301p1f1	1949-06-11	12	1.453	1.799	4.809	4.117411069053669	5.302839008531657	(12, 1.453)	0	0	2
r10i1301p1f1	1953-06-19	5	1.131	1.305	0.394	2.613370546077847	1.6873344261893548	(5, 1.131)	1	1	1
r10i1301p1f1	1953-08-11	10	1.479	1.779	4.271	3.866399640125585	4.9131024242947845	(10, 1.479)	0	0	2
r10i1301p1f1	1953-08-23	6	1.242	1.521	1.139	2.9576979296737567	2.8758114301617943	(6, 1.242)	1	1	1
r10i1301p1f1	1955-07-09	6	1.589	1.847	3.221	3.192672915869643	3.8782353528318088	(6, 1.589)	2	2	0
r10i1301p1f1	1955-08-22	3	1.225	1.385	0.519	1.9967779789349385	1.3074684211342518	(3, 1.225)	1	1	1
r10i1301p1f1	1957-05-31	3	1.217	1.258	0.494	1.9911180540358446	1.2716966740794537	(3, 1.217)	1	1	1
r10i1301p1f1	1958-07-03	5	1.442	1.757	1.95	2.840367113414099	3.1268334622758975	(5, 1.442)	2	3	3
r10i1301p1f1	1958-08-08	6	1.894	2.234	5.051	3.3616246563754575	4.320606395235621	(6, 1.894)	0	2	0
r10i1301p1f1	1959-06-27	3	1.294	1.442	0.727	2.044309220199835	1.5639389167977003	(3, 1.294)	1	1	1
r10i1301p1f1	1959-07-14	4	1.522	1.785	1.881	2.5783969928753394	2.7755842312195798	(4, 1.522)	2	3	3
r10i1301p1f1	1959-08-10	3	1.446	1.928	1.182	2.141669160742786	1.965972149383562	(3, 1.446)	2	3	3
r10i1301p1f1	1959-08-15	3	1.358	1.499	0.917	2.086463702251958	1.7517829109102498	(3, 1.358)	1	1	3
r10i1301p1f1	1961-07-05	5	1.504	1.86	2.261	2.8800537762847607	3.2687605701702216	(5, 1.504)	2	3	3
r10i1301p1f1	1962-06-25	8	1.286	1.507	1.869	3.4044872394536423	3.7679365000872713	(8, 1.286)	1	3	2
r10i1301p1f1	1962-07-22	6	1.414	1.649	2.174	3.0810596532303087	3.4950259858346375	(6, 1.414)	2	3	3
r10i1301p1f1	1962-08-02	3	1.416	1.55	1.092	2.1231894711408397	1.8982491140189333	(3, 1.416)	1	3	3
r10i1301p1f1	1964-07-29	5	1.337	1.542	1.427	2.7693406046617954	2.830524144307154	(5, 1.337)	1	3	3
r10i1301p1f1	1965-08-19	9	1.422	1.961	3.335	3.673613520443503	4.511353889783806	(9, 1.422)	0	0	2
r10i1301p1f1	1969-06-23	3	1.374	1.595	0.967	2.0967304028960037	1.7958642651405032	(3, 1.374)	1	3	3
r10i1301p1f1	1969-07-16	8	1.746	1.944	5.556	3.7014864034859505	4.841963583556903	(8, 1.746)	0	0	4
r10i1301p1f1	1969-08-02	8	1.551	2.082	3.993	3.58615778042167	4.514712251778363	(8, 1.551)	0	2	0
r10i1301p1f1	1972-07-24	7	1.322	1.716	1.891	3.2380422746538926	3.584124591249257	(7, 1.322)	2	3	2
r10i1301p1f1	1972-08-05	8	1.436	1.872	3.074	3.5113355902198404	4.256416356336324	(8, 1.436)	2	3	2
r10i1301p1f1	1972-08-19	4	1.394	1.6	1.37	2.4974937652934717	2.481567748522486	(4, 1.394)	1	3	3
r10i1301p1f1	1972-08-27	3	1.309	1.696	0.77	2.054349800617799	1.6096453640113553	(3, 1.309)	1	3	3
r10i1301p1f1	1973-06-05	3	1.225	1.381	0.52	1.9967779789349385	1.3088730142073226	(3, 1.225)	1	1	1
r10i1301p1f1	1973-06-28	3	1.4	1.583	1.044	2.113192200146248	1.8601628760179363	(3, 1.4)	1	3	3
r10i1301p1f1	1975-07-01	3	1.317	1.403	0.794	2.0596638385128885	1.6342758849234178	(3, 1.317)	1	1	1
r10i1301p1f1	1976-06-19	5	1.192	1.33	0.698	2.6621434361518546	2.175192220072486	(5, 1.192)	1	1	1
r10i1301p1f1	1976-06-29	11	1.406	1.713	3.891	3.9568992154458127	4.9625288996670145	(11, 1.406)	0	0	2
r10i1301p1f1	1978-06-20	3	1.31	1.413	0.774	2.055015601727822	1.6137928111176032	(3, 1.31)	1	1	1
r10i1301p1f1	1978-07-25	4	1.485	1.809	1.734	2.5556757206762075	2.699480250419143	(4, 1.485)	2	3	3
r10i1301p1f1	1978-07-31	5	1.586	1.855	2.67	2.9302343089149123	3.429185614623392	(5, 1.586)	2	2	0
r10i1301p1f1	1978-08-17	4	1.831	2.133	3.117	2.7503431132924616	3.25563196499332	(4, 1.831)	2	2	0
r10i1301p1f1	1979-06-02	3	1.25	1.406	0.596	2.014261551963053	1.4102322606770266	(3, 1.25)	1	1	1
r10i1301p1f1	1979-07-08	5	1.346	1.494	1.473	2.7756301853340113	2.8604073108315786	(5, 1.346)	1	3	3
r10i1301p1f1	1979-08-15	4	1.483	1.695	1.724	2.5544327124366104	2.6940864940848237	(4, 1.483)	2	3	3
r10i1301p1f1	1980-07-10	5	1.215	1.559	0.817	2.6799327830479016	2.3159294287885213	(5, 1.215)	1	1	1
r10i1301p1f1	1981-06-17	3	1.178	1.186	0.379	1.9630576515367082	1.0883403013850155	(3, 1.178)	1	1	1
r10i1301p1f1	1982-06-09	5	1.667	1.836	3.075	2.9774474500261805	3.566133832630325	(5, 1.667)	2	2	0
r10i1301p1f1	1982-06-29	3	1.255	1.401	0.61	2.0177218825479337	1.4278328136070821	(3, 1.255)	1	1	1
r10i1301p1f1	1984-08-19	5	1.285	1.41	1.163	2.7322052224153808	2.6392526883287366	(5, 1.285)	1	1	1
r10i1301p1f1	1985-06-13	3	1.097	1.116	0.136	1.9021342734584945	0.534548046550359	(3, 1.097)	1	1	1
r10i1301p1f1	1988-06-15	4	1.535	1.974	1.933	2.5862591440482876	2.801176179091694	(4, 1.535)	2	2	0
r10i1301p1f1	1988-06-21	10	1.28	1.652	2.281	3.7251427708377065	4.292259921070662	(10, 1.28)	2	3	2
r10i1301p1f1	1988-07-12	7	2.217	3.051	8.156	3.739083251880294	5.024217528863876	(7, 2.217)	0	0	4
r10i1301p1f1	1988-08-24	3	1.093	1.247	0.122	1.8990273544023255	0.49098852036448487	(3, 1.093)	1	1	1
r10i1301p1f1	1989-07-05	4	1.546	1.823	1.978	2.5928637912930927	2.8228064384003986	(4, 1.546)	2	3	3
r10i1301p1f1	1991-08-16	8	1.521	2.286	3.751	3.567172201546578	4.452897887756493	(8, 1.521)	0	2	0
r10i1301p1f1	1992-08-14	4	1.552	1.799	2.002	2.5964480245209076	2.834154077897936	(4, 1.552)	2	3	3
r10i1301p1f1	1994-06-07	5	1.153	1.29	0.505	2.631236245249124	1.894025949770022	(5, 1.153)	1	1	1
r10i1301p1f1	1994-07-11	3	1.087	1.142	0.105	1.8943488012231606	0.43540959931762246	(3, 1.087)	1	1	1
r10i1301p1f1	1994-07-27	6	1.273	1.849	1.324	2.981085666534982	3.018410493576786	(6, 1.273)	2	3	3
r10i1301p1f1	1994-08-16	6	1.225	1.301	1.039	2.9446363075620363	2.789330238752442	(6, 1.225)	1	1	1
r10i1301p1f1	1995-06-06	5	1.435	1.675	1.916	2.8357857818263104	3.110021712566456	(5, 1.435)	2	3	3
r10i1301p1f1	1995-06-24	12	1.414	1.783	4.343	4.090652357844321	5.201449132366973	(12, 1.414)	0	0	2
r10i1301p1f1	1995-07-11	5	1.407	1.525	1.774	2.817247639650511	3.0365825697740596	(5, 1.407)	2	3	3
r10i1301p1f1	1995-07-19	4	1.449	1.705	1.587	2.5330616916750475	2.6171038193993863	(4, 1.449)	2	3	3
r10i1301p1f1	1998-06-04	3	1.223	1.283	0.514	1.9953659981339325	1.300415709247018	(3, 1.223)	1	1	1
r10i1301p1f1	2000-07-19	4	1.592	1.857	2.159	2.6200201235951743	2.9053698334736	(4, 1.592)	2	2	0
r10i1301p1f1	2000-08-05	3	1.343	1.442	0.873	2.076741989126375	1.7113157623497717	(3, 1.343)	1	1	1
r10i1301p1f1	2001-07-04	3	1.423	1.553	1.112	2.127532044180204	1.913699997788122	(3, 1.423)	1	3	3
r10i1301p1f1	2001-07-09	11	1.41	1.767	3.935	3.9596858772691723	4.973695366057742	(11, 1.41)	0	0	2
r10i1301p1f1	2001-08-11	3	1.57	1.956	1.553	2.2146233704217337	2.204930886475346	(3, 1.57)	2	2	3
r10i1301p1f1	2004-06-14	3	1.575	1.838	1.57	2.217456313615471	2.2146233704217337	(3, 1.575)	2	3	3
r10i1301p1f1	2005-06-05	4	1.478	1.641	1.702	2.551318415307252	2.6821168190757056	(4, 1.478)	2	3	3
r10i1301p1f1	2005-07-20	5	1.95	2.522	4.49	3.1268334622758975	3.9357341823215877	(5, 1.95)	0	2	0
r10i1301p1f1	2005-08-21	5	1.206	1.262	0.768	2.673009373409973	2.2603559665945054	(5, 1.206)	1	1	1
r10i1301p1f1	2006-06-29	5	1.288	1.523	1.182	2.7343855466009805	2.6543091236540386	(5, 1.288)	1	1	1
r10i1301p1f1	2007-07-25	4	1.409	1.611	1.43	2.5073202446249003	2.5209170873110334	(4, 1.409)	2	3	3
r10i1301p1f1	2007-08-11	8	1.735	2.241	5.463	3.6953228629842916	4.825217581634493	(8, 1.735)	0	0	4
r10i1301p1f1	2009-06-07	6	1.287	1.534	1.411	2.9914711977398647	3.0790333667222445	(6, 1.287)	1	3	3
r10i1301p1f1	2009-08-18	7	1.511	2.038	3.213	3.3667478045766037	4.102735802700728	(7, 1.511)	2	2	0
r10i1301p1f1	2010-06-23	5	1.156	1.333	0.518	2.63364793302863	1.9156594708908394	(5, 1.156)	1	1	1
r1i1001p1f1	1851-06-25	4	1.159	1.364	0.462	2.3294217469476055	1.5467110825257953	(4, 1.159)	1	1	1
r1i1001p1f1	1851-08-11	8	1.599	2.459	4.441	3.615804327077679	4.619944101145562	(8, 1.599)	0	0	0
r1i1001p1f1	1855-07-18	3	1.314	1.402	0.812	2.057674382091276	1.6523586503605283	(3, 1.314)	1	1	1
r1i1001p1f1	1855-07-25	8	1.375	1.871	2.654	3.4692515398309536	4.111745037257577	(8, 1.375)	2	3	2
r1i1001p1f1	1856-08-13	3	1.165	1.361	0.366	1.9535264388390532	1.0653284036835002	(3, 1.165)	1	1	1
r1i1001p1f1	1857-06-09	7	1.495	1.795	3.158	3.356471508521439	4.085757439565242	(7, 1.495)	2	3	2
r1i1001p1f1	1857-06-26	3	1.515	1.774	1.414	2.18291951501134	2.121945264387058	(3, 1.515)	2	3	3
r1i1001p1f1	1857-07-01	8	1.785	2.093	5.935	3.723037840221408	4.90744811786111	(8, 1.785)	0	0	4
r1i1001p1f1	1857-07-26	5	1.641	1.988	2.987	2.962534151416443	3.5379308368236306	(5, 1.641)	2	2	0
r1i1001p1f1	1857-08-11	4	1.616	2.096	2.29	2.633901202465888	2.961140828784372	(4, 1.616)	2	2	0
r1i1001p1f1	1858-06-26	6	1.654	1.856	3.663	3.2311496407690843	4.004326589347383	(6, 1.654)	2	2	0
r1i1001p1f1	1861-08-17	5	1.551	1.926	2.536	2.909123024727858	3.3794064053693345	(5, 1.551)	2	2	0
r1i1001p1f1	1862-06-08	5	1.365	1.502	1.608	2.788779684979346	2.9432797042615224	(5, 1.365)	1	3	3
r1i1001p1f1	1862-07-15	4	1.408	1.775	1.456	2.506668141569513	2.537499099907171	(4, 1.408)	2	3	3
r1i1001p1f1	1863-08-11	6	1.489	1.793	2.673	3.130426674211007	3.6959771183650676	(6, 1.489)	2	3	3
r1i1001p1f1	1863-08-27	4	1.024	1.123	-0.076	2.2183335405464546	-0.9364934391916745	(4, 1.024)	1	1	1
r1i1001p1f1	1864-06-12	4	1.397	1.665	1.415	2.49946680111933	2.511223958105374	(4, 1.397)	2	3	3
r1i1001p1f1	1865-07-07	6	1.58	1.928	3.219	3.187226745295644	3.877627087962404	(6, 1.58)	2	2	0
r1i1001p1f1	1866-06-07	4	1.415	1.557	1.486	2.511223958105374	2.5562966458746734	(4, 1.415)	1	3	3
r1i1001p1f1	1866-06-29	3	1.451	1.533	1.222	2.1447161783819926	1.9946592593953143	(3, 1.451)	1	3	3
r1i1001p1f1	1866-07-23	4	1.154	1.212	0.443	2.3255200642765415	1.5138076814188501	(4, 1.154)	1	1	1
r1i1001p1f1	1866-08-06	4	1.491	1.605	1.79	2.5593955017787398	2.729159164312445	(4, 1.491)	2	3	3
r1i1001p1f1	1866-08-14	5	1.365	1.582	1.609	2.788779684979346	2.943868652297081	(5, 1.365)	1	3	3
r1i1001p1f1	1868-08-18	7	1.302	1.46	1.807	3.223400670259069	3.539976474058067	(7, 1.302)	1	3	2
r1i1001p1f1	1870-06-21	6	1.61	1.884	3.398	3.2052664729322227	3.930652334401782	(6, 1.61)	2	2	0
r1i1001p1f1	1871-06-03	7	1.713	2.062	4.686	3.4881455446558522	4.474901288554277	(7, 1.713)	0	2	0
r1i1001p1f1	1871-07-10	8	1.562	1.997	4.151	3.593029825981303	4.553101938334142	(8, 1.562)	0	2	0
r1i1001p1f1	1872-07-25	6	1.659	2.308	3.695	3.234048964354741	4.01286671240168	(6, 1.659)	0	2	0
r1i1001p1f1	1873-06-13	3	1.176	1.297	0.397	1.9615972110500632	1.1193532049845927	(3, 1.176)	1	1	1
r1i1001p1f1	1874-08-10	4	1.545	1.975	2.005	2.5922651681085	2.83556352140117	(4, 1.545)	2	2	0
r1i1001p1f1	1875-07-01	5	1.702	1.941	3.291	2.997178152193665	3.632163551550933	(5, 1.702)	2	2	0
r1i1001p1f1	1875-08-01	3	1.18	1.271	0.411	1.9645159622469717	1.1428264897787204	(3, 1.18)	1	1	1
r1i1001p1f1	1878-07-21	3	1.235	1.398	0.574	2.0038081315273124	1.3819327357041902	(3, 1.235)	1	1	1
r1i1001p1f1	1878-07-27	5	1.442	1.559	1.992	2.840367113414099	3.1472181368766208	(5, 1.442)	2	3	3
r1i1001p1f1	1879-08-24	8	1.192	1.302	1.191	3.3311997577798014	3.330390496009569	(8, 1.192)	1	1	1
r1i1001p1f1	1880-08-23	5	1.426	1.732	1.911	2.829864488751794	3.1075253842646813	(5, 1.426)	2	3	3
r1i1001p1f1	1881-06-12	14	1.448	1.87	5.662	4.341866901860462	5.695729125768293	(14, 1.448)	0	0	4
r1i1001p1f1	1881-07-03	11	1.325	1.517	3.096	3.898731185666468	4.735768302038179	(11, 1.325)	2	3	2
r1i1001p1f1	1881-07-27	5	1.077	1.252	0.169	2.5681155749955287	1.0610756695077463	(5, 1.077)	1	1	1
r1i1001p1f1	1881-08-15	4	1.287	1.571	0.972	2.4244486807508863	2.172020722972929	(4, 1.287)	1	1	3
r1i1001p1f1	1881-08-29	3	1.322	1.437	0.835	2.062970828995383	1.6749985247384984	(3, 1.322)	1	1	1
r1i1001p1f1	1882-06-05	3	1.243	1.331	0.599	2.009396884415142	1.4140299735257975	(3, 1.243)	1	1	1
r1i1001p1f1	1882-06-21	4	1.215	1.299	0.685	2.372111155642656	1.8687205103641835	(4, 1.215)	1	1	1
r1i1001p1f1	1882-07-21	3	1.219	1.381	0.527	1.9925360413504454	1.3186503099495455	(3, 1.219)	1	1	1
r1i1001p1f1	1883-06-15	4	1.407	1.613	1.455	2.5060156129982354	2.5368663887187113	(4, 1.407)	2	3	3
r1i1001p1f1	1886-06-29	5	1.788	2.033	3.724	3.0440674637073983	3.7526892506019527	(5, 1.788)	2	2	0
r1i1001p1f1	1886-07-08	4	1.447	1.71	1.614	2.531790235686851	2.632751777051982	(4, 1.447)	2	3	3
r1i1001p1f1	1886-08-21	3	1.186	1.21	0.426	1.968878177611425	1.1673796469293618	(3, 1.186)	1	1	1
r1i1001p1f1	1888-06-09	7	1.26	1.444	1.513	3.1919372811688307	3.368024948097495	(7, 1.26)	1	3	1
r1i1001p1f1	1888-07-17	11	1.766	2.246	7.946	4.18096181287621	5.672955180280511	(11, 1.766)	0	0	4
r1i1001p1f1	1889-06-12	5	1.333	1.561	1.445	2.766532487090711	2.8423241343256467	(5, 1.333)	1	3	3
r1i1001p1f1	1889-07-19	4	1.522	1.822	1.912	2.5783969928753394	2.7909196789245048	(4, 1.522)	2	3	3
r1i1001p1f1	1892-06-23	6	1.191	1.334	0.884	2.917989827104379	2.6384924269250587	(6, 1.191)	1	1	1
r1i1001p1f1	1892-08-28	5	1.354	1.579	1.551	2.781187906031063	2.909123024727858	(5, 1.354)	1	3	3
r1i1001p1f1	1893-07-19	5	1.912	2.308	4.344	3.108025148706346	3.903333288387565	(5, 1.912)	0	2	0
r1i1001p1f1	1894-06-16	5	1.161	1.536	0.59	2.6376545325400946	2.0276745211049594	(5, 1.161)	1	1	1
r1i1001p1f1	1894-08-02	4	1.625	1.937	2.327	2.639057329615259	2.976345559753801	(4, 1.625)	2	2	0
r1i1001p1f1	1896-06-27	4	1.727	1.988	2.733	2.695707677903824	3.1295636211875117	(4, 1.727)	2	2	0
r1i1001p1f1	1897-08-02	4	1.386	1.689	1.37	2.4922132249704383	2.481567748522486	(4, 1.386)	2	3	3
r1i1001p1f1	1898-08-26	7	1.358	1.541	2.204	3.2638687682535124	3.7333424416177476	(7, 1.358)	2	3	2
r1i1001p1f1	1899-06-02	3	1.222	1.374	0.536	1.9946592593953143	1.331082266299207	(3, 1.222)	1	1	1
r1i1001p1f1	1899-06-07	5	1.667	1.985	3.116	2.9774474500261805	3.5790070833687304	(5, 1.667)	2	2	0
r1i1001p1f1	1900-08-10	12	1.496	2.142	5.432	4.146107322813235	5.42408620697649	(12, 1.496)	0	0	4
r1i1001p1f1	1901-07-02	3	1.141	1.245	0.294	1.93568806891756	0.9272974599000251	(3, 1.141)	1	1	1
r1i1001p1f1	1903-07-05	6	1.518	1.903	2.845	3.14888041860841	3.756836887603811	(6, 1.518)	2	2	0
r1i1001p1f1	1904-07-26	3	1.208	1.324	0.494	1.984712110619881	1.2716966740794537	(3, 1.208)	1	1	1
r1i1001p1f1	1905-07-28	8	1.413	1.88	2.956	3.495675100464856	4.217839323701369	(8, 1.413)	2	3	2
r1i1001p1f1	1906-06-17	3	1.451	1.781	1.221	2.1447161783819926	1.9939520208237795	(3, 1.451)	2	3	3
r1i1001p1f1	1906-07-11	6	1.151	1.45	0.647	2.885704001052943	2.3522243424441722	(6, 1.151)	1	1	1
r1i1001p1f1	1909-08-05	5	1.18	1.407	0.685	2.65273486896079	2.158545288236952	(5, 1.18)	1	1	1
r1i1001p1f1	1910-08-02	4	1.507	1.698	1.854	2.569247798221751	2.7620332083002648	(4, 1.507)	2	3	3
r1i1001p1f1	1910-08-26	8	1.353	1.626	2.478	3.45362837656764	4.044291539098813	(8, 1.353)	2	3	2
r1i1001p1f1	1911-07-23	4	1.078	1.151	0.138	2.264259978672378	0.7438402948754634	(4, 1.078)	1	1	1
r1i1001p1f1	1912-06-15	3	1.277	1.428	0.7	2.0328066751850744	1.5341337442388472	(3, 1.277)	1	1	1
r1i1001p1f1	1913-06-19	3	1.211	1.274	0.501	1.9868519878999251	1.281842422518679	(3, 1.211)	1	1	1
r1i1001p1f1	1913-07-10	3	1.276	1.389	0.696	2.032125916835549	1.5296416264070827	(3, 1.276)	1	1	1
r1i1001p1f1	1913-07-20	5	1.598	1.985	2.77	2.937371067602538	3.4647836210349685	(5, 1.598)	2	2	0
r1i1001p1f1	1914-08-05	6	1.429	1.669	2.311	3.091129952013059	3.554336829607658	(6, 1.429)	2	3	3
r1i1001p1f1	1917-06-19	7	1.198	1.409	1.078	3.1436034425111297	3.0428467198871294	(7, 1.198)	1	1	1
r1i1001p1f1	1917-07-05	8	1.44	1.716	3.17	3.514034293600482	4.286738993014567	(8, 1.44)	2	3	2
r1i1001p1f1	1917-08-13	11	1.661	2.201	6.789	4.120630239269462	5.516175867429999	(11, 1.661)	0	0	4
r1i1001p1f1	1918-08-15	6	1.256	1.629	1.274	2.968327915962107	2.9818310777909534	(6, 1.256)	1	3	3
r1i1001p1f1	1919-07-20	6	1.671	1.881	3.767	3.24097323521861	4.031819429149102	(6, 1.671)	2	2	0
r1i1001p1f1	1919-07-31	4	1.329	1.521	1.141	2.4537599207911636	2.3153038654018205	(4, 1.329)	1	1	3
r1i1001p1f1	1921-06-10	3	1.115	1.149	0.214	1.9159971769397985	0.7476242949774393	(3, 1.115)	1	1	1
r1i1001p1f1	1921-07-11	3	1.204	1.312	0.482	1.9818517992247855	1.25406083097726	(3, 1.204)	1	1	1
r1i1001p1f1	1925-06-15	5	1.218	1.41	0.874	2.682229975164674	2.3769146248999005	(5, 1.218)	1	1	1
r1i1001p1f1	1925-07-14	4	1.564	1.799	2.083	2.603578179505499	2.8715286700946847	(4, 1.564)	2	3	3
r1i1001p1f1	1925-07-23	7	1.41	1.716	2.566	3.3000341723917663	3.88203760422265	(7, 1.41)	2	3	2
r1i1001p1f1	1926-07-14	6	1.841	2.299	4.785	3.3342404255346003	4.2672448012726925	(6, 1.841)	0	2	0
r1i1001p1f1	1926-08-05	4	1.844	2.287	3.202	2.7569673413368245	3.2815125387161754	(4, 1.844)	2	2	0
r1i1001p1f1	1929-08-22	7	1.525	2.104	3.372	3.3756537446116663	4.150257142081467	(7, 1.525)	2	2	0
r1i1001p1f1	1930-06-19	4	1.589	1.813	2.182	2.618271361855424	2.9153895208714524	(4, 1.589)	2	2	3
r1i1001p1f1	1930-08-13	7	1.297	1.388	1.776	3.219706525866784	3.5231784170530025	(7, 1.297)	1	3	1
r1i1001p1f1	1930-08-23	5	1.281	1.464	1.185	2.7292907089163507	2.656665868654067	(5, 1.281)	1	1	1
r1i1001p1f1	1931-07-03	5	1.154	1.5	0.552	2.6320407875973544	1.9701214776100868	(5, 1.154)	1	1	1
r1i1001p1f1	1931-07-22	5	1.549	2.088	2.525	2.9079030978437186	3.3752078341262295	(5, 1.549)	2	2	0
r1i1001p1f1	1931-08-01	3	1.236	1.414	0.577	2.0045084361444423	1.3858392445454837	(3, 1.236)	1	1	1
r1i1001p1f1	1933-08-02	4	1.331	1.516	1.15	2.4551344914543303	2.322387720290225	(4, 1.331)	1	1	3
r1i1001p1f1	1934-06-12	3	1.401	1.451	1.072	2.113819966225856	1.8825557489911475	(3, 1.401)	1	1	3
r1i1001p1f1	1935-06-09	5	1.246	1.355	1.011	2.7034197303220164	2.5098694393944645	(5, 1.246)	1	1	1
r1i1001p1f1	1935-08-07	3	1.624	1.869	1.743	2.2448025292398825	2.308258336947238	(3, 1.624)	2	2	0
r1i1001p1f1	1936-07-18	7	1.359	1.716	2.211	3.2645767354286646	3.736437741771794	(7, 1.359)	2	3	2
r1i1001p1f1	1937-07-01	5	1.308	1.703	1.324	2.74880080573658	2.76018524182164	(5, 1.308)	1	3	3
r1i1001p1f1	1939-06-23	8	1.435	1.913	3.128	3.5106597748684316	4.273585829369667	(8, 1.435)	2	3	2
r1i1001p1f1	1939-07-23	3	1.238	1.358	0.582	2.00590757581405	1.392316369876498	(3, 1.238)	1	1	1
r1i1001p1f1	1939-08-03	8	1.627	2.091	4.664	3.632700757550918	4.668466744445413	(8, 1.627)	0	0	0
r1i1001p1f1	1940-08-04	4	1.24	1.345	0.786	2.3905959703167587	1.9862291599576571	(4, 1.24)	1	1	1
r1i1001p1f1	1941-08-20	5	1.509	1.83	2.325	2.8831867233698234	3.295625370990282	(5, 1.509)	2	3	3
r1i1001p1f1	1942-08-21	4	1.451	1.659	1.628	2.534331533115523	2.6407701476189334	(4, 1.451)	2	3	3
r1i1001p1f1	1943-06-24	10	1.5	1.724	4.563	3.88020545111777	4.978764297609249	(10, 1.5)	0	0	2
r1i1001p1f1	1945-07-10	4	1.426	1.607	1.53	2.5183414258742376	2.5832425505088623	(4, 1.426)	2	3	3
r1i1001p1f1	1945-08-23	4	1.218	1.506	0.697	2.3743474592209366	1.8834266577538787	(4, 1.218)	1	1	1
r1i1001p1f1	1949-07-07	4	1.2	1.296	0.625	2.3608540011180215	1.791759469228055	(4, 1.2)	1	1	1
r1i1001p1f1	1949-07-15	3	1.369	1.596	0.977	2.0935333672031136	1.8044520625451974	(3, 1.369)	1	3	3
r1i1001p1f1	1949-07-20	5	1.307	1.46	1.318	2.7480849567407475	2.7559312519452974	(5, 1.307)	1	1	1
r1i1001p1f1	1950-08-12	4	1.609	2.199	2.26	2.629872420038186	2.9486406660201405	(4, 1.609)	2	2	0
r1i1001p1f1	1951-07-30	7	1.341	1.653	2.082	3.251756000652981	3.6777977686086216	(7, 1.341)	2	3	2
r1i1001p1f1	1954-06-20	5	1.536	1.699	2.461	2.8999370898501984	3.3504238280854177	(5, 1.536)	2	3	3
r1i1001p1f1	1954-07-12	5	1.331	1.801	1.44	2.76512546568698	2.8390603018231353	(5, 1.331)	2	3	3
r1i1001p1f1	1955-08-08	3	1.709	1.979	1.998	2.2905352332026174	2.432025476138745	(3, 1.709)	2	2	0
r1i1001p1f1	1957-06-05	9	1.155	1.265	0.999	3.4715005055045793	3.331239759238353	(9, 1.155)	1	1	1
r1i1001p1f1	1958-08-26	3	1.556	1.722	1.536	2.2066481654948773	2.1951435380616515	(3, 1.556)	2	3	3
r1i1001p1f1	1959-06-08	3	1.338	1.512	0.883	2.073480301439183	1.7206576950771912	(3, 1.338)	1	1	3
r1i1001p1f1	1959-08-14	3	1.302	1.389	0.774	2.049676739221073	1.6137928111176032	(3, 1.302)	1	1	1
r1i1001p1f1	1959-08-29	4	1.447	1.723	1.614	2.531790235686851	2.632751777051982	(4, 1.447)	2	3	3
r1i1001p1f1	1962-07-23	4	1.194	1.376	0.6	2.3563154154150134	1.7578579175523736	(4, 1.194)	1	1	1
r1i1001p1f1	1962-08-07	5	1.661	1.91	3.086	2.974025606934789	3.5696039303616915	(5, 1.661)	2	2	0
r1i1001p1f1	1963-06-29	4	1.368	1.521	1.296	2.4802290602368893	2.4308023907947995	(4, 1.368)	1	3	3
r1i1001p1f1	1963-07-23	4	1.22	1.383	0.707	2.3758355547336385	1.8955187035189074	(4, 1.22)	1	1	1
r1i1001p1f1	1966-07-08	3	1.251	1.377	0.623	2.014954576654025	1.443903372160198	(3, 1.251)	1	1	1
r1i1001p1f1	1966-07-23	3	1.36	1.533	0.95	2.0877528189887515	1.7810935906961989	(3, 1.36)	1	1	3
r1i1001p1f1	1967-07-17	7	1.534	1.885	3.433	3.3813373903798873	4.167905535788073	(7, 1.534)	2	2	0
r1i1001p1f1	1970-08-28	3	1.162	1.28	0.354	1.951313967121635	1.0436061303477935	(3, 1.162)	1	1	1
r1i1001p1f1	1971-06-07	5	1.217	1.299	0.866	2.6814648306528506	2.368576402939051	(5, 1.217)	1	1	1
r1i1001p1f1	1971-08-09	3	1.536	1.836	1.478	2.1951435380616515	2.1610115379265453	(3, 1.536)	2	3	3
r1i1001p1f1	1971-08-18	14	1.449	1.887	5.67	4.3425482910619735	5.697136315662436	(14, 1.449)	0	0	4
r1i1001p1f1	1972-07-04	4	1.223	1.28	0.717	2.3780635541699513	1.9074662769400255	(4, 1.223)	1	1	1
r1i1001p1f1	1972-07-18	3	1.086	1.109	0.128	1.8935669098428978	0.5098896919823173	(3, 1.086)	1	1	1
r1i1001p1f1	1973-06-18	10	1.414	1.645	3.706	3.8224178554747295	4.772327427595198	(10, 1.414)	0	0	2
r1i1001p1f1	1973-07-08	6	1.635	2.097	3.551	3.2200549045485944	3.9738483829380256	(6, 1.635)	2	2	0
r1i1001p1f1	1978-06-02	3	1.386	1.736	1.028	2.1043618427217843	1.8471381497189576	(3, 1.386)	2	3	3
r1i1001p1f1	1978-08-04	5	2.02	2.384	4.883	3.160580667084216	4.018068080793332	(5, 2.02)	0	2	0
r1i1001p1f1	1979-06-11	7	1.592	2.084	3.843	3.4172102424282365	4.279070947581908	(7, 1.592)	0	2	0
r1i1001p1f1	1980-08-21	8	1.614	1.869	4.562	3.624891475659202	4.646564269743564	(8, 1.614)	0	2	0
r1i1001p1f1	1982-08-15	3	1.382	1.46	1.016	2.1018244949350686	1.8372570539560484	(3, 1.382)	1	1	3
r1i1001p1f1	1984-06-08	3	1.326	1.495	0.849	2.0656085698259683	1.6885324920460172	(3, 1.326)	1	1	1
r1i1001p1f1	1985-08-07	4	1.309	1.465	1.062	2.4399092838572645	2.250870657307367	(4, 1.309)	1	1	1
r1i1001p1f1	1986-08-06	4	1.534	1.785	1.963	2.5856565528881434	2.8156482117002284	(4, 1.534)	2	3	3
r1i1001p1f1	1987-06-24	5	1.182	1.288	0.694	2.6543091236540386	2.1700995397944	(5, 1.182)	1	1	1
r1i1001p1f1	1987-07-21	8	1.636	1.968	4.736	3.638071678913345	4.6836434803370075	(8, 1.636)	0	0	0
r1i1001p1f1	1987-08-20	5	1.117	1.224	0.365	2.601832996690327	1.625473464760949	(5, 1.117)	1	1	1
r1i1001p1f1	1987-08-27	3	1.377	1.548	0.999	2.0986437296880074	1.8230895610787659	(3, 1.377)	1	3	3
r1i1001p1f1	1990-08-08	3	1.22	1.333	0.529	1.993244281711825	1.3214263541376352	(3, 1.22)	1	1	1
r1i1001p1f1	1991-06-11	5	1.164	1.386	0.6	2.6400508094541792	2.0422852074542566	(5, 1.164)	1	1	1
r1i1001p1f1	1991-06-22	6	1.108	1.176	0.389	2.8497932412572187	1.9046578625167627	(6, 1.108)	1	1	1
r1i1001p1f1	1991-07-02	3	1.337	1.45	0.88	2.072826685323001	1.7178642673569477	(3, 1.337)	1	1	1
r1i1001p1f1	1991-07-07	4	1.578	1.738	2.139	2.6118329433603873	2.8965747020207724	(4, 1.578)	2	3	3
r1i1001p1f1	1991-08-28	3	1.706	2.227	1.987	2.288956244028366	2.4269910255646816	(3, 1.706)	2	2	0
r1i1001p1f1	1993-06-17	3	1.288	1.426	0.732	2.0402645892270397	1.5693622171593682	(3, 1.288)	1	1	1
r1i1001p1f1	1993-07-01	7	1.45	1.968	2.849	3.326990074580725	3.9846081603344423	(7, 1.45)	2	2	2
r1i1001p1f1	1993-07-17	7	1.297	1.739	1.774	3.219706525866784	3.522084920197291	(7, 1.297)	2	3	2
r1i1001p1f1	1993-07-29	3	1.578	2.095	1.604	2.219152235245174	2.2337309782393735	(3, 1.578)	2	2	0
r1i1001p1f1	1993-08-21	4	1.422	1.815	1.512	2.515759113270765	2.572306840068834	(4, 1.422)	2	3	3
r1i1001p1f1	1995-07-31	10	1.446	1.755	4.027	3.844312203867527	4.854721337971618	(10, 1.446)	0	0	2
r1i1001p1f1	1995-08-16	3	1.288	1.309	0.734	2.0402645892270397	1.5715233286018926	(3, 1.288)	1	1	1
r1i1001p1f1	1996-07-28	3	1.381	1.492	1.012	2.101189150752198	1.8339415387115605	(3, 1.381)	1	1	3
r1i1001p1f1	1997-06-22	11	1.361	1.558	3.489	3.9250022047514825	4.854283526767056	(11, 1.361)	0	0	2
r1i1001p1f1	2001-07-24	9	1.421	2.102	3.396	3.672927901899867	4.529282168955635	(9, 1.421)	0	0	2
r1i1001p1f1	2002-06-19	5	1.293	1.504	1.248	2.738008889368074	2.704916240680952	(5, 1.293)	1	1	1
r1i1001p1f1	2002-06-26	5	1.587	1.872	2.716	2.9308309880366226	3.445718227292841	(5, 1.587)	2	2	0
r1i1001p1f1	2002-07-15	9	1.678	2.611	5.714	3.8352715423290067	5.0452170588190235	(9, 1.678)	0	0	4
r1i1001p1f1	2002-08-03	3	1.364	1.566	0.961	2.090326077682387	1.7906759621497192	(3, 1.364)	1	3	3
r1i1001p1f1	2006-07-04	4	1.439	1.571	1.584	2.526688183802955	2.6153499458132896	(4, 1.439)	2	3	3
r1i1001p1f1	2007-08-04	6	1.449	1.757	2.433	3.104401182507468	3.6043464016798388	(6, 1.449)	2	3	3
r1i1001p1f1	2009-06-08	6	1.496	1.789	2.715	3.1349123045307574	3.7111835557485087	(6, 1.496)	2	3	3
r1i1001p1f1	2010-07-28	7	1.51	1.863	3.269	3.366108620634075	4.1197316856342505	(7, 1.51)	2	2	2
r1i1231p1f1	1852-07-28	5	1.234	1.415	0.914	2.694393330535566	2.4175936751601155	(5, 1.234)	1	1	1
r1i1231p1f1	1853-08-05	3	1.307	1.362	0.768	2.0530168670468605	1.6075651720777713	(3, 1.307)	1	1	1
r1i1231p1f1	1856-07-15	3	1.303	1.428	0.756	2.0503456578987986	1.5949923217996138	(3, 1.303)	1	1	1
r1i1231p1f1	1856-07-25	3	1.372	1.432	0.964	2.0954528148814386	1.7932734784523279	(3, 1.372)	1	1	3
r1i1231p1f1	1856-08-19	3	1.151	1.324	0.301	1.9431594319473882	0.9415848724799063	(3, 1.151)	1	1	1
r1i1231p1f1	1857-08-17	3	1.222	1.376	0.512	1.9946592593953143	1.297580637895095	(3, 1.222)	1	1	1
r1i1231p1f1	1858-06-19	7	1.248	1.436	1.38	3.1827628692938577	3.279329426504208	(7, 1.248)	1	1	1
r1i1231p1f1	1859-06-06	21	1.484	1.976	9.093	4.96850264213413	6.775430674100742	(21, 1.484)	0	0	4
r1i1231p1f1	1859-07-03	4	1.432	1.64	1.522	2.5222024345316973	2.5783969928753394	(4, 1.432)	2	3	3
r1i1231p1f1	1859-07-25	9	1.672	1.942	5.589	3.831766941662484	5.02324215924212	(9, 1.672)	0	0	4
r1i1231p1f1	1861-07-27	4	1.283	1.474	0.928	2.4216117994156865	2.1310847748316744	(4, 1.283)	1	1	1
r1i1231p1f1	1861-08-14	5	1.256	1.351	1.024	2.710879986726104	2.5216136328339824	(5, 1.256)	1	1	1
r1i1231p1f1	1861-08-21	3	1.28	1.367	0.687	2.034846174051035	1.519459968127892	(3, 1.28)	1	1	1
r1i1231p1f1	1862-05-31	4	1.213	1.315	0.648	2.3706175033858727	1.8219653112851208	(4, 1.213)	1	1	1
r1i1231p1f1	1862-07-20	8	1.407	1.676	2.85	3.491549098160661	4.181869033787226	(8, 1.407)	2	3	2
r1i1231p1f1	1864-07-23	3	1.31	1.393	0.776	2.055015601727822	1.6158601019613514	(3, 1.31)	1	1	1
r1i1231p1f1	1864-07-29	5	1.483	1.806	2.161	2.8667871509346683	3.2252838295564144	(5, 1.483)	2	3	3
r1i1231p1f1	1867-06-15	3	1.258	1.423	0.622	2.0197923479787105	1.4426763029959913	(3, 1.258)	1	1	1
r1i1231p1f1	1867-07-05	5	1.311	1.473	1.301	2.750945283211416	2.7437790680320884	(5, 1.311)	1	1	1
r1i1231p1f1	1867-08-20	3	1.535	1.699	1.451	2.1945648176264645	2.1447161783819926	(3, 1.535)	2	3	3
r1i1231p1f1	1869-07-10	3	1.544	1.938	1.479	2.199761283913689	2.161609999865051	(3, 1.544)	2	3	3
r1i1231p1f1	1869-07-27	8	1.519	1.956	3.743	3.5658935877363844	4.450787733910053	(8, 1.519)	0	2	2
r1i1231p1f1	1869-08-08	3	1.175	1.245	0.372	1.9608661901948141	1.0760151186962577	(3, 1.175)	1	1	1
r1i1231p1f1	1870-08-24	5	1.609	1.856	2.79	2.943868652297081	3.4717536437629013	(5, 1.609)	2	2	0
r1i1231p1f1	1871-07-09	11	1.372	1.693	3.526	3.9328937157684143	4.864750649418543	(11, 1.372)	0	0	2
r1i1231p1f1	1871-07-25	3	1.522	1.627	1.413	2.1870108148138745	2.121322580009314	(3, 1.522)	2	3	3
r1i1231p1f1	1872-06-14	3	1.179	1.243	0.383	1.9637870727255824	1.0953156533644401	(3, 1.179)	1	1	1
r1i1231p1f1	1872-07-02	3	1.246	1.528	0.584	2.011484640358179	1.394895518599486	(3, 1.246)	1	1	1
r1i1231p1f1	1873-06-04	6	1.597	1.773	3.278	3.197489180865923	3.8954171738568295	(6, 1.597)	2	2	0
r1i1231p1f1	1876-08-21	6	1.194	1.365	0.856	2.920369758028874	2.6086407809359966	(6, 1.194)	1	1	1
r1i1231p1f1	1877-06-06	4	1.206	1.252	0.621	2.3653720810928105	1.7864118629014598	(4, 1.206)	1	1	1
r1i1231p1f1	1877-07-15	9	1.342	1.728	2.615	3.617222322349705	4.271164903930666	(9, 1.342)	2	3	2
r1i1231p1f1	1877-07-26	6	1.315	1.627	1.581	3.01192417780083	3.187833342158627	(6, 1.315)	1	3	3
r1i1231p1f1	1877-08-16	3	1.428	1.493	1.13	2.13062237682456	1.9274045777056474	(3, 1.428)	1	3	3
r1i1231p1f1	1877-08-21	3	1.279	1.385	0.684	2.034166803163775	1.5160429140673506	(3, 1.279)	1	1	1
r1i1231p1f1	1878-08-05	9	1.348	1.625	2.674	3.6215637468290693	4.29316809818963	(9, 1.348)	2	3	2
r1i1231p1f1	1879-06-06	7	1.352	1.628	2.104	3.2596104072320715	3.68804473856981	(7, 1.352)	2	3	2
r1i1231p1f1	1880-07-17	3	1.385	1.838	1.002	2.1037281090948614	1.8256043365139252	(3, 1.385)	2	3	3
r1i1231p1f1	1880-07-25	3	1.181	1.274	0.388	1.9652443208753656	1.1039669733908037	(3, 1.181)	1	1	1
r1i1231p1f1	1881-08-27	3	1.631	1.882	1.741	2.2486487933045867	2.3072244513025417	(3, 1.631)	2	2	0
r1i1231p1f1	1883-06-29	3	1.375	1.512	0.97	2.097368585337483	1.7984483569941683	(3, 1.375)	1	1	3
r1i1231p1f1	1883-07-18	4	1.254	1.376	0.812	2.400800140491001	2.014369544936121	(4, 1.254)	1	1	1
r1i1231p1f1	1884-06-19	5	1.421	1.757	1.849	2.826559667962716	3.076041797259067	(5, 1.421)	2	3	3
r1i1231p1f1	1885-06-12	3	1.129	1.203	0.234	1.926648119458506	0.7956584911963684	(3, 1.129)	1	1	1
r1i1231p1f1	1885-07-10	4	1.428	1.593	1.508	2.519630085846386	2.569860355668164	(4, 1.428)	2	3	3
r1i1231p1f1	1885-07-22	10	1.488	1.836	4.365	3.872339770260801	4.934714334925029	(10, 1.488)	0	0	2
r1i1231p1f1	1887-08-07	4	1.627	1.948	2.303	2.6401995341940356	2.9665094148770876	(4, 1.627)	2	2	0
r1i1231p1f1	1887-08-23	3	1.23	1.478	0.536	2.000299233099087	1.331082266299207	(3, 1.23)	1	1	1
r1i1231p1f1	1888-08-20	3	1.157	1.186	0.316	1.947615601525812	0.9715302127344428	(3, 1.157)	1	1	1
r1i1231p1f1	1889-06-19	3	1.369	1.601	0.953	2.0935333672031136	1.7837160842352977	(3, 1.369)	1	3	3
r1i1231p1f1	1890-06-21	3	1.393	1.494	1.027	2.1087867683038795	1.8463184440077063	(3, 1.393)	1	3	3
r1i1231p1f1	1892-07-02	3	1.574	1.791	1.57	2.2168903666583364	2.2146233704217337	(3, 1.574)	2	3	3
r1i1231p1f1	1892-08-15	10	1.794	2.537	7.432	4.055798815766831	5.463918562718468	(10, 1.794)	0	0	4
r1i1231p1f1	1893-06-27	9	1.776	2.049	6.525	3.8908402261602393	5.1771379446963195	(9, 1.776)	0	0	4
r1i1231p1f1	1893-07-29	4	1.591	2.011	2.158	2.6194375427456063	2.9049319092274946	(4, 1.591)	2	2	0
r1i1231p1f1	1894-06-10	4	1.45	1.622	1.595	2.533696813957432	2.6217658325051976	(4, 1.45)	2	3	3
r1i1231p1f1	1894-07-28	7	1.677	1.889	4.38	3.4675615677771368	4.4081661901475675	(7, 1.677)	0	2	0
r1i1231p1f1	1894-08-28	3	1.233	1.375	0.546	2.0024060492939144	1.3447166704034441	(3, 1.233)	1	1	1
r1i1231p1f1	1898-07-21	4	1.165	1.252	0.456	2.334083760053417	1.5364370195496102	(4, 1.165)	1	1	1
r1i1231p1f1	1898-07-27	3	1.283	1.563	0.696	2.0368815218260807	1.5296416264070827	(3, 1.283)	1	1	1
r1i1231p1f1	1898-08-01	3	1.467	1.671	1.247	2.154404709241113	2.0121795915224925	(3, 1.467)	2	3	3
r1i1231p1f1	1899-06-06	5	1.321	1.416	1.35	2.7580605089354964	2.778412906709986	(5, 1.321)	1	1	1
r1i1231p1f1	1899-08-15	4	1.601	2.055	2.199	2.625248134341072	2.9227313806695006	(4, 1.601)	2	2	0
r1i1231p1f1	1900-07-01	4	1.28	1.41	0.917	2.419478844465545	2.1205834850110112	(4, 1.28)	1	1	1
r1i1231p1f1	1903-06-07	3	1.175	1.233	0.37	1.9608661901948141	1.0724655547928086	(3, 1.175)	1	1	1
r1i1231p1f1	1904-07-25	17	1.405	1.926	6.012	4.5999604173586075	6.045947730865878	(17, 1.405)	0	0	4
r1i1231p1f1	1904-08-19	4	1.652	2.022	2.404	2.6543680908523504	3.007265509367664	(4, 1.652)	2	2	0
r1i1231p1f1	1908-07-23	5	1.36	1.876	1.543	2.785336019554116	2.9042343623632667	(5, 1.36)	2	3	3
r1i1231p1f1	1909-06-21	5	1.389	1.488	1.687	2.8051461856340905	2.988769760928856	(5, 1.389)	1	3	3
r1i1231p1f1	1909-07-09	3	1.627	1.868	1.727	2.246452739934745	2.2999571664191962	(3, 1.627)	2	2	0
r1i1231p1f1	1909-07-28	3	1.251	1.345	0.598	2.014954576654025	1.4127656710796765	(3, 1.251)	1	1	1
r1i1231p1f1	1911-06-04	3	1.34	1.509	0.867	2.074786253423948	1.705668423237836	(3, 1.34)	1	1	3
r1i1231p1f1	1911-07-03	10	1.548	1.8	4.964	3.911063709038592	5.062439723820018	(10, 1.548)	0	0	2
r1i1231p1f1	1911-08-20	8	1.455	2.012	3.233	3.5240900588243615	4.306149934012947	(8, 1.455)	2	2	2
r1i1231p1f1	1913-06-30	3	1.344	1.759	0.878	2.077393051971457	1.7159976376371986	(3, 1.344)	1	3	3
r1i1231p1f1	1913-07-31	3	1.518	1.981	1.399	2.184674979251309	2.1125640397288246	(3, 1.518)	2	3	3
r1i1231p1f1	1913-08-14	4	1.15	1.292	0.396	2.322387720290225	1.4274363044510658	(4, 1.15)	1	1	1
r1i1231p1f1	1914-06-13	3	1.247	1.348	0.589	2.0121795915224925	1.4013144371330686	(3, 1.247)	1	1	1
r1i1231p1f1	1914-07-30	8	1.261	1.627	1.681	3.3855141344283695	3.6645019212039096	(8, 1.261)	1	3	2
r1i1231p1f1	1915-07-21	8	1.43	1.64	3.034	3.5072738301917648	4.243505430360011	(8, 1.43)	2	3	2
r1i1231p1f1	1915-08-26	8	1.329	1.553	2.22	3.4363018523391844	3.9363812350064045	(8, 1.329)	2	3	2
r1i1231p1f1	1920-07-12	6	1.729	2.261	4.067	3.2737808396165207	4.10713653994456	(6, 1.729)	0	2	0
r1i1231p1f1	1921-06-03	6	1.382	1.604	1.984	3.0592312990011097	3.406474297489163	(6, 1.382)	2	3	3
r1i1231p1f1	1921-08-05	3	1.268	1.368	0.651	2.0266631018505987	1.4776638838106866	(3, 1.268)	1	1	1
r1i1231p1f1	1922-07-24	3	1.214	1.276	0.489	1.9889872958811943	1.2643861665684624	(3, 1.214)	1	1	1
r1i1231p1f1	1922-08-09	6	1.372	1.499	1.926	3.0523110543392895	3.3778026282977685	(6, 1.372)	1	3	3
r1i1231p1f1	1922-08-27	6	1.889	2.209	5.027	3.3590730375327027	4.315906992514009	(6, 1.889)	0	2	0
r1i1231p1f1	1923-07-17	5	1.255	1.378	1.018	2.7101364606027474	2.51621036934779	(5, 1.255)	1	1	1
r1i1231p1f1	1924-08-06	4	1.544	1.899	1.973	2.591666186359534	2.8204260516539414	(4, 1.544)	2	3	3
r1i1231p1f1	1928-06-09	3	1.118	1.146	0.199	1.9182890911516206	0.7100211765982832	(3, 1.118)	1	1	1
r1i1231p1f1	1928-06-14	3	1.172	1.225	0.361	1.958669915800558	1.0563347299798889	(3, 1.172)	1	1	1
r1i1231p1f1	1928-06-21	4	1.699	1.972	2.593	2.6804734333319757	3.0793378574087877	(4, 1.699)	2	2	0
r1i1231p1f1	1928-07-03	4	1.692	2.04	2.563	2.67662833109387	3.0682389643407393	(4, 1.692)	2	2	0
r1i1231p1f1	1928-08-28	3	1.458	1.704	1.219	2.1489664653709726	1.9925360413504454	(3, 1.458)	2	3	3
r1i1231p1f1	1929-06-01	3	1.275	1.356	0.672	2.0314446947383757	1.502256724370767	(3, 1.275)	1	1	1
r1i1231p1f1	1929-07-31	7	1.531	1.736	3.36	3.379446428834913	4.146748361344742	(7, 1.531)	2	3	2
r1i1231p1f1	1931-06-17	5	1.15	1.259	0.492	2.628818727167972	1.871914051358716	(5, 1.15)	1	1	1
r1i1231p1f1	1931-07-10	3	1.331	1.541	0.839	2.068895991639963	1.6788840992529575	(3, 1.331)	1	1	3
r1i1231p1f1	1931-08-13	3	1.479	1.84	1.284	2.161609999865051	2.0375590515374253	(3, 1.479)	2	3	3
r1i1231p1f1	1932-07-11	11	1.264	1.567	2.34	3.852577648563796	4.45863949140164	(11, 1.264)	2	3	2
r1i1231p1f1	1932-08-05	3	1.52	1.663	1.407	2.185843579048409	2.1175783092527807	(3, 1.52)	2	3	3
r1i1231p1f1	1932-08-28	6	1.372	1.604	1.926	3.0523110543392895	3.3778026282977685	(6, 1.372)	2	3	3
r1i1231p1f1	1933-06-11	3	1.233	1.29	0.546	2.0024060492939144	1.3447166704034441	(3, 1.233)	1	1	1
r1i1231p1f1	1933-06-29	3	1.346	1.694	0.883	2.078693907391348	1.7206576950771912	(3, 1.346)	1	3	3
r1i1231p1f1	1933-08-09	4	1.436	1.634	1.537	2.524768183213131	2.5874632381130924	(4, 1.436)	2	3	3
r1i1231p1f1	1937-06-09	12	1.529	1.866	5.729	4.167584745633585	5.477091211972358	(12, 1.529)	0	0	4
r1i1231p1f1	1937-07-25	13	1.57	2.043	6.751	4.311997085829114	5.760269911961229	(13, 1.57)	0	0	4
r1i1231p1f1	1938-05-28	10	1.25	1.487	1.987	3.7020047086701653	4.156293124615576	(10, 1.25)	1	3	2
r1i1231p1f1	1938-06-22	3	1.335	1.602	0.85	2.0715181700506955	1.6894922309880402	(3, 1.335)	1	1	3
r1i1231p1f1	1939-07-17	3	1.329	1.475	0.832	2.0675823194866925	1.672074403801572	(3, 1.329)	1	1	1
r1i1231p1f1	1939-07-27	3	1.497	1.681	1.337	2.172321518293727	2.072826685323001	(3, 1.497)	2	3	3
r1i1231p1f1	1943-06-07	5	1.196	1.42	0.723	2.665260056144508	2.2064470018184537	(5, 1.196)	1	1	1
r1i1231p1f1	1944-07-01	9	1.696	2.358	5.805	3.8457122481407247	5.060916409737018	(9, 1.696)	0	0	4
r1i1231p1f1	1944-08-03	5	1.162	1.358	0.556	2.638453929697122	1.9763380572110507	(5, 1.162)	1	1	1
r1i1231p1f1	1944-08-20	3	1.293	1.367	0.726	2.043636250061301	1.5628507183091673	(3, 1.293)	1	1	1
r1i1231p1f1	1945-08-27	3	1.159	1.199	0.324	1.9490965895169745	0.9871418062162414	(3, 1.159)	1	1	1
r1i1231p1f1	1946-06-21	10	1.525	2.215	4.74	3.8963962272037223	5.016564091273106	(10, 1.525)	0	0	4
r1i1231p1f1	1946-08-24	6	1.176	1.392	0.751	2.9060044626733057	2.4880185345964843	(6, 1.176)	1	1	1
r1i1231p1f1	1947-07-26	10	1.293	2.075	2.415	3.735005361491007	4.348586254569824	(10, 1.293)	2	3	2
r1i1231p1f1	1947-08-09	4	1.782	2.143	2.922	2.724972868298118	3.193599041683408	(4, 1.782)	2	2	0
r1i1231p1f1	1951-05-31	5	1.884	2.32	4.164	3.093936459319007	3.8618855752257293	(5, 1.884)	0	2	0
r1i1231p1f1	1952-07-08	4	1.305	1.559	1.016	2.437115985951652	2.2113466125597747	(4, 1.305)	1	1	3
r1i1231p1f1	1952-07-28	3	1.402	1.674	1.054	2.114447338462442	1.8682180158529837	(3, 1.402)	2	3	3
r1i1231p1f1	1955-06-17	4	1.481	1.822	1.721	2.553188157204406	2.6924626777604965	(4, 1.481)	2	3	3
r1i1231p1f1	1955-07-26	4	1.628	1.966	2.306	2.6407701476189334	2.967744237013822	(4, 1.628)	2	2	0
r1i1231p1f1	1955-08-10	3	1.716	2.148	1.993	2.294209874293993	2.429740231059597	(3, 1.716)	2	2	0
r1i1231p1f1	1958-06-04	7	1.335	1.606	1.984	3.247445633436049	3.630831668054398	(7, 1.335)	2	3	2
r1i1231p1f1	1958-08-04	5	1.48	1.684	2.146	2.864877469012313	3.2185961617090144	(5, 1.48)	2	3	3
r1i1231p1f1	1959-07-05	3	1.429	1.716	1.133	2.1312392989852436	1.9296705251208113	(3, 1.429)	2	3	3
r1i1231p1f1	1962-08-02	6	1.519	1.865	2.81	3.1495107204994373	3.744749190850161	(6, 1.519)	2	2	0
r1i1231p1f1	1964-06-29	4	1.591	1.951	2.157	2.6194375427456063	2.9044937931197197	(4, 1.591)	2	2	0
r1i1231p1f1	1965-06-04	5	1.225	1.327	0.87	2.6875696567008087	2.372754204637483	(5, 1.225)	1	1	1
r1i1231p1f1	1965-07-27	3	1.352	1.485	0.903	2.0825863510166935	1.739083752665682	(3, 1.352)	1	1	3
r1i1231p1f1	1966-08-18	3	1.358	1.48	0.921	2.086463702251958	1.7553818168389415	(3, 1.358)	1	1	3
r1i1231p1f1	1967-08-02	3	1.242	1.315	0.573	2.008699996037192	1.3806271674231094	(3, 1.242)	1	1	1
r1i1231p1f1	1968-06-19	4	1.407	1.705	1.423	2.5060156129982354	2.5164053168473712	(4, 1.407)	2	3	3
r1i1231p1f1	1968-07-09	5	1.271	1.536	1.102	2.7219670441761172	2.5893218104403486	(5, 1.271)	1	1	1
r1i1231p1f1	1969-08-16	3	1.224	1.257	0.518	1.9960722377456375	1.3060618524041605	(3, 1.224)	1	1	1
r1i1231p1f1	1970-07-09	3	1.376	1.519	0.974	2.0980063607618704	1.8018834582222802	(3, 1.376)	1	1	3
r1i1231p1f1	1971-07-07	3	1.156	1.202	0.313	1.9468742842202946	0.9656124531448094	(3, 1.156)	1	1	1
r1i1231p1f1	1972-07-22	3	1.289	1.361	0.714	2.0409398314549385	1.5496991244861298	(3, 1.289)	1	1	1
r1i1231p1f1	1972-08-08	6	1.438	1.666	2.321	3.097123810759921	3.5585313938205725	(6, 1.438)	2	3	3
r1i1231p1f1	1972-08-17	5	1.159	1.356	0.541	2.636053818560595	1.9528238909865179	(5, 1.159)	1	1	1
r1i1231p1f1	1973-08-15	3	1.38	1.568	0.985	2.1005534026504553	1.8112695923709663	(3, 1.38)	1	3	3
r1i1231p1f1	1974-06-04	3	1.361	1.445	0.93	2.088396754709009	1.7634323091555903	(3, 1.361)	1	1	1
r1i1231p1f1	1974-08-17	4	1.223	1.417	0.689	2.3780635541699513	1.8736466287002391	(4, 1.223)	1	1	1
r1i1231p1f1	1975-06-05	3	1.26	1.338	0.627	2.021170280523964	1.4487966470299802	(3, 1.26)	1	1	1
r1i1231p1f1	1975-07-31	4	1.265	1.384	0.854	2.4087452888224363	2.0582179052282092	(4, 1.265)	1	1	1
r1i1231p1f1	1976-07-01	4	1.288	1.472	0.947	2.425156645382226	2.1489676043284462	(4, 1.288)	1	1	1
r1i1231p1f1	1978-08-29	3	1.153	1.308	0.307	1.9446470292811249	0.9536708266555438	(3, 1.153)	1	1	1
r1i1231p1f1	1980-06-14	3	1.273	1.461	0.664	2.030080856770745	1.4929591977335592	(3, 1.273)	1	1	1
r1i1231p1f1	1980-08-21	4	1.198	1.374	0.589	2.3593434268126545	1.7425692250372833	(4, 1.198)	1	1	1
r1i1231p1f1	1982-06-14	5	1.525	1.949	2.367	2.893146700204186	3.3128711229109915	(5, 1.525)	2	2	0
r1i1231p1f1	1982-06-25	3	1.449	1.673	1.195	2.1434984852175942	1.9753860276277764	(3, 1.449)	2	3	3
r1i1231p1f1	1982-07-04	3	1.339	1.465	0.863	2.074133490620374	1.701885734287855	(3, 1.339)	1	1	1
r1i1231p1f1	1982-08-01	3	1.449	1.646	1.192	2.1434984852175942	1.9732214466709417	(3, 1.449)	2	3	3
r1i1231p1f1	1983-07-16	3	1.235	1.28	0.553	2.0038081315273124	1.3541513372645073	(3, 1.235)	1	1	1
r1i1231p1f1	1983-08-02	4	1.627	1.923	2.304	2.6401995341940356	2.9669211916998712	(4, 1.627)	2	2	0
r1i1231p1f1	1984-07-16	13	1.26	1.513	2.717	4.095326245082104	4.85477396995613	(13, 1.26)	0	0	2
r1i1231p1f1	1984-08-03	5	1.272	1.433	1.102	2.7227018289917884	2.5893218104403486	(5, 1.272)	1	1	1
r1i1231p1f1	1985-06-27	6	1.437	1.701	2.313	3.0964595978403087	3.555177151180649	(6, 1.437)	2	3	3
r1i1231p1f1	1986-08-15	6	1.307	1.605	1.536	3.0061230303215485	3.1601655120458694	(6, 1.307)	1	3	3
r1i1231p1f1	1990-07-12	8	1.515	1.638	3.709	3.5633314450796556	4.441769569630064	(8, 1.515)	2	3	2
r1i1231p1f1	1990-07-27	7	1.268	1.502	1.516	3.1980071259094855	3.3699376102727414	(7, 1.268)	1	3	2
r1i1231p1f1	1990-08-14	8	1.509	1.889	3.663	3.5594758803091335	4.429437615630592	(8, 1.509)	2	2	2
r1i1231p1f1	1991-06-06	5	1.408	1.506	1.782	2.8179156679086597	3.040866509598791	(5, 1.408)	2	3	3
r1i1231p1f1	1992-06-21	7	1.648	1.886	4.176	3.4506662717764773	4.361066016809611	(7, 1.648)	0	2	0
r1i1231p1f1	1992-08-11	4	1.386	1.784	1.339	2.4922132249704383	2.4606139572189556	(4, 1.386)	2	3	3
r1i1231p1f1	1992-08-17	7	1.321	1.608	1.889	3.237315263578768	3.5830957818881934	(7, 1.321)	2	3	2
r1i1231p1f1	1993-06-02	3	1.182	1.224	0.393	1.965972149383562	1.1125440895812542	(3, 1.182)	1	1	1
r1i1231p1f1	1995-06-04	3	1.199	1.319	0.442	1.9782648663799822	1.192921777292329	(3, 1.199)	1	1	1
r1i1231p1f1	1999-06-09	3	1.451	1.526	1.2	2.1447161783819926	1.9789832829743619	(3, 1.451)	1	3	3
r1i1231p1f1	1999-06-30	3	1.215	1.413	0.49	1.9896980531777022	1.2658525498042004	(3, 1.215)	1	1	1
r1i1231p1f1	2000-07-21	9	1.43	2.035	3.409	3.6790816116338254	4.5330617518866205	(9, 1.43)	0	0	2
r1i1231p1f1	2001-07-03	3	1.062	1.208	0.033	1.8746157340449257	0.1582619568904802	(3, 1.062)	1	1	1
r1i1231p1f1	2002-06-26	3	1.25	1.39	0.597	2.014261551963053	1.4114997681491706	(3, 1.25)	1	1	1
r1i1231p1f1	2002-07-31	9	1.656	1.819	5.444	3.8223608454884173	4.997131189395786	(9, 1.656)	0	0	4
r1i1231p1f1	2002-08-25	3	1.63	1.919	1.735	2.248100231920098	2.3041163653375025	(3, 1.63)	2	2	0
r1i1231p1f1	2002-08-30	3	1.314	1.474	0.79	2.057674382091276	1.6302126972159934	(3, 1.314)	1	1	1
r1i1231p1f1	2006-07-31	4	1.532	2.054	1.924	2.584450280124262	2.7967934109365986	(4, 1.532)	2	2	0
r1i1231p1f1	2007-07-29	6	1.672	2.097	3.726	3.2415480993971992	4.021070982449871	(6, 1.672)	2	2	0
r1i1231p1f1	2007-08-22	3	1.16	1.221	0.328	1.9498362618267655	0.994857148389743	(3, 1.16)	1	1	1
r1i1231p1f1	2008-08-17	3	1.135	1.216	0.252	1.9311783092390282	0.8370009185973868	(3, 1.135)	1	1	1
r1i1231p1f1	2009-07-29	3	1.219	1.483	0.503	1.9925360413504454	1.2847224010973517	(3, 1.219)	1	1	1
r1i1231p1f1	2010-06-10	4	1.596	1.863	2.18	2.6223470589092384	2.914522218128448	(4, 1.596)	2	2	0
r1i1231p1f1	2010-07-17	5	1.315	1.521	1.321	2.753797451543958	2.7580605089354964	(5, 1.315)	1	3	3
r1i1251p1f1	1851-07-17	5	1.417	1.677	1.865	2.823907925014001	3.0842619672840152	(5, 1.417)	2	3	3
r1i1251p1f1	1854-06-23	3	1.827	2.236	2.348	2.3507436745462087	2.580259699015477	(3, 1.827)	2	2	0
r1i1251p1f1	1854-07-19	3	1.421	1.674	1.13	2.126293232111315	1.9274045777056474	(3, 1.421)	2	3	3
r1i1251p1f1	1854-08-11	8	1.675	1.991	5.05	3.661017989972413	4.747263806494271	(8, 1.675)	0	0	0
r1i1251p1f1	1855-06-21	5	1.225	1.308	0.904	2.6875696567008087	2.4075779943369233	(5, 1.225)	1	1	1
r1i1251p1f1	1856-06-03	5	1.533	1.767	2.444	2.8980897335254356	3.3437360049352596	(5, 1.533)	2	3	3
r1i1251p1f1	1857-06-15	3	1.391	1.454	1.041	2.107524500543906	1.8577336268521103	(3, 1.391)	1	1	3
r1i1251p1f1	1858-08-01	4	1.338	1.725	1.176	2.4599306637178233	2.3425747412102043	(4, 1.338)	1	3	3
r1i1251p1f1	1858-08-14	5	1.711	1.999	3.337	3.0021894583668347	3.64567948352612	(5, 1.711)	2	2	0
r1i1251p1f1	1861-07-16	5	1.498	1.845	2.271	2.8762812373281745	3.2730060629343125	(5, 1.498)	2	3	3
r1i1251p1f1	1861-08-10	3	1.504	1.585	1.381	2.1764563182594565	2.101189150752198	(3, 1.504)	2	3	3
r1i1251p1f1	1861-08-27	4	1.751	2.001	2.83	2.708583392263869	3.1629401925378975	(4, 1.751)	2	2	0
r1i1251p1f1	1862-06-10	4	1.29	1.387	0.985	2.4265710727750367	2.1838015570040787	(4, 1.29)	1	1	1
r1i1251p1f1	1863-06-05	4	1.464	1.603	1.681	2.542546429234415	2.6705559966746297	(4, 1.464)	2	3	3
r1i1251p1f1	1865-08-22	5	1.457	1.765	2.065	2.8501141420522367	3.181688959738842	(5, 1.457)	2	3	3
r1i1251p1f1	1866-06-03	3	1.234	1.326	0.571	2.0031073361399168	1.3780109061816326	(3, 1.234)	1	1	1
r1i1251p1f1	1866-06-26	6	1.49	2.128	2.675	3.131068711749189	3.6967065019921646	(6, 1.49)	2	2	0
r1i1251p1f1	1867-07-04	7	1.488	2.162	3.111	3.351942207353973	4.071016675612454	(7, 1.488)	2	2	0
r1i1251p1f1	1868-07-17	5	1.335	1.674	1.455	2.7679375315664663	2.8488200143214515	(5, 1.335)	2	3	3
r1i1251p1f1	1871-08-21	4	1.439	1.705	1.582	2.526688183802955	2.6141789854921393	(4, 1.439)	2	3	3
r1i1251p1f1	1872-06-20	4	1.449	1.73	1.621	2.5330616916750475	2.6367689990972463	(4, 1.449)	2	3	3
r1i1251p1f1	1873-07-06	10	1.829	2.361	7.855	4.074788897304356	5.519045644260717	(10, 1.829)	0	0	4
r1i1251p1f1	1876-06-08	3	1.138	1.227	0.283	1.9334357313176844	0.9044250667316702	(3, 1.138)	1	1	1
r1i1251p1f1	1876-06-14	3	1.244	1.345	0.601	2.0100932874778716	1.4165537931171266	(3, 1.244)	1	1	1
r1i1251p1f1	1876-07-14	8	1.37	1.684	2.605	3.465722192931317	4.093417820925186	(8, 1.37)	2	3	2
r1i1251p1f1	1876-07-30	3	1.368	1.579	0.971	2.0928927317076034	1.7993082391769442	(3, 1.368)	1	3	3
r1i1251p1f1	1876-08-13	4	1.538	1.816	1.976	2.5880647418906264	2.8218549635426995	(4, 1.538)	2	3	3
r1i1251p1f1	1876-08-20	11	1.241	1.607	2.172	3.8346071531649732	4.385032107352437	(11, 1.241)	2	3	2
r1i1251p1f1	1878-08-03	3	1.102	1.134	0.175	1.9060043968328555	0.6467506531910276	(3, 1.102)	1	1	1
r1i1251p1f1	1881-06-23	18	1.446	2.122	7.233	4.713373722668081	6.3160202805736665	(18, 1.446)	0	0	4
r1i1251p1f1	1881-08-24	4	1.764	2.17	2.878	2.7154891301992086	3.1790533306810294	(4, 1.764)	2	2	0
r1i1251p1f1	1882-06-01	3	1.23	1.337	0.56	2.000299233099087	1.3634978225030308	(3, 1.23)	1	1	1
r1i1251p1f1	1883-07-27	5	1.215	1.433	0.857	2.6799327830479016	2.3591120398394057	(5, 1.215)	1	1	1
r1i1251p1f1	1884-07-31	3	1.632	2.033	1.764	2.2491970539344583	2.3190500853680462	(3, 1.632)	2	2	0
r1i1251p1f1	1889-06-19	4	1.561	1.902	2.069	2.6018004012594997	2.8651679035328743	(4, 1.561)	2	2	0
r1i1251p1f1	1889-07-13	12	1.297	1.836	3.035	4.005791589183725	4.84546643171048	(12, 1.297)	0	0	2
r1i1251p1f1	1890-08-27	3	1.311	1.458	0.801	2.0556809598416574	1.6413469779406025	(3, 1.311)	1	1	1
r1i1251p1f1	1892-07-11	3	1.147	1.214	0.31	1.9401775819371392	0.9596594650996648	(3, 1.147)	1	1	1
r1i1251p1f1	1893-06-30	6	1.699	2.032	3.929	3.2569458161153637	4.07319363671857	(6, 1.699)	2	2	0
r1i1251p1f1	1894-07-06	4	1.408	1.68	1.455	2.506668141569513	2.5368663887187113	(4, 1.408)	2	3	3
r1i1251p1f1	1894-07-14	4	1.358	1.514	1.256	2.473508604835631	2.402249416106991	(4, 1.358)	1	3	3
r1i1251p1f1	1894-08-02	8	1.475	1.975	3.446	3.5373423579994814	4.369119684385298	(8, 1.475)	2	2	2
r1i1251p1f1	1895-07-03	4	1.388	1.474	1.377	2.4935359764860547	2.4862390950217788	(4, 1.388)	1	3	3
r1i1251p1f1	1896-06-11	4	1.331	1.496	1.149	2.4551344914543303	2.3216030988298075	(4, 1.331)	1	1	3
r1i1251p1f1	1899-06-01	6	1.427	1.844	2.298	3.0897930903979516	3.548857459416069	(6, 1.427)	2	3	3
r1i1251p1f1	1899-06-24	5	1.415	1.578	1.855	2.822579411966787	3.0791322849240017	(5, 1.415)	2	3	3
r1i1251p1f1	1899-07-03	4	1.348	1.583	1.215	2.4667426791603293	2.372111155642656	(4, 1.348)	1	3	3
r1i1251p1f1	1900-07-31	8	1.457	2.329	3.307	3.5254232197785345	4.328479064634722	(8, 1.457)	0	2	0
r1i1251p1f1	1900-08-17	5	1.58	1.961	2.679	2.9266467382514705	3.4324418354886204	(5, 1.58)	2	2	0
r1i1251p1f1	1902-08-10	6	1.274	1.578	1.379	2.9818310777909534	3.057160249385185	(6, 1.274)	1	3	3
r1i1251p1f1	1904-07-19	3	1.5	1.892	1.368	2.1740956692903315	2.0928927317076034	(3, 1.5)	2	3	3
r1i1251p1f1	1905-08-07	3	1.459	1.663	1.245	2.149572177219438	2.0107892059008607	(3, 1.459)	2	3	3
r1i1251p1f1	1905-08-18	4	1.439	1.675	1.58	2.526688183802955	2.613006652415316	(4, 1.439)	2	3	3
r1i1251p1f1	1905-08-28	3	1.052	1.159	0.024	1.866612170346783	0.11752314246036936	(3, 1.052)	1	1	1
r1i1251p1f1	1907-06-24	5	1.42	1.72	1.883	2.8258973911598266	3.0934296022208625	(5, 1.42)	2	3	3
r1i1251p1f1	1909-07-10	3	1.813	2.373	2.309	2.3437869522238093	2.564789032612473	(3, 1.813)	2	2	0
r1i1251p1f1	1909-08-28	3	1.254	1.416	0.63	2.017030773679079	1.4524509536388943	(3, 1.254)	1	1	1
r1i1251p1f1	1910-06-09	4	1.209	1.283	0.659	2.367623489173268	1.8360952830481068	(4, 1.209)	1	1	1
r1i1251p1f1	1910-07-23	3	1.497	1.627	1.36	2.172321518293727	2.0877528189887515	(3, 1.497)	2	3	3
r1i1251p1f1	1911-06-15	9	1.513	1.825	4.218	3.7341156915126112	4.7439403323483145	(9, 1.513)	0	0	2
r1i1251p1f1	1912-08-16	6	1.39	1.726	2.078	3.064733219566223	3.451264131063169	(6, 1.39)	2	3	3
r1i1251p1f1	1913-07-14	3	1.439	1.586	1.184	2.137387677939668	1.96742621912213	(3, 1.439)	2	3	3
r1i1251p1f1	1913-07-27	7	1.796	2.32	5.266	3.5340481192724695	4.590337572935241	(7, 1.796)	0	2	0
r1i1251p1f1	1913-08-13	4	1.332	1.411	1.154	2.4558210688929036	2.3255200642765415	(4, 1.332)	1	1	1
r1i1251p1f1	1913-08-22	13	1.525	1.778	6.251	4.283311407265263	5.683572669687746	(13, 1.525)	0	0	4
r1i1251p1f1	1915-06-29	5	1.444	1.699	2.001	2.8416722194770903	3.151532739516201	(5, 1.444)	2	3	3
r1i1251p1f1	1915-07-25	4	1.219	1.417	0.699	2.375091783780794	1.8858567926071705	(4, 1.219)	1	1	1
r1i1251p1f1	1915-08-08	9	1.569	1.975	4.726	3.76960654292988	4.8567223637821195	(9, 1.569)	0	0	2
r1i1251p1f1	1916-06-07	4	1.869	2.22	3.3	2.7695842132194826	3.3105430133940246	(4, 1.869)	2	2	0
r1i1251p1f1	1917-06-05	3	1.192	1.291	0.445	1.9732214466709417	1.1976391373679347	(3, 1.192)	1	1	1
r1i1251p1f1	1918-07-16	4	1.183	1.255	0.555	2.3479407947148427	1.6937790608678513	(4, 1.183)	1	1	1
r1i1251p1f1	1918-08-21	3	1.312	1.564	0.804	2.0563458755484163	1.6443622068489345	(3, 1.312)	1	1	3
r1i1251p1f1	1918-08-26	3	1.289	1.567	0.735	2.0409398314549385	1.5726021354417266	(3, 1.289)	1	1	1
r1i1251p1f1	1920-07-06	5	1.752	2.129	3.539	3.0247062195042265	3.7029604218770378	(5, 1.752)	2	2	0
r1i1251p1f1	1920-08-09	3	1.537	1.811	1.48	2.195721923773198	2.1622081038610697	(3, 1.537)	2	3	3
r1i1251p1f1	1920-08-25	4	1.594	1.82	2.202	2.6211842680805484	2.9240214259999906	(4, 1.594)	2	2	0
r1i1251p1f1	1921-07-02	3	1.575	1.756	1.593	2.217456313615471	2.2275889675581926	(3, 1.575)	2	3	3
r1i1251p1f1	1922-06-08	4	1.483	1.681	1.758	2.5544327124366104	2.7123077913548514	(4, 1.483)	2	3	3
r1i1251p1f1	1922-07-18	8	2.014	2.339	7.759	3.8409912962214627	5.1736954718538195	(8, 2.014)	0	0	4
r1i1251p1f1	1922-08-02	3	1.966	2.168	2.765	2.417308846084282	2.7322458738991906	(3, 1.966)	2	2	0
r1i1251p1f1	1922-08-08	4	1.783	2.345	2.958	2.725497114705931	3.2053446905838494	(4, 1.783)	2	2	0
r1i1251p1f1	1927-06-07	10	1.296	1.469	2.522	3.737267596430607	4.391390687133198	(10, 1.296)	2	3	2
r1i1251p1f1	1927-07-19	5	1.161	1.339	0.587	2.6376545325400946	2.023249361263298	(5, 1.161)	1	1	1
r1i1251p1f1	1927-08-05	3	1.351	1.495	0.922	2.0819386616635143	1.7562795231871666	(3, 1.351)	1	1	3
r1i1251p1f1	1928-06-16	3	1.166	1.276	0.367	1.9542628429622635	1.0671174726631902	(3, 1.166)	1	1	1
r1i1251p1f1	1928-06-21	7	1.83	2.058	5.501	3.552259705845829	4.6335627330315905	(7, 1.83)	0	2	0
r1i1251p1f1	1928-07-25	21	1.613	2.202	11.952	5.051301030106316	7.04855132894313	(21, 1.613)	0	0	4
r1i1251p1f1	1928-08-23	16	1.641	2.067	9.56	4.663665483578377	6.4181038904475525	(16, 1.641)	0	0	4
r1i1251p1f1	1933-06-25	3	1.531	1.755	1.46	2.1922465808862563	2.1501775224031414	(3, 1.531)	2	3	3
r1i1251p1f1	1933-08-11	4	1.439	1.707	1.582	2.526688183802955	2.6141789854921393	(4, 1.439)	2	3	3
r1i1251p1f1	1935-06-30	5	1.181	1.252	0.688	2.6535223060921123	2.1624115578251097	(5, 1.181)	1	1	1
r1i1251p1f1	1936-06-07	3	1.143	1.276	0.297	1.9371868138985564	0.9334456490554206	(3, 1.143)	1	1	1
r1i1251p1f1	1936-06-27	8	1.158	1.381	0.911	3.3033106778692147	3.073321676727034	(8, 1.158)	1	1	1
r1i1251p1f1	1936-08-28	4	1.771	2.135	2.907	2.7191879455126657	3.188664009459961	(4, 1.771)	2	2	0
r1i1251p1f1	1937-06-12	3	1.478	1.663	1.301	2.1610115379265453	2.0490073727916243	(3, 1.478)	2	3	3
r1i1251p1f1	1937-07-30	3	1.555	1.837	1.535	2.2060760667643984	2.1945648176264645	(3, 1.555)	2	3	3
r1i1251p1f1	1939-08-13	3	1.655	1.986	1.834	2.261724791446281	2.3542039709816796	(3, 1.655)	2	2	0
r1i1251p1f1	1942-08-16	6	1.63	1.884	3.518	3.217114662308229	3.964688118764346	(6, 1.63)	2	2	0
r1i1251p1f1	1943-06-03	3	1.251	1.367	0.621	2.014954576654025	1.441447726282995	(3, 1.251)	1	1	1
r1i1251p1f1	1944-07-10	4	1.282	1.484	0.953	2.420901319812088	2.1545490141666415	(4, 1.282)	1	1	1
r1i1251p1f1	1945-07-07	3	1.256	1.371	0.638	2.0184125141151683	1.4621309846147317	(3, 1.256)	1	1	1
r1i1251p1f1	1945-07-18	11	1.553	1.97	5.603	4.054527293588093	5.32502519456358	(11, 1.553)	0	0	4
r1i1251p1f1	1945-08-21	3	1.209	1.436	0.496	1.9854259119535547	1.2746059782464818	(3, 1.209)	1	1	1
r1i1251p1f1	1946-06-12	5	1.443	1.744	1.996	2.841019879358309	3.1491380366617223	(5, 1.443)	2	3	3
r1i1251p1f1	1946-06-21	7	1.298	1.837	1.778	3.2204464472881194	3.524270719479327	(7, 1.298)	2	3	2
r1i1251p1f1	1947-08-06	11	1.389	1.888	3.793	3.9449684968794405	4.93720068789462	(11, 1.389)	0	0	2
r1i1251p1f1	1947-08-28	3	1.185	1.307	0.423	1.9681524618896862	1.162517007371878	(3, 1.185)	1	1	1
r1i1251p1f1	1948-06-23	3	1.152	1.195	0.325	1.9439035072324593	0.9890762295420122	(3, 1.152)	1	1	1
r1i1251p1f1	1950-07-26	4	1.091	1.206	0.189	2.275008325223811	0.9210792486059522	(4, 1.091)	1	1	1
r1i1251p1f1	1951-07-03	5	1.353	1.577	1.548	2.7804948778000824	2.9072925758642865	(5, 1.353)	1	3	3
r1i1251p1f1	1952-08-18	7	1.231	1.418	1.313	3.169619992284691	3.2314800686007024	(7, 1.231)	1	1	1
r1i1251p1f1	1954-08-06	4	1.444	1.772	1.599	2.5298800154307313	2.624088713921337	(4, 1.444)	2	3	3
r1i1251p1f1	1954-08-19	4	1.58	1.74	2.144	2.613006652415316	2.8987807474775407	(4, 1.58)	2	3	3
r1i1251p1f1	1955-06-14	4	1.292	1.478	0.993	2.427983502388379	2.1909829164127435	(4, 1.292)	1	1	1
r1i1251p1f1	1955-07-20	11	1.876	2.25	9.148	4.240489987814903	5.813370002110221	(11, 1.876)	0	0	4
r1i1251p1f1	1955-08-16	8	1.642	2.089	4.788	3.641636333809785	4.6944629573250385	(8, 1.642)	0	0	0
r1i1251p1f1	1957-06-18	6	1.372	1.547	1.967	3.0523110543392895	3.398155357539213	(6, 1.372)	2	3	3
r1i1251p1f1	1960-08-06	5	1.136	1.213	0.459	2.6174590507043134	1.8134844320256962	(5, 1.136)	1	1	1
r1i1251p1f1	1960-08-25	6	1.428	1.831	2.307	3.090461744605361	3.5526540650690936	(6, 1.428)	2	3	3
r1i1251p1f1	1963-06-20	3	1.627	1.778	1.749	2.246452739934745	2.311353595794552	(3, 1.627)	2	3	3
r1i1251p1f1	1964-07-10	3	1.25	1.353	0.618	2.014261551963053	1.4377529136943206	(3, 1.25)	1	1	1
r1i1251p1f1	1965-06-25	3	1.115	1.199	0.214	1.9159971769397985	0.7476242949774393	(3, 1.115)	1	1	1
r1i1251p1f1	1966-07-27	10	1.828	2.558	7.842	4.074251298369134	5.517395923397614	(10, 1.828)	0	0	4
r1i1251p1f1	1966-08-12	4	1.609	1.906	2.258	2.629872420038186	2.947801739796441	(4, 1.609)	2	2	0
r1i1251p1f1	1966-08-18	5	1.624	2.027	2.903	2.952661501244864	3.5102468854308873	(5, 1.624)	2	2	0
r1i1251p1f1	1967-07-29	4	1.29	1.374	0.985	2.4265710727750367	2.1838015570040787	(4, 1.29)	1	1	1
r1i1251p1f1	1967-08-17	3	1.151	1.217	0.32	1.9431594319473882	0.9793664743973505	(3, 1.151)	1	1	1
r1i1251p1f1	1969-07-06	6	1.311	1.628	1.601	3.0090278107193003	3.1998886425487245	(6, 1.311)	1	3	3
r1i1251p1f1	1970-06-10	3	1.11	1.182	0.199	1.9121656080879328	0.7100211765982832	(3, 1.11)	1	1	1
r1i1251p1f1	1971-08-25	8	1.361	1.677	2.539	3.4593378077665227	4.068188997568857	(8, 1.361)	2	3	2
r1i1251p1f1	1972-07-18	5	1.67	1.837	3.129	2.9791539906861666	3.5830544836132177	(5, 1.67)	2	2	0
r1i1251p1f1	1976-06-29	3	1.5	1.65	1.368	2.1740956692903315	2.0928927317076034	(3, 1.5)	2	3	3
r1i1251p1f1	1976-07-09	4	1.273	1.344	0.914	2.4144841854914545	2.1177002537969263	(4, 1.273)	1	1	1
r1i1251p1f1	1976-07-20	3	1.27	1.348	0.678	2.0280316058632835	1.5091735764092173	(3, 1.27)	1	1	1
r1i1251p1f1	1977-06-26	7	1.608	1.982	3.947	3.4268838662905075	4.30540828495329	(7, 1.608)	0	2	0
r1i1251p1f1	1977-08-07	6	1.804	2.365	4.559	3.3146686872856232	4.21955685726358	(6, 1.804)	0	2	0
r1i1251p1f1	1978-05-30	7	1.227	1.325	1.284	3.166502284519074	3.2100373920946708	(7, 1.227)	1	1	1
r1i1251p1f1	1978-06-14	3	1.184	1.288	0.421	1.96742621912213	1.159262061528095	(3, 1.184)	1	1	1
r1i1251p1f1	1978-07-15	5	1.666	2.291	3.111	2.97687795535181	3.577446018606139	(5, 1.666)	2	2	0
r1i1251p1f1	1979-06-12	4	1.393	1.541	1.397	2.4968352206532742	2.49946680111933	(4, 1.393)	1	3	3
r1i1251p1f1	1979-06-22	3	1.148	1.276	0.312	1.9409238784254021	0.9636320587510483	(3, 1.148)	1	1	1
r1i1251p1f1	1979-07-28	3	1.519	1.756	1.426	2.185259449853035	2.1293873895490134	(3, 1.519)	2	3	3
r1i1251p1f1	1980-08-22	6	1.258	1.377	1.283	2.9698373030705127	2.9885148928055028	(6, 1.258)	1	1	1
r1i1251p1f1	1982-07-02	3	1.377	1.512	1.0	2.0986437296880074	1.823928522430647	(3, 1.377)	1	1	3
r1i1251p1f1	1984-06-19	3	1.183	1.218	0.416	1.9666994485426734	1.151078041275708	(3, 1.183)	1	1	1
r1i1251p1f1	1984-06-25	9	1.258	1.58	1.926	3.5543761607754574	3.9703296486891992	(9, 1.258)	1	3	2
r1i1251p1f1	1984-07-10	5	1.844	2.189	3.999	3.0734590747797155	3.822321012924642	(5, 1.844)	0	2	0
r1i1251p1f1	1984-08-06	6	1.337	1.843	1.759	3.0277059593926148	3.290337131087615	(6, 1.337)	2	3	3
r1i1251p1f1	1987-06-22	4	1.151	1.244	0.426	2.323171726602434	1.4834210718506133	(4, 1.151)	1	1	1
r1i1251p1f1	1988-07-13	5	1.531	1.776	2.437	2.8968562639553945	3.3409691421075447	(5, 1.531)	2	3	3
r1i1251p1f1	1988-08-02	3	1.673	1.879	1.887	2.271420791957147	2.3800219118232944	(3, 1.673)	2	2	0
r1i1251p1f1	1989-07-08	3	1.278	1.371	0.702	2.033486970417922	1.5363722585757391	(3, 1.278)	1	1	1
r1i1251p1f1	1989-07-16	3	1.312	1.398	0.803	2.0563458755484163	1.6433581403858413	(3, 1.312)	1	1	1
r1i1251p1f1	1990-06-26	4	1.245	1.342	0.806	2.3942522815198695	2.007945539974766	(4, 1.245)	1	1	1
r1i1251p1f1	1991-07-16	3	1.336	1.495	0.876	2.0721726417133604	1.7141275170938481	(3, 1.336)	1	1	1
r1i1251p1f1	1993-06-15	3	1.431	1.531	1.161	2.1324720027003963	1.950575387425793	(3, 1.431)	1	3	3
r1i1251p1f1	1993-07-08	3	1.118	1.165	0.222	1.9182890911516206	0.7671157105610386	(3, 1.118)	1	1	1
r1i1251p1f1	1995-07-08	3	1.42	1.589	1.127	2.125673250105425	1.9251334841096133	(3, 1.42)	1	3	3
r1i1251p1f1	1995-07-31	6	1.539	1.845	2.97	3.162034041195577	3.798852229300108	(6, 1.539)	2	2	0
r1i1251p1f1	1997-06-03	5	1.627	2.219	2.914	2.954410831255497	3.5139160723939797	(5, 1.627)	2	2	0
r1i1251p1f1	1997-07-01	5	1.366	1.476	1.609	2.789466997288098	2.943868652297081	(5, 1.366)	1	3	3
r1i1251p1f1	1997-07-14	4	1.251	1.331	0.828	2.398622281190988	2.031301166351901	(4, 1.251)	1	1	1
r1i1251p1f1	1997-07-27	8	1.617	1.805	4.585	3.6266990380789146	4.6515451209399705	(8, 1.617)	0	2	2
r1i1251p1f1	1997-08-16	3	1.531	1.819	1.46	2.1922465808862563	2.1501775224031414	(3, 1.531)	2	3	3
r1i1251p1f1	1999-06-16	4	1.274	1.375	0.92	2.41519923736318	2.1234584270966104	(4, 1.274)	1	1	1
r1i1251p1f1	2000-07-27	8	1.469	2.068	3.402	3.5333850760539214	4.3564327966364464	(8, 1.469)	2	2	2
r1i1251p1f1	2001-06-06	4	1.158	1.239	0.455	2.3286426273133354	1.534714366238164	(4, 1.158)	1	1	1
r1i1251p1f1	2001-07-03	6	1.733	2.229	4.137	3.276004246864646	4.123923338299184	(6, 1.733)	0	2	0
r1i1251p1f1	2006-07-02	5	1.442	1.784	1.989	2.840367113414099	3.145775789213609	(5, 1.442)	2	3	3
r1i1251p1f1	2007-08-04	5	1.154	1.278	0.549	2.6320407875973544	1.9654335494492903	(5, 1.154)	1	1	1
r1i1251p1f1	2008-06-17	6	1.161	1.253	0.705	2.893873704928266	2.430216505965288	(6, 1.161)	1	1	1
r1i1251p1f1	2008-07-18	4	1.453	1.633	1.637	2.5355997641035186	2.6458910691938238	(4, 1.453)	2	3	3
r1i1251p1f1	2008-08-07	5	1.247	1.427	1.016	2.704168265444365	2.5144027741510016	(5, 1.247)	1	1	1
r1i1251p1f1	2010-06-13	6	1.266	1.366	1.335	2.9758521716519635	3.02628149971202	(6, 1.266)	1	1	1
r1i1251p1f1	2010-07-20	12	1.448	2.129	4.844	4.114020215193225	5.31005470709798	(12, 1.448)	0	0	4
r1i1251p1f1	2010-08-09	4	1.368	1.61	1.297	2.4802290602368893	2.431505873060885	(4, 1.368)	1	3	3
r1i1281p1f1	1852-08-06	3	1.664	1.964	1.819	2.2665845432089196	2.3467743326386383	(3, 1.664)	2	2	0
r1i1281p1f1	1852-08-23	5	1.345	1.541	1.437	2.774933293376471	2.8370968768031672	(5, 1.345)	1	3	3
r1i1281p1f1	1853-06-25	4	1.403	1.562	1.383	2.5034012324241646	2.4902258112656	(4, 1.403)	1	3	3
r1i1281p1f1	1853-07-24	5	1.354	1.537	1.485	2.781187906031063	2.8680582491735835	(5, 1.354)	1	3	3
r1i1281p1f1	1853-08-28	4	1.367	1.582	1.238	2.479559043461405	2.3891296943942315	(4, 1.367)	1	3	3
r1i1281p1f1	1854-06-24	4	1.414	1.757	1.428	2.510574396536578	2.519630085846386	(4, 1.414)	2	3	3
r1i1281p1f1	1854-07-03	3	1.159	1.283	0.305	1.9490965895169745	0.9496583834350669	(3, 1.159)	1	1	1
r1i1281p1f1	1854-08-24	3	1.424	1.456	1.1	2.128150875193778	1.9044581443609874	(3, 1.424)	1	3	3
r1i1281p1f1	1856-08-07	3	1.388	1.492	0.992	2.1056281063918063	1.8171970405807354	(3, 1.388)	1	1	3
r1i1281p1f1	1858-08-10	5	1.369	1.541	1.56	2.791526104362557	2.914594353514609	(5, 1.369)	1	3	3
r1i1281p1f1	1859-08-01	12	1.609	1.834	6.619	4.2178132407505995	5.620932112577507	(12, 1.609)	0	0	4
r1i1281p1f1	1862-07-07	4	1.557	1.843	2.0	2.599425103230592	2.833213344056216	(4, 1.557)	2	3	3
r1i1281p1f1	1863-06-23	5	1.315	1.59	1.289	2.753797451543958	2.735111266204581	(5, 1.315)	1	3	3
r1i1281p1f1	1864-07-21	6	1.728	2.054	4.021	3.27322421451677	4.095949765433583	(6, 1.728)	0	2	0
r1i1281p1f1	1865-07-22	4	1.454	1.566	1.586	2.536233276953341	2.6165195365898923	(4, 1.454)	2	3	3
r1i1281p1f1	1868-08-15	7	1.218	1.441	1.122	3.1594516984894843	3.0809797573320687	(7, 1.218)	1	1	1
r1i1281p1f1	1869-05-30	6	1.127	1.288	0.417	2.865820017700442	1.9641181353410708	(6, 1.127)	1	1	1
r1i1281p1f1	1869-07-03	3	1.203	1.25	0.437	1.9811354412044515	1.18500971878511	(3, 1.203)	1	1	1
r1i1281p1f1	1870-06-13	5	1.453	1.544	1.979	2.8475242096536775	3.140952883188012	(5, 1.453)	2	3	3
r1i1281p1f1	1874-07-29	7	1.445	1.698	2.715	3.3236600569175816	3.9373496348757864	(7, 1.445)	2	3	2
r1i1281p1f1	1875-06-26	6	1.508	1.783	2.702	3.142555452384811	3.7065014631874935	(6, 1.508)	2	3	3
r1i1281p1f1	1875-08-14	10	1.554	2.158	4.968	3.9148548886394585	5.063240104399412	(10, 1.554)	0	0	4
r1i1281p1f1	1878-06-09	4	1.307	1.397	0.998	2.4385136102182896	2.195445217436142	(4, 1.307)	1	1	1
r1i1281p1f1	1878-07-01	6	1.967	2.51	5.458	3.398155357539213	4.397110918868286	(6, 1.967)	0	2	0
r1i1281p1f1	1880-06-07	3	1.493	1.587	1.308	2.16995107670417	2.0536835559213014	(3, 1.493)	2	3	3
r1i1281p1f1	1880-06-29	4	1.109	1.149	0.207	2.289702467163032	0.9768212316141873	(4, 1.109)	1	1	1
r1i1281p1f1	1881-07-20	4	1.324	1.495	1.065	2.450315205018381	2.253394848803274	(4, 1.324)	1	1	3
r1i1281p1f1	1882-08-16	3	1.171	1.267	0.341	1.9579367511104981	1.0195286678642046	(3, 1.171)	1	1	1
r1i1281p1f1	1883-06-18	4	1.27	1.386	0.85	2.412335956953165	2.0541237336955462	(4, 1.27)	1	1	1
r1i1281p1f1	1883-07-04	3	1.372	1.468	0.943	2.0954528148814386	1.7749475601565292	(3, 1.372)	1	1	3
r1i1281p1f1	1884-06-16	5	1.614	1.932	2.783	2.9468082007864265	3.469319658061676	(5, 1.614)	2	2	0
r1i1281p1f1	1885-06-26	3	1.349	1.687	0.875	2.0806420230924974	1.7131911436783835	(3, 1.349)	1	3	3
r1i1281p1f1	1886-06-23	3	1.2	1.302	0.428	1.9789832829743619	1.1706083198612842	(3, 1.2)	1	1	1
r1i1281p1f1	1886-07-16	4	1.26	1.398	0.811	2.4051416813191375	2.013301739175291	(4, 1.26)	1	1	1
r1i1281p1f1	1886-07-29	4	1.348	1.492	1.164	2.4667426791603293	2.3333082656368864	(4, 1.348)	1	1	3
r1i1281p1f1	1886-08-28	5	1.504	1.828	2.231	2.8800537762847607	3.2559148633224475	(5, 1.504)	2	3	3
r1i1281p1f1	1888-08-07	3	1.419	1.512	1.084	2.12505288348338	1.8920012906264554	(3, 1.419)	1	3	3
r1i1281p1f1	1889-07-26	3	1.472	1.656	1.243	2.1574132254427836	2.009396884415142	(3, 1.472)	2	3	3
r1i1281p1f1	1891-08-07	3	1.201	1.463	0.43	1.9797011838168412	1.1738266020037689	(3, 1.201)	1	1	1
r1i1281p1f1	1894-06-10	3	1.252	1.336	0.583	2.0156471213943736	1.3936067757387784	(3, 1.252)	1	1	1
r1i1281p1f1	1894-06-15	3	1.173	1.213	0.346	1.959402543353941	1.0288579624396714	(3, 1.173)	1	1	1
r1i1281p1f1	1894-07-18	3	1.223	1.393	0.496	1.9953659981339325	1.2746059782464818	(3, 1.223)	1	1	1
r1i1281p1f1	1894-07-30	4	1.404	1.711	1.387	2.504055468626761	2.4928748194371773	(4, 1.404)	2	3	3
r1i1281p1f1	1895-06-16	7	1.45	1.821	2.747	3.326990074580725	3.9488399079048566	(7, 1.45)	2	3	2
r1i1281p1f1	1895-07-26	6	1.71	2.039	3.914	3.2631516149846496	4.069433801630987	(6, 1.71)	2	2	0
r1i1281p1f1	1895-08-04	4	1.374	1.599	1.265	2.4842397608002966	2.4087452888224363	(4, 1.374)	1	3	3
r1i1281p1f1	1896-07-16	4	1.416	1.643	1.436	2.5118730980178148	2.524768183213131	(4, 1.416)	2	3	3
r1i1281p1f1	1896-07-22	3	1.154	1.233	0.29	1.9453899989154602	0.9190406284743298	(3, 1.154)	1	1	1
r1i1281p1f1	1896-08-05	5	1.535	1.726	2.389	2.8993216835224516	3.3217872957469785	(5, 1.535)	2	3	3
r1i1281p1f1	1898-06-16	3	1.179	1.366	0.364	1.9637870727255824	1.061740634693605	(3, 1.179)	1	1	1
r1i1281p1f1	1900-06-13	5	1.318	1.559	1.302	2.7559312519452974	2.74449800492959	(5, 1.318)	1	3	3
r1i1281p1f1	1900-07-16	8	1.34	1.704	2.26	3.444280458880142	3.9538933286357083	(8, 1.34)	2	3	2
r1i1281p1f1	1900-08-17	7	1.757	2.089	4.895	3.5127416000041203	4.518049734035039	(7, 1.757)	0	2	0
r1i1281p1f1	1901-07-02	3	1.227	1.401	0.509	1.9981879688569144	1.2933129031053585	(3, 1.227)	1	1	1
r1i1281p1f1	1901-07-21	7	1.609	2.321	3.86	3.4274853719043197	4.283423795855861	(7, 1.609)	0	2	0
r1i1281p1f1	1905-07-01	3	1.296	1.447	0.716	2.0456538033324905	1.5519031033409696	(3, 1.296)	1	1	1
r1i1281p1f1	1906-07-16	4	1.292	1.594	0.937	2.427983502388379	2.139595464499583	(4, 1.292)	1	1	3
r1i1281p1f1	1907-07-13	7	1.627	2.049	3.986	3.43825105879942	4.315108659296726	(7, 1.627)	0	2	0
r1i1281p1f1	1907-07-25	15	1.445	1.872	5.817	4.442026520548694	5.8258147269930465	(15, 1.445)	0	0	4
r1i1281p1f1	1907-08-13	8	1.741	2.378	5.467	3.698689502689019	4.825943640664092	(8, 1.741)	0	0	4
r1i1281p1f1	1908-08-13	8	1.172	1.356	0.915	3.314888765737032	3.0775005632376446	(8, 1.172)	1	1	1
r1i1281p1f1	1910-06-12	5	1.348	1.473	1.454	2.7770225139639684	2.848172321876267	(5, 1.348)	1	3	3
r1i1281p1f1	1912-05-30	7	1.503	1.662	3.118	3.361622856773516	4.073225927327685	(7, 1.503)	2	3	2
r1i1281p1f1	1912-08-24	7	1.507	1.773	3.148	3.364188613807715	4.082639253120511	(7, 1.507)	2	3	2
r1i1281p1f1	1915-06-08	3	1.231	1.306	0.522	2.0010019984654726	1.3116762955279377	(3, 1.231)	1	1	1
r1i1281p1f1	1915-06-21	3	1.323	1.501	0.798	2.06363091677193	1.6383226299237716	(3, 1.323)	1	1	1
r1i1281p1f1	1915-06-26	10	1.592	2.09	5.349	3.938537573831598	5.136681764698007	(10, 1.592)	0	0	4
r1i1281p1f1	1915-07-19	9	1.499	1.733	3.979	3.725042613093425	4.686132470721011	(9, 1.499)	0	0	2
r1i1281p1f1	1915-08-08	3	1.501	1.783	1.331	2.174686354175339	2.068895991639963	(3, 1.501)	2	3	3
r1i1281p1f1	1916-08-12	9	1.611	1.931	4.979	3.795421771169315	4.908477053087002	(9, 1.611)	0	0	4
r1i1281p1f1	1920-05-31	3	1.248	1.307	0.57	2.0128740600650636	1.3767002042672838	(3, 1.248)	1	1	1
r1i1281p1f1	1920-06-15	3	1.596	1.881	1.616	2.229267806112144	2.24038860742554	(3, 1.596)	2	2	3
r1i1281p1f1	1921-06-01	5	1.196	1.368	0.691	2.665260056144508	2.166262936924905	(5, 1.196)	1	1	1
r1i1281p1f1	1921-07-15	21	1.475	1.859	8.766	4.962461914734762	6.738848969277974	(21, 1.475)	0	0	4
r1i1281p1f1	1922-08-04	5	1.544	1.793	2.435	2.9048467537347187	3.3401772017125393	(5, 1.544)	2	3	3
r1i1281p1f1	1925-08-01	11	1.644	1.898	6.449	4.110510563905581	5.465009272568296	(11, 1.644)	0	0	4
r1i1281p1f1	1927-08-23	3	1.247	1.32	0.568	2.0121795915224925	1.3740736353341576	(3, 1.247)	1	1	1
r1i1281p1f1	1929-05-31	6	1.409	1.55	2.108	3.0776802244287547	3.465146550000529	(6, 1.409)	2	3	3
r1i1281p1f1	1929-06-08	3	1.193	1.278	0.408	1.9739434943828855	1.1378426775644224	(3, 1.193)	1	1	1
r1i1281p1f1	1929-07-07	7	1.629	2.101	3.998	3.439440123169507	4.318074557430519	(7, 1.629)	0	2	0
r1i1281p1f1	1931-07-02	5	1.418	1.786	1.805	2.8245715202681683	3.053081584305035	(5, 1.418)	2	3	3
r1i1281p1f1	1931-08-10	5	1.538	1.929	2.405	2.901166767494871	3.328222213828119	(5, 1.538)	2	2	0
r1i1281p1f1	1932-08-05	3	1.542	1.64	1.454	2.198608844997014	2.146539942428245	(3, 1.542)	2	3	3
r1i1281p1f1	1933-06-02	5	1.094	1.172	0.182	2.5825846178742236	1.1101527274098446	(5, 1.094)	1	1	1
r1i1281p1f1	1933-06-17	4	1.595	1.804	2.15	2.6217658325051976	2.9014215940827497	(4, 1.595)	2	2	3
r1i1281p1f1	1933-06-26	6	1.349	1.519	1.751	3.036210367895536	3.285948852841109	(6, 1.349)	1	3	3
r1i1281p1f1	1933-07-05	3	1.264	1.482	0.619	2.0239204625683063	1.4389860353615849	(3, 1.264)	1	1	1
r1i1281p1f1	1934-07-13	5	1.25	1.3	0.961	2.706410514842709	2.4633685811946675	(5, 1.25)	1	1	1
r1i1281p1f1	1938-07-21	3	1.139	1.297	0.244	1.9341870743280345	0.8188371807916396	(3, 1.139)	1	1	1
r1i1281p1f1	1939-08-14	4	1.292	1.303	0.939	2.427983502388379	2.1414769325992884	(4, 1.292)	1	1	1
r1i1281p1f1	1940-05-31	4	1.457	1.6	1.598	2.538131411025298	2.6235084992256286	(4, 1.457)	2	3	3
r1i1281p1f1	1940-06-28	4	1.265	1.473	0.832	2.4087452888224363	2.0354896541506533	(4, 1.265)	1	1	1
r1i1281p1f1	1940-07-09	3	1.395	1.577	1.012	2.1100474447524054	1.8339415387115605	(3, 1.395)	1	3	3
r1i1281p1f1	1941-07-31	8	1.247	1.442	1.517	3.374729818825153	3.56461333697967	(8, 1.247)	1	3	2
r1i1281p1f1	1941-08-17	15	1.564	2.176	7.606	4.520267739662191	6.093273270040992	(15, 1.564)	0	0	4
r1i1281p1f1	1943-07-26	3	1.45	1.597	1.177	2.144107517146862	1.962327697904164	(3, 1.45)	2	3	3
r1i1281p1f1	1944-06-09	11	1.237	1.428	1.977	3.831448616088221	4.2921927232953925	(11, 1.237)	1	3	2
r1i1281p1f1	1944-06-25	3	1.177	1.285	0.359	1.962327697904164	1.0527144894884186	(3, 1.177)	1	1	1
r1i1281p1f1	1944-07-15	8	1.814	2.333	6.055	3.7387674543530656	4.9273189723209185	(8, 1.814)	0	0	4
r1i1281p1f1	1945-07-14	6	1.365	1.482	1.846	3.0474382299710787	3.3368561171950164	(6, 1.365)	1	3	3
r1i1281p1f1	1950-07-02	5	1.516	1.826	2.295	2.8875564246424537	3.283122304933807	(5, 1.516)	2	3	3
r1i1281p1f1	1950-07-23	6	1.448	1.728	2.342	3.1037417873546076	3.5672831220453523	(6, 1.448)	2	3	3
r1i1281p1f1	1952-08-18	7	1.347	1.714	2.026	3.256047868315721	3.6512306772526446	(7, 1.347)	2	3	2
r1i1281p1f1	1953-07-14	5	1.966	2.602	4.545	3.1346481284816967	3.9476728272364925	(5, 1.966)	0	2	0
r1i1281p1f1	1953-08-03	6	1.781	2.343	4.342	3.302306536604512	4.171523276872225	(6, 1.781)	0	2	0
r1i1281p1f1	1955-07-07	4	1.598	1.968	2.161	2.6235084992256286	2.906245107052455	(4, 1.598)	2	2	0
r1i1281p1f1	1957-06-30	5	1.215	1.316	0.787	2.6799327830479016	2.2822729400408033	(5, 1.215)	1	1	1
r1i1281p1f1	1957-08-18	4	1.16	1.242	0.411	2.330200260027019	1.4558204237685008	(4, 1.16)	1	1	1
r1i1281p1f1	1958-06-03	3	1.153	1.187	0.287	1.9446470292811249	0.9128029547713848	(3, 1.153)	1	1	1
r1i1281p1f1	1960-07-09	7	1.33	1.499	1.906	3.243839413658721	3.591807107391229	(7, 1.33)	1	3	2
r1i1281p1f1	1961-07-19	6	1.681	2.014	3.739	3.246707059829625	4.024491551092474	(6, 1.681)	2	2	0
r1i1281p1f1	1961-07-31	6	1.241	1.451	1.102	2.9569343035199487	2.844678321038225	(6, 1.241)	1	1	1
r1i1281p1f1	1962-06-24	5	1.699	1.884	3.21	2.9955021205138475	3.607910449862932	(5, 1.699)	2	2	0
r1i1281p1f1	1963-08-23	3	1.249	1.425	0.576	2.01356804665576	1.3845387698406983	(3, 1.249)	1	1	1
r1i1281p1f1	1964-06-07	3	1.066	1.086	0.027	1.8777993092709364	0.13128797903946945	(3, 1.066)	1	1	1
r1i1281p1f1	1966-05-31	7	1.415	1.602	2.502	3.303443665844034	3.8573067744607643	(7, 1.415)	2	3	2
r1i1281p1f1	1966-07-17	4	1.425	1.609	1.468	2.517696472610991	2.5450605726077473	(4, 1.425)	2	3	3
r1i1281p1f1	1966-08-13	6	1.207	1.931	0.898	2.9306178381955648	2.653090596399215	(6, 1.207)	2	3	3
r1i1281p1f1	1967-06-18	5	1.181	1.342	0.62	2.6535223060921123	2.0708813488309206	(5, 1.181)	1	1	1
r1i1281p1f1	1967-07-19	4	1.423	1.61	1.463	2.5164053168473712	2.54191690450478	(4, 1.423)	2	3	3
r1i1281p1f1	1968-08-09	3	1.658	1.836	1.801	2.263347334247639	2.3377852840243194	(3, 1.658)	2	2	0
r1i1281p1f1	1971-07-08	4	1.377	1.578	1.277	2.4862390950217788	2.417341330292234	(4, 1.377)	1	3	3
r1i1281p1f1	1973-06-20	3	1.165	1.191	0.322	1.9535264388390532	0.9832616972608718	(3, 1.165)	1	1	1
r1i1281p1f1	1973-06-30	3	1.253	1.454	0.586	2.0163391868484126	1.3974680324230628	(3, 1.253)	1	1	1
r1i1281p1f1	1973-08-09	4	1.358	1.699	1.201	2.473508604835631	2.361608433443507	(4, 1.358)	2	3	3
r1i1281p1f1	1973-08-27	3	1.556	1.893	1.497	2.2066481654948773	2.172321518293727	(3, 1.556)	2	3	3
r1i1281p1f1	1974-06-10	4	1.066	1.109	0.034	2.2542348320529992	0.2405904649179304	(4, 1.066)	1	1	1
r1i1281p1f1	1974-08-30	3	1.632	2.051	1.725	2.2491970539344583	2.2989146580986284	(3, 1.632)	2	2	0
r1i1281p1f1	1975-06-04	5	1.73	2.142	3.361	3.0126871245548767	3.6526594158383596	(5, 1.73)	2	2	0
r1i1281p1f1	1975-06-27	3	1.143	1.192	0.257	1.9371868138985564	0.8481879666831477	(3, 1.143)	1	1	1
r1i1281p1f1	1975-07-15	4	1.503	1.781	1.782	2.5667938092601843	2.724972868298118	(4, 1.503)	2	3	3
r1i1281p1f1	1975-07-27	3	1.489	1.731	1.295	2.1675750027674896	2.044981737754121	(3, 1.489)	2	3	3
r1i1281p1f1	1977-07-15	10	1.3	1.514	2.425	3.7402759707508744	4.352665191166517	(10, 1.3)	2	3	2
r1i1281p1f1	1977-07-30	3	1.5	1.804	1.326	2.1740956692903315	2.0656085698259683	(3, 1.5)	2	3	3
r1i1281p1f1	1977-08-09	3	1.293	1.349	0.707	2.043636250061301	1.541946719189544	(3, 1.293)	1	1	1
r1i1281p1f1	1978-07-05	6	1.12	1.237	0.377	2.8599452572937025	1.8780511953857288	(6, 1.12)	1	1	1
r1i1281p1f1	1978-08-06	13	1.394	1.518	4.374	4.194790021967166	5.32796770161699	(13, 1.394)	0	0	2
r1i1281p1f1	1979-06-16	4	1.345	1.509	1.152	2.464703942470481	2.3239551187302383	(4, 1.345)	1	3	3
r1i1281p1f1	1982-08-05	6	1.354	1.623	1.78	3.039732635885482	3.301765569529464	(6, 1.354)	2	3	3
r1i1281p1f1	1983-06-10	3	1.41	1.611	1.058	2.119452197075461	1.871421991289987	(3, 1.41)	1	3	3
r1i1281p1f1	1983-08-11	4	1.371	1.619	1.255	2.4822364212321215	2.401525040848949	(4, 1.371)	1	3	3
r1i1281p1f1	1983-08-20	5	1.454	1.653	1.982	2.848172321876267	3.142402198909383	(5, 1.454)	2	3	3
r1i1281p1f1	1984-06-22	10	1.52	1.838	4.627	3.8931789753957746	4.992597502445842	(10, 1.52)	0	0	2
r1i1281p1f1	1985-07-23	3	1.137	1.23	0.24	1.9326838233665247	0.809630074264434	(3, 1.137)	1	1	1
r1i1281p1f1	1987-07-05	3	1.336	1.425	0.837	2.0721726417133604	1.676943199205704	(3, 1.336)	1	1	1
r1i1281p1f1	1987-07-23	8	1.434	1.698	3.014	3.5099835024817447	4.236986915010173	(8, 1.434)	2	3	2
r1i1281p1f1	1988-08-13	3	1.352	1.491	0.883	2.0825863510166935	1.7206576950771912	(3, 1.352)	1	1	3
r1i1281p1f1	1990-05-31	3	1.249	1.36	0.576	2.01356804665576	1.3845387698406983	(3, 1.249)	1	1	1
r1i1281p1f1	1990-06-18	3	1.291	1.407	0.702	2.042288949592007	1.5363722585757391	(3, 1.291)	1	1	1
r1i1281p1f1	1991-06-03	5	1.53	1.691	2.364	2.8962389581581185	3.3116490983195437	(5, 1.53)	2	3	3
r1i1281p1f1	1991-07-25	9	1.792	2.469	6.612	3.899626485091595	5.190308903726028	(9, 1.792)	0	0	4
r1i1281p1f1	1993-06-30	3	1.447	1.67	1.169	2.1422793074686015	1.9564688071658214	(3, 1.447)	2	3	3
r1i1281p1f1	1994-07-30	3	1.231	1.327	0.52	2.0010019984654726	1.3088730142073226	(3, 1.231)	1	1	1
r1i1281p1f1	1995-07-03	3	1.613	1.899	1.665	2.238728350893738	2.267123060657341	(3, 1.613)	2	2	0
r1i1281p1f1	1995-07-21	4	1.326	1.565	1.076	2.451694515581887	2.2625960847776825	(4, 1.326)	1	3	3
r1i1281p1f1	1996-06-21	4	1.463	1.628	1.622	2.54191690450478	2.6373415728317555	(4, 1.463)	2	3	3
r1i1281p1f1	1996-08-13	4	1.294	1.654	0.948	2.4293939398577415	2.1499000053283974	(4, 1.294)	1	3	3
r1i1281p1f1	1997-06-24	3	1.488	1.759	1.29	2.1669801010892056	2.041614618038424	(3, 1.488)	2	3	3
r1i1281p1f1	1997-08-17	3	1.656	1.849	1.796	2.262265931615575	2.3352739188958367	(3, 1.656)	2	2	0
r1i1281p1f1	2000-08-25	3	1.381	1.478	0.971	2.101189150752198	1.7993082391769442	(3, 1.381)	1	1	3
r1i1281p1f1	2002-06-03	3	1.147	1.201	0.269	1.9401775819371392	0.874537054183594	(3, 1.147)	1	1	1
r1i1281p1f1	2002-06-25	3	1.281	1.405	0.672	2.0355250837068217	1.502256724370767	(3, 1.281)	1	1	1
r1i1281p1f1	2002-08-26	3	1.222	1.467	0.493	1.9946592593953143	1.2702388418084498	(3, 1.222)	1	1	1
r1i1281p1f1	2003-08-11	4	1.531	1.823	1.894	2.583846597642904	2.7820438810105363	(4, 1.531)	2	3	3
r1i1281p1f1	2004-07-20	13	1.451	1.697	5.118	4.234273356025731	5.484347656488412	(13, 1.451)	0	0	2
r1i1281p1f1	2004-08-27	8	1.289	1.648	1.852	3.4067400098927654	3.7590111234633112	(8, 1.289)	2	3	2
r1i1281p1f1	2005-06-24	3	1.167	1.243	0.329	1.9549987051934683	0.9967767186648551	(3, 1.167)	1	1	1
r1i1281p1f1	2005-06-30	3	1.153	1.248	0.288	1.9446470292811249	0.9148865055054374	(3, 1.153)	1	1	1
r1i1281p1f1	2005-08-19	3	1.374	1.549	0.951	2.0967304028960037	1.7819685195953499	(3, 1.374)	1	3	3
r1i1281p1f1	2007-06-23	3	1.35	1.638	0.878	2.081290552536939	1.7159976376371986	(3, 1.35)	1	3	3
r1i1281p1f1	2010-07-26	9	1.535	2.139	4.302	3.748209120189931	4.763489308630399	(9, 1.535)	0	0	2
r1i1281p1f1	2010-08-12	4	1.446	1.718	1.553	2.53115390095332	2.59704414972485	(4, 1.446)	2	3	3
r1i1301p1f1	1851-06-08	4	1.324	1.517	1.149	2.450315205018381	2.3216030988298075	(4, 1.324)	1	1	3
r1i1301p1f1	1851-08-14	5	1.363	1.589	1.631	2.78740364154172	2.956738521181724	(5, 1.363)	1	3	3
r1i1301p1f1	1852-06-13	3	1.275	1.387	0.713	2.0314446947383757	1.5485953108071313	(3, 1.275)	1	1	1
r1i1301p1f1	1852-06-26	4	1.243	1.468	0.823	2.392791360880195	2.026040764952721	(4, 1.243)	1	1	1
r1i1301p1f1	1852-07-18	7	1.504	1.75	3.272	3.3622649134624236	4.120634078410149	(7, 1.504)	2	3	2
r1i1301p1f1	1856-08-02	4	1.236	1.347	0.794	2.387661265349165	1.994972385053386	(4, 1.236)	1	1	1
r1i1301p1f1	1857-07-24	5	1.517	1.831	2.399	2.888179111878068	3.325813969458773	(5, 1.517)	2	3	3
r1i1301p1f1	1857-08-04	11	1.669	2.033	6.953	4.125357234689318	5.539950581012824	(11, 1.669)	0	0	4
r1i1301p1f1	1859-06-22	4	1.56	1.839	2.091	2.601207105484161	2.875145310564873	(4, 1.56)	2	3	3
r1i1301p1f1	1860-06-05	5	1.983	2.232	4.728	3.142884837744035	3.9864000997155937	(5, 1.983)	0	2	0
r1i1301p1f1	1861-06-20	4	1.419	1.6	1.528	2.5138179932824203	2.582033360518723	(4, 1.419)	2	3	3
r1i1301p1f1	1863-07-20	3	1.507	1.702	1.409	2.1782231551049995	2.118827957881691	(3, 1.507)	2	3	3
r1i1301p1f1	1864-06-04	4	1.329	1.442	1.17	2.4537599207911636	2.337952236831337	(4, 1.329)	1	1	1
r1i1301p1f1	1864-08-18	8	1.461	1.824	3.395	3.5280842215506034	4.354399504668521	(8, 1.461)	2	3	2
r1i1301p1f1	1866-08-14	3	1.278	1.409	0.724	2.033486970417922	1.5606707623481586	(3, 1.278)	1	1	1
r1i1301p1f1	1866-08-26	5	1.321	1.588	1.418	2.7580605089354964	2.8245715202681683	(5, 1.321)	1	3	3
r1i1301p1f1	1867-06-03	4	1.385	1.707	1.392	2.4915511925066687	2.4961762420462312	(4, 1.385)	2	3	3
r1i1301p1f1	1867-06-09	3	1.415	1.489	1.133	2.1225675612702424	1.9296705251208113	(3, 1.415)	1	3	3
r1i1301p1f1	1867-07-08	4	1.307	1.503	1.079	2.4385136102182896	2.265090888566465	(4, 1.307)	1	1	1
r1i1301p1f1	1867-07-30	5	1.424	1.707	1.935	2.8285438707677337	3.1194513308906133	(5, 1.424)	2	3	3
r1i1301p1f1	1868-06-19	14	1.327	1.632	4.059	4.255790154095138	5.364214757725949	(14, 1.327)	0	0	2
r1i1301p1f1	1869-06-25	5	1.391	1.725	1.77	2.806498046222383	3.0344336980961013	(5, 1.391)	2	3	3
r1i1301p1f1	1871-06-22	4	1.398	1.527	1.443	2.5001236155928606	2.529242463608052	(4, 1.398)	1	3	3
r1i1301p1f1	1872-07-29	9	1.617	2.05	5.217	3.7990558547596187	4.954833606545654	(9, 1.617)	0	0	4
r1i1301p1f1	1873-06-03	3	1.268	1.382	0.693	2.0266631018505987	1.5262592457129922	(3, 1.268)	1	1	1
r1i1301p1f1	1873-08-21	12	1.608	1.853	6.847	4.217200704414166	5.654677818911102	(12, 1.608)	0	0	4
r1i1301p1f1	1875-06-21	5	1.178	1.351	0.703	2.6511581320815965	2.1815218140700345	(5, 1.178)	1	1	1
r1i1301p1f1	1876-07-18	7	1.799	2.187	5.334	3.53566843192702	4.603038540169917	(7, 1.799)	0	2	0
r1i1301p1f1	1878-07-04	4	1.496	1.73	1.838	2.562484784433375	2.75391545697416	(4, 1.496)	2	3	3
r1i1301p1f1	1878-08-20	6	1.327	1.617	1.737	3.020563283008034	3.2782227215380746	(6, 1.327)	2	3	3
r1i1301p1f1	1880-06-18	5	1.487	1.65	2.249	2.8693277337726437	3.2636420718161134	(5, 1.487)	2	3	3
r1i1301p1f1	1880-07-09	3	1.395	1.517	1.074	2.1100474447524054	1.8841362146551381	(3, 1.395)	1	3	3
r1i1301p1f1	1880-08-01	3	1.314	1.695	0.831	2.057674382091276	1.6710977936234879	(3, 1.314)	1	3	3
r1i1301p1f1	1880-08-08	3	1.327	1.586	0.87	2.0662669193286147	1.708496079343387	(3, 1.327)	1	1	3
r1i1301p1f1	1881-07-08	8	1.31	1.666	2.183	3.422368884279035	3.9199048877548273	(8, 1.31)	2	3	2
r1i1301p1f1	1885-06-30	4	1.545	1.903	2.033	2.5922651681085	2.848623408515779	(4, 1.545)	2	2	3
r1i1301p1f1	1885-07-27	6	1.428	1.733	2.347	3.090461744605361	3.569355626097524	(6, 1.428)	2	3	3
r1i1301p1f1	1886-06-13	3	1.358	1.529	0.964	2.086463702251958	1.7932734784523279	(3, 1.358)	1	1	3
r1i1301p1f1	1887-06-20	13	1.415	1.999	4.911	4.209518503998111	5.443236466502639	(13, 1.415)	0	0	4
r1i1301p1f1	1889-06-02	3	1.122	1.188	0.255	1.9213368284541927	0.8437281541849686	(3, 1.122)	1	1	1
r1i1301p1f1	1889-08-08	14	1.338	1.795	4.219	4.263928761213536	5.402698711406919	(14, 1.338)	0	0	2
r1i1301p1f1	1891-06-03	4	1.179	1.306	0.567	2.344878005184297	1.7112722183153684	(4, 1.179)	1	1	1
r1i1301p1f1	1891-07-08	3	1.326	1.444	0.867	2.0656085698259683	1.705668423237836	(3, 1.326)	1	1	1
r1i1301p1f1	1893-06-18	3	1.179	1.298	0.425	1.9637870727255824	1.1657613929071542	(3, 1.179)	1	1	1
r1i1301p1f1	1893-07-09	19	1.541	2.042	9.574	4.856894991358901	6.676969942491417	(19, 1.541)	0	0	4
r1i1301p1f1	1893-08-15	4	1.579	1.925	2.168	2.6124199700869597	2.909302545555603	(4, 1.579)	2	2	0
r1i1301p1f1	1893-08-24	4	1.348	1.572	1.242	2.4667426791603293	2.3920600994216485	(4, 1.348)	1	3	3
r1i1301p1f1	1894-06-11	4	1.444	1.688	1.628	2.5298800154307313	2.6407701476189334	(4, 1.444)	2	3	3
r1i1301p1f1	1898-07-27	3	1.383	1.442	1.038	2.1024594357119963	1.8552984620613318	(3, 1.383)	1	1	3
r1i1301p1f1	1898-08-18	6	1.125	1.306	0.528	2.864145033484506	2.1701940219713114	(6, 1.125)	1	1	1
r1i1301p1f1	1899-06-22	4	1.474	1.671	1.746	2.548819975531653	2.7059145889717886	(4, 1.474)	2	3	3
r1i1301p1f1	1900-07-22	4	1.908	2.321	3.482	2.7889540763260454	3.362317943601238	(4, 1.908)	2	2	0
r1i1301p1f1	1900-07-28	6	1.243	1.356	1.235	2.9584609731475835	2.9523402603016544	(6, 1.243)	1	1	1
r1i1301p1f1	1900-08-11	4	1.579	1.974	2.168	2.6124199700869597	2.909302545555603	(4, 1.579)	2	2	0
r1i1301p1f1	1901-08-16	4	1.2	1.302	0.652	2.3608540011180215	1.8271266130653463	(4, 1.2)	1	1	1
r1i1301p1f1	1903-06-08	4	1.223	1.384	0.746	2.3780635541699513	1.9413282395502016	(4, 1.223)	1	1	1
r1i1301p1f1	1904-06-07	3	1.247	1.416	0.63	2.0121795915224925	1.4524509536388943	(3, 1.247)	1	1	1
r1i1301p1f1	1904-07-12	3	1.184	1.227	0.442	1.96742621912213	1.192921777292329	(3, 1.184)	1	1	1
r1i1301p1f1	1905-08-02	4	1.695	1.916	2.632	2.67827804276854	3.093584673721496	(4, 1.695)	2	2	0
r1i1301p1f1	1906-06-16	6	1.363	1.544	1.958	3.0460416220583593	3.393723034802515	(6, 1.363)	2	3	3
r1i1301p1f1	1907-08-19	3	1.227	1.301	0.569	1.9981879688569144	1.3753877821585179	(3, 1.227)	1	1	1
r1i1301p1f1	1908-08-23	4	1.225	1.45	0.753	2.379546134130174	1.9493328563328156	(4, 1.225)	1	1	1
r1i1301p1f1	1913-07-30	3	1.178	1.319	0.422	1.9630576515367082	1.1608908587834577	(3, 1.178)	1	1	1
r1i1301p1f1	1914-06-07	3	1.363	1.572	0.979	2.089683383523351	1.8061608073299462	(3, 1.363)	1	3	3
r1i1301p1f1	1914-08-08	4	1.511	1.741	1.896	2.571695779860391	2.7830339801013197	(4, 1.511)	2	3	3
r1i1301p1f1	1915-06-20	6	1.225	1.412	1.129	2.9446363075620363	2.8674922010350326	(6, 1.225)	1	1	1
r1i1301p1f1	1916-07-09	3	1.197	1.336	0.481	1.9768264829675917	1.2525770413039474	(3, 1.197)	1	1	1
r1i1301p1f1	1916-07-27	5	1.249	1.39	1.06	2.705663656868713	2.5534341014866544	(5, 1.249)	1	1	1
r1i1301p1f1	1916-08-05	4	1.325	1.591	1.153	2.451005098112319	2.324737897635179	(4, 1.325)	1	3	3
r1i1301p1f1	1918-06-19	4	1.233	1.395	0.785	2.38545457081634	1.9851308622085946	(4, 1.233)	1	1	1
r1i1301p1f1	1918-06-28	4	1.512	1.787	1.899	2.572306840068834	2.784517293105055	(4, 1.512)	2	3	3
r1i1301p1f1	1918-07-15	3	1.489	1.755	1.357	2.1675750027674896	2.0858185201642803	(3, 1.489)	2	3	3
r1i1301p1f1	1919-06-28	4	1.539	1.898	2.007	2.5886658840788526	2.836502047983434	(4, 1.539)	2	3	3
r1i1301p1f1	1919-08-19	4	1.423	1.624	1.543	2.5164053168473712	2.591066845616391	(4, 1.423)	2	3	3
r1i1301p1f1	1920-08-14	4	1.238	1.343	0.806	2.3891296943942315	2.007945539974766	(4, 1.238)	1	1	1
r1i1301p1f1	1924-07-21	4	1.419	1.654	1.529	2.5138179932824203	2.5826381382813355	(4, 1.419)	2	3	3
r1i1301p1f1	1924-07-27	6	1.282	1.421	1.472	2.9877744489663094	3.1194484911689173	(6, 1.282)	1	1	1
r1i1301p1f1	1924-08-04	3	1.279	1.542	0.725	2.034166803163775	1.5617613343545442	(3, 1.279)	1	1	1
r1i1301p1f1	1926-06-01	9	1.381	1.709	3.092	3.64511041298123	4.436562167321895	(9, 1.381)	2	3	2
r1i1301p1f1	1926-06-23	4	1.578	1.897	2.165	2.6118329433603873	2.9079933592459843	(4, 1.578)	2	2	0
r1i1301p1f1	1926-08-15	3	1.543	2.044	1.519	2.1991852304697743	2.185259449853035	(3, 1.543)	2	2	0
r1i1301p1f1	1929-07-17	6	1.209	1.484	1.03	2.932185185805167	2.781167234510654	(6, 1.209)	1	1	1
r1i1301p1f1	1933-06-01	4	1.246	1.455	0.835	2.394981942260013	2.038619547159581	(4, 1.246)	1	1	1
r1i1301p1f1	1933-07-06	6	1.196	1.381	0.954	2.9219532377523487	2.7094411857470853	(6, 1.196)	1	1	1
r1i1301p1f1	1933-08-18	3	1.274	1.548	0.712	2.0307630082612924	1.547490277376993	(3, 1.274)	1	1	1
r1i1301p1f1	1934-06-07	14	1.224	1.615	2.615	4.176186281161852	4.927123799402082	(14, 1.224)	0	0	2
r1i1301p1f1	1934-07-16	4	1.094	1.231	0.227	2.2774723921789706	1.035317438295796	(4, 1.094)	1	1	1
r1i1301p1f1	1934-08-10	4	1.316	1.637	1.115	2.4447788586972212	2.2945529212967815	(4, 1.316)	1	3	3
r1i1301p1f1	1934-08-29	3	1.19	1.276	0.458	1.9717757853036324	1.2178277230180439	(3, 1.19)	1	1	1
r1i1301p1f1	1935-07-09	3	1.301	1.475	0.793	2.0490073727916243	1.6332616347132483	(3, 1.301)	1	1	1
r1i1301p1f1	1937-07-25	4	1.727	2.026	2.761	2.695707677903824	3.139313002031515	(4, 1.727)	2	2	0
r1i1301p1f1	1937-08-18	3	1.097	1.15	0.181	1.9021342734584945	0.6629475210958692	(3, 1.097)	1	1	1
r1i1301p1f1	1938-07-18	3	1.538	1.918	1.503	2.1962999751480803	2.1758666782488048	(3, 1.538)	2	3	3
r1i1301p1f1	1939-06-06	3	1.106	1.168	0.207	1.9090897475184052	0.7302519795816125	(3, 1.106)	1	1	1
r1i1301p1f1	1940-06-18	9	1.309	1.714	2.447	3.593001613220538	4.205721940204758	(9, 1.309)	2	3	2
r1i1301p1f1	1941-06-26	7	1.366	1.881	2.301	3.2695185210458115	3.775403795938882	(7, 1.366)	2	3	2
r1i1301p1f1	1941-07-14	5	1.375	1.657	1.689	2.795631642232295	2.989894973116864	(5, 1.375)	2	3	3
r1i1301p1f1	1943-07-26	4	1.69	2.061	2.612	2.67552700939665	3.086303971738378	(4, 1.69)	2	2	0
r1i1301p1f1	1943-08-22	3	1.45	1.548	1.24	2.144107517146862	2.007304760626642	(3, 1.45)	1	3	3
r1i1301p1f1	1944-08-23	3	1.344	1.607	0.922	2.077393051971457	1.7562795231871666	(3, 1.344)	1	3	3
r1i1301p1f1	1945-06-20	3	1.119	1.168	0.246	1.9190518967353905	0.8234091388978406	(3, 1.119)	1	1	1
r1i1301p1f1	1946-08-12	3	1.127	1.234	0.27	1.9251334841096133	0.8767017910517952	(3, 1.127)	1	1	1
r1i1301p1f1	1947-06-28	3	1.121	1.193	0.251	1.9205757645020043	0.8347484121874346	(3, 1.121)	1	1	1
r1i1301p1f1	1947-07-22	3	1.551	1.984	1.543	2.2037843932447	2.1991852304697743	(3, 1.551)	2	2	3
r1i1301p1f1	1947-08-01	3	1.201	1.404	0.491	1.9797011838168412	1.2673167859082781	(3, 1.201)	1	1	1
r1i1301p1f1	1947-08-08	8	1.394	2.047	2.86	3.482550593178586	4.185318271511505	(8, 1.394)	2	3	2
r1i1301p1f1	1947-08-20	3	1.21	1.274	0.519	1.986139204138294	1.3074684211342518	(3, 1.21)	1	1	1
r1i1301p1f1	1948-07-01	3	1.716	1.818	2.038	2.294209874293993	2.450121832068044	(3, 1.716)	2	2	0
r1i1301p1f1	1949-05-31	4	1.296	1.431	1.035	2.4308023907947995	2.2278615467981093	(4, 1.296)	1	1	1
r1i1301p1f1	1951-06-20	9	1.286	1.517	2.237	3.5757667454822917	4.117393548375516	(9, 1.286)	1	3	2
r1i1301p1f1	1952-07-25	5	1.311	1.553	1.372	2.750945283211416	2.7935809802260967	(5, 1.311)	1	3	3
r1i1301p1f1	1952-08-03	4	1.264	1.362	0.907	2.4080256054520426	2.110940208739207	(4, 1.264)	1	1	1
r1i1301p1f1	1952-08-21	11	1.44	1.716	4.43	3.980341934545899	5.091410816481758	(11, 1.44)	0	0	2
r1i1301p1f1	1953-08-26	6	1.542	1.84	3.032	3.163899085454709	3.819054664193757	(6, 1.542)	2	2	0
r1i1301p1f1	1954-05-31	3	1.441	1.631	1.212	2.1386128304038983	1.9875642639627233	(3, 1.441)	2	3	3
r1i1301p1f1	1954-07-23	3	1.24	1.311	0.61	2.007304760626642	1.4278328136070821	(3, 1.24)	1	1	1
r1i1301p1f1	1955-06-04	4	1.215	1.329	0.714	2.372111155642656	1.903896969164905	(4, 1.215)	1	1	1
r1i1301p1f1	1955-08-03	3	1.562	1.83	1.576	2.210073901633758	2.2180219404578065	(3, 1.562)	2	3	3
r1i1301p1f1	1956-07-16	7	1.387	1.595	2.452	3.284199018536973	3.837551054801645	(7, 1.387)	2	3	2
r1i1301p1f1	1958-06-29	5	1.331	1.5	1.471	2.76512546568698	2.859126443945479	(5, 1.331)	1	3	3
r1i1301p1f1	1959-07-07	5	1.563	1.862	2.63	2.916411497617063	3.4145838452839055	(5, 1.563)	2	2	0
r1i1301p1f1	1961-08-13	8	1.354	1.717	2.539	3.4543438406951905	4.068188997568857	(8, 1.354)	2	3	2
r1i1301p1f1	1963-06-09	3	1.406	1.672	1.107	2.1169528988419004	1.9098596000764794	(3, 1.406)	2	3	3
r1i1301p1f1	1963-06-16	3	1.561	1.612	1.573	2.2095037599672738	2.2163240992238618	(3, 1.561)	2	3	3
r1i1301p1f1	1963-08-11	5	1.624	2.054	2.936	2.952661501244864	3.5212143028468232	(5, 1.624)	2	2	0
r1i1301p1f1	1965-08-14	3	1.144	1.184	0.32	1.9379353448911276	0.9793664743973505	(3, 1.144)	1	1	1
r1i1301p1f1	1966-07-21	3	1.337	1.516	0.901	2.072826685323001	1.7372563504156076	(3, 1.337)	1	1	3
r1i1301p1f1	1968-07-11	6	1.619	2.113	3.49	3.210615536888097	3.9568494236375336	(6, 1.619)	2	2	0
r1i1301p1f1	1968-07-27	7	1.36	1.598	2.262	3.26528420174087	3.758704591890456	(7, 1.36)	2	3	2
r1i1301p1f1	1968-08-05	6	1.435	1.487	2.386	3.0951298469976907	3.5853754129649795	(6, 1.435)	2	3	3
r1i1301p1f1	1970-07-10	3	1.387	1.625	1.049	2.1049951749847424	1.8641985565732526	(3, 1.387)	1	3	3
r1i1301p1f1	1970-08-09	6	1.275	1.456	1.429	2.9825759338228286	3.091129952013059	(6, 1.275)	1	1	1
r1i1301p1f1	1970-08-27	5	1.402	1.604	1.823	2.8139007879919227	3.0625382041237805	(5, 1.402)	2	3	3
r1i1301p1f1	1974-07-11	3	1.467	1.676	1.289	2.154404709241113	2.0409398314549385	(3, 1.467)	2	3	3
r1i1301p1f1	1974-08-11	3	1.213	1.301	0.528	1.9882760330494176	1.3200392953459477	(3, 1.213)	1	1	1
r1i1301p1f1	1975-08-14	4	1.414	1.695	1.508	2.510574396536578	2.569860355668164	(4, 1.414)	2	3	3
r1i1301p1f1	1976-06-10	5	1.226	1.312	0.946	2.688330146137854	2.448985951833117	(5, 1.226)	1	1	1
r1i1301p1f1	1976-07-23	10	1.449	1.792	4.122	3.846340433758842	4.877858551144526	(10, 1.449)	0	0	2
r1i1301p1f1	1977-07-01	3	1.31	1.484	0.82	2.055015601727822	1.6602916576917774	(3, 1.31)	1	1	1
r1i1301p1f1	1978-07-12	5	1.514	1.88	2.386	2.88630988574445	3.320576125079365	(5, 1.514)	2	3	3
r1i1301p1f1	1979-06-03	4	1.076	1.268	0.158	2.2625960847776825	0.8171331603409365	(4, 1.076)	1	1	1
r1i1301p1f1	1982-06-11	4	1.156	1.258	0.477	2.327082564594433	1.57194370800652	(4, 1.156)	1	1	1
r1i1301p1f1	1982-06-27	12	1.216	1.46	2.152	3.9425167252182463	4.5048741586797965	(12, 1.216)	1	3	2
r1i1301p1f1	1982-07-16	5	1.633	1.96	2.98	2.9579003374900905	3.53565288904952	(5, 1.633)	2	2	0
r1i1301p1f1	1984-07-24	3	1.346	1.494	0.926	2.078693907391348	1.759862311451134	(3, 1.346)	1	1	3
r1i1301p1f1	1984-08-17	5	1.289	1.643	1.259	2.735111266204581	2.7131072538530865	(5, 1.289)	1	3	3
r1i1301p1f1	1985-06-23	3	1.561	1.995	1.572	2.2095037599672738	2.2157575109488894	(3, 1.561)	2	2	0
r1i1301p1f1	1986-08-24	5	1.231	1.321	0.971	2.692123942275254	2.4728433491079573	(5, 1.231)	1	1	1
r1i1301p1f1	1987-06-20	4	1.303	1.452	1.066	2.4357164055972285	2.2542348320529992	(4, 1.303)	1	1	1
r1i1301p1f1	1987-08-24	3	1.249	1.362	0.635	2.01356804665576	1.4585119449264208	(3, 1.249)	1	1	1
r1i1301p1f1	1988-08-06	18	1.402	1.916	6.567	4.68275399964395	6.219606754421957	(18, 1.402)	0	0	4
r1i1301p1f1	1989-08-24	4	1.208	1.322	0.685	2.3668735828764076	1.8687205103641835	(4, 1.208)	1	1	1
r1i1301p1f1	1990-06-12	5	1.621	1.838	2.92	2.950909105715357	3.515911787114676	(5, 1.621)	2	2	0
r1i1301p1f1	1990-08-06	3	1.545	1.585	1.525	2.200337005711071	2.1887591178572414	(3, 1.545)	2	3	3
r1i1301p1f1	1991-06-24	4	1.205	1.348	0.671	2.3646204839134985	1.851285448542082	(4, 1.205)	1	1	1
r1i1301p1f1	1992-07-17	5	1.456	1.598	2.095	2.8494672875326525	3.1955176162014896	(5, 1.456)	2	3	3
r1i1301p1f1	1992-08-21	3	1.276	1.327	0.718	2.032125916835549	1.554102235353397	(3, 1.276)	1	1	1
r1i1301p1f1	1993-06-15	3	1.175	1.243	0.413	1.9608661901948141	1.1461352854240012	(3, 1.175)	1	1	1
r1i1301p1f1	1995-07-10	4	1.215	1.299	0.712	2.372111155642656	1.901510333187174	(4, 1.215)	1	1	1
r1i1301p1f1	1996-06-02	5	1.258	1.403	1.107	2.712365382531928	2.5935096221564495	(5, 1.258)	1	1	1
r1i1301p1f1	1997-08-08	5	1.286	1.426	1.247	2.7329325254733114	2.704168265444365	(5, 1.286)	1	1	1
r1i1301p1f1	1999-06-29	3	1.342	1.429	0.915	2.0760905021222955	1.7499785892171698	(3, 1.342)	1	1	1
r1i1301p1f1	1999-07-08	8	2.009	2.581	7.776	3.8385590266121796	5.175871697181001	(8, 2.009)	0	0	4
r1i1301p1f1	1999-08-12	6	1.518	2.007	2.884	3.14888041860841	3.7701361286880086	(6, 1.518)	2	2	0
r1i1301p1f1	2000-06-07	3	1.325	1.43	0.864	2.0649497866137057	1.7028327488148318	(3, 1.325)	1	1	1
r1i1301p1f1	2000-06-14	7	1.307	1.482	1.887	3.227081218160558	3.5820659129882713	(7, 1.307)	1	3	2
r1i1301p1f1	2001-06-27	3	1.213	1.257	0.528	1.9882760330494176	1.3200392953459477	(3, 1.213)	1	1	1
r1i1301p1f1	2002-08-27	5	1.413	1.935	1.88	2.8212491316245214	3.0919074876763166	(5, 1.413)	2	3	3
r1i1301p1f1	2006-05-29	8	1.297	1.828	2.078	3.412722704117988	3.8716128536261323	(8, 1.297)	2	3	2
r1i1301p1f1	2006-08-24	3	1.117	1.148	0.241	1.9175257032512696	0.811939810347864	(3, 1.117)	1	1	1
r1i1301p1f1	2007-06-10	3	1.369	1.544	0.996	2.0935333672031136	1.8205684456009843	(3, 1.369)	1	3	3
r1i1301p1f1	2007-07-22	6	1.779	2.276	4.45	3.3012243096506353	4.1957177811518305	(6, 1.779)	0	2	0
r1i1301p1f1	2008-08-07	3	1.282	1.403	0.736	2.0362035327569803	1.573679779711439	(3, 1.282)	1	1	1
r1i1301p1f1	2009-07-17	4	1.203	1.309	0.663	2.3631155927340783	1.841184352555578	(4, 1.203)	1	1	1
r1i1301p1f1	2010-06-20	8	1.432	1.691	3.163	3.508629584126964	4.284558778271648	(8, 1.432)	2	3	2
r1i1301p1f1	2010-07-02	3	1.192	1.289	0.465	1.9732214466709417	1.228532006034618	(3, 1.192)	1	1	1
r1i1301p1f1	2010-07-15	5	1.279	1.493	1.21	2.727830260569304	2.6760923635947345	(5, 1.279)	1	1	1
r2i1021p1f1	1851-08-15	3	1.177	1.271	0.41	1.962327697904164	1.1411679773309156	(3, 1.177)	1	1	1
r2i1021p1f1	1852-06-22	8	1.243	1.65	1.619	3.3716271029657703	3.6279022670835572	(8, 1.243)	1	3	2
r2i1021p1f1	1852-07-26	3	1.489	1.804	1.344	2.1675750027674896	2.077393051971457	(3, 1.489)	2	3	3
r2i1021p1f1	1852-08-18	7	1.371	1.836	2.315	3.2730334756941564	3.781331006383159	(7, 1.371)	2	3	2
r2i1021p1f1	1855-07-18	6	1.232	1.384	1.15	2.9500352999136945	2.884883347711904	(6, 1.232)	1	1	1
r2i1021p1f1	1855-07-27	4	1.577	1.802	2.146	2.6112455718310184	2.8996618048032574	(4, 1.577)	2	3	3
r2i1021p1f1	1858-06-15	6	1.133	1.251	0.557	2.8708282024195855	2.217701783194873	(6, 1.133)	1	1	1
r2i1021p1f1	1858-06-23	5	1.445	1.818	2.023	2.8423241343256467	3.1620018333137794	(5, 1.445)	2	3	3
r2i1021p1f1	1858-07-01	7	1.553	2.082	3.59	3.393231152097891	4.211945810201338	(7, 1.553)	2	2	0
r2i1021p1f1	1858-07-18	4	1.404	1.513	1.452	2.504055468626761	2.534965849660737	(4, 1.404)	1	3	3
r2i1021p1f1	1858-07-24	12	1.846	2.524	9.661	4.3533284913078045	5.997944080632629	(12, 1.846)	0	0	4
r2i1021p1f1	1860-06-24	5	1.272	1.433	1.155	2.7227018289917884	2.6328446831775123	(5, 1.272)	1	1	1
r2i1021p1f1	1860-08-09	3	1.306	1.426	0.797	2.052349733401824	1.637312477901555	(3, 1.306)	1	1	1
r2i1021p1f1	1862-07-20	4	1.267	1.379	0.907	2.410183103592064	2.110940208739207	(4, 1.267)	1	1	1
r2i1021p1f1	1863-07-04	6	1.481	1.772	2.642	3.1252754800548823	3.6846031086333344	(6, 1.481)	2	3	3
r2i1021p1f1	1863-07-23	9	1.461	1.934	3.783	3.6999924751175057	4.636096984135245	(9, 1.461)	0	0	2
r2i1021p1f1	1865-06-21	4	1.21	1.306	0.676	2.3683728335320486	1.8575472097660581	(4, 1.21)	1	1	1
r2i1021p1f1	1865-08-16	5	1.468	1.588	2.134	2.8572020621904244	3.2132136376958407	(5, 1.468)	2	3	3
r2i1021p1f1	1867-06-15	3	1.209	1.312	0.506	1.9854259119535547	1.2890268766635846	(3, 1.209)	1	1	1
r2i1021p1f1	1867-06-23	6	1.253	1.629	1.272	2.9660595549657884	2.980339699226557	(6, 1.253)	1	3	3
r2i1021p1f1	1868-06-17	4	1.517	1.854	1.903	2.5753565527100726	2.7864916274087728	(4, 1.517)	2	3	3
r2i1021p1f1	1871-07-15	6	1.474	1.646	2.603	3.1207463150329726	3.670107630827794	(6, 1.474)	2	3	3
r2i1021p1f1	1872-08-08	10	1.468	2.016	4.274	3.8590912337067214	4.913799430462397	(10, 1.468)	0	0	2
r2i1021p1f1	1873-06-05	5	1.253	1.363	1.06	2.7086477478046924	2.5534341014866544	(5, 1.253)	1	1	1
r2i1021p1f1	1874-06-20	7	1.392	1.668	2.46	3.2876628374348242	3.8407383149405567	(7, 1.392)	2	3	2
r2i1021p1f1	1874-08-12	5	1.396	1.57	1.776	2.8098697238147503	3.0376552764715057	(5, 1.396)	2	3	3
r2i1021p1f1	1875-06-23	3	1.902	2.183	2.584	2.387209464918077	2.6690915985739303	(3, 1.902)	2	2	0
r2i1021p1f1	1877-06-05	4	1.382	1.523	1.364	2.4895624613241942	2.477546295381708	(4, 1.382)	1	3	3
r2i1021p1f1	1877-07-29	10	1.483	2.138	4.42	3.869044055106538	4.94714633809293	(10, 1.483)	0	0	2
r2i1021p1f1	1879-06-01	3	1.149	1.235	0.324	1.9416696183705373	0.9871418062162414	(3, 1.149)	1	1	1
r2i1021p1f1	1880-07-07	3	1.521	1.598	1.442	2.1864273672360484	2.1392248442209048	(3, 1.521)	2	3	3
r2i1021p1f1	1880-08-11	3	1.421	1.572	1.14	2.126293232111315	1.9349378532458654	(3, 1.421)	1	3	3
r2i1021p1f1	1880-08-26	7	1.411	1.552	2.591	3.3007170016880503	3.891534370069314	(7, 1.411)	2	3	2
r2i1021p1f1	1881-06-13	4	1.287	1.579	0.985	2.4244486807508863	2.1838015570040787	(4, 1.287)	1	1	3
r2i1021p1f1	1882-06-15	5	1.516	1.876	2.375	2.8875564246424537	3.316122573142224	(5, 1.516)	2	3	3
r2i1021p1f1	1882-08-05	4	1.464	1.786	1.694	2.542546429234415	2.6777284412158213	(4, 1.464)	2	3	3
r2i1021p1f1	1883-06-09	4	1.441	1.64	1.601	2.527966139248447	2.625248134341072	(4, 1.441)	2	3	3
r2i1021p1f1	1885-06-11	3	1.195	1.313	0.464	1.9753860276277764	1.2270098200897182	(3, 1.195)	1	1	1
r2i1021p1f1	1887-06-18	12	1.398	2.17	4.284	4.079463870130054	5.187846793597512	(12, 1.398)	0	0	2
r2i1021p1f1	1887-07-14	9	1.166	1.335	1.129	3.4806860897524112	3.4494477176108664	(9, 1.166)	1	1	2
r2i1021p1f1	1887-07-30	3	1.352	1.752	0.933	2.0825863510166935	1.7661014684078697	(3, 1.352)	1	3	3
r2i1021p1f1	1887-08-19	9	1.378	1.623	3.033	3.64299257134146	4.417526491712108	(9, 1.378)	2	3	2
r2i1021p1f1	1888-06-16	4	1.21	1.342	0.678	2.3683728335320486	1.8600409766444606	(4, 1.21)	1	1	1
r2i1021p1f1	1889-07-12	5	1.325	1.487	1.422	2.760892484079883	2.8272215064453143	(5, 1.325)	1	3	3
r2i1021p1f1	1890-08-05	6	1.712	2.236	4.028	3.2642758160466157	4.097660194493093	(6, 1.712)	0	2	0
r2i1021p1f1	1892-06-19	3	1.198	1.266	0.472	1.9775459332921197	1.2391229198413687	(3, 1.198)	1	1	1
r2i1021p1f1	1893-06-19	9	1.828	2.191	7.083	3.9191177779040127	5.2587497932457286	(9, 1.828)	0	0	4
r2i1021p1f1	1893-08-10	9	1.766	2.085	6.528	3.8853093519097226	5.177595015332975	(9, 1.766)	0	0	4
r2i1021p1f1	1894-07-13	14	1.662	2.199	8.697	4.478028439744122	6.123756747466993	(14, 1.662)	0	0	4
r2i1021p1f1	1895-08-12	3	1.349	1.558	0.926	2.0806420230924974	1.759862311451134	(3, 1.349)	1	1	3
r2i1021p1f1	1897-06-23	6	1.276	1.515	1.415	2.9833202354571164	3.0817341706840735	(6, 1.276)	1	3	1
r2i1021p1f1	1897-08-12	4	1.164	1.268	0.493	2.3333082656368864	1.5981747201553897	(4, 1.164)	1	1	1
r2i1021p1f1	1898-05-31	3	1.298	1.353	0.773	2.0469965809886865	1.6127575608495572	(3, 1.298)	1	1	1
r2i1021p1f1	1898-08-04	3	1.117	1.168	0.228	1.9175257032512696	0.7814889337128141	(3, 1.117)	1	1	1
r2i1021p1f1	1898-08-26	6	1.334	1.466	1.757	3.0255685082414088	3.289241865547672	(6, 1.334)	1	3	3
r2i1021p1f1	1899-06-17	12	1.502	2.032	5.53	4.150046775289435	5.441888493370583	(12, 1.502)	0	0	4
r2i1021p1f1	1899-08-02	5	1.231	1.441	0.95	2.692123942275254	2.4528415911678723	(5, 1.231)	1	1	1
r2i1021p1f1	1901-07-14	5	1.649	1.886	3.041	2.967146592112795	3.5553313070028953	(5, 1.649)	2	2	0
r2i1021p1f1	1901-08-06	7	1.295	1.616	1.778	3.2182250385447317	3.524270719479327	(7, 1.295)	1	3	2
r2i1021p1f1	1902-06-10	3	1.175	1.202	0.404	1.9608661901948141	1.131158720187866	(3, 1.175)	1	1	1
r2i1021p1f1	1902-06-15	7	1.499	1.805	3.211	3.3590504996924118	4.10212343185858	(7, 1.499)	2	3	2
r2i1021p1f1	1905-06-10	5	1.369	1.566	1.64	2.791526104362557	2.9619560975787036	(5, 1.369)	1	3	3
r2i1021p1f1	1906-07-18	5	1.483	1.698	2.212	2.8667871509346683	3.247693064109087	(5, 1.483)	2	3	3
r2i1021p1f1	1906-07-25	9	1.501	1.909	4.144	3.726343818096295	4.726396176755459	(9, 1.501)	0	0	2
r2i1021p1f1	1906-08-17	4	1.445	1.649	1.618	2.5305171610400525	2.6350493082177198	(4, 1.445)	2	3	3
r2i1021p1f1	1906-08-25	3	1.357	1.538	0.949	2.0858185201642803	1.7802178956260757	(3, 1.357)	1	1	3
r2i1021p1f1	1907-06-28	8	1.254	1.41	1.703	3.3801365142391924	3.67717348450398	(8, 1.254)	1	3	2
r2i1021p1f1	1909-06-18	4	1.483	1.769	1.771	2.5544327124366104	2.7191879455126657	(4, 1.483)	2	3	3
r2i1021p1f1	1909-07-10	4	1.34	1.592	1.197	2.4612967841488667	2.3585872831093306	(4, 1.34)	1	3	3
r2i1021p1f1	1911-08-04	7	1.406	2.004	2.554	3.297298183074984	3.8774469216008525	(7, 1.406)	2	3	2
r2i1021p1f1	1912-06-23	7	1.219	1.438	1.249	3.160237556281167	3.1835306266418097	(7, 1.219)	1	1	1
r2i1021p1f1	1913-08-19	3	1.177	1.297	0.41	1.962327697904164	1.1411679773309156	(3, 1.177)	1	1	1
r2i1021p1f1	1914-06-08	3	1.312	1.435	0.815	2.0563458755484163	1.6553409078841297	(3, 1.312)	1	1	1
r2i1021p1f1	1914-07-31	4	1.129	1.349	0.352	2.305779983890565	1.33920275358604	(4, 1.129)	1	1	1
r2i1021p1f1	1915-07-18	7	1.337	1.621	2.074	3.248884487858816	3.6740454100574578	(7, 1.337)	2	3	2
r2i1021p1f1	1916-07-04	12	1.482	1.962	5.294	4.136854461407216	5.398467846840668	(12, 1.482)	0	0	4
r2i1021p1f1	1916-08-10	10	1.692	2.592	6.516	3.9983059807152195	5.3329796883914575	(10, 1.692)	0	0	4
r2i1021p1f1	1917-06-17	6	1.522	1.722	2.89	3.1513992459896194	3.772166557804294	(6, 1.522)	2	3	3
r2i1021p1f1	1917-07-09	4	1.385	1.574	1.378	2.4915511925066687	2.486904652450673	(4, 1.385)	1	3	3
r2i1021p1f1	1917-07-22	3	1.384	1.533	1.03	2.1030939735949343	1.8487755481388044	(3, 1.384)	1	3	3
r2i1021p1f1	1921-08-07	3	1.403	1.59	1.086	2.1150743173498676	1.8935669098428978	(3, 1.403)	1	3	3
r2i1021p1f1	1921-08-18	4	1.458	1.711	1.671	2.538763322578711	2.665003511559844	(4, 1.458)	2	3	3
r2i1021p1f1	1922-06-25	10	1.478	1.836	4.372	3.8657374422884048	4.93630519996033	(10, 1.478)	0	0	2
r2i1021p1f1	1922-08-22	9	1.278	1.66	2.136	3.5697016962846058	4.071962611328971	(9, 1.278)	2	3	2
r2i1021p1f1	1923-08-12	7	1.256	1.416	1.509	3.1888884865256273	3.3654690278741097	(7, 1.256)	1	1	1
r2i1021p1f1	1924-07-13	4	1.156	1.195	0.462	2.327082564594433	1.5467110825257953	(4, 1.156)	1	1	1
r2i1021p1f1	1925-07-14	4	1.257	1.617	0.867	2.402973267025314	2.0714093699825717	(4, 1.257)	1	1	1
r2i1021p1f1	1926-06-09	3	1.355	1.498	0.944	2.0845269058647236	1.7758278805804821	(3, 1.355)	1	1	3
r2i1021p1f1	1927-06-07	7	1.234	1.531	1.352	3.1719519108191725	3.2596104072320715	(7, 1.234)	1	3	1
r2i1021p1f1	1927-06-17	3	1.302	1.473	0.783	2.049676739221073	1.6230621489914792	(3, 1.302)	1	1	1
r2i1021p1f1	1927-07-03	3	1.33	1.445	0.867	2.0682393712801277	1.705668423237836	(3, 1.33)	1	1	1
r2i1021p1f1	1927-07-19	7	1.726	2.584	4.797	3.49547573659953	4.49804904661083	(7, 1.726)	0	2	0
r2i1021p1f1	1931-07-12	8	1.507	1.823	3.729	3.558187381543688	4.447084216218028	(8, 1.507)	2	2	2
r2i1021p1f1	1931-08-12	7	1.406	1.626	2.555	3.297298183074984	3.8778302844369357	(7, 1.406)	2	3	2
r2i1021p1f1	1931-08-21	3	1.406	1.515	1.096	2.1169528988419004	1.901358448189443	(3, 1.406)	1	3	3
r2i1021p1f1	1933-08-14	3	1.23	1.393	0.569	2.000299233099087	1.3753877821585179	(3, 1.23)	1	1	1
r2i1021p1f1	1934-06-22	9	1.624	2.049	5.246	3.8032789944224326	4.960337994768983	(9, 1.624)	0	0	4
r2i1021p1f1	1936-06-19	3	1.359	1.518	0.956	2.0871084683480854	1.786331718287074	(3, 1.359)	1	1	3
r2i1021p1f1	1936-07-19	7	1.58	1.985	3.778	3.4098931139667554	4.262250759242796	(7, 1.58)	2	2	0
r2i1021p1f1	1936-08-07	5	1.195	1.332	0.772	2.6644818112970086	2.265010153699228	(5, 1.195)	1	1	1
r2i1021p1f1	1936-08-28	4	1.195	1.297	0.618	2.3570732782781154	1.7823823074154581	(4, 1.195)	1	1	1
r2i1021p1f1	1937-06-10	6	1.286	1.433	1.474	2.99073294045301	3.1207463150329726	(6, 1.286)	1	1	1
r2i1021p1f1	1937-07-23	3	1.219	1.312	0.536	1.9925360413504454	1.331082266299207	(3, 1.219)	1	1	1
r2i1021p1f1	1937-07-28	5	1.4	1.77	1.799	2.812558904620976	3.049909399934455	(5, 1.4)	2	3	3
r2i1021p1f1	1939-08-20	8	1.417	1.778	3.013	3.4984163411965925	4.236659871181699	(8, 1.417)	2	3	2
r2i1021p1f1	1942-06-16	3	1.192	1.334	0.453	1.9732214466709417	1.2101110409918319	(3, 1.192)	1	1	1
r2i1021p1f1	1942-07-15	9	1.786	2.535	6.71	3.896340678026039	5.2049403170427375	(9, 1.786)	0	0	4
r2i1021p1f1	1943-06-15	4	1.361	1.523	1.281	2.4755294879754035	2.420190335068309	(4, 1.361)	1	3	3
r2i1021p1f1	1943-06-21	5	1.232	1.297	0.955	2.692880977408798	2.457640328663985	(5, 1.232)	1	1	1
r2i1021p1f1	1945-08-06	7	1.496	1.865	3.19	3.3571168801317346	4.09567079532061	(7, 1.496)	2	2	2
r2i1021p1f1	1945-08-21	4	1.3	1.465	1.037	2.4336133554004498	2.229584200109555	(4, 1.3)	1	1	1
r2i1021p1f1	1948-06-30	3	1.263	1.42	0.668	2.023233625810394	1.49761876651344	(3, 1.263)	1	1	1
r2i1021p1f1	1949-07-04	3	1.287	1.359	0.739	2.039588890738971	1.57690576208928	(3, 1.287)	1	1	1
r2i1021p1f1	1949-07-21	7	1.12	1.226	0.556	3.0792776219093465	2.424560581595223	(7, 1.12)	1	1	1
r2i1021p1f1	1950-06-01	6	1.434	1.706	2.359	3.0944643078990266	3.5743121810155496	(6, 1.434)	2	3	3
r2i1021p1f1	1951-06-20	3	1.163	1.193	0.366	1.9520520017200835	1.0653284036835002	(3, 1.163)	1	1	1
r2i1021p1f1	1952-08-02	5	1.447	2.043	2.032	2.843626690427477	3.166253253758332	(5, 1.447)	2	3	3
r2i1021p1f1	1952-08-11	6	1.352	1.622	1.87	3.0383252171038535	3.3493170698917587	(6, 1.352)	2	3	3
r2i1021p1f1	1952-08-19	4	1.183	1.297	0.571	2.3479407947148427	1.7170359230321184	(4, 1.183)	1	1	1
r2i1021p1f1	1953-07-16	6	1.32	1.503	1.677	3.015532879418852	3.244417473681752	(6, 1.32)	1	3	3
r2i1021p1f1	1955-06-23	4	1.473	1.636	1.73	2.548194389023919	2.6973262377392344	(4, 1.473)	2	3	3
r2i1021p1f1	1955-08-11	8	1.316	1.714	2.204	3.426789776947058	3.9292896170772833	(8, 1.316)	2	3	2
r2i1021p1f1	1956-07-16	6	1.305	1.609	1.583	3.0046674698270235	3.1890454331200955	(6, 1.305)	1	3	3
r2i1021p1f1	1957-07-09	6	1.477	1.946	2.619	3.1226898981334075	3.6760799340803216	(6, 1.477)	2	2	0
r2i1021p1f1	1958-08-09	3	1.325	1.456	0.854	2.0649497866137057	1.693322002202941	(3, 1.325)	1	1	1
r2i1021p1f1	1959-06-19	4	1.503	1.682	1.848	2.5667938092601843	2.7589967687203143	(4, 1.503)	2	3	3
r2i1021p1f1	1959-08-02	3	1.096	1.126	0.165	1.901358448189443	0.6191588972606237	(3, 1.096)	1	1	1
r2i1021p1f1	1960-08-30	3	1.257	1.511	0.65	2.019102669039607	1.4764775738150402	(3, 1.257)	1	1	1
r2i1021p1f1	1961-08-27	5	1.376	1.987	1.676	2.796314262805641	2.9825583599345062	(5, 1.376)	2	3	3
r2i1021p1f1	1965-06-20	12	1.221	1.539	2.164	3.9465406933095615	4.5103735724469045	(12, 1.221)	1	3	2
r2i1021p1f1	1965-07-17	3	1.246	1.366	0.615	2.011484640358179	1.4340443988225668	(3, 1.246)	1	1	1
r2i1021p1f1	1966-08-06	5	1.319	1.558	1.393	2.7566415081428493	2.807848081750575	(5, 1.319)	1	3	3
r2i1021p1f1	1966-08-14	6	1.485	1.653	2.668	3.127854393979432	3.694151328394431	(6, 1.485)	2	3	3
r2i1021p1f1	1967-06-26	3	1.407	1.672	1.097	2.1175783092527807	1.9021342734584945	(3, 1.407)	2	3	3
r2i1021p1f1	1967-08-11	3	1.218	1.254	0.533	1.991827299029127	1.326955429670287	(3, 1.218)	1	1	1
r2i1021p1f1	1970-08-04	5	1.63	1.865	2.945	2.9561571064537415	3.524184658213782	(5, 1.63)	2	2	0
r2i1021p1f1	1971-06-09	4	1.427	1.507	1.543	2.518985963440863	2.591066845616391	(4, 1.427)	1	3	3
r2i1021p1f1	1971-07-01	3	1.244	1.403	0.611	2.0100932874778716	1.4290782211885045	(3, 1.244)	1	1	1
r2i1021p1f1	1971-07-17	4	1.098	1.149	0.229	2.2807483983848713	1.0409831758314734	(4, 1.098)	1	1	1
r2i1021p1f1	1972-07-01	4	1.39	1.61	1.396	2.4948569806411682	2.4988095549569915	(4, 1.39)	1	3	3
r2i1021p1f1	1972-07-27	4	1.537	1.819	1.986	2.5874632381130924	2.8266033105460195	(4, 1.537)	2	3	3
r2i1021p1f1	1974-08-22	4	1.219	1.295	0.711	2.375091783780794	1.9003148757824004	(4, 1.219)	1	1	1
r2i1021p1f1	1976-07-12	6	1.25	1.497	1.256	2.9637860368073388	2.968327915962107	(6, 1.25)	1	1	1
r2i1021p1f1	1977-06-21	6	1.342	1.758	1.811	3.031258256556087	3.318400947311358	(6, 1.342)	2	3	3
r2i1021p1f1	1977-07-04	4	1.181	1.28	0.563	2.3464105725340754	1.7054751006310425	(4, 1.181)	1	1	1
r2i1021p1f1	1978-06-25	3	1.23	1.376	0.569	2.000299233099087	1.3753877821585179	(3, 1.23)	1	1	1
r2i1021p1f1	1978-08-08	5	1.462	1.72	2.108	2.8533421531852725	3.2014511524949785	(5, 1.462)	2	3	3
r2i1021p1f1	1981-08-03	4	1.192	1.243	0.606	2.35479796444098	1.7660997224474775	(4, 1.192)	1	1	1
r2i1021p1f1	1982-06-12	4	1.485	1.683	1.778	2.5556757206762075	2.7228731299938485	(4, 1.485)	2	3	3
r2i1021p1f1	1982-06-24	4	1.565	1.829	2.097	2.604170070614818	2.8778492328972742	(4, 1.565)	2	3	3
r2i1021p1f1	1982-07-25	3	1.698	1.921	1.971	2.2847333764364604	2.4196226441930193	(3, 1.698)	2	2	0
r2i1021p1f1	1982-08-03	3	1.175	1.287	0.401	1.9608661901948141	1.1261162697229268	(3, 1.175)	1	1	1
r2i1021p1f1	1982-08-11	3	1.14	1.178	0.297	1.9349378532458654	0.9334456490554206	(3, 1.14)	1	1	1
r2i1021p1f1	1982-08-24	9	1.368	1.663	2.947	3.6359005293230497	4.389113960144499	(9, 1.368)	2	3	2
r2i1021p1f1	1983-06-23	7	1.53	1.901	3.426	3.3788153128763865	4.1658960589532334	(7, 1.53)	2	2	0
r2i1021p1f1	1984-08-25	4	1.297	1.5	1.024	2.431505873060885	2.2183335405464546	(4, 1.297)	1	1	1
r2i1021p1f1	1985-07-17	3	1.505	1.638	1.394	2.177045610799638	2.109417305191268	(3, 1.505)	2	3	3
r2i1021p1f1	1987-06-21	4	1.126	1.165	0.343	2.30338477316461	1.3201545586153456	(4, 1.126)	1	1	1
r2i1021p1f1	1987-07-07	11	1.446	1.89	4.453	3.984422434424477	5.096557496576043	(11, 1.446)	0	0	2
r2i1021p1f1	1987-07-27	12	1.804	2.368	9.154	4.33061322471093	5.94417542064416	(12, 1.804)	0	0	4
r2i1021p1f1	1990-06-26	7	1.624	2.102	4.081	3.4364648070200756	4.338351324661403	(7, 1.624)	0	2	0
r2i1021p1f1	1990-08-12	3	2.046	2.386	3.015	2.4537021351513313	2.8133946898992366	(3, 2.046)	2	2	0
r2i1021p1f1	1991-06-20	3	1.416	1.664	1.127	2.1231894711408397	1.9251334841096133	(3, 1.416)	2	3	3
r2i1021p1f1	1993-06-20	3	1.176	1.239	0.405	1.9615972110500632	1.1328339025038707	(3, 1.176)	1	1	1
r2i1021p1f1	1994-06-23	3	1.453	1.566	1.237	2.145932390572937	2.005208250678203	(3, 1.453)	2	3	3
r2i1021p1f1	1995-07-19	4	1.473	1.521	1.731	2.548194389023919	2.697865176043845	(4, 1.473)	2	3	3
r2i1021p1f1	1996-07-15	3	1.545	1.646	1.514	2.200337005711071	2.1823336747840143	(3, 1.545)	2	3	3
r2i1021p1f1	1998-08-20	3	1.536	1.638	1.485	2.1951435380616515	2.165193269654166	(3, 1.536)	2	3	3
r2i1021p1f1	1999-08-25	3	1.431	1.598	1.17	2.1324720027003963	1.9572030484955636	(3, 1.431)	1	3	3
r2i1021p1f1	2000-07-28	3	1.346	1.46	0.916	2.078693907391348	1.7508811570107512	(3, 1.346)	1	1	1
r2i1021p1f1	2000-08-05	4	1.307	1.558	1.065	2.4385136102182896	2.253394848803274	(4, 1.307)	1	1	3
r2i1021p1f1	2001-06-07	6	1.543	1.839	3.015	3.164519994698931	3.8135557752132563	(6, 1.543)	2	2	0
r2i1021p1f1	2003-08-13	4	1.409	1.561	1.475	2.5073202446249003	2.5494451709255714	(4, 1.409)	1	3	3
r2i1021p1f1	2004-07-10	4	1.451	1.667	1.642	2.534331533115523	2.648724735017395	(4, 1.451)	2	3	3
r2i1021p1f1	2006-06-02	8	1.164	1.357	0.988	3.308289139035762	3.150849114810969	(8, 1.164)	1	1	1
r2i1021p1f1	2006-06-16	3	1.281	1.411	0.722	2.0355250837068217	1.5584860437950268	(3, 1.281)	1	1	1
r2i1021p1f1	2006-07-28	3	1.542	1.774	1.505	2.198608844997014	2.177045610799638	(3, 1.542)	2	3	3
r2i1021p1f1	2007-06-26	11	1.465	1.789	4.666	3.9972352540604215	5.14300233239702	(11, 1.465)	0	0	2
r2i1021p1f1	2007-08-14	5	1.264	1.42	1.115	2.716808377251539	2.6001738548438484	(5, 1.264)	1	1	1
r2i1021p1f1	2008-08-05	3	1.298	1.492	0.771	2.0469965809886865	1.6106838395258545	(3, 1.298)	1	1	1
r2i1021p1f1	2010-07-06	5	1.152	1.335	0.554	2.630431055091278	1.973234598135532	(5, 1.152)	1	1	1
r2i1231p1f1	1853-06-30	3	1.203	1.236	0.479	1.9811354412044515	1.2496028406831776	(3, 1.203)	1	1	1
r2i1231p1f1	1853-08-12	3	1.192	1.283	0.445	1.9732214466709417	1.1976391373679347	(3, 1.192)	1	1	1
r2i1231p1f1	1855-07-25	3	1.197	1.322	0.463	1.9768264829675917	1.22548531356196	(3, 1.197)	1	1	1
r2i1231p1f1	1855-08-14	5	1.744	2.082	3.503	3.0203523354052146	3.692989262916091	(5, 1.744)	2	2	0
r2i1231p1f1	1856-07-17	6	1.633	1.988	3.541	3.2188798448517035	3.9710813957002213	(6, 1.633)	2	2	0
r2i1231p1f1	1856-08-26	9	1.541	2.036	4.476	3.752018559025222	4.80280719355982	(9, 1.541)	0	0	2
r2i1231p1f1	1857-08-11	3	1.096	1.105	0.158	1.901358448189443	0.599381453008204	(3, 1.096)	1	1	1
r2i1231p1f1	1858-06-06	6	1.278	1.407	1.409	2.9848071788297488	3.0776802244287547	(6, 1.278)	1	1	1
r2i1231p1f1	1858-06-25	5	1.412	1.519	1.845	2.8205833272471477	3.073976153187677	(5, 1.412)	2	3	3
r2i1231p1f1	1858-08-10	6	1.169	1.253	0.754	2.9003617500024856	2.4916746614032017	(6, 1.169)	1	1	1
r2i1231p1f1	1861-06-20	11	1.464	2.045	4.628	3.996564972370837	5.13487291964061	(11, 1.464)	0	0	2
r2i1231p1f1	1861-08-13	3	1.298	1.456	0.764	2.0469965809886865	1.603391761434228	(3, 1.298)	1	1	1
r2i1231p1f1	1862-08-01	4	1.148	1.362	0.42	2.3208178612551054	1.4724720573609429	(4, 1.148)	1	1	1
r2i1231p1f1	1863-07-21	5	1.247	1.375	1.021	2.704168265444365	2.5189156504934846	(5, 1.247)	1	1	1
r2i1231p1f1	1864-07-11	6	1.543	1.932	3.0	3.164519994698931	3.808678575438649	(6, 1.543)	2	2	0
r2i1231p1f1	1864-07-21	3	1.467	1.707	1.271	2.154404709241113	2.028715156208546	(3, 1.467)	2	3	3
r2i1231p1f1	1864-07-26	4	1.09	1.175	0.188	2.2741856184723477	0.9178894532378521	(4, 1.09)	1	1	1
r2i1231p1f1	1865-06-06	4	1.169	1.328	0.505	2.337179737758545	1.6174060820832772	(4, 1.169)	1	1	1
r2i1231p1f1	1865-06-21	3	1.61	1.937	1.701	2.2370653333255217	2.2863190422766264	(3, 1.61)	2	2	0
r2i1231p1f1	1868-06-08	6	1.521	1.888	2.866	3.150770133690646	3.7640199876706273	(6, 1.521)	2	2	0
r2i1231p1f1	1868-07-12	6	1.424	1.604	2.285	3.0877844409923587	3.5433479002341826	(6, 1.424)	2	3	3
r2i1231p1f1	1868-08-08	9	1.732	2.852	6.203	3.8662722176711384	5.126822983790653	(9, 1.732)	0	0	4
r2i1231p1f1	1869-07-15	3	1.531	1.861	1.464	2.1922465808862563	2.1525952453512627	(3, 1.531)	2	3	3
r2i1231p1f1	1873-07-21	3	1.221	1.318	0.532	1.9939520208237795	1.3255760241460586	(3, 1.221)	1	1	1
r2i1231p1f1	1873-08-02	8	1.346	1.629	2.419	3.448605743304816	4.020621264857744	(8, 1.346)	2	3	2
r2i1231p1f1	1874-06-12	7	1.466	1.775	2.961	3.3375722194326882	4.02246337041596	(7, 1.466)	2	3	2
r2i1231p1f1	1874-08-20	4	1.638	1.943	2.379	2.6464584450955693	2.997330994917688	(4, 1.638)	2	2	0
r2i1231p1f1	1875-07-11	3	1.15	1.299	0.32	1.9424148026019987	0.9793664743973505	(3, 1.15)	1	1	1
r2i1231p1f1	1875-08-04	8	1.226	1.431	1.463	3.3583320940782735	3.529412071789717	(8, 1.226)	1	1	2
r2i1231p1f1	1875-08-17	3	1.178	1.269	0.405	1.9630576515367082	1.1328339025038707	(3, 1.178)	1	1	1
r2i1231p1f1	1875-08-30	3	1.338	1.366	0.886	2.073480301439183	1.7234433412910362	(3, 1.338)	1	1	1
r2i1231p1f1	1876-06-21	4	1.658	1.986	2.459	2.657738880560839	3.0287801276001916	(4, 1.658)	2	2	0
r2i1231p1f1	1876-07-27	5	1.552	1.822	2.544	2.909732430540327	3.3824488774920316	(5, 1.552)	2	2	0
r2i1231p1f1	1878-08-08	6	1.372	1.501	1.974	3.0523110543392895	3.4015891886798926	(6, 1.372)	1	3	3
r2i1231p1f1	1878-08-22	8	1.282	1.469	1.907	3.4014756293275807	3.7876038944898918	(8, 1.282)	1	3	2
r2i1231p1f1	1879-07-21	6	1.253	1.68	1.257	2.9660595549657884	2.969082894297463	(6, 1.253)	1	3	3
r2i1231p1f1	1880-07-08	3	1.341	1.603	0.894	2.0754385904061903	1.730834015919441	(3, 1.341)	1	3	3
r2i1231p1f1	1881-07-16	4	1.617	1.999	2.297	2.634475420110147	2.9640351868107366	(4, 1.617)	2	2	0
r2i1231p1f1	1882-07-09	4	1.217	1.248	0.696	2.373602580229326	1.882209372150127	(4, 1.217)	1	1	1
r2i1231p1f1	1882-08-17	3	1.179	1.312	0.408	1.9637870727255824	1.1378426775644224	(3, 1.179)	1	1	1
r2i1231p1f1	1883-08-07	6	1.518	2.029	2.848	3.14888041860841	3.757866209158024	(6, 1.518)	2	2	0
r2i1231p1f1	1884-08-08	3	1.409	1.829	1.097	2.118827957881691	1.9021342734584945	(3, 1.409)	2	3	3
r2i1231p1f1	1885-07-19	3	1.166	1.242	0.369	1.9542628429622635	1.0706860368566677	(3, 1.166)	1	1	1
r2i1231p1f1	1889-08-30	3	1.353	1.608	0.928	2.083233621139891	1.7616489034129674	(3, 1.353)	1	3	3
r2i1231p1f1	1891-06-29	3	1.216	1.317	0.52	1.9904083056570567	1.3088730142073226	(3, 1.216)	1	1	1
r2i1231p1f1	1892-06-12	7	1.426	1.854	2.679	3.3109038821069	3.9242632734893443	(7, 1.426)	2	3	2
r2i1231p1f1	1892-07-09	5	1.185	1.396	0.71	2.656665868654067	2.190316473472632	(5, 1.185)	1	1	1
r2i1231p1f1	1892-07-23	7	1.914	2.367	6.094	3.5958804433050338	4.734991223741022	(7, 1.914)	0	0	4
r2i1231p1f1	1892-08-07	5	1.213	1.498	0.847	2.678398384671134	2.348489944813307	(5, 1.213)	1	1	1
r2i1231p1f1	1893-08-20	4	1.438	1.652	1.58	2.5260485931191754	2.613006652415316	(4, 1.438)	2	3	3
r2i1231p1f1	1895-06-12	3	1.231	1.387	0.562	2.0010019984654726	1.3661522799138386	(3, 1.231)	1	1	1
r2i1231p1f1	1897-07-03	3	1.166	1.257	0.367	1.9542628429622635	1.0671174726631902	(3, 1.166)	1	1	1
r2i1231p1f1	1898-06-28	10	1.332	1.779	2.889	3.764022603919837	4.5256745126884965	(10, 1.332)	2	3	2
r2i1231p1f1	1899-08-07	11	1.625	2.069	6.401	4.0990778114965245	5.457570157500871	(11, 1.625)	0	0	4
r2i1231p1f1	1899-08-22	6	1.524	1.784	2.887	3.152656284484222	3.7711518585763626	(6, 1.524)	2	3	0
r2i1231p1f1	1901-06-19	9	1.359	1.557	2.843	3.6294744008213966	4.353640020151798	(9, 1.359)	2	3	2
r2i1231p1f1	1901-08-02	5	1.386	1.572	1.714	2.8031149619497384	3.003854328543422	(5, 1.386)	2	3	3
r2i1231p1f1	1902-06-14	5	1.625	1.901	2.908	2.9532449513317447	3.511916366830125	(5, 1.625)	2	2	0
r2i1231p1f1	1902-08-14	4	1.441	1.546	1.592	2.527966139248447	2.6200201235951743	(4, 1.441)	2	3	3
r2i1231p1f1	1907-05-31	5	1.096	1.217	0.264	2.584273176082192	1.3741230225547532	(5, 1.096)	1	1	1
r2i1231p1f1	1907-07-21	3	1.208	1.249	0.494	1.984712110619881	1.2716966740794537	(3, 1.208)	1	1	1
r2i1231p1f1	1907-08-06	8	1.446	1.718	3.22	3.51806874198926	4.302175237381643	(8, 1.446)	2	3	2
r2i1231p1f1	1908-06-26	7	1.619	1.769	4.033	3.4334806119402606	4.326675186352645	(7, 1.619)	2	2	0
r2i1231p1f1	1908-08-04	8	1.35	1.763	2.455	3.4514789077145642	4.035130661963941	(8, 1.35)	2	3	2
r2i1231p1f1	1910-06-05	3	1.233	1.334	0.568	2.0024060492939144	1.3740736353341576	(3, 1.233)	1	1	1
r2i1231p1f1	1910-08-17	9	1.559	1.823	4.643	3.763360570926244	4.839142889799373	(9, 1.559)	0	0	2
r2i1231p1f1	1912-06-20	5	1.16	1.221	0.583	2.636854495835966	2.0173185214578293	(5, 1.16)	1	1	1
r2i1231p1f1	1912-06-29	6	1.243	1.507	1.198	2.9584609731475835	2.92353421403142	(6, 1.243)	1	1	1
r2i1231p1f1	1912-07-12	4	1.823	2.492	3.118	2.7462447469001794	3.2559403690050166	(4, 1.823)	2	2	0
r2i1231p1f1	1912-07-20	4	1.874	2.274	3.323	2.772088597198099	3.3172358944812825	(4, 1.874)	2	2	0
r2i1231p1f1	1912-07-30	9	1.202	1.337	1.43	3.510171360889817	3.6790816116338254	(9, 1.202)	1	1	2
r2i1231p1f1	1913-06-30	5	1.133	1.279	0.447	2.615007954378356	1.7913613782857079	(5, 1.133)	1	1	1
r2i1231p1f1	1913-07-31	3	1.185	1.261	0.424	1.9681524618896862	1.1641405158936269	(3, 1.185)	1	1	1
r2i1231p1f1	1914-06-03	5	1.253	1.463	1.049	2.7086477478046924	2.543818161302775	(5, 1.253)	1	1	1
r2i1231p1f1	1915-06-05	3	1.147	1.268	0.312	1.9401775819371392	0.9636320587510483	(3, 1.147)	1	1	1
r2i1231p1f1	1916-08-19	4	1.622	1.746	2.313	2.6373415728317555	2.970619572738916	(4, 1.622)	2	2	0
r2i1231p1f1	1917-06-28	3	1.218	1.37	0.523	1.991827299029127	1.3130749947901585	(3, 1.218)	1	1	1
r2i1231p1f1	1918-08-11	7	1.314	1.634	1.896	3.2322113327732334	3.586691993445292	(7, 1.314)	2	3	2
r2i1231p1f1	1919-06-20	6	1.268	1.37	1.349	2.9773502528361053	3.036210367895536	(6, 1.268)	1	1	1
r2i1231p1f1	1919-06-30	4	1.445	1.625	1.606	2.5305171610400525	2.6281408178739083	(4, 1.445)	2	3	3
r2i1231p1f1	1920-07-19	3	1.217	1.536	0.523	1.9911180540358446	1.3130749947901585	(3, 1.217)	1	1	1
r2i1231p1f1	1921-07-26	4	1.171	1.257	0.51	2.3387241396099188	1.6253112615903906	(4, 1.171)	1	1	1
r2i1231p1f1	1921-08-12	4	1.32	1.449	1.106	2.4475508632442313	2.2872683888821523	(4, 1.32)	1	1	1
r2i1231p1f1	1922-06-08	3	1.252	1.293	0.625	2.0156471213943736	1.446353002609472	(3, 1.252)	1	1	1
r2i1231p1f1	1922-08-09	3	1.093	1.131	0.149	1.8990273544023255	0.5733646722177641	(3, 1.093)	1	1	1
r2i1231p1f1	1924-08-19	3	1.374	1.598	0.993	2.0967304028960037	1.8180409580317884	(3, 1.374)	1	3	3
r2i1231p1f1	1925-06-19	4	1.149	1.226	0.422	2.3216030988298075	1.47613506511968	(4, 1.149)	1	1	1
r2i1231p1f1	1925-07-03	4	1.305	1.413	1.046	2.437115985951652	2.237299626295416	(4, 1.305)	1	1	1
r2i1231p1f1	1925-07-11	5	1.226	1.39	0.915	2.688330146137854	2.418589748007356	(5, 1.226)	1	1	1
r2i1231p1f1	1925-07-18	3	1.123	1.155	0.239	1.922097313628501	0.8073149909471471	(3, 1.123)	1	1	1
r2i1231p1f1	1925-07-23	5	1.667	2.035	3.119	2.9774474500261805	3.579942553840625	(5, 1.667)	2	2	0
r2i1231p1f1	1926-06-09	3	1.113	1.167	0.211	1.914466310658481	0.740215940720951	(3, 1.113)	1	1	1
r2i1231p1f1	1926-08-21	8	1.321	1.581	2.224	3.4304589829256678	3.9381463092814593	(8, 1.321)	2	3	2
r2i1231p1f1	1927-05-31	4	1.435	1.784	1.566	2.5241273629412815	2.6047616115962793	(4, 1.435)	2	3	3
r2i1231p1f1	1928-07-08	3	1.53	1.795	1.461	2.191666181004662	2.150782501365733	(3, 1.53)	2	3	3
r2i1231p1f1	1928-07-20	3	1.287	1.509	0.733	2.039588890738971	1.5704433566808502	(3, 1.287)	1	1	1
r2i1231p1f1	1928-08-12	4	1.279	1.509	0.943	2.418766847283455	2.145229282217839	(4, 1.279)	1	1	1
r2i1231p1f1	1930-07-30	3	1.081	1.145	0.114	1.8896482562540837	0.46521805675601735	(3, 1.081)	1	1	1
r2i1231p1f1	1932-08-16	7	1.718	2.078	4.726	3.490971211605778	4.483304708310793	(7, 1.718)	0	2	0
r2i1231p1f1	1933-06-15	3	1.25	1.338	0.62	2.014261551963053	1.4402176383123728	(3, 1.25)	1	1	1
r2i1231p1f1	1934-06-04	4	1.196	1.292	0.61	2.357830567220024	1.7715567619105355	(4, 1.196)	1	1	1
r2i1231p1f1	1934-06-13	5	1.576	1.955	2.663	2.924247854096473	3.426645647549758	(5, 1.576)	2	2	0
r2i1231p1f1	1934-06-21	6	1.468	1.677	2.548	3.116847779444223	3.6493014560213917	(6, 1.468)	2	3	3
r2i1231p1f1	1934-08-12	5	1.392	1.831	1.746	2.807173291810953	3.02144258487296	(5, 1.392)	2	3	3
r2i1231p1f1	1935-07-01	5	1.367	1.67	1.618	2.790153837523084	2.9491536339041073	(5, 1.367)	2	3	3
r2i1231p1f1	1935-07-19	3	1.378	1.761	1.004	2.0992806926337417	1.827277346942111	(3, 1.378)	2	3	3
r2i1231p1f1	1935-07-24	3	1.175	1.215	0.394	1.9608661901948141	1.1142507199926883	(3, 1.175)	1	1	1
r2i1231p1f1	1936-06-29	5	1.411	1.722	1.839	2.819917079278944	3.0708696645686766	(5, 1.411)	2	3	3
r2i1231p1f1	1937-08-16	7	1.468	1.817	2.975	3.3388871484016636	4.027096080062323	(7, 1.468)	2	3	2
r2i1231p1f1	1939-06-04	8	1.317	1.696	2.191	3.4275246959790096	3.9234904154800807	(8, 1.317)	2	3	2
r2i1231p1f1	1939-07-21	4	1.59	1.782	2.187	2.6188546222977394	2.917554492489967	(4, 1.59)	2	3	3
r2i1231p1f1	1939-07-27	14	1.445	1.928	5.628	4.339819944071499	5.689726378361229	(14, 1.445)	0	0	4
r2i1231p1f1	1939-08-21	5	1.43	1.877	1.935	2.832500504112271	3.1194513308906133	(5, 1.43)	2	3	3
r2i1231p1f1	1941-07-02	5	1.516	1.712	2.363	2.8875564246424537	3.311241424709368	(5, 1.516)	2	3	3
r2i1231p1f1	1942-06-15	3	1.204	1.311	0.481	1.9818517992247855	1.2525770413039474	(3, 1.204)	1	1	1
r2i1231p1f1	1942-06-27	4	1.581	1.958	2.151	2.613592990749323	2.90186105794392	(4, 1.581)	2	2	0
r2i1231p1f1	1943-08-12	4	1.527	1.759	1.935	2.581428216778622	2.8021475244813256	(4, 1.527)	2	3	3
r2i1231p1f1	1943-08-19	4	1.694	1.997	2.601	2.6777284412158213	3.082276874954177	(4, 1.694)	2	2	0
r2i1231p1f1	1946-07-31	10	1.342	1.609	2.983	3.771329251639117	4.557352346287616	(10, 1.342)	2	3	2
r2i1231p1f1	1947-07-09	10	1.512	1.982	4.689	3.8880097455712326	5.005818374579935	(10, 1.512)	0	0	2
r2i1231p1f1	1947-07-23	6	1.505	1.7	2.773	3.1406501351017333	3.7318098725158224	(6, 1.505)	2	3	3
r2i1231p1f1	1948-06-03	3	1.219	1.448	0.526	1.9925360413504454	1.3172593925889304	(3, 1.219)	1	1	1
r2i1231p1f1	1948-06-16	8	1.221	1.445	1.422	3.354387920013961	3.5018323586622437	(8, 1.221)	1	1	2
r2i1231p1f1	1948-08-26	3	1.368	1.553	0.975	2.0928927317076034	1.8027403929532473	(3, 1.368)	1	3	3
r2i1231p1f1	1949-06-17	6	1.515	1.939	2.831	3.1469871257410205	3.7520193281688474	(6, 1.515)	2	2	0
r2i1231p1f1	1949-07-02	3	1.324	1.52	0.842	2.0642905691200095	1.6817884042514022	(3, 1.324)	1	1	1
r2i1231p1f1	1949-07-27	3	1.291	1.383	0.744	2.042288949592007	1.5822593800150702	(3, 1.291)	1	1	1
r2i1231p1f1	1953-06-09	3	1.325	1.486	0.847	2.0649497866137057	1.6866102464375254	(3, 1.325)	1	1	1
r2i1231p1f1	1953-07-04	3	1.453	1.738	1.228	2.145932390572937	1.9988922189911715	(3, 1.453)	2	3	3
r2i1231p1f1	1954-07-16	4	1.476	1.713	1.729	2.5500699756944134	2.6967870088234993	(4, 1.476)	2	3	3
r2i1231p1f1	1954-07-28	6	1.716	1.96	4.035	3.2665204337757063	4.099367702979757	(6, 1.716)	2	2	0
r2i1231p1f1	1954-08-15	3	1.346	1.658	0.909	2.078693907391348	1.7445460080509814	(3, 1.346)	1	3	3
r2i1231p1f1	1955-06-22	4	1.655	2.151	2.447	2.65605490598383	3.024125348055209	(4, 1.655)	2	2	0
r2i1231p1f1	1958-08-05	3	1.273	1.43	0.688	2.030080856770745	1.5205963963404616	(3, 1.273)	1	1	1
r2i1231p1f1	1959-06-03	3	1.34	1.469	0.89	2.074786253423948	1.727145506348632	(3, 1.34)	1	1	1
r2i1231p1f1	1959-07-27	3	1.276	1.366	0.699	2.032125916835549	1.533012605156896	(3, 1.276)	1	1	1
r2i1231p1f1	1959-08-02	6	1.417	1.517	2.241	3.0830818422027426	3.5244716559871394	(6, 1.417)	2	3	3
r2i1231p1f1	1961-06-19	4	1.362	1.815	1.275	2.476202209157854	2.4159137783010487	(4, 1.362)	2	3	3
r2i1231p1f1	1961-08-04	3	1.204	1.404	0.482	1.9818517992247855	1.25406083097726	(3, 1.204)	1	1	1
r2i1231p1f1	1963-06-10	4	1.607	1.853	2.253	2.6287183518200794	2.945701339948426	(4, 1.607)	2	2	0
r2i1231p1f1	1963-07-04	3	1.105	1.13	0.186	1.9083193018307179	0.6762473548735383	(3, 1.105)	1	1	1
r2i1231p1f1	1963-07-26	4	1.407	1.608	1.456	2.5060156129982354	2.537499099907171	(4, 1.407)	2	3	3
r2i1231p1f1	1963-08-14	10	1.657	2.294	6.135	3.977790911106332	5.273028965574075	(10, 1.657)	0	0	4
r2i1231p1f1	1964-07-06	4	1.589	1.799	2.182	2.618271361855424	2.9153895208714524	(4, 1.589)	2	2	3
r2i1231p1f1	1965-06-09	4	1.142	1.236	0.395	2.316093443018838	1.425515074273172	(4, 1.142)	1	1	1
r2i1231p1f1	1966-07-03	5	1.151	1.338	0.541	2.629625216079756	1.9528238909865179	(5, 1.151)	1	1	1
r2i1231p1f1	1966-07-15	4	1.879	2.271	3.342	2.7745867249024543	3.3227312083827223	(4, 1.879)	2	2	0
r2i1231p1f1	1968-06-17	3	1.314	1.404	0.813	2.057674382091276	1.6533537247355978	(3, 1.314)	1	1	1
r2i1231p1f1	1969-06-12	3	1.27	1.348	0.679	2.0280316058632835	1.5103217479538902	(3, 1.27)	1	1	1
r2i1231p1f1	1970-06-17	4	1.56	1.649	2.068	2.601207105484161	2.864712011115587	(4, 1.56)	2	3	3
r2i1231p1f1	1971-07-25	4	1.15	1.21	0.425	2.322387720290225	1.4816045409242156	(4, 1.15)	1	1	1
r2i1231p1f1	1972-07-12	3	1.123	1.206	0.241	1.922097313628501	0.811939810347864	(3, 1.123)	1	1	1
r2i1231p1f1	1974-08-15	5	1.324	1.719	1.402	2.76018524182164	2.8139007879919227	(5, 1.324)	2	3	3
r2i1231p1f1	1975-06-13	9	1.275	1.418	2.084	3.567417785576744	4.047742003498081	(9, 1.275)	1	3	2
r2i1231p1f1	1976-06-15	5	1.329	1.516	1.427	2.763716461784272	2.830524144307154	(5, 1.329)	1	3	3
r2i1231p1f1	1976-07-18	15	1.589	2.391	8.191	4.535954697475813	6.167210571629742	(15, 1.589)	0	0	4
r2i1231p1f1	1979-06-12	4	1.539	1.674	1.982	2.5886658840788526	2.824706676501888	(4, 1.539)	2	3	3
r2i1231p1f1	1979-07-27	3	1.261	1.338	0.653	2.0218585354382537	1.4800322901371412	(3, 1.261)	1	1	1
r2i1231p1f1	1979-08-03	3	1.52	1.724	1.43	2.185843579048409	2.131855840787614	(3, 1.52)	2	3	3
r2i1231p1f1	1979-08-15	3	1.275	1.499	0.694	2.0314446947383757	1.5273879775882544	(3, 1.275)	1	1	1
r2i1231p1f1	1979-08-28	3	1.21	1.314	0.502	1.986139204138294	1.2832834485922338	(3, 1.21)	1	1	1
r2i1231p1f1	1982-06-13	5	1.465	1.763	2.11	2.8552739700488834	3.2023608874271465	(5, 1.465)	2	3	3
r2i1231p1f1	1982-07-02	8	1.71	2.138	5.335	3.6811719037770985	4.8017008936579595	(8, 1.71)	0	0	4
r2i1231p1f1	1982-08-07	3	1.272	1.392	0.687	2.0293982396318806	1.519459968127892	(3, 1.272)	1	1	1
r2i1231p1f1	1982-08-29	4	1.202	1.384	0.636	2.3623622970299065	1.8063196205593848	(4, 1.202)	1	1	1
r2i1231p1f1	1984-08-01	11	1.289	1.492	2.707	3.871751336585292	4.60275864438175	(11, 1.289)	2	3	2
r2i1231p1f1	1984-08-16	5	1.304	1.763	1.305	2.745934329969324	2.7466517195931477	(5, 1.304)	2	3	3
r2i1231p1f1	1985-06-03	4	1.282	1.367	0.953	2.420901319812088	2.1545490141666415	(4, 1.282)	1	1	1
r2i1231p1f1	1985-06-11	9	1.234	1.443	1.718	3.535669997863429	3.858326826424285	(9, 1.234)	1	3	2
r2i1231p1f1	1985-06-24	3	1.213	1.307	0.51	1.9882760330494176	1.2947375060561312	(3, 1.213)	1	1	1
r2i1231p1f1	1985-08-24	3	1.316	1.471	0.819	2.0590011260458523	1.659303466582823	(3, 1.316)	1	1	1
r2i1231p1f1	1986-08-24	4	1.309	1.449	1.064	2.4399092838572645	2.2525541593884806	(4, 1.309)	1	1	1
r2i1231p1f1	1989-06-26	8	1.652	2.529	4.869	3.6475493326191804	4.711086587380832	(8, 1.652)	0	0	4
r2i1231p1f1	1989-08-07	3	1.329	1.467	0.856	2.0675823194866925	1.6952314016361398	(3, 1.329)	1	1	1
r2i1231p1f1	1990-06-26	3	1.358	1.482	0.945	2.086463702251958	1.776707426721953	(3, 1.358)	1	1	3
r2i1231p1f1	1990-07-28	4	1.331	1.623	1.15	2.4551344914543303	2.322387720290225	(4, 1.331)	1	3	3
r2i1231p1f1	1990-08-25	8	1.438	1.649	3.16	3.512685852284877	4.283622943455137	(8, 1.438)	2	3	2
r2i1231p1f1	1991-07-18	3	1.335	1.53	0.874	2.0715181700506955	1.712253892645904	(3, 1.335)	1	1	3
r2i1231p1f1	1992-06-26	5	1.253	1.365	1.047	2.7086477478046924	2.542059830547561	(5, 1.253)	1	1	1
r2i1231p1f1	1992-07-22	3	1.449	1.682	1.217	2.1434984852175942	1.9911180540358446	(3, 1.449)	2	3	3
r2i1231p1f1	1992-08-02	3	1.461	1.742	1.254	2.150782501365733	2.017030773679079	(3, 1.461)	2	3	3
r2i1231p1f1	1994-06-14	5	1.447	1.71	2.019	2.843626690427477	3.1601064958278418	(5, 1.447)	2	3	3
r2i1231p1f1	1998-08-07	3	1.704	1.937	1.983	2.2879021977606966	2.425154013940977	(3, 1.704)	2	2	0
r2i1231p1f1	1999-06-15	8	1.268	1.46	1.799	3.390862990432562	3.730662343131502	(8, 1.268)	1	3	2
r2i1231p1f1	1999-06-28	9	1.234	1.691	1.713	3.535669997863429	3.855473817736961	(9, 1.234)	2	3	2
r2i1231p1f1	1999-07-29	3	1.344	1.478	0.902	2.077393051971457	1.7381704689654596	(3, 1.344)	1	1	1
r2i1231p1f1	1999-08-10	5	1.449	1.605	2.03	2.8449275520837807	3.1653100544300705	(5, 1.449)	2	3	3
r2i1231p1f1	2000-06-21	4	1.41	1.594	1.467	2.5079719227189963	2.5444326291020274	(4, 1.41)	2	3	3
r2i1231p1f1	2001-07-06	5	1.383	1.765	1.697	2.8010796039966817	2.9943832034222444	(5, 1.383)	2	3	3
r2i1231p1f1	2001-07-14	10	1.379	1.818	3.356	3.797908931899912	4.674006069055347	(10, 1.379)	0	0	2
r2i1231p1f1	2003-07-28	3	1.337	1.44	0.882	2.072826685323001	1.7197274192609726	(3, 1.337)	1	1	1
r2i1231p1f1	2003-08-10	4	1.282	1.382	0.955	2.420901319812088	2.1564025828159643	(4, 1.282)	1	1	1
r2i1231p1f1	2005-06-11	4	1.185	1.27	0.568	2.349468678892896	1.712716261887602	(4, 1.185)	1	1	1
r2i1231p1f1	2005-07-31	6	1.645	2.224	3.61	3.225909580361033	3.9900195811148	(6, 1.645)	2	2	0
r2i1231p1f1	2005-08-12	3	1.08	1.105	0.11	1.888862679459286	0.45207942524963096	(3, 1.08)	1	1	1
r2i1231p1f1	2006-06-28	9	1.372	1.679	2.955	3.638743384620139	4.391791304728794	(9, 1.372)	2	3	2
r2i1231p1f1	2006-07-14	7	1.384	1.686	2.383	3.2821149534705922	3.8096309156287145	(7, 1.384)	2	3	2
r2i1231p1f1	2006-08-27	8	1.527	1.873	3.874	3.570998263025138	4.484793190238312	(8, 1.527)	0	2	2
r2i1231p1f1	2007-07-05	4	1.439	1.75	1.582	2.526688183802955	2.6141789854921393	(4, 1.439)	2	3	3
r2i1231p1f1	2010-06-03	9	1.251	1.402	1.866	3.5489562487365984	3.9392879165761587	(9, 1.251)	1	3	2
r2i1231p1f1	2010-07-29	3	1.439	1.645	1.188	2.137387677939668	1.9703280309734539	(3, 1.439)	2	3	3
r2i1231p1f1	2010-08-05	3	1.75	2.066	2.119	2.311868542098984	2.4857935050585316	(3, 1.75)	2	2	0
r2i1251p1f1	1852-06-04	3	1.378	1.509	0.978	2.0992806926337417	1.80530679991362	(3, 1.378)	1	1	3
r2i1251p1f1	1852-07-17	6	1.454	1.669	2.411	3.1076916519684508	3.595511149673914	(6, 1.454)	2	3	3
r2i1251p1f1	1853-06-19	17	1.586	2.506	9.074	4.719990382349124	6.456804235188613	(17, 1.586)	0	0	4
r2i1251p1f1	1855-07-31	3	1.62	1.999	1.704	2.2425980036689572	2.2879021977606966	(3, 1.62)	2	2	0
r2i1251p1f1	1856-06-13	4	1.563	1.944	2.042	2.6029859378536013	2.8527852642340576	(4, 1.563)	2	2	0
r2i1251p1f1	1856-06-21	4	1.192	1.318	0.56	2.35479796444098	1.7011051009599243	(4, 1.192)	1	1	1
r2i1251p1f1	1856-07-12	5	1.687	2.064	3.175	2.988769760928856	3.5972459335343117	(5, 1.687)	2	2	0
r2i1251p1f1	1856-07-26	3	1.325	1.616	0.817	2.0649497866137057	1.6573241499661222	(3, 1.325)	1	1	3
r2i1251p1f1	1856-08-15	7	1.643	1.896	4.134	3.4477242190914024	4.351087304727012	(7, 1.643)	0	2	0
r2i1251p1f1	1858-08-18	5	1.177	1.298	0.626	2.6503688303737603	2.0793031282979384	(5, 1.177)	1	1	1
r2i1251p1f1	1858-08-28	4	1.352	1.68	1.198	2.4694545452290786	2.3593434268126545	(4, 1.352)	1	3	3
r2i1251p1f1	1859-08-09	7	1.322	1.667	1.887	3.2380422746538926	3.5820659129882713	(7, 1.322)	2	3	2
r2i1251p1f1	1860-08-18	3	1.294	1.477	0.726	2.044309220199835	1.5628507183091673	(3, 1.294)	1	1	1
r2i1251p1f1	1861-06-05	14	1.454	1.999	5.633	4.345948290052213	5.69061139838	(14, 1.454)	0	0	4
r2i1251p1f1	1862-06-27	6	1.752	2.261	4.197	3.286498441894265	4.138091087374992	(6, 1.752)	0	2	0
r2i1251p1f1	1862-07-26	3	1.57	2.009	1.552	2.2146233704217337	2.204357804165855	(3, 1.57)	2	2	0
r2i1251p1f1	1864-06-02	6	1.46	1.818	2.45	3.1116259765128715	3.611120573699321	(6, 1.46)	2	3	3
r2i1251p1f1	1864-06-23	4	1.586	1.868	2.135	2.6165195365898923	2.89480635496403	(4, 1.586)	2	2	0
r2i1251p1f1	1864-08-01	9	1.44	1.848	3.495	3.6858749450936377	4.55771163482839	(9, 1.44)	2	3	2
r2i1251p1f1	1864-08-19	10	1.852	2.342	7.996	4.087074570863878	5.536766080856006	(10, 1.852)	0	0	4
r2i1251p1f1	1866-08-29	4	1.351	1.468	1.196	2.468777267858117	2.357830567220024	(4, 1.351)	1	1	3
r2i1251p1f1	1868-05-30	5	1.446	1.649	1.968	2.8429756244580964	3.1356206817840904	(5, 1.446)	2	3	3
r2i1251p1f1	1869-07-14	3	1.546	1.743	1.482	2.2009123962435715	2.1634032397365477	(3, 1.546)	2	3	3
r2i1251p1f1	1869-07-25	8	1.669	2.153	4.939	3.6575218785166643	4.7252333983133115	(8, 1.669)	0	0	0
r2i1251p1f1	1869-08-23	4	1.249	1.364	0.789	2.397167735479994	1.989516834151849	(4, 1.249)	1	1	1
r2i1251p1f1	1870-07-08	6	1.805	2.362	4.517	3.3152027208901758	4.210438334971935	(6, 1.805)	0	2	0
r2i1251p1f1	1872-05-31	5	1.303	1.46	1.255	2.7452164253281373	2.7101364606027474	(5, 1.303)	1	1	1
r2i1251p1f1	1872-06-09	6	1.223	1.324	1.024	2.943088369216089	2.775687975816727	(6, 1.223)	1	1	1
r2i1251p1f1	1872-06-17	6	1.479	1.801	2.563	3.1239835247481462	3.655018934299533	(6, 1.479)	2	3	3
r2i1251p1f1	1872-07-25	7	1.628	1.845	4.034	3.4388457677187128	4.326919834975678	(7, 1.628)	2	2	0
r2i1251p1f1	1872-08-25	4	1.324	1.419	1.09	2.450315205018381	2.2741856184723477	(4, 1.324)	1	1	1
r2i1251p1f1	1874-07-16	3	1.47	1.671	1.254	2.1562109048842784	2.017030773679079	(3, 1.47)	2	3	3
r2i1251p1f1	1874-08-02	4	1.227	1.492	0.699	2.381026519300608	1.8858567926071705	(4, 1.227)	1	1	1
r2i1251p1f1	1874-08-18	5	1.455	1.677	2.015	2.8488200143214515	3.1582075592150787	(5, 1.455)	2	3	3
r2i1251p1f1	1874-08-26	5	1.721	2.008	3.346	3.007728280207955	3.648302670765805	(5, 1.721)	2	2	0
r2i1251p1f1	1877-06-25	5	1.172	1.246	0.6	2.646412949743369	2.0422852074542566	(5, 1.172)	1	1	1
r2i1251p1f1	1877-07-29	6	1.812	2.381	4.558	3.318932992007635	4.219340713081267	(6, 1.812)	0	2	0
r2i1251p1f1	1879-08-24	4	1.239	1.424	0.747	2.3898631011011062	1.9424756866066786	(4, 1.239)	1	1	1
r2i1251p1f1	1880-07-21	4	1.519	1.731	1.867	2.576573838313824	2.7685807008422425	(4, 1.519)	2	3	3
r2i1251p1f1	1881-06-28	3	1.374	1.531	0.965	2.0967304028960037	1.794137820026899	(3, 1.374)	1	1	3
r2i1251p1f1	1882-06-01	3	1.163	1.208	0.334	1.9520520017200835	1.0063196847660814	(3, 1.163)	1	1	1
r2i1251p1f1	1882-07-01	7	1.237	1.607	1.295	3.174278404158264	3.2182250385447317	(7, 1.237)	1	3	2
r2i1251p1f1	1882-08-01	3	1.383	1.504	0.992	2.1024594357119963	1.8171970405807354	(3, 1.383)	1	1	3
r2i1251p1f1	1883-06-22	3	1.274	1.395	0.667	2.0307630082612924	1.4964559081980222	(3, 1.274)	1	1	1
r2i1251p1f1	1885-06-25	4	1.289	1.399	0.949	2.425864109154217	2.150831537766509	(4, 1.289)	1	1	1
r2i1251p1f1	1888-06-03	4	1.206	1.24	0.615	2.3653720810928105	1.7783364488959144	(4, 1.206)	1	1	1
r2i1251p1f1	1888-07-05	7	1.985	2.562	6.532	3.631322226067533	4.803810636919719	(7, 1.985)	0	0	4
r2i1251p1f1	1888-08-01	5	1.334	1.442	1.408	2.7672352560973157	2.8179156679086597	(5, 1.334)	1	3	3
r2i1251p1f1	1888-08-27	3	1.42	1.698	1.104	2.125673250105425	1.907548262098765	(3, 1.42)	2	3	3
r2i1251p1f1	1889-06-01	3	1.154	1.197	0.306	1.9453899989154602	0.95166661750653	(3, 1.154)	1	1	1
r2i1251p1f1	1890-08-13	6	1.542	1.725	2.94	3.163899085454709	3.788928367063762	(6, 1.542)	2	3	0
r2i1251p1f1	1891-06-21	3	1.254	1.319	0.607	2.017030773679079	1.4240872574909593	(3, 1.254)	1	1	1
r2i1251p1f1	1893-06-19	8	1.478	2.087	3.405	3.539315141892922	4.357302943476055	(8, 1.478)	0	2	2
r2i1251p1f1	1893-07-17	11	1.697	2.066	7.097	4.141727943074848	5.560369842063154	(11, 1.697)	0	0	4
r2i1251p1f1	1896-08-18	3	1.168	1.211	0.347	1.9557340263295966	1.0307134223532146	(3, 1.168)	1	1	1
r2i1251p1f1	1897-07-30	4	1.485	1.731	1.732	2.5556757206762075	2.6984038240504047	(4, 1.485)	2	3	3
r2i1251p1f1	1897-08-26	3	1.446	1.68	1.182	2.141669160742786	1.965972149383562	(3, 1.446)	2	3	3
r2i1251p1f1	1898-06-27	3	1.272	1.38	0.66	2.0293982396318806	1.4882778156924215	(3, 1.272)	1	1	1
r2i1251p1f1	1898-07-15	3	1.246	1.346	0.583	2.011484640358179	1.3936067757387784	(3, 1.246)	1	1	1
r2i1251p1f1	1898-08-06	6	1.545	1.878	2.96	3.165760657798024	3.7955552056858486	(6, 1.545)	2	2	0
r2i1251p1f1	1899-06-02	4	1.71	1.955	2.63	2.6864860231863696	3.092858984284714	(4, 1.71)	2	2	0
r2i1251p1f1	1899-07-27	3	1.474	1.709	1.266	2.1586141021623466	2.025292722467937	(3, 1.474)	2	3	3
r2i1251p1f1	1900-06-02	3	1.35	1.508	0.894	2.081290552536939	1.730834015919441	(3, 1.35)	1	1	3
r2i1251p1f1	1900-06-20	6	1.596	1.926	3.261	3.1968884147683996	3.890323593040791	(6, 1.596)	2	2	0
r2i1251p1f1	1903-06-19	7	1.41	1.641	2.506	3.3000341723917663	3.858870499539509	(7, 1.41)	2	3	2
r2i1251p1f1	1903-07-12	3	1.848	2.258	2.388	2.361088848743108	2.5958822701041413	(3, 1.848)	2	2	0
r2i1251p1f1	1905-06-09	3	1.315	1.534	0.789	2.058337974099738	1.629194315429705	(3, 1.315)	1	1	1
r2i1251p1f1	1908-08-07	15	1.237	1.552	2.767	4.288583792655708	5.086040642957699	(15, 1.237)	0	0	2
r2i1251p1f1	1909-06-06	8	1.461	1.758	3.275	3.5280842215506034	4.318884347259531	(8, 1.461)	2	3	2
r2i1251p1f1	1910-06-25	10	1.638	2.048	5.857	3.966475358130048	5.226899785806964	(10, 1.638)	0	0	4
r2i1251p1f1	1910-07-17	3	1.213	1.32	0.484	1.9882760330494176	1.2570218217175886	(3, 1.213)	1	1	1
r2i1251p1f1	1910-08-06	4	1.721	2.171	2.676	2.6924626777604965	3.1094180379578074	(4, 1.721)	2	2	0
r2i1251p1f1	1913-07-11	4	1.216	1.43	0.657	2.3728571459793772	1.83354100324301	(4, 1.216)	1	1	1
r2i1251p1f1	1913-08-21	3	1.277	1.336	0.675	2.0328066751850744	1.505721130733336	(3, 1.277)	1	1	1
r2i1251p1f1	1914-06-20	4	1.075	1.143	0.093	2.2617630984737906	0.5561813254867879	(4, 1.075)	1	1	1
r2i1251p1f1	1915-06-08	3	1.27	1.397	0.655	2.0280316058632835	1.4823951003662912	(3, 1.27)	1	1	1
r2i1251p1f1	1915-06-19	3	1.31	1.378	0.772	2.055015601727822	1.6117212377276255	(3, 1.31)	1	1	1
r2i1251p1f1	1915-08-12	4	1.444	1.66	1.566	2.5298800154307313	2.6047616115962793	(4, 1.444)	2	3	3
r2i1251p1f1	1915-08-19	3	1.259	1.368	0.62	2.020481551588581	1.4402176383123728	(3, 1.259)	1	1	1
r2i1251p1f1	1916-07-21	3	1.376	1.514	0.972	2.0980063607618704	1.800167382597555	(3, 1.376)	1	1	3
r2i1251p1f1	1916-07-26	8	1.626	1.996	4.593	3.632102203940375	4.653271791933557	(8, 1.626)	0	0	0
r2i1251p1f1	1917-06-14	8	1.356	2.065	2.429	3.455773235112308	4.0246728154955616	(8, 1.356)	2	3	2
r2i1251p1f1	1917-07-07	4	1.129	1.255	0.309	2.305779983890565	1.2447307967981036	(4, 1.129)	1	1	1
r2i1251p1f1	1918-08-18	5	1.202	1.298	0.75	2.6699168489952196	2.239139831696678	(5, 1.202)	1	1	1
r2i1251p1f1	1920-08-05	3	1.714	1.988	1.986	2.293161353971495	2.426532088931729	(3, 1.714)	2	2	0
r2i1251p1f1	1921-07-14	6	1.245	1.339	1.158	2.959985315607432	2.891429794248112	(6, 1.245)	1	1	1
r2i1251p1f1	1921-07-23	3	1.507	1.69	1.364	2.1782231551049995	2.090326077682387	(3, 1.507)	2	3	3
r2i1251p1f1	1921-07-28	3	1.48	1.669	1.284	2.1622081038610697	2.0375590515374253	(3, 1.48)	2	3	3
r2i1251p1f1	1921-08-21	6	1.45	1.843	2.39	3.1050601431448617	3.5870040503787815	(6, 1.45)	2	3	3
r2i1251p1f1	1922-06-03	5	1.234	1.476	0.908	2.694393330535566	2.4115963123230233	(5, 1.234)	1	1	1
r2i1251p1f1	1922-06-25	3	1.241	1.361	0.567	2.0080026216671287	1.3727577592551778	(3, 1.241)	1	1	1
r2i1251p1f1	1922-06-30	4	1.392	1.555	1.358	2.4961762420462312	2.473508604835631	(4, 1.392)	1	3	3
r2i1251p1f1	1922-08-21	3	1.309	1.365	0.772	2.054349800617799	1.6117212377276255	(3, 1.309)	1	1	1
r2i1251p1f1	1923-06-23	3	1.233	1.356	0.541	2.0024060492939144	1.3379227052932496	(3, 1.233)	1	1	1
r2i1251p1f1	1926-06-21	6	1.469	1.806	2.499	3.1174985917472156	3.6303932262649505	(6, 1.469)	2	3	3
r2i1251p1f1	1926-08-15	7	1.312	1.643	1.817	3.23074826928953	3.5453355582660078	(7, 1.312)	2	3	2
r2i1251p1f1	1926-08-24	3	1.52	1.996	1.403	2.185843579048409	2.1150743173498676	(3, 1.52)	2	3	3
r2i1251p1f1	1928-07-23	10	1.77	2.314	7.175	4.042565440804275	5.428878072812194	(10, 1.77)	0	0	4
r2i1251p1f1	1930-07-28	3	1.153	1.194	0.303	1.9446470292811249	0.9456297756327512	(3, 1.153)	1	1	1
r2i1251p1f1	1930-08-03	5	1.39	1.601	1.688	2.805822344369101	2.98933252528566	(5, 1.39)	2	3	3
r2i1251p1f1	1932-07-04	4	1.224	1.295	0.689	2.3788051189054547	1.8736466287002391	(4, 1.224)	1	1	1
r2i1251p1f1	1933-06-05	7	1.214	1.48	1.136	3.156302076999776	3.0928142657524424	(7, 1.214)	1	1	1
r2i1251p1f1	1933-08-12	6	1.614	2.062	3.371	3.2076473677917297	3.922831968294539	(6, 1.614)	2	2	0
r2i1251p1f1	1934-07-08	5	1.557	2.004	2.526	2.912773901387395	3.375590251685468	(5, 1.557)	2	2	0
r2i1251p1f1	1934-08-19	4	1.497	1.761	1.781	2.563101497373057	2.724448346911846	(4, 1.497)	2	3	3
r2i1251p1f1	1935-07-02	5	1.495	1.9	2.216	2.8743896173734145	3.2494295956807266	(5, 1.495)	2	3	3
r2i1251p1f1	1936-06-08	5	1.405	1.676	1.764	2.815910242856531	3.031201707600973	(5, 1.405)	2	3	3
r2i1251p1f1	1936-07-09	10	1.604	2.523	5.524	3.945901274435404	5.168688167298097	(10, 1.604)	0	0	4
r2i1251p1f1	1939-08-24	3	1.447	1.591	1.184	2.1422793074686015	1.96742621912213	(3, 1.447)	2	3	3
r2i1251p1f1	1940-07-14	3	1.299	1.365	0.741	2.047667294277063	1.5790506498304957	(3, 1.299)	1	1	1
r2i1251p1f1	1940-08-16	4	1.308	1.589	1.023	2.4392116905258705	2.2174628395772107	(4, 1.308)	1	3	3
r2i1251p1f1	1941-07-04	6	1.368	1.57	1.895	3.0495294914233604	3.362134199782256	(6, 1.368)	2	3	3
r2i1251p1f1	1943-06-26	12	1.583	1.929	6.376	4.2017640709155355	5.583666755824024	(12, 1.583)	0	0	4
r2i1251p1f1	1943-07-31	6	2.166	2.893	6.681	3.49145142792719	4.597039681121667	(6, 2.166)	0	2	4
r2i1251p1f1	1945-06-01	5	1.161	1.322	0.544	2.6376545325400946	1.9575711656104342	(5, 1.161)	1	1	1
r2i1251p1f1	1945-07-01	3	1.107	1.142	0.163	1.9098596000764794	0.6135479988357051	(3, 1.107)	1	1	1
r2i1251p1f1	1945-08-07	3	1.485	1.922	1.297	2.165193269654166	2.0463254175420507	(3, 1.485)	2	3	3
r2i1251p1f1	1945-08-14	5	1.542	1.99	2.448	2.9036215957388096	3.3453136390105676	(5, 1.542)	2	2	0
r2i1251p1f1	1946-06-07	3	1.104	1.155	0.154	1.907548262098765	0.5879019210914366	(3, 1.104)	1	1	1
r2i1251p1f1	1947-07-20	4	1.348	1.55	1.184	2.4667426791603293	2.3487050286075988	(4, 1.348)	1	3	3
r2i1251p1f1	1949-07-08	4	1.552	1.69	2.001	2.5964480245209076	2.833683821599592	(4, 1.552)	2	3	3
r2i1251p1f1	1950-06-25	3	1.249	1.466	0.591	2.01356804665576	1.4038705121021573	(3, 1.249)	1	1	1
r2i1251p1f1	1950-08-17	3	1.27	1.428	0.654	2.0280316058632835	1.4812143931105761	(3, 1.27)	1	1	1
r2i1251p1f1	1951-08-04	6	1.461	1.786	2.454	3.1122801950035255	3.612707849554707	(6, 1.461)	2	3	3
r2i1251p1f1	1951-08-15	5	1.528	1.776	2.379	2.895003202186707	3.317744342358973	(5, 1.528)	2	3	3
r2i1251p1f1	1952-06-28	9	1.37	1.753	2.865	3.6373229671995344	4.36124978297518	(9, 1.37)	2	3	2
r2i1251p1f1	1953-08-29	3	1.286	1.427	0.703	2.038912735373727	1.5374896394392314	(3, 1.286)	1	1	1
r2i1251p1f1	1954-07-28	6	1.202	1.291	0.901	2.9266886878321094	2.6561912414569924	(6, 1.202)	1	1	1
r2i1251p1f1	1954-08-07	3	1.616	1.682	1.692	2.24038860742554	2.281554481754512	(3, 1.616)	2	3	3
r2i1251p1f1	1955-06-27	7	1.375	1.572	2.261	3.275836570890806	3.758272718771293	(7, 1.375)	2	3	2
r2i1251p1f1	1958-07-01	5	1.184	1.315	0.66	2.6558809039642464	2.125731478807423	(5, 1.184)	1	1	1
r2i1251p1f1	1960-06-07	6	1.153	1.303	0.604	2.887343290078549	2.2902038434632823	(6, 1.153)	1	1	1
r2i1251p1f1	1960-07-04	3	1.423	1.598	1.113	2.127532044180204	1.914466310658481	(3, 1.423)	1	3	3
r2i1251p1f1	1960-08-10	3	1.295	1.429	0.729	2.044981737754121	1.5661117676770642	(3, 1.295)	1	1	1
r2i1251p1f1	1961-06-19	4	1.284	1.453	0.927	2.422321774596379	2.130134655995354	(4, 1.284)	1	1	1
r2i1251p1f1	1961-07-28	4	1.238	1.419	0.745	2.3891296943942315	1.9401794743463283	(4, 1.238)	1	1	1
r2i1251p1f1	1961-08-12	5	1.4	1.786	1.737	2.812558904620976	3.0165270743942383	(5, 1.4)	2	3	3
r2i1251p1f1	1961-08-26	5	1.195	1.434	0.716	2.6644818112970086	2.1977936775290083	(5, 1.195)	1	1	1
r2i1251p1f1	1962-06-13	4	1.206	1.36	0.615	2.3653720810928105	1.7783364488959144	(4, 1.206)	1	1	1
r2i1251p1f1	1962-07-28	8	1.338	1.784	2.289	3.442834530039275	3.9664005313387887	(8, 1.338)	2	3	2
r2i1251p1f1	1962-08-28	4	1.276	1.327	0.897	2.416627809034706	2.1012030334613487	(4, 1.276)	1	1	1
r2i1251p1f1	1965-07-26	5	1.323	1.512	1.357	2.759477499017757	2.7832641136467724	(5, 1.323)	1	3	3
r2i1251p1f1	1966-07-18	3	1.385	1.534	0.998	2.1037281090948614	1.8222498952796893	(3, 1.385)	1	3	3
r2i1251p1f1	1967-06-20	6	1.466	1.94	2.485	3.115544882788335	3.624924551035468	(6, 1.466)	2	3	0
r2i1251p1f1	1967-07-16	7	1.281	1.524	1.602	3.207792713716798	3.4232672147560783	(7, 1.281)	1	3	2
r2i1251p1f1	1967-08-12	4	1.563	1.925	2.045	2.6029859378536013	2.854168709232204	(4, 1.563)	2	2	0
r2i1251p1f1	1969-07-18	3	1.775	2.063	2.168	2.324656766635255	2.5067707498429366	(3, 1.775)	2	2	0
r2i1251p1f1	1969-08-13	3	1.241	1.377	0.567	2.0080026216671287	1.3727577592551778	(3, 1.241)	1	1	1
r2i1251p1f1	1969-08-29	3	1.266	1.317	0.643	2.025292722467937	1.4681337632632208	(3, 1.266)	1	1	1
r2i1251p1f1	1970-07-04	3	1.246	1.415	0.582	2.011484640358179	1.392316369876498	(3, 1.246)	1	1	1
r2i1251p1f1	1972-06-06	4	1.324	1.456	1.087	2.450315205018381	2.2717134293269585	(4, 1.324)	1	1	1
r2i1251p1f1	1972-06-14	4	1.086	1.132	0.135	2.2708880062507912	0.7323678937132266	(4, 1.086)	1	1	1
r2i1251p1f1	1972-08-25	4	1.494	1.668	1.766	2.561250216375334	2.7165473313561566	(4, 1.494)	2	3	3
r2i1251p1f1	1973-06-02	9	1.613	1.893	5.045	3.7966346003540083	4.921549038761821	(9, 1.613)	0	0	4
r2i1251p1f1	1974-07-20	10	1.327	1.641	2.749	3.760349161884684	4.476552562465118	(10, 1.327)	2	3	2
r2i1251p1f1	1974-08-09	3	1.156	1.257	0.311	1.9468742842202946	0.9616477346115992	(3, 1.156)	1	1	1
r2i1251p1f1	1976-07-24	9	1.494	1.928	3.978	3.721782173789644	4.6858834380272665	(9, 1.494)	0	0	2
r2i1251p1f1	1976-08-20	3	1.374	1.434	0.965	2.0967304028960037	1.794137820026899	(3, 1.374)	1	1	3
r2i1251p1f1	1977-06-29	4	1.128	1.311	0.304	2.304982217593767	1.233143181625716	(4, 1.128)	1	1	1
r2i1251p1f1	1980-08-11	4	1.592	2.032	2.16	2.6200201235951743	2.905807566026004	(4, 1.592)	2	2	0
r2i1251p1f1	1981-07-08	3	1.067	1.07	0.043	1.878593621977004	0.20166211180900986	(3, 1.067)	1	1	1
r2i1251p1f1	1981-08-09	3	1.305	1.628	0.758	2.0516821543923536	1.5970988050799664	(3, 1.305)	1	1	3
r2i1251p1f1	1982-07-02	5	1.305	1.457	1.266	2.7466517195931477	2.7182849995812974	(5, 1.305)	1	1	1
r2i1251p1f1	1982-08-26	4	1.486	1.65	1.735	2.5562966458746734	2.700018029404946	(4, 1.486)	2	3	3
r2i1251p1f1	1984-06-10	10	1.434	1.932	3.821	3.836157895111591	4.802631796527426	(10, 1.434)	0	0	2
r2i1251p1f1	1984-07-01	5	1.412	1.554	1.797	2.8205833272471477	3.048849765029036	(5, 1.412)	2	3	3
r2i1251p1f1	1986-08-01	9	1.332	1.725	2.517	3.609944466025794	4.233512125090202	(9, 1.332)	2	3	2
r2i1251p1f1	1989-08-03	7	1.386	1.579	2.337	3.2835048126616155	3.7905747893950914	(7, 1.386)	2	3	2
r2i1251p1f1	1991-06-10	12	1.28	1.45	2.737	3.9928395823602125	4.74297328453803	(12, 1.28)	2	3	2
r2i1251p1f1	1991-07-04	8	1.634	1.954	4.658	3.6368806312860906	4.667191557791814	(8, 1.634)	0	0	0
r2i1251p1f1	1995-07-05	3	1.066	1.161	0.041	1.8777993092709364	0.19313145980132568	(3, 1.066)	1	1	1
r2i1251p1f1	1996-07-18	3	1.593	1.845	1.621	2.2275889675581926	2.243149590847787	(3, 1.593)	2	3	3
r2i1251p1f1	1996-07-31	3	1.255	1.445	0.609	2.0177218825479337	1.426585853051329	(3, 1.255)	1	1	1
r2i1251p1f1	1997-07-02	3	1.518	1.735	1.398	2.184674979251309	2.111935484477859	(3, 1.518)	2	3	3
r2i1251p1f1	1997-08-21	3	1.423	1.628	1.114	2.127532044180204	1.9152320367430575	(3, 1.423)	2	3	3
r2i1251p1f1	1999-07-03	4	1.642	1.899	2.358	2.648724735017395	2.9889090482058656	(4, 1.642)	2	2	0
r2i1251p1f1	1999-07-27	3	1.182	1.343	0.39	1.965972149383562	1.1074066529217297	(3, 1.182)	1	1	1
r2i1251p1f1	2000-08-25	5	1.48	1.779	2.138	2.864877469012313	3.2150110333522406	(5, 1.48)	2	3	3
r2i1251p1f1	2001-07-22	9	1.874	2.925	7.399	3.9434829120464183	5.302174916625334	(9, 1.874)	0	0	4
r2i1251p1f1	2001-08-23	5	1.501	1.613	2.245	2.8781692858116847	3.261930067090174	(5, 1.501)	2	3	3
r2i1251p1f1	2003-07-27	5	1.166	1.344	0.569	2.641645143251329	1.996279120128738	(5, 1.166)	1	1	1
r2i1251p1f1	2005-08-26	8	1.426	1.591	2.995	3.504556795623989	4.230754718399508	(8, 1.426)	2	3	2
r2i1251p1f1	2006-08-21	3	1.324	1.633	0.816	2.0642905691200095	1.65633302058119	(3, 1.324)	1	3	3
r2i1251p1f1	2007-06-11	13	1.467	1.87	5.397	4.245081828323776	5.537212539286509	(13, 1.467)	0	0	4
r2i1251p1f1	2007-07-23	3	1.56	1.728	1.523	2.208933293053824	2.187593922179111	(3, 1.56)	2	3	3
r2i1251p1f1	2007-08-06	4	1.535	1.824	1.93	2.5862591440482876	2.7997173896280336	(4, 1.535)	2	3	3
r2i1251p1f1	2007-08-23	4	1.195	1.276	0.572	2.3570732782781154	1.7184716734582226	(4, 1.195)	1	1	1
r2i1251p1f1	2008-07-08	4	1.699	2.217	2.586	2.6804734333319757	3.076759112196364	(4, 1.699)	2	2	0
r2i1251p1f1	2009-06-14	3	1.181	1.201	0.386	1.9652443208753656	1.100515421616143	(3, 1.181)	1	1	1
r2i1251p1f1	2009-08-28	3	1.191	1.301	0.418	1.972498877229363	1.1543596911246021	(3, 1.191)	1	1	1
r2i1281p1f1	1852-06-11	3	1.203	1.428	0.489	1.9811354412044515	1.2643861665684624	(3, 1.203)	1	1	1
r2i1281p1f1	1852-08-09	3	1.324	1.462	0.853	2.0642905691200095	1.6923659335664056	(3, 1.324)	1	1	1
r2i1281p1f1	1853-06-26	8	1.502	1.806	3.698	3.5549588523559423	4.438834429411325	(8, 1.502)	2	2	2
r2i1281p1f1	1853-07-11	6	1.489	1.904	2.692	3.130426674211007	3.7028848768442404	(6, 1.489)	2	3	0
r2i1281p1f1	1853-08-29	3	1.37	1.636	0.99	2.0941735925475293	1.8155070660787613	(3, 1.37)	1	3	3
r2i1281p1f1	1855-07-18	3	1.142	1.264	0.307	1.9364377221875966	0.9536708266555438	(3, 1.142)	1	1	1
r2i1281p1f1	1855-08-22	5	1.436	1.495	1.978	2.836441544185978	3.140469310790068	(5, 1.436)	2	3	3
r2i1281p1f1	1856-06-08	5	1.235	1.394	0.975	2.6951486502583273	2.4766082624091137	(5, 1.235)	1	1	1
r2i1281p1f1	1856-07-13	3	1.381	1.464	1.024	2.101189150752198	1.8438552876418735	(3, 1.381)	1	1	3
r2i1281p1f1	1858-06-23	3	1.171	1.237	0.393	1.9579367511104981	1.1125440895812542	(3, 1.171)	1	1	1
r2i1281p1f1	1861-07-30	4	1.679	2.236	2.554	2.669447963320268	3.0648851322423076	(4, 1.679)	2	2	0
r2i1281p1f1	1862-06-28	7	1.108	1.202	0.478	3.0690035142885246	2.287743893888708	(7, 1.108)	1	1	1
r2i1281p1f1	1863-07-17	3	1.146	1.192	0.316	1.9394307280744352	0.9715302127344428	(3, 1.146)	1	1	1
r2i1281p1f1	1863-08-22	4	1.185	1.359	0.579	2.349468678892896	1.728464618855741	(4, 1.185)	1	1	1
r2i1281p1f1	1865-07-16	3	1.171	1.361	0.394	1.9579367511104981	1.1142507199926883	(3, 1.171)	1	1	1
r2i1281p1f1	1865-08-13	3	1.253	1.342	0.64	2.0163391868484126	1.4645364218009906	(3, 1.253)	1	1	1
r2i1281p1f1	1866-06-11	3	1.284	1.37	0.731	2.0375590515374253	1.568279907510036	(3, 1.284)	1	1	1
r2i1281p1f1	1866-06-19	6	1.236	1.368	1.173	2.953107401309256	2.903590054991261	(6, 1.236)	1	1	1
r2i1281p1f1	1867-06-13	3	1.386	1.437	1.038	2.1043618427217843	1.8552984620613318	(3, 1.386)	1	1	3
r2i1281p1f1	1867-08-14	3	1.21	1.29	0.509	1.986139204138294	1.2933129031053585	(3, 1.21)	1	1	1
r2i1281p1f1	1870-07-20	5	1.273	1.393	1.163	2.723436074295135	2.6392526883287366	(5, 1.273)	1	1	1
r2i1281p1f1	1870-08-18	4	1.615	2.063	2.298	2.6333266549062735	2.9644479835142246	(4, 1.615)	2	2	0
r2i1281p1f1	1872-08-25	6	1.269	1.401	1.376	2.9780984526751144	3.0550849016195283	(6, 1.269)	1	1	1
r2i1281p1f1	1873-06-19	4	1.473	1.632	1.733	2.548194389023919	2.698942182071483	(4, 1.473)	2	3	3
r2i1281p1f1	1874-06-10	4	1.185	1.343	0.582	2.349468678892896	1.7327169285942716	(4, 1.185)	1	1	1
r2i1281p1f1	1875-06-03	4	1.16	1.272	0.478	2.330200260027019	1.5736034594248842	(4, 1.16)	1	1	1
r2i1281p1f1	1876-06-15	4	1.339	1.595	1.194	2.4606139572189556	2.3563154154150134	(4, 1.339)	1	3	3
r2i1281p1f1	1877-07-23	4	1.426	1.58	1.545	2.5183414258742376	2.5922651681085	(4, 1.426)	2	3	3
r2i1281p1f1	1879-08-09	5	1.491	1.735	2.256	2.871861878402808	3.2666310455234497	(5, 1.491)	2	3	3
r2i1281p1f1	1881-08-02	3	1.697	2.043	1.972	2.2842042619223974	2.4200847620683534	(3, 1.697)	2	2	0
r2i1281p1f1	1882-07-08	3	1.214	1.463	0.52	1.9889872958811943	1.3088730142073226	(3, 1.214)	1	1	1
r2i1281p1f1	1884-08-13	3	1.146	1.264	0.319	1.9394307280744352	0.9774131583651543	(3, 1.146)	1	1	1
r2i1281p1f1	1885-06-01	6	1.735	2.202	4.168	3.277114099404969	4.131268400594899	(6, 1.735)	0	2	0
r2i1281p1f1	1885-07-06	7	1.27	1.408	1.61	3.1995188477940677	3.428086515926617	(7, 1.27)	1	3	1
r2i1281p1f1	1886-07-02	7	1.595	2.017	3.882	3.4190311893604277	4.289028913319809	(7, 1.595)	0	2	0
r2i1281p1f1	1886-07-28	5	1.298	1.484	1.291	2.741619150905877	2.73656112731346	(5, 1.298)	1	1	1
r2i1281p1f1	1886-08-13	3	1.715	2.209	2.025	2.293685751557096	2.444276360500578	(3, 1.715)	2	2	0
r2i1281p1f1	1886-08-25	4	1.504	1.719	1.856	2.567407871299744	2.7630433093962496	(4, 1.504)	2	3	3
r2i1281p1f1	1888-06-16	3	1.216	1.29	0.529	1.9904083056570567	1.3214263541376352	(3, 1.216)	1	1	1
r2i1281p1f1	1889-06-01	3	1.116	1.211	0.227	1.9167617321445913	0.7791076972350053	(3, 1.116)	1	1	1
r2i1281p1f1	1889-06-11	5	1.189	1.33	0.745	2.6597995801896714	2.233165689432369	(5, 1.189)	1	1	1
r2i1281p1f1	1890-06-09	5	1.39	1.568	1.749	2.805822344369101	3.023075733601878	(5, 1.39)	2	3	3
r2i1281p1f1	1890-08-23	5	1.148	1.484	0.538	2.6272037954445886	1.9480539722054848	(5, 1.148)	1	1	1
r2i1281p1f1	1891-06-29	5	1.55	1.774	2.551	2.908513247313477	3.3851034683786523	(5, 1.55)	2	3	3
r2i1281p1f1	1891-07-18	3	1.435	1.638	1.185	2.134932860799873	1.9681524618896862	(3, 1.435)	2	3	3
r2i1281p1f1	1891-08-02	4	1.062	1.156	0.088	2.250870657307367	0.532978428407124	(4, 1.062)	1	1	1
r2i1281p1f1	1891-08-27	6	1.465	1.722	2.547	3.11489279732958	3.6489191259924496	(6, 1.465)	2	3	3
r2i1281p1f1	1892-06-06	5	1.35	1.515	1.55	2.778412906709986	2.908513247313477	(5, 1.35)	1	3	3
r2i1281p1f1	1892-08-29	5	1.316	1.545	1.378	2.754509224364745	2.797678107628192	(5, 1.316)	1	3	3
r2i1281p1f1	1893-06-26	3	1.186	1.2	0.438	1.968878177611425	1.1865971464659641	(3, 1.186)	1	1	1
r2i1281p1f1	1893-07-12	9	1.704	2.111	5.977	3.850317799991467	5.089933109021446	(9, 1.704)	0	0	4
r2i1281p1f1	1895-08-04	12	1.611	2.188	6.857	4.219037188968995	5.65613214118286	(12, 1.611)	0	0	4
r2i1281p1f1	1896-06-30	3	1.268	1.386	0.684	2.0266631018505987	1.5160429140673506	(3, 1.268)	1	1	1
r2i1281p1f1	1898-07-04	3	1.207	1.323	0.501	1.9839977994098914	1.281842422518679	(3, 1.207)	1	1	1
r2i1281p1f1	1899-08-13	5	1.341	1.514	1.505	2.7721408587849203	2.8806811514224093	(5, 1.341)	1	3	3
r2i1281p1f1	1900-06-01	10	1.397	1.738	3.573	3.8105885264050228	4.736094765807503	(10, 1.397)	0	0	2
r2i1281p1f1	1900-07-18	6	1.402	1.678	2.171	3.072929755082743	3.4936870235317543	(6, 1.402)	2	3	3
r2i1281p1f1	1902-07-26	9	1.75	2.551	6.386	3.876395827784995	5.155727930577704	(9, 1.75)	0	0	4
r2i1281p1f1	1902-08-13	8	1.483	2.044	3.545	3.542594491002223	4.397090025708268	(8, 1.483)	0	2	2
r2i1281p1f1	1903-06-04	3	1.33	1.393	0.871	2.0682393712801277	1.709436857356783	(3, 1.33)	1	1	1
r2i1281p1f1	1903-06-24	6	1.367	1.569	1.962	3.0488328900901247	3.3956953817835607	(6, 1.367)	2	3	3
r2i1281p1f1	1903-07-19	6	1.403	1.884	2.176	3.07360977677472	3.4959176323948764	(6, 1.403)	2	3	3
r2i1281p1f1	1904-06-25	4	1.574	1.977	2.134	2.609481384369631	2.894363779165702	(4, 1.574)	2	2	0
r2i1281p1f1	1905-05-31	5	1.454	1.751	2.068	2.848172321876267	3.183080462610181	(5, 1.454)	2	3	3
r2i1281p1f1	1906-05-31	8	1.194	1.325	1.234	3.3328163192524145	3.3646105926336927	(8, 1.194)	1	1	1
r2i1281p1f1	1906-06-19	6	1.501	1.65	2.765	3.138104051842993	3.7289900316236593	(6, 1.501)	2	3	3
r2i1281p1f1	1906-06-29	3	1.333	1.522	0.878	2.070207940322535	1.7159976376371986	(3, 1.333)	1	1	3
r2i1281p1f1	1910-08-23	5	1.063	1.155	0.114	2.5560406618729825	0.821786076305	(5, 1.063)	1	1	1
r2i1281p1f1	1911-08-03	3	1.584	1.729	1.632	2.22253547436642	2.2491970539344583	(3, 1.584)	2	3	3
r2i1281p1f1	1912-08-20	7	1.701	2.216	4.626	3.481331188596677	4.4621622490494595	(7, 1.701)	0	2	0
r2i1281p1f1	1913-07-05	3	1.322	1.5	0.845	2.062970828995383	1.6846842986832788	(3, 1.322)	1	1	1
r2i1281p1f1	1913-07-23	3	1.477	1.818	1.31	2.1604127176168655	2.055015601727822	(3, 1.477)	2	3	3
r2i1281p1f1	1913-07-28	8	1.557	2.111	4.138	3.5899120220184884	4.549998343300579	(8, 1.557)	0	2	0
r2i1281p1f1	1914-07-06	7	1.481	1.637	3.086	3.347392298242465	4.063086407169216	(7, 1.481)	2	3	2
r2i1281p1f1	1914-07-15	8	1.506	1.795	3.727	3.557542509039789	4.446554020805308	(8, 1.506)	2	2	2
r2i1281p1f1	1914-08-14	3	1.346	1.48	0.918	2.078693907391348	1.7526838523822081	(3, 1.346)	1	1	3
r2i1281p1f1	1915-06-01	8	1.316	1.59	2.207	3.426789776947058	3.9306231318631912	(8, 1.316)	2	3	2
r2i1281p1f1	1920-08-22	4	1.496	1.623	1.823	2.562484784433375	2.7462447469001794	(4, 1.496)	2	3	3
r2i1281p1f1	1922-06-09	3	1.172	1.185	0.395	1.958669915800558	1.1159544427782997	(3, 1.172)	1	1	1
r2i1281p1f1	1922-07-12	3	1.184	1.292	0.433	1.96742621912213	1.1786346881452736	(3, 1.184)	1	1	1
r2i1281p1f1	1923-06-30	5	1.182	1.357	0.708	2.6543091236540386	2.1878115961684848	(5, 1.182)	1	1	1
r2i1281p1f1	1923-07-13	3	1.396	1.578	1.068	2.110677187487719	1.879387304251124	(3, 1.396)	1	3	3
r2i1281p1f1	1923-07-31	4	1.14	1.314	0.4	2.3145136638593193	1.4350845252893227	(4, 1.14)	1	1	1
r2i1281p1f1	1923-08-15	5	1.423	1.71	1.917	2.8278829071874334	3.110520231298416	(5, 1.423)	2	3	3
r2i1281p1f1	1925-07-30	4	1.181	1.326	0.562	2.3464105725340754	1.7040205549200482	(4, 1.181)	1	1	1
r2i1281p1f1	1927-06-23	7	1.724	1.918	4.786	3.4943515061799473	4.495778895698482	(7, 1.724)	0	2	0
r2i1281p1f1	1927-08-10	3	1.748	2.211	2.124	2.3108383841837994	2.4879543130930895	(3, 1.748)	2	2	0
r2i1281p1f1	1928-07-07	3	1.302	1.436	0.787	2.049676739221073	1.6271544352619451	(3, 1.302)	1	1	1
r2i1281p1f1	1928-07-24	5	1.454	1.949	2.072	2.848172321876267	3.184932792893513	(5, 1.454)	2	3	3
r2i1281p1f1	1931-07-11	3	1.391	1.577	1.052	2.107524500543906	1.866612170346783	(3, 1.391)	1	3	3
r2i1281p1f1	1932-08-24	12	1.459	2.047	5.028	4.121464974553277	5.347155315532668	(12, 1.459)	0	0	4
r2i1281p1f1	1933-07-07	3	1.189	1.353	0.447	1.9710521701375956	1.2007717262228672	(3, 1.189)	1	1	1
r2i1281p1f1	1934-08-08	3	1.592	1.846	1.656	2.227028727789076	2.262265931615575	(3, 1.592)	2	3	3
r2i1281p1f1	1934-08-18	4	1.456	1.842	1.663	2.537499099907171	2.6605392184311585	(4, 1.456)	2	3	3
r2i1281p1f1	1935-08-07	5	1.402	1.595	1.81	2.8139007879919227	3.0557174060641588	(5, 1.402)	2	3	3
r2i1281p1f1	1937-06-10	3	1.218	1.225	0.533	1.991827299029127	1.326955429670287	(3, 1.218)	1	1	1
r2i1281p1f1	1937-07-05	14	1.528	1.991	6.835	4.394961798777229	5.883431561749827	(14, 1.528)	0	0	4
r2i1281p1f1	1937-07-30	3	1.375	1.526	1.005	2.097368585337483	1.8281128037140733	(3, 1.375)	1	3	3
r2i1281p1f1	1939-06-21	6	1.522	1.833	2.894	3.1513992459896194	3.773517890469226	(6, 1.522)	2	2	0
r2i1281p1f1	1941-07-18	3	1.252	1.375	0.636	2.0156471213943736	1.459719747345878	(3, 1.252)	1	1	1
r2i1281p1f1	1941-08-03	3	1.538	1.861	1.495	2.1962999751480803	2.1711369998729504	(3, 1.538)	2	3	3
r2i1281p1f1	1941-08-26	6	1.338	1.632	1.789	3.0284174290477752	3.3066237701560572	(6, 1.338)	2	3	3
r2i1281p1f1	1943-06-03	4	1.158	1.243	0.473	2.3286426273133354	1.5652770166483305	(4, 1.158)	1	1	1
r2i1281p1f1	1944-06-04	3	1.132	1.256	0.275	1.9289157796740044	0.887455737113426	(3, 1.132)	1	1	1
r2i1281p1f1	1944-07-07	3	1.125	1.152	0.256	1.9236165511600132	0.8459605466729375	(3, 1.125)	1	1	1
r2i1281p1f1	1944-08-17	6	1.544	1.874	3.023	3.165140518654081	3.816147254719973	(6, 1.544)	2	2	0
r2i1281p1f1	1945-06-22	8	1.321	1.545	2.244	3.4304589829256678	3.9469252486182627	(8, 1.321)	2	3	2
r2i1281p1f1	1945-07-12	4	1.59	1.881	2.2	2.6188546222977394	2.9231615807191558	(4, 1.59)	2	2	0
r2i1281p1f1	1946-06-22	7	1.361	1.7	2.248	3.2659911678983136	3.752641329151996	(7, 1.361)	2	3	2
r2i1281p1f1	1946-07-16	4	1.803	2.254	3.053	2.73592473786819	3.2356936097943603	(4, 1.803)	2	2	0
r2i1281p1f1	1946-07-26	4	1.223	1.371	0.732	2.3780635541699513	1.9251241812954787	(4, 1.223)	1	1	1
r2i1281p1f1	1947-08-04	5	1.364	1.7	1.621	2.788091899947457	2.950909105715357	(5, 1.364)	2	3	3
r2i1281p1f1	1949-08-06	8	1.499	1.898	3.67	3.5530167197359024	4.431324055673337	(8, 1.499)	2	2	2
r2i1281p1f1	1950-06-07	4	1.703	1.922	2.651	2.6826640147117944	3.100452584324394	(4, 1.703)	2	2	0
r2i1281p1f1	1950-07-15	5	1.157	1.357	0.583	2.6344505381872394	2.0173185214578293	(5, 1.157)	1	1	1
r2i1281p1f1	1950-08-22	6	1.263	1.456	1.34	2.973600833488488	3.0298388515892083	(6, 1.263)	1	1	1
r2i1281p1f1	1952-07-28	3	1.698	2.002	1.972	2.2847333764364604	2.4200847620683534	(3, 1.698)	2	2	0
r2i1281p1f1	1953-07-12	4	1.473	1.698	1.732	2.548194389023919	2.6984038240504047	(4, 1.473)	2	3	3
r2i1281p1f1	1954-06-22	3	1.208	1.297	0.504	1.984712110619881	1.2861592859929931	(3, 1.208)	1	1	1
r2i1281p1f1	1954-07-20	7	1.556	1.742	3.613	3.3950962502238164	4.2182377286285515	(7, 1.556)	2	2	2
r2i1281p1f1	1954-08-24	4	1.367	1.563	1.307	2.479559043461405	2.4385136102182896	(4, 1.367)	1	3	3
r2i1281p1f1	1955-06-18	5	1.188	1.256	0.738	2.659017072463714	2.2247414728928736	(5, 1.188)	1	1	1
r2i1281p1f1	1958-08-22	5	1.591	1.893	2.756	2.9332141506239635	3.4598755371634105	(5, 1.591)	2	2	0
r2i1281p1f1	1959-05-31	8	1.416	1.591	3.005	3.4977317351668176	4.23403966292715	(8, 1.416)	2	3	2
r2i1281p1f1	1959-06-22	8	1.216	1.388	1.41	3.3504281278196486	3.4936142272981257	(8, 1.216)	1	1	1
r2i1281p1f1	1959-07-03	7	1.636	2.082	4.171	3.443590749386581	4.3598832831406416	(7, 1.636)	0	2	0
r2i1281p1f1	1959-07-14	3	1.326	1.552	0.857	2.0656085698259683	1.6961847359134596	(3, 1.326)	1	1	3
r2i1281p1f1	1959-08-13	11	1.774	2.281	8.074	4.185412668642392	5.688881044888922	(11, 1.774)	0	0	4
r2i1281p1f1	1960-07-08	6	1.229	1.373	1.132	2.9477250144067932	2.869995244828098	(6, 1.229)	1	1	1
r2i1281p1f1	1961-08-07	5	1.284	1.46	1.217	2.731477390002688	2.6814648306528506	(5, 1.284)	1	1	1
r2i1281p1f1	1962-08-10	3	1.267	1.411	0.682	2.0259781469017057	1.5137583739281508	(3, 1.267)	1	1	1
r2i1281p1f1	1962-08-28	3	1.344	1.556	0.911	2.077393051971457	1.7463601496317653	(3, 1.344)	1	1	3
r2i1281p1f1	1964-08-21	5	1.455	1.559	2.073	2.8488200143214515	3.185395339846767	(5, 1.455)	2	3	3
r2i1281p1f1	1965-07-05	4	1.873	2.292	3.333	2.771588221906198	3.320131928940935	(4, 1.873)	2	2	0
r2i1281p1f1	1966-06-26	3	1.127	1.176	0.26	1.9251334841096133	0.8548406121371308	(3, 1.127)	1	1	1
r2i1281p1f1	1966-07-13	3	1.482	1.549	1.325	2.1634032397365477	2.0649497866137057	(3, 1.482)	2	3	3
r2i1281p1f1	1967-07-03	7	1.558	1.881	3.622	3.3963377192229984	4.220689047421378	(7, 1.558)	2	2	0
r2i1281p1f1	1967-08-03	5	1.509	1.971	2.346	2.8831867233698234	3.30428542348485	(5, 1.509)	2	2	0
r2i1281p1f1	1968-06-26	5	1.494	1.697	2.27	2.8737582813906437	3.2725823238296003	(5, 1.494)	2	3	3
r2i1281p1f1	1971-08-29	3	1.387	1.637	1.042	2.1049951749847424	1.8585440324455398	(3, 1.387)	1	3	3
r2i1281p1f1	1972-08-11	6	1.589	2.148	3.295	3.192672915869643	3.9004849415331253	(6, 1.589)	2	2	0
r2i1281p1f1	1973-06-15	6	1.33	1.54	1.742	3.0227114478908437	3.2809889117004425	(6, 1.33)	1	3	3
r2i1281p1f1	1973-07-22	5	1.202	1.342	0.812	2.6699168489952196	2.3103980907484516	(5, 1.202)	1	1	1
r2i1281p1f1	1973-08-22	3	1.128	1.158	0.264	1.925891088549062	0.8636425156131448	(3, 1.128)	1	1	1
r2i1281p1f1	1979-06-13	4	1.112	1.195	0.288	2.292130635090187	1.1951338556587316	(4, 1.112)	1	1	1
r2i1281p1f1	1979-07-11	4	1.337	1.521	1.19	2.459246903007423	2.3532782073095637	(4, 1.337)	1	3	3
r2i1281p1f1	1979-07-21	8	1.402	1.94	2.899	3.4880977106603126	4.198657757788358	(8, 1.402)	2	3	2
r2i1281p1f1	1979-08-02	4	1.31	1.424	1.078	2.4406063908914204	2.264259978672378	(4, 1.31)	1	1	1
r2i1281p1f1	1980-06-25	4	1.217	1.31	0.709	2.373602580229326	1.8979196650564456	(4, 1.217)	1	1	1
r2i1281p1f1	1980-08-19	6	1.47	1.731	2.58	3.118148980769016	3.6614594693415548	(6, 1.47)	2	3	3
r2i1281p1f1	1982-06-05	4	1.494	1.783	1.814	2.561250216375334	2.741613917940351	(4, 1.494)	2	3	3
r2i1281p1f1	1983-06-05	4	1.289	1.445	0.995	2.425864109154217	2.192770226986839	(4, 1.289)	1	1	1
r2i1281p1f1	1983-08-06	3	1.254	1.362	0.641	2.017030773679079	1.4657369740698964	(3, 1.254)	1	1	1
r2i1281p1f1	1983-08-16	3	1.232	1.332	0.576	2.001704270299514	1.3845387698406983	(3, 1.232)	1	1	1
r2i1281p1f1	1984-06-15	5	1.503	1.756	2.317	2.8794260073004456	3.292306475552533	(5, 1.503)	2	3	3
r2i1281p1f1	1984-08-04	5	1.148	1.355	0.537	2.6272037954445886	1.9464589298171644	(5, 1.148)	1	1	1
r2i1281p1f1	1985-07-10	4	1.537	1.751	1.989	2.5874632381130924	2.828023429127882	(4, 1.537)	2	3	3
r2i1281p1f1	1985-07-18	4	1.531	1.776	1.962	2.583846597642904	2.8151691697748995	(4, 1.531)	2	3	3
r2i1281p1f1	1985-08-13	4	1.567	1.887	2.108	2.6053528028638673	2.8827875145378568	(4, 1.567)	2	2	0
r2i1281p1f1	1988-06-22	3	1.544	1.772	1.512	2.199761283913689	2.181160963696629	(3, 1.544)	2	3	3
r2i1281p1f1	1989-06-15	6	1.254	1.564	1.283	2.9668162471598656	2.9885148928055028	(6, 1.254)	1	3	1
r2i1281p1f1	1990-06-04	5	1.11	1.155	0.35	2.596013916827673	1.5919089663321313	(5, 1.11)	1	1	1
r2i1281p1f1	1990-07-08	3	1.754	2.062	2.141	2.313925679709114	2.4952663305931475	(3, 1.754)	2	2	0
r2i1281p1f1	1991-07-31	3	1.248	1.567	0.623	2.0128740600650636	1.443903372160198	(3, 1.248)	1	1	1
r2i1281p1f1	1991-08-21	7	1.281	1.585	1.685	3.207792713716798	3.4721725404434416	(7, 1.281)	1	3	2
r2i1281p1f1	1992-08-15	7	1.476	1.821	3.051	3.3441296418024686	4.051877304414936	(7, 1.476)	2	3	2
r2i1281p1f1	1994-06-26	4	1.07	1.124	0.118	2.25758772706331	0.6647477060382473	(4, 1.07)	1	1	1
r2i1281p1f1	1995-06-10	4	1.611	1.999	2.285	2.6310251579179944	2.9590682891823996	(4, 1.611)	2	2	0
r2i1281p1f1	1995-07-14	10	1.664	2.245	6.239	3.9819277326653495	5.289753315615108	(10, 1.664)	0	0	4
r2i1281p1f1	1996-06-07	9	1.386	1.694	3.113	3.648630212206251	4.443251076562284	(9, 1.386)	2	3	2
r2i1281p1f1	1998-07-16	5	1.257	1.512	1.087	2.7116229604290782	2.576652109103335	(5, 1.257)	1	1	1
r2i1281p1f1	2000-07-28	19	1.441	2.088	7.626	4.7903401337221725	6.449804012979213	(19, 1.441)	0	0	4
r2i1281p1f1	2000-08-29	5	1.248	1.558	1.039	2.704916240680952	2.5349954261979355	(5, 1.248)	1	1	1
r2i1281p1f1	2002-07-21	4	1.213	1.298	0.693	2.3706175033858727	1.8785485993004458	(4, 1.213)	1	1	1
r2i1281p1f1	2003-06-24	10	1.862	2.418	8.221	4.09236944683751	5.564408701629601	(10, 1.862)	0	0	4
r2i1281p1f1	2003-08-08	5	1.252	1.422	1.062	2.707902559480301	2.5551725630984348	(5, 1.252)	1	1	1
r2i1281p1f1	2006-07-24	8	1.162	1.321	0.973	3.3066324043522886	3.136210339409091	(8, 1.162)	1	1	1
r2i1281p1f1	2007-06-18	4	1.391	1.679	1.404	2.495516828900016	2.504055468626761	(4, 1.391)	2	3	3
r2i1281p1f1	2007-08-09	3	1.238	1.302	0.595	2.00590757581405	1.4089631445905442	(3, 1.238)	1	1	1
r2i1281p1f1	2010-06-24	3	1.137	1.147	0.29	1.9326838233665247	0.9190406284743298	(3, 1.137)	1	1	1
r2i1301p1f1	1851-08-07	3	1.407	1.742	1.07	2.1175783092527807	1.8809727815008697	(3, 1.407)	2	3	3
r2i1301p1f1	1852-06-08	5	1.258	1.352	1.037	2.712365382531928	2.5332214996909945	(5, 1.258)	1	1	1
r2i1301p1f1	1852-08-08	3	1.462	1.984	1.234	2.151387114550056	2.0031073361399168	(3, 1.462)	2	3	3
r2i1301p1f1	1852-08-30	3	1.473	1.747	1.268	2.158013844065666	2.0266631018505987	(3, 1.473)	2	3	3
r2i1301p1f1	1853-06-11	3	1.63	2.026	1.739	2.248100231920098	2.3061894956319393	(3, 1.63)	2	2	0
r2i1301p1f1	1855-08-19	3	1.336	1.598	0.858	2.0721726417133604	1.6971371622100757	(3, 1.336)	1	1	3
r2i1301p1f1	1857-06-08	4	1.113	1.273	0.25	2.29293871594224	1.0986122886681096	(4, 1.113)	1	1	1
r2i1301p1f1	1857-06-15	3	1.66	1.801	1.829	2.2644275687111977	2.3517335530754906	(3, 1.66)	2	2	0
r2i1301p1f1	1857-07-12	15	1.465	2.233	6.216	4.455611717848382	5.891967273448948	(15, 1.465)	0	0	4
r2i1301p1f1	1858-06-17	3	1.22	1.343	0.509	1.993244281711825	1.2933129031053585	(3, 1.22)	1	1	1
r2i1301p1f1	1858-08-20	4	1.242	1.354	0.766	2.3920600994216485	1.9640306901685083	(4, 1.242)	1	1	1
r2i1301p1f1	1859-08-12	7	1.219	1.508	1.182	3.160237556281167	3.1307414763928896	(7, 1.219)	1	1	1
r2i1301p1f1	1860-06-26	3	1.361	1.537	0.931	2.088396754709009	1.7643228207421962	(3, 1.361)	1	1	3
r2i1301p1f1	1860-07-22	4	1.423	1.669	1.49	2.5164053168473712	2.558776498354456	(4, 1.423)	2	3	3
r2i1301p1f1	1862-06-14	4	1.203	1.329	0.612	2.3631155927340783	1.7742741548870353	(4, 1.203)	1	1	1
r2i1301p1f1	1862-07-02	3	1.577	1.913	1.58	2.2185872475472697	2.2202812539084946	(3, 1.577)	2	2	3
r2i1301p1f1	1863-07-01	4	1.286	1.437	0.944	2.423740214550513	2.146165173722744	(4, 1.286)	1	1	1
r2i1301p1f1	1864-06-16	3	1.095	1.143	0.134	1.9005820205481774	0.5284402265182326	(3, 1.095)	1	1	1
r2i1301p1f1	1867-06-01	4	1.227	1.357	0.707	2.381026519300608	1.8955187035189074	(4, 1.227)	1	1	1
r2i1301p1f1	1867-07-10	3	1.723	1.897	2.017	2.2978710618201585	2.440662089392432	(3, 1.723)	2	2	0
r2i1301p1f1	1867-07-26	4	1.466	1.744	1.663	2.5438042910354857	2.6605392184311585	(4, 1.466)	2	3	3
r2i1301p1f1	1870-06-19	5	1.411	1.671	1.802	2.819917079278944	3.0514967499634276	(5, 1.411)	2	3	3
r2i1301p1f1	1870-06-27	6	1.363	1.608	1.875	3.0460416220583593	3.3518936718716175	(6, 1.363)	2	3	3
r2i1301p1f1	1870-07-29	3	1.394	1.549	1.031	2.109417305191268	1.8495932430423958	(3, 1.394)	1	3	3
r2i1301p1f1	1870-08-06	9	1.729	2.048	6.106	3.864574940240835	5.111156117312831	(9, 1.729)	0	0	4
r2i1301p1f1	1871-06-07	3	1.415	1.568	1.095	2.1225675612702424	1.9005820205481774	(3, 1.415)	1	3	3
r2i1301p1f1	1872-07-08	4	1.234	1.424	0.736	2.386190676848843	1.9297807671254297	(4, 1.234)	1	1	1
r2i1301p1f1	1873-07-09	8	1.372	1.803	2.578	3.4671354267969337	4.083173750734901	(8, 1.372)	2	3	2
r2i1301p1f1	1875-06-14	5	1.703	2.197	3.263	2.9977362057604973	3.6238461186535225	(5, 1.703)	2	2	0
r2i1301p1f1	1875-07-20	3	1.313	1.559	0.788	2.057010349436034	1.6281748954846222	(3, 1.313)	1	1	3
r2i1301p1f1	1875-08-25	5	1.778	2.256	3.639	3.0387268337022237	3.730147513547052	(5, 1.778)	2	2	0
r2i1301p1f1	1877-08-17	11	1.458	1.668	4.491	3.9925338199112677	5.105003098297154	(11, 1.458)	0	0	2
r2i1301p1f1	1880-06-25	8	1.41	1.539	2.879	3.4936142272981257	4.191839226077873	(8, 1.41)	2	3	2
r2i1301p1f1	1880-07-31	4	1.928	2.277	3.511	2.7987436797166323	3.3703257179950685	(4, 1.928)	2	2	0
r2i1301p1f1	1881-06-11	5	1.163	1.447	0.562	2.6392526883287366	1.9855910608029552	(5, 1.163)	1	1	1
r2i1301p1f1	1881-07-02	4	1.577	1.958	2.108	2.6112455718310184	2.8827875145378568	(4, 1.577)	2	2	0
r2i1301p1f1	1881-08-12	3	1.249	1.288	0.597	2.01356804665576	1.4114997681491706	(3, 1.249)	1	1	1
r2i1301p1f1	1882-06-11	4	1.294	1.409	0.976	2.4293939398577415	2.1756603994203787	(4, 1.294)	1	1	1
r2i1301p1f1	1882-07-23	3	1.519	1.866	1.407	2.185259449853035	2.1175783092527807	(3, 1.519)	2	3	3
r2i1301p1f1	1882-07-30	3	1.45	1.606	1.198	2.144107517146862	1.9775459332921197	(3, 1.45)	2	3	3
r2i1301p1f1	1882-08-21	13	1.492	1.981	5.739	4.261739611734626	5.598419603471681	(13, 1.492)	0	0	4
r2i1301p1f1	1884-07-20	3	1.418	1.748	1.103	2.1244321317676773	1.9067766274057756	(3, 1.418)	2	3	3
r2i1301p1f1	1885-06-05	3	1.028	1.082	-0.067	1.8471381497189576	-0.4279288579037456	(3, 1.028)	1	1	1
r2i1301p1f1	1887-07-08	5	1.366	1.667	1.579	2.789466997288098	2.9260475564949764	(5, 1.366)	2	3	3
r2i1301p1f1	1887-08-09	6	1.378	1.625	1.968	3.0564689452493714	3.3986466273454083	(6, 1.378)	2	3	3
r2i1301p1f1	1888-06-23	6	1.252	1.707	1.213	2.9653022897550105	2.935312530484696	(6, 1.252)	1	3	3
r2i1301p1f1	1888-07-17	3	1.617	1.764	1.701	2.240941414289114	2.2863190422766264	(3, 1.617)	2	3	3
r2i1301p1f1	1888-07-23	3	1.728	2.155	2.034	2.3004780133036835	2.44832686206068	(3, 1.728)	2	2	0
r2i1301p1f1	1888-08-24	7	1.358	1.736	2.156	3.2638687682535124	3.711855442601218	(7, 1.358)	2	3	2
r2i1301p1f1	1889-06-12	5	1.211	1.38	0.803	2.6768616282974182	2.300363920983044	(5, 1.211)	1	1	1
r2i1301p1f1	1890-08-01	4	1.463	1.797	1.653	2.54191690450478	2.654930678771549	(4, 1.463)	2	3	3
r2i1301p1f1	1890-08-24	5	1.325	1.522	1.374	2.760892484079883	2.7949485553697855	(5, 1.325)	1	3	3
r2i1301p1f1	1893-06-22	4	1.315	1.427	1.059	2.444084655267745	2.24834007814165	(4, 1.315)	1	1	1
r2i1301p1f1	1894-07-16	5	1.325	1.492	1.374	2.760892484079883	2.7949485553697855	(5, 1.325)	1	3	3
r2i1301p1f1	1895-06-24	4	1.253	1.42	0.811	2.4000747142713026	2.013301739175291	(4, 1.253)	1	1	1
r2i1301p1f1	1895-08-01	5	1.261	1.377	1.054	2.7145893474149636	2.5482005092667586	(5, 1.261)	1	1	1
r2i1301p1f1	1896-07-01	3	1.495	1.715	1.335	2.1711369998729504	2.0715181700506955	(3, 1.495)	2	3	3
r2i1301p1f1	1897-06-27	5	1.434	1.696	1.918	2.8351295891601755	3.1110185016332754	(5, 1.434)	2	3	3
r2i1301p1f1	1898-06-14	4	1.511	1.562	1.842	2.571695779860391	2.755951081086758	(4, 1.511)	2	3	3
r2i1301p1f1	1899-08-23	12	1.332	1.656	3.38	4.0319406539119385	4.952327713228409	(12, 1.332)	0	0	2
r2i1301p1f1	1900-08-20	16	1.446	1.964	6.325	4.538431913838017	6.005860427391714	(16, 1.446)	0	0	4
r2i1301p1f1	1904-06-16	3	1.146	1.201	0.286	1.9394307280744352	0.9107150537881289	(3, 1.146)	1	1	1
r2i1301p1f1	1905-08-03	3	1.397	1.614	1.039	2.1113065338966903	1.8561108427283792	(3, 1.397)	1	3	3
r2i1301p1f1	1905-08-08	3	1.572	1.748	1.565	2.2157575109488894	2.211782378854876	(3, 1.572)	2	3	3
r2i1301p1f1	1907-06-12	9	1.425	1.662	3.371	3.6756675601417057	4.521973342587533	(9, 1.425)	2	3	2
r2i1301p1f1	1908-07-09	5	1.392	1.59	1.708	2.807173291810953	3.000521811774528	(5, 1.392)	2	3	3
r2i1301p1f1	1908-07-17	8	1.459	1.836	3.274	3.526754605780612	4.3185830239211365	(8, 1.459)	2	3	2
r2i1301p1f1	1909-06-03	4	1.173	1.3	0.492	2.3402661599617343	1.5965552866030868	(4, 1.173)	1	1	1
r2i1301p1f1	1909-06-18	4	1.161	1.223	0.445	2.3309781674952634	1.5173226235262947	(4, 1.161)	1	1	1
r2i1301p1f1	1909-07-08	5	1.254	1.437	1.02	2.7093923812369187	2.518014703038779	(5, 1.254)	1	1	1
r2i1301p1f1	1909-08-09	6	1.476	1.715	2.552	3.122042456733163	3.6508293160491254	(6, 1.476)	2	3	3
r2i1301p1f1	1910-07-15	6	1.205	1.285	0.928	2.9290480301505712	2.683672729517172	(6, 1.205)	1	1	1
r2i1301p1f1	1911-06-20	3	1.284	1.448	0.701	2.0375590515374253	1.535253627775467	(3, 1.284)	1	1	1
r2i1301p1f1	1911-08-14	3	1.295	1.391	0.734	2.044981737754121	1.5715233286018926	(3, 1.295)	1	1	1
r2i1301p1f1	1913-08-05	3	1.306	1.452	0.767	2.052349733401824	1.606523451157975	(3, 1.306)	1	1	1
r2i1301p1f1	1913-08-24	5	1.442	1.566	1.959	2.840367113414099	3.1312367239022767	(5, 1.442)	2	3	3
r2i1301p1f1	1914-07-07	5	1.689	1.911	3.194	2.989894973116864	3.6030493500740173	(5, 1.689)	2	2	0
r2i1301p1f1	1916-06-03	4	1.628	2.199	2.313	2.6407701476189334	2.970619572738916	(4, 1.628)	2	2	0
r2i1301p1f1	1916-08-23	3	1.357	1.515	0.922	2.0858185201642803	1.7562795231871666	(3, 1.357)	1	1	3
r2i1301p1f1	1916-08-28	3	1.511	1.912	1.383	2.180574092030182	2.1024594357119963	(3, 1.511)	2	3	3
r2i1301p1f1	1917-06-02	3	1.177	1.224	0.381	1.962327697904164	1.0918340593043026	(3, 1.177)	1	1	1
r2i1301p1f1	1917-07-12	3	1.391	1.5	1.023	2.107524500543906	1.8430328854192755	(3, 1.391)	1	3	3
r2i1301p1f1	1917-08-06	4	1.825	2.127	3.098	2.747270914255491	3.249754144513137	(4, 1.825)	2	2	0
r2i1301p1f1	1917-08-12	3	1.564	1.796	1.541	2.2112132107078457	2.1980321271124335	(3, 1.564)	2	3	3
r2i1301p1f1	1919-07-13	5	1.422	1.569	1.859	2.8272215064453143	3.0811873165817367	(5, 1.422)	2	3	3
r2i1301p1f1	1919-08-04	4	1.151	1.209	0.402	2.323171726602434	1.4388868112390611	(4, 1.151)	1	1	1
r2i1301p1f1	1920-08-11	3	1.133	1.16	0.25	1.9296705251208113	0.8324908205356607	(3, 1.133)	1	1	1
r2i1301p1f1	1921-06-10	6	1.278	1.454	1.368	2.9848071788297488	3.0495294914233604	(6, 1.278)	1	1	1
r2i1301p1f1	1921-06-29	3	1.482	1.597	1.297	2.1634032397365477	2.0463254175420507	(3, 1.482)	2	3	3
r2i1301p1f1	1923-07-03	5	1.711	1.904	3.304	3.0021894583668347	3.636001826077022	(5, 1.711)	2	2	0
r2i1301p1f1	1923-07-27	3	1.354	1.487	0.91	2.083880472575465	1.7454534902300263	(3, 1.354)	1	1	3
r2i1301p1f1	1923-08-01	6	1.457	1.695	2.443	3.109660749103116	3.6083367640665114	(6, 1.457)	2	3	3
r2i1301p1f1	1923-08-21	4	1.637	1.99	2.346	2.6458910691938238	2.984064468686309	(4, 1.637)	2	2	0
r2i1301p1f1	1924-08-25	5	1.384	1.712	1.67	2.801758517049744	2.9791539906861666	(5, 1.384)	2	3	3
r2i1301p1f1	1926-08-01	3	1.348	1.548	0.892	2.0799930727846583	1.7289914617709292	(3, 1.348)	1	1	3
r2i1301p1f1	1926-08-26	4	1.393	1.603	1.37	2.4968352206532742	2.481567748522486	(4, 1.393)	1	3	3
r2i1301p1f1	1927-07-10	3	1.155	1.199	0.313	1.9461324169557104	0.9656124531448094	(3, 1.155)	1	1	1
r2i1301p1f1	1929-08-15	3	1.309	1.424	0.775	2.054349800617799	1.6148269907508113	(3, 1.309)	1	1	1
r2i1301p1f1	1930-06-24	3	1.295	1.414	0.734	2.044981737754121	1.5715233286018926	(3, 1.295)	1	1	1
r2i1301p1f1	1931-06-16	4	1.219	1.377	0.677	2.375091783780794	1.8587948705642134	(4, 1.219)	1	1	1
r2i1301p1f1	1931-08-28	7	1.431	1.628	2.662	3.314276578131863	3.9180235646162616	(7, 1.431)	2	3	2
r2i1301p1f1	1932-06-02	4	1.159	1.224	0.436	2.3294217469476055	1.501407168220395	(4, 1.159)	1	1	1
r2i1301p1f1	1932-08-01	10	1.531	1.89	4.812	3.9002433160575527	5.031540587789864	(10, 1.531)	0	0	2
r2i1301p1f1	1933-07-15	9	1.421	1.834	3.341	3.672927901899867	4.513131648520783	(9, 1.421)	2	3	2
r2i1301p1f1	1933-08-01	4	1.206	1.342	0.625	2.3653720810928105	1.791759469228055	(4, 1.206)	1	1	1
r2i1301p1f1	1935-08-21	3	1.306	1.434	0.767	2.052349733401824	1.606523451157975	(3, 1.306)	1	1	1
r2i1301p1f1	1936-06-29	5	1.191	1.287	0.703	2.661362761078819	2.1815218140700345	(5, 1.191)	1	1	1
r2i1301p1f1	1936-07-11	6	1.267	1.749	1.3	2.9766014927749125	3.001019272397774	(6, 1.267)	1	3	3
r2i1301p1f1	1936-07-27	10	1.278	1.409	2.274	3.723616778444003	4.289228464522918	(10, 1.278)	1	3	2
r2i1301p1f1	1938-08-01	3	1.388	1.543	1.012	2.1056281063918063	1.8339415387115605	(3, 1.388)	1	3	3
r2i1301p1f1	1940-07-09	4	1.208	1.304	0.631	2.3668735828764076	1.7997276388772319	(4, 1.208)	1	1	1
r2i1301p1f1	1944-06-29	3	1.16	1.277	0.33	1.9498362618267655	0.9986926112483865	(3, 1.16)	1	1	1
r2i1301p1f1	1944-07-04	3	1.369	1.529	0.957	2.0935333672031136	1.7872020781678604	(3, 1.369)	1	1	3
r2i1301p1f1	1944-07-24	4	1.339	1.508	1.157	2.4606139572189556	2.327862900178314	(4, 1.339)	1	1	3
r2i1301p1f1	1944-08-27	6	1.768	2.157	4.306	3.2952510348626203	4.163326586898722	(6, 1.768)	0	2	0
r2i1301p1f1	1946-07-11	3	1.386	1.584	1.006	2.1043618427217843	1.8289475630806293	(3, 1.386)	1	3	3
r2i1301p1f1	1946-07-16	4	1.524	1.867	1.895	2.579610585257298	2.7825390530929495	(4, 1.524)	2	3	3
r2i1301p1f1	1946-08-03	5	1.659	2.126	3.042	2.9728823856129414	3.55565069962621	(5, 1.659)	2	2	0
r2i1301p1f1	1947-06-19	4	1.215	1.283	0.658	2.372111155642656	1.834818958688502	(4, 1.215)	1	1	1
r2i1301p1f1	1948-08-16	3	1.354	1.494	0.911	2.083880472575465	1.7463601496317653	(3, 1.354)	1	1	3
r2i1301p1f1	1951-07-18	4	1.298	1.511	0.992	2.432208860787551	2.1900880617668994	(4, 1.298)	1	1	1
r2i1301p1f1	1951-07-24	6	1.594	1.818	3.265	3.1956857987282925	3.8915244188553797	(6, 1.594)	2	2	0
r2i1301p1f1	1951-08-13	3	1.589	1.91	1.617	2.2253461228047464	2.240941414289114	(3, 1.589)	2	2	3
r2i1301p1f1	1951-08-24	7	1.529	2.161	3.354	3.3781837983589567	4.144989343322289	(7, 1.529)	2	2	0
r2i1301p1f1	1954-05-31	4	1.248	1.443	0.79	2.39643966846567	1.9906103279732201	(4, 1.248)	1	1	1
r2i1301p1f1	1957-07-15	4	1.306	1.512	1.022	2.43781504225415	2.2165913798270696	(4, 1.306)	1	1	1
r2i1301p1f1	1957-07-31	3	1.151	1.247	0.302	1.9431594319473882	0.943609369210124	(3, 1.151)	1	1	1
r2i1301p1f1	1957-08-21	4	1.323	1.518	1.091	2.4496248356433608	2.275008325223811	(4, 1.323)	1	1	3
r2i1301p1f1	1958-07-03	6	1.463	1.759	2.478	3.1135873493776742	3.622178957475993	(6, 1.463)	2	3	3
r2i1301p1f1	1958-07-24	4	1.592	1.933	2.168	2.6200201235951743	2.909302545555603	(4, 1.592)	2	2	0
r2i1301p1f1	1960-06-01	3	1.336	1.416	0.858	2.0721726417133604	1.6971371622100757	(3, 1.336)	1	1	1
r2i1301p1f1	1960-06-27	5	1.881	2.155	4.156	3.09241511666054	3.860002974872786	(5, 1.881)	0	2	0
r2i1301p1f1	1960-08-01	3	1.263	1.395	0.638	2.023233625810394	1.4621309846147317	(3, 1.263)	1	1	1
r2i1301p1f1	1961-06-25	8	1.275	1.516	1.797	3.396183388327043	3.7295766811394806	(8, 1.275)	1	3	2
r2i1301p1f1	1962-06-21	6	1.473	1.752	2.535	3.120097613644278	3.644319727440006	(6, 1.473)	2	3	3
r2i1301p1f1	1962-07-21	4	1.764	2.112	2.855	2.7154891301992086	3.171364842197149	(4, 1.764)	2	2	0
r2i1301p1f1	1965-07-03	5	1.299	1.519	1.245	2.7423396417658368	2.7026706344750906	(5, 1.299)	1	3	3
r2i1301p1f1	1966-06-17	3	1.303	1.336	0.759	2.0503456578987986	1.5981503850765946	(3, 1.303)	1	1	1
r2i1301p1f1	1968-06-14	3	1.53	1.838	1.441	2.191666181004662	2.1386128304038983	(3, 1.53)	2	3	3
r2i1301p1f1	1968-07-24	3	1.226	1.36	0.528	1.9974832224048533	1.3200392953459477	(3, 1.226)	1	1	1
r2i1301p1f1	1968-08-03	4	1.182	1.229	0.529	2.3471759763219207	1.6547936141548976	(4, 1.182)	1	1	1
r2i1301p1f1	1969-06-07	3	1.141	1.167	0.272	1.93568806891756	0.8810172570495237	(3, 1.141)	1	1	1
r2i1301p1f1	1970-06-02	3	1.232	1.313	0.544	2.001704270299514	1.3420046207966683	(3, 1.232)	1	1	1
r2i1301p1f1	1970-07-19	6	1.347	1.894	1.782	3.0347979795584026	3.3028472111924025	(6, 1.347)	2	3	3
r2i1301p1f1	1970-08-21	4	1.483	1.697	1.731	2.5544327124366104	2.697865176043845	(4, 1.483)	2	3	3
r2i1301p1f1	1974-06-28	10	1.547	1.696	4.964	3.9104304460344506	5.062439723820018	(10, 1.547)	0	0	2
r2i1301p1f1	1974-07-25	6	1.641	2.281	3.545	3.223571821692901	3.9721891095107673	(6, 1.641)	2	2	0
r2i1301p1f1	1975-06-04	3	1.432	1.586	1.146	2.1330877851914485	1.9394307280744352	(3, 1.432)	1	3	3
r2i1301p1f1	1975-06-27	5	1.274	1.427	1.121	2.724169780877845	2.6051430448944473	(5, 1.274)	1	1	1
r2i1301p1f1	1976-06-21	4	1.315	1.383	1.06	2.444084655267745	2.2491843162669305	(4, 1.315)	1	1	1
r2i1301p1f1	1976-08-20	11	1.484	2.189	4.775	4.009885980036686	5.16596080989578	(11, 1.484)	0	0	4
r2i1301p1f1	1979-06-14	6	1.273	1.429	1.335	2.981085666534982	3.02628149971202	(6, 1.273)	1	1	1
r2i1301p1f1	1979-06-25	6	1.665	2.176	3.687	3.2375170929655774	4.010738509435266	(6, 1.665)	2	2	0
r2i1301p1f1	1979-07-29	5	1.431	1.825	1.906	2.833158423666413	3.1050228087094687	(5, 1.431)	2	3	3
r2i1301p1f1	1979-08-06	9	1.168	1.313	1.059	3.482347168604923	3.3875378468761896	(9, 1.168)	1	1	1
r2i1301p1f1	1981-06-30	3	1.382	1.582	0.995	2.1018244949350686	1.8197266593443935	(3, 1.382)	1	3	3
r2i1301p1f1	1983-08-14	5	1.641	2.167	2.956	2.962534151416443	3.527803151395661	(5, 1.641)	2	2	0
r2i1301p1f1	1984-08-17	3	1.201	1.287	0.453	1.9797011838168412	1.2101110409918319	(3, 1.201)	1	1	1
r2i1301p1f1	1985-06-17	3	1.588	1.824	1.613	2.224784624741415	2.238728350893738	(3, 1.588)	2	3	3
r2i1301p1f1	1985-07-29	8	1.421	1.727	2.965	3.501150088065383	4.220834639100634	(8, 1.421)	2	3	2
r2i1301p1f1	1986-06-07	5	1.151	1.26	0.506	2.629625216079756	1.895706784249258	(5, 1.151)	1	1	1
r2i1301p1f1	1986-07-08	11	1.495	1.757	4.894	4.017137595041744	5.190438008847145	(11, 1.495)	0	0	2
r2i1301p1f1	1987-06-06	4	1.225	1.283	0.701	2.379546134130174	1.8882810362186768	(4, 1.225)	1	1	1
r2i1301p1f1	1988-07-05	4	1.248	1.572	0.792	2.39643966846567	1.9927937349541638	(4, 1.248)	1	1	1
r2i1301p1f1	1988-08-14	14	1.415	1.801	5.102	4.319116557993839	5.5919533187634105	(14, 1.415)	0	0	2
r2i1301p1f1	1989-07-28	6	1.484	1.616	2.604	3.1272102887424755	3.6704819465761886	(6, 1.484)	2	3	3
r2i1301p1f1	1991-08-20	3	1.343	1.55	0.877	2.076741989126375	1.7150630145343155	(3, 1.343)	1	1	3
r2i1301p1f1	1992-06-26	3	1.151	1.209	0.302	1.9431594319473882	0.943609369210124	(3, 1.151)	1	1	1
r2i1301p1f1	1994-06-14	9	1.475	1.806	3.823	3.709294638856529	4.646513644522352	(9, 1.475)	0	0	2
r2i1301p1f1	1994-07-25	3	1.419	1.639	1.105	2.12505288348338	1.9083193018307179	(3, 1.419)	2	3	3
r2i1301p1f1	1994-08-16	7	1.315	1.641	1.854	3.232942062589206	3.564918136603223	(7, 1.315)	2	3	2
r2i1301p1f1	1996-07-24	4	1.358	1.49	1.231	2.473508604835631	2.3839807311980397	(4, 1.358)	1	3	3
r2i1301p1f1	1997-06-03	6	1.408	1.546	2.146	3.077002966039259	3.4824587288951268	(6, 1.408)	2	3	3
r2i1301p1f1	1997-07-31	3	1.315	1.37	0.793	2.058337974099738	1.6332616347132483	(3, 1.315)	1	1	1
r2i1301p1f1	1998-06-23	4	1.655	1.853	2.42	2.65605490598383	3.013572191682322	(4, 1.655)	2	2	0
r2i1301p1f1	1998-07-03	4	1.526	2.082	1.902	2.580822706617827	2.7859984091496988	(4, 1.526)	2	2	0
r2i1301p1f1	1998-07-17	3	1.985	2.079	2.805	2.426072941579233	2.7456803901508384	(3, 1.985)	2	2	0
r2i1301p1f1	1999-08-29	4	1.297	1.436	0.988	2.431505873060885	2.186500613973244	(4, 1.297)	1	1	1
r2i1301p1f1	2003-06-24	3	1.244	1.348	0.581	2.0100932874778716	1.3910242967152038	(3, 1.244)	1	1	1
r2i1301p1f1	2003-07-11	5	1.637	1.98	2.932	2.9602199284798036	3.519891307521603	(5, 1.637)	2	2	0
r2i1301p1f1	2003-07-19	3	1.501	1.736	1.353	2.174686354175339	2.083233621139891	(3, 1.501)	2	3	3
r2i1301p1f1	2003-07-24	4	1.254	1.34	0.815	2.400800140491001	2.017566137961748	(4, 1.254)	1	1	1
r2i1301p1f1	2003-08-10	6	1.256	1.876	1.236	2.968327915962107	2.953107401309256	(6, 1.256)	2	3	3
r2i1301p1f1	2004-06-07	8	1.924	2.349	6.989	3.796278771843746	5.06980327842572	(8, 1.924)	0	0	4
r2i1301p1f1	2004-07-15	11	1.519	2.112	5.16	4.032779103764748	5.243077468769935	(11, 1.519)	0	0	4
r2i1301p1f1	2004-08-10	5	1.495	1.779	2.224	2.8743896173734145	3.2528936382973987	(5, 1.495)	2	3	3
r2i1301p1f1	2006-07-04	3	1.258	1.456	0.623	2.0197923479787105	1.443903372160198	(3, 1.258)	1	1	1
r2i1301p1f1	2007-08-29	3	1.223	1.326	0.518	1.9953659981339325	1.3060618524041605	(3, 1.223)	1	1	1
r2i1301p1f1	2010-08-12	5	1.36	1.503	1.549	2.785336019554116	2.9079030978437186	(5, 1.36)	1	3	3
r2i1301p1f1	2010-08-30	3	1.555	1.737	1.516	2.2060760667643984	2.1835050122308313	(3, 1.555)	2	3	3
r3i1041p1f1	1853-07-27	5	1.511	1.765	2.374	2.8844371590601514	3.3157167195458825	(5, 1.511)	2	3	3
r3i1041p1f1	1853-08-28	5	1.188	1.296	0.755	2.659017072463714	2.2450784954340666	(5, 1.188)	1	1	1
r3i1041p1f1	1854-06-21	4	1.605	1.868	2.273	2.6275629501895237	2.9540765982851585	(4, 1.605)	2	2	0
r3i1041p1f1	1854-08-03	8	1.355	1.827	2.547	3.455058793299777	4.071281152945218	(8, 1.355)	2	3	2
r3i1041p1f1	1854-08-25	5	1.247	1.389	1.052	2.704168265444365	2.546449874003082	(5, 1.247)	1	1	1
r3i1041p1f1	1857-06-18	7	1.292	1.576	1.787	3.215998684156201	3.5291713690216393	(7, 1.292)	1	3	2
r3i1041p1f1	1857-07-23	11	1.793	2.204	8.316	4.1959047267875915	5.718314929554548	(11, 1.793)	0	0	4
r3i1041p1f1	1858-06-01	3	1.184	1.251	0.443	1.96742621912213	1.1944967045549193	(3, 1.184)	1	1	1
r3i1041p1f1	1858-06-21	4	1.418	1.535	1.527	2.5131701150608596	2.581428216778622	(4, 1.418)	1	3	3
r3i1041p1f1	1858-06-29	8	1.649	1.937	4.897	3.6457791012525025	4.71676935009818	(8, 1.649)	0	0	0
r3i1041p1f1	1858-08-10	3	1.285	1.376	0.747	2.03823612251305	1.585457847172754	(3, 1.285)	1	1	1
r3i1041p1f1	1861-08-01	3	1.208	1.429	0.514	1.984712110619881	1.300415709247018	(3, 1.208)	1	1	1
r3i1041p1f1	1862-08-05	3	1.373	1.527	1.009	2.096091812917599	1.8314476683669307	(3, 1.373)	1	1	3
r3i1041p1f1	1862-08-17	5	1.495	1.688	2.293	2.8743896173734145	3.2822831825578733	(5, 1.495)	2	3	3
r3i1041p1f1	1863-06-28	7	1.305	1.508	1.879	3.2256106241722318	3.577935798205926	(7, 1.305)	1	3	2
r3i1041p1f1	1864-06-24	3	1.41	1.597	1.121	2.119452197075461	1.9205757645020043	(3, 1.41)	1	3	3
r3i1041p1f1	1864-07-02	4	1.509	1.752	1.892	2.570472538117647	2.7810528006519104	(4, 1.509)	2	3	3
r3i1041p1f1	1865-07-15	5	1.766	2.266	3.65	3.032280198822761	3.733093463386918	(5, 1.766)	2	2	0
r3i1041p1f1	1865-08-10	3	1.285	1.46	0.746	2.03823612251305	1.5843928277372588	(3, 1.285)	1	1	1
r3i1041p1f1	1866-06-08	3	1.257	1.364	0.661	2.019102669039607	1.4894502173681872	(3, 1.257)	1	1	1
r3i1041p1f1	1866-06-19	3	1.201	1.256	0.492	1.9797011838168412	1.2687788811593197	(3, 1.201)	1	1	1
r3i1041p1f1	1866-07-22	4	1.041	1.185	0.018	2.2330206296081365	0.13453089295760615	(4, 1.041)	1	1	1
r3i1041p1f1	1868-06-10	7	1.489	1.77	3.166	3.35259050772696	4.088245006962767	(7, 1.489)	2	3	2
r3i1041p1f1	1868-07-08	3	1.706	2.192	2.01	2.288956244028366	2.4374888508380192	(3, 1.706)	2	2	0
r3i1041p1f1	1870-08-13	7	1.272	1.545	1.652	3.2010282878246885	3.453013697686487	(7, 1.272)	1	3	2
r3i1041p1f1	1873-07-03	10	1.709	2.128	6.725	4.008120606267461	5.3644008154495415	(10, 1.709)	0	0	4
r3i1041p1f1	1873-08-17	3	1.691	2.158	1.963	2.2810236821176586	2.415917993093338	(3, 1.691)	2	2	0
r3i1041p1f1	1875-07-20	4	1.131	1.253	0.379	2.307373609725843	1.3942625307690675	(4, 1.131)	1	1	1
r3i1041p1f1	1876-06-03	3	1.259	1.358	0.667	2.020481551588581	1.4964559081980222	(3, 1.259)	1	1	1
r3i1041p1f1	1876-08-03	5	1.466	1.881	2.145	2.8559170805777683	3.2181487229410597	(5, 1.466)	2	3	3
r3i1041p1f1	1878-06-04	3	1.638	1.839	1.805	2.252480320286649	2.3397898449802703	(3, 1.638)	2	2	0
r3i1041p1f1	1878-06-27	5	1.174	1.329	0.69	2.647997180368679	2.1649807913102306	(5, 1.174)	1	1	1
r3i1041p1f1	1881-07-23	5	1.523	1.868	2.434	2.891907114669218	3.3397809962022027	(5, 1.523)	2	3	0
r3i1041p1f1	1882-08-14	7	1.58	2.144	3.804	3.4098931139667554	4.269012822543507	(7, 1.58)	0	2	0
r3i1041p1f1	1883-06-22	5	1.202	1.241	0.825	2.6699168489952196	2.324716419234198	(5, 1.202)	1	1	1
r3i1041p1f1	1884-06-27	5	1.488	1.8	2.256	2.86996187223652	3.2666310455234497	(5, 1.488)	2	3	3
r3i1041p1f1	1886-07-18	5	1.647	2.099	3.052	2.9659954748996293	3.558839027731263	(5, 1.647)	2	2	0
r3i1041p1f1	1887-06-01	3	1.309	1.429	0.817	2.054349800617799	1.6573241499661222	(3, 1.309)	1	1	1
r3i1041p1f1	1887-08-28	4	1.494	1.768	1.828	2.561250216375334	2.748808193574378	(4, 1.494)	2	3	3
r3i1041p1f1	1888-08-25	4	1.478	1.704	1.766	2.551318415307252	2.7165473313561566	(4, 1.478)	2	3	3
r3i1041p1f1	1890-07-23	5	1.527	1.623	2.452	2.8943847510690137	3.3468887880765203	(5, 1.527)	2	3	3
r3i1041p1f1	1890-08-18	5	1.55	1.817	2.567	2.908513247313477	3.3911447727828317	(5, 1.55)	2	3	0
r3i1041p1f1	1890-08-26	3	1.173	1.221	0.409	1.959402543353941	1.1395067096493494	(3, 1.173)	1	1	1
r3i1041p1f1	1893-06-26	7	1.796	2.232	5.32	3.5340481192724695	4.6004367893611615	(7, 1.796)	0	2	0
r3i1041p1f1	1894-06-08	5	1.645	1.989	3.043	2.964843031088409	3.555969990270447	(5, 1.645)	2	2	0
r3i1041p1f1	1895-06-20	4	1.287	1.446	1.002	2.4244486807508863	2.199000776737475	(4, 1.287)	1	1	1
r3i1041p1f1	1896-08-04	12	1.49	2.086	5.439	4.142152289651623	5.425368362636041	(12, 1.49)	0	0	4
r3i1041p1f1	1897-07-20	5	1.481	1.919	2.223	2.8655144349484867	3.2524612886298865	(5, 1.481)	2	3	3
r3i1041p1f1	1899-06-05	3	1.234	1.285	0.592	2.0031073361399168	1.405146103684702	(3, 1.234)	1	1	1
r3i1041p1f1	1902-06-11	10	1.323	1.525	2.869	3.7574006614121327	4.518803103980202	(10, 1.323)	2	3	2
r3i1041p1f1	1902-07-04	5	1.114	1.198	0.389	2.599343250495629	1.6769380840963795	(5, 1.114)	1	1	1
r3i1041p1f1	1903-08-13	3	1.497	1.838	1.382	2.172321518293727	2.1018244949350686	(3, 1.497)	2	3	3
r3i1041p1f1	1904-06-15	3	1.061	1.227	0.073	1.8738182540964106	0.3215899910789417	(3, 1.061)	1	1	1
r3i1041p1f1	1904-07-12	5	1.436	1.647	1.996	2.836441544185978	3.1491380366617223	(5, 1.436)	2	3	3
r3i1041p1f1	1905-06-18	4	1.345	1.482	1.235	2.464703942470481	2.3869262414277967	(4, 1.345)	1	1	3
r3i1041p1f1	1906-06-30	11	1.385	2.031	3.836	3.942140460934951	4.948393154016881	(11, 1.385)	0	0	2
r3i1041p1f1	1906-08-11	3	1.523	1.725	1.461	2.187593922179111	2.150782501365733	(3, 1.523)	2	3	3
r3i1041p1f1	1909-06-07	4	1.276	1.447	0.959	2.416627809034706	2.1600994446972903	(4, 1.276)	1	1	1
r3i1041p1f1	1911-06-27	11	1.568	1.961	5.844	4.063973742309617	5.3669377394409645	(11, 1.568)	0	0	4
r3i1041p1f1	1912-07-06	12	1.223	1.364	2.24	3.9481457576165453	4.5445179850747	(12, 1.223)	1	3	2
r3i1041p1f1	1913-06-01	3	1.174	1.235	0.412	1.960134634557113	1.1444822561168142	(3, 1.174)	1	1	1
r3i1041p1f1	1913-07-25	5	1.294	1.612	1.287	2.7387319851476466	2.7336592999459226	(5, 1.294)	1	3	3
r3i1041p1f1	1913-08-01	4	1.193	1.29	0.625	2.3555569777601515	1.791759469228055	(4, 1.193)	1	1	1
r3i1041p1f1	1915-06-11	4	1.397	1.512	1.443	2.49946680111933	2.529242463608052	(4, 1.397)	1	3	3
r3i1041p1f1	1915-08-09	6	1.248	1.338	1.271	2.962267481345029	2.9795931750354643	(6, 1.248)	1	1	1
r3i1041p1f1	1915-08-18	8	1.485	1.902	3.589	3.54390322540242	4.409274511570907	(8, 1.485)	2	2	2
r3i1041p1f1	1916-07-10	5	1.356	1.576	1.595	2.7825725232907725	2.9355916472476244	(5, 1.356)	1	3	3
r3i1041p1f1	1916-08-21	3	1.423	1.594	1.16	2.127532044180204	1.9498362618267655	(3, 1.423)	1	3	3
r3i1041p1f1	1919-08-06	3	1.255	1.435	0.655	2.0177218825479337	1.4823951003662912	(3, 1.255)	1	1	1
r3i1041p1f1	1919-08-12	5	1.357	1.551	1.602	2.7832641136467724	2.9397387133494814	(5, 1.357)	1	3	3
r3i1041p1f1	1922-07-02	8	1.222	1.403	1.481	3.3551780003293326	3.541284041571531	(8, 1.222)	1	1	2
r3i1041p1f1	1923-07-10	3	1.247	1.389	0.633	2.0121795915224925	1.456091954898091	(3, 1.247)	1	1	1
r3i1041p1f1	1923-08-26	5	1.639	1.894	3.013	2.9613777094014493	3.546346643757027	(5, 1.639)	2	2	0
r3i1041p1f1	1924-06-09	6	1.385	1.555	2.092	3.0612980682338815	3.457766583569444	(6, 1.385)	2	3	3
r3i1041p1f1	1924-07-20	5	1.827	2.165	3.95	3.0646275857570173	3.810263610292666	(5, 1.827)	0	2	0
r3i1041p1f1	1925-08-20	4	1.379	1.747	1.368	2.487569767207484	2.4802290602368893	(4, 1.379)	2	3	3
r3i1041p1f1	1926-08-15	5	1.192	1.29	0.78	2.6621434361518546	2.2742540433174443	(5, 1.192)	1	1	1
r3i1041p1f1	1927-06-30	4	1.442	1.824	1.623	2.52860450505372	2.6379138189131797	(4, 1.442)	2	3	3
r3i1041p1f1	1932-07-01	14	1.598	1.917	7.858	4.439214286952642	6.022544552009997	(14, 1.598)	0	0	4
r3i1041p1f1	1932-08-15	12	1.552	2.019	6.187	4.1822856642217685	5.553690946536645	(12, 1.552)	0	0	4
r3i1041p1f1	1934-06-13	4	1.324	1.394	1.151	2.450315205018381	2.323171726602434	(4, 1.324)	1	1	1
r3i1041p1f1	1936-06-28	9	1.43	1.712	3.542	3.6790816116338254	4.570930646166368	(9, 1.43)	2	3	2
r3i1041p1f1	1937-08-08	7	1.334	1.681	2.082	3.2467254291159438	3.6777977686086216	(7, 1.334)	2	3	2
r3i1041p1f1	1938-07-21	4	1.424	1.685	1.549	2.5170511031145675	2.5946575137471193	(4, 1.424)	2	3	3
r3i1041p1f1	1939-06-08	3	1.047	1.069	0.031	1.8625862382302412	0.14935123096519504	(3, 1.047)	1	1	1
r3i1041p1f1	1940-08-02	4	1.439	1.637	1.608	2.526688183802955	2.629295552413305	(4, 1.439)	2	3	3
r3i1041p1f1	1940-08-15	3	1.249	1.362	0.637	2.01356804665576	1.4609260927382746	(3, 1.249)	1	1	1
r3i1041p1f1	1941-06-15	5	1.372	1.581	1.676	2.7935809802260967	2.9825583599345062	(5, 1.372)	2	3	3
r3i1041p1f1	1941-06-23	12	1.443	2.1	4.881	4.110617824311434	5.317626537810147	(12, 1.443)	0	0	4
r3i1041p1f1	1941-08-17	5	1.463	1.637	2.133	2.853986506886148	3.212763783541583	(5, 1.463)	2	3	3
r3i1041p1f1	1943-06-11	5	1.308	1.387	1.36	2.74880080573658	2.785336019554116	(5, 1.308)	1	1	1
r3i1041p1f1	1944-07-29	3	1.261	1.387	0.675	2.0218585354382537	1.505721130733336	(3, 1.261)	1	1	1
r3i1041p1f1	1944-08-05	3	1.321	1.397	0.855	2.0623103052151466	1.6942771576452456	(3, 1.321)	1	1	1
r3i1041p1f1	1944-08-13	6	1.457	1.898	2.525	3.109660749103116	3.6404706692932396	(6, 1.457)	2	3	3
r3i1041p1f1	1945-07-26	3	1.547	1.844	1.53	2.2014874558921855	2.191666181004662	(3, 1.547)	2	3	3
r3i1041p1f1	1946-07-06	4	1.308	1.405	1.084	2.4392116905258705	2.2692351133124915	(4, 1.308)	1	1	1
r3i1041p1f1	1947-07-07	10	1.749	2.275	7.12	4.030840817098581	5.421216932207534	(10, 1.749)	0	0	4
r3i1041p1f1	1949-07-27	3	1.195	1.265	0.475	1.9753860276277764	1.2436277695586093	(3, 1.195)	1	1	1
r3i1041p1f1	1949-08-02	9	1.596	1.877	5.036	3.786278360101069	4.919776525377732	(9, 1.596)	0	0	2
r3i1041p1f1	1949-08-15	3	1.24	1.347	0.609	2.007304760626642	1.426585853051329	(3, 1.24)	1	1	1
r3i1041p1f1	1949-08-23	6	1.43	1.718	2.36	3.0917977132177574	3.5747241204459796	(6, 1.43)	2	3	3
r3i1041p1f1	1950-06-05	5	1.168	1.243	0.658	2.6432369391938733	2.1230592620310627	(5, 1.168)	1	1	1
r3i1041p1f1	1950-06-16	5	1.529	1.804	2.464	2.8956212710590035	3.351599403196505	(5, 1.529)	2	3	3
r3i1041p1f1	1950-08-26	3	1.441	1.744	1.212	2.1386128304038983	1.9875642639627233	(3, 1.441)	2	3	3
r3i1041p1f1	1952-06-18	5	1.215	1.388	0.893	2.6799327830479016	2.3964436305423584	(5, 1.215)	1	1	1
r3i1041p1f1	1953-08-06	5	1.172	1.328	0.677	2.646412949743369	2.148161554725267	(5, 1.172)	1	1	1
r3i1041p1f1	1954-07-20	3	1.34	1.748	0.91	2.074786253423948	1.7454534902300263	(3, 1.34)	1	3	3
r3i1041p1f1	1955-07-18	5	1.189	1.293	0.763	2.6597995801896714	2.25450760489766	(5, 1.189)	1	1	1
r3i1041p1f1	1955-07-29	5	1.468	2.04	2.155	2.8572020621904244	3.222614127003969	(5, 1.468)	2	2	0
r3i1041p1f1	1955-08-15	3	1.783	1.909	2.24	2.3287146989255767	2.536817449773029	(3, 1.783)	2	2	0
r3i1041p1f1	1957-06-16	4	1.354	1.582	1.272	2.470807725408499	2.413768621954661	(4, 1.354)	1	3	3
r3i1041p1f1	1959-05-28	14	1.257	1.518	3.09	4.202386779289012	5.092916101827203	(14, 1.257)	0	0	2
r3i1041p1f1	1959-06-17	5	1.295	1.462	1.291	2.7394545584375005	2.73656112731346	(5, 1.295)	1	1	1
r3i1041p1f1	1959-06-24	5	1.21	1.378	0.866	2.6760923635947345	2.368576402939051	(5, 1.21)	1	1	1
r3i1041p1f1	1960-06-23	11	1.42	1.867	4.223	3.9666187460141367	5.043858386827376	(11, 1.42)	0	0	2
r3i1041p1f1	1960-08-03	6	2.002	2.55	5.794	3.4152078021002046	4.456137105427596	(6, 2.002)	0	2	0
r3i1041p1f1	1962-06-26	4	1.318	1.433	1.124	2.4461658214715696	2.3017847728232765	(4, 1.318)	1	1	1
r3i1041p1f1	1962-07-12	3	1.181	1.197	0.435	1.9652443208753656	1.1818272835835466	(3, 1.181)	1	1	1
r3i1041p1f1	1963-08-11	3	1.445	1.56	1.224	2.1410586415106487	1.9960722377456375	(3, 1.445)	1	3	3
r3i1041p1f1	1963-08-25	5	1.371	1.572	1.671	2.792896490666054	2.9797221910122635	(5, 1.371)	1	3	3
r3i1041p1f1	1964-08-06	6	1.214	1.506	1.065	2.936092840871068	2.8125447092668407	(6, 1.214)	1	1	1
r3i1041p1f1	1966-06-06	9	1.339	1.563	2.719	3.615044521604575	4.3096306577581265	(9, 1.339)	2	3	2
r3i1041p1f1	1967-06-22	4	1.394	1.57	1.429	2.4974937652934717	2.5202737936252917	(4, 1.394)	1	3	3
r3i1041p1f1	1967-07-14	7	1.221	1.459	1.294	3.1618074215702245	3.217483471018226	(7, 1.221)	1	1	1
r3i1041p1f1	1968-06-17	3	1.061	1.09	0.074	1.8738182540964106	0.3253500995234123	(3, 1.061)	1	1	1
r3i1041p1f1	1968-06-24	3	1.322	1.463	0.856	2.062970828995383	1.6952314016361398	(3, 1.322)	1	1	1
r3i1041p1f1	1968-07-05	4	1.226	1.385	0.758	2.3802866006578975	1.9550114633016589	(4, 1.226)	1	1	1
r3i1041p1f1	1968-08-22	3	1.2	1.299	0.49	1.9789832829743619	1.2658525498042004	(3, 1.2)	1	1	1
r3i1041p1f1	1970-07-13	3	1.355	1.575	0.956	2.0845269058647236	1.786331718287074	(3, 1.355)	1	3	3
r3i1041p1f1	1970-08-25	3	1.444	1.72	1.223	2.140447749317067	1.9953659981339325	(3, 1.444)	2	3	3
r3i1041p1f1	1972-06-23	4	1.251	1.371	0.857	2.398622281190988	2.0612775710521647	(4, 1.251)	1	1	1
r3i1041p1f1	1972-07-21	8	1.424	1.733	3.101	3.503195504962424	4.265037941250922	(8, 1.424)	2	3	2
r3i1041p1f1	1972-08-28	3	1.279	1.378	0.726	2.034166803163775	1.5628507183091673	(3, 1.279)	1	1	1
r3i1041p1f1	1974-06-02	3	1.26	1.35	0.67	2.021170280523964	1.4999404342713294	(3, 1.26)	1	1	1
r3i1041p1f1	1974-07-12	6	1.469	1.833	2.596	3.1174985917472156	3.6674834900872577	(6, 1.469)	2	3	3
r3i1041p1f1	1974-08-08	5	1.087	1.106	0.253	2.576652109103335	1.3425059898808651	(5, 1.087)	1	1	1
r3i1041p1f1	1974-08-17	3	1.418	1.615	1.144	2.1244321317676773	1.9379353448911276	(3, 1.418)	1	3	3
r3i1041p1f1	1975-06-25	4	1.446	1.577	1.637	2.53115390095332	2.6458910691938238	(4, 1.446)	2	3	3
r3i1041p1f1	1975-08-08	10	1.56	2.337	5.233	3.9186317494655207	5.114887135141111	(10, 1.56)	0	0	4
r3i1041p1f1	1977-06-24	5	1.092	1.137	0.277	2.5808932036141434	1.4102438071028442	(5, 1.092)	1	1	1
r3i1041p1f1	1980-06-19	5	1.296	1.546	1.297	2.7401766099921643	2.7408981405645343	(5, 1.296)	1	3	3
r3i1041p1f1	1980-08-05	11	1.861	2.736	9.073	4.23257817909048	5.805162390082212	(11, 1.861)	0	0	4
r3i1041p1f1	1981-07-20	4	1.449	1.691	1.649	2.5330616916750475	2.6526784255672236	(4, 1.449)	2	3	3
r3i1041p1f1	1982-06-02	6	1.341	1.45	1.826	3.030548805911434	3.3263520472289425	(6, 1.341)	1	3	3
r3i1041p1f1	1986-06-08	3	1.172	1.257	0.407	1.958669915800558	1.136175871860684	(3, 1.172)	1	1	1
r3i1041p1f1	1987-06-18	3	1.153	1.193	0.349	1.9446470292811249	1.034414045815845	(3, 1.153)	1	1	1
r3i1041p1f1	1988-08-10	5	1.292	1.659	1.275	2.737285270342615	2.7249029495298647	(5, 1.292)	1	3	3
r3i1041p1f1	1988-08-28	3	1.304	1.539	0.802	2.051014129423419	1.6423530647599345	(3, 1.304)	1	1	1
r3i1041p1f1	1989-07-03	15	1.633	2.49	8.94	4.5629798292845845	6.25453446009778	(15, 1.633)	0	0	4
r3i1041p1f1	1990-07-28	4	1.368	1.546	1.326	2.4802290602368893	2.451694515581887	(4, 1.368)	1	3	3
r3i1041p1f1	1996-06-06	5	1.277	1.357	1.201	2.726367676192942	2.6691422212482183	(5, 1.277)	1	1	1
r3i1041p1f1	1997-06-21	3	1.216	1.315	0.538	1.9904083056570567	1.333824059440456	(3, 1.216)	1	1	1
r3i1041p1f1	1997-07-03	8	1.357	1.816	2.565	3.4564871668621238	4.07820374052136	(8, 1.357)	2	3	2
r3i1041p1f1	1997-07-13	3	1.123	1.205	0.26	1.922097313628501	0.8548406121371308	(3, 1.123)	1	1	1
r3i1041p1f1	1997-08-22	14	1.314	1.726	3.89	4.246085616762683	5.32189062745267	(14, 1.314)	0	0	2
r3i1041p1f1	1998-07-21	4	1.331	1.548	1.178	2.4551344914543303	2.344110839822544	(4, 1.331)	1	3	3
r3i1041p1f1	1998-08-30	3	1.419	1.669	1.148	2.12505288348338	1.9409238784254021	(3, 1.419)	2	3	3
r3i1041p1f1	2000-08-01	8	1.847	2.203	6.485	3.756370780067916	4.995445844490957	(8, 1.847)	0	0	4
r3i1041p1f1	2003-07-03	4	1.143	1.256	0.424	2.31688239769487	1.4797847042072294	(4, 1.143)	1	1	1
r3i1041p1f1	2003-07-31	4	1.238	1.417	0.806	2.3891296943942315	2.007945539974766	(4, 1.238)	1	1	1
r3i1041p1f1	2005-07-01	4	1.404	1.644	1.468	2.504055468626761	2.5450605726077473	(4, 1.404)	2	3	3
r3i1041p1f1	2006-08-23	4	1.464	1.683	1.71	2.542546429234415	2.6864860231863696	(4, 1.464)	2	3	3
r3i1041p1f1	2008-07-21	4	1.306	1.501	1.076	2.43781504225415	2.2625960847776825	(4, 1.306)	1	1	1
r3i1041p1f1	2008-08-05	5	1.483	1.667	2.231	2.8667871509346683	3.2559148633224475	(5, 1.483)	2	3	3
r3i1041p1f1	2009-07-16	6	1.378	1.654	2.052	3.0564689452493714	3.4390748120260524	(6, 1.378)	2	3	3
r3i1041p1f1	2010-06-13	5	1.114	1.143	0.388	2.599343250495629	1.6748457823940046	(5, 1.114)	1	1	1
r3i1041p1f1	2010-07-22	3	1.271	1.33	0.703	2.028715156208546	1.5374896394392314	(3, 1.271)	1	1	1
r3i1231p1f1	1852-07-24	3	1.308	1.549	0.751	2.0536835559213014	1.5897066183619926	(3, 1.308)	1	1	1
r3i1231p1f1	1852-08-15	7	1.108	1.287	0.353	3.0690035142885246	2.0199106599794456	(7, 1.108)	1	1	1
r3i1231p1f1	1853-06-10	5	1.18	1.266	0.613	2.65273486896079	2.060965448904759	(5, 1.18)	1	1	1
r3i1231p1f1	1853-07-19	8	1.637	2.149	4.636	3.6386666711761113	4.662501911721985	(8, 1.637)	0	0	0
r3i1231p1f1	1853-08-08	4	1.162	1.223	0.42	2.3317554702938255	1.4724720573609429	(4, 1.162)	1	1	1
r3i1231p1f1	1854-06-29	5	1.733	2.117	3.381	3.0143346232087858	3.6584390392267165	(5, 1.733)	2	2	0
r3i1231p1f1	1856-07-14	3	1.306	1.586	0.745	2.052349733401824	1.5833266728259545	(3, 1.306)	1	1	3
r3i1231p1f1	1857-07-12	3	1.152	1.295	0.284	1.9439035072324593	0.9065261281443051	(3, 1.152)	1	1	1
r3i1231p1f1	1857-08-04	5	1.266	1.447	1.042	2.7182849995812974	2.5376504295990374	(5, 1.266)	1	1	1
r3i1231p1f1	1857-08-30	3	1.345	1.474	0.864	2.0780436912094906	1.7028327488148318	(3, 1.345)	1	1	1
r3i1231p1f1	1858-08-01	7	1.676	1.875	4.331	3.466983698397952	4.397053691986972	(7, 1.676)	0	2	0
r3i1231p1f1	1860-06-04	5	1.415	1.597	1.788	2.822579411966787	3.0440674637073983	(5, 1.415)	2	3	3
r3i1231p1f1	1860-06-22	8	1.531	2.0	3.787	3.5735408621661033	4.462338861846589	(8, 1.531)	0	2	2
r3i1231p1f1	1860-07-13	11	1.399	1.722	3.754	3.9520037930896628	4.926939897474012	(11, 1.399)	0	0	2
r3i1231p1f1	1860-07-31	3	1.325	1.414	0.802	2.0649497866137057	1.6423530647599345	(3, 1.325)	1	1	1
r3i1231p1f1	1862-08-22	10	1.481	1.971	4.232	3.867722721732131	4.903996855415302	(10, 1.481)	0	0	2
r3i1231p1f1	1865-05-31	11	1.293	1.625	2.594	3.874785296201382	4.560555296778295	(11, 1.293)	2	3	2
r3i1231p1f1	1865-07-20	9	1.482	2.268	3.82	3.7139134718335782	4.645736147734753	(9, 1.482)	0	0	2
r3i1231p1f1	1865-08-05	3	1.436	1.589	1.136	2.1355471302653513	1.9319313496243482	(3, 1.436)	1	3	3
r3i1231p1f1	1866-06-01	6	1.168	1.266	0.663	2.8995530426925122	2.3743539927803337	(6, 1.168)	1	1	1
r3i1231p1f1	1866-06-26	5	1.073	1.133	0.077	2.5646804520240467	0.6210528104683317	(5, 1.073)	1	1	1
r3i1231p1f1	1867-06-25	3	1.484	1.572	1.281	2.1645969489671297	2.0355250837068217	(3, 1.484)	2	3	3
r3i1231p1f1	1868-06-16	4	1.776	2.214	2.874	2.721821605186128	3.177720441446708	(4, 1.776)	2	2	0
r3i1231p1f1	1868-07-15	4	1.278	1.352	0.881	2.41805434280016	2.0854236133573836	(4, 1.278)	1	1	1
r3i1231p1f1	1869-08-09	10	1.561	2.052	5.039	3.9192598417505953	5.077341285172117	(10, 1.561)	0	0	4
r3i1231p1f1	1870-07-14	5	1.229	1.325	0.86	2.690608150529249	2.3622767906660798	(5, 1.229)	1	1	1
r3i1231p1f1	1872-06-13	5	1.266	1.434	1.041	2.7182849995812974	2.536766211461138	(5, 1.266)	1	1	1
r3i1231p1f1	1873-06-01	3	1.096	1.136	0.116	1.901358448189443	0.471723200581372	(3, 1.096)	1	1	1
r3i1231p1f1	1873-06-06	16	1.464	2.059	6.511	4.550671760651593	6.034773047708176	(16, 1.464)	0	0	4
r3i1231p1f1	1873-07-03	5	1.521	1.871	2.318	2.8906659906546777	3.292721940368728	(5, 1.521)	2	3	3
r3i1231p1f1	1873-07-21	3	1.367	1.529	0.929	2.0922516855351465	1.7625410038512317	(3, 1.367)	1	1	3
r3i1231p1f1	1873-07-30	10	1.685	2.095	6.281	3.9942364981436165	5.296428883662085	(10, 1.685)	0	0	4
r3i1231p1f1	1874-08-09	4	1.194	1.398	0.545	2.3563154154150134	1.6789639750827106	(4, 1.194)	1	1	1
r3i1231p1f1	1877-06-10	5	1.394	1.614	1.684	2.8085224166557703	2.9870795651372353	(5, 1.394)	2	3	3
r3i1231p1f1	1877-08-04	4	1.189	1.335	0.526	2.352517461742255	1.6501959049062682	(4, 1.189)	1	1	1
r3i1231p1f1	1878-08-07	3	1.37	1.755	0.939	2.0941735925475293	1.7714185082929799	(3, 1.37)	2	3	3
r3i1231p1f1	1879-08-19	5	1.223	1.365	0.828	2.6860469405919445	2.3279917361501647	(5, 1.223)	1	1	1
r3i1231p1f1	1881-06-26	4	1.235	1.387	0.709	2.3869262414277967	1.8979196650564456	(4, 1.235)	1	1	1
r3i1231p1f1	1881-07-25	4	1.512	1.884	1.82	2.572306840068834	2.7447035187502458	(4, 1.512)	2	3	3
r3i1231p1f1	1882-07-26	8	1.768	2.466	5.682	3.7137006743464323	4.864213429522595	(8, 1.768)	0	0	4
r3i1231p1f1	1883-06-12	11	1.407	1.929	3.841	3.957596609253851	4.949686510701051	(11, 1.407)	0	0	2
r3i1231p1f1	1884-07-29	3	1.415	1.707	1.073	2.1225675612702424	1.8833462940570747	(3, 1.415)	2	3	3
r3i1231p1f1	1884-08-20	6	1.483	1.824	2.554	3.1265657683665555	3.6515923715700995	(6, 1.483)	2	3	3
r3i1231p1f1	1889-07-27	12	1.594	2.074	6.434	4.208585564788076	5.592688358843907	(12, 1.594)	0	0	4
r3i1231p1f1	1892-06-01	3	1.181	1.295	0.371	1.9652443208753656	1.0742419116691944	(3, 1.181)	1	1	1
r3i1231p1f1	1892-06-18	12	1.329	1.78	3.265	4.0297259055754	4.9179606476155975	(12, 1.329)	0	0	2
r3i1231p1f1	1892-08-16	4	1.354	1.582	1.187	2.470807725408499	2.3509942322017334	(4, 1.354)	1	3	3
r3i1231p1f1	1894-07-07	5	1.602	1.889	2.722	2.9397387133494814	3.4478546434074833	(5, 1.602)	2	2	0
r3i1231p1f1	1897-06-12	6	1.38	1.551	1.933	3.0578510759497184	3.3813069397615623	(6, 1.38)	2	3	3
r3i1231p1f1	1897-06-22	24	1.56	2.376	12.055	5.217203792040752	7.257265539096006	(24, 1.56)	0	0	4
r3i1231p1f1	1897-07-20	10	1.659	2.562	6.017	3.978974607408974	5.253708245388722	(10, 1.659)	0	0	4
r3i1231p1f1	1897-08-01	3	1.183	1.313	0.376	1.9666994485426734	1.0830766704452057	(3, 1.183)	1	1	1
r3i1231p1f1	1897-08-07	4	1.157	1.235	0.398	2.327862900178314	1.4312677267626217	(4, 1.157)	1	1	1
r3i1231p1f1	1899-08-05	4	1.07	1.168	0.052	2.25758772706331	0.347835995271528	(4, 1.07)	1	1	1
r3i1231p1f1	1899-08-15	3	1.169	1.26	0.335	1.9564688071658214	1.008217398267985	(3, 1.169)	1	1	1
r3i1231p1f1	1900-08-16	6	1.664	2.024	3.638	3.2369399061587862	3.997603497790772	(6, 1.664)	2	2	0
r3i1231p1f1	1901-08-14	5	1.375	1.684	1.587	2.795631642232295	2.9308309880366226	(5, 1.375)	2	3	3
r3i1231p1f1	1903-06-25	4	1.369	1.618	1.248	2.4808986283904613	2.39643966846567	(4, 1.369)	1	3	3
r3i1231p1f1	1903-07-21	4	1.321	1.455	1.056	2.4482426654164087	2.245803078895061	(4, 1.321)	1	1	1
r3i1231p1f1	1904-07-17	7	1.579	1.825	3.652	3.4092809296152153	4.22881698196749	(7, 1.579)	2	2	0
r3i1231p1f1	1906-07-05	5	1.558	1.741	2.505	2.913381087064909	3.367528610414624	(5, 1.558)	2	3	3
r3i1231p1f1	1906-07-27	4	1.734	2.149	2.708	2.699480250419143	3.1207777625282156	(4, 1.734)	2	2	0
r3i1231p1f1	1906-08-03	20	1.664	2.522	12.138	5.009519235416968	6.990860116104244	(20, 1.664)	0	0	4
r3i1231p1f1	1910-08-25	3	1.334	1.574	0.831	2.0708632697743425	1.6710977936234879	(3, 1.334)	1	1	3
r3i1231p1f1	1911-07-16	8	1.394	1.651	2.697	3.482550593178586	4.127555967836316	(8, 1.394)	2	3	2
r3i1231p1f1	1911-08-03	3	1.421	1.66	1.091	2.126293232111315	1.897470267505701	(3, 1.421)	2	3	3
r3i1231p1f1	1911-08-09	8	1.615	1.912	4.46	3.6254943595699736	4.624171313845315	(8, 1.615)	0	2	0
r3i1231p1f1	1913-07-21	5	1.295	1.575	1.19	2.7394545584375005	2.660581476076026	(5, 1.295)	1	3	3
r3i1231p1f1	1914-06-11	9	1.554	1.908	4.467	3.7602228941820717	4.800810979951122	(9, 1.554)	0	0	2
r3i1231p1f1	1915-08-12	3	1.36	1.37	0.907	2.0877528189887515	1.7427285693782244	(3, 1.36)	1	1	1
r3i1231p1f1	1916-07-06	6	1.925	2.371	5.208	3.3773010084015747	4.350815282059867	(6, 1.925)	0	2	0
r3i1231p1f1	1916-08-20	3	1.301	1.42	0.73	2.0490073727916243	1.5671964251972268	(3, 1.301)	1	1	1
r3i1231p1f1	1920-08-06	4	1.48	1.635	1.692	2.552565298261815	2.67662833109387	(4, 1.48)	2	3	3
r3i1231p1f1	1921-07-02	5	1.696	2.346	3.192	2.993823275035162	3.602440047724204	(5, 1.696)	2	2	0
r3i1231p1f1	1921-08-17	5	1.682	2.045	3.122	2.985951178763641	3.580877150025322	(5, 1.682)	2	2	0
r3i1231p1f1	1924-07-29	7	1.552	1.829	3.462	3.3926086789005563	4.17618775992238	(7, 1.552)	2	2	0
r3i1231p1f1	1925-05-31	9	1.422	1.681	3.284	3.673613520443503	4.496113960711649	(9, 1.422)	2	3	2
r3i1231p1f1	1925-06-15	3	1.361	1.496	0.911	2.088396754709009	1.7463601496317653	(3, 1.361)	1	1	3
r3i1231p1f1	1926-06-16	5	1.73	2.139	3.364	3.0126871245548767	3.653528491727778	(5, 1.73)	2	2	0
r3i1231p1f1	1928-06-08	5	1.354	1.547	1.485	2.781187906031063	2.8680582491735835	(5, 1.354)	1	3	3
r3i1231p1f1	1928-08-21	3	1.187	1.319	0.388	1.969603367051763	1.1039669733908037	(3, 1.187)	1	1	1
r3i1231p1f1	1928-08-26	5	1.349	1.447	1.456	2.7777179519859563	2.8494672875326525	(5, 1.349)	1	3	3
r3i1231p1f1	1929-06-30	3	1.31	1.4	0.757	2.055015601727822	1.5960461180986638	(3, 1.31)	1	1	1
r3i1231p1f1	1929-07-13	6	1.65	2.299	3.559	3.2288241142758576	3.976056473436454	(6, 1.65)	0	2	0
r3i1231p1f1	1929-07-26	9	1.548	2.181	4.418	3.75644464027636	4.789872240481104	(9, 1.548)	0	0	0
r3i1231p1f1	1930-06-28	5	1.405	1.538	1.737	2.815910242856531	3.0165270743942383	(5, 1.405)	2	3	3
r3i1231p1f1	1930-08-06	3	1.351	1.459	0.881	2.0819386616635143	1.7187962772257745	(3, 1.351)	1	1	1
r3i1231p1f1	1931-08-08	5	1.284	1.463	1.132	2.731477390002688	2.614189585366307	(5, 1.284)	1	1	1
r3i1231p1f1	1933-06-17	4	1.414	1.693	1.428	2.510574396536578	2.519630085846386	(4, 1.414)	2	3	3
r3i1231p1f1	1933-08-28	3	1.391	1.771	1.002	2.107524500543906	1.8256043365139252	(3, 1.391)	2	3	3
r3i1231p1f1	1934-07-13	3	1.357	1.595	0.899	2.0858185201642803	1.7354256026520178	(3, 1.357)	1	3	3
r3i1231p1f1	1936-07-07	3	1.418	1.546	1.083	2.1244321317676773	1.891217560871479	(3, 1.418)	1	3	3
r3i1231p1f1	1940-08-26	6	1.406	1.632	2.095	3.07564707166832	3.4591544822730746	(6, 1.406)	2	3	3
r3i1231p1f1	1941-06-04	3	1.11	1.128	0.159	1.9121656080879328	0.6022308629552546	(3, 1.11)	1	1	1
r3i1231p1f1	1941-07-09	3	1.627	1.953	1.71	2.246452739934745	2.2910610093670063	(3, 1.627)	2	2	0
r3i1231p1f1	1941-08-22	3	1.36	1.574	0.907	2.0877528189887515	1.7427285693782244	(3, 1.36)	1	3	3
r3i1231p1f1	1942-08-13	5	1.468	1.763	2.055	2.8572020621904244	3.177036582660677	(5, 1.468)	2	3	3
r3i1231p1f1	1943-06-24	4	1.16	1.206	0.412	2.330200260027019	1.4576843572065634	(4, 1.16)	1	1	1
r3i1231p1f1	1946-06-18	3	1.128	1.165	0.212	1.925891088549062	0.7426914953404987	(3, 1.128)	1	1	1
r3i1231p1f1	1946-07-06	3	1.06	1.134	0.008	1.8730201376660125	0.04072844075062462	(3, 1.06)	1	1	1
r3i1231p1f1	1946-07-13	17	1.723	2.154	11.32	4.802133090553771	6.677650613476407	(17, 1.723)	0	0	4
r3i1231p1f1	1946-08-07	4	1.527	1.72	1.877	2.581428216778622	2.7735882225728647	(4, 1.527)	2	3	3
r3i1231p1f1	1948-06-09	3	1.152	1.229	0.282	1.9439035072324593	0.9023195815637634	(3, 1.152)	1	1	1
r3i1231p1f1	1950-06-17	3	1.187	1.249	0.388	1.969603367051763	1.1039669733908037	(3, 1.187)	1	1	1
r3i1231p1f1	1952-06-27	4	1.456	1.626	1.593	2.537499099907171	2.6206023652418997	(4, 1.456)	2	3	3
r3i1231p1f1	1952-08-19	7	1.225	1.404	1.172	3.1649397780057384	3.122617921378473	(7, 1.225)	1	1	1
r3i1231p1f1	1953-07-07	4	1.916	2.406	3.433	2.792881425507544	3.3486401309234792	(4, 1.916)	2	2	0
r3i1231p1f1	1956-07-27	3	1.303	1.445	0.736	2.0503456578987986	1.573679779711439	(3, 1.303)	1	1	1
r3i1231p1f1	1957-07-05	4	1.186	1.231	0.516	2.3502317464613984	1.6347157196183688	(4, 1.186)	1	1	1
r3i1231p1f1	1957-07-24	3	1.372	1.577	0.945	2.0954528148814386	1.776707426721953	(3, 1.372)	1	3	3
r3i1231p1f1	1957-08-01	8	1.425	1.781	2.94	3.503876381932222	4.21249206440109	(8, 1.425)	2	3	2
r3i1231p1f1	1957-08-22	4	1.361	1.643	1.215	2.4755294879754035	2.372111155642656	(4, 1.361)	1	3	3
r3i1231p1f1	1958-08-02	3	1.232	1.353	0.524	2.001704270299514	1.3144717404249726	(3, 1.232)	1	1	1
r3i1231p1f1	1960-07-10	6	1.451	1.709	2.36	3.10571866983907	3.5747241204459796	(6, 1.451)	2	3	3
r3i1231p1f1	1962-06-29	4	1.149	1.295	0.366	2.3216030988298075	1.3681303904922195	(4, 1.149)	1	1	1
r3i1231p1f1	1965-07-20	8	1.532	2.208	3.795	3.574175503107332	4.464424806531053	(8, 1.532)	0	2	0
r3i1231p1f1	1965-08-11	3	1.742	2.006	2.052	2.3077415277398248	2.456378975296123	(3, 1.742)	2	2	0
r3i1231p1f1	1966-06-19	5	1.142	1.265	0.424	2.6223432930337425	1.7475400628641369	(5, 1.142)	1	1	1
r3i1231p1f1	1966-07-13	5	1.285	1.459	1.14	2.7322052224153808	2.620717861464038	(5, 1.285)	1	1	1
r3i1231p1f1	1968-08-05	3	1.695	1.854	1.912	2.283145192266379	2.3919726259740743	(3, 1.695)	2	2	0
r3i1231p1f1	1969-06-11	6	1.484	1.711	2.558	3.1272102887424755	3.6531167380691927	(6, 1.484)	2	3	3
r3i1231p1f1	1970-08-22	3	1.27	1.368	0.639	2.0280316058632835	1.463334426473694	(3, 1.27)	1	1	1
r3i1231p1f1	1971-07-13	15	1.763	2.573	10.577	4.638808467385593	6.422383234770933	(15, 1.763)	0	0	4
r3i1231p1f1	1973-07-01	5	1.501	1.771	2.221	2.8781692858116847	3.251596028111747	(5, 1.501)	2	3	3
r3i1231p1f1	1975-06-20	8	1.595	1.847	4.302	3.613367076175951	4.588462872100556	(8, 1.595)	0	2	2
r3i1231p1f1	1975-08-24	4	1.336	1.39	1.117	2.4585626744483986	2.296164525191123	(4, 1.336)	1	1	1
r3i1231p1f1	1978-07-27	3	1.223	1.444	0.497	1.9953659981339325	1.2760574624548071	(3, 1.223)	1	1	1
r3i1231p1f1	1980-06-24	3	1.487	1.716	1.29	2.1663848452922383	2.041614618038424	(3, 1.487)	2	3	3
r3i1231p1f1	1980-08-01	4	1.313	1.483	1.024	2.442694800978691	2.2183335405464546	(4, 1.313)	1	1	1
r3i1231p1f1	1981-07-01	5	1.791	2.322	3.668	3.045664106652828	3.7378954667621125	(5, 1.791)	0	2	0
r3i1231p1f1	1982-07-19	4	1.306	1.413	0.996	2.43781504225415	2.193662685769859	(4, 1.306)	1	1	1
r3i1231p1f1	1982-08-21	3	1.398	1.525	1.021	2.111935484477859	1.841386049152454	(3, 1.398)	1	3	3
r3i1231p1f1	1985-08-12	3	1.258	1.379	0.603	2.0197923479787105	1.4190712590751862	(3, 1.258)	1	1	1
r3i1231p1f1	1986-06-21	11	1.481	1.974	4.664	4.0078991061541025	5.142576112186472	(11, 1.481)	0	0	2
r3i1231p1f1	1986-07-13	3	1.215	1.291	0.472	1.9896980531777022	1.2391229198413687	(3, 1.215)	1	1	1
r3i1231p1f1	1987-07-19	7	1.756	2.099	4.892	3.512189264832245	4.517443366542485	(7, 1.756)	0	2	0
r3i1231p1f1	1988-05-30	5	1.249	1.349	0.958	2.705663656868713	2.4605085565333504	(5, 1.249)	1	1	1
r3i1231p1f1	1988-07-21	3	1.427	1.656	1.11	2.130005073835971	1.9121656080879328	(3, 1.427)	2	3	3
r3i1231p1f1	1988-08-02	3	1.348	1.512	0.873	2.0799930727846583	1.7113157623497717	(3, 1.348)	1	1	3
r3i1231p1f1	1988-08-11	12	1.534	2.356	5.72	4.170799032657149	5.47552560115994	(12, 1.534)	0	0	4
r3i1231p1f1	1990-08-26	3	1.495	1.63	1.312	2.1711369998729504	2.0563458755484163	(3, 1.495)	2	3	3
r3i1231p1f1	1991-06-23	6	1.458	1.733	2.403	3.1103162541243323	3.592278877670681	(6, 1.458)	2	3	3
r3i1231p1f1	1993-07-10	3	1.384	1.532	0.979	2.1030939735949343	1.8061608073299462	(3, 1.384)	1	3	3
r3i1231p1f1	1993-07-17	6	1.526	1.731	2.815	3.1539117448166505	3.746484976104657	(6, 1.526)	2	3	3
r3i1231p1f1	1993-07-29	3	1.493	1.731	1.306	2.16995107670417	2.052349733401824	(3, 1.493)	2	3	3
r3i1231p1f1	1996-06-29	4	1.273	1.432	0.862	2.4144841854914545	2.0663563021311804	(4, 1.273)	1	1	1
r3i1231p1f1	1996-07-22	5	1.561	1.778	2.519	2.915200435179769	3.372910252565066	(5, 1.561)	2	3	3
r3i1231p1f1	1996-08-12	4	1.526	1.878	1.873	2.580822706617827	2.771588221906198	(4, 1.526)	2	3	3
r3i1231p1f1	1998-07-12	3	1.329	1.462	0.814	2.0675823194866925	1.654347809921891	(3, 1.329)	1	1	1
r3i1231p1f1	1999-07-11	4	1.491	1.766	1.735	2.5593955017787398	2.700018029404946	(4, 1.491)	2	3	3
r3i1231p1f1	2000-08-04	7	1.602	1.845	3.815	3.4232672147560783	4.2718599875185275	(7, 1.602)	2	2	0
r3i1231p1f1	2002-06-16	5	1.314	1.504	1.283	2.7530851717417453	2.730749027464107	(5, 1.314)	1	3	3
r3i1231p1f1	2002-06-24	6	1.418	1.639	2.165	3.0837549974914813	3.49100370843344	(6, 1.418)	2	3	3
r3i1231p1f1	2002-07-31	5	1.388	1.523	1.652	2.8044695693990853	2.968870787231565	(5, 1.388)	1	3	3
r3i1231p1f1	2006-07-20	9	1.416	1.635	3.231	3.6694927403137463	4.480026376180533	(9, 1.416)	2	3	2
r3i1231p1f1	2006-08-05	4	1.435	1.639	1.511	2.5241273629412815	2.571695779860391	(4, 1.435)	2	3	3
r3i1231p1f1	2006-08-23	13	1.318	1.822	3.389	4.139596976782383	5.074234452565314	(13, 1.318)	0	0	2
r3i1231p1f1	2008-06-04	4	1.174	1.215	0.466	2.341036279368298	1.5535022801037972	(4, 1.174)	1	1	1
r3i1231p1f1	2008-06-27	4	1.065	1.411	0.029	2.253394848803274	0.20863886511132804	(4, 1.065)	1	1	1
r3i1231p1f1	2009-06-29	3	1.161	1.298	0.31	1.950575387425793	0.9596594650996648	(3, 1.161)	1	1	1
r3i1231p1f1	2009-07-27	5	1.396	1.522	1.695	2.8098697238147503	2.9932630329526266	(5, 1.396)	1	3	3
r3i1231p1f1	2009-08-13	3	1.322	1.49	0.794	2.062970828995383	1.6342758849234178	(3, 1.322)	1	1	1
r3i1251p1f1	1851-08-22	4	1.73	2.194	2.698	2.6973262377392344	3.117241690951188	(4, 1.73)	2	2	0
r3i1251p1f1	1852-06-18	7	1.254	1.364	1.392	3.187360596423602	3.2876628374348242	(7, 1.254)	1	1	1
r3i1251p1f1	1854-07-27	5	1.08	1.172	0.123	2.5706841955283615	0.865073984519909	(5, 1.08)	1	1	1
r3i1251p1f1	1854-08-08	4	1.324	1.479	1.075	2.450315205018381	2.2617630984737906	(4, 1.324)	1	1	1
r3i1251p1f1	1856-06-20	3	1.275	1.439	0.658	2.0314446947383757	1.4859288806888242	(3, 1.275)	1	1	1
r3i1251p1f1	1856-06-27	8	1.67	2.077	4.919	3.658105413224111	4.7212118326442605	(8, 1.67)	0	0	0
r3i1251p1f1	1856-08-22	7	1.4	1.839	2.412	3.2931801121212207	3.821460570219032	(7, 1.4)	2	3	2
r3i1251p1f1	1857-08-20	3	1.319	1.426	0.79	2.0609879473370127	1.6302126972159934	(3, 1.319)	1	1	1
r3i1251p1f1	1860-07-09	7	1.671	1.912	4.31	3.464089331868112	4.392253128564026	(7, 1.671)	0	2	0
r3i1251p1f1	1860-08-09	5	1.466	1.95	2.055	2.8559170805777683	3.177036582660677	(5, 1.466)	2	3	3
r3i1251p1f1	1860-08-23	7	1.264	1.461	1.459	3.194976808908985	3.3329563039325407	(7, 1.264)	1	3	1
r3i1251p1f1	1861-06-08	3	1.354	1.488	0.895	2.083880472575465	1.7317540214284177	(3, 1.354)	1	1	3
r3i1251p1f1	1861-07-15	7	1.477	1.756	2.949	3.3447830252403534	4.018475322511341	(7, 1.477)	2	3	2
r3i1251p1f1	1862-05-30	6	1.3	1.485	1.467	3.001019272397774	3.116196543308726	(6, 1.3)	1	3	3
r3i1251p1f1	1862-08-12	4	1.337	1.541	1.127	2.459246903007423	2.3041838143577427	(4, 1.337)	1	3	3
r3i1251p1f1	1866-07-08	3	1.675	2.045	1.859	2.272492344956274	2.366465336934557	(3, 1.675)	2	2	0
r3i1251p1f1	1867-07-28	3	1.524	1.732	1.404	2.1881766897282877	2.1157009033810676	(3, 1.524)	2	3	3
r3i1251p1f1	1867-08-13	5	1.266	1.328	1.054	2.7182849995812974	2.5482005092667586	(5, 1.266)	1	1	1
r3i1251p1f1	1869-06-17	5	1.073	1.139	0.088	2.5646804520240467	0.685049437206812	(5, 1.073)	1	1	1
r3i1251p1f1	1870-07-05	3	1.341	1.558	0.858	2.0754385904061903	1.6971371622100757	(3, 1.341)	1	1	3
r3i1251p1f1	1870-07-28	7	1.8	2.28	5.214	3.536207953244787	4.58051504404585	(7, 1.8)	0	2	0
r3i1251p1f1	1870-08-16	4	1.238	1.31	0.729	2.3891296943942315	1.9216174564862687	(4, 1.238)	1	1	1
r3i1251p1f1	1870-08-29	5	1.42	1.609	1.824	2.8258973911598266	3.0630609589416786	(5, 1.42)	2	3	3
r3i1251p1f1	1873-06-27	4	1.212	1.317	0.625	2.369869839799642	1.791759469228055	(4, 1.212)	1	1	1
r3i1251p1f1	1873-08-10	3	1.154	1.189	0.297	1.9453899989154602	0.9334456490554206	(3, 1.154)	1	1	1
r3i1251p1f1	1874-06-23	7	1.292	1.618	1.653	3.215998684156201	3.4535996941721097	(7, 1.292)	1	3	2
r3i1251p1f1	1874-08-16	3	1.1	1.137	0.134	1.9044581443609874	0.5284402265182326	(3, 1.1)	1	1	1
r3i1251p1f1	1876-07-13	4	1.409	1.535	1.413	2.5073202446249003	2.5099244127632883	(4, 1.409)	1	3	3
r3i1251p1f1	1876-08-14	3	1.378	1.603	0.968	2.0992806926337417	1.7967263712524728	(3, 1.378)	1	3	3
r3i1251p1f1	1877-07-25	5	1.846	2.346	3.954	3.074492964363732	3.8112533559366235	(5, 1.846)	0	2	0
r3i1251p1f1	1878-06-10	4	1.241	1.357	0.743	2.3913283028284344	1.937877977358049	(4, 1.241)	1	1	1
r3i1251p1f1	1881-06-12	4	1.587	1.897	2.126	2.6171038193993863	2.890816103604431	(4, 1.587)	2	2	0
r3i1251p1f1	1882-07-17	5	1.335	1.474	1.399	2.7679375315664663	2.8118872870867615	(5, 1.335)	1	3	3
r3i1251p1f1	1883-07-02	3	1.794	2.051	2.215	2.3342676042320805	2.5264865663164073	(3, 1.794)	2	2	0
r3i1251p1f1	1886-07-17	7	1.322	1.559	1.867	3.2380422746538926	3.5717084653646523	(7, 1.322)	1	3	2
r3i1251p1f1	1887-06-04	4	1.448	1.728	1.57	2.5324261657559766	2.6071242825122494	(4, 1.448)	2	3	3
r3i1251p1f1	1887-07-06	4	1.519	1.673	1.855	2.576573838313824	2.7625383863862796	(4, 1.519)	2	3	3
r3i1251p1f1	1887-07-31	10	1.384	1.731	3.288	3.8014471985665996	4.653728794458536	(10, 1.384)	2	3	2
r3i1251p1f1	1888-08-12	4	1.161	1.232	0.421	2.3309781674952634	1.4743052384426039	(4, 1.161)	1	1	1
r3i1251p1f1	1889-06-10	4	1.516	2.079	1.842	2.5747473537877896	2.755951081086758	(4, 1.516)	2	2	0
r3i1251p1f1	1889-06-27	3	1.354	1.66	0.897	2.083880472575465	1.7335914971028565	(3, 1.354)	1	3	3
r3i1251p1f1	1890-06-22	3	1.291	1.413	0.708	2.042288949592007	1.5430578920360207	(3, 1.291)	1	1	1
r3i1251p1f1	1890-07-23	7	1.811	2.45	5.288	3.54212355534293	4.594464388198331	(7, 1.811)	0	2	0
r3i1251p1f1	1891-06-29	6	1.497	1.771	2.651	3.1355514694935467	3.6879185888484574	(6, 1.497)	2	3	3
r3i1251p1f1	1893-08-27	5	1.403	1.486	1.738	2.814571055036787	3.0170744369439846	(5, 1.403)	1	3	3
r3i1251p1f1	1894-08-26	3	1.156	1.208	0.302	1.9468742842202946	0.943609369210124	(3, 1.156)	1	1	1
r3i1251p1f1	1895-07-30	8	1.431	1.882	3.003	3.5079519369179386	4.233383536723339	(8, 1.431)	2	3	2
r3i1251p1f1	1897-06-02	6	1.785	2.208	4.374	3.3044674831916674	4.178753245287128	(6, 1.785)	0	2	0
r3i1251p1f1	1897-06-23	4	1.099	1.165	0.174	2.2815657257699704	0.8721298360883852	(4, 1.099)	1	1	1
r3i1251p1f1	1897-07-08	4	1.464	1.66	1.634	2.542546429234415	2.644187007435257	(4, 1.464)	2	3	3
r3i1251p1f1	1897-07-15	6	1.598	1.926	3.257	3.19808958626023	3.88912132350974	(6, 1.598)	2	2	0
r3i1251p1f1	1898-07-21	4	1.498	1.662	1.771	2.56371783021229	2.7191879455126657	(4, 1.498)	2	3	3
r3i1251p1f1	1899-06-20	5	1.446	1.617	1.954	2.8429756244580964	3.128792861499948	(5, 1.446)	2	3	3
r3i1251p1f1	1899-08-12	4	1.872	1.99	3.266	2.771087596113514	3.3005664048233374	(4, 1.872)	2	2	0
r3i1251p1f1	1900-06-11	3	1.185	1.318	0.388	1.9681524618896862	1.1039669733908037	(3, 1.185)	1	1	1
r3i1251p1f1	1900-08-14	3	1.424	1.761	1.106	2.128150875193778	1.9090897475184052	(3, 1.424)	2	3	3
r3i1251p1f1	1901-06-22	3	1.339	1.492	0.852	2.074133490620374	1.6914089499878149	(3, 1.339)	1	1	1
r3i1251p1f1	1902-06-25	8	1.196	1.363	1.121	3.334430271671161	3.2720500584594854	(8, 1.196)	1	1	1
r3i1251p1f1	1906-06-06	4	1.743	1.935	2.751	2.7043098814864868	3.1358419815386362	(4, 1.743)	2	2	0
r3i1251p1f1	1906-06-16	3	1.426	1.488	1.112	2.1293873895490134	1.913699997788122	(3, 1.426)	1	3	3
r3i1251p1f1	1906-07-13	5	1.271	1.363	1.078	2.7219670441761172	2.5689725151390577	(5, 1.271)	1	1	1
r3i1251p1f1	1906-07-31	6	1.513	1.72	2.744	3.1457229361379913	3.72154989380739	(6, 1.513)	2	3	3
r3i1251p1f1	1907-08-10	4	1.541	1.827	1.94	2.589867085424487	2.804571768092832	(4, 1.541)	2	3	3
r3i1251p1f1	1908-06-26	4	1.261	1.398	0.822	2.405863442447547	2.024985355883777	(4, 1.261)	1	1	1
r3i1251p1f1	1908-07-14	5	1.842	2.168	3.932	3.0724241151616343	3.8057975922463942	(5, 1.842)	0	2	0
r3i1251p1f1	1908-08-29	4	1.251	1.387	0.783	2.398622281190988	1.9829306412989922	(4, 1.251)	1	1	1
r3i1251p1f1	1909-06-03	5	1.338	1.526	1.411	2.7700414036690306	2.819917079278944	(5, 1.338)	1	3	3
r3i1251p1f1	1909-07-30	3	1.346	1.717	0.872	2.078693907391348	1.7103767511387091	(3, 1.346)	1	3	3
r3i1251p1f1	1909-08-07	4	1.165	1.182	0.438	2.334083760053417	1.5049658908373893	(4, 1.165)	1	1	1
r3i1251p1f1	1909-08-22	3	1.274	1.438	0.655	2.0307630082612924	1.4823951003662912	(3, 1.274)	1	1	1
r3i1251p1f1	1911-07-10	4	1.429	1.719	1.496	2.5202737936252917	2.562484784433375	(4, 1.429)	2	3	3
r3i1251p1f1	1911-08-14	4	1.348	1.612	1.168	2.4667426791603293	2.3364066414695563	(4, 1.348)	1	3	3
r3i1251p1f1	1913-08-07	3	1.385	1.66	0.989	2.1037281090948614	1.8146610066145417	(3, 1.385)	1	3	3
r3i1251p1f1	1913-08-12	4	1.284	1.436	0.913	2.422321774596379	2.1167373264235327	(4, 1.284)	1	1	1
r3i1251p1f1	1913-08-23	8	1.512	1.713	3.653	3.5614055208657063	4.426736513092355	(8, 1.512)	2	3	2
r3i1251p1f1	1915-06-18	10	1.602	1.979	5.467	3.9446777504039696	5.158375296118875	(10, 1.602)	0	0	4
r3i1251p1f1	1915-07-03	3	1.826	2.047	2.31	2.350248367591603	2.5651887208466295	(3, 1.826)	2	2	0
r3i1251p1f1	1915-07-31	5	1.227	1.375	0.856	2.689090057670178	2.3580548932776337	(5, 1.227)	1	1	1
r3i1251p1f1	1915-08-26	3	1.589	1.848	1.601	2.2253461228047464	2.2320596221857856	(3, 1.589)	2	3	3
r3i1251p1f1	1916-05-31	4	1.506	1.776	1.801	2.5686348653187125	2.7348868550557697	(4, 1.506)	2	3	3
r3i1251p1f1	1916-07-24	5	1.325	1.599	1.347	2.760892484079883	2.776326591971347	(5, 1.325)	1	3	3
r3i1251p1f1	1917-06-02	3	1.454	1.837	1.196	2.146539942428245	1.9761065146616097	(3, 1.454)	2	3	3
r3i1251p1f1	1919-08-04	4	1.46	1.703	1.62	2.5400259490090797	2.6361960973342264	(4, 1.46)	2	3	3
r3i1251p1f1	1919-08-10	3	1.086	1.135	0.092	1.8935669098428978	0.3907209606670657	(3, 1.086)	1	1	1
r3i1251p1f1	1920-07-16	3	1.655	1.919	1.797	2.261724791446281	2.335776696731353	(3, 1.655)	2	2	0
r3i1251p1f1	1921-08-04	3	1.219	1.369	0.49	1.9925360413504454	1.2658525498042004	(3, 1.219)	1	1	1
r3i1251p1f1	1923-07-11	3	1.576	1.846	1.561	2.2180219404578065	2.2095037599672738	(3, 1.576)	2	3	3
r3i1251p1f1	1923-07-29	3	1.312	1.415	0.769	2.0563458755484163	1.6086058089442759	(3, 1.312)	1	1	1
r3i1251p1f1	1924-06-04	3	1.658	1.838	1.807	2.263347334247639	2.340790620619954	(3, 1.658)	2	2	0
r3i1251p1f1	1924-08-07	5	1.408	1.652	1.763	2.8179156679086597	3.0306620254974934	(5, 1.408)	2	3	3
r3i1251p1f1	1925-08-07	3	1.323	1.458	0.803	2.06363091677193	1.6433581403858413	(3, 1.323)	1	1	1
r3i1251p1f1	1926-07-13	5	1.275	1.387	1.098	2.7249029495298647	2.5859588878670148	(5, 1.275)	1	1	1
r3i1251p1f1	1928-06-18	6	1.889	2.209	5.002	3.3590730375327027	4.310988183491545	(6, 1.889)	0	2	0
r3i1251p1f1	1928-06-27	8	1.348	1.64	2.339	3.4500433573935507	3.9876039902476315	(8, 1.348)	2	3	2
r3i1251p1f1	1932-07-27	5	1.345	1.56	1.445	2.774933293376471	2.8423241343256467	(5, 1.345)	1	3	3
r3i1251p1f1	1933-06-11	6	1.202	1.309	0.879	2.9266886878321094	2.6332267148146187	(6, 1.202)	1	1	1
r3i1251p1f1	1933-07-21	4	1.469	1.69	1.654	2.545688122047859	2.655492950363534	(4, 1.469)	2	3	3
r3i1251p1f1	1933-08-21	8	1.446	1.803	3.123	3.51806874198926	4.27200838979266	(8, 1.446)	2	3	2
r3i1251p1f1	1934-08-20	3	1.523	1.732	1.402	2.187593922179111	2.114447338462442	(3, 1.523)	2	3	3
r3i1251p1f1	1936-06-23	5	1.452	1.708	1.98	2.8468756771092045	3.1414362218567127	(5, 1.452)	2	3	3
r3i1251p1f1	1937-06-26	9	1.568	2.157	4.613	3.7689836983555978	4.832712050526076	(9, 1.568)	0	0	4
r3i1251p1f1	1937-08-15	6	1.6	1.939	3.265	3.1992893166699217	3.8915244188553797	(6, 1.6)	2	2	0
r3i1251p1f1	1938-06-16	4	1.29	1.402	0.937	2.4265710727750367	2.139595464499583	(4, 1.29)	1	1	1
r3i1251p1f1	1938-07-15	4	1.517	1.866	1.847	2.5753565527100726	2.7584897978602796	(4, 1.517)	2	3	3
r3i1251p1f1	1939-06-04	3	1.119	1.143	0.191	1.9190518967353905	0.6893726222375843	(3, 1.119)	1	1	1
r3i1251p1f1	1939-06-29	3	1.263	1.428	0.621	2.023233625810394	1.441447726282995	(3, 1.263)	1	1	1
r3i1251p1f1	1940-07-26	5	1.561	1.907	2.526	2.915200435179769	3.375590251685468	(5, 1.561)	2	2	0
r3i1251p1f1	1941-06-04	3	1.278	1.442	0.667	2.033486970417922	1.4964559081980222	(3, 1.278)	1	1	1
r3i1251p1f1	1941-07-06	3	1.36	1.647	0.914	2.0877528189887515	1.7490752060589894	(3, 1.36)	1	3	3
r3i1251p1f1	1943-08-30	3	1.387	1.676	0.994	2.1049951749847424	1.8188841638866633	(3, 1.387)	1	3	3
r3i1251p1f1	1944-07-01	4	1.313	1.52	1.029	2.442694800978691	2.2226757097657437	(4, 1.313)	1	1	3
r3i1251p1f1	1944-08-02	3	1.619	1.927	1.689	2.2420461120737913	2.279961236850693	(3, 1.619)	2	2	0
r3i1251p1f1	1946-06-13	6	1.283	1.483	1.366	2.9885148928055028	3.048135803165188	(6, 1.283)	1	3	1
r3i1251p1f1	1947-06-17	4	1.158	1.243	0.409	2.3286426273133354	1.4520821016578938	(4, 1.158)	1	1	1
r3i1251p1f1	1947-06-28	4	1.485	1.662	1.717	2.5556757206762075	2.690293479512951	(4, 1.485)	2	3	3
r3i1251p1f1	1947-07-09	4	1.498	1.766	1.77	2.56371783021229	2.7186603802142257	(4, 1.498)	2	3	3
r3i1251p1f1	1947-08-08	4	1.178	1.389	0.49	2.344110839822544	1.5933085305042167	(4, 1.178)	1	1	1
r3i1251p1f1	1948-08-21	6	1.407	1.781	2.111	3.0763252486599653	3.466524250787144	(6, 1.407)	2	3	3
r3i1251p1f1	1950-07-31	11	1.368	1.643	3.433	3.93003127569621	4.838230023680445	(11, 1.368)	0	0	2
r3i1251p1f1	1951-06-13	4	1.4	1.588	1.377	2.501435951739211	2.4862390950217788	(4, 1.4)	1	3	3
r3i1251p1f1	1952-07-02	5	1.287	1.376	1.157	2.7336592999459226	2.6344505381872394	(5, 1.287)	1	1	1
r3i1251p1f1	1952-07-27	4	1.275	1.416	0.877	2.4159137783010487	2.081439544342509	(4, 1.275)	1	1	1
r3i1251p1f1	1953-06-28	4	1.375	1.554	1.278	2.4849066497880004	2.41805434280016	(4, 1.375)	1	3	3
r3i1251p1f1	1953-07-05	5	1.288	1.43	1.163	2.7343855466009805	2.6392526883287366	(5, 1.288)	1	1	1
r3i1251p1f1	1954-08-15	13	1.47	1.864	5.395	4.247095475320239	5.536843354039164	(13, 1.47)	0	0	4
r3i1251p1f1	1955-07-05	3	1.349	1.566	0.882	2.0806420230924974	1.7197274192609726	(3, 1.349)	1	1	3
r3i1251p1f1	1957-06-06	7	1.406	1.617	2.455	3.297298183074984	3.8387474681336444	(7, 1.406)	2	3	2
r3i1251p1f1	1957-06-30	5	1.264	1.4	1.043	2.716808377251539	2.5385338665858783	(5, 1.264)	1	1	1
r3i1251p1f1	1957-07-24	8	1.564	2.185	4.069	3.5942742308520175	4.533362210433456	(8, 1.564)	0	2	0
r3i1251p1f1	1960-08-19	4	1.713	1.959	2.63	2.688119565613331	3.092858984284714	(4, 1.713)	2	2	0
r3i1251p1f1	1962-07-10	3	1.347	1.43	0.873	2.0793437010668283	1.7113157623497717	(3, 1.347)	1	1	1
r3i1251p1f1	1962-07-16	5	1.383	1.519	1.637	2.8010796039966817	2.9602199284798036	(5, 1.383)	1	3	3
r3i1251p1f1	1963-08-14	5	1.145	1.237	0.446	2.6247764972967196	1.7894955067018894	(5, 1.145)	1	1	1
r3i1251p1f1	1967-06-13	6	1.244	1.354	1.131	2.9592234348299713	2.8691615928398186	(6, 1.244)	1	1	1
r3i1251p1f1	1967-06-22	4	1.166	1.283	0.44	2.3348586535443414	1.5085119938441398	(4, 1.166)	1	1	1
r3i1251p1f1	1967-07-02	9	1.356	1.76	2.705	3.6273231484148307	4.304537954360682	(9, 1.356)	2	3	2
r3i1251p1f1	1967-07-23	7	1.655	2.421	4.195	3.454770657972754	4.365547690249317	(7, 1.655)	0	2	0
r3i1251p1f1	1967-08-08	6	1.384	1.802	1.968	3.0606096196622503	3.3986466273454083	(6, 1.384)	2	3	3
r3i1251p1f1	1967-08-22	7	1.582	1.774	3.689	3.4111163595066376	4.2387512965640814	(7, 1.582)	2	2	0
r3i1251p1f1	1968-07-29	3	1.406	1.569	1.053	2.1169528988419004	1.8674154154423224	(3, 1.406)	1	3	3
r3i1251p1f1	1968-08-15	12	1.691	2.078	7.62	4.266805860135717	5.761288361212983	(12, 1.691)	0	0	4
r3i1251p1f1	1970-06-28	10	1.769	2.318	7.132	4.042010231554422	5.422893466887455	(10, 1.769)	0	0	4
r3i1251p1f1	1974-06-21	4	1.162	1.232	0.425	2.3317554702938255	1.4816045409242156	(4, 1.162)	1	1	1
r3i1251p1f1	1974-07-21	3	1.679	2.197	1.87	2.274632012416793	2.3718130730172167	(3, 1.679)	2	2	0
r3i1251p1f1	1974-08-22	4	1.791	2.12	2.942	2.7296812212285047	3.2001414268119506	(4, 1.791)	2	2	0
r3i1251p1f1	1975-07-16	6	1.18	1.422	0.749	2.9092146316882888	2.4855736692866586	(6, 1.18)	1	1	1
r3i1251p1f1	1975-08-19	3	1.133	1.197	0.232	1.9296705251208113	0.7909575786066801	(3, 1.133)	1	1	1
r3i1251p1f1	1976-08-09	4	1.556	1.858	2.003	2.5988303961063144	2.834624113159234	(4, 1.556)	2	3	3
r3i1251p1f1	1976-08-19	6	1.348	1.734	1.754	3.0355044230820503	3.287596714685364	(6, 1.348)	2	3	3
r3i1251p1f1	1977-06-24	5	1.236	1.416	0.901	2.6959033999037683	2.4045536238476415	(5, 1.236)	1	1	1
r3i1251p1f1	1979-06-05	5	1.371	1.708	1.578	2.792896490666054	2.9254480155044478	(5, 1.371)	2	3	3
r3i1251p1f1	1980-06-09	4	1.44	1.737	1.537	2.5273273656719524	2.5874632381130924	(4, 1.44)	2	3	3
r3i1251p1f1	1980-07-05	7	1.231	1.435	1.23	3.169619992284691	3.168841476129223	(7, 1.231)	1	1	1
r3i1251p1f1	1981-07-27	6	1.495	1.885	2.636	3.1342727307748186	3.6823866658050965	(6, 1.495)	2	3	0
r3i1251p1f1	1981-08-26	3	1.551	1.725	1.485	2.2037843932447	2.165193269654166	(3, 1.551)	2	3	3
r3i1251p1f1	1982-08-11	3	1.53	1.709	1.422	2.191666181004662	2.126912829977665	(3, 1.53)	2	3	3
r3i1251p1f1	1984-08-12	4	1.404	1.705	1.392	2.504055468626761	2.4961762420462312	(4, 1.404)	2	3	3
r3i1251p1f1	1985-08-29	4	1.271	1.335	0.861	2.4130525460200167	2.065342617300334	(4, 1.271)	1	1	1
r3i1251p1f1	1986-06-05	5	1.701	2.036	3.23	2.9966197870291538	3.6139537817974308	(5, 1.701)	2	2	0
r3i1251p1f1	1987-07-09	4	1.354	1.675	1.194	2.470807725408499	2.3563154154150134	(4, 1.354)	1	3	3
r3i1251p1f1	1987-07-15	4	1.435	1.632	1.518	2.5241273629412815	2.575965380734967	(4, 1.435)	2	3	3
r3i1251p1f1	1987-08-20	6	1.33	1.557	1.647	3.0227114478908437	3.227076413465659	(6, 1.33)	1	3	3
r3i1251p1f1	1989-06-26	7	1.425	2.059	2.588	3.3102279757409065	3.8903995086803516	(7, 1.425)	2	2	2
r3i1251p1f1	1989-08-02	7	1.759	2.054	4.927	3.5138453559671015	4.524494878744789	(7, 1.759)	0	2	0
r3i1251p1f1	1989-08-11	3	1.083	1.117	0.083	1.891217560871479	0.3585696036960979	(3, 1.083)	1	1	1
r3i1251p1f1	1991-06-13	6	1.217	1.323	0.969	2.938430125362549	2.724011037543016	(6, 1.217)	1	1	1
r3i1251p1f1	1991-07-14	5	1.187	1.227	0.659	2.6582339519398657	2.1243962630117896	(5, 1.187)	1	1	1
r3i1251p1f1	1992-06-04	3	1.391	1.551	1.008	2.107524500543906	1.8306149942480556	(3, 1.391)	1	3	3
r3i1251p1f1	1992-08-18	10	1.294	1.502	2.385	3.73576000858116	4.336248658118422	(10, 1.294)	2	3	2
r3i1251p1f1	1994-07-02	3	1.212	1.411	0.469	1.9875642639627233	1.2345976845847308	(3, 1.212)	1	1	1
r3i1251p1f1	1994-08-19	3	1.414	1.664	1.076	2.121945264387058	1.8857141863884672	(3, 1.414)	2	3	3
r3i1251p1f1	1997-06-23	6	1.502	1.697	2.68	3.1387411806536503	3.6985276369476	(6, 1.502)	2	3	3
r3i1251p1f1	1997-07-08	3	1.473	1.615	1.254	2.158013844065666	2.017030773679079	(3, 1.473)	2	3	3
r3i1251p1f1	1997-08-08	3	1.263	1.479	0.624	2.023233625810394	1.4451289374708147	(3, 1.263)	1	1	1
r3i1251p1f1	1997-08-20	9	1.632	2.439	5.186	3.808083701592413	4.948915906575802	(9, 1.632)	0	0	4
r3i1251p1f1	1999-08-01	5	1.529	1.721	2.369	2.8956212710590035	3.3136849771240926	(5, 1.529)	2	3	3
r3i1251p1f1	2000-08-08	3	1.381	1.587	0.977	2.101189150752198	1.8044520625451974	(3, 1.381)	1	3	3
r3i1251p1f1	2001-06-26	4	1.256	1.327	0.8	2.402249416106991	2.0014800002101243	(4, 1.256)	1	1	1
r3i1251p1f1	2004-07-29	4	1.273	1.352	0.87	2.4144841854914545	2.0744289998562917	(4, 1.273)	1	1	1
r3i1251p1f1	2006-06-10	4	1.393	1.672	1.352	2.4968352206532742	2.4694545452290786	(4, 1.393)	2	3	3
r3i1251p1f1	2006-06-29	6	1.378	1.75	1.935	3.0564689452493714	3.3823059201945167	(6, 1.378)	2	3	3
r3i1251p1f1	2007-07-08	15	1.443	1.847	5.815	4.440657794731649	5.825471862789273	(15, 1.443)	0	0	4
r3i1251p1f1	2007-08-24	4	1.085	1.136	0.119	2.2700619012884857	0.6688544879909007	(4, 1.085)	1	1	1
r3i1251p1f1	2009-06-23	3	1.292	1.312	0.711	2.042962826728956	1.5463840214970004	(3, 1.292)	1	1	1
r3i1251p1f1	2009-08-28	6	1.308	1.58	1.512	3.0068500168428662	3.145090241515181	(6, 1.308)	1	3	3
r3i1281p1f1	1851-08-07	3	1.372	1.467	0.989	2.0954528148814386	1.8146610066145417	(3, 1.372)	1	1	3
r3i1281p1f1	1853-08-16	6	1.541	1.997	2.991	3.163277790442658	3.805740796785964	(6, 1.541)	2	2	0
r3i1281p1f1	1856-08-12	5	1.165	1.297	0.616	2.6408482940902527	2.065227165745004	(5, 1.165)	1	1	1
r3i1281p1f1	1857-07-14	5	1.529	2.002	2.431	2.8956212710590035	3.3385914369267113	(5, 1.529)	2	2	0
r3i1281p1f1	1857-08-01	5	1.617	1.919	2.871	2.948567791147106	3.4994956930665624	(5, 1.617)	2	2	0
r3i1281p1f1	1857-08-10	6	1.365	1.551	1.937	3.0474382299710787	3.383303903661432	(6, 1.365)	2	3	3
r3i1281p1f1	1858-06-03	5	1.347	1.646	1.526	2.776326591971347	2.8937659172328307	(5, 1.347)	2	3	3
r3i1281p1f1	1860-06-16	3	1.346	1.535	0.913	2.078693907391348	1.748171006061704	(3, 1.346)	1	1	3
r3i1281p1f1	1861-06-11	6	1.329	1.613	1.722	3.0219959055421666	3.2698779417202473	(6, 1.329)	2	3	3
r3i1281p1f1	1861-08-23	4	1.18	1.225	0.551	2.3456445824544927	1.687879338740663	(4, 1.18)	1	1	1
r3i1281p1f1	1864-08-05	3	1.435	1.706	1.179	2.134932860799873	1.9637870727255824	(3, 1.435)	2	3	3
r3i1281p1f1	1864-08-26	3	1.15	1.318	0.325	1.9424148026019987	0.9890762295420122	(3, 1.15)	1	1	1
r3i1281p1f1	1866-06-01	3	1.128	1.215	0.257	1.925891088549062	0.8481879666831477	(3, 1.128)	1	1	1
r3i1281p1f1	1866-06-12	10	1.184	1.309	1.419	3.64913415829746	3.8258706048189635	(10, 1.184)	1	1	2
r3i1281p1f1	1866-08-14	4	1.308	1.579	1.064	2.4392116905258705	2.2525541593884806	(4, 1.308)	1	3	3
r3i1281p1f1	1867-08-11	4	1.534	1.788	1.969	2.5856565528881434	2.818517654128181	(4, 1.534)	2	3	3
r3i1281p1f1	1868-06-10	3	1.231	1.286	0.566	2.0010019984654726	1.371440149364611	(3, 1.231)	1	1	1
r3i1281p1f1	1869-07-08	10	1.371	1.798	3.287	3.7922215353232436	4.65342751003043	(10, 1.371)	2	3	2
r3i1281p1f1	1869-08-10	5	1.569	2.139	2.633	2.9200359096845747	3.415686404438441	(5, 1.569)	2	2	0
r3i1281p1f1	1870-06-25	13	1.276	1.482	3.033	4.107735905885286	4.963985805726458	(13, 1.276)	0	0	2
r3i1281p1f1	1872-07-26	5	1.18	1.377	0.687	2.65273486896079	2.161124461474931	(5, 1.18)	1	1	1
r3i1281p1f1	1872-08-16	4	1.485	1.822	1.771	2.5556757206762075	2.7191879455126657	(4, 1.485)	2	3	3
r3i1281p1f1	1873-06-22	6	1.194	1.342	0.913	2.920369758028874	2.6684985667608783	(6, 1.194)	1	1	1
r3i1281p1f1	1874-07-11	5	1.531	1.831	2.446	2.8968562639553945	3.3445251330890406	(5, 1.531)	2	3	3
r3i1281p1f1	1874-08-06	5	1.288	1.513	1.229	2.7343855466009805	2.690608150529249	(5, 1.288)	1	1	1
r3i1281p1f1	1875-05-28	10	1.238	1.556	1.957	3.692597469542634	4.141319966575597	(10, 1.238)	1	3	2
r3i1281p1f1	1875-08-24	3	1.28	1.384	0.714	2.034846174051035	1.5496991244861298	(3, 1.28)	1	1	1
r3i1281p1f1	1876-06-18	5	1.764	2.125	3.609	3.031201707600973	3.722068712973917	(5, 1.764)	2	2	0
r3i1281p1f1	1876-07-25	4	1.294	1.487	1.007	2.4293939398577415	2.203427521460827	(4, 1.294)	1	1	1
r3i1281p1f1	1876-08-10	6	1.082	1.237	0.241	2.8274371296950256	1.5133591142925513	(6, 1.082)	1	1	1
r3i1281p1f1	1879-06-09	5	1.17	1.306	0.639	2.6448262053484672	2.097310583661056	(5, 1.17)	1	1	1
r3i1281p1f1	1879-07-08	5	1.637	1.911	2.975	2.9602199284798036	3.534022600659621	(5, 1.637)	2	2	0
r3i1281p1f1	1879-07-15	4	1.609	1.861	2.267	2.629872420038186	2.951571377768221	(4, 1.609)	2	2	0
r3i1281p1f1	1879-08-24	5	1.509	1.809	2.335	2.8831867233698234	3.2997585600743196	(5, 1.509)	2	3	3
r3i1281p1f1	1881-06-11	4	1.332	1.555	1.159	2.4558210688929036	2.3294217469476055	(4, 1.332)	1	3	3
r3i1281p1f1	1882-07-29	4	1.467	1.63	1.7	2.5444326291020274	2.681021528714291	(4, 1.467)	2	3	3
r3i1281p1f1	1883-07-14	8	1.623	2.284	4.645	3.630304390503322	4.664423062267606	(8, 1.623)	0	0	0
r3i1281p1f1	1884-08-13	3	1.867	2.384	2.475	2.3703574334339628	2.629041426516628	(3, 1.867)	2	2	0
r3i1281p1f1	1884-08-20	3	1.471	1.59	1.285	2.156812245860361	2.03823612251305	(3, 1.471)	2	3	3
r3i1281p1f1	1884-08-28	5	1.256	1.513	1.067	2.710879986726104	2.559505540585122	(5, 1.256)	1	1	1
r3i1281p1f1	1885-06-22	3	1.191	1.195	0.446	1.972498877229363	1.1992066584340162	(3, 1.191)	1	1	1
r3i1281p1f1	1885-06-29	3	1.355	1.444	0.939	2.0845269058647236	1.7714185082929799	(3, 1.355)	1	1	1
r3i1281p1f1	1885-07-08	3	1.257	1.443	0.643	2.019102669039607	1.4681337632632208	(3, 1.257)	1	1	1
r3i1281p1f1	1885-08-27	3	1.058	1.14	0.046	1.871421991289987	0.214323175068972	(3, 1.058)	1	1	1
r3i1281p1f1	1888-07-07	3	1.516	1.755	1.422	2.1835050122308313	2.126912829977665	(3, 1.516)	2	3	3
r3i1281p1f1	1889-06-28	5	1.424	1.732	1.906	2.8285438707677337	3.1050228087094687	(5, 1.424)	2	3	3
r3i1281p1f1	1891-08-05	4	1.478	1.731	1.743	2.551318415307252	2.7043098814864868	(4, 1.478)	2	3	3
r3i1281p1f1	1892-07-25	4	1.271	1.465	0.917	2.4130525460200167	2.1205834850110112	(4, 1.271)	1	1	1
r3i1281p1f1	1893-07-03	4	1.291	1.409	0.996	2.427277536951364	2.193662685769859	(4, 1.291)	1	1	1
r3i1281p1f1	1897-06-25	3	1.284	1.418	0.726	2.0375590515374253	1.5628507183091673	(3, 1.284)	1	1	1
r3i1281p1f1	1898-08-05	3	1.525	1.761	1.45	2.1887591178572414	2.144107517146862	(3, 1.525)	2	3	3
r3i1281p1f1	1899-07-26	3	1.457	1.686	1.244	2.1483603864132905	2.0100932874778716	(3, 1.457)	2	3	3
r3i1281p1f1	1900-06-03	12	1.328	1.554	3.435	4.0289865647625795	4.968355769672791	(12, 1.328)	0	0	2
r3i1281p1f1	1900-06-19	3	1.342	1.564	0.9	2.0760905021222955	1.736341395488426	(3, 1.342)	1	1	3
r3i1281p1f1	1900-06-30	5	1.875	2.481	4.164	3.0893654702378397	3.8618855752257293	(5, 1.875)	0	2	0
r3i1281p1f1	1901-06-27	3	1.269	1.377	0.679	2.0273475879573266	1.5103217479538902	(3, 1.269)	1	1	1
r3i1281p1f1	1901-08-14	3	1.248	1.323	0.617	2.0128740600650636	1.4365182695604304	(3, 1.248)	1	1	1
r3i1281p1f1	1902-08-05	6	1.352	1.933	1.861	3.0383252171038535	3.344662389968948	(6, 1.352)	2	3	3
r3i1281p1f1	1902-08-21	3	1.122	1.2	0.238	1.9213368284541927	0.8049945355799463	(3, 1.122)	1	1	1
r3i1281p1f1	1905-06-15	5	1.736	2.112	3.468	3.0159794120746404	3.683198818055743	(5, 1.736)	2	2	0
r3i1281p1f1	1905-07-12	3	1.184	1.317	0.425	1.96742621912213	1.1657613929071542	(3, 1.184)	1	1	1
r3i1281p1f1	1905-07-18	9	1.519	1.938	4.292	3.73797909420028	4.761181989991685	(9, 1.519)	0	0	2
r3i1281p1f1	1907-08-02	4	1.629	1.773	2.345	2.6413404356298273	2.983659692319722	(4, 1.629)	2	2	0
r3i1281p1f1	1908-06-12	3	1.391	1.549	1.045	2.107524500543906	1.8609713161181207	(3, 1.391)	1	3	3
r3i1281p1f1	1908-06-19	6	1.511	1.891	2.815	3.144457146336442	3.746484976104657	(6, 1.511)	2	2	0
r3i1281p1f1	1908-07-12	6	1.577	1.97	3.21	3.185404743818375	3.874885308167008	(6, 1.577)	2	2	0
r3i1281p1f1	1908-08-30	3	1.278	1.475	0.708	2.033486970417922	1.5430578920360207	(3, 1.278)	1	1	1
r3i1281p1f1	1910-07-15	10	1.798	2.564	7.562	4.057987452091526	5.481186426193002	(10, 1.798)	0	0	4
r3i1281p1f1	1911-08-22	4	1.187	1.293	0.58	2.3509942322017334	1.7298840655099674	(4, 1.187)	1	1	1
r3i1281p1f1	1912-06-13	5	1.296	1.477	1.268	2.7401766099921643	2.719759444712057	(5, 1.296)	1	1	1
r3i1281p1f1	1914-06-17	4	1.155	1.287	0.45	2.3263016196113617	1.5260563034950494	(4, 1.155)	1	1	1
r3i1281p1f1	1915-07-04	7	1.658	2.373	4.309	3.456524536762848	4.392023954468117	(7, 1.658)	0	2	0
r3i1281p1f1	1915-07-30	8	1.701	2.218	5.266	3.6760281363814067	4.788790714680196	(8, 1.701)	0	0	4
r3i1281p1f1	1919-08-25	4	1.714	2.028	2.685	2.68866348730202	3.1126260250254902	(4, 1.714)	2	2	0
r3i1281p1f1	1920-06-24	4	1.422	1.454	1.518	2.515759113270765	2.575965380734967	(4, 1.422)	1	3	3
r3i1281p1f1	1921-07-12	7	1.195	1.593	1.069	3.1412043912398553	3.03486437993067	(7, 1.195)	1	1	1
r3i1281p1f1	1921-07-31	4	1.25	1.372	0.832	2.3978952727983707	2.0354896541506533	(4, 1.25)	1	1	1
r3i1281p1f1	1921-08-12	3	1.346	1.615	0.911	2.078693907391348	1.7463601496317653	(3, 1.346)	1	3	3
r3i1281p1f1	1922-06-05	8	1.579	1.789	4.294	3.603558232727945	4.586620485062419	(8, 1.579)	0	2	2
r3i1281p1f1	1923-07-14	7	1.628	1.88	4.104	3.4388457677187128	4.343898192410928	(7, 1.628)	2	2	0
r3i1281p1f1	1924-06-15	3	1.384	1.659	1.026	2.1030939735949343	1.8454980658277378	(3, 1.384)	1	3	3
r3i1281p1f1	1924-08-07	5	1.477	1.8	2.175	2.8629641332260825	3.231485557180855	(5, 1.477)	2	3	3
r3i1281p1f1	1926-06-16	3	1.308	1.52	0.797	2.0536835559213014	1.637312477901555	(3, 1.308)	1	1	1
r3i1281p1f1	1928-06-02	4	1.26	1.37	0.87	2.4051416813191375	2.0744289998562917	(4, 1.26)	1	1	1
r3i1281p1f1	1928-07-21	3	1.364	1.488	0.965	2.090326077682387	1.794137820026899	(3, 1.364)	1	1	3
r3i1281p1f1	1929-07-24	9	1.695	2.581	5.876	3.8451350598865144	5.0729964464860196	(9, 1.695)	0	0	4
r3i1281p1f1	1929-08-07	5	1.907	2.361	4.322	3.105523825102048	3.898358651797139	(5, 1.907)	0	2	0
r3i1281p1f1	1930-08-25	3	1.523	1.696	1.442	2.187593922179111	2.1392248442209048	(3, 1.523)	2	3	3
r3i1281p1f1	1931-06-15	6	1.225	1.491	1.095	2.9446363075620363	2.8386776586406683	(6, 1.225)	1	1	1
r3i1281p1f1	1931-08-20	4	1.375	1.446	1.33	2.4849066497880004	2.454447442303292	(4, 1.375)	1	3	3
r3i1281p1f1	1933-07-04	3	1.444	1.633	1.207	2.140447749317067	1.9839977994098914	(3, 1.444)	2	3	3
r3i1281p1f1	1934-07-08	3	1.771	1.934	2.185	2.322621608682619	2.513946955466278	(3, 1.771)	2	2	0
r3i1281p1f1	1934-08-19	3	1.216	1.395	0.523	1.9904083056570567	1.3130749947901585	(3, 1.216)	1	1	1
r3i1281p1f1	1935-06-21	3	1.492	1.651	1.35	2.169357587297304	2.081290552536939	(3, 1.492)	2	3	3
r3i1281p1f1	1935-08-11	5	1.62	2.033	2.888	2.9503242907871545	3.5052216527956985	(5, 1.62)	2	2	0
r3i1281p1f1	1937-08-05	3	1.128	1.153	0.258	1.925891088549062	0.8504104363179789	(3, 1.128)	1	1	1
r3i1281p1f1	1938-07-12	3	1.362	1.466	0.96	2.089040276042879	1.7898086218618807	(3, 1.362)	1	1	3
r3i1281p1f1	1938-08-09	10	1.45	2.129	4.079	3.8470155972589817	4.8674521836738265	(10, 1.45)	0	0	2
r3i1281p1f1	1940-06-20	4	1.204	1.269	0.649	2.363868321410944	1.823258136287426	(4, 1.204)	1	1	1
r3i1281p1f1	1940-07-18	7	1.972	2.708	6.509	3.6249261243301167	4.8003122657565065	(7, 1.972)	0	0	4
r3i1281p1f1	1941-06-05	6	1.591	1.828	3.293	3.193879158527109	3.8998900648401023	(6, 1.591)	2	2	0
r3i1281p1f1	1943-06-14	4	1.346	1.526	1.213	2.4653839832991364	2.3706175033858727	(4, 1.346)	1	3	3
r3i1281p1f1	1943-08-07	5	1.588	2.228	2.728	2.9314273113446543	3.4499865049769864	(5, 1.588)	2	2	0
r3i1281p1f1	1943-08-28	4	1.149	1.197	0.429	2.3216030988298075	1.4888509494449826	(4, 1.149)	1	1	1
r3i1281p1f1	1945-06-17	8	1.597	2.018	4.441	3.614586444150626	4.619944101145562	(8, 1.597)	0	2	0
r3i1281p1f1	1946-07-16	6	1.891	2.463	5.092	3.360094466493568	4.328583803021221	(6, 1.891)	0	2	0
r3i1281p1f1	1947-05-31	3	1.208	1.257	0.497	1.984712110619881	1.2760574624548071	(3, 1.208)	1	1	1
r3i1281p1f1	1947-06-24	6	1.323	1.604	1.685	3.0176918659770933	3.248991415745556	(6, 1.323)	1	3	3
r3i1281p1f1	1948-07-08	3	1.69	1.895	1.944	2.2804926005829125	2.4070640480682517	(3, 1.69)	2	2	0
r3i1281p1f1	1948-08-01	3	1.366	1.549	0.973	2.0916102281588795	1.8010257885243162	(3, 1.366)	1	3	3
r3i1281p1f1	1949-08-20	6	1.771	2.27	4.373	3.296883651518857	4.178528098222568	(6, 1.771)	0	2	0
r3i1281p1f1	1950-08-18	3	1.119	1.223	0.231	1.9190518967353905	0.7885988092895502	(3, 1.119)	1	1	1
r3i1281p1f1	1951-06-08	4	1.541	1.725	1.995	2.589867085424487	2.830857630363757	(4, 1.541)	2	3	3
r3i1281p1f1	1952-07-17	3	1.938	2.065	2.686	2.404251700133077	2.705170418999944	(3, 1.938)	2	2	0
r3i1281p1f1	1952-08-14	7	1.258	1.697	1.507	3.190414045740376	3.364188613807715	(7, 1.258)	1	3	2
r3i1281p1f1	1955-08-10	4	1.247	1.411	0.818	2.3957110709835296	2.020752545331156	(4, 1.247)	1	1	1
r3i1281p1f1	1957-07-14	8	1.748	2.091	5.645	3.7026029771310736	4.8577309291566975	(8, 1.748)	0	0	4
r3i1281p1f1	1958-06-12	3	1.139	1.219	0.292	1.9341870743280345	0.9231775660711189	(3, 1.139)	1	1	1
r3i1281p1f1	1958-06-27	13	1.366	1.8	4.214	4.174808405047157	5.290886374854184	(13, 1.366)	0	0	2
r3i1281p1f1	1958-07-16	4	1.411	1.813	1.476	2.508623176405316	2.5500699756944134	(4, 1.411)	2	3	3
r3i1281p1f1	1959-08-16	8	1.572	2.117	4.236	3.599236422469781	4.573160688800301	(8, 1.572)	0	2	0
r3i1281p1f1	1961-06-16	3	1.127	1.203	0.254	1.9251334841096133	0.8414907669685061	(3, 1.127)	1	1	1
r3i1281p1f1	1964-06-20	3	1.145	1.171	0.307	1.9386833160041137	0.9536708266555438	(3, 1.145)	1	1	1
r3i1281p1f1	1964-08-01	4	1.711	1.975	2.676	2.6870308338781346	3.1094180379578074	(4, 1.711)	2	2	0
r3i1281p1f1	1964-08-22	6	1.538	1.724	2.974	3.1614115859985614	3.8001680010527905	(6, 1.538)	2	3	0
r3i1281p1f1	1965-07-02	3	1.657	1.876	1.843	2.2628067791105564	2.358635401755725	(3, 1.657)	2	2	0
r3i1281p1f1	1965-08-23	4	1.517	1.716	1.898	2.5753565527100726	2.7840230998654443	(4, 1.517)	2	3	3
r3i1281p1f1	1967-06-03	3	1.28	1.413	0.714	2.034846174051035	1.5496991244861298	(3, 1.28)	1	1	1
r3i1281p1f1	1968-06-06	5	1.243	1.367	1.002	2.701170757242802	2.501657285216424	(5, 1.243)	1	1	1
r3i1281p1f1	1968-06-21	8	1.321	1.71	2.234	3.4304589829256678	3.9425454126409094	(8, 1.321)	2	3	2
r3i1281p1f1	1968-07-11	8	1.492	2.27	3.595	3.5484703545056036	4.410924588842514	(8, 1.492)	0	2	0
r3i1281p1f1	1968-08-12	3	1.204	1.317	0.484	1.9818517992247855	1.2570218217175886	(3, 1.204)	1	1	1
r3i1281p1f1	1969-07-26	5	1.108	1.196	0.33	2.5943450840730553	1.5453285606034657	(5, 1.108)	1	1	1
r3i1281p1f1	1969-08-19	5	1.672	1.986	3.15	2.9802900686700813	3.589558183383864	(5, 1.672)	2	2	0
r3i1281p1f1	1969-08-29	5	1.076	1.178	0.17	2.567257899875715	1.0649375322637542	(5, 1.076)	1	1	1
r3i1281p1f1	1970-06-20	7	1.646	1.869	4.224	3.4494904891792744	4.372349647873992	(7, 1.646)	0	2	0
r3i1281p1f1	1970-06-29	3	1.21	1.264	0.502	1.986139204138294	1.2832834485922338	(3, 1.21)	1	1	1
r3i1281p1f1	1970-08-08	3	1.168	1.316	0.376	1.9557340263295966	1.0830766704452057	(3, 1.168)	1	1	1
r3i1281p1f1	1970-08-13	10	1.273	1.752	2.311	3.719791578404471	4.305148785884806	(10, 1.273)	2	3	2
r3i1281p1f1	1972-08-21	4	1.199	1.34	0.628	2.3600989991946526	1.7957514904975924	(4, 1.199)	1	1	1
r3i1281p1f1	1973-06-09	3	1.298	1.44	0.767	2.0469965809886865	1.606523451157975	(3, 1.298)	1	1	1
r3i1281p1f1	1973-07-28	3	1.373	1.539	0.993	2.096091812917599	1.8180409580317884	(3, 1.373)	1	3	3
r3i1281p1f1	1974-06-02	5	1.222	1.372	0.897	2.6852847121547896	2.4005068486713954	(5, 1.222)	1	1	1
r3i1281p1f1	1975-06-25	8	1.197	1.383	1.236	3.335236272114489	3.3661740772463804	(8, 1.197)	1	1	1
r3i1281p1f1	1975-08-21	4	1.456	1.5	1.654	2.537499099907171	2.655492950363534	(4, 1.456)	2	3	3
r3i1281p1f1	1977-06-27	3	1.239	1.346	0.59	2.0066064122360014	1.4025932913072967	(3, 1.239)	1	1	1
r3i1281p1f1	1978-07-30	4	1.585	2.08	2.17	2.615934912194404	2.9101743851923443	(4, 1.585)	2	2	0
r3i1281p1f1	1978-08-07	3	1.274	1.564	0.696	2.0307630082612924	1.5296416264070827	(3, 1.274)	1	1	1
r3i1281p1f1	1978-08-13	8	1.466	1.738	3.392	3.531400547015882	4.353526826635311	(8, 1.466)	2	3	2
r3i1281p1f1	1979-08-13	7	1.184	1.455	0.995	3.1323582982534526	2.966697714773418	(7, 1.184)	1	1	1
r3i1281p1f1	1981-06-16	11	1.408	1.828	4.019	3.958293517042693	4.994673007668704	(11, 1.408)	0	0	2
r3i1281p1f1	1982-07-15	5	1.768	2.213	3.628	3.033357528154209	3.7271928594380737	(5, 1.768)	2	2	0
r3i1281p1f1	1986-07-09	4	1.198	1.38	0.624	2.3593434268126545	1.7904252462149184	(4, 1.198)	1	1	1
r3i1281p1f1	1986-08-02	9	1.393	1.722	3.155	3.653537209966645	4.456496148606354	(9, 1.393)	2	3	2
r3i1281p1f1	1987-08-04	8	1.424	2.166	3.05	3.503195504962424	4.248689820886341	(8, 1.424)	2	2	2
r3i1281p1f1	1987-08-20	6	1.546	1.704	3.02	3.166380412607738	3.815176236738649	(6, 1.546)	2	3	0
r3i1281p1f1	1988-07-11	4	1.547	1.814	2.02	2.5934620563423456	2.8425810940598164	(4, 1.547)	2	3	3
r3i1281p1f1	1988-07-24	3	1.51	1.812	1.402	2.1799868757431247	2.114447338462442	(3, 1.51)	2	3	3
r3i1281p1f1	1990-07-04	3	1.035	1.083	-0.023	1.8528573527641976	-0.12727841839105206	(3, 1.035)	1	1	1
r3i1281p1f1	1991-06-07	4	1.224	1.361	0.725	2.3788051189054547	1.916922612182061	(4, 1.224)	1	1	1
r3i1281p1f1	1992-06-22	5	1.341	1.774	1.496	2.7721408587849203	2.8750205550225307	(5, 1.341)	2	3	3
r3i1281p1f1	1992-07-29	3	1.731	2.062	2.066	2.302038928243746	2.462597210012799	(3, 1.731)	2	2	0
r3i1281p1f1	1992-08-17	5	1.717	2.23	3.371	3.005516431533672	3.6555534030325405	(5, 1.717)	2	2	0
r3i1281p1f1	1994-07-10	26	1.417	2.018	9.754	5.240995817212845	7.165595281876181	(26, 1.417)	0	0	4
r3i1281p1f1	1996-06-08	7	1.454	1.766	2.885	3.329646127589864	3.9969328841436775	(7, 1.454)	2	3	2
r3i1281p1f1	1996-07-02	3	1.113	1.135	0.213	1.914466310658481	0.7451609367199176	(3, 1.113)	1	1	1
r3i1281p1f1	1999-06-07	6	1.127	1.201	0.51	2.865820017700442	2.139529385682307	(6, 1.127)	1	1	1
r3i1281p1f1	1999-07-02	7	1.684	2.177	4.491	3.4715973302352574	4.432891834537554	(7, 1.684)	0	2	0
r3i1281p1f1	1999-07-12	3	1.318	1.64	0.826	2.060326112082957	1.666200384784523	(3, 1.318)	1	1	3
r3i1281p1f1	1999-08-08	9	1.716	2.172	6.064	3.8571865995223122	5.104295628805845	(9, 1.716)	0	0	4
r3i1281p1f1	2000-07-09	4	1.258	1.431	0.861	2.403696594362457	2.065342617300334	(4, 1.258)	1	1	1
r3i1281p1f1	2001-06-19	3	1.423	1.627	1.144	2.127532044180204	1.9379353448911276	(3, 1.423)	2	3	3
r3i1281p1f1	2001-07-23	8	1.364	1.538	2.57	3.461470468292801	4.080118207221663	(8, 1.364)	2	3	2
r3i1281p1f1	2001-08-12	5	1.213	1.311	0.855	2.678398384671134	2.3569966279742305	(5, 1.213)	1	1	1
r3i1281p1f1	2003-05-30	6	1.236	1.322	1.162	2.953107401309256	2.8946870163547627	(6, 1.236)	1	1	1
r3i1281p1f1	2003-06-24	3	1.293	1.379	0.751	2.043636250061301	1.5897066183619926	(3, 1.293)	1	1	1
r3i1281p1f1	2004-07-14	3	1.132	1.217	0.27	1.9289157796740044	0.8767017910517952	(3, 1.132)	1	1	1
r3i1281p1f1	2004-07-27	12	1.444	1.89	4.826	4.1112992292191155	5.30635027981488	(12, 1.444)	0	0	2
r3i1281p1f1	2004-08-14	7	1.468	1.802	2.983	3.3388871484016636	4.029733738494578	(7, 1.468)	2	3	2
r3i1281p1f1	2006-06-15	8	1.244	1.422	1.618	3.3724036849140187	3.62730083355123	(8, 1.244)	1	3	2
r3i1281p1f1	2006-07-10	5	1.261	1.334	1.095	2.7145893474149636	2.583429253381768	(5, 1.261)	1	1	1
r3i1281p1f1	2008-08-25	9	1.636	2.031	5.345	3.810477425861424	4.978903799934758	(9, 1.636)	0	0	4
r3i1281p1f1	2009-06-21	4	1.369	1.446	1.307	2.4808986283904613	2.4385136102182896	(4, 1.369)	1	3	3
r3i1281p1f1	2010-07-27	3	1.333	1.543	0.874	2.070207940322535	1.712253892645904	(3, 1.333)	1	1	3
r3i1301p1f1	1851-06-01	10	1.654	1.868	6.066	3.976012735367089	5.261776625960321	(10, 1.654)	0	0	4
r3i1301p1f1	1851-07-22	4	1.481	1.714	1.733	2.553188157204406	2.698942182071483	(4, 1.481)	2	3	3
r3i1301p1f1	1852-06-20	4	1.531	1.878	1.934	2.583846597642904	2.801661969725488	(4, 1.531)	2	3	3
r3i1301p1f1	1853-08-04	9	1.562	2.068	4.63	3.7652384622126855	4.836361268881602	(9, 1.562)	0	0	2
r3i1301p1f1	1854-08-11	4	1.183	1.329	0.542	2.3479407947148427	1.6744763086133228	(4, 1.183)	1	1	1
r3i1301p1f1	1855-08-14	4	1.251	1.376	0.813	2.398622281190988	2.0154362117039235	(4, 1.251)	1	1	1
r3i1301p1f1	1855-08-24	5	1.331	1.449	1.417	2.76512546568698	2.823907925014001	(5, 1.331)	1	3	3
r3i1301p1f1	1857-07-21	5	1.504	1.873	2.279	2.8800537762847607	3.2763895272776273	(5, 1.504)	2	3	3
r3i1301p1f1	1859-06-24	11	1.601	1.936	6.081	4.084447062886297	5.406509439393842	(11, 1.601)	0	0	4
r3i1301p1f1	1860-07-21	4	1.257	1.336	0.838	2.402973267025314	2.0417396744958243	(4, 1.257)	1	1	1
r3i1301p1f1	1860-08-01	9	2.139	3.026	9.821	4.073342215550342	5.584123931334326	(9, 2.139)	0	0	4
r3i1301p1f1	1860-08-18	4	1.493	1.704	1.78	2.560632360316136	2.7239235502585	(4, 1.493)	2	3	3
r3i1301p1f1	1861-06-12	10	1.198	1.43	1.506	3.660585076148033	3.8841152117016695	(10, 1.198)	1	3	2
r3i1301p1f1	1862-08-26	7	1.438	1.683	2.729	3.3189793236936085	3.9423928824511854	(7, 1.438)	2	3	2
r3i1301p1f1	1864-06-12	4	1.195	1.303	0.588	2.3570732782781154	1.7411676831119949	(4, 1.195)	1	1	1
r3i1301p1f1	1865-07-23	8	1.172	1.283	0.991	3.314888765737032	3.153751329200563	(8, 1.172)	1	1	1
r3i1301p1f1	1865-08-04	5	1.564	1.837	2.583	2.917016479277314	3.3971497988866868	(5, 1.564)	2	2	0
r3i1301p1f1	1865-08-26	3	1.295	1.412	0.742	2.044981737754121	1.5801213709606003	(3, 1.295)	1	1	1
r3i1301p1f1	1867-06-27	3	1.157	1.323	0.327	1.947615601525812	0.9929338862767116	(3, 1.157)	1	1	1
r3i1301p1f1	1867-07-31	7	1.516	1.931	3.275	3.3699376102727414	4.121535657607439	(7, 1.516)	2	2	0
r3i1301p1f1	1867-08-24	7	1.393	1.655	2.413	3.2883541637732314	3.8218660038583545	(7, 1.393)	2	3	2
r3i1301p1f1	1868-06-06	3	1.065	1.134	0.05	1.8770043651306039	0.230959027667733	(3, 1.065)	1	1	1
r3i1301p1f1	1868-08-19	3	1.094	1.233	0.138	1.8998049895985742	0.5406187874748858	(3, 1.094)	1	1	1
r3i1301p1f1	1870-07-07	3	1.579	1.718	1.593	2.2197169039122184	2.2275889675581926	(3, 1.579)	2	3	3
r3i1301p1f1	1870-08-28	6	1.309	1.502	1.566	3.0075764752386984	3.178695525383921	(6, 1.309)	1	3	3
r3i1301p1f1	1871-06-25	5	1.308	1.618	1.301	2.74880080573658	2.7437790680320884	(5, 1.308)	1	3	3
r3i1301p1f1	1872-07-14	4	1.18	1.256	0.529	2.3456445824544927	1.6547936141548976	(4, 1.18)	1	1	1
r3i1301p1f1	1872-08-07	10	1.378	1.658	3.302	3.7971997737624066	4.657937273027745	(10, 1.378)	2	3	2
r3i1301p1f1	1872-08-21	10	1.829	2.14	7.811	4.074788897304356	5.513450955739929	(10, 1.829)	0	0	4
r3i1301p1f1	1873-07-21	4	1.541	1.861	1.972	2.589867085424487	2.8199492935996187	(4, 1.541)	2	3	3
r3i1301p1f1	1873-08-22	3	1.123	1.201	0.225	1.922097313628501	0.774328145607613	(3, 1.123)	1	1	1
r3i1301p1f1	1880-06-08	5	1.338	1.567	1.451	2.7700414036690306	2.8462267236973093	(5, 1.338)	1	3	3
r3i1301p1f1	1880-07-25	12	1.241	1.398	2.321	3.962476571142239	4.579669368282305	(12, 1.241)	1	3	2
r3i1301p1f1	1881-06-30	4	1.526	1.82	1.913	2.580822706617827	2.791410476480369	(4, 1.526)	2	3	3
r3i1301p1f1	1881-08-26	4	1.294	1.507	0.983	2.4293939398577415	2.181998130004928	(4, 1.294)	1	1	1
r3i1301p1f1	1882-07-07	5	1.802	2.429	3.771	3.0514967499634276	3.7649387396183838	(5, 1.802)	0	2	0
r3i1301p1f1	1882-08-13	5	1.354	1.583	1.531	2.781187906031063	2.8968562639553945	(5, 1.354)	1	3	3
r3i1301p1f1	1883-08-29	3	1.316	1.503	0.805	2.0590011260458523	1.6453652661737146	(3, 1.316)	1	1	1
r3i1301p1f1	1885-06-07	3	1.258	1.389	0.631	2.0197923479787105	1.4536660943084523	(3, 1.258)	1	1	1
r3i1301p1f1	1885-06-22	3	1.171	1.214	0.369	1.9579367511104981	1.0706860368566677	(3, 1.171)	1	1	1
r3i1301p1f1	1885-07-23	9	1.83	2.152	7.04	3.9201895680945396	5.2526921885217615	(9, 1.83)	0	0	4
r3i1301p1f1	1886-06-12	5	1.442	1.738	1.969	2.840367113414099	3.1361066039676357	(5, 1.442)	2	3	3
r3i1301p1f1	1886-07-23	3	1.181	1.33	0.399	1.9652443208753656	1.1227404547234454	(3, 1.181)	1	1	1
r3i1301p1f1	1887-07-30	3	1.566	1.669	1.554	2.2123512232337963	2.2055036405496002	(3, 1.566)	2	3	3
r3i1301p1f1	1889-08-26	5	1.124	1.209	0.38	2.607618410672532	1.6579478768273557	(5, 1.124)	1	1	1
r3i1301p1f1	1890-06-11	10	1.343	1.566	2.949	3.7720569886806397	4.5460099036107735	(10, 1.343)	2	3	2
r3i1301p1f1	1890-07-04	4	1.504	1.808	1.824	2.567407871299744	2.7467579622052596	(4, 1.504)	2	3	3
r3i1301p1f1	1890-07-11	4	1.533	2.03	1.942	2.585053598392939	2.805539822379467	(4, 1.533)	2	2	0
r3i1301p1f1	1890-08-05	7	1.349	1.687	2.111	3.257474407245293	3.6912832407924605	(7, 1.349)	2	3	2
r3i1301p1f1	1893-07-29	6	1.439	2.018	2.345	3.0977875827935564	3.568527139838124	(6, 1.439)	2	3	0
r3i1301p1f1	1893-08-10	4	1.206	1.504	0.632	2.3653720810928105	1.8010495161351476	(4, 1.206)	1	1	1
r3i1301p1f1	1893-08-23	3	1.212	1.277	0.492	1.9875642639627233	1.2687788811593197	(3, 1.212)	1	1	1
r3i1301p1f1	1895-06-26	6	1.201	1.37	0.919	2.925901001769974	2.6745958902068003	(6, 1.201)	1	1	1
r3i1301p1f1	1897-06-11	3	1.346	1.543	0.895	2.078693907391348	1.7317540214284177	(3, 1.346)	1	1	3
r3i1301p1f1	1898-07-01	3	1.313	1.47	0.795	2.057010349436034	1.6352891074723162	(3, 1.313)	1	1	1
r3i1301p1f1	1898-07-31	6	1.273	1.373	1.348	2.981085666534982	3.0355044230820503	(6, 1.273)	1	1	1
r3i1301p1f1	1898-08-08	5	1.531	1.77	2.417	2.8968562639553945	3.333021373169086	(5, 1.531)	2	3	3
r3i1301p1f1	1898-08-27	4	1.432	1.542	1.536	2.5222024345316973	2.586861372310994	(4, 1.432)	2	3	3
r3i1301p1f1	1899-07-04	6	1.215	1.45	1.002	2.9368725428478584	2.7553365260951383	(6, 1.215)	1	1	1
r3i1301p1f1	1899-08-23	5	1.079	1.203	0.157	2.569828721564884	1.0135311792717667	(5, 1.079)	1	1	1
r3i1301p1f1	1902-06-08	9	1.592	1.948	4.898	3.78382593142289	4.892197043833655	(9, 1.592)	0	0	2
r3i1301p1f1	1903-07-03	4	1.55	1.804	2.008	2.5952547069568657	2.8369709811690496	(4, 1.55)	2	3	3
r3i1301p1f1	1903-08-04	3	1.179	1.345	0.394	1.9637870727255824	1.1142507199926883	(3, 1.179)	1	1	1
r3i1301p1f1	1907-06-13	4	1.482	1.682	1.737	2.5538106284352113	2.7010927205347115	(4, 1.482)	2	3	3
r3i1301p1f1	1907-07-10	3	1.406	1.723	1.073	2.1169528988419004	1.8833462940570747	(3, 1.406)	2	3	3
r3i1301p1f1	1909-06-12	6	1.45	1.588	2.413	3.1050601431448617	3.596317587874144	(6, 1.45)	2	3	3
r3i1301p1f1	1909-06-29	8	1.436	1.711	3.108	3.5113355902198404	4.267261085988586	(8, 1.436)	2	3	2
r3i1301p1f1	1910-07-10	5	1.589	1.871	2.707	2.932023279263115	3.442505020652751	(5, 1.589)	2	2	0
r3i1301p1f1	1910-08-02	11	1.419	1.89	4.084	3.9659276180550203	5.0106089742960656	(11, 1.419)	0	0	2
r3i1301p1f1	1911-08-03	3	1.089	1.183	0.125	1.8959107523079055	0.5004837622947399	(3, 1.089)	1	1	1
r3i1301p1f1	1913-06-13	6	1.145	1.259	0.583	2.880769948427343	2.258457131475255	(6, 1.145)	1	1	1
r3i1301p1f1	1913-07-13	7	1.318	1.491	1.891	3.235131053692944	3.584124591249257	(7, 1.318)	1	3	2
r3i1301p1f1	1913-08-21	3	1.216	1.365	0.503	1.9904083056570567	1.2847224010973517	(3, 1.216)	1	1	1
r3i1301p1f1	1914-07-26	3	1.369	1.435	0.962	2.0935333672031136	1.7915425508102527	(3, 1.369)	1	1	3
r3i1301p1f1	1917-06-23	3	1.314	1.508	0.798	2.057674382091276	1.6383226299237716	(3, 1.314)	1	1	1
r3i1301p1f1	1917-08-29	3	1.207	1.44	0.478	1.9839977994098914	1.2481124165809672	(3, 1.207)	1	1	1
r3i1301p1f1	1918-05-30	8	1.255	1.494	1.659	3.3809065185016003	3.6516677263877853	(8, 1.255)	1	3	2
r3i1301p1f1	1918-06-26	3	1.428	1.596	1.141	2.13062237682456	1.93568806891756	(3, 1.428)	1	3	3
r3i1301p1f1	1918-08-13	5	2.149	2.633	5.508	3.2199372780568014	4.1364667047889805	(5, 2.149)	0	2	0
r3i1301p1f1	1920-06-29	11	1.648	2.463	6.602	4.112900893599067	5.488358738431794	(11, 1.648)	0	0	4
r3i1301p1f1	1920-07-15	3	1.356	1.581	0.925	2.085172921547925	1.7589678170762393	(3, 1.356)	1	3	3
r3i1301p1f1	1921-07-13	3	1.279	1.397	0.693	2.034166803163775	1.5262592457129922	(3, 1.279)	1	1	1
r3i1301p1f1	1922-06-20	10	1.259	1.553	2.114	3.7090025139269147	4.217307488472956	(10, 1.259)	2	3	2
r3i1301p1f1	1923-08-13	6	1.64	2.305	3.552	3.222986527102303	3.9741246610354124	(6, 1.64)	0	2	0
r3i1301p1f1	1926-06-30	3	1.288	1.369	0.719	2.0402645892270397	1.555199990446345	(3, 1.288)	1	1	1
r3i1301p1f1	1927-07-07	3	1.641	1.889	1.779	2.2541179198518617	2.3266877911308126	(3, 1.641)	2	2	0
r3i1301p1f1	1928-06-06	4	1.181	1.353	0.534	2.3464105725340754	1.662409797200206	(4, 1.181)	1	1	1
r3i1301p1f1	1928-08-15	4	1.385	1.624	1.35	2.4915511925066687	2.468099531471619	(4, 1.385)	1	3	3
r3i1301p1f1	1928-08-24	4	1.286	1.346	0.951	2.423740214550513	2.1526920034194283	(4, 1.286)	1	1	1
r3i1301p1f1	1930-06-04	4	1.165	1.233	0.47	2.334083760053417	1.5602476682433286	(4, 1.165)	1	1	1
r3i1301p1f1	1930-08-13	8	1.505	1.733	3.655	3.5568972204069795	4.427277317591725	(8, 1.505)	2	3	2
r3i1301p1f1	1930-08-29	4	1.549	1.85	2.006	2.5946575137471193	2.836032894796316	(4, 1.549)	2	3	3
r3i1301p1f1	1931-06-29	3	1.702	2.025	1.963	2.2868470393070943	2.415917993093338	(3, 1.702)	2	2	0
r3i1301p1f1	1931-07-10	13	1.822	2.861	10.06	4.459000262659499	6.15810969313964	(13, 1.822)	0	0	4
r3i1301p1f1	1931-07-25	3	1.712	2.147	1.992	2.2921117331000813	2.42928255469337	(3, 1.712)	2	2	0
r3i1301p1f1	1935-08-09	18	1.46	2.003	7.424	4.722922974586991	6.3420378946365	(18, 1.46)	0	0	4
r3i1301p1f1	1937-06-25	3	1.196	1.333	0.444	1.9761065146616097	1.196069155321417	(3, 1.196)	1	1	1
r3i1301p1f1	1937-07-13	11	1.382	1.668	3.673	3.9400141730283025	4.905286566552129	(11, 1.382)	0	0	2
r3i1301p1f1	1938-06-18	3	1.328	1.623	0.839	2.066924835692335	1.6788840992529575	(3, 1.328)	1	1	3
r3i1301p1f1	1938-07-13	8	1.455	1.738	3.256	3.5240900588243615	4.313143619813927	(8, 1.455)	2	3	2
r3i1301p1f1	1941-07-11	3	1.269	1.454	0.665	2.0273475879573266	1.494126126969534	(3, 1.269)	1	1	1
r3i1301p1f1	1941-08-03	3	1.222	1.397	0.521	1.9946592593953143	1.3102756371655788	(3, 1.222)	1	1	1
r3i1301p1f1	1943-07-29	3	1.412	1.835	1.093	2.1206995076541357	1.8990273544023255	(3, 1.412)	2	3	3
r3i1301p1f1	1943-08-08	5	1.544	1.974	2.481	2.9048467537347187	3.3582350169637403	(5, 1.544)	2	2	0
r3i1301p1f1	1945-06-16	3	1.195	1.284	0.442	1.9753860276277764	1.192921777292329	(3, 1.195)	1	1	1
r3i1301p1f1	1946-06-29	4	1.342	1.643	1.174	2.462661040840681	2.341036279368298	(4, 1.342)	1	3	3
r3i1301p1f1	1947-06-01	4	1.357	1.721	1.237	2.472834068553731	2.388395749407157	(4, 1.357)	2	3	3
r3i1301p1f1	1948-07-29	4	1.66	2.059	2.448	2.658859956911438	3.024514074979443	(4, 1.66)	2	2	0
r3i1301p1f1	1949-08-16	4	1.546	1.826	1.994	2.5928637912930927	2.830385820965998	(4, 1.546)	2	3	3
r3i1301p1f1	1952-06-25	3	1.423	1.594	1.124	2.127532044180204	1.922857220904564	(3, 1.423)	1	3	3
r3i1301p1f1	1952-07-01	7	1.276	1.477	1.597	3.2040403498060464	3.42024331444937	(7, 1.276)	1	3	2
r3i1301p1f1	1952-07-29	11	1.508	2.045	5.06	4.025640435159025	5.223611793418932	(11, 1.508)	0	0	4
r3i1301p1f1	1953-08-10	4	1.408	1.652	1.439	2.506668141569513	2.526688183802955	(4, 1.408)	2	3	3
r3i1301p1f1	1955-06-06	5	1.164	1.263	0.579	2.6400508094541792	2.0113522968254824	(5, 1.164)	1	1	1
r3i1301p1f1	1956-06-26	3	1.607	1.796	1.677	2.235399545522284	2.273562750958529	(3, 1.607)	2	3	3
r3i1301p1f1	1958-08-12	9	1.733	2.242	6.17	3.8668373372508267	5.121520520396782	(9, 1.733)	0	0	4
r3i1301p1f1	1959-06-28	4	1.551	1.827	2.012	2.595851543739727	2.8388445180168467	(4, 1.551)	2	3	3
r3i1301p1f1	1960-08-13	3	1.624	1.815	1.727	2.2448025292398825	2.2999571664191962	(3, 1.624)	2	2	3
r3i1301p1f1	1962-07-16	6	1.962	2.539	5.485	3.3956953817835607	4.401984978215687	(6, 1.962)	0	2	0
r3i1301p1f1	1963-06-27	3	1.518	1.786	1.411	2.184674979251309	2.1200760468377458	(3, 1.518)	2	3	3
r3i1301p1f1	1965-08-02	3	1.378	1.515	0.989	2.0992806926337417	1.8146610066145417	(3, 1.378)	1	1	3
r3i1301p1f1	1966-08-10	20	1.438	2.212	7.805	4.864596524094683	6.5497943979741065	(20, 1.438)	0	0	4
r3i1301p1f1	1968-07-25	3	1.127	1.152	0.239	1.9251334841096133	0.8073149909471471	(3, 1.127)	1	1	1
r3i1301p1f1	1969-07-05	3	1.327	1.484	0.838	2.0662669193286147	1.677914120115881	(3, 1.327)	1	1	1
r3i1301p1f1	1969-07-20	3	1.449	1.692	1.202	2.1434984852175942	1.980418569647406	(3, 1.449)	2	3	3
r3i1301p1f1	1969-08-27	3	1.351	1.497	0.911	2.0819386616635143	1.7463601496317653	(3, 1.351)	1	1	3
r3i1301p1f1	1970-06-14	8	1.35	1.656	2.418	3.4514789077145642	4.0202152055003255	(8, 1.35)	2	3	2
r3i1301p1f1	1971-06-20	4	1.503	1.836	1.822	2.5667938092601843	2.7457312680698984	(4, 1.503)	2	3	3
r3i1301p1f1	1973-06-23	3	1.129	1.204	0.242	1.926648119458506	0.8142442238419348	(3, 1.129)	1	1	1
r3i1301p1f1	1973-06-29	3	1.173	1.228	0.374	1.959402543353941	1.0795521277469189	(3, 1.173)	1	1	1
r3i1301p1f1	1974-08-07	6	1.415	1.804	2.205	3.0817341706840735	3.5087579543294214	(6, 1.415)	2	3	3
r3i1301p1f1	1975-06-06	4	1.159	1.327	0.443	2.3294217469476055	1.5138076814188501	(4, 1.159)	1	1	1
r3i1301p1f1	1975-08-05	5	1.695	1.989	3.235	2.9932630329526266	3.615458925433771	(5, 1.695)	2	2	0
r3i1301p1f1	1976-07-12	3	1.299	1.448	0.754	2.047667294277063	1.5928813918790299	(3, 1.299)	1	1	1
r3i1301p1f1	1976-07-19	3	1.247	1.335	0.597	2.0121795915224925	1.4114997681491706	(3, 1.247)	1	1	1
r3i1301p1f1	1978-08-11	3	1.096	1.176	0.143	1.901358448189443	0.5556363355199463	(3, 1.096)	1	1	1
r3i1301p1f1	1979-06-03	9	1.238	1.56	1.714	3.538812092849314	3.856045071018689	(9, 1.238)	1	3	2
r3i1301p1f1	1979-08-02	3	1.611	1.963	1.688	2.237619979863622	2.2794295906209427	(3, 1.611)	2	2	0
r3i1301p1f1	1979-08-30	3	1.398	1.749	1.052	2.111935484477859	1.866612170346783	(3, 1.398)	2	3	3
r3i1301p1f1	1980-08-10	4	1.57	1.908	2.09	2.6071242825122494	2.8746939451769347	(4, 1.57)	2	2	0
r3i1301p1f1	1980-08-25	6	1.692	2.303	3.866	3.2529765249702645	4.057306442753111	(6, 1.692)	0	2	0
r3i1301p1f1	1981-06-06	6	1.358	1.522	1.863	3.042541544868935	3.345698637273221	(6, 1.358)	1	3	3
r3i1301p1f1	1981-07-01	13	1.676	2.295	8.168	4.376483187998175	5.950256688135646	(13, 1.676)	0	0	4
r3i1301p1f1	1981-07-24	5	1.858	2.242	4.05	3.0806739544524726	3.834718038514735	(5, 1.858)	0	2	0
r3i1301p1f1	1983-07-30	6	1.46	1.573	2.473	3.1116259765128715	3.6202131936610296	(6, 1.46)	2	3	3
r3i1301p1f1	1986-05-30	5	1.2	1.298	0.76	2.6683669929878664	2.2509820995493453	(5, 1.2)	1	1	1
r3i1301p1f1	1986-07-24	6	1.297	1.608	1.492	2.99882394831543	3.1323515515106597	(6, 1.297)	1	3	3
r3i1301p1f1	1987-08-20	3	1.413	1.647	1.096	2.121322580009314	1.901358448189443	(3, 1.413)	2	3	3
r3i1301p1f1	1989-08-01	4	1.621	1.909	2.291	2.6367689990972463	2.9615548217524044	(4, 1.621)	2	2	0
r3i1301p1f1	1990-06-23	3	1.258	1.423	0.63	2.0197923479787105	1.4524509536388943	(3, 1.258)	1	1	1
r3i1301p1f1	1990-08-27	4	1.28	1.474	0.928	2.419478844465545	2.1310847748316744	(4, 1.28)	1	1	1
r3i1301p1f1	1991-08-06	4	1.301	1.45	1.011	2.43431486367194	2.2069548619787955	(4, 1.301)	1	1	1
r3i1301p1f1	1991-08-23	4	1.225	1.274	0.71	2.379546134130174	1.8991179875485544	(4, 1.225)	1	1	1
r3i1301p1f1	1993-06-01	3	1.385	1.443	1.01	2.1037281090948614	1.8322796497164289	(3, 1.385)	1	1	3
r3i1301p1f1	1993-06-19	8	1.289	1.493	1.93	3.4067400098927654	3.799322614359193	(8, 1.289)	1	3	2
r3i1301p1f1	1995-06-17	9	1.351	1.764	2.724	3.6237274114772	4.311443213218419	(9, 1.351)	2	3	2
r3i1301p1f1	1996-07-29	5	1.244	1.41	0.978	2.701920977062884	2.4794226744093772	(5, 1.244)	1	1	1
r3i1301p1f1	1997-07-29	5	1.903	2.598	4.278	3.103518251664181	3.888334516330771	(5, 1.903)	0	2	0
r3i1301p1f1	1998-07-07	6	1.688	2.01	3.842	3.250701264690762	4.051187161349586	(6, 1.688)	2	2	0
r3i1301p1f1	1998-08-15	3	1.155	1.277	0.322	1.9461324169557104	0.9832616972608718	(3, 1.155)	1	1	1
r3i1301p1f1	2002-06-23	3	1.192	1.203	0.431	1.9732214466709417	1.175431867387346	(3, 1.192)	1	1	1
r3i1301p1f1	2002-07-27	3	1.441	1.671	1.179	2.1386128304038983	1.9637870727255824	(3, 1.441)	2	3	3
r3i1301p1f1	2005-06-16	3	1.468	1.654	1.262	2.155007137010737	2.0225463169834965	(3, 1.468)	2	3	3
r3i1301p1f1	2007-07-02	5	1.277	1.498	1.143	2.726367676192942	2.623155019130585	(5, 1.277)	1	1	1
r3i1301p1f1	2007-07-14	6	1.566	1.936	3.108	3.178695525383921	3.843274776658454	(6, 1.566)	2	2	0
r3i1301p1f1	2007-08-09	18	1.808	2.498	13.675	4.934995369257156	6.95208408238324	(18, 1.808)	0	0	4
r3i1301p1f1	2008-08-22	3	1.426	1.569	1.135	2.1293873895490134	1.9311783092390282	(3, 1.426)	1	3	3
r3i1301p1f1	2010-07-18	5	1.268	1.421	1.099	2.719759444712057	2.5868006793464966	(5, 1.268)	1	1	1
r4i1061p1f1	1851-07-07	3	1.512	1.687	1.41	2.181160963696629	2.119452197075461	(3, 1.512)	2	3	3
r4i1061p1f1	1852-06-22	6	1.302	1.479	1.561	3.0024801488784725	3.1756309362970874	(6, 1.302)	1	3	3
r4i1061p1f1	1852-07-28	6	1.638	1.941	3.582	3.221814909208226	3.9823777088363173	(6, 1.638)	2	2	0
r4i1061p1f1	1853-08-16	5	1.908	2.163	4.333	3.106024590602897	3.900849063465313	(5, 1.908)	0	2	0
r4i1061p1f1	1853-08-25	4	1.237	1.426	0.782	2.388395749407157	1.9818287128128356	(4, 1.237)	1	1	1
r4i1061p1f1	1855-06-10	3	1.246	1.363	0.612	2.011484640358179	1.4303220796589575	(3, 1.246)	1	1	1
r4i1061p1f1	1857-07-02	5	1.755	2.007	3.565	3.026334051249276	3.7101004793935575	(5, 1.755)	2	2	0
r4i1061p1f1	1857-07-22	3	1.272	1.431	0.692	2.0293982396318806	1.525129238362278	(3, 1.272)	1	1	1
r4i1061p1f1	1859-06-27	3	1.385	1.489	1.03	2.1037281090948614	1.8487755481388044	(3, 1.385)	1	1	3
r4i1061p1f1	1859-07-03	5	1.636	2.27	2.97	2.9596405349594344	3.532389650088775	(5, 1.636)	2	2	0
r4i1061p1f1	1859-08-05	5	1.796	2.096	3.773	3.0483195262188634	3.7654566807585743	(5, 1.796)	2	2	0
r4i1061p1f1	1859-08-13	5	1.724	2.258	3.41	3.009383962064615	3.666760601354885	(5, 1.724)	2	2	0
r4i1061p1f1	1860-05-30	6	1.602	2.002	3.361	3.2004876094511516	3.919919945416852	(6, 1.602)	2	2	0
r4i1061p1f1	1860-06-19	7	1.407	1.569	2.556	3.297982882502654	3.878213500362273	(7, 1.407)	2	3	2
r4i1061p1f1	1861-06-07	4	1.486	1.825	1.778	2.5562966458746734	2.7228731299938485	(4, 1.486)	2	3	3
r4i1061p1f1	1861-08-03	3	1.421	1.728	1.139	2.126293232111315	1.9341870743280345	(3, 1.421)	2	3	3
r4i1061p1f1	1863-07-31	3	1.421	1.562	1.139	2.126293232111315	1.9341870743280345	(3, 1.421)	1	3	3
r4i1061p1f1	1864-08-02	8	1.388	1.555	2.773	3.478369968111789	4.154903728333526	(8, 1.388)	2	3	2
r4i1061p1f1	1864-08-23	3	1.363	1.604	0.963	2.089683383523351	1.7924083891450562	(3, 1.363)	1	3	3
r4i1061p1f1	1865-06-24	4	1.537	1.775	1.981	2.5874632381130924	2.8242319553916198	(4, 1.537)	2	3	3
r4i1061p1f1	1866-06-20	4	1.238	1.453	0.784	2.3891296943942315	1.9840313568751777	(4, 1.238)	1	1	1
r4i1061p1f1	1866-07-06	10	1.785	2.2	7.431	4.050856799537464	5.463784570550386	(10, 1.785)	0	0	4
r4i1061p1f1	1867-07-28	3	1.417	1.676	1.126	2.1238109944799253	1.9243753052704822	(3, 1.417)	2	3	3
r4i1061p1f1	1867-08-10	4	1.249	1.374	0.832	2.397167735479994	2.0354896541506533	(4, 1.249)	1	1	1
r4i1061p1f1	1868-08-01	4	1.279	1.453	0.951	2.418766847283455	2.1526920034194283	(4, 1.279)	1	1	1
r4i1061p1f1	1868-08-22	7	1.191	1.81	1.047	3.1379966769576804	3.015079471608623	(7, 1.191)	1	3	2
r4i1061p1f1	1869-06-16	3	1.085	1.148	0.131	1.8927844066300867	0.5192079739249634	(3, 1.085)	1	1	1
r4i1061p1f1	1869-08-15	3	1.122	1.256	0.243	1.9213368284541927	0.8165433392211622	(3, 1.122)	1	1	1
r4i1061p1f1	1870-08-01	3	1.115	1.161	0.22	1.9159971769397985	0.7622783578800849	(3, 1.115)	1	1	1
r4i1061p1f1	1871-07-06	3	1.338	1.599	0.888	2.073480301439183	1.7252961370721198	(3, 1.338)	1	1	3
r4i1061p1f1	1872-06-20	10	1.46	2.143	4.183	3.8537422786096465	4.892437731471764	(10, 1.46)	0	0	2
r4i1061p1f1	1872-08-26	3	1.053	1.103	0.036	1.8674154154423224	0.17148091480609778	(3, 1.053)	1	1	1
r4i1061p1f1	1873-07-30	4	1.27	1.515	0.914	2.412335956953165	2.1177002537969263	(4, 1.27)	1	1	1
r4i1061p1f1	1874-06-12	5	1.34	1.533	1.494	2.7714415300444064	2.8737582813906437	(5, 1.34)	1	3	3
r4i1061p1f1	1875-07-31	5	1.291	1.393	1.246	2.73656112731346	2.7034197303220164	(5, 1.291)	1	1	1
r4i1061p1f1	1878-06-05	8	1.436	1.634	3.155	3.5113355902198404	4.282061269933333	(8, 1.436)	2	3	2
r4i1061p1f1	1878-06-30	5	1.388	1.543	1.732	2.8044695693990853	3.0137857585191217	(5, 1.388)	2	3	3
r4i1061p1f1	1878-07-31	4	1.414	1.789	1.49	2.510574396536578	2.558776498354456	(4, 1.414)	2	3	3
r4i1061p1f1	1878-08-06	6	1.17	1.32	0.771	2.901169803833383	2.5121439528092506	(6, 1.17)	1	1	1
r4i1061p1f1	1878-08-20	16	1.275	1.548	3.741	4.414009680526933	5.482404031288659	(16, 1.275)	0	0	2
r4i1061p1f1	1879-07-14	4	1.352	1.695	1.242	2.4694545452290786	2.3920600994216485	(4, 1.352)	2	3	3
r4i1061p1f1	1879-08-01	4	1.371	1.563	1.317	2.4822364212321215	2.445472580542593	(4, 1.371)	1	3	3
r4i1061p1f1	1881-06-23	4	1.779	2.099	2.948	2.7233984780490093	3.2020958248281834	(4, 1.779)	2	2	0
r4i1061p1f1	1883-08-13	10	1.425	2.025	3.831	3.829998228997132	4.805224068032184	(10, 1.425)	0	0	2
r4i1061p1f1	1883-08-26	4	1.094	1.169	0.209	2.2774723921789706	0.9828272556743993	(4, 1.094)	1	1	1
r4i1061p1f1	1884-06-19	3	1.477	1.707	1.308	2.1604127176168655	2.0536835559213014	(3, 1.477)	2	3	3
r4i1061p1f1	1884-07-02	4	1.476	1.8	1.739	2.5500699756944134	2.7021662579432353	(4, 1.476)	2	3	3
r4i1061p1f1	1884-07-28	3	1.441	1.812	1.199	2.1386128304038983	1.9782648663799822	(3, 1.441)	2	3	3
r4i1061p1f1	1884-08-12	9	1.476	1.719	3.908	3.7099557797158527	4.668295208607155	(9, 1.476)	0	0	2
r4i1061p1f1	1885-06-12	5	1.46	1.764	2.093	2.852052198869197	3.194601631494246	(5, 1.46)	2	3	3
r4i1061p1f1	1887-07-26	5	1.438	1.707	1.981	2.837751780240757	3.141919327022002	(5, 1.438)	2	3	3
r4i1061p1f1	1889-06-13	3	1.199	1.307	0.472	1.9782648663799822	1.2391229198413687	(3, 1.199)	1	1	1
r4i1061p1f1	1889-07-07	6	1.2	1.371	0.951	2.925112694769369	2.7065015674092066	(6, 1.2)	1	1	1
r4i1061p1f1	1890-07-22	9	1.736	2.126	6.249	3.868530782352012	5.1341676963504215	(9, 1.736)	0	0	4
r4i1061p1f1	1890-08-04	5	1.403	1.842	1.809	2.814571055036787	3.055190797223854	(5, 1.403)	2	3	3
r4i1061p1f1	1891-07-21	3	1.511	1.629	1.41	2.180574092030182	2.119452197075461	(3, 1.511)	2	3	3
r4i1061p1f1	1891-08-24	4	1.782	2.299	2.963	2.724972868298118	3.2069651738423657	(4, 1.782)	2	2	0
r4i1061p1f1	1892-06-19	3	1.203	1.245	0.483	1.9811354412044515	1.2555424222802944	(3, 1.203)	1	1	1
r4i1061p1f1	1893-06-17	4	1.496	1.88	1.818	2.562484784433375	2.743674712075139	(4, 1.496)	2	3	3
r4i1061p1f1	1893-07-08	3	1.208	1.242	0.5	1.984712110619881	1.2803993168919292	(3, 1.208)	1	1	1
r4i1061p1f1	1895-06-30	8	2.054	2.491	8.104	3.8602393700816275	5.216958641457525	(8, 2.054)	0	0	4
r4i1061p1f1	1895-08-02	5	1.482	1.666	2.201	2.8661509954173114	3.24290199464992	(5, 1.482)	2	3	3
r4i1061p1f1	1898-07-22	3	1.458	1.62	1.25	2.1489664653709726	2.014261551963053	(3, 1.458)	2	3	3
r4i1061p1f1	1898-07-29	4	1.845	2.268	3.212	2.757475084429733	3.284513741449073	(4, 1.845)	2	2	0
r4i1061p1f1	1898-08-26	5	1.356	1.688	1.572	2.7825725232907725	2.921843201455584	(5, 1.356)	2	3	3
r4i1061p1f1	1900-06-17	4	1.245	1.379	0.812	2.3942522815198695	2.014369544936121	(4, 1.245)	1	1	1
r4i1061p1f1	1900-08-13	4	1.244	1.472	0.809	2.3935220879861476	2.0111627009265414	(4, 1.244)	1	1	1
r4i1061p1f1	1901-06-20	3	1.43	1.602	1.166	2.131855840787614	1.9542628429622635	(3, 1.43)	1	3	3
r4i1061p1f1	1901-08-12	3	1.179	1.27	0.413	1.9637870727255824	1.1461352854240012	(3, 1.179)	1	1	1
r4i1061p1f1	1905-07-13	3	1.222	1.347	0.541	1.9946592593953143	1.3379227052932496	(3, 1.222)	1	1	1
r4i1061p1f1	1906-06-14	8	1.217	1.418	1.404	3.3512213416483436	3.489479695437814	(8, 1.217)	1	1	2
r4i1061p1f1	1906-08-17	7	1.566	2.128	3.672	3.4012882399307527	4.234199133634656	(7, 1.566)	0	2	0
r4i1061p1f1	1907-07-01	4	1.393	1.662	1.407	2.4968352206532742	2.5060156129982354	(4, 1.393)	2	3	3
r4i1061p1f1	1907-07-08	5	1.285	1.49	1.218	2.7322052224153808	2.682229975164674	(5, 1.285)	1	1	1
r4i1061p1f1	1907-07-26	3	1.482	1.673	1.322	2.1634032397365477	2.062970828995383	(3, 1.482)	2	3	3
r4i1061p1f1	1908-06-16	4	1.555	1.701	2.055	2.5982353350950036	2.8587664184808337	(4, 1.555)	2	3	3
r4i1061p1f1	1908-08-07	3	1.479	1.624	1.312	2.161609999865051	2.0563458755484163	(3, 1.479)	2	3	3
r4i1061p1f1	1910-06-08	7	1.35	1.567	2.159	3.2581869143051296	3.713211991253683	(7, 1.35)	2	3	2
r4i1061p1f1	1910-08-20	3	1.557	2.035	1.547	2.207219937115529	2.2014874558921855	(3, 1.557)	2	2	0
r4i1061p1f1	1911-07-17	3	1.395	1.728	1.061	2.1100474447524054	1.8738182540964106	(3, 1.395)	2	3	3
r4i1061p1f1	1912-07-31	3	1.187	1.235	0.437	1.969603367051763	1.18500971878511	(3, 1.187)	1	1	1
r4i1061p1f1	1913-07-28	3	1.181	1.277	0.418	1.9652443208753656	1.1543596911246021	(3, 1.181)	1	1	1
r4i1061p1f1	1914-07-06	3	1.472	1.675	1.292	2.1574132254427836	2.042962826728956	(3, 1.472)	2	3	3
r4i1061p1f1	1915-06-01	3	1.218	1.385	0.53	1.991827299029127	1.3228114916618343	(3, 1.218)	1	1	1
r4i1061p1f1	1915-08-19	9	1.383	1.81	3.076	3.6465198196978066	4.431435654931424	(9, 1.383)	2	3	2
r4i1061p1f1	1916-06-01	5	1.279	1.449	1.187	2.727830260569304	2.6582339519398657	(5, 1.279)	1	1	1
r4i1061p1f1	1916-06-29	3	1.093	1.168	0.156	1.8990273544023255	0.5936581594160023	(3, 1.093)	1	1	1
r4i1061p1f1	1916-07-23	9	1.466	1.739	3.818	3.7033246185454325	4.645217480505775	(9, 1.466)	2	0	2
r4i1061p1f1	1918-07-23	4	1.642	2.221	2.402	2.648724735017395	3.0064743700858934	(4, 1.642)	2	2	0
r4i1061p1f1	1919-06-02	5	1.453	1.756	2.058	2.8475242096536775	3.178434569877153	(5, 1.453)	2	3	3
r4i1061p1f1	1919-08-16	3	1.308	1.448	0.799	2.0536835559213014	1.6393317625685195	(3, 1.308)	1	1	1
r4i1061p1f1	1921-08-25	3	1.099	1.127	0.174	1.9036841206135722	0.6440254852543897	(3, 1.099)	1	1	1
r4i1061p1f1	1923-07-20	3	1.185	1.288	0.431	1.9681524618896862	1.175431867387346	(3, 1.185)	1	1	1
r4i1061p1f1	1923-08-04	5	1.609	1.849	2.84	2.943868652297081	3.4889690753307554	(5, 1.609)	2	2	0
r4i1061p1f1	1924-06-14	4	1.253	1.329	0.845	2.4000747142713026	2.048982334195127	(4, 1.253)	1	1	1
r4i1061p1f1	1924-07-17	3	1.393	1.547	1.055	2.1087867683038795	1.8690199726127856	(3, 1.393)	1	3	3
r4i1061p1f1	1927-07-02	3	1.382	1.494	1.021	2.1018244949350686	1.841386049152454	(3, 1.382)	1	1	3
r4i1061p1f1	1928-06-13	6	1.205	1.429	0.983	2.9290480301505712	2.737420668647765	(6, 1.205)	1	1	1
r4i1061p1f1	1929-07-30	5	1.275	1.394	1.169	2.7249029495298647	2.644031887992001	(5, 1.275)	1	1	1
r4i1061p1f1	1929-08-11	3	1.302	1.473	0.782	2.049676739221073	1.6220364553706417	(3, 1.302)	1	1	1
r4i1061p1f1	1930-06-29	3	1.553	1.93	1.534	2.204930886475346	2.1939857620799903	(3, 1.553)	2	3	3
r4i1061p1f1	1931-07-18	5	1.232	1.418	0.953	2.692880977408798	2.4557235961249573	(5, 1.232)	1	1	1
r4i1061p1f1	1931-07-31	10	1.417	1.91	3.753	3.824490935328714	4.784823858692999	(10, 1.417)	0	0	2
r4i1061p1f1	1931-08-29	3	1.485	1.668	1.331	2.165193269654166	2.068895991639963	(3, 1.485)	2	3	3
r4i1061p1f1	1933-06-06	3	1.374	1.799	0.996	2.0967304028960037	1.8205684456009843	(3, 1.374)	2	3	3
r4i1061p1f1	1934-06-29	5	1.491	1.976	2.25	2.871861878402808	3.2640696154267657	(5, 1.491)	2	2	0
r4i1061p1f1	1934-08-05	9	1.211	1.504	1.523	3.5174088126242187	3.7405464286743535	(9, 1.211)	1	3	2
r4i1061p1f1	1935-08-02	3	1.12	1.222	0.234	1.9198141208902906	0.7956584911963684	(3, 1.12)	1	1	1
r4i1061p1f1	1936-06-14	9	1.537	1.961	4.461	3.7494805462417853	4.799477953619833	(9, 1.537)	0	0	2
r4i1061p1f1	1937-07-15	6	1.341	1.57	1.794	3.030548805911434	3.3093126068022976	(6, 1.341)	1	3	3
r4i1061p1f1	1937-07-23	6	1.629	2.171	3.526	3.216525575031964	3.966916506256244	(6, 1.629)	2	2	0
r4i1061p1f1	1937-08-10	3	1.585	1.769	1.632	2.223098236388928	2.2491970539344583	(3, 1.585)	2	3	3
r4i1061p1f1	1941-06-10	4	1.423	1.635	1.525	2.5164053168473712	2.580216829592325	(4, 1.423)	2	3	3
r4i1061p1f1	1942-06-23	3	1.405	1.657	1.091	2.1163270970480506	1.897470267505701	(3, 1.405)	2	3	3
r4i1061p1f1	1942-07-31	3	1.555	1.856	1.541	2.2060760667643984	2.1980321271124335	(3, 1.555)	2	3	3
r4i1061p1f1	1943-06-29	8	1.265	1.533	1.786	3.388574125974599	3.72358437965909	(8, 1.265)	1	3	2
r4i1061p1f1	1943-07-09	8	1.574	2.26	4.263	3.6004731324995847	4.579449000887361	(8, 1.574)	0	2	0
r4i1061p1f1	1944-07-05	3	1.216	1.392	0.522	1.9904083056570567	1.3116762955279377	(3, 1.216)	1	1	1
r4i1061p1f1	1944-07-12	3	1.243	1.512	0.605	2.009396884415142	1.421582403309789	(3, 1.243)	1	1	1
r4i1061p1f1	1944-08-04	5	1.464	1.69	2.114	2.854630445662676	3.2041778781967816	(5, 1.464)	2	3	3
r4i1061p1f1	1944-08-11	7	2.02	2.939	6.848	3.6483418862877954	4.850675712923189	(7, 2.02)	0	0	4
r4i1061p1f1	1945-06-07	4	1.253	1.33	0.848	2.4000747142713026	2.052070344883704	(4, 1.253)	1	1	1
r4i1061p1f1	1945-06-29	8	1.187	1.595	1.168	3.3271468839394585	3.311594396760591	(8, 1.187)	1	3	2
r4i1061p1f1	1945-07-18	3	1.176	1.289	0.403	1.9615972110500632	1.129480726926565	(3, 1.176)	1	1	1
r4i1061p1f1	1946-06-11	3	1.36	1.514	0.956	2.0877528189887515	1.786331718287074	(3, 1.36)	1	1	3
r4i1061p1f1	1950-06-16	3	1.166	1.228	0.372	1.9542628429622635	1.0760151186962577	(3, 1.166)	1	1	1
r4i1061p1f1	1950-06-29	3	1.712	2.114	2.011	2.2921117331000813	2.437942787593933	(3, 1.712)	2	2	0
r4i1061p1f1	1950-07-11	9	1.314	1.754	2.456	3.596709339141806	4.209338526848165	(9, 1.314)	2	3	2
r4i1061p1f1	1950-08-10	7	1.26	1.733	1.533	3.1919372811688307	3.380707467085332	(7, 1.26)	2	3	2
r4i1061p1f1	1951-08-21	5	1.354	1.62	1.56	2.781187906031063	2.914594353514609	(5, 1.354)	1	3	3
r4i1061p1f1	1952-06-03	3	1.353	1.475	0.935	2.083233621139891	1.7678769581021123	(3, 1.353)	1	1	3
r4i1061p1f1	1952-06-09	5	1.313	1.478	1.357	2.752372384235367	2.7832641136467724	(5, 1.313)	1	3	3
r4i1061p1f1	1952-07-13	3	1.484	1.544	1.326	2.1645969489671297	2.0656085698259683	(3, 1.484)	2	3	3
r4i1061p1f1	1952-07-31	9	1.634	2.142	5.332	3.809281279966232	4.976485435732951	(9, 1.634)	0	0	4
r4i1061p1f1	1952-08-24	4	1.564	1.731	2.091	2.603578179505499	2.875145310564873	(4, 1.564)	2	3	3
r4i1061p1f1	1953-06-21	4	1.44	1.584	1.595	2.5273273656719524	2.6217658325051976	(4, 1.44)	2	3	3
r4i1061p1f1	1955-06-09	3	1.135	1.179	0.279	1.9311783092390282	0.8959763962591435	(3, 1.135)	1	1	1
r4i1061p1f1	1956-06-14	8	1.363	1.812	2.571	3.4607600866909953	4.08050066113241	(8, 1.363)	2	3	2
r4i1061p1f1	1957-07-12	6	1.381	1.633	2.035	3.058541425602354	3.4310237778507284	(6, 1.381)	2	3	3
r4i1061p1f1	1958-05-30	5	1.188	1.272	0.734	2.659017072463714	2.2198955790046573	(5, 1.188)	1	1	1
r4i1061p1f1	1958-08-20	3	1.166	1.214	0.373	1.9542628429622635	1.0777851870249011	(3, 1.166)	1	1	1
r4i1061p1f1	1960-06-19	3	1.207	1.299	0.498	1.9839977994098914	1.277506842909921	(3, 1.207)	1	1	1
r4i1061p1f1	1961-07-30	3	1.3	1.472	0.774	2.0483375580106298	1.6137928111176032	(3, 1.3)	1	1	1
r4i1061p1f1	1961-08-25	8	1.114	1.171	0.583	3.266024357945526	2.6526632133472505	(8, 1.114)	1	1	1
r4i1061p1f1	1962-07-23	6	1.328	1.551	1.721	3.021279850825994	3.2693191393163334	(6, 1.328)	1	3	3
r4i1061p1f1	1963-06-21	3	1.354	1.616	0.938	2.083880472575465	1.770534295917709	(3, 1.354)	1	3	3
r4i1061p1f1	1963-07-17	3	1.474	1.688	1.299	2.1586141021623466	2.047667294277063	(3, 1.474)	2	3	3
r4i1061p1f1	1964-07-08	5	1.486	1.678	2.22	2.8686931929219934	3.251163116937219	(5, 1.486)	2	3	3
r4i1061p1f1	1964-07-31	3	1.478	1.909	1.309	2.1610115379265453	2.054349800617799	(3, 1.478)	2	3	3
r4i1061p1f1	1967-06-06	3	1.403	1.461	1.084	2.1150743173498676	1.8920012906264554	(3, 1.403)	1	1	3
r4i1061p1f1	1967-07-15	4	1.639	1.867	2.388	2.6470254992644353	3.000918800241291	(4, 1.639)	2	2	0
r4i1061p1f1	1968-06-02	8	1.546	1.869	4.037	3.583018443197609	4.525551947773345	(8, 1.546)	0	2	2
r4i1061p1f1	1969-07-31	4	1.049	1.277	0.031	2.2398582630857407	0.22154226994723591	(4, 1.049)	1	1	1
r4i1061p1f1	1970-07-06	6	1.381	1.63	2.04	3.058541425602354	3.433398465136855	(6, 1.381)	2	3	3
r4i1061p1f1	1971-08-20	4	1.396	1.589	1.418	2.4988095549569915	2.5131701150608596	(4, 1.396)	1	3	3
r4i1061p1f1	1973-06-30	6	1.531	1.988	2.938	3.157043517123863	3.788263261460005	(6, 1.531)	2	2	0
r4i1061p1f1	1974-06-03	3	1.279	1.405	0.714	2.034166803163775	1.5496991244861298	(3, 1.279)	1	1	1
r4i1061p1f1	1975-08-11	4	1.414	1.743	1.491	2.510574396536578	2.5593955017787398	(4, 1.414)	2	3	3
r4i1061p1f1	1975-08-18	5	1.182	1.264	0.701	2.6543091236540386	2.1789947820864826	(5, 1.182)	1	1	1
r4i1061p1f1	1977-06-13	6	1.927	2.35	5.31	3.3783039966975923	4.3699634562935845	(6, 1.927)	0	2	0
r4i1061p1f1	1978-06-19	3	1.253	1.5	0.633	2.0163391868484126	1.456091954898091	(3, 1.253)	1	1	1
r4i1061p1f1	1978-08-04	6	1.344	1.533	1.813	3.0326756496678056	3.3194647537828725	(6, 1.344)	1	3	3
r4i1061p1f1	1980-06-07	3	1.129	1.219	0.262	1.926648119458506	0.8592512480319769	(3, 1.129)	1	1	1
r4i1061p1f1	1981-06-05	3	1.239	1.297	0.592	2.0066064122360014	1.405146103684702	(3, 1.239)	1	1	1
r4i1061p1f1	1981-07-02	10	1.475	2.051	4.333	3.8637482136686914	4.927409405025685	(10, 1.475)	0	0	2
r4i1061p1f1	1981-08-13	10	1.42	1.679	3.789	3.8265597264120483	4.794291079345522	(10, 1.42)	0	0	2
r4i1061p1f1	1982-08-16	5	1.631	2.043	2.947	2.956738521181724	3.524843540708836	(5, 1.631)	2	2	0
r4i1061p1f1	1983-07-14	3	1.628	1.845	1.76	2.2470022055661394	2.3170034731689286	(3, 1.628)	2	2	0
r4i1061p1f1	1987-06-21	5	1.139	1.25	0.49	2.6199041538439554	1.8684684021793267	(5, 1.139)	1	1	1
r4i1061p1f1	1987-06-28	3	1.157	1.224	0.347	1.947615601525812	1.0307134223532146	(3, 1.157)	1	1	1
r4i1061p1f1	1989-07-26	9	1.248	1.525	1.862	3.546624406533065	3.937183801086646	(9, 1.248)	1	3	2
r4i1061p1f1	1990-06-19	12	1.282	1.454	2.884	3.9943720836407035	4.794844881214345	(12, 1.282)	2	3	2
r4i1061p1f1	1990-07-05	4	1.285	1.479	0.975	2.423031246069913	2.174751721484161	(4, 1.285)	1	1	1
r4i1061p1f1	1990-08-08	5	1.361	1.659	1.599	2.7860257019991295	2.937963504785348	(5, 1.361)	2	3	3
r4i1061p1f1	1993-06-22	4	1.306	1.367	1.057	2.43781504225415	2.2466494606637424	(4, 1.306)	1	1	1
r4i1061p1f1	1994-07-19	4	1.439	1.743	1.589	2.526688183802955	2.618271361855424	(4, 1.439)	2	3	3
r4i1061p1f1	1994-08-06	5	1.563	1.809	2.608	2.916411497617063	3.406461051765829	(5, 1.563)	2	2	0
r4i1061p1f1	1995-06-05	4	1.276	1.402	0.94	2.416627809034706	2.1424163408412245	(4, 1.276)	1	1	1
r4i1061p1f1	1995-07-15	4	1.42	1.715	1.516	2.514465452029545	2.5747473537877896	(4, 1.42)	2	3	3
r4i1061p1f1	1996-06-01	4	1.477	1.636	1.741	2.5506943903260035	2.7032386441049883	(4, 1.477)	2	3	3
r4i1061p1f1	1996-07-27	6	1.299	1.416	1.542	3.00028803306717	3.163899085454709	(6, 1.299)	1	1	1
r4i1061p1f1	1996-08-16	6	1.332	1.438	1.742	3.0241409984150103	3.2809889117004425	(6, 1.332)	1	3	3
r4i1061p1f1	1998-08-02	3	1.334	1.393	0.879	2.0708632697743425	1.7169313880353239	(3, 1.334)	1	1	1
r4i1061p1f1	2000-07-07	3	1.28	1.501	0.716	2.034846174051035	1.5519031033409696	(3, 1.28)	1	1	1
r4i1061p1f1	2000-07-24	3	1.465	1.833	1.269	2.153198763849829	2.0273475879573266	(3, 1.465)	2	3	3
r4i1061p1f1	2000-08-09	3	1.444	1.743	1.207	2.140447749317067	1.9839977994098914	(3, 1.444)	2	3	3
r4i1061p1f1	2001-06-10	7	1.226	1.43	1.295	3.1657213364407006	3.2182250385447317	(7, 1.226)	1	1	1
r4i1061p1f1	2002-05-31	5	1.216	1.324	0.873	2.68069910024658	2.375876141436621	(5, 1.216)	1	1	1
r4i1061p1f1	2002-08-05	3	1.088	1.133	0.138	1.895130081726901	0.5406187874748858	(3, 1.088)	1	1	1
r4i1061p1f1	2003-06-29	3	1.202	1.239	0.48	1.980418569647406	1.2510910467268215	(3, 1.202)	1	1	1
r4i1061p1f1	2003-07-27	3	1.752	2.269	2.131	2.312897639880849	2.4909716216730207	(3, 1.752)	2	2	0
r4i1061p1f1	2003-08-02	3	1.298	1.482	0.769	2.0469965809886865	1.6086058089442759	(3, 1.298)	1	1	1
r4i1061p1f1	2004-06-20	3	1.186	1.292	0.433	1.968878177611425	1.1786346881452736	(3, 1.186)	1	1	1
r4i1061p1f1	2006-06-09	10	1.134	1.208	0.924	3.6071331558662063	3.408485610546448	(10, 1.134)	1	1	1
r4i1061p1f1	2007-08-03	3	1.258	1.422	0.648	2.0197923479787105	1.4741007234635102	(3, 1.258)	1	1	1
r4i1061p1f1	2009-06-03	3	1.401	1.56	1.08	2.113819966225856	1.888862679459286	(3, 1.401)	1	3	3
r4i1061p1f1	2010-08-22	4	1.468	1.837	1.706	2.5450605726077473	2.6843038073722094	(4, 1.468)	2	3	3
r4i1231p1f1	1851-06-05	4	1.219	1.262	0.665	2.375091783780794	1.843719208158766	(4, 1.219)	1	1	1
r4i1231p1f1	1851-07-31	5	1.149	1.238	0.483	2.628011587306804	1.8563142661178618	(5, 1.149)	1	1	1
r4i1231p1f1	1851-08-12	5	1.598	2.139	2.726	2.937371067602538	3.449276389315666	(5, 1.598)	2	2	0
r4i1231p1f1	1852-06-25	4	1.188	1.283	0.54	2.351756137000495	1.6714733033535532	(4, 1.188)	1	1	1
r4i1231p1f1	1855-08-01	5	1.187	1.206	0.67	2.6582339519398657	2.1389864896374844	(5, 1.187)	1	1	1
r4i1231p1f1	1856-06-14	3	1.388	1.486	1.006	2.1056281063918063	1.8289475630806293	(3, 1.388)	1	1	3
r4i1231p1f1	1856-06-23	8	1.37	1.657	2.536	3.465722192931317	4.067026969793455	(8, 1.37)	2	3	2
r4i1231p1f1	1856-08-01	4	1.979	2.461	3.704	2.8232818365552994	3.4220452141749935	(4, 1.979)	0	2	0
r4i1231p1f1	1857-06-08	22	1.521	2.004	10.302	5.062282909354425	6.9698419744778	(22, 1.521)	0	0	4
r4i1231p1f1	1857-07-08	8	1.76	2.123	5.66	3.709276363525454	4.860364036746621	(8, 1.76)	0	0	4
r4i1231p1f1	1863-07-12	3	1.298	1.364	0.735	2.0469965809886865	1.5726021354417266	(3, 1.298)	1	1	1
r4i1231p1f1	1864-06-14	5	1.559	1.972	2.535	2.913987904291682	3.379025444670719	(5, 1.559)	2	2	0
r4i1231p1f1	1864-06-27	4	1.395	1.633	1.369	2.498151876538021	2.4808986283904613	(4, 1.395)	2	3	3
r4i1231p1f1	1864-07-08	6	1.445	1.852	2.353	3.101760989063421	3.5718369744829754	(6, 1.445)	2	3	3
r4i1231p1f1	1864-08-20	6	1.391	1.56	2.028	3.0654188360675367	3.427689713304446	(6, 1.391)	2	3	3
r4i1231p1f1	1865-06-01	5	1.526	1.922	2.367	2.8937659172328307	3.3128711229109915	(5, 1.526)	2	2	0
r4i1231p1f1	1865-07-03	5	1.382	1.609	1.646	2.8004002297075288	2.9654194190098524	(5, 1.382)	2	3	3
r4i1231p1f1	1865-07-22	10	1.375	1.741	3.22	3.795069276916106	4.633031827093464	(10, 1.375)	2	3	2
r4i1231p1f1	1866-06-30	3	1.291	1.477	0.714	2.042288949592007	1.5496991244861298	(3, 1.291)	1	1	1
r4i1231p1f1	1867-08-03	8	1.5	2.039	3.578	3.5536645164639893	4.406242280103438	(8, 1.5)	0	2	2
r4i1231p1f1	1867-08-13	6	1.234	1.326	1.09	2.9515725303368847	2.834369317884592	(6, 1.234)	1	1	1
r4i1231p1f1	1869-07-22	4	1.287	1.441	0.939	2.4244486807508863	2.1414769325992884	(4, 1.287)	1	1	1
r4i1231p1f1	1871-08-17	3	1.287	1.466	0.705	2.039588890738971	1.5397206625073199	(3, 1.287)	1	1	1
r4i1231p1f1	1872-06-09	6	1.275	1.349	1.333	2.9825759338228286	3.024855008051226	(6, 1.275)	1	1	1
r4i1231p1f1	1872-06-26	4	1.173	1.312	0.483	2.3402661599617343	1.5818611446638657	(4, 1.173)	1	1	1
r4i1231p1f1	1872-08-22	6	1.458	1.73	2.434	3.1103162541243323	3.6047461552160445	(6, 1.458)	2	3	3
r4i1231p1f1	1873-08-19	5	1.502	1.862	2.245	2.878797843974665	3.261930067090174	(5, 1.502)	2	3	3
r4i1231p1f1	1875-06-23	6	1.569	1.864	3.099	3.180529780924386	3.840437037856944	(6, 1.569)	2	2	0
r4i1231p1f1	1876-07-22	13	1.625	2.116	7.435	4.345975412397869	5.856487992253583	(13, 1.625)	0	0	4
r4i1231p1f1	1877-07-06	10	1.711	2.164	6.583	4.00926896069108	5.343160409974935	(10, 1.711)	0	0	4
r4i1231p1f1	1877-08-26	3	1.577	1.733	1.574	2.2185872475472697	2.2168903666583364	(3, 1.577)	2	3	3
r4i1231p1f1	1878-06-04	3	1.222	1.372	0.509	1.9946592593953143	1.2933129031053585	(3, 1.222)	1	1	1
r4i1231p1f1	1881-06-29	4	1.818	2.364	3.061	2.743674712075139	3.2382077531676927	(4, 1.818)	2	2	0
r4i1231p1f1	1882-06-08	3	1.322	1.581	0.808	2.062970828995383	1.6483684214720404	(3, 1.322)	1	1	3
r4i1231p1f1	1883-06-13	6	1.517	1.87	2.787	3.148249719186331	3.736725541326265	(6, 1.517)	2	2	0
r4i1231p1f1	1883-06-30	10	1.22	1.327	1.678	3.6783185701259997	3.990150387191666	(10, 1.22)	1	3	2
r4i1231p1f1	1883-07-29	5	1.321	1.49	1.34	2.7580605089354964	2.7714415300444064	(5, 1.321)	1	3	3
r4i1231p1f1	1883-08-09	3	1.16	1.24	0.323	1.9498362618267655	0.9852036336430643	(3, 1.16)	1	1	1
r4i1231p1f1	1886-07-27	8	1.724	2.209	5.375	3.689121097528301	4.809109440501668	(8, 1.724)	0	0	4
r4i1231p1f1	1887-06-24	6	1.622	1.897	3.418	3.2123922187163214	3.936406021708231	(6, 1.622)	2	2	0
r4i1231p1f1	1887-08-08	5	1.799	2.309	3.733	3.049909399934455	3.755046542167013	(5, 1.799)	0	2	0
r4i1231p1f1	1887-08-16	5	1.412	1.609	1.796	2.8205833272471477	3.0483195262188634	(5, 1.412)	2	3	3
r4i1231p1f1	1888-06-02	5	1.4	1.537	1.738	2.812558904620976	3.0170744369439846	(5, 1.4)	2	3	3
r4i1231p1f1	1889-06-01	3	1.431	1.602	1.135	2.1324720027003963	1.9311783092390282	(3, 1.431)	1	3	3
r4i1231p1f1	1890-06-08	5	1.303	1.511	1.253	2.7452164253281373	2.7086477478046924	(5, 1.303)	1	3	3
r4i1231p1f1	1890-06-28	3	1.33	1.495	0.832	2.0682393712801277	1.672074403801572	(3, 1.33)	1	1	1
r4i1231p1f1	1892-07-17	3	1.46	1.619	1.221	2.1501775224031414	1.9939520208237795	(3, 1.46)	2	3	3
r4i1231p1f1	1894-06-05	3	1.123	1.162	0.213	1.922097313628501	0.7451609367199176	(3, 1.123)	1	1	1
r4i1231p1f1	1894-07-05	3	1.25	1.335	0.593	2.014261551963053	1.4064200702060552	(3, 1.25)	1	1	1
r4i1231p1f1	1894-07-26	4	1.699	2.078	2.585	2.6804734333319757	3.0763901765714454	(4, 1.699)	2	2	0
r4i1231p1f1	1894-08-02	7	1.727	2.119	4.722	3.496037378204011	4.4824675370084694	(7, 1.727)	0	2	0
r4i1231p1f1	1895-08-22	3	1.313	1.664	0.782	2.057010349436034	1.6220364553706417	(3, 1.313)	1	3	3
r4i1231p1f1	1896-06-16	4	1.477	1.824	1.699	2.5506943903260035	2.6804734333319757	(4, 1.477)	2	3	3
r4i1231p1f1	1896-08-25	3	1.356	1.758	0.91	2.085172921547925	1.7454534902300263	(3, 1.356)	1	3	3
r4i1231p1f1	1897-06-15	5	1.321	1.506	1.341	2.7580605089354964	2.7721408587849203	(5, 1.321)	1	3	3
r4i1231p1f1	1898-08-03	7	1.46	1.718	2.85	3.333617026357208	3.9849525728565283	(7, 1.46)	2	3	2
r4i1231p1f1	1899-06-27	4	1.525	1.873	1.891	2.580216829592325	2.780556891888958	(4, 1.525)	2	3	3
r4i1231p1f1	1900-06-26	4	1.581	1.869	2.115	2.613592990749323	2.8859174075467844	(4, 1.581)	2	2	0
r4i1231p1f1	1900-07-10	5	1.422	1.643	1.847	2.8272215064453143	3.0750095085839555	(5, 1.422)	2	3	3
r4i1231p1f1	1900-07-23	3	1.226	1.321	0.52	1.9974832224048533	1.3088730142073226	(3, 1.226)	1	1	1
r4i1231p1f1	1900-08-08	4	1.35	1.585	1.189	2.468099531471619	2.352517461742255	(4, 1.35)	1	3	3
r4i1231p1f1	1902-08-21	4	1.504	1.741	1.805	2.567407871299744	2.73696154459663	(4, 1.504)	2	3	3
r4i1231p1f1	1903-07-25	3	1.188	1.283	0.407	1.9703280309734539	1.136175871860684	(3, 1.188)	1	1	1
r4i1231p1f1	1905-06-12	6	1.351	1.521	1.79	3.03762076420504	3.3071621161837577	(6, 1.351)	1	3	3
r4i1231p1f1	1905-07-09	5	1.329	1.548	1.38	2.763716461784272	2.799040094911151	(5, 1.329)	1	3	3
r4i1231p1f1	1905-07-29	6	1.718	1.918	3.99	3.267640856097384	4.088339642764923	(6, 1.718)	2	2	0
r4i1231p1f1	1906-06-06	5	1.564	1.823	2.557	2.917016479277314	3.387373236712413	(5, 1.564)	2	2	0
r4i1231p1f1	1906-06-26	3	1.363	1.512	0.93	2.089683383523351	1.7634323091555903	(3, 1.363)	1	1	3
r4i1231p1f1	1906-08-14	7	1.297	1.798	1.708	3.219706525866784	3.485311870681688	(7, 1.297)	2	3	2
r4i1231p1f1	1909-07-24	5	1.234	1.362	0.908	2.694393330535566	2.4115963123230233	(5, 1.234)	1	1	1
r4i1231p1f1	1912-05-31	6	1.293	1.426	1.44	2.9958893324451923	3.098450914526122	(6, 1.293)	1	1	1
r4i1231p1f1	1913-06-19	4	1.659	2.079	2.427	2.6582995758376535	3.0163189071623795	(4, 1.659)	2	2	0
r4i1231p1f1	1913-08-12	3	1.427	1.931	1.124	2.130005073835971	1.922857220904564	(3, 1.427)	2	3	3
r4i1231p1f1	1914-06-04	6	1.341	1.536	1.728	3.030548805911434	3.27322421451677	(6, 1.341)	1	3	3
r4i1231p1f1	1914-07-11	4	1.277	1.403	0.897	2.417341330292234	2.1012030334613487	(4, 1.277)	1	1	1
r4i1231p1f1	1914-08-19	4	1.856	2.191	3.213	2.7630433093962496	3.2848133669194794	(4, 1.856)	2	2	0
r4i1231p1f1	1915-07-11	3	1.503	1.616	1.352	2.1758666782488048	2.0825863510166935	(3, 1.503)	2	3	3
r4i1231p1f1	1917-06-22	6	1.168	1.252	0.696	2.8995530426925122	2.418505877145975	(6, 1.168)	1	1	1
r4i1231p1f1	1917-07-15	4	1.376	1.622	1.292	2.4855730943311607	2.427983502388379	(4, 1.376)	1	3	3
r4i1231p1f1	1918-06-29	4	1.071	1.172	0.073	2.2584241972082757	0.4599532933922341	(4, 1.071)	1	1	1
r4i1231p1f1	1919-06-24	6	1.348	1.906	1.775	3.0355044230820503	3.2990563357470246	(6, 1.348)	2	3	3
r4i1231p1f1	1921-08-05	12	1.906	2.658	10.247	4.384909128063156	6.056689842527253	(12, 1.906)	0	0	4
r4i1231p1f1	1921-08-24	3	1.247	1.412	0.584	2.0121795915224925	1.394895518599486	(3, 1.247)	1	1	1
r4i1231p1f1	1923-06-05	4	1.596	1.834	2.175	2.6223470589092384	2.91235066461494	(4, 1.596)	2	2	0
r4i1231p1f1	1923-06-26	3	1.105	1.15	0.158	1.9083193018307179	0.599381453008204	(3, 1.105)	1	1	1
r4i1231p1f1	1923-07-29	4	1.452	1.891	1.598	2.534965849660737	2.6235084992256286	(4, 1.452)	2	3	3
r4i1231p1f1	1924-06-28	9	1.663	1.981	5.495	3.8264869033215523	5.006392974838123	(9, 1.663)	0	0	4
r4i1231p1f1	1925-06-12	4	1.181	1.258	0.515	2.3464105725340754	1.6331544390514163	(4, 1.181)	1	1	1
r4i1231p1f1	1928-07-28	3	1.436	1.689	1.149	2.1355471302653513	1.9416696183705373	(3, 1.436)	2	3	3
r4i1231p1f1	1928-08-27	8	1.192	1.477	1.112	3.3311997577798014	3.2642960391006093	(8, 1.192)	1	1	1
r4i1231p1f1	1929-06-16	6	1.986	2.352	5.599	3.407448462051042	4.422306383234062	(6, 1.986)	0	2	0
r4i1231p1f1	1932-08-20	6	1.386	1.722	2.001	3.0619860431701316	3.4147246032483825	(6, 1.386)	2	3	3
r4i1231p1f1	1935-07-22	6	1.618	2.079	3.395	3.2100226074526725	3.9297864188715876	(6, 1.618)	2	2	0
r4i1231p1f1	1935-08-01	3	1.178	1.254	0.375	1.9630576515367082	1.0813159518954125	(3, 1.178)	1	1	1
r4i1231p1f1	1935-08-25	3	1.343	1.527	0.871	2.076741989126375	1.709436857356783	(3, 1.343)	1	1	3
r4i1231p1f1	1937-06-09	7	1.503	1.714	3.156	3.361622856773516	4.085134579638163	(7, 1.503)	2	3	2
r4i1231p1f1	1937-08-07	8	1.465	1.815	3.303	3.5307381611804582	4.327284747354844	(8, 1.465)	2	3	2
r4i1231p1f1	1937-08-19	5	1.369	1.618	1.58	2.791526104362557	2.9266467382514705	(5, 1.369)	2	3	3
r4i1231p1f1	1940-06-27	6	1.549	1.896	2.978	3.1682373757879936	3.801482043824863	(6, 1.549)	2	2	0
r4i1231p1f1	1940-07-12	7	1.516	2.071	3.245	3.3699376102727414	4.112483077397071	(7, 1.516)	2	2	0
r4i1231p1f1	1940-08-13	3	1.231	1.347	0.536	2.0010019984654726	1.331082266299207	(3, 1.231)	1	1	1
r4i1231p1f1	1942-07-31	4	1.36	1.518	1.229	2.474856313934499	2.3825047161699193	(4, 1.36)	1	3	3
r4i1231p1f1	1943-07-29	3	1.266	1.409	0.64	2.025292722467937	1.4645364218009906	(3, 1.266)	1	1	1
r4i1231p1f1	1943-08-03	7	1.627	2.365	4.018	3.43825105879942	4.322998256444267	(7, 1.627)	0	2	0
r4i1231p1f1	1946-07-11	3	1.348	1.506	0.887	2.0799930727846583	1.7243701682880426	(3, 1.348)	1	1	3
r4i1231p1f1	1948-06-15	5	1.238	1.34	0.929	2.697411192400276	2.4324315833026677	(5, 1.238)	1	1	1
r4i1231p1f1	1948-07-06	5	1.362	1.584	1.545	2.786714909110079	2.9054587703124874	(5, 1.362)	1	3	3
r4i1231p1f1	1948-08-11	6	1.786	2.238	4.4	3.3050069909869104	4.184589346810976	(6, 1.786)	0	2	0
r4i1231p1f1	1949-08-14	4	1.413	1.506	1.441	2.5099244127632883	2.527966139248447	(4, 1.413)	1	3	3
r4i1231p1f1	1950-07-21	3	1.698	1.748	1.936	2.2847333764364604	2.403312490448537	(3, 1.698)	2	2	0
r4i1231p1f1	1951-06-09	6	1.281	1.396	1.37	2.9870334564637573	3.0509212400175447	(6, 1.281)	1	1	1
r4i1231p1f1	1951-07-25	4	1.496	1.643	1.776	2.562484784433375	2.721821605186128	(4, 1.496)	2	3	3
r4i1231p1f1	1952-07-24	3	1.175	1.355	0.368	1.9608661901948141	1.0689033465903848	(3, 1.175)	1	1	1
r4i1231p1f1	1953-06-16	6	1.238	1.442	1.112	2.954639920062618	2.8531887109793	(6, 1.238)	1	1	1
r4i1231p1f1	1953-07-17	4	1.361	1.613	1.236	2.4755294879754035	2.387661265349165	(4, 1.361)	1	3	3
r4i1231p1f1	1955-07-12	4	1.257	1.476	0.818	2.402973267025314	2.020752545331156	(4, 1.257)	1	1	1
r4i1231p1f1	1955-08-04	4	1.828	2.138	3.1	2.748808193574378	3.250374491927572	(4, 1.828)	2	2	0
r4i1231p1f1	1956-08-08	3	1.369	1.625	0.951	2.0935333672031136	1.7819685195953499	(3, 1.369)	1	3	3
r4i1231p1f1	1957-06-11	4	1.359	1.503	1.227	2.4741826864250247	2.381026519300608	(4, 1.359)	1	3	3
r4i1231p1f1	1957-06-27	3	1.112	1.174	0.178	1.913699997788122	0.6548818791012503	(3, 1.112)	1	1	1
r4i1231p1f1	1957-07-31	5	1.566	2.241	2.569	2.9182253456952747	3.3918973760581634	(5, 1.566)	2	2	0
r4i1231p1f1	1959-06-20	6	1.447	1.658	2.367	3.103081957112869	3.577602954788278	(6, 1.447)	2	3	3
r4i1231p1f1	1959-07-01	7	1.342	1.603	2.025	3.2524725923260003	3.6507497912416302	(7, 1.342)	2	3	2
r4i1231p1f1	1960-08-01	5	1.592	1.9	2.695	2.9338090549107845	3.438204621145787	(5, 1.592)	2	2	0
r4i1231p1f1	1961-07-01	6	1.491	1.589	2.632	3.131710337339642	3.6809063033067586	(6, 1.491)	2	3	3
r4i1231p1f1	1963-08-09	14	1.413	1.852	5.047	4.317720972091481	5.581155328850183	(14, 1.413)	0	0	4
r4i1231p1f1	1964-06-13	5	1.377	1.613	1.622	2.7969964177259863	2.9514935788349446	(5, 1.377)	2	3	3
r4i1231p1f1	1965-07-04	3	1.243	1.5	0.571	2.009396884415142	1.3780109061816326	(3, 1.243)	1	1	1
r4i1231p1f1	1966-07-10	4	1.423	1.76	1.481	2.5164053168473712	2.553188157204406	(4, 1.423)	2	3	3
r4i1231p1f1	1968-07-05	5	1.233	1.45	0.903	2.6936374398736525	2.406570886811699	(5, 1.233)	1	1	1
r4i1231p1f1	1968-07-26	7	2.064	2.859	7.079	3.669335074496615	4.8835964153569025	(7, 2.064)	0	0	4
r4i1231p1f1	1968-08-10	3	1.441	1.691	1.164	2.1386128304038983	1.9527894920251458	(3, 1.441)	2	3	3
r4i1231p1f1	1970-07-09	3	1.125	1.205	0.217	1.9236165511600132	0.7549781688835332	(3, 1.125)	1	1	1
r4i1231p1f1	1970-07-26	9	1.219	1.545	1.495	3.523798421702384	3.722435112642146	(9, 1.219)	1	3	2
r4i1231p1f1	1970-08-24	3	1.589	1.878	1.608	2.2253461228047464	2.235955116496961	(3, 1.589)	2	2	3
r4i1231p1f1	1971-06-27	8	1.46	1.969	3.262	3.527419634650353	4.31496004395794	(8, 1.46)	2	2	2
r4i1231p1f1	1971-07-12	3	1.222	1.457	0.508	1.9946592593953143	1.2918862677653262	(3, 1.222)	1	1	1
r4i1231p1f1	1972-06-22	4	1.296	1.417	0.975	2.4308023907947995	2.174751721484161	(4, 1.296)	1	1	1
r4i1231p1f1	1972-08-07	4	1.395	1.719	1.371	2.498151876538021	2.4822364212321215	(4, 1.395)	2	3	3
r4i1231p1f1	1973-08-27	3	1.257	1.384	0.613	2.019102669039607	1.4315643928674042	(3, 1.257)	1	1	1
r4i1231p1f1	1975-08-11	9	1.364	1.717	2.804	3.6330495691532656	4.3400060054112695	(9, 1.364)	2	3	2
r4i1231p1f1	1975-08-23	7	1.655	2.007	4.217	3.454770657972754	4.370712027128693	(7, 1.655)	0	2	0
r4i1231p1f1	1976-07-14	3	1.296	1.469	0.73	2.0456538033324905	1.5671964251972268	(3, 1.296)	1	1	1
r4i1231p1f1	1978-07-27	4	1.555	1.887	2.01	2.5982353350950036	2.837908188360424	(4, 1.555)	2	2	3
r4i1231p1f1	1979-06-12	3	1.163	1.214	0.33	1.9520520017200835	0.9986926112483865	(3, 1.163)	1	1	1
r4i1231p1f1	1979-07-07	4	1.602	1.737	2.196	2.6258273408443777	2.921439668972136	(4, 1.602)	2	3	3
r4i1231p1f1	1980-07-05	7	1.179	1.329	0.882	3.128311331548761	2.8527199987513354	(7, 1.179)	1	1	1
r4i1231p1f1	1981-07-14	3	1.301	1.528	0.746	2.0490073727916243	1.5843928277372588	(3, 1.301)	1	1	1
r4i1231p1f1	1981-08-09	5	1.338	1.465	1.426	2.7700414036690306	2.829864488751794	(5, 1.338)	1	3	3
r4i1231p1f1	1984-06-30	3	1.315	1.469	0.787	2.058337974099738	1.6271544352619451	(3, 1.315)	1	1	1
r4i1231p1f1	1984-08-07	5	1.383	1.455	1.653	2.8010796039966817	2.9694448589369657	(5, 1.383)	1	3	3
r4i1231p1f1	1986-07-10	3	1.393	1.537	1.022	2.1087867683038795	1.8422098062945378	(3, 1.393)	1	3	3
r4i1231p1f1	1986-07-18	3	1.232	1.326	0.537	2.001704270299514	1.3324541025482408	(3, 1.232)	1	1	1
r4i1231p1f1	1987-07-17	6	1.55	1.748	2.986	3.168855598012869	3.804104960561123	(6, 1.55)	2	3	0
r4i1231p1f1	1987-08-06	8	1.689	2.278	5.092	3.6691283618838506	4.7554746846227065	(8, 1.689)	0	0	4
r4i1231p1f1	1988-06-02	6	1.339	1.564	1.717	3.0291283928737256	3.267080801854809	(6, 1.339)	1	3	3
r4i1231p1f1	1988-07-09	4	1.619	1.879	2.267	2.635622867166624	2.951571377768221	(4, 1.619)	2	2	0
r4i1231p1f1	1988-07-27	6	1.205	1.317	0.916	2.9290480301505712	2.6715518756457914	(6, 1.205)	1	1	1
r4i1231p1f1	1992-08-23	9	1.296	1.535	2.194	3.5832966915388713	4.09830338240928	(9, 1.296)	2	3	2
r4i1231p1f1	1993-07-05	3	1.22	1.401	0.501	1.993244281711825	1.281842422518679	(3, 1.22)	1	1	1
r4i1231p1f1	1994-07-25	11	1.367	1.834	3.463	3.929314383599086	4.846862152041912	(11, 1.367)	0	0	2
r4i1231p1f1	1995-06-12	4	1.17	1.238	0.468	2.337952236831337	1.5568806616954243	(4, 1.17)	1	1	1
r4i1231p1f1	1995-07-22	18	1.882	2.32	14.924	4.97482637915821	7.039405324411781	(18, 1.882)	0	0	4
r4i1231p1f1	1995-08-13	9	1.357	1.653	2.737	3.6280407468828546	4.3161405392992	(9, 1.357)	2	3	2
r4i1231p1f1	1998-06-28	3	1.257	1.344	0.612	2.019102669039607	1.4303220796589575	(3, 1.257)	1	1	1
r4i1231p1f1	1999-08-14	3	1.629	1.845	1.731	2.247551369450845	2.302038928243746	(3, 1.629)	2	2	3
r4i1231p1f1	2000-07-14	9	1.39	1.724	3.037	3.651437158638066	4.418828559531247	(9, 1.39)	2	3	2
r4i1231p1f1	2001-08-12	3	1.243	1.398	0.571	2.009396884415142	1.3780109061816326	(3, 1.243)	1	1	1
r4i1231p1f1	2001-08-29	3	1.464	1.672	1.235	2.1525952453512627	2.0038081315273124	(3, 1.464)	2	3	3
r4i1231p1f1	2007-06-03	3	1.538	1.703	1.456	2.1962999751480803	2.1477539399011274	(3, 1.538)	2	3	3
r4i1231p1f1	2007-07-09	3	1.425	1.61	1.117	2.1287693234923526	1.9175257032512696	(3, 1.425)	1	3	3
r4i1231p1f1	2007-08-08	3	1.389	1.451	1.01	2.106260637450084	1.8322796497164289	(3, 1.389)	1	1	3
r4i1231p1f1	2008-08-14	6	1.16	1.541	0.645	2.8930597314878326	2.3494233825016577	(6, 1.16)	1	1	1
r4i1251p1f1	1851-06-08	3	1.309	1.36	0.789	2.054349800617799	1.629194315429705	(3, 1.309)	1	1	1
r4i1251p1f1	1852-06-20	4	1.365	1.484	1.277	2.4782176616372036	2.417341330292234	(4, 1.365)	1	3	3
r4i1251p1f1	1852-07-05	4	1.494	1.919	1.795	2.561250216375334	2.731766727719526	(4, 1.494)	2	3	3
r4i1251p1f1	1854-06-24	7	1.442	1.743	2.778	3.3216567105597172	3.9598466072926413	(7, 1.442)	2	3	2
r4i1251p1f1	1854-08-17	11	1.483	1.821	4.809	4.009224127275369	5.173015644440775	(11, 1.483)	0	0	2
r4i1251p1f1	1855-07-15	3	1.384	1.481	1.016	2.1030939735949343	1.8372570539560484	(3, 1.384)	1	1	3
r4i1251p1f1	1855-07-20	9	1.495	1.734	4.042	3.722435112642146	4.7016978062291575	(9, 1.495)	0	0	2
r4i1251p1f1	1855-08-26	7	1.274	1.522	1.597	3.202535452879611	3.42024331444937	(7, 1.274)	1	3	2
r4i1251p1f1	1857-06-16	5	1.59	1.9	2.721	2.9326188922153533	3.447498890868041	(5, 1.59)	2	2	0
r4i1251p1f1	1857-07-22	3	1.253	1.371	0.624	2.0163391868484126	1.4451289374708147	(3, 1.253)	1	1	1
r4i1251p1f1	1859-08-17	4	1.342	1.474	1.186	2.462661040840681	2.3502317464613984	(4, 1.342)	1	1	3
r4i1251p1f1	1860-07-18	5	1.361	1.594	1.576	2.7860257019991295	2.924247854096473	(5, 1.361)	1	3	3
r4i1251p1f1	1861-08-16	7	1.489	1.8	3.104	3.35259050772696	4.068802532295307	(7, 1.489)	2	3	2
r4i1251p1f1	1862-06-09	4	1.126	1.222	0.322	2.30338477316461	1.2742448573112677	(4, 1.126)	1	1	1
r4i1251p1f1	1863-06-27	8	1.556	1.913	4.087	3.5892872930422253	4.537728823902385	(8, 1.556)	0	2	2
r4i1251p1f1	1863-07-08	3	1.282	1.523	0.709	2.0362035327569803	1.5441678315477239	(3, 1.282)	1	1	1
r4i1251p1f1	1864-08-07	4	1.21	1.367	0.658	2.3683728335320486	1.834818958688502	(4, 1.21)	1	1	1
r4i1251p1f1	1866-06-14	4	1.29	1.47	0.977	2.4265710727750367	2.1765682524105587	(4, 1.29)	1	1	1
r4i1251p1f1	1867-08-11	8	1.673	2.201	5.02	3.6598539770475123	4.7413573405886345	(8, 1.673)	0	0	0
r4i1251p1f1	1868-07-24	3	1.502	1.703	1.369	2.1752766903576766	2.0935333672031136	(3, 1.502)	2	3	3
r4i1251p1f1	1869-06-07	3	1.173	1.24	0.382	1.959402543353941	1.093576371520756	(3, 1.173)	1	1	1
r4i1251p1f1	1869-06-30	3	1.201	1.346	0.466	1.9797011838168412	1.2300518784506422	(3, 1.201)	1	1	1
r4i1251p1f1	1869-08-13	5	1.327	1.513	1.409	2.762305469788006	2.818583250202954	(5, 1.327)	1	3	3
r4i1251p1f1	1870-07-03	4	1.197	1.339	0.608	2.3585872831093306	1.7688319645843502	(4, 1.197)	1	1	1
r4i1251p1f1	1871-06-18	6	1.423	1.522	2.268	3.08711399359499	3.5360969834388194	(6, 1.423)	2	3	3
r4i1251p1f1	1871-08-29	5	1.437	1.656	1.955	2.8370968768031672	3.129282112011033	(5, 1.437)	2	3	3
r4i1251p1f1	1873-08-14	4	1.265	1.397	0.878	2.4087452888224363	2.0824370506596344	(4, 1.265)	1	1	1
r4i1251p1f1	1874-07-04	6	1.695	2.395	3.899	3.254679579327198	4.065659776815703	(6, 1.695)	0	2	0
r4i1251p1f1	1874-07-22	6	1.639	2.029	3.561	3.222400889741316	3.9766077350788134	(6, 1.639)	2	2	0
r4i1251p1f1	1875-06-13	3	1.191	1.261	0.437	1.972498877229363	1.18500971878511	(3, 1.191)	1	1	1
r4i1251p1f1	1877-07-26	5	1.727	2.1	3.405	3.01103690716943	3.665330780721988	(5, 1.727)	2	2	0
r4i1251p1f1	1877-08-22	3	1.257	1.408	0.633	2.019102669039607	1.456091954898091	(3, 1.257)	1	1	1
r4i1251p1f1	1883-06-09	14	1.303	1.574	3.599	4.237799879300633	5.244532281226405	(14, 1.303)	0	0	2
r4i1251p1f1	1883-07-03	7	1.336	1.479	2.036	3.2481653194351665	3.6560268611910014	(7, 1.336)	1	3	2
r4i1251p1f1	1883-07-19	3	1.336	1.569	0.873	2.0721726417133604	1.7113157623497717	(3, 1.336)	1	1	3
r4i1251p1f1	1885-07-10	7	1.292	1.513	1.723	3.215998684156201	3.4937889166543905	(7, 1.292)	1	3	2
r4i1251p1f1	1887-06-14	6	1.23	1.322	1.109	2.9484957027744754	2.850643190163154	(6, 1.23)	1	1	1
r4i1251p1f1	1887-07-28	7	1.322	1.689	1.933	3.2380422746538926	3.6054886329045988	(7, 1.322)	2	3	2
r4i1251p1f1	1889-08-06	5	1.968	2.562	4.613	3.1356206817840904	3.9622389698237037	(5, 1.968)	0	2	0
r4i1251p1f1	1894-08-10	4	1.3	1.533	1.02	2.4336133554004498	2.214846178686039	(4, 1.3)	1	1	1
r4i1251p1f1	1896-06-23	6	1.882	2.274	5.019	3.3554897975997346	4.314335604452842	(6, 1.882)	0	2	0
r4i1251p1f1	1896-08-28	3	1.45	1.454	1.213	2.144107517146862	1.9882760330494176	(3, 1.45)	1	3	3
r4i1251p1f1	1897-07-14	7	1.896	2.463	5.955	3.586691993445292	4.712122724320592	(7, 1.896)	0	0	4
r4i1251p1f1	1897-07-25	3	1.193	1.27	0.444	1.9739434943828855	1.196069155321417	(3, 1.193)	1	1	1
r4i1251p1f1	1897-08-01	3	1.326	1.745	0.842	2.0656085698259683	1.6817884042514022	(3, 1.326)	1	3	3
r4i1251p1f1	1898-06-20	3	1.222	1.294	0.531	1.9946592593953143	1.3241947132336243	(3, 1.222)	1	1	1
r4i1251p1f1	1898-06-27	3	1.315	1.38	0.809	2.058337974099738	1.6493674723672203	(3, 1.315)	1	1	1
r4i1251p1f1	1899-07-13	4	1.374	1.753	1.314	2.4842397608002966	2.4433899695850667	(4, 1.374)	2	3	3
r4i1251p1f1	1899-08-25	3	1.442	1.836	1.188	2.1392248442209048	1.9703280309734539	(3, 1.442)	2	3	3
r4i1251p1f1	1900-06-23	4	1.332	1.553	1.146	2.4558210688929036	2.3192455338871527	(4, 1.332)	1	3	3
r4i1251p1f1	1900-07-25	4	1.299	1.497	1.012	2.4329113546696197	2.207834756448235	(4, 1.299)	1	1	1
r4i1251p1f1	1901-06-03	5	1.376	1.606	1.654	2.796314262805641	2.9700186012731153	(5, 1.376)	2	3	3
r4i1251p1f1	1904-06-21	6	1.489	1.691	2.662	3.130426674211007	3.691955971072044	(6, 1.489)	2	3	3
r4i1251p1f1	1905-06-10	5	1.267	1.419	1.109	2.719022493895208	2.595179848575669	(5, 1.267)	1	1	1
r4i1251p1f1	1906-08-10	8	1.373	1.685	2.624	3.4678412954734608	4.100564216719546	(8, 1.373)	2	3	2
r4i1251p1f1	1907-06-23	5	1.245	1.36	0.999	2.7026706344750906	2.4989048452565896	(5, 1.245)	1	1	1
r4i1251p1f1	1907-07-14	9	1.475	1.992	3.87	3.709294638856529	4.658616161693717	(9, 1.475)	0	0	2
r4i1251p1f1	1907-08-08	8	1.631	2.398	4.682	3.635091395749178	4.67228257673418	(8, 1.631)	0	0	0
r4i1251p1f1	1907-08-18	4	1.415	1.522	1.48	2.511223958105374	2.552565298261815	(4, 1.415)	1	3	3
r4i1251p1f1	1909-08-28	3	1.277	1.54	0.696	2.0328066751850744	1.5296416264070827	(3, 1.277)	1	1	1
r4i1251p1f1	1910-06-16	4	1.409	1.628	1.455	2.5073202446249003	2.5368663887187113	(4, 1.409)	2	3	3
r4i1251p1f1	1911-06-01	8	1.213	1.396	1.342	3.348044704202884	3.445724300029087	(8, 1.213)	1	1	1
r4i1251p1f1	1911-07-09	3	1.144	1.282	0.296	1.9379353448911276	0.9314004498222589	(3, 1.144)	1	1	1
r4i1251p1f1	1911-07-16	3	1.244	1.387	0.594	2.0100932874778716	1.4076924158014976	(3, 1.244)	1	1	1
r4i1251p1f1	1912-08-17	3	1.54	1.822	1.485	2.1974550764323966	2.165193269654166	(3, 1.54)	2	3	3
r4i1251p1f1	1912-08-26	3	1.366	1.47	0.96	2.0916102281588795	1.7898086218618807	(3, 1.366)	1	1	3
r4i1251p1f1	1914-07-10	3	1.472	1.676	1.279	2.1574132254427836	2.034166803163775	(3, 1.472)	2	3	3
r4i1251p1f1	1915-06-26	3	1.066	1.078	0.063	1.8777993092709364	0.2831902010587624	(3, 1.066)	1	1	1
r4i1251p1f1	1915-07-30	6	1.402	1.927	2.137	3.072929755082743	3.478385479795618	(6, 1.402)	2	3	3
r4i1251p1f1	1915-08-07	4	1.025	1.184	-0.083	2.2192034840549946	-1.0906441190189329	(4, 1.025)	1	1	1
r4i1251p1f1	1916-07-30	4	1.749	2.369	2.816	2.7075167254960664	3.158191201251694	(4, 1.749)	2	2	0
r4i1251p1f1	1917-06-13	5	1.265	1.414	1.099	2.717546960968081	2.5868006793464966	(5, 1.265)	1	1	1
r4i1251p1f1	1917-08-21	5	1.295	1.382	1.246	2.7394545584375005	2.7034197303220164	(5, 1.295)	1	1	1
r4i1251p1f1	1918-07-27	7	1.363	1.632	2.225	3.2674036025741633	3.7425997468653645	(7, 1.363)	2	3	2
r4i1251p1f1	1919-07-03	3	1.144	1.305	0.294	1.9379353448911276	0.9272974599000251	(3, 1.144)	1	1	1
r4i1251p1f1	1920-07-14	4	1.618	2.009	2.288	2.6350493082177198	2.9603123283227304	(4, 1.618)	2	2	0
r4i1251p1f1	1922-08-13	5	1.475	1.951	2.146	2.8616865391962025	3.2185961617090144	(5, 1.475)	2	3	3
r4i1251p1f1	1923-06-01	3	1.427	1.624	1.145	2.130005073835971	1.9386833160041137	(3, 1.427)	2	3	3
r4i1251p1f1	1924-06-19	3	1.682	2.012	1.91	2.2762337639305423	2.3910218070502305	(3, 1.682)	2	2	0
r4i1251p1f1	1925-06-14	10	1.141	1.366	0.959	3.6131205688668477	3.4444561731321173	(10, 1.141)	1	1	2
r4i1251p1f1	1925-07-11	4	1.406	1.533	1.44	2.5053626583553825	2.5273273656719524	(4, 1.406)	1	3	3
r4i1251p1f1	1926-06-18	11	1.695	2.331	7.139	4.140567453068057	5.566247758124805	(11, 1.695)	0	0	4
r4i1251p1f1	1927-08-07	3	1.234	1.37	0.567	2.0031073361399168	1.3727577592551778	(3, 1.234)	1	1	1
r4i1251p1f1	1929-08-21	11	1.552	1.988	5.566	4.053894346169558	5.318432050121649	(11, 1.552)	0	0	4
r4i1251p1f1	1931-06-30	4	1.057	1.115	0.044	2.2466494606637424	0.30158497762077235	(4, 1.057)	1	1	1
r4i1251p1f1	1931-07-10	7	1.228	1.806	1.275	3.1672826231934277	3.2032881844321466	(7, 1.228)	2	3	2
r4i1251p1f1	1932-07-14	4	1.456	1.607	1.642	2.537499099907171	2.648724735017395	(4, 1.456)	2	3	3
r4i1251p1f1	1932-08-04	7	1.805	2.34	5.318	3.5389012022032214	4.600064557477246	(7, 1.805)	0	2	0
r4i1251p1f1	1934-05-31	8	1.379	1.684	2.666	3.4720660761654045	4.1161825957021865	(8, 1.379)	2	3	2
r4i1251p1f1	1934-06-28	4	1.223	1.471	0.711	2.3780635541699513	1.9003148757824004	(4, 1.223)	1	1	1
r4i1251p1f1	1936-08-13	3	1.548	1.996	1.508	2.2020621850372506	2.1788114076865774	(3, 1.548)	2	2	3
r4i1251p1f1	1936-08-25	13	1.314	1.769	3.496	4.136605950517535	5.105127529580083	(13, 1.314)	0	0	2
r4i1251p1f1	1938-07-14	5	1.511	1.962	2.328	2.8844371590601514	3.2968671224448047	(5, 1.511)	2	2	0
r4i1251p1f1	1939-06-15	12	1.508	1.801	5.55	4.153970769357574	5.445482997199292	(12, 1.508)	0	0	4
r4i1251p1f1	1939-08-03	4	1.528	1.592	1.931	2.582033360518723	2.8002038892727548	(4, 1.528)	2	3	3
r4i1251p1f1	1940-07-05	5	1.23	1.437	0.924	2.691366333605301	2.427510036055624	(5, 1.23)	1	1	1
r4i1251p1f1	1941-07-20	4	1.369	1.527	1.295	2.4808986283904613	2.4300984132930052	(4, 1.369)	1	3	3
r4i1251p1f1	1944-08-06	4	1.247	1.355	0.808	2.3957110709835296	2.010091463545043	(4, 1.247)	1	1	1
r4i1251p1f1	1945-06-23	3	1.299	1.45	0.761	2.047667294277063	1.6002502334113886	(3, 1.299)	1	1	1
r4i1251p1f1	1946-07-08	4	1.763	2.359	2.872	2.7149596094031447	3.177053330014362	(4, 1.763)	2	2	0
r4i1251p1f1	1947-07-13	3	1.248	1.499	0.607	2.0128740600650636	1.4240872574909593	(3, 1.248)	1	1	1
r4i1251p1f1	1948-06-16	3	1.158	1.294	0.336	1.9483563696870467	1.0101115172736006	(3, 1.158)	1	1	1
r4i1251p1f1	1949-08-21	6	1.374	1.899	1.971	3.053698939757692	3.4001189903456606	(6, 1.374)	2	3	3
r4i1251p1f1	1951-07-13	3	1.881	2.197	2.507	2.3771323628741423	2.6409665147983845	(3, 1.881)	2	2	0
r4i1251p1f1	1951-07-31	4	1.408	1.58	1.451	2.506668141569513	2.534331533115523	(4, 1.408)	2	3	3
r4i1251p1f1	1952-06-20	6	1.333	1.693	1.724	3.024855008051226	3.2709946106192525	(6, 1.333)	2	3	3
r4i1251p1f1	1953-06-04	4	1.354	1.555	1.235	2.470807725408499	2.3869262414277967	(4, 1.354)	1	3	3
r4i1251p1f1	1953-07-26	3	1.582	2.038	1.609	2.2214089993260573	2.236510378983909	(3, 1.582)	2	2	0
r4i1251p1f1	1954-06-03	6	1.365	1.626	1.92	3.0474382299710787	3.374789127626408	(6, 1.365)	2	3	3
r4i1251p1f1	1954-07-15	8	1.159	1.264	0.909	3.3041421444875585	3.0712256665154074	(8, 1.159)	1	1	1
r4i1251p1f1	1955-06-12	3	1.349	1.493	0.91	2.0806420230924974	1.7454534902300263	(3, 1.349)	1	1	3
r4i1251p1f1	1958-07-15	5	1.117	1.502	0.36	2.601832996690327	1.6144100029799273	(5, 1.117)	1	1	1
r4i1251p1f1	1958-08-11	3	1.178	1.265	0.397	1.9630576515367082	1.1193532049845927	(3, 1.178)	1	1	1
r4i1251p1f1	1958-08-27	3	1.334	1.446	0.865	2.0708632697743425	1.7037788673537406	(3, 1.334)	1	1	1
r4i1251p1f1	1959-06-08	10	1.188	1.449	1.427	3.6524192509173936	3.831370326322915	(10, 1.188)	1	3	2
r4i1251p1f1	1959-08-12	5	1.685	1.934	3.195	2.9876432812120073	3.603353862086943	(5, 1.685)	2	2	0
r4i1251p1f1	1960-06-24	4	1.206	1.308	0.642	2.3653720810928105	1.8141730640649552	(4, 1.206)	1	1	1
r4i1251p1f1	1960-07-20	3	1.104	1.125	0.174	1.907548262098765	0.6440254852543897	(3, 1.104)	1	1	1
r4i1251p1f1	1961-06-30	3	1.329	1.391	0.849	2.0675823194866925	1.6885324920460172	(3, 1.329)	1	1	1
r4i1251p1f1	1961-07-19	5	1.448	1.739	2.01	2.844277332785745	3.155828806306039	(5, 1.448)	2	3	3
r4i1251p1f1	1963-07-04	9	1.461	2.242	3.744	3.6999924751175057	4.625835186431675	(9, 1.461)	0	0	2
r4i1251p1f1	1963-07-22	9	1.355	1.658	2.781	3.6266050346294323	4.331877422416818	(9, 1.355)	2	3	2
r4i1251p1f1	1963-08-22	13	1.491	2.005	5.79	4.261078600926668	5.607234292024489	(13, 1.491)	0	0	4
r4i1251p1f1	1966-08-20	5	1.364	1.568	1.591	2.788091899947457	2.9332141506239635	(5, 1.364)	1	3	3
r4i1251p1f1	1968-07-10	4	1.317	1.46	1.085	2.445472580542593	2.2700619012884857	(4, 1.317)	1	1	1
r4i1251p1f1	1968-07-24	5	1.346	1.631	1.503	2.7756301853340113	2.8794260073004456	(5, 1.346)	1	3	3
r4i1251p1f1	1969-06-06	10	1.314	1.613	2.682	3.750734576309749	4.452162199571321	(10, 1.314)	2	3	2
r4i1251p1f1	1970-05-31	4	1.196	1.324	0.6	2.357830567220024	1.7578579175523736	(4, 1.196)	1	1	1
r4i1251p1f1	1970-07-05	5	1.313	1.588	1.339	2.752372384235367	2.770741711900932	(5, 1.313)	1	3	3
r4i1251p1f1	1973-06-28	4	1.265	1.431	0.879	2.4087452888224363	2.083433562949373	(4, 1.265)	1	1	1
r4i1251p1f1	1974-06-19	4	1.36	1.425	1.258	2.474856313934499	2.403696594362457	(4, 1.36)	1	1	3
r4i1251p1f1	1974-07-25	6	1.622	2.109	3.46	3.2123922187163214	3.948382071437105	(6, 1.622)	2	2	0
r4i1251p1f1	1975-08-06	3	1.595	1.959	1.647	2.2287085063689283	2.2573850956769888	(3, 1.595)	2	2	0
r4i1251p1f1	1976-06-12	5	1.476	1.784	2.151	2.862325540241942	3.2208303574447554	(5, 1.476)	2	3	3
r4i1251p1f1	1976-08-15	3	1.266	1.481	0.662	2.025292722467937	1.4906212461277157	(3, 1.266)	1	1	1
r4i1251p1f1	1977-08-01	3	1.319	1.451	0.821	2.0609879473370127	1.6612788732430224	(3, 1.319)	1	1	1
r4i1251p1f1	1977-08-18	4	1.67	1.806	2.5	2.664446563620078	3.044522437723423	(4, 1.67)	2	2	0
r4i1251p1f1	1978-07-07	4	1.389	1.465	1.375	2.494196696695093	2.4849066497880004	(4, 1.389)	1	3	3
r4i1251p1f1	1979-06-29	6	1.415	1.529	2.216	3.0817341706840735	3.5135856135732815	(6, 1.415)	2	3	3
r4i1251p1f1	1981-07-17	5	1.561	1.821	2.575	2.915200435179769	3.3941517933703	(5, 1.561)	2	2	0
r4i1251p1f1	1984-06-09	3	1.385	1.577	1.02	2.1037281090948614	1.8405616128750606	(3, 1.385)	1	3	3
r4i1251p1f1	1984-07-07	3	1.231	1.315	0.556	2.0010019984654726	1.3581676752688665	(3, 1.231)	1	1	1
r4i1251p1f1	1984-08-18	3	1.431	1.594	1.157	2.1324720027003963	1.947615601525812	(3, 1.431)	1	3	3
r4i1251p1f1	1985-08-15	4	1.405	1.702	1.438	2.50470927708418	2.5260485931191754	(4, 1.405)	2	3	3
r4i1251p1f1	1986-07-16	3	1.182	1.23	0.409	1.965972149383562	1.1395067096493494	(3, 1.182)	1	1	1
r4i1251p1f1	1986-08-17	13	1.312	1.63	3.464	4.135107075842423	5.095988093853242	(13, 1.312)	0	0	2
r4i1251p1f1	1987-07-05	14	1.583	2.012	7.531	4.429895076636502	5.980145489891841	(14, 1.583)	0	0	4
r4i1251p1f1	1987-07-28	22	1.241	1.731	4.302	4.86025983196186	6.097893837061672	(22, 1.241)	0	0	2
r4i1251p1f1	1992-06-03	5	1.462	1.847	2.084	2.8533421531852725	3.190469285529276	(5, 1.462)	2	3	3
r4i1251p1f1	1993-06-20	3	1.232	1.404	0.56	2.001704270299514	1.3634978225030308	(3, 1.232)	1	1	1
r4i1251p1f1	1993-06-29	4	1.868	2.217	3.29	2.7690825829104937	3.307619034702589	(4, 1.868)	2	2	0
r4i1251p1f1	1993-07-11	3	1.418	1.814	1.117	2.1244321317676773	1.9175257032512696	(3, 1.418)	2	3	3
r4i1251p1f1	1993-07-17	4	1.613	1.938	2.27	2.632176568523036	2.9528247725427144	(4, 1.613)	2	2	0
r4i1251p1f1	1993-07-23	11	1.512	1.833	5.132	4.028242214735321	5.23766516475985	(11, 1.512)	0	0	2
r4i1251p1f1	1993-08-14	4	1.253	1.354	0.83	2.4000747142713026	2.033397603178429	(4, 1.253)	1	1	1
r4i1251p1f1	1993-08-25	7	1.416	1.693	2.594	3.3041241717932355	3.8926679450077093	(7, 1.416)	2	3	2
r4i1251p1f1	1996-06-01	3	1.092	1.162	0.139	1.8982491140189333	0.5436403934265805	(3, 1.092)	1	1	1
r4i1251p1f1	1997-08-02	5	1.141	1.276	0.479	2.6215309075023274	1.8493021398236227	(5, 1.141)	1	1	1
r4i1251p1f1	1997-08-18	3	1.452	1.87	1.219	2.145324469373965	1.9925360413504454	(3, 1.452)	2	3	3
r4i1251p1f1	1998-07-27	5	1.524	1.813	2.392	2.892527099508227	3.322997001254586	(5, 1.524)	2	3	3
r4i1251p1f1	1999-08-22	3	1.272	1.499	0.681	2.0293982396318806	1.5126141437016694	(3, 1.272)	1	1	1
r4i1251p1f1	2000-07-06	4	1.382	1.568	1.345	2.4895624613241942	2.464703942470481	(4, 1.382)	1	3	3
r4i1251p1f1	2000-08-02	3	1.293	1.563	0.741	2.043636250061301	1.5790506498304957	(3, 1.293)	1	1	1
r4i1251p1f1	2001-06-18	3	1.097	1.155	0.156	1.9021342734584945	0.5936581594160023	(3, 1.097)	1	1	1
r4i1251p1f1	2001-08-20	5	1.492	1.926	2.231	2.872494412410056	3.2559148633224475	(5, 1.492)	2	3	3
r4i1251p1f1	2003-06-28	5	1.33	1.527	1.425	2.7644212118971057	2.8292043977637307	(5, 1.33)	1	3	3
r4i1251p1f1	2003-07-27	3	1.408	1.709	1.088	2.118203328769935	1.895130081726901	(3, 1.408)	2	3	3
r4i1251p1f1	2004-08-18	3	1.392	1.67	1.039	2.108155833588867	1.8561108427283792	(3, 1.392)	1	3	3
r4i1251p1f1	2005-06-25	4	1.393	1.509	1.392	2.4968352206532742	2.4961762420462312	(4, 1.393)	1	3	3
r4i1251p1f1	2005-07-14	12	1.276	1.881	2.768	3.989767516071674	4.754138310244514	(12, 1.276)	0	0	2
r4i1251p1f1	2009-08-10	5	1.165	1.256	0.596	2.6408482940902527	2.0364665244214053	(5, 1.165)	1	1	1
r4i1251p1f1	2009-08-17	6	1.275	1.481	1.38	2.9825759338228286	3.0578510759497184	(6, 1.275)	1	3	1
r4i1251p1f1	2009-08-27	3	1.234	1.344	0.565	2.0031073361399168	1.3701208010874533	(3, 1.234)	1	1	1
r4i1251p1f1	2010-06-19	4	1.166	1.258	0.481	2.3348586535443414	1.5785662487670133	(4, 1.166)	1	1	1
r4i1251p1f1	2010-08-16	9	1.332	1.495	2.58	3.609944466025794	4.257879641930999	(9, 1.332)	2	3	2
r4i1281p1f1	1852-07-24	3	1.484	1.836	1.328	2.1645969489671297	2.066924835692335	(3, 1.484)	2	3	3
r4i1281p1f1	1853-07-31	4	1.204	1.324	0.653	2.363868321410944	1.8284127868760904	(4, 1.204)	1	1	1
r4i1281p1f1	1853-08-07	4	1.187	1.663	0.585	2.3509942322017334	1.7369512327330598	(4, 1.187)	1	1	1
r4i1281p1f1	1853-08-14	5	1.408	1.518	1.835	2.8179156679086597	3.0687932979072436	(5, 1.408)	2	3	3
r4i1281p1f1	1854-07-23	11	1.302	1.885	2.87	3.881578235931375	4.660660185874658	(11, 1.302)	0	0	2
r4i1281p1f1	1859-08-09	3	1.229	1.393	0.563	1.9995959735061966	1.367476870982593	(3, 1.229)	1	1	1
r4i1281p1f1	1859-08-14	5	1.492	1.82	2.253	2.872494412410056	3.2653511505904014	(5, 1.492)	2	3	3
r4i1281p1f1	1861-06-28	3	1.431	1.552	1.17	2.1324720027003963	1.9572030484955636	(3, 1.431)	1	3	3
r4i1281p1f1	1862-07-07	4	1.37	1.611	1.318	2.481567748522486	2.4461658214715696	(4, 1.37)	1	3	3
r4i1281p1f1	1863-06-27	5	1.427	1.572	1.932	2.830524144307154	3.1179683425086444	(5, 1.427)	2	3	3
r4i1281p1f1	1863-07-06	3	1.281	1.357	0.721	2.0355250837068217	1.5573918920344425	(3, 1.281)	1	1	1
r4i1281p1f1	1863-08-05	8	1.453	1.679	3.297	3.5227551181791807	4.325490592680317	(8, 1.453)	2	3	2
r4i1281p1f1	1864-06-28	4	1.424	1.648	1.531	2.5170511031145675	2.583846597642904	(4, 1.424)	2	3	3
r4i1281p1f1	1866-07-05	3	1.599	1.744	1.675	2.23094383089042	2.272492344956274	(3, 1.599)	2	3	3
r4i1281p1f1	1866-08-07	4	1.295	1.441	1.017	2.4300984132930052	2.2122226529136544	(4, 1.295)	1	1	1
r4i1281p1f1	1867-08-23	8	1.165	1.343	0.996	3.309116478224365	3.158569713845867	(8, 1.165)	1	1	1
r4i1281p1f1	1869-06-04	6	1.33	1.583	1.736	3.0227114478908437	3.277668564101893	(6, 1.33)	1	3	3
r4i1281p1f1	1872-08-15	3	1.36	1.615	0.959	2.0877528189887515	1.7889405286417714	(3, 1.36)	1	3	3
r4i1281p1f1	1874-08-04	4	1.622	2.005	2.325	2.6373415728317555	2.975529566236472	(4, 1.622)	2	2	0
r4i1281p1f1	1875-07-01	4	1.111	1.269	0.279	2.291321900715335	1.173101140658849	(4, 1.111)	1	1	1
r4i1281p1f1	1875-07-30	7	1.171	1.372	0.91	3.1218019244817747	2.8821959743796812	(7, 1.171)	1	1	1
r4i1281p1f1	1876-06-30	3	1.313	1.551	0.817	2.057010349436034	1.6573241499661222	(3, 1.313)	1	1	3
r4i1281p1f1	1877-07-23	4	1.215	1.425	0.697	2.372111155642656	1.8834266577538787	(4, 1.215)	1	1	1
r4i1281p1f1	1877-08-15	6	1.271	1.411	1.382	2.9795931750354643	3.0592312990011097	(6, 1.271)	1	1	1
r4i1281p1f1	1878-06-25	3	1.364	1.627	0.969	2.090326077682387	1.7975877347776366	(3, 1.364)	1	3	3
r4i1281p1f1	1878-08-22	9	1.572	2.026	4.783	3.7714727524177896	4.868618478069896	(9, 1.572)	0	0	4
r4i1281p1f1	1880-07-01	12	1.547	1.948	6.072	4.179108145673394	5.535002022225895	(12, 1.547)	0	0	4
r4i1281p1f1	1883-06-07	3	1.06	1.083	0.057	1.8730201376660125	0.25942200803787413	(3, 1.06)	1	1	1
r4i1281p1f1	1883-08-07	4	1.036	1.11	-0.021	2.2287232443955904	-0.18392283816092847	(4, 1.036)	1	1	1
r4i1281p1f1	1885-07-19	3	1.198	1.367	0.472	1.9775459332921197	1.2391229198413687	(3, 1.198)	1	1	1
r4i1281p1f1	1885-08-26	7	1.524	1.801	3.384	3.3750202297249303	4.153753654310893	(7, 1.524)	2	2	2
r4i1281p1f1	1886-06-06	3	1.124	1.17	0.25	1.922857220904564	0.8324908205356607	(3, 1.124)	1	1	1
r4i1281p1f1	1886-06-22	3	1.301	1.33	0.781	2.0490073727916243	1.621009708622122	(3, 1.301)	1	1	1
r4i1281p1f1	1886-07-06	3	1.551	1.732	1.53	2.2037843932447	2.191666181004662	(3, 1.551)	2	3	3
r4i1281p1f1	1886-07-22	3	1.734	2.068	2.081	2.3035974105250383	2.4692169739893046	(3, 1.734)	2	2	0
r4i1281p1f1	1886-08-07	3	1.342	1.51	0.905	2.0760905021222955	1.7409078216071425	(3, 1.342)	1	1	3
r4i1281p1f1	1887-07-26	3	1.349	1.526	0.926	2.0806420230924974	1.759862311451134	(3, 1.349)	1	1	3
r4i1281p1f1	1891-07-17	4	1.703	1.944	2.648	2.6826640147117944	3.099371308313477	(4, 1.703)	2	2	0
r4i1281p1f1	1892-06-30	3	1.125	1.223	0.253	1.9236165511600132	0.8392483626231293	(3, 1.125)	1	1	1
r4i1281p1f1	1893-06-25	4	1.276	1.439	0.942	2.416627809034706	2.144292513999452	(4, 1.276)	1	1	1
r4i1281p1f1	1895-06-14	4	1.494	1.834	1.814	2.561250216375334	2.741613917940351	(4, 1.494)	2	3	3
r4i1281p1f1	1895-06-29	4	1.394	1.612	1.414	2.4974937652934717	2.510574396536578	(4, 1.394)	2	3	3
r4i1281p1f1	1895-07-22	16	1.941	2.509	14.403	4.830104133585921	6.827403856994573	(16, 1.941)	0	0	4
r4i1281p1f1	1895-08-13	4	1.283	1.428	0.969	2.4216117994156865	2.1692822456796255	(4, 1.283)	1	1	1
r4i1281p1f1	1895-08-19	3	1.591	2.208	1.652	2.2264681739754115	2.2600996117206793	(3, 1.591)	2	2	0
r4i1281p1f1	1896-06-30	11	1.568	2.035	5.802	4.063973742309617	5.359758724721277	(11, 1.568)	0	0	4
r4i1281p1f1	1896-08-06	4	1.111	1.143	0.279	2.291321900715335	1.173101140658849	(4, 1.111)	1	1	1
r4i1281p1f1	1898-06-17	6	1.198	1.454	0.94	2.92353421403142	2.6956484259660325	(6, 1.198)	1	1	1
r4i1281p1f1	1900-06-08	5	1.325	1.49	1.422	2.760892484079883	2.8272215064453143	(5, 1.325)	1	3	3
r4i1281p1f1	1900-07-15	10	1.552	2.245	5.108	3.9135927584372254	5.090857326498772	(10, 1.552)	0	0	4
r4i1281p1f1	1901-07-18	3	1.184	1.229	0.43	1.96742621912213	1.1738266020037689	(3, 1.184)	1	1	1
r4i1281p1f1	1901-08-23	6	1.309	1.507	1.607	3.0075764752386984	3.2034770743327283	(6, 1.309)	1	3	3
r4i1281p1f1	1902-06-01	3	1.198	1.296	0.47	1.9775459332921197	1.2361083727856943	(3, 1.198)	1	1	1
r4i1281p1f1	1902-06-13	3	1.433	1.644	1.177	2.133703188727767	1.962327697904164	(3, 1.433)	2	3	3
r4i1281p1f1	1902-08-08	3	1.604	1.948	1.689	2.2337309782393735	2.279961236850693	(3, 1.604)	2	2	0
r4i1281p1f1	1902-08-15	3	1.666	2.06	1.874	2.267661288260799	2.3737506356016946	(3, 1.666)	2	2	0
r4i1281p1f1	1903-06-12	3	1.258	1.478	0.652	2.0197923479787105	1.478848788142316	(3, 1.258)	1	1	1
r4i1281p1f1	1904-06-24	5	1.643	1.94	3.01	2.9636892576179457	3.545379195949781	(5, 1.643)	2	2	0
r4i1281p1f1	1907-06-03	4	1.265	1.41	0.895	2.4087452888224363	2.0992441689760155	(4, 1.265)	1	1	1
r4i1281p1f1	1910-06-19	4	1.598	1.974	2.229	2.6235084992256286	2.9355575505179208	(4, 1.598)	2	2	0
r4i1281p1f1	1910-07-08	6	1.429	1.758	2.331	3.091129952013059	3.562708437131517	(6, 1.429)	2	3	3
r4i1281p1f1	1910-07-29	4	1.469	1.646	1.714	2.545688122047859	2.68866348730202	(4, 1.469)	2	3	3
r4i1281p1f1	1913-06-22	3	1.294	1.415	0.759	2.044309220199835	1.5981503850765946	(3, 1.294)	1	1	1
r4i1281p1f1	1913-08-02	3	1.553	1.707	1.536	2.204930886475346	2.1951435380616515	(3, 1.553)	2	3	3
r4i1281p1f1	1913-08-08	3	1.253	1.43	0.637	2.0163391868484126	1.4609260927382746	(3, 1.253)	1	1	1
r4i1281p1f1	1914-06-13	4	1.449	1.685	1.632	2.5330616916750475	2.643049350884796	(4, 1.449)	2	3	3
r4i1281p1f1	1915-08-12	3	1.067	1.171	0.078	1.878593621977004	0.3402507241173132	(3, 1.067)	1	1	1
r4i1281p1f1	1917-08-04	8	1.852	2.179	6.489	3.7590111234633112	4.9960582899363954	(8, 1.852)	0	0	4
r4i1281p1f1	1919-06-28	4	1.688	2.042	2.59	2.6744244734525497	3.0782334950657346	(4, 1.688)	2	2	0
r4i1281p1f1	1919-07-16	6	1.734	2.278	4.156	3.2765593271063818	4.128431547012443	(6, 1.734)	0	2	0
r4i1281p1f1	1919-08-25	8	1.363	1.732	2.579	3.4607600866909953	4.083555038047047	(8, 1.363)	2	3	2
r4i1281p1f1	1922-08-11	4	1.722	1.98	2.726	2.6930042428969387	3.127111351610371	(4, 1.722)	2	2	0
r4i1281p1f1	1923-06-10	3	1.36	1.523	0.957	2.0877528189887515	1.7872020781678604	(3, 1.36)	1	1	3
r4i1281p1f1	1923-07-02	3	1.302	1.509	0.783	2.049676739221073	1.6230621489914792	(3, 1.302)	1	1	1
r4i1281p1f1	1923-07-08	4	1.111	1.142	0.279	2.291321900715335	1.173101140658849	(4, 1.111)	1	1	1
r4i1281p1f1	1923-08-03	4	1.388	1.651	1.39	2.4935359764860547	2.4948569806411682	(4, 1.388)	2	3	3
r4i1281p1f1	1928-07-30	14	1.356	1.77	4.408	4.277105242455528	5.446328497798236	(14, 1.356)	0	0	2
r4i1281p1f1	1928-08-15	3	1.332	1.597	0.875	2.069552181132402	1.7131911436783835	(3, 1.332)	1	1	3
r4i1281p1f1	1930-06-24	4	1.486	1.637	1.781	2.5562966458746734	2.724448346911846	(4, 1.486)	2	3	3
r4i1281p1f1	1930-07-14	7	1.571	1.777	3.711	3.4043699161078576	4.244611736816815	(7, 1.571)	2	2	0
r4i1281p1f1	1930-08-14	5	1.803	2.355	3.81	3.0520253072041865	3.7749905190381763	(5, 1.803)	0	2	0
r4i1281p1f1	1933-06-09	3	1.07	1.09	0.088	1.8809727815008697	0.3765589299239576	(3, 1.07)	1	1	1
r4i1281p1f1	1933-06-24	4	1.328	1.472	1.149	2.453071926267982	2.3216030988298075	(4, 1.328)	1	1	1
r4i1281p1f1	1933-07-17	5	1.688	2.181	3.233	2.98933252528566	3.6148571398068174	(5, 1.688)	2	2	0
r4i1281p1f1	1935-06-18	4	1.588	1.817	2.189	2.617687761021819	2.9184191704513207	(4, 1.588)	2	2	3
r4i1281p1f1	1937-08-02	5	1.714	2.184	3.366	3.003854328543422	3.65410745633032	(5, 1.714)	2	2	0
r4i1281p1f1	1938-06-13	3	1.368	1.43	0.982	2.0928927317076034	1.8087184623074828	(3, 1.368)	1	1	1
r4i1281p1f1	1938-08-11	3	1.416	1.636	1.125	2.1231894711408397	1.9236165511600132	(3, 1.416)	2	3	3
r4i1281p1f1	1939-08-06	9	1.184	1.359	1.284	3.4955373940365164	3.574253928272633	(9, 1.184)	1	1	2
r4i1281p1f1	1940-08-27	3	1.301	1.379	0.78	2.0490073727916243	1.6199819065811056	(3, 1.301)	1	1	1
r4i1281p1f1	1942-06-02	6	1.432	1.892	2.349	3.0931318993990278	3.5701834265355967	(6, 1.432)	2	3	3
r4i1281p1f1	1942-06-23	4	1.343	1.602	1.209	2.46334247187216	2.367623489173268	(4, 1.343)	1	3	3
r4i1281p1f1	1942-07-01	3	1.24	1.479	0.598	2.007304760626642	1.4127656710796765	(3, 1.24)	1	1	1
r4i1281p1f1	1942-07-09	3	1.402	1.608	1.083	2.114447338462442	1.891217560871479	(3, 1.402)	1	3	3
r4i1281p1f1	1942-08-07	5	1.572	1.961	2.656	2.921843201455584	3.4240992126117407	(5, 1.572)	2	2	0
r4i1281p1f1	1942-08-27	3	1.105	1.147	0.192	1.9083193018307179	0.6919771288962269	(3, 1.105)	1	1	1
r4i1281p1f1	1943-06-23	5	1.228	1.397	0.933	2.689849392175427	2.436351455576661	(5, 1.228)	1	1	1
r4i1281p1f1	1943-07-28	5	1.55	1.702	2.544	2.908513247313477	3.3824488774920316	(5, 1.55)	2	3	3
r4i1281p1f1	1945-06-14	5	1.239	1.313	0.993	2.698164236965281	2.49337713276452	(5, 1.239)	1	1	1
r4i1281p1f1	1945-07-16	3	1.332	1.586	0.875	2.069552181132402	1.7131911436783835	(3, 1.332)	1	1	3
r4i1281p1f1	1945-07-26	10	1.578	1.761	5.376	3.9298774907874474	5.141687222951567	(10, 1.578)	0	0	2
r4i1281p1f1	1945-08-23	3	1.208	1.315	0.501	1.984712110619881	1.281842422518679	(3, 1.208)	1	1	1
r4i1281p1f1	1947-06-22	4	1.559	1.897	2.073	2.600613457499971	2.8669893976612655	(4, 1.559)	2	2	0
r4i1281p1f1	1948-07-05	4	1.223	1.37	0.73	2.3780635541699513	1.922787731634459	(4, 1.223)	1	1	1
r4i1281p1f1	1948-07-14	4	1.315	1.393	1.096	2.444084655267745	2.2791117368084035	(4, 1.315)	1	1	1
r4i1281p1f1	1948-07-23	4	1.29	1.52	0.998	2.4265710727750367	2.195445217436142	(4, 1.29)	1	1	1
r4i1281p1f1	1948-07-31	3	1.197	1.306	0.469	1.9768264829675917	1.2345976845847308	(3, 1.197)	1	1	1
r4i1281p1f1	1950-07-10	7	1.454	1.848	2.89	3.329646127589864	3.9986327005064033	(7, 1.454)	2	3	2
r4i1281p1f1	1951-07-19	6	1.286	1.612	1.469	2.99073294045301	3.1174985917472156	(6, 1.286)	1	3	3
r4i1281p1f1	1951-08-21	6	1.258	1.398	1.301	2.9698373030705127	3.001749977408111	(6, 1.258)	1	1	1
r4i1281p1f1	1952-08-24	8	1.359	1.725	2.546	3.457913503083175	4.070895156009525	(8, 1.359)	2	3	2
r4i1281p1f1	1953-06-03	6	1.299	1.425	1.55	3.00028803306717	3.168855598012869	(6, 1.299)	1	3	1
r4i1281p1f1	1955-07-17	5	1.46	1.829	2.098	2.852052198869197	3.196890022003646	(5, 1.46)	2	3	3
r4i1281p1f1	1956-06-23	4	1.295	1.482	1.016	2.4300984132930052	2.2113466125597747	(4, 1.295)	1	1	1
r4i1281p1f1	1956-07-23	4	1.213	1.409	0.689	2.3706175033858727	1.8736466287002391	(4, 1.213)	1	1	1
r4i1281p1f1	1956-07-31	3	1.402	1.717	1.082	2.114447338462442	1.8904332164023727	(3, 1.402)	2	3	3
r4i1281p1f1	1958-07-04	4	1.387	1.677	1.385	2.4928748194371773	2.4915511925066687	(4, 1.387)	2	3	3
r4i1281p1f1	1958-08-14	5	1.626	1.819	2.926	2.9538280612031107	3.517903526889667	(5, 1.626)	2	2	0
r4i1281p1f1	1959-06-14	4	1.379	1.669	1.352	2.487569767207484	2.4694545452290786	(4, 1.379)	2	3	3
r4i1281p1f1	1960-07-16	5	1.541	1.756	2.499	2.9030084534011804	3.365213296772491	(5, 1.541)	2	3	3
r4i1281p1f1	1962-06-18	15	1.208	1.45	2.505	4.265190219736173	4.987212095223174	(15, 1.208)	0	0	2
r4i1281p1f1	1963-08-03	3	1.606	1.951	1.696	2.2348436657169133	2.2836748672979486	(3, 1.606)	2	2	0
r4i1281p1f1	1964-08-19	3	1.194	1.241	0.461	1.9746650211180787	1.2224293103801878	(3, 1.194)	1	1	1
r4i1281p1f1	1965-07-31	3	1.146	1.217	0.316	1.9394307280744352	0.9715302127344428	(3, 1.146)	1	1	1
r4i1281p1f1	1966-06-18	5	1.56	1.976	2.596	2.914594353514609	3.402002469090525	(5, 1.56)	2	2	0
r4i1281p1f1	1967-07-13	4	1.21	1.383	0.678	2.3683728335320486	1.8600409766444606	(4, 1.21)	1	1	1
r4i1281p1f1	1969-08-25	6	1.369	1.613	1.967	3.0502256078409515	3.398155357539213	(6, 1.369)	2	3	3
r4i1281p1f1	1970-06-16	5	1.436	1.75	1.974	2.836441544185978	3.138532679377736	(5, 1.436)	2	3	3
r4i1281p1f1	1970-07-25	3	1.527	1.808	1.458	2.1899229574343737	2.1489664653709726	(3, 1.527)	2	3	3
r4i1281p1f1	1970-08-28	4	1.408	1.645	1.469	2.506668141569513	2.545688122047859	(4, 1.408)	2	3	3
r4i1281p1f1	1971-08-19	6	1.482	1.755	2.648	3.1259208323161953	3.6868146497052217	(6, 1.482)	2	3	3
r4i1281p1f1	1973-05-30	6	1.36	1.652	1.914	3.0439430461519064	3.371766518312938	(6, 1.36)	2	3	3
r4i1281p1f1	1973-07-09	3	1.342	1.526	0.904	2.0760905021222955	1.7399962030397926	(3, 1.342)	1	1	3
r4i1281p1f1	1973-07-18	9	1.376	1.985	3.013	3.641578180995923	4.410990599840752	(9, 1.376)	2	3	2
r4i1281p1f1	1975-07-18	7	1.582	1.938	3.791	3.4111163595066376	4.265637506569772	(7, 1.582)	2	2	0
r4i1281p1f1	1976-08-13	5	1.533	2.059	2.46	2.8980897335254356	3.3500316624083903	(5, 1.533)	2	2	0
r4i1281p1f1	1977-08-14	7	1.617	2.162	4.033	3.432284435917888	4.326675186352645	(7, 1.617)	0	2	0
r4i1281p1f1	1978-06-26	5	1.19	1.285	0.747	2.660581476076026	2.2355596308833325	(5, 1.19)	1	1	1
r4i1281p1f1	1978-07-21	3	1.216	1.264	0.524	1.9904083056570567	1.3144717404249726	(3, 1.216)	1	1	1
r4i1281p1f1	1979-06-08	3	1.222	1.303	0.543	1.9946592593953143	1.340645832792137	(3, 1.222)	1	1	1
r4i1281p1f1	1979-07-01	3	1.283	1.447	0.727	2.0368815218260807	1.5639389167977003	(3, 1.283)	1	1	1
r4i1281p1f1	1979-07-07	5	1.363	1.688	1.608	2.78740364154172	2.9432797042615224	(5, 1.363)	2	3	3
r4i1281p1f1	1980-07-15	10	1.417	1.691	3.765	3.824490935328714	4.7879895680576405	(10, 1.417)	0	0	2
r4i1281p1f1	1981-06-01	4	1.788	2.067	2.99	2.7281142321379517	3.2156706939192525	(4, 1.788)	2	2	0
r4i1281p1f1	1982-08-03	5	1.681	2.257	3.202	2.9853865077464556	3.605482853751961	(5, 1.681)	2	2	0
r4i1281p1f1	1984-08-23	3	1.131	1.3	0.27	1.9281604641562224	0.8767017910517952	(3, 1.131)	1	1	1
r4i1281p1f1	1985-08-13	3	1.129	1.276	0.264	1.926648119458506	0.8636425156131448	(3, 1.129)	1	1	1
r4i1281p1f1	1987-06-03	5	1.484	1.644	2.216	2.8674229020154542	3.2494295956807266	(5, 1.484)	2	3	3
r4i1281p1f1	1987-07-15	23	1.671	2.529	14.493	5.22207430945125	7.377532435178249	(23, 1.671)	0	0	4
r4i1281p1f1	1987-08-25	11	1.426	1.785	4.231	3.9707555128943723	5.04573878907526	(11, 1.426)	0	0	2
r4i1281p1f1	1993-06-06	6	1.351	1.653	1.859	3.03762076420504	3.343625067742217	(6, 1.351)	2	3	3
r4i1281p1f1	1993-07-03	13	1.705	2.165	8.634	4.393424481981547	6.005599886456901	(13, 1.705)	0	0	4
r4i1281p1f1	1994-06-03	3	1.23	1.376	0.568	2.000299233099087	1.3740736353341576	(3, 1.23)	1	1	1
r4i1281p1f1	1995-07-27	3	1.477	1.691	1.309	2.1604127176168655	2.054349800617799	(3, 1.477)	2	3	3
r4i1281p1f1	1995-08-13	5	1.489	1.78	2.241	2.8705956088236366	3.26021512637691	(5, 1.489)	2	3	3
r4i1281p1f1	1996-06-25	6	1.311	1.61	1.619	3.0090278107193003	3.210615536888097	(6, 1.311)	1	3	3
r4i1281p1f1	1996-07-28	3	1.339	1.468	0.895	2.074133490620374	1.7317540214284177	(3, 1.339)	1	1	1
r4i1281p1f1	1996-08-15	4	1.457	1.647	1.666	2.538131411025298	2.6622156647584108	(4, 1.457)	2	3	3
r4i1281p1f1	2000-08-03	3	1.48	1.901	1.316	2.1622081038610697	2.0590011260458523	(3, 1.48)	2	3	3
r4i1281p1f1	2001-07-17	3	1.235	1.276	0.581	2.0038081315273124	1.3910242967152038	(3, 1.235)	1	1	1
r4i1281p1f1	2001-08-02	6	1.636	2.061	3.57	3.2206419170153486	3.979084658734226	(6, 1.636)	2	2	0
r4i1281p1f1	2002-06-28	12	1.551	1.817	6.127	4.181650967728736	5.5439837915443775	(12, 1.551)	0	0	4
r4i1281p1f1	2004-08-01	5	1.334	1.595	1.466	2.7672352560973157	2.8559170805777683	(5, 1.334)	1	3	3
r4i1281p1f1	2004-08-23	10	1.509	1.737	4.678	3.8860643745595103	5.003485454418542	(10, 1.509)	0	0	2
r4i1281p1f1	2008-06-17	3	1.154	1.372	0.338	1.9453899989154602	1.0138890260833204	(3, 1.154)	1	1	1
r4i1281p1f1	2008-06-26	4	1.299	1.457	1.033	2.4329113546696197	2.2261359208306395	(4, 1.299)	1	1	1
r4i1281p1f1	2010-06-15	3	1.356	1.52	0.946	2.085172921547925	1.7775861999417792	(3, 1.356)	1	1	3
r4i1301p1f1	1852-06-27	6	1.359	1.881	1.847	3.0432425410361312	3.3373784355069995	(6, 1.359)	2	3	3
r4i1301p1f1	1852-07-07	4	1.364	1.485	1.251	2.477546295381708	2.398622281190988	(4, 1.364)	1	3	3
r4i1301p1f1	1852-07-28	9	1.341	1.563	2.607	3.6164969156199733	4.268143795852178	(9, 1.341)	2	3	2
r4i1301p1f1	1852-08-09	3	1.375	1.512	0.969	2.097368585337483	1.7975877347776366	(3, 1.375)	1	1	3
r4i1301p1f1	1853-07-10	3	1.355	1.495	0.91	2.0845269058647236	1.7454534902300263	(3, 1.355)	1	1	3
r4i1301p1f1	1853-07-17	3	1.196	1.267	0.433	1.9761065146616097	1.1786346881452736	(3, 1.196)	1	1	1
r4i1301p1f1	1853-07-30	4	1.704	2.053	2.609	2.6832109110885645	3.085207279981594	(4, 1.704)	2	2	0
r4i1301p1f1	1857-06-11	12	1.44	1.809	4.658	4.108570819275225	5.271097360170669	(12, 1.44)	0	0	2
r4i1301p1f1	1858-08-17	7	1.375	1.561	2.261	3.275836570890806	3.758272718771293	(7, 1.375)	2	3	2
r4i1301p1f1	1859-07-07	9	1.971	2.375	8.276	3.99299451240327	5.413661875858769	(9, 1.971)	0	0	4
r4i1301p1f1	1859-07-20	3	1.334	1.592	0.847	2.0708632697743425	1.6866102464375254	(3, 1.334)	1	1	3
r4i1301p1f1	1860-06-17	4	1.602	1.874	2.203	2.6258273408443777	2.924451071549027	(4, 1.602)	2	2	0
r4i1301p1f1	1860-08-14	4	1.164	1.708	0.451	2.3333082656368864	1.5277939233935902	(4, 1.164)	1	1	1
r4i1301p1f1	1861-08-20	3	1.525	1.828	1.419	2.1887591178572414	2.12505288348338	(3, 1.525)	2	3	3
r4i1301p1f1	1862-08-14	7	1.541	1.842	3.426	3.385735777818229	4.1658960589532334	(7, 1.541)	2	2	2
r4i1301p1f1	1864-06-12	5	1.53	1.644	2.393	2.8962389581581185	3.3233999114449917	(5, 1.53)	2	3	3
r4i1301p1f1	1864-07-21	4	1.483	1.63	1.724	2.5544327124366104	2.6940864940848237	(4, 1.483)	2	3	3
r4i1301p1f1	1864-07-27	3	1.324	1.443	0.816	2.0642905691200095	1.65633302058119	(3, 1.324)	1	1	1
r4i1301p1f1	1865-07-16	10	1.962	2.519	9.104	4.143831113897197	5.6660590017757535	(10, 1.962)	0	0	4
r4i1301p1f1	1865-08-13	4	1.453	1.797	1.605	2.5355997641035186	2.6275629501895237	(4, 1.453)	2	3	3
r4i1301p1f1	1866-08-21	3	1.315	1.548	0.791	2.058337974099738	1.6312300429558206	(3, 1.315)	1	1	3
r4i1301p1f1	1866-08-27	5	1.179	1.371	0.639	2.6519468112835596	2.097310583661056	(5, 1.179)	1	1	1
r4i1301p1f1	1868-06-21	5	1.132	1.248	0.401	2.614189585366307	1.701710081223017	(5, 1.132)	1	1	1
r4i1301p1f1	1868-08-22	3	1.265	1.414	0.641	2.024606827905257	1.4657369740698964	(3, 1.265)	1	1	1
r4i1301p1f1	1870-07-22	3	1.23	1.468	0.534	2.000299233099087	1.3283329350556763	(3, 1.23)	1	1	1
r4i1301p1f1	1871-07-04	7	1.771	2.127	5.036	3.5204424296358066	4.546142057035985	(7, 1.771)	0	2	0
r4i1301p1f1	1871-08-07	3	1.28	1.409	0.686	2.034846174051035	1.5183222469767685	(3, 1.28)	1	1	1
r4i1301p1f1	1872-06-26	6	1.531	1.739	2.879	3.157043517123863	3.768440949488865	(6, 1.531)	2	3	3
r4i1301p1f1	1872-07-21	12	1.405	1.713	4.24	4.0843742438947634	5.177580855927596	(12, 1.405)	0	0	2
r4i1301p1f1	1872-08-04	3	1.169	1.261	0.351	1.9564688071658214	1.038101025140766	(3, 1.169)	1	1	1
r4i1301p1f1	1872-08-11	16	1.411	2.141	5.743	4.514194598251299	5.909581814292667	(16, 1.411)	0	0	4
r4i1301p1f1	1874-06-17	4	1.141	1.305	0.359	2.3153038654018205	1.3537711694143306	(4, 1.141)	1	1	1
r4i1301p1f1	1878-08-06	3	1.547	1.819	1.487	2.2014874558921855	2.1663848452922383	(3, 1.547)	2	3	3
r4i1301p1f1	1880-06-25	3	1.306	1.415	0.762	2.052349733401824	1.6012985063790617	(3, 1.306)	1	1	1
r4i1301p1f1	1881-07-24	6	1.478	1.672	2.557	3.123336920624489	3.6527358642353076	(6, 1.478)	2	3	3
r4i1301p1f1	1881-08-07	4	1.551	1.979	1.999	2.595851543739727	2.8327426450595286	(4, 1.551)	2	2	0
r4i1301p1f1	1882-06-14	6	1.255	1.482	1.217	2.96757236720378	2.938430125362549	(6, 1.255)	1	1	1
r4i1301p1f1	1882-06-25	4	1.763	2.041	2.847	2.7149596094031447	3.1686766685353485	(4, 1.763)	2	2	0
r4i1301p1f1	1883-06-26	4	1.451	1.727	1.598	2.534331533115523	2.6235084992256286	(4, 1.451)	2	3	3
r4i1301p1f1	1885-07-06	4	1.367	1.604	1.263	2.479559043461405	2.4073054037644486	(4, 1.367)	1	3	3
r4i1301p1f1	1885-08-26	3	1.422	1.558	1.112	2.126912829977665	1.913699997788122	(3, 1.422)	1	3	3
r4i1301p1f1	1886-07-06	3	1.109	1.134	0.172	1.9113975294518544	0.6385527680544896	(3, 1.109)	1	1	1
r4i1301p1f1	1886-07-21	5	1.605	1.904	2.767	2.941510776131763	3.463733914805581	(5, 1.605)	2	2	0
r4i1301p1f1	1887-06-08	6	1.257	1.357	1.23	2.969082894297463	2.9484957027744754	(6, 1.257)	1	1	1
r4i1301p1f1	1889-06-23	3	1.295	1.407	0.73	2.044981737754121	1.5671964251972268	(3, 1.295)	1	1	1
r4i1301p1f1	1889-07-01	4	1.229	1.433	0.709	2.3825047161699193	1.8979196650564456	(4, 1.229)	1	1	1
r4i1301p1f1	1889-08-23	14	1.497	1.864	6.242	4.374720705146606	5.792940299951418	(14, 1.497)	0	0	4
r4i1301p1f1	1890-06-02	3	1.482	1.724	1.292	2.1634032397365477	2.042962826728956	(3, 1.482)	2	3	3
r4i1301p1f1	1890-07-20	3	1.31	1.597	0.777	2.055015601727822	1.6168921469545445	(3, 1.31)	1	1	3
r4i1301p1f1	1891-06-04	3	1.278	1.43	0.68	2.033486970417922	1.511468602712419	(3, 1.278)	1	1	1
r4i1301p1f1	1891-07-12	3	1.274	1.459	0.666	2.0307630082612924	1.4952916960686962	(3, 1.274)	1	1	1
r4i1301p1f1	1892-06-15	6	1.473	1.986	2.53	3.120097613644278	3.6423970502715566	(6, 1.473)	2	2	0
r4i1301p1f1	1894-07-09	5	1.43	1.742	1.893	2.832500504112271	3.098486649494516	(5, 1.43)	2	3	3
r4i1301p1f1	1894-07-22	7	1.544	1.755	3.446	3.3876148948992335	4.171626741996031	(7, 1.544)	2	2	2
r4i1301p1f1	1894-08-06	9	1.435	1.863	3.446	3.682484047025076	4.543741490991443	(9, 1.435)	2	3	2
r4i1301p1f1	1897-06-02	8	1.506	1.853	3.637	3.557542509039789	4.422399515817202	(8, 1.506)	2	2	2
r4i1301p1f1	1897-08-18	3	1.31	1.379	0.776	2.055015601727822	1.6158601019613514	(3, 1.31)	1	1	1
r4i1301p1f1	1900-07-10	6	1.518	1.869	2.801	3.14888041860841	3.741617164489111	(6, 1.518)	2	2	0
r4i1301p1f1	1900-07-27	7	2.162	2.633	7.773	3.7145667021745923	4.97644386997255	(7, 2.162)	0	0	4
r4i1301p1f1	1901-06-02	5	1.354	1.467	1.514	2.781187906031063	2.88630988574445	(5, 1.354)	1	3	3
r4i1301p1f1	1902-06-04	5	1.396	1.598	1.723	2.8098697238147503	3.008832372643273	(5, 1.396)	2	3	3
r4i1301p1f1	1902-07-30	7	1.486	1.748	3.039	3.3506443443638587	4.0480050763907975	(7, 1.486)	2	3	2
r4i1301p1f1	1904-07-14	3	1.456	1.76	1.213	2.1477539399011274	1.9882760330494176	(3, 1.456)	2	3	3
r4i1301p1f1	1905-07-01	3	1.381	1.576	0.988	2.101189150752198	1.8138142307275258	(3, 1.381)	1	3	3
r4i1301p1f1	1906-05-31	4	1.231	1.327	0.717	2.3839807311980397	1.9074662769400255	(4, 1.231)	1	1	1
r4i1301p1f1	1907-07-02	18	1.461	2.01	7.376	4.7236015873199095	6.335562843326734	(18, 1.461)	0	0	4
r4i1301p1f1	1908-08-22	4	1.429	1.537	1.508	2.5202737936252917	2.569860355668164	(4, 1.429)	2	3	3
r4i1301p1f1	1909-06-16	3	1.452	1.745	1.202	2.145324469373965	1.980418569647406	(3, 1.452)	2	3	3
r4i1301p1f1	1909-06-22	3	1.134	1.205	0.247	1.9304247013565112	0.825687303217429	(3, 1.134)	1	1	1
r4i1301p1f1	1909-08-02	6	1.578	1.791	3.161	3.186012446573146	3.8598245111892373	(6, 1.578)	2	2	0
r4i1301p1f1	1910-08-01	4	1.553	1.826	2.004	2.59704414972485	2.835093927591178	(4, 1.553)	2	3	3
r4i1301p1f1	1910-08-18	6	1.513	1.818	2.77	3.1457229361379913	3.7307533637787635	(6, 1.513)	2	3	0
r4i1301p1f1	1911-07-18	3	1.356	1.64	0.914	2.085172921547925	1.7490752060589894	(3, 1.356)	1	3	3
r4i1301p1f1	1911-08-02	3	1.375	1.508	0.97	2.097368585337483	1.7984483569941683	(3, 1.375)	1	1	3
r4i1301p1f1	1912-07-01	4	1.24	1.334	0.752	2.3905959703167587	1.948193255069882	(4, 1.24)	1	1	1
r4i1301p1f1	1912-07-31	3	1.124	1.201	0.218	1.922857220904564	0.7574174914276915	(3, 1.124)	1	1	1
r4i1301p1f1	1912-08-21	5	1.337	1.484	1.428	2.7693406046617954	2.8311833650039033	(5, 1.337)	1	3	3
r4i1301p1f1	1914-05-30	5	1.304	1.598	1.263	2.745934329969324	2.716069247625865	(5, 1.304)	1	3	3
r4i1301p1f1	1914-07-02	6	1.244	1.475	1.152	2.9592234348299713	2.886523981474272	(6, 1.244)	1	1	1
r4i1301p1f1	1915-07-23	3	1.433	1.495	1.145	2.133703188727767	1.9386833160041137	(3, 1.433)	1	3	3
r4i1301p1f1	1917-07-18	12	1.351	1.773	3.597	4.045854622211618	5.014125742825118	(12, 1.351)	0	0	2
r4i1301p1f1	1917-08-01	12	1.887	2.467	10.019	4.375016080226931	6.034241451110393	(12, 1.887)	0	0	4
r4i1301p1f1	1919-06-29	9	1.557	2.123	4.551	3.762106681382867	4.819289137827588	(9, 1.557)	0	0	4
r4i1301p1f1	1919-08-21	8	1.316	2.127	2.117	3.426789776947058	3.889823239697934	(8, 1.316)	2	3	2
r4i1301p1f1	1920-06-29	3	1.255	1.454	0.609	2.0177218825479337	1.426585853051329	(3, 1.255)	1	1	1
r4i1301p1f1	1920-07-16	3	1.533	1.667	1.445	2.193406371033908	2.1410586415106487	(3, 1.533)	2	3	3
r4i1301p1f1	1923-06-11	3	1.13	1.223	0.236	1.9274045777056474	0.8003374085641805	(3, 1.13)	1	1	1
r4i1301p1f1	1923-07-29	3	1.519	1.772	1.402	2.185259449853035	2.114447338462442	(3, 1.519)	2	3	3
r4i1301p1f1	1925-08-12	5	1.238	1.362	0.933	2.697411192400276	2.436351455576661	(5, 1.238)	1	1	1
r4i1301p1f1	1925-08-20	4	1.302	1.477	1.0	2.4350158801745354	2.1972245773362196	(4, 1.302)	1	1	1
r4i1301p1f1	1926-06-18	5	1.388	1.654	1.681	2.8044695693990853	2.9853865077464556	(5, 1.388)	2	3	3
r4i1301p1f1	1926-08-19	3	1.488	1.592	1.31	2.1669801010892056	2.055015601727822	(3, 1.488)	2	3	3
r4i1301p1f1	1927-06-29	9	1.305	1.457	2.283	3.590025502561245	4.137420015795223	(9, 1.305)	1	3	2
r4i1301p1f1	1928-07-05	3	1.612	1.911	1.681	2.238174318939465	2.275700131776084	(3, 1.612)	2	2	0
r4i1301p1f1	1928-07-26	3	1.575	1.799	1.57	2.217456313615471	2.2146233704217337	(3, 1.575)	2	3	3
r4i1301p1f1	1930-08-03	4	1.268	1.493	0.867	2.4109012364775046	2.0714093699825717	(4, 1.268)	1	1	1
r4i1301p1f1	1930-08-20	9	1.256	1.561	1.841	3.5528306096506603	3.926063968127902	(9, 1.256)	1	3	2
r4i1301p1f1	1932-06-17	6	1.721	2.302	4.018	3.2693191393163334	4.095215827876873	(6, 1.721)	0	2	0
r4i1301p1f1	1932-08-12	4	1.207	1.261	0.62	2.366123113798033	1.7850704810772584	(4, 1.207)	1	1	1
r4i1301p1f1	1933-07-20	3	1.3	1.607	0.745	2.0483375580106298	1.5833266728259545	(3, 1.3)	1	1	3
r4i1301p1f1	1933-08-02	3	1.223	1.398	0.513	1.9953659981339325	1.2989991782744164	(3, 1.223)	1	1	1
r4i1301p1f1	1935-05-30	5	1.126	1.193	0.37	2.6092652569342474	1.636415864499357	(5, 1.126)	1	1	1
r4i1301p1f1	1935-07-08	4	1.689	2.036	2.548	2.674975893372781	3.062642978836618	(4, 1.689)	2	2	0
r4i1301p1f1	1935-07-29	3	1.166	1.211	0.342	1.9542628429622635	1.0214015026319605	(3, 1.166)	1	1	1
r4i1301p1f1	1937-07-31	4	1.324	1.51	1.091	2.450315205018381	2.275008325223811	(4, 1.324)	1	1	3
r4i1301p1f1	1938-07-01	4	1.239	1.381	0.748	2.3898631011011062	1.943621818537301	(4, 1.239)	1	1	1
r4i1301p1f1	1939-07-10	4	1.667	2.004	2.461	2.6627738562325747	3.0295538220295017	(4, 1.667)	2	2	0
r4i1301p1f1	1940-06-13	7	1.299	1.494	1.732	3.221185821630516	3.4988408643286504	(7, 1.299)	1	3	2
r4i1301p1f1	1941-08-17	7	1.37	1.753	2.226	3.272331472462192	3.7430384405449137	(7, 1.37)	2	3	2
r4i1301p1f1	1942-07-09	3	1.228	1.4	0.529	1.9988922189911715	1.3214263541376352	(3, 1.228)	1	1	1
r4i1301p1f1	1943-08-04	4	1.6	2.031	2.193	2.624668592163159	2.920146286597396	(4, 1.6)	2	2	0
r4i1301p1f1	1944-08-17	4	1.167	1.313	0.461	2.335632947040246	1.5450060522747115	(4, 1.167)	1	1	1
r4i1301p1f1	1945-07-04	3	1.162	1.209	0.331	1.951313967121635	1.0006048402055225	(3, 1.162)	1	1	1
r4i1301p1f1	1949-08-04	3	1.352	1.637	0.9	2.0825863510166935	1.736341395488426	(3, 1.352)	1	3	3
r4i1301p1f1	1949-08-28	4	1.164	1.363	0.448	2.3333082656368864	1.5225719794124384	(4, 1.164)	1	1	1
r4i1301p1f1	1950-06-13	3	1.437	1.559	1.156	2.13616102263548	1.9468742842202946	(3, 1.437)	1	3	3
r4i1301p1f1	1950-07-26	10	1.476	1.944	4.247	3.8644117296424483	4.907508816134274	(10, 1.476)	0	0	2
r4i1301p1f1	1952-07-04	7	1.453	2.006	2.811	3.328982775415157	3.97143180227013	(7, 1.453)	2	2	2
r4i1301p1f1	1955-06-18	4	1.327	1.561	1.103	2.45238345808244	2.2848283714047866	(4, 1.327)	1	3	3
r4i1301p1f1	1956-07-25	9	1.258	1.412	1.861	3.5543761607754574	3.936657079719819	(9, 1.258)	1	3	2
r4i1301p1f1	1956-08-24	4	1.518	1.819	1.867	2.575965380734967	2.7685807008422425	(4, 1.518)	2	3	3
r4i1301p1f1	1958-08-28	4	1.101	1.242	0.198	2.2831983791938555	0.9493385859203555	(4, 1.101)	1	1	1
r4i1301p1f1	1959-06-20	7	1.589	2.004	3.762	3.4153859735983962	4.258066647166974	(7, 1.589)	2	2	0
r4i1301p1f1	1959-07-12	4	1.821	2.145	3.077	2.7452175254436493	3.243217156254359	(4, 1.821)	2	2	0
r4i1301p1f1	1959-08-03	5	1.377	1.696	1.625	2.7969964177259863	2.9532449513317447	(5, 1.377)	2	3	3
r4i1301p1f1	1959-08-22	6	1.232	1.461	1.08	2.9500352999136945	2.8256965479050975	(6, 1.232)	1	1	1
r4i1301p1f1	1960-06-20	4	1.165	1.276	0.453	2.334083760053417	1.5312601313700764	(4, 1.165)	1	1	1
r4i1301p1f1	1960-07-06	4	1.113	1.152	0.245	2.29293871594224	1.085189268335969	(4, 1.113)	1	1	1
r4i1301p1f1	1961-05-30	8	1.387	1.607	2.684	3.477671494891084	4.122802228055964	(8, 1.387)	2	3	2
r4i1301p1f1	1961-06-21	3	1.312	1.44	0.781	2.0563458755484163	1.621009708622122	(3, 1.312)	1	1	1
r4i1301p1f1	1962-07-03	3	1.337	1.587	0.858	2.072826685323001	1.6971371622100757	(3, 1.337)	1	1	3
r4i1301p1f1	1962-07-24	5	1.628	1.893	2.882	2.9549932618847454	3.503204467527349	(5, 1.628)	2	2	0
r4i1301p1f1	1962-08-01	11	1.595	2.128	5.981	4.080755682642587	5.390003084018403	(11, 1.595)	0	0	4
r4i1301p1f1	1963-07-31	4	1.61	1.783	2.232	2.6304489550786583	2.93683116563383	(4, 1.61)	2	2	0
r4i1301p1f1	1969-07-10	3	1.472	1.667	1.262	2.1574132254427836	2.0225463169834965	(3, 1.472)	2	3	3
r4i1301p1f1	1970-06-16	3	1.237	1.31	0.556	2.005208250678203	1.3581676752688665	(3, 1.237)	1	1	1
r4i1301p1f1	1970-06-25	4	1.398	1.623	1.384	2.5001236155928606	2.4908887214655477	(4, 1.398)	2	3	3
r4i1301p1f1	1970-08-15	4	1.478	1.764	1.705	2.551318415307252	2.6837575085331657	(4, 1.478)	2	3	3
r4i1301p1f1	1971-07-11	3	1.464	1.721	1.238	2.1525952453512627	2.00590757581405	(3, 1.464)	2	3	3
r4i1301p1f1	1972-07-05	4	1.984	2.548	3.729	2.8256554431764735	3.4285531116720107	(4, 1.984)	0	2	0
r4i1301p1f1	1972-08-14	14	1.313	1.789	3.656	4.245335198419186	5.260163640721384	(14, 1.313)	0	0	2
r4i1301p1f1	1974-06-03	3	1.266	1.348	0.643	2.025292722467937	1.4681337632632208	(3, 1.266)	1	1	1
r4i1301p1f1	1975-07-14	3	1.49	1.684	1.317	2.168169550748172	2.0596638385128885	(3, 1.49)	2	3	3
r4i1301p1f1	1975-08-11	3	1.239	1.368	0.563	2.0066064122360014	1.367476870982593	(3, 1.239)	1	1	1
r4i1301p1f1	1977-06-09	3	1.26	1.395	0.624	2.021170280523964	1.4451289374708147	(3, 1.26)	1	1	1
r4i1301p1f1	1978-08-28	4	1.435	1.698	1.534	2.5241273629412815	2.5856565528881434	(4, 1.435)	2	3	3
r4i1301p1f1	1980-08-05	5	1.306	1.557	1.271	2.747368594938016	2.7219670441761172	(5, 1.306)	1	3	3
r4i1301p1f1	1980-08-24	5	1.504	1.943	2.262	2.8800537762847607	3.2691859314548473	(5, 1.504)	2	2	0
r4i1301p1f1	1983-06-22	4	1.388	1.623	1.347	2.4935359764860547	2.4660635619865205	(4, 1.388)	2	3	3
r4i1301p1f1	1983-07-28	3	1.5	1.58	1.344	2.1740956692903315	2.077393051971457	(3, 1.5)	2	3	3
r4i1301p1f1	1985-07-15	3	1.153	1.269	0.304	1.9446470292811249	0.9476461082426403	(3, 1.153)	1	1	1
r4i1301p1f1	1985-08-05	4	1.445	1.775	1.573	2.5305171610400525	2.6088926295689916	(4, 1.445)	2	3	3
r4i1301p1f1	1986-06-14	4	1.259	1.412	0.828	2.4044193988753135	2.031301166351901	(4, 1.259)	1	1	1
r4i1301p1f1	1986-08-09	3	1.681	1.861	1.889	2.275700131776084	2.3809832423372534	(3, 1.681)	2	2	0
r4i1301p1f1	1987-06-08	5	1.433	1.669	1.907	2.834472965622476	3.105523825102048	(5, 1.433)	2	3	3
r4i1301p1f1	1987-08-28	3	1.45	1.584	1.195	2.144107517146862	1.9753860276277764	(3, 1.45)	2	3	3
r4i1301p1f1	1988-06-25	7	1.296	1.406	1.708	3.2189660565563183	3.485311870681688	(7, 1.296)	1	3	1
r4i1301p1f1	1988-08-05	3	1.835	2.472	2.349	2.3546973230505586	2.580653252598819	(3, 1.835)	2	2	0
r4i1301p1f1	1989-07-06	3	1.557	1.813	1.515	2.207219937115529	2.18291951501134	(3, 1.557)	2	3	3
r4i1301p1f1	1989-07-14	3	1.255	1.41	0.611	2.0177218825479337	1.4290782211885045	(3, 1.255)	1	1	1
r4i1301p1f1	1989-07-19	6	1.417	1.72	2.19	3.0830818422027426	3.5021369961261453	(6, 1.417)	2	3	3
r4i1301p1f1	1989-08-05	3	1.1	1.17	0.146	1.9044581443609874	0.5645397900946423	(3, 1.1)	1	1	1
r4i1301p1f1	1989-08-24	4	1.489	1.932	1.748	2.558157111527593	2.7069829651417874	(4, 1.489)	2	3	3
r4i1301p1f1	1990-08-23	4	1.195	1.286	0.574	2.3570732782781154	1.721337004931509	(4, 1.195)	1	1	1
r4i1301p1f1	1992-08-04	6	1.125	1.255	0.441	2.864145033484506	2.0124132381921944	(6, 1.125)	1	1	1
r4i1301p1f1	1994-06-14	7	1.716	1.972	4.65	3.4898419027722825	4.467277355249208	(7, 1.716)	0	2	0
r4i1301p1f1	1995-07-06	3	1.277	1.37	0.677	2.0328066751850744	1.508024085051131	(3, 1.277)	1	1	1
r4i1301p1f1	1995-07-19	4	1.458	1.693	1.624	2.538763322578711	2.638485737716301	(4, 1.458)	2	3	3
r4i1301p1f1	1995-08-03	3	1.655	2.207	1.811	2.261724791446281	2.3427891722460616	(3, 1.655)	2	2	0
r4i1301p1f1	1996-06-27	3	1.206	1.401	0.464	1.9832829775946443	1.2270098200897182	(3, 1.206)	1	1	1
r4i1301p1f1	1999-05-30	7	1.331	1.5	1.956	3.2445616987502897	3.616997420633654	(7, 1.331)	1	3	2
r4i1301p1f1	1999-06-27	5	1.246	1.366	0.973	2.7034197303220164	2.4747275775790096	(5, 1.246)	1	1	1
r4i1301p1f1	2000-06-14	4	1.343	1.444	1.164	2.46334247187216	2.3333082656368864	(4, 1.343)	1	1	1
r4i1301p1f1	2000-07-10	6	1.59	1.923	3.232	3.1932762190760338	3.88157421215831	(6, 1.59)	2	2	0
r4i1301p1f1	2000-07-24	3	1.279	1.574	0.682	2.034166803163775	1.5137583739281508	(3, 1.279)	1	1	1
r4i1301p1f1	2001-08-20	3	1.172	1.255	0.36	1.958669915800558	1.054526248000911	(3, 1.172)	1	1	1
r4i1301p1f1	2002-08-11	3	1.316	1.467	0.794	2.0590011260458523	1.6342758849234178	(3, 1.316)	1	1	1
r4i1301p1f1	2003-08-25	3	1.513	1.795	1.385	2.1817474911467234	2.1037281090948614	(3, 1.513)	2	3	3
r4i1301p1f1	2004-08-02	3	1.33	1.467	0.835	2.0682393712801277	1.6749985247384984	(3, 1.33)	1	1	1
r4i1301p1f1	2005-06-22	7	1.608	2.03	3.894	3.4268838662905075	4.292073059620351	(7, 1.608)	0	2	0
r4i1301p1f1	2005-08-01	6	1.154	1.425	0.613	2.8881619279657236	2.303506995307143	(6, 1.154)	1	1	1
r4i1301p1f1	2006-06-29	5	1.164	1.462	0.564	2.6400508094541792	1.9886564664049629	(5, 1.164)	1	1	1
r4i1301p1f1	2008-06-20	12	1.302	1.677	3.003	4.009569294818753	4.834950591009456	(12, 1.302)	0	0	2
r4i1301p1f1	2008-07-26	6	1.291	1.531	1.435	2.9944187886902283	3.0951298469976907	(6, 1.291)	1	3	3
r5i1081p1f1	1853-06-24	3	1.406	1.55	1.058	2.1169528988419004	1.871421991289987	(3, 1.406)	1	3	3
r5i1081p1f1	1855-07-30	4	1.738	2.156	2.737	2.7016296332992873	3.130962222814095	(4, 1.738)	2	2	0
r5i1081p1f1	1857-06-16	3	1.175	1.204	0.366	1.9608661901948141	1.0653284036835002	(3, 1.175)	1	1	1
r5i1081p1f1	1858-06-28	4	1.126	1.173	0.291	2.30338477316461	1.2023715229589622	(4, 1.126)	1	1	1
r5i1081p1f1	1858-07-21	5	1.391	1.534	1.687	2.806498046222383	2.988769760928856	(5, 1.391)	1	3	3
r5i1081p1f1	1858-08-03	7	1.636	2.008	4.076	3.443590749386581	4.337141401672736	(7, 1.636)	0	2	0
r5i1081p1f1	1859-07-03	3	1.164	1.218	0.33	1.9527894920251458	0.9986926112483865	(3, 1.164)	1	1	1
r5i1081p1f1	1859-07-28	3	1.087	1.296	0.1	1.8943488012231606	0.4184571727302676	(3, 1.087)	1	1	1
r5i1081p1f1	1861-06-06	3	1.282	1.387	0.684	2.0362035327569803	1.5160429140673506	(3, 1.282)	1	1	1
r5i1081p1f1	1861-07-03	3	1.133	1.145	0.237	1.9296705251208113	0.8026686831736185	(3, 1.133)	1	1	1
r5i1081p1f1	1863-08-29	3	1.252	1.308	0.595	2.0156471213943736	1.4089631445905442	(3, 1.252)	1	1	1
r5i1081p1f1	1864-07-17	6	1.329	1.65	1.651	3.0219959055421666	3.2294060031025333	(6, 1.329)	2	3	3
r5i1081p1f1	1866-06-26	3	1.15	1.256	0.29	1.9424148026019987	0.9190406284743298	(3, 1.15)	1	1	1
r5i1081p1f1	1867-06-02	8	1.206	1.485	1.222	3.342461190829429	3.3551780003293326	(8, 1.206)	1	1	2
r5i1081p1f1	1867-08-13	8	1.587	2.271	4.264	3.608474681079958	4.579681143644979	(8, 1.587)	0	2	0
r5i1081p1f1	1870-07-14	4	1.272	1.514	0.874	2.413768621954661	2.0784410413462524	(4, 1.272)	1	1	1
r5i1081p1f1	1870-07-24	7	1.711	2.251	4.605	3.487013038448857	4.457664967066447	(7, 1.711)	0	2	0
r5i1081p1f1	1872-06-10	7	1.522	1.675	3.281	3.3737519946553527	4.123336381124993	(7, 1.522)	2	3	2
r5i1081p1f1	1872-07-24	8	1.434	1.733	3.041	3.5099835024817447	4.2457769091683994	(8, 1.434)	2	3	2
r5i1081p1f1	1873-06-08	3	1.462	1.635	1.224	2.151387114550056	1.9960722377456375	(3, 1.462)	2	3	3
r5i1081p1f1	1873-07-06	5	1.255	1.646	1.009	2.7101364606027474	2.5080503354822934	(5, 1.255)	1	3	3
r5i1081p1f1	1875-08-21	12	1.426	1.822	4.475	4.098962331200533	5.231227629734291	(12, 1.426)	0	0	2
r5i1081p1f1	1876-08-27	3	1.331	1.429	0.833	2.068895991639963	1.6730500611426913	(3, 1.331)	1	1	1
r5i1081p1f1	1878-06-22	6	1.55	1.987	2.981	3.168855598012869	3.802466443990922	(6, 1.55)	2	2	0
r5i1081p1f1	1878-06-30	4	1.63	2.047	2.304	2.641910398597665	2.9669211916998712	(4, 1.63)	2	2	0
r5i1081p1f1	1880-07-01	3	1.279	1.45	0.676	2.034166803163775	1.5068732708419108	(3, 1.279)	1	1	1
r5i1081p1f1	1880-08-08	10	1.473	2.026	4.197	3.8624198594984644	4.895753994807306	(10, 1.473)	0	0	2
r5i1081p1f1	1880-08-22	9	1.558	2.035	4.536	3.7627338226844165	4.8160144097152475	(9, 1.558)	0	0	2
r5i1081p1f1	1882-06-06	3	1.291	1.466	0.713	2.042288949592007	1.5485953108071313	(3, 1.291)	1	1	1
r5i1081p1f1	1882-07-23	4	1.401	1.581	1.391	2.5020914745421012	2.495516828900016	(4, 1.401)	1	3	3
r5i1081p1f1	1883-07-20	3	1.33	1.465	0.829	2.0682393712801277	1.6691417072992736	(3, 1.33)	1	1	1
r5i1081p1f1	1883-07-27	9	1.515	1.948	4.155	3.7354051515508693	4.729023648155089	(9, 1.515)	0	0	2
r5i1081p1f1	1885-07-02	4	1.458	1.882	1.618	2.538763322578711	2.6350493082177198	(4, 1.458)	2	3	3
r5i1081p1f1	1886-05-29	7	1.173	1.266	0.833	3.1234332529670885	2.7989492050401577	(7, 1.173)	1	1	1
r5i1081p1f1	1886-07-03	3	1.254	1.404	0.601	2.017030773679079	1.4165537931171266	(3, 1.254)	1	1	1
r5i1081p1f1	1887-08-16	3	1.492	1.801	1.316	2.169357587297304	2.0590011260458523	(3, 1.492)	2	3	3
r5i1081p1f1	1888-06-25	8	1.481	1.881	3.421	3.541284041571531	4.361930982213207	(8, 1.481)	2	2	2
r5i1081p1f1	1888-07-24	6	1.323	1.682	1.618	3.0176918659770933	3.2100226074526725	(6, 1.323)	2	3	3
r5i1081p1f1	1889-06-17	3	1.172	1.315	0.356	1.958669915800558	1.0472594354836573	(3, 1.172)	1	1	1
r5i1081p1f1	1889-07-24	9	1.343	1.803	2.602	3.6179472032459334	4.266250957923827	(9, 1.343)	2	3	2
r5i1081p1f1	1890-06-11	5	1.499	1.964	2.227	2.8769109829865163	3.2541895668726957	(5, 1.499)	2	2	0
r5i1081p1f1	1891-06-25	3	1.197	1.303	0.43	1.9768264829675917	1.1738266020037689	(3, 1.197)	1	1	1
r5i1081p1f1	1891-07-03	9	1.504	2.037	4.053	3.728292456470771	4.704390891528316	(9, 1.504)	0	0	2
r5i1081p1f1	1892-07-29	6	1.406	1.721	2.116	3.07564707166832	3.4688162092302073	(6, 1.406)	2	3	3
r5i1081p1f1	1894-06-03	3	1.18	1.205	0.38	1.9645159622469717	1.0900887061369329	(3, 1.18)	1	1	1
r5i1081p1f1	1894-07-27	6	1.442	1.689	2.328	3.0997762594218634	3.561457155124762	(6, 1.442)	2	3	3
r5i1081p1f1	1897-06-29	4	1.411	1.651	1.428	2.508623176405316	2.519630085846386	(4, 1.411)	2	3	3
r5i1081p1f1	1897-08-12	4	1.48	1.853	1.705	2.552565298261815	2.6837575085331657	(4, 1.48)	2	3	3
r5i1081p1f1	1898-08-08	3	1.161	1.252	0.322	1.950575387425793	0.9832616972608718	(3, 1.161)	1	1	1
r5i1081p1f1	1898-08-15	5	1.381	1.588	1.636	2.7997203935551553	2.9596405349594344	(5, 1.381)	2	3	3
r5i1081p1f1	1899-07-04	4	1.381	1.639	1.308	2.488898671057538	2.4392116905258705	(4, 1.381)	2	3	3
r5i1081p1f1	1901-06-17	10	1.692	2.069	6.39	3.9983059807152195	5.313548494193324	(10, 1.692)	0	0	4
r5i1081p1f1	1902-07-22	7	1.456	1.722	2.816	3.3309715132886604	3.9731754849611605	(7, 1.456)	2	3	2
r5i1081p1f1	1904-07-25	3	1.388	1.525	1.004	2.1056281063918063	1.827277346942111	(3, 1.388)	1	3	3
r5i1081p1f1	1907-06-21	9	1.444	1.796	3.515	3.688579409104934	4.563358118173651	(9, 1.444)	2	3	2
r5i1081p1f1	1907-07-12	6	1.534	1.74	2.88	3.158917883455487	3.7687802152972383	(6, 1.534)	2	3	3
r5i1081p1f1	1908-07-18	5	1.807	2.544	3.767	3.0541367468617335	3.76390205185354	(5, 1.807)	0	2	0
r5i1081p1f1	1909-06-19	7	1.374	1.713	2.246	3.2751365333733213	3.75177213987025	(7, 1.374)	2	3	2
r5i1081p1f1	1910-08-05	3	1.257	1.401	0.611	2.019102669039607	1.4290782211885045	(3, 1.257)	1	1	1
r5i1081p1f1	1910-08-19	5	1.543	1.77	2.448	2.9042343623632667	3.3453136390105676	(5, 1.543)	2	3	3
r5i1081p1f1	1912-06-01	3	1.203	1.274	0.447	1.9811354412044515	1.2007717262228672	(3, 1.203)	1	1	1
r5i1081p1f1	1912-06-07	6	1.288	1.519	1.406	2.992208910404944	3.07564707166832	(6, 1.288)	1	3	3
r5i1081p1f1	1912-06-25	7	1.365	1.583	2.183	3.2688140450917618	3.7239986372978677	(7, 1.365)	2	3	2
r5i1081p1f1	1913-07-10	4	1.316	1.564	1.049	2.4447788586972212	2.2398582630857407	(4, 1.316)	1	3	3
r5i1081p1f1	1913-07-24	3	1.31	1.421	0.771	2.055015601727822	1.6106838395258545	(3, 1.31)	1	1	1
r5i1081p1f1	1914-06-18	4	1.671	1.989	2.472	2.665003511559844	3.0337984743604474	(4, 1.671)	2	2	0
r5i1081p1f1	1914-08-08	3	1.105	1.223	0.155	1.9083193018307179	0.5907841820329575	(3, 1.105)	1	1	1
r5i1081p1f1	1914-08-23	5	1.216	1.36	0.812	2.68069910024658	2.3103980907484516	(5, 1.216)	1	1	1
r5i1081p1f1	1915-07-11	4	1.347	1.559	1.173	2.4660635619865205	2.3402661599617343	(4, 1.347)	1	3	3
r5i1081p1f1	1916-08-05	7	1.171	1.292	0.822	3.1218019244817747	2.7864702418167924	(7, 1.171)	1	1	1
r5i1081p1f1	1918-08-23	4	1.521	1.895	1.872	2.577789643934714	2.771087596113514	(4, 1.521)	2	3	3
r5i1081p1f1	1921-06-27	8	1.424	1.814	2.961	3.503195504962424	4.21950449533254	(8, 1.424)	2	3	2
r5i1081p1f1	1921-08-06	3	1.206	1.402	0.456	1.9832829775946443	1.2147481921777037	(3, 1.206)	1	1	1
r5i1081p1f1	1922-07-31	7	1.545	1.872	3.438	3.3882404833932296	4.169338408155949	(7, 1.545)	2	2	0
r5i1081p1f1	1923-06-07	11	1.432	1.773	4.168	3.9748752374104708	5.030834008875472	(11, 1.432)	0	0	2
r5i1081p1f1	1923-07-21	4	1.112	1.214	0.234	2.292130635090187	1.0550086511859778	(4, 1.112)	1	1	1
r5i1081p1f1	1923-08-08	8	1.551	2.033	3.977	3.58615778042167	4.510741229202856	(8, 1.551)	0	2	0
r5i1081p1f1	1923-08-18	7	1.694	2.185	4.482	3.477334597331323	4.430909671117937	(7, 1.694)	0	2	0
r5i1081p1f1	1924-06-26	7	1.83	2.465	5.433	3.552259705845829	4.621245956694118	(7, 1.83)	0	2	4
r5i1081p1f1	1924-07-13	6	1.463	1.783	2.459	3.1135873493776742	3.614688407952592	(6, 1.463)	2	3	3
r5i1081p1f1	1926-06-07	8	1.335	1.53	2.25	3.4406617091226934	3.949543971857612	(8, 1.335)	2	3	2
r5i1081p1f1	1926-06-27	3	1.507	1.824	1.362	2.1782231551049995	2.089040276042879	(3, 1.507)	2	3	3
r5i1081p1f1	1926-07-02	3	1.443	1.773	1.168	2.1398364837060835	1.9557340263295966	(3, 1.443)	2	3	3
r5i1081p1f1	1926-08-14	3	1.534	1.779	1.442	2.1939857620799903	2.1392248442209048	(3, 1.534)	2	3	3
r5i1081p1f1	1928-08-21	4	1.353	1.508	1.196	2.470131364205846	2.357830567220024	(4, 1.353)	1	3	3
r5i1081p1f1	1929-06-25	3	1.336	1.559	0.849	2.0721726417133604	1.6885324920460172	(3, 1.336)	1	1	3
r5i1081p1f1	1931-08-27	5	1.317	1.575	1.318	2.755220490925305	2.7559312519452974	(5, 1.317)	1	3	3
r5i1081p1f1	1932-07-10	5	1.573	2.067	2.596	2.92244490692875	3.402002469090525	(5, 1.573)	2	2	0
r5i1081p1f1	1933-06-08	3	1.344	1.446	0.87	2.077393051971457	1.708496079343387	(3, 1.344)	1	1	1
r5i1081p1f1	1933-07-22	5	1.403	1.586	1.75	2.814571055036787	3.0236195243432946	(5, 1.403)	2	3	3
r5i1081p1f1	1933-07-31	5	1.545	1.858	2.455	2.9054587703124874	3.3480685237919223	(5, 1.545)	2	2	0
r5i1081p1f1	1933-08-12	4	1.377	1.698	1.295	2.4862390950217788	2.4300984132930052	(4, 1.377)	2	3	3
r5i1081p1f1	1935-06-16	16	1.31	1.877	4.108	4.440767129696482	5.575615714245078	(16, 1.31)	0	0	2
r5i1081p1f1	1936-06-20	4	1.37	1.709	1.266	2.481567748522486	2.409464454621142	(4, 1.37)	2	3	3
r5i1081p1f1	1936-06-30	3	1.359	1.566	0.918	2.0871084683480854	1.7526838523822081	(3, 1.359)	1	3	3
r5i1081p1f1	1936-08-07	6	1.591	2.193	3.226	3.193879158527109	3.8797543982824263	(6, 1.591)	2	2	0
r5i1081p1f1	1937-08-04	3	1.144	1.196	0.272	1.9379353448911276	0.8810172570495237	(3, 1.144)	1	1	1
r5i1081p1f1	1941-06-26	9	1.626	2.05	5.154	3.8044823371860232	4.94277035767988	(9, 1.626)	0	0	4
r5i1081p1f1	1942-07-17	16	1.455	1.936	6.431	4.544570563859162	6.0224398214073025	(16, 1.455)	0	0	4
r5i1081p1f1	1944-07-02	3	1.264	1.556	0.633	2.0239204625683063	1.456091954898091	(3, 1.264)	1	1	1
r5i1081p1f1	1944-08-09	5	1.36	1.69	1.535	2.785336019554116	2.8993216835224516	(5, 1.36)	2	3	3
r5i1081p1f1	1945-07-31	4	1.126	1.155	0.291	2.30338477316461	1.2023715229589622	(4, 1.126)	1	1	1
r5i1081p1f1	1947-07-10	3	1.311	1.468	0.771	2.0556809598416574	1.6106838395258545	(3, 1.311)	1	1	1
r5i1081p1f1	1947-07-15	3	1.591	1.989	1.612	2.2264681739754115	2.238174318939465	(3, 1.591)	2	2	0
r5i1081p1f1	1947-08-10	11	1.561	2.105	5.58	4.0595765020500085	5.320931868346571	(11, 1.561)	0	0	4
r5i1081p1f1	1949-08-23	3	1.225	1.387	0.514	1.9967779789349385	1.300415709247018	(3, 1.225)	1	1	1
r5i1081p1f1	1950-07-09	3	1.142	1.221	0.266	1.9364377221875966	0.8680145842403707	(3, 1.142)	1	1	1
r5i1081p1f1	1952-06-24	6	1.438	1.6	2.304	3.097123810759921	3.5513901307545472	(6, 1.438)	2	3	3
r5i1081p1f1	1954-07-28	3	1.704	1.966	1.951	2.2879021977606966	2.4103351553129224	(3, 1.704)	2	2	0
r5i1081p1f1	1956-06-06	3	1.234	1.378	0.54	2.0031073361399168	1.3365583557022844	(3, 1.234)	1	1	1
r5i1081p1f1	1956-07-20	7	1.295	1.612	1.691	3.2182250385447317	3.475616870760698	(7, 1.295)	1	3	2
r5i1081p1f1	1959-07-01	4	1.401	1.641	1.39	2.5020914745421012	2.4948569806411682	(4, 1.401)	2	3	3
r5i1081p1f1	1959-08-18	3	1.408	1.526	1.064	2.118203328769935	1.8762087885512986	(3, 1.408)	1	3	3
r5i1081p1f1	1960-07-01	7	1.37	1.625	2.215	3.272331472462192	3.7382021925846973	(7, 1.37)	2	3	2
r5i1081p1f1	1960-07-26	3	1.325	1.465	0.814	2.0649497866137057	1.654347809921891	(3, 1.325)	1	1	1
r5i1081p1f1	1961-06-14	4	1.4	1.665	1.385	2.501435951739211	2.4915511925066687	(4, 1.4)	2	3	3
r5i1081p1f1	1962-07-23	10	1.368	1.997	3.142	3.790080394520867	4.608751406580728	(10, 1.368)	0	0	2
r5i1081p1f1	1964-06-23	3	1.361	1.45	0.924	2.088396754709009	1.7580725218647602	(3, 1.361)	1	1	3
r5i1081p1f1	1964-07-01	9	1.501	1.771	4.03	3.726343818096295	4.698751599609622	(9, 1.501)	0	0	2
r5i1081p1f1	1964-08-09	8	1.666	2.396	4.902	3.6557692285317414	4.717780739607807	(8, 1.666)	0	0	4
r5i1081p1f1	1965-08-24	11	1.586	2.119	5.854	4.075192936551558	5.368639459063182	(11, 1.586)	0	0	4
r5i1081p1f1	1966-07-03	6	1.26	1.418	1.24	2.9713444153626223	2.95617009379558	(6, 1.26)	1	1	1
r5i1081p1f1	1966-07-21	4	1.406	1.824	1.412	2.5053626583553825	2.5092740062362946	(4, 1.406)	2	3	3
r5i1081p1f1	1966-07-28	3	1.489	1.736	1.308	2.1675750027674896	2.0536835559213014	(3, 1.489)	2	3	3
r5i1081p1f1	1968-08-07	3	1.457	1.72	1.211	2.1483603864132905	1.9868519878999251	(3, 1.457)	2	3	3
r5i1081p1f1	1970-06-05	3	1.346	1.463	0.878	2.078693907391348	1.7159976376371986	(3, 1.346)	1	1	1
r5i1081p1f1	1970-06-16	3	1.13	1.212	0.229	1.9274045777056474	0.7838645133710184	(3, 1.13)	1	1	1
r5i1081p1f1	1972-06-03	3	1.442	1.574	1.167	2.1392248442209048	1.9549987051934683	(3, 1.442)	1	3	3
r5i1081p1f1	1974-06-14	3	1.26	1.347	0.619	2.021170280523964	1.4389860353615849	(3, 1.26)	1	1	1
r5i1081p1f1	1976-08-13	5	1.232	1.411	0.895	2.692880977408798	2.398477303323153	(5, 1.232)	1	1	1
r5i1081p1f1	1977-06-21	7	1.507	1.828	3.173	3.364188613807715	4.090416563895315	(7, 1.507)	2	2	2
r5i1081p1f1	1977-07-19	7	1.266	1.578	1.489	3.1964931152614366	3.35259050772696	(7, 1.266)	1	3	2
r5i1081p1f1	1977-07-30	3	1.344	1.507	0.871	2.077393051971457	1.709436857356783	(3, 1.344)	1	1	3
r5i1081p1f1	1977-08-04	5	1.737	2.597	3.417	3.0165270743942383	3.6687589218787253	(5, 1.737)	0	2	0
r5i1081p1f1	1979-08-23	13	1.724	2.054	8.713	4.404370334455308	6.014685803200002	(13, 1.724)	0	0	4
r5i1081p1f1	1980-07-03	3	1.069	1.074	0.046	1.8801803570932276	0.214323175068972	(3, 1.069)	1	1	1
r5i1081p1f1	1981-06-13	3	1.302	1.432	0.744	2.049676739221073	1.5822593800150702	(3, 1.302)	1	1	1
r5i1081p1f1	1982-06-17	3	1.318	1.571	0.793	2.060326112082957	1.6332616347132483	(3, 1.318)	1	1	3
r5i1081p1f1	1982-07-30	9	1.618	1.893	5.077	3.7996602534572945	4.927825985130446	(9, 1.618)	0	0	4
r5i1081p1f1	1984-06-27	4	1.373	1.671	1.278	2.4835724267748636	2.41805434280016	(4, 1.373)	2	3	3
r5i1081p1f1	1984-08-17	3	1.227	1.367	0.521	1.9981879688569144	1.3102756371655788	(3, 1.227)	1	1	1
r5i1081p1f1	1985-07-02	11	1.924	2.277	9.576	4.265395160041103	5.858961165661357	(11, 1.924)	0	0	4
r5i1081p1f1	1985-07-22	3	1.161	1.237	0.323	1.950575387425793	0.9852036336430643	(3, 1.161)	1	1	1
r5i1081p1f1	1987-06-09	4	1.468	1.736	1.658	2.5450605726077473	2.657738880560839	(4, 1.468)	2	3	3
r5i1081p1f1	1987-06-21	5	1.156	1.331	0.514	2.63364793302863	1.9090527112031626	(5, 1.156)	1	1	1
r5i1081p1f1	1987-07-31	3	1.438	1.687	1.154	2.136774538372966	1.9453899989154602	(3, 1.438)	2	3	3
r5i1081p1f1	1987-08-22	4	1.394	1.563	1.362	2.4974937652934717	2.476202209157854	(4, 1.394)	1	3	3
r5i1081p1f1	1989-08-10	3	1.451	1.521	1.192	2.1447161783819926	1.9732214466709417	(3, 1.451)	1	3	3
r5i1081p1f1	1990-07-02	4	1.483	1.918	1.719	2.5544327124366104	2.691378666814238	(4, 1.483)	2	3	3
r5i1081p1f1	1990-07-23	8	1.541	1.874	3.898	3.5798692194901904	4.490899777729744	(8, 1.541)	0	2	2
r5i1081p1f1	1990-08-14	4	1.316	1.584	1.049	2.4447788586972212	2.2398582630857407	(4, 1.316)	1	3	3
r5i1081p1f1	1991-05-30	15	1.556	1.982	7.534	4.515195491439233	6.083783548602142	(15, 1.556)	0	0	4
r5i1081p1f1	1991-08-18	4	1.577	2.045	2.093	2.6112455718310184	2.8760474306080113	(4, 1.577)	2	2	0
r5i1081p1f1	1995-06-23	4	1.318	1.489	1.06	2.4461658214715696	2.2491843162669305	(4, 1.318)	1	1	1
r5i1081p1f1	1996-08-13	7	1.35	1.872	2.078	3.2581869143051296	3.6759233493563443	(7, 1.35)	2	3	2
r5i1081p1f1	1997-06-02	3	1.249	1.34	0.586	2.01356804665576	1.3974680324230628	(3, 1.249)	1	1	1
r5i1081p1f1	1997-08-06	4	1.57	2.049	2.067	2.6071242825122494	2.864255910765605	(4, 1.57)	2	2	0
r5i1081p1f1	1998-06-18	11	1.51	1.709	5.016	4.026942171104055	5.214925374036867	(11, 1.51)	0	0	2
r5i1081p1f1	1998-07-09	3	1.471	1.597	1.252	2.156812245860361	2.0156471213943736	(3, 1.471)	2	3	3
r5i1081p1f1	1998-07-27	3	1.111	1.163	0.171	1.9129330972319676	0.6358051368343263	(3, 1.111)	1	1	1
r5i1081p1f1	2000-07-21	3	1.343	1.491	0.867	2.076741989126375	1.705668423237836	(3, 1.343)	1	1	3
r5i1081p1f1	2001-06-30	4	1.343	1.454	1.159	2.46334247187216	2.3294217469476055	(4, 1.343)	1	1	3
r5i1081p1f1	2001-07-21	3	1.552	1.841	1.496	2.204357804165855	2.1717294344688143	(3, 1.552)	2	3	3
r5i1081p1f1	2001-07-26	7	1.386	1.835	2.325	3.2835048126616155	3.7855433215327063	(7, 1.386)	2	3	2
r5i1081p1f1	2001-08-19	12	1.576	2.267	6.274	4.19739876656967	5.567601030508649	(12, 1.576)	0	0	4
r5i1081p1f1	2002-08-09	3	1.589	1.896	1.608	2.2253461228047464	2.235955116496961	(3, 1.589)	2	2	3
r5i1081p1f1	2002-08-27	9	1.356	1.724	2.72	3.6273231484148307	4.30999343177405	(9, 1.356)	2	3	2
r5i1081p1f1	2003-05-31	17	1.295	1.609	4.108	4.5192873030782215	5.666223222676456	(17, 1.295)	0	0	2
r5i1081p1f1	2003-07-04	3	1.245	1.428	0.574	2.0107892059008607	1.3819327357041902	(3, 1.245)	1	1	1
r5i1081p1f1	2006-07-19	3	1.341	1.49	0.861	2.0754385904061903	1.6999890104703193	(3, 1.341)	1	1	1
r5i1081p1f1	2008-06-14	3	1.181	1.203	0.383	1.9652443208753656	1.0953156533644401	(3, 1.181)	1	1	1
r5i1081p1f1	2008-07-17	3	1.212	1.35	0.475	1.9875642639627233	1.2436277695586093	(3, 1.212)	1	1	1
r5i1081p1f1	2008-07-30	3	1.156	1.242	0.307	1.9468742842202946	0.9536708266555438	(3, 1.156)	1	1	1
r5i1081p1f1	2008-08-04	3	1.464	1.523	1.231	2.1525952453512627	2.0010019984654726	(3, 1.464)	1	3	3
r5i1081p1f1	2009-08-22	3	1.27	1.35	0.651	2.0280316058632835	1.4776638838106866	(3, 1.27)	1	1	1
r5i1231p1f1	1851-06-05	5	1.175	1.255	0.625	2.6487883555042697	2.077904414615964	(5, 1.175)	1	1	1
r5i1231p1f1	1851-06-30	9	1.747	2.136	6.274	3.874715660617632	5.138136877237133	(9, 1.747)	0	0	4
r5i1231p1f1	1851-07-22	6	1.282	1.376	1.394	2.9877744489663094	3.0674728696555347	(6, 1.282)	1	1	1
r5i1231p1f1	1851-08-07	6	1.407	1.714	2.146	3.0763252486599653	3.4824587288951268	(6, 1.407)	2	3	3
r5i1231p1f1	1854-07-28	6	1.621	1.907	3.43	3.2118003421041244	3.9398424104840055	(6, 1.621)	2	2	0
r5i1231p1f1	1856-07-09	6	1.301	1.618	1.511	3.001749977408111	3.144457146336442	(6, 1.301)	1	3	3
r5i1231p1f1	1857-08-18	6	1.375	1.754	1.955	3.054392160799876	3.3922412174506955	(6, 1.375)	2	3	3
r5i1231p1f1	1858-06-23	7	1.288	1.41	1.667	3.2130224802442386	3.4617677917758356	(7, 1.288)	1	3	1
r5i1231p1f1	1858-07-11	3	1.22	1.378	0.51	1.993244281711825	1.2947375060561312	(3, 1.22)	1	1	1
r5i1231p1f1	1859-08-23	3	1.3	1.349	0.752	2.0483375580106298	1.590765996505396	(3, 1.3)	1	1	1
r5i1231p1f1	1861-08-12	5	1.372	1.83	1.611	2.7935809802260967	2.945045508809133	(5, 1.372)	2	3	3
r5i1231p1f1	1862-07-23	5	1.661	1.965	3.057	2.974025606934789	3.5604293878302165	(5, 1.661)	2	2	0
r5i1231p1f1	1863-06-09	8	1.751	2.337	5.615	3.7042755034419215	4.852443822483101	(8, 1.751)	0	0	4
r5i1231p1f1	1863-07-02	4	1.399	1.65	1.399	2.5007799989442905	2.5007799989442905	(4, 1.399)	2	3	3
r5i1231p1f1	1863-07-23	5	1.449	1.601	1.996	2.8449275520837807	3.1491380366617223	(5, 1.449)	2	3	3
r5i1231p1f1	1864-07-27	7	1.651	1.924	4.212	3.452427357607629	4.369540653925749	(7, 1.651)	0	2	0
r5i1231p1f1	1865-07-04	3	1.329	1.612	0.839	2.0675823194866925	1.6788840992529575	(3, 1.329)	1	1	3
r5i1231p1f1	1867-07-23	3	1.483	1.714	1.302	2.1640002724695444	2.049676739221073	(3, 1.483)	2	3	3
r5i1231p1f1	1867-08-16	9	1.739	2.468	6.206	3.8702213645443826	5.1273036346367435	(9, 1.739)	0	0	4
r5i1231p1f1	1868-08-25	3	1.293	1.371	0.732	2.043636250061301	1.5693622171593682	(3, 1.293)	1	1	1
r5i1231p1f1	1870-06-19	9	1.678	2.301	5.66	3.8352715423290067	5.035783087628908	(9, 1.678)	0	0	4
r5i1231p1f1	1870-07-09	7	1.979	2.521	6.508	3.628375261775303	4.800159884685982	(7, 1.979)	0	0	4
r5i1231p1f1	1872-07-29	5	1.505	1.856	2.277	2.8806811514224093	3.275544733820616	(5, 1.505)	2	3	3
r5i1231p1f1	1873-07-26	4	1.363	1.608	1.253	2.476874478090736	2.4000747142713026	(4, 1.363)	1	3	3
r5i1231p1f1	1873-08-15	3	1.396	1.551	1.039	2.110677187487719	1.8561108427283792	(3, 1.396)	1	3	3
r5i1231p1f1	1874-07-31	3	1.26	1.294	0.63	2.021170280523964	1.4524509536388943	(3, 1.26)	1	1	1
r5i1231p1f1	1875-06-12	7	1.295	1.515	1.715	3.2182250385447317	3.489276769743277	(7, 1.295)	1	3	2
r5i1231p1f1	1875-06-29	3	1.167	1.242	0.353	1.9549987051934683	1.041774460569922	(3, 1.167)	1	1	1
r5i1231p1f1	1876-07-28	4	1.209	1.324	0.638	2.367623489173268	1.8089442939821558	(4, 1.209)	1	1	1
r5i1231p1f1	1876-08-14	4	1.52	1.691	1.881	2.5771819258971713	2.7755842312195798	(4, 1.52)	2	3	3
r5i1231p1f1	1876-08-25	3	1.922	2.117	2.618	2.396713206837432	2.6812630778023827	(3, 1.922)	2	2	0
r5i1231p1f1	1877-06-30	10	1.646	1.937	5.961	3.971255416901045	5.244406814985006	(10, 1.646)	0	0	4
r5i1231p1f1	1881-07-22	11	1.401	2.149	3.869	3.9534049323250127	4.956898556951557	(11, 1.401)	0	0	2
r5i1231p1f1	1881-08-13	8	1.728	1.941	5.424	3.691380737606852	4.818110741691734	(8, 1.728)	0	0	4
r5i1231p1f1	1883-06-25	3	1.3	1.593	0.752	2.0483375580106298	1.590765996505396	(3, 1.3)	1	1	3
r5i1231p1f1	1888-06-01	3	1.292	1.383	0.727	2.042962826728956	1.5639389167977003	(3, 1.292)	1	1	1
r5i1231p1f1	1888-06-21	5	1.472	1.755	2.113	2.8597670824660124	3.2037239399220816	(5, 1.472)	2	3	3
r5i1231p1f1	1890-07-02	4	1.377	1.709	1.309	2.4862390950217788	2.4399092838572645	(4, 1.377)	2	3	3
r5i1231p1f1	1890-07-10	4	1.417	1.576	1.471	2.5125218168209735	2.546942040707453	(4, 1.417)	2	3	3
r5i1231p1f1	1890-07-28	4	1.408	1.538	1.435	2.506668141569513	2.5241273629412815	(4, 1.408)	1	3	3
r5i1231p1f1	1891-07-03	3	1.118	1.202	0.206	1.9182890911516206	0.727745399061087	(3, 1.118)	1	1	1
r5i1231p1f1	1891-07-31	7	1.471	1.835	2.949	3.3408563055814655	4.018475322511341	(7, 1.471)	2	3	2
r5i1231p1f1	1892-08-06	3	1.362	1.558	0.938	2.089040276042879	1.770534295917709	(3, 1.362)	1	3	3
r5i1231p1f1	1893-06-06	5	1.236	1.3	0.934	2.6959033999037683	2.4373290274982997	(5, 1.236)	1	1	1
r5i1231p1f1	1893-07-14	4	1.3	1.43	1.003	2.4336133554004498	2.199887694755703	(4, 1.3)	1	1	1
r5i1231p1f1	1896-07-08	4	1.556	1.88	2.027	2.5988303961063144	2.845839183979374	(4, 1.556)	2	2	3
r5i1231p1f1	1896-08-22	3	1.425	1.611	1.125	2.1287693234923526	1.9236165511600132	(3, 1.425)	1	3	3
r5i1231p1f1	1900-06-01	4	1.481	1.784	1.725	2.553188157204406	2.6946271807700692	(4, 1.481)	2	3	3
r5i1231p1f1	1900-06-12	4	1.288	1.41	0.953	2.425156645382226	2.1545490141666415	(4, 1.288)	1	1	1
r5i1231p1f1	1901-07-03	5	1.511	1.776	2.307	2.8844371590601514	3.288142306084439	(5, 1.511)	2	3	3
r5i1231p1f1	1901-07-28	9	1.673	1.93	5.609	3.8323518953703295	5.026790755686062	(9, 1.673)	0	0	4
r5i1231p1f1	1902-06-01	4	1.132	1.341	0.33	2.3081694712879464	1.2919836816486494	(4, 1.132)	1	1	1
r5i1231p1f1	1902-07-04	3	1.227	1.365	0.533	1.9981879688569144	1.326955429670287	(3, 1.227)	1	1	1
r5i1231p1f1	1903-08-03	4	1.273	1.379	0.893	2.4144841854914545	2.097281459808167	(4, 1.273)	1	1	1
r5i1231p1f1	1903-08-24	5	1.549	1.641	2.499	2.9079030978437186	3.365213296772491	(5, 1.549)	2	3	3
r5i1231p1f1	1904-07-02	4	1.844	2.127	3.179	2.7569673413368245	3.2745753973385674	(4, 1.844)	2	2	0
r5i1231p1f1	1907-06-28	6	1.388	1.619	2.028	3.0633605747401496	3.427689713304446	(6, 1.388)	2	3	3
r5i1231p1f1	1908-06-27	4	1.11	1.182	0.242	2.2905125117597764	1.0770481107522691	(4, 1.11)	1	1	1
r5i1231p1f1	1908-07-25	7	1.352	1.705	2.12	3.2596104072320715	3.695431677741822	(7, 1.352)	2	3	2
r5i1231p1f1	1909-06-27	4	1.2	1.327	0.601	2.3608540011180215	1.759236277522495	(4, 1.2)	1	1	1
r5i1231p1f1	1910-06-11	4	1.316	1.39	1.064	2.4447788586972212	2.2525541593884806	(4, 1.316)	1	1	1
r5i1231p1f1	1910-07-20	3	1.112	1.126	0.186	1.913699997788122	0.6762473548735383	(3, 1.112)	1	1	1
r5i1231p1f1	1911-06-18	3	1.644	1.844	1.783	2.2557528420685657	2.3287146989255767	(3, 1.644)	2	2	0
r5i1231p1f1	1911-06-30	4	1.559	1.854	2.04	2.600613457499971	2.851861903134289	(4, 1.559)	2	3	3
r5i1231p1f1	1911-08-04	3	1.567	1.732	1.552	2.2129197442127446	2.204357804165855	(3, 1.567)	2	3	3
r5i1231p1f1	1912-06-01	5	1.167	1.227	0.588	2.642441357949358	2.024726591394645	(5, 1.167)	1	1	1
r5i1231p1f1	1913-06-13	4	1.367	1.622	1.27	2.479559043461405	2.412335956953165	(4, 1.367)	1	3	3
r5i1231p1f1	1914-08-20	5	1.591	1.998	2.706	2.9332141506239635	3.442147359530501	(5, 1.591)	2	2	0
r5i1231p1f1	1915-07-04	4	1.334	1.622	1.137	2.4571928112204846	2.3121393057988575	(4, 1.334)	1	3	3
r5i1231p1f1	1916-06-24	3	1.306	1.428	0.768	2.052349733401824	1.6075651720777713	(3, 1.306)	1	1	1
r5i1231p1f1	1917-07-26	3	1.172	1.266	0.367	1.958669915800558	1.0671174726631902	(3, 1.172)	1	1	1
r5i1231p1f1	1918-07-15	4	1.886	2.314	3.346	2.7780736524703507	3.3238842785594853	(4, 1.886)	2	2	0
r5i1231p1f1	1918-08-05	12	1.69	2.576	7.69	4.2662226188324315	5.7704041278321885	(12, 1.69)	0	0	4
r5i1231p1f1	1920-07-06	6	1.641	2.15	3.548	3.223571821692901	3.9730190903728952	(6, 1.641)	2	2	0
r5i1231p1f1	1921-06-22	3	1.473	1.722	1.272	2.158013844065666	2.0293982396318806	(3, 1.473)	2	3	3
r5i1231p1f1	1921-08-10	6	1.167	1.219	0.702	2.8987436808456617	2.426328180788243	(6, 1.167)	1	1	1
r5i1231p1f1	1923-08-03	3	1.233	1.303	0.55	2.0024060492939144	1.350118803218546	(3, 1.233)	1	1	1
r5i1231p1f1	1923-08-12	3	1.366	1.525	0.95	2.0916102281588795	1.7810935906961989	(3, 1.366)	1	1	3
r5i1231p1f1	1923-08-20	4	1.348	1.451	1.192	2.4667426791603293	2.35479796444098	(4, 1.348)	1	1	3
r5i1231p1f1	1924-07-07	3	1.343	1.448	0.881	2.076741989126375	1.7187962772257745	(3, 1.343)	1	1	1
r5i1231p1f1	1925-06-27	5	1.513	1.801	2.318	2.8856860331135876	3.292721940368728	(5, 1.513)	2	3	3
r5i1231p1f1	1926-06-10	3	1.279	1.369	0.689	2.034166803163775	1.5217315345498066	(3, 1.279)	1	1	1
r5i1231p1f1	1926-08-16	7	1.281	1.538	1.622	3.207792713716798	3.4352721974256295	(7, 1.281)	1	3	2
r5i1231p1f1	1928-06-30	5	1.559	1.783	2.546	2.913987904291682	3.3832080513702705	(5, 1.559)	2	3	0
r5i1231p1f1	1928-08-23	4	1.302	1.5	1.011	2.4350158801745354	2.2069548619787955	(4, 1.302)	1	1	1
r5i1231p1f1	1929-08-27	3	1.305	1.44	0.765	2.0516821543923536	1.6044367481077564	(3, 1.305)	1	1	1
r5i1231p1f1	1932-07-09	5	1.72	2.315	3.35	3.007175776521023	3.6494663266513676	(5, 1.72)	2	2	0
r5i1231p1f1	1932-08-03	7	1.686	1.875	4.454	3.472747419975041	4.424717693920382	(7, 1.686)	0	2	0
r5i1231p1f1	1933-08-09	4	1.4	1.551	1.4	2.501435951739211	2.501435951739211	(4, 1.4)	1	3	3
r5i1231p1f1	1936-08-18	12	1.505	2.062	5.461	4.152010697038451	5.429387325643049	(12, 1.505)	0	0	4
r5i1231p1f1	1937-07-25	4	1.435	1.607	1.542	2.5241273629412815	2.590467145448493	(4, 1.435)	2	3	3
r5i1231p1f1	1938-06-20	6	1.163	1.381	0.682	2.895499666843295	2.4000123055268174	(6, 1.163)	1	1	1
r5i1231p1f1	1938-07-29	4	1.323	1.547	1.093	2.4496248356433608	2.276651710967541	(4, 1.323)	1	3	3
r5i1231p1f1	1938-08-14	4	1.452	1.771	1.608	2.534965849660737	2.629295552413305	(4, 1.452)	2	3	3
r5i1231p1f1	1939-07-20	5	1.563	1.852	2.57	2.916411497617063	3.3922734653979614	(5, 1.563)	2	2	0
r5i1231p1f1	1941-06-22	3	1.656	1.787	1.821	2.262265931615575	2.3477681461870175	(3, 1.656)	2	2	3
r5i1231p1f1	1941-07-26	4	1.158	1.226	0.435	2.3286426273133354	1.4996230464268938	(4, 1.158)	1	1	1
r5i1231p1f1	1943-06-01	5	1.378	1.664	1.641	2.797678107628192	2.962534151416443	(5, 1.378)	2	3	3
r5i1231p1f1	1944-06-24	4	1.473	1.746	1.692	2.548194389023919	2.67662833109387	(4, 1.473)	2	3	3
r5i1231p1f1	1944-08-13	4	1.659	2.036	2.438	2.6582995758376535	3.02061998906177	(4, 1.659)	2	2	0
r5i1231p1f1	1946-06-25	6	1.153	1.353	0.619	2.887343290078549	2.312278450703406	(6, 1.153)	1	1	1
r5i1231p1f1	1946-07-04	3	1.311	1.501	0.785	2.0556809598416574	1.6251103854761164	(3, 1.311)	1	1	1
r5i1231p1f1	1946-08-17	3	1.497	1.586	1.341	2.172321518293727	2.0754385904061903	(3, 1.497)	2	3	3
r5i1231p1f1	1946-08-28	4	1.598	1.791	2.194	2.6235084992256286	2.9205775999532304	(4, 1.598)	2	2	3
r5i1231p1f1	1948-07-05	6	1.283	1.652	1.4	2.9885148928055028	3.0715683228359927	(6, 1.283)	1	3	3
r5i1231p1f1	1948-08-10	4	1.91	2.344	3.443	2.789937360574394	3.351446756397599	(4, 1.91)	2	2	0
r5i1231p1f1	1949-06-03	6	1.165	1.324	0.691	2.8971229892972574	2.411940222171152	(6, 1.165)	1	1	1
r5i1231p1f1	1949-06-19	4	1.316	1.493	1.068	2.4447788586972212	2.2559126847956152	(4, 1.316)	1	1	1
r5i1231p1f1	1952-06-12	3	1.212	1.347	0.487	1.9875642639627233	1.2614469334490395	(3, 1.212)	1	1	1
r5i1231p1f1	1952-07-22	7	1.423	1.674	2.614	3.308874790914802	3.9001924493540296	(7, 1.423)	2	3	2
r5i1231p1f1	1953-07-05	8	1.448	1.788	3.186	3.5194099491471964	4.291704563682474	(8, 1.448)	2	3	2
r5i1231p1f1	1953-07-19	6	1.29	1.648	1.442	2.9936827050798285	3.0997762594218634	(6, 1.29)	1	3	3
r5i1231p1f1	1953-08-03	4	1.188	1.272	0.554	2.351756137000495	1.6923073902563952	(4, 1.188)	1	1	1
r5i1231p1f1	1954-06-21	10	1.309	1.726	2.594	3.7470119041450074	4.4191957556249575	(10, 1.309)	2	3	2
r5i1231p1f1	1954-07-30	3	1.127	1.202	0.233	1.9251334841096133	0.7933107972213779	(3, 1.127)	1	1	1
r5i1231p1f1	1954-08-04	4	1.381	1.54	1.325	2.488898671057538	2.451005098112319	(4, 1.381)	1	3	3
r5i1231p1f1	1956-08-22	9	1.429	1.556	3.417	3.678399733158552	4.535380568611985	(9, 1.429)	2	3	2
r5i1231p1f1	1957-06-06	5	1.616	1.86	2.834	2.9479816049771728	3.486918803831284	(5, 1.616)	2	2	0
r5i1231p1f1	1957-08-03	6	1.332	1.468	1.695	3.0241409984150103	3.254679579327198	(6, 1.332)	1	3	3
r5i1231p1f1	1958-07-19	3	1.69	1.777	1.922	2.2804926005829125	2.396713206837432	(3, 1.69)	2	2	0
r5i1231p1f1	1958-07-27	3	1.38	1.559	0.992	2.1005534026504553	1.8171970405807354	(3, 1.38)	1	3	3
r5i1231p1f1	1958-08-22	5	1.316	1.651	1.332	2.754509224364745	2.765829223852479	(5, 1.316)	1	3	3
r5i1231p1f1	1959-06-30	5	1.373	1.605	1.616	2.7942650015806443	2.9479816049771728	(5, 1.373)	2	3	3
r5i1231p1f1	1959-08-11	3	1.357	1.501	0.921	2.0858185201642803	1.7553818168389415	(3, 1.357)	1	1	3
r5i1231p1f1	1961-07-15	4	1.231	1.403	0.724	2.3839807311980397	1.9157454490090462	(4, 1.231)	1	1	1
r5i1231p1f1	1962-06-06	3	1.098	1.148	0.145	1.9029094972892788	0.5615807711150981	(3, 1.098)	1	1	1
r5i1231p1f1	1963-08-18	5	1.662	2.127	3.062	2.974596727860832	3.562017222699419	(5, 1.662)	2	2	0
r5i1231p1f1	1966-06-05	5	1.074	1.208	0.124	2.565540339656682	0.8697700917266316	(5, 1.074)	1	1	1
r5i1231p1f1	1966-06-16	3	1.453	1.589	1.212	2.145932390572937	1.9875642639627233	(3, 1.453)	2	3	3
r5i1231p1f1	1966-08-06	4	1.293	1.478	0.973	2.428688969789772	2.172931884767175	(4, 1.293)	1	1	1
r5i1231p1f1	1967-06-01	5	1.337	1.441	1.435	2.7693406046617954	2.8357857818263104	(5, 1.337)	1	3	3
r5i1231p1f1	1967-07-28	4	1.417	1.712	1.472	2.5125218168209735	2.5475684109127115	(4, 1.417)	2	3	3
r5i1231p1f1	1967-08-10	13	1.517	1.807	6.071	4.278124453787482	5.654455397972093	(13, 1.517)	0	0	4
r5i1231p1f1	1971-06-10	14	1.417	1.748	5.148	4.32051019895021	5.600895678975211	(14, 1.417)	0	0	2
r5i1231p1f1	1971-07-26	7	1.173	1.271	0.866	3.1234332529670885	2.835478098015228	(7, 1.173)	1	1	1
r5i1231p1f1	1972-07-30	3	1.867	2.065	2.452	2.3703574334339628	2.620381571112897	(3, 1.867)	2	2	0
r5i1231p1f1	1973-08-04	3	1.541	1.847	1.474	2.1980321271124335	2.1586141021623466	(3, 1.541)	2	3	3
r5i1231p1f1	1973-08-29	3	1.843	2.212	2.38	2.358635401755725	2.5927772200744723	(3, 1.843)	2	2	0
r5i1231p1f1	1975-06-28	13	1.308	1.9	3.36	4.1321025697324485	5.065694526606534	(13, 1.308)	0	0	2
r5i1231p1f1	1975-08-24	4	1.33	1.441	1.124	2.454447442303292	2.3017847728232765	(4, 1.33)	1	1	1
r5i1231p1f1	1976-06-15	3	1.247	1.283	0.591	2.0121795915224925	1.4038705121021573	(3, 1.247)	1	1	1
r5i1231p1f1	1978-06-03	3	1.33	1.382	0.841	2.0682393712801277	1.680821239503429	(3, 1.33)	1	1	1
r5i1231p1f1	1979-08-16	5	1.555	1.925	2.527	2.911558422888499	3.37597252305742	(5, 1.555)	2	2	0
r5i1231p1f1	1980-07-08	3	1.595	1.804	1.636	2.2287085063689283	2.2513870954917135	(3, 1.595)	2	3	3
r5i1231p1f1	1980-07-14	3	1.181	1.211	0.395	1.9652443208753656	1.1159544427782997	(3, 1.181)	1	1	1
r5i1231p1f1	1980-08-01	5	1.24	1.485	0.951	2.698916714880855	2.453803182665835	(5, 1.24)	1	1	1
r5i1231p1f1	1981-07-19	3	1.208	1.283	0.477	1.984712110619881	1.2466197677986228	(3, 1.208)	1	1	1
r5i1231p1f1	1982-06-26	8	1.193	1.314	1.149	3.332008365174947	3.2957962033504655	(8, 1.193)	1	1	1
r5i1231p1f1	1983-06-08	6	1.403	1.618	2.124	3.07360977677472	3.4724724512824907	(6, 1.403)	2	3	3
r5i1231p1f1	1985-08-04	4	1.255	1.362	0.822	2.401525040848949	2.024985355883777	(4, 1.255)	1	1	1
r5i1231p1f1	1986-08-07	3	1.339	1.568	0.868	2.074133490620374	1.7066118639562837	(3, 1.339)	1	1	3
r5i1231p1f1	1987-06-07	6	1.337	1.53	1.724	3.0277059593926148	3.2709946106192525	(6, 1.337)	1	3	3
r5i1231p1f1	1987-06-16	4	1.553	1.751	2.015	2.59704414972485	2.840247370713596	(4, 1.553)	2	3	3
r5i1231p1f1	1987-07-26	3	1.346	1.478	0.89	2.078693907391348	1.727145506348632	(3, 1.346)	1	1	1
r5i1231p1f1	1988-06-14	3	1.281	1.364	0.693	2.0355250837068217	1.5262592457129922	(3, 1.281)	1	1	1
r5i1231p1f1	1990-07-25	3	1.537	1.729	1.462	2.195721923773198	2.151387114550056	(3, 1.537)	2	3	3
r5i1231p1f1	1990-08-01	8	1.469	1.839	3.358	3.5333850760539214	4.343582881238574	(8, 1.469)	2	3	2
r5i1231p1f1	1990-08-20	3	1.347	1.432	0.894	2.0793437010668283	1.730834015919441	(3, 1.347)	1	1	1
r5i1231p1f1	1990-08-26	3	1.356	1.596	0.92	2.085172921547925	1.754483303889884	(3, 1.356)	1	3	3
r5i1231p1f1	1992-06-06	11	1.306	1.568	2.82	3.8845825716667566	4.643252761292989	(11, 1.306)	2	3	2
r5i1231p1f1	1992-07-03	4	1.328	1.408	1.113	2.453071926267982	2.29293871594224	(4, 1.328)	1	1	1
r5i1231p1f1	1993-07-13	3	1.164	1.252	0.343	1.9527894920251458	1.0232708364453367	(3, 1.164)	1	1	1
r5i1231p1f1	1993-08-23	6	1.441	1.781	2.346	3.0991138065413635	3.568941468766507	(6, 1.441)	2	3	3
r5i1231p1f1	1994-05-31	3	1.289	1.418	0.719	2.0409398314549385	1.555199990446345	(3, 1.289)	1	1	1
r5i1231p1f1	1994-08-24	3	1.422	1.636	1.119	2.126912829977665	1.9190518967353905	(3, 1.422)	2	3	3
r5i1231p1f1	1996-08-24	4	1.332	1.518	1.128	2.4558210688929036	2.304982217593767	(4, 1.332)	1	1	3
r5i1231p1f1	1999-07-24	5	1.16	1.315	0.553	2.636854495835966	1.971679249312246	(5, 1.16)	1	1	1
r5i1231p1f1	1999-08-22	4	1.615	1.983	2.261	2.6333266549062735	2.94905986535556	(4, 1.615)	2	2	0
r5i1231p1f1	2001-06-11	4	1.546	1.741	1.986	2.5928637912930927	2.8266033105460195	(4, 1.546)	2	3	3
r5i1231p1f1	2001-06-20	5	1.092	1.165	0.214	2.5808932036141434	1.2215944479243237	(5, 1.092)	1	1	1
r5i1231p1f1	2001-07-28	3	1.44	1.668	1.171	2.138000441796591	1.9579367511104981	(3, 1.44)	2	3	3
r5i1231p1f1	2002-06-11	7	1.269	1.524	1.54	3.1987632725146313	3.385108619953204	(7, 1.269)	1	3	2
r5i1231p1f1	2002-07-09	8	1.284	1.76	1.879	3.402982568114627	3.7731497484563623	(8, 1.284)	2	3	2
r5i1231p1f1	2002-07-21	3	1.283	1.404	0.7	2.0368815218260807	1.5341337442388472	(3, 1.283)	1	1	1
r5i1231p1f1	2003-05-31	4	1.289	1.556	0.958	2.425864109154217	2.1591765096986895	(4, 1.289)	1	1	1
r5i1231p1f1	2003-08-19	4	1.475	1.697	1.701	2.5494451709255714	2.681569323852613	(4, 1.475)	2	3	3
r5i1231p1f1	2003-08-25	4	1.257	1.347	0.831	2.402973267025314	2.0344441757491003	(4, 1.257)	1	1	1
r5i1231p1f1	2004-07-11	8	1.72	2.257	5.363	3.686856339910486	4.806892633838375	(8, 1.72)	0	0	4
r5i1231p1f1	2004-08-16	3	1.468	1.649	1.255	2.155007137010737	2.0177218825479337	(3, 1.468)	2	3	3
r5i1231p1f1	2006-06-08	6	1.223	1.36	1.041	2.943088369216089	2.791135225981212	(6, 1.223)	1	1	1
r5i1231p1f1	2007-07-01	4	1.143	1.253	0.375	2.31688239769487	1.3862943611198906	(4, 1.143)	1	1	1
r5i1231p1f1	2007-08-01	5	1.238	1.433	0.941	2.697411192400276	2.444145402913586	(5, 1.238)	1	1	1
r5i1231p1f1	2009-06-10	8	1.297	1.593	1.982	3.412722704117988	3.8253215547331405	(8, 1.297)	2	3	2
r5i1231p1f1	2009-07-30	6	1.233	1.554	1.098	2.9508042105099324	2.84125378148708	(6, 1.233)	1	1	1
r5i1231p1f1	2010-06-03	7	1.239	1.399	1.33	3.1758263981643715	3.243839413658721	(7, 1.239)	1	1	1
r5i1231p1f1	2010-06-27	5	1.73	2.121	3.404	3.0126871245548767	3.665044571105167	(5, 1.73)	2	2	0
r5i1231p1f1	2010-08-05	3	1.161	1.231	0.333	1.950575387425793	1.0044183630992942	(3, 1.161)	1	1	1
r5i1251p1f1	1851-06-21	5	1.542	1.882	2.462	2.9036215957388096	3.3508158400288135	(5, 1.542)	2	2	0
r5i1251p1f1	1852-07-28	10	1.21	1.457	1.608	3.670296854326395	3.948343840602571	(10, 1.21)	1	3	2
r5i1251p1f1	1852-08-22	3	2.173	2.491	3.371	2.5088867496210687	2.918647634894983	(3, 2.173)	0	2	0
r5i1251p1f1	1854-06-03	5	1.594	1.823	2.723	2.9349978028026533	3.448210269432063	(5, 1.594)	2	2	0
r5i1251p1f1	1854-07-08	9	1.656	2.249	5.458	3.8223608454884173	4.999682193971328	(9, 1.656)	0	0	4
r5i1251p1f1	1857-07-29	3	1.503	1.641	1.36	2.1758666782488048	2.0877528189887515	(3, 1.503)	2	3	3
r5i1251p1f1	1858-08-12	3	1.524	2.063	1.424	2.1881766897282877	2.128150875193778	(3, 1.524)	2	2	3
r5i1251p1f1	1859-06-26	4	1.473	1.78	1.693	2.548194389023919	2.677178537435123	(4, 1.473)	2	3	3
r5i1251p1f1	1861-06-08	5	1.502	1.791	2.261	2.878797843974665	3.2687605701702216	(5, 1.502)	2	3	3
r5i1251p1f1	1861-08-22	4	1.108	1.242	0.235	2.288891765862043	1.0577902941478545	(4, 1.108)	1	1	1
r5i1251p1f1	1862-07-13	4	1.532	2.002	1.93	2.584450280124262	2.7997173896280336	(4, 1.532)	2	2	0
r5i1251p1f1	1862-07-26	4	1.707	1.883	2.632	2.6848498079317746	3.093584673721496	(4, 1.707)	2	2	0
r5i1251p1f1	1862-08-27	4	1.539	1.736	1.959	2.5886658840788526	2.8137306655709566	(4, 1.539)	2	3	3
r5i1251p1f1	1863-06-07	3	1.269	1.392	0.658	2.0273475879573266	1.4859288806888242	(3, 1.269)	1	1	1
r5i1251p1f1	1863-06-15	3	1.281	1.479	0.695	2.0355250837068217	1.5285154368641591	(3, 1.281)	1	1	1
r5i1251p1f1	1864-07-02	4	1.146	1.239	0.386	2.3192455338871527	1.4080558529014033	(4, 1.146)	1	1	1
r5i1251p1f1	1865-07-21	5	1.318	1.456	1.34	2.7559312519452974	2.7714415300444064	(5, 1.318)	1	1	1
r5i1251p1f1	1867-07-25	4	1.486	1.957	1.747	2.5562966458746734	2.7064489197352364	(4, 1.486)	2	3	3
r5i1251p1f1	1868-06-02	3	1.348	1.492	0.895	2.0799930727846583	1.7317540214284177	(3, 1.348)	1	1	3
r5i1251p1f1	1868-07-25	3	1.343	1.6	0.88	2.076741989126375	1.7178642673569477	(3, 1.343)	1	3	3
r5i1251p1f1	1868-08-15	6	1.292	1.358	1.454	2.995154330880053	3.1076916519684508	(6, 1.292)	1	1	1
r5i1251p1f1	1869-06-14	5	1.696	2.25	3.235	2.993823275035162	3.615458925433771	(5, 1.696)	2	2	0
r5i1251p1f1	1869-07-28	3	1.198	1.347	0.444	1.9775459332921197	1.196069155321417	(3, 1.198)	1	1	1
r5i1251p1f1	1873-07-19	12	1.701	2.409	7.815	4.272619639831277	5.786478426953816	(12, 1.701)	0	0	4
r5i1251p1f1	1874-08-21	6	1.681	2.266	3.792	3.246707059829625	4.038317107920418	(6, 1.681)	0	2	0
r5i1251p1f1	1876-06-21	5	1.22	1.279	0.852	2.683758510086538	2.353815095872896	(5, 1.22)	1	1	1
r5i1251p1f1	1876-08-04	8	1.223	1.403	1.39	3.355967456910567	3.4797654526602826	(8, 1.223)	1	1	2
r5i1251p1f1	1877-06-05	3	1.276	1.319	0.681	2.032125916835549	1.5126141437016694	(3, 1.276)	1	1	1
r5i1251p1f1	1878-06-11	5	1.191	1.274	0.706	2.661362761078819	2.1853004286946285	(5, 1.191)	1	1	1
r5i1251p1f1	1879-07-01	4	1.31	1.479	1.043	2.4406063908914204	2.234734426085871	(4, 1.31)	1	1	1
r5i1251p1f1	1879-08-16	3	1.332	1.607	0.847	2.069552181132402	1.6866102464375254	(3, 1.332)	1	1	3
r5i1251p1f1	1882-06-25	4	1.297	1.567	0.992	2.431505873060885	2.1900880617668994	(4, 1.297)	1	1	3
r5i1251p1f1	1883-07-16	3	1.367	1.463	0.953	2.0922516855351465	1.7837160842352977	(3, 1.367)	1	1	3
r5i1251p1f1	1883-08-01	6	1.591	1.925	3.247	3.193879158527109	3.886109310582681	(6, 1.591)	2	2	0
r5i1251p1f1	1883-08-20	6	1.382	1.712	1.996	3.0592312990011097	3.412305100554977	(6, 1.382)	2	3	3
r5i1251p1f1	1883-08-29	5	1.488	1.741	2.191	2.86996187223652	3.238526467811822	(5, 1.488)	2	3	3
r5i1251p1f1	1885-06-22	6	1.301	1.548	1.509	3.001749977408111	3.1431897522802075	(6, 1.301)	1	3	3
r5i1251p1f1	1887-06-17	4	1.716	2.023	2.667	2.6897504439307767	3.1061997265799617	(4, 1.716)	2	2	0
r5i1251p1f1	1887-07-31	3	1.293	1.449	0.732	2.043636250061301	1.5693622171593682	(3, 1.293)	1	1	1
r5i1251p1f1	1888-07-03	5	1.353	1.608	1.52	2.7804948778000824	2.8900448505232386	(5, 1.353)	1	3	3
r5i1251p1f1	1888-07-23	7	1.432	1.727	2.679	3.314949754472708	3.9242632734893443	(7, 1.432)	2	3	2
r5i1251p1f1	1888-08-26	3	1.32	1.394	0.813	2.0616493448548585	1.6533537247355978	(3, 1.32)	1	1	1
r5i1251p1f1	1890-07-13	4	1.213	1.277	0.654	2.3706175033858727	1.8296973085684471	(4, 1.213)	1	1	1
r5i1251p1f1	1890-08-14	6	1.506	2.247	2.737	3.141285644307438	3.7190574955578226	(6, 1.506)	2	2	0
r5i1251p1f1	1891-07-10	3	1.524	1.842	1.423	2.1881766897282877	2.127532044180204	(3, 1.524)	2	3	3
r5i1251p1f1	1892-06-11	4	1.325	1.422	1.101	2.451005098112319	2.2831983791938555	(4, 1.325)	1	1	1
r5i1251p1f1	1893-07-09	4	1.23	1.325	0.723	2.3832429960115	1.914566898489602	(4, 1.23)	1	1	1
r5i1251p1f1	1893-07-27	5	1.695	2.027	3.227	2.9932630329526266	3.613049606994438	(5, 1.695)	2	2	0
r5i1251p1f1	1894-05-31	3	1.502	1.659	1.358	2.1752766903576766	2.086463702251958	(3, 1.502)	2	3	3
r5i1251p1f1	1896-08-12	3	1.238	1.384	0.566	2.00590757581405	1.371440149364611	(3, 1.238)	1	1	1
r5i1251p1f1	1896-08-28	5	1.486	1.959	2.184	2.8686931929219934	3.235452167586985	(5, 1.486)	2	3	0
r5i1251p1f1	1897-08-16	3	1.279	1.631	0.689	2.034166803163775	1.5217315345498066	(3, 1.279)	1	1	3
r5i1251p1f1	1898-06-18	3	1.182	1.342	0.397	1.965972149383562	1.1193532049845927	(3, 1.182)	1	1	1
r5i1251p1f1	1898-06-26	6	1.365	1.502	1.896	3.0474382299710787	3.3626434836867922	(6, 1.365)	1	3	3
r5i1251p1f1	1898-07-30	3	1.569	1.854	1.56	2.2140558174401415	2.208933293053824	(3, 1.569)	2	3	3
r5i1251p1f1	1898-08-25	4	1.439	1.679	1.559	2.526688183802955	2.600613457499971	(4, 1.439)	2	3	3
r5i1251p1f1	1900-07-27	4	1.473	1.718	1.694	2.548194389023919	2.6777284412158213	(4, 1.473)	2	3	3
r5i1251p1f1	1901-07-26	7	1.645	2.429	4.172	3.4489020790497062	4.3601199418096215	(7, 1.645)	0	2	0
r5i1251p1f1	1901-08-27	3	1.695	1.87	1.937	2.283145192266379	2.403782205555157	(3, 1.695)	2	2	0
r5i1251p1f1	1902-06-07	7	1.349	1.625	2.094	3.257474407245293	3.683400037431454	(7, 1.349)	2	3	2
r5i1251p1f1	1903-07-04	4	1.576	1.798	2.105	2.6106578550935606	2.8814431271518632	(4, 1.576)	2	3	3
r5i1251p1f1	1905-06-24	10	1.421	1.575	3.713	3.8272483734435756	4.774198524177762	(10, 1.421)	2	3	2
r5i1251p1f1	1906-06-10	7	1.198	1.436	1.04	3.1436034425111297	3.0087012883723676	(7, 1.198)	1	1	1
r5i1251p1f1	1906-08-05	3	1.348	1.53	0.895	2.0799930727846583	1.7317540214284177	(3, 1.348)	1	1	3
r5i1251p1f1	1906-08-10	7	1.283	1.529	1.637	3.209289725671341	3.444182292143995	(7, 1.283)	1	3	2
r5i1251p1f1	1906-08-19	4	1.355	1.717	1.223	2.4714836294558595	2.3780635541699513	(4, 1.355)	2	3	3
r5i1251p1f1	1907-07-19	4	1.677	2.075	2.509	2.668338700865982	3.0479451450009254	(4, 1.677)	2	2	0
r5i1251p1f1	1908-06-18	4	1.181	1.249	0.526	2.3464105725340754	1.6501959049062682	(4, 1.181)	1	1	1
r5i1251p1f1	1910-08-10	5	1.479	1.664	2.15	2.8642400970919235	3.2203839174496243	(5, 1.479)	2	3	3
r5i1251p1f1	1910-08-17	7	1.569	1.888	3.64	3.4031383850098593	4.2255737314326005	(7, 1.569)	2	2	0
r5i1251p1f1	1912-06-09	4	1.374	1.507	1.297	2.4842397608002966	2.431505873060885	(4, 1.374)	1	3	3
r5i1251p1f1	1912-07-13	9	1.501	1.79	4.068	3.726343818096295	4.708051631288734	(9, 1.501)	0	0	2
r5i1251p1f1	1912-08-08	3	1.261	1.418	0.635	2.0218585354382537	1.4585119449264208	(3, 1.261)	1	1	1
r5i1251p1f1	1912-08-20	6	1.741	2.173	4.147	3.2804362854739644	4.126298612980561	(6, 1.741)	0	2	0
r5i1251p1f1	1914-06-14	4	1.752	1.954	2.811	2.7091162992842075	3.156489652432105	(4, 1.752)	2	2	0
r5i1251p1f1	1915-06-10	3	1.193	1.235	0.432	1.9739434943828855	1.1770345600233627	(3, 1.193)	1	1	1
r5i1251p1f1	1915-07-08	6	1.289	1.604	1.439	2.9929460792512046	3.0977875827935564	(6, 1.289)	1	3	3
r5i1251p1f1	1915-08-12	7	1.22	1.386	1.195	3.161022796985292	3.1412043912398553	(7, 1.22)	1	1	1
r5i1251p1f1	1916-06-11	3	1.229	1.417	0.539	1.9995959735061966	1.335192142118085	(3, 1.229)	1	1	1
r5i1251p1f1	1918-05-31	8	1.307	1.678	2.059	3.420151087168861	3.8626195368011818	(8, 1.307)	2	3	2
r5i1251p1f1	1918-08-13	4	1.377	1.513	1.309	2.4862390950217788	2.4399092838572645	(4, 1.377)	1	3	3
r5i1251p1f1	1921-06-24	6	1.219	1.434	1.018	2.9399852855863786	2.7701785293644865	(6, 1.219)	1	1	1
r5i1251p1f1	1922-06-19	3	1.485	1.798	1.308	2.165193269654166	2.0536835559213014	(3, 1.485)	2	3	3
r5i1251p1f1	1922-07-05	13	1.767	2.219	9.327	4.428708844724065	6.082622248434039	(13, 1.767)	0	0	4
r5i1251p1f1	1922-07-26	3	1.316	1.553	0.801	2.0590011260458523	1.6413469779406025	(3, 1.316)	1	1	3
r5i1251p1f1	1922-08-08	7	1.433	1.657	2.685	3.3156224779520054	3.926456260892353	(7, 1.433)	2	3	2
r5i1251p1f1	1922-08-21	4	1.328	1.44	1.114	2.453071926267982	2.293746144326841	(4, 1.328)	1	1	1
r5i1251p1f1	1925-06-04	4	1.188	1.324	0.554	2.351756137000495	1.6923073902563952	(4, 1.188)	1	1	1
r5i1251p1f1	1925-06-12	4	1.226	1.439	0.707	2.3802866006578975	1.8955187035189074	(4, 1.226)	1	1	1
r5i1251p1f1	1925-07-14	5	1.5	1.683	2.254	2.8775403323148376	3.2657779642751867	(5, 1.5)	2	3	3
r5i1251p1f1	1925-08-15	4	1.431	1.603	1.524	2.521559967436036	2.579610585257298	(4, 1.431)	2	3	3
r5i1251p1f1	1926-06-07	10	1.265	1.352	2.158	3.71364065950128	4.23760692035598	(10, 1.265)	1	3	2
r5i1251p1f1	1926-06-22	3	1.233	1.402	0.55	2.0024060492939144	1.350118803218546	(3, 1.233)	1	1	1
r5i1251p1f1	1926-07-29	4	1.642	2.154	2.372	2.648724735017395	2.994531552977472	(4, 1.642)	2	2	0
r5i1251p1f1	1930-05-31	4	1.25	1.31	0.804	2.3978952727983707	2.0057950015115376	(4, 1.25)	1	1	1
r5i1251p1f1	1931-06-02	3	1.219	1.338	0.507	1.9925360413504454	1.2904575942287915	(3, 1.219)	1	1	1
r5i1251p1f1	1931-06-25	4	1.346	1.739	1.184	2.4653839832991364	2.3487050286075988	(4, 1.346)	2	3	3
r5i1251p1f1	1931-08-21	4	1.618	1.781	2.273	2.6350493082177198	2.9540765982851585	(4, 1.618)	2	2	0
r5i1251p1f1	1932-07-11	8	1.342	1.429	2.337	3.445724300029087	3.9867644280744665	(8, 1.342)	1	3	2
r5i1251p1f1	1932-08-15	6	1.707	1.929	3.943	3.261462940156281	4.076690107640846	(6, 1.707)	2	2	0
r5i1251p1f1	1932-08-25	4	1.4	1.686	1.401	2.501435951739211	2.5020914745421012	(4, 1.4)	2	3	3
r5i1251p1f1	1933-06-27	3	1.15	1.205	0.301	1.9424148026019987	0.9415848724799063	(3, 1.15)	1	1	1
r5i1251p1f1	1933-07-22	5	1.48	1.889	2.151	2.864877469012313	3.2208303574447554	(5, 1.48)	2	3	3
r5i1251p1f1	1935-06-19	3	1.193	1.314	0.43	1.9739434943828855	1.1738266020037689	(3, 1.193)	1	1	1
r5i1251p1f1	1936-06-17	3	1.214	1.333	0.495	1.9889872958811943	1.2731523841689367	(3, 1.214)	1	1	1
r5i1251p1f1	1936-07-17	3	1.269	1.543	0.658	2.0273475879573266	1.4859288806888242	(3, 1.269)	1	1	1
r5i1251p1f1	1937-06-20	5	1.174	1.304	0.621	2.647997180368679	2.0722899134072366	(5, 1.174)	1	1	1
r5i1251p1f1	1937-08-19	3	1.519	1.825	1.409	2.185259449853035	2.118827957881691	(3, 1.519)	2	3	3
r5i1251p1f1	1937-08-28	3	1.357	1.5	0.922	2.0858185201642803	1.7562795231871666	(3, 1.357)	1	1	3
r5i1251p1f1	1939-07-20	9	1.174	1.531	1.123	3.4873139139532205	3.4442887990931035	(9, 1.174)	1	3	2
r5i1251p1f1	1939-08-05	5	1.356	1.623	1.534	2.7825725232907725	2.898705898236531	(5, 1.356)	2	3	3
r5i1251p1f1	1939-08-15	5	1.183	1.352	0.668	2.6550953226207787	2.13634950584348	(5, 1.183)	1	1	1
r5i1251p1f1	1940-06-08	3	1.295	1.413	0.736	2.044981737754121	1.573679779711439	(3, 1.295)	1	1	1
r5i1251p1f1	1942-06-20	6	1.486	1.72	2.618	3.1284980846118664	3.675707708281627	(6, 1.486)	2	3	3
r5i1251p1f1	1944-08-12	4	1.526	1.693	1.906	2.580822706617827	2.7879698242780835	(4, 1.526)	2	3	3
r5i1251p1f1	1945-06-25	7	1.455	1.616	2.838	3.3303090400201523	3.980811772938669	(7, 1.455)	2	3	2
r5i1251p1f1	1945-07-18	5	1.741	2.01	3.456	3.018714729251289	3.679819906338399	(5, 1.741)	2	2	0
r5i1251p1f1	1945-08-09	16	1.644	1.917	9.514	4.665474756593601	6.4132884508286985	(16, 1.644)	0	0	4
r5i1251p1f1	1945-08-28	3	1.363	1.476	0.94	2.089683383523351	1.7723019395273694	(3, 1.363)	1	1	3
r5i1251p1f1	1947-07-23	5	1.637	1.87	2.935	2.9602199284798036	3.5208837180715173	(5, 1.637)	2	2	0
r5i1251p1f1	1950-06-20	5	1.317	1.553	1.34	2.755220490925305	2.7714415300444064	(5, 1.317)	1	3	3
r5i1251p1f1	1950-06-29	9	1.538	1.764	4.398	3.7501156535845097	4.785372832810379	(9, 1.538)	0	0	2
r5i1251p1f1	1950-08-13	5	1.376	2.005	1.632	2.796314262805641	2.9573195980630396	(5, 1.376)	2	3	3
r5i1251p1f1	1952-06-27	3	1.42	1.604	1.112	2.125673250105425	1.913699997788122	(3, 1.42)	1	3	3
r5i1251p1f1	1952-08-14	4	1.585	2.003	2.141	2.615934912194404	2.8974577042856504	(4, 1.585)	2	2	0
r5i1251p1f1	1954-08-03	3	1.045	1.062	-0.015	1.8609713161181207	-0.08114746122473067	(3, 1.045)	1	1	1
r5i1251p1f1	1955-08-13	3	1.356	1.502	0.92	2.085172921547925	1.754483303889884	(3, 1.356)	1	1	3
r5i1251p1f1	1956-08-06	3	1.298	1.458	0.745	2.0469965809886865	1.5833266728259545	(3, 1.298)	1	1	1
r5i1251p1f1	1958-07-02	5	1.423	1.724	1.87	2.8278829071874334	3.086816974475194	(5, 1.423)	2	3	3
r5i1251p1f1	1959-07-12	3	1.498	1.653	1.347	2.1729132517628136	2.0793437010668283	(3, 1.498)	2	3	3
r5i1251p1f1	1959-08-19	3	1.242	1.46	0.579	2.008699996037192	1.3884351312223295	(3, 1.242)	1	1	1
r5i1251p1f1	1960-07-29	3	1.404	1.509	1.063	2.1157009033810676	1.8754125785259108	(3, 1.404)	1	3	3
r5i1251p1f1	1960-08-03	5	1.427	1.693	1.886	2.830524144307154	3.094949403453401	(5, 1.427)	2	3	3
r5i1251p1f1	1961-06-06	4	1.36	1.443	1.243	2.474856313934499	2.392791360880195	(4, 1.36)	1	1	3
r5i1251p1f1	1962-08-12	3	1.209	1.279	0.478	1.9854259119535547	1.2481124165809672	(3, 1.209)	1	1	1
r5i1251p1f1	1963-06-18	4	1.659	1.88	2.439	2.6582995758376535	3.0210100807382596	(4, 1.659)	2	2	0
r5i1251p1f1	1963-06-29	9	1.848	2.205	7.186	3.9297843350067883	5.273112372712812	(9, 1.848)	0	0	4
r5i1251p1f1	1963-07-12	10	1.463	2.079	4.132	3.855751491151472	4.8802631945459085	(10, 1.463)	0	0	2
r5i1251p1f1	1963-08-28	4	1.294	1.341	0.979	2.4293939398577415	2.1783814895347393	(4, 1.294)	1	1	1
r5i1251p1f1	1964-06-19	6	1.345	1.679	1.776	3.0333835935586464	3.299598770017512	(6, 1.345)	2	3	3
r5i1251p1f1	1964-07-25	4	1.121	1.157	0.284	2.2993799620450974	1.1854014187405006	(4, 1.121)	1	1	1
r5i1251p1f1	1967-07-09	8	1.266	1.566	1.735	3.3893376630419305	3.6953228629842916	(8, 1.266)	1	3	2
r5i1251p1f1	1967-07-27	4	1.417	1.557	1.469	2.5125218168209735	2.545688122047859	(4, 1.417)	2	3	3
r5i1251p1f1	1967-08-12	3	1.221	1.367	0.514	1.9939520208237795	1.300415709247018	(3, 1.221)	1	1	1
r5i1251p1f1	1969-05-31	7	1.398	1.607	2.437	3.291803644604537	3.8315474224123642	(7, 1.398)	2	3	2
r5i1251p1f1	1970-06-22	3	1.418	1.505	1.105	2.1244321317676773	1.9083193018307179	(3, 1.418)	1	3	3
r5i1251p1f1	1970-07-27	7	1.888	2.697	5.868	3.5825809800169703	4.697538596239983	(7, 1.888)	0	0	4
r5i1251p1f1	1972-06-12	4	1.47	1.838	1.682	2.546315277916644	2.671109553289927	(4, 1.47)	2	3	3
r5i1251p1f1	1973-06-14	6	1.356	1.599	1.842	3.0411380766230938	3.3347641115004634	(6, 1.356)	2	3	3
r5i1251p1f1	1973-08-04	8	1.376	1.583	2.609	3.46995591691426	4.094926575281345	(8, 1.376)	2	3	2
r5i1251p1f1	1973-08-24	5	1.328	1.543	1.394	2.76301121464842	2.8085224166557703	(5, 1.328)	1	3	3
r5i1251p1f1	1976-07-10	4	1.704	1.937	2.619	2.6832109110885645	3.088858251543475	(4, 1.704)	2	2	0
r5i1251p1f1	1976-07-26	13	1.398	1.914	4.526	4.197612222589532	5.361965300351113	(13, 1.398)	0	0	2
r5i1251p1f1	1978-06-07	6	1.454	1.743	2.426	3.1076916519684508	3.601543643481911	(6, 1.454)	2	3	3
r5i1251p1f1	1978-07-22	3	1.317	1.419	0.804	2.0596638385128885	1.6443622068489345	(3, 1.317)	1	1	1
r5i1251p1f1	1979-08-03	3	1.472	1.608	1.268	2.1574132254427836	2.0266631018505987	(3, 1.472)	2	3	3
r5i1251p1f1	1980-08-18	3	1.4	1.614	1.053	2.113192200146248	1.8674154154423224	(3, 1.4)	1	3	3
r5i1251p1f1	1981-08-15	3	1.355	1.522	0.916	2.0845269058647236	1.7508811570107512	(3, 1.355)	1	1	3
r5i1251p1f1	1982-07-26	3	1.49	1.725	1.322	2.168169550748172	2.062970828995383	(3, 1.49)	2	3	3
r5i1251p1f1	1983-06-01	3	1.231	1.393	0.546	2.0010019984654726	1.3447166704034441	(3, 1.231)	1	1	1
r5i1251p1f1	1984-06-19	9	1.35	1.645	2.707	3.6230067099632284	4.305267073239355	(9, 1.35)	2	3	2
r5i1251p1f1	1984-07-09	3	1.274	1.427	0.674	2.0307630082612924	1.5045676616666381	(3, 1.274)	1	1	1
r5i1251p1f1	1986-06-27	5	1.359	1.52	1.549	2.7846458611189266	2.9079030978437186	(5, 1.359)	1	3	3
r5i1251p1f1	1986-07-28	10	1.506	2.085	4.566	3.8841152117016695	4.979417021710047	(10, 1.506)	0	0	2
r5i1251p1f1	1988-08-26	7	1.364	1.607	2.199	3.268109072501454	3.7311256323521573	(7, 1.364)	2	3	2
r5i1251p1f1	1990-06-19	3	1.168	1.283	0.354	1.9557340263295966	1.0436061303477935	(3, 1.168)	1	1	1
r5i1251p1f1	1990-08-11	3	1.333	1.642	0.851	2.070207940322535	1.6904510497143228	(3, 1.333)	1	3	3
r5i1251p1f1	1991-06-02	3	1.135	1.179	0.256	1.9311783092390282	0.8459605466729375	(3, 1.135)	1	1	1
r5i1251p1f1	1991-06-26	9	1.719	2.272	6.022	3.858896452701568	5.097387748679483	(9, 1.719)	0	0	4
r5i1251p1f1	1993-07-27	4	1.2	1.358	0.603	2.3608540011180215	1.7619873108943849	(4, 1.2)	1	1	1
r5i1251p1f1	1994-07-27	4	1.679	1.978	2.52	2.669447963320268	3.052112606990099	(4, 1.679)	2	2	0
r5i1251p1f1	1997-07-02	6	1.498	1.808	2.693	3.136190226185424	3.703247124632862	(6, 1.498)	2	3	3
r5i1251p1f1	1997-07-26	4	1.449	1.563	1.597	2.5330616916750475	2.622927947685375	(4, 1.449)	2	3	3
r5i1251p1f1	1998-07-21	9	1.352	1.57	2.721	3.6244475939545477	4.310356074232711	(9, 1.352)	2	3	2
r5i1251p1f1	1999-06-20	7	1.568	1.914	3.627	3.4025220502426916	4.222048299200203	(7, 1.568)	2	2	0
r5i1251p1f1	1999-07-21	3	1.214	1.379	0.495	1.9889872958811943	1.2731523841689367	(3, 1.214)	1	1	1
r5i1251p1f1	1999-08-21	3	2.088	2.458	3.117	2.4722912642624237	2.844700472555746	(3, 2.088)	2	2	0
r5i1251p1f1	2002-06-18	5	1.308	1.46	1.291	2.74880080573658	2.73656112731346	(5, 1.308)	1	1	1
r5i1251p1f1	2004-08-03	3	1.453	1.645	1.212	2.145932390572937	1.9875642639627233	(3, 1.453)	2	3	3
r5i1251p1f1	2005-08-02	3	1.138	1.181	0.264	1.9334357313176844	0.8636425156131448	(3, 1.138)	1	1	1
r5i1251p1f1	2006-07-19	4	1.421	1.709	1.488	2.5151124918450662	2.5575373408229076	(4, 1.421)	2	3	3
r5i1251p1f1	2006-07-28	4	1.384	1.73	1.337	2.4908887214655477	2.459246903007423	(4, 1.384)	2	3	3
r5i1251p1f1	2006-08-03	4	1.379	1.748	1.317	2.487569767207484	2.445472580542593	(4, 1.379)	2	3	3
r5i1251p1f1	2006-08-20	3	1.65	1.842	1.802	2.259014689374629	2.3382868011014573	(3, 1.65)	2	2	0
r5i1251p1f1	2006-08-25	3	1.17	1.278	0.361	1.9572030484955636	1.0563347299798889	(3, 1.17)	1	1	1
r5i1251p1f1	2007-06-09	3	1.323	1.611	0.82	2.06363091677193	1.6602916576917774	(3, 1.323)	1	1	3
r5i1251p1f1	2007-06-16	3	1.103	1.22	0.162	1.9067766274057756	0.6107306994734419	(3, 1.103)	1	1	1
r5i1251p1f1	2009-06-17	4	1.363	1.584	1.254	2.476874478090736	2.400800140491001	(4, 1.363)	1	3	3
r5i1251p1f1	2010-06-03	4	1.333	1.561	1.133	2.456507175266302	2.308964699958085	(4, 1.333)	1	3	3
r5i1281p1f1	1852-06-06	3	1.171	1.225	0.364	1.9579367511104981	1.061740634693605	(3, 1.171)	1	1	1
r5i1281p1f1	1852-06-26	4	1.362	1.67	1.248	2.476202209157854	2.39643966846567	(4, 1.362)	1	3	3
r5i1281p1f1	1852-08-27	3	1.221	1.358	0.515	1.9939520208237795	1.3018302364976233	(3, 1.221)	1	1	1
r5i1281p1f1	1855-06-03	3	1.217	1.374	0.501	1.9911180540358446	1.281842422518679	(3, 1.217)	1	1	1
r5i1281p1f1	1855-06-17	7	1.236	1.584	1.302	3.173503507619822	3.223400670259069	(7, 1.236)	1	3	2
r5i1281p1f1	1855-07-25	3	1.189	1.297	0.417	1.9710521701375956	1.1527202123527673	(3, 1.189)	1	1	1
r5i1281p1f1	1856-06-24	7	1.57	1.667	3.64	3.403754340142452	4.2255737314326005	(7, 1.57)	2	2	2
r5i1281p1f1	1857-06-01	3	1.328	1.477	0.837	2.066924835692335	1.676943199205704	(3, 1.328)	1	1	1
r5i1281p1f1	1858-06-23	4	1.282	1.338	0.931	2.420901319812088	2.1339297269639057	(4, 1.282)	1	1	1
r5i1281p1f1	1858-08-07	3	1.26	1.466	0.632	2.021170280523964	1.4548797602030414	(3, 1.26)	1	1	1
r5i1281p1f1	1858-08-13	3	1.322	1.422	0.818	2.062970828995383	1.6583142979861765	(3, 1.322)	1	1	1
r5i1281p1f1	1858-08-22	9	1.279	1.646	2.062	3.5704618421565946	4.037315551773878	(9, 1.279)	2	3	2
r5i1281p1f1	1859-08-12	3	1.347	1.64	0.892	2.0793437010668283	1.7289914617709292	(3, 1.347)	1	3	3
r5i1281p1f1	1859-08-24	4	1.248	1.41	0.792	2.39643966846567	1.9927937349541638	(4, 1.248)	1	1	1
r5i1281p1f1	1860-07-12	3	1.019	1.067	-0.091	1.839736496341625	-0.6402698952346586	(3, 1.019)	1	1	1
r5i1281p1f1	1861-06-08	3	1.26	1.451	0.632	2.021170280523964	1.4548797602030414	(3, 1.26)	1	1	1
r5i1281p1f1	1861-06-15	6	1.174	1.31	0.749	2.9043955054327584	2.4855736692866586	(6, 1.174)	1	1	1
r5i1281p1f1	1861-06-26	4	1.274	1.409	0.896	2.41519923736318	2.1002240808623647	(4, 1.274)	1	1	1
r5i1281p1f1	1861-07-19	3	1.28	1.616	0.692	2.034846174051035	1.525129238362278	(3, 1.28)	1	1	1
r5i1281p1f1	1861-07-26	3	1.364	1.535	0.942	2.090326077682387	1.7740664640856596	(3, 1.364)	1	1	3
r5i1281p1f1	1861-08-24	8	1.335	1.585	2.28	3.4406617091226934	3.9625356995786305	(8, 1.335)	2	3	2
r5i1281p1f1	1862-06-27	3	1.139	1.193	0.269	1.9341870743280345	0.874537054183594	(3, 1.139)	1	1	1
r5i1281p1f1	1862-07-02	6	1.295	1.584	1.47	2.997357716876213	3.118148980769016	(6, 1.295)	1	3	3
r5i1281p1f1	1864-07-20	3	1.132	1.179	0.247	1.9289157796740044	0.825687303217429	(3, 1.132)	1	1	1
r5i1281p1f1	1865-06-30	3	1.306	1.375	0.768	2.052349733401824	1.6075651720777713	(3, 1.306)	1	1	1
r5i1281p1f1	1865-07-05	4	1.135	1.167	0.343	2.3105532626432224	1.3201545586153456	(4, 1.135)	1	1	1
r5i1281p1f1	1866-06-02	3	1.269	1.341	0.659	2.0273475879573266	1.4871040378774207	(3, 1.269)	1	1	1
r5i1281p1f1	1866-08-02	5	1.381	1.676	1.655	2.7997203935551553	2.9705920146177442	(5, 1.381)	2	3	3
r5i1281p1f1	1866-08-10	7	1.547	1.911	3.48	3.38949048752107	4.181294161349167	(7, 1.547)	2	2	0
r5i1281p1f1	1867-06-18	4	1.32	1.438	1.082	2.4475508632442313	2.2675794837952306	(4, 1.32)	1	1	1
r5i1281p1f1	1868-06-28	3	1.228	1.307	0.536	1.9988922189911715	1.331082266299207	(3, 1.228)	1	1	1
r5i1281p1f1	1868-08-14	3	1.302	1.446	0.757	2.049676739221073	1.5960461180986638	(3, 1.302)	1	1	1
r5i1281p1f1	1870-08-29	5	1.389	1.603	1.7	2.8051461856340905	2.9960611099187973	(5, 1.389)	2	3	3
r5i1281p1f1	1871-06-01	6	1.485	1.683	2.615	3.127854393979432	3.674590198850553	(6, 1.485)	2	3	3
r5i1281p1f1	1871-07-03	14	1.424	2.057	5.241	4.325372703802951	5.618734148156643	(14, 1.424)	0	0	4
r5i1281p1f1	1871-07-22	16	1.675	2.122	10.006	4.6839813664123815	6.463628341516045	(16, 1.675)	0	0	4
r5i1281p1f1	1871-08-22	5	1.158	1.257	0.54	2.635252499687377	1.9512364447319959	(5, 1.158)	1	1	1
r5i1281p1f1	1874-06-10	4	1.656	1.827	2.427	2.6566165459873603	3.0163189071623795	(4, 1.656)	2	2	0
r5i1281p1f1	1874-07-12	8	1.361	1.564	2.494	3.4593378077665227	4.0506151855143715	(8, 1.361)	2	3	2
r5i1281p1f1	1874-08-09	4	1.408	1.75	1.435	2.506668141569513	2.5241273629412815	(4, 1.408)	2	3	3
r5i1281p1f1	1874-08-22	4	1.285	1.422	0.94	2.423031246069913	2.1424163408412245	(4, 1.285)	1	1	1
r5i1281p1f1	1875-07-24	4	1.483	1.73	1.733	2.5544327124366104	2.698942182071483	(4, 1.483)	2	3	3
r5i1281p1f1	1875-08-08	3	1.313	1.48	0.79	2.057010349436034	1.6302126972159934	(3, 1.313)	1	1	1
r5i1281p1f1	1878-06-20	4	1.311	1.469	1.044	2.4413030123058683	2.2355902241697674	(4, 1.311)	1	1	1
r5i1281p1f1	1880-06-16	5	1.365	1.578	1.577	2.788779684979346	2.924848114848875	(5, 1.365)	1	3	3
r5i1281p1f1	1881-06-28	6	1.294	1.453	1.464	2.9966237941797833	3.1142402863779064	(6, 1.294)	1	3	1
r5i1281p1f1	1881-07-11	3	1.492	1.708	1.326	2.169357587297304	2.0656085698259683	(3, 1.492)	2	3	3
r5i1281p1f1	1881-08-08	10	1.536	1.881	4.86	3.903437956329316	5.041401744081538	(10, 1.536)	0	0	2
r5i1281p1f1	1882-07-04	3	1.094	1.188	0.134	1.8998049895985742	0.5284402265182326	(3, 1.094)	1	1	1
r5i1281p1f1	1882-07-23	3	1.435	1.497	1.156	2.134932860799873	1.9468742842202946	(3, 1.435)	1	3	3
r5i1281p1f1	1883-06-30	6	1.305	1.618	1.532	3.0046674698270235	3.157668696343347	(6, 1.305)	1	3	3
r5i1281p1f1	1887-06-13	6	1.339	1.638	1.734	3.0291283928737256	3.2765593271063818	(6, 1.339)	2	3	3
r5i1281p1f1	1887-07-10	11	1.539	1.99	5.386	4.045629364071361	5.285722140304182	(11, 1.539)	0	0	4
r5i1281p1f1	1887-08-07	11	1.864	2.12	8.954	4.234165556497823	5.791999808385912	(11, 1.864)	0	0	4
r5i1281p1f1	1887-08-21	5	1.26	1.417	1.052	2.7138485752091657	2.546449874003082	(5, 1.26)	1	1	1
r5i1281p1f1	1889-06-20	3	1.226	1.388	0.529	1.9974832224048533	1.3214263541376352	(3, 1.226)	1	1	1
r5i1281p1f1	1889-07-08	3	1.234	1.246	0.554	2.0031073361399168	1.3554919097284417	(3, 1.234)	1	1	1
r5i1281p1f1	1891-07-31	3	1.46	1.77	1.231	2.1501775224031414	2.0010019984654726	(3, 1.46)	2	3	3
r5i1281p1f1	1891-08-07	6	1.23	1.549	1.085	2.9484957027744754	2.830042334982768	(6, 1.23)	1	1	1
r5i1281p1f1	1892-08-21	3	1.441	1.742	1.173	2.1386128304038983	1.959402543353941	(3, 1.441)	2	3	3
r5i1281p1f1	1893-06-27	3	1.295	1.474	0.736	2.044981737754121	1.573679779711439	(3, 1.295)	1	1	1
r5i1281p1f1	1893-08-23	3	1.266	1.43	0.65	2.025292722467937	1.4764775738150402	(3, 1.266)	1	1	1
r5i1281p1f1	1895-06-06	3	1.279	1.439	0.69	2.034166803163775	1.5228653856812704	(3, 1.279)	1	1	1
r5i1281p1f1	1895-07-17	4	1.708	2.039	2.633	2.6853955105374037	3.093947321050946	(4, 1.708)	2	2	0
r5i1281p1f1	1896-07-27	4	1.66	1.816	2.441	2.658859956911438	3.0217898078732803	(4, 1.66)	2	2	0
r5i1281p1f1	1897-08-04	4	1.632	1.865	2.331	2.643049350884796	2.977975551964732	(4, 1.632)	2	2	0
r5i1281p1f1	1900-07-07	5	1.494	1.983	2.222	2.8737582813906437	3.2520287519552844	(5, 1.494)	2	2	0
r5i1281p1f1	1902-06-13	4	1.364	1.489	1.256	2.477546295381708	2.402249416106991	(4, 1.364)	1	3	3
r5i1281p1f1	1902-07-07	5	1.559	1.981	2.549	2.913987904291682	3.3843457326334434	(5, 1.559)	2	2	0
r5i1281p1f1	1904-06-07	7	1.217	1.437	1.175	3.1586652226395953	3.1250619245534623	(7, 1.217)	1	1	1
r5i1281p1f1	1904-08-12	3	1.459	1.642	1.227	2.149572177219438	1.9981879688569144	(3, 1.459)	2	3	3
r5i1281p1f1	1904-08-28	3	1.433	1.734	1.151	2.133703188727767	1.9431594319473882	(3, 1.433)	2	3	3
r5i1281p1f1	1905-08-17	3	1.504	1.658	1.363	2.1764563182594565	2.089683383523351	(3, 1.504)	2	3	3
r5i1281p1f1	1907-07-15	6	1.56	1.931	3.06	3.1750168898610367	3.828046255895432	(6, 1.56)	2	2	0
r5i1281p1f1	1907-08-23	3	1.659	1.821	1.827	2.2638875973427233	2.3507436745462087	(3, 1.659)	2	2	0
r5i1281p1f1	1909-08-30	3	1.225	1.296	0.525	1.9967779789349385	1.3158665378822105	(3, 1.225)	1	1	1
r5i1281p1f1	1910-07-24	5	1.321	2.002	1.355	2.7580605089354964	2.781880454306518	(5, 1.321)	2	3	3
r5i1281p1f1	1910-08-19	5	1.266	1.44	1.081	2.7182849995812974	2.5715389382816234	(5, 1.266)	1	1	1
r5i1281p1f1	1911-07-26	7	1.304	1.601	1.784	3.224874515389666	3.527540486204494	(7, 1.304)	1	3	2
r5i1281p1f1	1911-08-07	3	1.345	1.441	0.886	2.0780436912094906	1.7234433412910362	(3, 1.345)	1	1	1
r5i1281p1f1	1915-06-06	4	1.685	1.952	2.544	2.6727683869575705	3.0611454121022232	(4, 1.685)	2	2	0
r5i1281p1f1	1915-06-12	4	1.549	1.799	1.997	2.5946575137471193	2.831800581871627	(4, 1.549)	2	3	3
r5i1281p1f1	1915-07-11	3	1.458	1.608	1.225	2.1489664653709726	1.9967779789349385	(3, 1.458)	2	3	3
r5i1281p1f1	1915-08-22	6	1.465	1.862	2.491	3.11489279732958	3.627271931949546	(6, 1.465)	2	3	3
r5i1281p1f1	1917-07-15	9	1.938	2.453	7.999	3.9764240171117256	5.379772921836023	(9, 1.938)	0	0	4
r5i1281p1f1	1920-06-07	8	1.359	1.626	2.479	3.457913503083175	4.044687940701302	(8, 1.359)	2	3	2
r5i1281p1f1	1920-06-28	3	1.289	1.505	0.717	2.0409398314549385	1.5530032738697626	(3, 1.289)	1	1	1
r5i1281p1f1	1920-08-06	7	1.267	1.462	1.52	3.197250407113964	3.3724821491229218	(7, 1.267)	1	3	1
r5i1281p1f1	1922-07-02	3	1.314	1.564	0.792	2.057674382091276	1.6322463547550794	(3, 1.314)	1	1	3
r5i1281p1f1	1922-07-25	5	1.49	1.646	2.201	2.87122894404304	3.24290199464992	(5, 1.49)	2	3	3
r5i1281p1f1	1923-07-11	5	1.437	1.549	1.936	2.8370968768031672	3.1199451720303606	(5, 1.437)	2	3	3
r5i1281p1f1	1923-08-13	3	1.411	1.616	1.086	2.1200760468377458	1.8935669098428978	(3, 1.411)	1	3	3
r5i1281p1f1	1924-08-07	5	1.285	1.43	1.176	2.7322052224153808	2.649578905176584	(5, 1.285)	1	1	1
r5i1281p1f1	1927-06-11	6	1.5	1.932	2.704	3.137466516840404	3.707223213537379	(6, 1.5)	2	2	0
r5i1281p1f1	1929-06-23	5	1.263	1.457	1.067	2.716069247625865	2.559505540585122	(5, 1.263)	1	1	1
r5i1281p1f1	1929-07-07	4	1.308	1.67	1.033	2.4392116905258705	2.2261359208306395	(4, 1.308)	1	3	3
r5i1281p1f1	1929-07-26	8	1.669	2.079	4.953	3.6575218785166643	4.728038902206546	(8, 1.669)	0	0	0
r5i1281p1f1	1929-08-14	3	1.223	1.522	0.52	1.9953659981339325	1.3088730142073226	(3, 1.223)	1	1	1
r5i1281p1f1	1932-06-16	3	1.287	1.478	0.711	2.039588890738971	1.5463840214970004	(3, 1.287)	1	1	1
r5i1281p1f1	1932-06-21	8	1.439	1.643	3.112	3.5133603002294103	4.2685292389036045	(8, 1.439)	2	3	2
r5i1281p1f1	1932-07-30	5	1.256	1.653	1.032	2.710879986726104	2.5287728670685308	(5, 1.256)	1	3	3
r5i1281p1f1	1935-08-10	7	1.093	1.191	0.302	3.0560106368865902	1.8860264189343967	(7, 1.093)	1	1	1
r5i1281p1f1	1937-06-13	7	1.237	1.38	1.312	3.174278404158264	3.23074826928953	(7, 1.237)	1	1	1
r5i1281p1f1	1938-07-04	6	1.198	1.397	0.891	2.92353421403142	2.6458181497446063	(6, 1.198)	1	1	1
r5i1281p1f1	1939-07-19	6	1.246	1.508	1.181	2.960746616364451	2.910015566337376	(6, 1.246)	1	1	1
r5i1281p1f1	1940-08-12	5	1.286	1.457	1.183	2.7329325254733114	2.6550953226207787	(5, 1.286)	1	1	1
r5i1281p1f1	1941-07-20	3	1.327	1.613	0.832	2.0662669193286147	1.672074403801572	(3, 1.327)	1	1	3
r5i1281p1f1	1944-06-15	6	1.283	1.376	1.404	2.9885148928055028	3.074289336351426	(6, 1.283)	1	1	1
r5i1281p1f1	1944-07-09	10	1.614	1.911	5.645	3.9519965396620087	5.19023411380619	(10, 1.614)	0	0	4
r5i1281p1f1	1945-06-10	3	1.264	1.454	0.643	2.0239204625683063	1.4681337632632208	(3, 1.264)	1	1	1
r5i1281p1f1	1945-08-20	3	1.225	1.4	0.527	1.9967779789349385	1.3186503099495455	(3, 1.225)	1	1	1
r5i1281p1f1	1946-06-15	5	1.429	1.554	1.895	2.8318421514150005	3.099494997328412	(5, 1.429)	2	3	3
r5i1281p1f1	1946-08-24	3	1.3	1.484	0.751	2.0483375580106298	1.5897066183619926	(3, 1.3)	1	1	1
r5i1281p1f1	1947-06-15	9	1.383	1.793	3.005	3.6465198196978066	4.408364234993163	(9, 1.383)	2	3	2
r5i1281p1f1	1948-07-26	3	1.364	1.563	0.944	2.090326077682387	1.7758278805804821	(3, 1.364)	1	3	3
r5i1281p1f1	1948-08-02	3	1.465	1.609	1.246	2.153198763849829	2.011484640358179	(3, 1.465)	2	3	3
r5i1281p1f1	1949-07-15	5	1.409	1.616	1.796	2.818583250202954	3.0483195262188634	(5, 1.409)	2	3	3
r5i1281p1f1	1950-07-19	5	1.424	1.738	1.871	2.8285438707677337	3.0873271934790196	(5, 1.424)	2	3	3
r5i1281p1f1	1950-08-25	7	1.414	1.74	2.553	3.3027626964911185	3.8770634117413403	(7, 1.414)	2	3	2
r5i1281p1f1	1951-05-31	4	1.172	1.356	0.488	2.3394954470141425	1.5900511986339103	(4, 1.172)	1	1	1
r5i1281p1f1	1951-06-26	8	1.366	1.553	2.532	3.462889719360441	4.065475495958409	(8, 1.366)	2	3	2
r5i1281p1f1	1953-06-16	7	1.284	1.558	1.641	3.2100373920946708	3.4465449701428206	(7, 1.284)	1	3	2
r5i1281p1f1	1953-08-13	6	1.212	1.679	0.973	2.934531610738504	2.727860744600272	(6, 1.212)	1	3	1
r5i1281p1f1	1954-08-10	6	1.622	1.816	3.432	3.2123922187163214	3.9404139956229773	(6, 1.622)	2	2	0
r5i1281p1f1	1954-08-28	4	1.267	1.435	0.87	2.410183103592064	2.0744289998562917	(4, 1.267)	1	1	1
r5i1281p1f1	1955-07-08	3	1.735	1.915	2.055	2.3041163653375025	2.457714713102483	(3, 1.735)	2	2	0
r5i1281p1f1	1958-07-15	5	1.818	2.13	3.84	3.059920323071359	3.7826544827217736	(5, 1.818)	2	2	0
r5i1281p1f1	1958-08-10	4	1.134	1.444	0.336	2.309759296742046	1.3050843056943475	(4, 1.134)	1	1	1
r5i1281p1f1	1960-06-16	5	1.4	1.789	1.751	2.812558904620976	3.0241630195370495	(5, 1.4)	2	3	3
r5i1281p1f1	1961-06-01	4	1.282	1.491	0.93	2.420901319812088	2.1329823086078656	(4, 1.282)	1	1	1
r5i1281p1f1	1961-07-23	4	1.423	1.693	1.495	2.5164053168473712	2.561867690924129	(4, 1.423)	2	3	3
r5i1281p1f1	1961-08-15	3	1.309	1.449	0.78	2.054349800617799	1.6199819065811056	(3, 1.309)	1	1	1
r5i1281p1f1	1963-08-20	4	1.551	1.642	2.004	2.595851543739727	2.835093927591178	(4, 1.551)	2	3	3
r5i1281p1f1	1963-08-29	5	1.612	2.126	2.813	2.9456334181005945	3.479709568024786	(5, 1.612)	2	2	0
r5i1281p1f1	1964-06-26	7	1.367	1.793	2.219	3.270222501062846	3.739963535593692	(7, 1.367)	2	3	2
r5i1281p1f1	1964-08-30	3	1.15	1.152	0.3	1.9424148026019987	0.9395562688468609	(3, 1.15)	1	1	1
r5i1281p1f1	1965-07-24	5	1.692	2.124	3.214	2.991580421012457	3.609122041530471	(5, 1.692)	2	2	0
r5i1281p1f1	1967-07-06	4	1.148	1.202	0.392	2.3208178612551054	1.419729137206128	(4, 1.148)	1	1	1
r5i1281p1f1	1967-07-26	5	1.54	1.83	2.451	2.9023949348893647	3.346495233351579	(5, 1.54)	2	3	0
r5i1281p1f1	1968-08-16	3	1.256	1.43	0.618	2.0184125141151683	1.4377529136943206	(3, 1.256)	1	1	1
r5i1281p1f1	1969-06-08	5	1.31	1.486	1.303	2.7502309682406123	2.7452164253281373	(5, 1.31)	1	3	1
r5i1281p1f1	1969-06-28	3	1.116	1.202	0.2	1.9167617321445913	0.7125725232330974	(3, 1.116)	1	1	1
r5i1281p1f1	1970-06-16	3	1.389	1.477	1.019	2.106260637450084	1.839736496341625	(3, 1.389)	1	1	3
r5i1281p1f1	1970-08-08	3	1.447	1.622	1.192	2.1422793074686015	1.9732214466709417	(3, 1.447)	2	3	3
r5i1281p1f1	1971-06-28	4	1.303	1.417	1.015	2.4357164055972285	2.21046980408624	(4, 1.303)	1	1	1
r5i1281p1f1	1971-08-11	3	1.324	1.572	0.823	2.0642905691200095	1.6632503853637837	(3, 1.324)	1	1	3
r5i1281p1f1	1972-08-22	4	1.246	1.336	0.786	2.394981942260013	1.9862291599576571	(4, 1.246)	1	1	1
r5i1281p1f1	1973-08-22	5	1.441	1.787	1.955	2.839713921088169	3.129282112011033	(5, 1.441)	2	3	3
r5i1281p1f1	1976-07-02	9	1.359	1.494	2.787	3.6294744008213966	4.334004300647424	(9, 1.359)	2	3	2
r5i1281p1f1	1977-07-09	4	1.183	1.267	0.535	2.3479407947148427	1.66392609771817	(4, 1.183)	1	1	1
r5i1281p1f1	1977-08-09	3	1.697	2.088	1.941	2.2842042619223974	2.4056588627629525	(3, 1.697)	2	2	0
r5i1281p1f1	1979-06-19	10	1.501	1.774	4.513	3.880858140347884	4.967822366228657	(10, 1.501)	0	0	2
r5i1281p1f1	1979-07-31	5	1.617	1.817	2.836	2.948567791147106	3.487602694838924	(5, 1.617)	2	2	0
r5i1281p1f1	1980-06-18	4	1.289	1.525	0.959	2.425864109154217	2.1600994446972903	(4, 1.289)	1	1	1
r5i1281p1f1	1982-06-04	6	1.237	1.431	1.125	2.9538739542626247	2.864145033484506	(6, 1.237)	1	1	1
r5i1281p1f1	1983-08-19	6	1.512	1.791	2.774	3.145090241515181	3.732161794193524	(6, 1.512)	2	3	3
r5i1281p1f1	1984-06-08	3	1.358	1.475	0.926	2.086463702251958	1.759862311451134	(3, 1.358)	1	1	3
r5i1281p1f1	1984-07-12	6	1.774	2.208	4.344	3.2985136070819023	4.171976684551089	(6, 1.774)	0	2	0
r5i1281p1f1	1985-06-26	5	1.5	1.805	2.25	2.8775403323148376	3.2640696154267657	(5, 1.5)	2	3	3
r5i1281p1f1	1987-08-08	3	1.213	1.446	0.491	1.9882760330494176	1.2673167859082781	(3, 1.213)	1	1	1
r5i1281p1f1	1987-08-25	7	1.651	2.081	4.21	3.452427357607629	4.36907172018211	(7, 1.651)	0	2	0
r5i1281p1f1	1988-06-23	3	1.2	1.341	0.451	1.9789832829743619	1.2070076174108926	(3, 1.2)	1	1	1
r5i1281p1f1	1989-08-03	3	1.649	1.79	1.798	2.2584717864859254	2.336279221908344	(3, 1.649)	2	2	3
r5i1281p1f1	1990-06-25	3	1.302	1.465	0.757	2.049676739221073	1.5960461180986638	(3, 1.302)	1	1	1
r5i1281p1f1	1992-06-10	8	1.372	1.67	2.58	3.4671354267969337	4.083936180034585	(8, 1.372)	2	3	2
r5i1281p1f1	1992-06-28	9	1.413	1.808	3.269	3.6674259648947642	4.491587068315919	(9, 1.413)	2	3	2
r5i1281p1f1	1992-07-24	11	1.634	2.174	6.424	4.10450962219503	5.461141639712803	(11, 1.634)	0	0	4
r5i1281p1f1	1994-06-05	3	1.402	1.637	1.058	2.114447338462442	1.871421991289987	(3, 1.402)	1	3	3
r5i1281p1f1	1997-06-10	4	1.252	1.357	0.811	2.399348761426354	2.013301739175291	(4, 1.252)	1	1	1
r5i1281p1f1	1997-07-08	5	1.314	1.447	1.32	2.7530851717417453	2.7573512602345582	(5, 1.314)	1	1	1
r5i1281p1f1	1997-08-27	4	1.284	1.539	0.939	2.422321774596379	2.1414769325992884	(4, 1.284)	1	1	1
r5i1281p1f1	1998-08-12	4	1.326	1.468	1.105	2.451694515581887	2.286455711064162	(4, 1.326)	1	1	1
r5i1281p1f1	1999-06-25	3	1.116	1.275	0.199	1.9167617321445913	0.7100211765982832	(3, 1.116)	1	1	1
r5i1281p1f1	2002-07-26	3	1.31	1.563	0.781	2.055015601727822	1.621009708622122	(3, 1.31)	1	1	3
r5i1281p1f1	2002-08-29	4	1.428	1.592	1.515	2.519630085846386	2.574137783515943	(4, 1.428)	2	3	3
r5i1281p1f1	2004-06-30	5	1.422	1.544	1.862	2.8272215064453143	3.0827258236170283	(5, 1.422)	2	3	3
r5i1281p1f1	2004-07-16	19	1.505	2.235	8.651	4.833442286109518	6.575728152833761	(19, 1.505)	0	0	4
r5i1281p1f1	2007-07-18	4	1.425	1.602	1.502	2.517696472610991	2.566179369916737	(4, 1.425)	2	3	3
r5i1281p1f1	2007-08-16	8	1.632	1.945	4.656	3.6356881633725897	4.666766133961993	(8, 1.632)	0	0	0
r5i1281p1f1	2009-07-29	5	1.529	1.69	2.399	2.8956212710590035	3.325813969458773	(5, 1.529)	2	3	3
r5i1301p1f1	1851-06-23	6	1.453	1.935	2.421	3.107034423681403	3.599536852940666	(6, 1.453)	2	3	3
r5i1301p1f1	1852-07-31	5	1.396	1.681	1.735	2.8098697238147503	3.0154314496566665	(5, 1.396)	2	3	3
r5i1301p1f1	1852-08-07	7	1.526	1.77	3.336	3.3762868584113725	4.1396936478401685	(7, 1.526)	2	2	2
r5i1301p1f1	1852-08-23	10	1.339	1.67	2.9	3.7691428575013344	4.529433757871994	(10, 1.339)	2	3	2
r5i1301p1f1	1853-07-13	3	1.443	1.615	1.183	2.1398364837060835	1.9666994485426734	(3, 1.443)	2	3	3
r5i1301p1f1	1854-07-23	4	1.162	1.199	0.453	2.3317554702938255	1.5312601313700764	(4, 1.162)	1	1	1
r5i1301p1f1	1855-08-17	9	1.436	1.779	3.482	3.683163147117827	4.554024249163935	(9, 1.436)	2	3	2
r5i1301p1f1	1856-06-05	3	1.41	1.577	1.083	2.119452197075461	1.891217560871479	(3, 1.41)	1	3	3
r5i1301p1f1	1858-06-09	7	1.534	1.702	3.395	3.3813373903798873	4.156948086013136	(7, 1.534)	2	3	2
r5i1301p1f1	1858-07-08	3	1.403	1.515	1.061	2.1150743173498676	1.8738182540964106	(3, 1.403)	1	3	3
r5i1301p1f1	1859-07-05	4	1.685	2.073	2.545	2.6727683869575705	3.061520014091994	(4, 1.685)	2	2	0
r5i1301p1f1	1859-08-15	5	1.24	1.501	0.954	2.698916714880855	2.456682421627354	(5, 1.24)	1	1	1
r5i1301p1f1	1860-07-16	11	1.563	2.298	5.653	4.060834830681442	5.33386634394271	(11, 1.563)	0	0	4
r5i1301p1f1	1860-08-26	3	1.704	2.122	1.964	2.2879021977606966	2.4163818257315293	(3, 1.704)	2	2	0
r5i1301p1f1	1862-07-10	4	1.303	1.362	1.016	2.4357164055972285	2.2113466125597747	(4, 1.303)	1	1	1
r5i1301p1f1	1863-07-05	3	1.121	1.238	0.216	1.9205757645020043	0.7525328814917481	(3, 1.121)	1	1	1
r5i1301p1f1	1865-07-13	3	1.333	1.398	0.853	2.070207940322535	1.6923659335664056	(3, 1.333)	1	1	1
r5i1301p1f1	1865-08-07	3	1.568	1.947	1.558	2.2134879421592317	2.2077913820002038	(3, 1.568)	2	2	3
r5i1301p1f1	1867-06-04	3	1.167	1.308	0.354	1.9549987051934683	1.0436061303477935	(3, 1.167)	1	1	1
r5i1301p1f1	1867-06-27	4	1.239	1.453	0.761	2.3898631011011062	1.9584032133027798	(4, 1.239)	1	1	1
r5i1301p1f1	1867-07-23	6	1.649	1.952	3.601	3.228241886657427	3.9875696279044104	(6, 1.649)	2	2	0
r5i1301p1f1	1868-06-17	4	1.602	1.95	2.212	2.6258273408443777	2.9283095972365567	(4, 1.602)	2	2	0
r5i1301p1f1	1868-06-26	3	1.374	1.528	0.975	2.0967304028960037	1.8027403929532473	(3, 1.374)	1	1	3
r5i1301p1f1	1869-06-14	6	1.22	1.37	1.028	2.9407619596913412	2.779344148720799	(6, 1.22)	1	1	1
r5i1301p1f1	1869-08-02	4	1.457	1.839	1.631	2.538131411025298	2.642480036892761	(4, 1.457)	2	3	3
r5i1301p1f1	1872-08-16	5	1.435	1.635	1.931	2.8357857818263104	3.1174735239217775	(5, 1.435)	2	3	3
r5i1301p1f1	1874-07-06	12	1.898	2.418	10.19	4.380755557026566	6.051124811137459	(12, 1.898)	0	0	4
r5i1301p1f1	1874-08-17	3	1.547	1.798	1.495	2.2014874558921855	2.1711369998729504	(3, 1.547)	2	3	3
r5i1301p1f1	1874-08-24	7	1.696	2.133	4.531	3.478478111351675	4.441654222358529	(7, 1.696)	0	2	0
r5i1301p1f1	1877-06-08	3	1.477	1.59	1.285	2.1604127176168655	2.03823612251305	(3, 1.477)	2	3	3
r5i1301p1f1	1879-07-04	10	1.404	1.956	3.55	3.8154763852191373	4.729693626752546	(10, 1.404)	0	0	2
r5i1301p1f1	1879-07-23	4	1.275	1.384	0.906	2.4159137783010487	2.1099707467146587	(4, 1.275)	1	1	1
r5i1301p1f1	1882-06-16	6	1.252	1.431	1.216	2.9653022897550105	2.937651637363084	(6, 1.252)	1	1	1
r5i1301p1f1	1882-07-11	10	1.432	2.442	3.829	3.834792355572855	4.804706151042254	(10, 1.432)	0	0	4
r5i1301p1f1	1882-08-09	3	1.242	1.355	0.58	2.008699996037192	1.3897305519407763	(3, 1.242)	1	1	1
r5i1301p1f1	1882-08-24	3	1.223	1.284	0.522	1.9953659981339325	1.3116762955279377	(3, 1.223)	1	1	1
r5i1301p1f1	1883-05-30	6	1.388	1.774	2.033	3.0633605747401496	3.430072321724199	(6, 1.388)	2	3	3
r5i1301p1f1	1883-06-18	9	1.777	2.227	6.554	3.891391634819073	5.181547567394132	(9, 1.777)	0	0	4
r5i1301p1f1	1883-07-10	6	1.421	1.543	2.235	3.0857717487924132	3.5218697931444582	(6, 1.421)	2	3	3
r5i1301p1f1	1883-08-12	12	1.992	2.483	11.32	4.428503231851042	6.156053904016617	(12, 1.992)	0	0	4
r5i1301p1f1	1884-07-20	4	1.412	1.698	1.453	2.5092740062362946	2.5355997641035186	(4, 1.412)	2	3	3
r5i1301p1f1	1885-06-01	5	1.125	1.178	0.382	2.6084421728161775	1.6621991978300779	(5, 1.125)	1	1	1
r5i1301p1f1	1888-07-25	7	1.331	1.888	1.977	3.2445616987502897	3.6273910072689888	(7, 1.331)	2	3	2
r5i1301p1f1	1888-08-19	5	1.408	1.708	1.794	2.8179156679086597	3.047258204392807	(5, 1.408)	2	3	3
r5i1301p1f1	1889-06-23	5	1.205	1.406	0.782	2.6722371384416257	2.2765517256760934	(5, 1.205)	1	1	1
r5i1301p1f1	1889-08-22	5	1.56	1.91	2.553	2.914594353514609	3.385860630395109	(5, 1.56)	2	2	0
r5i1301p1f1	1892-08-13	5	1.666	2.015	3.084	2.97687795535181	3.568973898496847	(5, 1.666)	2	2	0
r5i1301p1f1	1892-08-20	5	1.28	1.428	1.153	2.7285607513564756	2.631236245249124	(5, 1.28)	1	1	1
r5i1301p1f1	1893-06-12	4	1.371	1.568	1.287	2.4822364212321215	2.4244486807508863	(4, 1.371)	1	3	3
r5i1301p1f1	1895-06-09	7	1.208	1.41	1.115	3.1515589660739396	3.07500956450283	(7, 1.208)	1	1	1
r5i1301p1f1	1895-08-01	4	1.522	1.843	1.891	2.5783969928753394	2.780556891888958	(4, 1.522)	2	3	3
r5i1301p1f1	1897-07-09	5	1.094	1.406	0.227	2.5825846178742236	1.2635438325674668	(5, 1.094)	1	1	1
r5i1301p1f1	1897-07-24	5	1.127	1.203	0.391	2.6100876641419672	1.6811095999429668	(5, 1.127)	1	1	1
r5i1301p1f1	1897-08-23	3	1.415	1.447	1.097	2.1225675612702424	1.9021342734584945	(3, 1.415)	1	1	3
r5i1301p1f1	1899-06-21	3	1.346	1.458	0.892	2.078693907391348	1.7289914617709292	(3, 1.346)	1	1	1
r5i1301p1f1	1899-07-17	3	1.535	1.889	1.458	2.1945648176264645	2.1489664653709726	(3, 1.535)	2	3	3
r5i1301p1f1	1899-08-01	7	1.79	2.318	5.19	3.5307995963901595	4.57594882165703	(7, 1.79)	0	2	0
r5i1301p1f1	1900-07-28	4	1.416	1.764	1.469	2.5118730980178148	2.545688122047859	(4, 1.416)	2	3	3
r5i1301p1f1	1900-08-09	3	1.117	1.173	0.204	1.9175257032512696	0.7227133100718068	(3, 1.117)	1	1	1
r5i1301p1f1	1900-08-14	4	1.368	1.462	1.276	2.4802290602368893	2.416627809034706	(4, 1.368)	1	3	3
r5i1301p1f1	1901-07-03	3	1.234	1.495	0.556	2.0031073361399168	1.3581676752688665	(3, 1.234)	1	1	1
r5i1301p1f1	1904-06-10	3	1.321	1.647	0.816	2.0623103052151466	1.65633302058119	(3, 1.321)	1	3	3
r5i1301p1f1	1905-08-20	11	1.586	2.268	5.903	4.075192936551558	5.376936280394855	(11, 1.586)	0	0	4
r5i1301p1f1	1906-07-31	3	1.115	1.205	0.197	1.9159971769397985	0.7048988717874869	(3, 1.115)	1	1	1
r5i1301p1f1	1907-07-09	10	2.168	2.544	11.189	4.2421635199724514	5.8716310439812	(10, 2.168)	0	0	4
r5i1301p1f1	1907-07-26	5	1.335	1.515	1.432	2.7679375315664663	2.8338159106469982	(5, 1.335)	1	3	3
r5i1301p1f1	1908-07-25	4	1.366	1.562	1.268	2.4788885774624374	2.4109012364775046	(4, 1.366)	1	3	3
r5i1301p1f1	1908-08-01	4	1.336	1.56	1.148	2.4585626744483986	2.3208178612551054	(4, 1.336)	1	3	3
r5i1301p1f1	1909-08-08	4	1.246	1.363	0.787	2.394981942260013	1.9873262527720303	(4, 1.246)	1	1	1
r5i1301p1f1	1910-06-11	6	1.601	1.819	3.314	3.1998886425487245	3.906118690122968	(6, 1.601)	2	2	0
r5i1301p1f1	1910-06-24	4	1.377	1.552	1.312	2.4862390950217788	2.441999148776724	(4, 1.377)	1	3	3
r5i1301p1f1	1911-08-27	3	1.526	1.827	1.43	2.1893412069611182	2.131855840787614	(3, 1.526)	2	3	3
r5i1301p1f1	1912-05-28	9	1.338	1.655	2.604	3.6143175327870316	4.267008523089615	(9, 1.338)	2	3	2
r5i1301p1f1	1912-07-19	5	1.43	1.75	1.905	2.832500504112271	3.1045215411736318	(5, 1.43)	2	3	3
r5i1301p1f1	1917-06-04	9	1.273	1.644	2.013	3.565892275365085	4.013694725838778	(9, 1.273)	2	3	2
r5i1301p1f1	1917-07-21	3	1.779	2.201	2.19	2.3266877911308126	2.516047840632158	(3, 1.779)	2	2	0
r5i1301p1f1	1917-07-31	3	1.183	1.321	0.402	1.9666994485426734	1.127799913270613	(3, 1.183)	1	1	1
r5i1301p1f1	1917-08-08	6	1.483	1.743	2.607	3.1265657683665555	3.6716040538812287	(6, 1.483)	2	3	3
r5i1301p1f1	1918-08-08	3	1.381	1.542	0.996	2.101189150752198	1.8205684456009843	(3, 1.381)	1	3	3
r5i1301p1f1	1919-08-17	5	1.556	1.914	2.537	2.912166346811434	3.3797872209921627	(5, 1.556)	2	2	0
r5i1301p1f1	1919-08-28	5	1.372	1.498	1.613	2.7935809802260967	2.9462209819577954	(5, 1.372)	1	3	3
r5i1301p1f1	1921-06-11	6	1.429	1.739	2.281	3.091129952013059	3.5416465261129306	(6, 1.429)	2	3	3
r5i1301p1f1	1921-08-18	6	1.614	2.166	3.393	3.2076473677917297	3.9292087250097616	(6, 1.614)	2	2	0
r5i1301p1f1	1925-07-09	5	1.287	1.639	1.189	2.7336592999459226	2.6597995801896714	(5, 1.287)	1	3	3
r5i1301p1f1	1926-08-13	4	1.752	2.024	2.813	2.7091162992842075	3.1571706194315214	(4, 1.752)	2	2	0
r5i1301p1f1	1927-06-27	3	1.835	2.207	2.357	2.3546973230505586	2.5837961178301367	(3, 1.835)	2	2	0
r5i1301p1f1	1927-07-22	5	1.478	1.759	2.146	2.8636023186694626	3.2185961617090144	(5, 1.478)	2	3	3
r5i1301p1f1	1928-07-20	10	1.644	2.043	5.953	3.9700625425914096	5.2430709483779205	(10, 1.644)	0	0	4
r5i1301p1f1	1928-08-27	3	1.203	1.269	0.463	1.9811354412044515	1.22548531356196	(3, 1.203)	1	1	1
r5i1301p1f1	1929-07-17	4	1.443	1.748	1.574	2.529242463608052	2.609481384369631	(4, 1.443)	2	3	3
r5i1301p1f1	1930-06-15	3	1.112	1.147	0.188	1.913699997788122	0.6815181524944838	(3, 1.112)	1	1	1
r5i1301p1f1	1930-06-22	4	1.587	1.962	2.153	2.6171038193993863	2.902739406704826	(4, 1.587)	2	2	0
r5i1301p1f1	1931-08-24	3	1.188	1.319	0.416	1.9703280309734539	1.151078041275708	(3, 1.188)	1	1	1
r5i1301p1f1	1932-07-26	5	1.254	1.394	1.026	2.7093923812369187	2.5234082522455497	(5, 1.254)	1	1	1
r5i1301p1f1	1933-06-01	3	1.524	1.716	1.425	2.1881766897282877	2.1287693234923526	(3, 1.524)	2	3	3
r5i1301p1f1	1933-08-19	5	1.393	1.862	1.719	2.807848081750575	3.0066229674050087	(5, 1.393)	2	3	3
r5i1301p1f1	1936-06-25	5	1.383	1.677	1.669	2.8010796039966817	2.9785854673249017	(5, 1.383)	2	3	3
r5i1301p1f1	1936-08-22	8	1.35	1.715	2.408	3.4514789077145642	4.016145517435585	(8, 1.35)	2	3	2
r5i1301p1f1	1937-06-11	6	1.323	1.434	1.644	3.0176918659770933	3.2253256528489307	(6, 1.323)	1	3	3
r5i1301p1f1	1939-07-09	4	1.243	1.409	0.778	2.392791360880195	1.9774088161146843	(4, 1.243)	1	1	1
r5i1301p1f1	1939-08-15	5	1.662	1.84	3.066	2.974596727860832	3.563285677811065	(5, 1.662)	2	2	0
r5i1301p1f1	1940-07-10	8	1.461	1.69	3.293	3.5280842215506034	4.3242926987364205	(8, 1.461)	2	3	2
r5i1301p1f1	1941-07-02	7	1.409	1.537	2.522	3.299350876521026	3.8651010616040384	(7, 1.409)	2	3	2
r5i1301p1f1	1941-07-26	5	1.571	1.935	2.61	2.921241133714952	3.407202220024617	(5, 1.571)	2	2	0
r5i1301p1f1	1943-06-19	3	1.669	1.953	1.859	2.269274235117258	2.366465336934557	(3, 1.669)	2	2	0
r5i1301p1f1	1943-07-19	3	1.55	1.647	1.503	2.203210653334806	2.1758666782488048	(3, 1.55)	2	3	3
r5i1301p1f1	1944-08-05	4	1.287	1.543	0.952	2.4244486807508863	2.1536209398540875	(4, 1.287)	1	1	1
r5i1301p1f1	1944-08-11	7	1.467	1.729	2.927	3.338229900046935	4.0111223357332095	(7, 1.467)	2	3	2
r5i1301p1f1	1947-06-07	3	1.476	1.583	1.28	2.159813538506554	2.034846174051035	(3, 1.476)	2	3	3
r5i1301p1f1	1947-07-23	3	1.183	1.265	0.402	1.9666994485426734	1.127799913270613	(3, 1.183)	1	1	1
r5i1301p1f1	1948-06-02	4	1.303	1.45	1.017	2.4357164055972285	2.2122226529136544	(4, 1.303)	1	1	1
r5i1301p1f1	1948-06-25	11	1.516	2.624	5.135	4.030837242617274	5.238246457596467	(11, 1.516)	0	0	4
r5i1301p1f1	1949-06-16	4	1.368	1.594	1.277	2.4802290602368893	2.417341330292234	(4, 1.368)	1	3	3
r5i1301p1f1	1951-08-22	3	1.267	1.411	0.654	2.0259781469017057	1.4812143931105761	(3, 1.267)	1	1	1
r5i1301p1f1	1952-07-15	3	1.328	1.494	0.838	2.066924835692335	1.677914120115881	(3, 1.328)	1	1	1
r5i1301p1f1	1953-06-12	3	1.334	1.517	0.854	2.0708632697743425	1.693322002202941	(3, 1.334)	1	1	3
r5i1301p1f1	1953-07-17	5	1.443	1.636	1.971	2.841019879358309	3.137077740546787	(5, 1.443)	2	3	3
r5i1301p1f1	1953-08-10	3	1.355	1.502	0.919	2.0845269058647236	1.7535839828892075	(3, 1.355)	1	1	3
r5i1301p1f1	1955-06-30	6	1.551	1.913	3.011	3.169473438275151	3.812257512688926	(6, 1.551)	2	2	0
r5i1301p1f1	1955-08-15	7	1.952	2.778	6.32	3.615005383067471	4.771091643329854	(7, 1.952)	0	0	4
r5i1301p1f1	1956-07-23	5	1.965	2.261	4.581	3.1341614969028995	3.9554107365024676	(5, 1.965)	0	2	0
r5i1301p1f1	1957-08-02	3	1.43	1.764	1.143	2.131855840787614	1.9371868138985564	(3, 1.43)	2	3	3
r5i1301p1f1	1960-07-01	9	1.314	1.548	2.385	3.596709339141806	4.180445802941116	(9, 1.314)	2	3	2
r5i1301p1f1	1960-08-30	3	1.17	1.308	0.363	1.9572030484955636	1.0599419115922148	(3, 1.17)	1	1	1
r5i1301p1f1	1962-08-10	3	1.846	1.999	2.392	2.3601081921581035	2.5974311870863596	(3, 1.846)	2	2	0
r5i1301p1f1	1963-06-08	3	1.652	1.743	1.808	2.2600996117206793	2.3412906331082506	(3, 1.652)	2	2	3
r5i1301p1f1	1963-08-06	4	1.572	1.873	2.093	2.608303527931925	2.8760474306080113	(4, 1.572)	2	2	0
r5i1301p1f1	1964-08-13	3	1.536	1.672	1.462	2.1951435380616515	2.151387114550056	(3, 1.536)	2	3	3
r5i1301p1f1	1967-06-16	3	1.273	1.401	0.673	2.030080856770745	1.5034128605724522	(3, 1.273)	1	1	1
r5i1301p1f1	1969-06-03	3	1.262	1.349	0.64	2.0225463169834965	1.4645364218009906	(3, 1.262)	1	1	1
r5i1301p1f1	1969-07-30	3	1.477	1.736	1.284	2.1604127176168655	2.0375590515374253	(3, 1.477)	2	3	3
r5i1301p1f1	1972-06-29	4	1.67	2.112	2.483	2.664446563620078	3.0380251857442424	(4, 1.67)	2	2	0
r5i1301p1f1	1973-06-06	3	1.327	1.486	0.834	2.0662669193286147	1.6740247675043176	(3, 1.327)	1	1	1
r5i1301p1f1	1973-07-24	3	1.333	1.566	0.852	2.070207940322535	1.6914089499878149	(3, 1.333)	1	1	3
r5i1301p1f1	1974-08-21	3	1.343	1.426	0.881	2.076741989126375	1.7187962772257745	(3, 1.343)	1	1	1
r5i1301p1f1	1978-06-15	3	1.138	1.149	0.266	1.9334357313176844	0.8680145842403707	(3, 1.138)	1	1	1
r5i1301p1f1	1978-07-22	3	1.494	1.538	1.336	2.17054421409027	2.0721726417133604	(3, 1.494)	2	3	3
r5i1301p1f1	1978-08-14	6	1.396	1.604	2.082	3.068839885200284	3.453126293119207	(6, 1.396)	2	3	3
r5i1301p1f1	1979-06-05	3	1.772	2.037	2.169	2.3231307866025848	2.5071943081465617	(3, 1.772)	2	2	0
r5i1301p1f1	1979-08-01	4	1.337	1.577	1.153	2.459246903007423	2.324737897635179	(4, 1.337)	1	3	3
r5i1301p1f1	1979-08-07	4	1.601	2.121	2.209	2.625248134341072	2.9270250755442	(4, 1.601)	2	2	0
r5i1301p1f1	1979-08-14	6	1.56	1.942	3.067	3.1750168898610367	3.8302815777581825	(6, 1.56)	2	2	0
r5i1301p1f1	1981-06-08	5	1.425	1.562	1.88	2.8292043977637307	3.0919074876763166	(5, 1.425)	2	3	3
r5i1301p1f1	1981-08-04	3	1.077	1.082	0.084	1.886502239488306	0.36219345138295556	(3, 1.077)	1	1	1
r5i1301p1f1	1981-08-09	6	1.067	1.13	0.107	2.8143083137971336	0.9449063379379605	(6, 1.067)	1	1	1
r5i1301p1f1	1982-07-09	3	1.364	1.452	0.945	2.090326077682387	1.776707426721953	(3, 1.364)	1	1	3
r5i1301p1f1	1985-06-14	3	1.244	1.346	0.585	2.0100932874778716	1.396182602739468	(3, 1.244)	1	1	1
r5i1301p1f1	1985-07-07	9	1.694	1.947	5.805	3.8445575382936146	5.060916409737018	(9, 1.694)	0	0	4
r5i1301p1f1	1986-08-07	3	1.108	1.122	0.177	1.9106288604174835	0.6521788101288601	(3, 1.108)	1	1	1
r5i1301p1f1	1987-06-13	3	1.216	1.3	0.501	1.9904083056570567	1.281842422518679	(3, 1.216)	1	1	1
r5i1301p1f1	1987-07-20	4	1.716	2.007	2.666	2.6897504439307767	3.105841496234021	(4, 1.716)	2	2	0
r5i1301p1f1	1987-08-07	11	1.66	2.074	6.725	4.120037790645524	5.5067424054988034	(11, 1.66)	0	0	4
r5i1301p1f1	1988-08-12	10	1.417	1.934	3.676	3.824490935328714	4.764268549711527	(10, 1.417)	0	0	2
r5i1301p1f1	1989-06-20	8	1.434	1.554	3.083	3.5099835024817447	4.259298484949955	(8, 1.434)	2	3	2
r5i1301p1f1	1989-06-30	3	1.172	1.316	0.37	1.958669915800558	1.0724655547928086	(3, 1.172)	1	1	1
r5i1301p1f1	1990-06-30	7	1.372	1.554	2.265	3.2737349864632734	3.759999093288038	(7, 1.372)	2	3	2
r5i1301p1f1	1991-06-01	6	1.557	1.823	3.05	3.1731724849881395	3.8248442462766965	(6, 1.557)	2	2	0
r5i1301p1f1	1994-06-02	5	1.16	1.44	0.556	2.636854495835966	1.9763380572110507	(5, 1.16)	1	1	1
r5i1301p1f1	1994-07-13	7	1.511	1.791	3.237	3.3667478045766037	4.110055151372094	(7, 1.511)	2	3	2
r5i1301p1f1	1996-06-17	5	1.536	1.721	2.433	2.8999370898501984	3.339384633650837	(5, 1.536)	2	3	3
r5i1301p1f1	1996-06-24	3	1.2	1.304	0.452	1.9789832829743619	1.2085605331056195	(3, 1.2)	1	1	1
r5i1301p1f1	1996-07-06	5	1.276	1.626	1.133	2.725635581039404	2.615007954378356	(5, 1.276)	1	3	3
r5i1301p1f1	1998-07-14	6	1.849	2.274	4.8	3.3384222543935063	4.270330879700332	(6, 1.849)	0	2	0
r5i1301p1f1	1998-08-22	3	1.178	1.232	0.388	1.9630576515367082	1.1039669733908037	(3, 1.178)	1	1	1
r5i1301p1f1	1999-06-07	6	1.218	1.28	1.015	2.9392080077898486	2.767412381420856	(6, 1.218)	1	1	1
r5i1301p1f1	1999-07-02	7	1.435	1.725	2.701	3.3169665687602983	3.932280823977659	(7, 1.435)	2	3	2
r5i1301p1f1	1999-08-07	6	1.882	2.386	4.996	3.3554897975997346	4.3098040604009595	(6, 1.882)	0	2	0
r5i1301p1f1	2000-06-28	6	1.198	1.35	0.894	2.92353421403142	2.648941390966355	(6, 1.198)	1	1	1
r5i1301p1f1	2000-07-22	6	1.54	2.077	2.944	3.1626561091831285	3.790257252644175	(6, 1.54)	2	2	0
r5i1301p1f1	2000-08-12	6	1.161	1.366	0.672	2.893873704928266	2.3865900307702694	(6, 1.161)	1	1	1
r5i1301p1f1	2001-05-31	3	1.242	1.356	0.579	2.008699996037192	1.3884351312223295	(3, 1.242)	1	1	1
r5i1301p1f1	2001-06-13	5	1.401	1.658	1.758	2.8132300713878053	3.0279592374640303	(5, 1.401)	2	3	3
r5i1301p1f1	2002-06-15	5	1.29	1.627	1.203	2.7358364595211517	2.6706908771584983	(5, 1.29)	1	3	3
r5i1301p1f1	2003-08-24	3	1.473	1.843	1.271	2.158013844065666	2.028715156208546	(3, 1.473)	2	3	3
r5i1301p1f1	2004-07-21	6	1.36	1.515	1.865	3.0439430461519064	3.346733811880502	(6, 1.36)	1	3	3
r5i1301p1f1	2004-07-29	4	1.491	1.686	1.767	2.5593955017787398	2.7170760123095223	(4, 1.491)	2	3	3
r5i1301p1f1	2006-07-16	3	1.486	1.9	1.311	2.165789234954754	2.0556809598416574	(3, 1.486)	2	3	3
r5i1301p1f1	2006-07-30	4	1.395	1.751	1.384	2.498151876538021	2.4908887214655477	(4, 1.395)	2	3	3
r5i1301p1f1	2009-06-19	5	1.552	1.904	2.515	2.909732430540327	3.3713755935619165	(5, 1.552)	2	2	0
r5i1301p1f1	2009-08-01	8	1.51	2.214	3.69	3.5601195076402834	4.436694357847014	(8, 1.51)	0	2	0
r5i1301p1f1	2010-06-28	5	1.191	1.267	0.711	2.661362761078819	2.191566563143242	(5, 1.191)	1	1	1
r6i1101p1f1	1851-06-07	3	1.142	1.2	0.305	1.9364377221875966	0.9496583834350669	(3, 1.142)	1	1	1
r6i1101p1f1	1851-08-21	4	1.264	1.33	0.896	2.4080256054520426	2.1002240808623647	(4, 1.264)	1	1	1
r6i1101p1f1	1852-08-01	3	1.657	1.894	1.849	2.2628067791105564	2.361578816638471	(3, 1.657)	2	2	0
r6i1101p1f1	1853-07-08	8	1.712	2.286	5.376	3.6823113789680644	4.809293952758405	(8, 1.712)	0	0	4
r6i1101p1f1	1853-07-22	5	1.25	1.363	1.047	2.706410514842709	2.542059830547561	(5, 1.25)	1	1	1
r6i1101p1f1	1853-07-30	7	1.41	1.622	2.587	3.3000341723917663	3.8900209351678354	(7, 1.41)	2	3	2
r6i1101p1f1	1854-06-16	5	1.449	1.678	2.044	2.8449275520837807	3.171893843612292	(5, 1.449)	2	3	3
r6i1101p1f1	1858-07-03	3	1.217	1.246	0.53	1.9911180540358446	1.3228114916618343	(3, 1.217)	1	1	1
r6i1101p1f1	1858-07-14	3	1.233	1.343	0.577	2.0024060492939144	1.3858392445454837	(3, 1.233)	1	1	1
r6i1101p1f1	1859-06-16	10	1.577	1.986	5.368	3.9292560341486347	5.140206734436367	(10, 1.577)	0	0	4
r6i1101p1f1	1860-06-19	3	1.286	1.364	0.737	2.038912735373727	1.574756263914007	(3, 1.286)	1	1	1
r6i1101p1f1	1860-08-22	4	1.26	1.434	0.878	2.4051416813191375	2.0824370506596344	(4, 1.26)	1	1	1
r6i1101p1f1	1861-06-14	4	1.348	1.572	1.229	2.4667426791603293	2.3825047161699193	(4, 1.348)	1	3	3
r6i1101p1f1	1862-08-17	4	1.549	1.829	2.036	2.5946575137471193	2.850012619204585	(4, 1.549)	2	3	3
r6i1101p1f1	1864-08-06	3	1.437	1.541	1.189	2.13616102263548	1.9710521701375956	(3, 1.437)	1	3	3
r6i1101p1f1	1865-07-09	4	1.422	1.68	1.528	2.515759113270765	2.582033360518723	(4, 1.422)	2	3	3
r6i1101p1f1	1865-07-31	3	1.242	1.283	0.606	2.008699996037192	1.4228356146869778	(3, 1.242)	1	1	1
r6i1101p1f1	1865-08-12	3	1.238	1.308	0.592	2.00590757581405	1.405146103684702	(3, 1.238)	1	1	1
r6i1101p1f1	1867-06-14	5	1.299	1.57	1.292	2.7423396417658368	2.737285270342615	(5, 1.299)	1	3	3
r6i1101p1f1	1867-06-23	5	1.31	1.587	1.349	2.7502309682406123	2.7777179519859563	(5, 1.31)	1	3	3
r6i1101p1f1	1867-08-07	6	1.313	1.427	1.637	3.0104770428774827	3.2212285851006133	(6, 1.313)	1	3	1
r6i1101p1f1	1868-07-09	8	1.628	1.947	4.703	3.633298953109339	4.676716055786633	(8, 1.628)	0	0	0
r6i1101p1f1	1869-08-25	4	1.299	1.387	1.036	2.4329113546696197	2.2287232443955904	(4, 1.299)	1	1	1
r6i1101p1f1	1870-06-03	3	1.238	1.287	0.594	2.00590757581405	1.4076924158014976	(3, 1.238)	1	1	1
r6i1101p1f1	1871-08-06	4	1.659	2.029	2.475	2.6582995758376535	3.0349529867072724	(4, 1.659)	2	2	0
r6i1101p1f1	1872-06-21	9	1.255	1.688	1.93	3.5520569373911997	3.972365234434308	(9, 1.255)	2	3	2
r6i1101p1f1	1872-07-04	7	1.604	2.001	3.947	3.4244742192030913	4.30540828495329	(7, 1.604)	0	2	0
r6i1101p1f1	1872-08-17	4	1.207	1.467	0.667	2.366123113798033	1.8462476545121247	(4, 1.207)	1	1	1
r6i1101p1f1	1873-07-27	3	1.341	1.411	0.901	2.0754385904061903	1.7372563504156076	(3, 1.341)	1	1	1
r6i1101p1f1	1876-06-08	3	1.197	1.266	0.471	1.9768264829675917	1.2376167822498452	(3, 1.197)	1	1	1
r6i1101p1f1	1877-06-19	6	1.211	1.272	1.021	2.933750080680026	2.772937046835834	(6, 1.211)	1	1	1
r6i1101p1f1	1879-07-18	4	1.861	2.282	3.283	2.7655641073028168	3.305567150646905	(4, 1.861)	2	2	0
r6i1101p1f1	1879-08-07	3	1.161	1.288	0.362	1.950575387425793	1.0581399472550679	(3, 1.161)	1	1	1
r6i1101p1f1	1881-06-01	8	1.239	1.353	1.591	3.3685147302905563	3.6109238705661926	(8, 1.239)	1	1	2
r6i1101p1f1	1882-08-26	3	1.309	1.377	0.804	2.054349800617799	1.6443622068489345	(3, 1.309)	1	1	1
r6i1101p1f1	1883-06-20	6	1.331	1.495	1.743	3.0234264786047427	3.281541232699843	(6, 1.331)	1	3	3
r6i1101p1f1	1883-07-13	5	1.899	2.674	4.295	3.1015086478168628	3.8922193983943694	(5, 1.899)	0	2	0
r6i1101p1f1	1886-08-17	3	1.509	1.661	1.407	2.1793993144304853	2.1175783092527807	(3, 1.509)	2	3	3
r6i1101p1f1	1887-06-16	5	1.408	1.706	1.84	2.8179156679086597	3.0713880832923093	(5, 1.408)	2	3	3
r6i1101p1f1	1889-06-11	8	1.267	1.504	1.814	3.390100617565174	3.7387674543530656	(8, 1.267)	1	3	2
r6i1101p1f1	1889-06-21	3	1.355	1.46	0.945	2.0845269058647236	1.776707426721953	(3, 1.355)	1	1	3
r6i1101p1f1	1891-07-26	7	1.348	1.688	2.15	3.25676139215715	3.7091368121103714	(7, 1.348)	2	3	2
r6i1101p1f1	1891-08-13	3	1.443	1.587	1.207	2.1398364837060835	1.9839977994098914	(3, 1.443)	2	3	3
r6i1101p1f1	1892-07-05	11	1.362	1.89	3.537	3.9257221937753872	4.8678414857643215	(11, 1.362)	0	0	2
r6i1101p1f1	1892-08-16	5	1.415	1.572	1.873	2.822579411966787	3.0883468511798577	(5, 1.415)	2	3	3
r6i1101p1f1	1894-07-11	6	1.624	1.942	3.499	3.2135749220225343	3.959375711425436	(6, 1.624)	2	2	0
r6i1101p1f1	1894-07-26	8	1.466	1.978	3.404	3.531400547015882	4.357012978649775	(8, 1.466)	2	2	2
r6i1101p1f1	1896-08-11	3	1.311	1.419	0.812	2.0556809598416574	1.6523586503605283	(3, 1.311)	1	1	1
r6i1101p1f1	1897-06-18	3	1.459	1.552	1.256	2.149572177219438	2.0184125141151683	(3, 1.459)	2	3	3
r6i1101p1f1	1898-06-04	4	1.456	1.697	1.661	2.537499099907171	2.6594200241341435	(4, 1.456)	2	3	3
r6i1101p1f1	1898-06-23	3	1.379	1.459	1.015	2.0999172501159333	1.8364292051354612	(3, 1.379)	1	1	3
r6i1101p1f1	1900-06-23	7	1.125	1.254	0.595	3.0835275403923856	2.4865348411134884	(7, 1.125)	1	1	1
r6i1101p1f1	1900-07-02	11	1.461	1.989	4.63	3.994551427413446	5.135302435078092	(11, 1.461)	0	0	2
r6i1101p1f1	1900-07-18	3	1.366	1.572	0.977	2.0916102281588795	1.8044520625451974	(3, 1.366)	1	3	3
r6i1101p1f1	1900-08-13	5	1.351	1.631	1.553	2.779107378807332	2.9103414652035204	(5, 1.351)	2	3	3
r6i1101p1f1	1901-07-20	3	1.483	1.705	1.327	2.1640002724695444	2.0662669193286147	(3, 1.483)	2	3	3
r6i1101p1f1	1901-07-29	9	1.607	1.768	5.097	3.7929916909958883	4.93172916249758	(9, 1.607)	0	0	2
r6i1101p1f1	1905-06-26	6	1.537	1.901	2.978	3.1607887431097397	3.801482043824863	(6, 1.537)	2	2	0
r6i1101p1f1	1905-07-30	4	1.096	1.188	0.224	2.2791117368084035	1.026758184900126	(4, 1.096)	1	1	1
r6i1101p1f1	1906-07-13	3	1.082	1.178	0.125	1.8904332164023727	0.5004837622947399	(3, 1.082)	1	1	1
r6i1101p1f1	1906-08-02	5	1.361	1.627	1.604	2.7860257019991295	2.940920437380773	(5, 1.361)	2	3	3
r6i1101p1f1	1906-08-23	4	2.067	2.333	4.108	2.864255910765605	3.5223525032186225	(4, 2.067)	0	2	0
r6i1101p1f1	1909-08-04	5	1.19	1.357	0.748	2.660581476076026	2.2367544559246957	(5, 1.19)	1	1	1
r6i1101p1f1	1910-08-14	8	1.244	1.452	1.632	3.3724036849140187	3.6356881633725897	(8, 1.244)	1	3	2
r6i1101p1f1	1911-06-02	6	1.265	1.368	1.347	2.975102288625797	3.0347979795584026	(6, 1.265)	1	1	1
r6i1101p1f1	1911-07-03	3	1.39	1.572	1.048	2.1068927686657215	1.8633927223480167	(3, 1.39)	1	3	3
r6i1101p1f1	1911-07-24	4	1.518	1.933	1.911	2.575965380734967	2.7904286403681122	(4, 1.518)	2	3	3
r6i1101p1f1	1912-06-20	7	1.47	1.668	3.006	3.340200350602774	4.037278480956212	(7, 1.47)	2	3	2
r6i1101p1f1	1912-08-07	6	1.438	1.662	2.383	3.097123810759921	3.5841521918620054	(6, 1.438)	2	3	3
r6i1101p1f1	1914-08-22	4	1.322	1.547	1.125	2.448933989329183	2.302585092994046	(4, 1.322)	1	3	3
r6i1101p1f1	1915-07-24	4	1.213	1.272	0.692	2.3706175033858727	1.8773253575577016	(4, 1.213)	1	1	1
r6i1101p1f1	1919-06-16	7	1.331	1.431	2.034	3.2445616987502897	3.6550694629086475	(7, 1.331)	1	3	2
r6i1101p1f1	1919-07-08	4	1.253	1.344	0.849	2.4000747142713026	2.053097566340234	(4, 1.253)	1	1	1
r6i1101p1f1	1919-07-28	4	1.464	1.603	1.695	2.542546429234415	2.67827804276854	(4, 1.464)	2	3	3
r6i1101p1f1	1919-08-18	3	1.585	1.715	1.632	2.223098236388928	2.2491970539344583	(3, 1.585)	2	3	3
r6i1101p1f1	1920-06-13	7	1.427	1.82	2.703	3.31157933193204	3.9330065147508293	(7, 1.427)	2	3	2
r6i1101p1f1	1922-07-23	3	1.678	1.825	1.912	2.2740975246026625	2.3919726259740743	(3, 1.678)	2	2	0
r6i1101p1f1	1922-08-08	4	1.518	1.801	1.909	2.575965380734967	2.7894458393062043	(4, 1.518)	2	3	3
r6i1101p1f1	1922-08-20	3	1.244	1.314	0.611	2.0100932874778716	1.4290782211885045	(3, 1.244)	1	1	1
r6i1101p1f1	1923-08-27	4	1.608	1.98	2.27	2.629295552413305	2.9528247725427144	(4, 1.608)	2	2	0
r6i1101p1f1	1924-07-26	4	1.186	1.337	0.584	2.3502317464613984	1.7355417892298264	(4, 1.186)	1	1	1
r6i1101p1f1	1925-06-15	9	1.553	2.24	4.617	3.75959417569916	4.833571888961281	(9, 1.553)	0	0	4
r6i1101p1f1	1925-07-17	4	1.454	1.784	1.653	2.536233276953341	2.654930678771549	(4, 1.454)	2	3	3
r6i1101p1f1	1926-06-28	5	1.433	1.48	1.965	2.834472965622476	3.1341614969028995	(5, 1.433)	2	3	3
r6i1101p1f1	1929-07-08	4	1.154	1.29	0.454	2.3255200642765415	1.532988740270694	(4, 1.154)	1	1	1
r6i1101p1f1	1929-07-22	4	1.397	1.55	1.426	2.49946680111933	2.5183414258742376	(4, 1.397)	1	3	3
r6i1101p1f1	1929-08-28	6	1.573	1.696	3.197	3.182970233026341	3.870911640837471	(6, 1.573)	2	3	0
r6i1101p1f1	1930-07-24	3	1.361	1.578	0.963	2.088396754709009	1.7924083891450562	(3, 1.361)	1	3	3
r6i1101p1f1	1930-08-11	4	1.55	1.825	2.037	2.5952547069568657	2.8504752608968524	(4, 1.55)	2	3	3
r6i1101p1f1	1931-07-03	3	1.518	1.708	1.432	2.184674979251309	2.1330877851914485	(3, 1.518)	2	3	3
r6i1101p1f1	1932-06-16	4	1.328	1.518	1.152	2.453071926267982	2.3239551187302383	(4, 1.328)	1	1	3
r6i1101p1f1	1932-07-16	6	1.433	1.642	2.356	3.0937983255630623	3.5730753435799896	(6, 1.433)	2	3	3
r6i1101p1f1	1932-08-03	3	1.501	1.651	1.381	2.174686354175339	2.101189150752198	(3, 1.501)	2	3	3
r6i1101p1f1	1933-06-07	8	1.442	1.872	3.216	3.5153809190703917	4.300949068647342	(8, 1.442)	2	3	2
r6i1101p1f1	1933-08-12	3	1.287	1.52	0.74	2.039588890738971	1.5779787810277053	(3, 1.287)	1	1	1
r6i1101p1f1	1934-06-02	3	1.18	1.259	0.419	1.9645159622469717	1.1559964864047214	(3, 1.18)	1	1	1
r6i1101p1f1	1935-07-07	3	1.128	1.276	0.264	1.925891088549062	0.8636425156131448	(3, 1.128)	1	1	1
r6i1101p1f1	1937-07-16	5	1.758	2.286	3.587	3.0279592374640303	3.716102500903757	(5, 1.758)	2	2	0
r6i1101p1f1	1939-06-03	6	1.461	1.656	2.522	3.1122801950035255	3.639313056933217	(6, 1.461)	2	3	3
r6i1101p1f1	1939-08-01	5	1.297	1.551	1.281	2.7408981405645343	2.7292907089163507	(5, 1.297)	1	3	3
r6i1101p1f1	1941-06-28	3	1.6	1.899	1.679	2.2315018821618717	2.274632012416793	(3, 1.6)	2	2	3
r6i1101p1f1	1942-06-26	6	1.159	1.238	0.711	2.8922450949548613	2.437948090942354	(6, 1.159)	1	1	1
r6i1101p1f1	1942-08-12	10	1.782	2.155	7.419	4.049204018402439	5.462175262563461	(10, 1.782)	0	0	4
r6i1101p1f1	1943-08-21	6	1.276	1.352	1.416	2.9833202354571164	3.082408233470706	(6, 1.276)	1	1	1
r6i1101p1f1	1944-06-20	3	1.145	1.177	0.313	1.9386833160041137	0.9656124531448094	(3, 1.145)	1	1	1
r6i1101p1f1	1944-08-20	4	1.657	1.77	2.467	2.6571778707284537	3.031871320169864	(4, 1.657)	2	2	0
r6i1101p1f1	1946-07-18	6	1.233	1.566	1.158	2.9508042105099324	2.891429794248112	(6, 1.233)	1	1	1
r6i1101p1f1	1948-06-15	3	1.234	1.343	0.58	2.0031073361399168	1.3897305519407763	(3, 1.234)	1	1	1
r6i1101p1f1	1949-07-17	3	1.275	1.328	0.705	2.0314446947383757	1.5397206625073199	(3, 1.275)	1	1	1
r6i1101p1f1	1949-08-12	5	1.256	1.405	1.078	2.710879986726104	2.5689725151390577	(5, 1.256)	1	1	1
r6i1101p1f1	1949-08-20	8	1.516	2.1	3.802	3.5639725964355042	4.466246445625675	(8, 1.516)	0	2	0
r6i1101p1f1	1951-07-10	3	1.176	1.28	0.407	1.9615972110500632	1.136175871860684	(3, 1.176)	1	1	1
r6i1101p1f1	1951-07-26	9	1.498	2.035	4.114	3.724391375115296	4.719195057472679	(9, 1.498)	0	0	2
r6i1101p1f1	1953-06-20	3	1.169	1.186	0.386	1.9564688071658214	1.100515421616143	(3, 1.169)	1	1	1
r6i1101p1f1	1953-08-12	6	1.409	1.794	2.209	3.0776802244287547	3.5105161645591485	(6, 1.409)	2	3	3
r6i1101p1f1	1954-07-04	3	1.592	1.74	1.654	2.227028727789076	2.261183358285748	(3, 1.592)	2	3	3
r6i1101p1f1	1955-08-22	5	1.505	1.872	2.326	2.8806811514224093	3.2960394594928286	(5, 1.505)	2	3	3
r6i1101p1f1	1958-08-08	4	1.385	1.535	1.378	2.4915511925066687	2.486904652450673	(4, 1.385)	1	3	3
r6i1101p1f1	1961-06-08	7	1.419	1.741	2.647	3.306162915514828	3.912485419352662	(7, 1.419)	2	3	2
r6i1101p1f1	1961-07-18	4	1.497	1.74	1.825	2.563101497373057	2.747270914255491	(4, 1.497)	2	3	3
r6i1101p1f1	1961-08-13	3	1.844	2.108	2.41	2.3591265729416735	2.6043717765077234	(3, 1.844)	2	2	0
r6i1101p1f1	1962-06-16	7	1.718	2.253	4.741	3.490971211605778	4.4864378734643395	(7, 1.718)	0	2	0
r6i1101p1f1	1962-06-27	3	1.454	1.632	1.24	2.146539942428245	2.007304760626642	(3, 1.454)	2	3	3
r6i1101p1f1	1962-07-16	4	1.423	1.726	1.531	2.5164053168473712	2.583846597642904	(4, 1.423)	2	3	3
r6i1101p1f1	1965-07-30	3	1.652	1.846	1.834	2.2600996117206793	2.3542039709816796	(3, 1.652)	2	2	0
r6i1101p1f1	1965-08-20	4	1.158	1.246	0.471	2.3286426273133354	1.5619269297630485	(4, 1.158)	1	1	1
r6i1101p1f1	1966-08-07	3	1.074	1.112	0.1	1.8841362146551381	0.4184571727302676	(3, 1.074)	1	1	1
r6i1101p1f1	1967-07-31	5	1.115	1.252	0.373	2.6001738548438484	1.6429242883567625	(5, 1.115)	1	1	1
r6i1101p1f1	1968-06-13	8	1.366	1.557	2.607	3.462889719360441	4.094172482645702	(8, 1.366)	2	3	2
r6i1101p1f1	1968-07-20	13	1.597	2.413	7.236	4.328821646135388	5.829436665792037	(13, 1.597)	0	0	4
r6i1101p1f1	1972-07-18	7	1.434	1.576	2.757	3.316294749178647	3.952403709997234	(7, 1.434)	2	3	2
r6i1101p1f1	1973-08-28	3	1.53	1.695	1.467	2.191666181004662	2.154404709241113	(3, 1.53)	2	3	3
r6i1101p1f1	1977-07-11	11	1.575	2.156	5.878	4.068351731468158	5.372711809819416	(11, 1.575)	0	0	4
r6i1101p1f1	1977-07-28	16	1.499	2.401	7.336	4.574050966929222	6.153804460583345	(16, 1.499)	0	0	4
r6i1101p1f1	1977-08-24	3	1.343	1.544	0.909	2.076741989126375	1.7445460080509814	(3, 1.343)	1	1	3
r6i1101p1f1	1978-06-19	12	1.534	1.97	5.927	4.170799032657149	5.5109287013777	(12, 1.534)	0	0	4
r6i1101p1f1	1982-08-16	3	1.202	1.266	0.486	1.980418569647406	1.259974070869148	(3, 1.202)	1	1	1
r6i1101p1f1	1982-08-22	3	1.165	1.246	0.373	1.9535264388390532	1.0777851870249011	(3, 1.165)	1	1	1
r6i1101p1f1	1983-07-04	3	1.422	1.69	1.145	2.126912829977665	1.9386833160041137	(3, 1.422)	2	3	3
r6i1101p1f1	1985-06-15	4	1.174	1.292	0.534	2.341036279368298	1.662409797200206	(4, 1.174)	1	1	1
r6i1101p1f1	1985-08-03	4	1.621	2.025	2.321	2.6367689990972463	2.9738955789448167	(4, 1.621)	2	2	0
r6i1101p1f1	1985-08-09	3	1.27	1.489	0.689	2.0280316058632835	1.5217315345498066	(3, 1.27)	1	1	1
r6i1101p1f1	1985-08-21	4	1.192	1.336	0.608	2.35479796444098	1.7688319645843502	(4, 1.192)	1	1	1
r6i1101p1f1	1986-06-24	8	1.28	1.425	1.921	3.3999664162483763	3.794753369154481	(8, 1.28)	1	3	2
r6i1101p1f1	1988-06-22	7	1.413	1.656	2.611	3.3020812631029317	3.8990673767770523	(7, 1.413)	2	3	2
r6i1101p1f1	1989-07-11	8	2.228	2.772	9.498	3.93990827355789	5.374885768790836	(8, 2.228)	0	0	4
r6i1101p1f1	1990-06-03	7	1.289	1.654	1.74	3.2137673620518545	3.5033101581830217	(7, 1.289)	2	3	2
r6i1101p1f1	1990-08-04	4	1.149	1.236	0.436	2.3216030988298075	1.501407168220395	(4, 1.149)	1	1	1
r6i1101p1f1	1991-07-06	4	1.253	1.494	0.851	2.4000747142713026	2.0551488491107914	(4, 1.253)	1	1	1
r6i1101p1f1	1992-07-25	4	1.459	1.666	1.676	2.53939483507207	2.667783607873655	(4, 1.459)	2	3	3
r6i1101p1f1	1994-08-18	6	1.609	1.81	3.414	3.2046703624335517	3.935257929593042	(6, 1.609)	2	2	0
r6i1101p1f1	1997-06-21	5	1.407	1.624	1.833	2.817247639650511	3.067753495598426	(5, 1.407)	2	3	3
r6i1101p1f1	1997-07-18	3	1.484	1.742	1.329	2.1645969489671297	2.0675823194866925	(3, 1.484)	2	3	3
r6i1101p1f1	1997-07-30	3	1.398	1.527	1.073	2.111935484477859	1.8833462940570747	(3, 1.398)	1	3	3
r6i1101p1f1	1999-08-03	3	1.236	1.349	0.588	2.0045084361444423	1.4000339453964148	(3, 1.236)	1	1	1
r6i1101p1f1	2001-06-05	6	1.416	1.825	2.255	3.082408233470706	3.5305164713950536	(6, 1.416)	2	3	3
r6i1101p1f1	2001-06-14	3	1.257	1.323	0.65	2.019102669039607	1.4764775738150402	(3, 1.257)	1	1	1
r6i1101p1f1	2001-08-09	9	1.622	1.979	5.238	3.802074201880279	4.958822566581059	(9, 1.622)	0	0	4
r6i1101p1f1	2001-08-24	5	1.219	1.38	0.893	2.682994534677954	2.3964436305423584	(5, 1.219)	1	1	1
r6i1101p1f1	2002-06-18	3	1.293	1.384	0.758	2.043636250061301	1.5970988050799664	(3, 1.293)	1	1	1
r6i1101p1f1	2002-07-30	4	1.438	1.621	1.589	2.5260485931191754	2.618271361855424	(4, 1.438)	2	3	3
r6i1101p1f1	2003-06-20	4	1.578	1.91	2.149	2.6118329433603873	2.90098193700818	(4, 1.578)	2	2	0
r6i1101p1f1	2004-08-16	4	1.375	1.536	1.337	2.4849066497880004	2.459246903007423	(4, 1.375)	1	3	3
r6i1101p1f1	2005-07-13	11	1.361	1.804	3.526	3.9250022047514825	4.864750649418543	(11, 1.361)	0	0	2
r6i1101p1f1	2007-06-12	5	1.471	1.744	2.152	2.859126443945479	3.221276598220154	(5, 1.471)	2	3	3
r6i1101p1f1	2010-07-15	3	1.122	1.201	0.244	1.9213368284541927	0.8188371807916396	(3, 1.122)	1	1	1
r6i1231p1f1	1851-07-11	8	1.67	2.264	4.973	3.658105413224111	4.732033160446962	(8, 1.67)	0	0	0
r6i1231p1f1	1852-06-17	5	1.366	1.632	1.589	2.789466997288098	2.932023279263115	(5, 1.366)	2	3	3
r6i1231p1f1	1853-07-30	4	1.279	1.402	0.922	2.418766847283455	2.125370473568236	(4, 1.279)	1	1	1
r6i1231p1f1	1854-06-24	5	1.868	2.23	4.101	3.085795754832511	3.846963257886532	(5, 1.868)	0	2	0
r6i1231p1f1	1855-08-07	6	1.728	2.111	4.077	3.27322421451677	4.1095519759124315	(6, 1.728)	0	2	0
r6i1231p1f1	1856-08-10	3	1.293	1.34	0.734	2.043636250061301	1.5715233286018926	(3, 1.293)	1	1	1
r6i1231p1f1	1856-08-24	8	1.233	1.68	1.475	3.363827932689292	3.5373423579994814	(8, 1.233)	1	3	2
r6i1231p1f1	1857-06-04	3	1.1	1.133	0.155	1.9044581443609874	0.5907841820329575	(3, 1.1)	1	1	1
r6i1231p1f1	1857-06-22	5	1.071	1.174	0.113	2.5629584553544547	0.8168585675587101	(5, 1.071)	1	1	1
r6i1231p1f1	1857-07-04	3	1.546	1.692	1.493	2.2009123962435715	2.16995107670417	(3, 1.546)	2	3	3
r6i1231p1f1	1858-06-10	3	1.177	1.203	0.388	1.962327697904164	1.1039669733908037	(3, 1.177)	1	1	1
r6i1231p1f1	1859-06-09	4	1.288	1.464	0.958	2.425156645382226	2.1591765096986895	(4, 1.288)	1	1	1
r6i1231p1f1	1859-08-01	3	1.379	1.599	0.993	2.0999172501159333	1.8180409580317884	(3, 1.379)	1	3	3
r6i1231p1f1	1859-08-21	3	1.297	1.469	0.748	2.0463254175420507	1.5865217335484747	(3, 1.297)	1	1	1
r6i1231p1f1	1860-08-08	3	1.317	1.55	0.806	2.0596638385128885	1.6463673203785967	(3, 1.317)	1	1	3
r6i1231p1f1	1861-07-11	6	1.405	1.669	2.138	3.074968434440504	3.478838883220922	(6, 1.405)	2	3	3
r6i1231p1f1	1861-08-07	5	1.187	1.243	0.696	2.6582339519398657	2.1726491218539916	(5, 1.187)	1	1	1
r6i1231p1f1	1862-07-09	5	1.42	1.583	1.859	2.8258973911598266	3.0811873165817367	(5, 1.42)	2	3	3
r6i1231p1f1	1862-07-17	3	1.349	1.606	0.902	2.0806420230924974	1.7381704689654596	(3, 1.349)	1	3	3
r6i1231p1f1	1862-07-24	6	1.692	2.096	3.863	3.2529765249702645	4.056543577253611	(6, 1.692)	2	2	0
r6i1231p1f1	1863-07-10	3	1.311	1.351	0.787	2.0556809598416574	1.6271544352619451	(3, 1.311)	1	1	1
r6i1231p1f1	1865-06-23	3	1.253	1.331	0.615	2.0163391868484126	1.4340443988225668	(3, 1.253)	1	1	1
r6i1231p1f1	1867-06-17	6	1.392	1.892	2.065	3.066103982820912	3.4451880438669567	(6, 1.392)	2	3	3
r6i1231p1f1	1867-06-30	12	1.505	2.112	5.485	4.152010697038451	5.433753305720947	(12, 1.505)	0	0	4
r6i1231p1f1	1867-07-22	6	1.471	1.977	2.536	3.1187989470598616	3.644703819668885	(6, 1.471)	2	2	0
r6i1231p1f1	1868-05-30	7	1.433	1.76	2.693	3.3156224779520054	3.929372783120903	(7, 1.433)	2	3	2
r6i1231p1f1	1869-08-15	5	1.735	1.954	3.434	3.0154314496566665	3.673595425485441	(5, 1.735)	2	2	0
r6i1231p1f1	1871-08-03	3	1.342	1.429	0.881	2.0760905021222955	1.7187962772257745	(3, 1.342)	1	1	1
r6i1231p1f1	1872-07-19	9	1.754	2.087	6.35	3.878631668398419	5.15010733938285	(9, 1.754)	0	0	4
r6i1231p1f1	1873-06-09	3	1.159	1.236	0.333	1.9490965895169745	1.0044183630992942	(3, 1.159)	1	1	1
r6i1231p1f1	1873-07-05	3	1.476	1.656	1.283	2.159813538506554	2.0368815218260807	(3, 1.476)	2	3	3
r6i1231p1f1	1876-06-29	4	1.231	1.318	0.732	2.3839807311980397	1.9251241812954787	(4, 1.231)	1	1	1
r6i1231p1f1	1877-05-30	6	1.762	2.28	4.282	3.2919777834145934	4.157824561942019	(6, 1.762)	0	2	0
r6i1231p1f1	1877-07-19	3	1.277	1.471	0.687	2.0328066751850744	1.519459968127892	(3, 1.277)	1	1	1
r6i1231p1f1	1877-08-10	4	1.91	2.504	3.445	2.789937360574394	3.3520071374713836	(4, 1.91)	0	2	0
r6i1231p1f1	1879-06-23	5	1.249	1.455	1.003	2.705663656868713	2.5025730842344482	(5, 1.249)	1	1	1
r6i1231p1f1	1879-07-02	21	1.431	1.775	8.043	4.932392503776139	6.652876942295434	(21, 1.431)	0	0	4
r6i1231p1f1	1880-06-15	10	1.463	1.947	4.152	3.855751491151472	4.8850552036331605	(10, 1.463)	0	0	2
r6i1231p1f1	1883-06-02	5	1.065	1.093	0.082	2.5577746019013627	0.6506508010678212	(5, 1.065)	1	1	1
r6i1231p1f1	1883-07-20	4	1.307	1.601	1.036	2.4385136102182896	2.2287232443955904	(4, 1.307)	1	3	3
r6i1231p1f1	1883-07-26	5	1.448	1.538	1.997	2.844277332785745	3.1496174362204905	(5, 1.448)	2	3	3
r6i1231p1f1	1883-08-26	7	1.414	1.676	2.561	3.3027626964911185	3.88012738026264	(7, 1.414)	2	3	2
r6i1231p1f1	1885-05-30	5	1.088	1.168	0.198	2.5775017681767394	1.1674251921428362	(5, 1.088)	1	1	1
r6i1231p1f1	1885-06-23	5	1.216	1.348	0.837	2.68069910024658	2.3377538084426974	(5, 1.216)	1	1	1
r6i1231p1f1	1885-08-07	8	1.439	1.714	3.124	3.5133603002294103	4.2723240768361155	(8, 1.439)	2	3	2
r6i1231p1f1	1886-08-28	3	1.182	1.269	0.4	1.965972149383562	1.1244297867383737	(3, 1.182)	1	1	1
r6i1231p1f1	1889-06-13	5	1.416	1.592	1.839	2.8232438891087424	3.0708696645686766	(5, 1.416)	2	3	3
r6i1231p1f1	1889-06-21	3	1.336	1.425	0.864	2.0721726417133604	1.7028327488148318	(3, 1.336)	1	1	1
r6i1231p1f1	1890-07-04	10	1.892	2.493	8.436	4.108087910454569	5.590127444842024	(10, 1.892)	0	0	4
r6i1231p1f1	1890-08-04	5	1.304	1.382	1.279	2.745934329969324	2.727830260569304	(5, 1.304)	1	1	1
r6i1231p1f1	1891-08-28	5	1.444	1.68	1.981	2.8416722194770903	3.141919327022002	(5, 1.444)	2	3	3
r6i1231p1f1	1894-06-07	3	1.194	1.385	0.437	1.9746650211180787	1.18500971878511	(3, 1.194)	1	1	1
r6i1231p1f1	1894-07-21	3	1.425	1.612	1.131	2.1287693234923526	1.9281604641562224	(3, 1.425)	1	3	3
r6i1231p1f1	1894-08-01	9	1.75	2.68	6.312	3.876395827784995	5.14414001969855	(9, 1.75)	0	0	4
r6i1231p1f1	1897-05-31	8	1.233	1.399	1.477	3.363827932689292	3.538657979597639	(8, 1.233)	1	1	2
r6i1231p1f1	1897-08-22	4	1.555	1.805	2.027	2.5982353350950036	2.845839183979374	(4, 1.555)	2	3	3
r6i1231p1f1	1898-06-21	8	1.531	1.844	3.86	3.5735408621661033	4.481213716981331	(8, 1.531)	2	2	2
r6i1231p1f1	1899-08-16	7	1.392	1.761	2.408	3.2876628374348242	3.8198371898953427	(7, 1.392)	2	3	2
r6i1231p1f1	1900-06-05	4	1.202	1.399	0.616	2.3623622970299065	1.7796868879937857	(4, 1.202)	1	1	1
r6i1231p1f1	1900-06-12	7	1.102	1.317	0.376	3.063826603439092	2.0748833502318176	(7, 1.102)	1	1	1
r6i1231p1f1	1903-07-17	8	1.779	2.397	5.85	3.7197523158870656	4.893130140612957	(8, 1.779)	0	0	4
r6i1231p1f1	1903-08-10	7	1.304	1.513	1.793	3.224874515389666	3.532425176943349	(7, 1.304)	1	3	2
r6i1231p1f1	1905-06-20	6	1.374	1.54	1.955	3.053698939757692	3.3922412174506955	(6, 1.374)	2	3	3
r6i1231p1f1	1905-07-14	5	1.27	1.402	1.108	2.7212317190546886	2.5943450840730553	(5, 1.27)	1	1	1
r6i1231p1f1	1905-08-06	3	1.367	1.601	0.957	2.0922516855351465	1.7872020781678604	(3, 1.367)	1	3	3
r6i1231p1f1	1908-06-28	3	1.302	1.514	0.76	2.049676739221073	1.599200860414269	(3, 1.302)	1	1	1
r6i1231p1f1	1909-06-16	3	1.221	1.322	0.52	1.9939520208237795	1.3088730142073226	(3, 1.221)	1	1	1
r6i1231p1f1	1909-07-03	7	1.353	1.578	2.134	3.2603213945414127	3.7018507885401988	(7, 1.353)	2	3	2
r6i1231p1f1	1909-07-20	5	1.456	1.645	2.039	2.8494672875326525	3.169547463182099	(5, 1.456)	2	3	3
r6i1231p1f1	1909-08-20	12	1.37	1.634	3.865	4.059577645758443	5.085526496507521	(12, 1.37)	0	0	2
r6i1231p1f1	1912-07-08	5	1.369	1.578	1.602	2.791526104362557	2.9397387133494814	(5, 1.369)	1	3	3
r6i1231p1f1	1912-08-02	4	1.451	1.707	1.61	2.534331533115523	2.6304489550786583	(4, 1.451)	2	3	3
r6i1231p1f1	1914-06-22	4	1.506	1.735	1.831	2.5686348653187125	2.7503431132924616	(4, 1.506)	2	3	3
r6i1231p1f1	1914-07-01	3	1.337	1.499	0.865	2.072826685323001	1.7037788673537406	(3, 1.337)	1	1	3
r6i1231p1f1	1914-07-19	6	1.348	1.608	1.798	3.0355044230820503	3.3114584827330056	(6, 1.348)	2	3	3
r6i1231p1f1	1914-07-30	5	1.368	1.802	1.597	2.7908402063323368	2.936778279229844	(5, 1.368)	2	3	3
r6i1231p1f1	1914-08-06	8	1.442	1.802	3.147	3.5153809190703917	4.27955750842652	(8, 1.442)	2	3	2
r6i1231p1f1	1918-08-21	5	1.113	1.325	0.322	2.598511955670273	1.5260713998538513	(5, 1.113)	1	1	1
r6i1231p1f1	1919-06-07	3	1.355	1.46	0.922	2.0845269058647236	1.7562795231871666	(3, 1.355)	1	1	1
r6i1231p1f1	1919-07-26	3	1.173	1.3	0.376	1.959402543353941	1.0830766704452057	(3, 1.173)	1	1	1
r6i1231p1f1	1920-08-09	7	1.642	1.933	4.154	3.4471347684456117	4.355851492913946	(7, 1.642)	0	2	0
r6i1231p1f1	1921-06-17	3	1.392	1.625	1.032	2.108155833588867	1.8504102698672793	(3, 1.392)	1	3	3
r6i1231p1f1	1921-07-08	4	1.2	1.306	0.608	2.3608540011180215	1.7688319645843502	(4, 1.2)	1	1	1
r6i1231p1f1	1921-08-21	7	1.699	1.965	4.554	3.4801909343185633	4.44665804556875	(7, 1.699)	0	2	0
r6i1231p1f1	1922-07-05	4	1.168	1.252	0.479	2.3364066414695563	1.5752604606325138	(4, 1.168)	1	1	1
r6i1231p1f1	1922-07-12	4	1.642	1.79	2.374	2.648724735017395	2.995332193532651	(4, 1.642)	2	2	0
r6i1231p1f1	1925-08-01	3	1.359	1.532	0.932	2.0871084683480854	1.7652125400234207	(3, 1.359)	1	1	3
r6i1231p1f1	1928-08-03	7	1.428	1.912	2.657	3.31225432583265	3.916180921989891	(7, 1.428)	2	3	2
r6i1231p1f1	1929-06-13	3	1.149	1.221	0.302	1.9416696183705373	0.943609369210124	(3, 1.149)	1	1	1
r6i1231p1f1	1929-07-29	6	1.34	1.524	1.753	3.0298388515892083	3.2870477290651974	(6, 1.34)	1	3	3
r6i1231p1f1	1930-06-26	10	1.463	1.884	4.146	3.855751491151472	4.883620010517085	(10, 1.463)	0	0	2
r6i1231p1f1	1930-07-21	9	1.251	1.414	1.821	3.5489562487365984	3.9153574400170186	(9, 1.251)	1	3	2
r6i1231p1f1	1932-06-29	4	1.13	1.231	0.327	2.306577114263583	1.28536844252993	(4, 1.13)	1	1	1
r6i1231p1f1	1932-08-24	9	1.425	1.816	3.389	3.6756675601417057	4.527241076424892	(9, 1.425)	2	3	2
r6i1231p1f1	1933-06-19	3	1.179	1.21	0.391	1.9637870727255824	1.1091220660640169	(3, 1.179)	1	1	1
r6i1231p1f1	1935-08-26	7	1.495	1.713	3.124	3.356471508521439	4.075115694690431	(7, 1.495)	2	3	2
r6i1231p1f1	1937-08-01	5	1.185	1.324	0.682	2.656665868654067	2.154664012571961	(5, 1.185)	1	1	1
r6i1231p1f1	1938-06-24	11	1.423	1.929	4.125	3.968689268557757	5.020531827214406	(11, 1.423)	0	0	2
r6i1231p1f1	1939-08-25	10	1.51	1.991	4.619	3.886713252150751	4.990878780574426	(10, 1.51)	0	0	2
r6i1231p1f1	1940-07-24	3	1.592	1.755	1.632	2.227028727789076	2.2491970539344583	(3, 1.592)	2	3	3
r6i1231p1f1	1941-07-31	5	1.796	2.12	3.741	3.0483195262188634	3.7571372576177184	(5, 1.796)	2	2	0
r6i1231p1f1	1942-07-02	3	1.256	1.378	0.625	2.0184125141151683	1.446353002609472	(3, 1.256)	1	1	1
r6i1231p1f1	1943-08-02	4	1.308	1.432	1.038	2.4392116905258705	2.2304444152163634	(4, 1.308)	1	1	1
r6i1231p1f1	1944-06-13	3	1.346	1.457	0.893	2.078693907391348	1.7299131632208489	(3, 1.346)	1	1	1
r6i1231p1f1	1947-08-15	7	1.381	1.775	2.329	3.280026536004749	3.7872232919094784	(7, 1.381)	2	3	2
r6i1231p1f1	1948-07-15	3	1.28	1.394	0.695	2.034846174051035	1.5285154368641591	(3, 1.28)	1	1	1
r6i1231p1f1	1948-07-25	6	1.647	1.991	3.593	3.227076413465659	3.9853868413153637	(6, 1.647)	2	2	0
r6i1231p1f1	1948-08-04	3	1.126	1.184	0.232	1.9243753052704822	0.7909575786066801	(3, 1.126)	1	1	1
r6i1231p1f1	1949-06-05	6	1.321	1.511	1.638	3.016253059642768	3.221814909208226	(6, 1.321)	1	3	3
r6i1231p1f1	1949-07-04	3	1.356	1.555	0.924	2.085172921547925	1.7580725218647602	(3, 1.356)	1	1	3
r6i1231p1f1	1949-07-12	3	1.222	1.303	0.521	1.9946592593953143	1.3102756371655788	(3, 1.222)	1	1	1
r6i1231p1f1	1949-07-28	3	1.232	1.386	0.552	2.001704270299514	1.3528089652533486	(3, 1.232)	1	1	1
r6i1231p1f1	1950-07-28	3	1.246	1.51	0.593	2.011484640358179	1.4064200702060552	(3, 1.246)	1	1	1
r6i1231p1f1	1950-08-26	6	1.163	1.352	0.686	2.895499666843295	2.4053311743114594	(6, 1.163)	1	1	1
r6i1231p1f1	1952-06-29	11	1.675	2.248	6.892	4.128887875206406	5.531173432742105	(11, 1.675)	0	0	4
r6i1231p1f1	1952-08-25	3	1.651	1.954	1.808	2.259557297679709	2.3412906331082506	(3, 1.651)	2	2	0
r6i1231p1f1	1953-06-09	3	1.149	1.317	0.301	1.9416696183705373	0.9415848724799063	(3, 1.149)	1	1	1
r6i1231p1f1	1954-08-03	6	1.705	2.004	3.942	3.260335570618903	4.076440764744215	(6, 1.705)	2	2	0
r6i1231p1f1	1956-05-30	5	1.31	1.408	1.308	2.7502309682406123	2.74880080573658	(5, 1.31)	1	1	1
r6i1231p1f1	1958-06-06	4	1.34	1.496	1.166	2.4612967841488667	2.3348586535443414	(4, 1.34)	1	1	3
r6i1231p1f1	1958-06-26	4	1.466	1.795	1.67	2.5438042910354857	2.664446563620078	(4, 1.466)	2	3	3
r6i1231p1f1	1958-08-25	3	1.541	1.774	1.477	2.1980321271124335	2.1604127176168655	(3, 1.541)	2	3	3
r6i1231p1f1	1959-07-13	4	1.572	1.833	2.094	2.608303527931925	2.8764981856302927	(4, 1.572)	2	3	3
r6i1231p1f1	1959-07-31	5	1.198	1.672	0.748	2.6668147311977703	2.2367544559246957	(5, 1.198)	1	1	1
r6i1231p1f1	1960-06-23	3	1.369	1.613	0.962	2.0935333672031136	1.7915425508102527	(3, 1.369)	1	3	3
r6i1231p1f1	1960-06-29	5	1.383	2.037	1.674	2.8010796039966817	2.981424857445313	(5, 1.383)	2	3	3
r6i1231p1f1	1963-08-28	4	1.451	1.717	1.61	2.534331533115523	2.6304489550786583	(4, 1.451)	2	3	3
r6i1231p1f1	1964-08-04	7	1.421	1.675	2.609	3.3075197724980563	3.8983166245607537	(7, 1.421)	2	3	2
r6i1231p1f1	1965-08-29	3	1.467	1.671	1.255	2.154404709241113	2.0177218825479337	(3, 1.467)	2	3	3
r6i1231p1f1	1967-06-30	4	1.481	1.707	1.729	2.553188157204406	2.6967870088234993	(4, 1.481)	2	3	3
r6i1231p1f1	1968-06-08	7	1.269	1.811	1.546	3.1987632725146313	3.388865680770927	(7, 1.269)	2	3	2
r6i1231p1f1	1968-07-27	5	1.33	1.538	1.409	2.7644212118971057	2.818583250202954	(5, 1.33)	1	3	3
r6i1231p1f1	1968-08-16	5	1.294	1.409	1.23	2.7387319851476466	2.691366333605301	(5, 1.294)	1	1	1
r6i1231p1f1	1969-06-07	5	1.402	1.67	1.766	2.8139007879919227	3.032280198822761	(5, 1.402)	2	3	3
r6i1231p1f1	1969-08-05	5	1.523	1.693	2.372	2.891907114669218	3.3149045178672676	(5, 1.523)	2	3	3
r6i1231p1f1	1969-08-14	4	1.358	1.584	1.237	2.473508604835631	2.388395749407157	(4, 1.358)	1	3	3
r6i1231p1f1	1971-07-31	4	1.307	1.452	1.036	2.4385136102182896	2.2287232443955904	(4, 1.307)	1	1	1
r6i1231p1f1	1973-07-13	3	1.317	1.512	0.805	2.0596638385128885	1.6453652661737146	(3, 1.317)	1	1	1
r6i1231p1f1	1975-06-29	3	1.584	1.837	1.607	2.22253547436642	2.235399545522284	(3, 1.584)	2	3	3
r6i1231p1f1	1976-06-28	4	1.207	1.287	0.637	2.366123113798033	1.807632818384345	(4, 1.207)	1	1	1
r6i1231p1f1	1979-07-21	6	1.628	1.727	3.481	3.215936140527322	3.9543167375522916	(6, 1.628)	2	2	0
r6i1231p1f1	1979-08-07	4	1.697	2.02	2.593	2.6793763405176025	3.0793378574087877	(4, 1.697)	2	2	0
r6i1231p1f1	1979-08-28	7	1.458	1.758	2.865	3.3322951446651037	3.9901045767468943	(7, 1.458)	2	3	2
r6i1231p1f1	1980-05-31	5	1.5	1.959	2.257	2.8775403323148376	3.2670573133973417	(5, 1.5)	2	2	0
r6i1231p1f1	1980-07-01	7	1.302	1.661	1.78	3.223400670259069	3.525361830082773	(7, 1.302)	2	3	2
r6i1231p1f1	1980-07-30	3	1.294	1.452	0.737	2.044309220199835	1.574756263914007	(3, 1.294)	1	1	1
r6i1231p1f1	1981-08-18	12	1.421	1.776	4.476	4.0955082305861845	5.231449873872616	(12, 1.421)	0	0	2
r6i1231p1f1	1983-08-08	7	1.256	1.51	1.451	3.1888884865256273	3.327654749496132	(7, 1.256)	1	3	1
r6i1231p1f1	1984-05-29	8	1.256	1.425	1.663	3.3816759303136044	3.654013501370847	(8, 1.256)	1	3	2
r6i1231p1f1	1984-07-14	3	1.549	1.91	1.503	2.2026365840584483	2.1758666782488048	(3, 1.549)	2	3	3
r6i1231p1f1	1984-07-31	4	1.503	1.754	1.817	2.5667938092601843	2.743159911548969	(4, 1.503)	2	3	3
r6i1231p1f1	1984-08-25	4	1.182	1.236	0.537	2.3471759763219207	1.6669518186347072	(4, 1.182)	1	1	1
r6i1231p1f1	1986-08-14	7	1.225	1.343	1.24	3.1649397780057384	3.1765994974867566	(7, 1.225)	1	1	1
r6i1231p1f1	1987-06-16	3	1.228	1.347	0.538	1.9988922189911715	1.333824059440456	(3, 1.228)	1	1	1
r6i1231p1f1	1987-08-09	4	1.418	1.746	1.479	2.5131701150608596	2.5519420511241586	(4, 1.418)	2	3	3
r6i1231p1f1	1987-08-25	3	1.529	1.708	1.443	2.1910854440634067	2.1398364837060835	(3, 1.529)	2	3	3
r6i1231p1f1	1988-06-04	6	1.725	2.269	4.063	3.2715524778105594	4.106168729573755	(6, 1.725)	0	2	0
r6i1231p1f1	1988-07-21	3	1.428	1.853	1.139	2.13062237682456	1.9341870743280345	(3, 1.428)	2	3	3
r6i1231p1f1	1990-07-22	5	1.47	1.7	2.109	2.8584853947441196	3.2019061234132646	(5, 1.47)	2	3	3
r6i1231p1f1	1991-08-04	4	1.347	1.647	1.196	2.4660635619865205	2.357830567220024	(4, 1.347)	1	3	3
r6i1231p1f1	1991-08-29	3	1.264	1.385	0.646	2.0239204625683063	1.4717182102318955	(3, 1.264)	1	1	1
r6i1231p1f1	1992-07-14	4	1.759	2.009	2.842	2.712838717834007	3.1669928829885206	(4, 1.759)	2	2	0
r6i1231p1f1	1993-06-27	3	1.239	1.454	0.572	2.0066064122360014	1.3793198924049874	(3, 1.239)	1	1	1
r6i1231p1f1	1997-07-28	4	1.307	1.46	1.035	2.4385136102182896	2.2278615467981093	(4, 1.307)	1	1	1
r6i1231p1f1	1998-06-09	8	1.52	1.714	3.776	3.5665330989981268	4.459463564690415	(8, 1.52)	2	3	2
r6i1231p1f1	1999-06-25	4	1.35	1.459	1.206	2.468099531471619	2.3653720810928105	(4, 1.35)	1	1	3
r6i1231p1f1	1999-08-06	3	1.281	1.421	0.699	2.0355250837068217	1.533012605156896	(3, 1.281)	1	1	1
r6i1231p1f1	1999-08-14	10	1.672	1.921	6.241	3.9866346681573246	5.2900722123485675	(10, 1.672)	0	0	4
r6i1231p1f1	2000-06-22	4	1.27	1.442	0.885	2.412335956953165	2.089391872533004	(4, 1.27)	1	1	1
r6i1231p1f1	2000-08-15	4	1.165	1.347	0.466	2.334083760053417	1.5535022801037972	(4, 1.165)	1	1	1
r6i1231p1f1	2001-07-09	5	1.512	1.973	2.318	2.885061791047657	3.292721940368728	(5, 1.512)	2	2	0
r6i1231p1f1	2001-07-18	3	1.236	1.358	0.563	2.0045084361444423	1.367476870982593	(3, 1.236)	1	1	1
r6i1231p1f1	2002-08-04	3	1.498	2.107	1.348	2.1729132517628136	2.0799930727846583	(3, 1.498)	2	2	3
r6i1231p1f1	2005-06-30	7	1.427	1.668	2.652	3.31157933193204	3.914334877762773	(7, 1.427)	2	3	2
r6i1231p1f1	2006-06-01	3	1.42	1.582	1.115	2.125673250105425	1.9159971769397985	(3, 1.42)	1	3	3
r6i1231p1f1	2006-06-18	6	1.109	1.219	0.367	2.850643190163154	1.85532508186994	(6, 1.109)	1	1	1
r6i1231p1f1	2006-08-12	3	1.228	1.262	0.539	1.9988922189911715	1.335192142118085	(3, 1.228)	1	1	1
r6i1231p1f1	2007-07-27	3	1.557	1.764	1.527	2.207219937115529	2.1899229574343737	(3, 1.557)	2	3	3
r6i1231p1f1	2008-07-01	3	1.294	1.48	0.736	2.044309220199835	1.573679779711439	(3, 1.294)	1	1	1
r6i1231p1f1	2010-06-10	4	1.202	1.305	0.613	2.3623622970299065	1.7756300872981714	(4, 1.202)	1	1	1
r6i1231p1f1	2010-07-19	19	1.614	2.89	10.751	4.902827304353599	6.79277971801343	(19, 1.614)	0	0	4
r6i1231p1f1	2010-08-28	4	1.562	1.917	2.053	2.602393345243667	2.857848566190605	(4, 1.562)	2	2	0
r6i1251p1f1	1851-08-06	6	1.441	1.683	2.388	3.0991138065413635	3.586190063229322	(6, 1.441)	2	3	3
r6i1251p1f1	1852-06-14	3	1.281	1.5	0.713	2.0355250837068217	1.5485953108071313	(3, 1.281)	1	1	1
r6i1251p1f1	1853-06-21	8	1.433	1.738	3.118	3.5093067724412013	4.270428457968147	(8, 1.433)	2	3	2
r6i1251p1f1	1853-07-24	5	1.242	1.389	0.995	2.7004199741703525	2.4952231007448065	(5, 1.242)	1	1	1
r6i1251p1f1	1853-08-28	4	1.429	1.775	1.543	2.5202737936252917	2.591066845616391	(4, 1.429)	2	3	3
r6i1251p1f1	1854-06-20	4	1.455	1.651	1.645	2.5368663887187113	2.6504210882655737	(4, 1.455)	2	3	3
r6i1251p1f1	1855-08-15	4	1.158	1.21	0.459	2.3286426273133354	1.541587245525926	(4, 1.158)	1	1	1
r6i1251p1f1	1857-07-04	5	1.565	1.921	2.609	2.917621095156035	3.40683170456152	(5, 1.565)	2	2	0
r6i1251p1f1	1858-07-11	4	1.265	1.403	0.886	2.4087452888224363	2.0903814817181705	(4, 1.265)	1	1	1
r6i1251p1f1	1859-06-10	13	1.399	1.696	4.627	4.198316529996315	5.383933046036038	(13, 1.399)	0	0	2
r6i1251p1f1	1860-07-28	5	1.406	1.656	1.812	2.8165791648322775	3.056769792523632	(5, 1.406)	2	3	3
r6i1251p1f1	1861-07-01	12	1.381	1.587	4.053	4.067437320236261	5.132735198084495	(12, 1.381)	0	0	2
r6i1251p1f1	1861-08-25	6	1.877	2.433	5.001	3.3529224566470757	4.310790926988847	(6, 1.877)	0	2	0
r6i1251p1f1	1866-06-15	3	1.164	1.188	0.361	1.9527894920251458	1.0563347299798889	(3, 1.164)	1	1	1
r6i1251p1f1	1866-07-12	12	1.508	2.231	5.581	4.153970769357574	5.4510290688392855	(12, 1.508)	0	0	4
r6i1251p1f1	1867-08-08	5	1.659	2.109	3.081	2.9728823856129414	3.5680281058110057	(5, 1.659)	2	2	0
r6i1251p1f1	1868-08-06	4	1.621	1.867	2.311	2.6367689990972463	2.9697988915274864	(4, 1.621)	2	2	0
r6i1251p1f1	1869-07-20	4	1.213	1.295	0.681	2.3706175033858727	1.8637700052043273	(4, 1.213)	1	1	1
r6i1251p1f1	1869-08-28	4	1.672	2.014	2.515	2.6655601494812577	3.050220458838061	(4, 1.672)	2	2	0
r6i1251p1f1	1870-06-24	9	1.556	1.812	4.611	3.7614791465282797	4.8322818539036545	(9, 1.556)	0	0	2
r6i1251p1f1	1871-06-10	7	1.412	1.598	2.581	3.301399365046624	3.8877464794703056	(7, 1.412)	2	3	2
r6i1251p1f1	1872-08-10	3	1.464	1.854	1.262	2.1525952453512627	2.0225463169834965	(3, 1.464)	2	3	3
r6i1251p1f1	1873-06-30	3	1.306	1.508	0.789	2.052349733401824	1.629194315429705	(3, 1.306)	1	1	1
r6i1251p1f1	1873-07-06	3	1.495	1.851	1.356	2.1711369998729504	2.085172921547925	(3, 1.495)	2	3	3
r6i1251p1f1	1873-08-10	5	1.774	2.217	3.654	3.0365825697740596	3.734162569793539	(5, 1.774)	2	2	0
r6i1251p1f1	1875-06-02	6	1.254	1.42	1.263	2.9668162471598656	2.973600833488488	(6, 1.254)	1	1	1
r6i1251p1f1	1876-08-24	3	1.531	1.885	1.465	2.1922465808862563	2.153198763849829	(3, 1.531)	2	3	3
r6i1251p1f1	1877-06-21	6	1.297	1.47	1.523	2.99882394831543	3.1520279627551293	(6, 1.297)	1	3	1
r6i1251p1f1	1877-07-13	5	1.44	1.714	1.985	2.8390603018231353	3.143849417154233	(5, 1.44)	2	3	3
r6i1251p1f1	1877-08-14	5	1.298	1.713	1.276	2.741619150905877	2.725635581039404	(5, 1.298)	1	3	3
r6i1251p1f1	1878-07-14	11	1.535	2.099	5.41	4.0430724884015135	5.29014577623149	(11, 1.535)	0	0	4
r6i1251p1f1	1878-08-29	3	1.535	1.788	1.475	2.1945648176264645	2.159214000165383	(3, 1.535)	2	3	3
r6i1251p1f1	1879-06-02	4	1.488	1.734	1.781	2.5575373408229076	2.724448346911846	(4, 1.488)	2	3	3
r6i1251p1f1	1879-06-17	5	1.421	1.611	1.888	2.826559667962716	3.0959613225701736	(5, 1.421)	2	3	3
r6i1251p1f1	1879-08-01	8	1.633	2.011	4.72	3.6362845750767954	4.680290721751502	(8, 1.633)	0	0	0
r6i1251p1f1	1880-06-21	4	1.529	1.849	1.942	2.5826381382813355	2.805539822379467	(4, 1.529)	2	3	3
r6i1251p1f1	1881-07-04	3	1.287	1.506	0.732	2.039588890738971	1.5693622171593682	(3, 1.287)	1	1	1
r6i1251p1f1	1883-08-18	7	1.689	2.125	4.522	3.4744700783068634	4.4396893685505	(7, 1.689)	0	2	0
r6i1251p1f1	1884-07-22	4	1.553	1.764	2.039	2.59704414972485	2.8513999026640713	(4, 1.553)	2	3	3
r6i1251p1f1	1885-07-18	3	1.084	1.111	0.122	1.8920012906264554	0.49098852036448487	(3, 1.084)	1	1	1
r6i1251p1f1	1886-07-30	6	1.646	2.119	3.614	3.226493167100773	3.991106525520822	(6, 1.646)	2	2	0
r6i1251p1f1	1887-06-14	3	1.316	1.385	0.819	2.0590011260458523	1.659303466582823	(3, 1.316)	1	1	1
r6i1251p1f1	1888-07-01	4	1.33	1.488	1.147	2.454447442303292	2.320032006597766	(4, 1.33)	1	1	3
r6i1251p1f1	1888-08-01	4	1.389	1.493	1.383	2.494196696695093	2.4902258112656	(4, 1.389)	1	3	3
r6i1251p1f1	1890-06-06	5	1.396	1.622	1.762	2.8098697238147503	3.030122051979963	(5, 1.396)	2	3	3
r6i1251p1f1	1890-07-05	3	1.213	1.224	0.509	1.9882760330494176	1.2933129031053585	(3, 1.213)	1	1	1
r6i1251p1f1	1890-08-12	8	1.463	1.905	3.358	3.529412071789717	4.343582881238574	(8, 1.463)	2	2	2
r6i1251p1f1	1891-07-06	3	1.852	2.164	2.427	2.36304728155799	2.610882839329226	(3, 1.852)	2	2	0
r6i1251p1f1	1892-08-07	4	1.632	1.963	2.355	2.643049350884796	2.987700101856727	(4, 1.632)	2	2	0
r6i1251p1f1	1892-08-22	3	1.356	1.498	0.938	2.085172921547925	1.770534295917709	(3, 1.356)	1	1	3
r6i1251p1f1	1894-06-30	3	1.102	1.201	0.178	1.9060043968328555	0.6548818791012503	(3, 1.102)	1	1	1
r6i1251p1f1	1894-07-05	4	1.49	1.732	1.789	2.558776498354456	2.7286368347105983	(4, 1.49)	2	3	3
r6i1251p1f1	1896-08-11	4	1.859	2.382	3.262	2.764556550542517	3.2993861155154707	(4, 1.859)	2	2	0
r6i1251p1f1	1897-08-20	4	1.658	2.142	2.459	2.657738880560839	3.0287801276001916	(4, 1.658)	2	2	0
r6i1251p1f1	1898-07-22	5	1.77	2.346	3.635	3.0344336980961013	3.7290741036798973	(5, 1.77)	0	2	0
r6i1251p1f1	1898-07-30	8	1.347	1.529	2.433	3.4493248086909447	4.026288850678911	(8, 1.347)	2	3	2
r6i1251p1f1	1901-06-15	6	1.589	1.785	3.277	3.192672915869643	3.895118268569661	(6, 1.589)	2	2	0
r6i1251p1f1	1908-08-03	5	1.418	1.69	1.872	2.8245715202681683	3.0878371522921615	(5, 1.418)	2	3	3
r6i1251p1f1	1908-08-15	10	1.777	2.379	7.341	4.046443298234678	5.451651154379696	(10, 1.777)	0	0	4
r6i1251p1f1	1909-06-30	3	1.316	1.446	0.817	2.0590011260458523	1.6573241499661222	(3, 1.316)	1	1	1
r6i1251p1f1	1910-07-01	10	1.837	2.533	7.939	4.07907931591995	5.529640269341002	(10, 1.837)	0	0	4
r6i1251p1f1	1911-06-13	3	1.409	1.599	1.097	2.118827957881691	1.9021342734584945	(3, 1.409)	1	3	3
r6i1251p1f1	1912-06-18	4	1.164	1.301	0.482	2.3333082656368864	1.580215053757197	(4, 1.164)	1	1	1
r6i1251p1f1	1913-06-03	5	1.312	1.478	1.345	2.7516590883005363	2.774933293376471	(5, 1.312)	1	3	1
r6i1251p1f1	1916-08-15	3	1.662	1.991	1.856	2.2655066375273187	2.3650018864093703	(3, 1.662)	2	2	0
r6i1251p1f1	1917-06-24	4	1.599	1.845	2.222	2.624088713921337	2.932579458548722	(4, 1.599)	2	2	0
r6i1251p1f1	1917-07-26	5	1.608	1.996	2.826	2.9432797042615224	3.484178553113692	(5, 1.608)	2	2	0
r6i1251p1f1	1918-06-02	3	1.136	1.161	0.277	1.9319313496243482	0.8917251418628664	(3, 1.136)	1	1	1
r6i1251p1f1	1918-06-15	3	1.231	1.324	0.562	2.0010019984654726	1.3661522799138386	(3, 1.231)	1	1	1
r6i1251p1f1	1918-07-04	10	1.748	2.416	7.051	4.0302790580786745	5.4115219272700825	(10, 1.748)	0	0	4
r6i1251p1f1	1919-06-16	5	1.509	1.871	2.33	2.8831867233698234	3.297694100937281	(5, 1.509)	2	3	3
r6i1251p1f1	1919-08-17	3	1.365	1.519	0.964	2.0909683590509247	1.7932734784523279	(3, 1.365)	1	1	3
r6i1251p1f1	1920-07-09	4	1.398	1.552	1.42	2.5001236155928606	2.514465452029545	(4, 1.398)	1	3	3
r6i1251p1f1	1920-07-23	4	1.525	1.777	1.927	2.580216829592325	2.798256468988359	(4, 1.525)	2	3	3
r6i1251p1f1	1921-08-24	4	1.428	1.653	1.541	2.519630085846386	2.589867085424487	(4, 1.428)	2	3	3
r6i1251p1f1	1923-07-06	3	1.155	1.277	0.335	1.9461324169557104	1.008217398267985	(3, 1.155)	1	1	1
r6i1251p1f1	1923-08-28	4	1.156	1.262	0.452	2.327082564594433	1.5295285292057985	(4, 1.156)	1	1	1
r6i1251p1f1	1925-07-09	4	1.399	1.746	1.422	2.5007799989442905	2.515759113270765	(4, 1.399)	2	3	3
r6i1251p1f1	1925-08-02	7	1.615	2.008	4.002	3.4310868273446857	4.31906123856821	(7, 1.615)	0	2	0
r6i1251p1f1	1925-08-14	4	1.2	1.292	0.629	2.3608540011180215	1.797078630705655	(4, 1.2)	1	1	1
r6i1251p1f1	1926-06-14	4	1.104	1.138	0.241	2.285642372263734	1.0743195960990652	(4, 1.104)	1	1	1
r6i1251p1f1	1929-07-23	8	1.607	2.299	4.506	3.6206610803691195	4.634332220137786	(8, 1.607)	0	0	0
r6i1251p1f1	1930-08-10	6	1.251	1.461	1.249	2.964544450659022	2.9630270473274924	(6, 1.251)	1	1	1
r6i1251p1f1	1931-08-08	3	1.543	1.724	1.5	2.1991852304697743	2.1740956692903315	(3, 1.543)	2	3	3
r6i1251p1f1	1932-07-22	3	1.135	1.206	0.274	1.9311783092390282	0.8853141797945967	(3, 1.135)	1	1	1
r6i1251p1f1	1932-08-13	4	1.411	1.759	1.473	2.508623176405316	2.548194389023919	(4, 1.411)	2	3	3
r6i1251p1f1	1933-06-19	7	1.43	1.908	2.71	3.313602948319348	3.9355422932767237	(7, 1.43)	2	3	2
r6i1251p1f1	1935-06-13	3	1.317	1.464	0.82	2.0596638385128885	1.6602916576917774	(3, 1.317)	1	1	1
r6i1251p1f1	1935-06-22	5	1.367	1.543	1.618	2.790153837523084	2.9491536339041073	(5, 1.367)	1	3	3
r6i1251p1f1	1938-08-19	9	1.555	1.793	4.607	3.7608512176264073	4.831420905053012	(9, 1.555)	0	0	2
r6i1251p1f1	1939-06-06	5	1.452	1.576	2.042	2.8468756771092045	3.170955951996872	(5, 1.452)	2	3	3
r6i1251p1f1	1939-07-10	7	1.283	1.503	1.677	3.209289725671341	3.4675615677771368	(7, 1.283)	1	3	2
r6i1251p1f1	1939-07-31	4	1.205	1.324	0.646	2.3646204839134985	1.8193746362610284	(4, 1.205)	1	1	1
r6i1251p1f1	1939-08-07	3	1.421	1.678	1.134	2.126293232111315	1.9304247013565112	(3, 1.421)	2	3	3
r6i1251p1f1	1940-07-15	6	1.42	1.6	2.261	3.085099950178096	3.5330959626173417	(6, 1.42)	2	3	3
r6i1251p1f1	1940-07-23	3	1.284	1.543	0.723	2.0375590515374253	1.5595789996958684	(3, 1.284)	1	1	1
r6i1251p1f1	1941-08-27	4	1.241	1.313	0.792	2.3913283028284344	1.9927937349541638	(4, 1.241)	1	1	1
r6i1251p1f1	1942-06-24	5	1.326	1.493	1.414	2.7615992265	2.8219144930013615	(5, 1.326)	1	3	3
r6i1251p1f1	1942-07-28	7	1.509	1.824	3.261	3.3654690278741097	4.117321316213773	(7, 1.509)	2	2	2
r6i1251p1f1	1943-08-20	3	1.213	1.268	0.509	1.9882760330494176	1.2933129031053585	(3, 1.213)	1	1	1
r6i1251p1f1	1944-08-03	9	1.354	1.69	2.799	3.6258864047860144	4.338244534192967	(9, 1.354)	2	3	2
r6i1251p1f1	1944-08-27	4	1.282	1.502	0.954	2.420901319812088	2.1554762279558335	(4, 1.282)	1	1	1
r6i1251p1f1	1946-07-18	3	1.199	1.287	0.469	1.9782648663799822	1.2345976845847308	(3, 1.199)	1	1	1
r6i1251p1f1	1946-08-14	3	1.43	1.74	1.161	2.131855840787614	1.950575387425793	(3, 1.43)	2	3	3
r6i1251p1f1	1947-06-13	5	1.501	1.875	2.288	2.8781692858116847	3.280182290885593	(5, 1.501)	2	3	3
r6i1251p1f1	1949-07-26	4	2.004	2.472	3.845	2.835093927591178	3.458207636378935	(4, 2.004)	0	2	0
r6i1251p1f1	1949-08-23	4	1.249	1.417	0.824	2.397167735479994	2.0270950613076266	(4, 1.249)	1	1	1
r6i1251p1f1	1951-06-16	4	1.279	1.39	0.942	2.418766847283455	2.144292513999452	(4, 1.279)	1	1	1
r6i1251p1f1	1951-06-22	4	1.157	1.302	0.455	2.327862900178314	1.534714366238164	(4, 1.157)	1	1	1
r6i1251p1f1	1952-06-26	6	1.589	1.771	3.273	3.192672915869643	3.8939217531753076	(6, 1.589)	2	2	0
r6i1251p1f1	1954-07-12	4	1.483	1.679	1.759	2.5544327124366104	2.712838717834007	(4, 1.483)	2	3	3
r6i1251p1f1	1954-08-03	17	1.362	1.617	5.427	4.5691946332191264	5.943831917760431	(17, 1.362)	0	0	2
r6i1251p1f1	1955-07-24	3	1.528	1.739	1.455	2.190504369670776	2.147147125388408	(3, 1.528)	2	3	3
r6i1251p1f1	1955-08-04	3	1.591	1.918	1.644	2.2264681739754115	2.2557528420685657	(3, 1.591)	2	2	3
r6i1251p1f1	1955-08-17	3	1.224	1.283	0.543	1.9960722377456375	1.340645832792137	(3, 1.224)	1	1	1
r6i1251p1f1	1959-06-01	10	1.242	1.366	1.991	3.6957430590773965	4.158272712964562	(10, 1.242)	1	3	2
r6i1251p1f1	1960-07-17	3	1.189	1.28	0.436	1.9710521701375956	1.1834197671705207	(3, 1.189)	1	1	1
r6i1251p1f1	1960-07-24	8	1.989	2.522	7.569	3.828770353585975	5.149045130078027	(8, 1.989)	0	0	4
r6i1251p1f1	1961-06-16	4	1.362	1.561	1.275	2.476202209157854	2.4159137783010487	(4, 1.362)	1	3	3
r6i1251p1f1	1961-08-27	5	1.358	1.527	1.575	2.78395522603609	2.923647232814677	(5, 1.358)	1	3	3
r6i1251p1f1	1962-06-24	5	1.216	1.318	0.866	2.68069910024658	2.368576402939051	(5, 1.216)	1	1	1
r6i1251p1f1	1964-08-29	3	1.258	1.385	0.644	2.0197923479787105	1.4693300070719546	(3, 1.258)	1	1	1
r6i1251p1f1	1966-06-23	4	1.183	1.316	0.558	2.3479407947148427	1.698181122268489	(4, 1.183)	1	1	1
r6i1251p1f1	1966-07-17	4	1.522	1.635	1.915	2.5783969928753394	2.792391349535961	(4, 1.522)	2	3	3
r6i1251p1f1	1968-06-16	5	1.26	1.376	1.085	2.7138485752091657	2.5749506221231435	(5, 1.26)	1	1	1
r6i1251p1f1	1968-08-04	8	1.357	1.93	2.514	3.4564871668621238	4.058463921249046	(8, 1.357)	2	3	2
r6i1251p1f1	1969-08-09	5	1.076	1.095	0.164	2.567257899875715	1.0415394270095846	(5, 1.076)	1	1	1
r6i1251p1f1	1971-07-27	3	1.482	1.683	1.315	2.1634032397365477	2.058337974099738	(3, 1.482)	2	3	3
r6i1251p1f1	1973-05-28	9	1.131	1.315	0.792	3.451161459699603	3.1083464179231255	(9, 1.131)	1	1	1
r6i1251p1f1	1974-06-10	7	1.292	1.444	1.742	3.215998684156201	3.5044243675768048	(7, 1.292)	1	3	2
r6i1251p1f1	1974-07-01	11	1.743	2.271	7.701	4.168054136420292	5.64174607434693	(11, 1.743)	0	0	4
r6i1251p1f1	1974-08-16	5	1.466	1.869	2.113	2.8559170805777683	3.2037239399220816	(5, 1.466)	2	3	3
r6i1251p1f1	1975-06-26	3	1.048	1.069	0.016	1.8633927223480167	0.07986278880908304	(3, 1.048)	1	1	1
r6i1251p1f1	1975-08-22	7	1.307	1.546	1.849	3.227081218160558	3.5622941449021512	(7, 1.307)	1	3	2
r6i1251p1f1	1976-08-05	8	1.213	1.497	1.357	3.348044704202884	3.4564871668621238	(8, 1.213)	1	3	2
r6i1251p1f1	1977-07-05	4	1.432	1.573	1.554	2.5222024345316973	2.5976399197752396	(4, 1.432)	2	3	3
r6i1251p1f1	1977-07-18	3	1.261	1.412	0.653	2.0218585354382537	1.4800322901371412	(3, 1.261)	1	1	1
r6i1251p1f1	1977-08-02	3	1.184	1.332	0.422	1.96742621912213	1.1608908587834577	(3, 1.184)	1	1	1
r6i1251p1f1	1978-06-05	3	1.417	1.601	1.122	2.1238109944799253	1.9213368284541927	(3, 1.417)	1	3	3
r6i1251p1f1	1979-08-05	5	1.143	1.358	0.5	2.623155019130585	1.8855791363077765	(5, 1.143)	1	1	1
r6i1251p1f1	1980-06-04	3	1.189	1.289	0.436	1.9710521701375956	1.1834197671705207	(3, 1.189)	1	1	1
r6i1251p1f1	1982-06-24	11	1.444	1.814	4.406	3.9830641170118875	5.086011976411889	(11, 1.444)	0	0	2
r6i1251p1f1	1982-07-25	9	1.582	1.912	4.847	3.7776684169279955	4.881809005564951	(9, 1.582)	0	0	2
r6i1251p1f1	1982-08-06	3	1.088	1.106	0.134	1.895130081726901	0.5284402265182326	(3, 1.088)	1	1	1
r6i1251p1f1	1986-07-03	8	1.606	2.095	4.502	3.6200552746139163	4.633452750153667	(8, 1.606)	0	2	0
r6i1251p1f1	1986-08-09	4	1.521	1.776	1.913	2.577789643934714	2.791410476480369	(4, 1.521)	2	3	3
r6i1251p1f1	1987-06-23	6	1.321	1.755	1.669	3.016253059642768	3.239822514504074	(6, 1.321)	2	3	3
r6i1251p1f1	1987-07-31	9	1.507	2.2	4.176	3.730237305037501	4.734020640094073	(9, 1.507)	0	0	2
r6i1251p1f1	1988-06-14	7	1.25	1.331	1.447	3.184297794990596	3.3249933949598267	(7, 1.25)	1	1	1
r6i1251p1f1	1988-06-27	4	1.373	1.65	1.32	2.4835724267748636	2.4475508632442313	(4, 1.373)	2	3	3
r6i1251p1f1	1988-08-10	3	1.214	1.303	0.511	1.9889872958811943	1.2961600824001045	(3, 1.214)	1	1	1
r6i1251p1f1	1993-08-06	3	1.232	1.304	0.565	2.001704270299514	1.3701208010874533	(3, 1.232)	1	1	1
r6i1251p1f1	1994-07-30	3	1.406	1.546	1.088	2.1169528988419004	1.895130081726901	(3, 1.406)	1	3	3
r6i1251p1f1	1995-06-15	5	1.465	1.681	2.109	2.8552739700488834	3.2019061234132646	(5, 1.465)	2	3	3
r6i1251p1f1	1996-06-16	5	1.187	1.33	0.717	2.6582339519398657	2.199034460657382	(5, 1.187)	1	1	1
r6i1251p1f1	1996-07-17	4	1.333	1.558	1.158	2.456507175266302	2.3286426273133354	(4, 1.333)	1	3	3
r6i1251p1f1	1998-07-17	6	1.422	1.684	2.273	3.086443096396323	3.5382350691463413	(6, 1.422)	2	3	3
r6i1251p1f1	2000-08-03	4	1.436	1.638	1.57	2.524768183213131	2.6071242825122494	(4, 1.436)	2	3	3
r6i1251p1f1	2001-06-16	5	1.556	1.908	2.562	2.912166346811434	3.38926078280711	(5, 1.556)	2	2	0
r6i1251p1f1	2001-06-25	4	1.292	1.442	0.994	2.427983502388379	2.191876971009624	(4, 1.292)	1	1	1
r6i1251p1f1	2001-08-07	7	1.737	2.178	4.859	3.501636512886231	4.510748943737318	(7, 1.737)	0	2	0
r6i1251p1f1	2004-08-22	4	1.266	1.446	0.893	2.409464454621142	2.097281459808167	(4, 1.266)	1	1	1
r6i1251p1f1	2006-06-14	7	1.171	1.465	0.892	3.1218019244817747	2.8633471486442437	(7, 1.171)	1	1	1
r6i1251p1f1	2006-07-07	4	1.505	1.798	1.846	2.5680215564985067	2.757982569850419	(4, 1.505)	2	3	3
r6i1251p1f1	2006-07-16	3	1.545	1.662	1.507	2.200337005711071	2.1782231551049995	(3, 1.545)	2	3	3
r6i1251p1f1	2006-07-22	4	1.729	2.058	2.742	2.6967870088234993	3.1327077285810687	(4, 1.729)	2	2	0
r6i1251p1f1	2006-08-25	5	1.246	1.425	1.014	2.7034197303220164	2.512591905636091	(5, 1.246)	1	1	1
r6i1251p1f1	2008-06-15	7	1.2	1.425	1.096	3.1451996185092757	3.058622752657611	(7, 1.2)	1	1	1
r6i1251p1f1	2009-06-21	4	1.366	1.471	1.292	2.4788885774624374	2.427983502388379	(4, 1.366)	1	3	3
r6i1251p1f1	2010-08-16	3	1.13	1.215	0.26	1.9274045777056474	0.8548406121371308	(3, 1.13)	1	1	1
r6i1281p1f1	1851-06-16	4	1.372	1.772	1.27	2.4829046471173273	2.412335956953165	(4, 1.372)	2	3	3
r6i1281p1f1	1852-06-13	3	1.278	1.396	0.672	2.033486970417922	1.502256724370767	(3, 1.278)	1	1	1
r6i1281p1f1	1853-07-07	5	1.576	1.918	2.61	2.924247854096473	3.407202220024617	(5, 1.576)	2	2	0
r6i1281p1f1	1853-08-07	4	1.524	1.7	1.877	2.579610585257298	2.7735882225728647	(4, 1.524)	2	3	3
r6i1281p1f1	1855-07-27	5	1.221	1.654	0.834	2.68452190228223	2.3345103615048095	(5, 1.221)	1	1	1
r6i1281p1f1	1856-08-19	4	1.339	1.419	1.138	2.4606139572189556	2.31293138504819	(4, 1.339)	1	1	1
r6i1281p1f1	1857-08-10	4	1.415	1.603	1.443	2.511223958105374	2.529242463608052	(4, 1.415)	2	3	3
r6i1281p1f1	1858-08-16	3	1.209	1.293	0.466	1.9854259119535547	1.2300518784506422	(3, 1.209)	1	1	1
r6i1281p1f1	1859-07-29	6	1.591	1.838	3.218	3.193879158527109	3.8773228167266085	(6, 1.591)	2	2	0
r6i1281p1f1	1860-06-18	3	1.512	1.648	1.372	2.181160963696629	2.0954528148814386	(3, 1.512)	2	3	3
r6i1281p1f1	1860-06-30	5	1.667	1.931	3.063	2.9774474500261805	3.5623344873509395	(5, 1.667)	2	2	0
r6i1281p1f1	1861-05-29	7	1.388	1.631	2.336	3.2848927428248342	3.790156465974178	(7, 1.388)	2	3	2
r6i1281p1f1	1861-07-19	5	1.615	1.896	2.804	2.947395074991464	3.4766039140812155	(5, 1.615)	2	2	0
r6i1281p1f1	1862-08-16	3	1.477	1.631	1.267	2.1604127176168655	2.0259781469017057	(3, 1.477)	2	3	3
r6i1281p1f1	1863-07-30	4	1.433	1.605	1.514	2.5228444891283925	2.5735278414415284	(4, 1.433)	2	3	3
r6i1281p1f1	1864-06-11	4	1.22	1.37	0.662	2.3758355547336385	1.839914511115102	(4, 1.22)	1	1	1
r6i1281p1f1	1865-07-05	3	1.248	1.482	0.581	2.0128740600650636	1.3910242967152038	(3, 1.248)	1	1	1
r6i1281p1f1	1865-07-22	5	1.596	1.959	2.71	2.9361851392506564	3.44357723713057	(5, 1.596)	2	2	0
r6i1281p1f1	1866-08-20	5	1.41	1.563	1.779	2.819250387128433	3.039262182036869	(5, 1.41)	2	3	3
r6i1281p1f1	1867-08-05	4	1.477	1.619	1.69	2.5506943903260035	2.67552700939665	(4, 1.477)	2	3	3
r6i1281p1f1	1870-06-06	4	1.493	1.707	1.755	2.560632360316136	2.7107133185216936	(4, 1.493)	2	3	3
r6i1281p1f1	1870-06-27	4	1.091	1.116	0.147	2.275008325223811	0.7774883289936961	(4, 1.091)	1	1	1
r6i1281p1f1	1871-06-13	7	1.374	1.544	2.239	3.2751365333733213	3.748724014074519	(7, 1.374)	2	3	2
r6i1281p1f1	1871-07-19	3	1.839	2.26	2.353	2.3566683009598752	2.582225919914203	(3, 1.839)	2	2	0
r6i1281p1f1	1871-07-24	4	2.097	2.539	4.169	2.8778492328972742	3.536660241136425	(4, 2.097)	0	2	0
r6i1281p1f1	1871-08-20	3	1.213	1.392	0.476	1.9882760330494176	1.2451248876848824	(3, 1.213)	1	1	1
r6i1281p1f1	1872-07-16	3	1.338	1.525	0.85	2.073480301439183	1.6894922309880402	(3, 1.338)	1	1	3
r6i1281p1f1	1874-06-13	3	1.334	1.527	0.839	2.0708632697743425	1.6788840992529575	(3, 1.334)	1	1	3
r6i1281p1f1	1874-08-03	8	1.97	2.776	7.328	3.819381514196668	5.116877691348899	(8, 1.97)	0	0	4
r6i1281p1f1	1876-06-13	3	1.372	1.563	0.954	2.0954528148814386	1.7845887226446142	(3, 1.372)	1	3	3
r6i1281p1f1	1876-06-19	3	1.271	1.349	0.65	2.028715156208546	1.4764775738150402	(3, 1.271)	1	1	1
r6i1281p1f1	1877-08-11	3	1.474	1.775	1.258	2.1586141021623466	2.0197923479787105	(3, 1.474)	2	3	3
r6i1281p1f1	1878-06-13	3	1.565	1.713	1.532	2.211782378854876	2.1928266440992212	(3, 1.565)	2	3	3
r6i1281p1f1	1880-06-26	6	1.833	2.324	4.675	3.3300410355196406	4.2443177755031725	(6, 1.833)	0	2	0
r6i1281p1f1	1881-08-10	4	1.213	1.423	0.634	2.3706175033858727	1.8036880400933288	(4, 1.213)	1	1	1
r6i1281p1f1	1881-08-23	6	1.442	1.883	2.328	3.0997762594218634	3.561457155124762	(6, 1.442)	2	3	3
r6i1281p1f1	1882-07-25	4	1.32	1.59	1.063	2.4475508632442313	2.251712762620289	(4, 1.32)	1	3	3
r6i1281p1f1	1882-08-01	10	1.679	2.292	6.249	3.9907351405451545	5.2913467833030055	(10, 1.679)	0	0	4
r6i1281p1f1	1883-07-29	4	1.16	1.309	0.422	2.330200260027019	1.47613506511968	(4, 1.16)	1	1	1
r6i1281p1f1	1885-06-01	9	1.372	1.486	2.859	3.638743384620139	4.359180129478146	(9, 1.372)	2	3	2
r6i1281p1f1	1886-06-21	3	1.507	1.659	1.357	2.1782231551049995	2.0858185201642803	(3, 1.507)	2	3	3
r6i1281p1f1	1887-07-18	3	1.184	1.229	0.389	1.96742621912213	1.1056882920799471	(3, 1.184)	1	1	1
r6i1281p1f1	1887-07-29	3	1.323	1.491	0.806	2.06363091677193	1.6463673203785967	(3, 1.323)	1	1	1
r6i1281p1f1	1887-08-13	6	1.602	1.877	3.285	3.2004876094511516	3.8975070129571368	(6, 1.602)	2	2	0
r6i1281p1f1	1889-08-22	3	1.469	1.691	1.245	2.1556092020796336	2.0107892059008607	(3, 1.469)	2	3	3
r6i1281p1f1	1891-06-08	3	1.1	1.127	0.138	1.9044581443609874	0.5406187874748858	(3, 1.1)	1	1	1
r6i1281p1f1	1891-06-23	9	1.505	1.789	4.054	3.728941159687783	4.7046353582073674	(9, 1.505)	0	0	2
r6i1281p1f1	1892-06-15	3	1.215	1.379	0.482	1.9896980531777022	1.25406083097726	(3, 1.215)	1	1	1
r6i1281p1f1	1892-07-14	3	1.623	1.758	1.705	2.2442518532984423	2.2884293597712166	(3, 1.623)	2	3	3
r6i1281p1f1	1893-08-22	7	1.445	1.707	2.732	3.3236600569175816	3.9434702772288044	(7, 1.445)	2	3	2
r6i1281p1f1	1895-06-01	3	1.234	1.504	0.538	2.0031073361399168	1.333824059440456	(3, 1.234)	1	1	1
r6i1281p1f1	1895-07-15	8	1.316	1.755	2.091	3.426789776947058	3.8777199029918368	(8, 1.316)	2	3	2
r6i1281p1f1	1896-06-18	5	1.385	1.566	1.652	2.8024369694925695	2.968870787231565	(5, 1.385)	2	3	3
r6i1281p1f1	1897-06-01	5	1.422	1.56	1.84	2.8272215064453143	3.0713880832923093	(5, 1.422)	2	3	3
r6i1281p1f1	1897-06-21	4	1.26	1.405	0.822	2.4051416813191375	2.024985355883777	(4, 1.26)	1	1	1
r6i1281p1f1	1897-08-02	4	1.707	2.029	2.612	2.6848498079317746	3.086303971738378	(4, 1.707)	2	2	0
r6i1281p1f1	1898-08-16	3	1.159	1.19	0.313	1.9490965895169745	0.9656124531448094	(3, 1.159)	1	1	1
r6i1281p1f1	1900-06-28	4	1.41	1.517	1.422	2.5079719227189963	2.515759113270765	(4, 1.41)	1	3	3
r6i1281p1f1	1900-07-21	4	1.378	1.559	1.295	2.486904652450673	2.4300984132930052	(4, 1.378)	1	3	3
r6i1281p1f1	1901-08-10	3	1.195	1.322	0.421	1.9753860276277764	1.159262061528095	(3, 1.195)	1	1	1
r6i1281p1f1	1901-08-20	5	1.253	1.615	0.992	2.7086477478046924	2.4924528693506303	(5, 1.253)	1	1	1
r6i1281p1f1	1902-06-15	3	1.189	1.318	0.404	1.9710521701375956	1.131158720187866	(3, 1.189)	1	1	1
r6i1281p1f1	1903-06-11	3	1.282	1.432	0.683	2.0362035327569803	1.5149012963880648	(3, 1.282)	1	1	1
r6i1281p1f1	1903-06-19	5	1.401	1.68	1.732	2.8132300713878053	3.0137857585191217	(5, 1.401)	2	3	3
r6i1281p1f1	1904-06-23	4	1.414	1.626	1.44	2.510574396536578	2.5273273656719524	(4, 1.414)	2	3	3
r6i1281p1f1	1905-07-04	3	1.646	1.94	1.775	2.25684130711512	2.324656766635255	(3, 1.646)	2	2	0
r6i1281p1f1	1905-07-23	3	1.387	1.732	0.999	2.1049951749847424	1.8230895610787659	(3, 1.387)	2	3	3
r6i1281p1f1	1906-08-03	4	1.307	1.613	1.011	2.4385136102182896	2.2069548619787955	(4, 1.307)	1	3	3
r6i1281p1f1	1906-08-13	5	1.688	1.931	3.167	2.98933252528566	3.5947922777878842	(5, 1.688)	2	2	0
r6i1281p1f1	1908-07-26	3	1.554	1.757	1.499	2.2055036405496002	2.1735046352904637	(3, 1.554)	2	3	3
r6i1281p1f1	1908-08-08	5	1.353	1.571	1.492	2.7804948778000824	2.872494412410056	(5, 1.353)	1	3	3
r6i1281p1f1	1911-06-08	4	1.156	1.224	0.409	2.327082564594433	1.4520821016578938	(4, 1.156)	1	1	1
r6i1281p1f1	1911-08-05	8	1.259	1.457	1.641	3.383980620146459	3.6410431063757374	(8, 1.259)	1	3	2
r6i1281p1f1	1913-06-29	6	1.361	1.717	1.842	3.0446430609037467	3.3347641115004634	(6, 1.361)	2	3	3
r6i1281p1f1	1913-07-15	5	1.842	2.308	3.94	3.0724241151616343	3.8077849519460134	(5, 1.842)	0	2	0
r6i1281p1f1	1914-07-01	4	1.29	1.458	0.941	2.4265710727750367	2.1433548674234886	(4, 1.29)	1	1	1
r6i1281p1f1	1914-07-07	4	1.285	1.51	0.922	2.423031246069913	2.125370473568236	(4, 1.285)	1	1	1
r6i1281p1f1	1914-08-05	4	1.539	1.781	1.94	2.5886658840788526	2.804571768092832	(4, 1.539)	2	3	3
r6i1281p1f1	1914-08-11	5	1.53	1.758	2.378	2.8962389581581185	3.317339146563324	(5, 1.53)	2	3	3
r6i1281p1f1	1917-08-04	6	1.608	1.988	3.323	3.204073896375191	3.908776270315422	(6, 1.608)	2	2	0
r6i1281p1f1	1918-06-23	3	1.171	1.248	0.35	1.9579367511104981	1.0362592347044108	(3, 1.171)	1	1	1
r6i1281p1f1	1920-06-14	3	1.379	1.481	0.974	2.0999172501159333	1.8018834582222802	(3, 1.379)	1	1	3
r6i1281p1f1	1920-07-02	4	1.428	1.715	1.494	2.519630085846386	2.561250216375334	(4, 1.428)	2	3	3
r6i1281p1f1	1920-07-18	4	1.678	2.121	2.494	2.668893485901016	3.042234107205411	(4, 1.678)	2	2	0
r6i1281p1f1	1921-07-13	3	1.273	1.432	0.656	2.030080856770745	1.483574415196268	(3, 1.273)	1	1	1
r6i1281p1f1	1921-08-05	7	1.468	1.762	2.897	3.3388871484016636	4.001007599689905	(7, 1.468)	2	3	2
r6i1281p1f1	1923-07-05	4	1.458	1.665	1.615	2.538763322578711	2.6333266549062735	(4, 1.458)	2	3	3
r6i1281p1f1	1923-07-24	3	1.617	1.948	1.687	2.240941414289114	2.278897661593123	(3, 1.617)	2	2	0
r6i1281p1f1	1925-06-21	3	1.261	1.323	0.62	2.0218585354382537	1.4402176383123728	(3, 1.261)	1	1	1
r6i1281p1f1	1926-08-10	4	1.426	1.754	1.486	2.5183414258742376	2.5562966458746734	(4, 1.426)	2	3	3
r6i1281p1f1	1926-08-19	3	1.216	1.445	0.485	1.9904083056570567	1.2584990357648542	(3, 1.216)	1	1	1
r6i1281p1f1	1927-07-18	4	1.431	1.671	1.508	2.521559967436036	2.569860355668164	(4, 1.431)	2	3	3
r6i1281p1f1	1927-07-27	3	1.344	1.503	0.87	2.077393051971457	1.708496079343387	(3, 1.344)	1	1	3
r6i1281p1f1	1927-08-26	9	1.316	1.755	2.355	3.5981885888294327	4.167982185683979	(9, 1.316)	2	3	2
r6i1281p1f1	1929-06-10	3	1.472	1.739	1.254	2.1574132254427836	2.017030773679079	(3, 1.472)	2	3	3
r6i1281p1f1	1931-08-04	6	1.487	1.612	2.595	3.12914136117319	3.6671080500739732	(6, 1.487)	2	3	3
r6i1281p1f1	1933-06-27	5	1.573	2.043	2.594	2.92244490692875	3.401257435464632	(5, 1.573)	2	2	0
r6i1281p1f1	1934-06-01	5	1.602	1.814	2.74	2.9397387133494814	3.4542366418692567	(5, 1.602)	2	2	0
r6i1281p1f1	1934-07-08	7	1.863	2.505	5.66	3.5696240401289425	4.6617836391719765	(7, 1.863)	0	2	4
r6i1281p1f1	1934-07-22	4	1.676	1.948	2.488	2.667783607873655	3.0399405282183114	(4, 1.676)	2	2	0
r6i1281p1f1	1934-08-07	8	1.927	2.249	6.98	3.7978018512231797	5.0685228128076245	(8, 1.927)	0	0	4
r6i1281p1f1	1934-08-20	4	1.505	1.96	1.805	2.5680215564985067	2.73696154459663	(4, 1.505)	2	3	3
r6i1281p1f1	1935-06-08	3	1.183	1.292	0.385	1.9666994485426734	1.098785167970973	(3, 1.183)	1	1	1
r6i1281p1f1	1937-06-18	3	1.317	1.394	0.787	2.0596638385128885	1.6271544352619451	(3, 1.317)	1	1	1
r6i1281p1f1	1939-07-08	3	1.635	1.873	1.742	2.250840034589691	2.3077415277398248	(3, 1.635)	2	2	0
r6i1281p1f1	1940-07-30	7	1.179	1.388	0.871	3.128311331548761	2.840898195304264	(7, 1.179)	1	1	1
r6i1281p1f1	1941-08-11	8	1.354	1.685	2.4	3.4543438406951905	4.012877799864738	(8, 1.354)	2	3	2
r6i1281p1f1	1941-08-24	3	1.143	1.195	0.265	1.9371868138985564	0.8658309392978649	(3, 1.143)	1	1	1
r6i1281p1f1	1942-07-01	7	1.423	1.684	2.581	3.308874790914802	3.8877464794703056	(7, 1.423)	2	3	2
r6i1281p1f1	1942-07-29	3	1.206	1.289	0.455	1.9832829775946443	1.213204863124527	(3, 1.206)	1	1	1
r6i1281p1f1	1942-08-05	10	1.485	1.855	4.305	3.870363644862707	4.920973522604771	(10, 1.485)	0	0	2
r6i1281p1f1	1943-06-17	3	1.434	1.619	1.14	2.1343182137754835	1.9349378532458654	(3, 1.434)	2	3	3
r6i1281p1f1	1943-08-07	6	1.201	1.421	0.881	2.925901001769974	2.635336328150342	(6, 1.201)	1	1	1
r6i1281p1f1	1945-06-10	5	1.484	1.763	2.151	2.8674229020154542	3.2208303574447554	(5, 1.484)	2	3	3
r6i1281p1f1	1947-06-30	4	1.196	1.35	0.567	2.357830567220024	1.7112722183153684	(4, 1.196)	1	1	1
r6i1281p1f1	1948-06-16	7	1.576	2.052	3.65	3.4074421247253848	4.228277170148795	(7, 1.576)	2	2	0
r6i1281p1f1	1948-08-30	3	1.286	1.307	0.695	2.038912735373727	1.5285154368641591	(3, 1.286)	1	1	1
r6i1281p1f1	1949-07-05	5	1.789	2.131	3.675	3.044599961324849	3.7397567027722314	(5, 1.789)	2	2	0
r6i1281p1f1	1949-07-22	11	1.705	1.967	7.162	4.146356482435578	5.56945203615107	(11, 1.705)	0	0	4
r6i1281p1f1	1949-08-06	19	1.519	2.345	8.839	4.842628253286614	6.597197334219661	(19, 1.519)	0	0	4
r6i1281p1f1	1952-06-02	7	1.13	1.177	0.533	3.0877594734778295	2.386126118251183	(7, 1.13)	1	1	1
r6i1281p1f1	1953-06-10	5	1.285	1.402	1.155	2.7322052224153808	2.6328446831775123	(5, 1.285)	1	1	1
r6i1281p1f1	1953-07-20	3	1.322	1.348	0.804	2.062970828995383	1.6443622068489345	(3, 1.322)	1	1	1
r6i1281p1f1	1953-08-27	3	1.339	1.517	0.855	2.074133490620374	1.6942771576452456	(3, 1.339)	1	1	3
r6i1281p1f1	1954-07-05	3	1.547	1.803	1.479	2.2014874558921855	2.161609999865051	(3, 1.547)	2	3	3
r6i1281p1f1	1954-07-29	4	1.339	1.459	1.14	2.4606139572189556	2.3145136638593193	(4, 1.339)	1	1	1
r6i1281p1f1	1956-08-07	4	1.831	2.29	3.105	2.7503431132924616	3.2519236789144013	(4, 1.831)	2	2	0
r6i1281p1f1	1956-08-21	4	1.142	1.176	0.351	2.316093443018838	1.337104116929119	(4, 1.142)	1	1	1
r6i1281p1f1	1957-07-13	7	1.223	1.315	1.179	3.163374826244585	3.128311331548761	(7, 1.223)	1	1	1
r6i1281p1f1	1958-06-20	3	1.33	1.446	0.827	2.0682393712801277	1.6671817872009336	(3, 1.33)	1	1	1
r6i1281p1f1	1961-07-26	6	1.311	1.582	1.543	3.0090278107193003	3.164519994698931	(6, 1.311)	1	3	3
r6i1281p1f1	1961-08-07	3	1.328	1.546	0.821	2.066924835692335	1.6612788732430224	(3, 1.328)	1	1	3
r6i1281p1f1	1961-08-23	3	1.133	1.188	0.235	1.9296705251208113	0.7980006864112451	(3, 1.133)	1	1	1
r6i1281p1f1	1962-06-25	3	1.285	1.536	0.691	2.03823612251305	1.5239979526502576	(3, 1.285)	1	1	1
r6i1281p1f1	1962-07-11	3	1.442	1.601	1.165	2.1392248442209048	1.9535264388390532	(3, 1.442)	2	3	3
r6i1281p1f1	1962-07-22	3	1.427	1.747	1.117	2.130005073835971	1.9175257032512696	(3, 1.427)	2	3	3
r6i1281p1f1	1962-07-30	10	1.416	2.188	3.621	3.8238003861184566	4.749323117970391	(10, 1.416)	0	0	2
r6i1281p1f1	1963-06-30	3	1.4	1.493	1.036	2.113192200146248	1.8536717181554538	(3, 1.4)	1	3	3
r6i1281p1f1	1964-06-08	6	1.256	1.496	1.212	2.968327915962107	2.934531610738504	(6, 1.256)	1	1	1
r6i1281p1f1	1964-06-17	4	1.398	1.606	1.373	2.5001236155928606	2.4835724267748636	(4, 1.398)	2	3	3
r6i1281p1f1	1964-06-25	3	1.349	1.6	0.883	2.0806420230924974	1.7206576950771912	(3, 1.349)	1	3	3
r6i1281p1f1	1966-05-31	6	1.526	1.78	2.83	3.1539117448166505	3.7516743270533843	(6, 1.526)	2	3	0
r6i1281p1f1	1967-07-16	5	1.305	1.537	1.251	2.7466517195931477	2.707156815436129	(5, 1.305)	1	3	3
r6i1281p1f1	1967-08-01	5	1.297	1.552	1.213	2.7408981405645343	2.678398384671134	(5, 1.297)	1	3	3
r6i1281p1f1	1967-08-09	5	1.517	1.845	2.311	2.888179111878068	3.2898100552848994	(5, 1.517)	2	3	3
r6i1281p1f1	1967-08-28	4	1.416	1.566	1.447	2.5118730980178148	2.531790235686851	(4, 1.416)	2	3	3
r6i1281p1f1	1969-06-15	5	1.397	1.624	1.714	2.8105426972913774	3.003854328543422	(5, 1.397)	2	3	3
r6i1281p1f1	1969-07-03	11	1.817	2.631	8.39	4.209002418623531	5.727145103704406	(11, 1.817)	0	0	4
r6i1281p1f1	1969-08-20	4	1.318	1.549	1.053	2.4461658214715696	2.243259626909231	(4, 1.318)	1	1	3
r6i1281p1f1	1970-06-02	4	1.318	1.385	1.055	2.4461658214715696	2.2449559801574095	(4, 1.318)	1	1	1
r6i1281p1f1	1970-06-22	4	1.499	1.706	1.78	2.5643337834193223	2.7239235502585	(4, 1.499)	2	3	3
r6i1281p1f1	1971-08-01	4	1.323	1.576	1.073	2.4496248356433608	2.2600950413730936	(4, 1.323)	1	3	3
r6i1281p1f1	1972-08-28	5	1.552	1.904	2.49	2.909732430540327	3.3617302439044012	(5, 1.552)	2	2	0
r6i1281p1f1	1974-07-01	3	1.23	1.275	0.527	2.000299233099087	1.3186503099495455	(3, 1.23)	1	1	1
r6i1281p1f1	1975-06-29	4	1.442	1.609	1.551	2.52860450505372	2.595851543739727	(4, 1.442)	2	3	3
r6i1281p1f1	1975-07-13	3	1.28	1.385	0.678	2.034846174051035	1.5091735764092173	(3, 1.28)	1	1	1
r6i1281p1f1	1976-07-22	4	1.411	1.58	1.428	2.508623176405316	2.519630085846386	(4, 1.411)	2	3	3
r6i1281p1f1	1978-07-17	3	1.356	1.564	0.905	2.085172921547925	1.7409078216071425	(3, 1.356)	1	1	3
r6i1281p1f1	1978-08-05	6	1.487	1.921	2.594	3.12914136117319	3.666732469052543	(6, 1.487)	2	3	0
r6i1281p1f1	1979-08-19	3	1.51	1.656	1.366	2.1799868757431247	2.0916102281588795	(3, 1.51)	2	3	3
r6i1281p1f1	1980-07-19	3	1.446	1.694	1.176	2.141669160742786	1.9615972110500632	(3, 1.446)	2	3	3
r6i1281p1f1	1983-08-03	4	1.464	1.745	1.639	2.542546429234415	2.6470254992644353	(4, 1.464)	2	3	3
r6i1281p1f1	1983-08-27	3	1.133	1.2	0.237	1.9296705251208113	0.8026686831736185	(3, 1.133)	1	1	1
r6i1281p1f1	1984-07-19	4	1.319	1.451	1.057	2.4468585821504703	2.2466494606637424	(4, 1.319)	1	1	1
r6i1281p1f1	1984-08-05	7	1.316	1.464	1.831	3.2336722588289915	3.5527903520207538	(7, 1.316)	1	3	2
r6i1281p1f1	1985-06-06	4	1.373	1.443	1.276	2.4835724267748636	2.416627809034706	(4, 1.373)	1	3	3
r6i1281p1f1	1985-07-27	4	1.13	1.193	0.305	2.306577114263583	1.235471471385307	(4, 1.13)	1	1	1
r6i1281p1f1	1986-06-11	11	1.55	1.765	5.449	4.052627248195833	5.297292708310603	(11, 1.55)	0	0	4
r6i1281p1f1	1986-06-26	9	1.672	1.957	5.556	3.831766941662484	5.0173593038560105	(9, 1.672)	0	0	4
r6i1281p1f1	1988-08-01	5	1.247	1.493	0.964	2.704168265444365	2.466220449436937	(5, 1.247)	1	1	1
r6i1281p1f1	1990-07-16	3	1.447	1.582	1.179	2.1422793074686015	1.9637870727255824	(3, 1.447)	2	3	3
r6i1281p1f1	1990-08-09	4	1.343	1.46	1.156	2.46334247187216	2.327082564594433	(4, 1.343)	1	1	3
r6i1281p1f1	1990-08-25	7	1.475	1.879	2.945	3.3434758311755335	4.017142431022836	(7, 1.475)	2	3	2
r6i1281p1f1	1991-06-09	3	1.293	1.45	0.717	2.043636250061301	1.5530032738697626	(3, 1.293)	1	1	1
r6i1281p1f1	1991-06-20	3	1.195	1.258	0.421	1.9753860276277764	1.159262061528095	(3, 1.195)	1	1	1
r6i1281p1f1	1993-06-15	5	1.52	1.751	2.327	2.8900448505232386	3.2964533765970594	(5, 1.52)	2	3	3
r6i1281p1f1	1993-08-01	5	1.454	1.881	1.999	2.848172321876267	3.150575546416615	(5, 1.454)	2	3	3
r6i1281p1f1	1995-07-13	3	1.382	1.801	0.984	2.1018244949350686	1.8104199386185384	(3, 1.382)	2	3	3
r6i1281p1f1	1996-07-28	6	1.535	1.767	2.882	3.159541892322803	3.769458401805246	(6, 1.535)	2	3	0
r6i1281p1f1	1998-07-06	5	1.18	1.36	0.63	2.65273486896079	2.084878500735483	(5, 1.18)	1	1	1
r6i1281p1f1	1999-07-23	6	1.42	1.677	2.195	3.085099950178096	3.5043488565587166	(6, 1.42)	2	3	3
r6i1281p1f1	1999-08-29	5	1.387	1.774	1.664	2.8037924950445623	2.9757379921060383	(5, 1.387)	2	3	3
r6i1281p1f1	2000-06-24	6	1.435	1.747	2.282	3.0951298469976907	3.5420721410958653	(6, 1.435)	2	3	3
r6i1281p1f1	2002-07-25	3	1.545	1.77	1.472	2.200337005711071	2.1574132254427836	(3, 1.545)	2	3	3
r6i1281p1f1	2003-08-15	3	1.423	1.559	1.105	2.127532044180204	1.9083193018307179	(3, 1.423)	1	3	3
r6i1281p1f1	2004-05-31	3	1.158	1.205	0.311	1.9483563696870467	0.9616477346115992	(3, 1.158)	1	1	1
r6i1281p1f1	2005-06-09	8	1.248	1.494	1.547	3.3755039959254374	3.5836470995725356	(8, 1.248)	1	3	2
r6i1281p1f1	2007-07-08	3	1.552	1.852	1.494	2.204357804165855	2.17054421409027	(3, 1.552)	2	3	3
r6i1281p1f1	2007-08-15	6	1.201	1.345	0.882	2.925901001769974	2.6363894682363367	(6, 1.201)	1	1	1
r6i1281p1f1	2009-06-25	5	1.251	1.333	0.986	2.707156815436129	2.486889277172292	(5, 1.251)	1	1	1
r6i1301p1f1	1851-06-11	3	1.258	1.441	0.656	2.0197923479787105	1.483574415196268	(3, 1.258)	1	1	1
r6i1301p1f1	1851-08-11	3	1.14	1.181	0.302	1.9349378532458654	0.943609369210124	(3, 1.14)	1	1	1
r6i1301p1f1	1851-08-20	3	1.493	1.689	1.361	2.16995107670417	2.088396754709009	(3, 1.493)	2	3	3
r6i1301p1f1	1852-06-30	4	1.351	1.471	1.247	2.468777267858117	2.3957110709835296	(4, 1.351)	1	1	3
r6i1301p1f1	1852-07-24	3	1.268	1.41	0.685	2.0266631018505987	1.517183229941733	(3, 1.268)	1	1	1
r6i1301p1f1	1852-08-11	7	1.573	2.022	3.734	3.4055999324023465	4.250702059073698	(7, 1.573)	2	2	0
r6i1301p1f1	1854-07-03	3	1.285	1.504	0.738	2.03823612251305	1.575831590544333	(3, 1.285)	1	1	1
r6i1301p1f1	1858-07-06	7	1.499	1.944	3.219	3.3590504996924118	4.104570668448689	(7, 1.499)	2	2	2
r6i1301p1f1	1859-06-20	4	1.454	1.671	1.66	2.536233276953341	2.658859956911438	(4, 1.454)	2	3	3
r6i1301p1f1	1859-07-06	5	1.732	2.222	3.465	3.0137857585191217	3.6823551598714235	(5, 1.732)	2	2	0
r6i1301p1f1	1859-08-17	4	1.458	1.643	1.677	2.538763322578711	2.668338700865982	(4, 1.458)	2	3	3
r6i1301p1f1	1860-07-09	6	1.303	1.572	1.584	3.0032097875874415	3.1896509281089624	(6, 1.303)	1	3	3
r6i1301p1f1	1861-06-02	5	1.648	1.816	3.045	2.966571199140058	3.5566082658820317	(5, 1.648)	2	2	0
r6i1301p1f1	1861-08-17	6	1.387	1.845	2.087	3.0626735451222515	3.4554491298788435	(6, 1.387)	2	3	3
r6i1301p1f1	1862-08-15	3	1.354	1.516	0.945	2.083880472575465	1.776707426721953	(3, 1.354)	1	1	3
r6i1301p1f1	1863-06-28	8	1.235	1.502	1.564	3.3653926405005223	3.5942742308520175	(8, 1.235)	1	3	2
r6i1301p1f1	1864-07-28	5	1.362	1.483	1.616	2.786714909110079	2.9479816049771728	(5, 1.362)	1	3	3
r6i1301p1f1	1867-06-09	4	1.233	1.368	0.775	2.38545457081634	1.9740810260220096	(4, 1.233)	1	1	1
r6i1301p1f1	1867-06-28	4	1.187	1.304	0.592	2.3509942322017334	1.746762103297319	(4, 1.187)	1	1	1
r6i1301p1f1	1868-07-22	5	1.087	1.145	0.239	2.576652109103335	1.300764041308579	(5, 1.087)	1	1	1
r6i1301p1f1	1868-08-04	4	1.179	1.248	0.559	2.344878005184297	1.6996441803202496	(4, 1.179)	1	1	1
r6i1301p1f1	1869-06-03	3	1.292	1.34	0.759	2.042962826728956	1.5981503850765946	(3, 1.292)	1	1	1
r6i1301p1f1	1869-06-16	5	1.371	1.656	1.658	2.792896490666054	2.9723102844700673	(5, 1.371)	2	3	3
r6i1301p1f1	1869-08-25	3	1.201	1.432	0.487	1.9797011838168412	1.2614469334490395	(3, 1.201)	1	1	1
r6i1301p1f1	1871-07-14	6	1.864	2.572	4.946	3.3462163585251643	4.299881456783851	(6, 1.864)	0	2	0
r6i1301p1f1	1872-07-29	3	1.235	1.328	0.589	2.0038081315273124	1.4013144371330686	(3, 1.235)	1	1	1
r6i1301p1f1	1873-06-11	3	1.533	1.832	1.481	2.193406371033908	2.1628058503425183	(3, 1.533)	2	3	3
r6i1301p1f1	1873-06-22	6	1.506	2.18	2.799	3.141285644307438	3.7409198244528836	(6, 1.506)	2	2	0
r6i1301p1f1	1876-08-23	5	1.387	1.473	1.737	2.8037924950445623	3.0165270743942383	(5, 1.387)	1	3	3
r6i1301p1f1	1877-07-29	5	1.592	1.968	2.765	2.9338090549107845	3.463033497995121	(5, 1.592)	2	2	0
r6i1301p1f1	1878-06-25	9	1.805	2.043	6.897	3.9067089106043773	5.232279054619645	(9, 1.805)	0	0	4
r6i1301p1f1	1878-07-13	4	1.873	2.224	3.336	2.771588221906198	3.3209991063330433	(4, 1.873)	2	2	0
r6i1301p1f1	1879-08-18	8	1.327	1.519	2.302	3.434844332410728	3.971956827366941	(8, 1.327)	2	3	2
r6i1301p1f1	1880-07-24	3	1.302	1.437	0.79	2.049676739221073	1.6302126972159934	(3, 1.302)	1	1	1
r6i1301p1f1	1881-07-24	4	1.139	1.198	0.401	2.3137228374045016	1.4369874754354088	(4, 1.139)	1	1	1
r6i1301p1f1	1882-06-21	8	1.269	1.428	1.841	3.391624782530296	3.753193138100855	(8, 1.269)	1	3	2
r6i1301p1f1	1882-07-14	6	1.42	1.74	2.286	3.085099950178096	3.5437727918561444	(6, 1.42)	2	3	3
r6i1301p1f1	1883-07-17	3	1.254	1.421	0.645	2.017030773679079	1.4705248215910474	(3, 1.254)	1	1	1
r6i1301p1f1	1883-08-04	6	1.422	1.683	2.296	3.086443096396323	3.5480118082005654	(6, 1.422)	2	3	3
r6i1301p1f1	1884-06-25	4	1.346	1.582	1.226	2.4653839832991364	2.3802866006578975	(4, 1.346)	1	3	3
r6i1301p1f1	1885-06-19	5	1.39	1.671	1.756	2.805822344369101	3.0268760735105253	(5, 1.39)	2	3	3
r6i1301p1f1	1885-08-14	7	1.666	2.204	4.387	3.4611865636572365	4.409743657067604	(7, 1.666)	0	2	0
r6i1301p1f1	1886-06-02	3	1.31	1.4	0.813	2.055015601727822	1.6533537247355978	(3, 1.31)	1	1	1
r6i1301p1f1	1887-06-21	3	1.233	1.335	0.582	2.0024060492939144	1.392316369876498	(3, 1.233)	1	1	1
r6i1301p1f1	1890-06-04	4	1.148	1.241	0.434	2.3208178612551054	1.497835735852798	(4, 1.148)	1	1	1
r6i1301p1f1	1890-06-16	4	1.502	1.567	1.853	2.566179369916737	2.7615277748803564	(4, 1.502)	2	3	3
r6i1301p1f1	1891-08-04	8	1.334	1.584	2.361	3.439936385071263	3.9967929503752004	(8, 1.334)	2	3	2
r6i1301p1f1	1892-06-17	3	1.472	1.716	1.298	2.1574132254427836	2.0469965809886865	(3, 1.472)	2	3	3
r6i1301p1f1	1892-07-04	4	1.275	1.371	0.942	2.4159137783010487	2.144292513999452	(4, 1.275)	1	1	1
r6i1301p1f1	1892-08-02	8	1.462	1.843	3.382	3.528748367068426	4.350612387355079	(8, 1.462)	2	3	2
r6i1301p1f1	1894-06-11	3	1.113	1.139	0.22	1.914466310658481	0.7622783578800849	(3, 1.113)	1	1	1
r6i1301p1f1	1895-06-28	5	1.33	1.499	1.453	2.7644212118971057	2.8475242096536775	(5, 1.33)	1	3	3
r6i1301p1f1	1897-06-16	3	1.177	1.269	0.413	1.962327697904164	1.1461352854240012	(3, 1.177)	1	1	1
r6i1301p1f1	1898-07-25	4	1.434	1.732	1.581	2.5234861317554755	2.613592990749323	(4, 1.434)	2	3	3
r6i1301p1f1	1899-06-21	7	1.363	1.547	2.268	3.2674036025741633	3.7612919211179534	(7, 1.363)	2	3	2
r6i1301p1f1	1899-07-08	6	1.998	2.759	5.752	3.4132736042246923	4.448946575825439	(6, 1.998)	0	2	4
r6i1301p1f1	1899-07-17	4	1.31	1.433	1.084	2.4406063908914204	2.2692351133124915	(4, 1.31)	1	1	1
r6i1301p1f1	1900-08-03	4	1.497	1.582	1.831	2.563101497373057	2.7503431132924616	(4, 1.497)	2	3	3
r6i1301p1f1	1900-08-24	5	1.432	1.644	1.965	2.8338159106469982	3.1341614969028995	(5, 1.432)	2	3	3
r6i1301p1f1	1902-07-09	4	1.672	2.095	2.533	2.6655601494812577	3.0570155019708896	(4, 1.672)	2	2	0
r6i1301p1f1	1903-08-25	4	1.39	1.491	1.404	2.4948569806411682	2.504055468626761	(4, 1.39)	1	3	3
r6i1301p1f1	1904-07-15	4	1.647	1.905	2.432	2.651550393862725	3.0182762379888857	(4, 1.647)	2	2	0
r6i1301p1f1	1905-06-09	5	1.108	1.194	0.342	2.5943450840730553	1.573536343060824	(5, 1.108)	1	1	1
r6i1301p1f1	1906-06-12	4	1.27	1.439	0.923	2.412335956953165	2.1263251275786863	(4, 1.27)	1	1	1
r6i1301p1f1	1906-08-02	3	1.246	1.398	0.62	2.011484640358179	1.4402176383123728	(3, 1.246)	1	1	1
r6i1301p1f1	1906-08-27	4	1.161	1.254	0.487	2.3309781674952634	1.588418545210025	(4, 1.161)	1	1	1
r6i1301p1f1	1908-07-02	3	1.792	2.124	2.259	2.333260275878946	2.5445981558299793	(3, 1.792)	2	2	0
r6i1301p1f1	1908-08-13	5	1.424	1.748	1.922	2.8285438707677337	3.113009103944459	(5, 1.424)	2	3	3
r6i1301p1f1	1909-07-05	3	1.211	1.376	0.515	1.9868519878999251	1.3018302364976233	(3, 1.211)	1	1	1
r6i1301p1f1	1909-07-26	6	1.357	1.608	1.904	3.0418400569613837	3.3667084444595403	(6, 1.357)	2	3	3
r6i1301p1f1	1911-06-04	6	1.093	1.126	0.322	2.836956549112967	1.7461367653905233	(6, 1.093)	1	1	1
r6i1301p1f1	1911-06-29	4	1.357	1.483	1.273	2.472834068553731	2.4144841854914545	(4, 1.357)	1	3	3
r6i1301p1f1	1911-07-13	15	1.659	2.763	9.3	4.578612538647423	6.293938879128348	(15, 1.659)	0	0	4
r6i1301p1f1	1911-08-09	6	1.546	1.89	3.042	3.166380412607738	3.8222752359717034	(6, 1.546)	2	2	0
r6i1301p1f1	1915-07-04	6	1.251	1.41	1.271	2.964544450659022	2.9795931750354643	(6, 1.251)	1	1	1
r6i1301p1f1	1915-08-04	8	1.216	1.308	1.411	3.3504281278196486	3.4943016570392866	(8, 1.216)	1	1	1
r6i1301p1f1	1916-06-17	6	1.159	1.316	0.719	2.8922450949548613	2.4481647535264663	(6, 1.159)	1	1	1
r6i1301p1f1	1916-08-14	5	1.297	1.423	1.289	2.7408981405645343	2.735111266204581	(5, 1.297)	1	1	1
r6i1301p1f1	1917-07-04	3	1.286	1.372	0.741	2.038912735373727	1.5790506498304957	(3, 1.286)	1	1	1
r6i1301p1f1	1918-06-10	3	1.248	1.351	0.626	2.0128740600650636	1.447575571244297	(3, 1.248)	1	1	1
r6i1301p1f1	1918-08-01	5	1.578	1.896	2.695	2.9254480155044478	3.438204621145787	(5, 1.578)	2	2	0
r6i1301p1f1	1918-08-09	3	1.282	1.633	0.727	2.0362035327569803	1.5639389167977003	(3, 1.282)	1	1	3
r6i1301p1f1	1919-06-18	4	1.344	1.526	1.218	2.4640234388715765	2.3743474592209366	(4, 1.344)	1	3	3
r6i1301p1f1	1920-06-29	4	1.408	1.565	1.477	2.506668141569513	2.5506943903260035	(4, 1.408)	1	3	3
r6i1301p1f1	1923-07-21	3	1.494	1.664	1.363	2.17054421409027	2.089683383523351	(3, 1.494)	2	3	3
r6i1301p1f1	1924-06-19	5	1.245	1.452	1.031	2.7026706344750906	2.527880760764362	(5, 1.245)	1	1	1
r6i1301p1f1	1924-08-11	3	1.279	1.413	0.718	2.034166803163775	1.554102235353397	(3, 1.279)	1	1	1
r6i1301p1f1	1925-08-11	3	1.132	1.198	0.279	1.9289157796740044	0.8959763962591435	(3, 1.132)	1	1	1
r6i1301p1f1	1926-07-11	4	1.491	1.732	1.809	2.5593955017787398	2.7390319387109385	(4, 1.491)	2	3	3
r6i1301p1f1	1926-08-11	12	1.604	2.057	6.78	4.214746800151849	5.644878918025673	(12, 1.604)	0	0	4
r6i1301p1f1	1927-08-25	4	1.279	1.449	0.959	2.418766847283455	2.1600994446972903	(4, 1.279)	1	1	1
r6i1301p1f1	1928-06-28	13	1.56	1.946	6.777	4.305693224732614	5.764101709987017	(13, 1.56)	0	0	4
r6i1301p1f1	1928-07-14	9	1.309	1.607	2.427	3.593001613220538	4.197637942827665	(9, 1.309)	2	3	2
r6i1301p1f1	1931-07-28	3	1.514	1.795	1.426	2.1823336747840143	2.1293873895490134	(3, 1.514)	2	3	3
r6i1301p1f1	1932-06-18	3	1.208	1.289	0.506	1.984712110619881	1.2890268766635846	(3, 1.208)	1	1	1
r6i1301p1f1	1933-07-09	5	1.737	1.914	3.488	3.0165270743942383	3.688805089538868	(5, 1.737)	2	2	0
r6i1301p1f1	1933-08-02	17	1.544	2.279	8.589	4.693394195003338	6.401962007851363	(17, 1.544)	0	0	4
r6i1301p1f1	1934-08-16	3	1.372	1.643	0.998	2.0954528148814386	1.8222498952796893	(3, 1.372)	1	3	3
r6i1301p1f1	1935-06-13	3	1.16	1.322	0.364	1.9498362618267655	1.061740634693605	(3, 1.16)	1	1	1
r6i1301p1f1	1935-06-26	3	1.181	1.299	0.425	1.9652443208753656	1.1657613929071542	(3, 1.181)	1	1	1
r6i1301p1f1	1936-08-02	5	1.67	1.949	3.156	2.9791539906861666	3.5914086406569417	(5, 1.67)	2	2	0
r6i1301p1f1	1937-06-03	7	1.085	1.155	0.32	3.049011452125536	1.935352171644154	(7, 1.085)	1	1	1
r6i1301p1f1	1938-08-28	4	1.384	1.588	1.379	2.4908887214655477	2.487569767207484	(4, 1.384)	1	3	3
r6i1301p1f1	1939-07-04	7	1.306	1.494	1.87	3.2263461914972056	3.573268937941303	(7, 1.306)	1	3	2
r6i1301p1f1	1939-07-15	5	1.379	1.505	1.7	2.798359333145824	2.9960611099187973	(5, 1.379)	1	3	3
r6i1301p1f1	1942-06-14	4	1.617	1.857	2.311	2.634475420110147	2.9697988915274864	(4, 1.617)	2	2	0
r6i1301p1f1	1942-07-23	3	1.437	1.732	1.195	2.13616102263548	1.9753860276277764	(3, 1.437)	2	3	3
r6i1301p1f1	1943-08-23	3	1.341	1.508	0.906	2.0754385904061903	1.741818609882932	(3, 1.341)	1	1	3
r6i1301p1f1	1944-06-16	6	1.172	1.326	0.799	2.902783955276358	2.5449706303099653	(6, 1.172)	1	1	1
r6i1301p1f1	1944-06-28	9	1.227	1.487	1.695	3.530147462753068	3.8451350598865144	(9, 1.227)	1	3	2
r6i1301p1f1	1944-07-17	7	1.411	1.626	2.606	3.3007170016880503	3.897189438373105	(7, 1.411)	2	3	2
r6i1301p1f1	1944-07-28	6	1.324	1.697	1.712	3.018410493576786	3.2642758160466157	(6, 1.324)	2	3	3
r6i1301p1f1	1944-08-10	3	1.365	1.664	0.978	2.0909683590509247	1.80530679991362	(3, 1.365)	1	3	3
r6i1301p1f1	1945-08-26	6	1.762	2.166	4.335	3.2919777834145934	4.169934729105255	(6, 1.762)	0	2	0
r6i1301p1f1	1949-06-18	11	1.612	1.98	6.306	4.091179404768309	5.442681724185702	(11, 1.612)	0	0	4
r6i1301p1f1	1949-07-04	4	1.36	1.505	1.284	2.474856313934499	2.422321774596379	(4, 1.36)	1	3	3
r6i1301p1f1	1949-07-17	21	1.547	2.412	10.671	5.009795852543965	6.935286755799514	(21, 1.547)	0	0	4
r6i1301p1f1	1950-06-19	3	1.175	1.305	0.408	1.9608661901948141	1.1378426775644224	(3, 1.175)	1	1	1
r6i1301p1f1	1951-07-14	4	1.276	1.447	0.946	2.416627809034706	2.1480343331454477	(4, 1.276)	1	1	1
r6i1301p1f1	1952-06-18	3	1.427	1.555	1.164	2.130005073835971	1.9527894920251458	(3, 1.427)	1	3	3
r6i1301p1f1	1952-08-13	3	1.716	1.987	2.03	2.294209874293993	2.446528664341475	(3, 1.716)	2	2	0
r6i1301p1f1	1952-08-27	3	1.246	1.378	0.62	2.011484640358179	1.4402176383123728	(3, 1.246)	1	1	1
r6i1301p1f1	1953-06-25	7	1.215	1.467	1.232	3.157090412871135	3.1703979028242055	(7, 1.215)	1	1	1
r6i1301p1f1	1953-08-28	3	1.743	1.988	2.112	2.308258336947238	2.4827605082024586	(3, 1.743)	2	2	0
r6i1301p1f1	1955-08-05	4	1.118	1.178	0.315	2.29696935420841	1.2584609896100059	(4, 1.118)	1	1	1
r6i1301p1f1	1956-07-11	3	1.617	1.804	1.735	2.240941414289114	2.3041163653375025	(3, 1.617)	2	2	3
r6i1301p1f1	1958-06-03	3	1.248	1.306	0.627	2.0128740600650636	1.4487966470299802	(3, 1.248)	1	1	1
r6i1301p1f1	1958-07-11	9	1.54	1.954	4.504	3.7513846594653333	4.808992274228048	(9, 1.54)	0	0	2
r6i1301p1f1	1959-06-15	3	1.272	1.388	0.698	2.0293982396318806	1.531890207711171	(3, 1.272)	1	1	1
r6i1301p1f1	1959-06-22	7	1.57	1.844	3.713	3.403754340142452	4.245142804990561	(7, 1.57)	2	2	0
r6i1301p1f1	1959-07-06	6	1.342	1.604	1.816	3.031258256556087	3.32105834458729	(6, 1.342)	2	3	3
r6i1301p1f1	1959-08-03	11	1.488	2.16	4.943	4.012529019269598	5.200345265465796	(11, 1.488)	0	0	4
r6i1301p1f1	1959-08-18	13	1.436	1.994	5.162	4.224033202740936	5.4928726349465276	(13, 1.436)	0	0	4
r6i1301p1f1	1962-06-20	4	1.172	1.277	0.531	2.3394954470141425	1.657847051641788	(4, 1.172)	1	1	1
r6i1301p1f1	1962-07-19	8	1.402	1.803	2.906	3.4880977106603126	4.201033302340642	(8, 1.402)	2	3	2
r6i1301p1f1	1963-08-23	6	1.473	1.705	2.602	3.120097613644278	3.6697331749146516	(6, 1.473)	2	3	3
r6i1301p1f1	1964-06-27	5	1.525	1.903	2.43	2.893146700204186	3.3381946025044273	(5, 1.525)	2	2	0
r6i1301p1f1	1965-06-25	6	1.395	1.677	2.136	3.0681566110193286	3.4779318707023945	(6, 1.395)	2	3	3
r6i1301p1f1	1965-07-30	3	1.359	1.451	0.958	2.0871084683480854	1.7880716811810247	(3, 1.359)	1	1	3
r6i1301p1f1	1966-07-13	7	1.64	2.003	4.207	3.4459548237726914	4.368367906998324	(7, 1.64)	0	2	0
r6i1301p1f1	1969-08-10	3	1.234	1.294	0.583	2.0031073361399168	1.3936067757387784	(3, 1.234)	1	1	1
r6i1301p1f1	1970-06-30	3	1.189	1.254	0.448	1.9710521701375956	1.202334348401582	(3, 1.189)	1	1	1
r6i1301p1f1	1971-06-18	4	1.276	1.465	0.946	2.416627809034706	2.1480343331454477	(4, 1.276)	1	1	1
r6i1301p1f1	1973-06-26	6	1.338	1.861	1.795	3.0284174290477752	3.309849507637803	(6, 1.338)	2	3	3
r6i1301p1f1	1973-08-05	7	1.247	1.584	1.457	3.1819945220416277	3.3316335479768684	(7, 1.247)	1	3	2
r6i1301p1f1	1974-06-30	4	1.49	1.725	1.805	2.558776498354456	2.73696154459663	(4, 1.49)	2	3	3
r6i1301p1f1	1976-08-18	3	1.355	1.578	0.948	2.0845269058647236	1.7793414330419388	(3, 1.355)	1	3	3
r6i1301p1f1	1977-07-10	5	1.485	1.708	2.23	2.8680582491735835	3.255483818190492	(5, 1.485)	2	3	3
r6i1301p1f1	1978-06-02	3	1.243	1.273	0.612	2.009396884415142	1.4303220796589575	(3, 1.243)	1	1	1
r6i1301p1f1	1978-06-08	7	1.22	1.454	1.267	3.161022796985292	3.197250407113964	(7, 1.22)	1	1	1
r6i1301p1f1	1978-06-27	3	1.145	1.235	0.316	1.9386833160041137	0.9715302127344428	(3, 1.145)	1	1	1
r6i1301p1f1	1978-07-03	4	1.357	1.579	1.27	2.472834068553731	2.412335956953165	(4, 1.357)	1	3	3
r6i1301p1f1	1978-07-27	7	1.339	1.69	2.097	3.25032127495376	3.6847957143658276	(7, 1.339)	2	3	2
r6i1301p1f1	1979-07-19	3	1.465	1.56	1.276	2.153198763849829	2.032125916835549	(3, 1.465)	2	3	3
r6i1301p1f1	1980-06-11	6	1.161	1.234	0.734	2.893873704928266	2.4670441295798295	(6, 1.161)	1	1	1
r6i1301p1f1	1981-07-29	7	1.161	1.234	0.85	3.113605123177954	2.817933690724599	(7, 1.161)	1	1	1
r6i1301p1f1	1985-08-01	3	1.59	1.96	1.652	2.2259073057649243	2.2600996117206793	(3, 1.59)	2	2	0
r6i1301p1f1	1985-08-15	6	1.516	1.923	2.859	3.1476186217314384	3.7616313493897042	(6, 1.516)	2	2	0
r6i1301p1f1	1989-06-04	7	1.322	1.472	1.98	3.2380422746538926	3.628867025982825	(7, 1.322)	1	3	2
r6i1301p1f1	1989-06-19	3	1.3	1.439	0.783	2.0483375580106298	1.6230621489914792	(3, 1.3)	1	1	1
r6i1301p1f1	1990-06-21	8	1.673	2.11	5.075	3.6598539770475123	4.752159351259422	(8, 1.673)	0	0	0
r6i1301p1f1	1990-07-05	8	1.9	2.276	6.888	3.784009897224364	5.055338695207603	(8, 1.9)	0	0	4
r6i1301p1f1	1990-08-11	7	1.908	2.379	6.082	3.592826997931564	4.733037460515185	(7, 1.908)	0	0	4
r6i1301p1f1	1991-06-01	4	1.293	1.471	1.015	2.428688969789772	2.21046980408624	(4, 1.293)	1	1	1
r6i1301p1f1	1991-06-18	7	1.518	1.719	3.352	3.3712106890323583	4.1444023157212415	(7, 1.518)	2	3	2
r6i1301p1f1	1991-07-13	3	1.286	1.435	0.741	2.038912735373727	1.5790506498304957	(3, 1.286)	1	1	1
r6i1301p1f1	1991-07-28	6	1.261	1.482	1.329	2.972097120593302	3.0219959055421666	(6, 1.261)	1	1	1
r6i1301p1f1	1993-08-17	5	1.229	1.382	0.949	2.690608150529249	2.4518790741216296	(5, 1.229)	1	1	1
r6i1301p1f1	1995-06-20	8	1.442	1.726	3.222	3.5153809190703917	4.302787758400627	(8, 1.442)	2	3	2
r6i1301p1f1	1995-08-25	7	1.223	1.398	1.285	3.163374826244585	3.2107844999305306	(7, 1.223)	1	1	1
r6i1301p1f1	1997-07-23	3	1.21	1.406	0.514	1.986139204138294	1.300415709247018	(3, 1.21)	1	1	1
r6i1301p1f1	2001-07-04	8	1.506	1.709	3.734	3.557542509039789	4.44840847620851	(8, 1.506)	2	3	2
r6i1301p1f1	2001-08-19	6	1.454	1.796	2.487	3.1076916519684508	3.625707623743881	(6, 1.454)	2	3	3
r6i1301p1f1	2004-07-18	3	1.132	1.279	0.278	1.9289157796740044	0.8938530282047964	(3, 1.132)	1	1	1
r6i1301p1f1	2005-06-07	5	1.21	1.333	0.854	2.6760923635947345	2.355937241558836	(5, 1.21)	1	1	1
r6i1301p1f1	2005-07-25	7	1.769	2.302	5.112	3.519345935246879	4.560962935816261	(7, 1.769)	0	2	0
r6i1301p1f1	2005-08-13	4	1.194	1.255	0.621	2.3563154154150134	1.7864118629014598	(4, 1.194)	1	1	1
r6i1301p1f1	2006-07-13	4	1.263	1.414	0.897	2.4073054037644486	2.1012030334613487	(4, 1.263)	1	1	1
r6i1301p1f1	2007-06-02	6	1.556	1.866	3.1	3.1725569266263682	3.840752740128134	(6, 1.556)	2	2	0
r6i1301p1f1	2008-06-25	4	1.677	2.021	2.552	2.668338700865982	3.0641383062180516	(4, 1.677)	2	2	0
r6i1301p1f1	2009-07-02	3	1.258	1.576	0.656	2.0197923479787105	1.483574415196268	(3, 1.258)	1	1	1
r6i1301p1f1	2009-08-25	12	1.404	1.938	4.378	4.0836742364340965	5.209431738535181	(12, 1.404)	0	0	2
r7i1121p1f1	1851-06-23	3	1.26	1.425	0.612	2.021170280523964	1.4303220796589575	(3, 1.26)	1	1	1
r7i1121p1f1	1851-06-30	3	1.456	1.702	1.199	2.1477539399011274	1.9782648663799822	(3, 1.456)	2	3	3
r7i1121p1f1	1851-08-21	3	1.344	1.612	0.864	2.077393051971457	1.7028327488148318	(3, 1.344)	1	3	3
r7i1121p1f1	1852-06-11	3	1.158	1.223	0.306	1.9483563696870467	0.95166661750653	(3, 1.158)	1	1	1
r7i1121p1f1	1852-07-08	5	1.435	1.691	1.896	2.8357857818263104	3.0999987902144874	(5, 1.435)	2	3	3
r7i1121p1f1	1853-08-03	4	1.355	1.487	1.194	2.4714836294558595	2.3563154154150134	(4, 1.355)	1	3	3
r7i1121p1f1	1853-08-22	5	1.32	1.786	1.319	2.7573512602345582	2.7566415081428493	(5, 1.32)	2	3	3
r7i1121p1f1	1854-07-19	4	1.223	1.372	0.669	2.3780635541699513	1.8487697239448346	(4, 1.223)	1	1	1
r7i1121p1f1	1857-06-15	9	1.427	1.73	3.34	3.677034579746013	4.512835574785296	(9, 1.427)	2	3	2
r7i1121p1f1	1858-08-03	3	1.427	1.634	1.113	2.130005073835971	1.914466310658481	(3, 1.427)	2	3	3
r7i1121p1f1	1860-06-16	8	1.437	1.96	3.048	3.512010949153297	4.248043240052004	(8, 1.437)	2	2	2
r7i1121p1f1	1860-07-05	3	1.449	1.641	1.177	2.1434984852175942	1.962327697904164	(3, 1.449)	2	3	3
r7i1121p1f1	1861-07-28	3	1.293	1.436	0.712	2.043636250061301	1.547490277376993	(3, 1.293)	1	1	1
r7i1121p1f1	1864-06-17	3	1.498	1.677	1.326	2.1729132517628136	2.0656085698259683	(3, 1.498)	2	3	3
r7i1121p1f1	1864-07-01	6	1.258	1.41	1.212	2.9698373030705127	2.934531610738504	(6, 1.258)	1	1	1
r7i1121p1f1	1864-07-15	11	1.279	1.732	2.451	3.864125920030835	4.504460184050744	(11, 1.279)	2	3	2
r7i1121p1f1	1866-07-23	3	1.436	1.613	1.138	2.1355471302653513	1.9334357313176844	(3, 1.436)	2	3	3
r7i1121p1f1	1866-08-12	9	1.567	1.876	4.597	3.768360465604165	4.829265284437697	(9, 1.567)	0	0	2
r7i1121p1f1	1868-08-07	4	1.521	1.725	1.858	2.577789643934714	2.764052391217495	(4, 1.521)	2	3	3
r7i1121p1f1	1869-06-08	3	1.098	1.125	0.127	1.9029094972892788	0.5067642019569778	(3, 1.098)	1	1	1
r7i1121p1f1	1869-06-13	4	1.277	1.39	0.883	2.417341330292234	2.0874097113290127	(4, 1.277)	1	1	1
r7i1121p1f1	1869-06-29	3	1.407	1.761	1.053	2.1175783092527807	1.8674154154423224	(3, 1.407)	2	3	3
r7i1121p1f1	1869-07-20	9	1.515	1.912	4.127	3.7354051515508693	4.722321911298916	(9, 1.515)	0	0	2
r7i1121p1f1	1869-08-01	3	1.192	1.248	0.408	1.9732214466709417	1.1378426775644224	(3, 1.192)	1	1	1
r7i1121p1f1	1869-08-20	3	1.146	1.242	0.271	1.9394307280744352	0.8788618519547002	(3, 1.146)	1	1	1
r7i1121p1f1	1873-06-27	5	1.166	1.261	0.548	2.641645143251329	1.9638660102724568	(5, 1.166)	1	1	1
r7i1121p1f1	1874-06-08	14	1.57	1.851	7.19	4.421747575592525	5.933928736466932	(14, 1.57)	0	0	4
r7i1121p1f1	1874-06-25	8	1.21	1.454	1.228	3.345655586303392	3.3599054181649795	(8, 1.21)	1	1	2
r7i1121p1f1	1874-07-25	9	1.433	1.742	3.392	3.681124461740869	4.528116340545776	(9, 1.433)	2	3	2
r7i1121p1f1	1874-08-10	4	1.098	1.151	0.168	2.2807483983848713	0.8518588717147662	(4, 1.098)	1	1	1
r7i1121p1f1	1875-08-16	3	1.386	1.78	0.99	2.1043618427217843	1.8155070660787613	(3, 1.386)	2	3	3
r7i1121p1f1	1877-07-19	6	1.615	1.892	3.353	3.208241706831641	3.9175842061525734	(6, 1.615)	2	2	0
r7i1121p1f1	1877-07-28	3	1.207	1.366	0.454	1.9839977994098914	1.2116591485246258	(3, 1.207)	1	1	1
r7i1121p1f1	1877-08-09	4	1.759	2.54	2.812	2.712838717834007	3.156830193896319	(4, 1.759)	2	2	0
r7i1121p1f1	1877-08-21	3	1.455	1.65	1.197	2.147147125388408	1.9768264829675917	(3, 1.455)	2	3	3
r7i1121p1f1	1879-07-08	3	1.292	1.506	0.709	2.042962826728956	1.5441678315477239	(3, 1.292)	1	1	1
r7i1121p1f1	1880-06-25	4	1.701	2.095	2.581	2.681569323852613	3.074913071428432	(4, 1.701)	2	2	0
r7i1121p1f1	1883-06-21	5	1.487	1.879	2.153	2.8693277337726437	3.2217226399535397	(5, 1.487)	2	3	3
r7i1121p1f1	1883-07-11	3	1.449	1.704	1.179	2.1434984852175942	1.9637870727255824	(3, 1.449)	2	3	3
r7i1121p1f1	1883-08-04	5	1.067	1.133	0.055	2.559505540585122	0.47928461101871794	(5, 1.067)	1	1	1
r7i1121p1f1	1886-06-24	5	1.265	1.348	1.044	2.717546960968081	2.5394165238006385	(5, 1.265)	1	1	1
r7i1121p1f1	1886-07-03	6	1.54	1.769	2.906	3.1626561091831285	3.7775609662902934	(6, 1.54)	2	3	0
r7i1121p1f1	1886-08-07	16	1.352	1.683	4.74	4.471958742174489	5.718211211308322	(16, 1.352)	0	0	2
r7i1121p1f1	1887-07-29	5	2.042	2.494	4.93	3.170955951996872	4.02747578406101	(5, 2.042)	0	2	0
r7i1121p1f1	1888-08-02	3	1.299	1.396	0.728	2.047667294277063	1.565025932397384	(3, 1.299)	1	1	1
r7i1121p1f1	1890-06-26	6	1.69	2.141	3.803	3.251839541931541	4.04116276557523	(6, 1.69)	0	2	0
r7i1121p1f1	1891-06-09	3	1.39	1.705	1.0	2.1068927686657215	1.823928522430647	(3, 1.39)	2	3	3
r7i1121p1f1	1891-06-15	3	1.582	1.766	1.578	2.2214089993260573	2.219152235245174	(3, 1.582)	2	3	3
r7i1121p1f1	1893-06-25	3	1.746	2.03	2.069	2.3098071639488333	2.463924673151995	(3, 1.746)	2	2	0
r7i1121p1f1	1894-07-11	6	1.642	2.154	3.517	3.2241567739141184	3.964409220851865	(6, 1.642)	2	2	0
r7i1121p1f1	1894-07-28	7	1.411	1.849	2.484	3.3007170016880503	3.8502395931551225	(7, 1.411)	2	3	2
r7i1121p1f1	1896-07-30	3	1.301	1.389	0.733	2.0490073727916243	1.5704433566808502	(3, 1.301)	1	1	1
r7i1121p1f1	1896-08-15	12	1.642	2.139	7.033	4.237819288094285	5.681387979067417	(12, 1.642)	0	0	4
r7i1121p1f1	1897-08-23	3	1.599	2.009	1.629	2.23094383089042	2.247551369450845	(3, 1.599)	2	2	0
r7i1121p1f1	1898-06-17	3	1.204	1.257	0.443	1.9818517992247855	1.1944967045549193	(3, 1.204)	1	1	1
r7i1121p1f1	1900-06-02	14	1.356	1.693	4.203	4.277105242455528	5.398916281543685	(14, 1.356)	0	0	2
r7i1121p1f1	1902-08-27	3	1.269	1.437	0.637	2.0273475879573266	1.4609260927382746	(3, 1.269)	1	1	1
r7i1121p1f1	1903-07-03	4	1.396	1.641	1.358	2.4988095549569915	2.473508604835631	(4, 1.396)	2	3	3
r7i1121p1f1	1903-07-27	3	1.471	1.723	1.244	2.156812245860361	2.0100932874778716	(3, 1.471)	2	3	3
r7i1121p1f1	1903-08-25	6	1.646	1.738	3.538	3.226493167100773	3.9702498043599066	(6, 1.646)	2	2	0
r7i1121p1f1	1904-08-04	3	1.602	1.923	1.637	2.232617051309159	2.2519338572817302	(3, 1.602)	2	2	0
r7i1121p1f1	1905-08-17	3	1.212	1.305	0.469	1.9875642639627233	1.2345976845847308	(3, 1.212)	1	1	1
r7i1121p1f1	1906-07-02	4	1.357	1.46	1.204	2.472834068553731	2.363868321410944	(4, 1.357)	1	1	3
r7i1121p1f1	1908-08-23	6	1.242	1.509	1.115	2.9576979296737567	2.85572776856802	(6, 1.242)	1	1	1
r7i1121p1f1	1911-06-16	4	1.106	1.152	0.201	2.2872683888821523	0.9585836440644065	(4, 1.106)	1	1	1
r7i1121p1f1	1911-08-24	3	1.353	1.493	0.892	2.083233621139891	1.7289914617709292	(3, 1.353)	1	1	3
r7i1121p1f1	1912-07-21	7	1.347	1.585	2.034	3.256047868315721	3.6550694629086475	(7, 1.347)	2	3	2
r7i1121p1f1	1914-08-26	4	1.531	1.784	1.901	2.583846597642904	2.7855049475063276	(4, 1.531)	2	3	3
r7i1121p1f1	1915-07-10	3	1.504	1.753	1.344	2.1764563182594565	2.077393051971457	(3, 1.504)	2	3	3
r7i1121p1f1	1915-07-17	3	1.356	1.505	0.898	2.085172921547925	1.734508970370274	(3, 1.356)	1	1	3
r7i1121p1f1	1918-07-24	9	1.452	1.788	3.559	3.6939664931624936	4.575669282070407	(9, 1.452)	2	3	2
r7i1121p1f1	1918-08-20	3	1.193	1.229	0.412	1.9739434943828855	1.1444822561168142	(3, 1.193)	1	1	1
r7i1121p1f1	1919-06-10	4	1.168	1.275	0.447	2.3364066414695563	1.5208252540774967	(4, 1.168)	1	1	1
r7i1121p1f1	1919-08-11	4	1.458	1.703	1.607	2.538763322578711	2.6287183518200794	(4, 1.458)	2	3	3
r7i1121p1f1	1919-08-21	8	1.664	2.092	4.863	3.654599086333251	4.709864639625983	(8, 1.664)	0	0	0
r7i1121p1f1	1920-07-09	3	1.424	1.55	1.104	2.128150875193778	1.907548262098765	(3, 1.424)	1	3	3
r7i1121p1f1	1920-07-17	3	1.264	1.511	0.623	2.0239204625683063	1.443903372160198	(3, 1.264)	1	1	1
r7i1121p1f1	1920-07-29	5	1.355	1.519	1.493	2.781880454306518	2.8731265465709366	(5, 1.355)	1	3	3
r7i1121p1f1	1920-08-27	3	1.216	1.429	0.48	1.9904083056570567	1.2510910467268215	(3, 1.216)	1	1	1
r7i1121p1f1	1924-08-16	10	1.656	2.413	6.004	3.9771985371136918	5.251556682850911	(10, 1.656)	0	0	4
r7i1121p1f1	1926-06-16	7	1.469	1.648	2.892	3.3395439650647063	3.999311818850575	(7, 1.469)	2	3	2
r7i1121p1f1	1927-06-04	3	1.179	1.221	0.37	1.9637870727255824	1.0724655547928086	(3, 1.179)	1	1	1
r7i1121p1f1	1927-06-22	4	1.25	1.431	0.775	2.3978952727983707	1.9740810260220096	(4, 1.25)	1	1	1
r7i1121p1f1	1927-07-06	7	1.393	1.684	2.359	3.2883541637732314	3.7997339069147444	(7, 1.393)	2	3	2
r7i1121p1f1	1927-07-17	18	1.482	1.795	7.666	4.737747099226004	6.374059282525333	(18, 1.482)	0	0	4
r7i1121p1f1	1932-07-01	9	1.28	1.381	2.017	3.571221410645704	4.015644009011728	(9, 1.28)	1	3	2
r7i1121p1f1	1933-06-09	4	1.629	1.993	2.29	2.6413404356298273	2.961140828784372	(4, 1.629)	2	2	0
r7i1121p1f1	1933-08-13	11	2.015	2.426	10.548	4.310973452179345	5.955374415622268	(11, 2.015)	0	0	4
r7i1121p1f1	1934-07-14	3	1.936	2.419	2.64	2.403312490448537	2.689060526194968	(3, 1.936)	2	2	0
r7i1121p1f1	1934-07-30	3	1.56	1.748	1.512	2.208933293053824	2.181160963696629	(3, 1.56)	2	3	3
r7i1121p1f1	1935-06-05	5	1.158	1.293	0.508	2.635252499687377	1.8990600012640089	(5, 1.158)	1	1	1
r7i1121p1f1	1937-06-04	4	1.145	1.177	0.355	2.318458442150336	1.3454723665996355	(4, 1.145)	1	1	1
r7i1121p1f1	1939-08-05	6	1.531	1.8	2.849	3.157043517123863	3.758209081032244	(6, 1.531)	2	3	0
r7i1121p1f1	1939-08-13	3	1.224	1.407	0.504	1.9960722377456375	1.2861592859929931	(3, 1.224)	1	1	1
r7i1121p1f1	1940-06-20	9	1.618	1.847	5.054	3.7996602534572945	4.92331841590043	(9, 1.618)	0	0	2
r7i1121p1f1	1940-07-05	3	1.542	1.914	1.457	2.198608844997014	2.1483603864132905	(3, 1.542)	2	3	3
r7i1121p1f1	1942-07-01	6	1.594	2.103	3.229	3.1956857987282925	3.880664719185629	(6, 1.594)	2	2	0
r7i1121p1f1	1942-08-09	5	1.573	1.816	2.587	2.92244490692875	3.398645437853668	(5, 1.573)	2	2	0
r7i1121p1f1	1943-07-18	14	1.83	2.463	10.837	4.5732796685766095	6.343312215438712	(14, 1.83)	0	0	4
r7i1121p1f1	1944-08-03	7	1.261	1.412	1.438	3.1926980296733896	3.3189793236936085	(7, 1.261)	1	1	1
r7i1121p1f1	1948-07-30	3	1.476	1.81	1.258	2.159813538506554	2.0197923479787105	(3, 1.476)	2	3	3
r7i1121p1f1	1948-08-19	3	1.637	2.074	1.743	2.2519338572817302	2.308258336947238	(3, 1.637)	2	2	0
r7i1121p1f1	1949-06-02	5	1.225	1.384	0.843	2.6875696567008087	2.344209312061639	(5, 1.225)	1	1	1
r7i1121p1f1	1949-07-03	8	1.676	2.078	4.956	3.661599488731553	4.728639058964636	(8, 1.676)	0	0	0
r7i1121p1f1	1949-08-13	5	1.284	1.489	1.141	2.731477390002688	2.6215309075023274	(5, 1.284)	1	1	1
r7i1121p1f1	1951-06-22	3	1.568	1.629	1.535	2.2134879421592317	2.1945648176264645	(3, 1.568)	2	3	3
r7i1121p1f1	1951-06-29	3	1.168	1.258	0.337	1.9557340263295966	1.012002055374001	(3, 1.168)	1	1	1
r7i1121p1f1	1952-07-30	7	1.618	1.998	3.931	3.432882702783698	4.301401262227249	(7, 1.618)	0	2	0
r7i1121p1f1	1954-06-10	3	1.315	1.399	0.777	2.058337974099738	1.6168921469545445	(3, 1.315)	1	1	1
r7i1121p1f1	1955-07-02	4	1.329	1.545	1.09	2.4537599207911636	2.2741856184723477	(4, 1.329)	1	3	3
r7i1121p1f1	1955-07-21	9	1.613	2.116	5.008	3.7966346003540083	4.9142418611183425	(9, 1.613)	0	0	4
r7i1121p1f1	1957-07-05	3	1.304	1.433	0.744	2.051014129423419	1.5822593800150702	(3, 1.304)	1	1	1
r7i1121p1f1	1957-08-05	6	1.457	1.724	2.404	3.109660749103116	3.5926834834851045	(6, 1.457)	2	3	3
r7i1121p1f1	1957-08-27	4	1.33	1.52	1.095	2.454447442303292	2.278292400425001	(4, 1.33)	1	1	3
r7i1121p1f1	1959-08-21	8	1.718	2.176	5.292	3.6857220347703414	4.79367500986833	(8, 1.718)	0	0	4
r7i1121p1f1	1960-06-01	5	1.141	1.317	0.426	2.6215309075023274	1.7514277697842437	(5, 1.141)	1	1	1
r7i1121p1f1	1960-07-21	7	1.506	2.153	3.15	3.36354779145169	4.0832636687415125	(7, 1.506)	2	2	0
r7i1121p1f1	1961-06-23	12	1.358	1.653	3.619	4.0509324091961245	5.020182936238979	(12, 1.358)	0	0	2
r7i1121p1f1	1961-07-28	4	1.229	1.455	0.692	2.3825047161699193	1.8773253575577016	(4, 1.229)	1	1	1
r7i1121p1f1	1962-06-06	3	1.092	1.162	0.108	1.8982491140189333	0.44544480345152665	(3, 1.092)	1	1	1
r7i1121p1f1	1962-06-13	3	1.287	1.378	0.693	2.039588890738971	1.5262592457129922	(3, 1.287)	1	1	1
r7i1121p1f1	1962-07-09	6	1.518	1.592	2.774	3.14888041860841	3.732161794193524	(6, 1.518)	2	3	3
r7i1121p1f1	1964-08-14	5	1.309	1.441	1.263	2.7495161426591728	2.716069247625865	(5, 1.309)	1	1	1
r7i1121p1f1	1965-06-20	6	1.404	1.588	2.09	3.074289336351426	3.4568402464645014	(6, 1.404)	2	3	3
r7i1121p1f1	1967-06-21	3	1.208	1.351	0.454	1.984712110619881	1.2116591485246258	(3, 1.208)	1	1	1
r7i1121p1f1	1968-07-26	6	1.551	1.832	2.968	3.169473438275151	3.798193693633027	(6, 1.551)	2	2	0
r7i1121p1f1	1969-07-30	4	1.288	1.38	0.928	2.425156645382226	2.1310847748316744	(4, 1.288)	1	1	1
r7i1121p1f1	1971-07-17	3	1.354	1.48	0.894	2.083880472575465	1.730834015919441	(3, 1.354)	1	1	3
r7i1121p1f1	1972-07-08	3	1.04	1.127	-0.048	1.8569225639687479	-0.2869027978849842	(3, 1.04)	1	1	1
r7i1121p1f1	1972-08-11	11	1.404	1.948	3.825	3.9555029670572583	4.945541867412523	(11, 1.404)	0	0	2
r7i1121p1f1	1973-06-03	4	1.156	1.349	0.4	2.327082564594433	1.4350845252893227	(4, 1.156)	1	1	1
r7i1121p1f1	1974-06-28	16	1.458	2.231	6.431	4.546608434989826	6.0224398214073025	(16, 1.458)	0	0	4
r7i1121p1f1	1974-07-18	5	1.53	1.742	2.37	2.8962389581581185	3.314091655980828	(5, 1.53)	2	3	3
r7i1121p1f1	1974-08-14	5	1.317	1.457	1.304	2.755220490925305	2.745934329969324	(5, 1.317)	1	1	1
r7i1121p1f1	1978-06-17	5	1.137	1.244	0.403	2.618274749545595	1.7057797371210877	(5, 1.137)	1	1	1
r7i1121p1f1	1978-07-14	4	1.239	1.324	0.732	2.3898631011011062	1.9251241812954787	(4, 1.239)	1	1	1
r7i1121p1f1	1979-06-08	8	1.634	2.065	4.62	3.6368806312860906	4.659077393167925	(8, 1.634)	0	0	0
r7i1121p1f1	1979-06-21	3	1.281	1.487	0.676	2.0355250837068217	1.5068732708419108	(3, 1.281)	1	1	1
r7i1121p1f1	1979-07-13	3	1.873	2.226	2.449	2.373266596793354	2.619246475776149	(3, 1.873)	2	2	0
r7i1121p1f1	1979-07-31	4	1.163	1.316	0.427	2.332532169361998	1.4852343089747941	(4, 1.163)	1	1	1
r7i1121p1f1	1980-07-24	8	1.699	1.955	5.141	3.6748814749321523	4.764969602646457	(8, 1.699)	0	0	0
r7i1121p1f1	1980-08-13	4	1.436	1.641	1.518	2.524768183213131	2.575965380734967	(4, 1.436)	2	3	3
r7i1121p1f1	1981-08-08	6	1.447	1.662	2.347	3.103081957112869	3.569355626097524	(6, 1.447)	2	3	3
r7i1121p1f1	1981-08-23	4	1.584	1.858	2.111	2.6153499458132896	2.884130096972689	(4, 1.584)	2	2	0
r7i1121p1f1	1983-08-27	6	1.203	1.383	0.88	2.9274757539332152	2.6342820777909304	(6, 1.203)	1	1	1
r7i1121p1f1	1984-06-01	3	1.12	1.161	0.193	1.9198141208902906	0.6945748697177875	(3, 1.12)	1	1	1
r7i1121p1f1	1989-06-04	5	1.306	1.479	1.248	2.747368594938016	2.704916240680952	(5, 1.306)	1	1	1
r7i1121p1f1	1990-06-08	7	1.482	1.744	2.984	3.3480435540813795	4.03006295715463	(7, 1.482)	2	3	2
r7i1121p1f1	1990-06-30	3	1.53	1.811	1.422	2.191666181004662	2.126912829977665	(3, 1.53)	2	3	3
r7i1121p1f1	1990-07-30	4	1.382	1.55	1.304	2.4895624613241942	2.4364164406275663	(4, 1.382)	1	3	3
r7i1121p1f1	1991-08-12	3	1.298	1.652	0.724	2.0469965809886865	1.5606707623481586	(3, 1.298)	1	1	3
r7i1121p1f1	1992-06-28	5	1.395	1.565	1.694	2.8091962971398154	2.9927024768229487	(5, 1.395)	2	3	3
r7i1121p1f1	1992-07-24	4	1.575	1.666	2.075	2.6100697927420065	2.8678989020441064	(4, 1.575)	2	3	3
r7i1121p1f1	1993-06-13	6	1.458	1.624	2.411	3.1103162541243323	3.595511149673914	(6, 1.458)	2	3	3
r7i1121p1f1	1995-06-19	4	1.727	1.85	2.684	2.695707677903824	3.1122700898019424	(4, 1.727)	2	2	0
r7i1121p1f1	1995-07-07	3	1.184	1.206	0.385	1.96742621912213	1.098785167970973	(3, 1.184)	1	1	1
r7i1121p1f1	1995-07-22	3	1.547	1.694	1.474	2.2014874558921855	2.1586141021623466	(3, 1.547)	2	3	3
r7i1121p1f1	1995-08-23	10	1.662	2.068	6.059	3.980747528870286	5.260627978152219	(10, 1.662)	0	0	4
r7i1121p1f1	1996-07-21	4	1.589	1.793	2.132	2.618271361855424	2.8934780395152346	(4, 1.589)	2	3	3
r7i1121p1f1	1996-08-18	3	1.225	1.303	0.508	1.9967779789349385	1.2918862677653262	(3, 1.225)	1	1	1
r7i1121p1f1	1996-08-25	3	1.296	1.506	0.72	2.0456538033324905	1.556296541794345	(3, 1.296)	1	1	1
r7i1121p1f1	2001-06-16	5	1.617	1.88	2.804	2.948567791147106	3.4766039140812155	(5, 1.617)	2	2	0
r7i1121p1f1	2001-06-24	3	1.242	1.351	0.557	2.008699996037192	1.359502877924259	(3, 1.242)	1	1	1
r7i1121p1f1	2001-08-25	3	1.257	1.43	0.604	2.019102669039607	1.4203276194229513	(3, 1.257)	1	1	1
r7i1121p1f1	2002-06-29	4	1.33	1.546	1.095	2.454447442303292	2.278292400425001	(4, 1.33)	1	3	3
r7i1121p1f1	2002-07-31	4	1.503	1.918	1.788	2.5667938092601843	2.7281142321379517	(4, 1.503)	2	3	3
r7i1121p1f1	2002-08-10	3	1.247	1.331	0.573	2.0121795915224925	1.3806271674231094	(3, 1.247)	1	1	1
r7i1121p1f1	2002-08-16	4	1.173	1.269	0.468	2.3402661599617343	1.5568806616954243	(4, 1.173)	1	1	1
r7i1121p1f1	2002-08-23	6	1.386	1.589	1.979	3.0619860431701316	3.404034726117571	(6, 1.386)	2	3	3
r7i1121p1f1	2003-06-05	10	1.428	1.948	3.722	3.832055669636841	4.776599086884909	(10, 1.428)	0	0	2
r7i1121p1f1	2004-07-23	3	1.182	1.264	0.378	1.965972149383562	1.0865888343590457	(3, 1.182)	1	1	1
r7i1121p1f1	2004-08-18	6	1.303	1.413	1.479	3.0032097875874415	3.1239835247481462	(6, 1.303)	1	1	1
r7i1121p1f1	2005-06-29	3	1.24	1.29	0.553	2.007304760626642	1.3541513372645073	(3, 1.24)	1	1	1
r7i1121p1f1	2005-08-13	4	1.263	1.468	0.827	2.4073054037644486	2.0302512974890643	(4, 1.263)	1	1	1
r7i1121p1f1	2007-07-02	3	1.362	1.696	0.917	2.089040276042879	1.7517829109102498	(3, 1.362)	1	3	3
r7i1121p1f1	2007-07-29	8	1.272	1.541	1.726	3.3939066830372715	3.6902515558141014	(8, 1.272)	1	3	2
r7i1121p1f1	2008-06-08	3	1.249	1.412	0.579	2.01356804665576	1.3884351312223295	(3, 1.249)	1	1	1
r7i1121p1f1	2009-08-28	7	1.466	1.85	2.873	3.3375722194326882	3.992841497336861	(7, 1.466)	2	3	2
r7i1121p1f1	2010-08-05	3	1.235	1.298	0.537	2.0038081315273124	1.3324541025482408	(3, 1.235)	1	1	1
r7i1231p1f1	1851-06-19	3	1.194	1.292	0.441	1.9746650211180787	1.1913443657207363	(3, 1.194)	1	1	1
r7i1231p1f1	1851-06-29	9	1.402	1.609	3.195	3.659811031616589	4.4689494660768	(9, 1.402)	2	3	2
r7i1231p1f1	1851-07-11	3	1.208	1.393	0.481	1.984712110619881	1.2525770413039474	(3, 1.208)	1	1	1
r7i1231p1f1	1853-06-10	3	1.602	1.997	1.665	2.232617051309159	2.267123060657341	(3, 1.602)	2	2	0
r7i1231p1f1	1853-08-04	3	1.244	1.318	0.59	2.0100932874778716	1.4025932913072967	(3, 1.244)	1	1	1
r7i1231p1f1	1854-06-05	3	1.12	1.146	0.217	1.9198141208902906	0.7549781688835332	(3, 1.12)	1	1	1
r7i1231p1f1	1855-06-25	4	1.272	1.535	0.898	2.413768621954661	2.1021810286493254	(4, 1.272)	1	1	1
r7i1231p1f1	1856-07-15	7	1.268	1.858	1.544	3.1980071259094855	3.3876148948992335	(7, 1.268)	2	3	2
r7i1231p1f1	1857-07-10	3	1.23	1.344	0.549	2.000299233099087	1.3487710034605538	(3, 1.23)	1	1	1
r7i1231p1f1	1857-08-11	5	1.325	1.474	1.387	2.760892484079883	2.8037924950445623	(5, 1.325)	1	3	3
r7i1231p1f1	1858-06-13	10	1.436	1.642	3.89	3.837521572494653	4.820383181252879	(10, 1.436)	0	0	2
r7i1231p1f1	1859-06-27	4	1.289	1.34	0.968	2.425864109154217	2.1683677508742374	(4, 1.289)	1	1	1
r7i1231p1f1	1859-08-03	10	1.506	1.926	4.584	3.8841152117016695	4.983324444517347	(10, 1.506)	0	0	2
r7i1231p1f1	1860-07-18	3	1.277	1.506	0.687	2.0328066751850744	1.519459968127892	(3, 1.277)	1	1	1
r7i1231p1f1	1861-07-07	4	1.503	1.729	1.824	2.5667938092601843	2.7467579622052596	(4, 1.503)	2	3	3
r7i1231p1f1	1861-07-16	3	1.353	1.572	0.916	2.083233621139891	1.7508811570107512	(3, 1.353)	1	1	3
r7i1231p1f1	1862-08-17	6	1.174	1.349	0.757	2.9043955054327584	2.4953174696263405	(6, 1.174)	1	1	1
r7i1231p1f1	1864-06-27	3	1.28	1.353	0.697	2.034846174051035	1.5307665490737288	(3, 1.28)	1	1	1
r7i1231p1f1	1866-06-02	3	1.053	1.101	0.016	1.8674154154423224	0.07986278880908304	(3, 1.053)	1	1	1
r7i1231p1f1	1866-07-23	13	1.573	2.081	6.829	4.313880521085758	5.771721537336341	(13, 1.573)	0	0	4
r7i1231p1f1	1867-07-25	4	1.586	2.187	2.153	2.6165195365898923	2.902739406704826	(4, 1.586)	2	2	0
r7i1231p1f1	1867-08-22	6	1.556	1.818	3.051	3.1725569266263682	3.8251649090116606	(6, 1.556)	2	2	0
r7i1231p1f1	1869-06-17	5	1.549	1.709	2.506	2.9079030978437186	3.367913975380492	(5, 1.549)	2	3	3
r7i1231p1f1	1869-06-24	6	1.481	1.732	2.6	3.1252754800548823	3.668983842173967	(6, 1.481)	2	3	3
r7i1231p1f1	1870-07-08	6	1.439	1.585	2.351	3.0977875827935564	3.571010542286849	(6, 1.439)	2	3	3
r7i1231p1f1	1871-06-22	4	1.277	1.432	0.918	2.417341330292234	2.121542717698471	(4, 1.277)	1	1	1
r7i1231p1f1	1871-07-17	3	1.531	1.646	1.45	2.1922465808862563	2.144107517146862	(3, 1.531)	2	3	3
r7i1231p1f1	1872-08-28	3	1.446	1.865	1.197	2.141669160742786	1.9768264829675917	(3, 1.446)	2	3	3
r7i1231p1f1	1873-07-12	3	1.123	1.177	0.228	1.922097313628501	0.7814889337128141	(3, 1.123)	1	1	1
r7i1231p1f1	1875-06-18	3	1.331	1.509	0.851	2.068895991639963	1.6904510497143228	(3, 1.331)	1	1	1
r7i1231p1f1	1877-08-03	8	1.3	1.552	2.025	3.414957018756813	3.846321555997132	(8, 1.3)	1	3	2
r7i1231p1f1	1877-08-16	3	1.293	1.363	0.736	2.043636250061301	1.573679779711439	(3, 1.293)	1	1	1
r7i1231p1f1	1878-07-01	3	1.122	1.148	0.223	1.9213368284541927	0.7695256401133637	(3, 1.122)	1	1	1
r7i1231p1f1	1878-07-13	4	1.596	2.143	2.195	2.6223470589092384	2.9210087273580543	(4, 1.596)	2	2	0
r7i1231p1f1	1878-08-12	6	1.738	2.245	4.142	3.2787765720538666	4.125111680880933	(6, 1.738)	0	2	0
r7i1231p1f1	1880-06-08	5	1.088	1.214	0.203	2.5775017681767394	1.184670405026527	(5, 1.088)	1	1	1
r7i1231p1f1	1880-06-26	3	1.195	1.258	0.442	1.9753860276277764	1.192921777292329	(3, 1.195)	1	1	1
r7i1231p1f1	1880-07-23	3	1.108	1.123	0.183	1.9106288604174835	0.6682886995587678	(3, 1.108)	1	1	1
r7i1231p1f1	1880-08-22	5	1.288	1.465	1.204	2.7343855466009805	2.671464306665527	(5, 1.288)	1	1	1
r7i1231p1f1	1882-06-10	7	1.317	1.484	1.888	3.234401922271251	3.5825809800169703	(7, 1.317)	1	3	2
r7i1231p1f1	1883-06-17	6	1.569	1.737	3.128	3.180529780924386	3.849552179642254	(6, 1.569)	2	2	0
r7i1231p1f1	1883-06-28	16	1.543	1.928	7.932	4.602687105694285	6.231756225255226	(16, 1.543)	0	0	4
r7i1231p1f1	1884-07-02	3	1.201	1.281	0.459	1.9797011838168412	1.2193639394076574	(3, 1.201)	1	1	1
r7i1231p1f1	1884-07-16	4	1.339	1.431	1.167	2.4606139572189556	2.335632947040246	(4, 1.339)	1	1	1
r7i1231p1f1	1886-07-28	3	1.23	1.458	0.547	2.000299233099087	1.3460699419795767	(3, 1.23)	1	1	1
r7i1231p1f1	1886-08-07	5	1.553	2.034	2.528	2.9103414652035204	3.3763546483538085	(5, 1.553)	2	2	0
r7i1231p1f1	1889-06-23	5	1.363	1.719	1.58	2.78740364154172	2.9266467382514705	(5, 1.363)	2	3	3
r7i1231p1f1	1889-07-21	4	1.135	1.251	0.35	2.3105532626432224	1.33500106673234	(4, 1.135)	1	1	1
r7i1231p1f1	1890-08-27	4	1.376	1.743	1.315	2.4855730943311607	2.444084655267745	(4, 1.376)	2	3	3
r7i1231p1f1	1892-06-20	5	1.312	1.516	1.321	2.7516590883005363	2.7580605089354964	(5, 1.312)	1	3	3
r7i1231p1f1	1892-06-29	3	1.375	1.529	0.984	2.097368585337483	1.8104199386185384	(3, 1.375)	1	3	3
r7i1231p1f1	1892-08-09	3	1.685	1.948	1.912	2.2778329539387285	2.3919726259740743	(3, 1.685)	2	2	0
r7i1231p1f1	1896-06-09	5	1.205	1.297	0.789	2.6722371384416257	2.2845522920969223	(5, 1.205)	1	1	1
r7i1231p1f1	1896-06-30	5	1.479	1.843	2.157	2.8642400970919235	3.223504820013063	(5, 1.479)	2	3	3
r7i1231p1f1	1896-08-08	3	1.233	1.488	0.556	2.0024060492939144	1.3581676752688665	(3, 1.233)	1	1	1
r7i1231p1f1	1897-06-12	5	1.263	1.474	1.077	2.716069247625865	2.5681155749955287	(5, 1.263)	1	1	1
r7i1231p1f1	1900-06-28	6	1.671	1.931	3.741	3.24097323521861	4.025016755481157	(6, 1.671)	2	2	0
r7i1231p1f1	1900-07-14	3	1.59	1.817	1.628	2.2259073057649243	2.2470022055661394	(3, 1.59)	2	3	3
r7i1231p1f1	1900-07-21	3	1.388	1.614	1.022	2.1056281063918063	1.8422098062945378	(3, 1.388)	1	3	3
r7i1231p1f1	1900-08-03	9	1.967	2.518	8.276	3.9910005306115734	5.413661875858769	(9, 1.967)	0	0	4
r7i1231p1f1	1900-08-23	15	1.629	2.051	8.727	4.56055295767642	6.2304674414474865	(15, 1.629)	0	0	4
r7i1231p1f1	1901-06-26	5	1.346	1.538	1.492	2.7756301853340113	2.872494412410056	(5, 1.346)	1	3	3
r7i1231p1f1	1901-07-21	3	1.485	1.7	1.314	2.165193269654166	2.057674382091276	(3, 1.485)	2	3	3
r7i1231p1f1	1902-06-15	8	1.249	1.558	1.613	3.376277574139154	3.6242882280601476	(8, 1.249)	1	3	2
r7i1231p1f1	1902-07-01	6	1.345	1.862	1.786	3.0333835935586464	3.3050069909869104	(6, 1.345)	2	3	3
r7i1231p1f1	1904-07-12	3	1.397	1.559	1.049	2.1113065338966903	1.8641985565732526	(3, 1.397)	1	3	3
r7i1231p1f1	1905-06-07	6	1.167	1.272	0.717	2.8987436808456617	2.4456203568503585	(6, 1.167)	1	1	1
r7i1231p1f1	1906-08-24	3	1.249	1.428	0.606	2.01356804665576	1.4228356146869778	(3, 1.249)	1	1	1
r7i1231p1f1	1907-06-25	3	1.175	1.313	0.384	1.9608661901948141	1.0970519153584024	(3, 1.175)	1	1	1
r7i1231p1f1	1907-06-30	7	1.446	1.724	2.791	3.3243269481624793	3.964426507228427	(7, 1.446)	2	3	2
r7i1231p1f1	1907-08-23	5	1.387	1.612	1.7	2.8037924950445623	2.9960611099187973	(5, 1.387)	2	3	3
r7i1231p1f1	1909-06-07	9	1.201	1.383	1.384	3.5093639566504433	3.6472237788451034	(9, 1.201)	1	1	2
r7i1231p1f1	1909-06-30	5	1.227	1.526	0.898	2.689090057670178	2.4015200787871867	(5, 1.227)	1	1	1
r7i1231p1f1	1909-07-21	4	1.721	2.203	2.694	2.6924626777604965	3.1158237538118114	(4, 1.721)	2	2	0
r7i1231p1f1	1909-08-13	3	1.31	1.417	0.788	2.055015601727822	1.6281748954846222	(3, 1.31)	1	1	1
r7i1231p1f1	1910-05-31	3	1.121	1.153	0.221	1.9205757645020043	0.7646999592153298	(3, 1.121)	1	1	1
r7i1231p1f1	1911-06-04	5	1.405	1.669	1.787	2.815910242856531	3.0435346823851566	(5, 1.405)	2	3	3
r7i1231p1f1	1912-07-02	3	1.342	1.509	0.883	2.0760905021222955	1.7206576950771912	(3, 1.342)	1	1	3
r7i1231p1f1	1912-07-14	5	1.22	1.489	0.864	2.683758510086538	2.366480938547312	(5, 1.22)	1	1	1
r7i1231p1f1	1912-07-22	4	1.718	2.158	2.683	2.690836220367522	3.1119140278434005	(4, 1.718)	2	2	0
r7i1231p1f1	1914-08-27	4	1.371	1.695	1.293	2.4822364212321215	2.428688969789772	(4, 1.371)	2	3	3
r7i1231p1f1	1915-06-19	3	1.373	1.541	0.977	2.096091812917599	1.8044520625451974	(3, 1.373)	1	3	3
r7i1231p1f1	1917-06-23	6	1.807	2.257	4.561	3.3162699332843664	4.219989005523752	(6, 1.807)	0	2	0
r7i1231p1f1	1917-07-26	3	1.384	1.613	1.01	2.1030939735949343	1.8322796497164289	(3, 1.384)	1	3	3
r7i1231p1f1	1918-07-14	3	1.211	1.379	0.49	1.9868519878999251	1.2658525498042004	(3, 1.211)	1	1	1
r7i1231p1f1	1918-08-13	10	1.419	1.919	3.721	3.8258706048189635	4.776332642096012	(10, 1.419)	0	0	2
r7i1231p1f1	1919-07-06	5	1.658	1.968	3.054	2.9723102844700673	3.559475475312425	(5, 1.658)	2	2	0
r7i1231p1f1	1920-07-06	4	1.388	1.633	1.362	2.4935359764860547	2.476202209157854	(4, 1.388)	2	3	3
r7i1231p1f1	1920-07-28	3	1.38	1.611	0.999	2.1005534026504553	1.8230895610787659	(3, 1.38)	1	3	3
r7i1231p1f1	1922-08-19	10	1.358	1.632	3.107	3.7829099660626424	4.5976617370175985	(10, 1.358)	2	3	2
r7i1231p1f1	1926-06-29	6	1.345	1.592	1.786	3.0333835935586464	3.3050069909869104	(6, 1.345)	2	3	3
r7i1231p1f1	1926-07-08	8	1.359	1.693	2.49	3.457913503083175	4.049038018880036	(8, 1.359)	2	3	2
r7i1231p1f1	1926-08-13	4	1.256	1.372	0.835	2.402249416106991	2.038619547159581	(4, 1.256)	1	1	1
r7i1231p1f1	1927-06-27	6	1.224	1.419	1.059	2.9438626379031727	2.8072351567207137	(6, 1.224)	1	1	1
r7i1231p1f1	1927-07-30	16	1.763	2.778	11.452	4.73472367724339	6.598410931160066	(16, 1.763)	0	0	4
r7i1231p1f1	1929-08-18	5	1.362	1.508	1.574	2.786714909110079	2.923046250570145	(5, 1.362)	1	3	3
r7i1231p1f1	1932-08-02	3	1.329	1.493	0.844	2.0675823194866925	1.683719932039788	(3, 1.329)	1	1	1
r7i1231p1f1	1933-06-26	3	1.171	1.317	0.37	1.9579367511104981	1.0724655547928086	(3, 1.171)	1	1	1
r7i1231p1f1	1934-06-16	9	1.593	1.835	4.909	3.7844396026734684	4.894423523356357	(9, 1.593)	0	0	2
r7i1231p1f1	1934-07-03	4	1.401	1.55	1.416	2.5020914745421012	2.5118730980178148	(4, 1.401)	1	3	3
r7i1231p1f1	1934-07-28	8	1.493	1.6	3.569	3.5491211020989266	4.403754506342216	(8, 1.493)	2	3	2
r7i1231p1f1	1936-08-06	3	1.234	1.368	0.561	2.0031073361399168	1.3648259319761944	(3, 1.234)	1	1	1
r7i1231p1f1	1937-06-25	3	1.4	1.577	1.057	2.113192200146248	1.8706219593034668	(3, 1.4)	1	3	3
r7i1231p1f1	1939-06-30	8	1.2	1.459	1.224	3.3376503829393194	3.3567562907417097	(8, 1.2)	1	1	2
r7i1231p1f1	1939-07-11	4	1.377	1.573	1.318	2.4862390950217788	2.4461658214715696	(4, 1.377)	1	3	3
r7i1231p1f1	1939-07-27	3	1.227	1.361	0.54	1.9981879688569144	1.3365583557022844	(3, 1.227)	1	1	1
r7i1231p1f1	1939-08-15	3	1.267	1.337	0.659	2.0259781469017057	1.4871040378774207	(3, 1.267)	1	1	1
r7i1231p1f1	1939-08-22	7	1.247	1.538	1.398	3.1819945220416277	3.291803644604537	(7, 1.247)	1	3	1
r7i1231p1f1	1944-06-20	3	1.211	1.299	0.49	1.9868519878999251	1.2658525498042004	(3, 1.211)	1	1	1
r7i1231p1f1	1944-07-20	5	1.588	2.144	2.702	2.9314273113446543	3.440715434452489	(5, 1.588)	2	2	0
r7i1231p1f1	1944-07-30	8	1.556	1.934	4.072	3.5892872930422253	4.534091304749135	(8, 1.556)	0	2	2
r7i1231p1f1	1944-08-23	5	1.58	1.651	2.663	2.9266467382514705	3.426645647549758	(5, 1.58)	2	3	3
r7i1231p1f1	1945-06-06	4	1.533	1.682	1.941	2.585053598392939	2.805055912377283	(4, 1.533)	2	3	3
r7i1231p1f1	1945-06-29	14	1.182	1.458	1.88	4.141815546121366	4.599960865205744	(14, 1.182)	1	3	2
r7i1231p1f1	1945-08-19	10	1.584	2.038	5.364	3.9335981420201342	5.139465667424348	(10, 1.584)	0	0	4
r7i1231p1f1	1946-06-06	5	1.381	1.541	1.667	2.7997203935551553	2.9774474500261805	(5, 1.381)	1	3	3
r7i1231p1f1	1947-06-09	5	1.266	1.366	1.091	2.7182849995812974	2.580046422442136	(5, 1.266)	1	1	1
r7i1231p1f1	1950-07-29	3	1.379	1.613	0.995	2.0999172501159333	1.8197266593443935	(3, 1.379)	1	3	3
r7i1231p1f1	1950-08-03	6	1.157	1.42	0.658	2.890613828283699	2.367490937707675	(6, 1.157)	1	1	1
r7i1231p1f1	1952-08-10	3	1.325	1.452	0.833	2.0649497866137057	1.6730500611426913	(3, 1.325)	1	1	1
r7i1231p1f1	1952-08-23	6	1.252	1.488	1.228	2.9653022897550105	2.9469537316204097	(6, 1.252)	1	1	1
r7i1231p1f1	1953-07-04	6	1.482	2.061	2.61	3.1259208323161953	3.672724903472622	(6, 1.482)	2	2	0
r7i1231p1f1	1954-08-05	5	1.586	1.844	2.692	2.9302343089149123	3.4371266254436375	(5, 1.586)	2	2	0
r7i1231p1f1	1956-06-14	4	1.26	1.396	0.851	2.4051416813191375	2.0551488491107914	(4, 1.26)	1	1	1
r7i1231p1f1	1957-06-07	7	1.27	1.431	1.555	3.1995188477940677	3.394474937278486	(7, 1.27)	1	3	1
r7i1231p1f1	1957-08-04	5	1.642	1.91	2.971	2.963111871300977	3.53271645359482	(5, 1.642)	2	2	0
r7i1231p1f1	1957-08-24	12	1.359	1.798	3.734	4.051655707098458	5.051261846613959	(12, 1.359)	0	0	2
r7i1231p1f1	1958-07-03	3	1.545	1.77	1.491	2.200337005711071	2.168763745451583	(3, 1.545)	2	3	3
r7i1231p1f1	1959-07-23	3	1.385	1.587	1.014	2.1037281090948614	1.8356006704133423	(3, 1.385)	1	3	3
r7i1231p1f1	1961-06-05	5	1.225	1.416	0.889	2.6875696567008087	2.392363835292399	(5, 1.225)	1	1	1
r7i1231p1f1	1961-06-27	10	2.07	2.451	10.221	4.196587436565007	5.781411192987684	(10, 2.07)	0	0	4
r7i1231p1f1	1962-07-25	17	1.572	1.996	8.914	4.711203348019671	6.439042304954271	(17, 1.572)	0	0	4
r7i1231p1f1	1963-06-25	4	1.279	1.473	0.927	2.418766847283455	2.130134655995354	(4, 1.279)	1	1	1
r7i1231p1f1	1965-07-05	3	1.273	1.403	0.676	2.030080856770745	1.5068732708419108	(3, 1.273)	1	1	1
r7i1231p1f1	1965-08-30	3	1.358	1.46	0.93	2.086463702251958	1.7634323091555903	(3, 1.358)	1	1	3
r7i1231p1f1	1966-08-05	3	1.081	1.092	0.1	1.8896482562540837	0.4184571727302676	(3, 1.081)	1	1	1
r7i1231p1f1	1967-07-22	3	1.653	2.0	1.817	2.260641631816534	2.3457795304422766	(3, 1.653)	2	2	0
r7i1231p1f1	1969-06-01	6	1.148	1.382	0.605	2.88324001784647	2.2916907410897833	(6, 1.148)	1	1	1
r7i1231p1f1	1969-06-25	7	1.187	1.44	0.976	3.1347786401239137	2.9484190983517955	(7, 1.187)	1	1	1
r7i1231p1f1	1972-06-02	4	1.373	1.747	1.303	2.4835724267748636	2.4357164055972285	(4, 1.373)	2	3	3
r7i1231p1f1	1972-07-01	4	1.248	1.389	0.801	2.39643966846567	2.0025604973438784	(4, 1.248)	1	1	1
r7i1231p1f1	1973-08-22	4	1.717	2.075	2.677	2.690293479512951	3.1097749895946514	(4, 1.717)	2	2	0
r7i1231p1f1	1974-06-16	3	1.254	1.493	0.619	2.017030773679079	1.4389860353615849	(3, 1.254)	1	1	1
r7i1231p1f1	1974-06-29	3	1.418	1.499	1.111	2.1244321317676773	1.9129330972319676	(3, 1.418)	1	3	3
r7i1231p1f1	1974-07-21	19	1.417	1.884	7.017	4.7736855093113855	6.366713517585631	(19, 1.417)	0	0	4
r7i1231p1f1	1975-06-29	4	1.1	1.189	0.211	2.2823823856765264	0.9887974226609031	(4, 1.1)	1	1	1
r7i1231p1f1	1976-06-20	4	1.267	1.364	0.877	2.410183103592064	2.081439544342509	(4, 1.267)	1	1	1
r7i1231p1f1	1979-06-26	4	1.597	1.765	2.197	2.622927947685375	2.921870424955536	(4, 1.597)	2	3	3
r7i1231p1f1	1979-08-13	4	1.605	1.801	2.229	2.6275629501895237	2.9355575505179208	(4, 1.605)	2	2	0
r7i1231p1f1	1980-07-12	4	1.204	1.391	0.625	2.363868321410944	1.791759469228055	(4, 1.204)	1	1	1
r7i1231p1f1	1981-06-18	3	1.343	1.46	0.887	2.076741989126375	1.7243701682880426	(3, 1.343)	1	1	1
r7i1231p1f1	1982-06-02	4	1.221	1.368	0.693	2.376578772902372	1.8785485993004458	(4, 1.221)	1	1	1
r7i1231p1f1	1983-07-03	7	1.413	1.793	2.558	3.3020812631029317	3.8789794919307967	(7, 1.413)	2	3	2
r7i1231p1f1	1983-07-15	4	1.344	1.54	1.188	2.4640234388715765	2.351756137000495	(4, 1.344)	1	3	3
r7i1231p1f1	1983-07-29	7	1.233	1.377	1.298	3.171175208689265	3.2204464472881194	(7, 1.233)	1	1	1
r7i1231p1f1	1983-08-12	5	2.006	2.573	4.795	3.153921721466058	4.000212067617803	(5, 2.006)	0	2	0
r7i1231p1f1	1983-08-30	3	1.591	1.675	1.632	2.2264681739754115	2.2491970539344583	(3, 1.591)	2	3	3
r7i1231p1f1	1985-06-21	3	1.417	1.703	1.108	2.1238109944799253	1.9106288604174835	(3, 1.417)	2	3	3
r7i1231p1f1	1986-08-27	3	1.505	1.651	1.372	2.177045610799638	2.0954528148814386	(3, 1.505)	2	3	3
r7i1231p1f1	1988-07-10	6	1.308	1.629	1.566	3.0068500168428662	3.178695525383921	(6, 1.308)	1	3	3
r7i1231p1f1	1988-08-09	4	1.68	2.313	2.532	2.67000213346468	3.0566392084575122	(4, 1.68)	2	2	0
r7i1231p1f1	1988-08-25	4	1.437	1.56	1.558	2.52540859309733	2.600019456888505	(4, 1.437)	2	3	3
r7i1231p1f1	1989-07-10	5	1.282	1.486	1.171	2.730020134026829	2.645619892265607	(5, 1.282)	1	1	1
r7i1231p1f1	1989-08-01	4	1.131	1.203	0.336	2.307373609725843	1.3050843056943475	(4, 1.131)	1	1	1
r7i1231p1f1	1990-08-07	3	1.313	1.389	0.796	2.057010349436034	1.6363013044403352	(3, 1.313)	1	1	1
r7i1231p1f1	1990-08-12	6	1.331	1.533	1.705	3.0234264786047427	3.260335570618903	(6, 1.331)	1	3	3
r7i1231p1f1	1991-06-27	5	1.248	1.459	1.002	2.704916240680952	2.501657285216424	(5, 1.248)	1	1	1
r7i1231p1f1	1992-07-09	3	1.152	1.187	0.314	1.9439035072324593	0.9675889333270213	(3, 1.152)	1	1	1
r7i1231p1f1	1993-08-23	6	1.364	1.583	1.9	3.046740169828907	3.3646780295600047	(6, 1.364)	2	3	3
r7i1231p1f1	1994-07-31	3	1.387	1.677	1.019	2.1049951749847424	1.839736496341625	(3, 1.387)	1	3	3
r7i1231p1f1	1995-06-03	6	1.866	2.153	4.909	3.34725099761634	4.29247481827987	(6, 1.866)	0	2	0
r7i1231p1f1	1995-07-31	6	1.721	1.942	4.039	3.2693191393163334	4.100342114671264	(6, 1.721)	2	2	0
r7i1231p1f1	1996-06-08	3	1.307	1.39	0.778	2.0530168670468605	1.6179231279288906	(3, 1.307)	1	1	1
r7i1231p1f1	1996-07-12	3	1.221	1.28	0.52	1.9939520208237795	1.3088730142073226	(3, 1.221)	1	1	1
r7i1231p1f1	1998-06-09	3	1.192	1.215	0.434	1.9732214466709417	1.180232259947073	(3, 1.192)	1	1	1
r7i1231p1f1	1998-07-11	3	1.367	1.682	0.958	2.0922516855351465	1.7880716811810247	(3, 1.367)	1	3	3
r7i1231p1f1	2000-08-02	5	1.451	1.652	2.019	2.8462267236973093	3.1601064958278418	(5, 1.451)	2	3	3
r7i1231p1f1	2002-06-01	4	1.211	1.285	0.653	2.36912161679429	1.8284127868760904	(4, 1.211)	1	1	1
r7i1231p1f1	2003-06-25	7	1.598	1.858	3.852	3.420848826470986	4.281377756680649	(7, 1.598)	2	2	0
r7i1231p1f1	2003-07-04	7	1.855	2.535	5.656	3.5654421097141435	4.661083358409093	(7, 1.855)	0	2	4
r7i1231p1f1	2003-08-24	4	1.443	1.545	1.582	2.529242463608052	2.6141789854921393	(4, 1.443)	2	3	3
r7i1231p1f1	2004-06-21	7	1.98	2.493	6.525	3.628867025982825	4.802747210249477	(7, 1.98)	0	0	4
r7i1231p1f1	2004-07-21	4	1.247	1.328	0.797	2.3957110709835296	1.9982314862542927	(4, 1.247)	1	1	1
r7i1231p1f1	2006-07-18	5	1.242	1.362	0.974	2.7004199741703525	2.4756683621159254	(5, 1.242)	1	1	1
r7i1231p1f1	2007-08-06	6	1.605	2.221	3.343	3.2022823605940474	3.914656839056064	(6, 1.605)	2	2	0
r7i1231p1f1	2010-06-06	5	1.655	1.992	3.039	2.9705920146177442	3.5546922155583176	(5, 1.655)	2	2	0
r7i1231p1f1	2010-07-02	3	1.382	1.53	1.005	2.1018244949350686	1.8281128037140733	(3, 1.382)	1	3	3
r7i1231p1f1	2010-07-08	5	1.425	1.685	1.886	2.8292043977637307	3.094949403453401	(5, 1.425)	2	3	3
r7i1251p1f1	1852-07-17	9	1.475	2.407	3.942	3.709294638856529	4.676876705532726	(9, 1.475)	0	0	0
r7i1251p1f1	1852-08-12	3	1.086	1.149	0.145	1.8935669098428978	0.5615807711150981	(3, 1.086)	1	1	1
r7i1251p1f1	1854-06-09	3	1.232	1.345	0.583	2.001704270299514	1.3936067757387784	(3, 1.232)	1	1	1
r7i1251p1f1	1854-07-22	4	1.325	1.459	1.149	2.451005098112319	2.3216030988298075	(4, 1.325)	1	1	1
r7i1251p1f1	1855-06-24	9	1.156	1.583	1.065	3.4723390539332986	3.3929971850968155	(9, 1.156)	1	3	2
r7i1251p1f1	1857-07-03	3	1.414	1.72	1.131	2.121945264387058	1.9281604641562224	(3, 1.414)	2	3	3
r7i1251p1f1	1858-06-16	10	1.42	1.67	3.826	3.8265597264120483	4.8039287722635144	(10, 1.42)	0	0	2
r7i1251p1f1	1858-07-19	10	1.792	2.79	7.544	4.0547026986812105	5.478813202239951	(10, 1.792)	0	0	4
r7i1251p1f1	1859-06-04	3	1.289	1.441	0.757	2.0409398314549385	1.5960461180986638	(3, 1.289)	1	1	1
r7i1251p1f1	1862-08-15	3	1.319	1.639	0.846	2.0609879473370127	1.6856477362196745	(3, 1.319)	1	3	3
r7i1251p1f1	1863-06-20	8	1.474	1.689	3.491	3.536683897558027	4.381930539305765	(8, 1.474)	2	3	2
r7i1251p1f1	1864-07-22	4	1.41	1.724	1.492	2.5079719227189963	2.5600141222748056	(4, 1.41)	2	3	3
r7i1251p1f1	1865-06-06	12	1.429	1.744	4.699	4.101029079247452	5.279816077702934	(12, 1.429)	0	0	2
r7i1251p1f1	1865-06-20	5	1.428	1.495	1.954	2.8311833650039033	3.128792861499948	(5, 1.428)	2	3	3
r7i1251p1f1	1865-08-17	4	1.196	1.379	0.634	2.357830567220024	1.8036880400933288	(4, 1.196)	1	1	1
r7i1251p1f1	1866-07-12	7	1.359	1.663	2.251	3.2645767354286646	3.7539436981704175	(7, 1.359)	2	3	2
r7i1251p1f1	1866-08-07	3	1.485	1.741	1.343	2.165193269654166	2.076741989126375	(3, 1.485)	2	3	3
r7i1251p1f1	1869-07-13	7	1.335	1.602	2.086	3.247445633436049	3.6796686809856953	(7, 1.335)	2	3	2
r7i1251p1f1	1869-07-31	5	1.031	1.235	-0.033	2.527880760764362	-0.4603721076820415	(5, 1.031)	1	1	1
r7i1251p1f1	1870-06-01	3	1.296	1.408	0.777	2.0456538033324905	1.6168921469545445	(3, 1.296)	1	1	1
r7i1251p1f1	1870-07-13	4	1.31	1.445	1.09	2.4406063908914204	2.2741856184723477	(4, 1.31)	1	1	1
r7i1251p1f1	1872-05-30	5	1.209	1.278	0.861	2.6753225066682624	2.363329485815209	(5, 1.209)	1	1	1
r7i1251p1f1	1872-06-14	8	1.931	2.541	7.147	3.7998290219004858	5.092019558615168	(8, 1.931)	0	0	4
r7i1251p1f1	1872-08-27	5	1.399	1.548	1.807	2.8118872870867615	3.0541367468617335	(5, 1.399)	2	3	3
r7i1251p1f1	1874-08-16	3	1.412	1.592	1.125	2.1206995076541357	1.9236165511600132	(3, 1.412)	1	3	3
r7i1251p1f1	1874-08-26	8	1.786	2.335	5.994	3.72358437965909	4.91726730192001	(8, 1.786)	0	0	4
r7i1251p1f1	1875-06-06	3	1.165	1.341	0.383	1.9535264388390532	1.0953156533644401	(3, 1.165)	1	1	1
r7i1251p1f1	1875-06-13	5	1.214	1.346	0.886	2.679165878156786	2.3892930284796647	(5, 1.214)	1	1	1
r7i1251p1f1	1876-07-15	3	1.391	1.529	1.061	2.107524500543906	1.8738182540964106	(3, 1.391)	1	3	3
r7i1251p1f1	1878-06-21	8	1.346	1.645	2.471	3.448605743304816	4.041512319383116	(8, 1.346)	2	3	2
r7i1251p1f1	1878-07-04	4	1.596	2.027	2.235	2.6223470589092384	2.9381031607173544	(4, 1.596)	2	2	0
r7i1251p1f1	1879-06-22	5	1.367	1.613	1.649	2.790153837523084	2.967146592112795	(5, 1.367)	2	3	3
r7i1251p1f1	1879-07-27	6	1.762	2.026	4.35	3.2919777834145934	4.173335675419948	(6, 1.762)	0	2	0
r7i1251p1f1	1879-08-07	4	1.298	1.483	1.042	2.432208860787551	2.233877894984255	(4, 1.298)	1	1	1
r7i1251p1f1	1879-08-26	4	1.732	2.006	2.779	2.6984038240504047	3.1455306386423856	(4, 1.732)	2	2	0
r7i1251p1f1	1880-08-21	4	1.334	1.502	1.188	2.4571928112204846	2.351756137000495	(4, 1.334)	1	1	3
r7i1251p1f1	1881-06-23	3	1.299	1.382	0.785	2.047667294277063	1.6251103854761164	(3, 1.299)	1	1	1
r7i1251p1f1	1881-08-07	5	1.571	1.67	2.667	2.921241133714952	3.428097847181729	(5, 1.571)	2	3	3
r7i1251p1f1	1881-08-15	3	1.332	1.508	0.885	2.069552181132402	1.7225156544887952	(3, 1.332)	1	1	3
r7i1251p1f1	1885-06-17	6	1.467	1.893	2.581	3.116196543308726	3.661837035657404	(6, 1.467)	2	3	3
r7i1251p1f1	1886-07-08	5	1.361	1.675	1.618	2.7860257019991295	2.9491536339041073	(5, 1.361)	2	3	3
r7i1251p1f1	1886-08-18	3	1.666	2.043	1.886	2.267661288260799	2.3795408997854293	(3, 1.666)	2	2	0
r7i1251p1f1	1887-07-12	5	1.395	1.524	1.791	2.8091962971398154	3.045664106652828	(5, 1.395)	2	3	3
r7i1251p1f1	1887-08-12	6	1.8	2.326	4.574	3.312529696371228	4.222793426291382	(6, 1.8)	0	2	0
r7i1251p1f1	1889-07-03	4	1.264	1.33	0.908	2.4080256054520426	2.1119087318173375	(4, 1.264)	1	1	1
r7i1251p1f1	1889-07-27	4	1.145	1.327	0.432	2.318458442150336	1.494251502624983	(4, 1.145)	1	1	1
r7i1251p1f1	1891-06-02	4	1.392	1.557	1.418	2.4961762420462312	2.5131701150608596	(4, 1.392)	1	3	3
r7i1251p1f1	1891-06-12	4	1.187	1.345	0.6	2.3509942322017334	1.7578579175523736	(4, 1.187)	1	1	1
r7i1251p1f1	1892-07-08	3	1.223	1.235	0.556	1.9953659981339325	1.3581676752688665	(3, 1.223)	1	1	1
r7i1251p1f1	1895-07-09	3	1.378	1.59	1.021	2.0992806926337417	1.841386049152454	(3, 1.378)	1	3	3
r7i1251p1f1	1895-08-29	4	1.066	1.251	0.114	2.2542348320529992	0.6481498146292095	(4, 1.066)	1	1	1
r7i1251p1f1	1896-08-09	8	1.42	1.729	3.066	3.500467351657527	4.253847472075128	(8, 1.42)	2	3	2
r7i1251p1f1	1896-08-23	3	1.231	1.243	0.582	2.0010019984654726	1.392316369876498	(3, 1.231)	1	1	1
r7i1251p1f1	1897-06-20	5	1.462	1.591	2.126	2.8533421531852725	3.2096091253591066	(5, 1.462)	2	3	3
r7i1251p1f1	1897-08-22	3	1.225	1.481	0.563	1.9967779789349385	1.367476870982593	(3, 1.225)	1	1	1
r7i1251p1f1	1898-07-10	3	1.224	1.27	0.561	1.9960722377456375	1.3648259319761944	(3, 1.224)	1	1	1
r7i1251p1f1	1898-07-24	5	1.422	1.661	1.924	2.8272215064453143	3.1140029211327103	(5, 1.422)	2	3	3
r7i1251p1f1	1900-06-23	3	1.431	1.621	1.183	2.1324720027003963	1.9666994485426734	(3, 1.431)	2	3	3
r7i1251p1f1	1901-06-11	5	1.198	1.392	0.805	2.6668147311977703	2.302602453787012	(5, 1.198)	1	1	1
r7i1251p1f1	1902-07-02	4	1.3	1.36	1.052	2.4336133554004498	2.242410369957976	(4, 1.3)	1	1	1
r7i1251p1f1	1902-07-08	6	1.189	1.355	0.913	2.91640005394568	2.6684985667608783	(6, 1.189)	1	1	1
r7i1251p1f1	1902-08-02	5	1.508	1.936	2.352	2.882560918689416	3.3067460115397793	(5, 1.508)	2	2	0
r7i1251p1f1	1904-07-15	10	1.646	2.001	6.084	3.971255416901045	5.26472424753303	(10, 1.646)	0	0	4
r7i1251p1f1	1904-08-22	6	1.554	1.909	3.099	3.171324671998993	3.840437037856944	(6, 1.554)	2	2	0
r7i1251p1f1	1908-06-13	9	1.175	1.549	1.24	3.4881393117959636	3.5403794457954922	(9, 1.175)	1	3	2
r7i1251p1f1	1908-08-24	5	1.233	1.641	0.979	2.6936374398736525	2.48035905428742	(5, 1.233)	1	1	1
r7i1251p1f1	1909-06-15	4	1.328	1.523	1.162	2.453071926267982	2.3317554702938255	(4, 1.328)	1	1	3
r7i1251p1f1	1909-08-27	3	1.128	1.236	0.272	1.925891088549062	0.8810172570495237	(3, 1.128)	1	1	1
r7i1251p1f1	1911-06-20	3	1.384	1.492	1.04	2.1030939735949343	1.8569225639687479	(3, 1.384)	1	1	3
r7i1251p1f1	1911-07-25	5	1.764	2.192	3.635	3.031201707600973	3.7290741036798973	(5, 1.764)	2	2	0
r7i1251p1f1	1912-08-18	3	1.493	1.717	1.368	2.16995107670417	2.0928927317076034	(3, 1.493)	2	3	3
r7i1251p1f1	1913-08-21	3	1.332	1.376	0.883	2.069552181132402	1.7206576950771912	(3, 1.332)	1	1	1
r7i1251p1f1	1914-06-09	4	1.462	1.657	1.699	2.541286983224108	2.6804734333319757	(4, 1.462)	2	3	3
r7i1251p1f1	1914-06-17	18	1.306	1.534	4.846	4.61250320628214	5.916409754935575	(18, 1.306)	0	0	2
r7i1251p1f1	1914-07-19	10	1.398	1.734	3.605	3.811288256377265	4.74493308183297	(10, 1.398)	0	0	2
r7i1251p1f1	1915-07-31	8	1.261	1.461	1.79	3.3855141344283695	3.725767555244898	(8, 1.261)	1	3	2
r7i1251p1f1	1915-08-25	3	1.363	1.716	0.977	2.089683383523351	1.8044520625451974	(3, 1.363)	1	3	3
r7i1251p1f1	1917-08-19	3	1.664	1.925	1.88	2.2665845432089196	2.376649958582622	(3, 1.664)	2	2	0
r7i1251p1f1	1919-06-20	7	1.275	1.425	1.662	3.2032881844321466	3.4588582670194272	(7, 1.275)	1	3	1
r7i1251p1f1	1919-07-11	6	1.863	2.624	4.957	3.345698637273221	4.302072892926244	(6, 1.863)	0	2	0
r7i1251p1f1	1919-08-30	3	1.098	1.207	0.181	1.9029094972892788	0.6629475210958692	(3, 1.098)	1	1	1
r7i1251p1f1	1920-06-09	3	1.175	1.271	0.414	1.9608661901948141	1.1477855867341364	(3, 1.175)	1	1	1
r7i1251p1f1	1920-06-25	4	1.263	1.384	0.904	2.4073054037644486	2.1080289985317484	(4, 1.263)	1	1	1
r7i1251p1f1	1922-07-07	3	1.183	1.237	0.439	1.9666994485426734	1.1881820582135112	(3, 1.183)	1	1	1
r7i1251p1f1	1923-06-18	4	1.371	1.608	1.336	2.4822364212321215	2.4585626744483986	(4, 1.371)	1	3	3
r7i1251p1f1	1925-07-27	3	1.834	1.959	2.39	2.3542039709816796	2.5966570284881976	(3, 1.834)	2	2	0
r7i1251p1f1	1925-08-17	5	1.506	1.768	2.345	2.881308133207262	3.303874736200007	(5, 1.506)	2	3	3
r7i1251p1f1	1926-06-08	4	1.321	1.538	1.137	2.4482426654164087	2.3121393057988575	(4, 1.321)	1	1	3
r7i1251p1f1	1926-07-12	9	1.536	1.859	4.486	3.7488450352813705	4.80502054506634	(9, 1.536)	0	0	2
r7i1251p1f1	1927-06-15	3	1.284	1.376	0.74	2.0375590515374253	1.5779787810277053	(3, 1.284)	1	1	1
r7i1251p1f1	1927-07-09	3	1.265	1.403	0.684	2.024606827905257	1.5160429140673506	(3, 1.265)	1	1	1
r7i1251p1f1	1928-06-11	4	1.374	1.558	1.347	2.4842397608002966	2.4660635619865205	(4, 1.374)	1	3	3
r7i1251p1f1	1928-08-16	5	1.217	1.41	0.901	2.6814648306528506	2.4045536238476415	(5, 1.217)	1	1	1
r7i1251p1f1	1929-06-08	7	1.451	2.016	2.897	3.327654749496132	4.001007599689905	(7, 1.451)	2	2	2
r7i1251p1f1	1932-08-09	9	1.623	2.089	5.268	3.8026767795919785	4.9644936195797476	(9, 1.623)	0	0	4
r7i1251p1f1	1933-07-01	3	1.424	1.57	1.161	2.128150875193778	1.950575387425793	(3, 1.424)	1	3	3
r7i1251p1f1	1933-07-06	5	1.574	1.979	2.682	2.923046250570145	3.433524890481984	(5, 1.574)	2	2	0
r7i1251p1f1	1934-06-17	3	1.486	1.664	1.346	2.165789234954754	2.078693907391348	(3, 1.486)	2	3	3
r7i1251p1f1	1934-07-23	7	1.675	1.938	4.467	3.4664054948926575	4.427597309292641	(7, 1.675)	0	2	0
r7i1251p1f1	1935-07-09	6	1.225	1.456	1.127	2.9446363075620363	2.865820017700442	(6, 1.225)	1	1	1
r7i1251p1f1	1937-07-26	4	1.279	1.33	0.967	2.418766847283455	2.167452419002549	(4, 1.279)	1	1	1
r7i1251p1f1	1938-08-19	3	1.345	1.573	0.922	2.0780436912094906	1.7562795231871666	(3, 1.345)	1	1	3
r7i1251p1f1	1939-06-27	4	1.382	1.528	1.38	2.4895624613241942	2.488234439880675	(4, 1.382)	1	3	3
r7i1251p1f1	1939-08-12	4	1.528	1.74	1.964	2.582033360518723	2.8161270242542646	(4, 1.528)	2	3	3
r7i1251p1f1	1939-08-29	3	1.407	1.602	1.108	2.1175783092527807	1.9106288604174835	(3, 1.407)	1	3	3
r7i1251p1f1	1940-08-10	3	1.202	1.303	0.495	1.980418569647406	1.2731523841689367	(3, 1.202)	1	1	1
r7i1251p1f1	1941-06-13	7	1.682	1.875	4.511	3.4704459162659353	4.437282625847379	(7, 1.682)	0	2	0
r7i1251p1f1	1941-07-03	6	1.591	1.9	3.324	3.193879158527109	3.909071121503919	(6, 1.591)	2	2	0
r7i1251p1f1	1941-07-19	6	1.75	2.185	4.274	3.285398961573725	4.155983805824849	(6, 1.75)	0	2	0
r7i1251p1f1	1942-07-01	3	1.634	1.773	1.791	2.2502926742482185	2.332756230930261	(3, 1.634)	2	2	3
r7i1251p1f1	1942-07-10	3	1.317	1.483	0.838	2.0596638385128885	1.677914120115881	(3, 1.317)	1	1	1
r7i1251p1f1	1942-08-03	3	1.373	1.572	1.008	2.096091812917599	1.8306149942480556	(3, 1.373)	1	3	3
r7i1251p1f1	1943-05-31	5	1.373	1.626	1.679	2.7942650015806443	2.984256208250834	(5, 1.373)	2	3	3
r7i1251p1f1	1945-07-14	3	1.475	1.797	1.314	2.159214000165383	2.057674382091276	(3, 1.475)	2	3	3
r7i1251p1f1	1945-08-02	5	1.796	2.279	3.796	3.0483195262188634	3.7713938019885624	(5, 1.796)	0	2	0
r7i1251p1f1	1949-06-22	3	1.113	1.17	0.228	1.914466310658481	0.7814889337128141	(3, 1.113)	1	1	1
r7i1251p1f1	1949-07-09	3	1.335	1.461	0.892	2.0715181700506955	1.7289914617709292	(3, 1.335)	1	1	1
r7i1251p1f1	1949-08-05	3	1.439	1.659	1.204	2.137387677939668	1.9818517992247855	(3, 1.439)	2	3	3
r7i1251p1f1	1951-06-10	5	1.24	1.377	1.015	2.698916714880855	2.5134977497990874	(5, 1.24)	1	1	1
r7i1251p1f1	1951-07-09	3	1.189	1.257	0.454	1.9710521701375956	1.2116591485246258	(3, 1.189)	1	1	1
r7i1251p1f1	1953-06-26	3	1.205	1.417	0.503	1.982567644443634	1.2847224010973517	(3, 1.205)	1	1	1
r7i1251p1f1	1954-08-02	5	1.338	1.529	1.504	2.7700414036690306	2.8800537762847607	(5, 1.338)	1	3	3
r7i1251p1f1	1954-08-13	12	1.476	2.065	5.27	4.132862589564267	5.393944705785225	(12, 1.476)	0	0	4
r7i1251p1f1	1955-06-09	5	1.322	1.506	1.425	2.7587692549592173	2.8292043977637307	(5, 1.322)	1	3	3
r7i1251p1f1	1955-06-22	3	1.148	1.238	0.331	1.9409238784254021	1.0006048402055225	(3, 1.148)	1	1	1
r7i1251p1f1	1957-07-15	3	1.252	1.311	0.645	2.0156471213943736	1.4705248215910474	(3, 1.252)	1	1	1
r7i1251p1f1	1958-05-31	3	1.268	1.317	0.691	2.0266631018505987	1.5239979526502576	(3, 1.268)	1	1	1
r7i1251p1f1	1958-08-02	5	1.534	1.907	2.486	2.898705898236531	3.3601783177361946	(5, 1.534)	2	2	0
r7i1251p1f1	1960-07-07	5	1.56	2.005	2.616	2.914594353514609	3.409422434507711	(5, 1.56)	2	2	0
r7i1251p1f1	1961-08-05	5	1.174	1.447	0.684	2.647997180368679	2.157253202770618	(5, 1.174)	1	1	1
r7i1251p1f1	1962-06-13	4	1.297	1.376	1.039	2.431505873060885	2.231303890989082	(4, 1.297)	1	1	1
r7i1251p1f1	1963-06-27	5	1.196	1.383	0.794	2.665260056144508	2.2902280452578925	(5, 1.196)	1	1	1
r7i1251p1f1	1963-07-26	8	1.329	1.828	2.332	3.4363018523391844	3.9846624336709766	(8, 1.329)	2	3	2
r7i1251p1f1	1966-07-11	7	1.761	1.968	5.063	3.514947894995932	4.551432561557789	(7, 1.761)	0	2	0
r7i1251p1f1	1967-08-22	5	1.177	1.417	0.699	2.6503688303737603	2.1764613480306276	(5, 1.177)	1	1	1
r7i1251p1f1	1968-07-15	5	1.459	1.665	2.106	2.8514065971807665	3.2005405891915077	(5, 1.459)	2	3	3
r7i1251p1f1	1968-07-23	6	1.776	2.299	4.434	3.299598770017512	4.192170138142214	(6, 1.776)	0	2	0
r7i1251p1f1	1968-08-02	4	1.119	1.237	0.327	2.2977735359968237	1.28536844252993	(4, 1.119)	1	1	1
r7i1251p1f1	1969-06-15	5	1.289	1.374	1.258	2.735111266204581	2.712365382531928	(5, 1.289)	1	1	1
r7i1251p1f1	1970-07-06	3	1.259	1.395	0.666	2.020481551588581	1.4952916960686962	(3, 1.259)	1	1	1
r7i1251p1f1	1970-08-23	3	1.103	1.141	0.196	1.9067766274057756	0.7023278464110895	(3, 1.103)	1	1	1
r7i1251p1f1	1971-08-15	8	1.791	2.322	6.027	3.726312605225992	4.922717631985299	(8, 1.791)	0	0	4
r7i1251p1f1	1972-05-31	5	1.335	1.523	1.489	2.7679375315664663	2.8705956088236366	(5, 1.335)	1	3	3
r7i1251p1f1	1973-06-07	5	1.31	1.479	1.365	2.7502309682406123	2.788779684979346	(5, 1.31)	1	3	1
r7i1251p1f1	1973-08-23	3	1.218	1.241	0.542	1.991827299029127	1.3392851959703287	(3, 1.218)	1	1	1
r7i1251p1f1	1975-06-29	4	1.201	1.342	0.655	2.361608433443507	1.8309801823813363	(4, 1.201)	1	1	1
r7i1251p1f1	1976-07-09	10	1.452	1.665	4.145	3.8483645582589383	4.883380611280275	(10, 1.452)	0	0	2
r7i1251p1f1	1977-06-29	4	1.271	1.434	0.937	2.4130525460200167	2.139595464499583	(4, 1.271)	1	1	1
r7i1251p1f1	1978-06-13	3	1.051	1.078	0.04	1.8658082795298527	0.18883868817450866	(3, 1.051)	1	1	1
r7i1251p1f1	1978-06-26	3	1.349	1.502	0.934	2.0806420230924974	1.766989607300396	(3, 1.349)	1	1	3
r7i1251p1f1	1978-07-01	13	1.386	1.772	4.54	4.1891216132917375	5.365039297363514	(13, 1.386)	0	0	2
r7i1251p1f1	1978-08-04	3	1.846	2.147	2.426	2.3601081921581035	2.6105010069239154	(3, 1.846)	2	2	0
r7i1251p1f1	1978-08-26	4	1.298	1.539	1.045	2.432208860787551	2.2364452904895007	(4, 1.298)	1	1	1
r7i1251p1f1	1979-06-10	4	1.199	1.277	0.647	2.3600989991946526	1.820670812722475	(4, 1.199)	1	1	1
r7i1251p1f1	1979-08-12	4	1.366	1.669	1.315	2.4788885774624374	2.444084655267745	(4, 1.366)	2	3	3
r7i1251p1f1	1979-08-19	5	1.15	1.286	0.565	2.628818727167972	1.990185652625193	(5, 1.15)	1	1	1
r7i1251p1f1	1981-06-10	3	1.438	1.794	1.203	2.136774538372966	1.9811354412044515	(3, 1.438)	2	3	3
r7i1251p1f1	1981-08-27	5	1.361	1.946	1.621	2.7860257019991295	2.950909105715357	(5, 1.361)	2	3	3
r7i1251p1f1	1983-06-15	5	1.139	1.23	0.511	2.6199041538439554	1.9040688379631454	(5, 1.139)	1	1	1
r7i1251p1f1	1984-07-19	4	1.074	1.107	0.146	2.260929417725213	0.7738050835773997	(4, 1.074)	1	1	1
r7i1251p1f1	1984-08-01	3	1.511	1.794	1.421	2.180574092030182	2.126293232111315	(3, 1.511)	2	3	3
r7i1251p1f1	1985-08-28	4	1.396	1.635	1.437	2.4988095549569915	2.52540859309733	(4, 1.396)	2	3	3
r7i1251p1f1	1986-06-01	4	1.242	1.406	0.818	2.3920600994216485	2.020752545331156	(4, 1.242)	1	1	1
r7i1251p1f1	1986-06-12	3	1.166	1.237	0.386	1.9542628429622635	1.100515421616143	(3, 1.166)	1	1	1
r7i1251p1f1	1986-07-16	3	1.197	1.25	0.478	1.9768264829675917	1.2481124165809672	(3, 1.197)	1	1	1
r7i1251p1f1	1987-07-03	5	1.56	1.893	2.616	2.914594353514609	3.409422434507711	(5, 1.56)	2	2	0
r7i1251p1f1	1987-08-13	6	1.455	1.776	2.504	3.108348448590164	3.6323390994130538	(6, 1.455)	2	3	3
r7i1251p1f1	1988-06-05	4	1.236	1.279	0.795	2.387661265349165	1.9960599327407849	(4, 1.236)	1	1	1
r7i1251p1f1	1988-06-16	3	1.181	1.25	0.43	1.9652443208753656	1.1738266020037689	(3, 1.181)	1	1	1
r7i1251p1f1	1988-07-13	6	1.343	1.456	1.834	3.031967204237329	3.3305669246917864	(6, 1.343)	1	3	3
r7i1251p1f1	1988-08-04	3	1.187	1.38	0.449	1.969603367051763	1.203894532601368	(3, 1.187)	1	1	1
r7i1251p1f1	1989-07-19	3	1.216	1.264	0.538	1.9904083056570567	1.333824059440456	(3, 1.216)	1	1	1
r7i1251p1f1	1990-07-24	6	1.505	1.829	2.807	3.1406501351017333	3.7437062716378877	(6, 1.505)	2	3	0
r7i1251p1f1	1993-08-16	14	1.435	1.788	5.568	4.332966330836301	5.679044589471532	(14, 1.435)	0	0	4
r7i1251p1f1	1994-07-09	7	1.824	2.521	5.51	3.549069901871036	4.6351815854790495	(7, 1.824)	0	2	4
r7i1251p1f1	1995-06-11	4	1.322	1.647	1.137	2.448933989329183	2.3121393057988575	(4, 1.322)	1	3	3
r7i1251p1f1	1995-07-09	3	1.202	1.283	0.495	1.980418569647406	1.2731523841689367	(3, 1.202)	1	1	1
r7i1251p1f1	1995-07-24	3	1.232	1.274	0.586	2.001704270299514	1.3974680324230628	(3, 1.232)	1	1	1
r7i1251p1f1	1996-06-19	6	1.376	1.671	2.034	3.0550849016195283	3.4305481629460544	(6, 1.376)	2	3	3
r7i1251p1f1	1997-08-21	7	1.191	1.341	1.078	3.1379966769576804	3.0428467198871294	(7, 1.191)	1	1	1
r7i1251p1f1	1998-08-19	6	1.313	1.58	1.654	3.0104770428774827	3.2311496407690843	(6, 1.313)	1	3	3
r7i1251p1f1	1999-05-29	7	1.612	2.048	4.027	3.4292877209337873	4.325206036368424	(7, 1.612)	0	2	0
r7i1251p1f1	2000-07-04	5	1.571	1.792	2.667	2.921241133714952	3.428097847181729	(5, 1.571)	2	2	0
r7i1251p1f1	2001-06-12	4	1.181	1.318	0.573	2.3464105725340754	1.7199053654600713	(4, 1.181)	1	1	1
r7i1251p1f1	2001-07-28	4	1.244	1.526	0.826	2.3935220879861476	2.0292003252430892	(4, 1.244)	1	1	1
r7i1251p1f1	2003-07-27	8	1.453	2.119	3.328	3.5227551181791807	4.334725935172324	(8, 1.453)	2	2	2
r7i1251p1f1	2004-07-25	6	1.56	1.888	3.139	3.1750168898610367	3.8529880280382867	(6, 1.56)	2	2	0
r7i1251p1f1	2004-08-19	5	1.341	1.618	1.519	2.7721408587849203	2.8894233243369296	(5, 1.341)	1	3	3
r7i1251p1f1	2005-06-03	5	1.347	1.459	1.55	2.776326591971347	2.908513247313477	(5, 1.347)	1	3	3
r7i1251p1f1	2005-08-14	8	1.398	1.576	2.887	3.4853279982285628	4.194572220373586	(8, 1.398)	2	3	2
r7i1251p1f1	2006-07-22	3	1.104	1.162	0.2	1.907548262098765	0.7125725232330974	(3, 1.104)	1	1	1
r7i1251p1f1	2007-06-21	5	1.522	1.748	2.424	2.8912867452105377	3.335810283244168	(5, 1.522)	2	3	3
r7i1251p1f1	2009-06-06	4	1.49	1.748	1.812	2.558776498354456	2.740581926104695	(4, 1.49)	2	3	3
r7i1251p1f1	2009-06-30	5	1.231	1.325	0.968	2.692123942275254	2.4700103327866922	(5, 1.231)	1	1	1
r7i1251p1f1	2009-07-27	3	1.05	1.068	0.04	1.8650037419525174	0.18883868817450866	(3, 1.05)	1	1	1
r7i1251p1f1	2009-08-01	7	1.213	1.425	1.234	3.155513119164623	3.1719519108191725	(7, 1.213)	1	1	1
r7i1251p1f1	2010-07-29	4	1.635	1.859	2.391	2.644755350729896	3.0021118805180302	(4, 1.635)	2	2	0
r7i1251p1f1	2010-08-11	4	1.531	1.794	1.973	2.583846597642904	2.8204260516539414	(4, 1.531)	2	3	3
r7i1281p1f1	1853-07-23	4	1.559	2.004	2.044	2.600613457499971	2.8537077735245733	(4, 1.559)	2	2	0
r7i1281p1f1	1855-06-10	3	1.448	1.631	1.201	2.1428890821423843	1.9797011838168412	(3, 1.448)	2	3	3
r7i1281p1f1	1855-06-15	3	1.723	1.841	2.026	2.2978710618201585	2.4447272272813825	(3, 1.723)	2	2	0
r7i1281p1f1	1855-06-30	4	1.227	1.368	0.719	2.381026519300608	1.909838757293656	(4, 1.227)	1	1	1
r7i1281p1f1	1855-07-07	6	1.587	1.876	3.237	3.1914652164334227	3.883088198018625	(6, 1.587)	2	2	0
r7i1281p1f1	1855-08-08	4	1.248	1.407	0.8	2.39643966846567	2.0014800002101243	(4, 1.248)	1	1	1
r7i1281p1f1	1856-06-26	4	1.396	1.591	1.394	2.4988095549569915	2.4974937652934717	(4, 1.396)	1	3	3
r7i1281p1f1	1856-08-14	6	1.991	2.28	5.658	3.4098797296673067	4.432663637481758	(6, 1.991)	0	2	0
r7i1281p1f1	1858-05-31	6	1.257	1.358	1.256	2.969082894297463	2.968327915962107	(6, 1.257)	1	1	1
r7i1281p1f1	1861-06-25	10	1.231	1.551	1.831	3.687068765723502	4.0758632289130485	(10, 1.231)	1	3	2
r7i1281p1f1	1861-07-29	3	1.457	1.562	1.227	2.1483603864132905	1.9981879688569144	(3, 1.457)	2	3	3
r7i1281p1f1	1865-08-25	5	1.561	1.758	2.568	2.915200435179769	3.391521145221957	(5, 1.561)	2	3	3
r7i1281p1f1	1866-06-28	3	1.465	1.574	1.253	2.153198763849829	2.0163391868484126	(3, 1.465)	2	3	3
r7i1281p1f1	1866-08-02	3	1.51	1.695	1.387	2.1799868757431247	2.1049951749847424	(3, 1.51)	2	3	3
r7i1281p1f1	1868-06-22	4	1.391	1.639	1.372	2.495516828900016	2.4829046471173273	(4, 1.391)	2	3	3
r7i1281p1f1	1868-08-02	4	1.485	1.716	1.751	2.5556757206762075	2.708583392263869	(4, 1.485)	2	3	3
r7i1281p1f1	1868-08-08	4	1.325	1.551	1.112	2.451005098112319	2.292130635090187	(4, 1.325)	1	3	3
r7i1281p1f1	1869-07-06	4	1.674	1.98	2.507	2.666672496648232	3.0471855551429066	(4, 1.674)	2	2	0
r7i1281p1f1	1870-06-04	4	1.524	1.621	1.905	2.579610585257298	2.787477334733532	(4, 1.524)	2	3	3
r7i1281p1f1	1873-07-24	11	1.937	2.723	9.789	4.272034917204914	5.880898396727083	(11, 1.937)	0	0	4
r7i1281p1f1	1873-08-21	3	1.718	1.973	2.013	2.2952572963730544	2.4388500433973204	(3, 1.718)	2	2	0
r7i1281p1f1	1874-08-12	5	1.217	1.368	0.846	2.6814648306528506	2.347421503257298	(5, 1.217)	1	1	1
r7i1281p1f1	1875-07-12	3	1.352	1.462	0.914	2.0825863510166935	1.7490752060589894	(3, 1.352)	1	1	1
r7i1281p1f1	1876-06-16	8	1.74	2.054	5.537	3.698129182584415	4.838565075662083	(8, 1.74)	0	0	4
r7i1281p1f1	1877-06-15	3	1.247	1.272	0.598	2.0121795915224925	1.4127656710796765	(3, 1.247)	1	1	1
r7i1281p1f1	1877-06-28	6	1.344	1.558	1.776	3.0326756496678056	3.299598770017512	(6, 1.344)	1	3	3
r7i1281p1f1	1879-08-23	3	1.42	1.578	1.116	2.125673250105425	1.9167617321445913	(3, 1.42)	1	3	3
r7i1281p1f1	1880-08-20	3	1.462	1.636	1.245	2.151387114550056	2.0107892059008607	(3, 1.462)	2	3	3
r7i1281p1f1	1882-06-22	3	1.325	1.479	0.833	2.0649497866137057	1.6730500611426913	(3, 1.325)	1	1	1
r7i1281p1f1	1884-08-15	5	1.177	1.274	0.647	2.6503688303737603	2.108233048073233	(5, 1.177)	1	1	1
r7i1281p1f1	1885-06-04	5	1.591	1.741	2.716	2.9332141506239635	3.445718227292841	(5, 1.591)	2	2	0
r7i1281p1f1	1885-06-14	5	1.252	1.447	1.022	2.707902559480301	2.5198157869724658	(5, 1.252)	1	1	1
r7i1281p1f1	1886-06-28	17	1.531	1.925	8.225	4.685016598562705	6.358731375642918	(17, 1.531)	0	0	4
r7i1281p1f1	1886-07-22	7	1.781	2.748	5.136	3.5259069392631193	4.565597942863488	(7, 1.781)	0	2	4
r7i1281p1f1	1886-08-07	3	1.72	2.075	2.016	2.296303622506921	2.440209385629804	(3, 1.72)	2	2	0
r7i1281p1f1	1889-06-14	4	1.471	1.756	1.692	2.546942040707453	2.67662833109387	(4, 1.471)	2	3	3
r7i1281p1f1	1890-06-20	3	1.434	1.539	1.161	2.1343182137754835	1.950575387425793	(3, 1.434)	1	3	3
r7i1281p1f1	1890-08-22	4	1.423	1.668	1.501	2.5164053168473712	2.565564552805455	(4, 1.423)	2	3	3
r7i1281p1f1	1891-07-03	5	1.491	1.702	2.217	2.871861878402808	3.2498632578039826	(5, 1.491)	2	3	3
r7i1281p1f1	1891-07-28	7	1.449	1.856	2.813	3.326324957578714	3.972129640240433	(7, 1.449)	2	3	2
r7i1281p1f1	1892-07-28	3	1.273	1.492	0.677	2.030080856770745	1.508024085051131	(3, 1.273)	1	1	1
r7i1281p1f1	1895-06-24	3	1.184	1.306	0.41	1.96742621912213	1.1411679773309156	(3, 1.184)	1	1	1
r7i1281p1f1	1896-05-31	6	1.117	1.182	0.416	2.8574168991223767	1.9620543273927329	(6, 1.117)	1	1	1
r7i1281p1f1	1896-06-27	4	1.565	1.682	2.068	2.604170070614818	2.864712011115587	(4, 1.565)	2	3	3
r7i1281p1f1	1896-07-03	3	1.172	1.404	0.373	1.958669915800558	1.0777851870249011	(3, 1.172)	1	1	1
r7i1281p1f1	1896-07-29	4	1.351	1.461	1.215	2.468777267858117	2.372111155642656	(4, 1.351)	1	1	3
r7i1281p1f1	1896-08-21	7	1.572	2.103	3.671	3.4049851133726006	4.23393071292111	(7, 1.572)	0	2	0
r7i1281p1f1	1897-07-25	11	1.667	2.359	6.809	4.1241775789790545	5.519105667126778	(11, 1.667)	0	0	4
r7i1281p1f1	1898-06-29	4	1.771	2.093	2.895	2.7191879455126657	3.184698373066614	(4, 1.771)	2	2	0
r7i1281p1f1	1898-08-25	3	1.413	1.682	1.097	2.121322580009314	1.9021342734584945	(3, 1.413)	2	3	3
r7i1281p1f1	1902-08-18	4	1.355	1.628	1.23	2.4714836294558595	2.3832429960115	(4, 1.355)	1	3	3
r7i1281p1f1	1903-06-03	3	1.284	1.37	0.71	2.0375590515374253	1.545276540459473	(3, 1.284)	1	1	1
r7i1281p1f1	1903-06-19	3	1.185	1.263	0.411	1.9681524618896862	1.1428264897787204	(3, 1.185)	1	1	1
r7i1281p1f1	1904-05-30	9	1.338	1.834	2.61	3.6143175327870316	4.269277781231888	(9, 1.338)	2	3	2
r7i1281p1f1	1905-07-12	9	1.422	1.882	3.37	3.673613520443503	4.521679875489066	(9, 1.422)	2	3	2
r7i1281p1f1	1905-07-28	12	1.626	1.978	6.944	4.228169359719985	5.668696288426965	(12, 1.626)	0	0	4
r7i1281p1f1	1905-08-17	5	1.304	1.389	1.284	2.745934329969324	2.731477390002688	(5, 1.304)	1	1	1
r7i1281p1f1	1906-07-05	14	1.556	1.978	7.112	4.412898464244376	5.923050104779806	(14, 1.556)	0	0	4
r7i1281p1f1	1908-06-25	6	1.204	1.659	0.936	2.9282622010484243	2.6916724411386994	(6, 1.204)	1	3	1
r7i1281p1f1	1908-08-04	5	1.295	1.514	1.236	2.7394545584375005	2.6959033999037683	(5, 1.295)	1	1	1
r7i1281p1f1	1908-08-18	3	1.365	1.406	0.953	2.0909683590509247	1.7837160842352977	(3, 1.365)	1	1	1
r7i1281p1f1	1910-06-15	4	1.41	1.623	1.451	2.5079719227189963	2.534331533115523	(4, 1.41)	2	3	3
r7i1281p1f1	1910-07-01	3	1.25	1.363	0.608	2.014261551963053	1.425337335643413	(3, 1.25)	1	1	1
r7i1281p1f1	1913-07-02	6	1.975	2.583	5.562	3.4020787748537207	4.415755996187624	(6, 1.975)	0	2	0
r7i1281p1f1	1913-07-31	3	1.725	1.961	2.033	2.2989146580986284	2.4478776156820516	(3, 1.725)	2	2	0
r7i1281p1f1	1920-07-08	3	1.236	1.348	0.565	2.0045084361444423	1.3701208010874533	(3, 1.236)	1	1	1
r7i1281p1f1	1920-07-14	5	1.451	1.675	2.017	2.8462267236973093	3.1591574782664247	(5, 1.451)	2	3	3
r7i1281p1f1	1921-07-19	7	1.632	2.001	4.093	3.441221072906385	4.341249181001663	(7, 1.632)	0	2	0
r7i1281p1f1	1921-08-06	8	1.716	2.057	5.351	3.684586441520799	4.804670902023169	(8, 1.716)	0	0	4
r7i1281p1f1	1923-06-26	3	1.26	1.469	0.638	2.021170280523964	1.4621309846147317	(3, 1.26)	1	1	1
r7i1281p1f1	1924-06-26	4	1.176	1.347	0.513	2.3425747412102043	1.6300245460424887	(4, 1.176)	1	1	1
r7i1281p1f1	1924-08-05	4	1.123	1.265	0.301	2.3009838116270718	1.2261256089670693	(4, 1.123)	1	1	1
r7i1281p1f1	1924-08-19	3	1.13	1.261	0.248	1.9274045777056474	0.8279602892989928	(3, 1.13)	1	1	1
r7i1281p1f1	1925-06-03	3	1.249	1.291	0.603	2.01356804665576	1.4190712590751862	(3, 1.249)	1	1	1
r7i1281p1f1	1925-06-28	4	1.385	1.657	1.35	2.4915511925066687	2.468099531471619	(4, 1.385)	2	3	3
r7i1281p1f1	1925-07-09	3	1.324	1.425	0.83	2.0642905691200095	1.670120228745518	(3, 1.324)	1	1	1
r7i1281p1f1	1925-08-13	3	1.336	1.416	0.865	2.0721726417133604	1.7037788673537406	(3, 1.336)	1	1	1
r7i1281p1f1	1926-06-26	9	1.219	1.438	1.541	3.523798421702384	3.752018559025222	(9, 1.219)	1	3	2
r7i1281p1f1	1926-07-30	3	1.26	1.385	0.638	2.021170280523964	1.4621309846147317	(3, 1.26)	1	1	1
r7i1281p1f1	1927-05-31	3	1.267	1.429	0.659	2.0259781469017057	1.4871040378774207	(3, 1.267)	1	1	1
r7i1281p1f1	1930-07-06	7	1.285	1.596	1.665	3.2107844999305306	3.4606049975160333	(7, 1.285)	1	3	2
r7i1281p1f1	1930-07-25	8	1.361	2.049	2.505	3.4593378077665227	4.054939611483287	(8, 1.361)	2	3	2
r7i1281p1f1	1930-08-16	3	1.342	1.621	0.883	2.0760905021222955	1.7206576950771912	(3, 1.342)	1	3	3
r7i1281p1f1	1931-05-31	12	1.315	1.654	3.207	4.019325057846819	4.900169074314954	(12, 1.315)	0	0	2
r7i1281p1f1	1931-06-29	5	1.255	1.741	1.039	2.7101364606027474	2.5349954261979355	(5, 1.255)	1	3	3
r7i1281p1f1	1931-08-04	4	1.533	1.866	1.942	2.585053598392939	2.805539822379467	(4, 1.533)	2	3	3
r7i1281p1f1	1933-07-23	4	1.541	1.828	1.973	2.589867085424487	2.8204260516539414	(4, 1.541)	2	3	3
r7i1281p1f1	1935-05-31	3	1.398	1.591	1.052	2.111935484477859	1.866612170346783	(3, 1.398)	1	3	3
r7i1281p1f1	1935-06-05	3	1.416	1.55	1.105	2.1231894711408397	1.9083193018307179	(3, 1.416)	1	3	3
r7i1281p1f1	1935-07-12	6	1.536	2.048	2.928	3.1601655120458694	3.7849310817327666	(6, 1.536)	2	2	0
r7i1281p1f1	1935-07-20	3	1.218	1.394	0.512	1.991827299029127	1.297580637895095	(3, 1.218)	1	1	1
r7i1281p1f1	1935-08-14	9	1.572	2.006	4.717	3.7714727524177896	4.854831025622341	(9, 1.572)	0	0	2
r7i1281p1f1	1936-06-30	4	1.222	1.344	0.699	2.377321439108063	1.8858567926071705	(4, 1.222)	1	1	1
r7i1281p1f1	1941-06-05	6	1.276	1.536	1.37	2.9833202354571164	3.0509212400175447	(6, 1.276)	1	3	3
r7i1281p1f1	1941-06-24	4	1.2	1.315	0.608	2.3608540011180215	1.7688319645843502	(4, 1.2)	1	1	1
r7i1281p1f1	1941-08-07	9	1.388	1.867	3.068	3.650034670290369	4.428862509510913	(9, 1.388)	2	3	2
r7i1281p1f1	1942-08-23	4	1.222	1.337	0.699	2.377321439108063	1.8858567926071705	(4, 1.222)	1	1	1
r7i1281p1f1	1943-06-22	10	1.432	1.792	3.844	3.834792355572855	4.808584005925229	(10, 1.432)	0	0	2
r7i1281p1f1	1943-07-08	3	1.207	1.294	0.477	1.9839977994098914	1.2466197677986228	(3, 1.207)	1	1	1
r7i1281p1f1	1943-07-20	5	2.101	2.701	5.265	3.1982605468892027	4.092083499740516	(5, 2.101)	0	2	0
r7i1281p1f1	1943-08-03	5	1.092	1.234	0.223	2.5808932036141434	1.2508227431641499	(5, 1.092)	1	1	1
r7i1281p1f1	1944-06-16	4	1.228	1.271	0.722	2.381765890868487	1.9133869573497533	(4, 1.228)	1	1	1
r7i1281p1f1	1946-08-21	9	1.649	1.994	5.417	3.818217692743091	4.992192941207206	(9, 1.649)	0	0	4
r7i1281p1f1	1949-07-16	5	1.503	1.748	2.277	2.8794260073004456	3.275544733820616	(5, 1.503)	2	3	3
r7i1281p1f1	1952-06-11	7	1.411	1.654	2.547	3.3007170016880503	3.874759258765614	(7, 1.411)	2	3	2
r7i1281p1f1	1952-07-03	3	1.286	1.425	0.716	2.038912735373727	1.5519031033409696	(3, 1.286)	1	1	1
r7i1281p1f1	1952-08-01	3	1.268	1.408	0.661	2.0266631018505987	1.4894502173681872	(3, 1.268)	1	1	1
r7i1281p1f1	1952-08-13	7	1.353	1.701	2.137	3.2603213945414127	3.703220967769885	(7, 1.353)	2	3	2
r7i1281p1f1	1953-07-24	3	1.515	1.684	1.402	2.18291951501134	2.114447338462442	(3, 1.515)	2	3	3
r7i1281p1f1	1953-08-12	5	1.339	1.458	1.456	2.770741711900932	2.8494672875326525	(5, 1.339)	1	3	3
r7i1281p1f1	1955-06-02	6	1.51	1.676	2.772	3.143823650094273	3.731457826945652	(6, 1.51)	2	3	3
r7i1281p1f1	1957-06-21	13	1.354	1.508	3.98	4.166121099835254	5.234051997394435	(13, 1.354)	0	0	2
r7i1281p1f1	1958-08-02	3	1.16	1.24	0.336	1.9498362618267655	1.0101115172736006	(3, 1.16)	1	1	1
r7i1281p1f1	1959-07-04	6	1.51	1.903	2.776	3.143823650094273	3.732865266220108	(6, 1.51)	2	2	0
r7i1281p1f1	1959-07-12	4	1.235	1.398	0.75	2.3869262414277967	1.9459101490553132	(4, 1.235)	1	1	1
r7i1281p1f1	1962-08-05	3	1.463	1.701	1.247	2.151991362398152	2.0121795915224925	(3, 1.463)	2	3	3
r7i1281p1f1	1963-07-13	11	1.584	2.109	5.896	4.073952557178566	5.375755226410684	(11, 1.584)	0	0	4
r7i1281p1f1	1964-06-30	3	1.303	1.433	0.767	2.0503456578987986	1.606523451157975	(3, 1.303)	1	1	1
r7i1281p1f1	1964-08-05	3	1.618	1.95	1.711	2.2414939157260942	2.291586509236083	(3, 1.618)	2	2	0
r7i1281p1f1	1964-08-25	8	1.767	2.235	5.757	3.713148704792278	4.877226100917919	(8, 1.767)	0	0	4
r7i1281p1f1	1968-08-18	7	1.31	1.517	1.837	3.22928306211433	3.5559683293400908	(7, 1.31)	1	3	2
r7i1281p1f1	1970-06-19	3	1.322	1.399	0.823	2.062970828995383	1.6632503853637837	(3, 1.322)	1	1	1
r7i1281p1f1	1970-07-20	9	1.424	1.845	3.385	3.674983348921825	4.526072864629389	(9, 1.424)	2	3	2
r7i1281p1f1	1973-06-21	4	1.842	2.174	3.177	2.755951081086758	3.2739698871777723	(4, 1.842)	2	2	0
r7i1281p1f1	1973-07-26	10	1.482	1.851	4.349	3.8683836066595543	4.931068540210631	(10, 1.482)	0	0	2
r7i1281p1f1	1973-08-22	3	1.217	1.442	0.508	1.9911180540358446	1.2918862677653262	(3, 1.217)	1	1	1
r7i1281p1f1	1973-08-28	5	1.465	1.785	2.085	2.8552739700488834	3.190929279258111	(5, 1.465)	2	3	3
r7i1281p1f1	1974-06-20	3	1.249	1.337	0.604	2.01356804665576	1.4203276194229513	(3, 1.249)	1	1	1
r7i1281p1f1	1975-07-05	3	1.423	1.595	1.128	2.127532044180204	1.925891088549062	(3, 1.423)	1	3	3
r7i1281p1f1	1975-08-22	3	1.497	1.686	1.35	2.172321518293727	2.081290552536939	(3, 1.497)	2	3	3
r7i1281p1f1	1977-05-31	7	1.401	1.646	2.476	3.293867636032372	3.8470825202791232	(7, 1.401)	2	3	2
r7i1281p1f1	1978-06-16	4	1.35	1.583	1.209	2.468099531471619	2.367623489173268	(4, 1.35)	1	3	3
r7i1281p1f1	1979-06-07	6	1.131	1.202	0.5	2.8691615928398186	2.1220781961103454	(6, 1.131)	1	1	1
r7i1281p1f1	1979-08-19	4	1.525	1.677	1.908	2.580216829592325	2.7889540763260454	(4, 1.525)	2	3	3
r7i1281p1f1	1980-07-27	3	1.476	1.593	1.285	2.159813538506554	2.03823612251305	(3, 1.476)	2	3	3
r7i1281p1f1	1981-07-29	6	1.546	1.828	2.991	3.166380412607738	3.805740796785964	(6, 1.546)	2	2	0
r7i1281p1f1	1982-06-23	3	1.493	1.689	1.337	2.16995107670417	2.072826685323001	(3, 1.493)	2	3	3
r7i1281p1f1	1982-08-25	9	1.329	1.591	2.535	3.607750740282462	4.240535072368182	(9, 1.329)	2	3	2
r7i1281p1f1	1983-07-03	4	1.247	1.356	0.797	2.3957110709835296	1.9982314862542927	(4, 1.247)	1	1	1
r7i1281p1f1	1986-06-08	7	1.338	1.52	2.035	3.2496031394509104	3.655548276626254	(7, 1.338)	1	3	2
r7i1281p1f1	1986-07-09	3	1.142	1.201	0.283	1.9364377221875966	0.9044250667316702	(3, 1.142)	1	1	1
r7i1281p1f1	1987-07-19	9	1.633	2.003	5.272	3.8086826700535568	4.9652473358552225	(9, 1.633)	0	0	4
r7i1281p1f1	1988-08-14	3	1.345	1.369	0.893	2.0780436912094906	1.7299131632208489	(3, 1.345)	1	1	1
r7i1281p1f1	1989-08-16	9	1.481	1.832	3.904	3.71325494325525	4.6672807620509955	(9, 1.481)	0	0	2
r7i1281p1f1	1990-06-28	8	1.676	2.334	5.023	3.661599488731553	4.7419495595392345	(8, 1.676)	0	0	4
r7i1281p1f1	1990-07-21	11	1.359	1.467	3.427	3.923560669682446	4.836494620215515	(11, 1.359)	2	3	2
r7i1281p1f1	1991-07-02	3	1.267	1.428	0.658	2.0259781469017057	1.4859288806888242	(3, 1.267)	1	1	1
r7i1281p1f1	1992-07-24	3	1.648	1.822	1.801	2.2579285886935643	2.3377852840243194	(3, 1.648)	2	2	0
r7i1281p1f1	1996-08-24	4	1.455	1.683	1.631	2.5368663887187113	2.642480036892761	(4, 1.455)	2	3	3
r7i1281p1f1	1998-06-20	4	1.419	1.686	1.486	2.5138179932824203	2.5562966458746734	(4, 1.419)	2	3	3
r7i1281p1f1	1998-08-20	5	1.382	1.629	1.675	2.8004002297075288	2.9819917692933875	(5, 1.382)	2	3	3
r7i1281p1f1	1999-06-09	6	1.241	1.428	1.16	2.9569343035199487	2.8930597314878326	(6, 1.241)	1	1	1
r7i1281p1f1	1999-08-08	3	1.406	1.559	1.075	2.1169528988419004	1.8849255117711192	(3, 1.406)	1	3	3
r7i1281p1f1	2000-06-02	3	1.267	1.451	0.657	2.0259781469017057	1.4847523408808556	(3, 1.267)	1	1	1
r7i1281p1f1	2002-07-05	3	1.268	1.438	0.661	2.0266631018505987	1.4894502173681872	(3, 1.268)	1	1	1
r7i1281p1f1	2002-07-28	6	1.453	1.766	2.432	3.107034423681403	3.603946488276834	(6, 1.453)	2	3	3
r7i1281p1f1	2003-06-14	5	1.477	1.619	2.145	2.8629641332260825	3.2181487229410597	(5, 1.477)	2	3	3
r7i1281p1f1	2003-06-25	6	1.258	1.492	1.26	2.9698373030705127	2.9713444153626223	(6, 1.258)	1	1	1
r7i1281p1f1	2003-07-29	4	1.28	1.488	0.93	2.419478844465545	2.1329823086078656	(4, 1.28)	1	1	1
r7i1281p1f1	2004-07-14	3	1.115	1.15	0.203	1.9159971769397985	0.720187737891169	(3, 1.115)	1	1	1
r7i1281p1f1	2006-08-17	3	1.032	1.157	-0.046	1.8504102698672793	-0.2731521600066891	(3, 1.032)	1	1	1
r7i1281p1f1	2008-06-18	4	1.233	1.36	0.741	2.38545457081634	1.935571171260134	(4, 1.233)	1	1	1
r7i1281p1f1	2008-07-18	7	1.384	1.552	2.357	3.2821149534705922	3.7989047177261193	(7, 1.384)	2	3	2
r7i1281p1f1	2008-08-08	3	1.584	1.828	1.61	2.22253547436642	2.2370653333255217	(3, 1.584)	2	3	3
r7i1281p1f1	2010-06-21	6	1.49	1.668	2.657	3.131068711749189	3.690122817803077	(6, 1.49)	2	3	3
r7i1281p1f1	2010-07-22	6	1.355	1.726	1.845	3.040435603162226	3.336333525924036	(6, 1.355)	2	3	3
r7i1281p1f1	2010-08-02	3	1.42	1.886	1.118	2.125673250105425	1.9182890911516206	(3, 1.42)	2	3	3
r7i1301p1f1	1851-06-05	3	1.195	1.274	0.431	1.9753860276277764	1.175431867387346	(3, 1.195)	1	1	1
r7i1301p1f1	1851-06-28	4	1.468	1.626	1.665	2.5450605726077473	2.6616571615324998	(4, 1.468)	2	3	3
r7i1301p1f1	1851-07-12	5	1.659	2.063	3.039	2.9728823856129414	3.5546922155583176	(5, 1.659)	2	2	0
r7i1301p1f1	1851-07-26	9	1.382	1.63	2.976	3.6458153646429095	4.398785418488837	(9, 1.382)	2	3	2
r7i1301p1f1	1851-08-29	3	1.288	1.378	0.709	2.0402645892270397	1.5441678315477239	(3, 1.288)	1	1	1
r7i1301p1f1	1853-08-03	4	1.524	1.81	1.89	2.579610585257298	2.780060737078482	(4, 1.524)	2	3	3
r7i1301p1f1	1853-08-12	4	1.488	1.966	1.748	2.5575373408229076	2.7069829651417874	(4, 1.488)	2	3	3
r7i1301p1f1	1854-06-21	3	1.372	1.431	0.962	2.0954528148814386	1.7915425508102527	(3, 1.372)	1	1	3
r7i1301p1f1	1855-08-15	4	1.401	1.629	1.397	2.5020914745421012	2.49946680111933	(4, 1.401)	2	3	3
r7i1301p1f1	1858-07-31	8	1.704	2.233	5.223	3.677745667007223	4.780660118455795	(8, 1.704)	0	0	4
r7i1301p1f1	1858-08-25	3	1.46	1.817	1.227	2.1501775224031414	1.9981879688569144	(3, 1.46)	2	3	3
r7i1301p1f1	1859-07-22	3	1.276	1.393	0.673	2.032125916835549	1.5034128605724522	(3, 1.276)	1	1	1
r7i1301p1f1	1859-08-27	5	1.166	1.247	0.574	2.641645143251329	2.0038441082902256	(5, 1.166)	1	1	1
r7i1301p1f1	1861-07-07	4	1.656	2.185	2.42	2.6566165459873603	3.013572191682322	(4, 1.656)	2	2	0
r7i1301p1f1	1861-07-24	3	1.172	1.229	0.363	1.958669915800558	1.0599419115922148	(3, 1.172)	1	1	1
r7i1301p1f1	1861-08-23	3	1.524	1.551	1.418	2.1881766897282877	2.1244321317676773	(3, 1.524)	2	3	3
r7i1301p1f1	1863-07-14	3	1.22	1.412	0.506	1.993244281711825	1.2890268766635846	(3, 1.22)	1	1	1
r7i1301p1f1	1864-06-03	5	1.38	1.778	1.644	2.799040094911151	2.9642663107523206	(5, 1.38)	2	3	3
r7i1301p1f1	1864-06-29	5	1.073	1.211	0.11	2.5646804520240467	0.8019286624656241	(5, 1.073)	1	1	1
r7i1301p1f1	1864-08-13	5	1.237	1.396	0.93	2.696657580331772	2.4334129928181576	(5, 1.237)	1	1	1
r7i1301p1f1	1865-06-01	5	1.162	1.209	0.556	2.638453929697122	1.9763380572110507	(5, 1.162)	1	1	1
r7i1301p1f1	1865-08-25	4	1.467	1.722	1.664	2.5444326291020274	2.661098346206418	(4, 1.467)	2	3	3
r7i1301p1f1	1866-06-30	3	1.839	2.115	2.363	2.3566683009598752	2.5861468015073608	(3, 1.839)	2	2	0
r7i1301p1f1	1866-07-30	5	1.407	1.585	1.776	2.817247639650511	3.0376552764715057	(5, 1.407)	2	3	3
r7i1301p1f1	1868-07-26	7	1.364	1.745	2.187	3.268109072501454	3.725785153658278	(7, 1.364)	2	3	2
r7i1301p1f1	1870-07-03	4	1.539	1.912	1.952	2.5886658840788526	2.8103660865738114	(4, 1.539)	2	2	3
r7i1301p1f1	1870-07-15	5	1.327	1.567	1.378	2.762305469788006	2.797678107628192	(5, 1.327)	1	3	3
r7i1301p1f1	1871-08-25	3	1.422	1.616	1.112	2.126912829977665	1.913699997788122	(3, 1.422)	1	3	3
r7i1301p1f1	1873-07-22	12	1.354	1.88	3.629	4.0480339746085505	5.022924123749728	(12, 1.354)	0	0	2
r7i1301p1f1	1873-08-08	8	1.456	2.099	3.236	3.524756861466198	4.307064932500229	(8, 1.456)	2	2	2
r7i1301p1f1	1874-06-04	4	1.547	1.85	1.984	2.5934620563423456	2.8256554431764735	(4, 1.547)	2	3	3
r7i1301p1f1	1874-08-09	3	1.364	1.541	0.937	2.090326077682387	1.769649301018946	(3, 1.364)	1	1	3
r7i1301p1f1	1878-06-22	10	1.293	1.576	2.415	3.735005361491007	4.348586254569824	(10, 1.293)	2	3	2
r7i1301p1f1	1878-07-09	11	1.685	2.303	6.975	4.134744715607692	5.543097302170467	(11, 1.685)	0	0	4
r7i1301p1f1	1878-08-17	7	1.488	1.845	3.056	3.351942207353973	4.053486317848538	(7, 1.488)	2	3	2
r7i1301p1f1	1879-06-27	4	1.427	1.639	1.502	2.518985963440863	2.566179369916737	(4, 1.427)	2	3	3
r7i1301p1f1	1879-08-08	3	1.314	1.403	0.79	2.057674382091276	1.6302126972159934	(3, 1.314)	1	1	1
r7i1301p1f1	1881-06-03	5	1.258	1.46	1.033	2.712365382531928	2.5296641782283418	(5, 1.258)	1	1	1
r7i1301p1f1	1883-07-08	4	1.215	1.37	0.653	2.372111155642656	1.8284127868760904	(4, 1.215)	1	1	1
r7i1301p1f1	1886-07-15	9	1.45	2.214	3.584	3.6926224403927708	4.5825973251356995	(9, 1.45)	0	0	2
r7i1301p1f1	1887-06-20	3	1.84	2.114	2.366	2.357160439042025	2.587320074445379	(3, 1.84)	2	2	0
r7i1301p1f1	1888-06-24	7	1.439	1.799	2.712	3.31964934274751	3.93626562194157	(7, 1.439)	2	3	2
r7i1301p1f1	1888-08-20	6	1.162	1.26	0.663	2.8946870163547627	2.3743539927803337	(6, 1.162)	1	1	1
r7i1301p1f1	1889-06-12	3	1.274	1.374	0.668	2.0307630082612924	1.49761876651344	(3, 1.274)	1	1	1
r7i1301p1f1	1891-07-31	4	1.226	1.298	0.697	2.3802866006578975	1.8834266577538787	(4, 1.226)	1	1	1
r7i1301p1f1	1892-06-04	6	1.394	1.689	2.053	3.0674728696555347	3.4395463897217957	(6, 1.394)	2	3	3
r7i1301p1f1	1892-07-08	8	1.833	2.329	6.251	3.7489405138008998	4.958948825263008	(8, 1.833)	0	0	4
r7i1301p1f1	1892-07-28	10	1.339	1.733	2.875	3.7691428575013344	4.520869488836845	(10, 1.339)	2	3	2
r7i1301p1f1	1892-08-23	10	1.571	1.953	5.194	3.9255191620330034	5.10745162193328	(10, 1.571)	0	0	4
r7i1301p1f1	1893-06-04	3	1.105	1.115	0.161	1.9083193018307179	0.6079054405056109	(3, 1.105)	1	1	1
r7i1301p1f1	1893-06-12	3	1.372	1.509	0.963	2.0954528148814386	1.7924083891450562	(3, 1.372)	1	1	3
r7i1301p1f1	1893-06-17	8	1.34	1.857	2.31	3.444280458880142	3.975360804712221	(8, 1.34)	2	3	2
r7i1301p1f1	1896-08-07	3	1.051	1.148	-0.001	1.8658082795298527	-0.00520969937108933	(3, 1.051)	1	1	1
r7i1301p1f1	1897-06-03	5	1.4	1.632	1.746	2.812558904620976	3.02144258487296	(5, 1.4)	2	3	3
r7i1301p1f1	1897-06-29	4	1.377	1.662	1.303	2.4862390950217788	2.4357164055972285	(4, 1.377)	2	3	3
r7i1301p1f1	1897-07-11	3	1.467	1.624	1.248	2.154404709241113	2.0128740600650636	(3, 1.467)	2	3	3
r7i1301p1f1	1897-07-25	4	1.201	1.272	0.597	2.361608433443507	1.753711401590525	(4, 1.201)	1	1	1
r7i1301p1f1	1897-08-01	3	1.265	1.398	0.642	2.024606827905257	1.4669360867411914	(3, 1.265)	1	1	1
r7i1301p1f1	1897-08-15	9	1.27	1.428	1.964	3.5635996376871786	3.9895024306985176	(9, 1.27)	1	3	2
r7i1301p1f1	1898-08-10	3	1.499	1.588	1.343	2.1735046352904637	2.076741989126375	(3, 1.499)	2	3	3
r7i1301p1f1	1899-06-08	3	1.225	1.415	0.522	1.9967779789349385	1.3116762955279377	(3, 1.225)	1	1	1
r7i1301p1f1	1901-08-20	3	1.118	1.244	0.199	1.9182890911516206	0.7100211765982832	(3, 1.118)	1	1	1
r7i1301p1f1	1902-06-01	3	1.124	1.181	0.219	1.922857220904564	0.7598508781538139	(3, 1.124)	1	1	1
r7i1301p1f1	1902-06-10	5	1.497	1.8	2.227	2.875651094840324	3.2541895668726957	(5, 1.497)	2	3	3
r7i1301p1f1	1902-06-20	6	1.369	1.569	1.904	3.0502256078409515	3.3667084444595403	(6, 1.369)	2	3	3
r7i1301p1f1	1902-06-29	6	1.225	1.484	1.04	2.9446363075620363	2.7902331396141338	(6, 1.225)	1	1	1
r7i1301p1f1	1903-06-07	6	1.158	1.261	0.641	2.891429794248112	2.343797816041401	(6, 1.158)	1	1	1
r7i1301p1f1	1906-06-07	4	1.163	1.318	0.448	2.332532169361998	1.5225719794124384	(4, 1.163)	1	1	1
r7i1301p1f1	1906-07-28	6	1.691	2.08	3.839	3.252408195042198	4.050419611551778	(6, 1.691)	2	2	0
r7i1301p1f1	1907-06-27	3	1.416	1.599	1.093	2.1231894711408397	1.8990273544023255	(3, 1.416)	1	3	3
r7i1301p1f1	1908-06-03	3	1.177	1.233	0.376	1.962327697904164	1.0830766704452057	(3, 1.177)	1	1	1
r7i1301p1f1	1908-07-04	3	1.332	1.663	0.843	2.069552181132402	1.6827546344954722	(3, 1.332)	1	3	3
r7i1301p1f1	1908-07-26	4	1.499	1.726	1.789	2.5643337834193223	2.7286368347105983	(4, 1.499)	2	3	3
r7i1301p1f1	1908-08-12	5	1.542	1.797	2.452	2.9036215957388096	3.3468887880765203	(5, 1.542)	2	3	3
r7i1301p1f1	1909-07-06	4	1.217	1.334	0.664	2.373602580229326	1.8424525835435732	(4, 1.217)	1	1	1
r7i1301p1f1	1910-08-07	5	1.713	1.987	3.31	3.003299679737865	3.6377683806921244	(5, 1.713)	2	2	0
r7i1301p1f1	1911-07-20	3	1.178	1.28	0.38	1.9630576515367082	1.0900887061369329	(3, 1.178)	1	1	1
r7i1301p1f1	1915-07-21	3	1.134	1.164	0.249	1.9304247013565112	0.8302281206292933	(3, 1.134)	1	1	1
r7i1301p1f1	1915-08-01	9	1.344	1.471	2.636	3.6186715590704397	4.279052159046052	(9, 1.344)	2	3	2
r7i1301p1f1	1915-08-17	7	1.865	2.319	5.697	3.5706667958502694	4.668238093809521	(7, 1.865)	0	2	4
r7i1301p1f1	1915-08-27	5	1.486	1.675	2.171	2.8686931929219934	3.229717556157813	(5, 1.486)	2	3	3
r7i1301p1f1	1917-06-14	8	1.508	1.752	3.652	3.55883183845503	4.426466001127049	(8, 1.508)	2	3	2
r7i1301p1f1	1918-07-29	5	1.24	1.365	0.942	2.698916714880855	2.44511538898544	(5, 1.24)	1	1	1
r7i1301p1f1	1920-08-19	5	1.473	1.645	2.106	2.8604073108315786	3.2005405891915077	(5, 1.473)	2	3	3
r7i1301p1f1	1921-07-03	10	1.217	1.469	1.658	3.675918804682262	3.9783829343997597	(10, 1.217)	1	3	2
r7i1301p1f1	1921-08-12	4	1.103	1.16	0.207	2.2848283714047866	0.9768212316141873	(4, 1.103)	1	1	1
r7i1301p1f1	1922-07-26	4	1.37	1.475	1.273	2.481567748522486	2.4144841854914545	(4, 1.37)	1	3	3
r7i1301p1f1	1923-06-02	7	1.261	1.416	1.466	3.1926980296733896	3.3375722194326882	(7, 1.261)	1	1	1
r7i1301p1f1	1923-07-09	3	1.295	1.315	0.731	2.044981737754121	1.568279907510036	(3, 1.295)	1	1	1
r7i1301p1f1	1923-07-14	4	1.38	1.5	1.316	2.488234439880675	2.4447788586972212	(4, 1.38)	1	3	3
r7i1301p1f1	1924-08-01	7	1.412	1.575	2.527	3.301399365046624	3.8670401779151904	(7, 1.412)	2	3	2
r7i1301p1f1	1925-08-18	4	1.399	1.54	1.39	2.5007799989442905	2.4948569806411682	(4, 1.399)	1	3	3
r7i1301p1f1	1926-07-23	3	1.475	1.788	1.27	2.159214000165383	2.0280316058632835	(3, 1.475)	2	3	3
r7i1301p1f1	1927-06-13	5	1.244	1.324	0.964	2.701920977062884	2.466220449436937	(5, 1.244)	1	1	1
r7i1301p1f1	1927-06-27	3	1.164	1.247	0.337	1.9527894920251458	1.012002055374001	(3, 1.164)	1	1	1
r7i1301p1f1	1927-07-18	3	1.166	1.295	0.344	1.9542628429622635	1.025136682368824	(3, 1.166)	1	1	1
r7i1301p1f1	1927-07-24	3	1.341	1.655	0.869	2.0754385904061903	1.7075544154332227	(3, 1.341)	1	3	3
r7i1301p1f1	1927-07-30	3	1.577	1.778	1.578	2.2185872475472697	2.219152235245174	(3, 1.577)	2	3	3
r7i1301p1f1	1929-06-11	3	1.134	1.144	0.249	1.9304247013565112	0.8302281206292933	(3, 1.134)	1	1	1
r7i1301p1f1	1929-06-22	6	1.502	2.039	2.704	3.1387411806536503	3.707223213537379	(6, 1.502)	2	2	0
r7i1301p1f1	1929-07-28	4	1.843	2.441	3.166	2.7564593403098976	3.270633011641039	(4, 1.843)	2	2	0
r7i1301p1f1	1930-07-28	3	1.128	1.18	0.231	1.925891088549062	0.7885988092895502	(3, 1.128)	1	1	1
r7i1301p1f1	1931-06-10	3	1.338	1.399	0.86	2.073480301439183	1.6990392977679638	(3, 1.338)	1	1	1
r7i1301p1f1	1932-08-30	3	1.298	1.555	0.741	2.0469965809886865	1.5790506498304957	(3, 1.298)	1	1	1
r7i1301p1f1	1935-07-27	3	1.372	1.558	0.962	2.0954528148814386	1.7915425508102527	(3, 1.372)	1	3	3
r7i1301p1f1	1935-08-13	8	1.431	1.794	3.041	3.5079519369179386	4.2457769091683994	(8, 1.431)	2	3	2
r7i1301p1f1	1936-06-14	10	1.616	2.421	5.648	3.9532111470841205	5.1907624574485896	(10, 1.616)	0	0	4
r7i1301p1f1	1936-07-11	3	1.624	1.84	1.717	2.2448025292398825	2.294733722470144	(3, 1.624)	2	2	3
r7i1301p1f1	1937-07-13	3	1.338	1.532	0.861	2.073480301439183	1.6999890104703193	(3, 1.338)	1	1	3
r7i1301p1f1	1939-08-10	3	1.32	1.504	0.805	2.0616493448548585	1.6453652661737146	(3, 1.32)	1	1	1
r7i1301p1f1	1940-08-06	5	1.325	1.524	1.37	2.760892484079883	2.792211532259115	(5, 1.325)	1	3	3
r7i1301p1f1	1941-06-10	4	1.923	2.153	3.485	2.7963052488570974	3.3631493140246254	(4, 1.923)	2	2	0
r7i1301p1f1	1941-06-22	3	1.236	1.346	0.553	2.0045084361444423	1.3541513372645073	(3, 1.236)	1	1	1
r7i1301p1f1	1941-07-11	7	1.469	2.067	2.922	3.3395439650647063	4.009443635147658	(7, 1.469)	2	2	0
r7i1301p1f1	1941-08-10	5	1.321	1.637	1.347	2.7580605089354964	2.776326591971347	(5, 1.321)	1	3	3
r7i1301p1f1	1943-07-18	4	1.128	1.208	0.308	2.304982217593767	1.2424239907001886	(4, 1.128)	1	1	1
r7i1301p1f1	1943-08-01	3	1.34	1.551	0.865	2.074786253423948	1.7037788673537406	(3, 1.34)	1	1	3
r7i1301p1f1	1947-08-13	5	1.44	1.509	1.945	2.8390603018231353	3.1243788019343564	(5, 1.44)	2	3	3
r7i1301p1f1	1948-06-23	9	1.654	2.041	5.426	3.8211788381274205	4.9938417350099815	(9, 1.654)	0	0	4
r7i1301p1f1	1949-07-24	9	1.435	1.665	3.451	3.682484047025076	4.545175990411269	(9, 1.435)	2	3	2
r7i1301p1f1	1949-08-30	3	1.476	1.621	1.273	2.159813538506554	2.030080856770745	(3, 1.476)	2	3	3
r7i1301p1f1	1952-06-03	3	1.352	1.565	0.901	2.0825863510166935	1.7372563504156076	(3, 1.352)	1	1	3
r7i1301p1f1	1953-06-13	5	1.332	1.471	1.402	2.765829223852479	2.8139007879919227	(5, 1.332)	1	3	3
r7i1301p1f1	1953-07-14	5	1.636	1.919	2.922	2.9596405349594344	3.5165761412513192	(5, 1.636)	2	2	0
r7i1301p1f1	1954-06-01	4	1.276	1.437	0.898	2.416627809034706	2.1021810286493254	(4, 1.276)	1	1	1
r7i1301p1f1	1955-07-24	4	1.367	1.443	1.264	2.479559043461405	2.4080256054520426	(4, 1.367)	1	1	3
r7i1301p1f1	1957-06-22	7	1.313	1.632	1.83	3.2314800686007024	3.552259705845829	(7, 1.313)	2	3	2
r7i1301p1f1	1957-07-07	3	1.222	1.391	0.512	1.9946592593953143	1.297580637895095	(3, 1.222)	1	1	1
r7i1301p1f1	1958-07-29	14	1.26	1.612	2.918	4.20473495137096	5.0360053198863515	(14, 1.26)	0	0	2
r7i1301p1f1	1960-08-02	3	1.329	1.66	0.833	2.0675823194866925	1.6730500611426913	(3, 1.329)	1	3	3
r7i1301p1f1	1961-08-03	4	1.326	1.509	1.099	2.451694515581887	2.2815657257699704	(4, 1.326)	1	1	3
r7i1301p1f1	1961-08-28	3	1.316	1.32	0.795	2.0590011260458523	1.6352891074723162	(3, 1.316)	1	1	1
r7i1301p1f1	1962-06-23	12	1.34	1.657	3.46	4.0378227804786055	4.975557181996589	(12, 1.34)	0	0	2
r7i1301p1f1	1962-07-16	5	1.52	1.846	2.341	2.8900448505232386	3.302230298339258	(5, 1.52)	2	3	3
r7i1301p1f1	1962-07-27	5	1.329	1.488	1.389	2.763716461784272	2.8051461856340905	(5, 1.329)	1	3	3
r7i1301p1f1	1963-06-09	6	1.128	1.311	0.463	2.8666564588923342	2.0547238747866032	(6, 1.128)	1	1	1
r7i1301p1f1	1963-08-03	7	1.968	2.533	6.414	3.622949834146252	4.7857313806215185	(7, 1.968)	0	0	4
r7i1301p1f1	1965-07-19	3	1.19	1.36	0.415	1.9717757853036324	1.1494331690364237	(3, 1.19)	1	1	1
r7i1301p1f1	1966-06-04	3	1.336	1.399	0.855	2.0721726417133604	1.6942771576452456	(3, 1.336)	1	1	1
r7i1301p1f1	1967-08-10	4	1.481	1.852	1.718	2.553188157204406	2.690836220367522	(4, 1.481)	2	3	3
r7i1301p1f1	1968-07-24	4	1.517	1.815	1.865	2.5753565527100726	2.767576180416237	(4, 1.517)	2	3	3
r7i1301p1f1	1970-06-17	6	1.55	1.798	2.992	3.168855598012869	3.806067643160675	(6, 1.55)	2	2	0
r7i1301p1f1	1970-07-02	6	1.575	1.864	3.143	3.1841882292775248	3.8542345063606476	(6, 1.575)	2	2	0
r7i1301p1f1	1973-06-01	6	1.544	2.004	2.957	3.165140518654081	3.7945639751466826	(6, 1.544)	2	2	0
r7i1301p1f1	1973-06-25	3	1.196	1.361	0.435	1.9761065146616097	1.1818272835835466	(3, 1.196)	1	1	1
r7i1301p1f1	1973-07-11	3	1.377	1.589	0.976	2.0986437296880074	1.8035965939757768	(3, 1.377)	1	3	3
r7i1301p1f1	1973-07-23	8	1.298	1.552	1.977	3.4134680304865466	3.822850824418146	(8, 1.298)	1	3	2
r7i1301p1f1	1975-07-15	3	1.131	1.185	0.24	1.9281604641562224	0.809630074264434	(3, 1.131)	1	1	1
r7i1301p1f1	1975-08-28	3	1.121	1.128	0.21	1.9205757645020043	0.7377342425188093	(3, 1.121)	1	1	1
r7i1301p1f1	1976-07-29	6	1.701	2.498	3.901	3.2580770114787296	4.066163803828007	(6, 1.701)	0	2	0
r7i1301p1f1	1977-08-29	3	1.27	1.45	0.656	2.0280316058632835	1.483574415196268	(3, 1.27)	1	1	1
r7i1301p1f1	1978-07-05	3	1.444	1.506	1.179	2.140447749317067	1.9637870727255824	(3, 1.444)	1	3	3
r7i1301p1f1	1979-06-30	5	1.314	1.527	1.313	2.7530851717417453	2.752372384235367	(5, 1.314)	1	3	3
r7i1301p1f1	1982-06-07	3	1.393	1.527	1.024	2.1087867683038795	1.8438552876418735	(3, 1.393)	1	3	3
r7i1301p1f1	1985-07-11	5	1.656	1.95	3.025	2.971165099347932	3.5502071025100235	(5, 1.656)	2	2	0
r7i1301p1f1	1985-08-13	3	1.943	2.302	2.674	2.40659587232619	2.7009927946452352	(3, 1.943)	2	2	0
r7i1301p1f1	1987-07-26	3	1.416	1.565	1.093	2.1231894711408397	1.8990273544023255	(3, 1.416)	1	3	3
r7i1301p1f1	1988-06-18	6	1.559	1.801	3.047	3.174402466140278	3.823881640662272	(6, 1.559)	2	2	0
r7i1301p1f1	1989-07-13	3	2.146	2.616	3.284	2.497406788101621	2.8939301169854206	(3, 2.146)	0	2	0
r7i1301p1f1	1989-08-03	6	1.971	2.504	5.519	3.4001189903456606	4.408089081083141	(6, 1.971)	0	2	0
r7i1301p1f1	1990-06-23	3	1.146	1.216	0.285	1.9394307280744352	0.9086227843518696	(3, 1.146)	1	1	1
r7i1301p1f1	1991-05-31	12	1.325	1.903	3.285	4.026765256906178	4.924023005959931	(12, 1.325)	0	0	2
r7i1301p1f1	1994-07-06	3	1.166	1.268	0.344	1.9542628429622635	1.025136682368824	(3, 1.166)	1	1	1
r7i1301p1f1	1994-07-19	5	1.584	2.164	2.665	2.929039881530229	3.4273720109761916	(5, 1.584)	2	2	0
r7i1301p1f1	1994-08-18	3	1.257	1.387	0.616	2.019102669039607	1.435282099195857	(3, 1.257)	1	1	1
r7i1301p1f1	1998-08-04	6	1.204	1.313	0.918	2.9282622010484243	2.6735822478962725	(6, 1.204)	1	1	1
r7i1301p1f1	1999-06-15	4	1.285	1.517	0.934	2.423031246069913	2.1367666082991055	(4, 1.285)	1	1	1
r7i1301p1f1	1999-07-03	5	1.604	1.958	2.764	2.940920437380773	3.4626831055350555	(5, 1.604)	2	2	0
r7i1301p1f1	1999-08-06	3	1.431	1.62	1.14	2.1324720027003963	1.9349378532458654	(3, 1.431)	2	3	3
r7i1301p1f1	2000-07-20	5	1.853	2.376	4.009	3.0781031832392167	3.824763945600017	(5, 1.853)	0	2	0
r7i1301p1f1	2000-08-23	3	1.652	2.054	1.802	2.2600996117206793	2.3382868011014573	(3, 1.652)	2	2	0
r7i1301p1f1	2001-06-12	13	1.395	1.912	4.462	4.195496319175453	5.34779114121477	(13, 1.395)	0	0	2
r7i1301p1f1	2002-08-14	5	1.514	1.803	2.313	2.88630988574445	3.2906428880231924	(5, 1.514)	2	3	3
r7i1301p1f1	2002-08-23	3	1.28	1.583	0.685	2.034846174051035	1.517183229941733	(3, 1.28)	1	1	1
r7i1301p1f1	2003-06-07	5	1.168	1.265	0.582	2.6432369391938733	2.0158302990898473	(5, 1.168)	1	1	1
r7i1301p1f1	2004-06-05	3	1.338	1.441	0.859	2.073480301439183	1.6980886822539114	(3, 1.338)	1	1	1
r7i1301p1f1	2004-07-26	3	1.505	1.549	1.361	2.177045610799638	2.088396754709009	(3, 1.505)	2	3	3
r7i1301p1f1	2005-08-12	7	1.093	1.212	0.295	3.0560106368865902	1.8661673243353525	(7, 1.093)	1	1	1
r7i1301p1f1	2006-05-31	6	1.253	1.392	1.209	2.9660595549657884	2.932185185805167	(6, 1.253)	1	1	1
r7i1301p1f1	2008-06-09	4	1.161	1.235	0.439	2.3309781674952634	1.5067405141957577	(4, 1.161)	1	1	1
r7i1301p1f1	2008-07-12	7	1.695	2.055	4.505	3.4779065177945294	4.435967411568558	(7, 1.695)	0	2	0
r7i1301p1f1	2009-06-16	5	1.17	1.388	0.595	2.6448262053484672	2.0350065480617157	(5, 1.17)	1	1	1
r7i1301p1f1	2009-08-27	4	1.399	1.737	1.39	2.5007799989442905	2.4948569806411682	(4, 1.399)	2	3	3
r7i1301p1f1	2010-06-29	4	1.338	1.569	1.148	2.4599306637178233	2.3208178612551054	(4, 1.338)	1	3	3
r7i1301p1f1	2010-07-18	6	1.359	1.528	1.845	3.0432425410361312	3.336333525924036	(6, 1.359)	1	3	3
r7i1301p1f1	2010-08-12	7	1.617	1.988	3.957	3.432284435917888	4.307904545028675	(7, 1.617)	0	2	0
r8i1141p1f1	1851-06-23	7	1.202	1.355	1.053	3.1467932507892873	3.0205142925795414	(7, 1.202)	1	1	1
r8i1141p1f1	1852-08-07	3	1.406	1.567	1.062	2.1169528988419004	1.8746157340449257	(3, 1.406)	1	3	3
r8i1141p1f1	1853-06-24	8	1.516	1.735	3.711	3.5639725964355042	4.442302307137688	(8, 1.516)	2	3	2
r8i1141p1f1	1854-06-23	3	1.509	1.638	1.37	2.1793993144304853	2.0941735925475293	(3, 1.509)	2	3	3
r8i1141p1f1	1854-07-29	3	1.365	1.548	0.94	2.0909683590509247	1.7723019395273694	(3, 1.365)	1	1	3
r8i1141p1f1	1857-07-17	11	1.17	1.343	1.301	3.777003902182166	3.880825739558252	(11, 1.17)	1	1	2
r8i1141p1f1	1858-06-24	4	1.737	1.964	2.74	2.7010927205347115	3.132009891846539	(4, 1.737)	2	2	0
r8i1141p1f1	1859-07-25	5	1.436	1.683	1.921	2.836441544185978	3.112511824727548	(5, 1.436)	2	3	3
r8i1141p1f1	1859-08-13	3	1.497	1.673	1.337	2.172321518293727	2.072826685323001	(3, 1.497)	2	3	3
r8i1141p1f1	1859-08-21	4	1.419	1.642	1.467	2.5138179932824203	2.5444326291020274	(4, 1.419)	2	3	3
r8i1141p1f1	1860-06-01	4	1.233	1.358	0.726	2.38545457081634	1.918098391271073	(4, 1.233)	1	1	1
r8i1141p1f1	1860-07-07	4	1.321	1.533	1.075	2.4482426654164087	2.2617630984737906	(4, 1.321)	1	1	3
r8i1141p1f1	1861-06-30	4	1.639	1.959	2.35	2.6470254992644353	2.9856819377004897	(4, 1.639)	2	2	0
r8i1141p1f1	1861-08-05	6	1.249	1.524	1.182	2.9630270473274924	2.9108158600035026	(6, 1.249)	1	1	1
r8i1141p1f1	1862-07-17	4	1.374	1.577	1.288	2.4842397608002966	2.425156645382226	(4, 1.374)	1	3	3
r8i1141p1f1	1863-06-23	4	1.154	1.313	0.407	2.3255200642765415	1.4483297520393432	(4, 1.154)	1	1	1
r8i1141p1f1	1863-08-04	3	1.392	1.517	1.021	2.108155833588867	1.841386049152454	(3, 1.392)	1	3	3
r8i1141p1f1	1865-06-23	3	1.284	1.456	0.696	2.0375590515374253	1.5296416264070827	(3, 1.284)	1	1	1
r8i1141p1f1	1865-07-13	3	1.283	1.521	0.692	2.0368815218260807	1.525129238362278	(3, 1.283)	1	1	1
r8i1141p1f1	1865-08-07	4	1.532	1.715	1.922	2.584450280124262	2.7958168483589882	(4, 1.532)	2	3	3
r8i1141p1f1	1865-08-19	3	1.313	1.418	0.785	2.057010349436034	1.6251103854761164	(3, 1.313)	1	1	1
r8i1141p1f1	1868-06-07	6	1.324	1.626	1.631	3.018410493576786	3.217703402764972	(6, 1.324)	1	3	3
r8i1141p1f1	1868-07-01	5	1.648	1.902	2.979	2.966571199140058	3.535327043929432	(5, 1.648)	2	2	0
r8i1141p1f1	1868-07-30	8	1.624	1.935	4.576	3.6309040208466183	4.649599045696477	(8, 1.624)	0	2	0
r8i1141p1f1	1870-07-07	5	1.49	1.819	2.191	2.87122894404304	3.238526467811822	(5, 1.49)	2	3	3
r8i1141p1f1	1870-08-11	4	1.271	1.447	0.875	2.4130525460200167	2.0794415416798357	(4, 1.271)	1	1	1
r8i1141p1f1	1870-08-29	3	1.507	1.903	1.364	2.1782231551049995	2.090326077682387	(3, 1.507)	2	3	3
r8i1141p1f1	1871-06-08	3	1.487	1.727	1.306	2.1663848452922383	2.052349733401824	(3, 1.487)	2	3	3
r8i1141p1f1	1871-06-18	5	1.144	1.288	0.462	2.6239660868625463	1.8189395591424056	(5, 1.144)	1	1	1
r8i1141p1f1	1874-06-30	9	1.983	2.571	8.38	3.9989527124162056	5.426094736489863	(9, 1.983)	0	0	4
r8i1141p1f1	1874-07-27	4	1.18	1.239	0.514	2.3456445824544927	1.6315907170752337	(4, 1.18)	1	1	1
r8i1141p1f1	1875-07-26	3	1.439	1.658	1.162	2.137387677939668	1.951313967121635	(3, 1.439)	2	3	3
r8i1141p1f1	1875-08-01	11	1.662	2.0	6.706	4.121222337105842	5.503924629163806	(11, 1.662)	0	0	4
r8i1141p1f1	1875-08-21	5	1.219	1.254	0.833	2.682994534677954	2.333426870539298	(5, 1.219)	1	1	1
r8i1141p1f1	1876-06-11	3	1.486	1.627	1.302	2.165789234954754	2.049676739221073	(3, 1.486)	2	3	3
r8i1141p1f1	1876-08-24	6	1.4	1.64	2.086	3.0715683228359927	3.4549849939720443	(6, 1.4)	2	3	3
r8i1141p1f1	1877-08-19	3	1.199	1.263	0.44	1.9782648663799822	1.1897644619901993	(3, 1.199)	1	1	1
r8i1141p1f1	1878-07-28	3	1.031	1.093	-0.063	1.8495932430423958	-0.39654144662024626	(3, 1.031)	1	1	1
r8i1141p1f1	1878-08-04	3	1.194	1.285	0.426	1.9746650211180787	1.1673796469293618	(3, 1.194)	1	1	1
r8i1141p1f1	1879-06-11	8	1.502	1.731	3.603	3.5549588523559423	4.413120464997582	(8, 1.502)	2	3	2
r8i1141p1f1	1880-06-27	3	1.239	1.36	0.561	2.0066064122360014	1.3648259319761944	(3, 1.239)	1	1	1
r8i1141p1f1	1880-07-21	5	1.508	1.728	2.279	2.882560918689416	3.2763895272776273	(5, 1.508)	2	3	3
r8i1141p1f1	1881-06-22	4	1.221	1.327	0.677	2.376578772902372	1.8587948705642134	(4, 1.221)	1	1	1
r8i1141p1f1	1881-07-09	4	1.163	1.292	0.443	2.332532169361998	1.5138076814188501	(4, 1.163)	1	1	1
r8i1141p1f1	1884-08-10	6	1.203	1.473	0.906	2.9274757539332152	2.66133771399008	(6, 1.203)	1	1	1
r8i1141p1f1	1884-08-18	3	1.445	1.58	1.179	2.1410586415106487	1.9637870727255824	(3, 1.445)	2	3	3
r8i1141p1f1	1885-07-24	5	1.419	1.664	1.838	2.8252346754556843	3.0703509769476636	(5, 1.419)	2	3	3
r8i1141p1f1	1886-07-15	9	1.725	2.504	6.062	3.8623074131822133	5.10396776194114	(9, 1.725)	0	0	4
r8i1141p1f1	1886-08-11	11	1.616	2.303	6.204	4.093616335018317	5.426445560242851	(11, 1.616)	0	0	4
r8i1141p1f1	1888-06-30	12	1.489	1.998	5.246	4.141491594002574	5.389401012930892	(12, 1.489)	0	0	4
r8i1141p1f1	1891-06-12	5	1.303	1.48	1.254	2.7452164253281373	2.7093923812369187	(5, 1.303)	1	1	1
r8i1141p1f1	1892-06-02	5	1.244	1.347	0.96	2.701920977062884	2.462416148211989	(5, 1.244)	1	1	1
r8i1141p1f1	1892-07-15	5	1.191	1.284	0.696	2.661362761078819	2.1726491218539916	(5, 1.191)	1	1	1
r8i1141p1f1	1892-07-25	3	1.216	1.388	0.494	1.9904083056570567	1.2716966740794537	(3, 1.216)	1	1	1
r8i1141p1f1	1892-08-02	3	1.732	2.158	2.041	2.302558692258338	2.451465948348003	(3, 1.732)	2	2	0
r8i1141p1f1	1895-08-16	8	1.554	2.081	4.018	3.5880366630102905	4.520885577052469	(8, 1.554)	0	2	0
r8i1141p1f1	1897-06-30	4	1.499	1.731	1.788	2.5643337834193223	2.7281142321379517	(4, 1.499)	2	3	3
r8i1141p1f1	1897-08-27	3	1.487	1.61	1.305	2.1663848452922383	2.0516821543923536	(3, 1.487)	2	3	3
r8i1141p1f1	1898-07-03	11	1.674	2.125	6.847	4.128300300095531	5.5246487486668485	(11, 1.674)	0	0	4
r8i1141p1f1	1900-06-11	4	1.105	1.158	0.212	2.286455711064162	0.9917691930500605	(4, 1.105)	1	1	1
r8i1141p1f1	1900-08-15	6	1.241	1.591	1.135	2.9569343035199487	2.872492039032673	(6, 1.241)	1	3	1
r8i1141p1f1	1900-08-25	11	1.735	2.22	7.518	4.163525169124611	5.617782356763727	(11, 1.735)	0	0	4
r8i1141p1f1	1903-07-15	5	1.332	1.734	1.402	2.765829223852479	2.8139007879919227	(5, 1.332)	2	3	3
r8i1141p1f1	1905-06-11	3	1.263	1.413	0.632	2.023233625810394	1.4548797602030414	(3, 1.263)	1	1	1
r8i1141p1f1	1905-08-13	4	1.31	1.526	1.032	2.4406063908914204	2.2252719898913753	(4, 1.31)	1	1	3
r8i1141p1f1	1905-08-22	4	1.385	1.583	1.334	2.4915511925066687	2.4571928112204846	(4, 1.385)	1	3	3
r8i1141p1f1	1906-07-13	11	1.352	1.802	3.305	3.9184988693286043	4.800538711832369	(11, 1.352)	0	0	2
r8i1141p1f1	1908-06-27	5	1.358	1.448	1.53	2.78395522603609	2.8962389581581185	(5, 1.358)	1	3	3
r8i1141p1f1	1908-08-08	6	1.837	2.277	4.713	3.332142934885063	4.25229758890644	(6, 1.837)	0	2	0
r8i1141p1f1	1909-06-14	4	1.553	1.822	2.005	2.59704414972485	2.83556352140117	(4, 1.553)	2	3	3
r8i1141p1f1	1909-08-08	3	1.173	1.324	0.364	1.959402543353941	1.061740634693605	(3, 1.173)	1	1	1
r8i1141p1f1	1910-08-10	4	1.137	1.282	0.34	2.3121393057988575	1.3137236682850553	(4, 1.137)	1	1	1
r8i1141p1f1	1912-06-20	7	1.412	1.648	2.52	3.301399365046624	3.8643243610050013	(7, 1.412)	2	3	2
r8i1141p1f1	1912-08-03	6	1.486	1.68	2.607	3.1284980846118664	3.6716040538812287	(6, 1.486)	2	3	3
r8i1141p1f1	1913-07-09	3	1.527	1.658	1.425	2.1899229574343737	2.1287693234923526	(3, 1.527)	2	3	3
r8i1141p1f1	1915-08-04	6	1.507	1.724	2.731	3.14192074989768	3.716916198740557	(6, 1.507)	2	3	3
r8i1141p1f1	1915-08-19	6	1.236	1.592	1.106	2.953107401309256	2.848091173131013	(6, 1.236)	1	3	1
r8i1141p1f1	1916-07-09	3	1.167	1.293	0.345	1.9549987051934683	1.0269990533939195	(3, 1.167)	1	1	1
r8i1141p1f1	1916-08-07	5	1.308	1.503	1.281	2.74880080573658	2.7292907089163507	(5, 1.308)	1	3	3
r8i1141p1f1	1916-08-19	3	1.312	1.419	0.78	2.0563458755484163	1.6199819065811056	(3, 1.312)	1	1	1
r8i1141p1f1	1917-06-15	4	1.376	1.487	1.295	2.4855730943311607	2.4300984132930052	(4, 1.376)	1	3	3
r8i1141p1f1	1917-06-22	6	1.597	2.224	3.27	3.197489180865923	3.8930234261720407	(6, 1.597)	2	2	0
r8i1141p1f1	1919-06-04	4	1.165	1.265	0.454	2.334083760053417	1.532988740270694	(4, 1.165)	1	1	1
r8i1141p1f1	1919-07-18	3	1.26	1.337	0.623	2.021170280523964	1.443903372160198	(3, 1.26)	1	1	1
r8i1141p1f1	1920-07-21	4	1.07	1.171	0.071	2.25758772706331	0.4498009219282161	(4, 1.07)	1	1	1
r8i1141p1f1	1920-08-24	3	1.355	1.538	0.909	2.0845269058647236	1.7445460080509814	(3, 1.355)	1	1	3
r8i1141p1f1	1922-07-29	7	1.736	2.068	4.785	3.501078008077203	4.495572262564423	(7, 1.736)	0	2	0
r8i1141p1f1	1924-08-13	6	1.407	1.798	2.132	3.0763252486599653	3.4761153739130752	(6, 1.407)	2	3	3
r8i1141p1f1	1926-06-25	3	1.216	1.25	0.492	1.9904083056570567	1.2687788811593197	(3, 1.216)	1	1	1
r8i1141p1f1	1926-08-18	5	1.306	1.752	1.272	2.747368594938016	2.7227018289917884	(5, 1.306)	2	3	3
r8i1141p1f1	1927-07-10	4	1.39	1.677	1.351	2.4948569806411682	2.468777267858117	(4, 1.39)	2	3	3
r8i1141p1f1	1927-07-19	4	1.434	1.703	1.53	2.5234861317554755	2.5832425505088623	(4, 1.434)	2	3	3
r8i1141p1f1	1928-07-05	3	1.306	1.439	0.762	2.052349733401824	1.6012985063790617	(3, 1.306)	1	1	1
r8i1141p1f1	1928-07-22	3	1.272	1.393	0.661	2.0293982396318806	1.4894502173681872	(3, 1.272)	1	1	1
r8i1141p1f1	1930-08-17	3	1.255	1.359	0.61	2.0177218825479337	1.4278328136070821	(3, 1.255)	1	1	1
r8i1141p1f1	1931-06-10	8	1.297	1.593	1.964	3.412722704117988	3.8163982097857154	(8, 1.297)	2	3	2
r8i1141p1f1	1931-07-31	5	1.304	1.486	1.262	2.745934329969324	2.7153295712834686	(5, 1.304)	1	1	1
r8i1141p1f1	1932-07-11	9	2.173	2.723	10.086	4.088846140233851	5.610650587315924	(9, 2.173)	0	0	4
r8i1141p1f1	1932-08-23	8	1.43	1.578	3.027	3.5072738301917648	4.241228780186771	(8, 1.43)	2	3	2
r8i1141p1f1	1933-06-03	3	1.307	1.425	0.767	2.0530168670468605	1.606523451157975	(3, 1.307)	1	1	1
r8i1141p1f1	1935-06-26	5	1.235	1.39	0.914	2.6951486502583273	2.4175936751601155	(5, 1.235)	1	1	1
r8i1141p1f1	1935-08-18	5	1.143	1.247	0.454	2.623155019130585	1.8043258980357733	(5, 1.143)	1	1	1
r8i1141p1f1	1937-06-28	3	1.226	1.27	0.521	1.9974832224048533	1.3102756371655788	(3, 1.226)	1	1	1
r8i1141p1f1	1938-07-05	3	1.684	1.901	1.897	2.2773001747086754	2.3848193493962873	(3, 1.684)	2	2	0
r8i1141p1f1	1938-07-14	16	1.445	1.943	6.297	4.537747509670657	6.001434679745292	(16, 1.445)	0	0	4
r8i1141p1f1	1938-08-02	12	1.78	2.457	8.741	4.317397582763089	5.898132911884139	(12, 1.78)	0	0	4
r8i1141p1f1	1940-06-25	5	1.528	1.67	2.382	2.895003202186707	3.318958945574512	(5, 1.528)	2	3	3
r8i1141p1f1	1942-08-21	3	1.253	1.324	0.605	2.0163391868484126	1.421582403309789	(3, 1.253)	1	1	1
r8i1141p1f1	1943-08-26	3	1.332	1.48	0.841	2.069552181132402	1.680821239503429	(3, 1.332)	1	1	1
r8i1141p1f1	1944-07-21	11	1.496	1.794	4.889	4.017794232634029	5.18942152342532	(11, 1.496)	0	0	2
r8i1141p1f1	1946-06-27	7	1.521	1.777	3.287	3.3731172734525834	4.125133867865027	(7, 1.521)	2	3	2
r8i1141p1f1	1946-08-13	6	1.548	1.62	2.978	3.1676187711279566	3.801482043824863	(6, 1.548)	2	3	3
r8i1141p1f1	1948-07-02	8	1.471	1.721	3.353	3.534705910809028	4.342112160448523	(8, 1.471)	2	3	2
r8i1141p1f1	1948-08-09	12	1.707	2.038	7.858	4.276091752494761	5.7919487913659315	(12, 1.707)	0	0	4
r8i1141p1f1	1950-06-07	11	1.388	1.725	3.698	3.944262237332409	4.912019854897209	(11, 1.388)	0	0	2
r8i1141p1f1	1951-06-14	3	1.303	1.409	0.755	2.0503456578987986	1.5939374138423597	(3, 1.303)	1	1	1
r8i1141p1f1	1953-06-13	5	1.358	1.559	1.528	2.78395522603609	2.895003202186707	(5, 1.358)	1	3	3
r8i1141p1f1	1953-07-11	5	1.593	1.917	2.707	2.934403605496902	3.442505020652751	(5, 1.593)	2	2	0
r8i1141p1f1	1954-08-02	8	1.507	1.789	3.641	3.558187381543688	4.423485529805161	(8, 1.507)	2	2	2
r8i1141p1f1	1954-08-27	9	1.433	1.922	3.429	3.681124461740869	4.538848743056299	(9, 1.433)	0	0	2
r8i1141p1f1	1955-06-10	3	1.176	1.234	0.373	1.9615972110500632	1.0777851870249011	(3, 1.176)	1	1	1
r8i1141p1f1	1955-07-30	8	1.299	1.519	1.976	3.414212801757413	3.822355944968617	(8, 1.299)	1	3	2
r8i1141p1f1	1955-08-23	5	1.824	2.211	3.86	3.0630609589416786	3.7877313538387756	(5, 1.824)	0	2	0
r8i1141p1f1	1956-06-19	5	1.403	1.628	1.755	2.814571055036787	3.026334051249276	(5, 1.403)	2	3	3
r8i1141p1f1	1959-07-16	10	1.4	1.63	3.48	3.8126862491664486	4.709955899643631	(10, 1.4)	2	3	2
r8i1141p1f1	1960-06-05	6	1.268	1.333	1.298	2.9773502528361053	2.9995562586342963	(6, 1.268)	1	1	1
r8i1141p1f1	1960-06-24	6	1.143	1.23	0.549	2.879119839376666	2.2048200157934006	(6, 1.143)	1	1	1
r8i1141p1f1	1960-07-14	3	1.483	1.815	1.295	2.1640002724695444	2.044981737754121	(3, 1.483)	2	3	3
r8i1141p1f1	1960-08-07	3	1.411	1.735	1.076	2.1200760468377458	1.8857141863884672	(3, 1.411)	2	3	3
r8i1141p1f1	1961-06-18	4	1.255	1.446	0.814	2.401525040848949	2.016501741905962	(4, 1.255)	1	1	1
r8i1141p1f1	1962-08-12	4	1.413	1.627	1.444	2.5099244127632883	2.5298800154307313	(4, 1.413)	2	3	3
r8i1141p1f1	1963-06-27	5	1.435	1.877	1.916	2.8357857818263104	3.110021712566456	(5, 1.435)	2	3	3
r8i1141p1f1	1963-07-12	4	1.399	1.63	1.389	2.5007799989442905	2.494196696695093	(4, 1.399)	2	3	3
r8i1141p1f1	1966-06-03	3	1.196	1.223	0.433	1.9761065146616097	1.1786346881452736	(3, 1.196)	1	1	1
r8i1141p1f1	1966-06-09	4	1.526	1.829	1.895	2.580822706617827	2.7825390530929495	(4, 1.526)	2	3	3
r8i1141p1f1	1966-07-21	10	1.763	2.512	7.11	4.03867248703518	5.419817669654548	(10, 1.763)	0	0	4
r8i1141p1f1	1966-08-03	7	1.196	1.445	1.012	3.1420047146614203	2.9827737882605083	(7, 1.196)	1	1	1
r8i1141p1f1	1968-06-28	5	1.427	1.633	1.874	2.830524144307154	3.088856290406941	(5, 1.427)	2	3	3
r8i1141p1f1	1968-08-05	3	1.013	1.101	-0.116	1.8347714486521625	-0.9231987398989157	(3, 1.013)	1	1	1
r8i1141p1f1	1968-08-21	4	1.347	1.441	1.18	2.4660635619865205	2.3456445824544927	(4, 1.347)	1	1	1
r8i1141p1f1	1970-06-28	6	1.369	1.646	1.9	3.0502256078409515	3.3646780295600047	(6, 1.369)	2	3	3
r8i1141p1f1	1970-07-24	5	1.518	1.746	2.333	2.888801411615567	3.298933287788018	(5, 1.518)	2	3	3
r8i1141p1f1	1971-07-25	3	1.546	1.725	1.481	2.2009123962435715	2.1628058503425183	(3, 1.546)	2	3	3
r8i1141p1f1	1972-06-11	4	1.501	1.681	1.798	2.565564552805455	2.733328008286479	(4, 1.501)	2	3	3
r8i1141p1f1	1972-07-26	11	1.529	1.973	5.253	4.0392248749247806	5.260846678564801	(11, 1.529)	0	0	4
r8i1141p1f1	1974-08-15	3	1.28	1.521	0.683	2.034846174051035	1.5149012963880648	(3, 1.28)	1	1	1
r8i1141p1f1	1977-07-14	3	1.267	1.41	0.644	2.0259781469017057	1.4693300070719546	(3, 1.267)	1	1	1
r8i1141p1f1	1979-07-11	3	1.222	1.497	0.511	1.9946592593953143	1.2961600824001045	(3, 1.222)	1	1	1
r8i1141p1f1	1980-06-27	3	1.281	1.436	0.688	2.0355250837068217	1.5205963963404616	(3, 1.281)	1	1	1
r8i1141p1f1	1981-06-02	3	1.14	1.156	0.263	1.9349378532458654	0.8614492922244954	(3, 1.14)	1	1	1
r8i1141p1f1	1981-07-15	3	1.249	1.449	0.592	2.01356804665576	1.405146103684702	(3, 1.249)	1	1	1
r8i1141p1f1	1981-08-02	6	1.542	1.909	2.938	3.163899085454709	3.788263261460005	(6, 1.542)	2	2	0
r8i1141p1f1	1984-06-05	3	1.316	1.507	0.791	2.0590011260458523	1.6312300429558206	(3, 1.316)	1	1	1
r8i1141p1f1	1984-06-16	5	1.487	1.747	2.175	2.8693277337726437	3.231485557180855	(5, 1.487)	2	3	3
r8i1141p1f1	1984-07-29	6	1.463	1.78	2.464	3.1135873493776742	3.6166650514912395	(6, 1.463)	2	3	3
r8i1141p1f1	1985-07-16	5	1.587	1.803	2.676	2.9308309880366226	3.431357606215214	(5, 1.587)	2	2	0
r8i1141p1f1	1986-07-08	3	1.487	1.744	1.306	2.1663848452922383	2.052349733401824	(3, 1.487)	2	3	3
r8i1141p1f1	1986-08-21	5	1.478	1.928	2.131	2.8636023186694626	3.211863467671226	(5, 1.478)	2	3	3
r8i1141p1f1	1987-08-21	6	1.42	1.896	2.207	3.085099950178096	3.5096374458571367	(6, 1.42)	2	3	3
r8i1141p1f1	1988-06-28	3	1.426	1.567	1.121	2.1293873895490134	1.9205757645020043	(3, 1.426)	1	3	3
r8i1141p1f1	1989-08-03	3	1.666	1.901	1.843	2.267661288260799	2.358635401755725	(3, 1.666)	2	2	0
r8i1141p1f1	1990-08-07	3	1.305	1.393	0.76	2.0516821543923536	1.599200860414269	(3, 1.305)	1	1	1
r8i1141p1f1	1991-08-08	5	1.529	1.767	2.385	2.8956212710590035	3.3201720753185815	(5, 1.529)	2	3	3
r8i1141p1f1	1992-07-06	12	1.337	1.837	3.427	4.035621035642586	4.966040321538414	(12, 1.337)	0	0	2
r8i1141p1f1	1993-06-05	3	1.151	1.238	0.297	1.9431594319473882	0.9334456490554206	(3, 1.151)	1	1	1
r8i1141p1f1	1996-08-24	9	1.356	1.635	2.734	3.6273231484148307	4.315058497742089	(9, 1.356)	2	3	2
r8i1141p1f1	1997-07-06	4	1.372	1.594	1.281	2.4829046471173273	2.420190335068309	(4, 1.372)	1	3	3
r8i1141p1f1	1997-07-13	6	1.417	1.617	2.191	3.0830818422027426	3.5025797597719297	(6, 1.417)	2	3	3
r8i1141p1f1	1998-08-06	7	1.298	1.594	1.724	3.2204464472881194	3.4943515061799473	(7, 1.298)	1	3	2
r8i1141p1f1	1999-06-11	7	1.516	1.89	3.247	3.3699376102727414	4.113089138953784	(7, 1.516)	2	2	2
r8i1141p1f1	1999-06-23	3	1.14	1.245	0.263	1.9349378532458654	0.8614492922244954	(3, 1.14)	1	1	1
r8i1141p1f1	1999-07-29	8	1.436	1.701	3.073	3.5113355902198404	4.256095606463879	(8, 1.436)	2	3	2
r8i1141p1f1	2001-07-29	4	1.363	1.642	1.246	2.476874478090736	2.394981942260013	(4, 1.363)	1	3	3
r8i1141p1f1	2006-07-10	15	1.445	2.214	5.892	4.442026520548694	5.838588003959016	(15, 1.445)	0	0	4
r8i1141p1f1	2006-07-28	3	1.247	1.384	0.584	2.0121795915224925	1.394895518599486	(3, 1.247)	1	1	1
r8i1141p1f1	2006-08-07	3	1.321	1.458	0.806	2.0623103052151466	1.6463673203785967	(3, 1.321)	1	1	1
r8i1141p1f1	2007-06-11	7	1.535	1.847	3.383	3.381966917120871	4.15346274478842	(7, 1.535)	2	2	2
r8i1141p1f1	2008-06-02	3	1.309	1.479	0.77	2.054349800617799	1.6096453640113553	(3, 1.309)	1	1	1
r8i1141p1f1	2008-08-09	7	1.552	1.806	3.498	3.3926086789005563	4.186374619859284	(7, 1.552)	2	2	2
r8i1231p1f1	1852-06-20	6	1.361	1.489	1.867	3.0446430609037467	3.3477679160093525	(6, 1.361)	1	3	3
r8i1231p1f1	1852-08-08	3	1.311	1.529	0.785	2.0556809598416574	1.6251103854761164	(3, 1.311)	1	1	1
r8i1231p1f1	1853-07-18	4	1.256	1.355	0.827	2.402249416106991	2.0302512974890643	(4, 1.256)	1	1	1
r8i1231p1f1	1855-07-23	3	1.148	1.242	0.295	1.9409238784254021	0.9293510591754537	(3, 1.148)	1	1	1
r8i1231p1f1	1856-08-26	4	1.475	1.853	1.702	2.5494451709255714	2.6821168190757056	(4, 1.475)	2	3	3
r8i1231p1f1	1858-06-15	3	1.161	1.265	0.335	1.950575387425793	1.008217398267985	(3, 1.161)	1	1	1
r8i1231p1f1	1858-06-20	11	1.255	1.464	2.254	3.8455841246754483	4.421636635651456	(11, 1.255)	1	3	2
r8i1231p1f1	1858-07-08	6	2.027	2.456	5.863	3.4272125096435264	4.467839013869405	(6, 2.027)	0	2	0
r8i1231p1f1	1858-07-21	9	1.568	2.222	4.665	3.7689836983555978	4.843832692959972	(9, 1.568)	0	0	4
r8i1231p1f1	1858-08-13	4	1.325	1.546	1.101	2.451005098112319	2.2831983791938555	(4, 1.325)	1	3	3
r8i1231p1f1	1862-07-28	7	1.443	1.751	2.756	3.3223249387111764	3.9520479007759626	(7, 1.443)	2	3	2
r8i1231p1f1	1863-06-21	3	1.334	1.572	0.853	2.0708632697743425	1.6923659335664056	(3, 1.334)	1	1	3
r8i1231p1f1	1865-07-13	3	1.367	1.491	0.952	2.0922516855351465	1.7828426836630467	(3, 1.367)	1	1	3
r8i1231p1f1	1867-07-30	4	1.197	1.465	0.59	2.3585872831093306	1.7439688053917064	(4, 1.197)	1	1	1
r8i1231p1f1	1869-06-20	3	1.157	1.245	0.322	1.947615601525812	0.9832616972608718	(3, 1.157)	1	1	1
r8i1231p1f1	1870-06-10	3	1.183	1.303	0.401	1.9666994485426734	1.1261162697229268	(3, 1.183)	1	1	1
r8i1231p1f1	1870-06-18	7	1.428	1.846	2.648	3.31225432583265	3.9128555847756172	(7, 1.428)	2	3	2
r8i1231p1f1	1871-08-17	6	1.345	1.728	1.771	3.0333835935586464	3.296883651518857	(6, 1.345)	2	3	3
r8i1231p1f1	1872-07-28	9	1.744	2.775	6.25	3.873032665736861	5.1343267664388055	(9, 1.744)	0	0	4
r8i1231p1f1	1872-08-23	8	1.332	1.575	2.256	3.4384841567729536	3.9521558552932112	(8, 1.332)	2	3	2
r8i1231p1f1	1873-06-29	3	1.25	1.318	0.6	2.014261551963053	1.415292679529417	(3, 1.25)	1	1	1
r8i1231p1f1	1873-07-10	3	1.209	1.304	0.477	1.9854259119535547	1.2466197677986228	(3, 1.209)	1	1	1
r8i1231p1f1	1874-08-22	3	1.232	1.345	0.546	2.001704270299514	1.3447166704034441	(3, 1.232)	1	1	1
r8i1231p1f1	1875-06-30	3	1.285	1.297	0.706	2.03823612251305	1.5408343102643483	(3, 1.285)	1	1	1
r8i1231p1f1	1876-08-16	3	1.453	1.861	1.211	2.145932390572937	1.9868519878999251	(3, 1.453)	2	3	3
r8i1231p1f1	1877-06-10	3	1.294	1.385	0.732	2.044309220199835	1.5693622171593682	(3, 1.294)	1	1	1
r8i1231p1f1	1879-06-20	9	1.444	1.674	3.554	3.688579409104934	4.574277895045557	(9, 1.444)	2	3	2
r8i1231p1f1	1879-07-15	4	1.238	1.39	0.752	2.3891296943942315	1.948193255069882	(4, 1.238)	1	1	1
r8i1231p1f1	1879-08-22	3	1.198	1.321	0.446	1.9775459332921197	1.1992066584340162	(3, 1.198)	1	1	1
r8i1231p1f1	1880-06-23	3	1.44	1.65	1.172	2.138000441796591	1.958669915800558	(3, 1.44)	2	3	3
r8i1231p1f1	1881-06-05	5	1.219	1.312	0.846	2.682994534677954	2.347421503257298	(5, 1.219)	1	1	1
r8i1231p1f1	1881-07-19	13	1.342	1.688	3.805	4.15735766349416	5.1893313636399245	(13, 1.342)	0	0	2
r8i1231p1f1	1881-08-27	3	1.283	1.38	0.7	2.0368815218260807	1.5341337442388472	(3, 1.283)	1	1	1
r8i1231p1f1	1882-06-04	10	1.402	1.558	3.521	3.8140822902998766	4.721563780502739	(10, 1.402)	2	3	2
r8i1231p1f1	1884-07-09	5	1.216	1.624	0.832	2.68069910024658	2.3323422043476523	(5, 1.216)	1	1	1
r8i1231p1f1	1885-08-12	3	1.177	1.217	0.383	1.962327697904164	1.0953156533644401	(3, 1.177)	1	1	1
r8i1231p1f1	1886-07-21	4	1.756	2.153	2.825	2.7112450919987294	3.1612467120315646	(4, 1.756)	2	2	0
r8i1231p1f1	1886-08-04	5	1.28	1.477	1.151	2.7285607513564756	2.629625216079756	(5, 1.28)	1	1	1
r8i1231p1f1	1886-08-13	7	1.546	2.408	3.475	3.388865680770927	4.1798783301100375	(7, 1.546)	0	2	0
r8i1231p1f1	1887-06-12	5	1.362	1.812	1.561	2.786714909110079	2.915200435179769	(5, 1.362)	2	3	3
r8i1231p1f1	1887-06-26	3	1.377	1.637	0.982	2.0986437296880074	1.8087184623074828	(3, 1.377)	1	3	3
r8i1231p1f1	1888-06-12	3	1.352	1.541	0.906	2.0825863510166935	1.741818609882932	(3, 1.352)	1	1	3
r8i1231p1f1	1889-06-16	6	1.239	1.359	1.139	2.955405299608027	2.8758114301617943	(6, 1.239)	1	1	1
r8i1231p1f1	1894-06-02	6	1.666	2.105	3.701	3.238093946819925	4.014459897569056	(6, 1.666)	2	2	0
r8i1231p1f1	1894-06-30	3	1.223	1.411	0.52	1.9953659981339325	1.3088730142073226	(3, 1.223)	1	1	1
r8i1231p1f1	1894-07-05	5	1.8	2.053	3.753	3.050438796624595	3.760265157774813	(5, 1.8)	2	2	0
r8i1231p1f1	1894-07-14	7	1.529	1.98	3.357	3.3781837983589567	4.145869239101516	(7, 1.529)	2	2	0
r8i1231p1f1	1894-07-24	5	1.45	1.799	1.999	2.84557734887139	3.150575546416615	(5, 1.45)	2	3	3
r8i1231p1f1	1895-07-23	5	1.105	1.336	0.278	2.591836601413134	1.4129690297788955	(5, 1.105)	1	1	1
r8i1231p1f1	1895-08-16	10	1.286	1.528	2.363	3.729706825654104	4.327103353398358	(10, 1.286)	2	3	2
r8i1231p1f1	1896-08-07	5	1.567	1.913	2.588	2.9188292313362787	3.3990189983353676	(5, 1.567)	2	2	0
r8i1231p1f1	1897-06-16	3	1.444	1.504	1.182	2.140447749317067	1.965972149383562	(3, 1.444)	1	3	3
r8i1231p1f1	1897-08-20	5	1.441	1.786	1.959	2.839713921088169	3.1312367239022767	(5, 1.441)	2	3	3
r8i1231p1f1	1901-06-02	4	1.873	2.172	3.295	2.771588221906198	3.3090820927543496	(4, 1.873)	2	2	0
r8i1231p1f1	1902-07-12	4	1.664	2.128	2.456	2.661098346206418	3.0276184624163127	(4, 1.664)	2	2	0
r8i1231p1f1	1902-07-26	7	1.989	2.364	6.579	3.633282055184143	4.810921648969395	(7, 1.989)	0	0	4
r8i1231p1f1	1903-07-08	3	1.203	1.253	0.461	1.9811354412044515	1.2224293103801878	(3, 1.203)	1	1	1
r8i1231p1f1	1906-07-20	6	1.487	1.817	2.621	3.12914136117319	3.676823970279261	(6, 1.487)	2	3	3
r8i1231p1f1	1908-06-19	8	1.443	1.801	3.146	3.516053552390216	4.279244097001386	(8, 1.443)	2	3	2
r8i1231p1f1	1908-08-03	6	1.709	2.445	3.958	3.2625890401626823	4.08042280963179	(6, 1.709)	0	2	0
r8i1231p1f1	1909-06-08	3	1.439	1.61	1.168	2.137387677939668	1.9557340263295966	(3, 1.439)	2	3	3
r8i1231p1f1	1909-06-21	5	1.381	1.848	1.658	2.7997203935551553	2.9723102844700673	(5, 1.381)	2	3	3
r8i1231p1f1	1914-06-24	10	1.574	2.067	5.241	3.9273893436164546	5.116405558812018	(10, 1.574)	0	0	4
r8i1231p1f1	1914-08-19	4	1.61	2.019	2.241	2.6304489550786583	2.940642307236031	(4, 1.61)	2	2	0
r8i1231p1f1	1914-08-27	3	1.236	1.487	0.56	2.0045084361444423	1.3634978225030308	(3, 1.236)	1	1	1
r8i1231p1f1	1916-07-03	7	1.336	1.805	2.004	3.2481653194351665	3.6405973948672017	(7, 1.336)	2	3	2
r8i1231p1f1	1918-06-09	6	1.211	1.418	0.967	2.933750080680026	2.7220806121214722	(6, 1.211)	1	1	1
r8i1231p1f1	1920-06-24	3	1.306	1.474	0.768	2.052349733401824	1.6075651720777713	(3, 1.306)	1	1	1
r8i1231p1f1	1920-07-03	5	1.699	1.878	3.247	2.9955021205138475	3.6190620539048637	(5, 1.699)	2	2	0
r8i1231p1f1	1920-08-10	4	1.347	1.507	1.19	2.4660635619865205	2.3532782073095637	(4, 1.347)	1	3	3
r8i1231p1f1	1921-06-05	10	1.441	1.786	3.91	3.8409226522543203	4.825470150238755	(10, 1.441)	0	0	2
r8i1231p1f1	1921-08-22	3	1.411	1.574	1.085	2.1200760468377458	1.8927844066300867	(3, 1.411)	1	3	3
r8i1231p1f1	1922-07-31	6	1.451	1.774	2.408	3.10571866983907	3.59430027166854	(6, 1.451)	2	3	3
r8i1231p1f1	1923-07-25	9	1.544	1.914	4.449	3.7539178502931585	4.796806558206703	(9, 1.544)	0	0	2
r8i1231p1f1	1924-06-20	3	1.363	1.524	0.941	2.089683383523351	1.7731845909998287	(3, 1.363)	1	1	3
r8i1231p1f1	1924-08-19	3	1.121	1.183	0.213	1.9205757645020043	0.7451609367199176	(3, 1.121)	1	1	1
r8i1231p1f1	1925-06-12	3	1.166	1.234	0.349	1.9542628429622635	1.034414045815845	(3, 1.166)	1	1	1
r8i1231p1f1	1925-06-29	9	1.497	1.974	4.022	3.7237397127498704	4.6967826284898315	(9, 1.497)	0	0	2
r8i1231p1f1	1929-08-03	6	1.273	1.444	1.34	2.981085666534982	3.0298388515892083	(6, 1.273)	1	1	1
r8i1231p1f1	1930-06-08	6	1.604	2.189	3.328	3.2016844680451966	3.9102496576539196	(6, 1.604)	2	2	0
r8i1231p1f1	1930-06-30	4	1.272	1.46	0.89	2.413768621954661	2.0943301541735866	(4, 1.272)	1	1	1
r8i1231p1f1	1931-06-26	4	1.405	1.605	1.422	2.50470927708418	2.515759113270765	(4, 1.405)	2	3	3
r8i1231p1f1	1932-07-21	18	1.452	1.845	7.24	4.71747743014585	6.3169858518861375	(18, 1.452)	0	0	4
r8i1231p1f1	1933-07-15	4	1.252	1.326	0.81	2.399348761426354	2.012232791986386	(4, 1.252)	1	1	1
r8i1231p1f1	1933-07-21	3	1.084	1.09	0.102	1.8920012906264554	0.42527266814778364	(3, 1.084)	1	1	1
r8i1231p1f1	1936-07-01	5	1.565	1.922	2.578	2.917621095156035	3.3952770989873655	(5, 1.565)	2	2	0
r8i1231p1f1	1936-07-31	9	1.553	1.793	4.532	3.75959417569916	4.8151393347108575	(9, 1.553)	0	0	2
r8i1231p1f1	1937-06-03	5	1.23	1.34	0.902	2.691366333605301	2.4055627639983177	(5, 1.23)	1	1	1
r8i1231p1f1	1937-08-27	6	1.371	1.556	1.927	3.0516163886263787	3.3783039966975923	(6, 1.371)	2	3	3
r8i1231p1f1	1938-07-28	5	1.139	1.293	0.445	2.6199041538439554	1.787626147132156	(5, 1.139)	1	1	1
r8i1231p1f1	1940-06-11	4	1.332	1.455	1.129	2.4558210688929036	2.305779983890565	(4, 1.332)	1	1	1
r8i1231p1f1	1940-08-14	3	1.197	1.27	0.442	1.9768264829675917	1.192921777292329	(3, 1.197)	1	1	1
r8i1231p1f1	1941-08-14	4	1.374	1.562	1.299	2.4842397608002966	2.4329113546696197	(4, 1.374)	1	3	3
r8i1231p1f1	1942-06-15	3	1.107	1.146	0.173	1.9098596000764794	0.6412928704789613	(3, 1.107)	1	1	1
r8i1231p1f1	1942-07-04	7	1.609	2.167	3.916	3.4274853719043197	4.297630039872084	(7, 1.609)	0	2	0
r8i1231p1f1	1945-06-21	3	1.164	1.184	0.343	1.9527894920251458	1.0232708364453367	(3, 1.164)	1	1	1
r8i1231p1f1	1945-07-14	10	1.49	2.038	4.403	3.8736550210377123	4.943320195626504	(10, 1.49)	0	0	2
r8i1231p1f1	1945-07-27	8	1.699	2.278	5.192	3.6748814749321523	4.7747572442618	(8, 1.699)	0	0	4
r8i1231p1f1	1947-07-06	3	1.299	1.413	0.747	2.047667294277063	1.585457847172754	(3, 1.299)	1	1	1
r8i1231p1f1	1947-08-17	6	1.51	1.739	2.762	3.143823650094273	3.7279305379146943	(6, 1.51)	2	3	3
r8i1231p1f1	1948-08-16	3	1.239	1.49	0.569	2.0066064122360014	1.3753877821585179	(3, 1.239)	1	1	1
r8i1231p1f1	1949-06-03	3	1.413	1.719	1.09	2.121322580009314	1.896690813917729	(3, 1.413)	2	3	3
r8i1231p1f1	1951-07-14	4	1.964	2.377	3.658	2.8161270242542646	3.409958887330728	(4, 1.964)	0	2	0
r8i1231p1f1	1952-07-29	4	1.449	1.694	1.597	2.5330616916750475	2.622927947685375	(4, 1.449)	2	3	3
r8i1231p1f1	1953-08-12	4	1.544	1.916	1.979	2.591666186359534	2.8232818365552994	(4, 1.544)	2	2	3
r8i1231p1f1	1955-08-15	3	1.577	1.904	1.583	2.2185872475472697	2.221972395464482	(3, 1.577)	2	2	3
r8i1231p1f1	1958-07-04	8	1.332	1.661	2.257	3.4384841567729536	3.952590506724558	(8, 1.332)	2	3	2
r8i1231p1f1	1958-08-03	4	1.376	1.748	1.307	2.4855730943311607	2.4385136102182896	(4, 1.376)	2	3	3
r8i1231p1f1	1959-07-29	6	1.362	1.593	1.873	3.045342585977696	3.3508638276079656	(6, 1.362)	2	3	3
r8i1231p1f1	1960-06-12	5	1.234	1.339	0.92	2.694393330535566	2.4235552839596153	(5, 1.234)	1	1	1
r8i1231p1f1	1960-08-21	4	1.557	1.649	2.031	2.599425103230592	2.847696194726587	(4, 1.557)	2	3	3
r8i1231p1f1	1960-08-27	3	1.374	1.411	0.972	2.0967304028960037	1.800167382597555	(3, 1.374)	1	1	1
r8i1231p1f1	1961-08-28	3	1.197	1.245	0.442	1.9768264829675917	1.192921777292329	(3, 1.197)	1	1	1
r8i1231p1f1	1962-06-03	5	1.213	1.318	0.815	2.678398384671134	2.3137205636985585	(5, 1.213)	1	1	1
r8i1231p1f1	1962-06-15	3	1.144	1.234	0.284	1.9379353448911276	0.9065261281443051	(3, 1.144)	1	1	1
r8i1231p1f1	1965-07-02	6	1.071	1.159	0.128	2.8178262192924324	1.058209693152199	(6, 1.071)	1	1	1
r8i1231p1f1	1965-07-24	3	1.419	1.606	1.108	2.12505288348338	1.9106288604174835	(3, 1.419)	1	3	3
r8i1231p1f1	1966-07-03	6	1.503	1.817	2.718	3.139377903789639	3.7122609325509703	(6, 1.503)	2	3	3
r8i1231p1f1	1966-08-02	5	1.409	1.548	1.797	2.818583250202954	3.048849765029036	(5, 1.409)	2	3	3
r8i1231p1f1	1967-07-08	3	1.446	1.714	1.189	2.141669160742786	1.9710521701375956	(3, 1.446)	2	3	3
r8i1231p1f1	1969-06-06	8	1.11	1.266	0.484	3.262564727997341	2.4808710030939976	(8, 1.11)	1	1	1
r8i1231p1f1	1969-07-01	5	1.584	2.028	2.672	2.929039881530229	3.4299101361190387	(5, 1.584)	2	2	0
r8i1231p1f1	1969-07-28	4	1.108	1.178	0.233	2.288891765862043	1.0522192490983993	(4, 1.108)	1	1	1
r8i1231p1f1	1970-08-19	3	1.15	1.203	0.3	1.9424148026019987	0.9395562688468609	(3, 1.15)	1	1	1
r8i1231p1f1	1971-08-22	7	1.572	1.931	3.653	3.4049851133726006	4.229086778642348	(7, 1.572)	2	2	0
r8i1231p1f1	1975-08-15	3	1.6	1.743	1.652	2.2315018821618717	2.2600996117206793	(3, 1.6)	2	3	3
r8i1231p1f1	1976-06-08	4	1.241	1.376	0.765	2.3913283028284344	1.9629077254238845	(4, 1.241)	1	1	1
r8i1231p1f1	1976-07-04	3	1.3	1.527	0.751	2.0483375580106298	1.5897066183619926	(3, 1.3)	1	1	1
r8i1231p1f1	1976-07-20	4	1.399	1.631	1.396	2.5007799989442905	2.4988095549569915	(4, 1.399)	2	3	3
r8i1231p1f1	1976-08-12	3	1.264	1.462	0.642	2.0239204625683063	1.4669360867411914	(3, 1.264)	1	1	1
r8i1231p1f1	1976-08-20	4	1.423	1.613	1.492	2.5164053168473712	2.5600141222748056	(4, 1.423)	2	3	3
r8i1231p1f1	1977-07-02	4	1.328	1.48	1.114	2.453071926267982	2.293746144326841	(4, 1.328)	1	1	1
r8i1231p1f1	1977-08-08	4	1.36	1.592	1.242	2.474856313934499	2.3920600994216485	(4, 1.36)	1	3	3
r8i1231p1f1	1977-08-27	3	1.451	1.607	1.205	2.1447161783819926	1.982567644443634	(3, 1.451)	2	3	3
r8i1231p1f1	1978-08-05	4	1.1	1.243	0.2	2.2823823856765264	0.9555114450274365	(4, 1.1)	1	1	1
r8i1231p1f1	1981-06-25	4	1.166	1.255	0.466	2.3348586535443414	1.5535022801037972	(4, 1.166)	1	1	1
r8i1231p1f1	1982-06-12	6	1.178	1.248	0.769	2.9076108353283825	2.5097574346816103	(6, 1.178)	1	1	1
r8i1231p1f1	1983-08-02	7	1.288	1.401	1.669	3.2130224802442386	3.4629292355153725	(7, 1.288)	1	3	1
r8i1231p1f1	1984-06-30	12	1.653	2.02	7.245	4.244400005687956	5.710986445038468	(12, 1.653)	0	0	4
r8i1231p1f1	1984-07-27	3	1.359	1.544	0.929	2.0871084683480854	1.7625410038512317	(3, 1.359)	1	1	3
r8i1231p1f1	1985-08-08	5	1.645	1.924	2.979	2.964843031088409	3.535327043929432	(5, 1.645)	2	2	0
r8i1231p1f1	1985-08-23	6	1.544	1.774	2.966	3.165140518654081	3.7975347240109314	(6, 1.544)	2	3	0
r8i1231p1f1	1987-08-07	8	1.633	1.814	4.67	3.6362845750767954	4.669740307068732	(8, 1.633)	0	0	0
r8i1231p1f1	1988-07-06	4	1.082	1.151	0.129	2.2675794837952306	0.7090205297162355	(4, 1.082)	1	1	1
r8i1231p1f1	1988-07-27	3	1.318	1.451	0.805	2.060326112082957	1.6453652661737146	(3, 1.318)	1	1	1
r8i1231p1f1	1988-08-20	5	1.478	1.881	2.143	2.8636023186694626	3.2172532443525363	(5, 1.478)	2	3	3
r8i1231p1f1	1992-06-11	6	1.252	1.36	1.214	2.9653022897550105	2.936092840871068	(6, 1.252)	1	1	1
r8i1231p1f1	1992-07-12	13	1.556	1.95	6.588	4.303160511221408	5.735907022800278	(13, 1.556)	0	0	4
r8i1231p1f1	1992-07-28	4	1.4	1.707	1.403	2.501435951739211	2.5034012324241646	(4, 1.4)	2	3	3
r8i1231p1f1	1994-06-21	5	1.632	1.976	2.913	2.9573195980630396	3.513583065705946	(5, 1.632)	2	2	0
r8i1231p1f1	1995-08-06	4	1.345	1.488	1.182	2.464703942470481	2.3471759763219207	(4, 1.345)	1	1	3
r8i1231p1f1	1995-08-13	3	1.261	1.44	0.633	2.0218585354382537	1.456091954898091	(3, 1.261)	1	1	1
r8i1231p1f1	1996-06-13	4	1.432	1.696	1.531	2.5222024345316973	2.583846597642904	(4, 1.432)	2	3	3
r8i1231p1f1	1997-07-12	3	1.321	1.654	0.814	2.0623103052151466	1.654347809921891	(3, 1.321)	1	3	3
r8i1231p1f1	1998-07-03	4	1.584	1.925	2.137	2.6153499458132896	2.8956909193737648	(4, 1.584)	2	2	0
r8i1231p1f1	1999-06-10	9	1.213	1.432	1.469	3.51901004650922	3.7053185880657087	(9, 1.213)	1	3	2
r8i1231p1f1	2001-08-03	6	1.138	1.25	0.532	2.874982614778936	2.1768825472710955	(6, 1.138)	1	1	1
r8i1231p1f1	2001-08-18	3	1.456	1.664	1.218	2.1477539399011274	1.991827299029127	(3, 1.456)	2	3	3
r8i1231p1f1	2002-06-07	3	1.164	1.226	0.343	1.9527894920251458	1.0232708364453367	(3, 1.164)	1	1	1
r8i1231p1f1	2003-07-09	3	1.511	1.578	1.384	2.180574092030182	2.1030939735949343	(3, 1.511)	2	3	3
r8i1231p1f1	2004-06-23	8	1.535	1.898	3.884	3.576077012888954	4.4873421350448135	(8, 1.535)	0	2	2
r8i1231p1f1	2006-08-28	4	1.124	1.241	0.298	2.3017847728232765	1.219058441743977	(4, 1.124)	1	1	1
r8i1231p1f1	2008-08-20	5	1.168	1.337	0.594	2.6432369391938733	2.03354443705414	(5, 1.168)	1	1	1
r8i1231p1f1	2010-07-11	13	1.68	2.118	8.199	4.378837051559191	5.954034952817686	(13, 1.68)	0	0	4
r8i1251p1f1	1851-08-05	6	1.328	1.559	1.747	3.021279850825994	3.2837474711579246	(6, 1.328)	1	3	3
r8i1251p1f1	1851-08-26	6	1.326	1.63	1.738	3.019846201352415	3.2787765720538666	(6, 1.326)	2	3	3
r8i1251p1f1	1852-06-27	4	1.352	1.533	1.26	2.4694545452290786	2.4051416813191375	(4, 1.352)	1	3	3
r8i1251p1f1	1854-06-03	4	1.136	1.263	0.398	2.3113465986626185	1.4312677267626217	(4, 1.136)	1	1	1
r8i1251p1f1	1854-06-14	3	1.203	1.287	0.5	1.9811354412044515	1.2803993168919292	(3, 1.203)	1	1	1
r8i1251p1f1	1854-07-25	6	1.176	1.432	0.835	2.9060044626733057	2.585652304185908	(6, 1.176)	1	1	1
r8i1251p1f1	1856-07-30	4	1.21	1.345	0.694	2.3683728335320486	1.8797703465507682	(4, 1.21)	1	1	1
r8i1251p1f1	1857-06-20	4	1.135	1.157	0.393	2.3105532626432224	1.421661504957182	(4, 1.135)	1	1	1
r8i1251p1f1	1857-07-15	7	1.316	1.533	1.954	3.2336722588289915	3.616001897877189	(7, 1.316)	1	3	2
r8i1251p1f1	1857-08-12	4	1.237	1.365	0.8	2.388395749407157	2.0014800002101243	(4, 1.237)	1	1	1
r8i1251p1f1	1858-06-23	5	1.321	1.562	1.422	2.7580605089354964	2.8272215064453143	(5, 1.321)	1	3	3
r8i1251p1f1	1859-06-30	3	1.336	1.5	0.897	2.0721726417133604	1.7335914971028565	(3, 1.336)	1	1	3
r8i1251p1f1	1859-08-27	3	1.144	1.221	0.323	1.9379353448911276	0.9852036336430643	(3, 1.144)	1	1	1
r8i1251p1f1	1860-08-16	4	1.503	1.887	1.865	2.5667938092601843	2.767576180416237	(4, 1.503)	2	3	3
r8i1251p1f1	1861-08-05	6	1.608	1.975	3.43	3.204073896375191	3.9398424104840055	(6, 1.608)	2	2	0
r8i1251p1f1	1864-06-15	7	1.266	1.491	1.604	3.1964931152614366	3.4244742192030913	(7, 1.266)	1	3	2
r8i1251p1f1	1864-07-20	9	1.543	1.945	4.561	3.7532851539311465	4.821466347344856	(9, 1.543)	0	0	2
r8i1251p1f1	1864-08-07	4	1.32	1.503	1.135	2.4475508632442313	2.3105532626432224	(4, 1.32)	1	1	3
r8i1251p1f1	1865-07-09	4	1.639	1.879	2.41	2.6470254992644353	3.0096351787229825	(4, 1.639)	2	2	0
r8i1251p1f1	1866-06-08	3	1.345	1.671	0.926	2.0780436912094906	1.759862311451134	(3, 1.345)	1	3	3
r8i1251p1f1	1867-06-20	3	1.328	1.465	0.874	2.066924835692335	1.712253892645904	(3, 1.328)	1	1	1
r8i1251p1f1	1867-08-17	3	1.581	1.803	1.634	2.2208452855934833	2.2502926742482185	(3, 1.581)	2	3	3
r8i1251p1f1	1868-07-06	4	1.14	1.234	0.415	2.3145136638593193	1.463255402256019	(4, 1.14)	1	1	1
r8i1251p1f1	1869-07-23	5	1.444	1.702	2.038	2.8416722194770903	3.169077525711777	(5, 1.444)	2	3	3
r8i1251p1f1	1869-08-04	4	1.338	1.592	1.208	2.4599306637178233	2.3668735828764076	(4, 1.338)	1	3	3
r8i1251p1f1	1873-06-20	8	1.409	1.836	2.981	3.492926324672222	4.226137591636426	(8, 1.409)	2	3	2
r8i1251p1f1	1873-07-29	9	1.242	1.641	1.847	3.5419443459902387	3.929253700689812	(9, 1.242)	1	3	2
r8i1251p1f1	1873-08-19	8	1.359	1.669	2.582	3.457913503083175	4.084698028478665	(8, 1.359)	2	3	2
r8i1251p1f1	1874-08-01	3	1.179	1.294	0.427	1.9637870727255824	1.1689952864358697	(3, 1.179)	1	1	1
r8i1251p1f1	1875-06-15	3	1.333	1.478	0.89	2.070207940322535	1.727145506348632	(3, 1.333)	1	1	1
r8i1251p1f1	1876-08-06	3	1.423	1.704	1.159	2.127532044180204	1.9490965895169745	(3, 1.423)	2	3	3
r8i1251p1f1	1876-08-26	4	1.236	1.358	0.798	2.387661265349165	1.9993154972005511	(4, 1.236)	1	1	1
r8i1251p1f1	1880-06-09	3	1.23	1.328	0.582	2.000299233099087	1.392316369876498	(3, 1.23)	1	1	1
r8i1251p1f1	1881-06-18	3	1.459	1.643	1.267	2.149572177219438	2.0259781469017057	(3, 1.459)	2	3	3
r8i1251p1f1	1881-08-05	3	1.388	1.611	1.056	2.1056281063918063	1.8698212867532615	(3, 1.388)	1	3	3
r8i1251p1f1	1881-08-11	7	1.219	1.572	1.281	3.160237556281167	3.207792713716798	(7, 1.219)	1	3	1
r8i1251p1f1	1883-08-14	9	1.343	1.901	2.757	3.6179472032459334	4.323324382670008	(9, 1.343)	2	3	2
r8i1251p1f1	1884-06-10	3	1.228	1.333	0.575	1.9988922189911715	1.3832366016989441	(3, 1.228)	1	1	1
r8i1251p1f1	1884-07-04	7	1.25	1.429	1.491	3.184297794990596	3.3538858489535643	(7, 1.25)	1	1	1
r8i1251p1f1	1885-07-11	4	1.104	1.357	0.269	2.285642372263734	1.1480371719956328	(4, 1.104)	1	1	1
r8i1251p1f1	1886-06-07	4	1.243	1.398	0.826	2.392791360880195	2.0292003252430892	(4, 1.243)	1	1	1
r8i1251p1f1	1886-08-10	4	1.428	1.646	1.565	2.519630085846386	2.604170070614818	(4, 1.428)	2	3	3
r8i1251p1f1	1887-07-17	3	1.273	1.427	0.71	2.030080856770745	1.545276540459473	(3, 1.273)	1	1	1
r8i1251p1f1	1890-06-18	8	1.367	1.721	2.646	3.463598590255657	4.108775687106147	(8, 1.367)	2	3	2
r8i1251p1f1	1890-08-07	7	1.24	1.329	1.427	3.1765994974867566	3.31157933193204	(7, 1.24)	1	1	1
r8i1251p1f1	1892-06-28	5	1.125	1.216	0.442	2.6084421728161775	1.7819970094888842	(5, 1.125)	1	1	1
r8i1251p1f1	1892-07-05	4	1.244	1.364	0.83	2.3935220879861476	2.033397603178429	(4, 1.244)	1	1	1
r8i1251p1f1	1892-07-30	8	1.362	1.853	2.602	3.460049200088405	4.092284759429408	(8, 1.362)	2	3	2
r8i1251p1f1	1893-07-08	9	1.602	2.028	5.087	3.789945762848739	4.929779478161999	(9, 1.602)	0	0	4
r8i1251p1f1	1893-07-31	5	1.599	1.976	2.814	2.937963504785348	3.4800540460619547	(5, 1.599)	2	2	0
r8i1251p1f1	1895-06-25	5	1.12	1.332	0.418	2.604316559440932	1.7357854254463077	(5, 1.12)	1	1	1
r8i1251p1f1	1895-08-06	3	1.293	1.429	0.768	2.043636250061301	1.6075651720777713	(3, 1.293)	1	1	1
r8i1251p1f1	1897-06-24	3	1.154	1.224	0.352	1.9453899989154602	1.039939429620377	(3, 1.154)	1	1	1
r8i1251p1f1	1900-06-07	4	1.488	1.781	1.808	2.5575373408229076	2.73851474190603	(4, 1.488)	2	3	3
r8i1251p1f1	1901-06-14	3	1.126	1.224	0.267	1.9243753052704822	0.8701934712653576	(3, 1.126)	1	1	1
r8i1251p1f1	1901-07-04	3	1.14	1.198	0.311	1.9349378532458654	0.9616477346115992	(3, 1.14)	1	1	1
r8i1251p1f1	1901-07-22	5	1.238	1.348	1.01	2.697411192400276	2.5089603010807022	(5, 1.238)	1	1	1
r8i1251p1f1	1901-07-29	4	1.282	1.5	0.981	2.420901319812088	2.180191444779979	(4, 1.282)	1	1	1
r8i1251p1f1	1901-08-22	12	1.569	2.005	6.392	4.193014322761668	5.586163614100572	(12, 1.569)	0	0	4
r8i1251p1f1	1902-07-01	3	1.533	1.706	1.489	2.193406371033908	2.1675750027674896	(3, 1.533)	2	3	3
r8i1251p1f1	1902-07-24	3	1.525	1.763	1.466	2.1887591178572414	2.1538019183334955	(3, 1.525)	2	3	3
r8i1251p1f1	1902-08-25	3	0.996	1.112	-0.121	1.8205684456009843	-0.9908376857633836	(3, 0.996)	1	1	1
r8i1251p1f1	1903-07-24	5	1.328	1.645	1.46	2.76301121464842	2.852052198869197	(5, 1.328)	1	3	3
r8i1251p1f1	1906-07-22	9	1.357	1.817	2.883	3.6280407468828546	4.367433166120873	(9, 1.357)	2	3	2
r8i1251p1f1	1908-07-03	7	1.476	1.77	3.079	3.3441296418024686	4.060854615607762	(7, 1.476)	2	3	2
r8i1251p1f1	1908-08-05	4	1.225	1.319	0.753	2.379546134130174	1.9493328563328156	(4, 1.225)	1	1	1
r8i1251p1f1	1909-06-26	3	1.131	1.235	0.284	1.9281604641562224	0.9065261281443051	(3, 1.131)	1	1	1
r8i1251p1f1	1910-07-08	12	1.379	1.778	4.113	4.066012875651368	5.1473444615892845	(12, 1.379)	0	0	2
r8i1251p1f1	1910-07-29	14	1.601	1.958	7.899	4.441067752434583	6.027736020752132	(14, 1.601)	0	0	4
r8i1251p1f1	1912-06-07	4	1.109	1.182	0.29	2.289702467163032	1.199964782928397	(4, 1.109)	1	1	1
r8i1251p1f1	1913-08-07	4	1.199	1.305	0.65	2.3600989991946526	1.8245492920510458	(4, 1.199)	1	1	1
r8i1251p1f1	1914-06-12	4	1.607	1.87	2.283	2.6287183518200794	2.9582380691264105	(4, 1.607)	2	2	0
r8i1251p1f1	1914-08-05	3	1.146	1.186	0.328	1.9394307280744352	0.994857148389743	(3, 1.146)	1	1	1
r8i1251p1f1	1916-07-13	5	1.226	1.416	0.948	2.688330146137854	2.4509156297436787	(5, 1.226)	1	1	1
r8i1251p1f1	1917-06-21	11	1.68	1.985	7.084	4.131820583223356	5.558543462776202	(11, 1.68)	0	0	4
r8i1251p1f1	1917-07-19	4	1.161	1.286	0.497	2.3309781674952634	1.6046263554368783	(4, 1.161)	1	1	1
r8i1251p1f1	1917-07-25	3	1.2	1.281	0.49	1.9789832829743619	1.2658525498042004	(3, 1.2)	1	1	1
r8i1251p1f1	1917-07-31	3	1.561	1.714	1.574	2.2095037599672738	2.2168903666583364	(3, 1.561)	2	3	3
r8i1251p1f1	1917-08-16	3	1.445	1.596	1.224	2.1410586415106487	1.9960722377456375	(3, 1.445)	2	3	3
r8i1251p1f1	1919-07-15	3	1.318	1.556	0.845	2.060326112082957	1.6846842986832788	(3, 1.318)	1	1	3
r8i1251p1f1	1919-08-08	3	1.222	1.318	0.556	1.9946592593953143	1.3581676752688665	(3, 1.222)	1	1	1
r8i1251p1f1	1920-06-19	5	1.332	1.546	1.475	2.765829223852479	2.8616865391962025	(5, 1.332)	1	3	3
r8i1251p1f1	1920-07-11	3	1.238	1.312	0.604	2.00590757581405	1.4203276194229513	(3, 1.238)	1	1	1
r8i1251p1f1	1921-07-18	5	1.315	1.533	1.393	2.753797451543958	2.807848081750575	(5, 1.315)	1	3	3
r8i1251p1f1	1921-08-09	3	1.201	1.356	0.494	1.9797011838168412	1.2716966740794537	(3, 1.201)	1	1	1
r8i1251p1f1	1921-08-19	3	1.481	1.579	1.335	2.1628058503425183	2.0715181700506955	(3, 1.481)	2	3	3
r8i1251p1f1	1922-06-19	8	1.347	1.852	2.487	3.4493248086909447	4.047853509363739	(8, 1.347)	2	3	2
r8i1251p1f1	1924-07-03	3	1.113	1.17	0.231	1.914466310658481	0.7885988092895502	(3, 1.113)	1	1	1
r8i1251p1f1	1926-07-29	5	1.436	1.882	1.995	2.836441544185978	3.1486584071687824	(5, 1.436)	2	3	3
r8i1251p1f1	1926-08-22	5	1.76	2.181	3.616	3.0290412294427114	3.723959612595241	(5, 1.76)	2	2	0
r8i1251p1f1	1927-06-07	8	1.409	1.65	2.979	3.492926324672222	4.2254762584157595	(8, 1.409)	2	3	2
r8i1251p1f1	1927-06-19	3	1.324	1.393	0.864	2.0642905691200095	1.7028327488148318	(3, 1.324)	1	1	1
r8i1251p1f1	1927-07-02	4	1.625	1.791	2.353	2.639057329615259	2.9868933248867866	(4, 1.625)	2	2	0
r8i1251p1f1	1927-08-15	4	1.597	2.099	2.242	2.622927947685375	2.941064872211683	(4, 1.597)	2	2	0
r8i1251p1f1	1927-08-22	3	1.193	1.424	0.469	1.9739434943828855	1.2345976845847308	(3, 1.193)	1	1	1
r8i1251p1f1	1929-06-02	3	1.185	1.323	0.447	1.9681524618896862	1.2007717262228672	(3, 1.185)	1	1	1
r8i1251p1f1	1930-06-27	3	1.31	1.468	0.82	2.055015601727822	1.6602916576917774	(3, 1.31)	1	1	1
r8i1251p1f1	1932-08-19	6	1.848	2.462	4.872	3.33790048114498	4.285012911878078	(6, 1.848)	0	2	0
r8i1251p1f1	1933-07-20	7	1.447	1.796	2.873	3.3249933949598267	3.992841497336861	(7, 1.447)	2	3	2
r8i1251p1f1	1934-08-24	4	1.253	1.309	0.866	2.4000747142713026	2.0704007970276868	(4, 1.253)	1	1	1
r8i1251p1f1	1935-07-16	3	1.275	1.357	0.715	2.0314446947383757	1.550801721103776	(3, 1.275)	1	1	1
r8i1251p1f1	1937-07-04	3	1.187	1.233	0.451	1.969603367051763	1.2070076174108926	(3, 1.187)	1	1	1
r8i1251p1f1	1937-07-09	4	1.511	1.673	1.899	2.571695779860391	2.784517293105055	(4, 1.511)	2	3	3
r8i1251p1f1	1940-06-15	5	1.503	1.738	2.332	2.8794260073004456	3.29852039610139	(5, 1.503)	2	3	3
r8i1251p1f1	1940-07-21	9	1.435	1.868	3.589	3.682484047025076	4.583977192580751	(9, 1.435)	0	0	2
r8i1251p1f1	1941-07-31	4	1.1	1.334	0.254	2.2823823856765264	1.1092224677801252	(4, 1.1)	1	1	1
r8i1251p1f1	1942-08-19	3	1.748	2.228	2.134	2.3108383841837994	2.4922619721323716	(3, 1.748)	2	2	0
r8i1251p1f1	1943-06-14	8	1.334	1.691	2.379	3.439936385071263	4.004248888916357	(8, 1.334)	2	3	2
r8i1251p1f1	1946-08-18	5	1.827	2.324	3.955	3.0646275857570173	3.8115006393613795	(5, 1.827)	0	2	0
r8i1251p1f1	1947-08-07	7	1.217	1.324	1.267	3.1586652226395953	3.197250407113964	(7, 1.217)	1	1	1
r8i1251p1f1	1948-06-08	4	1.359	1.47	1.289	2.4741826864250247	2.425864109154217	(4, 1.359)	1	3	3
r8i1251p1f1	1948-07-02	5	1.145	1.21	0.541	2.6247764972967196	1.9528238909865179	(5, 1.145)	1	1	1
r8i1251p1f1	1950-08-11	3	1.406	1.495	1.11	2.1169528988419004	1.9121656080879328	(3, 1.406)	1	3	3
r8i1251p1f1	1951-06-08	5	1.557	1.998	2.602	2.912773901387395	3.404234245296053	(5, 1.557)	2	2	0
r8i1251p1f1	1952-06-20	3	1.197	1.407	0.481	1.9768264829675917	1.2525770413039474	(3, 1.197)	1	1	1
r8i1251p1f1	1952-06-28	4	1.386	1.494	1.398	2.4922132249704383	2.5001236155928606	(4, 1.386)	1	3	3
r8i1251p1f1	1953-06-07	4	1.57	1.814	2.133	2.6071242825122494	2.893921007407306	(4, 1.57)	2	3	3
r8i1251p1f1	1953-08-22	7	1.297	1.632	1.825	3.219706525866784	3.549602242954559	(7, 1.297)	2	3	2
r8i1251p1f1	1954-06-14	3	1.348	1.693	0.935	2.0799930727846583	1.7678769581021123	(3, 1.348)	1	3	3
r8i1251p1f1	1954-07-23	4	1.937	2.425	3.601	2.803117927274604	3.3947768138592327	(4, 1.937)	0	2	0
r8i1251p1f1	1954-08-22	3	1.198	1.31	0.483	1.9775459332921197	1.2555424222802944	(3, 1.198)	1	1	1
r8i1251p1f1	1955-08-04	6	1.145	1.35	0.649	2.880769948427343	2.355017478918209	(6, 1.145)	1	1	1
r8i1251p1f1	1955-08-18	4	1.567	1.698	2.121	2.6053528028638673	2.8885923979960872	(4, 1.567)	2	3	3
r8i1251p1f1	1960-06-23	7	1.701	2.15	4.653	3.481331188596677	4.467914907759543	(7, 1.701)	0	2	0
r8i1251p1f1	1960-07-02	10	1.943	2.396	9.066	4.134255020412465	5.661890785546026	(10, 1.943)	0	0	4
r8i1251p1f1	1960-07-15	4	1.54	1.764	2.014	2.589266665112243	2.8397799717801044	(4, 1.54)	2	3	3
r8i1251p1f1	1960-07-21	18	1.619	2.352	10.49	4.825421839024667	6.687227571540509	(18, 1.619)	0	0	4
r8i1251p1f1	1960-08-10	4	1.374	1.667	1.349	2.4842397608002966	2.4674213354469807	(4, 1.374)	2	3	3
r8i1251p1f1	1960-08-23	5	1.625	2.026	2.942	2.9532449513317447	3.5231955197688962	(5, 1.625)	2	2	0
r8i1251p1f1	1961-06-04	5	1.43	1.73	1.967	2.832500504112271	3.13513452336538	(5, 1.43)	2	3	3
r8i1251p1f1	1961-08-12	3	1.189	1.431	0.457	1.9710521701375956	1.21628914303618	(3, 1.189)	1	1	1
r8i1251p1f1	1963-06-20	4	1.167	1.202	0.521	2.335632947040246	1.6424857664803008	(4, 1.167)	1	1	1
r8i1251p1f1	1966-06-16	5	1.497	1.792	2.304	2.875651094840324	3.286889666358089	(5, 1.497)	2	3	3
r8i1251p1f1	1967-08-20	4	1.383	1.543	1.385	2.4902258112656	2.4915511925066687	(4, 1.383)	1	3	3
r8i1251p1f1	1967-08-27	5	1.275	1.426	1.195	2.7249029495298647	2.6644818112970086	(5, 1.275)	1	1	1
r8i1251p1f1	1968-06-28	3	1.392	1.524	1.066	2.108155833588867	1.8777993092709364	(3, 1.392)	1	3	3
r8i1251p1f1	1968-07-05	6	1.442	1.817	2.433	3.0997762594218634	3.6043464016798388	(6, 1.442)	2	3	3
r8i1251p1f1	1968-08-12	8	1.152	1.359	0.926	3.2983073075662066	3.088903264202027	(8, 1.152)	1	1	1
r8i1251p1f1	1969-06-05	4	1.405	1.548	1.475	2.50470927708418	2.5494451709255714	(4, 1.405)	1	3	3
r8i1251p1f1	1971-07-07	8	1.65	1.996	4.91	3.6463695266341944	4.719396838180968	(8, 1.65)	0	0	0
r8i1251p1f1	1971-07-17	7	1.427	1.625	2.731	3.31157933193204	3.9431112745963213	(7, 1.427)	2	3	2
r8i1251p1f1	1973-07-30	4	1.513	1.827	1.905	2.5729175271107136	2.787477334733532	(4, 1.513)	2	3	3
r8i1251p1f1	1973-08-17	4	1.275	1.359	0.953	2.4159137783010487	2.1545490141666415	(4, 1.275)	1	1	1
r8i1251p1f1	1975-06-10	5	1.246	1.408	1.047	2.7034197303220164	2.542059830547561	(5, 1.246)	1	1	1
r8i1251p1f1	1975-06-20	5	1.376	1.563	1.698	2.796314262805641	2.99494281846497	(5, 1.376)	1	3	3
r8i1251p1f1	1975-07-10	9	1.546	1.975	4.584	3.7551820433679994	4.826456012800187	(9, 1.546)	0	0	2
r8i1251p1f1	1975-08-18	3	1.438	1.739	1.204	2.136774538372966	1.9818517992247855	(3, 1.438)	2	3	3
r8i1251p1f1	1976-08-10	4	1.505	1.732	1.875	2.5680215564985067	2.772588722239781	(4, 1.505)	2	3	3
r8i1251p1f1	1977-07-30	6	1.224	1.34	1.128	2.9438626379031727	2.8666564588923342	(6, 1.224)	1	1	1
r8i1251p1f1	1979-08-29	4	1.124	1.186	0.351	2.3017847728232765	1.337104116929119	(4, 1.124)	1	1	1
r8i1251p1f1	1980-07-22	3	1.488	1.586	1.356	2.1669801010892056	2.085172921547925	(3, 1.488)	2	3	3
r8i1251p1f1	1981-06-04	3	1.108	1.17	0.215	1.9106288604174835	0.7500816000092662	(3, 1.108)	1	1	1
r8i1251p1f1	1981-06-21	5	1.126	1.397	0.449	2.6092652569342474	1.7950827093912805	(5, 1.126)	1	1	1
r8i1251p1f1	1981-08-06	5	1.363	1.61	1.63	2.78740364154172	2.9561571064537415	(5, 1.363)	2	3	3
r8i1251p1f1	1982-08-18	16	1.304	1.657	4.282	4.4362306886873935	5.616945627889831	(16, 1.304)	0	0	2
r8i1251p1f1	1984-07-30	8	1.48	1.857	3.546	3.5406281723139355	4.39736860097347	(8, 1.48)	2	2	2
r8i1251p1f1	1986-06-30	3	1.165	1.318	0.386	1.9535264388390532	1.100515421616143	(3, 1.165)	1	1	1
r8i1251p1f1	1987-06-15	3	1.123	1.207	0.261	1.922097313628501	0.8570483617962074	(3, 1.123)	1	1	1
r8i1251p1f1	1987-07-04	5	1.715	2.072	3.39	3.0044086698842083	3.6610290114243873	(5, 1.715)	2	2	0
r8i1251p1f1	1987-08-21	3	1.216	1.242	0.538	1.9904083056570567	1.333824059440456	(3, 1.216)	1	1	1
r8i1251p1f1	1989-08-25	4	1.716	2.076	2.716	2.6897504439307767	3.1235976445518867	(4, 1.716)	2	2	0
r8i1251p1f1	1990-06-16	3	1.306	1.363	0.808	2.052349733401824	1.6483684214720404	(3, 1.306)	1	1	1
r8i1251p1f1	1990-07-16	4	1.298	1.422	1.048	2.432208860787551	2.2390061113511743	(4, 1.298)	1	1	1
r8i1251p1f1	1990-07-30	6	1.743	2.083	4.242	3.281541232699843	4.148586709244356	(6, 1.743)	0	2	0
r8i1251p1f1	1991-06-15	4	1.12	1.194	0.334	2.298577071596507	1.300736472758244	(4, 1.12)	1	1	1
r8i1251p1f1	1992-06-05	4	1.225	1.397	0.754	2.379546134130174	1.950471160382876	(4, 1.225)	1	1	1
r8i1251p1f1	1993-07-10	3	1.427	1.606	1.17	2.130005073835971	1.9572030484955636	(3, 1.427)	1	3	3
r8i1251p1f1	1994-07-03	6	1.54	1.822	3.022	3.1626561091831285	3.815823686812217	(6, 1.54)	2	2	0
r8i1251p1f1	1999-06-08	3	1.083	1.114	0.138	1.891217560871479	0.5406187874748858	(3, 1.083)	1	1	1
r8i1251p1f1	1999-07-26	6	1.384	1.759	2.083	3.0606096196622503	3.453591292317319	(6, 1.384)	2	3	3
r8i1251p1f1	2001-06-15	3	1.175	1.236	0.416	1.9608661901948141	1.151078041275708	(3, 1.175)	1	1	1
r8i1251p1f1	2001-06-28	12	1.547	2.076	6.132	4.179108145673394	5.544796329865772	(12, 1.547)	0	0	4
r8i1251p1f1	2001-07-25	14	1.749	2.173	9.978	4.528485912491771	6.2608800539416025	(14, 1.749)	0	0	4
r8i1251p1f1	2002-08-27	4	1.246	1.366	0.839	2.394981942260013	2.0427775573082445	(4, 1.246)	1	1	1
r8i1251p1f1	2005-08-07	4	1.418	1.697	1.527	2.5131701150608596	2.581428216778622	(4, 1.418)	2	3	3
r8i1251p1f1	2006-07-16	3	1.285	1.562	0.746	2.03823612251305	1.5843928277372588	(3, 1.285)	1	1	1
r8i1251p1f1	2006-07-23	3	1.147	1.19	0.332	1.9401775819371392	1.0025134195209144	(3, 1.147)	1	1	1
r8i1251p1f1	2007-06-06	5	1.125	1.345	0.445	2.6084421728161775	1.787626147132156	(5, 1.125)	1	1	1
r8i1251p1f1	2009-06-22	3	1.23	1.354	0.58	2.000299233099087	1.3897305519407763	(3, 1.23)	1	1	1
r8i1251p1f1	2010-07-03	5	1.701	2.037	3.323	2.9966197870291538	3.641585243409625	(5, 1.701)	2	2	0
r8i1251p1f1	2010-07-25	3	1.544	1.679	1.524	2.199761283913689	2.1881766897282877	(3, 1.544)	2	3	3
r8i1251p1f1	2010-08-10	4	1.311	1.525	1.097	2.4413030123058683	2.2799304024292395	(4, 1.311)	1	1	3
r8i1251p1f1	2010-08-22	5	1.241	1.369	1.022	2.6996686269991383	2.5198157869724658	(5, 1.241)	1	1	1
r8i1281p1f1	1851-06-07	3	1.133	1.186	0.239	1.9296705251208113	0.8073149909471471	(3, 1.133)	1	1	1
r8i1281p1f1	1852-06-07	8	1.356	1.888	2.425	3.455773235112308	4.023054164514706	(8, 1.356)	2	3	2
r8i1281p1f1	1853-08-06	4	1.376	1.578	1.294	2.4855730943311607	2.4293939398577415	(4, 1.376)	1	3	3
r8i1281p1f1	1853-08-14	4	1.155	1.197	0.407	2.3263016196113617	1.4483297520393432	(4, 1.155)	1	1	1
r8i1281p1f1	1856-08-16	3	1.459	1.599	1.219	2.149572177219438	1.9925360413504454	(3, 1.459)	2	3	3
r8i1281p1f1	1856-08-22	3	1.351	1.527	0.895	2.0819386616635143	1.7317540214284177	(3, 1.351)	1	1	3
r8i1281p1f1	1858-06-06	7	1.368	1.669	2.207	3.2709259858406345	3.7346701721684568	(7, 1.368)	2	3	2
r8i1281p1f1	1858-06-29	6	1.453	1.663	2.401	3.107034423681403	3.5914691745928087	(6, 1.453)	2	3	3
r8i1281p1f1	1858-07-15	5	1.309	1.698	1.279	2.7495161426591728	2.727830260569304	(5, 1.309)	1	3	3
r8i1281p1f1	1858-08-03	12	1.668	1.988	7.377	4.25330448662305	5.728982702708219	(12, 1.668)	0	0	4
r8i1281p1f1	1859-06-14	5	1.685	2.098	3.162	2.9876432812120073	3.593255680061546	(5, 1.685)	2	2	0
r8i1281p1f1	1861-07-04	25	1.52	2.401	11.67	5.25227342804663	7.286020467163647	(25, 1.52)	0	0	4
r8i1281p1f1	1863-08-23	3	1.184	1.331	0.392	1.96742621912213	1.1108345416025405	(3, 1.184)	1	1	1
r8i1281p1f1	1864-06-09	3	1.234	1.299	0.543	2.0031073361399168	1.340645832792137	(3, 1.234)	1	1	1
r8i1281p1f1	1864-08-09	4	1.232	1.291	0.717	2.384717922532568	1.9074662769400255	(4, 1.232)	1	1	1
r8i1281p1f1	1866-06-04	5	1.321	1.435	1.342	2.7580605089354964	2.7728396988065023	(5, 1.321)	1	1	1
r8i1281p1f1	1866-07-12	5	1.379	1.926	1.633	2.798359333145824	2.9579003374900905	(5, 1.379)	2	3	3
r8i1281p1f1	1867-06-23	3	1.2	1.446	0.443	1.9789832829743619	1.1944967045549193	(3, 1.2)	1	1	1
r8i1281p1f1	1868-07-22	6	1.383	1.6	1.982	3.059920696802642	3.405499183005235	(6, 1.383)	2	3	3
r8i1281p1f1	1869-06-13	3	1.203	1.443	0.452	1.9811354412044515	1.2085605331056195	(3, 1.203)	1	1	1
r8i1281p1f1	1869-06-24	3	1.299	1.473	0.738	2.047667294277063	1.575831590544333	(3, 1.299)	1	1	1
r8i1281p1f1	1869-06-30	6	1.393	1.769	2.043	3.066788660469601	3.4348205754265897	(6, 1.393)	2	3	3
r8i1281p1f1	1870-08-25	3	1.167	1.192	0.342	1.9549987051934683	1.0214015026319605	(3, 1.167)	1	1	1
r8i1281p1f1	1871-06-26	6	1.153	1.413	0.6	2.887343290078549	2.2842340451963774	(6, 1.153)	1	1	1
r8i1281p1f1	1871-08-03	7	1.351	1.605	2.09	3.2588989140600932	3.681536099585181	(7, 1.351)	2	3	2
r8i1281p1f1	1872-08-01	4	1.378	1.62	1.302	2.486904652450673	2.4350158801745354	(4, 1.378)	1	3	3
r8i1281p1f1	1872-08-29	4	1.176	1.247	0.493	2.3425747412102043	1.5981747201553897	(4, 1.176)	1	1	1
r8i1281p1f1	1873-06-18	3	1.172	1.235	0.356	1.958669915800558	1.0472594354836573	(3, 1.172)	1	1	1
r8i1281p1f1	1874-06-22	3	1.535	1.69	1.445	2.1945648176264645	2.1410586415106487	(3, 1.535)	2	3	3
r8i1281p1f1	1874-08-23	4	1.343	1.459	1.161	2.46334247187216	2.3309781674952634	(4, 1.343)	1	1	3
r8i1281p1f1	1877-06-14	4	1.228	1.34	0.7	2.381765890868487	1.8870696490323797	(4, 1.228)	1	1	1
r8i1281p1f1	1878-07-09	9	1.562	2.39	4.582	3.7652384622126855	4.82602311583092	(9, 1.562)	0	0	4
r8i1281p1f1	1878-07-31	9	1.547	1.65	4.445	3.755813541091036	4.795914504855624	(9, 1.547)	0	0	2
r8i1281p1f1	1878-08-28	4	1.725	2.011	2.69	2.6946271807700692	3.1144038032714896	(4, 1.725)	2	2	0
r8i1281p1f1	1879-07-28	3	1.302	1.536	0.748	2.049676739221073	1.5865217335484747	(3, 1.302)	1	1	1
r8i1281p1f1	1879-08-10	3	1.583	1.876	1.59	2.221972395464482	2.2259073057649243	(3, 1.583)	2	3	3
r8i1281p1f1	1880-06-10	3	1.317	1.544	0.791	2.0596638385128885	1.6312300429558206	(3, 1.317)	1	1	3
r8i1281p1f1	1881-06-15	3	1.295	1.349	0.727	2.044981737754121	1.5639389167977003	(3, 1.295)	1	1	1
r8i1281p1f1	1882-06-11	5	1.344	1.42	1.458	2.7742359154218232	2.8507605784215198	(5, 1.344)	1	3	3
r8i1281p1f1	1882-07-31	4	1.327	1.577	1.096	2.45238345808244	2.2791117368084035	(4, 1.327)	1	3	3
r8i1281p1f1	1883-06-23	5	1.414	1.606	1.806	2.8219144930013615	3.0536093047543806	(5, 1.414)	2	3	3
r8i1281p1f1	1884-07-01	3	1.069	1.117	0.048	1.8801803570932276	0.22267569491840702	(3, 1.069)	1	1	1
r8i1281p1f1	1885-08-14	4	1.478	1.729	1.702	2.551318415307252	2.6821168190757056	(4, 1.478)	2	3	3
r8i1281p1f1	1885-08-21	6	1.59	1.902	3.224	3.1932762190760338	3.879147056974004	(6, 1.59)	2	2	0
r8i1281p1f1	1886-07-03	3	1.362	1.517	0.929	2.089040276042879	1.7625410038512317	(3, 1.362)	1	1	3
r8i1281p1f1	1886-07-17	3	1.421	1.596	1.104	2.126293232111315	1.907548262098765	(3, 1.421)	1	3	3
r8i1281p1f1	1887-07-31	4	1.454	1.688	1.604	2.536233276953341	2.6269847483809894	(4, 1.454)	2	3	3
r8i1281p1f1	1890-06-07	5	1.152	1.244	0.494	2.630431055091278	1.8753478687962037	(5, 1.152)	1	1	1
r8i1281p1f1	1890-06-14	8	1.555	1.818	4.017	3.5886621735356794	4.520639374368994	(8, 1.555)	0	2	2
r8i1281p1f1	1890-08-06	3	1.192	1.228	0.419	1.9732214466709417	1.1559964864047214	(3, 1.192)	1	1	1
r8i1281p1f1	1890-08-13	3	1.324	1.607	0.813	2.0642905691200095	1.6533537247355978	(3, 1.324)	1	1	3
r8i1281p1f1	1891-08-16	5	1.215	1.323	0.813	2.6799327830479016	2.3115068087205146	(5, 1.215)	1	1	1
r8i1281p1f1	1891-08-25	4	1.574	2.003	2.085	2.609481384369631	2.8724340572094973	(4, 1.574)	2	2	0
r8i1281p1f1	1897-06-18	3	1.257	1.537	0.612	2.019102669039607	1.4303220796589575	(3, 1.257)	1	1	1
r8i1281p1f1	1897-06-25	4	1.722	2.037	2.675	2.6930042428969387	3.109060958860994	(4, 1.722)	2	2	0
r8i1281p1f1	1898-06-01	8	1.524	1.864	3.767	3.569087062128047	4.457104883998898	(8, 1.524)	2	2	2
r8i1281p1f1	1898-07-03	7	1.463	1.87	2.873	3.335596578337707	3.992841497336861	(7, 1.463)	2	3	2
r8i1281p1f1	1898-08-05	3	1.537	1.844	1.454	2.195721923773198	2.146539942428245	(3, 1.537)	2	3	3
r8i1281p1f1	1899-08-19	8	1.483	1.701	3.443	3.542594491002223	4.368259763728631	(8, 1.483)	2	3	2
r8i1281p1f1	1900-07-06	4	1.379	1.538	1.304	2.487569767207484	2.4364164406275663	(4, 1.379)	1	3	3
r8i1281p1f1	1901-07-26	8	1.321	1.567	2.146	3.4304589829256678	3.903152516264405	(8, 1.321)	2	3	2
r8i1281p1f1	1903-07-24	6	1.324	1.6	1.625	3.018410493576786	3.2141657495437257	(6, 1.324)	1	3	3
r8i1281p1f1	1903-08-19	4	1.517	1.816	1.858	2.5753565527100726	2.764052391217495	(4, 1.517)	2	3	3
r8i1281p1f1	1904-08-23	7	1.378	1.593	2.275	3.277933747922129	3.7643020353138876	(7, 1.378)	2	3	2
r8i1281p1f1	1906-06-14	3	1.367	1.546	0.941	2.0922516855351465	1.7731845909998287	(3, 1.367)	1	3	3
r8i1281p1f1	1906-07-03	5	1.434	1.7	1.908	2.8351295891601755	3.106024590602897	(5, 1.434)	2	3	3
r8i1281p1f1	1907-07-27	5	1.221	1.397	0.843	2.68452190228223	2.344209312061639	(5, 1.221)	1	1	1
r8i1281p1f1	1909-06-14	10	1.272	1.454	2.193	3.719024779398319	4.253465002129993	(10, 1.272)	1	3	2
r8i1281p1f1	1909-08-03	5	1.625	2.166	2.859	2.9532449513317447	3.49543400778842	(5, 1.625)	2	2	0
r8i1281p1f1	1911-07-06	6	1.807	2.222	4.526	3.3162699332843664	4.212399315848998	(6, 1.807)	0	2	0
r8i1281p1f1	1911-07-18	4	1.825	2.278	3.09	2.747270914255491	3.2472688993694185	(4, 1.825)	2	2	0
r8i1281p1f1	1911-08-07	3	1.281	1.536	0.684	2.0355250837068217	1.5160429140673506	(3, 1.281)	1	1	1
r8i1281p1f1	1911-08-24	4	1.231	1.439	0.713	2.3839807311980397	1.9027043631797818	(4, 1.231)	1	1	1
r8i1281p1f1	1914-07-27	8	1.339	1.494	2.287	3.4435577557984622	3.9655429697579323	(8, 1.339)	2	3	2
r8i1281p1f1	1914-08-11	5	1.473	1.76	2.1	2.8604073108315786	3.1978039139331647	(5, 1.473)	2	3	3
r8i1281p1f1	1916-07-19	6	1.374	1.488	1.928	3.053698939757692	3.3788051138531046	(6, 1.374)	1	3	3
r8i1281p1f1	1916-08-25	3	1.576	1.735	1.568	2.2180219404578065	2.2134879421592317	(3, 1.576)	2	3	3
r8i1281p1f1	1917-06-01	4	1.387	1.513	1.338	2.4928748194371773	2.4599306637178233	(4, 1.387)	1	3	3
r8i1281p1f1	1917-08-28	5	1.606	1.925	2.765	2.942100766588513	3.463033497995121	(5, 1.606)	2	2	0
r8i1281p1f1	1919-06-14	6	1.263	1.35	1.26	2.973600833488488	2.9713444153626223	(6, 1.263)	1	1	1
r8i1281p1f1	1920-06-23	3	1.304	1.377	0.753	2.051014129423419	1.591824253554307	(3, 1.304)	1	1	1
r8i1281p1f1	1920-07-05	7	1.471	1.796	2.929	3.3408563055814655	4.011793027711387	(7, 1.471)	2	3	2
r8i1281p1f1	1920-07-24	14	1.348	1.819	4.129	4.271270452486299	5.381234003143531	(14, 1.348)	0	0	2
r8i1281p1f1	1921-06-16	3	1.413	1.583	1.079	2.121322580009314	1.888076485048371	(3, 1.413)	1	3	3
r8i1281p1f1	1923-08-15	8	1.39	1.515	2.696	3.4797654526602826	4.127191096768013	(8, 1.39)	2	3	2
r8i1281p1f1	1924-07-13	5	1.591	1.935	2.69	2.9332141506239635	3.4364073155033545	(5, 1.591)	2	2	0
r8i1281p1f1	1926-08-04	3	1.247	1.339	0.581	2.0121795915224925	1.3910242967152038	(3, 1.247)	1	1	1
r8i1281p1f1	1926-08-09	4	1.742	2.095	2.755	2.7037744062394213	3.1372318358276905	(4, 1.742)	2	2	0
r8i1281p1f1	1926-08-20	5	1.477	1.685	2.119	2.8629641332260825	3.2064444838059543	(5, 1.477)	2	3	3
r8i1281p1f1	1927-06-02	7	1.154	1.358	0.708	3.1078271216923996	2.647049839787088	(7, 1.154)	1	1	1
r8i1281p1f1	1928-06-26	3	1.607	1.854	1.664	2.235399545522284	2.2665845432089196	(3, 1.607)	2	2	3
r8i1281p1f1	1931-07-07	4	1.353	1.525	1.203	2.470131364205846	2.3631155927340783	(4, 1.353)	1	3	3
r8i1281p1f1	1931-07-14	4	1.727	2.154	2.696	2.695707677903824	3.1165329736996954	(4, 1.727)	2	2	0
r8i1281p1f1	1932-05-31	7	1.468	1.662	2.909	3.3388871484016636	4.005065779285858	(7, 1.468)	2	3	2
r8i1281p1f1	1934-06-18	4	1.279	1.441	0.906	2.418766847283455	2.1099707467146587	(4, 1.279)	1	1	1
r8i1281p1f1	1935-07-14	3	1.317	1.462	0.794	2.0596638385128885	1.6342758849234178	(3, 1.317)	1	1	1
r8i1281p1f1	1935-08-11	7	1.404	1.749	2.459	3.2959273761727084	3.840340462530609	(7, 1.404)	2	3	2
r8i1281p1f1	1936-06-09	6	1.273	1.433	1.319	2.981085666534982	3.0148121801615604	(6, 1.273)	1	1	1
r8i1281p1f1	1936-08-08	13	1.61	2.088	7.25	4.336822503062389	5.831363890384504	(13, 1.61)	0	0	4
r8i1281p1f1	1937-07-02	3	1.247	1.381	0.581	2.0121795915224925	1.3910242967152038	(3, 1.247)	1	1	1
r8i1281p1f1	1937-08-10	3	1.232	1.282	0.536	2.001704270299514	1.331082266299207	(3, 1.232)	1	1	1
r8i1281p1f1	1940-06-03	3	1.165	1.321	0.337	1.9535264388390532	1.012002055374001	(3, 1.165)	1	1	1
r8i1281p1f1	1940-07-14	5	1.556	1.728	2.516	2.912166346811434	3.371759479167135	(5, 1.556)	2	3	3
r8i1281p1f1	1940-07-23	3	1.516	1.587	1.389	2.1835050122308313	2.106260637450084	(3, 1.516)	2	3	3
r8i1281p1f1	1941-06-30	5	1.484	1.617	2.155	2.8674229020154542	3.222614127003969	(5, 1.484)	2	3	3
r8i1281p1f1	1942-06-02	4	1.338	1.483	1.141	2.4599306637178233	2.3153038654018205	(4, 1.338)	1	1	3
r8i1281p1f1	1942-07-14	4	1.291	1.517	0.952	2.427277536951364	2.1536209398540875	(4, 1.291)	1	1	1
r8i1281p1f1	1942-07-25	4	1.34	1.62	1.149	2.4612967841488667	2.3216030988298075	(4, 1.34)	1	3	3
r8i1281p1f1	1942-08-01	14	1.355	1.844	4.233	4.276377752818932	5.4059966420506775	(14, 1.355)	0	0	2
r8i1281p1f1	1945-06-03	4	1.485	1.654	1.727	2.5556757206762075	2.695707677903824	(4, 1.485)	2	3	3
r8i1281p1f1	1946-07-01	3	1.187	1.3	0.403	1.969603367051763	1.129480726926565	(3, 1.187)	1	1	1
r8i1281p1f1	1946-07-31	8	1.604	1.839	4.412	3.6188425609887673	4.6134573900086595	(8, 1.604)	0	2	0
r8i1281p1f1	1947-07-05	6	1.521	2.116	2.811	3.150770133690646	3.745096589020776	(6, 1.521)	2	2	0
r8i1281p1f1	1947-07-13	5	1.612	2.13	2.794	2.9456334181005945	3.4731418374673417	(5, 1.612)	2	2	0
r8i1281p1f1	1948-07-01	4	1.378	1.597	1.302	2.486904652450673	2.4350158801745354	(4, 1.378)	1	3	3
r8i1281p1f1	1948-07-30	3	1.133	1.194	0.241	1.9296705251208113	0.811939810347864	(3, 1.133)	1	1	1
r8i1281p1f1	1949-08-13	13	1.417	1.957	4.74	4.2109099686513565	5.407952048104528	(13, 1.417)	0	0	2
r8i1281p1f1	1950-06-03	6	1.197	1.355	0.866	2.9227440383276013	2.6194046680430447	(6, 1.197)	1	1	1
r8i1281p1f1	1951-06-26	11	1.719	2.278	7.329	4.154405231491584	5.592414967815909	(11, 1.719)	0	0	4
r8i1281p1f1	1951-07-28	3	1.509	1.61	1.368	2.1793993144304853	2.0928927317076034	(3, 1.509)	2	3	3
r8i1281p1f1	1951-08-23	4	1.706	2.095	2.612	2.6843038073722094	3.086303971738378	(4, 1.706)	2	2	0
r8i1281p1f1	1952-06-13	3	1.114	1.128	0.183	1.9152320367430575	0.6682886995587678	(3, 1.114)	1	1	1
r8i1281p1f1	1953-06-06	3	1.19	1.284	0.41	1.9717757853036324	1.1411679773309156	(3, 1.19)	1	1	1
r8i1281p1f1	1954-08-04	6	1.385	1.527	1.991	3.0612980682338815	3.4098797296673067	(6, 1.385)	2	3	3
r8i1281p1f1	1955-07-20	4	1.438	1.649	1.542	2.5260485931191754	2.590467145448493	(4, 1.438)	2	3	3
r8i1281p1f1	1956-08-15	4	1.425	1.692	1.49	2.517696472610991	2.558776498354456	(4, 1.425)	2	3	3
r8i1281p1f1	1959-07-17	7	1.28	1.429	1.592	3.207043366508148	3.4172102424282365	(7, 1.28)	1	3	1
r8i1281p1f1	1959-08-05	5	1.274	1.752	1.104	2.724169780877845	2.5909990402450296	(5, 1.274)	1	3	3
r8i1281p1f1	1959-08-13	3	1.42	1.44	1.102	2.125673250105425	1.9060043968328555	(3, 1.42)	1	3	3
r8i1281p1f1	1961-06-20	5	1.534	1.887	2.405	2.898705898236531	3.328222213828119	(5, 1.534)	2	2	0
r8i1281p1f1	1961-07-10	4	1.832	2.153	3.116	2.750854230093775	3.2553234658392465	(4, 1.832)	2	2	0
r8i1281p1f1	1962-06-20	3	1.209	1.287	0.468	1.9854259119535547	1.2330847107516143	(3, 1.209)	1	1	1
r8i1281p1f1	1962-07-08	4	1.16	1.25	0.427	2.330200260027019	1.4852343089747941	(4, 1.16)	1	1	1
r8i1281p1f1	1963-06-06	7	1.266	1.479	1.492	3.1964931152614366	3.3545328908939136	(7, 1.266)	1	3	1
r8i1281p1f1	1963-06-29	6	1.5	1.867	2.681	3.137466516840404	3.6988914662927477	(6, 1.5)	2	3	0
r8i1281p1f1	1963-08-11	3	1.215	1.405	0.487	1.9896980531777022	1.2614469334490395	(3, 1.215)	1	1	1
r8i1281p1f1	1967-08-15	3	1.257	1.413	0.613	2.019102669039607	1.4315643928674042	(3, 1.257)	1	1	1
r8i1281p1f1	1969-08-06	3	1.487	1.701	1.302	2.1663848452922383	2.049676739221073	(3, 1.487)	2	3	3
r8i1281p1f1	1970-06-02	6	1.382	1.767	1.973	3.0592312990011097	3.401099362694029	(6, 1.382)	2	3	3
r8i1281p1f1	1970-08-18	8	1.333	1.757	2.24	3.439210534542964	3.9451756155091404	(8, 1.333)	2	3	2
r8i1281p1f1	1971-07-09	8	1.679	2.112	5.011	3.663341958912762	4.739578576484757	(8, 1.679)	0	0	0
r8i1281p1f1	1971-07-25	7	1.242	1.576	1.325	3.1781439053908818	3.240220141978083	(7, 1.242)	1	3	2
r8i1281p1f1	1971-08-05	6	1.31	1.741	1.545	3.0083024062758112	3.165760657798024	(6, 1.31)	2	3	3
r8i1281p1f1	1971-08-20	5	1.687	2.029	3.172	2.988769760928856	3.5963265180037327	(5, 1.687)	2	2	0
r8i1281p1f1	1974-07-05	3	1.235	1.371	0.547	2.0038081315273124	1.3460699419795767	(3, 1.235)	1	1	1
r8i1281p1f1	1975-08-20	3	1.255	1.414	0.608	2.0177218825479337	1.425337335643413	(3, 1.255)	1	1	1
r8i1281p1f1	1978-07-07	7	1.163	1.31	0.772	3.115249867255592	2.7276985736908324	(7, 1.163)	1	1	1
r8i1281p1f1	1980-06-06	3	1.257	1.352	0.612	2.019102669039607	1.4303220796589575	(3, 1.257)	1	1	1
r8i1281p1f1	1980-06-11	5	1.481	1.869	2.143	2.8655144349484867	3.2172532443525363	(5, 1.481)	2	3	3
r8i1281p1f1	1980-08-11	3	1.123	1.15	0.21	1.922097313628501	0.7377342425188093	(3, 1.123)	1	1	1
r8i1281p1f1	1981-07-04	7	1.537	1.898	3.392	3.383224782937054	4.156077888883098	(7, 1.537)	2	2	0
r8i1281p1f1	1981-07-16	4	1.545	1.796	1.97	2.5922651681085	2.818995095053937	(4, 1.545)	2	3	3
r8i1281p1f1	1981-08-01	3	1.393	1.761	1.021	2.1087867683038795	1.841386049152454	(3, 1.393)	2	3	3
r8i1281p1f1	1981-08-08	6	1.333	1.528	1.684	3.024855008051226	3.248420815794223	(6, 1.333)	1	3	3
r8i1281p1f1	1981-08-19	8	1.22	1.45	1.338	3.353597214978073	3.442834530039275	(8, 1.22)	1	1	2
r8i1281p1f1	1983-06-18	4	1.196	1.289	0.573	2.357830567220024	1.7199053654600713	(4, 1.196)	1	1	1
r8i1281p1f1	1986-05-31	8	1.446	1.699	3.143	3.51806874198926	4.278303272934307	(8, 1.446)	2	3	2
r8i1281p1f1	1986-06-16	4	1.293	1.533	0.962	2.428688969789772	2.162863149818908	(4, 1.293)	1	1	1
r8i1281p1f1	1986-07-17	6	1.579	1.674	3.157	3.1866197802495573	3.858584985556015	(6, 1.579)	2	3	0
r8i1281p1f1	1987-07-02	6	1.307	1.493	1.528	3.0061230303215485	3.1551656309445772	(6, 1.307)	1	3	3
r8i1281p1f1	1987-08-08	7	1.56	2.254	3.552	3.397577648887743	4.201462940907643	(7, 1.56)	0	2	0
r8i1281p1f1	1988-06-26	6	1.236	1.479	1.097	2.953107401309256	2.840395811039178	(6, 1.236)	1	1	1
r8i1281p1f1	1988-08-05	6	1.398	1.667	2.068	3.0702050345643412	3.446593498228012	(6, 1.398)	2	3	3
r8i1281p1f1	1990-08-08	3	1.591	1.872	1.613	2.2264681739754115	2.238728350893738	(3, 1.591)	2	2	3
r8i1281p1f1	1990-08-28	3	1.332	1.502	0.837	2.069552181132402	1.676943199205704	(3, 1.332)	1	1	1
r8i1281p1f1	1991-07-10	5	1.397	1.581	1.721	2.8105426972913774	3.007728280207955	(5, 1.397)	2	3	3
r8i1281p1f1	1991-07-31	3	1.233	1.324	0.541	2.0024060492939144	1.3379227052932496	(3, 1.233)	1	1	1
r8i1281p1f1	1992-06-12	3	1.397	1.476	1.034	2.1113065338966903	1.8520423236413943	(3, 1.397)	1	1	3
r8i1281p1f1	1994-06-13	3	1.244	1.531	0.574	2.0100932874778716	1.3819327357041902	(3, 1.244)	1	1	1
r8i1281p1f1	1996-06-18	4	1.457	1.593	1.616	2.538131411025298	2.633901202465888	(4, 1.457)	2	3	3
r8i1281p1f1	1996-08-14	3	1.236	1.358	0.551	2.0045084361444423	1.3514647888571463	(3, 1.236)	1	1	1
r8i1281p1f1	1997-06-21	5	1.57	1.931	2.584	2.9206387032703733	3.3975239183934454	(5, 1.57)	2	2	0
r8i1281p1f1	1997-08-04	6	1.537	1.798	2.906	3.1607887431097397	3.7775609662902934	(6, 1.537)	2	3	0
r8i1281p1f1	1997-08-24	3	1.181	1.334	0.385	1.9652443208753656	1.098785167970973	(3, 1.181)	1	1	1
r8i1281p1f1	1999-06-17	6	1.355	1.665	1.814	3.040435603162226	3.3199962329378048	(6, 1.355)	2	3	3
r8i1281p1f1	2001-08-29	3	1.441	1.634	1.164	2.1386128304038983	1.9527894920251458	(3, 1.441)	2	3	3
r8i1281p1f1	2002-06-15	3	1.372	1.485	0.957	2.0954528148814386	1.7872020781678604	(3, 1.372)	1	1	3
r8i1281p1f1	2003-07-31	6	1.231	1.557	1.069	2.9492657976389745	2.8160688135013694	(6, 1.231)	1	1	1
r8i1281p1f1	2004-07-29	3	1.543	1.931	1.469	2.1991852304697743	2.1556092020796336	(3, 1.543)	2	3	3
r8i1281p1f1	2004-08-05	3	1.483	1.72	1.289	2.1640002724695444	2.0409398314549385	(3, 1.483)	2	3	3
r8i1281p1f1	2006-08-01	3	1.252	1.424	0.598	2.0156471213943736	1.4127656710796765	(3, 1.252)	1	1	1
r8i1281p1f1	2007-08-05	5	1.535	1.898	2.411	2.8993216835224516	3.3306246724871373	(5, 1.535)	2	2	0
r8i1281p1f1	2009-07-20	3	1.495	1.743	1.327	2.1711369998729504	2.0662669193286147	(3, 1.495)	2	3	3
r8i1281p1f1	2009-08-12	3	1.367	1.55	0.944	2.0922516855351465	1.7758278805804821	(3, 1.367)	1	3	3
r8i1281p1f1	2009-08-17	3	1.344	1.58	0.873	2.077393051971457	1.7113157623497717	(3, 1.344)	1	1	3
r8i1281p1f1	2010-06-04	5	1.431	1.656	1.891	2.833158423666413	3.0974772838688915	(5, 1.431)	2	3	3
r8i1301p1f1	1851-06-03	4	1.217	1.315	0.656	2.373602580229326	1.8322614125373848	(4, 1.217)	1	1	1
r8i1301p1f1	1851-08-25	3	1.409	1.773	1.068	2.118827957881691	1.879387304251124	(3, 1.409)	2	3	3
r8i1301p1f1	1852-08-11	12	1.401	1.922	4.176	4.0815712691784904	5.162457895409279	(12, 1.401)	0	0	2
r8i1301p1f1	1853-06-25	5	1.493	1.783	2.2	2.8731265465709366	3.242465302497077	(5, 1.493)	2	3	3
r8i1301p1f1	1853-08-29	3	1.386	1.523	0.998	2.1043618427217843	1.8222498952796893	(3, 1.386)	1	3	3
r8i1301p1f1	1854-06-21	4	1.359	1.451	1.224	2.4741826864250247	2.3788051189054547	(4, 1.359)	1	1	3
r8i1301p1f1	1854-07-25	7	1.766	2.173	4.988	3.5176989360499857	4.536667045746764	(7, 1.766)	0	2	0
r8i1301p1f1	1855-05-31	3	1.253	1.384	0.599	2.0163391868484126	1.4140299735257975	(3, 1.253)	1	1	1
r8i1301p1f1	1855-06-12	3	1.604	1.786	1.651	2.2337309782393735	2.259557297679709	(3, 1.604)	2	3	3
r8i1301p1f1	1857-08-01	4	1.813	2.602	3.037	2.7410980551484103	3.2306462804671163	(4, 1.813)	2	2	0
r8i1301p1f1	1858-06-26	6	1.569	1.942	3.095	3.180529780924386	3.839173231147978	(6, 1.569)	2	2	0
r8i1301p1f1	1858-07-06	12	1.334	1.81	3.371	4.033414432427364	4.949680307342164	(12, 1.334)	0	0	2
r8i1301p1f1	1858-07-28	4	1.499	1.741	1.783	2.5643337834193223	2.725497114705931	(4, 1.499)	2	3	3
r8i1301p1f1	1858-08-18	7	1.636	2.049	4.079	3.443590749386581	4.337867531121394	(7, 1.636)	0	2	0
r8i1301p1f1	1860-08-20	3	1.317	1.405	0.79	2.0596638385128885	1.6302126972159934	(3, 1.317)	1	1	1
r8i1301p1f1	1861-06-13	3	1.284	1.506	0.691	2.0375590515374253	1.5239979526502576	(3, 1.284)	1	1	1
r8i1301p1f1	1861-07-16	3	1.497	1.689	1.332	2.172321518293727	2.069552181132402	(3, 1.497)	2	3	3
r8i1301p1f1	1864-07-03	3	1.627	1.832	1.72	2.246452739934745	2.296303622506921	(3, 1.627)	2	2	3
r8i1301p1f1	1865-06-10	11	1.477	1.89	4.655	4.005243785208496	5.1406558699520835	(11, 1.477)	0	0	2
r8i1301p1f1	1865-08-13	4	1.576	1.837	2.092	2.6106578550935606	2.8755964723140104	(4, 1.576)	2	2	3
r8i1301p1f1	1866-07-09	6	1.423	1.651	2.218	3.08711399359499	3.5144608713010665	(6, 1.423)	2	3	3
r8i1301p1f1	1867-07-16	3	1.576	1.855	1.568	2.2180219404578065	2.2134879421592317	(3, 1.576)	2	3	3
r8i1301p1f1	1867-08-10	8	1.393	1.787	2.716	3.4818550349308564	4.134463342609008	(8, 1.393)	2	3	2
r8i1301p1f1	1867-08-24	6	1.306	1.512	1.516	3.005395514906307	3.1476186217314384	(6, 1.306)	1	3	3
r8i1301p1f1	1871-07-18	11	1.706	1.954	7.174	4.146933546424598	5.571119766353722	(11, 1.706)	0	0	4
r8i1301p1f1	1871-08-12	4	1.485	1.737	1.727	2.5556757206762075	2.695707677903824	(4, 1.485)	2	3	3
r8i1301p1f1	1872-06-28	6	1.284	1.718	1.385	2.9892547887932457	3.0612980682338815	(6, 1.284)	1	3	3
r8i1301p1f1	1874-06-25	10	1.585	2.368	5.313	3.9342169069100197	5.129968606473182	(10, 1.585)	0	0	4
r8i1301p1f1	1874-07-20	6	1.413	1.782	2.157	3.0803846804956367	3.4874147178239543	(6, 1.413)	2	3	3
r8i1301p1f1	1874-08-16	9	1.391	1.845	3.037	3.652137665885828	4.418828559531247	(9, 1.391)	2	3	2
r8i1301p1f1	1876-08-01	3	1.685	1.864	1.893	2.2778329539387285	2.382903135330314	(3, 1.685)	2	2	0
r8i1301p1f1	1876-08-06	3	1.438	1.7	1.153	2.136774538372966	1.9446470292811249	(3, 1.438)	2	3	3
r8i1301p1f1	1876-08-29	5	1.431	1.655	1.888	2.833158423666413	3.0959613225701736	(5, 1.431)	2	3	3
r8i1301p1f1	1877-06-01	9	1.377	1.741	2.912	3.642285626231177	4.377315554943762	(9, 1.377)	2	3	2
r8i1301p1f1	1879-06-01	8	1.43	1.697	3.011	3.5072738301917648	4.236005462476746	(8, 1.43)	2	3	2
r8i1301p1f1	1879-06-11	7	1.298	1.434	1.71	3.2204464472881194	3.4864463040180813	(7, 1.298)	1	3	2
r8i1301p1f1	1879-07-21	9	1.988	2.519	8.409	4.001424856290407	5.429534207663586	(9, 1.988)	0	0	4
r8i1301p1f1	1879-08-23	3	1.542	1.822	1.465	2.198608844997014	2.153198763849829	(3, 1.542)	2	3	3
r8i1301p1f1	1881-07-23	3	1.154	1.227	0.301	1.9453899989154602	0.9415848724799063	(3, 1.154)	1	1	1
r8i1301p1f1	1882-06-23	3	1.246	1.349	0.579	2.011484640358179	1.3884351312223295	(3, 1.246)	1	1	1
r8i1301p1f1	1882-06-29	3	1.359	1.506	0.918	2.0871084683480854	1.7526838523822081	(3, 1.359)	1	1	3
r8i1301p1f1	1884-06-21	4	1.578	1.979	2.099	2.6118329433603873	2.878748918068172	(4, 1.578)	2	2	0
r8i1301p1f1	1884-07-18	3	1.353	1.397	0.899	2.083233621139891	1.7354256026520178	(3, 1.353)	1	1	1
r8i1301p1f1	1885-07-08	3	1.346	1.494	0.878	2.078693907391348	1.7159976376371986	(3, 1.346)	1	1	3
r8i1301p1f1	1885-07-25	6	1.721	2.302	4.005	3.2693191393163334	4.092029192472453	(6, 1.721)	0	2	0
r8i1301p1f1	1885-08-11	11	1.364	1.69	3.416	3.9271606185342853	4.83330520415803	(11, 1.364)	0	0	2
r8i1301p1f1	1887-06-17	7	1.401	1.641	2.431	3.293867636032372	3.82913584076151	(7, 1.401)	2	3	2
r8i1301p1f1	1889-07-10	5	1.596	1.747	2.711	2.9361851392506564	3.443934387297896	(5, 1.596)	2	2	0
r8i1301p1f1	1889-07-26	3	1.238	1.346	0.553	2.00590757581405	1.3541513372645073	(3, 1.238)	1	1	1
r8i1301p1f1	1889-08-14	8	1.322	1.657	2.151	3.431191211314605	3.9054328170132555	(8, 1.322)	2	3	2
r8i1301p1f1	1890-07-07	5	1.305	1.614	1.26	2.7466517195931477	2.7138485752091657	(5, 1.305)	1	3	3
r8i1301p1f1	1890-08-02	7	1.382	1.655	2.299	3.2807231598821467	3.7745541763839245	(7, 1.382)	2	3	2
r8i1301p1f1	1891-08-17	3	1.282	1.384	0.686	2.0362035327569803	1.5183222469767685	(3, 1.282)	1	1	1
r8i1301p1f1	1892-07-04	8	1.439	1.841	3.087	3.5133603002294103	4.260576769493027	(8, 1.439)	2	3	2
r8i1301p1f1	1893-06-04	3	1.233	1.288	0.54	2.0024060492939144	1.3365583557022844	(3, 1.233)	1	1	1
r8i1301p1f1	1893-06-11	14	1.281	1.538	3.191	4.221019555495491	5.124884996189075	(14, 1.281)	0	0	2
r8i1301p1f1	1894-06-11	4	1.59	1.76	2.146	2.6188546222977394	2.8996618048032574	(4, 1.59)	2	3	3
r8i1301p1f1	1895-08-05	8	1.462	2.122	3.265	3.528748367068426	4.315867020252602	(8, 1.462)	2	2	2
r8i1301p1f1	1897-08-17	3	1.342	1.61	0.866	2.0760905021222955	1.7047240915984019	(3, 1.342)	1	3	3
r8i1301p1f1	1898-08-27	3	1.789	1.981	2.206	2.33174737820807	2.522741165794157	(3, 1.789)	2	2	0
r8i1301p1f1	1899-06-02	5	1.15	1.41	0.481	2.628818727167972	1.852814349197546	(5, 1.15)	1	1	1
r8i1301p1f1	1900-06-07	3	1.235	1.281	0.545	2.0038081315273124	1.3433615650014081	(3, 1.235)	1	1	1
r8i1301p1f1	1900-07-28	5	1.558	1.72	2.524	2.913381087064909	3.374825270267852	(5, 1.558)	2	3	3
r8i1301p1f1	1901-07-25	6	1.881	2.501	4.968	3.354976856437629	4.3042595371754855	(6, 1.881)	0	2	0
r8i1301p1f1	1902-07-01	4	1.499	1.676	1.782	2.5643337834193223	2.724972868298118	(4, 1.499)	2	3	3
r8i1301p1f1	1904-07-28	4	1.3	1.65	0.987	2.4336133554004498	2.1856017375082266	(4, 1.3)	1	3	3
r8i1301p1f1	1905-06-02	6	1.268	1.429	1.287	2.9773502528361053	2.9914711977398647	(6, 1.268)	1	1	1
r8i1301p1f1	1905-06-14	7	1.3	1.515	1.727	3.221924649702368	3.496037378204011	(7, 1.3)	1	3	2
r8i1301p1f1	1906-07-21	5	1.501	1.978	2.237	2.8781692858116847	3.2584972395889293	(5, 1.501)	2	2	0
r8i1301p1f1	1907-07-08	6	1.408	1.717	2.131	3.077002966039259	3.4756607336751033	(6, 1.408)	2	3	3
r8i1301p1f1	1907-07-19	4	1.407	1.593	1.413	2.5060156129982354	2.5099244127632883	(4, 1.407)	2	3	3
r8i1301p1f1	1908-08-24	5	1.165	1.343	0.558	2.6408482940902527	1.9794319146190353	(5, 1.165)	1	1	1
r8i1301p1f1	1909-08-03	7	1.571	1.936	3.621	3.4043699161078576	4.220416975217049	(7, 1.571)	2	2	0
r8i1301p1f1	1909-08-19	9	1.559	2.175	4.554	3.763360570926244	4.819942798552539	(9, 1.559)	0	0	4
r8i1301p1f1	1910-07-28	4	1.359	1.533	1.221	2.4741826864250247	2.376578772902372	(4, 1.359)	1	3	3
r8i1301p1f1	1910-08-10	3	1.216	1.324	0.487	1.9904083056570567	1.2614469334490395	(3, 1.216)	1	1	1
r8i1301p1f1	1910-08-16	3	1.319	1.572	0.796	2.0609879473370127	1.6363013044403352	(3, 1.319)	1	1	3
r8i1301p1f1	1911-07-01	6	1.242	1.394	1.132	2.9576979296737567	2.869995244828098	(6, 1.242)	1	1	1
r8i1301p1f1	1912-07-03	3	1.157	1.251	0.311	1.947615601525812	0.9616477346115992	(3, 1.157)	1	1	1
r8i1301p1f1	1913-06-28	5	1.253	1.508	0.997	2.7086477478046924	2.497065667405072	(5, 1.253)	1	1	1
r8i1301p1f1	1916-06-03	3	1.259	1.398	0.618	2.020481551588581	1.4377529136943206	(3, 1.259)	1	1	1
r8i1301p1f1	1916-06-08	4	1.713	2.094	2.639	2.688119565613331	3.0961204475852595	(4, 1.713)	2	2	0
r8i1301p1f1	1916-07-06	7	1.286	1.54	1.625	3.211531050012949	3.4370605788719018	(7, 1.286)	1	3	2
r8i1301p1f1	1917-06-19	6	1.459	1.613	2.433	3.1109713297401784	3.6043464016798388	(6, 1.459)	2	3	3
r8i1301p1f1	1917-06-27	4	1.162	1.266	0.435	2.3317554702938255	1.4996230464268938	(4, 1.162)	1	1	1
r8i1301p1f1	1918-08-18	3	1.319	1.503	0.796	2.0609879473370127	1.6363013044403352	(3, 1.319)	1	1	1
r8i1301p1f1	1920-07-17	10	1.555	2.241	5.012	3.915485356878031	5.072002268239134	(10, 1.555)	0	0	4
r8i1301p1f1	1920-08-16	6	1.769	2.3	4.291	3.295795536628084	4.159891370456345	(6, 1.769)	0	2	0
r8i1301p1f1	1921-07-09	7	1.449	1.588	2.767	3.326324957578714	3.9559548564929528	(7, 1.449)	2	3	2
r8i1301p1f1	1921-07-20	9	1.431	1.698	3.397	3.6797630254676545	4.529573413813716	(9, 1.431)	2	3	2
r8i1301p1f1	1921-08-12	6	1.564	1.721	3.061	3.1774708165232983	3.8283658936711538	(6, 1.564)	2	3	0
r8i1301p1f1	1923-06-12	6	1.254	1.359	1.201	2.9668162471598656	2.925901001769974	(6, 1.254)	1	1	1
r8i1301p1f1	1925-07-01	5	1.386	1.646	1.661	2.8031149619497384	2.974025606934789	(5, 1.386)	2	3	3
r8i1301p1f1	1926-06-25	4	1.2	1.272	0.586	2.3608540011180215	1.7383586925009398	(4, 1.2)	1	1	1
r8i1301p1f1	1926-08-08	4	1.29	1.379	0.948	2.4265710727750367	2.1499000053283974	(4, 1.29)	1	1	1
r8i1301p1f1	1926-08-18	6	1.484	1.825	2.586	3.1272102887424755	3.6637227318475634	(6, 1.484)	2	3	3
r8i1301p1f1	1927-07-25	5	1.346	1.509	1.463	2.7756301853340113	2.853986506886148	(5, 1.346)	1	3	3
r8i1301p1f1	1928-07-07	4	1.466	1.731	1.651	2.5438042910354857	2.6538051862498144	(4, 1.466)	2	3	3
r8i1301p1f1	1928-08-16	4	1.441	1.572	1.551	2.527966139248447	2.595851543739727	(4, 1.441)	2	3	3
r8i1301p1f1	1930-06-08	4	1.315	1.412	1.045	2.444084655267745	2.2364452904895007	(4, 1.315)	1	1	1
r8i1301p1f1	1931-06-19	3	1.346	1.509	0.877	2.078693907391348	1.7150630145343155	(3, 1.346)	1	1	3
r8i1301p1f1	1931-08-02	3	1.346	1.485	0.879	2.078693907391348	1.7169313880353239	(3, 1.346)	1	1	3
r8i1301p1f1	1932-08-19	5	1.31	1.626	1.282	2.7502309682406123	2.730020134026829	(5, 1.31)	1	3	3
r8i1301p1f1	1933-07-15	3	1.266	1.405	0.636	2.025292722467937	1.459719747345878	(3, 1.266)	1	1	1
r8i1301p1f1	1933-07-20	6	1.433	1.774	2.28	3.0937983255630623	3.541220729904747	(6, 1.433)	2	3	3
r8i1301p1f1	1933-08-07	3	1.442	1.658	1.167	2.1392248442209048	1.9549987051934683	(3, 1.442)	2	3	3
r8i1301p1f1	1934-06-08	4	1.179	1.263	0.501	2.344878005184297	1.6110366337977975	(4, 1.179)	1	1	1
r8i1301p1f1	1935-07-02	5	1.568	2.056	2.573	2.9194327525194956	3.393400885502211	(5, 1.568)	2	2	0
r8i1301p1f1	1936-08-02	3	1.244	1.49	0.572	2.0100932874778716	1.3793198924049874	(3, 1.244)	1	1	1
r8i1301p1f1	1936-08-09	6	1.294	1.62	1.446	2.9966237941797833	3.1024216912077023	(6, 1.294)	1	3	3
r8i1301p1f1	1937-06-22	4	1.35	1.511	1.185	2.468099531471619	2.349468678892896	(4, 1.35)	1	3	3
r8i1301p1f1	1937-07-03	3	1.385	1.511	0.996	2.1037281090948614	1.8205684456009843	(3, 1.385)	1	3	3
r8i1301p1f1	1939-08-05	5	1.467	1.737	2.068	2.8565597777813	3.183080462610181	(5, 1.467)	2	3	3
r8i1301p1f1	1940-06-09	8	1.312	1.547	2.07	3.4238446878218998	3.867836047132955	(8, 1.312)	2	3	2
r8i1301p1f1	1940-07-06	3	1.411	1.886	1.072	2.1200760468377458	1.8825557489911475	(3, 1.411)	2	3	3
r8i1301p1f1	1940-08-06	7	1.33	1.523	1.937	3.243839413658721	3.607499699548573	(7, 1.33)	1	3	2
r8i1301p1f1	1940-08-20	5	1.254	1.338	1.001	2.7093923812369187	2.5007406467417255	(5, 1.254)	1	1	1
r8i1301p1f1	1941-08-04	5	1.299	1.535	1.226	2.7423396417658368	2.688330146137854	(5, 1.299)	1	3	3
r8i1301p1f1	1941-08-29	4	1.612	1.968	2.234	2.631601028938804	2.937679342105374	(4, 1.612)	2	2	0
r8i1301p1f1	1942-06-22	3	1.194	1.276	0.421	1.9746650211180787	1.159262061528095	(3, 1.194)	1	1	1
r8i1301p1f1	1942-08-26	6	1.543	2.256	2.937	3.164519994698931	3.7879305426974885	(6, 1.543)	2	2	0
r8i1301p1f1	1943-06-07	5	1.243	1.361	0.95	2.701170757242802	2.4528415911678723	(5, 1.243)	1	1	1
r8i1301p1f1	1943-07-24	4	1.527	1.704	1.893	2.581428216778622	2.7815484636112533	(4, 1.527)	2	3	3
r8i1301p1f1	1943-08-03	3	1.31	1.435	0.768	2.055015601727822	1.6075651720777713	(3, 1.31)	1	1	1
r8i1301p1f1	1944-06-17	7	1.241	1.621	1.31	3.1773719995882614	3.22928306211433	(7, 1.241)	1	3	2
r8i1301p1f1	1944-07-15	3	1.262	1.441	0.626	2.0225463169834965	1.447575571244297	(3, 1.262)	1	1	1
r8i1301p1f1	1945-08-19	3	1.541	1.855	1.464	2.1980321271124335	2.1525952453512627	(3, 1.541)	2	3	3
r8i1301p1f1	1949-07-26	15	1.593	2.227	8.091	4.538441931080522	6.154952832230232	(15, 1.593)	0	0	4
r8i1301p1f1	1952-08-27	7	1.37	1.649	2.213	3.272331472462192	3.7373203563390294	(7, 1.37)	2	3	2
r8i1301p1f1	1953-06-14	5	1.254	1.368	1.002	2.7093923812369187	2.501657285216424	(5, 1.254)	1	1	1
r8i1301p1f1	1953-07-18	3	1.084	1.103	0.092	1.8920012906264554	0.3907209606670657	(3, 1.084)	1	1	1
r8i1301p1f1	1953-08-22	4	1.363	1.621	1.238	2.476874478090736	2.3891296943942315	(4, 1.363)	1	3	3
r8i1301p1f1	1955-08-05	3	1.704	1.907	1.952	2.2879021977606966	2.410801584089842	(3, 1.704)	2	2	0
r8i1301p1f1	1956-08-14	5	1.722	2.128	3.343	3.0082804788031194	3.647429039364174	(5, 1.722)	2	2	0
r8i1301p1f1	1957-08-27	7	1.309	1.604	1.792	3.228549652677523	3.531883610318358	(7, 1.309)	2	3	2
r8i1301p1f1	1958-06-22	6	1.572	1.671	3.112	3.1823606781305664	3.844533413676535	(6, 1.572)	2	3	0
r8i1301p1f1	1960-07-16	4	1.551	2.092	1.991	2.595851543739727	2.828969055675889	(4, 1.551)	2	2	0
r8i1301p1f1	1960-08-06	3	1.25	1.345	0.589	2.014261551963053	1.4013144371330686	(3, 1.25)	1	1	1
r8i1301p1f1	1961-06-15	3	1.251	1.465	0.592	2.014954576654025	1.405146103684702	(3, 1.251)	1	1	1
r8i1301p1f1	1961-07-14	8	1.26	1.687	1.652	3.384747671245642	3.6475493326191804	(8, 1.26)	2	3	2
r8i1301p1f1	1961-07-31	4	1.17	1.349	0.465	2.337952236831337	1.551808799597464	(4, 1.17)	1	1	1
r8i1301p1f1	1963-08-18	3	1.297	1.456	0.731	2.0463254175420507	1.568279907510036	(3, 1.297)	1	1	1
r8i1301p1f1	1964-06-14	4	1.331	1.52	1.112	2.4551344914543303	2.292130635090187	(4, 1.331)	1	1	3
r8i1301p1f1	1964-06-30	4	1.196	1.327	0.572	2.357830567220024	1.7184716734582226	(4, 1.196)	1	1	1
r8i1301p1f1	1965-06-20	4	1.416	1.553	1.452	2.5118730980178148	2.534965849660737	(4, 1.416)	1	3	3
r8i1301p1f1	1967-07-24	4	1.284	1.411	0.921	2.422321774596379	2.124414907322567	(4, 1.284)	1	1	1
r8i1301p1f1	1967-08-01	6	1.631	1.967	3.464	3.217703402764972	3.9495152027507157	(6, 1.631)	2	2	0
r8i1301p1f1	1967-08-09	4	1.686	1.866	2.532	2.673320720581112	3.0566392084575122	(4, 1.686)	2	2	0
r8i1301p1f1	1968-05-31	3	1.144	1.246	0.272	1.9379353448911276	0.8810172570495237	(3, 1.144)	1	1	1
r8i1301p1f1	1968-08-05	3	1.276	1.495	0.667	2.032125916835549	1.4964559081980222	(3, 1.276)	1	1	1
r8i1301p1f1	1969-07-17	3	1.608	1.985	1.664	2.235955116496961	2.2665845432089196	(3, 1.608)	2	2	0
r8i1301p1f1	1972-06-12	5	1.239	1.327	0.93	2.698164236965281	2.4334129928181576	(5, 1.239)	1	1	1
r8i1301p1f1	1972-07-28	4	1.74	2.343	2.747	2.702702594775615	3.1344501928658137	(4, 1.74)	2	2	0
r8i1301p1f1	1972-08-16	4	1.483	1.796	1.718	2.5544327124366104	2.690836220367522	(4, 1.483)	2	3	3
r8i1301p1f1	1972-08-23	4	1.325	1.463	1.086	2.451005098112319	2.2708880062507912	(4, 1.325)	1	1	1
r8i1301p1f1	1975-08-10	4	1.648	1.95	2.377	2.6521145687719065	2.9965319537245554	(4, 1.648)	2	2	0
r8i1301p1f1	1975-08-17	3	1.159	1.213	0.316	1.9490965895169745	0.9715302127344428	(3, 1.159)	1	1	1
r8i1301p1f1	1977-07-07	4	1.584	1.948	2.124	2.6153499458132896	2.8899272146570145	(4, 1.584)	2	2	0
r8i1301p1f1	1977-08-16	6	1.262	1.436	1.253	2.9728492596849274	2.9660595549657884	(6, 1.262)	1	1	1
r8i1301p1f1	1978-06-21	3	1.131	1.189	0.232	1.9281604641562224	0.7909575786066801	(3, 1.131)	1	1	1
r8i1301p1f1	1978-06-30	3	1.304	1.544	0.752	2.051014129423419	1.590765996505396	(3, 1.304)	1	1	1
r8i1301p1f1	1979-08-11	3	1.452	1.575	1.194	2.145324469373965	1.9746650211180787	(3, 1.452)	2	3	3
r8i1301p1f1	1980-06-13	4	1.256	1.421	0.812	2.402249416106991	2.014369544936121	(4, 1.256)	1	1	1
r8i1301p1f1	1980-08-13	3	0.984	1.093	-0.208	1.8104199386185384		(3, 0.984)	1	1	1
r8i1301p1f1	1982-06-19	3	1.243	1.344	0.569	2.009396884415142	1.3753877821585179	(3, 1.243)	1	1	1
r8i1301p1f1	1982-07-21	3	1.746	2.005	2.077	2.3098071639488333	2.4674559839275902	(3, 1.746)	2	2	0
r8i1301p1f1	1982-07-30	5	1.303	1.413	1.249	2.7452164253281373	2.705663656868713	(5, 1.303)	1	1	1
r8i1301p1f1	1982-08-07	5	1.603	2.029	2.748	2.9403297499240777	3.457060064153585	(5, 1.603)	2	2	0
r8i1301p1f1	1983-08-24	7	1.305	1.631	1.762	3.2256106241722318	3.5154987089980363	(7, 1.305)	2	3	2
r8i1301p1f1	1984-06-16	3	1.173	1.23	0.359	1.959402543353941	1.0527144894884186	(3, 1.173)	1	1	1
r8i1301p1f1	1985-07-11	9	1.618	2.153	5.077	3.7996602534572945	4.927825985130446	(9, 1.618)	0	0	4
r8i1301p1f1	1985-08-23	7	1.327	1.517	1.919	3.241669422924157	3.5984178782509577	(7, 1.327)	1	3	2
r8i1301p1f1	1987-08-18	11	1.536	2.017	5.309	4.043712320481356	5.271396074346534	(11, 1.536)	0	0	4
r8i1301p1f1	1988-06-20	6	1.399	1.751	2.075	3.070886911019513	3.4498652303402597	(6, 1.399)	2	3	3
r8i1301p1f1	1988-07-25	4	1.541	1.814	1.951	2.589867085424487	2.809884506983478	(4, 1.541)	2	3	3
r8i1301p1f1	1988-08-05	5	1.417	1.746	1.818	2.823907925014001	3.059920323071359	(5, 1.417)	2	3	3
r8i1301p1f1	1989-05-30	10	1.739	2.367	6.857	4.025208975379085	5.383748817250832	(10, 1.739)	0	0	4
r8i1301p1f1	1989-06-12	4	1.195	1.265	0.565	2.3570732782781154	1.7083778602890038	(4, 1.195)	1	1	1
r8i1301p1f1	1989-06-18	4	1.399	1.549	1.383	2.5007799989442905	2.4902258112656	(4, 1.399)	1	3	3
r8i1301p1f1	1993-07-07	7	1.667	1.921	4.293	3.4617677917758356	4.388350008051701	(7, 1.667)	0	2	0
r8i1301p1f1	1996-07-16	4	1.569	1.745	2.06	2.6065341379096987	2.8610573702273894	(4, 1.569)	2	3	3
r8i1301p1f1	1996-08-08	5	1.513	1.868	2.296	2.8856860331135876	3.2835416022220154	(5, 1.513)	2	3	3
r8i1301p1f1	1997-07-10	3	1.102	1.177	0.145	1.9060043968328555	0.5615807711150981	(3, 1.102)	1	1	1
r8i1301p1f1	1997-08-30	3	1.437	1.583	1.152	2.13616102263548	1.9439035072324593	(3, 1.437)	1	3	3
r8i1301p1f1	1998-07-21	3	1.278	1.328	0.672	2.033486970417922	1.502256724370767	(3, 1.278)	1	1	1
r8i1301p1f1	2001-07-17	13	1.716	2.58	8.616	4.399776149072631	6.003518078698369	(13, 1.716)	0	0	4
r8i1301p1f1	2004-06-27	3	1.455	1.616	1.206	2.147147125388408	1.9832829775946443	(3, 1.455)	2	3	3
r8i1301p1f1	2007-06-17	3	1.338	1.563	0.854	2.073480301439183	1.693322002202941	(3, 1.338)	1	1	3
r8i1301p1f1	2008-06-16	11	1.677	2.411	6.862	4.130061990707806	5.52682837694912	(11, 1.677)	0	0	4
r8i1301p1f1	2008-07-05	6	1.163	1.286	0.658	2.895499666843295	2.367490937707675	(6, 1.163)	1	1	1
r8i1301p1f1	2008-07-13	13	1.728	2.402	8.763	4.406659536359923	6.020394014829954	(13, 1.728)	0	0	4
r8i1301p1f1	2008-08-06	8	1.801	2.199	5.983	3.7317468277396872	4.915443903827753	(8, 1.801)	0	0	4
r9i1161p1f1	1851-08-11	4	1.28	1.457	0.948	2.419478844465545	2.1499000053283974	(4, 1.28)	1	1	1
r9i1161p1f1	1851-08-29	4	1.218	1.278	0.702	2.3743474592209366	1.88949095772139	(4, 1.218)	1	1	1
r9i1161p1f1	1852-06-12	13	1.561	1.737	6.732	4.306325402090984	5.75746043730203	(13, 1.561)	0	0	4
r9i1161p1f1	1852-07-03	6	1.396	1.911	2.121	3.068839885200284	3.4711029266097766	(6, 1.396)	2	3	3
r9i1161p1f1	1852-08-13	4	1.47	1.708	1.708	2.546315277916644	2.6853955105374037	(4, 1.47)	2	3	3
r9i1161p1f1	1853-08-18	5	1.297	1.484	1.274	2.7408981405645343	2.724169780877845	(5, 1.297)	1	1	1
r9i1161p1f1	1856-08-24	6	1.275	1.584	1.391	2.9825759338228286	3.0654188360675367	(6, 1.275)	1	3	3
r9i1161p1f1	1857-06-11	4	1.293	1.477	1.0	2.428688969789772	2.1972245773362196	(4, 1.293)	1	1	1
r9i1161p1f1	1857-07-24	6	1.238	1.47	1.172	2.954639920062618	2.902783955276358	(6, 1.238)	1	1	1
r9i1161p1f1	1857-08-03	5	1.762	2.286	3.597	3.030122051979963	3.7188188289609108	(5, 1.762)	2	2	0
r9i1161p1f1	1858-06-27	4	1.41	1.649	1.47	2.5079719227189963	2.546315277916644	(4, 1.41)	2	3	3
r9i1161p1f1	1859-06-09	12	1.374	1.54	3.974	4.062442861758408	5.113168283001423	(12, 1.374)	0	0	2
r9i1161p1f1	1861-07-30	5	1.362	1.651	1.595	2.786714909110079	2.9355916472476244	(5, 1.362)	2	3	3
r9i1161p1f1	1861-08-11	11	1.364	1.558	3.533	3.9271606185342853	4.866718650300968	(11, 1.364)	0	0	2
r9i1161p1f1	1862-07-03	4	1.668	1.989	2.5	2.6633317363028315	3.044522437723423	(4, 1.668)	2	2	0
r9i1161p1f1	1862-07-29	3	1.37	1.557	0.981	2.0941735925475293	1.8078666372859462	(3, 1.37)	1	3	3
r9i1161p1f1	1862-08-21	4	1.536	2.066	1.974	2.586861372310994	2.820902582518332	(4, 1.536)	2	2	0
r9i1161p1f1	1863-08-27	4	1.342	1.651	1.198	2.462661040840681	2.3593434268126545	(4, 1.342)	1	3	3
r9i1161p1f1	1864-06-19	3	1.148	1.264	0.316	1.9409238784254021	0.9715302127344428	(3, 1.148)	1	1	1
r9i1161p1f1	1865-06-23	5	1.247	1.279	1.021	2.704168265444365	2.5189156504934846	(5, 1.247)	1	1	1
r9i1161p1f1	1868-06-13	3	1.057	1.075	0.043	1.8706219593034668	0.20166211180900986	(3, 1.057)	1	1	1
r9i1161p1f1	1868-07-09	5	1.319	1.426	1.381	2.7566415081428493	2.7997203935551553	(5, 1.319)	1	1	1
r9i1161p1f1	1868-07-28	5	1.607	1.925	2.82	2.9426904091617625	3.4821184260311187	(5, 1.607)	2	2	0
r9i1161p1f1	1870-07-08	9	1.349	1.904	2.757	3.622285488663952	4.323324382670008	(9, 1.349)	2	3	2
r9i1161p1f1	1870-08-18	15	1.415	1.848	5.583	4.421296283207361	5.784879980690117	(15, 1.415)	0	0	4
r9i1161p1f1	1871-06-10	5	1.353	1.57	1.553	2.7804948778000824	2.9103414652035204	(5, 1.353)	1	3	3
r9i1161p1f1	1871-06-21	6	1.316	1.624	1.643	3.012646960694591	3.2247413841662604	(6, 1.316)	1	3	3
r9i1161p1f1	1871-07-28	5	1.471	1.847	2.14	2.859126443945479	3.2159085211436502	(5, 1.471)	2	3	3
r9i1161p1f1	1871-08-04	6	1.788	2.571	4.469	3.3060851341557984	4.199914325430953	(6, 1.788)	0	2	0
r9i1161p1f1	1871-08-14	3	1.295	1.493	0.758	2.044981737754121	1.5970988050799664	(3, 1.295)	1	1	1
r9i1161p1f1	1873-08-11	3	1.741	2.031	2.096	2.3072244513025417	2.475793204712639	(3, 1.741)	2	2	0
r9i1161p1f1	1876-07-17	6	1.218	1.383	1.049	2.9392080077898486	2.798322770462232	(6, 1.218)	1	1	1
r9i1161p1f1	1877-06-05	4	1.279	1.423	0.946	2.418766847283455	2.1480343331454477	(4, 1.279)	1	1	1
r9i1161p1f1	1878-06-22	3	1.192	1.236	0.447	1.9732214466709417	1.2007717262228672	(3, 1.192)	1	1	1
r9i1161p1f1	1878-08-07	8	1.508	1.994	3.723	3.55883183845503	4.4454927859124	(8, 1.508)	0	2	2
r9i1161p1f1	1878-08-22	4	1.187	1.394	0.576	2.3509942322017334	1.724194149732289	(4, 1.187)	1	1	1
r9i1161p1f1	1880-07-04	3	1.094	1.115	0.154	1.8998049895985742	0.5879019210914366	(3, 1.094)	1	1	1
r9i1161p1f1	1881-07-29	5	1.358	1.578	1.574	2.78395522603609	2.923046250570145	(5, 1.358)	1	3	3
r9i1161p1f1	1882-06-26	5	1.363	1.544	1.604	2.78740364154172	2.940920437380773	(5, 1.363)	1	3	3
r9i1161p1f1	1883-06-14	3	1.186	1.247	0.431	1.968878177611425	1.175431867387346	(3, 1.186)	1	1	1
r9i1161p1f1	1885-07-18	8	1.578	2.182	4.28	3.602941973639955	4.583388117353261	(8, 1.578)	0	2	0
r9i1161p1f1	1885-08-19	4	1.63	2.127	2.351	2.641910398597665	2.9860858965021855	(4, 1.63)	2	2	0
r9i1161p1f1	1887-06-28	3	1.161	1.235	0.354	1.950575387425793	1.0436061303477935	(3, 1.161)	1	1	1
r9i1161p1f1	1888-06-29	3	1.387	1.521	1.033	2.1049951749847424	1.85122662970424	(3, 1.387)	1	3	3
r9i1161p1f1	1889-07-07	5	1.296	1.494	1.268	2.7401766099921643	2.719759444712057	(5, 1.296)	1	1	1
r9i1161p1f1	1891-06-29	4	1.374	1.482	1.327	2.4842397608002966	2.45238345808244	(4, 1.374)	1	3	3
r9i1161p1f1	1893-07-18	3	1.433	1.669	1.17	2.133703188727767	1.9572030484955636	(3, 1.433)	2	3	3
r9i1161p1f1	1893-07-27	9	1.433	1.696	3.511	3.681124461740869	4.562231369246399	(9, 1.433)	2	3	2
r9i1161p1f1	1893-08-12	10	1.193	1.786	1.503	3.656510498597268	3.882162242186981	(10, 1.193)	2	3	2
r9i1161p1f1	1895-07-30	5	1.339	1.534	1.481	2.770741711900932	2.8655144349484867	(5, 1.339)	1	3	3
r9i1161p1f1	1896-06-18	4	1.477	1.7	1.738	2.5506943903260035	2.7016296332992873	(4, 1.477)	2	3	3
r9i1161p1f1	1899-05-30	7	1.539	1.779	3.474	3.384481068514346	4.179594923153806	(7, 1.539)	2	2	2
r9i1161p1f1	1900-06-19	6	1.282	1.532	1.433	2.9877744489663094	3.0937983255630623	(6, 1.282)	1	3	3
r9i1161p1f1	1901-06-05	4	1.206	1.315	0.653	2.3653720810928105	1.8284127868760904	(4, 1.206)	1	1	1
r9i1161p1f1	1901-07-19	4	1.29	1.405	0.987	2.4265710727750367	2.1856017375082266	(4, 1.29)	1	1	1
r9i1161p1f1	1901-08-04	3	1.521	1.728	1.434	2.1864273672360484	2.1343182137754835	(3, 1.521)	2	3	3
r9i1161p1f1	1901-08-14	4	1.568	1.876	2.099	2.6059436448308344	2.878748918068172	(4, 1.568)	2	2	0
r9i1161p1f1	1903-07-12	4	1.207	1.24	0.655	2.366123113798033	1.8309801823813363	(4, 1.207)	1	1	1
r9i1161p1f1	1903-07-19	7	1.362	1.566	2.232	3.266697634607682	3.745666568793721	(7, 1.362)	2	3	2
r9i1161p1f1	1903-08-16	4	1.563	1.69	2.08	2.6029859378536013	2.8701690505786455	(4, 1.563)	2	3	3
r9i1161p1f1	1906-06-03	5	1.374	1.528	1.659	2.7949485553697855	2.9728823856129414	(5, 1.374)	1	3	3
r9i1161p1f1	1906-06-26	11	1.587	2.097	5.987	4.07581254976187	5.391001186023773	(11, 1.587)	0	0	4
r9i1161p1f1	1907-06-25	4	1.382	1.592	1.356	2.4895624613241942	2.4721590769654975	(4, 1.382)	1	3	3
r9i1161p1f1	1907-08-06	10	1.38	1.662	3.375	3.798617587488519	4.6795990519348045	(10, 1.38)	2	3	2
r9i1161p1f1	1908-06-08	4	1.125	1.189	0.329	2.302585092994046	1.2897834607390468	(4, 1.125)	1	1	1
r9i1161p1f1	1910-07-13	9	1.62	1.859	5.193	3.8008679560619836	4.950255225707527	(9, 1.62)	0	0	4
r9i1161p1f1	1910-08-14	3	1.161	1.325	0.356	1.950575387425793	1.0472594354836573	(3, 1.161)	1	1	1
r9i1161p1f1	1911-06-19	5	1.34	1.536	1.488	2.7714415300444064	2.86996187223652	(5, 1.34)	1	3	3
r9i1161p1f1	1912-07-01	3	1.608	1.77	1.697	2.235955116496961	2.2842042619223974	(3, 1.608)	2	3	3
r9i1161p1f1	1913-08-11	5	1.289	1.426	1.23	2.735111266204581	2.691366333605301	(5, 1.289)	1	1	1
r9i1161p1f1	1914-07-06	3	1.146	1.255	0.31	1.9394307280744352	0.9596594650996648	(3, 1.146)	1	1	1
r9i1161p1f1	1914-07-13	6	1.214	1.449	1.03	2.936092840871068	2.781167234510654	(6, 1.214)	1	1	1
r9i1161p1f1	1915-07-26	4	1.592	1.835	2.197	2.6200201235951743	2.921870424955536	(4, 1.592)	2	2	0
r9i1161p1f1	1916-08-29	5	1.41	1.691	1.838	2.819250387128433	3.0703509769476636	(5, 1.41)	2	3	3
r9i1161p1f1	1917-07-10	9	1.964	2.461	8.293	3.9895024306985176	5.41570476839613	(9, 1.964)	0	0	4
r9i1161p1f1	1918-08-24	3	1.387	1.541	1.033	2.1049951749847424	1.85122662970424	(3, 1.387)	1	3	3
r9i1161p1f1	1920-06-18	4	1.266	1.419	0.893	2.409464454621142	2.097281459808167	(4, 1.266)	1	1	1
r9i1161p1f1	1920-06-24	4	1.359	1.54	1.266	2.4741826864250247	2.409464454621142	(4, 1.359)	1	3	3
r9i1161p1f1	1920-07-08	3	1.098	1.134	0.166	1.9029094972892788	0.6219525846463296	(3, 1.098)	1	1	1
r9i1161p1f1	1922-08-09	7	1.293	1.647	1.755	3.2167413531611913	3.511636624417623	(7, 1.293)	2	3	2
r9i1161p1f1	1925-06-25	14	1.479	2.115	6.101	4.362777017034072	5.770162811215908	(14, 1.479)	0	0	4
r9i1161p1f1	1926-07-05	3	1.286	1.348	0.729	2.038912735373727	1.5661117676770642	(3, 1.286)	1	1	1
r9i1161p1f1	1929-08-01	3	1.169	1.279	0.378	1.9564688071658214	1.0865888343590457	(3, 1.169)	1	1	1
r9i1161p1f1	1929-08-26	6	1.464	1.785	2.529	3.1142402863779064	3.6420120708370116	(6, 1.464)	2	3	3
r9i1161p1f1	1930-07-26	4	1.22	1.369	0.708	2.3758355547336385	1.8967199048645416	(4, 1.22)	1	1	1
r9i1161p1f1	1931-06-13	4	1.822	2.133	3.119	2.7457312680698984	3.2562486779330024	(4, 1.822)	2	2	0
r9i1161p1f1	1931-08-16	4	1.322	1.433	1.115	2.448933989329183	2.2945529212967815	(4, 1.322)	1	1	1
r9i1161p1f1	1932-07-31	7	1.351	1.783	2.156	3.2588989140600932	3.711855442601218	(7, 1.351)	2	3	2
r9i1161p1f1	1934-07-27	4	1.543	1.72	2.002	2.591066845616391	2.834154077897936	(4, 1.543)	2	3	3
r9i1161p1f1	1934-08-23	7	1.447	1.84	2.828	3.3249933949598267	3.97734796013016	(7, 1.447)	2	3	2
r9i1161p1f1	1935-08-22	5	1.191	1.404	0.739	2.661362761078819	2.225949286064605	(5, 1.191)	1	1	1
r9i1161p1f1	1939-06-15	13	1.347	1.855	3.952	4.161018432887392	5.227029733724704	(13, 1.347)	0	0	2
r9i1161p1f1	1939-07-24	6	1.591	2.33	3.288	3.193879158527109	3.898401323045626	(6, 1.591)	2	2	0
r9i1161p1f1	1941-08-27	4	1.478	2.0	1.739	2.551318415307252	2.7021662579432353	(4, 1.478)	2	3	3
r9i1161p1f1	1942-07-08	3	1.252	1.283	0.629	2.0156471213943736	1.4512343346058878	(3, 1.252)	1	1	1
r9i1161p1f1	1943-07-18	7	1.567	1.96	3.671	3.4019053353726956	4.23393071292111	(7, 1.567)	2	2	0
r9i1161p1f1	1943-08-26	3	1.378	1.569	1.007	2.0992806926337417	1.8297816262051394	(3, 1.378)	1	3	3
r9i1161p1f1	1948-06-16	21	1.668	2.04	13.125	5.0846194484695735	7.142093872054363	(21, 1.668)	0	0	4
r9i1161p1f1	1948-07-28	12	1.623	2.316	6.963	4.226349585109635	5.671419306490717	(12, 1.623)	0	0	4
r9i1161p1f1	1948-08-23	3	1.32	1.427	0.833	2.0616493448548585	1.6730500611426913	(3, 1.32)	1	1	1
r9i1161p1f1	1949-08-12	3	1.096	1.185	0.16	1.901358448189443	0.6050721768288292	(3, 1.096)	1	1	1
r9i1161p1f1	1952-06-15	6	1.367	1.62	1.944	3.0488328900901247	3.386789023335253	(6, 1.367)	2	3	3
r9i1161p1f1	1954-06-20	6	1.647	1.826	3.627	3.227076413465659	3.994630957568974	(6, 1.647)	2	2	0
r9i1161p1f1	1955-08-09	10	1.619	1.906	5.758	3.9550302965555186	5.209944778107568	(10, 1.619)	0	0	4
r9i1161p1f1	1956-06-10	4	1.205	1.274	0.649	2.3646204839134985	1.823258136287426	(4, 1.205)	1	1	1
r9i1161p1f1	1957-06-15	6	1.395	1.718	2.114	3.0681566110193286	3.4679000561253623	(6, 1.395)	2	3	3
r9i1161p1f1	1959-07-05	5	1.295	1.561	1.263	2.7394545584375005	2.716069247625865	(5, 1.295)	1	3	3
r9i1161p1f1	1959-07-16	5	1.343	1.638	1.503	2.7735380507917475	2.8794260073004456	(5, 1.343)	1	3	3
r9i1161p1f1	1960-06-06	3	1.335	1.432	0.876	2.0715181700506955	1.7141275170938481	(3, 1.335)	1	1	1
r9i1161p1f1	1962-06-11	4	1.335	1.397	1.169	2.4578779774000807	2.337179737758545	(4, 1.335)	1	1	1
r9i1161p1f1	1962-07-13	3	1.448	1.69	1.216	2.1428890821423843	1.9904083056570567	(3, 1.448)	2	3	3
r9i1161p1f1	1966-06-29	3	1.217	1.374	0.523	1.9911180540358446	1.3130749947901585	(3, 1.217)	1	1	1
r9i1161p1f1	1966-08-06	5	1.567	1.822	2.621	2.9188292313362787	3.411268855181701	(5, 1.567)	2	2	0
r9i1161p1f1	1967-06-09	6	1.433	1.558	2.342	3.0937983255630623	3.5672831220453523	(6, 1.433)	2	3	3
r9i1161p1f1	1967-07-10	3	1.348	1.471	0.917	2.0799930727846583	1.7517829109102498	(3, 1.348)	1	1	1
r9i1161p1f1	1967-07-16	4	1.162	1.399	0.477	2.3317554702938255	1.57194370800652	(4, 1.162)	1	1	1
r9i1161p1f1	1969-08-09	10	1.619	2.217	5.759	3.9550302965555186	5.2101174860174115	(10, 1.619)	0	0	4
r9i1161p1f1	1971-06-11	6	1.42	1.551	2.261	3.085099950178096	3.5330959626173417	(6, 1.42)	2	3	3
r9i1161p1f1	1971-07-19	3	1.549	1.909	1.518	2.2026365840584483	2.184674979251309	(3, 1.549)	2	3	3
r9i1161p1f1	1972-07-05	7	1.51	1.888	3.27	3.366108620634075	4.120032573714478	(7, 1.51)	2	2	2
r9i1161p1f1	1972-08-24	3	1.427	1.696	1.152	2.130005073835971	1.9439035072324593	(3, 1.427)	2	3	3
r9i1161p1f1	1974-07-12	3	1.432	1.531	1.168	2.1330877851914485	1.9557340263295966	(3, 1.432)	1	3	3
r9i1161p1f1	1975-07-23	7	1.333	1.808	2.033	3.246004705727718	3.654590419818634	(7, 1.333)	2	3	2
r9i1161p1f1	1977-06-20	6	1.225	1.405	1.094	2.9446363075620363	2.837817474154023	(6, 1.225)	1	1	1
r9i1161p1f1	1977-08-24	6	1.542	1.899	2.995	3.163899085454709	3.8070475418019085	(6, 1.542)	2	2	0
r9i1161p1f1	1979-07-02	3	1.247	1.362	0.613	2.0121795915224925	1.4315643928674042	(3, 1.247)	1	1	1
r9i1161p1f1	1979-07-12	7	1.3	1.511	1.798	3.221924649702368	3.5351286193688636	(7, 1.3)	1	3	2
r9i1161p1f1	1980-06-04	3	1.48	1.59	1.313	2.1622081038610697	2.057010349436034	(3, 1.48)	2	3	3
r9i1161p1f1	1980-08-10	3	1.414	1.724	1.114	2.121945264387058	1.9152320367430575	(3, 1.414)	2	3	3
r9i1161p1f1	1981-06-12	5	1.73	2.226	3.434	3.0126871245548767	3.673595425485441	(5, 1.73)	2	2	0
r9i1161p1f1	1981-08-18	4	1.261	1.467	0.874	2.405863442447547	2.0784410413462524	(4, 1.261)	1	1	1
r9i1161p1f1	1984-07-09	4	1.433	1.784	1.562	2.5228444891283925	2.602393345243667	(4, 1.433)	2	3	3
r9i1161p1f1	1985-06-17	10	1.486	2.019	4.436	3.871022787320805	4.950734089336501	(10, 1.486)	0	0	2
r9i1161p1f1	1985-07-05	3	1.252	1.381	0.627	2.0156471213943736	1.4487966470299802	(3, 1.252)	1	1	1
r9i1161p1f1	1986-08-15	16	1.505	1.826	7.395	4.578004517915322	6.16179786458987	(16, 1.505)	0	0	4
r9i1161p1f1	1987-07-08	19	1.375	1.67	6.311	4.743855330563664	6.260864032085181	(19, 1.375)	0	0	4
r9i1161p1f1	1987-08-11	5	1.509	1.697	2.333	2.8831867233698234	3.298933287788018	(5, 1.509)	2	3	3
r9i1161p1f1	1988-07-08	9	1.311	1.62	2.411	3.5944863536637617	4.191123360048552	(9, 1.311)	2	3	2
r9i1161p1f1	1988-08-05	3	1.164	1.241	0.364	1.9527894920251458	1.061740634693605	(3, 1.164)	1	1	1
r9i1161p1f1	1988-08-12	6	1.525	1.851	2.895	3.1532842116730038	3.7738554385	(6, 1.525)	2	2	0
r9i1161p1f1	1991-08-11	4	1.659	2.02	2.467	2.6582995758376535	3.031871320169864	(4, 1.659)	2	2	0
r9i1161p1f1	1996-06-29	3	1.221	1.281	0.536	1.9939520208237795	1.331082266299207	(3, 1.221)	1	1	1
r9i1161p1f1	1996-08-18	3	1.463	1.719	1.26	2.151991362398152	2.021170280523964	(3, 1.463)	2	3	3
r9i1161p1f1	1997-06-10	6	1.892	2.266	5.093	3.3606047899963114	4.328777581140445	(6, 1.892)	0	2	0
r9i1161p1f1	1997-06-29	4	1.499	1.753	1.826	2.5643337834193223	2.7477836033208103	(4, 1.499)	2	3	3
r9i1161p1f1	1997-07-14	4	1.267	1.356	0.897	2.410183103592064	2.1012030334613487	(4, 1.267)	1	1	1
r9i1161p1f1	1997-08-23	3	1.212	1.336	0.509	1.9875642639627233	1.2933129031053585	(3, 1.212)	1	1	1
r9i1161p1f1	1998-06-19	3	1.246	1.299	0.611	2.011484640358179	1.4290782211885045	(3, 1.246)	1	1	1
r9i1161p1f1	1999-06-27	3	1.382	1.649	1.017	2.1018244949350686	1.83808421800981	(3, 1.382)	1	3	3
r9i1161p1f1	1999-07-20	3	1.271	1.421	0.683	2.028715156208546	1.5149012963880648	(3, 1.271)	1	1	1
r9i1161p1f1	2000-08-11	3	1.577	1.834	1.602	2.2185872475472697	2.232617051309159	(3, 1.577)	2	3	3
r9i1161p1f1	2001-07-17	7	1.262	1.762	1.532	3.1934581998795735	3.380077146737293	(7, 1.262)	2	3	2
r9i1161p1f1	2002-06-22	10	1.324	1.59	2.81	3.7581386019608756	4.498252928689103	(10, 1.324)	2	3	2
r9i1161p1f1	2003-06-06	4	1.246	1.365	0.812	2.394981942260013	2.014369544936121	(4, 1.246)	1	1	1
r9i1161p1f1	2004-08-08	9	1.371	1.459	2.955	3.6380334281080215	4.391791304728794	(9, 1.371)	2	3	2
r9i1161p1f1	2005-06-08	4	1.209	1.266	0.667	2.367623489173268	1.8462476545121247	(4, 1.209)	1	1	1
r9i1161p1f1	2007-07-02	3	1.434	1.682	1.175	2.1343182137754835	1.9608661901948141	(3, 1.434)	2	3	3
r9i1161p1f1	2008-06-17	9	1.245	1.46	1.821	3.5442871141299888	3.9153574400170186	(9, 1.245)	1	3	2
r9i1161p1f1	2008-07-18	3	1.483	1.584	1.32	2.1640002724695444	2.0616493448548585	(3, 1.483)	2	3	3
r9i1161p1f1	2008-08-07	7	1.334	1.457	2.042	3.2467254291159438	3.658893568624523	(7, 1.334)	1	3	2
r9i1161p1f1	2009-07-08	3	1.401	1.687	1.076	2.113819966225856	1.8857141863884672	(3, 1.401)	2	3	3
r9i1161p1f1	2010-06-11	8	1.275	1.402	1.862	3.396183388327043	3.7642709876017633	(8, 1.275)	1	3	2
r9i1231p1f1	1851-06-13	4	1.479	1.617	1.732	2.5519420511241586	2.6984038240504047	(4, 1.479)	2	3	3
r9i1231p1f1	1851-08-07	8	1.388	1.54	2.735	3.478369968111789	4.141323332672289	(8, 1.388)	2	3	2
r9i1231p1f1	1852-06-08	5	1.415	1.668	1.847	2.822579411966787	3.0750095085839555	(5, 1.415)	2	3	3
r9i1231p1f1	1856-07-13	3	1.207	1.355	0.483	1.9839977994098914	1.2555424222802944	(3, 1.207)	1	1	1
r9i1231p1f1	1856-08-02	9	1.381	1.916	3.015	3.64511041298123	4.411646114686143	(9, 1.381)	2	3	2
r9i1231p1f1	1857-07-13	9	1.404	1.794	3.222	3.661199885007194	4.477268630335539	(9, 1.404)	2	3	2
r9i1231p1f1	1857-07-31	3	1.221	1.481	0.526	1.9939520208237795	1.3172593925889304	(3, 1.221)	1	1	1
r9i1231p1f1	1858-06-24	3	1.465	1.6	1.257	2.153198763849829	2.019102669039607	(3, 1.465)	2	3	3
r9i1231p1f1	1858-07-11	3	1.206	1.412	0.481	1.9832829775946443	1.2525770413039474	(3, 1.206)	1	1	1
r9i1231p1f1	1859-06-13	5	1.175	1.278	0.645	2.6487883555042697	2.1055135959926994	(5, 1.175)	1	1	1
r9i1231p1f1	1864-06-07	3	1.348	1.502	0.907	2.0799930727846583	1.7427285693782244	(3, 1.348)	1	1	3
r9i1231p1f1	1864-06-13	10	1.27	1.528	2.241	3.7174894151863493	4.274812212208605	(10, 1.27)	2	3	2
r9i1231p1f1	1864-08-02	3	1.359	1.585	0.939	2.0871084683480854	1.7714185082929799	(3, 1.359)	1	3	3
r9i1231p1f1	1865-07-01	4	1.39	1.538	1.377	2.4948569806411682	2.4862390950217788	(4, 1.39)	1	3	3
r9i1231p1f1	1865-08-03	5	1.335	1.6	1.447	2.7679375315664663	2.843626690427477	(5, 1.335)	1	3	3
r9i1231p1f1	1867-08-20	3	1.286	1.354	0.719	2.038912735373727	1.555199990446345	(3, 1.286)	1	1	1
r9i1231p1f1	1868-06-10	4	1.154	1.228	0.432	2.3255200642765415	1.494251502624983	(4, 1.154)	1	1	1
r9i1231p1f1	1868-06-26	3	1.501	1.735	1.367	2.174686354175339	2.0922516855351465	(3, 1.501)	2	3	3
r9i1231p1f1	1871-07-22	4	1.712	2.049	2.665	2.6875753479128246	3.1054831375131102	(4, 1.712)	2	2	0
r9i1231p1f1	1872-06-09	3	1.281	1.383	0.706	2.0355250837068217	1.5408343102643483	(3, 1.281)	1	1	1
r9i1231p1f1	1872-07-10	3	1.526	1.746	1.439	2.1893412069611182	2.137387677939668	(3, 1.526)	2	3	3
r9i1231p1f1	1872-08-25	4	1.444	1.719	1.593	2.5298800154307313	2.6206023652418997	(4, 1.444)	2	3	3
r9i1231p1f1	1873-07-01	6	1.63	2.103	3.505	3.217114662308229	3.961056364608612	(6, 1.63)	2	2	0
r9i1231p1f1	1875-07-30	3	1.451	1.625	1.215	2.1447161783819926	1.9896980531777022	(3, 1.451)	2	3	3
r9i1231p1f1	1875-08-29	5	1.365	1.63	1.595	2.788779684979346	2.9355916472476244	(5, 1.365)	2	3	3
r9i1231p1f1	1876-07-03	10	1.401	1.704	3.549	3.8133845133494986	4.729414384719005	(10, 1.401)	0	0	2
r9i1231p1f1	1876-07-31	6	1.571	2.274	3.149	3.1817507514509864	3.8561013154741115	(6, 1.571)	2	2	0
r9i1231p1f1	1876-08-19	7	1.598	1.933	3.862	3.420848826470986	4.2839346522124995	(7, 1.598)	2	2	0
r9i1231p1f1	1877-08-03	4	1.378	1.524	1.328	2.486904652450673	2.453071926267982	(4, 1.378)	1	3	3
r9i1231p1f1	1877-08-26	5	1.506	1.771	2.301	2.881308133207262	3.2856354555572596	(5, 1.506)	2	3	3
r9i1231p1f1	1879-06-04	3	1.415	1.59	1.108	2.1225675612702424	1.9106288604174835	(3, 1.415)	1	3	3
r9i1231p1f1	1880-07-17	3	1.592	1.792	1.64	2.227028727789076	2.2535723512461443	(3, 1.592)	2	3	3
r9i1231p1f1	1881-07-30	5	1.099	1.16	0.268	2.5868006793464966	1.3853767126717422	(5, 1.099)	1	1	1
r9i1231p1f1	1881-08-14	3	1.258	1.357	0.637	2.0197923479787105	1.4609260927382746	(3, 1.258)	1	1	1
r9i1231p1f1	1881-08-20	3	1.26	1.341	0.644	2.021170280523964	1.4693300070719546	(3, 1.26)	1	1	1
r9i1231p1f1	1882-07-17	4	1.401	1.533	1.419	2.5020914745421012	2.5138179932824203	(4, 1.401)	1	3	3
r9i1231p1f1	1884-06-28	4	1.556	1.916	2.042	2.5988303961063144	2.8527852642340576	(4, 1.556)	2	2	0
r9i1231p1f1	1884-08-25	4	1.562	1.703	2.064	2.602393345243667	2.862886360220562	(4, 1.562)	2	3	3
r9i1231p1f1	1885-07-25	6	1.601	1.869	3.329	3.1998886425487245	3.910544074796192	(6, 1.601)	2	2	0
r9i1231p1f1	1885-08-03	4	1.527	2.165	1.925	2.581428216778622	2.797281334830153	(4, 1.527)	2	2	0
r9i1231p1f1	1885-08-26	3	1.47	1.677	1.273	2.1562109048842784	2.030080856770745	(3, 1.47)	2	3	3
r9i1231p1f1	1886-05-28	13	1.216	1.367	2.21	4.060383604687698	4.650023928262852	(13, 1.216)	1	3	2
r9i1231p1f1	1886-06-15	4	1.331	1.616	1.139	2.4551344914543303	2.3137228374045016	(4, 1.331)	1	3	3
r9i1231p1f1	1886-08-23	4	1.565	1.908	2.079	2.604170070614818	2.869715432970504	(4, 1.565)	2	2	0
r9i1231p1f1	1887-07-20	5	1.219	1.405	0.864	2.682994534677954	2.366480938547312	(5, 1.219)	1	1	1
r9i1231p1f1	1887-08-24	3	1.46	1.656	1.243	2.1501775224031414	2.009396884415142	(3, 1.46)	2	3	3
r9i1231p1f1	1890-07-26	4	1.554	1.741	2.032	2.5976399197752396	2.8481599090868555	(4, 1.554)	2	3	3
r9i1231p1f1	1891-07-05	4	1.174	1.199	0.515	2.341036279368298	1.6331544390514163	(4, 1.174)	1	1	1
r9i1231p1f1	1891-07-25	10	1.849	2.595	8.031	4.085480625626904	5.541116549602648	(10, 1.849)	0	0	4
r9i1231p1f1	1892-06-22	5	1.159	1.284	0.565	2.636053818560595	1.990185652625193	(5, 1.159)	1	1	1
r9i1231p1f1	1892-08-11	4	1.387	1.654	1.366	2.4928748194371773	2.4788885774624374	(4, 1.387)	2	3	3
r9i1231p1f1	1892-08-17	5	1.417	1.743	1.855	2.823907925014001	3.0791322849240017	(5, 1.417)	2	3	3
r9i1231p1f1	1892-08-28	3	1.026	1.137	-0.06	1.8454980658277378	-0.37363095279987146	(3, 1.026)	1	1	1
r9i1231p1f1	1893-08-24	4	1.349	1.636	1.212	2.4674213354469807	2.369869839799642	(4, 1.349)	1	3	3
r9i1231p1f1	1897-08-16	3	1.374	1.51	0.986	2.0967304028960037	1.8121185248247058	(3, 1.374)	1	1	3
r9i1231p1f1	1898-06-10	5	1.242	1.402	0.983	2.7004199741703525	2.4840958302803102	(5, 1.242)	1	1	1
r9i1231p1f1	1899-06-19	5	1.1	1.127	0.269	2.587641762809045	1.3881704575841456	(5, 1.1)	1	1	1
r9i1231p1f1	1899-07-11	5	1.436	1.771	1.951	2.836441544185978	3.1273236721286852	(5, 1.436)	2	3	3
r9i1231p1f1	1899-07-19	13	1.336	1.758	3.775	4.152946976869023	5.18146006451213	(13, 1.336)	0	0	2
r9i1231p1f1	1899-08-03	4	1.406	1.669	1.439	2.5053626583553825	2.526688183802955	(4, 1.406)	2	3	3
r9i1231p1f1	1899-08-16	3	1.259	1.557	0.639	2.020481551588581	1.463334426473694	(3, 1.259)	1	1	1
r9i1231p1f1	1901-05-31	3	1.535	1.71	1.467	2.1945648176264645	2.154404709241113	(3, 1.535)	2	3	3
r9i1231p1f1	1901-06-21	6	1.07	1.192	0.146	2.8169479024562407	1.146053293823126	(6, 1.07)	1	1	1
r9i1231p1f1	1901-08-17	3	1.275	1.423	0.688	2.0314446947383757	1.5205963963404616	(3, 1.275)	1	1	1
r9i1231p1f1	1904-06-05	4	1.548	1.808	2.008	2.594059963684523	2.8369709811690496	(4, 1.548)	2	3	3
r9i1231p1f1	1907-07-14	4	1.575	1.78	2.116	2.6100697927420065	2.886363736498626	(4, 1.575)	2	3	3
r9i1231p1f1	1907-07-31	6	1.375	1.626	1.977	3.054392160799876	3.403057228703738	(6, 1.375)	2	3	3
r9i1231p1f1	1909-08-25	7	1.463	1.96	2.923	3.335596578337707	4.009779600783313	(7, 1.463)	2	2	2
r9i1231p1f1	1910-06-04	3	1.263	1.369	0.651	2.023233625810394	1.4776638838106866	(3, 1.263)	1	1	1
r9i1231p1f1	1910-07-20	5	1.417	1.756	1.858	2.823907925014001	3.0806739544524726	(5, 1.417)	2	3	3
r9i1231p1f1	1911-06-28	9	1.649	1.958	5.433	3.818217692743091	4.995122253354426	(9, 1.649)	0	0	4
r9i1231p1f1	1911-08-08	6	1.688	2.307	3.853	3.250701264690762	4.053996480971612	(6, 1.688)	0	2	0
r9i1231p1f1	1912-06-10	3	1.255	1.336	0.627	2.0177218825479337	1.4487966470299802	(3, 1.255)	1	1	1
r9i1231p1f1	1912-06-26	3	1.141	1.246	0.287	1.93568806891756	0.9128029547713848	(3, 1.141)	1	1	1
r9i1231p1f1	1912-07-01	3	1.217	1.344	0.515	1.9911180540358446	1.3018302364976233	(3, 1.217)	1	1	1
r9i1231p1f1	1913-07-31	3	1.355	1.55	0.928	2.0845269058647236	1.7616489034129674	(3, 1.355)	1	1	3
r9i1231p1f1	1914-07-23	3	1.13	1.26	0.251	1.9274045777056474	0.8347484121874346	(3, 1.13)	1	1	1
r9i1231p1f1	1915-07-18	3	1.752	2.023	2.12	2.312897639880849	2.486226040354182	(3, 1.752)	2	2	0
r9i1231p1f1	1916-07-17	3	1.599	1.937	1.66	2.23094383089042	2.2644275687111977	(3, 1.599)	2	2	0
r9i1231p1f1	1918-06-21	12	1.504	1.808	5.493	4.151356484916176	5.435204406711893	(12, 1.504)	0	0	4
r9i1231p1f1	1919-08-27	3	1.132	1.38	0.26	1.9289157796740044	0.8548406121371308	(3, 1.132)	1	1	1
r9i1231p1f1	1920-07-09	4	1.362	1.479	1.266	2.476202209157854	2.409464454621142	(4, 1.362)	1	3	3
r9i1231p1f1	1922-08-04	3	1.454	1.754	1.226	2.146539942428245	1.9974832224048533	(3, 1.454)	2	3	3
r9i1231p1f1	1924-08-23	3	1.465	1.76	1.258	2.153198763849829	2.0197923479787105	(3, 1.465)	2	3	3
r9i1231p1f1	1925-06-30	3	1.218	1.339	0.517	1.991827299029127	1.3046533024514237	(3, 1.218)	1	1	1
r9i1231p1f1	1925-07-09	5	1.247	1.316	1.008	2.704168265444365	2.507139541092265	(5, 1.247)	1	1	1
r9i1231p1f1	1926-06-01	3	1.229	1.397	0.55	1.9995959735061966	1.350118803218546	(3, 1.229)	1	1	1
r9i1231p1f1	1926-08-18	3	1.232	1.285	0.56	2.001704270299514	1.3634978225030308	(3, 1.232)	1	1	1
r9i1231p1f1	1928-07-18	4	1.524	2.01	1.912	2.579610585257298	2.7909196789245048	(4, 1.524)	2	2	0
r9i1231p1f1	1928-08-11	3	1.246	1.357	0.6	2.011484640358179	1.415292679529417	(3, 1.246)	1	1	1
r9i1231p1f1	1928-08-27	3	1.267	1.37	0.662	2.0259781469017057	1.4906212461277157	(3, 1.267)	1	1	1
r9i1231p1f1	1929-06-22	6	1.608	1.926	3.372	3.204073896375191	3.9231227047317723	(6, 1.608)	2	2	0
r9i1231p1f1	1929-08-02	3	1.356	1.556	0.931	2.085172921547925	1.7643228207421962	(3, 1.356)	1	1	3
r9i1231p1f1	1929-08-08	4	1.94	2.405	3.578	2.804571768092832	3.3885848436113113	(4, 1.94)	0	2	0
r9i1231p1f1	1932-06-12	3	1.112	1.192	0.2	1.913699997788122	0.7125725232330974	(3, 1.112)	1	1	1
r9i1231p1f1	1933-06-10	4	1.337	1.589	1.166	2.459246903007423	2.3348586535443414	(4, 1.337)	1	3	3
r9i1231p1f1	1934-06-25	3	1.253	1.456	0.622	2.0163391868484126	1.4426763029959913	(3, 1.253)	1	1	1
r9i1231p1f1	1934-07-05	5	1.302	1.526	1.282	2.74449800492959	2.730020134026829	(5, 1.302)	1	3	3
r9i1231p1f1	1934-07-16	6	1.679	2.175	3.8	3.2455629220311364	4.040387479861935	(6, 1.679)	0	2	0
r9i1231p1f1	1935-05-30	8	1.173	1.296	1.018	3.315710665009509	3.17949905650255	(8, 1.173)	1	1	1
r9i1231p1f1	1935-07-24	6	1.218	1.503	1.032	2.9392080077898486	2.7829870027060535	(6, 1.218)	1	1	1
r9i1231p1f1	1936-08-04	13	1.582	2.152	6.975	4.319509635964872	5.792810422812552	(13, 1.582)	0	0	4
r9i1231p1f1	1939-07-06	4	1.348	1.438	1.208	2.4667426791603293	2.3668735828764076	(4, 1.348)	1	1	3
r9i1231p1f1	1940-05-28	9	1.491	2.01	4.005	3.719820795353485	4.692585647991041	(9, 1.491)	0	0	2
r9i1231p1f1	1941-08-19	5	1.509	1.833	2.317	2.8831867233698234	3.292306475552533	(5, 1.509)	2	3	3
r9i1231p1f1	1942-07-07	4	1.299	1.509	1.014	2.4329113546696197	2.209592226144881	(4, 1.299)	1	1	1
r9i1231p1f1	1942-07-26	3	1.332	1.625	0.857	2.069552181132402	1.6961847359134596	(3, 1.332)	1	3	3
r9i1231p1f1	1942-07-31	3	1.312	1.472	0.797	2.0563458755484163	1.637312477901555	(3, 1.312)	1	1	1
r9i1231p1f1	1945-06-04	5	1.227	1.306	0.908	2.689090057670178	2.4115963123230233	(5, 1.227)	1	1	1
r9i1231p1f1	1945-07-05	3	1.547	1.892	1.504	2.2014874558921855	2.1764563182594565	(3, 1.547)	2	3	3
r9i1231p1f1	1947-06-06	6	1.182	1.39	0.817	2.9108158600035026	2.565518327807448	(6, 1.182)	1	1	1
r9i1231p1f1	1947-07-03	3	1.35	1.541	0.914	2.081290552536939	1.7490752060589894	(3, 1.35)	1	1	3
r9i1231p1f1	1947-07-11	5	1.406	1.555	1.801	2.8165791648322775	3.050967913202163	(5, 1.406)	2	3	3
r9i1231p1f1	1948-06-24	3	1.105	1.147	0.178	1.9083193018307179	0.6548818791012503	(3, 1.105)	1	1	1
r9i1231p1f1	1950-08-06	8	1.394	1.786	2.783	3.482550593178586	4.158447074342634	(8, 1.394)	2	3	2
r9i1231p1f1	1951-06-19	4	1.412	1.637	1.464	2.5092740062362946	2.542546429234415	(4, 1.412)	2	3	3
r9i1231p1f1	1951-07-16	8	1.413	1.64	2.934	3.495675100464856	4.210479447417602	(8, 1.413)	2	3	2
r9i1231p1f1	1952-08-15	7	1.459	1.954	2.895	3.3329563039325407	4.000329632395844	(7, 1.459)	2	2	2
r9i1231p1f1	1954-06-29	3	1.473	1.789	1.282	2.158013844065666	2.0362035327569803	(3, 1.473)	2	3	3
r9i1231p1f1	1956-08-23	5	1.406	1.591	1.799	2.8165791648322775	3.049909399934455	(5, 1.406)	2	3	3
r9i1231p1f1	1957-07-30	6	1.433	1.897	2.324	3.0937983255630623	3.559786339841015	(6, 1.433)	2	3	3
r9i1231p1f1	1960-06-08	3	1.217	1.327	0.515	1.9911180540358446	1.3018302364976233	(3, 1.217)	1	1	1
r9i1231p1f1	1961-06-14	3	1.225	1.311	0.537	1.9967779789349385	1.3324541025482408	(3, 1.225)	1	1	1
r9i1231p1f1	1962-06-23	6	1.651	2.137	3.63	3.2294060031025333	3.9954425270483465	(6, 1.651)	2	2	0
r9i1231p1f1	1962-08-18	3	1.053	1.339	0.023	1.8674154154423224	0.11289243455834964	(3, 1.053)	1	1	1
r9i1231p1f1	1963-07-13	7	1.693	2.329	4.534	3.4767623495879127	4.442308316641027	(7, 1.693)	0	2	0
r9i1231p1f1	1963-07-24	3	1.331	1.564	0.855	2.068895991639963	1.6942771576452456	(3, 1.331)	1	1	3
r9i1231p1f1	1963-07-30	6	1.924	2.758	5.27	3.3767991367565733	4.362498007088105	(6, 1.924)	0	2	0
r9i1231p1f1	1964-06-28	7	1.769	2.214	5.065	3.519345935246879	4.551823339597797	(7, 1.769)	0	2	0
r9i1231p1f1	1964-07-21	7	1.658	2.413	4.283	3.456524536762848	4.386046918206232	(7, 1.658)	0	2	0
r9i1231p1f1	1967-08-16	3	1.241	1.306	0.587	2.0080026216671287	1.3987518118981863	(3, 1.241)	1	1	1
r9i1231p1f1	1968-07-19	8	1.325	1.778	2.235	3.433384685016729	3.942984260480842	(8, 1.325)	2	3	2
r9i1231p1f1	1968-08-08	4	1.37	1.515	1.298	2.481567748522486	2.432208860787551	(4, 1.37)	1	3	3
r9i1231p1f1	1969-06-07	5	1.357	1.588	1.558	2.7832641136467724	2.913381087064909	(5, 1.357)	1	3	3
r9i1231p1f1	1969-08-04	3	1.132	1.167	0.258	1.9289157796740044	0.8504104363179789	(3, 1.132)	1	1	1
r9i1231p1f1	1969-08-10	9	2.197	2.93	10.362	4.099647145312943	5.637550075272105	(9, 2.197)	0	0	4
r9i1231p1f1	1970-07-11	3	1.141	1.21	0.286	1.93568806891756	0.9107150537881289	(3, 1.141)	1	1	1
r9i1231p1f1	1975-06-02	6	1.245	1.352	1.197	2.959985315607432	2.9227440383276013	(6, 1.245)	1	1	1
r9i1231p1f1	1975-06-22	6	1.713	2.128	4.002	3.264837442997013	4.09129237074956	(6, 1.713)	0	2	0
r9i1231p1f1	1975-06-30	7	1.42	1.692	2.618	3.3068415741390336	3.901690579822782	(7, 1.42)	2	3	2
r9i1231p1f1	1975-08-21	4	1.405	1.486	1.439	2.50470927708418	2.526688183802955	(4, 1.405)	1	3	3
r9i1231p1f1	1976-08-22	3	1.73	1.959	2.052	2.301518893934027	2.456378975296123	(3, 1.73)	2	2	0
r9i1231p1f1	1978-06-19	5	1.235	1.449	0.945	2.6951486502583273	2.4480197147077707	(5, 1.235)	1	1	1
r9i1231p1f1	1978-07-07	5	1.52	1.656	2.372	2.8900448505232386	3.3149045178672676	(5, 1.52)	2	3	3
r9i1231p1f1	1978-07-25	13	1.392	2.145	4.494	4.193375929219348	5.35490333392112	(13, 1.392)	0	0	4
r9i1231p1f1	1982-08-15	4	1.211	1.284	0.66	2.36912161679429	1.8373699804801074	(4, 1.211)	1	1	1
r9i1231p1f1	1983-08-05	5	1.103	1.16	0.283	2.590160776980125	1.4264848414359483	(5, 1.103)	1	1	1
r9i1231p1f1	1983-08-17	3	1.291	1.379	0.734	2.042288949592007	1.5715233286018926	(3, 1.291)	1	1	1
r9i1231p1f1	1984-07-07	6	1.732	2.193	4.114	3.275448858337704	4.11843870000377	(6, 1.732)	0	2	0
r9i1231p1f1	1985-06-06	5	1.286	1.401	1.203	2.7329325254733114	2.6706908771584983	(5, 1.286)	1	1	1
r9i1231p1f1	1985-07-09	7	1.601	2.024	3.885	3.4226631657701967	4.289790819100638	(7, 1.601)	0	2	0
r9i1231p1f1	1986-08-01	3	1.214	1.318	0.504	1.9889872958811943	1.2861592859929931	(3, 1.214)	1	1	1
r9i1231p1f1	1987-08-05	14	1.511	1.872	6.506	4.383912609602301	5.834240754234882	(14, 1.511)	0	0	4
r9i1231p1f1	1988-06-14	12	1.408	1.58	4.341	4.086471331007502	5.200991053058024	(12, 1.408)	0	0	2
r9i1231p1f1	1989-06-16	4	1.508	1.714	1.848	2.569860355668164	2.7589967687203143	(4, 1.508)	2	3	3
r9i1231p1f1	1989-08-23	5	1.227	1.693	0.904	2.689090057670178	2.4075779943369233	(5, 1.227)	1	3	3
r9i1231p1f1	1991-07-08	5	1.573	1.813	2.634	2.92244490692875	3.416053654180503	(5, 1.573)	2	2	0
r9i1231p1f1	1992-07-25	4	1.657	1.913	2.444	2.6571778707284537	3.0229582598075826	(4, 1.657)	2	2	0
r9i1231p1f1	1994-06-13	3	1.184	1.291	0.414	1.96742621912213	1.1477855867341364	(3, 1.184)	1	1	1
r9i1231p1f1	1994-08-12	7	1.437	1.623	2.739	3.318308855413168	3.9459796933999276	(7, 1.437)	2	3	2
r9i1231p1f1	1994-08-26	5	1.222	1.316	0.882	2.6852847121547896	2.3851838954512505	(5, 1.222)	1	1	1
r9i1231p1f1	1998-06-30	4	1.186	1.275	0.561	2.3502317464613984	1.7025638904235842	(4, 1.186)	1	1	1
r9i1231p1f1	2000-08-07	3	1.198	1.317	0.457	1.9775459332921197	1.21628914303618	(3, 1.198)	1	1	1
r9i1231p1f1	2001-07-21	6	2.075	2.425	6.173	3.4498652303402597	4.518786260399145	(6, 2.075)	0	2	4
r9i1231p1f1	2001-07-31	3	1.453	1.556	1.222	2.145932390572937	1.9946592593953143	(3, 1.453)	1	3	3
r9i1231p1f1	2002-06-30	5	1.225	1.325	0.895	2.6875696567008087	2.398477303323153	(5, 1.225)	1	1	1
r9i1231p1f1	2002-08-18	3	1.347	1.4	0.904	2.0793437010668283	1.7399962030397926	(3, 1.347)	1	1	1
r9i1231p1f1	2003-07-14	3	1.261	1.383	0.646	2.0218585354382537	1.4717182102318955	(3, 1.261)	1	1	1
r9i1231p1f1	2003-08-10	4	1.43	1.66	1.537	2.5209170873110334	2.5874632381130924	(4, 1.43)	2	3	3
r9i1231p1f1	2005-06-17	5	1.302	1.392	1.281	2.74449800492959	2.7292907089163507	(5, 1.302)	1	1	1
r9i1231p1f1	2005-08-18	4	1.412	1.71	1.467	2.5092740062362946	2.5444326291020274	(4, 1.412)	2	3	3
r9i1231p1f1	2007-07-30	8	1.288	1.376	1.94	3.4059896501579057	3.8043751864645396	(8, 1.288)	1	3	2
r9i1231p1f1	2008-08-18	3	1.206	1.457	0.48	1.9832829775946443	1.2510910467268215	(3, 1.206)	1	1	1
r9i1231p1f1	2009-06-22	28	1.391	1.891	9.661	5.333170112307478	7.267102303646104	(28, 1.391)	0	0	4
r9i1231p1f1	2009-07-30	3	1.193	1.399	0.44	1.9739434943828855	1.1897644619901993	(3, 1.193)	1	1	1
r9i1231p1f1	2009-08-27	4	1.178	1.283	0.529	2.344110839822544	1.6547936141548976	(4, 1.178)	1	1	1
r9i1231p1f1	2010-06-06	5	1.256	1.339	1.051	2.710879986726104	2.5455734057568886	(5, 1.256)	1	1	1
r9i1251p1f1	1851-05-27	13	1.241	1.591	2.511	4.08038691804228	4.776565689298174	(13, 1.241)	0	0	2
r9i1251p1f1	1852-06-21	3	1.17	1.232	0.365	1.9572030484955636	1.0635361281984803	(3, 1.17)	1	1	1
r9i1251p1f1	1852-07-18	3	1.326	1.56	0.832	2.0656085698259683	1.672074403801572	(3, 1.326)	1	1	3
r9i1251p1f1	1852-07-24	5	1.479	1.921	2.153	2.8642400970919235	3.2217226399535397	(5, 1.479)	2	3	3
r9i1251p1f1	1852-07-31	5	1.428	1.63	1.898	2.8311833650039033	3.101005615203559	(5, 1.428)	2	3	3
r9i1251p1f1	1855-08-28	3	1.13	1.186	0.244	1.9274045777056474	0.8188371807916396	(3, 1.13)	1	1	1
r9i1251p1f1	1856-08-23	5	1.52	1.851	2.357	2.8900448505232386	3.3087918867171826	(5, 1.52)	2	3	3
r9i1251p1f1	1857-06-29	8	1.666	2.214	4.942	3.6557692285317414	4.725835240670323	(8, 1.666)	0	0	0
r9i1251p1f1	1857-08-02	9	1.438	1.876	3.507	3.6845199653364835	4.5611033493237745	(9, 1.438)	2	0	2
r9i1251p1f1	1858-06-02	3	1.272	1.383	0.671	2.0293982396318806	1.5010992499708764	(3, 1.272)	1	1	1
r9i1251p1f1	1858-06-24	3	1.206	1.311	0.473	1.9832829775946443	1.240626792393481	(3, 1.206)	1	1	1
r9i1251p1f1	1858-08-09	3	1.236	1.338	0.564	2.0045084361444423	1.3687997098305686	(3, 1.236)	1	1	1
r9i1251p1f1	1859-06-20	5	1.62	1.91	2.858	2.9503242907871545	3.495094788168205	(5, 1.62)	2	2	0
r9i1251p1f1	1859-08-05	5	1.257	1.34	1.042	2.7116229604290782	2.5376504295990374	(5, 1.257)	1	1	1
r9i1251p1f1	1860-08-21	6	1.261	1.647	1.277	2.972097120593302	2.9840639835184812	(6, 1.261)	1	3	3
r9i1251p1f1	1862-06-06	5	1.159	1.325	0.556	2.636053818560595	1.9763380572110507	(5, 1.159)	1	1	1
r9i1251p1f1	1863-06-28	7	1.746	2.042	4.882	3.5066490688786716	4.515419481967458	(7, 1.746)	0	2	0
r9i1251p1f1	1865-06-26	3	1.264	1.464	0.649	2.0239204625683063	1.475289854816308	(3, 1.264)	1	1	1
r9i1251p1f1	1865-08-27	3	1.195	1.361	0.441	1.9753860276277764	1.1913443657207363	(3, 1.195)	1	1	1
r9i1251p1f1	1867-06-15	3	1.219	1.28	0.512	1.9925360413504454	1.297580637895095	(3, 1.219)	1	1	1
r9i1251p1f1	1867-08-10	4	1.402	1.719	1.414	2.5027465679163314	2.510574396536578	(4, 1.402)	2	3	3
r9i1251p1f1	1868-08-07	3	1.137	1.243	0.268	1.9326838233665247	0.8723676210616929	(3, 1.137)	1	1	1
r9i1251p1f1	1868-08-12	3	1.07	1.104	0.065	1.8809727815008697	0.2909890290453284	(3, 1.07)	1	1	1
r9i1251p1f1	1869-06-21	3	1.111	1.154	0.188	1.9129330972319676	0.6815181524944838	(3, 1.111)	1	1	1
r9i1251p1f1	1871-08-16	6	1.456	1.834	2.449	3.109004814113204	3.6107233607595854	(6, 1.456)	2	3	3
r9i1251p1f1	1872-08-11	3	1.248	1.384	0.601	2.0128740600650636	1.4165537931171266	(3, 1.248)	1	1	1
r9i1251p1f1	1874-08-05	3	1.251	1.557	0.607	2.014954576654025	1.4240872574909593	(3, 1.251)	1	1	1
r9i1251p1f1	1874-08-23	4	1.161	1.237	0.45	2.3309781674952634	1.5260563034950494	(4, 1.161)	1	1	1
r9i1251p1f1	1875-07-15	3	1.384	1.582	1.008	2.1030939735949343	1.8306149942480556	(3, 1.384)	1	3	3
r9i1251p1f1	1875-07-27	4	1.276	1.439	0.91	2.416627809034706	2.1138429683971682	(4, 1.276)	1	1	1
r9i1251p1f1	1876-08-05	3	1.522	1.722	1.423	2.1870108148138745	2.127532044180204	(3, 1.522)	2	3	3
r9i1251p1f1	1879-06-17	3	1.24	1.295	0.574	2.007304760626642	1.3819327357041902	(3, 1.24)	1	1	1
r9i1251p1f1	1880-08-03	7	1.295	1.491	1.731	3.2182250385447317	3.4982807955139497	(7, 1.295)	1	3	2
r9i1251p1f1	1881-06-08	4	1.647	1.915	2.394	2.651550393862725	3.003303539050309	(4, 1.647)	2	2	0
r9i1251p1f1	1881-07-15	3	1.797	2.047	2.245	2.335776696731353	2.5388708806741374	(3, 1.797)	2	2	0
r9i1251p1f1	1881-08-01	3	1.287	1.404	0.716	2.039588890738971	1.5519031033409696	(3, 1.287)	1	1	1
r9i1251p1f1	1881-08-06	4	1.576	1.811	2.112	2.6106578550935606	2.8845772241878285	(4, 1.576)	2	3	3
r9i1251p1f1	1882-08-11	3	1.425	1.605	1.131	2.1287693234923526	1.9281604641562224	(3, 1.425)	1	3	3
r9i1251p1f1	1885-06-15	3	1.24	1.418	0.576	2.007304760626642	1.3845387698406983	(3, 1.24)	1	1	1
r9i1251p1f1	1885-06-27	4	1.189	1.278	0.563	2.352517461742255	1.7054751006310425	(4, 1.189)	1	1	1
r9i1251p1f1	1886-07-13	3	1.514	1.817	1.397	2.1823336747840143	2.1113065338966903	(3, 1.514)	2	3	3
r9i1251p1f1	1886-08-23	4	1.466	1.811	1.67	2.5438042910354857	2.664446563620078	(4, 1.466)	2	3	3
r9i1251p1f1	1888-07-17	6	1.413	1.639	2.191	3.0803846804956367	3.5025797597719297	(6, 1.413)	2	3	3
r9i1251p1f1	1890-07-07	3	1.223	1.346	0.525	1.9953659981339325	1.3158665378822105	(3, 1.223)	1	1	1
r9i1251p1f1	1891-06-17	3	1.152	1.255	0.312	1.9439035072324593	0.9636320587510483	(3, 1.152)	1	1	1
r9i1251p1f1	1891-07-02	7	1.327	1.859	1.953	3.241669422924157	3.6155037646025456	(7, 1.327)	2	3	2
r9i1251p1f1	1893-07-14	3	1.382	1.569	1.002	2.1018244949350686	1.8256043365139252	(3, 1.382)	1	3	3
r9i1251p1f1	1893-08-25	8	1.308	1.585	2.079	3.4208908995206313	3.8720839530576123	(8, 1.308)	2	3	2
r9i1251p1f1	1896-07-06	4	1.19	1.448	0.566	2.3532782073095637	1.7098260864653687	(4, 1.19)	1	1	1
r9i1251p1f1	1897-06-14	4	1.599	1.715	2.205	2.624088713921337	2.925309809257445	(4, 1.599)	2	3	3
r9i1251p1f1	1897-06-30	4	1.349	1.497	1.203	2.4674213354469807	2.3631155927340783	(4, 1.349)	1	3	3
r9i1251p1f1	1897-07-28	8	1.377	1.703	2.633	3.470659798199699	4.103931608541864	(8, 1.377)	2	3	2
r9i1251p1f1	1897-08-10	8	1.608	2.15	4.476	3.621266519345895	4.627717264251845	(8, 1.608)	0	2	0
r9i1251p1f1	1897-08-27	5	1.378	1.715	1.65	2.797678107628192	2.96772165419884	(5, 1.378)	2	3	3
r9i1251p1f1	1898-07-24	5	1.457	1.778	2.046	2.8501141420522367	3.1728308564111996	(5, 1.457)	2	3	3
r9i1251p1f1	1898-08-01	7	1.344	1.613	2.068	3.253904236998588	3.6712218720261913	(7, 1.344)	2	3	2
r9i1251p1f1	1898-08-11	5	1.267	1.364	1.096	2.719022493895208	2.584273176082192	(5, 1.267)	1	1	1
r9i1251p1f1	1899-06-10	3	1.122	1.166	0.222	1.9213368284541927	0.7671157105610386	(3, 1.122)	1	1	1
r9i1251p1f1	1899-08-07	4	1.347	1.649	1.195	2.4660635619865205	2.3570732782781154	(4, 1.347)	1	3	3
r9i1251p1f1	1900-08-10	3	1.34	1.475	0.876	2.074786253423948	1.7141275170938481	(3, 1.34)	1	1	1
r9i1251p1f1	1903-07-05	4	1.554	1.87	2.025	2.5976399197752396	2.8449093838194073	(4, 1.554)	2	3	3
r9i1251p1f1	1904-06-02	4	1.401	1.643	1.413	2.5020914745421012	2.5099244127632883	(4, 1.401)	2	3	3
r9i1251p1f1	1906-08-21	3	1.111	1.162	0.188	1.9129330972319676	0.6815181524944838	(3, 1.111)	1	1	1
r9i1251p1f1	1907-07-05	3	1.672	1.945	1.871	2.2708845845650742	2.372297815728424	(3, 1.672)	2	2	0
r9i1251p1f1	1908-07-15	4	1.322	1.502	1.094	2.448933989329183	2.2774723921789706	(4, 1.322)	1	1	3
r9i1251p1f1	1908-08-21	3	1.203	1.279	0.464	1.9811354412044515	1.2270098200897182	(3, 1.203)	1	1	1
r9i1251p1f1	1909-06-15	14	1.303	1.535	3.565	4.237799879300633	5.235090625577927	(14, 1.303)	0	0	2
r9i1251p1f1	1910-06-02	3	1.105	1.159	0.169	1.9083193018307179	0.6302871217160615	(3, 1.105)	1	1	1
r9i1251p1f1	1910-06-28	3	1.115	1.138	0.2	1.9159971769397985	0.7125725232330974	(3, 1.115)	1	1	1
r9i1251p1f1	1910-08-03	5	1.417	1.748	1.846	2.823907925014001	3.074492964363732	(5, 1.417)	2	3	3
r9i1251p1f1	1910-08-18	4	1.349	1.631	1.203	2.4674213354469807	2.3631155927340783	(4, 1.349)	1	3	3
r9i1251p1f1	1911-06-17	3	1.351	1.421	0.909	2.0819386616635143	1.7445460080509814	(3, 1.351)	1	1	1
r9i1251p1f1	1911-07-27	4	1.365	1.591	1.265	2.4782176616372036	2.4087452888224363	(4, 1.365)	1	3	3
r9i1251p1f1	1913-08-14	4	1.275	1.498	0.906	2.4159137783010487	2.1099707467146587	(4, 1.275)	1	1	1
r9i1251p1f1	1914-08-24	4	1.613	1.975	2.258	2.632176568523036	2.947801739796441	(4, 1.613)	2	2	0
r9i1251p1f1	1915-07-13	4	1.436	1.767	1.55	2.524768183213131	2.5952547069568657	(4, 1.436)	2	3	3
r9i1251p1f1	1915-08-10	6	1.628	1.778	3.48	3.215936140527322	3.9540349316216177	(6, 1.628)	2	2	0
r9i1251p1f1	1918-07-31	5	1.239	1.325	0.953	2.698164236965281	2.4557235961249573	(5, 1.239)	1	1	1
r9i1251p1f1	1920-08-08	5	1.301	1.387	1.266	2.7437790680320884	2.7182849995812974	(5, 1.301)	1	1	1
r9i1251p1f1	1921-06-08	9	1.376	1.585	2.948	3.641578180995923	4.38944902048952	(9, 1.376)	2	3	2
r9i1251p1f1	1921-06-19	10	1.435	1.677	3.868	3.8368399662551047	4.81475746400032	(10, 1.435)	0	0	2
r9i1251p1f1	1921-07-12	6	1.41	1.737	2.173	3.07835702444974	3.4945798642395918	(6, 1.41)	2	3	3
r9i1251p1f1	1921-07-22	4	1.43	1.69	1.526	2.5209170873110334	2.580822706617827	(4, 1.43)	2	3	3
r9i1251p1f1	1921-07-29	8	1.842	2.739	6.353	3.7537234467995386	4.975021796415494	(8, 1.842)	0	0	4
r9i1251p1f1	1923-06-07	5	1.339	1.528	1.456	2.770741711900932	2.8494672875326525	(5, 1.339)	1	3	3
r9i1251p1f1	1923-06-28	14	1.765	2.276	10.034	4.537494525460442	6.266466053181531	(14, 1.765)	0	0	4
r9i1251p1f1	1927-07-14	3	1.4	1.476	1.056	2.113192200146248	1.8698212867532615	(3, 1.4)	1	1	3
r9i1251p1f1	1927-08-01	7	1.422	1.805	2.617	3.3081975112157753	3.9013162575650737	(7, 1.422)	2	3	2
r9i1251p1f1	1927-08-24	3	1.139	1.22	0.271	1.9341870743280345	0.8788618519547002	(3, 1.139)	1	1	1
r9i1251p1f1	1929-07-14	5	1.704	1.88	3.28	2.9982939480772313	3.628904234088852	(5, 1.704)	2	2	0
r9i1251p1f1	1929-07-25	3	1.142	1.181	0.281	1.9364377221875966	0.9002096539729642	(3, 1.142)	1	1	1
r9i1251p1f1	1931-06-19	4	1.194	1.271	0.583	2.3563154154150134	1.7341303563914185	(4, 1.194)	1	1	1
r9i1251p1f1	1932-06-28	7	1.344	1.478	2.069	3.253904236998588	3.6716930156821093	(7, 1.344)	1	3	2
r9i1251p1f1	1932-08-23	3	1.403	1.518	1.065	2.1150743173498676	1.8770043651306039	(3, 1.403)	1	3	3
r9i1251p1f1	1933-08-07	5	1.733	2.176	3.424	3.0143346232087858	3.670753257080278	(5, 1.733)	2	2	0
r9i1251p1f1	1934-07-21	10	1.968	2.286	9.202	4.146836190562432	5.6767291111713165	(10, 1.968)	0	0	4
r9i1251p1f1	1935-06-25	7	1.311	1.501	1.839	3.230015934055914	3.557025414726585	(7, 1.311)	1	3	2
r9i1251p1f1	1938-08-02	4	1.349	1.646	1.202	2.4674213354469807	2.3623622970299065	(4, 1.349)	1	3	3
r9i1251p1f1	1939-05-30	9	1.305	1.574	2.311	3.590025502561245	4.149416541711632	(9, 1.305)	2	3	2
r9i1251p1f1	1939-07-15	4	1.577	1.718	2.114	2.6112455718310184	2.8854708792964536	(4, 1.577)	2	3	3
r9i1251p1f1	1940-08-16	5	1.411	1.584	1.812	2.819917079278944	3.056769792523632	(5, 1.411)	2	3	3
r9i1251p1f1	1941-08-22	3	1.283	1.372	0.704	2.0368815218260807	1.538605773156138	(3, 1.283)	1	1	1
r9i1251p1f1	1942-05-31	4	1.297	1.505	0.997	2.431505873060885	2.1945543487803407	(4, 1.297)	1	1	1
r9i1251p1f1	1942-07-20	5	1.193	1.293	0.722	2.6629235022467035	2.2052153876874536	(5, 1.193)	1	1	1
r9i1251p1f1	1942-08-02	3	1.357	1.555	0.926	2.0858185201642803	1.759862311451134	(3, 1.357)	1	1	3
r9i1251p1f1	1943-07-01	12	1.367	1.806	3.824	4.057423333402227	5.074928128276766	(12, 1.367)	0	0	2
r9i1251p1f1	1943-08-15	8	1.455	1.763	3.255	3.5240900588243615	4.312840561422762	(8, 1.455)	2	3	2
r9i1251p1f1	1944-06-07	5	1.395	1.605	1.732	2.8091962971398154	3.0137857585191217	(5, 1.395)	2	3	3
r9i1251p1f1	1945-06-30	4	1.203	1.361	0.618	2.3631155927340783	1.7823823074154581	(4, 1.203)	1	1	1
r9i1251p1f1	1946-06-12	6	1.29	1.419	1.451	2.9936827050798285	3.10571866983907	(6, 1.29)	1	1	1
r9i1251p1f1	1946-07-04	8	1.424	1.648	3.008	3.503195504962424	4.2350230457478535	(8, 1.424)	2	3	2
r9i1251p1f1	1948-08-12	3	1.234	1.424	0.556	2.0031073361399168	1.3581676752688665	(3, 1.234)	1	1	1
r9i1251p1f1	1948-08-18	4	1.246	1.321	0.79	2.394981942260013	1.9906103279732201	(4, 1.246)	1	1	1
r9i1251p1f1	1949-07-03	3	1.221	1.288	0.519	1.9939520208237795	1.3074684211342518	(3, 1.221)	1	1	1
r9i1251p1f1	1949-08-12	6	1.358	1.583	1.858	3.042541544868935	3.3431060028355777	(6, 1.358)	2	3	3
r9i1251p1f1	1951-07-20	11	1.875	2.334	9.097	4.2399644769085665	5.807796162437886	(11, 1.875)	0	0	4
r9i1251p1f1	1952-08-28	5	1.214	1.3	0.83	2.679165878156786	2.330169336068735	(5, 1.214)	1	1	1
r9i1251p1f1	1955-06-28	5	1.307	1.431	1.292	2.7480849567407475	2.737285270342615	(5, 1.307)	1	1	1
r9i1251p1f1	1955-07-20	15	1.546	1.971	7.47	4.50881878608626	6.07527196844391	(15, 1.546)	0	0	4
r9i1251p1f1	1956-06-08	3	1.142	1.175	0.283	1.9364377221875966	0.9044250667316702	(3, 1.142)	1	1	1
r9i1251p1f1	1958-08-09	3	1.457	1.728	1.226	2.1483603864132905	1.9974832224048533	(3, 1.457)	2	3	3
r9i1251p1f1	1959-06-10	5	1.387	1.676	1.692	2.8037924950445623	2.991580421012457	(5, 1.387)	2	3	3
r9i1251p1f1	1962-06-27	6	1.663	1.819	3.689	3.2363623860149784	4.011270984944449	(6, 1.663)	2	2	0
r9i1251p1f1	1962-07-10	10	1.505	1.955	4.568	3.883464645559204	4.979851934536926	(10, 1.505)	0	0	2
r9i1251p1f1	1962-07-22	5	1.46	1.632	2.061	2.852052198869197	3.1798306054534224	(5, 1.46)	2	3	3
r9i1251p1f1	1962-08-05	7	1.885	2.611	5.86	3.5810349823648675	4.696186786831555	(7, 1.885)	0	0	4
r9i1251p1f1	1962-08-16	7	1.573	1.935	3.677	3.4055999324023465	4.2355401575197	(7, 1.573)	2	2	0
r9i1251p1f1	1962-08-30	3	1.249	1.453	0.603	2.01356804665576	1.4190712590751862	(3, 1.249)	1	1	1
r9i1251p1f1	1963-08-02	4	1.227	1.31	0.715	2.381026519300608	1.9050881545350582	(4, 1.227)	1	1	1
r9i1251p1f1	1968-08-08	6	1.346	1.49	1.784	3.034091036619473	3.303927684170638	(6, 1.346)	1	3	3
r9i1251p1f1	1969-07-23	4	1.298	1.483	0.998	2.432208860787551	2.195445217436142	(4, 1.298)	1	1	1
r9i1251p1f1	1969-08-07	3	1.407	1.623	1.077	2.1175783092527807	1.886502239488306	(3, 1.407)	1	3	3
r9i1251p1f1	1969-08-27	6	1.817	2.504	4.613	3.3215889776809178	4.2311598064849605	(6, 1.817)	0	2	0
r9i1251p1f1	1970-05-31	5	1.286	1.531	1.189	2.7329325254733114	2.6597995801896714	(5, 1.286)	1	1	1
r9i1251p1f1	1970-06-18	5	1.139	1.183	0.453	2.6199041538439554	1.8024840825964799	(5, 1.139)	1	1	1
r9i1251p1f1	1971-06-08	4	1.82	2.032	3.087	2.7447035187502458	3.2463353377643513	(4, 1.82)	2	2	0
r9i1251p1f1	1971-07-07	5	1.231	1.542	0.915	2.692123942275254	2.418589748007356	(5, 1.231)	1	1	1
r9i1251p1f1	1971-07-21	5	1.175	1.284	0.636	2.6487883555042697	2.0931837051891256	(5, 1.175)	1	1	1
r9i1251p1f1	1971-08-04	4	1.485	1.59	1.748	2.5556757206762075	2.7069829651417874	(4, 1.485)	2	3	3
r9i1251p1f1	1972-08-17	4	1.4	1.636	1.405	2.501435951739211	2.50470927708418	(4, 1.4)	2	3	3
r9i1251p1f1	1973-06-30	5	1.65	1.939	3.011	2.96772165419884	3.5457017825584014	(5, 1.65)	2	2	0
r9i1251p1f1	1973-07-12	4	1.285	1.423	0.948	2.423031246069913	2.1499000053283974	(4, 1.285)	1	1	1
r9i1251p1f1	1974-07-30	4	1.187	1.297	0.557	2.3509942322017334	1.696715920541161	(4, 1.187)	1	1	1
r9i1251p1f1	1974-08-09	5	1.617	1.733	2.844	2.948567791147106	3.490333591374194	(5, 1.617)	2	2	0
r9i1251p1f1	1976-06-14	5	1.442	1.738	1.967	2.840367113414099	3.13513452336538	(5, 1.442)	2	3	3
r9i1251p1f1	1977-08-10	3	1.291	1.471	0.729	2.042288949592007	1.5661117676770642	(3, 1.291)	1	1	1
r9i1251p1f1	1977-08-27	3	1.228	1.342	0.539	1.9988922189911715	1.335192142118085	(3, 1.228)	1	1	1
r9i1251p1f1	1978-07-12	7	1.477	1.828	3.004	3.3447830252403534	4.036624671414037	(7, 1.477)	2	3	2
r9i1251p1f1	1978-08-03	3	1.352	1.508	0.911	2.0825863510166935	1.7463601496317653	(3, 1.352)	1	1	3
r9i1251p1f1	1980-07-15	3	1.381	1.567	0.998	2.101189150752198	1.8222498952796893	(3, 1.381)	1	3	3
r9i1251p1f1	1980-07-21	3	1.309	1.43	0.784	2.054349800617799	1.624086791642793	(3, 1.309)	1	1	1
r9i1251p1f1	1980-07-31	4	1.702	1.951	2.615	2.6821168190757056	3.087399462079815	(4, 1.702)	2	2	0
r9i1251p1f1	1980-08-17	5	1.277	1.441	1.143	2.726367676192942	2.623155019130585	(5, 1.277)	1	1	1
r9i1251p1f1	1980-08-24	9	1.358	1.7	2.79	3.6287578307725554	4.335066045810379	(9, 1.358)	2	3	2
r9i1251p1f1	1982-06-14	6	1.717	2.06	4.01	3.267080801854809	4.0932560235014614	(6, 1.717)	0	2	0
r9i1251p1f1	1984-08-21	9	1.464	1.685	3.745	3.7019930932593192	4.626099629169121	(9, 1.464)	2	3	2
r9i1251p1f1	1985-08-08	4	1.211	1.699	0.651	2.36912161679429	1.8258387828809177	(4, 1.211)	1	1	1
r9i1251p1f1	1986-06-26	6	1.494	2.041	2.675	3.1336327477024883	3.6967065019921646	(6, 1.494)	2	2	0
r9i1251p1f1	1986-07-05	3	1.107	1.195	0.176	1.9098596000764794	0.64946841476639	(3, 1.107)	1	1	1
r9i1251p1f1	1987-06-02	7	1.36	1.535	2.181	3.26528420174087	3.723104180825165	(7, 1.36)	2	3	2
r9i1251p1f1	1987-07-26	4	1.326	1.607	1.111	2.451694515581887	2.291321900715335	(4, 1.326)	1	3	3
r9i1251p1f1	1987-08-17	5	1.134	1.276	0.428	2.6158256542101648	1.755300420952714	(5, 1.134)	1	1	1
r9i1251p1f1	1991-06-07	3	1.159	1.221	0.332	1.9490965895169745	1.0025134195209144	(3, 1.159)	1	1	1
r9i1251p1f1	1991-06-15	10	1.492	1.913	4.44	3.8749685442020123	4.951629019505531	(10, 1.492)	0	0	2
r9i1251p1f1	1991-07-14	6	1.418	1.802	2.22	3.0837549974914813	3.51533536362264	(6, 1.418)	2	3	3
r9i1251p1f1	1991-07-30	3	1.444	1.544	1.187	2.140447749317067	1.969603367051763	(3, 1.444)	1	3	3
r9i1251p1f1	1991-08-09	8	1.306	1.545	2.064	3.4194107270895353	3.8649940517765544	(8, 1.306)	2	3	2
r9i1251p1f1	1991-08-22	3	1.154	1.238	0.317	1.9453899989154602	0.9734950425711832	(3, 1.154)	1	1	1
r9i1251p1f1	1993-06-05	5	1.287	1.468	1.195	2.7336592999459226	2.6644818112970086	(5, 1.287)	1	1	1
r9i1251p1f1	1994-06-20	7	1.672	2.124	4.369	3.4646688757506614	4.405682274992943	(7, 1.672)	0	2	0
r9i1251p1f1	1995-07-05	6	1.206	1.309	0.945	2.9298332422101985	2.7005962789593334	(6, 1.206)	1	1	1
r9i1251p1f1	1995-08-06	17	1.331	1.63	4.801	4.546412374873541	5.821611470281702	(17, 1.331)	0	0	2
r9i1251p1f1	1998-07-24	6	1.364	1.529	1.896	3.046740169828907	3.3626434836867922	(6, 1.364)	1	3	3
r9i1251p1f1	1999-06-23	6	1.463	1.669	2.488	3.1135873493776742	3.6260989302669935	(6, 1.463)	2	3	3
r9i1251p1f1	2000-06-15	3	1.06	1.104	0.036	1.8730201376660125	0.17148091480609778	(3, 1.06)	1	1	1
r9i1251p1f1	2001-07-23	4	1.314	1.477	1.063	2.4433899695850667	2.251712762620289	(4, 1.314)	1	1	1
r9i1251p1f1	2001-07-30	3	1.301	1.493	0.758	2.0490073727916243	1.5970988050799664	(3, 1.301)	1	1	1
r9i1251p1f1	2002-07-03	4	1.318	1.45	1.078	2.4461658214715696	2.264259978672378	(4, 1.318)	1	1	1
r9i1251p1f1	2002-08-09	7	1.32	1.591	1.901	3.2365877235739795	3.5892528209635297	(7, 1.32)	2	3	2
r9i1251p1f1	2002-08-24	4	1.765	2.072	2.865	2.716018370751387	3.1747149290824312	(4, 1.765)	2	2	0
r9i1251p1f1	2005-06-11	3	1.131	1.189	0.247	1.9281604641562224	0.825687303217429	(3, 1.131)	1	1	1
r9i1251p1f1	2005-07-18	11	1.274	1.697	2.484	3.8602912952039015	4.51768730627675	(11, 1.274)	2	3	2
r9i1251p1f1	2006-07-14	4	1.411	1.526	1.45	2.508623176405316	2.533696813957432	(4, 1.411)	1	3	3
r9i1251p1f1	2007-07-29	3	1.255	1.459	0.62	2.0177218825479337	1.4402176383123728	(3, 1.255)	1	1	1
r9i1251p1f1	2008-08-16	7	1.25	1.582	1.412	3.184297794990596	3.301399365046624	(7, 1.25)	1	3	2
r9i1251p1f1	2009-06-15	5	1.387	1.611	1.696	2.8037924950445623	2.993823275035162	(5, 1.387)	2	3	3
r9i1251p1f1	2009-07-06	4	1.147	1.21	0.397	2.320032006597766	1.4293538505803376	(4, 1.147)	1	1	1
r9i1251p1f1	2010-06-10	4	1.132	1.174	0.335	2.3081694712879464	1.3029127521808397	(4, 1.132)	1	1	1
r9i1281p1f1	1851-07-12	5	1.38	1.59	1.655	2.799040094911151	2.9705920146177442	(5, 1.38)	2	3	3
r9i1281p1f1	1852-08-13	6	1.376	1.83	1.963	3.0550849016195283	3.396187861291342	(6, 1.376)	2	3	3
r9i1281p1f1	1855-06-19	12	1.245	1.625	2.349	3.9656334975112557	4.591538660753115	(12, 1.245)	2	3	2
r9i1281p1f1	1855-08-02	5	1.504	1.534	2.273	2.8800537762847607	3.273853002859374	(5, 1.504)	2	3	3
r9i1281p1f1	1856-06-10	3	1.298	1.445	0.745	2.0469965809886865	1.5833266728259545	(3, 1.298)	1	1	1
r9i1281p1f1	1856-07-01	11	1.647	2.087	6.578	4.112303846619394	5.484731937936731	(11, 1.647)	0	0	4
r9i1281p1f1	1856-08-09	6	1.249	1.489	1.202	2.9630270473274924	2.9266886878321094	(6, 1.249)	1	1	1
r9i1281p1f1	1857-06-02	4	1.224	1.397	0.701	2.3788051189054547	1.8882810362186768	(4, 1.224)	1	1	1
r9i1281p1f1	1861-06-04	3	1.61	1.842	1.684	2.2370653333255217	2.2773001747086754	(3, 1.61)	2	2	3
r9i1281p1f1	1861-06-28	3	1.218	1.29	0.507	1.991827299029127	1.2904575942287915	(3, 1.218)	1	1	1
r9i1281p1f1	1861-08-03	5	1.474	1.855	2.125	2.861047129567028	3.2091576464073652	(5, 1.474)	2	3	3
r9i1281p1f1	1861-08-14	4	1.436	1.663	1.547	2.524768183213131	2.5934620563423456	(4, 1.436)	2	3	3
r9i1281p1f1	1861-08-23	9	1.564	1.884	4.631	3.7664884334409194	4.836575514638173	(9, 1.564)	0	0	2
r9i1281p1f1	1863-07-31	6	1.734	2.258	4.108	3.2765593271063818	4.117002963794772	(6, 1.734)	0	2	0
r9i1281p1f1	1865-06-04	7	1.508	1.951	3.214	3.364829025773421	4.10304184755492	(7, 1.508)	2	2	0
r9i1281p1f1	1865-08-29	4	1.305	1.621	1.024	2.437115985951652	2.2183335405464546	(4, 1.305)	1	3	3
r9i1281p1f1	1866-06-05	5	1.212	1.355	0.817	2.677630301686766	2.3159294287885213	(5, 1.212)	1	1	1
r9i1281p1f1	1867-08-07	3	1.183	1.352	0.401	1.9666994485426734	1.1261162697229268	(3, 1.183)	1	1	1
r9i1281p1f1	1868-08-18	6	1.578	1.88	3.172	3.186012446573146	3.86322530570796	(6, 1.578)	2	2	0
r9i1281p1f1	1870-07-19	3	1.648	1.859	1.796	2.2579285886935643	2.3352739188958367	(3, 1.648)	2	2	0
r9i1281p1f1	1870-07-26	10	1.746	2.067	6.972	4.0291545924319685	5.400305194183523	(10, 1.746)	0	0	4
r9i1281p1f1	1871-06-15	3	1.247	1.357	0.594	2.0121795915224925	1.4076924158014976	(3, 1.247)	1	1	1
r9i1281p1f1	1871-06-27	3	1.24	1.375	0.572	2.007304760626642	1.3793198924049874	(3, 1.24)	1	1	1
r9i1281p1f1	1871-07-04	6	1.438	1.687	2.333	3.097123810759921	3.5635417561446596	(6, 1.438)	2	3	3
r9i1281p1f1	1873-07-26	3	1.32	1.422	0.814	2.0616493448548585	1.654347809921891	(3, 1.32)	1	1	1
r9i1281p1f1	1873-08-09	6	1.387	1.597	2.03	3.0626735451222515	3.4286434379991566	(6, 1.387)	2	3	3
r9i1281p1f1	1874-06-21	3	1.331	1.633	0.847	2.068895991639963	1.6866102464375254	(3, 1.331)	1	3	3
r9i1281p1f1	1876-07-09	6	1.694	1.975	3.868	3.2541122167465617	4.057814696631287	(6, 1.694)	2	2	0
r9i1281p1f1	1877-08-07	3	1.73	2.047	2.044	2.301518893934027	2.452808260404203	(3, 1.73)	2	2	0
r9i1281p1f1	1878-06-20	4	1.286	1.519	0.948	2.423740214550513	2.1499000053283974	(4, 1.286)	1	1	1
r9i1281p1f1	1879-06-07	8	1.434	1.693	3.08	3.5099835024817447	4.258338698079115	(8, 1.434)	2	3	2
r9i1281p1f1	1879-07-01	5	1.476	1.858	2.133	2.862325540241942	3.212763783541583	(5, 1.476)	2	3	3
r9i1281p1f1	1879-07-09	3	1.65	2.033	1.803	2.259014689374629	2.338788066785289	(3, 1.65)	2	2	0
r9i1281p1f1	1879-08-12	10	1.27	1.535	2.213	3.7174894151863493	4.2624151183271755	(10, 1.27)	2	3	2
r9i1281p1f1	1879-08-26	4	1.462	1.559	1.652	2.541286983224108	2.6543680908523504	(4, 1.462)	2	3	3
r9i1281p1f1	1880-07-03	7	1.413	1.6	2.548	3.3020812631029317	3.8751436531393306	(7, 1.413)	2	3	2
r9i1281p1f1	1881-06-23	3	1.356	1.534	0.922	2.085172921547925	1.7562795231871666	(3, 1.356)	1	1	3
r9i1281p1f1	1883-08-14	3	1.142	1.237	0.279	1.9364377221875966	0.8959763962591435	(3, 1.142)	1	1	1
r9i1281p1f1	1885-06-04	3	1.379	1.587	0.991	2.0999172501159333	1.8163524103314332	(3, 1.379)	1	3	3
r9i1281p1f1	1886-07-05	6	1.716	2.139	4.004	3.2665204337757063	4.091783645549466	(6, 1.716)	0	2	0
r9i1281p1f1	1886-07-26	3	1.928	2.183	2.636	2.3995468056286113	2.6876473231569675	(3, 1.928)	2	2	0
r9i1281p1f1	1887-07-30	11	1.575	1.933	5.782	4.068351731468158	5.356321946892315	(11, 1.575)	0	0	4
r9i1281p1f1	1889-08-27	3	1.243	1.3	0.583	2.009396884415142	1.3936067757387784	(3, 1.243)	1	1	1
r9i1281p1f1	1890-06-02	4	1.254	1.45	0.821	2.400800140491001	2.023928831749577	(4, 1.254)	1	1	1
r9i1281p1f1	1890-06-09	6	1.35	1.458	1.806	3.0369158147024864	3.315736469455051	(6, 1.35)	1	3	3
r9i1281p1f1	1891-07-20	4	1.574	1.765	2.098	2.609481384369631	2.8782991766618955	(4, 1.574)	2	3	3
r9i1281p1f1	1892-06-20	8	1.333	1.58	2.272	3.439210534542964	3.959087708881984	(8, 1.333)	2	3	2
r9i1281p1f1	1892-07-12	5	1.271	1.515	1.111	2.7219670441761172	2.5968472899895403	(5, 1.271)	1	1	1
r9i1281p1f1	1892-08-22	10	1.564	1.979	5.148	3.92114175506959	5.098609870060865	(10, 1.564)	0	0	4
r9i1281p1f1	1893-07-15	4	1.764	1.924	2.86	2.7154891301992086	3.1730412885244013	(4, 1.764)	2	2	0
r9i1281p1f1	1896-07-25	5	1.41	1.567	1.806	2.819250387128433	3.0536093047543806	(5, 1.41)	2	3	3
r9i1281p1f1	1897-08-06	5	1.385	1.621	1.681	2.8024369694925695	2.9853865077464556	(5, 1.385)	2	3	3
r9i1281p1f1	1897-08-21	5	1.519	2.006	2.348	2.8894233243369296	3.305106292408476	(5, 1.519)	2	2	0
r9i1281p1f1	1898-07-05	5	1.457	1.666	2.04	2.8501141420522367	3.1700171799149235	(5, 1.457)	2	3	3
r9i1281p1f1	1898-08-06	15	1.431	2.042	5.729	4.432405863305901	5.81061637591718	(15, 1.431)	0	0	4
r9i1281p1f1	1899-06-29	4	1.552	2.048	2.011	2.5964480245209076	2.8383764627777843	(4, 1.552)	2	2	0
r9i1281p1f1	1899-07-17	3	1.211	1.317	0.485	1.9868519878999251	1.2584990357648542	(3, 1.211)	1	1	1
r9i1281p1f1	1900-05-30	7	1.274	1.491	1.572	3.202535452879611	3.4049851133726006	(7, 1.274)	1	3	2
r9i1281p1f1	1904-06-28	3	1.194	1.28	0.436	1.9746650211180787	1.1834197671705207	(3, 1.194)	1	1	1
r9i1281p1f1	1905-06-14	4	1.385	1.735	1.342	2.4915511925066687	2.462661040840681	(4, 1.385)	2	3	3
r9i1281p1f1	1905-07-26	3	1.568	1.705	1.556	2.2134879421592317	2.2066481654948773	(3, 1.568)	2	3	3
r9i1281p1f1	1906-07-26	3	1.182	1.31	0.4	1.965972149383562	1.1244297867383737	(3, 1.182)	1	1	1
r9i1281p1f1	1907-07-22	4	1.441	1.818	1.567	2.527966139248447	2.6053528028638673	(4, 1.441)	2	3	3
r9i1281p1f1	1909-08-16	4	1.478	1.78	1.716	2.551318415307252	2.6897504439307767	(4, 1.478)	2	3	3
r9i1281p1f1	1910-07-28	5	1.497	1.72	2.238	2.875651094840324	3.258926988034038	(5, 1.497)	2	3	3
r9i1281p1f1	1910-08-11	3	1.238	1.279	0.566	2.00590757581405	1.371440149364611	(3, 1.238)	1	1	1
r9i1281p1f1	1911-06-05	6	1.249	1.418	1.202	2.9630270473274924	2.9266886878321094	(6, 1.249)	1	1	1
r9i1281p1f1	1911-06-20	3	1.207	1.373	0.473	1.9839977994098914	1.240626792393481	(3, 1.207)	1	1	1
r9i1281p1f1	1911-08-18	4	1.547	1.749	1.991	2.5934620563423456	2.828969055675889	(4, 1.547)	2	3	3
r9i1281p1f1	1912-06-11	3	1.213	1.29	0.491	1.9882760330494176	1.2673167859082781	(3, 1.213)	1	1	1
r9i1281p1f1	1912-06-26	4	1.255	1.383	0.824	2.401525040848949	2.0270950613076266	(4, 1.255)	1	1	1
r9i1281p1f1	1915-07-14	6	1.328	1.508	1.676	3.021279850825994	3.2438442571115713	(6, 1.328)	1	3	3
r9i1281p1f1	1915-08-03	10	1.326	1.725	2.771	3.759612851396113	4.48443332416617	(10, 1.326)	2	3	2
r9i1281p1f1	1915-08-15	10	1.664	2.247	6.151	3.9819277326653495	5.27562021843788	(10, 1.664)	0	0	4
r9i1281p1f1	1917-07-02	10	1.183	1.367	1.336	3.6483111961444212	3.7669516725677457	(10, 1.183)	1	1	2
r9i1281p1f1	1918-06-19	3	1.45	1.613	1.204	2.144107517146862	1.9818517992247855	(3, 1.45)	2	3	3
r9i1281p1f1	1919-06-10	3	1.228	1.298	0.538	1.9988922189911715	1.333824059440456	(3, 1.228)	1	1	1
r9i1281p1f1	1919-07-23	3	1.213	1.347	0.493	1.9882760330494176	1.2702388418084498	(3, 1.213)	1	1	1
r9i1281p1f1	1919-08-18	4	1.331	1.475	1.126	2.4551344914543303	2.30338477316461	(4, 1.331)	1	1	1
r9i1281p1f1	1922-08-06	4	1.645	2.141	2.385	2.6504210882655737	2.9997242948235283	(4, 1.645)	2	2	0
r9i1281p1f1	1926-06-29	4	1.843	2.116	3.177	2.7564593403098976	3.2739698871777723	(4, 1.843)	2	2	0
r9i1281p1f1	1926-07-20	8	1.721	2.654	5.377	3.6874230103520804	4.809478430976649	(8, 1.721)	0	0	4
r9i1281p1f1	1926-07-30	3	1.461	1.892	1.236	2.150782501365733	2.0045084361444423	(3, 1.461)	2	3	3
r9i1281p1f1	1926-08-16	11	1.201	1.499	1.676	3.802563658925881	4.129475105275497	(11, 1.201)	1	3	2
r9i1281p1f1	1927-06-08	3	1.143	1.207	0.282	1.9371868138985564	0.9023195815637634	(3, 1.143)	1	1	1
r9i1281p1f1	1927-07-21	3	1.251	1.282	0.606	2.014954576654025	1.4228356146869778	(3, 1.251)	1	1	1
r9i1281p1f1	1927-08-09	6	1.564	2.091	3.087	3.1774708165232983	3.83664081599139	(6, 1.564)	2	2	0
r9i1281p1f1	1928-06-30	7	1.255	1.573	1.444	3.1881248332806065	3.3229927206319405	(7, 1.255)	1	3	2
r9i1281p1f1	1932-07-21	11	1.793	2.324	8.186	4.1959047267875915	5.702611108449073	(11, 1.793)	0	0	4
r9i1281p1f1	1933-06-16	4	1.229	1.338	0.718	2.3825047161699193	1.9086532206995543	(4, 1.229)	1	1	1
r9i1281p1f1	1933-06-22	16	1.46	2.094	6.577	4.547964712217312	6.044834683365683	(16, 1.46)	0	0	4
r9i1281p1f1	1935-05-30	5	1.35	1.536	1.506	2.778412906709986	2.881308133207262	(5, 1.35)	1	3	3
r9i1281p1f1	1936-07-09	3	1.307	1.415	0.774	2.0530168670468605	1.6137928111176032	(3, 1.307)	1	1	1
r9i1281p1f1	1936-08-21	3	1.154	1.312	0.313	1.9453899989154602	0.9656124531448094	(3, 1.154)	1	1	1
r9i1281p1f1	1939-06-24	15	1.539	1.926	7.353	4.504330774134171	6.059521943571125	(15, 1.539)	0	0	4
r9i1281p1f1	1939-08-25	3	1.252	1.466	0.61	2.0156471213943736	1.4278328136070821	(3, 1.252)	1	1	1
r9i1281p1f1	1940-06-16	3	1.459	1.62	1.231	2.149572177219438	2.0010019984654726	(3, 1.459)	2	3	3
r9i1281p1f1	1941-08-02	5	1.866	2.217	4.086	3.08477349123407	3.843377261835065	(5, 1.866)	0	2	0
r9i1281p1f1	1942-06-07	3	1.242	1.365	0.577	2.008699996037192	1.3858392445454837	(3, 1.242)	1	1	1
r9i1281p1f1	1942-08-19	3	1.314	1.512	0.794	2.057674382091276	1.6342758849234178	(3, 1.314)	1	1	1
r9i1281p1f1	1945-08-13	4	1.459	1.72	1.639	2.53939483507207	2.6470254992644353	(4, 1.459)	2	3	3
r9i1281p1f1	1947-07-30	4	1.432	1.667	1.53	2.5222024345316973	2.5832425505088623	(4, 1.432)	2	3	3
r9i1281p1f1	1949-08-21	3	1.633	1.801	1.751	2.249745014139315	2.3123832233701913	(3, 1.633)	2	2	3
r9i1281p1f1	1951-06-25	4	1.412	1.535	1.452	2.5092740062362946	2.534965849660737	(4, 1.412)	1	3	3
r9i1281p1f1	1952-06-25	4	1.405	1.673	1.424	2.50470927708418	2.5170511031145675	(4, 1.405)	2	3	3
r9i1281p1f1	1952-08-01	3	1.211	1.469	0.485	1.9868519878999251	1.2584990357648542	(3, 1.211)	1	1	1
r9i1281p1f1	1953-07-30	4	1.615	1.894	2.263	2.6333266549062735	2.9498977372101916	(4, 1.615)	2	2	0
r9i1281p1f1	1954-07-13	3	1.241	1.377	0.576	2.0080026216671287	1.3845387698406983	(3, 1.241)	1	1	1
r9i1281p1f1	1954-08-20	6	1.241	1.547	1.149	2.9569343035199487	2.88406202034578	(6, 1.241)	1	1	1
r9i1281p1f1	1956-06-08	4	1.323	1.552	1.097	2.4496248356433608	2.2799304024292395	(4, 1.323)	1	3	3
r9i1281p1f1	1956-06-20	3	1.405	1.568	1.069	2.1163270970480506	1.8801803570932276	(3, 1.405)	1	3	3
r9i1281p1f1	1956-07-04	5	1.3	1.456	1.252	2.743059613892437	2.707902559480301	(5, 1.3)	1	1	1
r9i1281p1f1	1956-08-02	11	1.752	2.322	7.73	4.173124826575907	5.645491440551964	(11, 1.752)	0	0	4
r9i1281p1f1	1958-08-06	6	1.096	1.17	0.284	2.8395371038458364	1.6436326553208611	(6, 1.096)	1	1	1
r9i1281p1f1	1959-08-25	6	1.219	1.447	1.022	2.9399852855863786	2.7738548642652177	(6, 1.219)	1	1	1
r9i1281p1f1	1960-08-26	4	1.704	2.032	2.62	2.6832109110885645	3.08922261664133	(4, 1.704)	2	2	0
r9i1281p1f1	1961-06-26	4	1.422	1.512	1.491	2.515759113270765	2.5593955017787398	(4, 1.422)	1	3	3
r9i1281p1f1	1961-07-04	7	1.473	2.084	2.971	3.3421669261175464	4.025774637284401	(7, 1.473)	2	2	0
r9i1281p1f1	1964-08-18	3	1.152	1.206	0.309	1.9439035072324593	0.9576672344950509	(3, 1.152)	1	1	1
r9i1281p1f1	1965-07-17	3	1.174	1.197	0.376	1.960134634557113	1.0830766704452057	(3, 1.174)	1	1	1
r9i1281p1f1	1965-07-28	9	1.269	1.593	1.98	3.5628342555966066	3.9974664872456134	(9, 1.269)	2	3	2
r9i1281p1f1	1966-07-07	3	1.311	1.446	0.785	2.0556809598416574	1.6251103854761164	(3, 1.311)	1	1	1
r9i1281p1f1	1969-06-06	3	1.307	1.471	0.773	2.0530168670468605	1.6127575608495572	(3, 1.307)	1	1	1
r9i1281p1f1	1969-07-18	15	1.547	2.003	7.468	4.509458289542614	6.075004810677678	(15, 1.547)	0	0	4
r9i1281p1f1	1970-06-05	9	1.519	1.772	4.234	3.73797909420028	4.74769352957437	(9, 1.519)	0	0	2
r9i1281p1f1	1970-06-28	3	1.278	1.417	0.685	2.033486970417922	1.517183229941733	(3, 1.278)	1	1	1
r9i1281p1f1	1972-06-30	3	1.289	1.41	0.719	2.0409398314549385	1.555199990446345	(3, 1.289)	1	1	1
r9i1281p1f1	1973-08-08	4	1.433	1.712	1.537	2.5228444891283925	2.5874632381130924	(4, 1.433)	2	3	3
r9i1281p1f1	1973-08-15	15	1.393	1.74	5.154	4.405816242348788	5.705182635624166	(15, 1.393)	0	0	2
r9i1281p1f1	1974-06-24	5	1.339	1.507	1.449	2.770741711900932	2.8449275520837807	(5, 1.339)	1	3	3
r9i1281p1f1	1975-07-21	6	1.496	1.745	2.68	3.1349123045307574	3.6985276369476	(6, 1.496)	2	3	3
r9i1281p1f1	1975-08-27	5	1.561	1.817	2.557	2.915200435179769	3.387373236712413	(5, 1.561)	2	2	0
r9i1281p1f1	1976-06-29	10	1.548	2.321	4.986	3.911063709038592	5.066833910556516	(10, 1.548)	0	0	4
r9i1281p1f1	1976-07-21	3	1.675	2.105	1.877	2.272492344956274	2.3752013478510086	(3, 1.675)	2	2	0
r9i1281p1f1	1977-06-11	5	1.533	1.808	2.422	2.8980897335254356	3.3350142451532663	(5, 1.533)	2	3	3
r9i1281p1f1	1977-07-24	3	1.235	1.587	0.557	2.0038081315273124	1.359502877924259	(3, 1.235)	1	1	1
r9i1281p1f1	1979-08-16	3	1.281	1.384	0.695	2.0355250837068217	1.5285154368641591	(3, 1.281)	1	1	1
r9i1281p1f1	1981-07-27	3	1.47	1.633	1.263	2.1562109048842784	2.023233625810394	(3, 1.47)	2	3	3
r9i1281p1f1	1982-07-05	4	1.308	1.484	1.037	2.4392116905258705	2.229584200109555	(4, 1.308)	1	1	1
r9i1281p1f1	1983-06-01	3	1.208	1.285	0.477	1.984712110619881	1.2466197677986228	(3, 1.208)	1	1	1
r9i1281p1f1	1986-07-15	7	1.929	2.371	6.158	3.6034735137202807	4.745347311856135	(7, 1.929)	0	0	4
r9i1281p1f1	1986-08-13	10	1.566	2.063	5.166	3.9223943992701047	5.102079002203885	(10, 1.566)	0	0	4
r9i1281p1f1	1988-05-31	3	1.203	1.262	0.46	1.9811354412044515	1.2208977994558625	(3, 1.203)	1	1	1
r9i1281p1f1	1988-06-16	3	1.563	1.727	1.541	2.2106437184239387	2.1980321271124335	(3, 1.563)	2	3	3
r9i1281p1f1	1988-06-23	3	1.349	1.503	0.901	2.0806420230924974	1.7372563504156076	(3, 1.349)	1	1	3
r9i1281p1f1	1990-06-01	4	1.49	1.589	1.764	2.558776498354456	2.7154891301992086	(4, 1.49)	2	3	3
r9i1281p1f1	1990-06-28	4	1.656	1.969	2.428	2.6566165459873603	3.0167106799391825	(4, 1.656)	2	2	0
r9i1281p1f1	1991-08-09	5	1.234	1.421	0.922	2.694393330535566	2.4255346150143633	(5, 1.234)	1	1	1
r9i1281p1f1	1991-08-16	5	1.484	1.725	2.177	2.8674229020154542	3.2323683868869586	(5, 1.484)	2	3	3
r9i1281p1f1	1994-08-23	5	1.43	1.594	1.905	2.832500504112271	3.1045215411736318	(5, 1.43)	2	3	3
r9i1281p1f1	1996-05-31	3	1.388	1.465	1.015	2.1056281063918063	1.8364292051354612	(3, 1.388)	1	1	3
r9i1281p1f1	1997-06-21	3	1.168	1.246	0.358	1.9557340263295966	1.0508994425482807	(3, 1.168)	1	1	1
r9i1281p1f1	1997-07-17	5	1.181	1.287	0.657	2.6535223060921123	2.1217204710852613	(5, 1.181)	1	1	1
r9i1281p1f1	1997-07-25	6	1.626	1.963	3.462	3.2147562281938695	3.9489487975922235	(6, 1.626)	2	2	0
r9i1281p1f1	1998-06-21	4	1.417	1.523	1.473	2.5125218168209735	2.548194389023919	(4, 1.417)	1	3	3
r9i1281p1f1	1999-07-03	3	1.23	1.306	0.542	2.000299233099087	1.3392851959703287	(3, 1.23)	1	1	1
r9i1281p1f1	1999-07-20	5	1.139	1.227	0.45	2.6199041538439554	1.7969381946802776	(5, 1.139)	1	1	1
r9i1281p1f1	2001-08-22	4	1.316	1.734	1.066	2.4447788586972212	2.2542348320529992	(4, 1.316)	1	3	3
r9i1281p1f1	2002-06-17	11	1.71	2.144	7.266	4.149238478105965	5.583814126670535	(11, 1.71)	0	0	4
r9i1281p1f1	2003-08-05	5	1.6	1.969	2.755	2.938555591194144	3.4595240362338546	(5, 1.6)	2	2	0
r9i1281p1f1	2005-08-08	3	1.492	1.664	1.329	2.169357587297304	2.0675823194866925	(3, 1.492)	2	3	3
r9i1281p1f1	2006-07-10	5	1.635	1.907	2.929	2.9590608055475913	3.518897911114534	(5, 1.635)	2	2	0
r9i1281p1f1	2006-07-27	8	1.795	2.163	5.964	3.7284898392043635	4.912286545671077	(8, 1.795)	0	0	4
r9i1281p1f1	2007-06-04	5	1.318	1.516	1.343	2.7559312519452974	2.7735380507917475	(5, 1.318)	1	3	3
r9i1281p1f1	2008-06-29	4	1.164	1.299	0.458	2.3333082656368864	1.5398734490481913	(4, 1.164)	1	1	1
r9i1281p1f1	2008-08-24	3	1.342	1.575	0.879	2.0760905021222955	1.7169313880353239	(3, 1.342)	1	1	3
r9i1281p1f1	2010-07-22	4	1.351	1.518	1.206	2.468777267858117	2.3653720810928105	(4, 1.351)	1	3	3
r9i1301p1f1	1852-08-27	3	1.591	1.809	1.608	2.2264681739754115	2.235955116496961	(3, 1.591)	2	3	3
r9i1301p1f1	1853-06-19	8	1.303	1.403	1.986	3.417186352360864	3.8272937531292044	(8, 1.303)	1	3	2
r9i1301p1f1	1854-07-02	8	1.643	1.907	4.702	3.642229209533678	4.67650538284941	(8, 1.643)	0	0	0
r9i1301p1f1	1854-07-17	4	1.392	1.613	1.347	2.4961762420462312	2.4660635619865205	(4, 1.392)	1	3	3
r9i1301p1f1	1854-08-12	4	1.704	2.224	2.597	2.6832109110885645	3.0808084459091103	(4, 1.704)	2	2	0
r9i1301p1f1	1857-08-28	5	1.474	1.646	2.096	2.861047129567028	3.195975294111631	(5, 1.474)	2	3	3
r9i1301p1f1	1858-06-27	4	1.305	1.451	1.0	2.437115985951652	2.1972245773362196	(4, 1.305)	1	1	1
r9i1301p1f1	1860-06-26	4	1.443	1.622	1.551	2.529242463608052	2.595851543739727	(4, 1.443)	2	3	3
r9i1301p1f1	1860-08-18	3	1.35	1.49	0.885	2.081290552536939	1.7225156544887952	(3, 1.35)	1	1	3
r9i1301p1f1	1861-06-30	5	1.201	1.31	0.728	2.6691422212482183	2.212582421606303	(5, 1.201)	1	1	1
r9i1301p1f1	1861-07-19	6	1.461	1.663	2.436	3.1122801950035255	3.6055451831989593	(6, 1.461)	2	3	3
r9i1301p1f1	1861-07-28	8	1.718	2.165	5.301	3.6857220347703414	4.79536018446117	(8, 1.718)	0	0	4
r9i1301p1f1	1862-07-05	4	1.328	1.513	1.091	2.453071926267982	2.275008325223811	(4, 1.328)	1	1	3
r9i1301p1f1	1862-08-20	7	1.775	2.245	5.042	3.522631818092061	4.547320145917408	(7, 1.775)	0	2	0
r9i1301p1f1	1863-06-03	5	1.141	1.218	0.429	2.6215309075023274	1.7572311369831977	(5, 1.141)	1	1	1
r9i1301p1f1	1864-07-03	8	1.335	1.626	2.242	3.4406617091226934	3.9460508147156546	(8, 1.335)	2	3	2
r9i1301p1f1	1864-08-17	4	1.297	1.578	0.967	2.431505873060885	2.167452419002549	(4, 1.297)	1	1	3
r9i1301p1f1	1866-07-15	5	1.717	1.892	3.308	3.005516431533672	3.6371798758318006	(5, 1.717)	2	2	0
r9i1301p1f1	1867-06-13	10	1.189	1.577	1.339	3.6532388406137377	3.7691428575013344	(10, 1.189)	1	3	2
r9i1301p1f1	1867-06-26	3	1.357	1.514	0.907	2.0858185201642803	1.7427285693782244	(3, 1.357)	1	1	3
r9i1301p1f1	1867-07-30	5	1.657	2.06	3.008	2.9717378558401113	3.5447337103782344	(5, 1.657)	2	2	0
r9i1301p1f1	1868-06-12	7	1.418	1.672	2.542	3.3054837960002894	3.872835067382688	(7, 1.418)	2	3	2
r9i1301p1f1	1868-06-27	10	1.435	1.863	3.804	3.8368399662551047	4.798209453981715	(10, 1.435)	0	0	2
r9i1301p1f1	1868-07-30	4	1.476	1.936	1.683	2.5500699756944134	2.671662803649821	(4, 1.476)	2	3	3
r9i1301p1f1	1868-08-17	4	1.698	1.765	2.572	2.679925037376362	3.071581585837429	(4, 1.698)	2	2	0
r9i1301p1f1	1870-07-21	5	1.162	1.238	0.532	2.638453929697122	1.9384453308050826	(5, 1.162)	1	1	1
r9i1301p1f1	1872-06-12	3	1.432	1.665	1.13	2.1330877851914485	1.9274045777056474	(3, 1.432)	2	3	3
r9i1301p1f1	1873-06-08	7	1.388	1.697	2.328	3.2848927428248342	3.786803563831862	(7, 1.388)	2	3	2
r9i1301p1f1	1873-08-06	3	1.384	1.57	0.987	2.1030939735949343	1.8129667372033864	(3, 1.384)	1	3	3
r9i1301p1f1	1874-08-17	12	1.294	1.495	2.868	4.0035180966617565	4.789327732875125	(12, 1.294)	2	3	2
r9i1301p1f1	1877-06-08	10	1.407	1.774	3.522	3.8175638902940436	4.721845223072972	(10, 1.407)	0	0	2
r9i1301p1f1	1877-07-29	4	1.625	2.0	2.278	2.639057329615259	2.9561594984341677	(4, 1.625)	2	2	0
r9i1301p1f1	1877-08-13	4	1.442	1.562	1.548	2.52860450505372	2.594059963684523	(4, 1.442)	2	3	3
r9i1301p1f1	1878-06-26	3	1.199	1.211	0.43	1.9782648663799822	1.1738266020037689	(3, 1.199)	1	1	1
r9i1301p1f1	1878-07-04	4	1.262	1.454	0.829	2.4065846830125306	2.0323499341459854	(4, 1.262)	1	1	1
r9i1301p1f1	1880-07-12	3	1.331	1.554	0.827	2.068895991639963	1.6671817872009336	(3, 1.331)	1	1	3
r9i1301p1f1	1880-08-06	8	1.715	2.585	5.277	3.6840181609401235	4.790860059447903	(8, 1.715)	0	0	4
r9i1301p1f1	1881-06-14	6	1.367	1.596	1.874	3.0488328900901247	3.3513788823121864	(6, 1.367)	2	3	3
r9i1301p1f1	1882-07-17	3	1.113	1.219	0.174	1.914466310658481	0.6440254852543897	(3, 1.113)	1	1	1
r9i1301p1f1	1883-06-02	3	1.297	1.39	0.727	2.0463254175420507	1.5639389167977003	(3, 1.297)	1	1	1
r9i1301p1f1	1883-08-11	5	1.234	1.625	0.893	2.694393330535566	2.3964436305423584	(5, 1.234)	1	1	1
r9i1301p1f1	1884-06-13	9	1.236	1.459	1.627	3.5372422794509766	3.805083465990402	(9, 1.236)	1	3	2
r9i1301p1f1	1884-07-01	4	1.277	1.474	0.889	2.417341330292234	2.0933444468488274	(4, 1.277)	1	1	1
r9i1301p1f1	1887-07-03	3	1.267	1.311	0.637	2.0259781469017057	1.4609260927382746	(3, 1.267)	1	1	1
r9i1301p1f1	1887-07-14	4	1.424	1.877	1.476	2.5170511031145675	2.5500699756944134	(4, 1.424)	2	3	3
r9i1301p1f1	1887-08-22	6	1.316	1.507	1.564	3.012646960694591	3.1774708165232983	(6, 1.316)	1	3	3
r9i1301p1f1	1888-07-15	4	1.84	2.296	3.139	2.7549337870010606	3.2623949787816966	(4, 1.84)	2	2	0
r9i1301p1f1	1891-06-17	4	1.302	1.531	0.989	2.4350158801745354	2.187398683184928	(4, 1.302)	1	1	1
r9i1301p1f1	1891-08-04	5	1.597	1.995	2.711	2.936778279229844	3.443934387297896	(5, 1.597)	2	2	0
r9i1301p1f1	1892-08-14	3	1.175	1.266	0.361	1.9608661901948141	1.0563347299798889	(3, 1.175)	1	1	1
r9i1301p1f1	1895-08-15	4	1.273	1.415	0.873	2.4144841854914545	2.0774395390091627	(4, 1.273)	1	1	1
r9i1301p1f1	1896-06-03	3	1.403	1.523	1.045	2.1150743173498676	1.8609713161181207	(3, 1.403)	1	3	3
r9i1301p1f1	1897-07-25	3	1.366	1.503	0.933	2.0916102281588795	1.7661014684078697	(3, 1.366)	1	1	3
r9i1301p1f1	1898-06-12	3	1.154	1.178	0.295	1.9453899989154602	0.9293510591754537	(3, 1.154)	1	1	1
r9i1301p1f1	1899-07-12	5	1.14	1.18	0.426	2.620717861464038	1.7514277697842437	(5, 1.14)	1	1	1
r9i1301p1f1	1900-08-17	5	1.659	1.768	3.02	2.9728823856129414	3.5486003887858444	(5, 1.659)	2	2	0
r9i1301p1f1	1902-06-27	7	1.534	1.918	3.35	3.3813373903798873	4.143814943316372	(7, 1.534)	2	2	0
r9i1301p1f1	1902-08-18	3	1.355	1.512	0.899	2.0845269058647236	1.7354256026520178	(3, 1.355)	1	1	3
r9i1301p1f1	1903-06-17	4	1.297	1.359	0.969	2.431505873060885	2.1692822456796255	(4, 1.297)	1	1	1
r9i1301p1f1	1904-08-05	3	1.139	1.239	0.251	1.9341870743280345	0.8347484121874346	(3, 1.139)	1	1	1
r9i1301p1f1	1906-06-14	5	1.637	2.001	2.908	2.9602199284798036	3.511916366830125	(5, 1.637)	2	2	0
r9i1301p1f1	1906-07-24	6	1.509	1.837	2.723	3.1431897522802075	3.714053985138367	(6, 1.509)	2	3	0
r9i1301p1f1	1907-07-11	3	1.306	1.457	0.752	2.052349733401824	1.590765996505396	(3, 1.306)	1	1	1
r9i1301p1f1	1907-08-14	3	1.364	1.457	0.926	2.090326077682387	1.759862311451134	(3, 1.364)	1	1	3
r9i1301p1f1	1908-07-31	7	1.381	1.787	2.284	3.280026536004749	3.768158915850167	(7, 1.381)	2	3	2
r9i1301p1f1	1909-07-26	4	1.159	1.276	0.415	2.3294217469476055	1.463255402256019	(4, 1.159)	1	1	1
r9i1301p1f1	1910-07-12	4	1.256	1.428	0.802	2.402249416106991	2.003639828263554	(4, 1.256)	1	1	1
r9i1301p1f1	1911-06-25	3	1.235	1.341	0.541	2.0038081315273124	1.3379227052932496	(3, 1.235)	1	1	1
r9i1301p1f1	1913-06-17	10	1.502	1.838	4.469	3.881510403852618	4.95809342149204	(10, 1.502)	0	0	2
r9i1301p1f1	1913-08-25	3	1.125	1.174	0.211	1.9236165511600132	0.740215940720951	(3, 1.125)	1	1	1
r9i1301p1f1	1914-07-23	3	1.158	1.207	0.309	1.9483563696870467	0.9576672344950509	(3, 1.158)	1	1	1
r9i1301p1f1	1914-07-30	3	1.196	1.316	0.422	1.9761065146616097	1.1608908587834577	(3, 1.196)	1	1	1
r9i1301p1f1	1915-06-26	3	1.154	1.257	0.298	1.9453899989154602	0.9354866739845107	(3, 1.154)	1	1	1
r9i1301p1f1	1915-07-27	3	1.246	1.309	0.574	2.011484640358179	1.3819327357041902	(3, 1.246)	1	1	1
r9i1301p1f1	1915-08-08	3	1.558	1.909	1.51	2.2077913820002038	2.1799868757431247	(3, 1.558)	2	3	3
r9i1301p1f1	1917-06-03	8	1.452	1.527	3.174	3.5220869789863585	4.2879826991776335	(8, 1.452)	2	3	2
r9i1301p1f1	1917-07-05	3	1.312	1.515	0.772	2.0563458755484163	1.6117212377276255	(3, 1.312)	1	1	1
r9i1301p1f1	1917-07-22	4	1.22	1.508	0.659	2.3758355547336385	1.8360952830481068	(4, 1.22)	1	1	1
r9i1301p1f1	1917-08-07	3	1.555	1.944	1.498	2.2060760667643984	2.1729132517628136	(3, 1.555)	2	2	3
r9i1301p1f1	1917-08-26	3	1.326	1.528	0.813	2.0656085698259683	1.6533537247355978	(3, 1.326)	1	1	3
r9i1301p1f1	1918-06-12	3	1.41	1.588	1.063	2.119452197075461	1.8754125785259108	(3, 1.41)	1	3	3
r9i1301p1f1	1920-07-01	3	1.093	1.15	0.115	1.8990273544023255	0.46847591827139157	(3, 1.093)	1	1	1
r9i1301p1f1	1920-08-14	5	1.34	1.481	1.424	2.7714415300444064	2.8285438707677337	(5, 1.34)	1	3	3
r9i1301p1f1	1921-06-10	3	1.238	1.29	0.548	2.00590757581405	1.3474213846864285	(3, 1.238)	1	1	1
r9i1301p1f1	1922-08-26	11	1.592	2.8	5.905	4.078904870055742	5.377273468344724	(11, 1.592)	0	0	4
r9i1301p1f1	1923-06-29	7	1.286	1.586	1.614	3.211531050012949	3.4304874847784474	(7, 1.286)	1	3	2
r9i1301p1f1	1924-06-11	3	1.305	1.46	0.75	2.0516821543923536	1.5886461167462513	(3, 1.305)	1	1	1
r9i1301p1f1	1925-06-09	3	1.186	1.263	0.392	1.968878177611425	1.1108345416025405	(3, 1.186)	1	1	1
r9i1301p1f1	1925-07-31	3	1.387	1.672	0.996	2.1049951749847424	1.8205684456009843	(3, 1.387)	1	3	3
r9i1301p1f1	1926-06-22	5	1.357	1.489	1.507	2.7832641136467724	2.881934722132259	(5, 1.357)	1	3	3
r9i1301p1f1	1926-07-24	5	1.085	1.152	0.147	2.5749506221231435	0.9721075657281963	(5, 1.085)	1	1	1
r9i1301p1f1	1926-08-11	6	1.552	1.966	2.981	3.1700908970465314	3.802466443990922	(6, 1.552)	2	2	0
r9i1301p1f1	1927-08-22	5	1.348	1.464	1.462	2.7770225139639684	2.8533421531852725	(5, 1.348)	1	3	3
r9i1301p1f1	1928-08-19	3	1.352	1.616	0.891	2.0825863510166935	1.728068910003648	(3, 1.352)	1	3	3
r9i1301p1f1	1929-06-13	11	1.346	1.562	3.201	3.9141396965760453	4.768832703032528	(11, 1.346)	2	3	2
r9i1301p1f1	1929-07-21	5	1.462	1.757	2.033	2.8533421531852725	3.1667245200227345	(5, 1.462)	2	3	3
r9i1301p1f1	1932-07-01	4	1.493	1.633	1.753	2.560632360316136	2.709648922465907	(4, 1.493)	2	3	3
r9i1301p1f1	1934-06-09	8	1.547	1.774	3.936	3.5836470995725356	4.500492918019039	(8, 1.547)	2	2	2
r9i1301p1f1	1934-06-27	3	1.32	1.405	0.793	2.0616493448548585	1.6332616347132483	(3, 1.32)	1	1	1
r9i1301p1f1	1934-07-23	3	1.562	1.781	1.522	2.210073901633758	2.1870108148138745	(3, 1.562)	2	3	3
r9i1301p1f1	1935-07-01	3	1.788	2.007	2.198	2.3312425699211676	2.5194001032779196	(3, 1.788)	2	2	0
r9i1301p1f1	1935-07-21	3	1.357	1.498	0.905	2.0858185201642803	1.7409078216071425	(3, 1.357)	1	1	3
r9i1301p1f1	1935-07-26	7	1.451	1.749	2.774	3.327654749496132	3.958433176960666	(7, 1.451)	2	3	2
r9i1301p1f1	1935-08-16	5	1.233	1.401	0.89	2.6936374398736525	2.3933853456090355	(5, 1.233)	1	1	1
r9i1301p1f1	1936-07-15	3	1.165	1.199	0.331	1.9535264388390532	1.0006048402055225	(3, 1.165)	1	1	1
r9i1301p1f1	1937-07-13	3	1.436	1.714	1.143	2.1355471302653513	1.9371868138985564	(3, 1.436)	2	3	3
r9i1301p1f1	1937-07-22	3	1.282	1.352	0.679	2.0362035327569803	1.5103217479538902	(3, 1.282)	1	1	1
r9i1301p1f1	1939-06-07	3	1.503	1.759	1.342	2.1758666782488048	2.0760905021222955	(3, 1.503)	2	3	3
r9i1301p1f1	1940-06-04	4	1.716	2.08	2.643	2.6897504439307767	3.097566579435259	(4, 1.716)	2	2	0
r9i1301p1f1	1940-07-15	5	1.939	2.428	4.418	3.121425233859132	3.9198868367566972	(5, 1.939)	0	2	0
r9i1301p1f1	1940-08-15	3	1.364	1.492	0.926	2.090326077682387	1.759862311451134	(3, 1.364)	1	1	3
r9i1301p1f1	1943-06-22	4	1.13	1.23	0.299	2.306577114263583	1.2214197179296566	(4, 1.13)	1	1	1
r9i1301p1f1	1943-07-04	5	1.395	1.732	1.701	2.8091962971398154	2.9966197870291538	(5, 1.395)	2	3	3
r9i1301p1f1	1943-08-02	7	1.973	2.393	6.426	3.625419587209345	4.787584950723946	(7, 1.973)	0	0	4
r9i1301p1f1	1945-08-04	10	1.473	2.071	4.177	3.8624198594984644	4.891013102217663	(10, 1.473)	0	0	2
r9i1301p1f1	1946-06-09	4	1.48	1.673	1.7	2.552565298261815	2.681021528714291	(4, 1.48)	2	3	3
r9i1301p1f1	1946-07-14	6	1.145	1.3	0.539	2.880769948427343	2.188480887803229	(6, 1.145)	1	1	1
r9i1301p1f1	1946-08-28	5	1.654	1.948	2.997	2.9700186012731153	3.5411760728016715	(5, 1.654)	2	2	0
r9i1301p1f1	1947-06-04	3	1.329	1.553	0.821	2.0675823194866925	1.6612788732430224	(3, 1.329)	1	1	3
r9i1301p1f1	1947-07-02	3	1.211	1.309	0.468	1.9868519878999251	1.2330847107516143	(3, 1.211)	1	1	1
r9i1301p1f1	1950-06-20	3	1.174	1.232	0.355	1.960134634557113	1.0454344512445997	(3, 1.174)	1	1	1
r9i1301p1f1	1950-07-03	6	1.539	1.833	2.904	3.162034041195577	3.7768882544714453	(6, 1.539)	2	2	0
r9i1301p1f1	1950-07-24	5	1.348	1.488	1.466	2.7770225139639684	2.8559170805777683	(5, 1.348)	1	3	3
r9i1301p1f1	1950-08-04	3	1.141	1.191	0.257	1.93568806891756	0.8481879666831477	(3, 1.141)	1	1	1
r9i1301p1f1	1950-08-11	9	1.981	2.491	8.332	3.997962141105798	5.420375694548564	(9, 1.981)	0	0	4
r9i1301p1f1	1952-08-12	3	1.275	1.441	0.661	2.0314446947383757	1.4894502173681872	(3, 1.275)	1	1	1
r9i1301p1f1	1955-06-29	14	1.545	2.048	6.855	4.405890236362828	5.886345278483015	(14, 1.545)	0	0	4
r9i1301p1f1	1955-08-04	3	1.283	1.409	0.684	2.0368815218260807	1.5160429140673506	(3, 1.283)	1	1	1
r9i1301p1f1	1956-07-26	7	1.653	2.237	4.184	3.4535996941721097	4.362955485862434	(7, 1.653)	0	2	0
r9i1301p1f1	1957-07-05	4	1.208	1.288	0.611	2.3668735828764076	1.7729163814265751	(4, 1.208)	1	1	1
r9i1301p1f1	1960-08-04	5	1.395	1.856	1.697	2.8091962971398154	2.9943832034222444	(5, 1.395)	2	3	3
r9i1301p1f1	1960-08-21	3	1.111	1.192	0.168	1.9129330972319676	0.6275166538090645	(3, 1.111)	1	1	1
r9i1301p1f1	1961-07-11	16	1.919	2.423	13.829	4.818796592610458	6.78678015402531	(16, 1.919)	0	0	4
r9i1301p1f1	1961-08-06	10	1.388	1.857	3.327	3.8042688255324473	4.665408641523002	(10, 1.388)	0	0	2
r9i1301p1f1	1961-08-18	3	1.465	1.703	1.228	2.153198763849829	1.9988922189911715	(3, 1.465)	2	3	3
r9i1301p1f1	1962-06-23	5	1.36	1.703	1.525	2.785336019554116	2.893146700204186	(5, 1.36)	2	3	3
r9i1301p1f1	1962-07-25	3	1.423	1.691	1.103	2.127532044180204	1.9067766274057756	(3, 1.423)	2	3	3
r9i1301p1f1	1963-07-01	3	1.256	1.396	0.603	2.0184125141151683	1.4190712590751862	(3, 1.256)	1	1	1
r9i1301p1f1	1966-07-04	3	1.358	1.46	0.908	2.086463702251958	1.7436377015999622	(3, 1.358)	1	1	3
r9i1301p1f1	1966-08-19	10	1.555	2.026	5.001	3.915485356878031	5.069818914466799	(10, 1.555)	0	0	4
r9i1301p1f1	1967-07-15	7	2.061	2.376	7.04	3.667917636416679	4.878113864500764	(7, 2.061)	0	0	4
r9i1301p1f1	1967-07-30	5	1.312	1.576	1.285	2.7516590883005363	2.7322052224153808	(5, 1.312)	1	3	3
r9i1301p1f1	1972-06-25	3	1.197	1.409	0.425	1.9768264829675917	1.1657613929071542	(3, 1.197)	1	1	1
r9i1301p1f1	1972-07-06	3	1.176	1.334	0.362	1.9615972110500632	1.0581399472550679	(3, 1.176)	1	1	1
r9i1301p1f1	1973-06-24	7	1.498	1.751	3.098	3.358406375181178	4.066900785398246	(7, 1.498)	2	3	2
r9i1301p1f1	1973-07-23	7	1.826	2.204	5.397	3.5501343008018242	4.6146633705906765	(7, 1.826)	0	2	0
r9i1301p1f1	1973-08-02	5	1.378	1.822	1.615	2.797678107628192	2.947395074991464	(5, 1.378)	2	3	3
r9i1301p1f1	1973-08-09	4	1.454	1.75	1.597	2.536233276953341	2.622927947685375	(4, 1.454)	2	3	3
r9i1301p1f1	1974-06-25	6	1.631	1.951	3.454	3.217703402764972	3.946679963348485	(6, 1.631)	2	2	0
r9i1301p1f1	1974-08-13	3	1.441	1.597	1.157	2.1386128304038983	1.947615601525812	(3, 1.441)	2	3	3
r9i1301p1f1	1974-08-22	9	1.582	1.83	4.738	3.7776684169279955	4.859238596354489	(9, 1.582)	0	0	2
r9i1301p1f1	1976-06-19	6	1.273	1.397	1.307	2.981085666534982	3.0061230303215485	(6, 1.273)	1	1	1
r9i1301p1f1	1976-08-14	5	1.517	1.833	2.309	2.888179111878068	3.288976528358053	(5, 1.517)	2	3	3
r9i1301p1f1	1977-06-10	3	1.238	1.303	0.55	2.00590757581405	1.350118803218546	(3, 1.238)	1	1	1
r9i1301p1f1	1977-08-24	4	1.411	1.489	1.423	2.508623176405316	2.5164053168473712	(4, 1.411)	1	3	3
r9i1301p1f1	1978-06-05	3	1.156	1.254	0.302	1.9468742842202946	0.943609369210124	(3, 1.156)	1	1	1
r9i1301p1f1	1979-08-03	7	1.43	1.651	2.626	3.313602948319348	3.904680124341108	(7, 1.43)	2	3	2
r9i1301p1f1	1980-07-09	5	1.174	1.221	0.594	2.647997180368679	2.03354443705414	(5, 1.174)	1	1	1
r9i1301p1f1	1982-06-20	8	1.387	1.885	2.657	3.477671494891084	4.112856274351689	(8, 1.387)	2	3	2
r9i1301p1f1	1982-07-23	5	1.235	1.641	0.901	2.6951486502583273	2.4045536238476415	(5, 1.235)	1	1	1
r9i1301p1f1	1983-06-03	4	1.46	1.772	1.618	2.5400259490090797	2.6350493082177198	(4, 1.46)	2	3	3
r9i1301p1f1	1984-06-12	8	1.331	1.631	2.204	3.437757250994722	3.9292896170772833	(8, 1.331)	2	3	2
r9i1301p1f1	1984-07-28	5	1.824	2.353	3.845	3.0630609589416786	3.7839261189156295	(5, 1.824)	0	2	0
r9i1301p1f1	1984-08-04	3	1.476	1.67	1.263	2.159813538506554	2.023233625810394	(3, 1.476)	2	3	3
r9i1301p1f1	1984-08-10	3	1.239	1.457	0.55	2.0066064122360014	1.350118803218546	(3, 1.239)	1	1	1
r9i1301p1f1	1985-06-12	3	1.289	1.483	0.703	2.0409398314549385	1.5374896394392314	(3, 1.289)	1	1	1
r9i1301p1f1	1986-06-26	4	1.258	1.446	0.813	2.403696594362457	2.0154362117039235	(4, 1.258)	1	1	1
r9i1301p1f1	1989-07-11	3	1.391	1.535	1.008	2.107524500543906	1.8306149942480556	(3, 1.391)	1	3	3
r9i1301p1f1	1990-06-21	9	1.61	2.125	4.99	3.794814804522605	4.910667618309874	(9, 1.61)	0	0	4
r9i1301p1f1	1990-07-24	7	1.187	1.512	0.92	3.1347786401239137	2.892516037465525	(7, 1.187)	1	1	1
r9i1301p1f1	1991-06-09	3	1.341	1.541	0.858	2.0754385904061903	1.6971371622100757	(3, 1.341)	1	1	3
r9i1301p1f1	1991-08-19	3	1.343	1.518	0.864	2.076741989126375	1.7028327488148318	(3, 1.343)	1	1	3
r9i1301p1f1	1992-08-20	3	1.639	1.912	1.752	2.253026484832841	2.312897639880849	(3, 1.639)	2	2	0
r9i1301p1f1	1995-06-24	3	1.234	1.28	0.537	2.0031073361399168	1.3324541025482408	(3, 1.234)	1	1	1
r9i1301p1f1	1995-07-02	5	1.707	2.014	3.261	2.9999653109939644	3.6232493607116503	(5, 1.707)	2	2	0
r9i1301p1f1	1995-08-10	11	1.402	1.713	3.818	3.9541047664330184	4.94372317024705	(11, 1.402)	0	0	2
r9i1301p1f1	1997-08-08	4	1.68	2.18	2.499	2.67000213346468	3.044141412761679	(4, 1.68)	2	2	0
r9i1301p1f1	1999-07-22	4	1.881	2.333	3.305	2.7755842312195798	3.3120018028576848	(4, 1.881)	2	2	0
r9i1301p1f1	2000-06-12	5	1.333	1.513	1.391	2.766532487090711	2.806498046222383	(5, 1.333)	1	3	3
r9i1301p1f1	2000-07-02	3	1.153	1.216	0.295	1.9446470292811249	0.9293510591754537	(3, 1.153)	1	1	1
r9i1301p1f1	2000-07-10	3	1.221	1.39	0.497	1.9939520208237795	1.2760574624548071	(3, 1.221)	1	1	1
r9i1301p1f1	2000-08-30	3	1.488	1.646	1.298	2.1669801010892056	2.0469965809886865	(3, 1.488)	2	3	3
r9i1301p1f1	2001-08-29	3	1.272	1.445	0.649	2.0293982396318806	1.475289854816308	(3, 1.272)	1	1	1
r9i1301p1f1	2003-07-01	8	1.249	1.466	1.552	3.376277574139154	3.5867844669441453	(8, 1.249)	1	3	2
r9i1301p1f1	2003-07-22	10	1.43	1.893	3.749	3.8334249487857948	4.783766391266564	(10, 1.43)	0	0	2
r9i1301p1f1	2003-08-05	8	1.883	2.804	6.626	3.775227461703862	5.016811283541419	(8, 1.883)	0	0	4
r9i1301p1f1	2006-06-08	4	1.292	1.397	0.947	2.427983502388379	2.1489676043284462	(4, 1.292)	1	1	1
r9i1301p1f1	2006-06-22	3	1.195	1.358	0.418	1.9753860276277764	1.1543596911246021	(3, 1.195)	1	1	1
r9i1301p1f1	2007-06-09	4	1.188	1.296	0.532	2.351756137000495	1.6593702811823094	(4, 1.188)	1	1	1
r9i1301p1f1	2009-06-15	8	1.474	1.617	3.353	3.536683897558027	4.342112160448523	(8, 1.474)	2	3	2
r9i1301p1f1	2009-07-30	5	1.122	1.236	0.333	2.6059688478338074	1.5524554511802782	(5, 1.122)	1	1	1
r9i1301p1f1	2009-08-26	3	1.698	1.918	1.93	2.2847333764364604	2.4004895570785805	(3, 1.698)	2	2	0
r9i1301p1f1	2010-08-06	3	1.771	2.118	2.149	2.322621608682619	2.498688866904968	(3, 1.771)	2	2	0
r9i1301p1f1	2010-08-14	11	1.336	1.566	3.085	3.9068319133752665	4.732240294180878	(11, 1.336)	2	3	2
